date,T2M,RH2M,THI
1984-01-01,-3.12,93.83,-2.522065299999999
1984-01-02,-2.41,93.62,-1.816628099999999
1984-01-03,-3.63,97.18,-3.3488036999999995
1984-01-04,0.59,93.95,1.0528552500000008
1984-01-05,-1.51,95.7,-1.131363499999999
1984-01-06,-0.31,87.03,0.7464713500000013
1984-01-07,-3.1,80.43,-1.2056239999999994
1984-01-08,-3.21,85.43,-1.7908091499999996
1984-01-09,-3.43,88.97,-2.3422765499999985
1984-01-10,-5.99,90.79,-4.952079049999999
1984-01-11,-10.35,82.21,-7.918551749999996
1984-01-12,-7.1,86.65,-5.5140199999999995
1984-01-13,-6.23,92.34,-5.356645100000001
1984-01-14,-4.69,89.99,-3.633494549999999
1984-01-15,-6.42,84.08,-4.588244799999998
1984-01-16,-11,95.39,-10.3534475
1984-01-17,-10.95,94,-10.110149999999999
1984-01-18,-14.52,97.88,-14.181626799999997
1984-01-19,-17.4,100,-17.399999999999995
1984-01-20,-17.83,100,-17.829999999999995
1984-01-21,-18.4,100,-18.399999999999995
1984-01-22,-8.99,98.83,-8.838841849999998
1984-01-23,-3.71,94.06,-3.1150792999999983
1984-01-24,-0.81,95.43,-0.42518314999999973
1984-01-25,-1.13,94.23,-0.6339819499999988
1984-01-26,-0.48,96.07,-0.15620729999999755
1984-01-27,-3.29,88.26,-2.141299699999999
1984-01-28,-4.9,92.57,-4.107218999999997
1984-01-29,-6.09,91.53,-5.1308148499999975
1984-01-30,-3.69,86.64,-2.353398799999999
1984-01-31,-7.87,93.42,-7.0604296999999985
1984-02-01,-4.52,97.23,-4.2302303
1984-02-02,-0.95,97.59,-0.7452102499999997
1984-02-03,-0.12,92.75,0.46297250000000145
1984-02-04,-1.36,93.91,-0.8287692999999993
1984-02-05,-4.54,90.54,-3.5493487999999997
1984-02-06,-9.5,96.52,-9.04064
1984-02-07,-10.71,94.45,-9.94046475
1984-02-08,-6.13,81.27,-4.004800549999999
1984-02-09,-1.01,93.96,-0.4947577999999979
1984-02-10,2.02,93.98,2.433212800000001
1984-02-11,2.31,95.02,2.6438841000000015
1984-02-12,7.36,96.56,7.4950888
1984-02-13,6.23,88.81,6.738977150000001
1984-02-14,3.18,85.7,4.070318
1984-02-15,4.57,83.81,5.454216850000001
1984-02-16,3.57,88.18,4.2805593
1984-02-17,3.75,95.62,4.008967500000001
1984-02-18,3.08,97.37,3.245190300000001
1984-02-19,4.33,91.41,4.810481650000001
1984-02-20,1.21,82.72,2.473081600000001
1984-02-21,1.58,83.8,2.731172000000001
1984-02-22,4.25,81.88,5.271515000000001
1984-02-23,5.46,83.67,6.271927600000001
1984-02-24,2.39,88.87,3.131313650000001
1984-02-25,0.97,82.12,2.3005402000000004
1984-02-26,-0.57,77.58,1.2882817000000015
1984-02-27,-1.51,72.77,0.8877376500000016
1984-02-28,-2.52,81.16,-0.7563875999999983
1984-02-29,-3.27,74.49,-0.7767801499999978
1984-03-01,-3.78,69.5,-0.7135299999999982
1984-03-02,-1.9,63.57,1.3859860000000008
1984-03-03,-1.24,53.04,2.825327200000001
1984-03-04,-1.05,74.67,1.1163482500000013
1984-03-05,0.34,86.83,1.3656796000000013
1984-03-06,-2.88,79.11,-0.8831248999999985
1984-03-07,-5.05,69.25,-1.7436062499999982
1984-03-08,-4.71,81.17,-2.7205163499999987
1984-03-09,-5.87,74.02,-2.9593306999999984
1984-03-10,-5.3,78.9,-3.002209999999999
1984-03-11,-6.95,79.06,-4.4796035
1984-03-12,-6.74,73.36,-3.627915199999998
1984-03-13,-2.48,90.22,-1.566645799999999
1984-03-14,-0.47,86.02,0.6810433000000011
1984-03-15,3.51,96.28,3.7348554000000003
1984-03-16,0.84,89.36,1.639383200000001
1984-03-17,-1.2,77.84,0.7135160000000007
1984-03-18,-1.68,85.55,-0.3940944999999987
1984-03-19,-0.24,88.5,0.6923050000000013
1984-03-20,2.58,92.81,3.0513764000000005
1984-03-21,0.49,90.77,1.2012176500000016
1984-03-22,0.85,82.5,2.1638125000000006
1984-03-23,0.41,77.41,2.1606120500000014
1984-03-24,0.32,80.13,1.869661300000001
1984-03-25,2.2,81.93,3.4224355000000006
1984-03-26,1.32,83.25,2.534207500000001
1984-03-27,2.68,83.57,3.748114300000001
1984-03-28,2.54,84.02,3.591164400000001
1984-03-29,2.13,84.16,3.207674400000001
1984-03-30,1.83,80.71,3.1742236500000014
1984-03-31,2,79.78,3.390125000000001
1984-04-01,3.02,71.25,4.835275000000001
1984-04-02,4.23,78.08,5.468151200000001
1984-04-03,2.19,88.76,2.9510042000000007
1984-04-04,2.75,95.84,3.01884
1984-04-05,4.52,86.6,5.255526000000001
1984-04-06,3.25,81.63,4.386643750000001
1984-04-07,2.55,80.01,3.86384275
1984-04-08,3.44,78.83,4.727771100000001
1984-04-09,4.38,82.53,5.352380200000001
1984-04-10,5.11,77.53,6.270463150000001
1984-04-11,4.3,74.45,5.733355
1984-04-12,6.39,83.37,7.13178115
1984-04-13,6.79,87.71,7.311157450000001
1984-04-14,5.67,93.88,5.967217800000001
1984-04-15,3.88,96.72,4.0715848
1984-04-16,3.55,95.27,3.834864250000001
1984-04-17,2.89,87.94,3.6600913000000013
1984-04-18,3.6,90.58,4.164729000000001
1984-04-19,4.1,92.99,4.500972000000001
1984-04-20,3.43,94.14,3.7867861000000014
1984-04-21,4.75,85.82,5.510402500000001
1984-04-22,3.72,89.34,4.352031400000001
1984-04-23,4.54,90.72,5.048358400000001
1984-04-24,5.14,88.85,5.714002000000001
1984-04-25,7.73,80.52,8.4553378
1984-04-26,10.74,89.02,10.9670664
1984-04-27,13.28,97.3,13.298117
1984-04-28,9.05,73.65,9.839841250000001
1984-04-29,7.06,80.3,7.866124
1984-04-30,9.13,78.67,9.759981550000001
1984-05-01,5.76,74.48,6.9867464
1984-05-02,5.23,75.09,6.50003635
1984-05-03,5.48,92.45,5.854555500000001
1984-05-04,5.29,86.76,5.9606722
1984-05-05,7.49,82.52,8.1639414
1984-05-06,9.69,80.05,10.21777725
1984-05-07,9.47,86.81,9.83490135
1984-05-08,6.48,73.14,7.664794600000001
1984-05-09,6.31,79.71,7.223963050000001
1984-05-10,8.69,75.56,9.4709802
1984-05-11,10.87,92.43,11.02113505
1984-05-12,9.85,75.55,10.47530875
1984-05-13,9.22,85.66,9.636433600000002
1984-05-14,6.85,79.34,7.7192695
1984-05-15,6.58,74.9,7.673356
1984-05-16,5.99,68.33,7.472314350000001
1984-05-17,9.6,66.26,10.509293
1984-05-18,13.08,87.82,13.1751258
1984-05-19,14.48,96.8,14.480352
1984-05-20,10.03,92.93,10.20381595
1984-05-21,11.52,94.85,11.6044085
1984-05-22,13.44,98.32,13.4497944
1984-05-23,10.22,81.26,10.6611396
1984-05-24,11.91,70.53,12.32980015
1984-05-25,12.38,92.75,12.464535000000001
1984-05-26,9.4,87.83,9.7413685
1984-05-27,7.69,81.58,8.3799211
1984-05-28,5.75,93.45,6.0652187500000005
1984-05-29,5.61,81.5,6.5145575000000004
1984-05-30,8.9,74.25,9.693100000000001
1984-05-31,11.06,73.78,11.556082400000001
1984-06-01,13.2,81.8,13.330129999999999
1984-06-02,15.13,92.64,15.1044976
1984-06-03,13.97,71.78,14.052261300000001
1984-06-04,14.24,68.4,14.285188
1984-06-05,14.78,90,14.7646
1984-06-06,15.55,98.54,15.5415685
1984-06-07,15.5,97.02,15.48361
1984-06-08,16.38,95.34,16.3318156
1984-06-09,16.5,87.16,16.35876
1984-06-10,16.17,85.88,16.0403078
1984-06-11,11.05,86.73,11.301798250000001
1984-06-12,14.08,87.38,14.1091522
1984-06-13,18.11,96.18,18.0341539
1984-06-14,12.16,89.47,12.2955211
1984-06-15,10.13,80.91,10.588828150000001
1984-06-16,13.63,86.36,13.6952674
1984-06-17,17.68,96.19,17.6133631
1984-06-18,17.63,95.19,17.547195849999998
1984-06-19,14.37,91.68,14.3759488
1984-06-20,9.74,94.49,9.884251800000001
1984-06-21,13.08,89.52,13.1618488
1984-06-22,13.26,95.96,13.2875528
1984-06-23,16.4,93.04,16.327268
1984-06-24,13.73,84.52,13.795557800000001
1984-06-25,13.55,77.92,13.665368
1984-06-26,14.77,80.55,14.74111675
1984-06-27,16.48,85.96,16.3271044
1984-06-28,16.29,80.97,16.10264965
1984-06-29,12.65,87.8,12.774135000000001
1984-06-30,13.32,90.86,13.3793186
1984-07-01,15.3,85.1,15.234440000000001
1984-07-02,18.39,70.05,17.74921975
1984-07-03,19.99,75.48,19.249618599999998
1984-07-04,18.66,88.87,18.4053456
1984-07-05,19.18,65.76,18.298662399999998
1984-07-06,16.94,78.17,16.647041400000003
1984-07-07,15.16,71.41,15.0562183
1984-07-08,16.01,68.74,15.7503857
1984-07-09,18.98,83.57,18.5751648
1984-07-10,21.94,92.51,21.6335092
1984-07-11,19.04,86.23,18.6961631
1984-07-12,20.43,77.77,19.70496855
1984-07-13,22.5,67.4,21.0656
1984-07-14,20.91,79.57,20.18974035
1984-07-15,20.33,81.12,19.7246128
1984-07-16,18.61,74.37,18.03063385
1984-07-17,17.42,74.38,17.0085428
1984-07-18,15.96,77.62,15.7802886
1984-07-19,18.52,72.59,17.9139649
1984-07-20,19.31,83.9,18.884074499999997
1984-07-21,19.47,86.96,19.113551599999997
1984-07-22,19.19,82.06,18.7272377
1984-07-23,20.66,78.29,19.9244652
1984-07-24,19.52,87.22,19.1671442
1984-07-25,17.68,76.85,17.2751065
1984-07-26,17.21,76.85,16.864949250000002
1984-07-27,15.86,88.59,15.7746532
1984-07-28,17.06,81.98,16.8062784
1984-07-29,17.29,76.55,16.930159749999998
1984-07-30,18.61,60.05,17.70693025
1984-07-31,20.16,63.91,19.0365183
1984-08-01,20.11,81.38,19.5354799
1984-08-02,21.18,77.12,20.3393888
1984-08-03,22.18,77.31,21.221574399999998
1984-08-04,20.94,82.79,20.3304218
1984-08-05,21.57,81.75,20.86034875
1984-08-06,22.62,80.33,21.7415378
1984-08-07,22.69,87.73,22.13729785
1984-08-08,21.52,90.42,21.1501162
1984-08-09,21.89,82.58,21.181964100000002
1984-08-10,20.2,87.86,19.819411
1984-08-11,17.39,91.45,17.25409775
1984-08-12,17.35,89,17.177575
1984-08-13,17.72,83.92,17.4352232
1984-08-14,19.95,66.42,18.9434395
1984-08-15,20.97,62.23,19.62595455
1984-08-16,22.47,73,21.286454999999997
1984-08-17,21.73,87.47,21.23174455
1984-08-18,22.2,85.01,21.5651735
1984-08-19,19.69,79.57,19.10682565
1984-08-20,20.25,59.72,18.976145
1984-08-21,21.14,68.41,19.9863332
1984-08-22,22.97,70.06,21.5752451
1984-08-23,19.07,75.62,18.4572087
1984-08-24,17.78,66.92,17.1832368
1984-08-25,19.48,57.58,18.3181162
1984-08-26,19.68,61.89,18.5942461
1984-08-27,18.24,72.33,17.670828099999998
1984-08-28,22.53,78.38,21.5751527
1984-08-29,23.42,72.77,22.0840962
1984-08-30,20.48,77.45,19.7383305
1984-08-31,18.03,55.5,17.1660325
1984-09-01,17.09,72.01,16.69128245
1984-09-02,20.66,78.84,19.9430992
1984-09-03,17.01,82.31,16.76578955
1984-09-04,16.45,66.34,16.0889965
1984-09-05,13.86,75.27,13.9470496
1984-09-06,13.18,66.31,13.4245894
1984-09-07,16.27,71.93,15.99673855
1984-09-08,17.78,69.34,17.2268936
1984-09-09,19.15,77.18,18.5663785
1984-09-10,17.59,73.94,17.1471103
1984-09-11,17.11,83.46,16.872568299999998
1984-09-12,17.91,84.07,17.61123285
1984-09-13,20.73,88.02,20.3195053
1984-09-14,17.11,81.21,16.84026955
1984-09-15,13.73,73.68,13.8414652
1984-09-16,14.01,54.21,14.13340405
1984-09-17,14.17,56.85,14.24831725
1984-09-18,16.19,63.1,15.8470145
1984-09-19,18.05,72.69,17.51677225
1984-09-20,18.25,76.33,17.76180625
1984-09-21,17.27,75.68,16.8994848
1984-09-22,17.53,76.66,17.1410389
1984-09-23,16.72,95.2,16.661392
1984-09-24,18.61,91.4,18.415596999999998
1984-09-25,18.18,90.36,17.9848864
1984-09-26,8.64,71.32,9.564356400000001
1984-09-27,9.67,68.13,10.51662655
1984-09-28,9.92,75.78,10.5301018
1984-09-29,9.38,67.4,10.298016
1984-09-30,10.72,50.26,11.7540946
1984-10-01,12.74,46.3,13.259816
1984-10-02,12.68,61.66,13.0637834
1984-10-03,13.91,67.28,14.0161764
1984-10-04,14.56,70.29,14.5501957
1984-10-05,13.31,72.3,13.4912965
1984-10-06,13.84,76.38,13.9257406
1984-10-07,15.02,92.68,14.9990648
1984-10-08,15.49,90.21,15.43669345
1984-10-09,13.89,93.98,13.910197100000001
1984-10-10,13.7,92.65,13.732339999999999
1984-10-11,13.53,89.9,13.583883499999999
1984-10-12,14.51,87.14,14.5092927
1984-10-13,15.1,93.35,15.078054999999999
1984-10-14,15,94.44,14.98471
1984-10-15,15.23,95.56,15.212173400000001
1984-10-16,14.91,84.17,14.87430335
1984-10-17,13.94,72.24,14.0255008
1984-10-18,13.3,66.74,13.519516000000001
1984-10-19,14.7,73.22,14.670542
1984-10-20,8.77,77.79,9.46994815
1984-10-21,9.56,83.55,10.006946500000002
1984-10-22,10.17,64.22,11.022100700000001
1984-10-23,8.87,62.46,10.0324261
1984-10-24,8.58,56.52,9.9957088
1984-10-25,10.18,77.51,10.7143624
1984-10-26,12.23,89.77,12.35772155
1984-10-27,16.54,90.31,16.431278199999998
1984-10-28,12.06,78.86,12.3436988
1984-10-29,9.32,67,10.26017
1984-10-30,10.32,84.42,10.6781842
1984-10-31,9.23,80.32,9.800424800000002
1984-11-01,11.83,87.43,12.01459045
1984-11-02,0.11,66.48,2.7629404
1984-11-03,3.9,65.06,5.937002000000001
1984-11-04,8.84,87.22,9.2378414
1984-11-05,5.2,78.51,6.2992135000000005
1984-11-06,3.75,72.96,5.348740000000001
1984-11-07,6.22,80.59,7.1039314000000005
1984-11-08,8.61,82.56,9.1749688
1984-11-09,10.39,96.04,10.479515800000001
1984-11-10,9.37,93.83,9.54408655
1984-11-11,4.39,77.79,5.62498705
1984-11-12,1.2,77.32,2.859042000000002
1984-11-13,1.88,69.9,3.9692410000000002
1984-11-14,3.82,78.55,5.079973000000001
1984-11-15,7.17,81.69,7.908167650000001
1984-11-16,0.19,68.51,2.6684204500000006
1984-11-17,1.23,80.95,2.6203642500000006
1984-11-18,2.29,84.54,3.3282163000000007
1984-11-19,1.06,70,3.2776000000000014
1984-11-20,0.04,70,2.4259000000000013
1984-11-21,0.25,57.48,3.582505000000001
1984-11-22,1.21,70.98,3.3312169000000003
1984-11-23,2.8,86.12,3.6931780000000005
1984-11-24,3.21,93.85,3.591884250000001
1984-11-25,4.96,90.08,5.480502400000001
1984-11-26,7.78,86.46,8.280438400000001
1984-11-27,9.25,92.12,9.477535
1984-11-28,2.49,80.07,3.8064761500000017
1984-11-29,3.02,78.29,4.390769400000001
1984-11-30,3.31,89.38,3.963607900000001
1984-12-01,1.26,81.71,2.5918778000000016
1984-12-02,3.08,87.3,3.8776870000000008
1984-12-03,-1.42,80.62,0.2769128000000003
1984-12-04,-4.44,81.71,-2.534730699999998
1984-12-05,-3.68,84.37,-2.1171562999999987
1984-12-06,-5.41,87.29,-4.018191449999999
1984-12-07,-4.7,79.3,-2.514079999999999
1984-12-08,0.55,90.2,1.301905000000001
1984-12-09,2.35,93.13,2.809087750000001
1984-12-10,3.38,94.77,3.6998668000000015
1984-12-11,2.92,93.93,3.3065983
1984-12-12,4.11,96.82,4.291721100000002
1984-12-13,3.31,81.96,4.420271800000001
1984-12-14,2.79,89.7,3.4533715000000003
1984-12-15,1.82,92.17,2.3660642000000003
1984-12-16,8.76,91.21,9.0375003
1984-12-17,2.14,78.94,3.5716588000000016
1984-12-18,-3,77.4,-0.8247499999999994
1984-12-19,-1.2,79.77,0.5468605000000017
1984-12-20,-2.96,77.13,-0.7637938999999982
1984-12-21,2.03,85.98,2.9915617000000005
1984-12-22,-3.09,82.51,-1.3979299499999993
1984-12-23,-1.47,82.89,0.032856850000000826
1984-12-24,-1.99,90.64,-1.1410947999999987
1984-12-25,-10.58,88.43,-8.984034199999998
1984-12-26,-3.23,84.17,-1.6863375499999989
1984-12-27,2.47,94.64,2.824644400000001
1984-12-28,8.56,98.27,8.616519100000001
1984-12-29,6.71,88.35,7.2091442500000005
1984-12-30,1.45,73.62,3.3434245000000007
1984-12-31,1.76,88.49,2.5665057000000013
1985-01-01,0.05,90.5,0.8050125000000011
1985-01-02,-8.44,96.74,-8.028685799999996
1985-01-03,-6.26,82.64,-4.277835199999998
1985-01-04,-4.78,84.66,-3.153346399999998
1985-01-05,-0.74,83.92,0.6078256000000011
1985-01-06,-1.59,96.05,-1.2404447499999984
1985-01-07,-0.17,91.56,0.5109814000000003
1985-01-08,-2.39,83.52,-0.8590903999999981
1985-01-09,-4.68,81.64,-2.7432035999999984
1985-01-10,-4.13,88.39,-2.940381349999999
1985-01-11,-3.76,85.13,-2.2666058999999983
1985-01-12,-8.21,97.31,-7.874005549999998
1985-01-13,-9.61,99.51,-9.54502355
1985-01-14,-4.03,93.01,-3.317614149999999
1985-01-15,-10.42,92.39,-9.376973399999997
1985-01-16,-7.41,83.58,-5.431307899999998
1985-01-17,-4.68,95.02,-4.1546597999999975
1985-01-18,-4.51,93.89,-3.8711689499999977
1985-01-19,-14.51,95.88,-13.852633399999997
1985-01-20,-24.07,100,-24.069999999999997
1985-01-21,-15.02,98.68,-14.805684799999998
1985-01-22,-9.51,96.1,-8.994985499999999
1985-01-23,-8.22,96.9,-7.832624
1985-01-24,-4.8,94.27,-4.191760499999998
1985-01-25,-7.65,93.61,-6.871538249999999
1985-01-26,-12.79,99.48,-12.711950599999996
1985-01-27,-6.19,93.94,-5.500402299999998
1985-01-28,-9.01,91.31,-7.886339549999999
1985-01-29,-10.15,95.13,-9.48974975
1985-01-30,-4.66,91.43,-3.756893399999999
1985-01-31,-9.73,97.21,-9.358190649999996
1985-02-01,-16.98,99.86,-16.9557604
1985-02-02,-14.1,98.78,-13.908093999999997
1985-02-03,-14.25,99.45,-14.163031249999998
1985-02-04,-9.83,90.3,-8.531994499999998
1985-02-05,-6.3,91.47,-5.3241679999999985
1985-02-06,-8.19,96.62,-7.7681929
1985-02-07,-11.23,95.6,-10.607333999999998
1985-02-08,-11.75,90.41,-10.365443749999997
1985-02-09,-11.07,84.76,-8.926722599999998
1985-02-10,-4.37,92.89,-3.632088649999999
1985-02-11,-1.99,93.86,-1.433132699999999
1985-02-12,-3.74,88.63,-2.599361599999998
1985-02-13,-9.21,94.07,-8.436698349999999
1985-02-14,-8.41,89.96,-7.144909799999998
1985-02-15,-13.38,95.72,-12.723704799999997
1985-02-16,-7.84,95.25,-7.256367499999999
1985-02-17,-2.07,90.09,-1.1668521499999986
1985-02-18,-2.74,94.81,-2.2478841999999997
1985-02-19,-6.22,85.75,-4.596069999999998
1985-02-20,-3.33,92.8,-2.6239319999999986
1985-02-21,1.36,93.27,1.8463771000000018
1985-02-22,3.23,98.04,3.3514906
1985-02-23,4.63,99.16,4.6755994
1985-02-24,1.81,93.81,2.2420310500000014
1985-02-25,1.18,87.9,2.066446000000001
1985-02-26,1.37,92.14,1.9376099000000013
1985-02-27,-1.86,73.06,0.5640612000000009
1985-02-28,0.43,76.44,2.2531906000000013
1985-03-01,1.75,90.7,2.402162500000001
1985-03-02,0.76,83.62,1.9978366000000007
1985-03-03,-0.11,81.64,1.3653178000000008
1985-03-04,3.26,90.1,3.872018000000001
1985-03-05,-2.81,70.69,-0.019541449999998406
1985-03-06,-1.4,69.08,1.3039540000000018
1985-03-07,0.94,88.12,1.8260104000000008
1985-03-08,3.24,86.87,4.053140900000001
1985-03-09,2.6,81.12,3.8356960000000004
1985-03-10,4.49,81.14,5.5283373000000005
1985-03-11,7.24,90.33,7.626123100000001
1985-03-12,3.28,78.17,4.6271293
1985-03-13,2.29,84.9,3.3040405
1985-03-14,2.07,82.61,3.258867350000001
1985-03-15,1.87,74.42,3.6469147000000004
1985-03-16,2.83,78.56,4.2061264000000005
1985-03-17,0.23,81.16,1.7086574000000014
1985-03-18,-0.3,64.34,2.6027240000000007
1985-03-19,3.27,83.99,4.258857650000001
1985-03-20,2.51,80.95,3.766252250000001
1985-03-21,1.24,72.91,3.2156737000000013
1985-03-22,2.1,80.55,3.426490000000001
1985-03-23,3.03,90.85,3.607227750000001
1985-03-24,3.19,93.44,3.5980648000000013
1985-03-25,2.82,84.71,3.802229600000001
1985-03-26,4.98,83.3,5.854412000000002
1985-03-27,9.77,88.56,10.0676116
1985-03-28,7.14,91.3,7.492176
1985-03-29,7.24,84.68,7.8517276
1985-03-30,3.01,85.36,3.935174800000001
1985-03-31,4.3,86.81,5.0399590000000005
1985-04-01,1.35,78.92,2.8746110000000007
1985-04-02,2.58,79.8,3.904312000000001
1985-04-03,6.78,79.18,7.664017200000001
1985-04-04,6.96,81.08,7.744612400000001
1985-04-05,2.86,95.14,3.1711372000000004
1985-04-06,3.09,84.15,4.08466675
1985-04-07,2.88,80.05,4.1550045
1985-04-08,0.81,77.23,2.5244671500000004
1985-04-09,-0.43,67,2.2797950000000005
1985-04-10,2.43,80.5,3.724507500000001
1985-04-11,5.96,93.26,6.2765778
1985-04-12,8.67,89.16,9.017584600000001
1985-04-13,11.67,89.61,11.83172035
1985-04-14,11.49,94.1,11.5876745
1985-04-15,10.61,94.47,10.72831435
1985-04-16,6.87,88.18,7.366026300000001
1985-04-17,6.7,78.49,7.622779000000001
1985-04-18,13.35,91.3,13.4050275
1985-04-19,14.15,93.98,14.1615885
1985-04-20,14.01,89.17,14.03918685
1985-04-21,14.11,90.53,14.13031315
1985-04-22,14.25,91.57,14.26159125
1985-04-23,14.1,91.26,14.119228
1985-04-24,11.96,90.86,12.087685800000001
1985-04-25,9.92,76.82,10.503904200000001
1985-04-26,8.49,78.42,9.2033269
1985-04-27,5.16,85.65,5.897159500000001
1985-04-28,5.6,85.1,6.3293550000000005
1985-04-29,8.55,78.08,9.267332000000001
1985-04-30,11.83,68.26,12.2961019
1985-05-01,8.75,85.1,9.2212125
1985-05-02,6.62,77.77,7.5834482
1985-05-03,9.04,65.74,10.0688278
1985-05-04,11.22,70.6,11.750376000000001
1985-05-05,11.63,88.7,11.8083705
1985-05-06,12.14,87.18,12.306403600000001
1985-05-07,12.06,66.21,12.5134618
1985-05-08,12.19,68.92,12.584871399999999
1985-05-09,12.24,76.04,12.5378228
1985-05-10,13.13,81.11,13.272336150000001
1985-05-11,13.75,88.72,13.79653
1985-05-12,14.55,87.28,14.546502
1985-05-13,10.99,75.61,11.46084895
1985-05-14,11.93,85.37,12.13679505
1985-05-15,13.03,87.37,13.13211355
1985-05-16,10.43,88.43,10.68899445
1985-05-17,7.63,86.18,8.1521887
1985-05-18,9.1,81.45,9.650935
1985-05-19,10.4,76.04,10.940298
1985-05-20,12.96,80.15,13.1281295
1985-05-21,8.99,76.69,9.69640955
1985-05-22,8.47,74.83,9.304763050000002
1985-05-23,9.77,70.37,10.54082445
1985-05-24,14.82,54.79,14.740430400000001
1985-05-25,18.35,62.68,17.559749
1985-05-26,16.89,83.26,16.6699527
1985-05-27,13.18,93.56,13.226754399999999
1985-05-28,8.47,80.01,9.13296835
1985-05-29,10.51,80.86,10.9300273
1985-05-30,15.33,89.7,15.2829805
1985-05-31,16.97,80.2,16.701017
1985-06-01,14.75,75.02,14.7156525
1985-06-02,12.37,78.31,12.624098349999999
1985-06-03,9.34,72.81,10.1116522
1985-06-04,9.21,84.62,9.657481100000002
1985-06-05,11.67,81.62,11.9560847
1985-06-06,10.81,75.89,11.29931245
1985-06-07,14.62,71.52,14.601203199999999
1985-06-08,18.75,74.75,18.159781249999998
1985-06-09,18.61,73.46,18.0100633
1985-06-10,13.98,78.05,14.042777000000001
1985-06-11,10.08,86,10.42034
1985-06-12,9.74,78.8,10.295016
1985-06-13,12.71,70.33,13.002101150000001
1985-06-14,14.88,68.91,14.815021900000001
1985-06-15,14.62,89.65,14.613169
1985-06-16,15.36,83.99,15.284272699999999
1985-06-17,17.44,77.59,17.077630300000003
1985-06-18,14.68,75.4,14.655645999999999
1985-06-19,14.34,76.25,14.360899999999999
1985-06-20,16.42,68.8,16.090528000000003
1985-06-21,17.99,78.87,17.584409649999998
1985-06-22,18.14,77.76,17.6947552
1985-06-23,18.33,76.71,17.83939615
1985-06-24,15.79,79.33,15.64334635
1985-06-25,16.25,75.04,16.00976
1985-06-26,20.19,81.64,19.615423800000002
1985-06-27,18.84,77.57,18.3045959
1985-06-28,16.78,73.65,16.449571000000002
1985-06-29,16.5,81.35,16.29485
1985-06-30,16.03,90.38,15.949047700000001
1985-07-01,17.59,79.59,17.24313205
1985-07-02,19.06,77.09,18.4854172
1985-07-03,19.47,76.71,18.83336785
1985-07-04,20.27,76.72,19.5312092
1985-07-05,19.95,80.81,19.37477975
1985-07-06,19,80.53,18.5181175
1985-07-07,21.28,72.01,20.2362529
1985-07-08,22.78,73.75,21.584575
1985-07-09,22.57,72.83,21.36405955
1985-07-10,19.79,78.44,19.1627118
1985-07-11,20.28,63.01,19.1040879
1985-07-12,21.46,73.76,20.4555328
1985-07-13,20.69,89.53,20.33354885
1985-07-14,22.67,90.56,22.2458136
1985-07-15,20.68,81.22,20.0416678
1985-07-16,18.87,70.91,18.17082185
1985-07-17,19.33,59.73,18.26022745
1985-07-18,20.63,66.87,19.51302205
1985-07-19,22.25,77.32,21.283265
1985-07-20,22.06,83,21.35314
1985-07-21,22.32,69.59,21.0120659
1985-07-22,19.2,71.53,18.4640505
1985-07-23,16.49,61.7,16.0708065
1985-07-24,19.6,69.07,18.7324135
1985-07-25,20.51,94.98,20.344063900000002
1985-07-26,19.26,82.27,18.7958286
1985-07-27,21.22,63.06,19.854697599999998
1985-07-28,22.77,65.09,21.18211865
1985-07-29,23.06,70,21.647599999999997
1985-07-30,20.22,74.55,19.419342999999998
1985-07-31,19.21,88.72,18.9177916
1985-08-01,18.55,73.16,17.952139
1985-08-02,18.95,74.53,18.326621749999997
1985-08-03,18.29,73.37,17.73489765
1985-08-04,18.25,78.51,17.80676875
1985-08-05,19.24,90.47,18.9915529
1985-08-06,20.57,84.74,20.0605449
1985-08-07,20.02,82.91,19.5011476
1985-08-08,20.61,58.52,19.2160646
1985-08-09,20.35,65.45,19.23835375
1985-08-10,18.45,85.23,18.12912175
1985-08-11,17.76,76.3,17.335059
1985-08-12,18.93,78.74,18.4120001
1985-08-13,21.41,89.43,21.00828715
1985-08-14,21.71,79.71,20.90540005
1985-08-15,18.66,85.59,18.3302992
1985-08-16,19.28,71.46,18.5296834
1985-08-17,20.18,81.56,19.6039344
1985-08-18,20.87,74.86,19.9892201
1985-08-19,17.54,63.89,16.9362408
1985-08-20,16.86,67.33,16.4359434
1985-08-21,16.35,69,16.034575
1985-08-22,16.97,68.79,16.54601215
1985-08-23,18.65,76.71,18.118405749999997
1985-08-24,18.94,88.36,18.6557512
1985-08-25,18.11,79.65,17.70595075
1985-08-26,19.42,79.52,18.8658112
1985-08-27,20.24,72.34,19.366773799999997
1985-08-28,20.26,77.32,19.5414976
1985-08-29,19.69,82.18,19.181328100000002
1985-08-30,18.69,90.99,18.48236455
1985-08-31,17.18,81.91,16.9133534
1985-09-01,19.68,77.23,19.0312827
1985-09-02,19.27,91.89,19.05723415
1985-09-03,19.35,83.68,18.914664000000002
1985-09-04,20.25,85.74,19.7990275
1985-09-05,20.14,88.71,19.7897842
1985-09-06,21.06,89.14,20.6681712
1985-09-07,22.2,86.17,21.614299499999998
1985-09-08,22.13,91.09,21.756091849999997
1985-09-09,22.44,86.19,21.8369173
1985-09-10,17.64,85.97,17.3977019
1985-09-11,15.74,68.17,15.5229194
1985-09-12,14.73,66.37,14.68745805
1985-09-13,13.64,62.6,13.816902
1985-09-14,14.4,63.1,14.420295
1985-09-15,16.41,55.56,15.9431578
1985-09-16,16.44,63.59,16.051505300000002
1985-09-17,17.7,70.84,17.186784
1985-09-18,21.11,73.62,20.150955099999997
1985-09-19,20.86,71.64,19.8679672
1985-09-20,19.59,74.67,18.88088665
1985-09-21,14.4,84.12,14.408734
1985-09-22,15.07,87.48,15.0307498
1985-09-23,14.17,91.24,14.1858994
1985-09-24,9.07,70.17,9.96087295
1985-09-25,8.76,64.95,9.8665285
1985-09-26,10.1,79.18,10.603844
1985-09-27,11.61,70.71,12.07556455
1985-09-28,13.05,66.8,13.314770000000001
1985-09-29,15.59,70.87,15.41536565
1985-09-30,14.56,76.68,14.5523044
1985-10-01,9.56,70.22,10.3691226
1985-10-02,9.97,59.51,10.978808350000001
1985-10-03,11.41,63.75,12.02606875
1985-10-04,12.27,76.17,12.562274949999999
1985-10-05,10.33,74.33,10.91874145
1985-10-06,9.14,68.22,10.076874400000001
1985-10-07,11.19,71.47,11.70938865
1985-10-08,13.56,74.72,13.6906976
1985-10-09,12.33,91.82,12.4276283
1985-10-10,9.76,86.92,10.100995600000001
1985-10-11,9.66,82.62,10.1226556
1985-10-12,15.03,89.38,14.999042699999999
1985-10-13,12.99,87.03,13.09771585
1985-10-14,12.18,86.69,12.3498356
1985-10-15,11.69,78.83,12.01718235
1985-10-16,8.87,67.85,9.86552475
1985-10-17,10.84,71.14,11.4209518
1985-10-18,13.92,90.08,13.9516448
1985-10-19,12.91,93.42,12.967542100000001
1985-10-20,11.41,86.01,11.64776005
1985-10-21,10.86,85.84,11.1434832
1985-10-22,11.76,90.72,11.8998496
1985-10-23,12.25,88.28,12.395035
1985-10-24,14.32,83.89,14.3359489
1985-10-25,10.26,71.5,10.924620000000001
1985-10-26,11.1,66.72,11.722336
1985-10-27,11.44,70.5,11.936485
1985-10-28,8.97,69.3,9.903740500000001
1985-10-29,9.02,68.13,9.9805618
1985-10-30,9.19,69.62,10.0772479
1985-10-31,8.25,87.33,8.68553125
1985-11-01,11.41,94.84,11.4976942
1985-11-02,9.51,87.36,9.8569048
1985-11-03,6.65,83.36,7.368432000000001
1985-11-04,6.51,80.5,7.3669275
1985-11-05,7.3,87.22,7.806088000000001
1985-11-06,8.18,86.76,8.6402224
1985-11-07,6.7,77.51,7.664821000000001
1985-11-08,5.63,82.66,6.475931900000001
1985-11-09,7.29,90.79,7.65522255
1985-11-10,5.45,86.75,6.109518750000001
1985-11-11,4.62,79.63,5.726905800000001
1985-11-12,7.48,89.66,7.879227400000001
1985-11-13,8.41,88.54,8.7938527
1985-11-14,6.73,88.88,7.205213200000001
1985-11-15,4.47,84.16,5.343813600000001
1985-11-16,5.41,86.12,6.103930600000001
1985-11-17,3.38,87.92,4.118812800000001
1985-11-18,9.91,94.26,10.0549063
1985-11-19,12.45,91.39,12.54707775
1985-11-20,-0.1,82.66,1.292402000000001
1985-11-21,-1.38,78.46,0.501303600000002
1985-11-22,1.63,83.24,2.8163566000000015
1985-11-23,1.19,79.93,2.65922435
1985-11-24,-2.83,84.7,-1.3716804999999992
1985-11-25,1.14,75.6,2.932912000000001
1985-11-26,3.73,92.18,4.1932177
1985-11-27,2.63,75.99,4.1974928500000015
1985-11-28,2.83,83.64,3.880066600000001
1985-11-29,-0.34,86.04,0.7994152000000001
1985-11-30,3.13,85.06,4.064272900000001
1985-12-01,3.15,93.19,3.5751142500000013
1985-12-02,-6.5,93.49,-5.748094999999998
1985-12-03,-7.88,93.95,-7.1353054999999985
1985-12-04,-2.52,84.3,-1.0503229999999986
1985-12-05,0.33,88.59,1.2192383500000008
1985-12-06,-0.67,87.22,0.39629930000000113
1985-12-07,0.18,88.82,1.0605368000000015
1985-12-08,1.04,92.92,1.5641324000000012
1985-12-09,-0.58,84.92,0.6707352000000012
1985-12-10,1.98,90.33,2.645876200000001
1985-12-11,2.24,89.55,2.9446435000000015
1985-12-12,-5.57,93.91,-4.897755349999999
1985-12-13,-8.45,98.24,-8.227843999999996
1985-12-14,-12.97,99.26,-12.8581971
1985-12-15,-7.29,94.76,-6.662012199999999
1985-12-16,-6.47,92.53,-5.608447549999999
1985-12-17,-10.46,95.35,-9.821647999999998
1985-12-18,-13.49,100,-13.489999999999997
1985-12-19,-13.28,99.31,-13.174574899999996
1985-12-20,-8.15,89.13,-6.795869749999999
1985-12-21,-12.52,100,-12.519999999999996
1985-12-22,-4.48,97.34,-4.2023226
1985-12-23,0.19,92.19,0.804686050000001
1985-12-24,-6.71,95.75,-6.214216249999999
1985-12-25,-13.78,100,-13.779999999999996
1985-12-26,-9.73,98.95,-9.590071749999998
1985-12-27,-6.68,90.48,-5.571015199999998
1985-12-28,-10.13,95.62,-9.536663299999999
1985-12-29,-7.54,97.73,-7.264830599999998
1985-12-30,-6.41,94.04,-5.7245702
1985-12-31,-2.45,89.6,-1.4804599999999988
1986-01-01,-6.58,91.85,-5.635088999999998
1986-01-02,-0.77,94.58,-0.3148012999999983
1986-01-03,0.46,90.14,1.2213892000000008
1986-01-04,-0.84,89.32,0.061071600000002
1986-01-05,-5.83,94.48,-5.212781199999999
1986-01-06,-8.48,93.34,-7.638242599999999
1986-01-07,-12.21,99.18,-12.0895379
1986-01-08,-11.31,97.93,-11.016153149999997
1986-01-09,-5.14,88.01,-3.8448401999999993
1986-01-10,-0.08,90.32,0.6962392000000018
1986-01-11,-0.73,94,-0.22740999999999956
1986-01-12,0.47,85.81,1.564971350000001
1986-01-13,-5.92,84.5,-4.179194999999999
1986-01-14,-4.27,87.33,-2.9620125499999976
1986-01-15,-3.17,83.28,-1.545066799999999
1986-01-16,-0.4,95.21,-0.007459499999999064
1986-01-17,3.68,92.67,4.116208300000001
1986-01-18,2.81,96.32,3.0466056000000017
1986-01-19,1.01,88.24,1.8825332000000017
1986-01-20,-1.56,82.28,0.005207600000000534
1986-01-21,2.23,84.48,3.2773672000000005
1986-01-22,0.22,84.33,1.4507218000000008
1986-01-23,-2.21,74.24,0.15747280000000163
1986-01-24,-0.74,83.9,0.6095020000000002
1986-01-25,-0.29,88.55,0.6414002500000016
1986-01-26,-8.42,90.95,-7.279157
1986-01-27,-14.14,97.82,-13.796606399999996
1986-01-28,-13.31,96.39,-12.757832449999999
1986-01-29,-5.84,91.14,-4.848831799999999
1986-01-30,-9.22,88.91,-7.773198599999999
1986-01-31,-4.46,85.15,-2.911441999999999
1986-02-01,1.07,93.96,1.5161446000000018
1986-02-02,-0.24,91.72,0.4312596000000004
1986-02-03,1,94.03,1.4432725000000008
1986-02-04,1.63,96.21,1.8982751500000012
1986-02-05,1,97.02,1.2212650000000016
1986-02-06,-0.34,85.99,0.8034962000000014
1986-02-07,-3.17,88.43,-2.045569549999999
1986-02-08,-3.15,85.01,-1.6948457499999992
1986-02-09,-7.6,86.87,-6.004048499999999
1986-02-10,-11.04,92.94,-10.048281799999998
1986-02-11,-9.26,91.24,-8.115243199999997
1986-02-12,-12.7,96.69,-12.204823999999995
1986-02-13,-11.1,94.48,-10.322783999999999
1986-02-14,-6.05,90.25,-4.948006249999998
1986-02-15,-9.81,89.97,-8.468938849999999
1986-02-16,-4.98,90.78,-3.9921691999999984
1986-02-17,-0.66,96.43,-0.362333399999999
1986-02-18,0.79,96.59,1.047131050000001
1986-02-19,1.27,95.02,1.6323697000000017
1986-02-20,0.76,94.91,1.1446513000000014
1986-02-21,-3.1,82.32,-1.388575999999998
1986-02-22,-3.99,88.23,-2.793049849999999
1986-02-23,-5,83.62,-3.243244999999999
1986-02-24,-2.26,81.2,-0.5270159999999993
1986-02-25,-2.17,77.29,-0.08783364999999899
1986-02-26,-0.23,90.86,0.5104771000000013
1986-02-27,-2.43,82.43,-0.7939694499999996
1986-02-28,-5.65,76.58,-3.0544784999999988
1986-03-01,-4.88,85.72,-3.3578947999999986
1986-03-02,-0.04,87.55,0.9556265000000008
1986-03-03,0.92,92.52,1.478681200000001
1986-03-04,-0.31,88.91,0.5933359500000013
1986-03-05,0.9,88.44,1.7646880000000011
1986-03-06,-1.86,83.81,-0.40322379999999947
1986-03-07,-7.82,75.63,-4.828338799999999
1986-03-08,-7.53,77.58,-4.813480699999998
1986-03-09,3.27,90.84,3.8357674000000004
1986-03-10,8.32,94.56,8.5049056
1986-03-11,-0.6,84.34,0.7005630000000006
1986-03-12,0.91,89.59,1.688095450000001
1986-03-13,3.96,92.34,4.4040502
1986-03-14,4.15,85.85,4.9554887500000016
1986-03-15,2.03,88.06,2.848904900000001
1986-03-16,1.02,88.94,1.8399884000000015
1986-03-17,1.2,85,2.297250000000001
1986-03-18,4.57,89.07,5.166941950000001
1986-03-19,4.19,87.66,4.889739700000002
1986-03-20,-6.49,78.44,-4.001005799999998
1986-03-21,-4.52,65.15,-0.874341499999999
1986-03-22,0.67,72.88,2.732882800000001
1986-03-23,4.27,78.03,5.50614205
1986-03-24,1.65,71.61,3.656463250000001
1986-03-25,7.55,80,8.3145
1986-03-26,7.69,82.22,8.3559499
1986-03-27,2.03,80.18,3.3893547000000006
1986-03-28,6.41,75.61,7.49523305
1986-03-29,11.28,85.79,11.531659099999999
1986-03-30,12.16,82.16,12.3896008
1986-03-31,9.88,76.93,10.466208700000001
1986-04-01,9.57,85.77,9.955846450000001
1986-04-02,4.99,78.83,6.097296850000001
1986-04-03,6.14,84.9,6.8342979999999995
1986-04-04,8.58,94.87,8.747032800000001
1986-04-05,11.3,92.94,11.424256000000002
1986-04-06,7.93,87.08,8.3968642
1986-04-07,8.8,84.07,9.2994055
1986-04-08,5.99,78.31,7.00520045
1986-04-09,3.88,79.74,5.063386600000001
1986-04-10,3.18,76.73,4.628790200000001
1986-04-11,5.02,76.27,6.257282200000001
1986-04-12,4.48,72.96,5.970174400000001
1986-04-13,3.24,87.04,4.042612800000001
1986-04-14,5.18,78.58,6.2779892
1986-04-15,0.89,82.61,2.191728450000001
1986-04-16,0.93,93.18,1.4390107000000008
1986-04-17,2.84,91.49,3.385746300000001
1986-04-18,6.45,87.18,7.0176055
1986-04-19,9.54,80.72,10.0659584
1986-04-20,7.75,83.72,8.354395
1986-04-21,4.34,82,5.345840000000001
1986-04-22,1.01,68.9,3.3174645000000007
1986-04-23,3.63,62.55,5.868948250000001
1986-04-24,8.88,70.98,9.777008200000001
1986-04-25,13.39,88.61,13.459535950000001
1986-04-26,15.6,86.52,15.518445999999999
1986-04-27,14.19,79.9,14.2242705
1986-04-28,11.65,85.81,11.87242825
1986-04-29,10.15,72.75,10.80195625
1986-04-30,12.39,85.44,12.5589688
1986-05-01,10.5,74.98,11.05044
1986-05-02,5.96,77.23,7.0295069
1986-05-03,6.2,65.33,7.782685500000001
1986-05-04,9.17,68.91,10.08140335
1986-05-05,12.94,76.02,13.1457484
1986-05-06,14.78,91.91,14.767541399999999
1986-05-07,11.64,81.93,11.924241100000001
1986-05-08,7.85,86.11,8.35802675
1986-05-09,10.22,82.23,10.638305800000001
1986-05-10,10.58,83.31,10.9398364
1986-05-11,12.21,84.99,12.399050950000001
1986-05-12,10.35,93.2,10.50521
1986-05-13,11.81,81.94,12.077197700000001
1986-05-14,12.93,85.49,13.05529385
1986-05-15,12.41,87.4,12.554837000000001
1986-05-16,14.4,85.29,14.4080905
1986-05-17,15.55,91.33,15.49993075
1986-05-18,7.35,92.48,7.645724
1986-05-19,6.61,91.83,6.964537150000001
1986-05-20,6.05,85.49,6.724352250000001
1986-05-21,7.71,78.19,8.52449445
1986-05-22,7.46,85.37,8.026473600000001
1986-05-23,6.26,93.86,6.5382648
1986-05-24,8.44,84.9,8.943283
1986-05-25,8.79,89.89,9.10750455
1986-05-26,10.31,94.69,10.43236895
1986-05-27,12.97,95.07,13.01148595
1986-05-28,12.87,97.24,12.8947434
1986-05-29,11.84,91.39,11.9659643
1986-05-30,16.75,80.99,16.51475125
1986-05-31,17.31,83.07,17.048346849999998
1986-06-01,14.49,85.23,14.49081235
1986-06-02,8.5,79.78,9.16726
1986-06-03,11.17,71.07,11.69985295
1986-06-04,15.7,86.47,15.610702
1986-06-05,10.85,95.72,10.935921
1986-06-06,11,98.59,11.0271425
1986-06-07,14.75,95.71,14.74410125
1986-06-08,13.1,89.99,13.177077
1986-06-09,9.11,81.35,9.66287925
1986-06-10,12.46,95.46,12.510938800000002
1986-06-11,15.41,97.32,15.396586600000001
1986-06-12,10.68,93.44,10.8178256
1986-06-13,11.15,88.87,11.35507025
1986-06-14,10.72,79.83,11.139334300000002
1986-06-15,14.94,93.88,14.9251896
1986-06-16,15.19,91.19,15.156566049999999
1986-06-17,9.38,77.16,10.0231744
1986-06-18,12.23,71.92,12.580578800000001
1986-06-19,16.14,91.1,16.059722
1986-06-20,13.76,94.02,13.7843386
1986-06-21,15.96,86.43,15.851032900000002
1986-06-22,18.41,92.79,18.25494895
1986-06-23,17.4,76.23,17.0208685
1986-06-24,13.06,83.94,13.187195200000001
1986-06-25,12.7,64.41,13.052341
1986-06-26,16.03,77.65,15.84192475
1986-06-27,18.58,98.96,18.556662399999997
1986-06-28,19.6,88,19.2634
1986-06-29,18.82,77.38,18.2825488
1986-06-30,14.05,88.96,14.077324
1986-07-01,14.59,94.78,14.5874161
1986-07-02,15.2,90.37,15.162924499999999
1986-07-03,14.82,75.1,14.776176
1986-07-04,16.87,85.73,16.68399055
1986-07-05,19.82,89.37,19.5089662
1986-07-06,19.56,88.01,19.2263183
1986-07-07,19.18,86.16,18.8237584
1986-07-08,19.24,89.36,18.9626152
1986-07-09,17.82,93.39,17.6993014
1986-07-10,16.67,88.16,16.5286896
1986-07-11,20.79,95.59,20.637436049999998
1986-07-12,20.38,93.28,20.1626752
1986-07-13,19.88,86.9,19.492371
1986-07-14,18.31,87.03,18.03821365
1986-07-15,19.07,87.45,18.75455575
1986-07-16,22.11,91.18,21.7408389
1986-07-17,22.99,88.9,22.4716855
1986-07-18,21.97,88.28,21.488483799999997
1986-07-19,21.89,89.81,21.47582745
1986-07-20,20.73,88.52,20.3366378
1986-07-21,18.42,92.33,18.2546348
1986-07-22,19.71,85.6,19.297368
1986-07-23,20.66,81.41,20.0301708
1986-07-24,19.82,87.91,19.466246599999998
1986-07-25,19.94,93.44,19.7437248
1986-07-26,17.75,88.18,17.5387175
1986-07-27,19.99,76.31,19.274680449999998
1986-07-28,21.08,90.39,20.732214099999997
1986-07-29,20.51,85.77,20.03962735
1986-07-30,21.83,75.2,20.830188
1986-07-31,22.28,74.99,21.2098221
1986-08-01,21.64,73.1,20.583637
1986-08-02,21.21,72.85,20.20802925
1986-08-03,20.5,67.26,19.41958
1986-08-04,21.57,68.38,20.3404563
1986-08-05,21.2,72.32,20.179992
1986-08-06,19.24,90.31,18.987381699999997
1986-08-07,19.36,89.33,19.0747909
1986-08-08,20.95,81.44,20.291584
1986-08-09,20.81,73.82,19.9014231
1986-08-10,18.92,82.42,18.4926302
1986-08-11,15.31,71.82,15.1844581
1986-08-12,16.34,61.55,15.950886
1986-08-13,17.85,66.83,17.23884275
1986-08-14,19.21,73.62,18.5266261
1986-08-15,20.51,89.4,20.159617
1986-08-16,20.81,83.54,20.2387557
1986-08-17,20.83,80.76,20.160159399999998
1986-08-18,19.63,74.67,18.91531405
1986-08-19,20.54,72.67,19.6320974
1986-08-20,21.01,78.63,20.244847150000002
1986-08-21,19.61,79.28,19.0276644
1986-08-22,19.59,78.18,18.9791491
1986-08-23,20.37,73.41,19.51154185
1986-08-24,18.84,68.74,18.0938238
1986-08-25,19.14,69.65,18.365468
1986-08-26,21.41,94.07,21.18463035
1986-08-27,16,77.1,15.811075
1986-08-28,12.73,64.01,13.08036265
1986-08-29,15.17,53.04,14.9969524
1986-08-30,16.17,58.15,15.78560775
1986-08-31,17.52,61.99,16.8886539
1986-09-01,17.9,68.46,17.310201999999997
1986-09-02,18.67,74.84,18.0929554
1986-09-03,19.75,79.54,19.1592175
1986-09-04,20.8,79.15,20.0775475
1986-09-05,17.97,63.95,17.28198575
1986-09-06,16.8,58.05,16.2693325
1986-09-07,14.53,57.94,14.5230601
1986-09-08,15.87,49.29,15.48790015
1986-09-09,15.86,60.31,15.5631188
1986-09-10,18.55,74.71,17.98666525
1986-09-11,20.23,91.27,19.95487405
1986-09-12,14.96,80.79,14.911398700000001
1986-09-13,14.01,75.96,14.0747878
1986-09-14,12.73,77.61,12.94796665
1986-09-15,15.82,86.63,15.7229338
1986-09-16,13.05,69.87,13.29028675
1986-09-17,14.79,70.38,14.7427561
1986-09-18,16.63,88.64,16.4969176
1986-09-19,16.36,95.07,16.309566099999998
1986-09-20,18.03,94.64,17.925935600000003
1986-09-21,16.09,90.77,16.00928365
1986-09-22,18.33,94.25,18.20887625
1986-09-23,18.04,92.39,17.8918333
1986-09-24,15.85,92.68,15.795649
1986-09-25,18.32,95.87,18.2332287
1986-09-26,19.12,98.25,19.0755325
1986-09-27,20.21,92.44,19.9725782
1986-09-28,21.05,88.38,20.6313895
1986-09-29,20.07,95.83,19.94225205
1986-09-30,16.55,95.1,16.4947525
1986-10-01,14.31,84.26,14.326448300000001
1986-10-02,15.29,80.5,15.2052725
1986-10-03,17.63,96.02,17.5614843
1986-10-04,14.16,91.66,14.1755958
1986-10-05,11.95,78.52,12.251256999999999
1986-10-06,9.37,67.94,10.274572899999999
1986-10-07,10.9,70.29,11.488258
1986-10-08,14.16,86.34,14.1855442
1986-10-09,11.1,78.48,11.502424
1986-10-10,9.19,71.91,10.01036845
1986-10-11,11.64,82.96,11.908039200000001
1986-10-12,14.8,89.72,14.783038000000001
1986-10-13,7.54,82.06,8.2267432
1986-10-14,5.9,82.77,6.714979000000001
1986-10-15,6.42,78.3,7.384348
1986-10-16,8.32,75.67,9.146976700000002
1986-10-17,8.83,80.64,9.433741600000001
1986-10-18,9.09,77.42,9.7618679
1986-10-19,10.2,76.84,10.747734
1986-10-20,11.64,82,11.92314
1986-10-21,14.68,89.94,14.6700406
1986-10-22,14.21,90.89,14.224530450000001
1986-10-23,13.35,90.65,13.40913875
1986-10-24,12.62,94.93,12.672423799999999
1986-10-25,11.16,93.1,11.286753000000001
1986-10-26,12.71,92.53,12.78354215
1986-10-27,11.93,85.68,12.1324132
1986-10-28,11.62,88.3,11.805328
1986-10-29,11.56,87.63,11.760022900000001
1986-10-30,10.08,76.57,10.6495833
1986-10-31,10.44,81.25,10.8586875
1986-11-01,10.92,90.35,11.110008500000001
1986-11-02,5.26,67.99,6.8867482
1986-11-03,4.48,74.35,5.893571500000002
1986-11-04,6.09,80.35,6.99891075
1986-11-05,5.98,72.82,7.253654800000001
1986-11-06,6.91,78.12,7.8233806
1986-11-07,8.94,89.49,9.2613958
1986-11-08,11.3,83,11.599200000000002
1986-11-09,2.95,75.32,4.517797000000002
1986-11-10,0.6,68.93,2.9753015000000005
1986-11-11,1.06,75.11,2.8998688000000006
1986-11-12,-1.43,78.88,0.4204288000000016
1986-11-13,-7.89,93.29,-7.063697049999998
1986-11-14,-3.81,80.88,-1.8845203999999987
1986-11-15,1,78.11,2.625332500000001
1986-11-16,3.27,88.92,3.9543562000000008
1986-11-17,3.99,87.2,4.729904000000001
1986-11-18,3.3,82.07,4.404488000000001
1986-11-19,0.57,76.27,2.3880739500000012
1986-11-20,2.68,89.66,3.3522034000000014
1986-11-21,1.51,85.94,2.5145167000000006
1986-11-22,2.57,87.36,3.3993736000000006
1986-11-23,3.52,91.82,4.013990200000001
1986-11-24,0.3,83.87,1.5597530000000006
1986-11-25,1.68,84.93,2.7425857000000002
1986-11-26,5.04,91.35,5.490059500000001
1986-11-27,2,87.65,2.849062500000001
1986-11-28,1.96,90.63,2.6062489000000015
1986-11-29,1.82,95.91,2.1052366000000005
1986-11-30,3.95,89.75,4.544756250000001
1986-12-01,2.61,77.79,4.06242295
1986-12-02,3.58,91.32,4.101320800000002
1986-12-03,2.09,83.8,3.1957310000000008
1986-12-04,-1.4,79.09,0.42857950000000056
1986-12-05,-2.14,82.05,-0.497215999999999
1986-12-06,1.53,84.67,2.6235655500000012
1986-12-07,1.91,95.09,2.2499929500000007
1986-12-08,2.67,94.01,3.05973935
1986-12-09,1.32,91.4,1.9434140000000002
1986-12-10,-7.72,91.42,-6.671438199999998
1986-12-11,-5.62,92.03,-4.738039799999998
1986-12-12,-7,91.86,-6.037444999999998
1986-12-13,-7.2,89.18,-5.908632999999999
1986-12-14,-1.57,86.01,-0.3334938499999993
1986-12-15,0.65,96.1,0.9470825000000012
1986-12-16,3.19,91,3.749845000000001
1986-12-17,2.75,93.39,3.1771712500000002
1986-12-18,0.27,85.6,1.3970160000000016
1986-12-19,-0.31,90,0.5045500000000007
1986-12-20,1.47,81.74,2.778602900000001
1986-12-21,1.38,69.54,3.5779936
1986-12-22,-0.04,79.31,1.6145793000000004
1986-12-23,-0.01,93.29,0.5254915500000011
1986-12-24,1.52,88,2.376680000000001
1986-12-25,0.26,89.96,1.0463328000000014
1986-12-26,-0.03,80.68,1.5139578000000002
1986-12-27,1.33,66.95,3.723976750000001
1986-12-28,-0.52,89.16,0.3754924000000017
1986-12-29,-0.16,93.03,0.4019911000000017
1986-12-30,0.98,89.84,1.7354976000000004
1986-12-31,0.47,85.01,1.6267033500000005
1987-01-01,-0.42,87.01,0.6459594000000006
1987-01-02,0.81,86.17,1.8513298500000006
1987-01-03,1.19,82.42,2.4769439000000006
1987-01-04,0.79,73.48,2.789740600000001
1987-01-05,0.37,80.77,1.8644594500000018
1987-01-06,1.9,89.21,2.647747000000001
1987-01-07,1.36,86.25,2.3537125000000008
1987-01-08,-0.52,76.92,1.3866388000000007
1987-01-09,-1.92,88.51,-0.8823380999999988
1987-01-10,0.86,89.31,1.6619638000000005
1987-01-11,-0.29,84.04,1.0082662000000002
1987-01-12,-0.44,91.3,0.2748790000000008
1987-01-13,0.98,93.89,1.4343396000000015
1987-01-14,3.05,94.92,3.369913000000001
1987-01-15,2.43,87.73,3.244543950000001
1987-01-16,-1.47,76.43,0.6002709500000012
1987-01-17,-2.04,78.63,-0.09597109999999831
1987-01-18,-2.01,86.59,-0.7923049499999988
1987-01-19,-2.49,82.11,-0.8182689499999989
1987-01-20,-3.75,83.16,-2.059684999999998
1987-01-21,-4.21,91.98,-3.3847018999999983
1987-01-22,-2.51,87.75,-1.3639512499999986
1987-01-23,-12.5,96.39,-11.963914999999998
1987-01-24,-13.57,95.65,-12.898425249999997
1987-01-25,-9.59,80.49,-7.005022549999998
1987-01-26,-5.42,73.74,-2.5429543999999975
1987-01-27,-6.08,91.16,-5.079400399999998
1987-01-28,-2.55,83.31,-0.9848952499999986
1987-01-29,-1.23,89.53,-0.3241879499999991
1987-01-30,-0.32,90.41,0.46168090000000145
1987-01-31,-1.48,83.78,-0.05442419999999881
1987-02-01,1.74,91.07,2.366707400000002
1987-02-02,1.44,93.05,1.9392185000000008
1987-02-03,1.46,84.69,2.558033200000001
1987-02-04,-0.5,80.49,1.1095750000000013
1987-02-05,-0.4,78.62,1.3520910000000006
1987-02-06,1.35,88.21,2.2027117500000015
1987-02-07,1.93,89.12,2.6821888000000005
1987-02-08,-0.48,78.25,1.3119825000000014
1987-02-09,-3.03,72.52,-0.38051579999999774
1987-02-10,-1.29,85.3,-0.013378499999998628
1987-02-11,1.56,86.96,2.4880568000000016
1987-02-12,2.62,86.24,3.519078400000001
1987-02-13,1.32,73.96,3.2076396000000016
1987-02-14,1.05,87.79,1.9532347500000002
1987-02-15,-4.44,79.26,-2.279514199999999
1987-02-16,-5.41,81.41,-3.3743020499999985
1987-02-17,-2,79.17,-0.10967749999999854
1987-02-18,-1.12,70.9,1.3799810000000003
1987-02-19,-0.68,77.26,1.2185626000000003
1987-02-20,-0.01,76.81,1.840677950000001
1987-02-21,2.08,78.52,3.547298800000001
1987-02-22,2.07,82.99,3.2328886500000014
1987-02-23,0.93,85.03,2.047285950000001
1987-02-24,1.38,87.22,2.302204800000001
1987-02-25,1.66,82.2,2.9170360000000004
1987-02-26,1.53,74.78,3.3290687000000005
1987-02-27,2.45,80.22,3.760919500000001
1987-02-28,3.26,93.78,3.6445204000000007
1987-03-01,4.26,93.49,4.626643200000001
1987-03-02,1.54,78.94,3.0411568000000013
1987-03-03,1.15,78.12,2.756539000000001
1987-03-04,1.82,71.97,3.7748122000000004
1987-03-05,3.53,81.44,4.6498176
1987-03-06,4.04,91.41,4.5341827000000015
1987-03-07,7.06,86.7,7.604236
1987-03-08,8.96,74.77,9.7287581
1987-03-09,0.67,80.27,2.170762450000001
1987-03-10,-3.81,72.02,-0.9922740999999986
1987-03-11,-3.53,72.54,-0.8069290999999987
1987-03-12,-0.67,70.01,1.832215650000001
1987-03-13,1.44,80.2,2.862234000000001
1987-03-14,1.41,95.35,1.7447767500000015
1987-03-15,1.45,82.35,2.7168287500000012
1987-03-16,1.59,69.75,3.737901250000001
1987-03-17,1.79,73.65,3.6319967500000008
1987-03-18,2.81,76.01,4.352437050000001
1987-03-19,3.64,81.58,4.740226600000001
1987-03-20,3.33,77.25,4.72764625
1987-03-21,3.92,77.64,5.221128400000001
1987-03-22,5.17,75.55,6.424651750000001
1987-03-23,6.47,76.17,7.522451950000001
1987-03-24,7.79,79.41,8.54987395
1987-03-25,6.45,85.81,7.078262250000001
1987-03-26,5.39,87.55,6.01380725
1987-03-27,5.09,89.74,5.6210063
1987-03-28,4.25,89.75,4.82784375
1987-03-29,5.01,91.98,5.428603900000001
1987-03-30,0.4,69.63,2.755193500000001
1987-03-31,-0.5,62.51,2.592925000000001
1987-04-01,2.92,77.29,4.3663999
1987-04-02,0.12,75.5,2.0577050000000012
1987-04-03,0.61,62.16,3.500786800000001
1987-04-04,1.79,67.69,4.04863055
1987-04-05,3.95,81.27,5.036808250000001
1987-04-06,5.14,85.89,5.8663828
1987-04-07,5.17,85.92,5.8925152
1987-04-08,3.86,87.95,4.5651660000000005
1987-04-09,6.3,66.87,7.794162999999999
1987-04-10,8.94,69.14,9.8836988
1987-04-11,6.61,87.58,7.148965900000001
1987-04-12,5.44,93.71,5.753430700000002
1987-04-13,5.06,92.97,5.4249976
1987-04-14,9.13,96.18,9.2428237
1987-04-15,7.89,92.96,8.1459392
1987-04-16,5.34,96.59,5.511795800000001
1987-04-17,7.42,91.48,7.7517688
1987-04-18,11.88,77.77,12.200334300000002
1987-04-19,12.62,80.4,12.822664
1987-04-20,13.38,78.83,13.510407200000001
1987-04-21,10.14,87.21,10.446704200000001
1987-04-22,6.83,94.62,7.0569553
1987-04-23,7.85,90.57,8.19490225
1987-04-24,6.27,84.3,6.980660500000001
1987-04-25,7.23,69.13,8.464336950000002
1987-04-26,8.98,65.18,10.0371352
1987-04-27,10.34,73.24,10.9522688
1987-04-28,8.55,68.9,9.567747500000001
1987-04-29,11.57,74.15,11.98657275
1987-04-30,6.23,75.01,7.366670150000001
1987-05-01,6.43,69.95,7.76376925
1987-05-02,7.82,92.88,8.0815888
1987-05-03,7.73,91.49,8.04686985
1987-05-04,6.76,79.49,7.6331107000000005
1987-05-05,7.7,74.94,8.637244
1987-05-06,11,57.99,11.8086925
1987-05-07,11.99,67.55,12.43797225
1987-05-08,13.31,59.86,13.5727163
1987-05-09,13.73,67.58,13.867298700000001
1987-05-10,14.83,80.09,14.79386335
1987-05-11,15.29,81.78,15.2108341
1987-05-12,9.11,78.75,9.73995625
1987-05-13,10.66,74.92,11.189689600000001
1987-05-14,15.33,87.19,15.27152235
1987-05-15,10.05,77.45,10.60191125
1987-05-16,11.78,69.81,12.2316424
1987-05-17,15.69,72.24,15.5083108
1987-05-18,16.69,93.34,16.6097803
1987-05-19,15.22,95.62,15.2026552
1987-05-20,13.51,98.29,13.51931095
1987-05-21,15.97,94.08,15.9221368
1987-05-22,15.81,85.13,15.702861650000001
1987-05-23,10.19,87.64,10.4829938
1987-05-24,8.23,85.19,8.740722850000001
1987-05-25,10.47,93.53,10.613407550000002
1987-05-26,16.87,91.49,16.75907215
1987-05-27,17.68,89.26,17.4921574
1987-05-28,18.03,88.64,17.8094456
1987-05-29,17.91,89.66,17.7160733
1987-05-30,17.53,92.72,17.4086788
1987-05-31,16.95,90.64,16.823874
1987-06-01,16.55,93.08,16.471977
1987-06-02,16.22,97.79,16.1990934
1987-06-03,14.7,78.37,14.676207
1987-06-04,14.46,70.07,14.466584600000001
1987-06-05,17.25,68.72,16.776889999999998
1987-06-06,16.75,78.93,16.48925875
1987-06-07,17.64,79.69,17.2892463
1987-06-08,17.67,84.69,17.40307015
1987-06-09,12.6,78.5,12.824675
1987-06-10,13.16,73.93,13.3521359
1987-06-11,14.81,83.73,14.78225965
1987-06-12,19.84,85.07,19.4015059
1987-06-13,21,68.78,19.883885
1987-06-14,22.92,67.68,21.4232608
1987-06-15,20.01,73.34,19.2020687
1987-06-16,19.24,73.55,18.550448499999998
1987-06-17,21.26,66,19.99588
1987-06-18,22.06,71.33,20.867901399999997
1987-06-19,22.34,64.41,20.805359199999998
1987-06-20,19.53,87.64,19.1880606
1987-06-21,21.07,89.44,20.6884144
1987-06-22,20.4,87.6,19.997619999999998
1987-06-23,18.92,87.98,18.627793800000003
1987-06-24,21.18,75.42,20.2769308
1987-06-25,22.18,77.32,21.2219968
1987-06-26,18.5,71.45,17.8719
1987-06-27,16.67,67.26,16.2792481
1987-06-28,18.76,66.19,17.9678317
1987-06-29,19.98,81.59,19.4251226
1987-06-30,19.35,88.37,19.03976975
1987-07-01,16.74,90.61,16.624315199999998
1987-07-02,18.83,83.83,18.44491145
1987-07-03,20.31,73.82,19.473418099999996
1987-07-04,17.25,85.22,17.0264525
1987-07-05,16.86,94.15,16.784067
1987-07-06,20.38,88.27,20.0006518
1987-07-07,21.72,89.12,21.2879552
1987-07-08,22.07,86.69,21.51583815
1987-07-09,21.91,93.16,21.6312358
1987-07-10,22.93,89.38,22.4376037
1987-07-11,23.18,90.25,22.714534999999998
1987-07-12,23.43,88.36,22.8583014
1987-07-13,21.13,84.51,20.565157149999997
1987-07-14,18.64,67.77,17.9061229
1987-07-15,16.85,81.35,16.60894875
1987-07-16,17.69,77.72,17.2990974
1987-07-17,20.76,76.53,19.9519279
1987-07-18,21.63,78.25,20.77707375
1987-07-19,23.47,77.02,22.336281699999997
1987-07-20,24.66,79.67,23.523959599999998
1987-07-21,24.42,77.92,23.2153152
1987-07-22,24.29,68.4,22.588497999999998
1987-07-23,24.24,69.65,22.614150499999997
1987-07-24,24.03,75.61,22.75159815
1987-07-25,25.25,78.86,24.0000975
1987-07-26,23.76,80.18,22.7505674
1987-07-27,20.74,76.36,19.928675199999997
1987-07-28,20.62,78.87,19.9087642
1987-07-29,23.75,81.92,22.83018
1987-07-30,24.66,82.59,23.6871292
1987-07-31,25.3,79.24,24.066855999999998
1987-08-01,25.98,79.75,24.701415
1987-08-02,25.71,79.78,24.4633359
1987-08-03,23.57,83.69,22.75637565
1987-08-04,21.87,82.97,21.17968895
1987-08-05,18.95,78.09,18.41375275
1987-08-06,20.91,66.27,19.72084885
1987-08-07,22.55,69.45,21.19739875
1987-08-08,22.2,85.68,21.593548
1987-08-09,22.11,85.48,21.5022654
1987-08-10,20.79,76.3,19.9700985
1987-08-11,20.79,76.59,19.980131049999997
1987-08-12,20.96,77.64,20.1655492
1987-08-13,22.09,74.94,21.0438703
1987-08-14,22.68,92.04,22.3218796
1987-08-15,22.25,92.09,21.91283625
1987-08-16,22.77,93.27,22.463885949999998
1987-08-17,21.81,84.12,21.171544599999997
1987-08-18,20.6,82.82,20.023611
1987-08-19,20.16,75.65,19.4019845
1987-08-20,20.92,75.37,20.0503147
1987-08-21,22.19,86.29,21.610135550000003
1987-08-22,21.8,82.76,21.107814
1987-08-23,17.81,70.11,17.265852549999998
1987-08-24,16.98,57.99,16.4069836
1987-08-25,15.73,66.03,15.50019295
1987-08-26,16.45,94.13,16.38704425
1987-08-27,17.22,90.8,17.082368
1987-08-28,17.2,86.93,17.0059105
1987-08-29,17.65,80.64,17.314587999999997
1987-08-30,18.39,81.68,17.9980436
1987-08-31,16.73,76.2,16.438093
1987-09-01,15.54,72.41,15.382185199999999
1987-09-02,16.09,82.02,15.9327649
1987-09-03,16.25,70.28,15.963945
1987-09-04,17.8,76.12,17.366578
1987-09-05,19.73,76.05,19.041078249999998
1987-09-06,20.21,81.37,19.62492485
1987-09-07,20.75,88.03,20.33853125
1987-09-08,19.85,90.72,19.576936
1987-09-09,18.81,83.2,18.411755999999997
1987-09-10,18.37,78.53,17.91301105
1987-09-11,19.85,79.67,19.25178975
1987-09-12,18.5,80.14,18.06308
1987-09-13,16.45,75.44,16.186594
1987-09-14,17.69,65.89,17.09154005
1987-09-15,19.01,86.38,18.6721559
1987-09-16,19.24,96.49,19.1484943
1987-09-17,19.22,91.12,18.989475199999998
1987-09-18,17.96,89.37,17.7577111
1987-09-19,17.07,79.63,16.78207005
1987-09-20,14.18,86.06,14.2045344
1987-09-21,13.3,88.59,13.375306
1987-09-22,15.22,86.04,15.1647184
1987-09-23,15.63,81.65,15.51595475
1987-09-24,15.18,82.6,15.114924
1987-09-25,14.26,66.7,14.303956
1987-09-26,15.86,67.02,15.6133096
1987-09-27,19.35,74.17,18.66098475
1987-09-28,18.24,77.6,17.779231999999997
1987-09-29,17.32,85.14,17.0895214
1987-09-30,13.99,77.26,14.0537857
1987-10-01,13.07,62.35,13.36611725
1987-10-02,11.53,73.02,11.9707183
1987-10-03,7.84,69.21,8.9678377
1987-10-04,10.19,59.72,11.1448374
1987-10-05,11.76,71.02,12.1967286
1987-10-06,10.28,78.88,10.7701952
1987-10-07,6.8,81.39,7.5881335000000005
1987-10-08,7.94,60.26,9.373819200000002
1987-10-09,10.15,65.75,10.969431250000001
1987-10-10,8.21,79,8.936495
1987-10-11,6.48,68.83,7.854908700000001
1987-10-12,7.23,56.19,8.981742850000002
1987-10-13,9.24,67.15,10.190350500000001
1987-10-14,10.68,68.11,11.3500089
1987-10-15,12.69,66.41,13.02438845
1987-10-16,12.46,71.72,12.777301600000001
1987-10-17,11.23,84.94,11.500854100000002
1987-10-18,9.56,83.53,10.007489900000001
1987-10-19,9.53,81.09,10.04690485
1987-10-20,8.23,78.8,8.961082000000001
1987-10-21,5.08,76.17,6.3146323
1987-10-22,6.3,71.71,7.5758790000000005
1987-10-23,5.71,77.26,6.8093653
1987-10-24,6.74,71.99,7.935466800000001
1987-10-25,7.18,73.43,8.2497082
1987-10-26,6.68,79.88,7.5453612
1987-10-27,7.27,81.89,7.99014415
1987-10-28,5.54,77.35,6.656192000000001
1987-10-29,6.74,64.42,8.258554400000001
1987-10-30,8.63,82.63,9.1907904500000015
1987-10-31,9.15,85.35,9.58107625
1987-11-01,12.77,90.8,12.857538
1987-11-02,13.21,87.8,13.296559
1987-11-03,14.63,82.01,14.617137150000001
1987-11-04,13.62,82.59,13.7042644
1987-11-05,6.74,64.1,8.272212000000001
1987-11-06,4.99,62.21,6.966605950000001
1987-11-07,7.72,79.82,8.4725122
1987-11-08,8.56,81.97,9.1490401
1987-11-09,4.62,73.87,6.0399042000000005
1987-11-10,3.08,69.61,4.9887959
1987-11-11,3.39,65.44,5.501788800000001
1987-11-12,3.79,79.87,4.97575765
1987-11-13,5.93,86.58,6.5625517
1987-11-14,7.74,90.65,8.087633
1987-11-15,7.74,81.7,8.420394
1987-11-16,10.12,74.55,10.7330905
1987-11-17,11.68,85.95,11.8979155
1987-11-18,4.4,76.27,5.718201500000001
1987-11-19,3.06,76.3,4.551204000000001
1987-11-20,-0.11,71.13,2.209848850000001
1987-11-21,-1.55,65.88,1.4619430000000018
1987-11-22,2.75,67.97,4.81993875
1987-11-23,6.38,83.5,7.116890000000001
1987-11-24,3.69,87.76,4.4177292
1987-11-25,3.88,93.43,4.2637537000000005
1987-11-26,3.54,84.92,4.4490224000000005
1987-11-27,3.78,89.73,4.385519200000001
1987-11-28,6.76,95.53,6.9502879
1987-11-29,4.7,93.55,5.047655000000002
1987-11-30,2.71,89.82,3.370122100000001
1987-12-01,1.9,81.59,3.1758130000000007
1987-12-02,-0.58,73.47,1.6203982000000012
1987-12-03,1.63,87.95,2.4829592500000013
1987-12-04,0.28,79.12,1.9130248000000007
1987-12-05,-0.39,76.88,1.5034124000000015
1987-12-06,1.54,74.89,3.3298408000000013
1987-12-07,2.24,91.96,2.782137200000002
1987-12-08,3.86,96.23,4.080620400000001
1987-12-09,6.31,91.48,6.6937834
1987-12-10,1.82,88.68,2.6094568000000007
1987-12-11,2.66,88.35,3.4186480000000015
1987-12-12,1.72,84.31,2.822850100000001
1987-12-13,0.3,80.01,1.8612190000000002
1987-12-14,-1.13,79.19,0.6589316500000013
1987-12-15,1.41,89.84,2.1414692000000004
1987-12-16,-1.2,90.23,-0.3563604999999995
1987-12-17,-3.89,86.53,-2.527576849999999
1987-12-18,-4.17,92.47,-3.396781949999998
1987-12-19,-0.38,96.8,-0.1181119999999991
1987-12-20,1.2,93.61,1.667428500000001
1987-12-21,-3.99,96.32,-3.6157623999999973
1987-12-22,-0.02,91.93,0.6244702000000001
1987-12-23,-1.47,96.06,-1.1239300999999986
1987-12-24,2.42,93.49,2.852524400000001
1987-12-25,0.47,90.26,1.2215871000000007
1987-12-26,-0.76,74.56,1.3751792000000005
1987-12-27,0.15,64.41,2.9589407500000005
1987-12-28,1.09,83.39,2.315070550000001
1987-12-29,-0.58,80.06,1.0738236000000008
1987-12-30,-3.71,87.62,-2.470081099999999
1987-12-31,-1.87,89.67,-0.9399384499999991
1988-01-01,-12.1,98.86,-11.933217999999997
1988-01-02,-10.63,97.47,-10.280316049999998
1988-01-03,-5.12,95.52,-4.636563199999998
1988-01-04,-10.4,95.82,-9.827549
1988-01-05,-18.38,100,-18.379999999999995
1988-01-06,-17.3,100,-17.299999999999997
1988-01-07,-13.22,89.74,-11.655760399999998
1988-01-08,-11.13,89.94,-9.711892099999998
1988-01-09,-13.21,100,-13.209999999999997
1988-01-10,-15.3,100,-15.299999999999997
1988-01-11,-7.5,98.17,-7.2785699999999975
1988-01-12,-0.03,89.12,0.8394752000000008
1988-01-13,-8.73,94.49,-8.026014849999997
1988-01-14,-9.43,90.93,-8.236251949999998
1988-01-15,-4.05,90.34,-3.0644384999999987
1988-01-16,0.51,91.84,1.1378712000000004
1988-01-17,2.08,96.15,2.342993500000001
1988-01-18,1.41,93.47,1.8801273500000004
1988-01-19,0.97,92.14,1.5549019000000013
1988-01-20,1.36,92,1.9381600000000008
1988-01-21,-2.29,85.2,-0.9232939999999987
1988-01-22,-2.96,83.42,-1.3678225999999991
1988-01-23,-4.75,87.77,-3.4551487499999984
1988-01-24,-2.94,92.02,-2.1745583999999982
1988-01-25,-7.1,98.41,-6.911107999999997
1988-01-26,-9.2,97.58,-8.884552999999999
1988-01-27,-11.58,96.1,-11.020583999999998
1988-01-28,-6.07,90.57,-5.003136949999998
1988-01-29,0.31,92,0.9343600000000005
1988-01-30,5.62,97.65,5.734774000000001
1988-01-31,7.37,93.9,7.609211500000001
1988-02-01,1.18,83.07,2.4202918000000015
1988-02-02,-1.4,83.92,0.0061960000000012005
1988-02-03,-2.11,80.37,-0.3167013499999993
1988-02-04,-4.43,84.06,-2.7704068999999985
1988-02-05,-12.31,97.97,-12.010666349999997
1988-02-06,-14.64,99.61,-14.577494699999999
1988-02-07,-7.57,88.11,-6.126732349999998
1988-02-08,-9.15,84.95,-7.192371249999999
1988-02-09,-4.99,89.68,-3.8837475999999995
1988-02-10,-6.45,86.73,-4.920964249999999
1988-02-11,-5.12,89.56,-3.9934195999999984
1988-02-12,-7.51,86.58,-5.885441899999998
1988-02-13,-9.87,93.88,-9.049705799999996
1988-02-14,-3.06,95.2,-2.5964159999999987
1988-02-15,-1.4,89.64,-0.4940179999999985
1988-02-16,-4.05,89.91,-3.0205677499999988
1988-02-17,-0.75,88.62,0.20449750000000055
1988-02-18,-0.92,81.57,0.6430483000000015
1988-02-19,1.11,76.57,2.835502350000002
1988-02-20,-2.91,84.74,-1.448778699999998
1988-02-21,-8.85,83.72,-6.759240999999998
1988-02-22,0.89,87.38,1.8346701000000012
1988-02-23,-3.68,72.76,-0.9562723999999991
1988-02-24,-4.6,73.49,-1.8151244999999983
1988-02-25,-6.2,79.73,-3.892260499999999
1988-02-26,-1.11,75.46,0.9968817000000014
1988-02-27,1.24,81.37,2.5986859000000004
1988-02-28,0.91,78.37,2.526734350000001
1988-02-29,1.01,85.54,2.0828597000000006
1988-03-01,0.73,81.56,2.1265534000000006
1988-03-02,2.19,83.21,3.3267669500000014
1988-03-03,-1.44,72.77,0.9472541000000017
1988-03-04,-1.69,70.34,0.9510747000000013
1988-03-05,-0.26,66.36,2.470895200000001
1988-03-06,1.54,76.74,3.1979728000000014
1988-03-07,2.87,89.87,3.517965450000001
1988-03-08,5.33,91.51,5.75819315
1988-03-09,2.81,84.94,3.778282700000001
1988-03-10,1.01,82.16,2.333638800000001
1988-03-11,2.99,78.1,4.376379500000001
1988-03-12,5.92,84.37,6.6575797
1988-03-13,-1.4,80.13,0.3376315000000014
1988-03-14,-2.93,77.21,-0.7452366499999985
1988-03-15,-3.07,77.76,-0.9208375999999991
1988-03-16,-0.01,78.88,1.6754816000000015
1988-03-17,0.82,82.4,2.144224000000001
1988-03-18,1.34,78.83,2.8722846000000013
1988-03-19,-0.25,74.76,1.7975950000000007
1988-03-20,-1.47,68.48,1.2985592000000012
1988-03-21,-2.29,72.2,0.27719100000000063
1988-03-22,1.97,75.45,3.6618632500000006
1988-03-23,8.28,88.57,8.6710203
1988-03-24,6.97,89.16,7.418938600000001
1988-03-25,8.93,82.49,9.46641885
1988-03-26,4.16,77.68,5.429338400000001
1988-03-27,0.09,76.2,1.9762690000000012
1988-03-28,4,84.04,4.92169
1988-03-29,6.01,88.99,6.52411195
1988-03-30,2.24,83.02,3.3849614000000012
1988-03-31,2.46,83.18,3.5738204000000002
1988-04-01,3.03,88.85,3.7333977500000013
1988-04-02,7.1,96.58,7.239194
1988-04-03,9.33,92.78,9.5353007
1988-04-04,7.81,83.49,8.417485450000001
1988-04-05,11.18,92.29,11.3207846
1988-04-06,9.28,88.15,9.6202135
1988-04-07,5.52,74.79,6.7651219
1988-04-08,5.87,73.3,7.137315500000001
1988-04-09,6.61,74.94,7.6974787000000005
1988-04-10,5.53,85.2,6.2601580000000006
1988-04-11,3.98,86.17,4.780203800000001
1988-04-12,4.46,80.69,5.526298200000001
1988-04-13,6.68,65.42,8.1672858
1988-04-14,5.85,81.05,6.7515462500000005
1988-04-15,2.92,73.24,4.624344400000001
1988-04-16,4.84,73.34,6.2564458
1988-04-17,7.72,74.96,8.6537416
1988-04-18,3.94,69.22,5.7277024
1988-04-19,2.98,67.61,5.0322304
1988-04-20,4.7,76.62,5.9601820000000005
1988-04-21,3.55,78.21,4.8623027500000005
1988-04-22,5.1,74.23,6.432309
1988-04-23,6.21,86.92,6.8063826
1988-04-24,4.49,80.71,5.5520109500000014
1988-04-25,6.69,74.19,7.79866855
1988-04-26,6.64,83.55,7.3511335
1988-04-27,4.64,85.19,5.4431463
1988-04-28,5.39,77.79,6.502832049999999
1988-04-29,6.45,67.55,7.886723750000002
1988-04-30,7.44,65.29,8.7877893
1988-05-01,7.46,63.86,8.8593408
1988-05-02,8.82,67.77,9.8268652
1988-05-03,8.92,74.17,9.7127227
1988-05-04,7.68,75.38,8.6034962
1988-05-05,7.85,69.87,8.95200475
1988-05-06,9.3,72.51,10.086214
1988-05-07,9.54,78.59,10.1240648
1988-05-08,13.32,80.73,13.4450623
1988-05-09,12.16,87.11,12.3258943
1988-05-10,9.9,84.59,10.289873
1988-05-11,9.49,69.48,10.3309786
1988-05-12,12.82,74.36,13.0569136
1988-05-13,9.68,76.77,10.295827300000001
1988-05-14,8.13,72.29,9.10081985
1988-05-15,14.27,80.32,14.2948952
1988-05-16,10.27,81.77,10.69412095
1988-05-17,6.79,80.92,7.5990874
1988-05-18,7.89,77.76,8.6985352
1988-05-19,9.91,79.12,10.4371156
1988-05-20,10.97,79.57,11.366648450000001
1988-05-21,12.1,86.77,12.274636
1988-05-22,11.77,92,11.89012
1988-05-23,10.47,96.09,10.55666515
1988-05-24,8.62,83.58,9.1510228
1988-05-25,6.93,74.23,8.00293395
1988-05-26,10.81,65.93,11.50145065
1988-05-27,13.78,69.82,13.8995128
1988-05-28,15.92,73.43,15.7124883
1988-05-29,17.21,71.51,16.78535655
1988-05-30,18.41,73.27,17.83517135
1988-05-31,19.88,63.58,18.8023322
1988-06-01,20.94,58.16,19.4580272
1988-06-02,14.81,79.31,14.774723550000001
1988-06-03,11.45,74.62,11.8757495
1988-06-04,13.27,66.13,13.49913055
1988-06-05,16.54,61.25,16.105225
1988-06-06,18.98,62.03,18.0444192
1988-06-07,19.13,58.89,18.08313385
1988-06-08,15.18,76.15,15.090800999999999
1988-06-09,10.55,79.18,11.0023145
1988-06-10,10.88,71.16,11.454204400000002
1988-06-11,14.95,54.7,14.8378825
1988-06-12,17.43,60.29,16.79007335
1988-06-13,18.86,63.26,17.9789748
1988-06-14,19.99,60.85,18.807865749999998
1988-06-15,20.23,65.22,19.1339083
1988-06-16,17.2,69.27,16.7436595
1988-06-17,16.72,73.36,16.394725599999997
1988-06-18,20.68,56.47,19.2004153
1988-06-19,21.21,59.46,19.7138713
1988-06-20,22.9,65.23,21.293626
1988-06-21,23.59,68.84,22.032155799999998
1988-06-22,24.03,62.67,22.07334805
1988-06-23,18.45,74.77,17.90187825
1988-06-24,19.66,70.2,18.814276
1988-06-25,23.32,64.99,21.6216649
1988-06-26,16.72,72.71,16.386789099999998
1988-06-27,16.31,70.23,16.01363965
1988-06-28,18.89,58.93,17.89836485
1988-06-29,16.32,85.91,16.1789591
1988-06-30,15.61,68.17,15.41567785
1988-07-01,16.49,71.63,16.17949035
1988-07-02,17.38,66.43,16.8482512
1988-07-03,19.18,51.33,17.9272342
1988-07-04,20.86,56.15,19.326127
1988-07-05,22.96,53.07,20.7763471
1988-07-06,24.77,52.77,22.10221345
1988-07-07,25.25,58.24,22.78094
1988-07-08,25.91,54.83,23.07535665
1988-07-09,25.56,55.16,22.832382799999998
1988-07-10,23.48,68.42,21.9202638
1988-07-11,23.39,65.6,21.708012
1988-07-12,19.98,74.76,19.2192664
1988-07-13,21.95,72.21,20.811304749999998
1988-07-14,25.73,56.75,23.05866375
1988-07-15,25.38,60.04,22.988793599999997
1988-07-16,25.48,75.23,23.9841397
1988-07-17,22.18,76.26,21.177222399999998
1988-07-18,21.88,74.63,20.8502317
1988-07-19,21.32,80.75,20.5979325
1988-07-20,21.64,74.88,20.6535376
1988-07-21,20.93,78.75,20.178493749999998
1988-07-22,19.85,80.26,19.269150500000002
1988-07-23,21.08,78.66,20.307705399999996
1988-07-24,23.15,65.85,21.52531375
1988-07-25,22.66,72.56,21.4284928
1988-07-26,21.25,75.13,20.32670125
1988-07-27,22.87,62.13,21.12665455
1988-07-28,25.51,56.17,22.85587435
1988-07-29,25.53,62.14,23.2332231
1988-07-30,25.79,76.05,24.30282475
1988-07-31,24.19,71.72,22.6828174
1988-08-01,27.14,62.54,24.5357808
1988-08-02,27.3,69.16,25.128864
1988-08-03,27.59,68.25,25.30415875
1988-08-04,27.52,68.81,25.2864841
1988-08-05,25.73,75.65,24.22602225
1988-08-06,24.85,53.32,22.192741
1988-08-07,25.37,52.44,22.5266254
1988-08-08,26.13,63.79,23.813827349999997
1988-08-09,24.78,86.49,24.0161446
1988-08-10,24,85,23.21625
1988-08-11,25.95,79.62,24.666569499999998
1988-08-12,27.47,68.45,25.21938075
1988-08-13,26.94,71,24.95582
1988-08-14,27.17,73.9,25.3512215
1988-08-15,26.29,76.35,24.75641575
1988-08-16,27.13,68.35,24.93143275
1988-08-17,28.13,62.25,25.30007125
1988-08-18,26.13,75.55,24.566055749999997
1988-08-19,21.28,88.9,20.866081
1988-08-20,21.45,76.56,20.554005999999998
1988-08-21,21.98,62.01,20.4170914
1988-08-22,21.6,68.74,20.379297
1988-08-23,21.59,71.9,20.4942405
1988-08-24,21.55,61.52,20.057938
1988-08-25,20.6,61.38,19.304299
1988-08-26,19.58,63.96,18.5730424
1988-08-27,17.55,76.33,17.15293575
1988-08-28,18.28,65.9,17.571061
1988-08-29,17.82,58.17,17.0561842
1988-08-30,18.88,58.62,17.883155799999997
1988-08-31,19.54,59.69,18.4226068
1988-09-01,19.74,60.34,18.596998799999998
1988-09-02,19.65,67.58,18.7317035
1988-09-03,20.2,76.64,19.467664
1988-09-04,17.45,91.66,17.314683499999997
1988-09-05,13.5,72.97,13.648665
1988-09-06,14.46,57.2,14.469416
1988-09-07,15.28,59.12,15.1046248
1988-09-08,17.1,57.1,16.486530000000002
1988-09-09,18.51,58.03,17.584351650000002
1988-09-10,18.69,50.04,17.5386718
1988-09-11,19.1,64.66,18.205898
1988-09-12,20.69,82.05,20.07889225
1988-09-13,18.62,73.29,18.0147514
1988-09-14,17.32,62.45,16.7375995
1988-09-15,16.37,69.56,16.056924600000002
1988-09-16,17.76,70.73,17.2351889
1988-09-17,20.76,80.77,20.0979111
1988-09-18,20.72,83.34,20.1500614
1988-09-19,19.2,91.88,18.990098
1988-09-20,14.95,71,14.878224999999999
1988-09-21,14.17,81.05,14.20439425
1988-09-22,16.93,80.67,16.67165455
1988-09-23,17.74,71.48,17.231773599999997
1988-09-24,15.89,68.69,15.65063505
1988-09-25,16.53,63.41,16.12147265
1988-09-26,17.9,58.09,17.116283
1988-09-27,17.27,72.53,16.851494549999998
1988-09-28,15.95,79.97,15.79026075
1988-09-29,16.23,77.48,16.0157222
1988-09-30,18.24,82.4,17.877968
1988-10-01,17.55,90.55,17.39147625
1988-10-02,15.06,82.64,15.006531200000001
1988-10-03,12.67,70.06,12.9713461
1988-10-04,9.99,67.57,10.794426150000001
1988-10-05,8.57,75.26,9.3768951
1988-10-06,8.89,61.76,10.069895200000001
1988-10-07,10.02,49.43,11.2660448
1988-10-08,10.13,65.21,10.96617765
1988-10-09,12.37,72.37,12.69368545
1988-10-10,12.95,68.12,13.221777
1988-10-11,9.48,67.47,10.378153300000001
1988-10-12,6.32,62.18,8.0215218
1988-10-13,6.67,55.8,8.573473
1988-10-14,10.07,62.67,10.97954545
1988-10-15,14.12,72.83,14.176785299999999
1988-10-16,14.08,79.94,14.1263386
1988-10-17,12.09,80.5,12.3484725
1988-10-18,9.85,75.48,10.477098999999999
1988-10-19,7.83,77.38,8.6598147
1988-10-20,8.53,62.09,9.77477485
1988-10-21,8.56,82.36,9.1362988
1988-10-22,6.9,73.43,8.010626
1988-10-23,7.2,75.14,8.198129000000002
1988-10-24,4.61,74.25,6.0106712500000015
1988-10-25,3.89,67.32,5.797041400000001
1988-10-26,3.87,66.66,5.8192231
1988-10-27,6.9,61.04,8.528528000000001
1988-10-28,5.02,67.72,6.7030792
1988-10-29,2.46,58.71,5.1942238000000005
1988-10-30,1.93,61.87,4.566117550000001
1988-10-31,4.11,65.45,6.084359750000001
1988-11-01,4.97,81.24,5.9533054000000005
1988-11-02,5.89,74.79,7.083819549999999
1988-11-03,7.98,79.56,8.7129784
1988-11-04,10.56,95.16,10.664882800000001
1988-11-05,6.85,88.73,7.32418525
1988-11-06,2.1,84.51,3.1564180000000004
1988-11-07,2.86,84.29,3.8657542
1988-11-08,4.92,81.65,5.8868615
1988-11-09,5.84,87.81,6.420609700000001
1988-11-10,6.58,85.97,7.191146800000001
1988-11-11,2.87,72.91,4.602811850000001
1988-11-12,3.83,86.05,4.648655750000001
1988-11-13,5.66,85.69,6.355752200000001
1988-11-14,6.01,85.7,6.6777385
1988-11-15,8.92,90.82,9.2017342
1988-11-16,8.94,79.97,9.5525174
1988-11-17,1.97,76.45,3.5929482500000005
1988-11-18,4.52,75.6,5.859316000000001
1988-11-19,5.73,89.39,6.241773350000001
1988-11-20,4.71,87.94,5.359370700000001
1988-11-21,1.62,78,3.1784800000000004
1988-11-22,1.81,77.53,3.3782936500000007
1988-11-23,3.26,82.03,4.370905400000001
1988-11-24,4.52,87.69,5.1956959000000005
1988-11-25,6.38,88.33,6.901182200000001
1988-11-26,9.51,94.91,9.64969505
1988-11-27,5.67,82.98,6.4965763
1988-11-28,0.36,79.46,1.9573958000000018
1988-11-29,1.39,79.24,2.886899800000001
1988-11-30,1.5,86.16,2.489560000000001
1988-12-01,-1.67,79.77,0.12915505000000205
1988-12-02,0.53,77.44,2.263397600000001
1988-12-03,3.52,87.1,4.299031000000001
1988-12-04,2.34,65.44,4.651372800000001
1988-12-05,1.97,80.54,3.3110859
1988-12-06,3.33,87.64,4.089336600000001
1988-12-07,2.46,84.12,3.5115736
1988-12-08,-0.38,68.07,2.2331512000000013
1988-12-09,-4.41,79.79,-2.308058949999999
1988-12-10,-4.11,79.38,-1.9994398999999983
1988-12-11,-6.82,85.95,-5.172497
1988-12-12,-4.65,78.08,-2.3412759999999992
1988-12-13,-0.1,83.55,1.220935000000001
1988-12-14,2.95,85.78,3.853325500000001
1988-12-15,-3.92,78.03,-1.694219299999998
1988-12-16,-9.43,89.62,-8.063836299999998
1988-12-17,-5.52,88.57,-4.261442699999997
1988-12-18,-3.81,83.56,-2.154409799999999
1988-12-19,0.99,90.19,1.7189320500000012
1988-12-20,5.91,88.03,6.475522650000001
1988-12-21,-0.81,80.28,0.8505226000000008
1988-12-22,0.17,85.55,1.308876750000001
1988-12-23,3.35,82.39,4.429933250000001
1988-12-24,1.69,88.21,2.5206644500000013
1988-12-25,-3.73,77.13,-1.4369394499999983
1988-12-26,-2.46,78.57,-0.46100959999999813
1988-12-27,0.28,92.22,0.8884738000000015
1988-12-28,-6.54,90.29,-5.416358799999999
1988-12-29,-10.19,96.1,-9.660399499999997
1988-12-30,-4.81,96.9,-4.480764499999999
1988-12-31,-1.82,86.98,-0.6513247999999989
1989-01-01,-2.16,94.76,-1.679858799999999
1989-01-02,-5.54,92.13,-4.672568599999997
1989-01-03,-4.67,90.08,-3.6240847999999977
1989-01-04,-5.31,89.51,-4.167062049999998
1989-01-05,-3.08,95.11,-2.607185899999998
1989-01-06,1.19,95.59,1.5128340500000004
1989-01-07,2.14,96.36,2.3874472000000004
1989-01-08,-7.04,90.77,-5.946521899999998
1989-01-09,-9.92,92.39,-8.897900899999998
1989-01-10,-2.09,87.87,-0.9831981499999995
1989-01-11,-0.78,81.72,0.756251200000001
1989-01-12,0.32,84.99,1.4906299000000014
1989-01-13,-4.19,76.2,-1.743478999999999
1989-01-14,-3.2,84.98,-1.7378029999999989
1989-01-15,-1.3,89.87,-0.41970299999999894
1989-01-16,-2.08,87.6,-0.9492439999999986
1989-01-17,0.8,82.89,2.0892385000000004
1989-01-18,1.86,88.7,2.6455760000000006
1989-01-19,1.27,84.45,2.401495750000001
1989-01-20,-0.7,78.05,1.1350200000000013
1989-01-21,-2.74,70.79,0.029692200000000835
1989-01-22,0.45,79.25,2.0534562500000013
1989-01-23,2.08,87.32,2.9461708000000018
1989-01-24,2.79,95.21,3.098499950000001
1989-01-25,2.92,94.53,3.2683843
1989-01-26,2.39,85.51,3.35510645
1989-01-27,0.39,80.39,1.9118340500000013
1989-01-28,2.41,80.33,3.7179566500000014
1989-01-29,3.84,91.01,4.3670837
1989-01-30,3.06,87.08,3.8729264000000008
1989-01-31,5.12,82.25,6.0357225
1989-02-01,3.52,83.43,4.520662300000001
1989-02-02,-0.92,75.98,1.117136200000001
1989-02-03,-3.39,82.61,-1.6789109499999983
1989-02-04,-7.9,92.36,-6.958751999999999
1989-02-05,-6.48,91.49,-5.498031099999999
1989-02-06,-10.69,96.97,-10.270208649999999
1989-02-07,-8,92.5,-7.071874999999997
1989-02-08,-7.26,83.83,-5.324774399999998
1989-02-09,-11.45,91.94,-10.299636499999997
1989-02-10,-6.43,83.61,-4.543265149999998
1989-02-11,-3.59,85.6,-2.157271999999998
1989-02-12,-2.9,78.04,-0.798427999999999
1989-02-13,0.1,85.89,1.2175120000000015
1989-02-14,-0.92,76.52,1.0713388000000013
1989-02-15,0.5,72.15,2.644450000000001
1989-02-16,-3.55,77.73,-1.3391457499999984
1989-02-17,-4.1,76.97,-1.7440309999999979
1989-02-18,-3.78,77.73,-1.5409741999999986
1989-02-19,-2.7,87.03,-1.4730379999999987
1989-02-20,-1.75,84.29,-0.34591874999999983
1989-02-21,-0.75,84.82,0.5232225000000019
1989-02-22,-4.7,84.69,-3.083263999999999
1989-02-23,-6.09,82.36,-4.092358199999999
1989-02-24,-6.76,75.87,-3.9384790999999995
1989-02-25,-2.67,88.25,-1.5603887499999982
1989-02-26,-1.28,84.95,0.026189500000000532
1989-02-27,-5.4,78.32,-3.027123999999998
1989-02-28,-3.58,74.58,-1.0522351999999984
1989-03-01,-6.6,78.46,-4.100282999999997
1989-03-02,-6.74,84.34,-4.910598799999999
1989-03-03,-1.28,87.25,-0.1734274999999994
1989-03-04,3.51,94.08,3.8678344
1989-03-05,-2.19,84.71,-0.7864544499999984
1989-03-06,-4.37,75.55,-1.8324567499999986
1989-03-07,-5.41,72.45,-2.3931372499999988
1989-03-08,-5.46,76.52,-2.882365599999998
1989-03-09,-0.01,74.76,2.004278200000001
1989-03-10,1.97,79.73,3.366907050000001
1989-03-11,2.8,89.5,3.4756750000000007
1989-03-12,1.47,89.49,2.2231991500000015
1989-03-13,1.75,85.59,2.760501250000001
1989-03-14,4.85,95.5,5.0888375
1989-03-15,1.1,76.06,2.864378000000001
1989-03-16,0.16,67.16,2.750090800000001
1989-03-17,0.23,77.68,1.9817852000000005
1989-03-18,-2.44,81.03,-0.6725650999999986
1989-03-19,-3.47,70.25,-0.529658749999999
1989-03-20,0.49,88.27,1.3938551500000014
1989-03-21,-1.91,70.18,0.7814041000000007
1989-03-22,-0.78,56.85,2.8463260000000004
1989-03-23,1.53,76.35,3.2170727500000016
1989-03-24,3.81,79.84,4.9953072
1989-03-25,4.65,92.74,5.043310500000001
1989-03-26,5.79,93.93,6.08078335
1989-03-27,10.39,98.2,10.430689000000001
1989-03-28,10.98,98.27,11.0134928
1989-03-29,3.67,90.25,4.250758750000001
1989-03-30,3.1,91.13,3.656149000000001
1989-03-31,2.34,79.84,3.6883008000000004
1989-04-01,1.71,79.73,3.1358931500000007
1989-04-02,4.53,91.09,5.018579850000001
1989-04-03,4.18,95.5,4.435420000000001
1989-04-04,6.45,84.84,7.121209
1989-04-05,3.87,84.65,4.76743775
1989-04-06,3.26,78.59,4.5835662
1989-04-07,3.17,79.32,4.458674200000001
1989-04-08,2.9,79.94,4.1798280000000005
1989-04-09,-0.81,65.34,2.1085453000000003
1989-04-10,-0.62,60.82,2.6382088000000006
1989-04-11,1.81,65.76,4.199780800000001
1989-04-12,3.07,76.49,4.547956150000001
1989-04-13,3.39,71.47,5.133325650000001
1989-04-14,5.79,75.16,6.979960200000001
1989-04-15,6.51,69.18,7.8643849
1989-04-16,7.35,68.58,8.5855915
1989-04-17,7.39,89.93,7.78378735
1989-04-18,3.63,79.78,4.838852700000001
1989-04-19,4.98,68.96,6.6052544000000015
1989-04-20,6.53,64.62,8.0808823
1989-04-21,7.86,83.43,8.4651364
1989-04-22,6.15,88.34,6.685485500000001
1989-04-23,6.32,76.31,7.385813100000001
1989-04-24,7.7,73.44,8.693344000000002
1989-04-25,11.36,96,11.429079999999999
1989-04-26,6.15,95.9,6.3382925000000006
1989-04-27,5.09,95.83,5.30581835
1989-04-28,6.8,93.8,7.062570000000001
1989-04-29,7.78,86.19,8.290417600000001
1989-04-30,7.06,74.63,8.0981404
1989-05-01,5.62,76.57,6.764321200000001
1989-05-02,4.54,83.73,5.4312706
1989-05-03,7.48,72.98,8.5232422
1989-05-04,8.29,75.84,9.1151848
1989-05-05,8.46,79.34,9.146325200000001
1989-05-06,2.6,63.81,4.9686355
1989-05-07,3.58,71.81,5.2730914
1989-05-08,7.74,72.34,8.7683988
1989-05-09,5.77,85.12,6.4844631999999995
1989-05-10,5.81,77.65,6.87821825
1989-05-11,5.85,78.4,6.87762
1989-05-12,5.97,77.67,7.017611950000001
1989-05-13,7.02,90.47,7.4120642000000005
1989-05-14,7.6,88.11,8.051225500000001
1989-05-15,10.09,73.66,10.7288767
1989-05-16,10.73,79.48,11.1554822
1989-05-17,12.24,72.25,12.5849325
1989-05-18,13.07,81.65,13.214322750000001
1989-05-19,13.2,95.53,13.2319605
1989-05-20,14.22,86.68,14.240512800000001
1989-05-21,13.93,61.36,14.051136399999999
1989-05-22,14.73,68.49,14.69013985
1989-05-23,13.82,70.09,13.931863400000001
1989-05-24,15.41,80.1,15.3104005
1989-05-25,15.08,86.19,15.0359461
1989-05-26,12.46,77.16,12.716264800000001
1989-05-27,11.32,68.6,11.869186000000001
1989-05-28,10.84,66.8,11.508316
1989-05-29,13.44,84.82,13.5284994
1989-05-30,17.24,92.55,17.1277285
1989-05-31,18.06,92.75,17.918045
1989-06-01,18.25,95.5,18.1571875
1989-06-02,14.9,78.16,14.851952
1989-06-03,14.11,87.92,14.1359116
1989-06-04,12.9,76.33,13.108296000000001
1989-06-05,14.22,69.99,14.2662154
1989-06-06,16.93,68.53,16.50940345
1989-06-07,17.18,76.64,16.8356736
1989-06-08,17.43,78.46,17.082882899999998
1989-06-09,14.85,79.63,14.81078775
1989-06-10,12.13,82.14,12.362805100000001
1989-06-11,13.3,68.29,13.509286000000001
1989-06-12,14.16,87.54,14.1833002
1989-06-13,15.72,87.7,15.637467000000001
1989-06-14,15.21,80.41,15.133501050000001
1989-06-15,11.74,85.69,11.9572258
1989-06-16,11.67,82.53,11.94192055
1989-06-17,15.03,68.21,14.93733215
1989-06-18,16.72,85.65,16.544786499999997
1989-06-19,17.96,91.52,17.7986256
1989-06-20,15.11,91.41,15.08118055
1989-06-21,17.5,83.46,17.22709
1989-06-22,18.4,84.85,18.0750325
1989-06-23,20.6,87.25,20.1722375
1989-06-24,19.08,84.58,18.691570199999997
1989-06-25,18.56,82.25,18.163642499999998
1989-06-26,21.83,80.64,21.0495016
1989-06-27,20.38,87.37,19.971545799999998
1989-06-28,16.56,80.96,16.3442768
1989-06-29,14.61,77.08,14.5961334
1989-06-30,16.89,75.43,16.56702735
1989-07-01,19.39,71.55,18.62483725
1989-07-02,21.07,76.34,20.2150459
1989-07-03,20.18,86.79,19.7673196
1989-07-04,21.17,83,20.546355000000002
1989-07-05,20.39,77.61,19.66467595
1989-07-06,22.52,72.54,21.3087394
1989-07-07,21.43,72.76,20.3917474
1989-07-08,21.51,68.63,20.30052965
1989-07-09,24.01,72.37,22.564812850000003
1989-07-10,24.35,73.08,22.891609
1989-07-11,21.48,82.19,20.7962741
1989-07-12,20.41,86.26,19.963381300000002
1989-07-13,18.71,84.83,18.35873865
1989-07-14,18.4,75.2,17.868039999999997
1989-07-15,19.72,70.14,18.8627194
1989-07-16,20.94,62.81,19.6227302
1989-07-17,20.77,62.39,19.47301915
1989-07-18,20.31,72.96,19.4459368
1989-07-19,18.3,92.49,18.143041
1989-07-20,17.86,92.88,17.7284224
1989-07-21,18.4,93.25,18.2552125
1989-07-22,20.71,87.27,20.27520685
1989-07-23,21.43,86.69,20.92268935
1989-07-24,21.77,88.41,21.30657385
1989-07-25,22.69,88.69,22.180541050000002
1989-07-26,23.88,85.81,23.1479379
1989-07-27,23.43,81.32,22.512531799999998
1989-07-28,19.25,87.5,18.9234375
1989-07-29,19.39,84.27,18.96694165
1989-07-30,19.44,92.05,19.2239985
1989-07-31,19.24,92.17,19.0358719
1989-08-01,19.93,80.81,19.35689065
1989-08-02,21.59,72.05,20.50008975
1989-08-03,22.29,82.97,21.56034965
1989-08-04,23.63,90.38,23.1469317
1989-08-05,23.66,88.5,23.08063
1989-08-06,18.63,85.62,18.3033583
1989-08-07,16.06,66.36,15.7713688
1989-08-08,17.67,67.64,17.105803400000003
1989-08-09,19.59,72.9,18.8313355
1989-08-10,21.09,69.49,19.984165049999998
1989-08-11,21.42,70.61,20.3014166
1989-08-12,21.7,73.66,20.656935999999998
1989-08-13,21.26,76.9,20.401142
1989-08-14,21.88,77.21,20.9549539
1989-08-15,20.48,85.22,19.9938858
1989-08-16,18.95,77.42,18.3973545
1989-08-17,19.23,72.18,18.5062627
1989-08-18,19.45,78.47,18.86384575
1989-08-19,19.54,74.68,18.8381296
1989-08-20,21.21,80.63,20.49515015
1989-08-21,20.95,74.5,20.0453875
1989-08-22,22.04,86.74,21.490107799999997
1989-08-23,20.35,90.26,20.0366155
1989-08-24,19.06,81.81,18.6037948
1989-08-25,18.78,75.95,18.213863
1989-08-26,20.25,80.43,19.63109875
1989-08-27,21.62,85.91,21.0682356
1989-08-28,21.59,92.21,21.286228949999998
1989-08-29,22.18,91.51,21.8213824
1989-08-30,20.16,68.72,19.1862536
1989-08-31,19.89,81.72,19.3480894
1989-09-01,21.61,92.71,21.32492455
1989-09-02,18.47,67.66,17.763856099999998
1989-09-03,19.04,59.73,18.0344581
1989-09-04,18.52,73.94,17.9438134
1989-09-05,20.55,83.61,20.00462275
1989-09-06,20.7,93.16,20.466756
1989-09-07,20.83,92.89,20.58246535
1989-09-08,20.87,97.35,20.777157250000002
1989-09-09,19.77,95.65,19.64391525
1989-09-10,17,80.6,16.733249999999998
1989-09-11,18.12,69.35,17.5097585
1989-09-12,16.53,67.48,16.1669142
1989-09-13,14.33,78.7,14.3499155
1989-09-14,14.5,84.07,14.5
1989-09-15,15.54,68,15.356959999999999
1989-09-16,16.1,69.2,15.82896
1989-09-17,16.62,72.09,16.2945694
1989-09-18,16.98,77.25,16.66969
1989-09-19,16.76,80.28,16.514880400000003
1989-09-20,17.64,78.76,17.2731852
1989-09-21,17.88,82.66,17.5576494
1989-09-22,18.88,82.03,18.4471027
1989-09-23,10.61,62.09,11.42108445
1989-09-24,10.64,59.95,11.4902615
1989-09-25,11.95,69.52,12.377481999999999
1989-09-26,12.52,71.8,12.827098
1989-09-27,11.39,63.59,12.01279305
1989-09-28,12.67,68.5,12.9870475
1989-09-29,13.97,79.19,14.03066115
1989-09-30,15.07,73.13,14.98576255
1989-10-01,16.26,85.04,16.1151872
1989-10-02,15.49,80.66,15.3846937
1989-10-03,9.94,63.59,10.8531628
1989-10-04,8.86,56.63,10.2053374
1989-10-05,11.63,70.21,12.100235150000001
1989-10-06,12.42,77.92,12.6725952
1989-10-07,8.99,64.1,10.0779495
1989-10-08,8.46,61.65,9.733987
1989-10-09,8.65,66.48,9.728506
1989-10-10,11.26,78.39,11.6450902
1989-10-11,12.25,72.81,12.58647625
1989-10-12,14.75,70.1,14.7088875
1989-10-13,14.86,63.59,14.7879082
1989-10-14,15.93,78.88,15.7638912
1989-10-15,15.8,86.54,15.703761
1989-10-16,14,86.93,14.0359425
1989-10-17,8.88,82.15,9.431743500000001
1989-10-18,6.55,71.53,7.79485075
1989-10-19,5.22,76.83,6.4025968
1989-10-20,4.88,88.16,5.506454400000001
1989-10-21,7.02,75.82,8.014765200000001
1989-10-22,9.55,76.41,10.19223775
1989-10-23,10.86,89.57,11.0688086
1989-10-24,13.69,91.86,13.726263699999999
1989-10-25,14.8,87.83,14.7799195
1989-10-26,14.05,85.81,14.085120250000001
1989-10-27,13.29,81.92,13.4103224
1989-10-28,13.16,76.7,13.331721
1989-10-29,13.56,75.56,13.6863548
1989-10-30,13.58,79.34,13.6845396
1989-10-31,8.85,77.66,9.5442155
1989-11-01,6.18,76.1,7.273664000000001
1989-11-02,4.4,73.71,5.860409500000001
1989-11-03,1.29,70.21,3.454392450000001
1989-11-04,5.84,68.45,7.3427265
1989-11-05,9.61,80.2,10.142521
1989-11-06,7.63,74.72,8.5852048
1989-11-07,6.26,81.91,7.079838800000001
1989-11-08,6.98,87.15,7.511476000000001
1989-11-09,3.99,79.66,5.165753700000002
1989-11-10,4.73,78.24,5.899273600000002
1989-11-11,6.03,74.92,7.198351800000001
1989-11-12,5.28,63.63,7.1243227000000005
1989-11-13,9.54,82.74,10.0108528
1989-11-14,10.14,90.27,10.3733254
1989-11-15,5.86,92.33,6.224478400000001
1989-11-16,0.5,76.19,2.3333700000000013
1989-11-17,-3.4,75.31,-0.9692694999999993
1989-11-18,-3.91,75.66,-1.4454532999999983
1989-11-19,0.27,80.24,1.8165164000000016
1989-11-20,4.74,84.39,5.577944800000001
1989-11-21,0.18,72.28,2.3632272000000007
1989-11-22,-0.55,80.58,1.057490500000001
1989-11-23,-1.3,70.24,1.2861440000000017
1989-11-24,-1.18,70.89,1.3304464000000007
1989-11-25,3.84,81.53,4.922896100000001
1989-11-26,3.27,82.58,4.3459463000000005
1989-11-27,6.3,86.18,6.923282
1989-11-28,1.19,76.59,2.903729050000001
1989-11-29,-4.21,74.56,-1.5920967999999989
1989-11-30,0.44,81.51,1.8698317000000004
1989-12-01,1.18,85.9,2.2129660000000007
1989-12-02,-0.26,81.25,1.262125000000001
1989-12-03,-4.69,78.24,-2.393340799999998
1989-12-04,-1.84,71.69,0.7042197000000014
1989-12-05,1.06,85.84,2.1067072000000007
1989-12-06,1.9,83.39,3.0510730000000006
1989-12-07,-5.15,74.75,-2.421106249999999
1989-12-08,-4.52,68.04,-1.1766643999999986
1989-12-09,-2.45,74.87,-0.10725574999999976
1989-12-10,-0.96,83.86,0.4123842000000013
1989-12-11,-1.86,80.51,-0.10628979999999943
1989-12-12,-8.73,85.81,-6.917014649999999
1989-12-13,-7.46,75.07,-4.448954599999998
1989-12-14,-8.13,90.76,-6.9799434
1989-12-15,-11.86,97.76,-11.5352448
1989-12-16,-10.88,94.91,-10.169486899999999
1989-12-17,-10.71,95.2,-10.044455999999998
1989-12-18,-8.64,88.7,-7.201848999999999
1989-12-19,-7.93,85.71,-6.167114149999998
1989-12-20,-12.79,97.66,-12.438777699999997
1989-12-21,-16.71,100,-16.709999999999997
1989-12-22,-15,100,-14.999999999999996
1989-12-23,-12.23,96.31,-11.687514649999999
1989-12-24,-11.3,96.13,-10.750846999999998
1989-12-25,-6.12,94.14,-5.455417399999998
1989-12-26,-6.44,79.53,-4.082470099999999
1989-12-27,-5.73,88.07,-4.402608549999998
1989-12-28,-4.09,85.86,-2.6442556999999987
1989-12-29,0.28,96.83,0.5279257000000013
1989-12-30,0.29,94.18,0.7448620999999997
1989-12-31,-0.49,89.14,0.4053527000000009
1990-01-01,-2.07,87.6,-0.9399259999999983
1990-01-02,-2.28,88.79,-1.2454290999999995
1990-01-03,0.92,92.2,1.5025820000000008
1990-01-04,2,88.93,2.7610625000000004
1990-01-05,-1.78,80.54,-0.037551599999999574
1990-01-06,-1.41,86.95,-0.2680597499999995
1990-01-07,-0.31,88.12,0.657685400000001
1990-01-08,0.86,88.51,1.7219798000000008
1990-01-09,1.98,89.03,2.735394200000001
1990-01-10,-0.37,81.78,1.120122700000001
1990-01-11,1.13,72.75,3.133828750000001
1990-01-12,-3.53,73.96,-0.9477433999999976
1990-01-13,-4.77,78.84,-2.5273573999999988
1990-01-14,-0.9,84.04,0.45181200000000044
1990-01-15,1.44,91.78,2.030442600000001
1990-01-16,2.46,95.35,2.7679230000000015
1990-01-17,7.09,94.09,7.33086205
1990-01-18,0.27,81.52,1.7163372000000017
1990-01-19,-0.41,71.36,1.938623200000001
1990-01-20,0.96,86.13,1.9928989000000012
1990-01-21,0.57,87.87,1.4993399500000004
1990-01-22,1,83.68,2.21176
1990-01-23,1.53,88.6,2.3432190000000013
1990-01-24,3.17,84.61,4.129027850000001
1990-01-25,2.14,91.07,2.7470614000000015
1990-01-26,-3.45,83,-1.7716749999999988
1990-01-27,1.98,82.04,3.2167256
1990-01-28,-1.15,63.28,2.0106740000000016
1990-01-29,-0.43,64.11,2.5171073500000003
1990-01-30,1.33,69.06,3.5711389000000007
1990-01-31,-0.91,71.13,1.536876850000001
1990-02-01,2.63,91.06,3.2136479000000007
1990-02-02,-0.74,86.78,0.36810040000000077
1990-02-03,-0.47,85.59,0.7164473500000013
1990-02-04,0.2,81.89,1.6243515000000008
1990-02-05,1.4,78.35,2.959882500000001
1990-02-06,1.33,90.33,2.0304464500000012
1990-02-07,1.73,90.28,2.4126842000000006
1990-02-08,3.42,91.34,3.9477404000000007
1990-02-09,3.71,82.56,4.744976800000001
1990-02-10,0.15,65.07,2.906850250000001
1990-02-11,-0.33,64.92,2.531300200000001
1990-02-12,1.41,77.87,3.00324935
1990-02-13,3.63,92.57,4.074202550000002
1990-02-14,-1.74,76.5,0.3590200000000012
1990-02-15,-1.38,91.48,-0.6358631999999997
1990-02-16,-1.33,88.3,-0.311339499999999
1990-02-17,-4.82,84,-3.119839999999999
1990-02-18,-2.41,89.83,-1.464139149999999
1990-02-19,-2.88,78.29,-0.8047410999999993
1990-02-20,-3.8,65.92,-0.36984799999999884
1990-02-21,-0.55,80.2,1.0889450000000007
1990-02-22,2.15,94.73,2.50796475
1990-02-23,0.91,76.67,2.653800850000001
1990-02-24,-3.54,78.92,-1.4484423999999994
1990-02-25,-10.09,79.9,-7.371575499999999
1990-02-26,-5.56,76.51,-2.9683482999999984
1990-02-27,-0.12,84.15,1.1544985000000008
1990-02-28,-2.79,67.36,0.3139008000000012
1990-03-01,-1.05,71.53,1.3848967500000013
1990-03-02,1.44,75.48,3.2012716000000006
1990-03-03,-1.06,67.83,1.6931086000000009
1990-03-04,-1.29,58.91,2.2784610500000007
1990-03-05,0.75,85.65,1.8352187500000003
1990-03-06,-0.81,76.35,1.1814482500000016
1990-03-07,-1.7,71.94,0.8001460000000014
1990-03-08,1.71,87.29,2.6040849500000007
1990-03-09,3.92,93.71,4.286015100000002
1990-03-10,5.69,97.03,5.833911350000001
1990-03-11,6.91,97.32,7.021876600000001
1990-03-12,11.87,91.73,11.98962555
1990-03-13,11.31,98,11.34509
1990-03-14,11.25,96.7,11.3089875
1990-03-15,10.48,88.18,10.7413402
1990-03-16,6.2,79.18,7.1504330000000005
1990-03-17,3.9,78.24,5.168608000000001
1990-03-18,1.06,75.29,2.8865632000000008
1990-03-19,-2.29,71.45,0.3464497500000001
1990-03-20,-0.11,63.67,2.8092971500000012
1990-03-21,3.16,77.85,4.541495500000002
1990-03-22,5.74,90.94,6.176510800000001
1990-03-23,-1.17,64.14,1.920594100000001
1990-03-24,-1.27,56.3,2.5203195000000007
1990-03-25,0.48,63.18,3.319190200000001
1990-03-26,0.54,71.39,2.7366758000000013
1990-03-27,0.33,64.45,3.100589250000001
1990-03-28,1.92,70.78,3.941731800000001
1990-03-29,2.42,90.55,3.047858000000001
1990-03-30,2.99,93.77,3.3843901500000015
1990-03-31,3.92,92.78,4.3401318
1990-04-01,5.56,90.8,6.012364000000001
1990-04-02,3.18,85.16,4.103938400000001
1990-04-03,1.93,80,3.3127000000000013
1990-04-04,3.76,80.09,4.936083700000001
1990-04-05,2.82,79.82,4.1163632
1990-04-06,-0.29,62.33,2.7742661500000008
1990-04-07,0.46,61.78,3.4113484000000005
1990-04-08,3.98,65.89,5.9536046
1990-04-09,7.29,77.91,8.165978950000001
1990-04-10,4.65,92.5,5.0563125000000015
1990-04-11,1.46,72.37,3.4416236
1990-04-12,0.53,69.05,2.9080432500000013
1990-04-13,3.57,73.06,5.189498100000001
1990-04-14,4.72,86.18,5.4633778
1990-04-15,6.12,74.27,7.305895700000001
1990-04-16,6.03,67.99,7.52118585
1990-04-17,2.74,70.56,4.644179200000001
1990-04-18,3.68,60.95,6.003865500000001
1990-04-19,5.28,76.3,6.481827000000001
1990-04-20,9.49,98.2,9.539599
1990-04-21,5.6,95.54,5.818317
1990-04-22,9.26,65.18,10.2635124
1990-04-23,11.26,77.55,11.660059
1990-04-24,13.5,93.84,13.53388
1990-04-25,14.41,91.86,14.4140293
1990-04-26,14.27,90.57,14.28192895
1990-04-27,13.73,90.84,13.768792600000001
1990-04-28,12.84,92.21,12.9111227
1990-04-29,9.74,85.62,10.1164684
1990-04-30,9.79,82.21,10.25084995
1990-05-01,6.86,66.22,8.279435600000001
1990-05-02,7.44,65.55,8.777693500000002
1990-05-03,6.76,78.41,7.679086300000001
1990-05-04,5.7,95.38,5.9236080000000015
1990-05-05,7.12,81.23,7.8818743
1990-05-06,8.45,74.23,9.30749675
1990-05-07,10.82,75.16,11.3227616
1990-05-08,12.78,84.67,12.9250218
1990-05-09,12.67,91.57,12.75484795
1990-05-10,7.11,80.75,7.892416250000001
1990-05-11,6.28,74.43,7.4360197
1990-05-12,7.57,85.4,8.126479
1990-05-13,6.88,90.82,7.2647338
1990-05-14,8.43,91.27,8.72145105
1990-05-15,10.8,98.11,10.838461500000001
1990-05-16,13.84,92.07,13.8687859
1990-05-17,11.04,77.16,11.4746452
1990-05-18,9.86,70.26,10.6189648
1990-05-19,11.25,82.44,11.563885
1990-05-20,9.82,95.37,9.9391762
1990-05-21,7.6,88.03,8.0542615
1990-05-22,8.19,83.49,8.76297955
1990-05-23,9.77,79.37,10.30668945
1990-05-24,11.74,83.92,11.9840944
1990-05-25,10.11,94.59,10.24062445
1990-05-26,10.16,94.11,10.3005943
1990-05-27,9.81,89.92,10.070013600000001
1990-05-28,9.38,90.06,9.659910400000001
1990-05-29,7.97,85.99,8.47316915
1990-05-30,8.04,76.56,8.8728232
1990-05-31,11.18,59.56,11.9184344
1990-06-01,13.48,79.55,13.5947245
1990-06-02,16.19,98.91,16.17986845
1990-06-03,13.8,70.27,13.9144605
1990-06-04,8.03,74.81,8.926386149999999
1990-06-05,8.85,72.49,9.70487325
1990-06-06,13.92,86,13.96466
1990-06-07,13.34,82.44,13.4520328
1990-06-08,16.59,90.29,16.47838355
1990-06-09,15.59,82.87,15.48730565
1990-06-10,13.59,84.24,13.6688788
1990-06-11,13.72,82.48,13.795160800000001
1990-06-12,16.3,82.26,16.124374
1990-06-13,17.76,88.77,17.5586461
1990-06-14,18.21,97.88,18.1667414
1990-06-15,14.82,82.03,14.7883728
1990-06-16,16.82,81.85,16.588406
1990-06-17,18.46,93.47,18.317776600000002
1990-06-18,17.33,84.36,17.0865634
1990-06-19,13.2,80.72,13.337852
1990-06-20,16.23,82.74,16.0657711
1990-06-21,17.31,78.5,16.977717499999997
1990-06-22,16.93,91.02,16.809982299999998
1990-06-23,14.99,89.5,14.9617025
1990-06-24,15.44,79.43,15.3336531
1990-06-25,16.82,72.83,16.4733108
1990-06-26,18.54,84.45,18.194478999999998
1990-06-27,20.63,84.53,20.108428949999997
1990-06-28,17.13,90.52,16.9928718
1990-06-29,19.99,93.96,19.807622199999997
1990-06-30,21.59,89.26,21.1711937
1990-07-01,17.27,86.81,17.069050349999998
1990-07-02,17.15,82.6,16.896395
1990-07-03,19.21,82.22,18.7494091
1990-07-04,21.99,90.11,21.58258145
1990-07-05,19.65,85.82,19.2483515
1990-07-06,15.02,75.22,14.9491292
1990-07-07,15.96,81.9,15.814657
1990-07-08,19.83,82.43,19.31493545
1990-07-09,21.42,84.87,20.8441522
1990-07-10,18.62,84.64,18.2719424
1990-07-11,16.8,89.21,16.6635065
1990-07-12,16.4,83.14,16.223813
1990-07-13,16.06,81.37,15.900154599999999
1990-07-14,15.57,85.55,15.48496175
1990-07-15,16.57,87.37,16.42620745
1990-07-16,17.85,89.43,17.65524775
1990-07-17,20.48,85.12,19.9905968
1990-07-18,20.68,85.58,20.1898642
1990-07-19,21.44,91.25,21.106012500000002
1990-07-20,19.41,95.46,19.2873973
1990-07-21,18.65,75.91,18.10014575
1990-07-22,18.61,87.89,18.336253449999997
1990-07-23,18.85,84.93,18.48945025
1990-07-24,19.89,74.6,19.137017
1990-07-25,21.03,72.46,20.0409009
1990-07-26,20.94,76.39,20.1037338
1990-07-27,20.53,80.92,19.8972118
1990-07-28,21.48,82.61,20.8123979
1990-07-29,22.01,87.93,21.511448650000002
1990-07-30,20.25,88.24,19.87809
1990-07-31,17.31,74.6,16.917443
1990-08-01,18.58,62.95,17.748597999999998
1990-08-02,19.27,77.16,18.6707926
1990-08-03,20.84,79.55,20.1269085
1990-08-04,21.07,92.16,20.7867016
1990-08-05,19.71,86.79,19.33146745
1990-08-06,16.58,76.1,16.306583999999997
1990-08-07,17.59,69.5,17.0716525
1990-08-08,19.11,72.82,18.4208511
1990-08-09,20.18,73.97,19.366822799999998
1990-08-10,20.24,77.86,19.541040199999998
1990-08-11,20.22,84.72,19.7392912
1990-08-12,20.02,88.38,19.6672168
1990-08-13,17.75,83.72,17.458995
1990-08-14,18.26,71.08,17.6619344
1990-08-15,19.26,84.58,18.856304400000003
1990-08-16,19.91,87.17,19.52824335
1990-08-17,19.55,97.86,19.490561500000002
1990-08-18,21.51,95.21,21.32532155
1990-08-19,22.43,93.41,22.142577149999997
1990-08-20,20.71,98.6,20.662183
1990-08-21,20.2,96.92,20.103441999999998
1990-08-22,20.12,88.59,19.7673169
1990-08-23,20.33,86.19,19.887182349999996
1990-08-24,20.41,85.52,19.9393276
1990-08-25,21.96,84.64,21.3297792
1990-08-26,22.93,85.74,22.2688351
1990-08-27,24.02,84.68,23.217844799999998
1990-08-28,23.98,88.64,23.387689599999998
1990-08-29,22.5,77.92,21.52848
1990-08-30,21.32,70.89,20.2280839
1990-08-31,21.26,68.09,20.0735862
1990-09-01,21.74,80.14,20.949174799999998
1990-09-02,22.12,79.79,21.2729989
1990-09-03,20.74,80.23,20.0614936
1990-09-04,21.64,82.2,20.940994
1990-09-05,22.85,93.22,22.5386285
1990-09-06,23.47,87.4,22.848378999999998
1990-09-07,21.8,91.22,21.447483000000002
1990-09-08,19.95,82.79,19.43413025
1990-09-09,21.27,80.23,20.53386405
1990-09-10,21.34,82.46,20.6801452
1990-09-11,20.41,86.3,19.9646815
1990-09-12,20.93,86.38,20.448328699999998
1990-09-13,21.6,84.07,20.9779335
1990-09-14,20.03,83.81,19.53758115
1990-09-15,16.9,71.63,16.525516
1990-09-16,15.41,80.41,15.31195205
1990-09-17,14,69.1,14.084975
1990-09-18,13.87,71.48,13.968821799999999
1990-09-19,15.26,82.33,15.1861394
1990-09-20,16.59,60.92,16.1407754
1990-09-21,16.07,83.11,15.92415485
1990-09-22,13.72,74.3,13.830253
1990-09-23,10.85,72.58,11.4004565
1990-09-24,11.82,65.4,12.330004
1990-09-25,14.77,69.51,14.72472235
1990-09-26,16.93,81.35,16.68074275
1990-09-27,17.17,75.18,16.805518300000003
1990-09-28,17.05,77.54,16.7349985
1990-09-29,14.85,86.33,14.82368525
1990-09-30,13.09,78.35,13.25789575
1990-10-01,13.78,63.43,13.9248172
1990-10-02,13.94,64.25,14.05011
1990-10-03,15.78,78.36,15.627654399999999
1990-10-04,14.14,74.28,14.1909256
1990-10-05,15.91,70.79,15.68347645
1990-10-06,18,72.37,17.4681225
1990-10-07,14.4,84.56,14.408492
1990-10-08,11.73,83.5,11.9813775
1990-10-09,9.15,87.61,9.51457575
1990-10-10,8,89.06,8.391105
1990-10-11,7.17,73.15,8.25245775
1990-10-12,11.48,55.68,12.216155200000001
1990-10-13,12.62,67.22,12.958945199999999
1990-10-14,11.93,86.59,12.11955035
1990-10-15,10.35,74.8,10.92519
1990-10-16,11.67,70.28,12.1325918
1990-10-17,15.88,81.65,15.740723500000001
1990-10-18,8.14,77.33,8.932996600000001
1990-10-19,5.46,72.83,6.8108924
1990-10-20,8.68,75.61,9.4607239
1990-10-21,10.31,81.52,10.735871600000001
1990-10-22,7.2,65.95,8.5671075
1990-10-23,8.76,58.43,10.0723649
1990-10-24,8.48,78.88,9.1792832
1990-10-25,6.82,75.94,7.836294400000001
1990-10-26,6.71,68.81,8.04633555
1990-10-27,8.34,75.31,9.1764972
1990-10-28,6.11,71.78,7.412211900000001
1990-10-29,6.86,67.71,8.2168258
1990-10-30,10.41,81.41,10.82818205
1990-10-31,12.19,90,12.31705
1990-11-01,12.62,86.93,12.755143799999999
1990-11-02,12.92,83.58,13.0626898
1990-11-03,13.64,92.14,13.6771778
1990-11-04,7.28,90.05,7.675114500000001
1990-11-05,5.75,91.9,6.139812500000001
1990-11-06,3.37,80.56,4.5600196
1990-11-07,2.8,78.98,4.152637
1990-11-08,1.72,68.6,3.927106000000001
1990-11-09,3.85,78.93,5.08417525
1990-11-10,3.97,85.73,4.79644705
1990-11-11,3.55,65.77,5.61150175
1990-11-12,3.61,65.52,5.675179600000001
1990-11-13,3.9,58.49,6.3200330000000005
1990-11-14,6.32,81.87,7.135668700000001
1990-11-15,11.02,89.15,11.227669
1990-11-16,10.65,81.66,11.0383495
1990-11-17,5.43,75.4,6.657171
1990-11-18,5.59,78.36,6.650468200000001
1990-11-19,6.72,83.19,7.4392999
1990-11-20,7.69,87.41,8.161558450000001
1990-11-21,10.2,91.72,10.395821999999999
1990-11-22,8.16,74.02,9.0659226
1990-11-23,4.95,71.31,6.456942250000001
1990-11-24,3.03,69.93,4.92696595
1990-11-25,4.87,78.42,6.0129847000000005
1990-11-26,5.78,88.55,6.329142000000001
1990-11-27,14.37,98.74,14.370900899999999
1990-11-28,4.38,80.79,5.4492286000000005
1990-11-29,-0.03,76.64,1.8368144000000004
1990-11-30,2.36,77.33,3.873675900000001
1990-12-01,4.05,83.33,5.00810825
1990-12-02,2.49,70.02,4.470328900000001
1990-12-03,2.76,87.41,3.572936300000001
1990-12-04,-2.35,84.48,-0.9116839999999993
1990-12-05,-1.09,81.76,0.4739888000000003
1990-12-06,1.52,85.04,2.5879944000000004
1990-12-07,0.03,84.62,1.2540173000000008
1990-12-08,1.52,91.27,2.1432347000000016
1990-12-09,3.49,92.1,3.9683845000000013
1990-12-10,3.53,89.01,4.19308165
1990-12-11,3.65,88.03,4.364309750000001
1990-12-12,5.46,96.94,5.612143200000001
1990-12-13,0.48,83.17,1.7777613000000008
1990-12-14,-0.08,76.53,1.802059300000001
1990-12-15,2.51,90.94,3.1074617000000004
1990-12-16,0.89,88.11,1.780025950000001
1990-12-17,1.86,91.42,2.456481600000001
1990-12-18,1.77,89.87,2.479251950000001
1990-12-19,1.07,79.68,2.5709368
1990-12-20,2.9,90.44,3.509928000000001
1990-12-21,2.58,86.6,3.4585040000000014
1990-12-22,-5.67,87.31,-4.262234849999999
1990-12-23,-10.59,99.19,-10.478224049999998
1990-12-24,-10.97,96.58,-10.490909299999998
1990-12-25,-7.09,93.39,-6.305095549999999
1990-12-26,-12.96,91.67,-11.701920099999999
1990-12-27,-6.41,82.17,-4.359460849999999
1990-12-28,-1.66,96.14,-1.3169231999999986
1990-12-29,1.54,91.61,2.1380392000000015
1990-12-30,-8.04,95.35,-7.463539499999996
1990-12-31,-11.5,98.24,-11.248319999999996
1991-01-01,-7.03,94.94,-6.430820099999997
1991-01-02,-3.47,88.52,-2.3353741999999986
1991-01-03,-9.87,93.89,-9.051046149999996
1991-01-04,-8.68,92.64,-7.741673599999998
1991-01-05,-4.33,92.09,-3.51080085
1991-01-06,-3.01,87.21,-1.7782590499999982
1991-01-07,-2.44,80.03,-0.5793950999999986
1991-01-08,-2.53,88.17,-1.421943049999999
1991-01-09,-2.37,89.56,-1.4013245999999988
1991-01-10,-2.8,80.66,-0.9597989999999985
1991-01-11,-0.41,92.47,0.20749765000000137
1991-01-12,-0.49,88.93,0.4226661500000004
1991-01-13,-5.74,97.31,-5.440549199999998
1991-01-14,-0.64,95.92,-0.30025839999999976
1991-01-15,0.31,91.79,0.9507494500000007
1991-01-16,1.87,94.57,2.2471949500000017
1991-01-17,-2.89,91.81,-2.106667449999998
1991-01-18,-5.48,95.74,-5.011868599999999
1991-01-19,-0.39,95.54,-0.024748299999999224
1991-01-20,-0.63,91.99,0.036552150000001005
1991-01-21,-6.49,90.64,-5.409434799999998
1991-01-22,-11.45,95.71,-10.837709749999995
1991-01-23,-4.7,91.07,-3.7569919999999977
1991-01-24,-10.21,94.63,-9.480190149999999
1991-01-25,-11.36,87.67,-9.606304099999997
1991-01-26,-8.21,92.86,-7.3181783000000005
1991-01-27,-5.12,94.82,-4.561026199999998
1991-01-28,-3.53,92.97,-2.8328700499999986
1991-01-29,-2.07,80.52,-0.2946901999999987
1991-01-30,-6.57,86.5,-5.0055524999999985
1991-01-31,-8.15,92.87,-7.26178025
1991-02-01,-3.56,92.53,-2.818004899999999
1991-02-02,1.29,91.74,1.8901303000000012
1991-02-03,2.92,92.27,3.412323700000001
1991-02-04,3.97,94.59,4.2833201500000015
1991-02-05,2.17,95.94,2.4453289000000007
1991-02-06,2.44,97.47,2.6078149000000015
1991-02-07,1.59,92.48,2.1239576000000007
1991-02-08,1.79,84.6,2.8665370000000014
1991-02-09,0.99,93.99,1.4365730500000007
1991-02-10,0.09,73.63,2.179954350000001
1991-02-11,-3.56,66.26,-0.20860579999999995
1991-02-12,-3.56,68.94,-0.4748101999999985
1991-02-13,0.56,85.92,1.639513600000001
1991-02-14,-1.59,86.84,-0.42540579999999917
1991-02-15,-8.79,83.22,-6.640565899999997
1991-02-16,-7.74,84.64,-5.861164799999999
1991-02-17,-0.16,88.46,0.7704702000000012
1991-02-18,1.96,94.91,2.311057300000001
1991-02-19,3.16,89.76,3.7986688000000006
1991-02-20,0.58,81.4,2.004016000000001
1991-02-21,3.38,90.45,3.9640780000000007
1991-02-22,1.15,77.8,2.780035000000001
1991-02-23,-1.89,71.42,0.686344100000001
1991-02-24,-0.32,82.14,1.1357686000000013
1991-02-25,-4.1,76.02,-1.6468459999999974
1991-02-26,-5.07,73.7,-2.2391994999999993
1991-02-27,-3.25,81.03,-1.3980537499999988
1991-02-28,-0.02,91.04,0.6955455999999999
1991-03-01,4.98,96.42,5.167448800000002
1991-03-02,3.55,94.36,3.8896690000000005
1991-03-03,-1.71,85.24,-0.39407219999999854
1991-03-04,-0.63,77.2,1.2673020000000013
1991-03-05,1.74,84.51,2.8270882000000004
1991-03-06,4.16,88.71,4.802062300000001
1991-03-07,-2.14,69.34,0.6660032000000009
1991-03-08,-0.12,63.69,2.7996871000000008
1991-03-09,1.43,81.79,2.739025850000001
1991-03-10,1.46,83.16,2.6677648000000014
1991-03-11,1.64,82.26,2.8947502000000007
1991-03-12,0.61,76.94,2.3716687000000007
1991-03-13,0.61,78.89,2.222698450000001
1991-03-14,1.09,79.4,2.6093530000000005
1991-03-15,1.49,82.63,2.732910350000001
1991-03-16,2.38,84.38,3.421229200000001
1991-03-17,2.79,89.01,3.4978109500000003
1991-03-18,3.47,89.46,4.1094091000000015
1991-03-19,4.08,83.08,5.049685200000001
1991-03-20,5.42,84.93,6.1725958
1991-03-21,9.14,91.36,9.394707200000001
1991-03-22,10.76,95.82,10.8459826
1991-03-23,7.68,87.84,8.1361216
1991-03-24,3.55,81.75,4.64910625
1991-03-25,5.41,79.31,6.4443965500000004
1991-03-26,9.88,94.67,10.015435300000002
1991-03-27,13.46,93.09,13.4995252
1991-03-28,3.71,68.68,5.5686854
1991-03-29,-0.2,72.26,2.0427790000000003
1991-03-30,-0.12,64.58,2.728122200000001
1991-03-31,2.51,74.21,4.210721550000001
1991-04-01,3.22,76.5,4.677940000000001
1991-04-02,2.68,73.27,4.417717300000001
1991-04-03,4.57,78.71,5.732753350000001
1991-04-04,7.89,92.49,8.163026050000001
1991-04-05,9.22,90.68,9.490652800000001
1991-04-06,11.67,86.25,11.88401875
1991-04-07,12.32,92.14,12.4142414
1991-04-08,12.9,97.82,12.919184000000001
1991-04-09,10.31,95.29,10.418541950000002
1991-04-10,3.82,77.72,5.128727200000001
1991-04-11,2.62,76.51,4.154836600000001
1991-04-12,4.31,75.19,5.700476450000001
1991-04-13,5.7,89.77,6.195132000000001
1991-04-14,8.9,96.43,9.009956
1991-04-15,7.91,84.54,8.470347700000001
1991-04-16,7.29,78,8.162410000000001
1991-04-17,6.55,83.63,7.26577825
1991-04-18,5.23,86.35,5.925945250000002
1991-04-19,5.3,90.34,5.7887960000000005
1991-04-20,3.8,88.81,4.4585315
1991-04-21,4.26,84.99,5.105363200000001
1991-04-22,5.46,69.47,6.977951600000001
1991-04-23,7.14,81.55,7.886856000000001
1991-04-24,5.99,75.25,7.148423750000001
1991-04-25,7.5,66.13,8.803995
1991-04-26,10.24,80.71,10.6919647
1991-04-27,12.17,95.51,12.22753935
1991-04-28,10.31,95.4,10.416007
1991-04-29,12.02,97.21,12.0580556
1991-04-30,10.2,78.94,10.698069
1991-05-01,8.61,75.96,9.3887758
1991-05-02,7.91,72.23,8.91652365
1991-05-03,5.95,81.63,6.813849250000001
1991-05-04,7.16,89.15,7.598014500000001
1991-05-05,7.7,95.6,7.864560000000001
1991-05-06,6.69,81.4,7.488963000000001
1991-05-07,7.1,78.84,7.961212
1991-05-08,8.24,81.6,8.873512000000002
1991-05-09,12.52,88.52,12.6450172
1991-05-10,13.08,91.05,13.1498995
1991-05-11,16.18,91.27,16.0993348
1991-05-12,18.37,88.49,18.12500965
1991-05-13,18.28,85.71,17.9829109
1991-05-14,17.72,94.26,17.6183446
1991-05-15,18.87,88.62,18.596481700000002
1991-05-16,18.3,90.97,18.111273
1991-05-17,12.51,93.67,12.57928185
1991-05-18,8.42,90.2,8.747712
1991-05-19,8.99,86.79,9.39032905
1991-05-20,11.28,88.71,11.4799459
1991-05-21,15.46,89.76,15.4059328
1991-05-22,17.8,94.04,17.691826
1991-05-23,16.81,96.76,16.768835799999998
1991-05-24,17.29,92.56,17.1758332
1991-05-25,17.9,98.15,17.865405
1991-05-26,17.2,93.85,17.108672499999997
1991-05-27,17.8,90.75,17.6321125
1991-05-28,19.65,91.48,19.408671
1991-05-29,18.78,95.77,18.680425800000002
1991-05-30,18.96,87.28,18.6479784
1991-05-31,20.06,91.5,19.800069999999998
1991-06-01,18.64,90.28,18.4186756
1991-06-02,18.72,92.3,18.541283
1991-06-03,16.1,94.43,16.050984
1991-06-04,14,82.95,14.0468875
1991-06-05,14.13,82.08,14.166467200000001
1991-06-06,14.8,81.56,14.769574
1991-06-07,16.2,72.13,15.939415499999999
1991-06-08,17.23,68.26,16.7534239
1991-06-09,18.93,69.65,18.19052225
1991-06-10,19.61,80.92,19.0737566
1991-06-11,19.91,87.33,19.53300415
1991-06-12,19.19,80.24,18.6802908
1991-06-13,19.1,82.55,18.658515
1991-06-14,20.74,89.55,20.381355999999997
1991-06-15,21.49,91.47,21.16206415
1991-06-16,19.51,83.81,19.06388455
1991-06-17,19.26,67.85,18.418313
1991-06-18,19.98,67.19,18.9911066
1991-06-19,20.29,68.75,19.29484375
1991-06-20,21.01,70.79,19.96413595
1991-06-21,21.99,73.5,20.8983325
1991-06-22,17.69,93.27,17.571922150000002
1991-06-23,16.6,74.72,16.308016000000002
1991-06-24,17.79,75.81,17.35228195
1991-06-25,19.91,72.29,19.08548895
1991-06-26,21.16,80.33,20.4394879
1991-06-27,22.32,84.44,21.6507644
1991-06-28,22.16,82.45,21.4206185
1991-06-29,23.35,83,22.522525
1991-06-30,21.27,89.16,20.8663726
1991-07-01,22.44,85.61,21.8115887
1991-07-02,23.28,82.83,22.4508607
1991-07-03,22.29,79.1,21.394539499999997
1991-07-04,21.51,79.05,20.702272750000002
1991-07-05,21.97,77.51,21.045998349999998
1991-07-06,23.72,78.06,22.6074226
1991-07-07,24.53,83.44,23.6164676
1991-07-08,20.7,85.12,20.192591999999998
1991-07-09,19.78,68.92,18.8774368
1991-07-10,20.97,75.34,20.092473899999998
1991-07-11,21.28,78.86,20.491689400000002
1991-07-12,22.59,82.2,21.797989
1991-07-13,20.66,84.33,20.1291004
1991-07-14,20.17,72.04,19.2980674
1991-07-15,21.33,57.06,19.716958899999998
1991-07-16,22.89,62.64,21.1660228
1991-07-17,23.99,70.16,22.432501199999997
1991-07-18,25.38,68.84,23.5153856
1991-07-19,25.38,70.07,23.5889888
1991-07-20,25.72,73.22,24.067406199999997
1991-07-21,25.4,76.17,23.9713915
1991-07-22,26.73,72.03,24.84859795
1991-07-23,24.36,66.43,22.539498899999998
1991-07-24,22.14,62.41,20.5604682
1991-07-25,20.07,69.46,19.1344071
1991-07-26,19.15,66.01,18.28070575
1991-07-27,19.37,63.7,18.3977045
1991-07-28,20.77,69.43,19.71579355
1991-07-29,20.65,75.65,19.826361249999998
1991-07-30,19.13,72.45,18.42843925
1991-07-31,21.36,66.32,20.0892536
1991-08-01,23.92,60.47,21.8719507
1991-08-02,25.34,59.32,22.9146584
1991-08-03,22.05,85.8,21.460345
1991-08-04,19.49,78.66,18.9043237
1991-08-05,18.48,69.21,17.8060069
1991-08-06,19.91,71.8,19.070909
1991-08-07,20.68,75.3,19.840446999999998
1991-08-08,19.55,92.21,19.33363275
1991-08-09,19.12,81.43,18.6481363
1991-08-10,19.75,78.03,19.11561625
1991-08-11,20.58,68.25,19.518279999999997
1991-08-12,20.97,59.83,19.54055055
1991-08-13,20.63,78.72,19.9125448
1991-08-14,22.08,61.24,20.464095599999997
1991-08-15,22.63,66.5,21.1320475
1991-08-16,22.6,66.84,21.122722
1991-08-17,22.15,79.04,21.268107999999998
1991-08-18,22.18,73.38,21.0555712
1991-08-19,18.6,86.75,18.301212500000002
1991-08-20,19.05,78.25,18.50570625
1991-08-21,20.43,66.2,19.327613
1991-08-22,21.83,74.61,20.806402149999997
1991-08-23,20.45,80.74,19.8197165
1991-08-24,21.18,77.25,20.344165
1991-08-25,23.06,70.29,21.661253199999997
1991-08-26,24.26,67.19,22.498759200000002
1991-08-27,24.02,75.27,22.7251372
1991-08-28,24.95,74.52,23.485536999999997
1991-08-29,25.19,76.86,23.8294837
1991-08-30,24.09,83.23,23.20546635
1991-08-31,22.06,79.5,21.20761
1991-09-01,18.56,70.19,17.8943427
1991-09-02,19.87,69.11,18.95766385
1991-09-03,21.46,85.3,20.897284
1991-09-04,19.85,77.98,19.2020615
1991-09-05,19.64,51.7,18.274559
1991-09-06,21.09,59.69,19.62896405
1991-09-07,22.67,64.34,21.067617900000002
1991-09-08,22.54,64.58,20.9737276
1991-09-09,22.72,72.63,21.4826023
1991-09-10,22.39,85.35,21.75426325
1991-09-11,18.72,82.62,18.3166102
1991-09-12,19.23,79.6,18.699294
1991-09-13,21.09,91.05,20.76560725
1991-09-14,21.95,92.71,21.651292249999997
1991-09-15,23.9,82.91,23.016447
1991-09-16,22.28,76.72,21.2838488
1991-09-17,18.1,70,17.506
1991-09-18,15.86,66.94,15.6127112
1991-09-19,10.91,67.61,11.54954055
1991-09-20,10.17,64.37,11.01852845
1991-09-21,11.97,60.89,12.51421565
1991-09-22,14.76,71.01,14.7185443
1991-09-23,13.05,72.26,13.271226500000001
1991-09-24,13.31,61.79,13.56008445
1991-09-25,12.52,72.92,12.8149012
1991-09-26,11.64,66.6,12.165382000000001
1991-09-27,10.59,56.16,11.5327792
1991-09-28,11.17,58.36,11.9326366
1991-09-29,13.56,61.81,13.757442300000001
1991-09-30,15.92,69.08,15.6785148
1991-10-01,13.82,71.91,13.9250566
1991-10-02,15.92,78.7,15.753646999999999
1991-10-03,14.47,88.07,14.47196845
1991-10-04,12.08,93.07,12.1722383
1991-10-05,10.21,83.15,10.60757575
1991-10-06,6.6,75.85,7.6493175
1991-10-07,7.42,74.2,8.424652
1991-10-08,11.66,68.17,12.1571846
1991-10-09,14.66,75.67,14.6385896
1991-10-10,12.63,66.88,12.9706392
1991-10-11,11.41,72.94,11.8698847
1991-10-12,10.76,80.7,11.157001
1991-10-13,9.89,68.35,10.692485750000001
1991-10-14,10.44,79.95,10.8877165
1991-10-15,6.38,72.09,7.626460600000001
1991-10-16,7.42,57.19,9.087021400000001
1991-10-17,11.06,67.85,11.668278
1991-10-18,10.58,73.24,11.1569456
1991-10-19,5.14,68.23,6.7755196
1991-10-20,6.11,60.42,7.936419100000001
1991-10-21,8.97,66.91,9.976432350000001
1991-10-22,12.68,82.47,12.8554753
1991-10-23,14.7,83.77,14.682146999999999
1991-10-24,15.51,95.97,15.48761335
1991-10-25,14.16,91.52,14.1758576
1991-10-26,10.16,93.96,10.3041748
1991-10-27,8.94,95.26,9.0849492
1991-10-28,10.31,92.17,10.49044235
1991-10-29,12.42,87.49,12.5631144
1991-10-30,7.7,88.6,8.12636
1991-10-31,7.72,84.55,8.2961305
1991-11-01,8.81,84.05,9.309155250000002
1991-11-02,-0.67,76.14,1.320759100000001
1991-11-03,-3.73,79.28,-1.652509199999999
1991-11-04,-4.29,79.68,-2.1900295999999995
1991-11-05,-2.73,80.9,-0.9199884999999994
1991-11-06,-0.97,78.57,0.8533715500000019
1991-11-07,-3.38,72.34,-0.6599155999999993
1991-11-08,-4.32,74.25,-1.6546174999999992
1991-11-09,-1.74,70.47,0.8976196000000012
1991-11-10,1.52,67.95,3.808049500000001
1991-11-11,3.2,85.55,4.098067500000001
1991-11-12,2.28,85.35,3.264626500000001
1991-11-13,3.3,92.11,3.7860240000000007
1991-11-14,5.97,97.64,6.0807194
1991-11-15,8.77,94.41,8.946168850000001
1991-11-16,5.29,87.19,5.938890550000001
1991-11-17,3.91,84.5,4.8127975
1991-11-18,9.52,86.01,9.9031861
1991-11-19,12.18,95.19,12.2413756
1991-11-20,6.42,90.59,6.838180400000001
1991-11-21,5.02,85.1,5.796886000000001
1991-11-22,4.83,82.89,5.739995350000001
1991-11-23,3.89,86.4,4.683628000000001
1991-11-24,-2,85.33,-0.6686974999999991
1991-11-25,-3.25,80.23,-1.3199537499999996
1991-11-26,-3.96,80.85,-2.0157004999999977
1991-11-27,2.43,82.86,3.567838900000001
1991-11-28,2.19,92.35,2.707943250000001
1991-11-29,5.09,96.46,5.273212700000001
1991-11-30,7.58,81.17,8.2966698
1991-12-01,-2.03,76.54,0.10286590000000073
1991-12-02,-0.45,75.22,1.587535500000001
1991-12-03,-0.79,88.99,0.13588595000000114
1991-12-04,-7.37,97.36,-7.052447599999998
1991-12-05,-5.83,93.24,-5.074130599999998
1991-12-06,-4.92,89.13,-3.758975299999998
1991-12-07,3.35,96.15,3.586101250000001
1991-12-08,7.02,98.92,7.0644312
1991-12-09,1.97,89.85,2.6694872500000013
1991-12-10,1.43,91.81,2.0187381500000017
1991-12-11,2.47,93.19,2.9205836500000015
1991-12-12,6.59,93.71,6.863646450000001
1991-12-13,3.3,89.08,3.972672
1991-12-14,-0.86,83.78,0.5102656000000011
1991-12-15,-3.86,79.29,-1.7687041999999993
1991-12-16,-6.22,85.83,-4.6051867999999985
1991-12-17,0.19,85.8,1.3076110000000016
1991-12-18,-4.78,78.93,-2.5457372
1991-12-19,-3.53,78.94,-1.441585099999998
1991-12-20,-0.05,84.77,1.1687807500000014
1991-12-21,0.77,91.56,1.4073466000000003
1991-12-22,0.04,94.42,0.4837774000000015
1991-12-23,1.73,84.3,2.832689500000001
1991-12-24,-0.87,85.6,0.3473040000000015
1991-12-25,0.84,87.57,1.7738659000000017
1991-12-26,0.62,91.93,1.2360638000000002
1991-12-27,1.91,89.46,2.6398423000000015
1991-12-28,1.01,89,1.8261450000000008
1991-12-29,0.8,89.37,1.6009705000000007
1991-12-30,0.86,86.28,1.889274400000001
1991-12-31,0.54,82.1,1.9143620000000015
1992-01-01,-0.1,82.5,1.3052500000000007
1992-01-02,1.9,95.93,2.1820509999999995
1992-01-03,2.59,96.09,2.846124550000001
1992-01-04,1.44,87.54,2.3350018000000006
1992-01-05,0.84,86.02,1.8903174000000011
1992-01-06,0.79,84.54,1.9557613000000007
1992-01-07,1.75,86.21,2.7170237500000014
1992-01-08,1.38,91.6,1.9861440000000017
1992-01-09,2.04,93.28,2.5005216000000012
1992-01-10,-1.26,85.58,-0.010074399999998374
1992-01-11,0.17,89.49,0.9983456500000015
1992-01-12,1.71,94.01,2.13136655
1992-01-13,1.83,93.54,2.280165100000001
1992-01-14,-2.09,79.74,-0.24137629999999843
1992-01-15,-5.62,81.24,-3.544018399999998
1992-01-16,-12.49,96.12,-11.9140334
1992-01-17,-3.84,82.63,-2.087888099999998
1992-01-18,-10.99,93.01,-10.010036949999998
1992-01-19,-10.19,95.89,-9.631882549999997
1992-01-20,-3.1,86.33,-1.776743999999999
1992-01-21,-0.7,91.82,-0.016151999999998723
1992-01-22,1.36,95.79,1.6642567000000006
1992-01-23,0.9,89.96,1.6509920000000013
1992-01-24,-6.13,84.26,-4.344060899999999
1992-01-25,-4.21,84.97,-2.663337849999998
1992-01-26,-4.04,85.46,-2.5573561999999983
1992-01-27,-0.98,90.14,-0.14051959999999908
1992-01-28,0.12,79.52,1.739763200000001
1992-01-29,-0.91,90.17,-0.07685834999999874
1992-01-30,1.42,92.74,1.9422844000000017
1992-01-31,1.01,85.01,2.1221830500000007
1992-02-01,-0.66,74.51,1.4653562
1992-02-02,0.26,86.28,1.3345504000000012
1992-02-03,2.33,96.91,2.5368291500000013
1992-02-04,1.69,86.37,2.6503016500000007
1992-02-05,-0.05,76.24,1.851394000000001
1992-02-06,0.66,85.14,1.791143200000001
1992-02-07,-1.25,77.17,0.7276487500000006
1992-02-08,-4.68,81.19,-2.695733099999998
1992-02-09,-6.67,74.41,-3.690428349999998
1992-02-10,-1.25,78.21,0.6375587500000015
1992-02-11,-0.64,84.64,0.6390272000000009
1992-02-12,-4.5,76.66,-2.0609699999999984
1992-02-13,-2.07,84.93,-0.6965955499999992
1992-02-14,-0.32,88.66,0.6043234000000013
1992-02-15,1.13,95.48,1.4623782000000012
1992-02-16,-0.05,91.02,0.6686245000000006
1992-02-17,1.31,93.66,1.7699353000000009
1992-02-18,2.19,96.31,2.4398314500000007
1992-02-19,1.76,95.58,2.0697094000000007
1992-02-20,0.85,89.96,1.6037530000000015
1992-02-21,0.87,84,2.069440000000001
1992-02-22,2.63,90.81,3.2299691500000005
1992-02-23,2.7,93.29,3.135479000000001
1992-02-24,2.99,91.69,3.516064550000001
1992-02-25,1.2,88.68,2.0280580000000006
1992-02-26,-0.06,86.41,1.0282872000000016
1992-02-27,1.63,86.07,2.616035050000001
1992-02-28,2.01,90.65,2.6522982500000003
1992-02-29,-0.97,68.44,1.7152826000000012
1992-03-01,4.3,80.33,5.403487
1992-03-02,5.99,93.25,6.305933750000001
1992-03-03,4.24,94.74,4.536821800000001
1992-03-04,5.13,95.17,5.378914050000001
1992-03-05,8.67,98.81,8.70815735
1992-03-06,9.36,98.31,9.4077763
1992-03-07,8.02,97.14,8.1219304
1992-03-08,6.73,91.67,7.085982550000001
1992-03-09,7.86,93.9,8.082772
1992-03-10,-2.25,85.45,-0.9095812499999989
1992-03-11,-5.19,75.24,-2.5086157999999985
1992-03-12,-3.8,72.82,-1.0643329999999973
1992-03-13,-3.64,69.12,-0.5591023999999991
1992-03-14,-2.01,81.47,-0.3273833499999985
1992-03-15,-2.03,63.53,1.2856700500000016
1992-03-16,-0.41,70.8,1.984546000000001
1992-03-17,2.44,85.81,3.3812227000000012
1992-03-18,0.55,74.13,2.534875750000001
1992-03-19,0.97,68.73,3.2969570500000005
1992-03-20,0.91,80.12,2.3959306000000007
1992-03-21,-0.67,77.21,1.2314836500000013
1992-03-22,0.02,84.64,1.2432704000000008
1992-03-23,-0.83,78.9,0.9490465000000007
1992-03-24,3.1,76.32,4.584736000000001
1992-03-25,4.36,89.02,4.972354600000002
1992-03-26,2.72,80.11,4.008673100000001
1992-03-27,0.75,81.36,2.159650000000001
1992-03-28,2.01,74.63,3.7527921500000008
1992-03-29,2.53,88.38,3.295002700000001
1992-03-30,3.86,88.56,4.529468800000001
1992-03-31,3.65,76.93,5.02670225
1992-04-01,0.54,76.47,2.346633400000001
1992-04-02,-0.91,75.43,1.17243035
1992-04-03,1.39,78.02,2.9748679000000013
1992-04-04,2.25,89.98,2.9250975000000006
1992-04-05,3.42,76.36,4.860621600000001
1992-04-06,5.25,73.93,6.57631125
1992-04-07,7.26,84.19,7.8895542
1992-04-08,6.39,75.26,7.4935277
1992-04-09,5.44,87.58,6.058888600000001
1992-04-10,5.83,92.36,6.1943134
1992-04-11,9.03,92.24,9.2634596
1992-04-12,1.96,70.66,3.9835798000000007
1992-04-13,2.17,69.89,4.211909650000001
1992-04-14,3.57,88.69,4.249900650000001
1992-04-15,5.5,90.96,5.9474800000000005
1992-04-16,9.69,97.55,9.75481475
1992-04-17,3.51,92.87,3.9409728499999996
1992-04-18,6.18,95.81,6.3717344
1992-04-19,11.64,98.4,11.665168000000001
1992-04-20,12.03,96.67,12.07523805
1992-04-21,9.25,85.36,9.672730000000001
1992-04-22,4.92,80.23,5.9616813
1992-04-23,7.04,84.22,7.687453400000001
1992-04-24,4.47,92.1,4.905803500000001
1992-04-25,4.3,87.65,4.992835
1992-04-26,4.82,88.8,5.4162880000000015
1992-04-27,3.43,83.85,4.413292750000001
1992-04-28,4.54,64.3,6.495646000000001
1992-04-29,8.03,83.03,8.63387745
1992-04-30,6.51,96.33,6.671278150000001
1992-05-01,11.04,86.41,11.2986177
1992-05-02,13.09,83.56,13.2174922
1992-05-03,8.14,73.16,9.0788632
1992-05-04,5.55,82.88,6.3927320000000005
1992-05-05,4.65,80.34,5.715080500000001
1992-05-06,5.51,77.55,6.620040250000001
1992-05-07,8.05,57.96,9.541369000000001
1992-05-08,9.45,63.01,10.47739725
1992-05-09,9.03,74.99,9.78242585
1992-05-10,11.74,84.17,11.9802994
1992-05-11,13.89,84.28,13.9427406
1992-05-12,15.51,88.45,15.44583975
1992-05-13,10.3,83.98,10.670062000000001
1992-05-14,7.82,76.33,8.689635800000001
1992-05-15,10.76,79.01,11.191764299999999
1992-05-16,14.13,78.96,14.1728164
1992-05-17,15.42,89.77,15.3682362
1992-05-18,9.16,85.43,9.5879209
1992-05-19,10.9,78.87,11.318374
1992-05-20,14.26,69.87,14.2997716
1992-05-21,16.33,82.47,16.153560549999998
1992-05-22,16.4,87.33,16.2675985
1992-05-23,10.69,93.47,10.82683615
1992-05-24,5.31,76.87,6.47910585
1992-05-25,5.17,74.59,6.473914150000001
1992-05-26,6.08,83.22,6.857081800000001
1992-05-27,7.52,63.52,8.920467200000001
1992-05-28,10.67,46.95,11.78749825
1992-05-29,10.79,60.41,11.59783395
1992-05-30,10.56,76.19,11.075962700000002
1992-05-31,12.13,71.09,12.50684185
1992-06-01,14.05,60.31,14.14823275
1992-06-02,12.51,71.57,12.82116635
1992-06-03,14.91,71.89,14.84661195
1992-06-04,15.45,85.54,15.3744465
1992-06-05,14.8,91.03,14.785199500000001
1992-06-06,16.4,80.45,16.1957025
1992-06-07,15.09,79.97,15.02500265
1992-06-08,14.36,72.29,14.3813367
1992-06-09,13.69,77.37,13.79081665
1992-06-10,15.1,65.01,14.984532999999999
1992-06-11,16.58,61.75,16.142419999999998
1992-06-12,17.79,64.72,17.1516084
1992-06-13,20.06,54.1,18.656378
1992-06-14,19.62,72.79,18.8537664
1992-06-15,16.96,81.12,16.7045536
1992-06-16,17.69,74.9,17.249620500000002
1992-06-17,20.46,89.54,20.1171212
1992-06-18,18.97,77.12,18.4074952
1992-06-19,14.03,80.4,14.080665999999999
1992-06-20,11.28,72.05,11.7749945
1992-06-21,10.92,65.05,11.6081655
1992-06-22,13.07,55.45,13.42038575
1992-06-23,14.51,77.92,14.5087856
1992-06-24,13.79,86.18,13.843967099999999
1992-06-25,15.9,78.69,15.735913
1992-06-26,16.53,75,16.250875
1992-06-27,13.94,80.96,13.9986432
1992-06-28,15.86,58.7,15.551076
1992-06-29,18.91,68.25,18.13990375
1992-06-30,15.16,85.71,15.1081273
1992-07-01,19.37,74.05,18.67492925
1992-07-02,20.63,84.94,20.122252099999997
1992-07-03,20.02,84.4,19.546384
1992-07-04,18.53,71.9,17.9071635
1992-07-05,18.16,75.18,17.6603734
1992-07-06,17.28,70.73,16.8324617
1992-07-07,16.69,78.16,16.4269372
1992-07-08,20.26,91.85,20.001808
1992-07-09,20.25,82.35,19.69181875
1992-07-10,19.94,78.68,19.3021056
1992-07-11,20.18,77.09,19.4642916
1992-07-12,20.79,92.79,20.54057005
1992-07-13,19.73,92.02,19.5004553
1992-07-14,19,93.31,18.8344225
1992-07-15,17.09,85.21,16.87931645
1992-07-16,18.16,85.15,17.8610695
1992-07-17,19.85,79.63,19.250612750000002
1992-07-18,18.77,85.62,18.432285699999998
1992-07-19,19.54,79.34,18.967304799999997
1992-07-20,18.94,89.37,18.6804154
1992-07-21,16.48,73.51,16.1915239
1992-07-22,16.81,74.72,16.488817599999997
1992-07-23,16.75,93.11,16.66473625
1992-07-24,16.99,91.28,16.8705796
1992-07-25,17.21,91.13,17.07779265
1992-07-26,21,90.53,20.6614475
1992-07-27,19.81,79.18,19.201951899999997
1992-07-28,20.25,78.77,19.57860125
1992-07-29,19.55,83.41,19.08921275
1992-07-30,16.31,86.37,16.17431335
1992-07-31,17.36,80.56,17.054208799999998
1992-08-01,18.7,72.77,18.070987
1992-08-02,18.9,82.44,18.475047999999997
1992-08-03,18.65,85.21,18.312418249999997
1992-08-04,17.19,78.79,16.876198050000003
1992-08-05,17.59,68.24,17.0502388
1992-08-06,18.89,70.95,18.18858775
1992-08-07,19.32,79.96,18.7887396
1992-08-08,21.93,86.19,21.36565435
1992-08-09,23.52,82.74,22.6637314
1992-08-10,23.75,87,23.088625
1992-08-11,20.58,69.81,19.570446399999998
1992-08-12,18.39,79.61,17.95375595
1992-08-13,16.42,80.48,16.2138688
1992-08-14,16.7,69.32,16.328772
1992-08-15,17.11,72.1,16.7094955
1992-08-16,18.4,65.33,17.656328499999997
1992-08-17,18.41,63.61,17.62743305
1992-08-18,18.13,79.52,17.721116799999997
1992-08-19,18.05,70.98,17.4833845
1992-08-20,18.26,58.83,17.4086044
1992-08-21,18.91,64.05,18.03803275
1992-08-22,20.15,72.64,19.299788
1992-08-23,21.89,82.49,21.17830605
1992-08-24,22.6,81.66,21.782953
1992-08-25,22.36,82.86,21.619037799999997
1992-08-26,20.43,91.13,20.14070495
1992-08-27,16.51,86.74,16.363410700000003
1992-08-28,16.01,75.42,15.805863100000002
1992-08-29,17.14,74.48,16.7694496
1992-08-30,18.1,71.77,17.541046
1992-08-31,16.9,72.7,16.53964
1992-09-01,17.94,67.23,17.3199916
1992-09-02,18.17,84.87,17.86460095
1992-09-03,19.87,83.73,19.38946555
1992-09-04,19.69,65.02,18.6914959
1992-09-05,19.25,84.45,18.84375625
1992-09-06,20.54,87.27,20.117109399999997
1992-09-07,20.67,86.92,20.2261302
1992-09-08,17.93,75.46,17.4670529
1992-09-09,17.21,85.31,16.99104555
1992-09-10,16.33,78.52,16.1138038
1992-09-11,15.47,75.16,15.3374786
1992-09-12,16.02,74.45,15.806402
1992-09-13,17.1,78.65,16.794695
1992-09-14,19.02,80.39,18.5324954
1992-09-15,20.45,88.9,20.0867525
1992-09-16,20.78,88.62,20.386934800000002
1992-09-17,19.02,88.45,18.732867
1992-09-18,18.43,84.08,18.0858892
1992-09-19,13.41,61.99,13.63786995
1992-09-20,14.39,73.14,14.4062503
1992-09-21,16.54,94.2,16.474923999999998
1992-09-22,14.15,75.88,14.196431
1992-09-23,11.47,66.95,12.020778250000001
1992-09-24,12.3,67.26,12.696154
1992-09-25,13.86,79.2,13.933216
1992-09-26,15.52,90.6,15.467265999999999
1992-09-27,14.38,80.37,14.392955800000001
1992-09-28,12.46,67.53,12.824313400000001
1992-09-29,11.07,60.99,11.80592365
1992-09-30,13.25,58.4,13.536
1992-10-01,13.74,70.73,13.8623486
1992-10-02,14.71,76.91,14.683331050000001
1992-10-03,15.64,81.59,15.5245693
1992-10-04,14.77,85.43,14.748363549999999
1992-10-05,12.55,69.32,12.879043000000001
1992-10-06,12.08,74.33,12.4216677
1992-10-07,12.75,79.77,12.94471375
1992-10-08,13.44,85.35,13.5254095
1992-10-09,10.01,78.77,10.534274850000001
1992-10-10,10.93,78.67,11.34881455
1992-10-11,10.47,79.37,10.92726395
1992-10-12,10.64,67.38,11.3325226
1992-10-13,9.23,62.52,10.3163578
1992-10-14,12.1,80.81,12.353308
1992-10-15,12.62,89.56,12.727949599999999
1992-10-16,9.03,82.74,9.5492671
1992-10-17,5.74,68.55,7.255261000000001
1992-10-18,6.27,69.02,7.6723097000000005
1992-10-19,3.52,62.56,5.781001600000001
1992-10-20,6.73,79.26,7.616323900000001
1992-10-21,8.48,79.6,9.155444000000001
1992-10-22,10.51,86.24,10.811963200000001
1992-10-23,13.91,89.27,13.94481885
1992-10-24,11.85,91.49,11.97403325
1992-10-25,10.17,78.23,10.688452550000001
1992-10-26,10.71,79.53,11.136697150000002
1992-10-27,9.86,73.93,10.5253064
1992-10-28,9.3,76.28,9.978392000000001
1992-10-29,7.95,83.81,8.53324475
1992-10-30,7.03,78.45,7.915381750000001
1992-10-31,6.57,83.11,7.306657350000001
1992-11-01,5.84,89.46,6.342020200000001
1992-11-02,10.6,90.21,10.8099955
1992-11-03,4.59,85.59,5.37541705
1992-11-04,2.78,84.7,3.7662380000000004
1992-11-05,2.16,81.07,3.4447791000000016
1992-11-06,1.74,76.86,3.363965200000001
1992-11-07,0.96,72.85,2.981860500000001
1992-11-08,2.07,79.18,3.4933593000000007
1992-11-09,5.56,88.92,6.1048036
1992-11-10,7.58,91.2,7.914928000000001
1992-11-11,6.51,86.02,7.1243511
1992-11-12,5.63,92.31,6.005156650000001
1992-11-13,0.96,76.85,2.683980500000001
1992-11-14,0.13,73.64,2.2133626000000004
1992-11-15,-0.37,72.79,1.8553698500000002
1992-11-16,1.71,80.9,3.0535895
1992-11-17,4.34,92.75,4.7451300000000005
1992-11-18,4.07,81.14,5.151903900000001
1992-11-19,4.09,86.52,4.8617974
1992-11-20,7.24,89.6,7.655272000000001
1992-11-21,9.44,86.29,9.8215493
1992-11-22,5.7,89.39,6.2135240000000005
1992-11-23,4.49,88.96,5.097807200000001
1992-11-24,3.88,83.44,4.847269600000001
1992-11-25,4.53,91.61,4.990065650000001
1992-11-26,2.66,89.87,3.319665600000001
1992-11-27,-0.49,82.47,0.9552608500000013
1992-11-28,0.36,79.74,1.9356202000000011
1992-11-29,1.11,87.16,2.055601800000001
1992-11-30,0.91,84.98,2.032669900000001
1992-12-01,-0.23,85,0.9852250000000011
1992-12-02,1.31,86.97,2.2552613500000014
1992-12-03,-1.03,75.92,1.0267932000000008
1992-12-04,-0.04,80.65,1.5074195000000006
1992-12-05,-4.52,81.4,-2.5742539999999985
1992-12-06,-3.08,82.02,-1.3415137999999986
1992-12-07,-1.41,86.31,-0.21205654999999912
1992-12-08,-2.26,85.76,-0.947356799999999
1992-12-09,-0.98,86.33,0.18386380000000102
1992-12-10,0.61,91.23,1.2799841500000004
1992-12-11,1.25,90.19,1.9649037500000013
1992-12-12,2.27,83.22,3.3987067000000013
1992-12-13,1.83,88.48,2.6327712000000005
1992-12-14,0.31,92.25,0.9148487500000002
1992-12-15,2.89,96.07,3.140950150000002
1992-12-16,2.69,89.78,3.353840100000001
1992-12-17,0.7,81.89,2.074549000000001
1992-12-18,-0.92,78.22,0.9271618000000009
1992-12-19,1.3,92.38,1.8532120000000014
1992-12-20,-4.6,85.97,-3.1261484999999976
1992-12-21,-2.08,80.76,-0.3255043999999998
1992-12-22,0.08,91.17,0.7803073000000011
1992-12-23,-0.3,88.62,0.6263320000000006
1992-12-24,-9.57,91.87,-8.49370995
1992-12-25,-4.93,79.84,-2.775601599999999
1992-12-26,-8.35,85.46,-6.522685499999997
1992-12-27,-2.31,81.92,-0.6384135999999987
1992-12-28,0.87,95.87,1.1796054500000006
1992-12-29,3.09,97.2,3.265714000000001
1992-12-30,4.3,96.21,4.512619000000001
1992-12-31,-1.84,89.58,-0.9035545999999988
1993-01-01,-8.56,92.45,-7.6024335
1993-01-02,-3.6,77.53,-1.3631114999999987
1993-01-03,2.35,93.76,2.7669880000000004
1993-01-04,3.31,96.05,3.553102750000001
1993-01-05,-1.25,82.78,0.24168250000000113
1993-01-06,-3.79,82.45,-2.0245577499999996
1993-01-07,-5.17,85.77,-3.630527449999998
1993-01-08,-2.49,84.4,-1.0322579999999992
1993-01-09,-2.14,77.88,-0.11557759999999817
1993-01-10,-3.2,87.2,-1.953919999999999
1993-01-11,-2.34,86.51,-1.0905561999999986
1993-01-12,-0.81,92.02,-0.13804409999999856
1993-01-13,0.16,94.41,0.6008833000000019
1993-01-14,-4.09,88.02,-2.8651048999999977
1993-01-15,-4.56,94.09,-3.9404546999999996
1993-01-16,-5.29,96.01,-4.85570845
1993-01-17,-4.49,91.29,-3.5802840499999986
1993-01-18,-6.38,86.66,-4.848034399999998
1993-01-19,-4.71,69.66,-1.5044272999999984
1993-01-20,-2.24,86.5,-0.9970549999999985
1993-01-21,1.87,95.03,2.2152410500000013
1993-01-22,-0.78,95.14,-0.37156559999999955
1993-01-23,0.21,94.05,0.6776402500000016
1993-01-24,-1.43,90.29,-0.5792583499999994
1993-01-25,-5.74,83.7,-3.925483999999999
1993-01-26,-3.23,80.59,-1.3372338499999992
1993-01-27,-1.22,83.6,0.1979440000000019
1993-01-28,0.5,87.13,1.4909900000000014
1993-01-29,-6.86,80.91,-4.617306799999998
1993-01-30,-5.53,83.67,-3.731005549999998
1993-01-31,0.23,86.32,1.3036748000000011
1993-02-01,0.11,77.63,1.8804736500000019
1993-02-02,-2.26,74.82,0.061092400000001934
1993-02-03,-0.32,81.66,1.174893400000001
1993-02-04,1.79,85.97,2.770767150000001
1993-02-05,1.85,79.98,3.2428915000000007
1993-02-06,-0.37,83.57,0.9737275500000012
1993-02-07,0.1,89.44,0.9363520000000011
1993-02-08,-0.33,83.85,0.9872747500000014
1993-02-09,-0.83,87,0.26609500000000097
1993-02-10,1.7,95.72,2.0013120000000013
1993-02-11,0.32,87.88,1.2652388000000014
1993-02-12,-1.21,89.89,-0.3364454499999988
1993-02-13,-1.09,85.6,0.14472800000000152
1993-02-14,-1.96,85.16,-0.6165347999999986
1993-02-15,-4.36,80.2,-2.3061459999999996
1993-02-16,-1.61,80.22,0.14260690000000076
1993-02-17,-7.57,83.99,-5.626626149999998
1993-02-18,-11.67,95.64,-11.042443399999996
1993-02-19,-6.85,91.16,-5.811962999999997
1993-02-20,-2.78,86.74,-1.5197695999999978
1993-02-21,-0.74,93.53,-0.19768459999999866
1993-02-22,-3.34,90.04,-2.3627247999999987
1993-02-23,-5.83,89.6,-4.6671239999999985
1993-02-24,-10.88,94.22,-10.073169799999999
1993-02-25,-8.46,84.57,-6.511499599999998
1993-02-26,-3.97,81.26,-2.0662970999999994
1993-02-27,-3.68,78.61,-1.5412138999999994
1993-02-28,-3.82,90.69,-2.8819243999999977
1993-03-01,-0.56,95.31,-0.17152729999999983
1993-03-02,1.87,96.01,2.14716535
1993-03-03,2.09,94.96,2.434005200000001
1993-03-04,1.56,89.78,2.287357400000001
1993-03-05,1.69,79.03,3.1674413500000007
1993-03-06,1.43,82.16,2.712428400000001
1993-03-07,1.54,90.91,2.187935200000002
1993-03-08,2.36,88.76,3.1104948000000006
1993-03-09,0.58,82.94,1.8861136000000012
1993-03-10,0.93,88.71,1.7726291500000018
1993-03-11,-1.12,89.29,-0.19990389999999947
1993-03-12,-3.69,73.38,-1.026802099999998
1993-03-13,-3.9,75.18,-1.388216
1993-03-14,-7.25,75.68,-4.340719999999999
1993-03-15,-3.93,77.26,-1.6249599
1993-03-16,2.53,91.9,3.063263500000001
1993-03-17,-4.13,73.86,-1.4515648999999988
1993-03-18,-4.59,69.58,-1.3960520999999986
1993-03-19,-2.29,82.55,-0.6785797499999986
1993-03-20,0.35,93.12,0.8854360000000013
1993-03-21,0.83,86.95,1.8111642500000005
1993-03-22,0.86,92.43,1.4279014000000012
1993-03-23,2.56,95.68,2.8436944
1993-03-24,2.27,97.69,2.425382150000001
1993-03-25,2.8,97.74,2.9454310000000006
1993-03-26,3,97.05,3.1865875000000004
1993-03-27,2.04,96.55,2.276428500000001
1993-03-28,2.37,96.15,2.6268527500000007
1993-03-29,3.82,94.69,4.1319094000000005
1993-03-30,5.07,90.82,5.546120700000001
1993-03-31,6.67,95.88,6.847427800000001
1993-04-01,1.28,90.42,1.9765618000000011
1993-04-02,0.02,77.92,1.7784512000000008
1993-04-03,-0.11,77.85,1.6698632500000017
1993-04-04,1.18,71.78,3.247397200000001
1993-04-05,1.71,84.34,2.8116027000000003
1993-04-06,3.1,86.51,3.9458230000000007
1993-04-07,4.94,91.19,5.403229800000002
1993-04-08,7.86,95.54,8.0228792
1993-04-09,7.58,88.96,8.0001824
1993-04-10,5.22,83.35,6.069816000000001
1993-04-11,5.25,87.48,5.886955
1993-04-12,3.28,90.17,3.886609300000001
1993-04-13,2.74,84.85,3.719902000000001
1993-04-14,3.77,92.48,4.213792800000001
1993-04-15,7.82,97.42,7.9147892
1993-04-16,4.39,90.7,4.9071265
1993-04-17,3.38,79.62,4.6264408
1993-04-18,7.18,85.72,7.7549128000000005
1993-04-19,8.88,97.73,8.950165700000001
1993-04-20,6.48,93.06,6.786123400000001
1993-04-21,3.83,76.52,5.207923800000001
1993-04-22,6.68,65.15,8.1788985
1993-04-23,8.26,68.29,9.3482872
1993-04-24,10.82,90.72,11.007827200000001
1993-04-25,6.77,91.5,7.1313775
1993-04-26,3.51,82.14,4.589547700000001
1993-04-27,5.43,84.44,6.2062106
1993-04-28,11.15,80.53,11.50873475
1993-04-29,10.74,96.49,10.8125868
1993-04-30,7.81,86.55,8.30489275
1993-05-01,8.7,79.1,9.36671
1993-05-02,10.33,89.71,10.56600115
1993-05-03,11.2,99.34,11.211979
1993-05-04,10.92,94.74,11.0235694
1993-05-05,11.13,95.35,11.216187750000001
1993-05-06,10.53,95.84,10.6208336
1993-05-07,11.24,84.23,11.5227561
1993-05-08,12.03,87.83,12.19532945
1993-05-09,13.87,89.94,13.9048579
1993-05-10,15.92,90.94,15.8492414
1993-05-11,11.34,93.99,11.4444538
1993-05-12,10.18,82.46,10.5967504
1993-05-13,5.44,80.14,6.429623800000001
1993-05-14,9.78,74.47,10.4427588
1993-05-15,11.76,79.62,12.0671266
1993-05-16,9.08,74.5,9.840155000000001
1993-05-17,9.32,71.02,10.1456402
1993-05-18,9.11,83.32,9.6044786
1993-05-19,7.29,77.67,8.17549615
1993-05-20,8.86,70.98,9.7602004
1993-05-21,9.85,73.88,10.518019
1993-05-22,11.84,70.56,12.2707072
1993-05-23,12.56,95.32,12.6099356
1993-05-24,13.69,88.11,13.742969949999999
1993-05-25,10.74,82.22,11.107690400000001
1993-05-26,12.93,71.2,13.178688
1993-05-27,13.89,77.49,13.965521050000001
1993-05-28,11.17,90.69,11.34051265
1993-05-29,7.55,87.82,8.0155805
1993-05-30,10.27,88.53,10.53684955
1993-05-31,10.25,86.74,10.5599525
1993-06-01,9.02,76.14,9.7391404
1993-06-02,9.84,83.83,10.2544371
1993-06-03,8.39,95.91,8.52744445
1993-06-04,7.3,89.67,7.709068
1993-06-05,9.79,80.9,10.2847855
1993-06-06,12.45,77.02,12.709099499999999
1993-06-07,13.12,97.02,13.1426182
1993-06-08,16.14,100,16.14
1993-06-09,16.25,87.39,16.12862875
1993-06-10,16.67,84.16,16.480949600000002
1993-06-11,15.79,84.97,15.683362149999999
1993-06-12,15.07,85.62,15.0249187
1993-06-13,17.06,87.41,16.8827328
1993-06-14,17.88,85.97,17.6191823
1993-06-15,14.25,81.7,14.2751625
1993-06-16,13.05,83.96,13.177919000000001
1993-06-17,17.47,89.44,17.2975024
1993-06-18,20.37,90.35,20.05844975
1993-06-19,16.38,94.39,16.321992599999998
1993-06-20,18.09,90.09,17.89432705
1993-06-21,16.57,91.16,16.4693566
1993-06-22,17.06,88.08,16.892166399999997
1993-06-23,16.3,87.88,16.180012
1993-06-24,19.05,90.65,18.81601625
1993-06-25,18.64,89.09,18.3915793
1993-06-26,17.68,81.84,17.3623816
1993-06-27,18.79,86.32,18.4672204
1993-06-28,15.87,85.78,15.762852299999999
1993-06-29,14.48,85.43,14.4816027
1993-06-30,14.62,93.1,14.615445999999999
1993-07-01,15.63,93.71,15.59090765
1993-07-02,18.24,98.36,18.206265199999997
1993-07-03,21.16,93.87,20.935458099999998
1993-07-04,21.2,92.98,20.941312999999997
1993-07-05,21.69,91.97,21.37245365
1993-07-06,20.25,86.63,19.82717375
1993-07-07,19.33,87.11,18.987577149999996
1993-07-08,21.43,94.29,21.21236335
1993-07-09,21.87,95.51,21.687997850000002
1993-07-10,20.82,90.83,20.5012508
1993-07-11,21.81,91.52,21.469061599999996
1993-07-12,19.74,83.76,19.2719632
1993-07-13,19.55,72.35,18.78202125
1993-07-14,19.78,90.69,19.5096376
1993-07-15,18.53,85.22,18.202401300000002
1993-07-16,19.1,84.83,18.716199
1993-07-17,19.29,87.2,18.952783999999998
1993-07-18,21,94.56,20.80552
1993-07-19,21.83,91.5,21.487322499999998
1993-07-20,20.75,82.72,20.156
1993-07-21,20.16,75.03,19.3826839
1993-07-22,18.38,76.95,17.888113
1993-07-23,18.48,84.27,18.1356703
1993-07-24,20.09,94.87,19.93227815
1993-07-25,21.62,97.47,21.5209252
1993-07-26,21.8,87.97,21.3169955
1993-07-27,21.77,88.05,21.29217925
1993-07-28,22.53,89.96,22.0865834
1993-07-29,20.2,84.58,19.716583
1993-07-30,20.48,77.97,19.7554333
1993-07-31,21.19,75.08,20.273068600000002
1993-08-01,22.05,84.67,21.41342175
1993-08-02,19.99,79.81,19.38036295
1993-08-03,19.93,83.85,19.447680249999998
1993-08-04,17.79,77.58,17.3843101
1993-08-05,18.37,67.65,17.681430250000002
1993-08-06,17.89,82.98,17.5726621
1993-08-07,18.62,76.89,18.0963274
1993-08-08,19.75,75.31,19.03707625
1993-08-09,20.12,78.89,19.4674899
1993-08-10,22.23,89.72,21.7929458
1993-08-11,22.96,87.74,22.3895422
1993-08-12,22.5,88.57,21.99708
1993-08-13,22.54,89.96,22.0960312
1993-08-14,22.7,79.3,21.76643
1993-08-15,22.59,88.49,22.07786255
1993-08-16,22.18,91.79,21.8332096
1993-08-17,21.73,88.2,21.260773
1993-08-18,22.64,90.11,22.1972247
1993-08-19,23.03,91.5,22.6312225
1993-08-20,22.05,86.13,21.47404825
1993-08-21,20.75,78.13,19.99821875
1993-08-22,21.2,82.62,20.559547
1993-08-23,23,88.67,22.470322499999998
1993-08-24,24.29,87.82,23.634167899999998
1993-08-25,24,83.99,23.1634775
1993-08-26,25.02,87.91,24.3204726
1993-08-27,24.92,89.62,24.325122200000003
1993-08-28,22.11,82.12,21.3616326
1993-08-29,22.11,88.96,21.647920799999998
1993-08-30,23.53,92.76,23.1704254
1993-08-31,20.83,84.93,20.30533795
1993-09-01,19.44,60.73,18.3730341
1993-09-02,19.94,92.43,19.7135056
1993-09-03,19.47,93.02,19.279201699999998
1993-09-04,18.23,76.09,17.73948635
1993-09-05,18.6,85.83,18.2804665
1993-09-06,16.94,74.83,16.6022186
1993-09-07,17.93,57.19,17.12238935
1993-09-08,17.73,67.38,17.1505057
1993-09-09,17.73,80.09,17.37629885
1993-09-10,14.74,73.45,14.704954
1993-09-11,14.21,64.84,14.266080200000001
1993-09-12,16.66,83.14,16.4597032
1993-09-13,19.32,88.06,19.0034706
1993-09-14,18.54,94.56,18.419123199999998
1993-09-15,12.06,85.22,12.2583476
1993-09-16,13.16,76.98,13.3296574
1993-09-17,14.14,69.52,14.200350400000001
1993-09-18,14.7,75.46,14.673005999999999
1993-09-19,14.55,76.22,14.5434605
1993-09-20,14.83,89.33,14.81063395
1993-09-21,14.34,92.98,14.3461776
1993-09-22,14.51,92.32,14.5095776
1993-09-23,13.72,83.3,13.791643
1993-09-24,13.65,62.82,13.8238165
1993-09-25,12.53,90.86,12.6290319
1993-09-26,12.94,84.58,13.0723036
1993-09-27,10.9,86.64,11.164528
1993-09-28,9.81,84.55,10.208532750000002
1993-09-29,8.72,83.41,9.247396100000001
1993-09-30,9.34,68.32,10.2390784
1993-10-01,12,76.52,12.32285
1993-10-02,9.19,66.43,10.17041185
1993-10-03,9.7,72.3,10.43128
1993-10-04,12.23,87,12.392305
1993-10-05,10.52,64.78,11.2909658
1993-10-06,12.53,74.3,12.8084595
1993-10-07,15.17,87.33,15.12331105
1993-10-08,15.68,89.47,15.6116603
1993-10-09,8.42,83.52,8.9710912
1993-10-10,5.2,67.98,6.837823
1993-10-11,6.96,74.12,8.0332436
1993-10-12,7.33,86.74,7.8529081000000005
1993-10-13,6.18,68.36,7.6278464
1993-10-14,7.15,73.96,8.202667000000002
1993-10-15,11.2,87.19,11.432501499999999
1993-10-16,12.96,96.26,12.991677800000001
1993-10-17,10.03,91.27,10.24462705
1993-10-18,9.09,85.03,9.53543235
1993-10-19,9.85,89.99,10.10600575
1993-10-20,10.3,94.91,10.417579000000002
1993-10-21,7.52,78.66,8.3392426
1993-10-22,6.49,77.18,7.4953351
1993-10-23,8.74,76.23,9.4930336
1993-10-24,10.46,83.51,10.8264078
1993-10-25,10.38,87.37,10.6661958
1993-10-26,9.96,87.91,10.261887300000001
1993-10-27,6.79,77.69,7.736055550000001
1993-10-28,5.77,77.16,6.8666626
1993-10-29,4.03,75.89,5.418374350000001
1993-10-30,2.78,81.05,4.001517000000001
1993-10-31,3.1,81.02,4.290046000000001
1993-11-01,2.64,70.56,4.5603712000000005
1993-11-02,3.52,83.83,4.496506300000001
1993-11-03,5.86,87.44,6.456851200000001
1993-11-04,7.38,85.97,7.929414800000001
1993-11-05,6.48,90.44,6.901691600000001
1993-11-06,0.51,79.81,2.063519550000001
1993-11-07,-0.62,77.98,1.2111832000000007
1993-11-08,2.39,85.32,3.367761400000001
1993-11-09,3.83,80.27,4.987855050000001
1993-11-10,4.89,83.13,5.781663850000001
1993-11-11,5.66,84.46,6.415554800000001
1993-11-12,5.41,91.15,5.852455750000001
1993-11-13,8.86,91.02,9.138559599999999
1993-11-14,6.14,92.15,6.500943
1993-11-15,5.16,87.37,5.8088031
1993-11-16,3.74,87.79,4.4625878000000005
1993-11-17,5.67,87.17,6.2930889500000005
1993-11-18,4.07,87.26,4.800830100000001
1993-11-19,5.36,84.21,6.153763300000001
1993-11-20,-0.15,68.52,2.3865010000000013
1993-11-21,3.58,85.33,4.4610802000000005
1993-11-22,3.86,94.27,4.1953196
1993-11-23,5.4,90.56,5.872472000000001
1993-11-24,5.31,95.76,5.524310799999999
1993-11-25,3.17,88.19,3.905940150000001
1993-11-26,2.64,90.47,3.261641900000001
1993-11-27,-1.98,79.9,-0.1581359999999994
1993-11-28,0.7,76.1,2.5140100000000016
1993-11-29,-1.33,84.81,-0.007482649999999591
1993-11-30,-0.51,78.12,1.2963034000000009
1993-12-01,1.29,88.32,2.138610400000002
1993-12-02,3.89,92.68,4.317158600000001
1993-12-03,1.71,95.52,2.0251456000000014
1993-12-04,3.54,97.33,3.7009476000000006
1993-12-05,2.68,96.61,2.900383900000002
1993-12-06,2.73,90.5,3.344982500000001
1993-12-07,-0.35,74.49,1.733529250000002
1993-12-08,0.99,90.35,1.7070432500000012
1993-12-09,2.89,91.83,3.411695350000001
1993-12-10,4.27,88.9,4.8945415
1993-12-11,-1.94,79.32,-0.0701143999999978
1993-12-12,-0.43,77.03,1.4561815500000013
1993-12-13,1.99,83.93,3.0956963500000008
1993-12-14,3.02,89.06,3.710751600000001
1993-12-15,3.95,87.54,4.6729915
1993-12-16,2.7,90.43,3.3210930000000007
1993-12-17,2.17,94.31,2.5558673500000006
1993-12-18,3.03,95.22,3.3315463000000003
1993-12-19,0.9,89.8,1.6629600000000013
1993-12-20,0.78,89.29,1.5881766000000006
1993-12-21,-1.93,82.18,-0.31969569999999936
1993-12-22,-2.42,85.06,-1.0296835999999985
1993-12-23,-3.43,82.85,-1.7387527499999984
1993-12-24,-6.49,87.36,-5.030775199999998
1993-12-25,-7.68,83.19,-5.629348099999998
1993-12-26,-10.76,84.65,-8.6274245
1993-12-27,-8.49,80.19,-5.985124549999998
1993-12-28,-7.29,76.81,-4.510794449999999
1993-12-29,-6.52,85.04,-4.790474399999999
1993-12-30,-10.58,93.05,-9.621316999999998
1993-12-31,-3.86,95.62,-3.417707599999999
1994-01-01,0.98,90.58,1.680471200000001
1994-01-02,-1.32,77.28,0.6568672000000011
1994-01-03,-2.13,83.7,-0.6391204999999989
1994-01-04,-1.59,79.85,0.19317425000000177
1994-01-05,-5.81,81.15,-3.7043607499999993
1994-01-06,-1.63,92.38,-0.9539916999999981
1994-01-07,-3.95,89.35,-2.869291249999998
1994-01-08,-10.81,98.28,-10.5705674
1994-01-09,-7.8,90.4,-6.622559999999998
1994-01-10,-4.04,87.15,-2.7296854999999995
1994-01-11,-1.81,88.01,-0.7344370499999997
1994-01-12,-1.88,89.7,-0.9520729999999994
1994-01-13,-5.11,88,-3.815739999999999
1994-01-14,-13.36,96.37,-12.8037751
1994-01-15,-19.01,100,-19.009999999999998
1994-01-16,-17.63,100,-17.629999999999995
1994-01-17,-12.96,99.43,-12.8739129
1994-01-18,-22.09,100,-22.089999999999996
1994-01-19,-20.14,100,-20.139999999999997
1994-01-20,-13,97.61,-12.638512499999997
1994-01-21,-10.06,97.48,-9.719598399999999
1994-01-22,-5.02,95.24,-4.508966399999998
1994-01-23,-0.03,95.18,0.3551903000000005
1994-01-24,-1.94,94.91,-1.4797621999999981
1994-01-25,-0.48,92.52,0.136277200000001
1994-01-26,-5.32,91.44,-4.386874399999998
1994-01-27,-2.77,96.36,-2.4242545999999994
1994-01-28,-0.62,94.5,-0.16261999999999838
1994-01-29,-4.88,88.78,-3.6840601999999993
1994-01-30,-6.87,89.47,-5.632356449999998
1994-01-31,-10.69,95.16,-10.019442199999997
1994-02-01,-16.2,99.66,-16.142590999999996
1994-02-02,-8.44,95.62,-7.887375399999998
1994-02-03,-10.69,93.24,-9.753435799999997
1994-02-04,-7.96,86.52,-6.294815599999998
1994-02-05,-7.94,88.3,-6.4959859999999985
1994-02-06,-6.86,89.75,-5.655829999999999
1994-02-07,-9.66,88.13,-8.082714399999999
1994-02-08,-9.08,95.78,-8.532708199999998
1994-02-09,-9.31,89.52,-7.937591599999998
1994-02-10,-11.24,89.6,-9.767671999999997
1994-02-11,-9.52,90.85,-8.311193499999996
1994-02-12,-6.49,96.38,-6.072089099999999
1994-02-13,-6.09,94.75,-5.495463749999998
1994-02-14,-5.2,95.33,-4.6940054999999985
1994-02-15,-1.24,92.85,-0.6210244999999991
1994-02-16,-4.17,92.77,-3.427587449999999
1994-02-17,1.23,90.88,1.895623200000001
1994-02-18,2.9,94.96,3.221552000000001
1994-02-19,7.63,98.06,7.703302900000001
1994-02-20,6.33,91.14,6.7281241000000005
1994-02-21,-0.71,90.08,0.11985760000000178
1994-02-22,-2.61,80.11,-0.7382515499999986
1994-02-23,-2.93,91.55,-2.1199407499999996
1994-02-24,-6.09,87.22,-4.642728899999998
1994-02-25,-5.38,89.33,-4.213342199999998
1994-02-26,-6.03,85.91,-4.439027649999998
1994-02-27,-6.85,78.93,-4.375855249999999
1994-02-28,-5.55,86.4,-4.050259999999999
1994-03-01,-3.05,90.02,-2.086680499999998
1994-03-02,-3.34,88.7,-2.2312439999999993
1994-03-03,-2.33,95.84,-1.9449296
1994-03-04,2.05,93.3,2.5087825000000006
1994-03-05,2.11,93.31,2.56589005
1994-03-06,4.16,91.07,4.6678491000000015
1994-03-07,2.72,85.53,3.6575113000000012
1994-03-08,-1.04,70.64,1.4693992000000007
1994-03-09,-1.25,65.94,1.700447500000001
1994-03-10,-0.8,72.79,1.4897215000000006
1994-03-11,-0.1,77.66,1.6939020000000011
1994-03-12,2,83.16,3.157750000000001
1994-03-13,1.98,91.17,2.5880338000000007
1994-03-14,1.5,92.38,2.0448300000000015
1994-03-15,2.91,82.12,4.049760600000001
1994-03-16,-1.81,65.65,1.2713667499999999
1994-03-17,-1.29,65.33,1.7209161500000008
1994-03-18,0.92,86.28,1.9447468000000012
1994-03-19,1.13,79.2,2.659528000000001
1994-03-20,3.53,82.91,4.5611251500000005
1994-03-21,5.14,86.17,5.8519684000000005
1994-03-22,5.28,76.22,6.485883800000001
1994-03-23,8.61,84.71,9.10531955
1994-03-24,5.41,82.75,6.272413750000001
1994-03-25,0.39,75.66,2.2789057000000015
1994-03-26,1.25,81.93,2.566851250000001
1994-03-27,2.4,89.38,3.1067610000000005
1994-03-28,2.6,83,3.712650000000001
1994-03-29,1.27,82.75,2.5251962500000014
1994-03-30,1.27,79.21,2.782784350000001
1994-03-31,2.07,71.42,4.023871700000001
1994-04-01,5.48,75.84,6.678577600000001
1994-04-02,7.9,82.19,8.546503000000001
1994-04-03,2.43,69.01,4.48727115
1994-04-04,3.56,77.37,4.9216471
1994-04-05,2.35,84.85,3.3623987500000014
1994-04-06,0.03,70.46,2.3809409000000015
1994-04-07,1.26,64.76,3.8261768000000007
1994-04-08,3.1,74.15,4.720795000000001
1994-04-09,7.93,82.68,8.5558582
1994-04-10,5.1,85.32,5.858956000000001
1994-04-11,3,87.48,3.7918900000000004
1994-04-12,5.66,94.3,5.937134000000001
1994-04-13,5.92,90.37,6.3744397
1994-04-14,7.8,87.03,8.2779445
1994-04-15,10.51,89.82,10.7334001
1994-04-16,6.3,72.2,7.55378
1994-04-17,7.11,70.95,8.290737250000001
1994-04-18,10.93,70.03,11.51846095
1994-04-19,9.94,74.76,10.5730192
1994-04-20,6.55,65.46,8.060261500000001
1994-04-21,5.68,72.26,7.0256674
1994-04-22,4.07,67.67,5.924610450000001
1994-04-23,6.27,63.69,7.91357215
1994-04-24,10.55,82.01,10.94083275
1994-04-25,13.67,93.26,13.7007681
1994-04-26,14.5,91.18,14.5
1994-04-27,9.11,82.34,9.6335307
1994-04-28,3.29,89.14,3.9595733000000006
1994-04-29,6.97,81.3,7.744460500000001
1994-04-30,3.38,89.32,4.033188800000001
1994-05-01,3.9,82.13,4.941821000000001
1994-05-02,6.71,71.59,7.92722645
1994-05-03,6.88,65.65,8.3196085
1994-05-04,7.92,71.46,8.952862600000001
1994-05-05,9.25,74.8,9.97765
1994-05-06,5.55,80.14,6.5276085
1994-05-07,4.51,92.41,4.927032550000002
1994-05-08,7.72,78.38,8.5262098
1994-05-09,10.36,71.96,10.9984708
1994-05-10,10.5,63.59,11.301020000000001
1994-05-11,11.3,78.93,11.670832
1994-05-12,8.58,79.24,9.2559456
1994-05-13,8.82,68.04,9.8184304
1994-05-14,9.81,84.97,10.19769885
1994-05-15,12.6,86.79,12.738044499999999
1994-05-16,7.64,78.63,8.4462901
1994-05-17,5.66,77.44,6.7568672
1994-05-18,5.83,78.87,6.83758405
1994-05-19,8.19,74.11,9.08851245
1994-05-20,11.69,57.48,12.3471466
1994-05-21,15.02,67.74,14.927736399999999
1994-05-22,16.61,68.95,16.24966475
1994-05-23,13.78,79.4,13.861576
1994-05-24,11.85,81.25,12.12328125
1994-05-25,12.62,89.11,12.7326026
1994-05-26,6.81,87.4,7.342917
1994-05-27,7.39,68.37,8.62689115
1994-05-28,11.83,69.03,12.28479445
1994-05-29,13.41,75.84,13.5548392
1994-05-30,16.04,81.67,15.8847449
1994-05-31,16.56,80.19,16.335552699999997
1994-06-01,10.92,74.91,11.4140221
1994-06-02,8.91,65.36,9.975006800000001
1994-06-03,8.94,75.88,9.677589600000001
1994-06-04,12.63,60.3,13.0383145
1994-06-05,14.69,66.56,14.6550552
1994-06-06,17.12,85.03,16.904282300000002
1994-06-07,13.73,89.3,13.7753145
1994-06-08,8.68,87.85,9.0689215
1994-06-09,10.18,71.78,10.8505072
1994-06-10,11.56,64.5,12.134035
1994-06-11,14.9,62.84,14.818248
1994-06-12,16.57,77.47,16.31349595
1994-06-13,18.02,94.9,17.921264
1994-06-14,16.29,95.06,16.2413657
1994-06-15,19.32,91.97,19.1071247
1994-06-16,21.16,83.01,20.5376563
1994-06-17,21.98,73.68,20.8971952
1994-06-18,22.21,72.13,21.02817265
1994-06-19,16.63,92.53,16.54248895
1994-06-20,19.39,89.61,19.11056095
1994-06-21,19.8,85.16,19.367414
1994-06-22,18.37,60.8,17.535628
1994-06-23,16.44,80.24,16.229160800000002
1994-06-24,14.99,91.67,14.96755065
1994-06-25,16.75,80.65,16.51054375
1994-06-26,17.21,92.06,17.091654300000002
1994-06-27,16.86,87.05,16.691909
1994-06-28,19,79.87,18.5017825
1994-06-29,18.57,85.2,18.238702
1994-06-30,17.17,85.52,16.9573612
1994-07-01,18.97,85.23,18.60687955
1994-07-02,16.1,87.42,15.989296000000001
1994-07-03,16.34,89.26,16.2313112
1994-07-04,20.05,92.29,19.81465225
1994-07-05,21.78,95.21,21.5882084
1994-07-06,22.43,94.75,22.20102125
1994-07-07,21.42,97.45,21.322947000000003
1994-07-08,21.1,92.84,20.840092000000002
1994-07-09,18.41,83.14,18.047425699999998
1994-07-10,17.01,78.58,16.7142969
1994-07-11,17.74,77.69,17.342435799999997
1994-07-12,21.65,84.57,21.04321525
1994-07-13,19.03,87.25,18.71233375
1994-07-14,19.98,87.98,19.6177172
1994-07-15,19.19,85.11,18.80591245
1994-07-16,20.61,73.94,19.7342537
1994-07-17,20.86,79.22,20.1331156
1994-07-18,21.45,76.17,20.53909825
1994-07-19,20.92,84.85,20.3850535
1994-07-20,22.39,94.14,22.1357053
1994-07-21,21.9,89.71,21.481196999999998
1994-07-22,20.68,86.83,20.2323517
1994-07-23,21.58,83.88,20.952287199999997
1994-07-24,21.89,77.52,20.9763004
1994-07-25,20.71,74.75,19.84758625
1994-07-26,18.9,70.65,18.189729999999997
1994-07-27,18.15,79.68,17.742075999999997
1994-07-28,17.71,76.59,17.29669645
1994-07-29,19.1,54.55,17.950115
1994-07-30,19.74,64.21,18.708532199999997
1994-07-31,20.74,76.82,19.9444624
1994-08-01,21.3,82.58,20.648492
1994-08-02,19.93,87.93,19.56952945
1994-08-03,20.41,83.22,19.8645661
1994-08-04,20.5,92.18,20.24194
1994-08-05,16.19,68.58,15.8979511
1994-08-06,16.46,66.45,16.098331
1994-08-07,18.02,65.63,17.3545968
1994-08-08,20.22,79.48,19.574440799999998
1994-08-09,15.56,82.11,15.455701300000001
1994-08-10,15.4,82.09,15.3113455
1994-08-11,16.03,95.5,15.9921325
1994-08-12,17.24,93.92,17.148374399999998
1994-08-13,19.16,97.57,19.0977191
1994-08-14,17.43,80.47,17.11527405
1994-08-15,17.45,77.86,17.0907785
1994-08-16,18.62,75.92,18.074347200000002
1994-08-17,19.4,76.88,18.776916
1994-08-18,19.6,82.48,19.108564
1994-08-19,21.26,84.12,20.6695816
1994-08-20,20.45,83.94,19.9244365
1994-08-21,18.46,84.51,18.1226278
1994-08-22,19.2,80.79,18.703421499999997
1994-08-23,19.76,78.67,19.1429231
1994-08-24,20.85,78.6,20.102605
1994-08-25,22.46,81.53,21.6513834
1994-08-26,21.88,84.47,21.2496373
1994-08-27,22.2,84.37,21.5380695
1994-08-28,20.83,78.04,20.065462599999996
1994-08-29,18.16,72.07,17.5977691
1994-08-30,18.17,76.31,17.69181735
1994-08-31,17.24,87.79,17.0559953
1994-09-01,15.63,72.47,15.458901050000001
1994-09-02,16.17,64.55,15.844391750000002
1994-09-03,15.92,78.32,15.7506792
1994-09-04,15.47,74.6,15.334491
1994-09-05,16.5,81.52,16.29672
1994-09-06,17.45,82.9,17.1725525
1994-09-07,17.67,73.64,17.2104134
1994-09-08,17.71,75.12,17.2707436
1994-09-09,20.12,75.37,19.3586867
1994-09-10,20.5,77.82,19.76806
1994-09-11,20.16,83.6,19.649468
1994-09-12,20.92,73.99,20.0015869
1994-09-13,21.54,72.79,20.4864288
1994-09-14,22.75,76.85,21.69956875
1994-09-15,22.96,73.67,21.7348651
1994-09-16,21.81,72.04,20.685868199999998
1994-09-17,17.75,81.92,17.42682
1994-09-18,18.64,70.79,17.9748883
1994-09-19,19.22,67.42,18.3742232
1994-09-20,20,65.58,18.958795
1994-09-21,18.87,67.1,18.0792485
1994-09-22,17.47,76.69,17.08923115
1994-09-23,16.78,83.17,16.5689518
1994-09-24,15.7,87.52,15.617631999999999
1994-09-25,14.53,82.9,14.5271785
1994-09-26,14.17,80.95,14.20457575
1994-09-27,11.95,87.81,12.120964749999999
1994-09-28,12.56,79.83,12.7752139
1994-09-29,13.21,74.3,13.3923415
1994-09-30,15.61,73.61,15.44888905
1994-10-01,15.79,85.72,15.688683399999999
1994-10-02,12.27,69.24,12.6472714
1994-10-03,12.49,67.68,12.847297600000001
1994-10-04,12.93,74.53,13.14993345
1994-10-05,11.76,67.61,12.2481173
1994-10-06,13.6,74.09,13.7282545
1994-10-07,16.08,72.9,15.844501
1994-10-08,14.85,92.39,14.83535075
1994-10-09,9.81,78.64,10.360981200000001
1994-10-10,9.6,68.18,10.457549
1994-10-11,10.23,64.55,11.062543250000001
1994-10-12,11.38,76.32,11.7863488
1994-10-13,12.22,76.46,12.515191600000001
1994-10-14,13.46,87.36,13.532300800000002
1994-10-15,13,88.52,13.094710000000001
1994-10-16,14.56,77.82,14.5526806
1994-10-17,16,77.13,15.8113225
1994-10-18,15.48,83.13,15.3890707
1994-10-19,15.79,83.72,15.6744934
1994-10-20,12.96,81.22,13.119066600000002
1994-10-21,12.86,74.27,13.0920846
1994-10-22,13.62,70.42,13.7631672
1994-10-23,11.46,71.81,11.9313368
1994-10-24,9.28,72.01,10.0835929
1994-10-25,6.43,72.24,7.662127600000001
1994-10-26,6.78,72.54,7.945951600000001
1994-10-27,7.93,68.64,9.0631936
1994-10-28,9.46,72.57,10.220359600000002
1994-10-29,12.19,68.48,12.5904616
1994-10-30,9.87,66.37,10.72638795
1994-10-31,8.35,81.15,8.987601249999999
1994-11-01,7.46,80.71,8.2069088
1994-11-02,8.27,70.03,9.29692205
1994-11-03,11.12,85.77,11.384535699999999
1994-11-04,13.83,95.98,13.8448137
1994-11-05,11.79,94.77,11.86795315
1994-11-06,10.43,85.2,10.761298
1994-11-07,8.43,70.16,9.4262084
1994-11-08,9.62,86.05,9.994418
1994-11-09,9.08,83.12,9.5831928
1994-11-10,7.64,68.01,8.8469827
1994-11-11,6.76,71.18,7.9868674
1994-11-12,7.11,88.55,7.575385250000001
1994-11-13,11.69,91.58,11.8201311
1994-11-14,12.76,87.71,12.8776153
1994-11-15,7.11,76.83,8.051744650000002
1994-11-16,7.01,72.71,8.13421155
1994-11-17,6.32,90.6,6.7429060000000005
1994-11-18,8.47,82.2,9.060337
1994-11-19,5.12,71.58,6.5861878
1994-11-20,7.87,73.93,8.82064255
1994-11-21,8.89,78.15,9.564181750000001
1994-11-22,1.08,69.63,3.3216097000000016
1994-11-23,1.07,78.55,2.6544042500000016
1994-11-24,3.1,79.22,4.402906000000001
1994-11-25,4.04,70.54,5.7348338000000005
1994-11-26,2.73,72.01,4.541932650000001
1994-11-27,4.55,85.11,5.364855250000001
1994-11-28,4.09,78.74,5.307241300000001
1994-11-29,0.84,82.54,2.1517698000000007
1994-11-30,-0.32,80.95,1.2327655000000008
1994-12-01,2.36,82.28,3.5431644
1994-12-02,4.53,83,5.462195000000001
1994-12-03,6.69,83.91,7.381145950000001
1994-12-04,7.68,95.5,7.848795
1994-12-05,7.05,95.58,7.2311095000000005
1994-12-06,3.49,89.5,4.1258275000000015
1994-12-07,1.54,86.47,2.504418400000001
1994-12-08,-0.12,79.19,1.5533321000000013
1994-12-09,0.63,85.1,1.7666465000000011
1994-12-10,-1.07,83.05,0.3815132500000018
1994-12-11,-5.21,88.21,-3.931905049999998
1994-12-12,-4.43,85.75,-2.946361249999998
1994-12-13,-3.31,82.92,-1.6369285999999987
1994-12-14,-1.82,81.88,-0.19354879999999874
1994-12-15,-0.06,92.53,0.5381976000000006
1994-12-16,2.28,93.92,2.6886368000000003
1994-12-17,1,94.51,1.4076325000000012
1994-12-18,-0.05,87.36,0.9615160000000011
1994-12-19,-1.61,90.24,-0.7452151999999983
1994-12-20,1.14,90.05,1.871126000000001
1994-12-21,2.3,94.1,2.695890000000001
1994-12-22,2.72,96.33,2.9577793000000017
1994-12-23,3.58,92.88,4.007627200000001
1994-12-24,3.33,89.99,3.944964350000001
1994-12-25,1.28,88,2.152520000000001
1994-12-26,2.95,87.09,3.7701077500000006
1994-12-27,2.85,92.83,3.3094177500000015
1994-12-28,2.97,89.72,3.621906200000001
1994-12-29,1.66,73.19,3.5533222000000007
1994-12-30,0.55,75.1,2.4604525000000015
1994-12-31,2.09,83.35,3.2264457500000017
1995-01-01,-1.46,84.7,-0.11696599999999902
1995-01-02,-6.24,86.03,-4.646442099999999
1995-01-03,-6.26,87.29,-4.808772199999999
1995-01-04,-11.13,93.74,-10.247559099999998
1995-01-05,-9.94,89.89,-8.581013799999997
1995-01-06,-4.18,87.09,-2.8536265999999992
1995-01-07,-2.51,82.07,-0.8325588499999979
1995-01-08,-6.74,89.96,-5.567127199999998
1995-01-09,-7.23,81.69,-5.041680349999998
1995-01-10,-3.11,87.03,-1.8537906499999983
1995-01-11,0.8,96.59,1.0569435000000011
1995-01-12,3.12,97.85,3.254568500000001
1995-01-13,2.74,96.14,2.9896648000000012
1995-01-14,2.84,95.45,3.1317915000000007
1995-01-15,1.96,84.96,2.9973088000000017
1995-01-16,0.77,84.89,1.9110316500000013
1995-01-17,1.29,87.9,2.1691255000000007
1995-01-18,0.47,86.97,1.4754599500000012
1995-01-19,1.49,91.22,2.1182529000000008
1995-01-20,0.88,91.42,1.5227278000000009
1995-01-21,-2.56,90.69,-1.6864426999999982
1995-01-22,-4.4,94.85,-3.864657499999997
1995-01-23,-4.3,93.99,-3.6785659999999987
1995-01-24,-5.86,90.49,-4.795070199999998
1995-01-25,-4.66,73.93,-1.9127433999999992
1995-01-26,-4.59,79.61,-2.4491519499999987
1995-01-27,-2.33,81.46,-0.6138448999999984
1995-01-28,-1.01,79.45,0.7430177500000006
1995-01-29,-3,82.79,-1.3435374999999992
1995-01-30,-1.53,77.48,0.45547580000000054
1995-01-31,-2.58,94.44,-2.0576935999999995
1995-02-01,1.43,89.97,2.151006550000001
1995-02-02,0.42,78.4,2.0927040000000003
1995-02-03,-0.75,76.92,1.1858350000000009
1995-02-04,-3.03,80.94,-1.1923300999999982
1995-02-05,-8.47,85.91,-6.689939849999998
1995-02-06,-9.97,91.6,-8.839485999999997
1995-02-07,-7.86,84.52,-5.956269599999998
1995-02-08,-8.22,83.69,-6.1819023999999985
1995-02-09,-4.7,86.61,-3.286015999999999
1995-02-10,-1.16,84.82,0.14745340000000207
1995-02-11,-10.79,86.63,-8.930299849999997
1995-02-12,-12.71,96.77,-12.226614349999997
1995-02-13,-7.51,86.29,-5.850335949999999
1995-02-14,-6.31,71.55,-3.053755249999998
1995-02-15,-0.77,88.24,0.21766360000000184
1995-02-16,-3.72,75.13,-1.2277772999999983
1995-02-17,-2.16,78.98,-0.2339373999999994
1995-02-18,1.26,78.72,2.8096096000000013
1995-02-19,0.83,91.13,1.496890950000001
1995-02-20,1.58,88.46,2.400032400000001
1995-02-21,-1.67,74.24,0.6209656000000017
1995-02-22,-0.08,82.76,1.3024756000000002
1995-02-23,1.93,83.93,3.0409994500000006
1995-02-24,-0.56,70.5,1.8834850000000007
1995-02-25,0.88,76.78,2.6194102000000004
1995-02-26,-0.69,88.18,0.2975019000000002
1995-02-27,-0.15,92.38,0.4639815000000017
1995-02-28,-0.18,81.34,1.326608400000001
1995-03-01,-5.87,76.2,-3.2035669999999987
1995-03-02,-7.02,70,-3.4691999999999976
1995-03-03,-5,61.12,-0.8301199999999982
1995-03-04,-1.04,59.97,2.3813641000000008
1995-03-05,1.11,88.68,1.9436614000000008
1995-03-06,0.74,88.04,1.6451328000000007
1995-03-07,0.99,92.18,1.5710650999999998
1995-03-08,-2.36,79.81,-0.48778129999999886
1995-03-09,-3.87,79.24,-1.772513399999998
1995-03-10,0.81,79.75,2.334723750000001
1995-03-11,4.5,84.52,5.351400000000001
1995-03-12,6.56,86.16,7.1643928
1995-03-13,8.58,86.83,9.0088152
1995-03-14,9.38,83.89,9.8336576
1995-03-15,8.08,87.11,8.5351459
1995-03-16,2.9,89.96,3.540552000000001
1995-03-17,2.17,86.71,3.0712613500000017
1995-03-18,4.02,84.32,4.923795200000001
1995-03-19,7.13,92.87,7.41901455
1995-03-20,6.6,90.81,6.9993055
1995-03-21,3.81,81.47,4.899471350000001
1995-03-22,2.72,83.91,3.7624711000000013
1995-03-23,2.29,91.06,2.8903657000000007
1995-03-24,2.07,84.09,3.1576871500000006
1995-03-25,2.86,80.91,4.082141800000001
1995-03-26,4.02,75.07,5.456965200000001
1995-03-27,3.79,85.66,4.634697700000001
1995-03-28,3.6,92.09,4.0742045000000005
1995-03-29,2.62,90.72,3.2263552000000013
1995-03-30,2.58,86.88,3.4401472000000015
1995-03-31,1.62,78.91,3.114015600000001
1995-04-01,1.73,75.02,3.484470300000001
1995-04-02,3.76,79.8,4.953214000000001
1995-04-03,6.92,79.79,7.7625549000000005
1995-04-04,-1.55,64.12,1.6173070000000005
1995-04-05,-1.11,56.47,2.627268150000001
1995-04-06,6.3,75.24,7.416676000000001
1995-04-07,3.47,80.86,4.6311281000000015
1995-04-08,3.07,94.59,3.4100996500000007
1995-04-09,1.39,88.74,2.2019023000000013
1995-04-10,1.19,77.6,2.829792000000001
1995-04-11,4.98,94.9,5.2470360000000005
1995-04-12,4.78,85.72,5.543408800000001
1995-04-13,4.85,79.05,5.9619212500000005
1995-04-14,4.17,78.77,5.376182450000001
1995-04-15,4.1,81.04,5.184512
1995-04-16,6.22,93.24,6.527850400000001
1995-04-17,5.71,91.82,6.1054621000000004
1995-04-18,9.71,87.5,10.039312500000001
1995-04-19,6.72,79.07,7.615594700000001
1995-04-20,3.39,87.89,4.129981550000001
1995-04-21,5.16,90.8,5.632604000000001
1995-04-22,5.34,81.08,6.293189600000001
1995-04-23,5.25,79.19,6.308708750000001
1995-04-24,6.17,66.41,7.708925850000001
1995-04-25,5.97,79.6,6.927066000000001
1995-04-26,7.28,88.59,7.733091100000001
1995-04-27,7.61,88.07,8.06208735
1995-04-28,6.74,75.59,7.781818800000001
1995-04-29,8.27,73.69,9.17151215
1995-04-30,4.86,88.43,5.4734414000000005
1995-05-01,4.5,91.26,4.980700000000001
1995-05-02,5.6,87.24,6.224602
1995-05-03,7.23,64.83,8.636272450000002
1995-05-04,7.04,75.6,8.041132000000001
1995-05-05,7.69,85.07,8.249203150000001
1995-05-06,9.81,72.47,10.520136350000001
1995-05-07,11.16,73.76,11.6420288
1995-05-08,8.82,83.27,9.3426452
1995-05-09,8.94,87.3,9.328366
1995-05-10,7.02,97.11,7.1388946
1995-05-11,9.21,85.07,9.644388350000002
1995-05-12,11.06,75.13,11.530540400000001
1995-05-13,10.58,87.73,10.8445412
1995-05-14,12.21,87.58,12.366429900000002
1995-05-15,11.82,71.51,12.239942600000001
1995-05-16,11.8,77.54,12.133531000000001
1995-05-17,10.31,89.12,10.5607296
1995-05-18,6.95,80.68,7.752263
1995-05-19,10.08,72.45,10.7497405
1995-05-20,11.87,75.2,12.228731999999999
1995-05-21,10.7,69.09,11.346019
1995-05-22,13.1,62.31,13.390213
1995-05-23,12.88,89.67,12.972040300000002
1995-05-24,8.11,95.61,8.26428655
1995-05-25,7.64,93.29,7.8931683
1995-05-26,8.66,88.29,9.0361252
1995-05-27,9.62,87.45,9.956842
1995-05-28,13.95,90.63,13.97834425
1995-05-29,11.35,87.43,11.56777525
1995-05-30,14.17,77.93,14.21005705
1995-05-31,15.6,66.62,15.398050999999999
1995-06-01,16.44,75.26,16.1760242
1995-06-02,15.53,85.13,15.44576145
1995-06-03,14.36,93.89,14.364704699999999
1995-06-04,13.72,87.66,13.7729386
1995-06-05,14.89,78.87,14.84467615
1995-06-06,17.39,82.25,17.10786375
1995-06-07,18.38,91.07,18.1894338
1995-06-08,9.96,90.34,10.201210200000002
1995-06-09,10.28,90.63,10.4974777
1995-06-10,13.21,92.33,13.264418650000001
1995-06-11,12.17,89.46,12.3050701
1995-06-12,12.41,73.92,12.7097896
1995-06-13,15.33,64.09,15.16607085
1995-06-14,17.97,66.89,17.33809565
1995-06-15,19.9,60,18.712
1995-06-16,18.45,75.22,17.911654499999997
1995-06-17,18.85,81.06,18.396860500000003
1995-06-18,19.85,81.31,19.30004675
1995-06-19,21.12,76.23,20.2545343
1995-06-20,19.39,86.67,19.03148965
1995-06-21,18.11,89.13,17.89417615
1995-06-22,20.18,80.55,19.572381999999998
1995-06-23,20.03,72.36,19.189329400000002
1995-06-24,20.12,63.88,19.0035308
1995-06-25,19.98,83.26,19.4754564
1995-06-26,19.41,93.38,19.2312269
1995-06-27,19.76,90.6,19.488058000000002
1995-06-28,19.78,85.68,19.3641472
1995-06-29,20.83,84.65,20.295589749999998
1995-06-30,20.48,82.47,19.9034383
1995-07-01,17.68,69.22,17.1416578
1995-07-02,18.01,63.78,17.3107729
1995-07-03,18.1,71.44,17.534512
1995-07-04,19.89,88.95,19.56242275
1995-07-05,21.03,91.12,20.711074800000002
1995-07-06,20.47,80.69,19.835956149999998
1995-07-07,19.08,73.98,18.424556199999998
1995-07-08,19.97,68.59,19.02503015
1995-07-09,20.45,79.03,19.76375675
1995-07-10,20.31,80.92,19.7002986
1995-07-11,22.02,84.66,21.3855376
1995-07-12,22.7,77.22,21.672621999999997
1995-07-13,24.49,88.45,23.855385249999998
1995-07-14,24.71,90.15,24.15687325
1995-07-15,25.6,85.09,24.6897445
1995-07-16,24.14,88.68,23.5398136
1995-07-17,22.77,79.46,21.8357381
1995-07-18,21.57,72.73,20.50960605
1995-07-19,22.26,71.74,21.053863200000002
1995-07-20,21.48,85.22,20.9125958
1995-07-21,21.52,84.53,20.9227033
1995-07-22,22.71,79.69,21.79290195
1995-07-23,22.93,86.49,22.30360885
1995-07-24,23.45,82.43,22.585116749999997
1995-07-25,24.16,81.06,23.1537178
1995-07-26,22.79,85.68,22.1370796
1995-07-27,23.58,85.94,22.8778436
1995-07-28,24.16,82.7,23.240851
1995-07-29,24.35,73.24,22.900277
1995-07-30,25.55,75.34,24.051288500000002
1995-07-31,24.86,77.55,23.580799
1995-08-01,22.51,89.36,22.0412548
1995-08-02,21.02,87.41,20.568522599999998
1995-08-03,22.38,94.1,22.124294
1995-08-04,22.95,92.14,22.5847065
1995-08-05,22.52,85.5,21.880405
1995-08-06,22.97,88.86,22.4510431
1995-08-07,23.62,88.35,23.035636
1995-08-08,23.5,88.72,22.94164
1995-08-09,23.79,91.43,23.35211585
1995-08-10,24.64,93.47,24.2758219
1995-08-11,25.16,86.36,24.3602868
1995-08-12,25.98,82.51,24.8756814
1995-08-13,26.72,84.45,25.674884499999997
1995-08-14,26.88,83.15,25.732683499999997
1995-08-15,24.84,89.24,24.2280788
1995-08-16,24.21,92.36,23.8019858
1995-08-17,24.97,91.54,24.4828309
1995-08-18,24.42,89.51,23.847665600000003
1995-08-19,24.43,90.63,23.91825745
1995-08-20,22.2,79.89,21.3483415
1995-08-21,22.7,73.75,21.516125
1995-08-22,22.31,71.99,21.106830449999997
1995-08-23,21.91,69.2,20.654746
1995-08-24,22.68,85.13,22.0109987
1995-08-25,23.01,80.42,22.0935581
1995-08-26,23.92,76.8,22.718008
1995-08-27,22.97,86.77,22.35368045
1995-08-28,23.17,88.34,22.6139929
1995-08-29,24.26,88,23.615840000000002
1995-08-30,24.64,80.77,23.5675429
1995-08-31,24,72.51,22.5636475
1995-09-01,20.97,71.97,19.97255245
1995-09-02,21.02,56.94,19.4758684
1995-09-03,20.81,69.36,19.7466388
1995-09-04,21.94,74.79,20.9084068
1995-09-05,22.91,64.29,21.25823395
1995-09-06,22.77,66.48,21.2453428
1995-09-07,18.56,86.53,18.2592149
1995-09-08,15.02,76.22,14.9519892
1995-09-09,16.13,67.4,15.837741
1995-09-10,14.65,70.69,14.625819250000001
1995-09-11,15.97,61.79,15.66107215
1995-09-12,18.49,62.88,17.675401599999997
1995-09-13,20.21,81.12,19.6170736
1995-09-14,19.14,70.05,18.375676
1995-09-15,17.04,71.2,16.637664
1995-09-16,19.03,73.98,18.3817117
1995-09-17,16.27,78.05,16.05631675
1995-09-18,13.96,65.23,14.0632669
1995-09-19,15.21,68.31,15.08625055
1995-09-20,14.87,85.41,14.84030935
1995-09-21,12.06,83.51,12.2812958
1995-09-22,8.48,75.34,9.2964926
1995-09-23,9.19,52.05,10.59037975
1995-09-24,12,55.95,12.6056875
1995-09-25,14.05,53.54,14.1649885
1995-09-26,14.94,66.37,14.8586154
1995-09-27,15.89,71.92,15.6753284
1995-09-28,17.86,66.45,17.239995999999998
1995-09-29,16.94,63.75,16.453525
1995-09-30,18.45,66.68,17.726122999999998
1995-10-01,17.49,72.84,17.0433538
1995-10-02,15.89,75.56,15.7031562
1995-10-03,15.3,81.78,15.219832
1995-10-04,14.84,73.88,14.7911556
1995-10-05,14.16,86.83,14.1846279
1995-10-06,13.98,84.08,14.0255312
1995-10-07,10.82,85.83,11.1068008
1995-10-08,10.98,73.86,11.486070400000001
1995-10-09,13.9,72.81,13.989727
1995-10-10,13.46,79.12,13.579433600000002
1995-10-11,15.34,67.54,15.1900348
1995-10-12,16.7,70.35,16.341234999999998
1995-10-13,16.88,69.97,16.4869073
1995-10-14,11.8,75.38,12.165607000000001
1995-10-15,8.54,71.7,9.467673999999999
1995-10-16,9.02,63.06,10.1333716
1995-10-17,12.72,54.6,13.164466000000001
1995-10-18,13.72,74.8,13.828108
1995-10-19,14.49,76.87,14.49127215
1995-10-20,9.49,86.08,9.873565600000001
1995-10-21,5.77,87.33,6.378350050000001
1995-10-22,6.79,78.66,7.694922700000001
1995-10-23,12.69,72.57,12.963065649999999
1995-10-24,9.25,70.22,10.1098975
1995-10-25,7.85,73.49,8.81960325
1995-10-26,8.56,77.65,9.290174500000001
1995-10-27,11.33,84.67,11.59727855
1995-10-28,8.81,87.63,9.19711915
1995-10-29,6.63,79.04,7.5372536000000006
1995-10-30,6.47,78.9,7.4018815
1995-10-31,5.68,89.6,6.1845040000000004
1995-11-01,10.59,93.33,10.73343835
1995-11-02,8.64,89.54,8.977125800000001
1995-11-03,1.05,76.39,2.7965497500000005
1995-11-04,0.34,73.54,2.4007048000000006
1995-11-05,0.72,71.21,2.9019941000000014
1995-11-06,3.33,81.55,4.463475750000001
1995-11-07,4.83,80.68,5.8575342
1995-11-08,0.18,69.27,2.6002948000000012
1995-11-09,-0.11,73.47,2.021818150000001
1995-11-10,6.13,88.57,6.656180050000001
1995-11-11,0.68,88.79,1.5320721000000002
1995-11-12,-3.9,83.03,-2.1826359999999987
1995-11-13,-0.31,85.14,0.9004213000000012
1995-11-14,-0.38,74.84,1.6790944000000012
1995-11-15,-0.14,78.08,1.6249984000000008
1995-11-16,0.4,87.4,1.3771300000000004
1995-11-17,1.41,81.16,2.766385800000001
1995-11-18,2.45,90.12,3.104797000000001
1995-11-19,3,80.26,4.2485550000000005
1995-11-20,4.57,84.49,5.4170786500000006
1995-11-21,0.79,74.58,2.7067951000000017
1995-11-22,-0.56,70.61,1.8743737000000014
1995-11-23,0.06,77.62,1.8374196000000005
1995-11-24,-0.91,68.4,1.7682579999999999
1995-11-25,2.25,77.01,3.7989512500000004
1995-11-26,3.67,91.21,4.193576350000001
1995-11-27,4.56,97.61,4.6906613
1995-11-28,-0.93,79.99,0.7681486500000018
1995-11-29,-2.6,76.68,-0.4067539999999994
1995-11-30,1.12,78.63,2.6926183000000012
1995-12-01,3.82,83.65,4.780399
1995-12-02,2.66,74.46,4.323164800000001
1995-12-03,4.57,89.63,5.136357550000001
1995-12-04,1.69,84.72,2.766552400000001
1995-12-05,2.41,75.01,4.07171005
1995-12-06,-1.58,61.42,1.8320152000000003
1995-12-07,-3.4,66.35,-0.08715749999999822
1995-12-08,-2.53,72.41,0.05421735000000183
1995-12-09,-9.96,94.68,-9.2443004
1995-12-10,-10.69,90.64,-9.393218799999998
1995-12-11,-10.63,88.4,-9.026706
1995-12-12,-6.78,89.43,-5.542887199999999
1995-12-13,-2.63,89.8,-1.6690069999999984
1995-12-14,2.92,96.84,3.1212604000000006
1995-12-15,0.95,86.36,1.966521000000001
1995-12-16,-1.5,76.17,0.5970400000000007
1995-12-17,0.02,80.46,1.5761656000000017
1995-12-18,0.95,84.59,2.098430250000001
1995-12-19,-0.12,78.03,1.646607700000001
1995-12-20,-1.93,78.34,0.027305900000001104
1995-12-21,-2.71,83.61,-1.1586045499999984
1995-12-22,-3.31,81.09,-1.457670949999999
1995-12-23,-2.19,84.53,-0.7699313499999985
1995-12-24,-2.56,86.57,-1.299863099999998
1995-12-25,-3.14,80.56,-1.253931199999999
1995-12-26,-5.5,85.64,-3.920399999999999
1995-12-27,-2.46,84.39,-1.0038991999999987
1995-12-28,-2.37,78.58,-0.38254529999999853
1995-12-29,-3.43,82.06,-1.6608468999999995
1995-12-30,-2.07,92.01,-1.3418313499999996
1995-12-31,-0.49,94.71,-0.05386594999999861
1996-01-01,0.69,92.43,1.2649793500000013
1996-01-02,-1.6,85.97,-0.35764349999999845
1996-01-03,-4.17,79.08,-2.0218297999999977
1996-01-04,-4.34,76.84,-1.9401607999999988
1996-01-05,-4.23,77.6,-1.9224639999999988
1996-01-06,-4.77,80.54,-2.7075318999999993
1996-01-07,-3.68,80.28,-1.7081971999999992
1996-01-08,-5.53,81.21,-3.4599996499999977
1996-01-09,-3.24,90.96,-2.3579671999999983
1996-01-10,-3.46,79.28,-1.413278399999999
1996-01-11,-2.86,89.36,-1.8440927999999988
1996-01-12,-2.58,91.14,-1.7476915999999991
1996-01-13,-0.47,95.92,-0.13407319999999973
1996-01-14,0.66,92.64,1.220243200000001
1996-01-15,-1.95,79.61,-0.10521474999999914
1996-01-16,-1.43,91.7,-0.7027954999999987
1996-01-17,3.51,98.89,3.57709395
1996-01-18,7.63,95.19,7.81174585
1996-01-19,-8.65,81.5,-6.294487499999999
1996-01-20,-8.33,74.75,-5.159483749999998
1996-01-21,-4.21,81.63,-2.319635149999998
1996-01-22,0.13,90.32,0.8950588000000017
1996-01-23,1.54,93.16,2.0275552000000014
1996-01-24,-2.87,86.06,-1.5382420999999988
1996-01-25,-6.73,78.89,-4.265090849999999
1996-01-26,0.87,90.86,1.5551801000000012
1996-01-27,-4.29,82.02,-2.4318568999999988
1996-01-28,-7.85,82.41,-5.687749249999998
1996-01-29,-4.9,84.64,-3.261087999999999
1996-01-30,-12.79,98.89,-12.623394549999999
1996-01-31,-14.92,96.22,-14.308358199999997
1996-02-01,-14.29,97.28,-13.859301599999997
1996-02-02,-18.66,100,-18.659999999999997
1996-02-03,-18.39,100,-18.389999999999997
1996-02-04,-17.56,98.35,-17.269055499999997
1996-02-05,-11.46,91.56,-10.2549368
1996-02-06,-6.81,74.08,-3.772046399999998
1996-02-07,0.36,93.76,0.8452848000000002
1996-02-08,2.36,95.9,2.6337570000000006
1996-02-09,0.51,90.27,1.2586748500000011
1996-02-10,3.22,87.76,3.979369600000001
1996-02-11,0.28,76.06,2.152347400000001
1996-02-12,-3.21,68.33,-0.1251836499999981
1996-02-13,-2.31,71.89,0.2889100500000006
1996-02-14,-1,75.53,1.0860675000000009
1996-02-15,-3.17,83.06,-1.5236860999999982
1996-02-16,-3.95,73.69,-1.2801927499999985
1996-02-17,-3.44,78.78,-1.346222599999999
1996-02-18,-5.12,65.77,-1.4262406999999984
1996-02-19,-0.69,83.65,0.6759607500000004
1996-02-20,2.99,91.7,3.515431500000001
1996-02-21,1.7,91.16,2.3223360000000013
1996-02-22,1.18,92.99,1.6935526000000016
1996-02-23,3.96,96.85,4.142605500000002
1996-02-24,3.67,70.97,5.39917195
1996-02-25,4.26,83.67,5.179705600000001
1996-02-26,5.2,90.84,5.668534
1996-02-27,5.84,93.45,6.151976500000001
1996-02-28,-4.73,74.8,-2.0647219999999993
1996-02-29,-6.03,68.82,-2.5093102999999983
1996-03-01,-3.82,70.01,-0.7982075999999987
1996-03-02,-2.78,70.88,-0.012435199999998314
1996-03-03,-9.65,75.27,-6.365237749999999
1996-03-04,-3.85,61.1,0.07598250000000073
1996-03-05,0.32,89.43,1.1443543000000007
1996-03-06,-3.07,81.81,-1.312209349999999
1996-03-07,-6.25,80.53,-4.02798625
1996-03-08,-9.85,83.69,-7.665683249999997
1996-03-09,-6.85,75.4,-3.961344999999999
1996-03-10,-3.84,75.84,-1.402980799999999
1996-03-11,0.23,77.06,2.030445900000001
1996-03-12,2.64,72.98,4.4025146
1996-03-13,3.52,79.07,4.783962700000002
1996-03-14,4.62,88.73,5.2324118
1996-03-15,2.48,82.57,3.632297300000001
1996-03-16,0.67,86.35,1.7082872500000015
1996-03-17,0.5,84.92,1.661160000000001
1996-03-18,1.37,84.04,2.5225514000000002
1996-03-19,1.11,86.28,2.1204094000000016
1996-03-20,-0.36,78.99,1.3571473000000012
1996-03-21,-1.8,72.75,0.6429625000000014
1996-03-22,-0.01,65.05,2.7791847500000015
1996-03-23,1.66,67.56,3.950912800000001
1996-03-24,4.28,84.29,5.1630591
1996-03-25,3.52,80.73,4.683715300000001
1996-03-26,-5.51,62.53,-1.3862391499999989
1996-03-27,-4.78,65.1,-1.0792039999999976
1996-03-28,0.29,76.49,2.1274240500000015
1996-03-29,1.61,83.77,2.760625850000001
1996-03-30,2.88,83.48,3.935793200000001
1996-03-31,3.1,88.65,3.811645000000001
1996-04-01,1.13,75.94,2.899252100000001
1996-04-02,3.02,68.21,5.0272206000000015
1996-04-03,8.38,78.54,9.102343600000001
1996-04-04,3.25,86.08,4.111300000000001
1996-04-05,0.28,72.97,2.3940163000000005
1996-04-06,0.09,68.63,2.5762293500000015
1996-04-07,0.08,66.71,2.720229900000002
1996-04-08,-0.14,68.14,2.4253672000000006
1996-04-09,1.06,75.42,2.8769536000000002
1996-04-10,4.31,67.76,6.1168908
1996-04-11,8.72,70.03,9.6727463
1996-04-12,12.26,90.53,12.3766704
1996-04-13,5.06,85.14,5.831531200000001
1996-04-14,1.53,82.54,2.7755091000000007
1996-04-15,3.28,87.31,4.0630999
1996-04-16,3.14,81.13,4.318997600000001
1996-04-17,5.55,69.66,7.0434865
1996-04-18,9.24,85.2,9.668164
1996-04-19,10,82.93,10.422482500000001
1996-04-20,8.78,87.52,9.1726208
1996-04-21,6.81,76.8,7.791244000000001
1996-04-22,7.85,83.15,8.46628875
1996-04-23,4.14,82.84,5.117776800000001
1996-04-24,7.36,70.87,8.503935100000001
1996-04-25,10.05,84.84,10.421041
1996-04-26,5.83,75.2,7.012588000000001
1996-04-27,4.4,65.08,6.339806000000001
1996-04-28,4.73,69.46,6.3710669000000015
1996-04-29,4.41,90.29,4.948856450000001
1996-04-30,4.18,83.29,5.1284596
1996-05-01,6.53,72.76,7.724065400000001
1996-05-02,7.89,63.4,9.220593000000001
1996-05-03,8.21,84.47,8.747260350000001
1996-05-04,4.02,92.19,4.4701684
1996-05-05,5.93,83.72,6.697357800000001
1996-05-06,5.34,90.76,5.8055112
1996-05-07,7.74,81.95,8.411099
1996-05-08,8.02,95.05,8.196418
1996-05-09,10.86,98.29,10.8942342
1996-05-10,7.31,96.78,7.437334900000001
1996-05-11,3.98,81.57,5.046359800000001
1996-05-12,4.46,70.66,6.080154800000001
1996-05-13,5.49,63.09,7.31907505
1996-05-14,6.24,73.85,7.4279945000000005
1996-05-15,7.52,93.76,7.759553599999999
1996-05-16,8.96,98.13,9.016978900000002
1996-05-17,12.11,96.55,12.15535025
1996-05-18,16.48,90.18,16.3730602
1996-05-19,16.59,91.02,16.4867749
1996-05-20,14.5,95.85,14.5
1996-05-21,12.29,84.55,12.47779475
1996-05-22,13.71,72.5,13.8294875
1996-05-23,9.69,91.92,9.903756399999999
1996-05-24,6.92,93.35,7.197238500000001
1996-05-25,7.45,83.74,8.080481500000001
1996-05-26,7.22,86.51,7.7601396000000005
1996-05-27,7.15,93.91,7.396188250000001
1996-05-28,8.15,93.41,8.38015575
1996-05-29,7.81,81.55,8.48886775
1996-05-30,7.73,71.13,8.804974450000001
1996-05-31,10.79,65.69,11.49009555
1996-06-01,12.2,89,12.33915
1996-06-02,13.64,89.22,13.690989400000001
1996-06-03,12.27,88.14,12.4154629
1996-06-04,10.25,92.18,10.4327925
1996-06-05,12.4,79.34,12.638623
1996-06-06,13.83,94.52,13.8501938
1996-06-07,10.48,95.75,10.5739675
1996-06-08,8.62,95.59,8.7626194
1996-06-09,9.71,97.52,9.775335600000002
1996-06-10,13.92,93.44,13.9409264
1996-06-11,12.6,97.28,12.628423999999999
1996-06-12,13.65,87.89,13.706614250000001
1996-06-13,18.02,77.94,17.5929184
1996-06-14,14.95,93.39,14.93364025
1996-06-15,14.08,73.17,14.1419773
1996-06-16,15.4,70.77,15.2553115
1996-06-17,15.4,93.46,15.367627
1996-06-18,17.7,93.01,17.576976
1996-06-19,17.44,94.03,17.3434651
1996-06-20,15.63,91.28,15.575805200000001
1996-06-21,18.87,91.14,18.6570499
1996-06-22,16.91,89.56,16.7716178
1996-06-23,13.65,87.3,13.7093725
1996-06-24,17.51,93.6,17.404048
1996-06-25,13.23,85.5,13.3312825
1996-06-26,16.44,70.74,16.1277958
1996-06-27,18.68,75.6,18.119044
1996-06-28,20.4,77.2,19.66014
1996-06-29,19.95,87.12,19.563921999999998
1996-06-30,21.27,85.13,20.716315549999997
1996-07-01,18.5,77.56,18.00632
1996-07-02,18.01,77.7,17.5794985
1996-07-03,13.8,84.34,13.860291
1996-07-04,14.42,68.27,14.4339612
1996-07-05,18.22,68.2,17.569371999999998
1996-07-06,20.91,63.46,19.6217823
1996-07-07,20.21,81.59,19.63183395
1996-07-08,18.85,76.05,18.27699625
1996-07-09,15.84,77.1,15.671227
1996-07-10,15.77,75.01,15.59544485
1996-07-11,17.04,61.86,16.507184199999998
1996-07-12,19.35,73.85,18.65244875
1996-07-13,20.04,79.1,19.403177
1996-07-14,19.01,84.55,18.62676275
1996-07-15,18.76,84.72,18.4019896
1996-07-16,20.66,76.25,19.85535
1996-07-17,20.74,81.8,20.115375999999998
1996-07-18,21.11,97.08,21.003843399999997
1996-07-19,18.78,96.33,18.6936082
1996-07-20,15.22,80.04,15.1409584
1996-07-21,15.63,85.39,15.53919885
1996-07-22,17.45,78.34,17.0985665
1996-07-23,19.34,85.68,18.9588016
1996-07-24,19.71,81.63,19.18360765
1996-07-25,18.8,83.39,18.4071735
1996-07-26,18.99,79.76,18.490173199999997
1996-07-27,18.61,78.81,18.13100005
1996-07-28,19.8,85.71,19.3834465
1996-07-29,20.17,88.17,19.80108145
1996-07-30,19.53,83.95,19.08597675
1996-07-31,18.86,80.56,18.393828799999998
1996-08-01,18.86,83.8,18.471524
1996-08-02,19.15,82.04,18.690672999999997
1996-08-03,20.26,76.7,19.521856
1996-08-04,21.71,78.36,20.8518658
1996-08-05,22.87,86.02,22.2264307
1996-08-06,23.94,88.94,23.3657648
1996-08-07,24.46,86.6,23.725948
1996-08-08,23.02,79.52,22.0603072
1996-08-09,20.59,72.77,19.67793115
1996-08-10,19.77,70.67,18.91986995
1996-08-11,20.41,75.48,19.6129774
1996-08-12,21.24,76.75,20.378122499999996
1996-08-13,22.01,78.44,21.1194642
1996-08-14,22.28,79.85,21.4177815
1996-08-15,21,77.55,20.1974125
1996-08-16,20.21,77.92,19.5165776
1996-08-17,20.36,65.95,19.2625685
1996-08-18,21.29,79.54,20.5259213
1996-08-19,22.84,88.27,22.3019449
1996-08-20,23.08,88.84,22.553359599999997
1996-08-21,24.08,81.32,23.095750799999998
1996-08-22,23.9,83.15,23.028854999999997
1996-08-23,21.72,80.4,20.941684
1996-08-24,21.62,65.17,20.2560572
1996-08-25,21.61,70.33,20.44975465
1996-08-26,22.39,72.56,21.1992412
1996-08-27,20.32,85.13,19.8440113
1996-08-28,20.02,80.52,19.4285872
1996-08-29,20.56,72.78,19.6527574
1996-08-30,20.86,71.78,19.872864399999997
1996-08-31,21.4,71.08,20.302486
1996-09-01,21.43,73.82,20.4321493
1996-09-02,21.59,77.52,20.7133924
1996-09-03,21.77,75.62,20.7951657
1996-09-04,22.03,80.01,21.20211415
1996-09-05,22.46,81.28,21.6404384
1996-09-06,21.89,85.31,21.29292495
1996-09-07,22.65,87.17,22.074895249999997
1996-09-08,21.92,85.23,21.3172363
1996-09-09,20.87,85.65,20.36724775
1996-09-10,20.52,76.37,19.737610699999998
1996-09-11,20.39,76.26,19.6209427
1996-09-12,16.55,71.29,16.22629475
1996-09-13,14.53,76.56,14.5261324
1996-09-14,14.06,74.62,14.121419600000001
1996-09-15,15.54,75.51,15.399917199999999
1996-09-16,15.42,79.51,15.3163206
1996-09-17,15.87,82,15.734369999999998
1996-09-18,16.4,77.05,16.160172499999998
1996-09-19,16.55,70.39,16.21614725
1996-09-20,16.8,72.91,16.4573115
1996-09-21,17.3,84.68,17.064072
1996-09-22,16.53,73.52,16.2343508
1996-09-23,16.05,79.03,15.87123075
1996-09-24,15.83,71.43,15.62101045
1996-09-25,15.08,56.74,14.9420006
1996-09-26,14.75,81.46,14.7245075
1996-09-27,15.09,85.64,15.0434018
1996-09-28,11.9,82.28,12.153396
1996-09-29,12.99,74.85,13.198870750000001
1996-09-30,15.1,73.22,15.011626
1996-10-01,16.14,78.98,15.9503996
1996-10-02,16.06,80.08,15.889086399999998
1996-10-03,10.41,66.36,11.1667318
1996-10-04,10.22,65.36,11.0354256
1996-10-05,12.53,69.27,12.86295955
1996-10-06,15.12,80.78,15.0544598
1996-10-07,13.41,86.42,13.4914121
1996-10-08,10.41,87.43,10.69276215
1996-10-09,10.05,71.95,10.73652375
1996-10-10,10.08,82.5,10.505425
1996-10-11,8.74,71.22,9.651750400000001
1996-10-12,12.89,75.54,13.1065933
1996-10-13,15.55,81.94,15.4457035
1996-10-14,13.99,80.98,14.0433511
1996-10-15,14.76,81.51,14.7335593
1996-10-16,15.15,85.37,15.09769775
1996-10-17,16.2,85.6,16.06536
1996-10-18,9.43,70.99,10.23894385
1996-10-19,8.65,57.96,10.002637
1996-10-20,10.24,63.07,11.1052699
1996-10-21,12.08,86.2,12.263678
1996-10-22,13.04,92.2,13.102634
1996-10-23,8.58,82,9.166080000000001
1996-10-24,8.73,79.94,9.3666041
1996-10-25,10.91,75.5,11.3937525
1996-10-26,12.97,89.66,13.0570111
1996-10-27,13.97,87.45,14.00658325
1996-10-28,9.22,71.8,10.038928
1996-10-29,10.04,75.44,10.6424568
1996-10-30,10.37,68.37,11.088475449999999
1996-10-31,2.11,62.02,4.6981471
1996-11-01,1.64,67.64,3.9288228000000007
1996-11-02,1.37,70.5,3.500342500000001
1996-11-03,3,67.72,5.041710000000001
1996-11-04,5.4,73.54,6.724323000000001
1996-11-05,7.09,85.51,7.68053995
1996-11-06,11.1,93.03,11.230339
1996-11-07,7.83,85.74,8.353128100000001
1996-11-08,4.43,82.24,5.4136376
1996-11-09,3.1,77.44,4.514512000000001
1996-11-10,0.63,76.72,2.4059148000000015
1996-11-11,-0.23,70.69,2.1445496500000014
1996-11-12,-1.49,68.76,1.2574018000000005
1996-11-13,-1.66,65.11,1.4410232000000016
1996-11-14,-1.24,70.72,1.294769600000001
1996-11-15,0.95,68.81,3.274434750000001
1996-11-16,4.35,76.56,5.658538
1996-11-17,6.23,80.86,7.100582900000001
1996-11-18,0.5,75.15,2.4134500000000005
1996-11-19,1.01,74.08,2.933134400000001
1996-11-20,1.31,76.52,3.013356600000001
1996-11-21,1.43,84.11,2.5722526500000007
1996-11-22,1.48,78.7,3.0052930000000004
1996-11-23,2.18,87.23,3.045295200000001
1996-11-24,3.11,88.08,3.8567284000000006
1996-11-25,2.34,79.92,3.6829504
1996-11-26,-1.66,77.35,0.35313200000000156
1996-11-27,-2.54,80.12,-0.6768463999999994
1996-11-28,-0.69,79.26,1.042723300000001
1996-11-29,1.03,88.35,1.8930902500000015
1996-11-30,4.29,94.6,4.593237
1996-12-01,1.45,87.66,2.335703500000001
1996-12-02,-1.18,78.69,0.657774400000001
1996-12-03,1.64,87.08,2.5538316000000005
1996-12-04,-0.65,82.98,0.7681915000000005
1996-12-05,1.16,87.48,2.0785924000000002
1996-12-06,1.16,92.99,1.6743237000000015
1996-12-07,0.72,90.6,1.432426000000001
1996-12-08,-0.3,85.67,0.8664620000000012
1996-12-09,-1.41,84,-0.009919999999998597
1996-12-10,1.54,87.07,2.4616504000000012
1996-12-11,3.57,91.29,4.093601650000001
1996-12-12,2.73,90.21,3.3637556500000008
1996-12-13,1.55,89.27,2.314244250000001
1996-12-14,2.85,88.82,3.5663585000000015
1996-12-15,3.35,82.35,4.432386250000001
1996-12-16,-1.12,84.48,0.2133232000000007
1996-12-17,-0.24,80.21,1.3643753000000012
1996-12-18,-6.4,81.41,-4.263079499999998
1996-12-19,-9.5,94.22,-8.737039999999997
1996-12-20,-8.54,93.08,-7.663097599999997
1996-12-21,-3.05,84.3,-1.534557499999998
1996-12-22,1.7,92.65,2.2174400000000007
1996-12-23,3.09,97,3.2782650000000007
1996-12-24,-2.26,86.85,-1.0478329999999985
1996-12-25,-10.54,93.54,-9.650328799999997
1996-12-26,-6.83,87.74,-5.3917180999999985
1996-12-27,-1.83,91.48,-1.0647761999999998
1996-12-28,1.93,97.55,2.0993807500000017
1996-12-29,0.94,85.16,2.046767200000001
1996-12-30,-1.66,81.96,-0.05660479999999857
1996-12-31,0.63,83.81,1.8650541500000006
1997-01-01,1.8,95.51,2.1136265000000005
1997-01-02,3.85,99.01,3.9079892500000004
1997-01-03,3.16,95.85,3.418835500000001
1997-01-04,6.98,99.47,7.0019208000000015
1997-01-05,0.39,79.64,1.970037800000001
1997-01-06,-6.28,81.27,-4.139348299999998
1997-01-07,-6.76,77.78,-4.161815399999999
1997-01-08,-4.67,68.06,-1.302406099999999
1997-01-09,-2.34,84.98,-0.9488475999999986
1997-01-10,-3.74,92.13,-2.950481599999998
1997-01-11,-8.59,96.32,-8.122658399999997
1997-01-12,-12.93,98.8,-12.748961999999999
1997-01-13,-11.75,98.27,-11.500231249999999
1997-01-14,-9.18,97.56,-8.862214399999997
1997-01-15,-5.04,96.13,-4.624091099999998
1997-01-16,-8.97,96.3,-8.4923855
1997-01-17,-15.24,98.48,-14.9913736
1997-01-18,-14.1,97.63,-13.727198999999995
1997-01-19,-9.42,97.87,-9.1397772
1997-01-20,-2.58,93.78,-1.995693199999999
1997-01-21,-0.46,90.81,0.29615320000000095
1997-01-22,3.63,91.27,4.1519230500000015
1997-01-23,-3.52,80.73,-1.610150299999999
1997-01-24,-0.82,85.74,0.3815476000000019
1997-01-25,-4.92,88.17,-3.656437699999999
1997-01-26,-9.48,91.99,-8.423561099999999
1997-01-27,-4.4,93.51,-3.7253644999999995
1997-01-28,-10.62,93.31,-9.695709599999999
1997-01-29,-8.17,84.32,-6.214939199999998
1997-01-30,-5.88,92.28,-5.014665199999999
1997-01-31,-0.97,91.98,-0.28761829999999855
1997-02-01,-0.39,85.88,0.7663574000000019
1997-02-02,0.3,87.85,1.248915000000001
1997-02-03,0.08,90.81,0.8088589000000008
1997-02-04,1.07,92.51,1.6232488500000013
1997-02-05,-0.39,86.61,0.7065740500000012
1997-02-06,-1.38,84.03,0.014819800000000827
1997-02-07,-2.37,83.44,-0.8334803999999982
1997-02-08,-0.83,82.08,0.6809248000000016
1997-02-09,-2,66.22,1.065535000000001
1997-02-10,-2.05,75.09,0.21743275000000084
1997-02-11,-2.71,82.42,-1.045965099999999
1997-02-12,-3.89,84.8,-2.3525959999999992
1997-02-13,-4.62,75.35,-2.0278059999999978
1997-02-14,-2.6,81.37,-0.8478484999999996
1997-02-15,-4.14,80.19,-2.109078799999998
1997-02-16,-3.39,80.55,-1.4762172499999984
1997-02-17,-2.59,79.63,-0.675321849999998
1997-02-18,3.52,89.71,4.141413100000001
1997-02-19,3.34,86.05,4.196251000000001
1997-02-20,1.09,87.42,2.0178379000000013
1997-02-21,2.65,97.53,2.810982250000001
1997-02-22,-1.89,75.54,0.3149467000000008
1997-02-23,-0.89,76.67,1.0847678500000013
1997-02-24,-4.75,75.42,-2.1475924999999996
1997-02-25,-3.83,75.96,-1.4064073999999982
1997-02-26,0.42,93.29,0.9396224000000011
1997-02-27,0.77,92.7,1.3212595000000003
1997-02-28,0.4,89.73,1.1964385000000008
1997-03-01,4.15,97.58,4.287758500000001
1997-03-02,0.85,85.5,1.9385875000000015
1997-03-03,0.05,80.39,1.6085047500000014
1997-03-04,0.84,88.83,1.6792021000000008
1997-03-05,0.27,90.87,0.984559450000001
1997-03-06,-2.2,76.37,-0.02958449999999946
1997-03-07,-1.41,68.44,1.351657800000001
1997-03-08,1.47,85.66,2.4976761000000014
1997-03-09,1.48,90.85,2.1352315000000015
1997-03-10,2.21,78.4,3.670052
1997-03-11,2.41,87.3,3.254486500000001
1997-03-12,0.71,79.84,2.2390352000000004
1997-03-13,0.86,80.2,2.345396000000001
1997-03-14,-0.68,86.02,0.4871902000000009
1997-03-15,-4.97,70.89,-1.8527556499999989
1997-03-16,-4.82,72.62,-1.910601199999999
1997-03-17,2.16,86.14,3.100678200000001
1997-03-18,0.96,86.25,1.9839625000000005
1997-03-19,1.23,71.14,3.3363471000000002
1997-03-20,3.15,85.26,4.0701445000000005
1997-03-21,5.82,88.63,6.362803800000002
1997-03-22,3.51,82.23,4.584107650000001
1997-03-23,0.87,81.43,2.2621000500000004
1997-03-24,0.08,76.4,1.9517160000000005
1997-03-25,3.96,88,4.655640000000001
1997-03-26,3.02,80.81,4.231656600000001
1997-03-27,7.95,77.92,8.745432000000001
1997-03-28,8.78,91.09,9.060308599999999
1997-03-29,6.24,96.65,6.392190500000001
1997-03-30,2.93,89.19,3.617894350000001
1997-03-31,1.14,77.66,2.781543200000001
1997-04-01,3.36,63.24,5.6122852000000005
1997-04-02,6.95,71.02,8.153394500000001
1997-04-03,9.16,82.68,9.6686884
1997-04-04,10.8,88.05,11.0431825
1997-04-05,10.62,96.79,10.6885014
1997-04-06,7.79,79.37,8.551350150000001
1997-04-07,0.1,61.26,3.1682080000000017
1997-04-08,-1.62,69.37,1.0956558000000007
1997-04-09,-0.94,62.74,2.224119200000001
1997-04-10,-0.05,58.56,3.2662360000000015
1997-04-11,1.36,79.87,2.814795100000001
1997-04-12,1.38,94.76,1.7581184000000007
1997-04-13,2.17,80.79,3.4727261500000006
1997-04-14,3.47,68.01,5.410673350000001
1997-04-15,5.86,70.1,7.2808480000000015
1997-04-16,5.84,80.64,6.7621168
1997-04-17,2.38,78.18,3.8345212
1997-04-18,4.06,65.53,6.0392674
1997-04-19,4,79.03,5.2110175000000005
1997-04-20,6.06,70.86,7.4126788
1997-04-21,4.86,86.28,5.587434400000001
1997-04-22,3.71,86.04,4.5384562
1997-04-23,4.6,84.55,5.441252500000001
1997-04-24,4.31,88.81,4.93714355
1997-04-25,6.09,73.81,7.30141845
1997-04-26,7.26,59.89,8.8571802
1997-04-27,6.81,80.13,7.65040165
1997-04-28,7.89,75.07,8.796330150000001
1997-04-29,9.61,74.31,10.30093255
1997-04-30,10.27,86.38,10.5868693
1997-05-01,6.95,74.4,8.01304
1997-05-02,7.35,79.39,8.16048825
1997-05-03,5.91,88.41,6.457569550000001
1997-05-04,7.65,68.64,8.831488
1997-05-05,10.42,72.25,11.04271
1997-05-06,9.62,71.07,10.3964812
1997-05-07,8.84,71.75,9.7194225
1997-05-08,10.87,80.13,11.26670455
1997-05-09,7.75,77.37,8.590138750000001
1997-05-10,7.79,68.94,8.936269300000001
1997-05-11,10.09,72.57,10.75531465
1997-05-12,8.38,72.29,9.3127186
1997-05-13,6.25,77.69,7.2623162500000005
1997-05-14,7.82,77.04,8.6635504
1997-05-15,5.93,81.33,6.81001045
1997-05-16,7.38,76.66,8.2939944
1997-05-17,7.01,87.04,7.5438872
1997-05-18,9.05,89.65,9.360241250000001
1997-05-19,11.73,87.48,11.920742200000001
1997-05-20,8.62,77.16,9.3586456
1997-05-21,7.09,76.77,8.03673865
1997-05-22,7.81,62.3,9.1971715
1997-05-23,9.81,67.1,10.658655500000002
1997-05-24,13.27,78.62,13.4146357
1997-05-25,9.21,94.95,9.35692975
1997-05-26,7.34,83.21,8.0011902
1997-05-27,8.4,77.21,9.164604500000001
1997-05-28,9.4,83.93,9.850763500000001
1997-05-29,11.19,91.12,11.3516604
1997-05-30,11.99,83.37,12.219577150000001
1997-05-31,10.2,88.72,10.466771999999999
1997-06-01,8.06,95.09,8.2339122
1997-06-02,9.48,94.49,9.6321311
1997-06-03,10.47,94.72,10.5870312
1997-06-04,10.65,84.17,10.98520025
1997-06-05,13.69,74.72,13.802622399999999
1997-06-06,14.16,89.42,14.1797846
1997-06-07,12.49,93.08,12.566500600000001
1997-06-08,11.38,88.31,11.580600400000002
1997-06-09,11.59,85.53,11.82159235
1997-06-10,15.07,76.89,14.99755015
1997-06-11,18,72.5,17.470625
1997-06-12,17.23,84.88,17.0029732
1997-06-13,16.29,82.57,16.11840165
1997-06-14,11.11,81.72,11.4508306
1997-06-15,13,69.39,13.252532500000001
1997-06-16,16.77,84.54,16.5769819
1997-06-17,11.36,80.65,11.694174499999999
1997-06-18,14.15,80.11,14.188288250000001
1997-06-19,16.25,80.94,16.0665475
1997-06-20,18.51,93.6,18.368848
1997-06-21,18.44,97.2,18.379324
1997-06-22,20.36,84.78,19.8694594
1997-06-23,21.19,83.25,20.57368375
1997-06-24,20.35,89.4,20.008945
1997-06-25,20.36,84.81,19.8704263
1997-06-26,18.09,76.39,17.62382055
1997-06-27,18.92,64.71,18.062100100000002
1997-06-28,19.83,69.3,18.9300295
1997-06-29,20.55,73.22,19.6588955
1997-06-30,20.7,89.51,20.342291
1997-07-01,21.37,86.71,20.86783735
1997-07-02,21.35,79.36,20.572388
1997-07-03,18.34,76.98,17.8538176
1997-07-04,16.08,81.24,15.916975599999999
1997-07-05,16.94,69.61,16.532166200000002
1997-07-06,17.88,74.46,17.4052114
1997-07-07,15.99,82.55,15.84699725
1997-07-08,18.78,85.46,18.4377284
1997-07-09,15.51,85.08,15.4271194
1997-07-10,17.14,79.18,16.8376936
1997-07-11,18.69,77.48,18.1710266
1997-07-12,20.91,73.89,19.98949195
1997-07-13,22.91,77,21.846135
1997-07-14,23.67,81.88,22.756117800000002
1997-07-15,22.51,73.84,21.3575212
1997-07-16,23.85,67.36,22.171488
1997-07-17,24.1,62.67,22.128976
1997-07-18,24.21,76.2,22.938961
1997-07-19,20.23,86.56,19.8064384
1997-07-20,21.94,78.52,21.0610384
1997-07-21,22.16,91.66,21.8086358
1997-07-22,19.47,92.38,19.261707299999998
1997-07-23,20.14,87.79,19.7612458
1997-07-24,20.65,87.62,20.231246499999997
1997-07-25,22.19,82.66,21.4566047
1997-07-26,25.67,83.02,24.6268337
1997-07-27,24.62,87.92,23.9476272
1997-07-28,22.36,87.63,21.825244899999998
1997-07-29,19.27,71.26,18.5160061
1997-07-30,20.06,71.94,19.201925199999998
1997-07-31,20.74,75.03,19.883029599999997
1997-08-01,21.88,67.38,20.5559542
1997-08-02,23.99,69.76,22.411623199999998
1997-08-03,24.54,67.76,22.759707199999998
1997-08-04,21.56,83.69,20.926682699999997
1997-08-05,19.2,68.2,18.377969999999998
1997-08-06,20,54.03,18.6094075
1997-08-07,20.83,64.99,19.611126849999998
1997-08-08,21.38,69.03,20.2080952
1997-08-09,21.17,76.83,20.32000855
1997-08-10,21.9,85.14,21.295198
1997-08-11,19.5,89.84,19.2206
1997-08-12,20.19,89.17,19.85107515
1997-08-13,19.65,85.05,19.226541249999997
1997-08-14,19.64,67.74,18.7280098
1997-08-15,22.88,82.24,22.0614416
1997-08-16,24.25,88.47,23.63170375
1997-08-17,20.79,92.54,20.5319213
1997-08-18,18.08,83.15,17.748223499999998
1997-08-19,18.58,71.13,17.9321572
1997-08-20,19.59,82.64,19.1040068
1997-08-21,18.3,79.14,17.864026
1997-08-22,18.47,74.32,17.9092772
1997-08-23,19.15,72.9,18.4569175
1997-08-24,19.94,84.62,19.4798304
1997-08-25,18.39,86.36,18.0981722
1997-08-26,19.97,84.6,19.506691
1997-08-27,22.78,80.87,21.9088198
1997-08-28,20.34,83.11,19.797493199999998
1997-08-29,18.59,82.63,18.19926185
1997-08-30,19.92,82.27,19.3914687
1997-08-31,21.15,88.7,20.7367025
1997-09-01,20.58,82.73,20.002491199999998
1997-09-02,20.25,82.5,19.6965625
1997-09-03,16.69,70.23,16.331420350000002
1997-09-04,16.16,60.89,15.8029257
1997-09-05,17.82,59.38,17.0782788
1997-09-06,20.53,66.54,19.4202991
1997-09-07,19.38,86.43,19.0157812
1997-09-08,19.05,85.95,18.69839875
1997-09-09,18.89,92.05,18.69804725
1997-09-10,18.07,83.89,17.75368015
1997-09-11,17.72,74.71,17.2721141
1997-09-12,18.02,69.65,17.432424
1997-09-13,18.24,74.27,17.710733899999997
1997-09-14,19.58,76.82,18.9323508
1997-09-15,20.09,84.46,19.6122227
1997-09-16,21.56,83.76,20.9294008
1997-09-17,21.97,76.11,20.98847935
1997-09-18,20.43,67.48,19.3693602
1997-09-19,20.91,78.17,20.14038335
1997-09-20,17.39,80.78,17.0844981
1997-09-21,14.84,70.09,14.7840683
1997-09-22,15.45,69.94,15.2929365
1997-09-23,15.54,81.07,15.4317204
1997-09-24,15.22,66.99,15.0892804
1997-09-25,16.71,72.42,16.3747651
1997-09-26,16.18,81.36,16.0077664
1997-09-27,16.74,78,16.46896
1997-09-28,17.46,77.9,17.100212
1997-09-29,17.15,63.94,16.624425499999997
1997-09-30,16.62,69.04,16.2590064
1997-10-01,13.42,72.82,13.5814492
1997-10-02,14.85,68.74,14.7898245
1997-10-03,18.85,75.26,18.2580955
1997-10-04,20.4,74.09,19.5592205
1997-10-05,19.66,74.24,18.9289312
1997-10-06,19.49,74.03,18.77725335
1997-10-07,20.3,72.92,19.436148
1997-10-08,20.58,73.6,19.697183999999996
1997-10-09,19.86,75.82,19.1471736
1997-10-10,14.99,63.37,14.89128215
1997-10-11,16.02,66.56,15.7404416
1997-10-12,17.46,70.36,16.9774608
1997-10-13,16.77,76.93,16.48197105
1997-10-14,9.23,67.07,10.18447605
1997-10-15,8.99,61.86,10.1458327
1997-10-16,11.33,64.56,11.9478964
1997-10-17,10.74,70.23,11.3556436
1997-10-18,10.79,66.61,11.47132295
1997-10-19,11.98,67.93,12.424490200000001
1997-10-20,10.18,71.06,10.8676144
1997-10-21,8.35,64.29,9.55789075
1997-10-22,5.47,66.33,7.142220550000001
1997-10-23,7.5,64.36,8.87214
1997-10-24,8.96,85.42,9.404252600000001
1997-10-25,9.54,80.87,10.0618664
1997-10-26,7.6,81.54,8.300557
1997-10-27,4.64,82.03,5.6145131
1997-10-28,4.91,77.42,6.100982100000001
1997-10-29,8.08,81.01,8.7505369
1997-10-30,10.82,72.78,11.3709328
1997-10-31,13.92,85.42,13.9665102
1997-11-01,12,87.2,12.176
1997-11-02,6.38,82.41,7.165569400000001
1997-11-03,3.4,83.66,4.397557000000001
1997-11-04,4.96,84.03,5.7979459
1997-11-05,5.61,78.91,6.641195550000001
1997-11-06,7.59,85.63,8.13613185
1997-11-07,8.2,81.83,8.8295905
1997-11-08,8.2,81.31,8.8476085
1997-11-09,6.71,78.94,7.612315700000001
1997-11-10,5.57,77.22,6.688839700000001
1997-11-11,2.19,70.06,4.2170877
1997-11-12,0.27,68.04,2.771349400000001
1997-11-13,1.39,67.48,3.7348546000000002
1997-11-14,3.82,79.16,5.0441416000000014
1997-11-15,2.25,85.66,3.2161575000000013
1997-11-16,-0.52,79.31,1.1892009000000006
1997-11-17,-0.21,80.23,1.3894918500000004
1997-11-18,1.76,83.62,2.9077466000000007
1997-11-19,0.04,81.95,1.475516500000001
1997-11-20,3.04,85.89,3.929353300000001
1997-11-21,5.28,85.71,6.004645900000001
1997-11-22,4.25,80.65,5.340856250000001
1997-11-23,-0.28,79.8,1.362058000000001
1997-11-24,-1.02,67.78,1.7302992000000006
1997-11-25,5,82.3,5.924825000000001
1997-11-26,7.36,84.8,7.956904000000001
1997-11-27,3.03,82.31,4.145973650000001
1997-11-28,7.87,93.43,8.10957505
1997-11-29,6.08,96.07,6.261998300000001
1997-11-30,6.15,92.81,6.480200750000001
1997-12-01,4.13,76.22,5.486292300000001
1997-12-02,3.11,76.58,4.577145900000001
1997-12-03,2.93,85.96,3.8234354000000015
1997-12-04,1.49,83.22,2.690692900000001
1997-12-05,-0.83,82.03,0.6851405500000011
1997-12-06,-0.66,86.49,0.46646380000000176
1997-12-07,0.56,81.36,1.9891288000000007
1997-12-08,-0.71,85.35,0.5155457500000018
1997-12-09,1.24,85.85,2.2719595000000012
1997-12-10,2.17,91.21,2.7660938500000007
1997-12-11,2.84,81.34,4.036665800000001
1997-12-12,0.67,82.04,2.0361274000000007
1997-12-13,-1.42,92.36,-0.751041599999999
1997-12-14,0.64,86.63,1.6591951000000011
1997-12-15,1.46,86.47,2.430371600000001
1997-12-16,2.61,88.75,3.3456937500000006
1997-12-17,2.43,89.5,3.1270425000000013
1997-12-18,2.73,86.58,3.598743700000001
1997-12-19,3.33,93.77,3.712740050000001
1997-12-20,2.52,91.28,3.0945608000000013
1997-12-21,1.42,78.2,2.988292000000001
1997-12-22,1.75,88.86,2.5311925000000013
1997-12-23,1.56,85.9,2.563497000000001
1997-12-24,1.42,85.93,2.4321958000000006
1997-12-25,1.84,90.55,2.498003500000001
1997-12-26,-0.78,88.06,0.2234376000000009
1997-12-27,-1.63,81.76,-0.011838399999999583
1997-12-28,-2.09,80.03,-0.26783734999999864
1997-12-29,0.31,89.08,1.1622514000000008
1997-12-30,-2.03,83.36,-0.517174399999998
1997-12-31,-4.35,84.07,-2.6984572499999975
1998-01-01,-2.79,88.06,-1.654565699999999
1998-01-02,3.75,90.37,4.3193737500000005
1998-01-03,7.12,96.74,7.252323400000001
1998-01-04,4.1,86.98,4.844744
1998-01-05,7.11,95.16,7.306721800000001
1998-01-06,4.5,95.14,4.7673000000000005
1998-01-07,3.3,92.66,3.7521440000000013
1998-01-08,1.31,88.93,2.1130731500000004
1998-01-09,0.62,91.19,1.292555400000002
1998-01-10,-6.9,88.4,-5.53468
1998-01-11,-8.01,82.2,-5.806270999999999
1998-01-12,-1.96,77.29,0.09593630000000086
1998-01-13,-9.37,94.93,-8.704385049999999
1998-01-14,-5.91,81.7,-3.8557334999999986
1998-01-15,-1.62,89.22,-0.664245199999999
1998-01-16,-1.92,84.47,-0.5174856999999986
1998-01-17,-1.53,83.99,-0.11847834999999818
1998-01-18,-4.73,91.83,-3.8658999499999993
1998-01-19,-3.3,90.54,-2.3738659999999996
1998-01-20,-2.61,84.53,-1.1541956499999986
1998-01-21,-0.7,86.16,0.4570240000000012
1998-01-22,-0.12,92.38,0.4927242000000016
1998-01-23,-0.89,94.72,-0.443074399999999
1998-01-24,-1.85,88.79,-0.8419407499999998
1998-01-25,-2.08,88.54,-1.0349625999999996
1998-01-26,-0.42,93.55,0.10928700000000219
1998-01-27,0.53,93.34,1.0417211000000006
1998-01-28,0.22,93.89,0.6998794000000015
1998-01-29,2.16,93.29,2.615407700000001
1998-01-30,-0.08,85.19,1.1076139000000016
1998-01-31,-0.04,85.56,1.1147668000000006
1998-02-01,1.66,89.64,2.391623200000001
1998-02-02,1.49,86.34,2.4674413000000004
1998-02-03,1.4,83.54,2.5859430000000003
1998-02-04,0.08,77.8,1.8406820000000015
1998-02-05,-0.19,77.52,1.6262716000000013
1998-02-06,0.83,82.03,2.181074450000001
1998-02-07,0.15,89.74,0.9597705000000013
1998-02-08,-0.05,87.34,0.9631165000000013
1998-02-09,1.02,87.09,1.9771474000000007
1998-02-10,2.42,86.08,3.3448448000000006
1998-02-11,2.49,97.53,2.653155850000001
1998-02-12,1.68,84.55,2.769379500000001
1998-02-13,0.41,88.39,1.3097169500000008
1998-02-14,2.5,83.38,3.5969200000000012
1998-02-15,2.86,84.46,3.8548708000000014
1998-02-16,3.05,89.2,3.7301300000000004
1998-02-17,3.98,95,4.269300000000001
1998-02-18,2.85,91.09,3.420908250000001
1998-02-19,2.74,90.91,3.3279412000000015
1998-02-20,2.55,90.4,3.1809600000000007
1998-02-21,2.44,81.71,3.653175700000001
1998-02-22,2.75,88.37,3.5015887500000007
1998-02-23,2.92,85.44,3.847326400000001
1998-02-24,4.19,83.67,5.115992650000001
1998-02-25,4.38,81.32,5.4197288000000015
1998-02-26,6.39,82.04,7.1911058
1998-02-27,6.74,80.66,7.565431200000001
1998-02-28,4.34,82.08,5.341369600000001
1998-03-01,1.65,80.58,3.0225085000000007
1998-03-02,1.31,76.98,2.979985900000001
1998-03-03,0.84,85.2,1.9519240000000013
1998-03-04,-0.14,80.15,1.4583220000000003
1998-03-05,0.35,79.74,1.9267345000000011
1998-03-06,1.57,78.87,3.072659950000001
1998-03-07,2.08,76.55,3.681869500000001
1998-03-08,2.07,89.58,2.782363300000001
1998-03-09,0.13,85.88,1.2459742000000018
1998-03-10,-5.38,75.5,-2.701169999999998
1998-03-11,-6,77.65,-3.4800374999999986
1998-03-12,-5.84,76.43,-3.2032240999999986
1998-03-13,-2.14,80.63,-0.3672575999999983
1998-03-14,-0.84,76.1,1.1764430000000021
1998-03-15,-1.07,75.62,1.0177813000000004
1998-03-16,-0.66,76.46,1.3027652000000014
1998-03-17,1.28,84.55,2.403369500000001
1998-03-18,5.52,94.85,5.774358500000001
1998-03-19,2.8,95.87,3.0657655000000004
1998-03-20,0.97,83.9,2.1680815000000004
1998-03-21,1.68,76.35,3.347561500000001
1998-03-22,1.89,75.8,3.568391000000001
1998-03-23,1.79,75.63,3.4935848500000013
1998-03-24,2.44,70.52,4.395408400000001
1998-03-25,5.23,82.89,6.102353350000001
1998-03-26,12.29,90.53,12.405107849999998
1998-03-27,13.26,88.23,13.3402714
1998-03-28,11.53,88.14,11.7237331
1998-03-29,10.59,89.64,10.8127918
1998-03-30,14.14,90.83,14.1581566
1998-03-31,12.66,93.53,12.7254764
1998-04-01,6.53,87.12,7.094594800000001
1998-04-02,4.88,85.74,5.634496600000001
1998-04-03,4.01,90.33,4.567910650000001
1998-04-04,4.35,83.31,5.28171925
1998-04-05,4.13,81.49,5.185717850000001
1998-04-06,5.72,78.31,6.7674101
1998-04-07,7.43,82.55,8.10854325
1998-04-08,7.81,94.29,8.02009945
1998-04-09,5.29,93.66,5.611152700000001
1998-04-10,5.58,76.77,6.719663800000001
1998-04-11,7.69,66.17,8.957102650000001
1998-04-12,10.13,72.96,10.779906400000002
1998-04-13,10.62,85.74,10.9243084
1998-04-14,10.77,87.69,11.02253965
1998-04-15,9.71,84.32,10.123089600000002
1998-04-16,6.33,94.78,6.5645607
1998-04-17,5.32,77.06,6.478240600000001
1998-04-18,7.76,67.13,8.9784909
1998-04-19,8.36,66.6,9.487918
1998-04-20,9.1,67.55,10.063765
1998-04-21,8.1,91.01,8.416448
1998-04-22,7.61,88.2,8.057161
1998-04-23,9.75,68.48,10.57346
1998-04-24,11.12,72.49,11.631410899999999
1998-04-25,9.24,87.98,9.5877386
1998-04-26,9.26,94.74,9.4115932
1998-04-27,5.47,76.61,6.63166435
1998-04-28,6,79.83,6.942947500000001
1998-04-29,7.84,88.24,8.2707688
1998-04-30,9.52,96.8,9.607648
1998-05-01,10.75,92,10.915000000000001
1998-05-02,10.68,92.32,10.8413568
1998-05-03,7.99,96.14,8.128207300000001
1998-05-04,10.34,90.96,10.5468352
1998-05-05,13.12,82.23,13.254874299999999
1998-05-06,13.79,89.6,13.830611999999999
1998-05-07,11.91,97.53,11.94518515
1998-05-08,10.47,93.8,10.607423
1998-05-09,9.58,89.64,9.8603416
1998-05-10,9.02,84.76,9.4793336
1998-05-11,10.48,88.37,10.7371393
1998-05-12,12.53,86.25,12.67898125
1998-05-13,15.97,77.57,15.78865345
1998-05-14,15.47,72.64,15.3240344
1998-05-15,17.81,87.3,17.5787965
1998-05-16,17.22,79.32,16.9106272
1998-05-17,16.38,70.37,16.0736258
1998-05-18,17.95,69.5,17.3712625
1998-05-19,19.38,79.79,18.8375636
1998-05-20,16.79,82.1,16.5645495
1998-05-21,13.78,75.63,13.876505199999999
1998-05-22,11.92,86.58,12.1104298
1998-05-23,13.26,79.07,13.4027426
1998-05-24,13.5,90.31,13.553295
1998-05-25,12.84,81.9,13.005253
1998-05-26,15.28,70.09,15.1516861
1998-05-27,17.5,68.16,16.97464
1998-05-28,19.04,82.5,18.603025
1998-05-29,19.47,89.08,19.171501799999998
1998-05-30,18.53,81.09,18.11085985
1998-05-31,19.83,84.21,19.367116149999998
1998-06-01,15.11,75.83,15.02890965
1998-06-02,16.07,76.25,15.864918750000001
1998-06-03,11.86,81.25,12.132249999999999
1998-06-04,12.74,65.45,13.074444
1998-06-05,11.33,74.54,11.7738951
1998-06-06,11.6,73.69,12.0196445
1998-06-07,13.37,73.31,13.535878349999999
1998-06-08,14.12,69.81,14.1830971
1998-06-09,14.89,92.22,14.873311900000001
1998-06-10,16.18,90.13,16.0888012
1998-06-11,17.12,94.76,17.0444916
1998-06-12,19.96,86.51,19.554895300000002
1998-06-13,17.72,87.11,17.4917181
1998-06-14,17.94,82.09,17.6011428
1998-06-15,17.49,88.7,17.3041715
1998-06-16,17.53,83.88,17.261360200000002
1998-06-17,20.2,79.33,19.5519955
1998-06-18,20.96,85.83,20.4565399
1998-06-19,21.17,84.57,20.60395045
1998-06-20,21.17,84.5,20.6013825
1998-06-21,22.8,86.56,22.186464
1998-06-22,21.92,74.89,20.8952609
1998-06-23,21.16,78.95,20.3889385
1998-06-24,22.76,79.8,21.842314000000002
1998-06-25,24.31,84.1,23.452115499999998
1998-06-26,23.48,88.72,22.922880799999998
1998-06-27,23.77,88.01,23.15868985
1998-06-28,23.36,88.43,22.7961939
1998-06-29,24.08,78.09,22.925562099999997
1998-06-30,21.72,82.97,21.0437387
1998-07-01,21.01,78.19,20.229092950000002
1998-07-02,21.45,70.36,20.317011
1998-07-03,22.48,79.57,21.5833273
1998-07-04,21.23,89.75,20.85059625
1998-07-05,20.06,72.46,19.217826799999997
1998-07-06,21.91,82.67,21.20371585
1998-07-07,21.74,91.67,21.408299399999997
1998-07-08,20.8,89.7,20.443105
1998-07-09,21.51,80.25,20.74853875
1998-07-10,21.86,77.29,20.940699199999997
1998-07-11,21.24,69.68,20.1160376
1998-07-12,22.03,60.79,20.40611785
1998-07-13,22.73,69.32,21.3412698
1998-07-14,23.9,75.4,22.628179999999997
1998-07-15,24.17,81.04,23.161612400000003
1998-07-16,24.37,75.92,23.0628172
1998-07-17,23.23,76.62,22.1074093
1998-07-18,24.04,71.83,22.5619201
1998-07-19,25.11,84.52,24.2066646
1998-07-20,25.52,75.1,24.010810999999997
1998-07-21,27.01,83.21,25.85476405
1998-07-22,24.28,74.75,22.9218025
1998-07-23,23.17,72.96,21.8805976
1998-07-24,22.34,59.2,20.580704
1998-07-25,22.76,55.52,20.7392736
1998-07-26,22.32,62.98,20.7277698
1998-07-27,23.26,74.01,22.0078018
1998-07-28,24.46,74.99,23.0899522
1998-07-29,24.4,65.32,22.511674
1998-07-30,22.37,68.37,21.00089545
1998-07-31,21.38,69.69,20.2330696
1998-08-01,22.86,66.17,21.3044966
1998-08-02,23.09,64.49,21.412330049999998
1998-08-03,23.02,76.26,21.9075436
1998-08-04,23.41,93.16,23.0748058
1998-08-05,23.45,92.12,23.062106999999997
1998-08-06,23.93,89.94,23.4082381
1998-08-07,23.42,92.19,23.0368414
1998-08-08,23.68,89.83,23.1665167
1998-08-09,24.42,85.89,23.650158400000002
1998-08-10,24.71,79.6,23.564438
1998-08-11,22.62,79.15,21.688839
1998-08-12,22,75.4,20.98525
1998-08-13,22.52,66.15,21.0268765
1998-08-14,23.03,66.33,21.45037195
1998-08-15,22.76,82.58,21.968609400000002
1998-08-16,23.18,68.77,21.6890798
1998-08-17,24.24,77.36,23.0271752
1998-08-18,22.52,81.01,21.682351099999998
1998-08-19,20.95,65.04,19.709794
1998-08-20,22.65,71.57,21.37562525
1998-08-21,25.23,79.93,24.04556895
1998-08-22,24.86,83.95,23.945470999999998
1998-08-23,25.48,76.57,24.065062299999997
1998-08-24,25.78,83.69,24.7681276
1998-08-25,24.78,80.31,23.6667274
1998-08-26,23.98,75.24,22.6890136
1998-08-27,23.86,70.73,22.3531804
1998-08-28,22.13,81.49,21.35322785
1998-08-29,23.69,76.5,22.5021925
1998-08-30,23.61,69.27,22.070273349999997
1998-08-31,22.56,59.31,20.756212299999998
1998-09-01,22.75,59.49,20.91185875
1998-09-02,21.32,65.68,20.0326568
1998-09-03,21.38,57.09,19.756285599999998
1998-09-04,21.75,63.81,20.30692375
1998-09-05,22.96,62.43,21.2118679
1998-09-06,25.23,78,23.93167
1998-09-07,22.79,75.96,21.693896199999998
1998-09-08,18.59,70.58,17.9281971
1998-09-09,18.56,69.96,17.8892068
1998-09-10,19.57,62.5,18.5243125
1998-09-11,20.91,62.86,19.6006293
1998-09-12,21.87,62.7,20.358044500000002
1998-09-13,24.88,49.77,22.0123693
1998-09-14,22.53,82.83,21.77168695
1998-09-15,21.52,88.24,21.065946399999998
1998-09-16,20.91,86.19,20.42312845
1998-09-17,20.72,76.22,19.9064862
1998-09-18,21.16,65.26,19.8874738
1998-09-19,21.91,72.69,20.79698095
1998-09-20,22.63,79.98,21.7348057
1998-09-21,18.94,78.43,18.4132606
1998-09-22,17.1,73.6,16.72248
1998-09-23,15.84,63.87,15.573721899999999
1998-09-24,16.56,72.31,16.246272299999998
1998-09-25,20.12,81.8,19.557438
1998-09-26,23.96,79.17,22.8762151
1998-09-27,23.61,74.9,22.3523645
1998-09-28,19.44,64.08,18.4640536
1998-09-29,19.3,73.64,18.604096000000002
1998-09-30,19.84,81.34,19.2919558
1998-10-01,14.87,64.95,14.79867325
1998-10-02,13.16,62.09,13.4393967
1998-10-03,13.26,80.36,13.3939448
1998-10-04,14.81,76.27,14.76954035
1998-10-05,16.83,85.38,16.642644699999998
1998-10-06,19.32,91.33,19.0901583
1998-10-07,14.06,81.3,14.105254
1998-10-08,13.81,75.42,13.903281100000001
1998-10-09,13.87,65.49,13.989577149999999
1998-10-10,14.15,63.8,14.219685
1998-10-11,15.04,74.41,14.963997699999998
1998-10-12,15.37,75.2,15.251332
1998-10-13,11.3,70.39,11.821136000000001
1998-10-14,10.54,75.92,11.0644624
1998-10-15,13.46,76.56,13.594076800000002
1998-10-16,16.02,73.87,15.801553199999999
1998-10-17,18.16,84.85,17.855030499999998
1998-10-18,14.8,76.57,14.761340500000001
1998-10-19,11.81,73.08,12.2082814
1998-10-20,10.67,69.42,11.3141677
1998-10-21,9.64,77.67,10.236880900000001
1998-10-22,9.59,66.93,10.48305535
1998-10-23,10.6,69.12,11.262376
1998-10-24,11.19,75.05,11.64421475
1998-10-25,12.64,77.18,12.8734486
1998-10-26,14.62,77.38,14.6050708
1998-10-27,16.01,82.36,15.863499800000001
1998-10-28,14.8,86.83,14.7782695
1998-10-29,12.7,79.25,12.905425
1998-10-30,13.98,92.51,14.0014214
1998-10-31,13.66,90.93,13.7019034
1998-11-01,12.26,90.18,12.3809824
1998-11-02,10.48,75.98,11.0110822
1998-11-03,7.08,74.63,8.115349700000001
1998-11-04,6.4,76.85,7.431332500000001
1998-11-05,6.44,77.51,7.4369817000000005
1998-11-06,5.35,77.16,6.499423
1998-11-07,4.42,73.32,5.8991392000000005
1998-11-08,4.54,76.96,5.802131200000002
1998-11-09,5.98,77.84,7.018417600000001
1998-11-10,10.52,81.29,10.9295619
1998-11-11,4.96,67.85,6.646910500000001
1998-11-12,4.86,81.98,5.815420400000001
1998-11-13,6.75,67.98,8.1148525
1998-11-14,8.37,88.12,8.7705342
1998-11-15,6.18,74.28,7.3569472000000005
1998-11-16,6.72,81.03,7.531726300000001
1998-11-17,5.78,82.17,6.635126800000001
1998-11-18,7.67,80.17,8.41491395
1998-11-19,7.1,77.12,8.031216
1998-11-20,1.55,84.1,2.682477500000001
1998-11-21,1.85,78.22,3.3653435000000007
1998-11-22,6.02,73.74,7.2447664000000005
1998-11-23,9,71.96,9.84821
1998-11-24,6.53,76.89,7.54302685
1998-11-25,7.33,79.5,8.138417500000001
1998-11-26,7.67,78.23,8.487790050000001
1998-11-27,8.49,84.56,9.0003692
1998-11-28,9.68,89.09,9.9692241
1998-11-29,12.83,94.91,12.876751650000001
1998-11-30,12.77,91.48,12.8510678
1998-12-01,6.71,80.88,7.529196400000001
1998-12-02,9.05,79.38,9.6680845
1998-12-03,11.9,89.42,12.051294
1998-12-04,12.92,98.33,12.9345123
1998-12-05,11.63,95.82,11.695981300000001
1998-12-06,10.25,95.52,10.35472
1998-12-07,4.35,85.36,5.1672780000000005
1998-12-08,4.06,71.46,5.698766800000001
1998-12-09,3.17,81.68,4.3116108
1998-12-10,2.76,81.22,3.972624600000001
1998-12-11,2.73,78.73,4.10691345
1998-12-12,3.37,73.62,4.9848517
1998-12-13,4.68,84.23,5.531737700000001
1998-12-14,5.07,78.7,6.174724500000001
1998-12-15,4.52,79.85,5.626033500000001
1998-12-16,4.21,82.6,5.194753000000001
1998-12-17,1.92,73.64,3.7438484000000005
1998-12-18,3.62,71.31,5.3368096000000005
1998-12-19,3.51,79.03,4.77753165
1998-12-20,1.67,76.38,3.336745300000001
1998-12-21,-0.51,86.45,0.6086202500000009
1998-12-22,-9.03,89.98,-7.733261699999998
1998-12-23,-6.61,82.05,-4.525915249999999
1998-12-24,-4.16,72.9,-1.378727
1998-12-25,-2.01,67.8,0.9139210000000015
1998-12-26,-2.28,74.43,0.07985530000000063
1998-12-27,1.3,79.58,2.7824920000000013
1998-12-28,1.38,73.93,3.261211200000001
1998-12-29,0.96,85.07,2.0718371000000015
1998-12-30,-8.15,87.23,-6.559177249999999
1998-12-31,-7.47,89.31,-6.178273849999999
1999-01-01,-6.88,89.33,-5.625314699999998
1999-01-02,-4.94,90.04,-3.8750767999999995
1999-01-03,-5.02,96.67,-4.662491199999998
1999-01-04,-11.22,100,-11.219999999999997
1999-01-05,-15.07,100,-15.069999999999997
1999-01-06,-7.48,97.17,-7.137881299999999
1999-01-07,-12.11,94.41,-11.291875549999997
1999-01-08,-7.02,87.67,-5.560621199999998
1999-01-09,-8.15,96.92,-7.766308999999999
1999-01-10,-12.47,99.1,-12.336498499999998
1999-01-11,-12.52,99.98,-12.517027799999997
1999-01-12,-4.51,93.4,-3.819937
1999-01-13,-4.86,89,-3.688719999999999
1999-01-14,-8.35,92.61,-7.421261749999998
1999-01-15,-6.73,94.84,-6.127492599999999
1999-01-16,-0.26,96.47,0.026565400000001016
1999-01-17,-1.2,97.5,-0.9841249999999994
1999-01-18,0.81,92.57,1.369441850000002
1999-01-19,-4.15,90.9,-3.2165674999999996
1999-01-20,-0.59,90.32,0.2133916000000018
1999-01-21,1.67,96.94,1.8859289000000015
1999-01-22,4.09,96.46,4.292682700000001
1999-01-23,4.97,97.08,5.123051800000001
1999-01-24,-0.09,89.07,0.7870778500000013
1999-01-25,-0.9,86.64,0.2315920000000008
1999-01-26,-1.79,79.88,0.012651400000001312
1999-01-27,3.16,92.21,3.645862300000002
1999-01-28,0.89,84.47,2.052498150000001
1999-01-29,1.11,77.06,2.7994163000000007
1999-01-30,2.59,79.98,3.9014101000000005
1999-01-31,1.35,82.45,2.6193037500000003
1999-02-01,3,90.18,3.6211150000000005
1999-02-02,2.86,90.95,3.439381
1999-02-03,1.8,75.73,3.4952595000000004
1999-02-04,0,76.66,1.8613650000000015
1999-02-05,-0.44,68.36,2.1598588000000007
1999-02-06,3.09,87.15,3.8964017500000003
1999-02-07,1.6,88.45,2.419472500000001
1999-02-08,1.81,89.25,2.5602962500000013
1999-02-09,3.92,84.01,4.850458100000001
1999-02-10,4.74,72.35,6.224252000000001
1999-02-11,9.78,88.7,10.073348
1999-02-12,-1.89,75.95,0.2779872500000009
1999-02-13,-4.13,72.97,-1.360371049999999
1999-02-14,0.02,66.04,2.7245744000000007
1999-02-15,2.13,85.69,3.103580850000001
1999-02-16,2.04,93.08,2.5142276000000012
1999-02-17,-0.45,80.79,1.1295422500000007
1999-02-18,-0.7,69.72,1.8314080000000013
1999-02-19,-0.75,77.54,1.1338325000000005
1999-02-20,-1.5,76.9,0.5328000000000008
1999-02-21,-1.3,69.11,1.3843410000000012
1999-02-22,-2.61,66.61,0.5321659500000009
1999-02-23,-1.32,65.29,1.7001171000000006
1999-02-24,-1.08,75.67,1.0048377000000013
1999-02-25,0.12,84.13,1.3751583000000016
1999-02-26,1.14,80.43,2.5780036000000006
1999-02-27,3.36,93.22,3.7754106000000003
1999-02-28,2.24,89.18,2.9695926000000012
1999-03-01,1.27,80.71,2.673636850000001
1999-03-02,1.98,83.18,3.1382252000000004
1999-03-03,0.33,79.32,1.9416958000000017
1999-03-04,-0.59,69.4,1.949647000000001
1999-03-05,1.05,87.79,1.9532347500000002
1999-03-06,-1.43,86.37,-0.23580754999999898
1999-03-07,-3.82,74.7,-1.2707719999999987
1999-03-08,-3.1,75.37,-0.7158159999999989
1999-03-09,-1.1,89.21,-0.17421799999999865
1999-03-10,-1.31,77.79,0.6212705500000002
1999-03-11,-1,72.74,1.3239150000000017
1999-03-12,-0.56,72.22,1.7410174000000014
1999-03-13,-0.19,70.86,2.164366300000001
1999-03-14,0.42,73.27,2.4899712000000007
1999-03-15,1.76,72.55,3.683421500000001
1999-03-16,3.05,78.78,4.3863295
1999-03-17,6.86,86.03,7.4470194
1999-03-18,3.04,72.04,4.8023188
1999-03-19,1.74,79.74,3.161846800000001
1999-03-20,2.75,78.01,4.17110375
1999-03-21,2.83,76.99,4.306896850000001
1999-03-22,0.9,73.99,2.8455480000000013
1999-03-23,2.57,69.69,4.558790650000001
1999-03-24,2.53,71.49,4.406955850000001
1999-03-25,0.81,73.77,2.784987850000001
1999-03-26,1.14,77.14,2.8197528000000007
1999-03-27,3.46,74.2,5.026576
1999-03-28,4.85,79.47,5.939629750000001
1999-03-29,5.95,72.19,7.25776525
1999-03-30,7.97,63.04,9.2974184
1999-03-31,9.07,76.64,9.7676464
1999-04-01,9.74,93.69,9.905195800000001
1999-04-02,11.66,93.49,11.7616862
1999-04-03,12.53,95.33,12.58059945
1999-04-04,11.82,85.24,12.0375624
1999-04-05,5.91,90.03,6.381032650000001
1999-04-06,9.1,78.24,9.746272000000001
1999-04-07,8.84,75.49,9.602996300000001
1999-04-08,8.12,87.87,8.5456417
1999-04-09,7.04,90.88,7.414193600000001
1999-04-10,5.16,77.79,6.300927700000001
1999-04-11,5.61,87.23,6.234389150000001
1999-04-12,4.85,81.69,5.82180325
1999-04-13,6.97,76.5,7.943252500000001
1999-04-14,6.65,71.86,7.864944500000001
1999-04-15,6.1,82.58,6.904804
1999-04-16,4.79,93.31,5.14727945
1999-04-17,4.52,86.43,5.264857299999999
1999-04-18,4.88,86.28,5.605925200000001
1999-04-19,5.58,81.51,6.4871194
1999-04-20,5.97,80.36,6.8914106
1999-04-21,7.98,91.21,8.295209400000001
1999-04-22,9.07,97.9,9.1327165
1999-04-23,5.44,90.84,5.896442800000001
1999-04-24,5.12,76.55,6.329785500000001
1999-04-25,6.59,71.14,7.8455543
1999-04-26,7.38,72.2,8.468648
1999-04-27,7.2,80.88,7.967668000000001
1999-04-28,7.69,82.47,8.34658615
1999-04-29,7.36,81.46,8.0880658
1999-04-30,7.13,81.52,7.8790868000000005
1999-05-01,8.37,66.66,9.4940581
1999-05-02,10.4,69.46,11.088677
1999-05-03,11.99,76.8,12.310276
1999-05-04,13.94,79.05,14.004526
1999-05-05,14.35,85.09,14.36230075
1999-05-06,12.72,88.86,12.8290606
1999-05-07,10.2,83.05,10.6008675
1999-05-08,9.58,89.13,9.8741422
1999-05-09,9.14,88.02,9.4931704
1999-05-10,9.99,79.77,10.491805150000001
1999-05-11,12.68,80.84,12.8717916
1999-05-12,14.52,92.02,14.5191222
1999-05-13,9.87,84.28,10.2703098
1999-05-14,8.49,81.41,9.10449245
1999-05-15,12.96,89.32,13.050459600000002
1999-05-16,15.28,91.33,15.2428057
1999-05-17,16.28,92.83,16.2098057
1999-05-18,13.17,88.85,13.251562250000001
1999-05-19,12.4,76.44,12.672118000000001
1999-05-20,13.89,70.4,13.989308000000001
1999-05-21,15.44,79.97,15.3364449
1999-05-22,11.05,92.83,11.186050750000001
1999-05-23,11.64,86.82,11.8473214
1999-05-24,10.09,79.18,10.5949891
1999-05-25,10.77,73.93,11.304826049999999
1999-05-26,11.76,75.11,12.1350923
1999-05-27,13.87,63.72,13.9957102
1999-05-28,17.69,71.28,17.1861076
1999-05-29,19.03,70.77,18.30173455
1999-05-30,17.93,76.56,17.487804399999998
1999-05-31,17.67,90.33,17.501403550000003
1999-06-01,16.32,93.74,16.2573374
1999-06-02,14.9,91.45,14.88119
1999-06-03,13.01,83.97,13.14136585
1999-06-04,14.45,82.16,14.454906
1999-06-05,18.84,89.21,18.582442699999998
1999-06-06,21.24,87.82,20.788487399999998
1999-06-07,20.77,83.88,20.214101799999998
1999-06-08,21.24,74.18,20.2828526
1999-06-09,22.48,73.26,21.3063814
1999-06-10,22.06,83.26,21.363950799999998
1999-06-11,21.96,85.55,21.3671165
1999-06-12,20.89,91.77,20.60075665
1999-06-13,18.89,95.98,18.7929371
1999-06-14,17.03,86.7,16.8449305
1999-06-15,13.9,70.08,13.998736000000001
1999-06-16,15.44,57.27,15.2190859
1999-06-17,14.51,71.61,14.50843855
1999-06-18,16.1,58.7,15.73656
1999-06-19,17.76,71.18,17.2432574
1999-06-20,18.27,76.94,17.7918509
1999-06-21,19.26,79.5,18.72331
1999-06-22,20.9,81.99,20.266047999999998
1999-06-23,21.86,83.32,21.1847936
1999-06-24,20.98,89.98,20.6228872
1999-06-25,21.33,73.6,20.338283999999998
1999-06-26,21.66,76.76,20.7448088
1999-06-27,22.96,87.61,22.3834933
1999-06-28,23.37,83.62,22.5709017
1999-06-29,18.33,75.2,17.807588
1999-06-30,18.6,69.93,17.9219215
1999-07-01,20.48,83.08,19.9235012
1999-07-02,21.87,81.54,21.1217239
1999-07-03,23.81,88.6,23.226263
1999-07-04,25.12,84.95,24.2409295
1999-07-05,25.17,83.98,24.2298663
1999-07-06,23.84,78.89,22.7555793
1999-07-07,22.27,72.57,21.09777895
1999-07-08,22.88,68.73,21.438765699999998
1999-07-09,23.21,78.01,22.15656905
1999-07-10,19.43,75.33,18.76107295
1999-07-11,20.22,57.23,18.8744558
1999-07-12,20.38,62.3,19.160781999999998
1999-07-13,21.59,60.86,20.0637357
1999-07-14,21.97,70.58,20.761279299999998
1999-07-15,22.69,71.74,21.417028300000002
1999-07-16,23.53,73.71,22.22430715
1999-07-17,23.3,85.69,22.607396
1999-07-18,22.24,87.51,21.7083007
1999-07-19,23.67,81.1,22.7167785
1999-07-20,22.32,88.92,21.8434492
1999-07-21,25.11,85.02,24.2358421
1999-07-22,25.26,83.79,24.3006922
1999-07-23,26,81.65,24.8393625
1999-07-24,26.52,81.1,25.270521
1999-07-25,26.75,74.71,25.04608625
1999-07-26,25.24,79.07,24.003664899999997
1999-07-27,25.39,83.8,24.419701
1999-07-28,26.04,77.04,24.582728799999998
1999-07-29,27.35,76.96,25.721648
1999-07-30,28.39,80.96,26.935439199999998
1999-07-31,26.94,77.23,25.3820766
1999-08-01,23.95,72.95,22.54407625
1999-08-02,22.45,68.82,21.086654499999998
1999-08-03,23.33,61.02,21.4369363
1999-08-04,23.16,69.61,21.7125243
1999-08-05,21.65,70.71,20.49817075
1999-08-06,22.49,68.26,21.0951857
1999-08-07,21.9,85.13,21.294790999999996
1999-08-08,20.15,83.93,19.65062475
1999-08-09,19.62,63.1,18.580896
1999-08-10,22.06,70.08,20.8159264
1999-08-11,23.1,75.78,21.954394
1999-08-12,21.49,78.64,20.6688148
1999-08-13,23.06,84.01,22.307190799999997
1999-08-14,19.2,68.66,18.389861
1999-08-15,20.43,61.01,19.15834115
1999-08-16,21.54,63,20.10736
1999-08-17,22.88,69.66,21.4816294
1999-08-18,20.87,82.54,20.2582889
1999-08-19,19.4,84.43,18.9803885
1999-08-20,19.91,72.45,19.090249749999998
1999-08-21,20.41,69.7,19.4250985
1999-08-22,21.07,70.73,20.01232855
1999-08-23,21.74,75.79,20.775957799999997
1999-08-24,20.3,87.24,19.892956
1999-08-25,20.63,92.48,20.3764632
1999-08-26,21.08,89.4,20.696385999999997
1999-08-27,22.9,79,21.929799999999997
1999-08-28,24.35,80.08,23.270834
1999-08-29,21.07,72.99,20.093993649999998
1999-08-30,18.17,65.44,17.4724064
1999-08-31,19.67,62.61,18.60681535
1999-09-01,21.7,62.67,20.221732
1999-09-02,23.65,59.34,21.603785499999997
1999-09-03,23.84,61.73,21.874070099999997
1999-09-04,23.71,63.2,21.845896
1999-09-05,23.99,61.16,21.962746199999998
1999-09-06,21.44,67.94,20.2162698
1999-09-07,19.56,63.26,18.537525799999997
1999-09-08,20.9,63.2,19.60464
1999-09-09,18.51,64.96,17.737192800000003
1999-09-10,17.5,59.66,16.83439
1999-09-11,19.26,61.07,18.2408126
1999-09-12,20.24,75.19,19.456748299999997
1999-09-13,17.79,74.2,17.323149
1999-09-14,16.92,63.14,16.429393400000002
1999-09-15,16.51,62.85,16.09930675
1999-09-16,16.64,66.94,16.2508838
1999-09-17,16.9,65.68,16.446976
1999-09-18,18.34,59.45,17.483584
1999-09-19,19.57,60.53,18.46937905
1999-09-20,16.42,73.97,16.1451232
1999-09-21,14,70.5,14.081125
1999-09-22,15.06,57.96,14.9305168
1999-09-23,17.5,60.4,16.8466
1999-09-24,16.45,70.84,16.137259
1999-09-25,17.55,61.25,16.89996875
1999-09-26,20.53,57.11,19.10755315
1999-09-27,19.51,77.77,18.897452350000002
1999-09-28,16.7,88.82,16.564722
1999-09-29,14.73,80.22,14.7049783
1999-09-30,14.03,67.32,14.1144778
1999-10-01,13.4,62.63,13.6260885
1999-10-02,13.51,69.53,13.67590915
1999-10-03,10.06,76.06,10.644614800000001
1999-10-04,10.3,75.92,10.856248
1999-10-05,11.5,64.78,12.08113
1999-10-06,12.29,77.83,12.559476349999999
1999-10-07,13.22,67.73,13.4471808
1999-10-08,14.44,78.96,14.4469432
1999-10-09,15.45,95.46,15.426278499999999
1999-10-10,16.74,88.19,16.5945008
1999-10-11,14.54,77,14.534939999999999
1999-10-12,14.95,70.9,14.8779775
1999-10-13,14.14,77.56,14.1844312
1999-10-14,11.39,65.22,11.9849119
1999-10-15,13.77,67,13.902495
1999-10-16,16.4,79.6,16.186819999999997
1999-10-17,11.21,73.33,11.692593650000001
1999-10-18,8.9,74.74,9.678008
1999-10-19,10.55,63.41,11.34491775
1999-10-20,9.25,67.1,10.1999875
1999-10-21,10.43,64.9,11.2157135
1999-10-22,11.23,66.7,11.8289005
1999-10-23,7.41,68.26,8.647701300000001
1999-10-24,6.7,66.46,8.138866
1999-10-25,9.21,61.21,10.33859505
1999-10-26,11.09,63.76,11.7696812
1999-10-27,10.26,72.35,10.904798
1999-10-28,12.73,71.45,13.00793425
1999-10-29,14.2,77.98,14.236333
1999-10-30,15.62,69.2,15.430271999999999
1999-10-31,13.88,81.39,13.943460100000001
1999-11-01,14.24,84.09,14.2627513
1999-11-02,8.22,61.3,9.556698
1999-11-03,4.88,61.84,6.899045600000001
1999-11-04,7.89,62.06,9.2693087
1999-11-05,10.76,71.91,11.3378113
1999-11-06,9.25,61.27,10.36832875
1999-11-07,9.53,50.82,10.8743353
1999-11-08,10.48,72.89,11.079402100000001
1999-11-09,14.9,74.82,14.844604
1999-11-10,14.12,76.11,14.1699301
1999-11-11,8.08,79,8.82151
1999-11-12,8.72,86.03,9.1641063
1999-11-13,12.06,82.21,12.2987418
1999-11-14,10.47,70.88,11.1154448
1999-11-15,7.5,66.33,8.796295
1999-11-16,6.82,71.87,8.0082112
1999-11-17,6.12,63.95,7.781544500000001
1999-11-18,9.1,67.44,10.067032
1999-11-19,11.3,67.8,11.86672
1999-11-20,6.6,83.82,7.303021000000001
1999-11-21,7.03,88.18,7.5156247
1999-11-22,10,88.13,10.2937825
1999-11-23,12.33,86.75,12.488138750000001
1999-11-24,6.25,74.44,7.409785000000001
1999-11-25,6.34,60.13,8.1293656
1999-11-26,6.71,65.43,8.19115165
1999-11-27,6.21,75.25,7.33847625
1999-11-28,4.96,70.46,6.509963800000001
1999-11-29,3.06,74.22,4.682077600000001
1999-11-30,2.49,65.27,4.784090150000001
1999-12-01,3.64,64.85,5.7395095000000005
1999-12-02,6.13,70.01,7.510589650000001
1999-12-03,10.97,87.19,11.218706150000001
1999-12-04,8.9,95.07,9.0518440000000009
1999-12-05,6.68,92.73,6.9926827000000005
1999-12-06,1.82,77.44,3.393334400000001
1999-12-07,2.47,76.81,4.0043663500000015
1999-12-08,3.76,87.44,4.501919200000001
1999-12-09,6.86,84.5,7.511310000000001
1999-12-10,3.94,77.49,5.247380800000001
1999-12-11,3.02,73.52,4.691947200000001
1999-12-12,4.08,73.53,5.596995700000001
1999-12-13,5.19,78.77,6.277082150000002
1999-12-14,4.09,85.23,4.93565635
1999-12-15,3.2,90.47,3.792289500000001
1999-12-16,0.33,82.78,1.672040700000001
1999-12-17,-0.73,76.96,1.1999456000000017
1999-12-18,-0.52,74.57,1.5807723000000018
1999-12-19,1.11,84.11,2.280219050000001
1999-12-20,-1.26,88.85,-0.29351799999999795
1999-12-21,-9,92.57,-8.039672499999996
1999-12-22,-7.2,86.49,-5.587581499999997
1999-12-23,-7.4,89.47,-6.131661499999998
1999-12-24,-4.22,85.69,-2.746642399999998
1999-12-25,-4.15,82.26,-2.3303195
1999-12-26,-0.21,79.03,1.4865778500000013
1999-12-27,-2.66,82.2,-0.9800359999999995
1999-12-28,-3.74,86.59,-2.3947087999999987
1999-12-29,1.03,82.9,2.2968535
1999-12-30,3.07,88.25,3.808663750000001
1999-12-31,1.64,83.47,2.809166900000001
2000-01-01,2.8,87.36,3.613384000000001
2000-01-02,6.6,91.93,6.9506415
2000-01-03,3.35,90.45,3.9356537500000006
2000-01-04,0.44,84.17,1.6641339000000008
2000-01-05,-2.37,79.02,-0.4233706999999982
2000-01-06,0.47,79.51,2.0511108500000006
2000-01-07,-1.36,75.72,0.7579444000000006
2000-01-08,0.51,79.51,2.086603050000001
2000-01-09,2.73,94.23,3.103520950000001
2000-01-10,4.27,88.95,4.891728250000001
2000-01-11,1.63,75.2,3.3854680000000013
2000-01-12,0.56,66.88,3.099310400000001
2000-01-13,-0.05,78.11,1.7017472500000013
2000-01-14,-2.98,74.2,-0.49958799999999925
2000-01-15,0.21,81.56,1.6592918000000008
2000-01-16,0.84,79.33,2.392937100000001
2000-01-17,-3.55,74.28,-0.9966469999999981
2000-01-18,-2.32,83.25,-0.7704574999999987
2000-01-19,-2.28,72.95,0.21644450000000104
2000-01-20,-5.22,86.62,-3.768805199999999
2000-01-21,-10.31,92.01,-9.21972455
2000-01-22,-6.44,83.06,-4.489020199999999
2000-01-23,-5.1,92.81,-4.3249179999999985
2000-01-24,-9.73,93.21,-8.825130649999998
2000-01-25,-5.48,88.85,-4.254726499999998
2000-01-26,-4.51,84.06,-2.8433932999999985
2000-01-27,-3.14,78.07,-1.0123513999999987
2000-01-28,-2.81,72.06,-0.14997229999999995
2000-01-29,-2.71,81.12,-0.9229135999999991
2000-01-30,-1.99,89.88,-1.0721665999999983
2000-01-31,-3.22,90.72,-2.3155711999999986
2000-02-01,-1.76,82.04,-0.15383719999999923
2000-02-02,-3.59,81.6,-1.7592919999999976
2000-02-03,-0.04,88.58,0.8732574000000012
2000-02-04,-0.46,84.4,0.8235680000000007
2000-02-05,-3.02,83.88,-1.4666767999999988
2000-02-06,-0.95,85.43,0.28808575000000025
2000-02-07,-0.45,87.79,0.5539672500000004
2000-02-08,-1.09,74.67,1.081920850000001
2000-02-09,1.65,85.45,2.6783212500000007
2000-02-10,2.15,96.16,2.410832000000002
2000-02-11,-0.56,79.53,1.1355301000000007
2000-02-12,-1.85,66.34,1.1768755000000013
2000-02-13,0.28,82.29,1.6650991000000004
2000-02-14,-0.8,83.39,0.5977315000000012
2000-02-15,-0.01,79.68,1.6116376000000003
2000-02-16,0.41,76.7,2.2156335000000005
2000-02-17,-0.34,62.97,2.6823886000000017
2000-02-18,-0.08,86.47,1.0049707000000008
2000-02-19,-0.26,81.91,1.2085462000000016
2000-02-20,-2.66,87.78,-1.5066763999999992
2000-02-21,-0.29,83.95,1.0155872500000005
2000-02-22,4.51,89.73,5.074285150000001
2000-02-23,7.47,85.23,8.04108205
2000-02-24,8.69,90.52,8.9929334
2000-02-25,7.37,95.57,7.543722450000001
2000-02-26,9.53,95.97,9.64016005
2000-02-27,5.37,81.2,6.314042000000001
2000-02-28,3.4,66.3,5.457385
2000-02-29,5.93,69.06,7.3883569
2000-03-01,6.58,75.81,7.633716400000001
2000-03-02,1.41,76.17,3.1256408500000004
2000-03-03,1.38,72.02,3.399036800000001
2000-03-04,3.84,65.63,5.8551131000000005
2000-03-05,6.91,80.43,7.726949650000001
2000-03-06,8.25,68.22,9.3424375
2000-03-07,10.5,80.8,10.9224
2000-03-08,11.72,85,11.94935
2000-03-09,7.34,80.9,8.092158
2000-03-10,-0.38,76.75,1.5227800000000014
2000-03-11,-0.53,77.09,1.3638551500000005
2000-03-12,1.34,67.05,3.724921000000001
2000-03-13,3.41,79.86,4.638439300000001
2000-03-14,4.1,81.64,5.1501920000000005
2000-03-15,6.72,89.07,7.187694700000001
2000-03-16,1.71,78.16,3.2463348000000014
2000-03-17,-0.09,66.65,2.586170750000001
2000-03-18,0.89,67.65,3.3115592500000006
2000-03-19,2.81,87.4,3.6201170000000005
2000-03-20,6.1,93.98,6.378124000000001
2000-03-21,6.67,93.58,6.946477300000001
2000-03-22,6.93,90.15,7.34010475
2000-03-23,8,85.21,8.5287425
2000-03-24,9.5,83.97,9.940825
2000-03-25,9.12,73,9.91893
2000-03-26,7.12,61.47,8.6839327
2000-03-27,6.76,71.35,7.979630500000001
2000-03-28,3.82,80.15,4.985989
2000-03-29,3.43,81.47,4.558199050000001
2000-03-30,2.85,81.83,4.014242750000001
2000-03-31,5.43,63.91,7.230349650000001
2000-04-01,7.59,69.78,8.7385111
2000-04-02,7.4,84.73,7.9962935
2000-04-03,7.83,80.11,8.55966465
2000-04-04,3.78,66.03,5.782871200000001
2000-04-05,5.12,59.29,7.2202289
2000-04-06,9.08,63.09,10.180287100000001
2000-04-07,5.92,76.07,7.049256700000001
2000-04-08,2.09,75.44,3.766342800000001
2000-04-09,4.08,65.18,6.0755342
2000-04-10,3.01,74.8,4.602514
2000-04-11,2.68,83.12,3.7773688000000005
2000-04-12,3.03,75.2,4.594508000000001
2000-04-13,5.87,68.91,7.345686850000001
2000-04-14,9.89,72.62,10.5842199
2000-04-15,11.45,87.22,11.664384499999999
2000-04-16,6.04,92.36,6.3954892
2000-04-17,6.64,96.28,6.8008156
2000-04-18,6.29,88.69,6.800703050000001
2000-04-19,8.62,91.18,8.9052388
2000-04-20,11.74,96.26,11.7967732
2000-04-21,5.77,86.01,6.44172985
2000-04-22,7.73,64.68,9.0451402
2000-04-23,6.76,75.87,7.7872141
2000-04-24,6.99,84.48,7.6310536
2000-04-25,6.68,73.53,7.8184747
2000-04-26,7.76,66.57,8.999250100000001
2000-04-27,9,58.18,10.265055
2000-04-28,10.17,61.6,11.084496
2000-04-29,6.39,86.64,6.9859228
2000-04-30,8.68,76.44,9.4341556
2000-05-01,11.38,81.08,11.704667200000001
2000-05-02,8.55,86.33,8.99735075
2000-05-03,12.2,73.29,12.5378815
2000-05-04,15.05,84.86,15.0042015
2000-05-05,16.33,79.13,16.119943449999997
2000-05-06,16.05,84.3,15.9161575
2000-05-07,16.49,87.66,16.354938699999998
2000-05-08,16.53,90.45,16.423374250000002
2000-05-09,12.22,95.81,12.272542600000001
2000-05-10,10.6,76.34,11.107507
2000-05-11,14.06,78.56,14.1118848
2000-05-12,17.94,93.94,17.8253448
2000-05-13,11.72,72.75,12.1366525
2000-05-14,9.51,65.62,10.4535591
2000-05-15,11.47,59.63,12.14276605
2000-05-16,12.87,72.18,13.1194063
2000-05-17,12.25,88.11,12.39713875
2000-05-18,12.4,95.39,12.4532455
2000-05-19,8.49,89.71,8.83013595
2000-05-20,9,82.67,9.5242325
2000-05-21,11.66,72.61,12.0878318
2000-05-22,13.74,81.21,13.8185422
2000-05-23,16.5,78.99,16.26889
2000-05-24,16.42,67.09,16.0724704
2000-05-25,14.01,64.35,14.10607675
2000-05-26,15.13,65.5,15.010457500000001
2000-05-27,13.4,90.46,13.457717
2000-05-28,12.11,95.14,12.1738847
2000-05-29,11.12,86.01,11.3800741
2000-05-30,14.17,84.91,14.19738835
2000-05-31,16.94,95.2,16.875584
2000-06-01,16.45,88.18,16.3232305
2000-06-02,16.42,83.28,16.2434368
2000-06-03,11.87,78.53,12.180563549999999
2000-06-04,11.43,84.72,11.6880028
2000-06-05,12.58,88.61,12.7002784
2000-06-06,13.76,72.61,13.8714773
2000-06-07,15.7,66.73,15.480418
2000-06-08,18.19,72.44,17.6306698
2000-06-09,19.36,70.78,18.5789494
2000-06-10,19.96,74.25,19.1867275
2000-06-11,19.64,90.82,19.3804814
2000-06-12,14.12,93.68,14.133208799999998
2000-06-13,17.66,92.03,17.5214814
2000-06-14,20.09,88.88,19.7481156
2000-06-15,18.03,78.65,17.615489750000002
2000-06-16,18.59,77.62,18.0865619
2000-06-17,15.12,78.16,15.0455256
2000-06-18,15.61,72.54,15.4423567
2000-06-19,17.97,72.4,17.443254
2000-06-20,18.99,86.15,18.647974249999997
2000-06-21,20.07,82.81,19.54338435
2000-06-22,18.74,71.76,18.0814432
2000-06-23,20.48,72.28,19.5682892
2000-06-24,20.27,92.96,20.0465856
2000-06-25,20.57,86.05,20.10427925
2000-06-26,20.62,85,20.1151
2000-06-27,18.69,76.84,18.1562778
2000-06-28,18.71,72.97,18.08412035
2000-06-29,17.64,80.32,17.3001264
2000-06-30,18.87,71.31,18.180435850000002
2000-07-01,20.38,74.85,19.566648999999998
2000-07-02,21.79,85.63,21.213834849999998
2000-07-03,19.78,93.74,19.5982096
2000-07-04,18.1,92.94,17.960212000000002
2000-07-05,20,87.99,19.6366975
2000-07-06,19.87,88.47,19.52946145
2000-07-07,18.93,79.81,18.43807065
2000-07-08,20.3,77.58,19.584802
2000-07-09,22.59,86.57,21.99243215
2000-07-10,22.24,95.71,22.057374699999997
2000-07-11,19.69,89.35,19.38599575
2000-07-12,20.53,77.49,19.78345585
2000-07-13,21.91,74.19,20.85811345
2000-07-14,22.6,78.12,21.625246
2000-07-15,20.96,80.81,20.2781793
2000-07-16,20.76,76.69,19.957436700000002
2000-07-17,22.91,73.97,21.70598235
2000-07-18,19.38,77.25,18.769389999999998
2000-07-19,17.72,77.05,17.3135555
2000-07-20,19.59,71.5,18.7921425
2000-07-21,19.98,74.08,19.1987712
2000-07-22,18.7,77.77,18.186487
2000-07-23,18.04,71.55,17.486078499999998
2000-07-24,19.78,62.72,18.6973888
2000-07-25,20.74,69.79,19.703192799999997
2000-07-26,22.12,67.17,20.7440947
2000-07-27,22.7,75.22,21.582421999999998
2000-07-28,22.82,80.45,21.925392
2000-07-29,21.21,88.47,20.78448535
2000-07-30,21.26,92.4,20.977432
2000-07-31,20.99,89.63,20.619842849999998
2000-08-01,21.81,86.32,21.2599956
2000-08-02,22.59,84.02,21.878969899999998
2000-08-03,19.17,77.03,18.580015550000002
2000-08-04,20.09,62.1,18.9247645
2000-08-05,20.55,69.89,19.54808975
2000-08-06,23.18,88.29,22.6209646
2000-08-07,22.88,82.58,22.0771122
2000-08-08,23.75,83.57,22.914123749999998
2000-08-09,23.82,82.25,22.910135
2000-08-10,22.01,81.16,21.2318138
2000-08-11,21.98,76.92,21.0304888
2000-08-12,21.87,77.54,20.959583900000002
2000-08-13,21.97,72.21,20.828247849999997
2000-08-14,23.2,72.83,21.8999155
2000-08-15,25.14,75.06,23.680511199999998
2000-08-16,21.73,67.3,20.4296845
2000-08-17,20.45,78.39,19.74281275
2000-08-18,20.03,80.53,19.43781995
2000-08-19,19.04,73.95,18.3895315
2000-08-20,19.13,66.55,18.27819575
2000-08-21,20.26,65.47,19.1660896
2000-08-22,22.7,74.58,21.553558
2000-08-23,23.02,90.1,22.556085999999997
2000-08-24,22.17,74.23,21.08289255
2000-08-25,22.35,68.97,21.010279750000002
2000-08-26,22.6,76.66,21.560203
2000-08-27,21.09,87.12,20.6231644
2000-08-28,22.09,81.85,21.33232825
2000-08-29,22.97,81.33,22.100258049999997
2000-08-30,22.94,86.24,22.3012608
2000-08-31,24.69,75.88,23.3381946
2000-09-01,25.08,71.29,23.4093651
2000-09-02,24.06,83.57,23.196110599999997
2000-09-03,24.67,80.28,23.5669618
2000-09-04,20.2,81.33,19.6146955
2000-09-05,17.71,61.71,17.03399005
2000-09-06,18.46,57.52,17.5347856
2000-09-07,21.72,70.15,20.5346565
2000-09-08,22.86,77.67,21.833266599999998
2000-09-09,22.96,81.75,22.1108275
2000-09-10,23.91,83.88,23.0757094
2000-09-11,23.29,89.98,22.8055831
2000-09-12,20.48,79.18,19.7952302
2000-09-13,19.68,55.62,18.4156138
2000-09-14,18.61,75.41,18.05414305
2000-09-15,15.81,70.87,15.60011835
2000-09-16,15.6,62.83,15.375121499999999
2000-09-17,17.76,64.66,17.1263538
2000-09-18,20.71,67.76,19.6088428
2000-09-19,21.59,60.32,20.0426784
2000-09-20,16.95,82.4,16.71284
2000-09-21,13.26,71.57,13.4538926
2000-09-22,15.03,72.85,14.950857749999999
2000-09-23,18.52,90.89,18.3185779
2000-09-24,14.24,81.23,14.2668411
2000-09-25,12.56,71.62,12.8628146
2000-09-26,14.03,63.47,14.124430049999999
2000-09-27,13.78,77.39,13.869535599999999
2000-09-28,12.74,69.01,13.0399832
2000-09-29,15.17,68.13,15.05255905
2000-09-30,16.46,71.09,16.1483502
2000-10-01,18.03,69.73,17.44230795
2000-10-02,19.38,68.02,18.5216568
2000-10-03,16.7,79.85,16.456184999999998
2000-10-04,14.53,79.41,14.52660265
2000-10-05,14.07,80.45,14.11623575
2000-10-06,9.71,79.33,10.254551150000001
2000-10-07,6.93,69.48,8.2007002
2000-10-08,7.23,77.95,8.11166925
2000-10-09,8.44,64.53,9.6222151
2000-10-10,9.75,67.1,10.609512500000001
2000-10-11,11.25,66.98,11.8402325
2000-10-12,12.74,65.78,13.0712496
2000-10-13,15.12,68.24,15.011698399999998
2000-10-14,16.45,72.78,16.1580655
2000-10-15,14.13,87.51,14.15541715
2000-10-16,11.99,86,12.18327
2000-10-17,12.61,80.31,12.814677549999999
2000-10-18,13.15,80.63,13.29382225
2000-10-19,14.18,80.4,14.214496
2000-10-20,15.55,74.37,15.40198675
2000-10-21,14.75,86.6,14.731575
2000-10-22,14.56,84.72,14.5549576
2000-10-23,15.39,89.29,15.337574550000001
2000-10-24,14.74,94.72,14.7330304
2000-10-25,14.02,92.79,14.0390344
2000-10-26,16.5,86.34,16.34974
2000-10-27,16.63,82.92,16.4299078
2000-10-28,11.6,77.64,11.956642
2000-10-29,9.67,72.31,10.40558485
2000-10-30,10.93,68.78,11.543004700000001
2000-10-31,12.88,70.95,13.1388355
2000-11-01,14.53,68.7,14.5248355
2000-11-02,14.7,78.59,14.676449
2000-11-03,11.72,67.24,12.220900400000001
2000-11-04,9.38,66.5,10.323360000000001
2000-11-05,9.8,69.49,10.588683500000002
2000-11-06,9.66,74.43,10.3406734
2000-11-07,10.77,81.44,11.150758399999999
2000-11-08,6.75,72.27,7.93199125
2000-11-09,8.32,84.53,8.845825300000001
2000-11-10,5.64,83.75,6.4318625
2000-11-11,5.64,81.72,6.5307844
2000-11-12,7.76,79.34,8.5258662
2000-11-13,5.39,85.01,6.14107395
2000-11-14,2.34,85.31,3.3224672000000006
2000-11-15,1.79,80.81,3.1314769500000006
2000-11-16,4.4,81.49,5.4282305000000015
2000-11-17,1.36,81.71,2.6818183000000015
2000-11-18,0.07,79.05,1.7326967500000012
2000-11-19,1.54,78.84,3.0482848000000007
2000-11-20,-0.39,83.22,0.9841981000000014
2000-11-21,-3.08,81.27,-1.2689962999999989
2000-11-22,-2.34,83.08,-0.7728695999999984
2000-11-23,0.07,69.44,2.495394400000001
2000-11-24,2.7,69.04,4.709304000000001
2000-11-25,4.69,77.55,5.901289750000002
2000-11-26,4.82,96.23,5.020714800000001
2000-11-27,3.28,91.79,3.7866391000000004
2000-11-28,2.45,87.34,3.289041500000001
2000-11-29,2.87,89.02,3.5723357000000013
2000-11-30,2.66,87.44,3.477907200000001
2000-12-01,2.37,81.09,3.631580650000001
2000-12-02,1.49,69.98,3.638081100000001
2000-12-03,1.18,68.23,3.5074702
2000-12-04,1.01,77.6,2.6719680000000015
2000-12-05,-3.63,82.67,-1.9019390499999993
2000-12-06,-6.09,83.32,-4.201073399999998
2000-12-07,-2.37,87.29,-1.190702649999999
2000-12-08,-2.23,86.22,-0.9620332999999985
2000-12-09,-3.84,79.62,-1.7842693999999995
2000-12-10,0.62,81.9,2.0017540000000005
2000-12-11,-0.4,87.23,0.6465015000000006
2000-12-12,-6.58,95.14,-6.0165315999999995
2000-12-13,-9.82,96.79,-9.390630399999997
2000-12-14,-2.58,88.2,-1.471507999999999
2000-12-15,-4.87,97.4,-4.593008999999999
2000-12-16,0.18,94.36,0.6242064000000007
2000-12-17,-8.21,96.98,-7.8327869
2000-12-18,-10.92,99.18,-10.8053558
2000-12-19,-5.55,94.74,-4.969953499999997
2000-12-20,-8.45,98.18,-8.220270499999998
2000-12-21,-7.88,98.41,-7.684286899999997
2000-12-22,-13.34,100,-13.339999999999996
2000-12-23,-9.74,98.95,-9.600013999999998
2000-12-24,-8.96,99.12,-8.846453599999998
2000-12-25,-8.43,90.66,-7.252085899999997
2000-12-26,-8.16,94.19,-7.4358996999999984
2000-12-27,-6.54,92.23,-5.640855599999998
2000-12-28,-6.07,85.5,-4.429542499999998
2000-12-29,-5.65,87.08,-4.218140999999999
2000-12-30,-1.43,85.87,-0.19200004999999942
2000-12-31,-2.08,87.48,-0.9383011999999997
2001-01-01,-4.83,88.37,-3.5935565499999993
2001-01-02,-6.03,92.12,-5.140229799999999
2001-01-03,-6.69,98.98,-6.5711241000000005
2001-01-04,-3.2,90.91,-2.315088499999998
2001-01-05,0.38,90.85,1.0905890000000018
2001-01-06,-2.96,96.19,-2.594125699999999
2001-01-07,-1.55,91.88,-0.8332069999999977
2001-01-08,-2.7,86.27,-1.4011419999999983
2001-01-09,-4.27,87.29,-2.957883149999999
2001-01-10,-4.32,97.47,-4.058119699999998
2001-01-11,-1.2,96.39,-0.8882764999999989
2001-01-12,-0.25,96.26,0.05340750000000127
2001-01-13,-0.56,95.69,-0.2030026999999987
2001-01-14,1.25,95.46,1.580852500000002
2001-01-15,1.2,95.72,1.5130820000000016
2001-01-16,-1.44,91.3,-0.6772709999999991
2001-01-17,-3.2,85.29,-1.7679814999999992
2001-01-18,-3.54,93.37,-2.8821713999999985
2001-01-19,-1.67,86.82,-0.49783669999999813
2001-01-20,-3.98,77.71,-1.7144443999999979
2001-01-21,-7.11,94.75,-6.486011249999998
2001-01-22,-3.73,86.47,-2.373414549999999
2001-01-23,-0.69,90.3,0.12038650000000095
2001-01-24,-2.71,93.51,-2.0956890499999994
2001-01-25,-3.49,79.41,-1.4527224499999982
2001-01-26,-2.46,87.02,-1.249225599999998
2001-01-27,-3.15,84.2,-1.6162149999999995
2001-01-28,-5.34,93.17,-4.5947103999999985
2001-01-29,0.43,92.58,1.0041967000000018
2001-01-30,2.29,93.58,2.721135100000001
2001-01-31,0.63,89.99,1.3936128500000011
2001-02-01,-1.42,85.44,-0.14512639999999832
2001-02-02,-9.89,93.12,-8.967082399999999
2001-02-03,-6.38,87.8,-4.978951999999998
2001-02-04,0.31,90.64,1.0405012000000011
2001-02-05,-0.53,87.82,0.47685970000000144
2001-02-06,-0.04,88.59,0.8724577000000008
2001-02-07,-0.65,86.95,0.43739125000000045
2001-02-08,3.3,95.5,3.5772000000000004
2001-02-09,6.01,96.86,6.1566223
2001-02-10,-5.31,77.93,-2.9053631499999995
2001-02-11,-4.52,75.12,-1.9173031999999992
2001-02-12,-0.51,77.01,1.3879394500000004
2001-02-13,1.47,86.4,2.4446440000000003
2001-02-14,1.94,95.76,2.2328992
2001-02-15,-0.37,78.31,1.4039166500000007
2001-02-16,-1.01,77.48,0.9110686000000003
2001-02-17,-7.75,82,-5.547249999999998
2001-02-18,-7.3,84.93,-5.493106999999998
2001-02-19,-0.16,84.13,1.1195981000000017
2001-02-20,0.89,78.09,2.5300730500000004
2001-02-21,-6.36,72.77,-3.2359020999999983
2001-02-22,-3.76,78.12,-1.5625915999999989
2001-02-23,-3.25,79.73,-1.271141249999999
2001-02-24,0.78,86.77,1.7783358000000011
2001-02-25,4.52,84.32,5.380675200000001
2001-02-26,0.05,78.61,1.7499702500000007
2001-02-27,-1.45,72.82,0.9343655000000017
2001-02-28,-4.86,66.33,-1.2748183999999987
2001-03-01,-1.57,78.79,0.3046458500000002
2001-03-02,1.7,86.51,2.649696000000001
2001-03-03,2.53,85.53,3.4826324500000005
2001-03-04,0.76,83.55,2.0031265000000014
2001-03-05,-3,75.1,-0.603374999999998
2001-03-06,-1.73,77.72,0.2588242000000016
2001-03-07,0.59,82.53,1.9265423500000014
2001-03-08,-0.06,77.38,1.751409600000001
2001-03-09,-0.24,77.72,1.5662396000000014
2001-03-10,1.44,75.02,3.234313400000001
2001-03-11,1.23,82.23,2.526943450000001
2001-03-12,1.68,87.7,2.5472730000000006
2001-03-13,2.17,87.79,2.99802115
2001-03-14,2.17,83.91,3.261143350000001
2001-03-15,3.42,88.76,4.104965600000001
2001-03-16,1.1,86.91,2.0647330000000013
2001-03-17,0.77,78.42,2.399613700000001
2001-03-18,0.95,73.78,2.904045500000001
2001-03-19,1.52,73.65,3.4011265
2001-03-20,2.42,79.74,3.766074400000001
2001-03-21,2.82,77.54,4.2628304
2001-03-22,3.89,85.09,4.760073050000001
2001-03-23,3.98,82.3,5.004122000000001
2001-03-24,-0.17,69.84,2.2634596000000005
2001-03-25,-3.81,71.04,-0.8935831999999997
2001-03-26,-3.99,72.48,-1.191353599999999
2001-03-27,-0.28,69.62,2.1895902000000005
2001-03-28,1.53,74.39,3.356889350000001
2001-03-29,3.31,84.69,4.252253950000001
2001-03-30,3.15,88.12,3.8916090000000008
2001-03-31,4.05,87.65,4.75981625
2001-04-01,2.75,77.09,4.23055875
2001-04-02,5.01,69.56,6.598815800000001
2001-04-03,4.01,89.42,4.6204131
2001-04-04,3.84,86.38,4.638540600000001
2001-04-05,6.34,78.46,7.306715200000001
2001-04-06,9.55,96.05,9.65753875
2001-04-07,11.74,86.38,11.9467516
2001-04-08,11.45,71.63,11.92590675
2001-04-09,9.08,87.34,9.4573946
2001-04-10,5.81,96.75,5.96533375
2001-04-11,10.04,98.27,10.0824369
2001-04-12,11.26,78.23,11.6479414
2001-04-13,7.17,78.33,8.04362605
2001-04-14,8.24,72.01,9.2036957
2001-04-15,6.15,77.97,7.161727750000001
2001-04-16,2.95,72.46,4.6994785000000014
2001-04-17,1.56,74.27,3.3912041000000013
2001-04-18,3.86,70.56,5.582828800000001
2001-04-19,7.25,66.89,8.570261250000001
2001-04-20,11.09,88.28,11.3098086
2001-04-21,13.94,90.99,13.9677508
2001-04-22,11.01,88.22,11.2361171
2001-04-23,13.33,85.3,13.4245945
2001-04-24,7.12,69.45,8.3600245
2001-04-25,8.31,72.01,9.262919550000001
2001-04-26,10.4,73.21,11.0041145
2001-04-27,8.98,83.13,9.492173200000002
2001-04-28,7.6,73.76,8.595808
2001-04-29,9.64,66.66,10.531178200000001
2001-04-30,12.72,69.26,13.0209446
2001-05-01,14.89,81.5,14.850317500000001
2001-05-02,14.62,79.92,14.6067472
2001-05-03,15.51,75.93,15.37629115
2001-05-04,9.67,89.81,9.94069735
2001-05-05,8.23,90.74,8.549331100000002
2001-05-06,11.05,75.9,11.5072975
2001-05-07,13.1,92.05,13.161215
2001-05-08,12.33,68.24,12.709055600000001
2001-05-09,13.93,73.24,14.0138926
2001-05-10,14.45,75.33,14.45678425
2001-05-11,10.71,93.32,10.8492446
2001-05-12,6.67,77.06,7.657911100000001
2001-05-13,9.19,54.26,10.5258367
2001-05-14,11.13,75.17,11.590224050000002
2001-05-15,16.49,88.61,16.365336449999997
2001-05-16,17.87,88.8,17.662408
2001-05-17,15.4,89.17,15.346391500000001
2001-05-18,11.68,90.43,11.8284307
2001-05-19,10.43,79.18,10.8960557
2001-05-20,12.36,72.92,12.678731599999999
2001-05-21,14.09,88.77,14.11532365
2001-05-22,11.1,72.84,11.607892
2001-05-23,10,79.72,10.50193
2001-05-24,9.92,85.57,10.2834917
2001-05-25,10.19,82.28,10.6100526
2001-05-26,9.69,87.66,10.0164547
2001-05-27,10.26,88.35,10.531678
2001-05-28,11.96,84.17,12.1811451
2001-05-29,10.86,85.03,11.1596994
2001-05-30,8.93,71.62,9.7994213
2001-05-31,9.56,77.44,10.1729552
2001-06-01,10.83,85.6,11.120664
2001-06-02,11.08,86.95,11.3254705
2001-06-03,9.18,88.01,9.5308274
2001-06-04,8.67,90.71,8.96788385
2001-06-05,9.8,94.55,9.9408825
2001-06-06,11.25,95.55,11.329543750000001
2001-06-07,12.42,92.89,12.5013384
2001-06-08,14.52,77.36,14.5175096
2001-06-09,17.08,67.43,16.6178317
2001-06-10,17.67,75.93,17.25033955
2001-06-11,19.92,82,19.38342
2001-06-12,20.36,88.66,19.994511799999998
2001-06-13,20.65,81.48,20.023560999999997
2001-06-14,20.58,84.56,20.063686399999998
2001-06-15,19.52,88.52,19.2030372
2001-06-16,18.87,75.35,18.27753725
2001-06-17,19.65,70.97,18.82772525
2001-06-18,20.36,74.61,19.5416803
2001-06-19,20.19,74.98,19.4069991
2001-06-20,17.38,75.92,16.998572799999998
2001-06-21,16.08,78.23,15.890818699999999
2001-06-22,14.94,90.08,14.9159936
2001-06-23,15.59,83.74,15.4925213
2001-06-24,18.23,68.46,17.5829569
2001-06-25,20.76,68.81,19.6861283
2001-06-26,21.29,68.37,20.10877765
2001-06-27,21.57,72.57,20.50338445
2001-06-28,21.87,68.88,20.6085508
2001-06-29,22.67,70.09,21.32599415
2001-06-30,22.43,75.37,21.355762549999998
2001-07-01,17.92,79.75,17.5390975
2001-07-02,14.83,59.88,14.7571822
2001-07-03,18.7,79.97,18.237306999999998
2001-07-04,21.24,83.44,20.6261208
2001-07-05,18.31,70.02,17.681769099999997
2001-07-06,17.57,64.18,16.9651793
2001-07-07,21.61,72.15,20.52092575
2001-07-08,23.05,80.28,22.122667
2001-07-09,22.69,80.93,21.83099185
2001-07-10,23.31,68.94,21.804987699999998
2001-07-11,19.54,66.98,18.6246856
2001-07-12,19.59,64.98,18.6096151
2001-07-13,19.44,65.97,18.5154049
2001-07-14,21.13,59.58,19.656084699999997
2001-07-15,22.92,58.4,20.993504
2001-07-16,23.32,64.05,21.5760655
2001-07-17,23.33,75.41,22.135786649999996
2001-07-18,24.11,84.87,23.31030385
2001-07-19,23.9,82.94,23.017998
2001-07-20,25.74,75.06,24.198209199999997
2001-07-21,26.43,75.85,24.84539775
2001-07-22,26.44,81.8,25.244806
2001-07-23,25.99,85.65,25.08315175
2001-07-24,25.48,85.69,24.6158191
2001-07-25,22.46,86.97,21.8895466
2001-07-26,21.3,76.09,20.405766
2001-07-27,20.2,67.69,19.187081499999998
2001-07-28,20.85,77.32,20.057901
2001-07-29,23.83,81.37,22.87400155
2001-07-30,23.49,80.01,22.50159445
2001-07-31,25.39,75.53,23.92436935
2001-08-01,25.94,73.31,24.260665200000002
2001-08-02,24.54,84.91,23.7067302
2001-08-03,24.1,89.66,23.554048
2001-08-04,22.99,81.11,22.10793145
2001-08-05,24.43,74.02,23.011102299999997
2001-08-06,25.34,66.31,23.3314022
2001-08-07,26.49,67.87,24.371187149999997
2001-08-08,27.6,76.01,25.871520500000003
2001-08-09,26.75,74.14,25.007682499999998
2001-08-10,23.21,73.05,21.91896025
2001-08-11,20.96,69.62,19.8805986
2001-08-12,22.85,60.23,21.02356275
2001-08-13,21.69,69.22,20.4728049
2001-08-14,19.96,58.05,18.7002415
2001-08-15,20.78,61.12,19.4370848
2001-08-16,20.56,82.53,19.9777249
2001-08-17,20.31,74.76,19.503455799999998
2001-08-18,20.07,78.58,19.4137983
2001-08-19,19.06,90.17,18.8134636
2001-08-20,20.36,75.84,19.5813232
2001-08-21,21.03,67.88,19.8764102
2001-08-22,22.12,81.81,21.3576571
2001-08-23,21.91,93.96,21.663839799999998
2001-08-24,21.03,90.92,20.7038918
2001-08-25,22.24,92.11,21.9041227
2001-08-26,21.7,87.37,21.199852
2001-08-27,22.56,79.82,21.665420599999997
2001-08-28,21.76,72.21,20.6503453
2001-08-29,20.8,74.62,19.920583
2001-08-30,21.85,75.35,20.85352375
2001-08-31,20.61,85.59,20.125751949999998
2001-09-01,16.48,71.42,16.1687638
2001-09-02,19,61.04,18.03574
2001-09-03,20.92,74.78,20.029481800000003
2001-09-04,20.21,80.46,19.5963463
2001-09-05,19.63,75.37,18.93506455
2001-09-06,20.67,75.16,19.8270546
2001-09-07,22.8,86.34,22.176421
2001-09-08,22.34,91.63,21.9790856
2001-09-09,19.92,89.61,19.6102741
2001-09-10,17.52,76.31,17.1265091
2001-09-11,19.61,66.2,18.660051
2001-09-12,20.1,70.37,19.187396
2001-09-13,17.7,80.55,17.35768
2001-09-14,15.04,67.45,14.9433265
2001-09-15,15.84,66.52,15.593252399999999
2001-09-16,16.49,64.93,16.10615885
2001-09-17,16.41,74.03,16.13718515
2001-09-18,17.22,83.18,16.968372799999997
2001-09-19,17.83,91.22,17.669194299999997
2001-09-20,16.23,82.04,16.0591106
2001-09-21,17.49,84.23,17.23066235
2001-09-22,17.22,81.69,16.946082399999998
2001-09-23,17.05,84.68,16.835137
2001-09-24,12.48,78.11,12.7231979
2001-09-25,11.36,73.63,11.8154099
2001-09-26,12.53,73.94,12.8123601
2001-09-27,12.91,81.56,13.0712578
2001-09-28,12.48,82.95,12.669425500000001
2001-09-29,13.84,80.45,13.9109665
2001-09-30,14.96,80.5,14.910665000000002
2001-10-01,15.6,77.32,15.462786
2001-10-02,17.03,80.12,16.7533698
2001-10-03,17.53,70.44,17.0373826
2001-10-04,14.33,83.91,14.34504415
2001-10-05,9.89,85.91,10.24725195
2001-10-06,8.33,65.52,9.5000788
2001-10-07,7.5,61.51,8.981865
2001-10-08,11.19,64.77,11.83136215
2001-10-09,14.19,70.88,14.2396496
2001-10-10,14.84,81.73,14.8058351
2001-10-11,12.76,86.94,12.8849842
2001-10-12,12.62,91.19,12.7110954
2001-10-13,13.46,95.49,13.4857972
2001-10-14,12.9,85.39,13.028568
2001-10-15,9.56,81.91,10.0515053
2001-10-16,8.29,84.42,8.8221349
2001-10-17,7.46,70.72,8.5937216
2001-10-18,9.3,72.9,10.07506
2001-10-19,11.83,73.59,12.21783085
2001-10-20,11.28,74.06,11.7393974
2001-10-21,12.68,82.36,12.8565764
2001-10-22,12.25,89.13,12.38451625
2001-10-23,15.31,90.99,15.269860450000001
2001-10-24,14.65,96.13,14.64680725
2001-10-25,5.42,76.29,6.6040774
2001-10-26,4.72,73.29,6.1567308999999995
2001-10-27,5.22,70.33,6.7343568000000005
2001-10-28,6.13,69.38,7.539591700000001
2001-10-29,8.18,82.34,8.7938616
2001-10-30,9.59,83.5,10.0355825
2001-10-31,11.14,83.08,11.4526816
2001-11-01,13.01,79,13.182095
2001-11-02,13.62,81.07,13.7116212
2001-11-03,10.26,71.73,10.9192564
2001-11-04,10.37,82.09,10.77682565
2001-11-05,8.9,67.46,9.902232000000001
2001-11-06,8.77,73.24,9.6133414
2001-11-07,10.85,85.63,11.13847775
2001-11-08,11.17,83.68,11.4689008
2001-11-09,6.69,73.71,7.819286950000001
2001-11-10,7.88,80.6,8.586354
2001-11-11,7.17,74.83,8.18472855
2001-11-12,7.03,75.35,8.042745250000001
2001-11-13,8.48,79.81,9.1484909
2001-11-14,10.96,86.59,11.221092700000002
2001-11-15,12.41,91.2,12.511156
2001-11-16,11.17,96.61,11.232087850000001
2001-11-17,9.83,93.91,9.98642165
2001-11-18,11.36,95.87,11.431325099999999
2001-11-19,9.74,82.34,10.2023388
2001-11-20,4.1,69.24,5.859472000000001
2001-11-21,5.41,77.45,6.53738725
2001-11-22,7.1,83.67,7.7646310000000005
2001-11-23,8.28,81.35,8.9180165
2001-11-24,11.93,90.76,12.0606074
2001-11-25,8.36,82.75,8.9425325
2001-11-26,5.98,85.96,6.637914400000001
2001-11-27,7.41,86.94,7.919274700000001
2001-11-28,3.45,82.45,4.516601250000001
2001-11-29,6.02,88.6,6.551696000000001
2001-11-30,7.31,91.44,7.648505200000001
2001-12-01,5.37,87.87,5.97910795
2001-12-02,4.73,88.13,5.367834450000001
2001-12-03,7.51,92.06,7.8152533
2001-12-04,11.42,91.7,11.560602
2001-12-05,13.63,90.57,13.675122550000001
2001-12-06,8.24,76.29,9.0563353
2001-12-07,5.84,86.13,6.500628100000001
2001-12-08,6.23,84.11,6.952756650000001
2001-12-09,2.81,67.79,4.88094195
2001-12-10,3.38,75.39,4.885147600000001
2001-12-11,3.7,76.45,5.098870000000001
2001-12-12,5.61,93.99,5.903858950000001
2001-12-13,6.72,88.73,7.2022433
2001-12-14,3.71,88.62,4.3853461000000005
2001-12-15,3.56,90.49,4.132216700000001
2001-12-16,5.77,91.82,6.1627627
2001-12-17,6.75,92.92,7.051785000000001
2001-12-18,3.6,83.54,4.5867770000000005
2001-12-19,3.85,84.41,4.763184250000001
2001-12-20,1.56,70.31,3.673037300000001
2001-12-21,2.66,60.21,5.251124800000001
2001-12-22,4.24,84.16,5.133851200000001
2001-12-23,1.03,82.81,2.303521150000001
2001-12-24,-3.53,86.17,-2.158548049999999
2001-12-25,-4.66,87.56,-3.349072799999999
2001-12-26,-5.98,94.1,-5.315423999999998
2001-12-27,-3.18,89.58,-2.1667591999999987
2001-12-28,-2.18,82.99,-0.6195025999999983
2001-12-29,-5.45,84.5,-3.7492624999999995
2001-12-30,-7,93.65,-6.249112499999998
2001-12-31,-6.26,88.26,-4.919526799999998
2002-01-01,-5.15,79.24,-2.9063629999999985
2002-01-02,-2.24,72.78,0.266145400000001
2002-01-03,-3.17,77.55,-0.9881967499999975
2002-01-04,-2.41,86,-1.107929999999999
2002-01-05,0.76,88.48,1.6305664000000004
2002-01-06,0.89,90.09,1.6318130500000012
2002-01-07,-1.82,78.77,0.08560480000000181
2002-01-08,-1.5,84.43,-0.12983999999999973
2002-01-09,3.59,90.87,4.137845650000001
2002-01-10,3.42,91.42,3.942865200000001
2002-01-11,2.3,83.88,3.3816520000000008
2002-01-12,1.6,87.82,2.4641710000000012
2002-01-13,1.07,81.8,2.414343000000001
2002-01-14,2.58,90.9,3.1765960000000004
2002-01-15,1.01,86.7,1.9967935000000008
2002-01-16,0.31,82.73,1.6578371500000006
2002-01-17,-2.68,87.16,-1.4667483999999988
2002-01-18,-4.72,82.08,-2.8256767999999983
2002-01-19,-4.32,70.35,-1.2509284999999988
2002-01-20,-0.83,89.26,0.07554310000000108
2002-01-21,0.44,86.99,1.4460633000000012
2002-01-22,2.16,88.01,2.9737613000000005
2002-01-23,4.46,90.98,4.958084400000001
2002-01-24,2.68,79.33,4.023756700000002
2002-01-25,1.77,77.9,3.3173315000000008
2002-01-26,3.43,77.29,4.812698350000001
2002-01-27,4.84,83.02,5.7421474
2002-01-28,4.83,90.05,5.359190750000001
2002-01-29,2.53,88.02,3.318703300000001
2002-01-30,1.25,86.09,2.263691250000001
2002-01-31,0.48,90.71,1.1963519000000016
2002-02-01,-0.06,88.91,0.8280872000000012
2002-02-02,-3.8,88.37,-2.629440499999999
2002-02-03,-1.36,91.59,-0.6263956999999994
2002-02-04,-4.27,82.76,-2.490228599999999
2002-02-05,-6.07,91.44,-5.101564399999997
2002-02-06,-2.38,94.08,-1.8303871999999992
2002-02-07,-0.01,91,0.7082450000000015
2002-02-08,0.18,92.02,0.8085048000000015
2002-02-09,3.08,91.45,3.6170255000000013
2002-02-10,3.28,91.13,3.827367700000001
2002-02-11,-0.42,71.07,1.9539958000000017
2002-02-12,2.58,75.39,4.1934316
2002-02-13,-1.15,63.22,2.0158385000000014
2002-02-14,1.29,73.64,3.2051858000000006
2002-02-15,3.26,80.81,4.4463258
2002-02-16,2.27,78.54,3.7135069000000005
2002-02-17,0.99,73.18,2.9828601000000003
2002-02-18,1.51,80.26,2.9203243000000008
2002-02-19,4.46,90.11,5.0061258
2002-02-20,6.45,95.56,6.646581000000001
2002-02-21,1.19,85.69,2.237563550000001
2002-02-22,0.16,73.83,2.2240279000000016
2002-02-23,1.17,72.94,3.153903900000001
2002-02-24,3.95,80.65,5.072783750000001
2002-02-25,4.74,85.7,5.507624000000001
2002-02-26,-1.17,83.14,0.28307910000000147
2002-02-27,-3.59,79.23,-1.5234888499999992
2002-02-28,-2.8,73.13,-0.2433194999999979
2002-03-01,-1.89,73.94,0.4591787000000014
2002-03-02,0.98,92.2,1.5600080000000007
2002-03-03,-4.87,92.66,-4.088033099999998
2002-03-04,-11.78,97.73,-11.451894199999998
2002-03-05,-5.63,92.48,-4.797423199999999
2002-03-06,0.84,93.01,1.3651587000000007
2002-03-07,1.35,87.35,2.2649112500000017
2002-03-08,6.64,95.78,6.822430600000001
2002-03-09,6.72,85.65,7.3340365
2002-03-10,-4.71,69.93,-1.5329541499999997
2002-03-11,-0.28,68.75,2.2603125000000004
2002-03-12,2.68,85.13,3.6466987000000013
2002-03-13,4.49,87.32,5.188097400000002
2002-03-14,5.62,85.36,6.3350176000000005
2002-03-15,5.89,82.03,6.74096935
2002-03-16,1.72,74.95,3.4807645000000003
2002-03-17,1.68,81.74,2.967512600000001
2002-03-18,2.73,89.55,3.4064807500000014
2002-03-19,3.28,87.82,4.031627800000001
2002-03-20,3.89,91.2,4.403524000000001
2002-03-21,-1.29,82.18,0.25757790000000047
2002-03-22,-3.68,68.18,-0.49831819999999905
2002-03-23,1.21,71.07,3.324638350000001
2002-03-24,1.98,78.1,3.4880340000000016
2002-03-25,-2.01,76,0.1693200000000008
2002-03-26,-0.75,77,1.1791250000000009
2002-03-27,1.11,70.86,3.2560153000000014
2002-03-28,2.33,84.53,3.365484450000001
2002-03-29,3.79,97.42,3.9419749000000004
2002-03-30,4.28,78.31,5.499194900000001
2002-03-31,3.19,76.57,4.647463150000002
2002-04-01,1.46,75.94,3.185583200000001
2002-04-02,2.97,92.54,3.4430759
2002-04-03,1.83,81.21,3.139381150000002
2002-04-04,0.73,75.37,2.595353050000001
2002-04-05,0.62,74.48,2.568196800000001
2002-04-06,1.52,68.46,3.771640600000002
2002-04-07,2.4,85.21,3.384274500000001
2002-04-08,7.42,97.98,7.4986588
2002-04-09,5.59,87.6,6.197662000000001
2002-04-10,5.47,80.22,6.452373700000001
2002-04-11,9.36,80.79,9.9030667
2002-04-12,10.48,91.03,10.678326700000001
2002-04-13,5.67,94.41,5.9414783500000015
2002-04-14,9.44,86.08,9.8273936
2002-04-15,13.99,87.88,14.0239966
2002-04-16,15.32,90.92,15.2790492
2002-04-17,16.25,88.49,16.13921625
2002-04-18,15.33,92.24,15.2945756
2002-04-19,10.87,91.49,11.03990215
2002-04-20,4.86,80.56,5.8907088000000005
2002-04-21,4.37,87.22,5.082037700000001
2002-04-22,4.06,83.76,4.9925008
2002-04-23,4.68,76.61,5.9432939000000005
2002-04-24,10.09,81.78,10.5319261
2002-04-25,6.37,66.76,7.8563266
2002-04-26,4.88,73.22,6.296929800000001
2002-04-27,4.65,83.64,5.536303000000001
2002-04-28,7.83,89.37,8.21996155
2002-04-29,6.3,82.44,7.091956000000001
2002-04-30,8.79,66.84,9.8313898
2002-05-01,8.06,73.29,9.006068200000001
2002-05-02,6.52,82.8,7.274908
2002-05-03,5.5,70.77,6.946885000000001
2002-05-04,7.67,65.72,8.9577282
2002-05-05,9.26,88.03,9.6049754
2002-05-06,12.71,96.48,12.744654400000002
2002-05-07,9.54,93.66,9.7129552
2002-05-08,8.13,93.68,8.3514212
2002-05-09,11.88,83.01,12.124825900000001
2002-05-10,9.42,63.58,10.4375748
2002-05-11,8.24,76.96,9.033267200000001
2002-05-12,8.58,96.07,8.7079608
2002-05-13,6.8,88.56,7.284484000000001
2002-05-14,8.84,81.13,9.4274231
2002-05-15,10.53,78.64,10.9963956
2002-05-16,12.06,91.85,12.169373
2002-05-17,4.96,83.8,5.810014000000001
2002-05-18,5.03,78.1,6.170661500000001
2002-05-19,5.5,79.8,6.499900000000001
2002-05-20,4.95,75.76,6.223206000000001
2002-05-21,5.62,71.86,6.994357600000001
2002-05-22,8.49,76.38,9.270759100000001
2002-05-23,11.92,82.09,12.1741429
2002-05-24,8.9,87.53,9.284076
2002-05-25,8.02,87.87,8.452313199999999
2002-05-26,9.53,81.47,10.03651755
2002-05-27,12.98,77,13.17228
2002-05-28,15.58,83.04,15.4792576
2002-05-29,16.24,90.13,16.1455441
2002-05-30,17.06,88.85,16.903008
2002-05-31,17.68,81.76,17.3609824
2002-06-01,17.74,69.07,17.188827399999997
2002-06-02,13.18,79.65,13.327741
2002-06-03,12.07,94.72,12.1405672
2002-06-04,16.59,98.19,16.56919405
2002-06-05,12.2,95.46,12.257431
2002-06-06,9.75,92.24,9.95273
2002-06-07,13.28,78.86,13.4218494
2002-06-08,16.15,79.11,15.960423249999998
2002-06-09,18.5,74.42,17.93724
2002-06-10,18.57,92.33,18.39830705
2002-06-11,18.37,95.7,18.2784745
2002-06-12,15.49,94.22,15.4585279
2002-06-13,11.82,93.82,11.9110932
2002-06-14,13.66,88.85,13.711513
2002-06-15,15.02,84.03,14.974325799999999
2002-06-16,15.42,77.31,15.3051886
2002-06-17,16.97,74.76,16.6271146
2002-06-18,17.56,77.51,17.1814933
2002-06-19,19.11,78.93,18.57577015
2002-06-20,21.45,80.61,20.70881725
2002-06-21,21.65,91.25,21.30590625
2002-06-22,22.63,78.67,21.67622905
2002-06-23,22.95,70.19,21.56458025
2002-06-24,22.64,67,21.16259
2002-06-25,22.46,83.95,21.757331
2002-06-26,20.54,90.45,20.222749
2002-06-27,19.85,88.33,19.50661025
2002-06-28,19.54,83.1,19.071531999999998
2002-06-29,21.33,72.51,20.297338149999998
2002-06-30,23.64,79.02,22.585335399999998
2002-07-01,24.2,83.36,23.312255999999998
2002-07-02,24.02,76.95,22.813102
2002-07-03,24.54,75.12,23.1661264
2002-07-04,23.53,82.58,22.6648357
2002-07-05,20.4,76.73,19.644888499999997
2002-07-06,20.94,76.79,20.117901800000002
2002-07-07,22.9,66.95,21.373089999999998
2002-07-08,24.62,76.13,23.2913958
2002-07-09,23.73,91.17,23.28174505
2002-07-10,21.56,81.89,20.8567887
2002-07-11,20.36,65.85,19.2593455
2002-07-12,19.64,70.99,18.8198873
2002-07-13,20.2,75.46,19.430671
2002-07-14,22.46,57.26,20.588842800000002
2002-07-15,24.11,58.74,21.929202699999998
2002-07-16,24.78,69.67,23.0651418
2002-07-17,24.68,69.71,22.984062899999998
2002-07-18,25.17,72.08,23.5315148
2002-07-19,22.54,90.65,22.126542999999998
2002-07-20,24.15,71.26,22.6246245
2002-07-21,26.51,77.1,24.9973405
2002-07-22,25.89,81.24,24.7147798
2002-07-23,21.25,76.37,20.37273625
2002-07-24,20.16,65.63,19.0900619
2002-07-25,21.44,75.64,20.510178800000002
2002-07-26,23.95,83.18,23.0757805
2002-07-27,24.6,83.28,23.671204
2002-07-28,25.84,82.82,24.768483399999997
2002-07-29,24.51,86.03,23.740881650000002
2002-07-30,24.77,73.48,23.2720178
2002-07-31,25.39,69.04,23.5356508
2002-08-01,25.23,76.44,23.8396066
2002-08-02,23.32,76.37,22.1737087
2002-08-03,23.24,66.63,21.635904099999998
2002-08-04,25.97,80.45,24.73668825
2002-08-05,24.18,87.74,23.527277599999998
2002-08-06,20.62,67.18,19.5152788
2002-08-07,20.06,66.53,19.0364874
2002-08-08,20.87,66.54,19.6977289
2002-08-09,21.95,63.65,20.460558749999997
2002-08-10,23.24,62.95,21.459006499999997
2002-08-11,25.43,64.95,23.32296925
2002-08-12,24.6,75.11,23.2173605
2002-08-13,23.61,84.62,22.839385099999998
2002-08-14,21.68,84.49,21.0675101
2002-08-15,22.04,72.16,20.8854752
2002-08-16,23.66,78.99,22.6015162
2002-08-17,23.33,87.64,22.7297366
2002-08-18,20.31,58.57,18.986104349999998
2002-08-19,20.18,79.85,19.550514
2002-08-20,20.45,63,19.239175
2002-08-21,21.42,77.58,20.5666948
2002-08-22,22.57,94.27,22.31567395
2002-08-23,20.91,94.91,20.73055205
2002-08-24,21.23,89.98,20.8591097
2002-08-25,21.96,79.81,21.1316043
2002-08-26,21.08,84.78,20.529188199999997
2002-08-27,21.4,84.11,20.796974499999997
2002-08-28,20.79,80.05,20.099829749999998
2002-08-29,20.39,80.99,19.77417105
2002-08-30,21.36,81.98,20.6801054
2002-08-31,21.29,79.67,20.530776149999998
2002-09-01,22.44,70.26,21.141254200000002
2002-09-02,22.44,81.55,21.6342885
2002-09-03,22.03,74.22,20.9623213
2002-09-04,20.58,70.64,19.5982016
2002-09-05,20.28,74.38,19.4655402
2002-09-06,21.1,76.64,20.252032
2002-09-07,22.81,62.48,21.0951484
2002-09-08,23.49,60.02,21.5131889
2002-09-09,24.8,68.09,22.9922985
2002-09-10,23.88,71.9,22.430321
2002-09-11,19.51,69.81,18.67811455
2002-09-12,20.1,58.24,18.813792
2002-09-13,19.98,59.02,18.7448628
2002-09-14,20.9,60.92,19.524383999999998
2002-09-15,18.75,81.1,18.3082125
2002-09-16,18.27,66.37,17.57268195
2002-09-17,19.47,64.03,18.486760049999997
2002-09-18,20.11,78.73,19.45371415
2002-09-19,21.55,89.94,21.1599235
2002-09-20,20.37,93.98,20.175644300000002
2002-09-21,18.58,77.54,18.075997599999997
2002-09-22,16.45,70.59,16.13457775
2002-09-23,15.06,54.92,14.9211536
2002-09-24,12.73,73.38,12.9891457
2002-09-25,15.51,65.09,15.316074949999999
2002-09-26,16.94,75.98,16.617651600000002
2002-09-27,17.18,88.07,17.0041518
2002-09-28,17.11,75.86,16.763470299999998
2002-09-29,19.35,81.92,18.867716
2002-09-30,20.76,71.76,19.787696800000003
2002-10-01,20.91,75.91,20.060707049999998
2002-10-02,19.4,90.13,19.1340035
2002-10-03,15.84,87.13,15.7451481
2002-10-04,18.76,89.91,18.5235913
2002-10-05,13.34,70.41,13.5287842
2002-10-06,14.62,71.92,14.6014672
2002-10-07,9.72,67.65,10.570481500000001
2002-10-08,12.04,64.6,12.518962
2002-10-09,12.71,78.15,12.92511325
2002-10-10,14.33,82.8,14.346082000000001
2002-10-11,14.95,74.84,14.887729
2002-10-12,14.88,88.22,14.855379800000001
2002-10-13,8.87,69.4,9.817529
2002-10-14,9.4,51.1,10.771645000000001
2002-10-15,9.48,71.23,10.2743397
2002-10-16,9.06,70.9,9.930672000000001
2002-10-17,6.9,69.22,8.186604
2002-10-18,8.69,81.73,9.27381785
2002-10-19,9.1,76.11,9.809533
2002-10-20,6.59,69.46,7.918642700000001
2002-10-21,8.26,69.33,9.3125944
2002-10-22,7.66,79.16,8.444000800000001
2002-10-23,7.32,81.04,8.0687304
2002-10-24,7.5,76.81,8.392815
2002-10-25,7.68,85.19,8.2355231
2002-10-26,8.47,83.31,9.02352385
2002-10-27,6.3,75.2,7.418480000000001
2002-10-28,7.24,76.14,8.1927298
2002-10-29,7.14,72.8,8.241056
2002-10-30,6.8,71.51,8.0065515
2002-10-31,7.12,74.41,8.1586981
2002-11-01,2.74,70.06,4.6765192
2002-11-02,3.39,70.55,5.189542250000001
2002-11-03,4.75,73.1,6.192512500000001
2002-11-04,4.53,82.74,5.476452100000001
2002-11-05,5.21,83.41,6.057666050000001
2002-11-06,4.99,83.78,5.838387100000001
2002-11-07,7.02,76.96,7.9678656000000005
2002-11-08,10.56,71.43,11.1791119
2002-11-09,11.74,82.77,12.0015514
2002-11-10,13.08,92.93,13.1352167
2002-11-11,5.85,90.8,6.2876900000000004
2002-11-12,4.65,73.77,6.071010250000001
2002-11-13,5.88,79.25,6.863757500000001
2002-11-14,8.92,79.64,9.544848400000001
2002-11-15,4.56,78.62,5.7288446
2002-11-16,2.8,72.06,4.597939
2002-11-17,2.84,75.79,4.392587300000001
2002-11-18,2.49,75.21,4.127503450000002
2002-11-19,5.79,80.58,6.7203151000000005
2002-11-20,6.88,81.25,7.6658125
2002-11-21,6,91.76,6.38522
2002-11-22,2.96,76.28,4.465508400000001
2002-11-23,3.09,75.02,4.6576199
2002-11-24,2.64,78.39,4.049620300000001
2002-11-25,-0.05,79.05,1.6265237500000012
2002-11-26,0.24,77.09,2.0368313000000002
2002-11-27,-0.32,80.24,1.2906376000000015
2002-11-28,-1.04,77.14,0.9138442000000009
2002-11-29,3.19,81.75,4.32524125
2002-11-30,0.98,76.13,2.754973200000001
2002-12-01,-2.7,69.4,0.19476000000000093
2002-12-02,0.82,85.46,1.9139896000000012
2002-12-03,-2.7,73.22,-0.16661199999999887
2002-12-04,-2.19,71.94,0.3857677000000015
2002-12-05,-1.47,79.2,0.35696800000000106
2002-12-06,-3.89,85.47,-2.420363149999999
2002-12-07,1.13,84.48,2.271263200000001
2002-12-08,-0.94,78.12,0.9180496000000009
2002-12-09,-2.59,71.21,0.11611605000000225
2002-12-10,0.46,74.26,2.4476428000000006
2002-12-11,2.04,69.92,4.1013824
2002-12-12,1.89,84.54,2.9622283000000005
2002-12-13,2.71,95.42,3.0069901000000003
2002-12-14,2.48,89.04,3.2045656000000005
2002-12-15,2.17,88.71,2.9356313500000013
2002-12-16,0.31,75.48,2.2236634000000004
2002-12-17,0.82,76.12,2.6167312000000007
2002-12-18,6.14,92.73,6.4742746
2002-12-19,6.63,89.96,7.064581400000001
2002-12-20,1.52,83.44,2.7022184000000014
2002-12-21,0.55,76.57,2.347666750000002
2002-12-22,-0.1,76.46,1.7902620000000011
2002-12-23,-0.79,72.46,1.5259763000000013
2002-12-24,-0.32,76.13,1.6256437000000015
2002-12-25,-0.18,83.14,1.1812764000000013
2002-12-26,-2.05,85.15,-0.698278749999999
2002-12-27,-1.87,91.95,-1.145218249999999
2002-12-28,0.86,91.75,1.4789150000000006
2002-12-29,1.93,86.57,2.8584830500000016
2002-12-30,5.75,97.9,5.8510625
2002-12-31,1.76,77.39,3.344282700000001
2003-01-01,0.07,74.68,2.0795218000000006
2003-01-02,-0.57,77.31,1.3106606500000009
2003-01-03,-0.01,74.43,2.0306138500000004
2003-01-04,-0.46,71.07,1.920360400000002
2003-01-05,0.32,88.82,1.1919282000000013
2003-01-06,0.39,79.66,1.968485700000001
2003-01-07,-0.1,83.01,1.2642970000000007
2003-01-08,4.26,83.23,5.2044864
2003-01-09,3.37,76.62,4.801206700000001
2003-01-10,-2.37,69.76,0.4358184000000005
2003-01-11,-7.63,80.73,-5.284551949999999
2003-01-12,-5.03,74.73,-2.3156229499999994
2003-01-13,-3.5,70.06,-0.5359399999999992
2003-01-14,-5.42,78.13,-3.023922799999998
2003-01-15,-7.69,82.46,-5.549330699999998
2003-01-16,-4.48,65.28,-0.8555791999999989
2003-01-17,-4.73,76.73,-2.268848449999999
2003-01-18,-7.59,86.53,-5.953462349999999
2003-01-19,-7.43,85.13,-5.636454949999997
2003-01-20,-5.88,73.81,-2.9443628999999993
2003-01-21,-7.78,76.15,-4.857420999999999
2003-01-22,-9.12,86.63,-7.3831032999999975
2003-01-23,-10.99,91.88,-9.851616599999996
2003-01-24,-9.82,84.98,-7.810924799999999
2003-01-25,-5.14,77.24,-2.681464799999997
2003-01-26,-6.96,81.62,-4.790608599999999
2003-01-27,-9.91,83.26,-7.6625713
2003-01-28,-3.9,86.64,-2.547967999999999
2003-01-29,-1.37,82.33,0.17232595000000117
2003-01-30,-3.46,83.91,-1.8706297999999981
2003-01-31,0.16,92.15,0.7791295000000011
2003-02-01,0.79,85.79,1.8615050500000005
2003-02-02,1.35,94.24,1.7665920000000022
2003-02-03,2.83,96.93,3.0270479500000005
2003-02-04,-2.35,81.83,-0.6660952499999981
2003-02-05,-7.64,79.48,-5.141279599999998
2003-02-06,-2.52,72.78,0.028064200000001094
2003-02-07,-6.86,81.2,-4.651375999999999
2003-02-08,-6.72,82.18,-4.640227799999999
2003-02-09,-7.08,75.57,-4.180403299999998
2003-02-10,-3.86,76.51,-1.4879797999999989
2003-02-11,-7.34,79.32,-4.855918399999997
2003-02-12,-7.88,76.63,-5.003386699999997
2003-02-13,-5.64,74.08,-2.7688415999999982
2003-02-14,-1.03,71.08,1.4402018000000012
2003-02-15,-2.56,77.87,-0.48354209999999975
2003-02-16,-5.61,79.08,-3.2961433999999983
2003-02-17,-3.37,86.23,-2.016615549999999
2003-02-18,-1.31,88.13,-0.2778441499999986
2003-02-19,-0.08,75.84,1.8573904000000008
2003-02-20,1.17,74.08,3.0703248000000007
2003-02-21,1.58,76.51,3.249199400000001
2003-02-22,0.72,81.29,2.1380309000000004
2003-02-23,-4.01,81.44,-2.120499199999999
2003-02-24,-5.27,79.55,-3.0463692499999975
2003-02-25,-10.45,74.17,-6.905478249999998
2003-02-26,-6.05,64.91,-2.083952749999998
2003-02-27,-4.05,74.35,-1.4330587499999976
2003-02-28,-1.02,62.38,2.1912432000000006
2003-03-01,-0.24,78.76,1.4819268000000005
2003-03-02,-2.35,81.79,-0.6623882499999991
2003-03-03,-6.97,75.95,-4.130055749999999
2003-03-04,-1.73,85.27,-0.4151265499999981
2003-03-05,-3.71,85.33,-2.2407261499999986
2003-03-06,-4.58,77.37,-2.2052077999999993
2003-03-07,-1.55,87.43,-0.4403832499999991
2003-03-08,0.06,91.09,0.7676322000000011
2003-03-09,-8.34,78.57,-5.647963399999997
2003-03-10,-9.78,81.3,-7.282801999999997
2003-03-11,-3.46,67.97,-0.29607659999999836
2003-03-12,1.63,87.37,2.5240145500000004
2003-03-13,-0.13,84.06,1.1526121000000011
2003-03-14,1.22,71.76,3.2826496
2003-03-15,4.27,81.06,5.3356591
2003-03-16,6.6,85.55,7.2278525
2003-03-17,9.95,86.47,10.28858825
2003-03-18,4.28,94.84,4.570043600000001
2003-03-19,3.78,93.48,4.1644192
2003-03-20,7.65,93.12,7.909204000000001
2003-03-21,6.22,81.68,7.0542928
2003-03-22,4.47,79.68,5.5909528
2003-03-23,7,78.09,7.9037875
2003-03-24,9.13,69.78,10.0225477
2003-03-25,6.9,73.2,8.020240000000001
2003-03-26,5.61,66.65,7.240648250000001
2003-03-27,5.49,75.04,6.7268928
2003-03-28,8.93,86.53,9.34265345
2003-03-29,1.35,76.1,3.078567500000002
2003-03-30,0.56,71.81,2.7213273000000004
2003-03-31,3.32,69.7,5.183147000000001
2003-04-01,10.08,74.67,10.6957723
2003-04-02,7.35,90.56,7.721228
2003-04-03,4.32,95.44,4.575314400000002
2003-04-04,3.59,94.9,3.8960255
2003-04-05,0.02,82.63,1.4033468000000013
2003-04-06,-0.37,71.41,1.968233150000001
2003-04-07,0.42,85.48,1.5444288000000006
2003-04-08,0.26,85.81,1.3713608000000013
2003-04-09,1.05,79.49,2.567227250000001
2003-04-10,3.9,69.87,5.656579000000001
2003-04-11,7.55,52.33,9.37218575
2003-04-12,3.78,82.45,4.814748
2003-04-13,5.1,80.97,6.083851
2003-04-14,10.22,71.25,10.896775000000002
2003-04-15,13.73,72.55,13.846250750000001
2003-04-16,8.82,83.77,9.327025200000001
2003-04-17,4.62,86.75,5.340005000000001
2003-04-18,3.43,95.52,3.7027648000000015
2003-04-19,8.79,90.13,9.09996735
2003-04-20,11.73,85.83,11.94587995
2003-04-21,6.77,82.84,7.4995574000000005
2003-04-22,4.65,74.88,6.010876000000001
2003-04-23,3.36,74.67,4.9119691
2003-04-24,5.15,71.14,6.634125500000001
2003-04-25,5.9,77.82,6.949114000000002
2003-04-26,4.72,76.06,6.007732600000001
2003-04-27,8.09,60.02,9.4994949
2003-04-28,11.97,69.93,12.388424050000001
2003-04-29,8.42,69.7,9.433232
2003-04-30,7.81,90.45,8.16139225
2003-05-01,7.75,96.84,7.8673150000000005
2003-05-02,4.74,90.51,5.249423200000001
2003-05-03,4.65,78.51,5.8142207500000005
2003-05-04,6.36,77,7.389710000000001
2003-05-05,9.99,87.8,10.292621
2003-05-06,10.09,83.44,10.4916628
2003-05-07,7.16,94.01,7.4018163
2003-05-08,6.88,94.97,7.090807300000001
2003-05-09,13.35,88.32,13.423876
2003-05-10,14,84.88,14.04158
2003-05-11,10.79,86.41,11.06730395
2003-05-12,9.37,74.11,10.100486349999999
2003-05-13,9.89,72.39,10.59005155
2003-05-14,8.77,68.6,9.759571
2003-05-15,7.73,93.09,7.987293850000001
2003-05-16,7.89,90.84,8.2230118
2003-05-17,8.49,93.49,8.70518805
2003-05-18,10.57,93.05,10.720224250000001
2003-05-19,12.57,98.25,12.588576250000001
2003-05-20,11.57,86.01,11.79544885
2003-05-21,6.89,78.25,7.8003462500000005
2003-05-22,7.26,78.26,8.1256868
2003-05-23,7.65,76.98,8.5172785
2003-05-24,8.07,75.76,8.927247600000001
2003-05-25,7.47,92.23,7.77042705
2003-05-26,7.95,87.51,8.39995225
2003-05-27,9.41,85.33,9.82068665
2003-05-28,13.04,75.46,13.2370562
2003-05-29,9.8,92.68,9.989222000000002
2003-05-30,11.75,74.46,12.1362925
2003-05-31,8.84,87.13,9.2406431
2003-06-01,6.86,74.99,7.910920200000001
2003-06-02,9.15,66.59,10.133089250000001
2003-06-03,9.33,86.38,9.7172847
2003-06-04,9.06,79.8,9.664384000000002
2003-06-05,11.74,72.63,12.1554766
2003-06-06,13.99,67.87,14.08012465
2003-06-07,14.12,82.22,14.1571602
2003-06-08,13.19,83.51,13.30881045
2003-06-09,14.01,80.67,14.06209435
2003-06-10,15.96,78.62,15.7883186
2003-06-11,11.7,93.96,11.793016
2003-06-12,10.79,94.25,10.90732875
2003-06-13,12.54,94.58,12.598427599999999
2003-06-14,11.67,94.82,11.7506267
2003-06-15,11.35,93.85,11.45654875
2003-06-16,13.67,83.62,13.7447747
2003-06-17,15,74.96,14.93114
2003-06-18,17.47,72.03,17.013110049999998
2003-06-19,12.16,82.11,12.3902443
2003-06-20,12.58,74.17,12.852764800000001
2003-06-21,14.76,66.04,14.7114372
2003-06-22,17.54,64.78,16.9511216
2003-06-23,19.57,65.59,18.61047715
2003-06-24,21.03,73.15,20.065682250000002
2003-06-25,21.5,74.74,20.52749
2003-06-26,19.48,78.13,18.8809807
2003-06-27,17.94,66.43,17.3048556
2003-06-28,18.64,79.36,18.1700272
2003-06-29,20.08,73.07,19.2535183
2003-06-30,20.79,62.18,19.481617099999998
2003-07-01,20.43,70.14,19.4561161
2003-07-02,21.2,60.28,19.736318
2003-07-03,22.31,63.15,20.727108249999997
2003-07-04,23.46,76.78,22.3157184
2003-07-05,23.21,79.43,22.22459415
2003-07-06,21.53,84.54,20.9322391
2003-07-07,22.31,88.5,21.816017499999997
2003-07-08,20.16,88.55,19.8035615
2003-07-09,17.82,89.04,17.6198704
2003-07-10,20.15,90.08,19.841735999999997
2003-07-11,18.49,79.28,18.0352996
2003-07-12,19.05,77.4,18.484435
2003-07-13,20.23,64.64,19.1156296
2003-07-14,20.92,67.54,19.7738374
2003-07-15,21.78,79.45,20.957178
2003-07-16,20.69,71.07,19.705078150000002
2003-07-17,21.87,71.87,20.72975045
2003-07-18,18.26,83.36,17.9158848
2003-07-19,18.99,68.71,18.21729345
2003-07-20,21.09,74.75,20.17481375
2003-07-21,21.17,89.44,20.782606400000002
2003-07-22,17.55,90.07,17.38342425
2003-07-23,17.65,84.92,17.388738999999998
2003-07-24,18.47,75.4,17.932859
2003-07-25,20.09,69,19.136905
2003-07-26,21.82,75.52,20.834435199999998
2003-07-27,20.96,81.9,20.316907
2003-07-28,18.96,80.41,18.4794573
2003-07-29,19.28,72.53,18.5578137
2003-07-30,20.77,71.8,19.797522999999998
2003-07-31,22.07,74.73,21.01788355
2003-08-01,22.66,77.97,21.6712936
2003-08-02,22.19,77.01,21.21763795
2003-08-03,21.43,80.11,20.67189265
2003-08-04,20.03,88.12,19.6686698
2003-08-05,20.54,85.33,20.052662599999998
2003-08-06,21.89,79.87,21.07181615
2003-08-07,21.34,87.23,20.8595926
2003-08-08,20.42,91.6,20.146496
2003-08-09,20.35,87.15,19.93655125
2003-08-10,20.86,81.89,20.2265122
2003-08-11,20.73,79.11,20.01420415
2003-08-12,20.47,88.5,20.092397499999997
2003-08-13,21.04,90.54,20.699723799999997
2003-08-14,22.9,86.37,22.270294
2003-08-15,24.91,80.28,23.7809314
2003-08-16,25.37,72.72,23.7390652
2003-08-17,23.02,79.67,22.0673362
2003-08-18,22.43,75.76,21.3727724
2003-08-19,22.09,72.13,20.92656685
2003-08-20,22.72,73.52,21.5228392
2003-08-21,25.09,69.69,23.324594049999998
2003-08-22,22.96,72.32,21.6720496
2003-08-23,21.88,69.11,20.6261749
2003-08-24,22.87,66.88,21.3453208
2003-08-25,25.07,65.4,23.058529
2003-08-26,26.25,66.31,24.07278375
2003-08-27,23.56,80.58,22.592301399999997
2003-08-28,23.17,67.81,21.63501985
2003-08-29,23.71,77.26,22.5581053
2003-08-30,19.89,70,19.00065
2003-08-31,19.3,69.45,18.49348
2003-09-01,17.95,87.33,17.70958675
2003-09-02,19.15,75.17,18.51497275
2003-09-03,20.39,76.39,19.62515405
2003-09-04,18.12,73.49,17.5921859
2003-09-05,17.56,65.27,16.9754941
2003-09-06,18.95,67.19,18.14697525
2003-09-07,21.14,69.12,20.0122624
2003-09-08,21.48,73.95,20.4799405
2003-09-09,21.64,78.96,20.8137592
2003-09-10,21.04,81.92,20.3896624
2003-09-11,21.62,81.08,20.8790928
2003-09-12,20.62,76.96,19.8444736
2003-09-13,21.54,86.25,21.0076
2003-09-14,20.28,85.09,19.8060111
2003-09-15,18.07,67.88,17.4393238
2003-09-16,19.56,63.66,18.548657799999997
2003-09-17,19.93,67.55,18.960880749999998
2003-09-18,19.69,74.48,18.9615316
2003-09-19,17.12,72.89,16.7293449
2003-09-20,15.61,58,15.353589999999999
2003-09-21,16.96,64.26,16.4764378
2003-09-22,17.65,80.17,17.30644525
2003-09-23,15.11,68.73,15.00508915
2003-09-24,16.99,70.38,16.5843541
2003-09-25,13.21,60.73,13.488620650000001
2003-09-26,13.97,73.39,14.04756815
2003-09-27,13.31,78.46,13.4509793
2003-09-28,11.67,75.81,12.04651735
2003-09-29,10.9,71.33,11.467666000000001
2003-09-30,10.85,63.82,11.5763135
2003-10-01,9.56,60.17,10.6421811
2003-10-02,8.22,61.58,9.547026800000001
2003-10-03,9.19,71.28,10.0287676
2003-10-04,10.81,66.74,11.485011700000001
2003-10-05,11.42,64.12,12.0278072
2003-10-06,10.87,67.14,11.5260499
2003-10-07,14.16,72.05,14.2122665
2003-10-08,17.44,72.88,17.0014696
2003-10-09,16.31,76.88,16.0798404
2003-10-10,16.63,84.69,16.45064335
2003-10-11,17.52,86.13,17.2896193
2003-10-12,14.94,73.04,14.8747568
2003-10-13,15.05,58.23,14.92364575
2003-10-14,13.17,79.8,13.317763
2003-10-15,11.5,70.29,11.990215
2003-10-16,10.72,68.01,11.3850721
2003-10-17,9.87,54,11.04139
2003-10-18,11.59,64.33,12.16089835
2003-10-19,12.98,80.1,13.146364
2003-10-20,14.6,74.15,14.5857825
2003-10-21,14.47,71.13,14.47476355
2003-10-22,9.86,77.15,10.443132
2003-10-23,8.8,78.72,9.467128
2003-10-24,10.05,76,10.637400000000001
2003-10-25,11.05,84.48,11.344492
2003-10-26,7.49,77.7,8.3497765
2003-10-27,6.08,74.39,7.2659991
2003-10-28,8.37,77.3,9.1353305
2003-10-29,7.1,74.68,8.130524
2003-10-30,10.55,81.04,10.961906
2003-10-31,15.36,78.23,15.257027899999999
2003-11-01,9.76,82.15,10.2253495
2003-11-02,10.74,88.53,10.9771996
2003-11-03,10.59,94.43,10.70978285
2003-11-04,13.41,90.67,13.46593335
2003-11-05,8.02,82.16,8.6558176
2003-11-06,5.71,73.45,6.99355975
2003-11-07,4.18,63.52,6.2506048
2003-11-08,2.05,70.45,4.07343625
2003-11-09,2.55,66.37,4.760331750000001
2003-11-10,5.22,68.45,6.830312
2003-11-11,10.36,88.52,10.6213996
2003-11-12,10.84,86.3,11.115781
2003-11-13,2.73,66.73,4.883733450000001
2003-11-14,3.76,67.79,5.6626446999999995
2003-11-15,5.36,86.64,6.031607200000001
2003-11-16,7.33,89.16,7.757475400000001
2003-11-17,8.11,88.71,8.50678705
2003-11-18,11.92,95.14,11.9889634
2003-11-19,8.43,82.38,9.018243700000001
2003-11-20,8.66,79.77,9.3097876
2003-11-21,8.7,81.03,9.305143
2003-11-22,8.89,91.93,9.138999850000001
2003-11-23,12.75,93.23,12.81516125
2003-11-24,-0.16,76.94,1.699327800000001
2003-11-25,0.97,74.37,2.877256450000001
2003-11-26,3.95,79.49,5.140092750000001
2003-11-27,5.6,88.07,6.1839735000000005
2003-11-28,2.35,83.83,3.430560250000001
2003-11-29,0.33,83.71,1.5995611500000013
2003-11-30,4.34,80.63,5.422395600000001
2003-12-01,3.13,67.28,5.176145200000001
2003-12-02,0.74,66.49,3.2760368000000017
2003-12-03,2.39,69.04,4.452090800000001
2003-12-04,2.93,76.65,4.41587725
2003-12-05,3.83,85.56,4.6774114
2003-12-06,3.3,83.91,4.291144000000001
2003-12-07,2.13,75.79,3.77712735
2003-12-08,3.43,88.13,4.152704950000001
2003-12-09,5.08,95.36,5.320398400000001
2003-12-10,7.14,95.7,7.314064
2003-12-11,-1.92,82.66,-0.3540245999999987
2003-12-12,-5.26,82.32,-3.3385375999999978
2003-12-13,-2.3,67.25,0.726100000000002
2003-12-14,-0.84,82.82,0.6094766000000019
2003-12-15,-0.54,90.16,0.27396480000000156
2003-12-16,2.22,87.57,3.0595222000000017
2003-12-17,-1.73,83.71,-0.27587314999999846
2003-12-18,-2.47,86.78,-1.2361112999999995
2003-12-19,-1.25,81.08,0.38894500000000143
2003-12-20,-2.88,77.67,-0.745475299999999
2003-12-21,0.6,81.4,2.021970000000001
2003-12-22,2.99,93.36,3.4103452000000014
2003-12-23,2.1,89.06,2.846108000000001
2003-12-24,-1.6,84.07,-0.18939849999999825
2003-12-25,-1.81,81.61,-0.16032504999999864
2003-12-26,0.9,76.29,2.6735080000000004
2003-12-27,2.76,82.32,3.901597600000001
2003-12-28,4.81,85.81,5.566256050000001
2003-12-29,3.97,90.12,4.542200200000001
2003-12-30,0.57,78.6,2.209561000000001
2003-12-31,2.76,75.19,4.361981700000001
2004-01-01,2.31,78.11,3.777615050000001
2004-01-02,4.81,97.84,4.9251172
2004-01-03,5.19,86.89,5.8612975500000015
2004-01-04,0.91,78.93,2.4848771500000004
2004-01-05,-0.93,84.12,0.4176562000000005
2004-01-06,-9.92,90,-8.576899999999998
2004-01-07,-6.92,83.3,-4.9525729999999974
2004-01-08,-2.59,74.08,-0.15364959999999872
2004-01-09,-2.28,79.95,-0.4295854999999986
2004-01-10,-3.38,80.85,-1.496788999999998
2004-01-11,-0.92,85.05,0.34790950000000154
2004-01-12,1.5,87.45,2.397325000000001
2004-01-13,-0.09,79.51,1.5542200500000005
2004-01-14,-0.53,80.08,1.1166868000000014
2004-01-15,-3.92,76.51,-1.5402280999999984
2004-01-16,-2.25,82.74,-0.659922499999998
2004-01-17,-0.3,89.24,0.5758640000000019
2004-01-18,-4.22,86.6,-2.840335999999998
2004-01-19,-7.67,93.4,-6.865229
2004-01-20,-6.56,81.24,-4.387029199999997
2004-01-21,-3.65,77.34,-1.3879654999999986
2004-01-22,-9.15,88.28,-7.625520999999999
2004-01-23,-9.22,93.1,-8.319825999999997
2004-01-24,-3.74,87.57,-2.493022399999998
2004-01-25,-5.66,81.09,-3.5632591999999987
2004-01-26,-4.11,91.37,-3.2266763499999986
2004-01-27,-3.97,90.18,-2.972435299999999
2004-01-28,-7.35,92.53,-6.452292749999999
2004-01-29,-11.38,97.95,-11.088203
2004-01-30,-12.33,99.64,-12.276876599999998
2004-01-31,-11.08,92.2,-9.982617999999999
2004-02-01,-5.1,83.8,-3.353639999999998
2004-02-02,-1.12,89.57,-0.2239586999999983
2004-02-03,-0.87,90.35,-0.05423724999999857
2004-02-04,-6.52,83.04,-4.559254399999999
2004-02-05,-1.74,80.88,-0.03220159999999872
2004-02-06,-0.9,90.24,-0.07332799999999817
2004-02-07,-1.12,88.54,-0.13547139999999958
2004-02-08,-3.94,88.01,-2.7239741999999993
2004-02-09,-1.61,87.97,-0.5440818499999989
2004-02-10,-2.52,87.24,-1.3255363999999987
2004-02-11,-3.48,89.55,-2.446599499999998
2004-02-12,-3.11,90.33,-2.173412149999998
2004-02-13,-3.98,88.61,-2.822320399999999
2004-02-14,-2.22,85.89,-0.9224443999999987
2004-02-15,-3.9,76.4,-1.5116799999999997
2004-02-16,-4.23,71.88,-1.3332181999999988
2004-02-17,-2,75.22,0.24878500000000114
2004-02-18,-0.53,84.97,0.7124549500000015
2004-02-19,2.14,90.99,2.7524998000000016
2004-02-20,3.41,97.17,3.5826158500000007
2004-02-21,1.4,82.43,2.6659185
2004-02-22,1.1,84.43,2.2475090000000004
2004-02-23,2.57,88.8,3.304888000000001
2004-02-24,1.58,90.07,2.285625800000002
2004-02-25,0.71,77.84,2.3907252000000003
2004-02-26,0.85,87.86,1.7614105000000007
2004-02-27,0.97,85.12,2.0772952
2004-02-28,2.46,79.57,3.812874600000001
2004-02-29,4.92,80.89,5.9269059
2004-03-01,6.93,87.06,7.468756900000001
2004-03-02,5.25,85.16,6.0049850000000005
2004-03-03,3.36,88.33,4.075020900000001
2004-03-04,4.1,93.34,4.480952
2004-03-05,7.69,88.33,8.12709985
2004-03-06,2.77,86.57,3.6364364500000015
2004-03-07,3.2,78.58,4.531253000000001
2004-03-08,0.93,75.52,2.7570648000000015
2004-03-09,0.77,77.16,2.494762600000001
2004-03-10,1.45,79.33,2.933589250000001
2004-03-11,0.76,76.63,2.5260709000000015
2004-03-12,-4.27,71.55,-1.332964249999998
2004-03-13,0.9,60.9,3.8246800000000007
2004-03-14,2.84,77.64,4.273946800000001
2004-03-15,0.09,76.34,1.9651733000000005
2004-03-16,0.36,77.34,2.122268200000001
2004-03-17,0.3,82.42,1.6729980000000007
2004-03-18,1.64,88.72,2.437834400000001
2004-03-19,3.26,82.84,4.320831200000001
2004-03-20,6.96,76.42,7.937862600000001
2004-03-21,-0.11,67.56,2.496716200000001
2004-03-22,-1.12,61.05,2.226194500000001
2004-03-23,3.58,67.14,5.553571600000001
2004-03-24,7.02,90.12,7.4264632
2004-03-25,10.22,95.1,10.335346000000001
2004-03-26,11.26,94.41,11.3596138
2004-03-27,6.45,93.49,6.738230250000001
2004-03-28,11.75,90.19,11.89837625
2004-03-29,7.35,80.63,8.111725250000001
2004-03-30,7.94,70.89,8.9902888
2004-03-31,3.74,90.77,4.286231400000002
2004-04-01,3.29,85.57,4.179681650000002
2004-04-02,3.54,81.93,4.629259600000001
2004-04-03,4.78,77.47,5.984453800000001
2004-04-04,2.97,73.28,4.664448800000001
2004-04-05,2.29,66.45,4.54305025
2004-04-06,7.27,76.23,8.21521405
2004-04-07,7.12,79,7.972390000000001
2004-04-08,6.77,82.96,7.4944556
2004-04-09,5.48,78.92,6.525778800000001
2004-04-10,5.92,75.36,7.0827616
2004-04-11,2.63,84.26,3.6575859000000004
2004-04-12,1.98,77.16,3.5527624000000007
2004-04-13,3.1,77.29,4.523917000000001
2004-04-14,6.44,70.67,7.7401989
2004-04-15,9.71,68.99,10.52695845
2004-04-16,13.12,76.3,13.299883
2004-04-17,12.33,88.53,12.46689445
2004-04-18,12.33,84.9,12.5102185
2004-04-19,13.95,72.35,14.033641249999999
2004-04-20,7.89,86.04,8.397515799999999
2004-04-21,11.88,87.91,12.0542169
2004-04-22,6.28,88.48,6.8008192
2004-04-23,7.49,78.19,8.33088455
2004-04-24,7.21,80.11,8.00748955
2004-04-25,10.1,88.2,10.38556
2004-04-26,7.92,76.82,8.7588842
2004-04-27,5.42,64.46,7.1948676
2004-04-28,10.79,63.46,11.5355987
2004-04-29,14.21,75.66,14.2488223
2004-04-30,11.98,93.47,12.070505800000001
2004-05-01,5.17,91.31,5.61592735
2004-05-02,5.17,83,6.042355000000001
2004-05-03,4.87,68.78,6.523567300000001
2004-05-04,8.63,73.51,9.48522965
2004-05-05,8.94,80.12,9.5479304
2004-05-06,13.71,79.72,13.7981166
2004-05-07,8.84,76.57,9.5693759
2004-05-08,12.68,83.46,12.8455654
2004-05-09,16.91,86.23,16.72747865
2004-05-10,16.73,88.28,16.5862542
2004-05-11,14.42,91.66,14.4236696
2004-05-12,16.66,86.83,16.5035404
2004-05-13,16.44,92.77,16.3628559
2004-05-14,12.96,95.12,13.0013336
2004-05-15,8.16,83.61,8.7315193
2004-05-16,9.35,71.38,10.1606615
2004-05-17,14.28,85.31,14.2977749
2004-05-18,11.31,93.68,11.4208844
2004-05-19,10.6,87.96,10.858258
2004-05-20,17.24,93.37,17.1400859
2004-05-21,14.6,96.18,14.597899
2004-05-22,17.38,94.58,17.294147199999998
2004-05-23,16.46,94.97,16.4057766
2004-05-24,12.71,85.86,12.8492083
2004-05-25,11.58,87.17,11.7860498
2004-05-26,12.26,80.2,12.503936
2004-05-27,13.76,83.48,13.8272364
2004-05-28,9.62,82.56,10.0880896
2004-05-29,9.75,82.25,10.21371875
2004-05-30,13.99,93.16,14.0091862
2004-05-31,14.96,88.97,14.9320941
2004-06-01,13.98,79.86,14.0376004
2004-06-02,12.06,90.1,12.192858000000001
2004-06-03,10.2,81.42,10.639417
2004-06-04,11.23,82.83,11.53880245
2004-06-05,13.59,75.73,13.71147135
2004-06-06,16.75,78.59,16.48505125
2004-06-07,18.36,84.38,18.0283874
2004-06-08,20.44,86.11,19.9862137
2004-06-09,20.6,88.16,20.202768000000003
2004-06-10,17.24,94.89,17.1629923
2004-06-11,17.15,95.78,17.0884935
2004-06-12,17.21,94.61,17.12966205
2004-06-13,19.38,93.24,19.198561599999998
2004-06-14,19.34,89.17,19.0517054
2004-06-15,18.09,85.04,17.7946148
2004-06-16,18.74,87.77,18.4547964
2004-06-17,19.59,91.25,19.34504375
2004-06-18,17.74,83.26,17.4416932
2004-06-19,14.68,75.38,14.6556262
2004-06-20,15.14,65.17,15.017398400000001
2004-06-21,16.37,83.44,16.199680400000002
2004-06-22,16.32,81.58,16.1356158
2004-06-23,17.95,72.91,17.435967249999997
2004-06-24,15.96,82.23,15.8173069
2004-06-25,15.17,67.56,15.0504586
2004-06-26,16.63,75.39,16.34169385
2004-06-27,18.31,71.38,17.710267899999998
2004-06-28,17.69,82.91,17.39015595
2004-06-29,19.06,71.43,18.3434644
2004-06-30,20.73,68.59,19.65373635
2004-07-01,20.99,69.3,19.894163499999998
2004-07-02,18.59,84.46,18.240427699999998
2004-07-03,20.73,87.34,20.2962051
2004-07-04,21.92,88.25,21.4404825
2004-07-05,19.09,89.24,18.8183638
2004-07-06,21.33,84.65,20.75337725
2004-07-07,19.57,85.72,19.1718022
2004-07-08,18.26,78.16,17.8083488
2004-07-09,18.24,81.52,17.859866399999998
2004-07-10,19.06,86.73,18.7271884
2004-07-11,21.72,81.93,21.0024403
2004-07-12,23.2,86.91,22.5736435
2004-07-13,23.35,83.41,22.54248175
2004-07-14,21.62,80.38,20.8516808
2004-07-15,21.57,77.33,20.68847705
2004-07-16,22.49,77,21.479264999999998
2004-07-17,20.16,86.67,19.7450371
2004-07-18,20.14,84.57,19.6613614
2004-07-19,21.58,75.06,20.608836399999998
2004-07-20,23.72,77.09,22.558233899999998
2004-07-21,24.32,86.96,23.6157096
2004-07-22,24.13,90.86,23.6458999
2004-07-23,19.67,73.97,18.929836950000002
2004-07-24,19.2,65.51,18.3084335
2004-07-25,19.56,67.9,18.666656999999997
2004-07-26,19.61,72.92,18.8489166
2004-07-27,19.83,68.45,18.90511175
2004-07-28,20.83,69.02,19.751431299999997
2004-07-29,21.77,76.02,20.811159699999997
2004-07-30,21.51,82.65,20.84107075
2004-07-31,21.62,80.59,20.8599044
2004-08-01,23.21,69.76,21.7613528
2004-08-02,24.62,74.78,23.2162548
2004-08-03,24.45,77.25,23.20500625
2004-08-04,21.32,87.08,20.8353708
2004-08-05,19.65,69.94,18.798550499999997
2004-08-06,18.98,62.66,18.0599424
2004-08-07,20.28,63.84,19.130473600000002
2004-08-08,21.34,66.5,20.079729999999998
2004-08-09,22.03,73.66,20.9391289
2004-08-10,20.04,76.48,19.3233456
2004-08-11,17.11,75.23,16.75442665
2004-08-12,14.77,77.72,14.7369142
2004-08-13,16.72,73.6,16.397655999999998
2004-08-14,17.25,72.75,16.83784375
2004-08-15,18.31,68,17.63944
2004-08-16,19.13,70.18,18.3706337
2004-08-17,20.34,76.34,19.5800408
2004-08-18,21.48,82.5,20.808175
2004-08-19,19.55,72.37,18.78257675
2004-08-20,18.45,64.66,17.6822385
2004-08-21,18.88,65.48,18.0484132
2004-08-22,19.55,70.11,18.71980525
2004-08-23,20.6,79.78,19.921619
2004-08-24,21.12,88.33,20.695095300000002
2004-08-25,22.43,93.47,22.14519405
2004-08-26,23.43,90.62,22.969301299999998
2004-08-27,24.69,88.49,24.04492205
2004-08-28,20.89,91.93,20.60637985
2004-08-29,17.68,84.84,17.4148516
2004-08-30,18.47,74.24,17.9075304
2004-08-31,20.6,75.95,19.793122500000003
2004-09-01,20.7,77.28,19.925248
2004-09-02,22.3,76.21,21.279409
2004-09-03,22.02,84.18,21.3656848
2004-09-04,23,75.59,21.8588325
2004-09-05,23.24,80.97,22.325227899999998
2004-09-06,23.36,80.71,22.4199983
2004-09-07,19.3,72.29,18.568456
2004-09-08,18.52,74.9,17.965039
2004-09-09,18.78,76.88,18.2357552
2004-09-10,19.94,70.67,19.062446400000002
2004-09-11,20.58,73.51,19.694174399999998
2004-09-12,21.51,75.31,20.55807705
2004-09-13,21.89,75.28,20.8852556
2004-09-14,22.96,78.27,21.9489031
2004-09-15,23.07,78.47,22.05518345
2004-09-16,20.31,75.25,19.51911375
2004-09-17,18.62,63.97,17.8035602
2004-09-18,18.92,65.55,18.0825205
2004-09-19,19.24,71.77,18.5040439
2004-09-20,18.67,70.47,17.992729450000002
2004-09-21,19.6,68.55,18.717827500000002
2004-09-22,19.94,70.21,19.0486832
2004-09-23,21.01,70.66,19.9594813
2004-09-24,21.05,70.78,19.9973495
2004-09-25,18.19,72.19,17.625596050000002
2004-09-26,17.1,70.22,16.674146
2004-09-27,18.5,61.19,17.64618
2004-09-28,17.53,70.29,17.034882850000002
2004-09-29,15.61,70.59,15.43045195
2004-09-30,16.51,57.5,16.0401625
2004-10-01,16.63,69.37,16.27116955
2004-10-02,13.11,64.69,13.379944949999999
2004-10-03,13.47,48.48,13.761860800000001
2004-10-04,12.86,63.28,13.1912144
2004-10-05,11.63,57.5,12.300862500000001
2004-10-06,14.45,61.33,14.46063425
2004-10-07,16.37,63.02,15.9896607
2004-10-08,17.76,85.56,17.5010908
2004-10-09,15.72,71.6,15.529436
2004-10-10,14.27,69.34,14.3087849
2004-10-11,13.16,71.4,13.370782
2004-10-12,13.16,72.97,13.3592111
2004-10-13,13.92,75.1,13.999431
2004-10-14,12.96,85.55,13.082391500000002
2004-10-15,10.96,83.49,11.281449700000001
2004-10-16,8.47,74.91,9.30210985
2004-10-17,7.21,67.39,8.517497950000001
2004-10-18,10.31,68.15,11.04398325
2004-10-19,10.56,84.93,10.8865669
2004-10-20,11.61,84.81,11.851445049999999
2004-10-21,11.93,81.49,12.19163885
2004-10-22,12.22,86.05,12.394933
2004-10-23,15.09,86.95,15.04765275
2004-10-24,13.33,78.12,13.4707978
2004-10-25,14.1,73.1,14.15918
2004-10-26,13.46,89.92,13.517657600000001
2004-10-27,13.48,90.58,13.5328462
2004-10-28,13.17,90.37,13.24044345
2004-10-29,17.13,91.03,17.00024895
2004-10-30,15.81,79.36,15.661288800000001
2004-10-31,10.39,77.06,10.9085587
2004-11-01,10.2,84.71,10.5616085
2004-11-02,10.13,87.53,10.42971645
2004-11-03,9.71,76.44,10.3306882
2004-11-04,9.38,81.93,9.888851200000001
2004-11-05,8.15,66.04,9.336053
2004-11-06,9.61,77.92,10.2038416
2004-11-07,11.18,73.93,11.6560382
2004-11-08,6.73,57.52,8.5453828
2004-11-09,7.63,57.48,9.2366182
2004-11-10,9.77,75.16,10.4162126
2004-11-11,9.09,73.26,9.8856487
2004-11-12,5.96,65.25,7.592207500000001
2004-11-13,5.62,68.4,7.163344
2004-11-14,6.01,65.68,7.6125724
2004-11-15,6.38,81.16,7.221394400000001
2004-11-16,9.58,87.64,9.914461600000001
2004-11-17,12.1,93.64,12.183952
2004-11-18,12.05,95.37,12.112389250000001
2004-11-19,10.7,94.41,10.816831
2004-11-20,10.65,89.18,10.8791135
2004-11-21,6.28,72.79,7.510164100000001
2004-11-22,6.14,67.18,7.6490636
2004-11-23,7.98,84.86,8.5229204
2004-11-24,5.82,75.75,6.977695000000001
2004-11-25,2.61,73.51,4.34231355
2004-11-26,3.21,84.33,4.183028650000001
2004-11-27,6.9,91.53,7.254046000000001
2004-11-28,3.8,78.12,5.087638
2004-11-29,4.15,74.78,5.585648500000001
2004-11-30,4.53,85.03,5.35087995
2004-12-01,2.17,85.05,3.183834250000001
2004-12-02,2.69,78.12,4.111215400000001
2004-12-03,1.44,74.7,3.2572990000000006
2004-12-04,3.45,86.75,4.255268750000001
2004-12-05,5.37,88.56,5.944459600000001
2004-12-06,6.72,92.01,7.0618921
2004-12-07,8.06,94.15,8.267207
2004-12-08,4.88,85.34,5.6556606
2004-12-09,6.53,90.82,6.932405300000001
2004-12-10,6.94,94.82,7.155384400000002
2004-12-11,3.95,80.27,5.094833250000001
2004-12-12,3.22,80.1,4.454596000000001
2004-12-13,-0.06,73.79,2.0388968000000003
2004-12-14,-2.01,77.46,0.036744700000001185
2004-12-15,-0.63,72.65,1.6459302500000006
2004-12-16,2.47,78.65,3.882622750000001
2004-12-17,0.7,70.66,2.9269060000000007
2004-12-18,1.61,82.08,2.8804384000000014
2004-12-19,-6.04,89.04,-4.801848799999999
2004-12-20,-6.16,80.29,-3.9203526999999996
2004-12-21,-0.64,83.2,0.7589360000000006
2004-12-22,-6.81,90,-5.637949999999998
2004-12-23,-5.26,89.07,-4.072127599999998
2004-12-24,-10.62,93.98,-9.788276799999997
2004-12-25,-7.34,90.54,-6.203664799999999
2004-12-26,-3.5,86.9,-2.203099999999999
2004-12-27,-3.15,81.33,-1.3376097499999986
2004-12-28,-0.6,85.83,0.5768185000000013
2004-12-29,2.3,93.77,2.718033000000001
2004-12-30,3.76,97.73,3.8940889000000007
2004-12-31,9.32,87.79,9.667862900000001
2005-01-01,1.28,79.34,2.782188600000001
2005-01-02,5.62,92.2,6.000952000000001
2005-01-03,2.39,87.14,3.246540300000001
2005-01-04,2.12,86.78,3.0201498000000004
2005-01-05,0.14,85.67,1.2717834000000012
2005-01-06,-1.53,86.92,-0.3768017999999991
2005-01-07,-5.03,93.42,-4.323209299999999
2005-01-08,-1.88,82.2,-0.27639799999999926
2005-01-09,-0.98,90.95,-0.20948299999999975
2005-01-10,0.23,82.79,1.5807268500000007
2005-01-11,1.76,91.19,2.3773167000000015
2005-01-12,4.25,95.16,4.522855000000001
2005-01-13,3.18,90.64,3.7627536000000013
2005-01-14,-8.1,82.11,-5.876272999999998
2005-01-15,-8.92,78.52,-6.153161199999998
2005-01-16,-8.52,82.92,-6.357501199999998
2005-01-17,-10.22,93.14,-9.2873144
2005-01-18,-8.18,88.15,-6.7018309999999985
2005-01-19,-1.7,83.33,-0.21470299999999876
2005-01-20,-2.17,82.95,-0.6067707499999988
2005-01-21,-4.09,82.07,-2.2567471499999976
2005-01-22,-5.07,90.55,-4.052849249999998
2005-01-23,-4.61,80.19,-2.527869949999999
2005-01-24,-3.56,88.12,-2.379959599999999
2005-01-25,0.65,85.03,1.7903397500000007
2005-01-26,0.65,87.22,1.623516500000001
2005-01-27,-5.1,81.81,-3.1391179999999985
2005-01-28,-5.16,82.75,-3.2947574999999985
2005-01-29,-1.15,81.25,0.4639062500000013
2005-01-30,0.05,81.46,1.5234665000000016
2005-01-31,-0.09,81.93,1.3600271500000007
2005-02-01,0.59,79.88,2.1292806000000013
2005-02-02,-0.36,83.11,1.020419700000001
2005-02-03,0.78,83.25,2.0439550000000013
2005-02-04,2.74,92.8,3.205696000000001
2005-02-05,3.71,92.42,4.159835100000001
2005-02-06,3.45,94.57,3.7800082500000016
2005-02-07,4.87,97.14,5.0214799
2005-02-08,0.99,89.51,1.7694594500000007
2005-02-09,-1.05,82.5,0.446687500000001
2005-02-10,-1.7,77.77,0.28069300000000097
2005-02-11,-0.55,82.15,0.9275337500000003
2005-02-12,2.07,83.09,3.2260521500000006
2005-02-13,1.99,92.61,2.4984689500000004
2005-02-14,4.19,91.42,4.676528900000001
2005-02-15,2.45,95.06,2.7773985000000003
2005-02-16,-0.06,76.61,1.8130712000000009
2005-02-17,-3.69,71.08,-0.7966985999999983
2005-02-18,-5.55,74.83,-2.774378249999998
2005-02-19,-1.57,74.01,0.7271261500000008
2005-02-20,1.24,90.19,1.955443300000001
2005-02-21,1.04,89.1,1.8469270000000018
2005-02-22,0.16,80.66,1.685345800000001
2005-02-23,-0.89,71.69,1.5062999500000016
2005-02-24,-0.14,74.35,1.9253380000000018
2005-02-25,0.81,81.32,2.216510600000001
2005-02-26,-0.7,82.7,0.7462800000000009
2005-02-27,-0.55,79.34,1.160131500000001
2005-02-28,0.85,91.49,1.4888882500000014
2005-03-01,-2.3,82.65,-0.6968599999999991
2005-03-02,-4.29,74.4,-1.6443679999999996
2005-03-03,-2.51,69.75,0.3200387500000006
2005-03-04,0.49,71.52,2.684526400000001
2005-03-05,1.99,86.65,2.90854675
2005-03-06,4.16,80.96,5.242804800000001
2005-03-07,5.7,85.87,6.383892
2005-03-08,-2.98,69.67,-0.06407379999999918
2005-03-09,-2.86,61.05,0.8589460000000009
2005-03-10,-1.53,72.37,0.9059989500000005
2005-03-11,0.3,79.87,1.8721530000000008
2005-03-12,-1.74,79.46,0.09463280000000185
2005-03-13,-2.75,68.93,0.19776625000000037
2005-03-14,0.21,55.06,3.7420593000000006
2005-03-15,0.32,68.38,2.7860438000000007
2005-03-16,1.99,74.76,3.726638200000001
2005-03-17,1.02,76.23,2.7823078000000008
2005-03-18,1.77,86.95,2.6836957500000005
2005-03-19,4.64,88.75,5.2500875
2005-03-20,1.24,83.31,2.4572017000000006
2005-03-21,0.97,85.72,2.0326462000000007
2005-03-22,1.84,84.98,2.885842600000001
2005-03-23,2.22,80.34,3.547836400000001
2005-03-24,2.92,72.88,4.6472728000000005
2005-03-25,2.28,87.39,3.1275181000000005
2005-03-26,2.32,78.69,3.7475569000000006
2005-03-27,2.68,77.66,4.1323234000000015
2005-03-28,3.89,80.01,5.05651645
2005-03-29,6.69,70.68,7.949440600000001
2005-03-30,9.88,85.23,10.255305700000001
2005-03-31,8.09,83.78,8.6618361
2005-04-01,6.44,72.31,7.667497700000001
2005-04-02,4.8,84.67,5.617855500000001
2005-04-03,5.66,76.65,6.7952770000000005
2005-04-04,8.08,70.69,9.114936100000001
2005-04-05,11.26,85.96,11.5101928
2005-04-06,13.61,86.72,13.6750056
2005-04-07,6.53,93.06,6.834214900000001
2005-04-08,6.15,82.8,6.939910000000001
2005-04-09,7.71,73.95,8.68283725
2005-04-10,10.91,77.55,11.353275250000001
2005-04-11,11.12,81.43,11.4652163
2005-04-12,7.01,77.61,7.93235605
2005-04-13,5.43,76.12,6.6212538
2005-04-14,6.11,74.18,7.301463900000001
2005-04-15,6.29,74.26,7.452289700000001
2005-04-16,9.73,72.65,10.44752725
2005-04-17,13.19,70.24,13.4044208
2005-04-18,12.95,73.17,13.17872575
2005-04-19,14.43,79.54,14.4378771
2005-04-20,11.49,90.62,11.645285900000001
2005-04-21,6.98,79.55,7.825812000000001
2005-04-22,5.53,88.12,6.116099800000001
2005-04-23,3.59,78.96,4.852505200000001
2005-04-24,3.99,72.01,5.607961950000001
2005-04-25,7.45,65.5,8.7877375
2005-04-26,7.86,77.09,8.696673200000001
2005-04-27,6.57,78.21,7.520370850000001
2005-04-28,6.52,71.68,7.7629648
2005-04-29,5.49,73.67,6.794783150000001
2005-04-30,6.84,66.98,8.2311326
2005-05-01,6.09,71.67,7.40040415
2005-05-02,4.82,71.41,6.342131600000001
2005-05-03,4.53,70.78,6.1322787000000005
2005-05-04,6.44,64.52,8.0128284
2005-05-05,9.66,63.12,10.6417456
2005-05-06,11.43,69.28,11.9487072
2005-05-07,8.89,93.21,9.09950545
2005-05-08,12.18,83.29,12.3932196
2005-05-09,14.82,85.61,14.7946736
2005-05-10,15.26,81.47,15.1825446
2005-05-11,10.95,85.87,11.225888249999999
2005-05-12,7.3,81.05,8.05042
2005-05-13,10.56,81.96,10.950926800000001
2005-05-14,11.48,83.11,11.7605429
2005-05-15,8.58,77.04,9.3275776
2005-05-16,8.45,77.51,9.19835475
2005-05-17,10.57,70.63,11.20483255
2005-05-18,12.51,75.93,12.77344615
2005-05-19,13.39,85.26,13.4799877
2005-05-20,10.68,86.95,10.9541805
2005-05-21,12.89,70.51,13.15113395
2005-05-22,14.8,67.93,14.7470845
2005-05-23,12.99,79.5,13.1602525
2005-05-24,10.19,86.34,10.5138103
2005-05-25,10.87,80.75,11.25432625
2005-05-26,13.36,73.78,13.5243994
2005-05-27,13.57,69.74,13.7247799
2005-05-28,12.88,71.59,13.1331331
2005-05-29,14.27,68.21,14.310214349999999
2005-05-30,14.27,75.66,14.3007901
2005-05-31,13.38,78.39,13.513117600000001
2005-06-01,15.32,75.68,15.210316800000001
2005-06-02,15.62,78.02,15.484603199999999
2005-06-03,16.42,87.58,16.2888448
2005-06-04,18.23,84.3,17.9079145
2005-06-05,20.69,83.72,20.1357474
2005-06-06,20.44,72.71,19.5484357
2005-06-07,22.03,70.72,20.8173688
2005-06-08,21.57,82.97,20.907788449999998
2005-06-09,22.28,82.84,21.5457236
2005-06-10,21.79,86.3,21.240698499999997
2005-06-11,21.59,87.66,21.1088017
2005-06-12,21,86.73,20.5255975
2005-06-13,22.09,76.79,21.12109855
2005-06-14,21.39,79.59,20.61656305
2005-06-15,18.73,79.9,18.2623735
2005-06-16,16.96,74.39,16.6134967
2005-06-17,16.09,75.11,15.87233695
2005-06-18,15.66,77.37,15.5156206
2005-06-19,17.55,76.82,17.1611555
2005-06-20,19.71,69.24,18.8285722
2005-06-21,21.13,75.02,20.219104299999998
2005-06-22,20.05,69.4,19.115935
2005-06-23,21.87,65.81,20.48410835
2005-06-24,25.01,68.28,23.1764254
2005-06-25,23.74,73.01,22.3683682
2005-06-26,23.83,76.25,22.611268749999997
2005-06-27,25.64,69.28,23.7577856
2005-06-28,25.83,68.91,23.892626649999997
2005-06-29,23.69,79.59,22.65837655
2005-06-30,24.91,75.64,23.5152682
2005-07-01,22.31,65.51,20.828482049999998
2005-07-02,18.36,67.47,17.6693881
2005-07-03,21.4,68.25,20.1950875
2005-07-04,23.26,75.38,22.0738084
2005-07-05,21.93,80.03,21.11392595
2005-07-06,20.55,82.6,19.971015
2005-07-07,21.25,76.02,20.3597425
2005-07-08,21.89,73.99,20.83282355
2005-07-09,23.02,65.98,21.4258228
2005-07-10,23.96,55.58,21.648827400000002
2005-07-11,24.03,65.37,22.214868550000002
2005-07-12,23.97,74.33,22.63297805
2005-07-13,23.91,86.99,23.23666745
2005-07-14,23.74,82.39,22.845059799999998
2005-07-15,23.29,83.04,22.4700688
2005-07-16,24.44,84.12,23.5718404
2005-07-17,26.8,74.25,25.0580125
2005-07-18,27.26,71.16,25.2360088
2005-07-19,25.25,60.03,22.88677375
2005-07-20,25.41,69.95,23.60684975
2005-07-21,25.83,85.64,24.9351566
2005-07-22,24,84.71,23.2010975
2005-07-23,24.11,74.05,22.73841275
2005-07-24,28.02,69.59,25.7587124
2005-07-25,27.88,74.13,25.976226699999998
2005-07-26,25.77,78.9,24.4621165
2005-07-27,20.77,74.37,19.886149449999998
2005-07-28,21.41,55.61,19.72295805
2005-07-29,22.38,66.72,20.937644799999998
2005-07-30,22.44,67.38,21.0154846
2005-07-31,24.87,67.09,22.99297815
2005-08-01,26.27,65.32,24.024990199999998
2005-08-02,26.67,65.82,24.3821617
2005-08-03,27.1,66.68,24.790924
2005-08-04,27.36,70.48,25.272050399999998
2005-08-05,24.39,64.5,22.4589775
2005-08-06,23.86,57.91,21.6932068
2005-08-07,24.7,63.34,22.643373999999998
2005-08-08,26.4,61.54,23.882793
2005-08-09,26.9,64.38,24.470715999999996
2005-08-10,25.9,72.06,24.148162
2005-08-11,24.12,76.37,22.8697367
2005-08-12,25.59,82.47,24.52075765
2005-08-13,23.78,74.44,22.4754176
2005-08-14,22.42,75.11,21.3357916
2005-08-15,22.94,70.22,21.5576124
2005-08-16,23.49,75.41,22.274147449999997
2005-08-17,23.95,62.23,21.98690425
2005-08-18,24.72,75.71,23.3546591
2005-08-19,25.5,78.85,24.220425
2005-08-20,25.45,81.25,24.32078125
2005-08-21,23.74,62.92,21.855594399999998
2005-08-22,21.54,69.04,20.3412288
2005-08-23,20.2,69.04,19.229404
2005-08-24,21.13,67.06,19.9288429
2005-08-25,21.98,70.26,20.7564964
2005-08-26,23.33,73.45,22.04059925
2005-08-27,23.78,75.65,22.537176000000002
2005-08-28,23.14,63.42,21.4017184
2005-08-29,23.44,72.74,22.0996258
2005-08-30,22.7,74.04,21.529204
2005-08-31,21.96,78.98,21.097549400000002
2005-09-01,22.38,69.58,21.061597199999998
2005-09-02,22.4,58.24,20.585528
2005-09-03,21.64,69.88,20.4571876
2005-09-04,21.36,65.71,20.0662383
2005-09-05,22.88,69.03,21.452592699999997
2005-09-06,23.31,64.76,21.602445799999998
2005-09-07,24.19,64.27,22.28576965
2005-09-08,22.69,79.93,21.785946850000002
2005-09-09,22.99,72.29,21.69608155
2005-09-10,24.22,73.46,22.801171599999996
2005-09-11,24.97,69.3,23.2021405
2005-09-12,25.03,66.04,23.0632066
2005-09-13,25.74,61.78,23.3772396
2005-09-14,22.42,74.81,21.3227236
2005-09-15,19.98,63.14,18.8690396
2005-09-16,18.8,77.01,18.2562865
2005-09-17,19.32,70.76,18.5448476
2005-09-18,20.48,71.94,19.5571066
2005-09-19,22.37,75.99,21.33072715
2005-09-20,22.01,72.43,20.87122115
2005-09-21,22.01,65.44,20.5824992
2005-09-22,22.63,78.73,21.67891195
2005-09-23,19.29,71.66,18.5433827
2005-09-24,19.45,79.39,18.88889275
2005-09-25,20.54,93.47,20.3230734
2005-09-26,19.11,87.71,18.79838705
2005-09-27,18.39,72.01,17.791153950000002
2005-09-28,18.54,76.13,18.0096086
2005-09-29,13.52,62.76,13.7207236
2005-09-30,15.04,56.95,14.912141499999999
2005-10-01,17.81,67.08,17.210691399999998
2005-10-02,20,78.67,19.3547675
2005-10-03,21.97,86.36,21.409600599999997
2005-10-04,22.58,81.98,21.7791912
2005-10-05,22.26,79.96,21.4046928
2005-10-06,16.23,67.19,15.91781285
2005-10-07,12.41,76.98,12.6746149
2005-10-08,11.74,71.77,12.168531400000001
2005-10-09,12.06,73.11,12.420863800000001
2005-10-10,13.63,78.24,13.7341216
2005-10-11,14.56,82.91,14.5543603
2005-10-12,15.21,87.33,15.16052365
2005-10-13,15.88,85.1,15.766909
2005-10-14,17.11,78.89,16.80696595
2005-10-15,15.78,63.87,15.525644799999998
2005-10-16,13.26,71.09,13.4571662
2005-10-17,13.75,75.11,13.85267125
2005-10-18,15.28,67.54,15.1407466
2005-10-19,13.86,73.04,13.9548992
2005-10-20,12,68.72,12.4301
2005-10-21,11.95,71.75,12.34620625
2005-10-22,10.89,73.93,11.407619850000001
2005-10-23,7.6,89.08,8.014414
2005-10-24,9.37,82.5,9.8637625
2005-10-25,10.05,77.59,10.59848475
2005-10-26,9.29,75.62,9.9886089
2005-10-27,9.3,74.96,10.016144
2005-10-28,9.81,64.97,10.71359885
2005-10-29,9.57,72.45,10.31701825
2005-10-30,10.55,70.65,11.18762875
2005-10-31,12.59,84.77,12.74999115
2005-11-01,10.36,78.78,10.8431794
2005-11-02,10.29,73.86,10.8952717
2005-11-03,13.45,69.88,13.623942999999999
2005-11-04,14.69,65.62,14.6540729
2005-11-05,13.14,85.31,13.2498812
2005-11-06,11.83,84.31,12.06040765
2005-11-07,10.06,79.98,10.548888400000001
2005-11-08,11.68,88,11.86612
2005-11-09,13.01,74.88,13.2158584
2005-11-10,6.48,65.77,7.989885300000001
2005-11-11,7.83,68.32,8.9921808
2005-11-12,10.44,67.24,11.1715308
2005-11-13,11.92,63.66,12.4356646
2005-11-14,6.39,74.93,7.5082473499999995
2005-11-15,7.63,89.94,8.0101171
2005-11-16,2.88,80.32,4.137748800000002
2005-11-17,-2.81,75.26,-0.4546283
2005-11-18,0.85,67.07,3.3222197500000012
2005-11-19,5.13,80.4,6.140086
2005-11-20,5.4,85.74,6.1137130000000015
2005-11-21,4.81,84.17,5.65365985
2005-11-22,3.25,76.02,4.733762500000001
2005-11-23,3.34,77.74,4.706318800000001
2005-11-24,-1.45,70.04,1.1782410000000005
2005-11-25,-3.46,72.06,-0.7000867999999993
2005-11-26,1.19,67.9,3.5398805000000007
2005-11-27,5.45,92.17,5.839738250000001
2005-11-28,9.82,89.54,10.0892404
2005-11-29,2.58,75.23,4.203921200000001
2005-11-30,-1.4,72.96,0.9646480000000013
2005-12-01,-0.99,78.03,0.8817341500000013
2005-12-02,-3.67,76.39,-1.3105346499999988
2005-12-03,-2.22,71.79,0.3741916000000005
2005-12-04,-0.97,83.38,0.4441127000000016
2005-12-05,-5.78,88.34,-4.479443599999999
2005-12-06,-7.01,93.04,-6.186597199999998
2005-12-07,-8.54,91.32,-7.440070399999996
2005-12-08,-4.2,80.59,-2.203681499999999
2005-12-09,-2.32,90.57,-1.4476306999999982
2005-12-10,-4.03,90.71,-3.083209649999998
2005-12-11,-0.71,82.23,0.7765493500000011
2005-12-12,-1.86,73.71,0.5055742000000014
2005-12-13,-2.48,84.85,-1.0651414999999984
2005-12-14,-0.29,88.27,0.6641768500000014
2005-12-15,1.24,92.34,1.7986438
2005-12-16,-2.56,87.84,-1.4190271999999993
2005-12-17,-4.91,90.9,-3.9385294999999996
2005-12-18,-7.34,95.04,-6.7442047999999986
2005-12-19,-9.64,99.39,-9.559010299999997
2005-12-20,-7.19,97.01,-6.833307949999999
2005-12-21,-5.88,97.12,-5.5571807999999985
2005-12-22,-2.26,92.75,-1.591694999999998
2005-12-23,3.19,89.03,3.872388850000001
2005-12-24,2.34,97.48,2.508537600000001
2005-12-25,2.84,93.99,3.2254213000000007
2005-12-26,1.96,86.42,2.896612600000001
2005-12-27,1.63,91.41,2.238043150000001
2005-12-28,2.89,96.91,3.087311950000001
2005-12-29,2.13,88.83,2.889950950000001
2005-12-30,2.05,83.29,3.19421725
2005-12-31,1.47,90.22,2.170883700000001
2006-01-01,1.37,89.03,2.162198550000001
2006-01-02,4.02,95.67,4.2695812
2006-01-03,4.31,91.08,4.8099214
2006-01-04,4.73,91.01,5.213077650000001
2006-01-05,2.18,84.36,3.2397664000000015
2006-01-06,-0.07,72.75,2.1136787500000014
2006-01-07,0.59,83.96,1.8171402000000016
2006-01-08,2.68,85.44,3.6265456000000014
2006-01-09,2.3,88.19,3.092451000000001
2006-01-10,1.2,82.97,2.445744500000001
2006-01-11,3.04,90.78,3.621136600000001
2006-01-12,4.01,87.16,4.750803800000001
2006-01-13,4.36,94.95,4.641638500000002
2006-01-14,0.52,74.89,2.450707900000001
2006-01-15,0.87,74.2,2.8040970000000005
2006-01-16,1.98,88.28,2.7870392000000006
2006-01-17,2.41,92.77,2.890758850000001
2006-01-18,-1.61,74.49,0.6503135500000019
2006-01-19,2.66,84.3,3.682384000000001
2006-01-20,3.23,94.57,3.566578550000002
2006-01-21,0.49,86.01,1.5679994500000005
2006-01-22,-0.46,88.6,0.47799200000000136
2006-01-23,-0.69,82.75,0.7511512500000015
2006-01-24,0.78,86.09,1.8296486000000007
2006-01-25,0.41,73.63,2.453543150000001
2006-01-26,0.89,66.87,3.36994615
2006-01-27,2.5,76.94,4.021960000000001
2006-01-28,4.09,90.64,4.625906800000001
2006-01-29,6.72,93.43,7.0011303
2006-01-30,2.09,87.79,2.92339355
2006-01-31,0.41,75.72,2.2915786000000007
2006-02-01,2.62,83.88,3.6732808000000006
2006-02-02,1.52,90.03,2.231758300000001
2006-02-03,2.85,91.72,3.3805410000000005
2006-02-04,0.53,86.44,1.5718826000000012
2006-02-05,-1.32,79.84,0.43412160000000055
2006-02-06,-1.54,67.44,1.332443200000001
2006-02-07,-1.33,63.92,1.811305200000001
2006-02-08,-1.42,71.72,1.0561968000000013
2006-02-09,-1.98,69.41,0.7926776000000015
2006-02-10,0.04,76.07,1.9431529000000014
2006-02-11,0.12,84.48,1.3474768000000008
2006-02-12,-1.95,82.68,-0.3829729999999998
2006-02-13,-2.93,76.13,-0.6417024499999986
2006-02-14,2.02,78.13,3.521156800000001
2006-02-15,2.93,82.97,4.013704050000001
2006-02-16,2.46,92.68,2.944730400000001
2006-02-17,-3.31,80.74,-1.4233866999999987
2006-02-18,-13,94.74,-12.204424999999997
2006-02-19,-10.19,87.15,-8.445034249999999
2006-02-20,-4.5,73.68,-1.749559999999999
2006-02-21,-1.78,76.4,0.33314400000000055
2006-02-22,1.4,75.61,3.1572995000000006
2006-02-23,0.89,73.57,2.868417650000002
2006-02-24,-0.05,63.15,2.8989212500000012
2006-02-25,0.6,74.14,2.5769970000000013
2006-02-26,-2.09,59.08,1.6437454000000016
2006-02-27,0.06,71.45,2.3274410000000003
2006-02-28,-0.95,67.47,1.8142367500000007
2006-03-01,0.93,72.19,3.005599350000001
2006-03-02,1.47,87.07,2.396628450000001
2006-03-03,-0.11,77.63,1.6875413500000016
2006-03-04,-0.07,73.33,2.067200450000001
2006-03-05,0.2,79.02,1.8500770000000015
2006-03-06,0.94,90.51,1.6477642000000006
2006-03-07,2.3,72.55,4.141895000000001
2006-03-08,3.97,86.35,4.760539750000001
2006-03-09,8.35,98.65,8.395663749999999
2006-03-10,4.49,86.16,5.251961200000001
2006-03-11,6.19,89.93,6.65024935
2006-03-12,6.26,93.79,6.5414372
2006-03-13,9.53,83.52,9.9804808
2006-03-14,0.51,70.39,2.7883414500000008
2006-03-15,0.77,69.24,3.0928414000000015
2006-03-16,1.84,77.03,3.4394011000000013
2006-03-17,1.26,75.53,3.041905400000001
2006-03-18,0.24,67.03,2.825837100000001
2006-03-19,1.21,67.72,3.569506600000001
2006-03-20,1.13,71.33,3.238248450000001
2006-03-21,-0.41,72.85,1.8164357500000017
2006-03-22,1.69,73.26,3.5739667000000006
2006-03-23,2.68,82.57,3.813124300000001
2006-03-24,1.43,83.35,2.6268852500000017
2006-03-25,1.93,86.45,2.866779250000001
2006-03-26,2.42,83.51,3.5155956
2006-03-27,2.5,82.01,3.6873400000000007
2006-03-28,4.01,93.28,4.397710400000001
2006-03-29,5.33,84.06,6.133933900000001
2006-03-30,7.62,83.28,8.2526848
2006-03-31,11.58,78.93,11.9183842
2006-04-01,5.85,81.7,6.7206225
2006-04-02,4.41,89.82,4.974939100000001
2006-04-03,7.44,85.88,7.988279600000001
2006-04-04,4.92,68.64,6.572358400000001
2006-04-05,5.79,64.9,7.471465500000001
2006-04-06,7.07,75.04,8.0899904
2006-04-07,6.66,94.65,6.8906920000000005
2006-04-08,1.95,74.36,3.7198010000000012
2006-04-09,4.21,68.36,6.0006658
2006-04-10,7.45,71.96,8.537251000000001
2006-04-11,10.14,77.2,10.686744000000001
2006-04-12,13.31,81.78,13.4292499
2006-04-13,12.92,72.59,13.1581929
2006-04-14,14.87,87.49,14.844542149999999
2006-04-15,10.56,79.18,11.0111694
2006-04-16,9.31,84.3,9.7581565
2006-04-17,7.32,79.27,8.1386277
2006-04-18,8.09,79.55,8.81096475
2006-04-19,10.17,76.86,10.7210791
2006-04-20,14.37,66.5,14.3939525
2006-04-21,12.47,62.78,12.8855613
2006-04-22,12.19,67.59,12.60176905
2006-04-23,9.94,78.72,10.4737024
2006-04-24,9.66,79.45,10.207041
2006-04-25,5.95,76.77,7.042390750000001
2006-04-26,6.96,61.3,8.564889
2006-04-27,8.83,70.78,9.741225700000001
2006-04-28,8.19,70.82,9.2026919
2006-04-29,9.41,73.65,10.14766825
2006-04-30,10.95,88.42,11.1760995
2006-05-01,10.45,90,10.672749999999999
2006-05-02,12.45,86.31,12.604354749999999
2006-05-03,13.48,77.29,13.6074031
2006-05-04,12.32,76.82,12.5979282
2006-05-05,10.29,78.43,10.789453349999999
2006-05-06,8.09,80.19,8.78840155
2006-05-07,10.6,62.72,11.399656
2006-05-08,12.37,70.1,12.7202785
2006-05-09,13.43,80.17,13.54669955
2006-05-10,14.85,86.34,14.8237045
2006-05-11,9.78,89.38,10.055695199999999
2006-05-12,5.23,86.23,5.932063450000001
2006-05-13,6.95,89.19,7.398885250000001
2006-05-14,6.37,89.17,6.85426345
2006-05-15,7.86,92.78,8.1236744
2006-05-16,8.24,94.11,8.4427927
2006-05-17,11.49,85.45,11.73087525
2006-05-18,8.99,84.36,9.4639702
2006-05-19,9.59,77.82,10.188970900000001
2006-05-20,10.88,68.91,11.499001900000001
2006-05-21,9.89,73.26,10.567992700000001
2006-05-22,8.01,71.55,9.02552275
2006-05-23,11.45,59.15,12.13525875
2006-05-24,14.23,73,14.270095
2006-05-25,16.44,90.17,16.3351139
2006-05-26,16.43,89.47,16.318224049999998
2006-05-27,16.37,84.58,16.2114053
2006-05-28,19.85,84.41,19.391264250000003
2006-05-29,20.39,87.55,19.98668225
2006-05-30,20.15,90.85,19.86566375
2006-05-31,17.09,94.47,17.01122515
2006-06-01,14.22,83.98,14.2446708
2006-06-02,15.73,65.3,15.4952545
2006-06-03,14.96,79.13,14.907198900000001
2006-06-04,15.59,77,15.452115
2006-06-05,17.85,55.29,17.02621825
2006-06-06,17.91,72.21,17.38879855
2006-06-07,18.45,84.27,18.108265749999997
2006-06-08,18.03,78.8,17.618402
2006-06-09,15.55,81.24,15.441661
2006-06-10,12.64,76.64,12.8789728
2006-06-11,13.28,73.22,13.4596938
2006-06-12,13.76,80.07,13.8411151
2006-06-13,14.47,80.51,14.47321585
2006-06-14,16.97,74.2,16.619507
2006-06-15,18.34,76.92,17.8525504
2006-06-16,20.87,78.64,20.121652400000002
2006-06-17,21.4,78.32,20.577243999999997
2006-06-18,21.17,86.64,20.679888400000003
2006-06-19,21.12,77.49,20.3004109
2006-06-20,19.49,77.49,18.87221305
2006-06-21,22.14,81.54,21.364310800000002
2006-06-22,22.17,75.99,21.15713815
2006-06-23,17.82,77.34,17.4062284
2006-06-24,17.57,70.54,17.0725679
2006-06-25,18.69,71.86,18.0415137
2006-06-26,16.95,88.35,16.79301625
2006-06-27,18.29,83.65,17.94918425
2006-06-28,19.78,78.33,19.1507032
2006-06-29,19.16,76.79,18.5651277
2006-06-30,20.58,63.49,19.3591056
2006-07-01,22.55,76.91,21.52769025
2006-07-02,23,78.52,21.99581
2006-07-03,22.41,87.68,21.8740184
2006-07-04,21.65,85.61,21.084113249999998
2006-07-05,19.44,67.93,18.5686581
2006-07-06,19.68,65.38,18.6936762
2006-07-07,21.12,64.51,19.8278091
2006-07-08,22.06,69.59,20.7955522
2006-07-09,23.65,71.04,22.192587999999997
2006-07-10,20.43,81.63,19.830862449999998
2006-07-11,20.2,89.96,19.885246
2006-07-12,21.09,92.19,20.80692655
2006-07-13,22.86,83.8,22.115123999999998
2006-07-14,24.74,85.19,23.905900799999998
2006-07-15,26.15,69.47,24.19379025
2006-07-16,26.62,68.71,24.5342086
2006-07-17,26.79,73.99,25.03185405
2006-07-18,24.45,77.87,23.23893575
2006-07-19,24.4,78.81,23.246204499999997
2006-07-20,25.1,87.32,24.360756
2006-07-21,22.39,87.24,21.8362798
2006-07-22,21.34,72.51,20.3058262
2006-07-23,22.27,65.41,20.79179635
2006-07-24,23.86,71.25,22.379949999999997
2006-07-25,25.18,71.49,23.5053226
2006-07-26,24.77,79.17,23.593417449999997
2006-07-27,24.92,88.18,24.2425958
2006-07-28,25.81,81.18,24.6393019
2006-07-29,27.52,68.56,25.268581599999997
2006-07-30,27.41,80.94,26.0566447
2006-07-31,28.03,79.58,26.510445699999998
2006-08-01,28.87,74.39,26.84591365
2006-08-02,28.99,72.71,26.815123449999998
2006-08-03,24.89,85.79,24.07796955
2006-08-04,24.46,69.12,22.7683936
2006-08-05,25.01,69.89,23.26949145
2006-08-06,25.17,75.52,23.7333912
2006-08-07,25.03,75.99,23.63946085
2006-08-08,22.11,69.32,20.8258886
2006-08-09,23.42,72.69,22.0801714
2006-08-10,23.59,85.7,22.8750715
2006-08-11,22.22,76.51,21.2226146
2006-08-12,21.42,63.71,20.0388026
2006-08-13,21.94,61.59,20.3682628
2006-08-14,22.74,73.49,21.538566799999998
2006-08-15,22.25,65.35,20.77304375
2006-08-16,22.02,61.48,20.4268128
2006-08-17,22.76,67.71,21.293065300000002
2006-08-18,23.18,81.04,22.2748496
2006-08-19,23.12,85.2,22.418332
2006-08-20,21.01,73.57,20.06367385
2006-08-21,22.09,52.66,20.1137917
2006-08-22,22.81,66.29,21.269284449999997
2006-08-23,23.67,69.83,22.14837605
2006-08-24,23.75,79.27,22.695361249999998
2006-08-25,23.12,79.84,22.1642144
2006-08-26,23.62,87.58,22.9970128
2006-08-27,22.34,86.22,21.7458064
2006-08-28,20.92,89.49,20.5488919
2006-08-29,19.93,85.87,19.50800755
2006-08-30,20.14,84.12,19.6474024
2006-08-31,19.99,75,19.235124999999996
2006-09-01,19.93,77.47,19.25714155
2006-09-02,19.72,74.27,18.9812917
2006-09-03,19.22,71.84,18.4889664
2006-09-04,18.83,76.58,18.2722527
2006-09-05,19.2,79.3,18.664904999999997
2006-09-06,20.37,72.16,19.471185600000002
2006-09-07,21.17,74.35,20.229029750000002
2006-09-08,21.75,71.26,20.6039925
2006-09-09,19.58,81.17,19.053889799999997
2006-09-10,17.75,85.51,17.49099125
2006-09-11,17.78,88.65,17.575246
2006-09-12,20.09,93.78,19.8987661
2006-09-13,18.75,92.06,18.5644025
2006-09-14,18.26,84.43,17.9380124
2006-09-15,19.31,81.94,18.8322227
2006-09-16,19.94,83.54,19.447516800000002
2006-09-17,21.09,82.09,20.44085205
2006-09-18,18.83,70.83,18.135316449999998
2006-09-19,13.99,75.1,14.0598445
2006-09-20,12.97,70.42,13.2189157
2006-09-21,15.2,58.6,15.04061
2006-09-22,16.95,82.11,16.70893225
2006-09-23,19.27,92.22,19.065891699999998
2006-09-24,15.72,80.06,15.5862026
2006-09-25,15.61,70.84,15.4319782
2006-09-26,17.01,68.43,16.57417615
2006-09-27,16.91,73.55,16.55940525
2006-09-28,12.84,77.35,13.0467945
2006-09-29,12.56,66.87,12.9134971
2006-09-30,13.58,83.46,13.6636924
2006-10-01,15.85,76.54,15.6758095
2006-10-02,18.26,81.54,17.8782472
2006-10-03,19.41,90.6,19.156153
2006-10-04,18.03,90.16,17.8389564
2006-10-05,13.94,71.25,14.02855
2006-10-06,12.21,68.53,12.606364650000002
2006-10-07,13.06,69.47,13.3017976
2006-10-08,14.31,75.01,14.33611455
2006-10-09,15.14,80.35,15.070832000000001
2006-10-10,13.22,75.8,13.390368
2006-10-11,12.11,85.24,12.3040202
2006-10-12,4.3,72.26,5.856214
2006-10-13,5.66,68.37,7.197850600000001
2006-10-14,7.09,67.68,8.4072016
2006-10-15,8.28,61.57,9.5946903
2006-10-16,10.83,76.52,11.3039438
2006-10-17,11.6,88.53,11.7829465
2006-10-18,12.8,88.08,12.911452
2006-10-19,7.84,81.57,8.5150909
2006-10-20,7.42,72.9,8.475274
2006-10-21,10.6,82.44,10.976662
2006-10-22,7.67,84.71,8.24436885
2006-10-23,4.47,71.76,6.0278596
2006-10-24,5.18,78.03,6.3061822
2006-10-25,7.09,55.26,8.9133787
2006-10-26,7.31,80.13,8.095759150000001
2006-10-27,7.59,90.36,7.9563682
2006-10-28,7.87,72.27,8.88117445
2006-10-29,6.73,72.21,7.917605650000001
2006-10-30,10.78,82.32,11.1417328
2006-10-31,9.18,70.89,10.0317586
2006-11-01,3.77,63.41,5.929358850000001
2006-11-02,2,68.96,4.134000000000001
2006-11-03,1.48,66.67,3.8667613000000007
2006-11-04,4.55,74.61,5.93946775
2006-11-05,6.72,84.6,7.378966
2006-11-06,8.68,87.9,9.067321
2006-11-07,9.76,91.93,9.970384899999999
2006-11-08,10.56,89.47,10.788185100000002
2006-11-09,11.12,84.54,11.4074014
2006-11-10,8.29,88.27,8.69063815
2006-11-11,5.22,86.33,5.9177168
2006-11-12,4.54,73.78,5.976331600000001
2006-11-13,3.86,88.92,4.508401600000001
2006-11-14,5.44,85.26,6.174494200000001
2006-11-15,6.7,88.71,7.184341000000001
2006-11-16,6.11,80.75,6.998291250000001
2006-11-17,3.85,79.25,5.065431250000001
2006-11-18,4.58,75.11,5.937998400000001
2006-11-19,4.28,82.85,5.244001500000001
2006-11-20,3.07,79.77,4.341758950000001
2006-11-21,4.22,81.26,5.279559600000001
2006-11-22,4.66,80.01,5.7418588
2006-11-23,5.47,79.58,6.484159300000001
2006-11-24,6.51,80.69,7.358577950000001
2006-11-25,8.21,91.12,8.5172036
2006-11-26,9.62,95.48,9.7413168
2006-11-27,10.28,94.97,10.3967463
2006-11-28,10.63,90.44,10.8334846
2006-11-29,11.26,94.97,11.3496346
2006-11-30,2.52,85.75,3.4589325000000013
2006-12-01,0.89,88.01,1.7875114500000004
2006-12-02,-3.44,92.64,-2.713788799999999
2006-12-03,-6.47,97.27,-6.155135449999998
2006-12-04,-6.66,97.26,-6.341118799999999
2006-12-05,-5.82,92.38,-4.968388799999998
2006-12-06,0.96,84.9,2.084497
2006-12-07,-5.79,91.01,-4.786760949999999
2006-12-08,-8.25,96.03,-7.753253749999999
2006-12-09,-3.12,92.85,-2.427093499999999
2006-12-10,1.34,89.24,2.118808800000002
2006-12-11,3.58,90.34,4.160179600000001
2006-12-12,6.7,96.14,6.865594000000001
2006-12-13,4.34,87.21,5.054705200000001
2006-12-14,5.87,91.87,6.255890450000001
2006-12-15,4.74,81.24,5.747036800000001
2006-12-16,4.14,89.19,4.7559538
2006-12-17,7.24,87.38,7.7439166
2006-12-18,3.16,75.5,4.688065000000002
2006-12-19,1.95,70.22,4.005564500000001
2006-12-20,1.56,81.44,2.8809152000000005
2006-12-21,4.55,94.23,4.8657632500000005
2006-12-22,7.64,93.33,7.8916591
2006-12-23,4.37,85.36,5.185667600000001
2006-12-24,2.02,83.95,3.1216720000000007
2006-12-25,3.17,92.57,3.6330004500000017
2006-12-26,2.06,81.59,3.319612200000001
2006-12-27,1.2,83.79,2.3857615000000005
2006-12-28,3.71,87.25,4.46664875
2006-12-29,4.8,94.47,5.0950255
2006-12-30,4.76,97.33,4.9030319
2006-12-31,6.68,92.72,6.9931128000000005
2007-01-01,4.5,82.97,5.43665
2007-01-02,2.22,75.56,3.8706776000000005
2007-01-03,2.97,85.29,3.902834650000001
2007-01-04,5.22,90.16,5.722233600000001
2007-01-05,7.31,92.47,7.60777385
2007-01-06,4.76,85.81,5.5201583
2007-01-07,2.34,90.48,2.9766976000000005
2007-01-08,1.31,83.56,2.5026398000000007
2007-01-09,0.12,75.12,2.0877592000000003
2007-01-10,-1.87,73.61,0.5060236500000013
2007-01-11,2.85,78.18,4.2481165
2007-01-12,5.7,91.44,6.1143040000000015
2007-01-13,1.69,83.54,2.8496893000000005
2007-01-14,1.16,85.12,2.2517456000000005
2007-01-15,0.88,89.11,1.695769900000001
2007-01-16,-3.18,87.1,-1.925603999999998
2007-01-17,-6.26,90.05,-5.1239089999999985
2007-01-18,-1.37,90.4,-0.532063999999999
2007-01-19,-2.07,84.9,-0.6938614999999997
2007-01-20,-4.63,79.79,-2.503604849999999
2007-01-21,-1.18,84.19,0.1834544000000009
2007-01-22,-0.34,84.06,0.9610228000000012
2007-01-23,-2.37,91.27,-1.5599869499999977
2007-01-24,-2.76,86.71,-1.4983802999999976
2007-01-25,-4.64,82.32,-2.7788263999999976
2007-01-26,-3.6,92.32,-2.835455999999997
2007-01-27,-0.28,88.42,0.6613382000000011
2007-01-28,-5.92,89.23,-4.710421299999999
2007-01-29,-5.73,87.38,-4.325835699999999
2007-01-30,-5.44,93.68,-4.7468856
2007-01-31,-8.09,93.75,-7.313468749999998
2007-02-01,-4.06,84.8,-2.5083839999999986
2007-02-02,-8.24,93.35,-7.408284499999997
2007-02-03,-10.92,96.39,-10.415285899999999
2007-02-04,-14.89,100,-14.889999999999997
2007-02-05,-15.5,99.8,-15.466999999999997
2007-02-06,-14.13,94.25,-13.224576249999997
2007-02-07,-11.4,88.81,-9.8059845
2007-02-08,-12.8,93.55,-11.831532499999996
2007-02-09,-10.24,88.55,-8.681998499999997
2007-02-10,-11.49,93.39,-10.54513355
2007-02-11,-8.32,91.63,-7.269481299999999
2007-02-12,-2.19,88.26,-1.1123266999999986
2007-02-13,-4.73,86.44,-3.295826599999999
2007-02-14,-6.27,84.58,-4.508496299999997
2007-02-15,-10.18,89.88,-8.806311199999998
2007-02-16,-12.13,97.11,-11.706716149999998
2007-02-17,-5.44,91.56,-4.5143851999999995
2007-02-18,-6.99,82.9,-4.9688655
2007-02-19,-4.16,90.23,-3.1573048999999997
2007-02-20,1.39,89.18,2.170176100000001
2007-02-21,0.72,89.58,1.509731800000001
2007-02-22,1.04,81.67,2.3969699000000007
2007-02-23,-2.04,77.68,-0.009549599999999714
2007-02-24,-2.09,73.98,0.28419490000000147
2007-02-25,-0.03,93.67,0.47586195000000053
2007-02-26,-0.3,91.16,0.41957600000000167
2007-02-27,-1.64,90.7,-0.8144389999999985
2007-02-28,-0.91,88.13,0.09604185000000143
2007-03-01,2.26,94.12,2.6558416000000005
2007-03-02,-0.21,80.86,1.3385217000000014
2007-03-03,-2.81,81.79,-1.0763169499999994
2007-03-04,-4.3,82.6,-2.5008399999999975
2007-03-05,-2.63,79.52,-0.7004767999999988
2007-03-06,-6.93,77.7,-4.301610499999999
2007-03-07,-3.63,84.14,-2.0485200999999984
2007-03-08,-2.84,74.7,-0.42713899999999905
2007-03-09,1.05,88.38,1.909589500000001
2007-03-10,3.46,87.92,4.193497600000001
2007-03-11,2.4,77.86,3.8734170000000003
2007-03-12,4.77,79.68,5.8574247999999995
2007-03-13,8.94,93.58,9.1363236
2007-03-14,8.35,96.23,8.47752025
2007-03-15,0.75,85.38,1.8556375000000012
2007-03-16,-1.45,77.12,0.5571480000000009
2007-03-17,-1.41,72.48,0.9981376000000008
2007-03-18,0.29,67.7,2.8144065000000005
2007-03-19,3.79,81.3,4.891523500000002
2007-03-20,1.49,75.94,3.2116133000000007
2007-03-21,5.43,91.31,5.86350065
2007-03-22,10.99,80.21,11.37204595
2007-03-23,6.25,87.53,6.815826250000001
2007-03-24,9.71,96.87,9.792459850000002
2007-03-25,10.88,94.08,10.997867200000002
2007-03-26,13.33,93.84,13.3696396
2007-03-27,11.63,97.17,11.674671550000001
2007-03-28,5.71,95.49,5.928035950000001
2007-03-29,6.79,74.68,7.8636946000000005
2007-03-30,5.64,90.95,6.0810065
2007-03-31,7.14,92.72,7.434694400000001
2007-04-01,9.04,88.04,9.3991588
2007-04-02,6.71,83.15,7.43193825
2007-04-03,10.02,92.43,10.2065248
2007-04-04,0.81,76.8,2.5568440000000017
2007-04-05,-1.13,68.14,1.6088449000000007
2007-04-06,-2.17,70.87,0.5007840500000014
2007-04-07,-2.64,70.73,0.11928290000000086
2007-04-08,-0.63,74.3,1.5086255000000017
2007-04-09,1.13,79.86,2.6109949000000015
2007-04-10,1.86,74.87,3.607037600000001
2007-04-11,1.98,89.67,2.6913238000000006
2007-04-12,2.72,89.59,3.3944639000000008
2007-04-13,3.3,76.02,4.777168000000001
2007-04-14,4.33,70.81,5.962742650000001
2007-04-15,4.61,72.56,6.102598800000001
2007-04-16,5.15,69.53,6.716919750000001
2007-04-17,8.19,67.96,9.3019482
2007-04-18,4.53,90.13,5.071221450000001
2007-04-19,5.4,91.2,5.840440000000001
2007-04-20,8.31,80.01,8.99055955
2007-04-21,10.28,70.76,10.9586604
2007-04-22,12.21,78.16,12.485074800000001
2007-04-23,12.56,85.56,12.7140748
2007-04-24,8.41,81.26,9.0376963
2007-04-25,6.92,90.84,7.3018804
2007-04-26,8.54,94.39,8.7238958
2007-04-27,7.33,91.38,7.669929700000001
2007-04-28,9.68,82.97,10.1314653
2007-04-29,11.95,74.71,12.30469225
2007-04-30,11.62,82.23,11.9014768
2007-05-01,12.38,93.37,12.4573058
2007-05-02,6.39,96.24,6.557714800000001
2007-05-03,7.98,85.9,8.485626
2007-05-04,9.16,82.02,9.6880726
2007-05-05,9.79,82.71,10.23789745
2007-05-06,9.33,71.19,10.14921235
2007-05-07,10.57,78.48,11.0351548
2007-05-08,16.61,88.85,16.48060425
2007-05-09,16.29,89.28,16.1844616
2007-05-10,16.91,73.59,16.55993545
2007-05-11,13.16,77.92,13.3227296
2007-05-12,8.42,81.16,9.050009600000001
2007-05-13,8.79,69.59,9.74502605
2007-05-14,13.5,74.49,13.640305
2007-05-15,15.87,92.4,15.812733999999999
2007-05-16,9.33,84.26,9.7775669
2007-05-17,7.92,80.35,8.6311335
2007-05-18,11.01,60.44,11.7693542
2007-05-19,13.37,68.14,13.5680099
2007-05-20,8.94,87.44,9.3240848
2007-05-21,11.66,83.25,11.921635
2007-05-22,15.59,74.39,15.43646805
2007-05-23,16.53,78.44,16.2892826
2007-05-24,17.61,79.44,17.2583212
2007-05-25,13.45,80.42,13.563074499999999
2007-05-26,11.26,86.65,11.497897
2007-05-27,15.27,80.56,15.1876716
2007-05-28,14.53,69.5,14.524967499999999
2007-05-29,17.97,83.64,17.6577694
2007-05-30,19.71,80.83,19.16068365
2007-05-31,19.12,82.49,18.6750709
2007-06-01,19.15,86.05,18.793228749999997
2007-06-02,19.6,84.88,19.175884
2007-06-03,19,83.64,18.59509
2007-06-04,16.4,90.36,16.299262
2007-06-05,13.6,83.33,13.6825165
2007-06-06,13.66,71.25,13.792825
2007-06-07,19.82,80.88,19.2605488
2007-06-08,20.07,78.74,19.4186999
2007-06-09,18,65.3,17.332025
2007-06-10,19.38,66.33,18.476297199999998
2007-06-11,19.93,70.2,19.040022999999998
2007-06-12,19.15,77.02,18.5622865
2007-06-13,19.76,77.82,19.118332600000002
2007-06-14,20.87,74.09,19.96224315
2007-06-15,21.45,74.88,20.489787999999997
2007-06-16,23.79,67.41,22.124813949999997
2007-06-17,24.22,73.77,22.8177442
2007-06-18,23.47,79.47,22.45715245
2007-06-19,21.79,76.5,20.8477675
2007-06-20,20.72,66.51,19.5743071
2007-06-21,20.26,73.36,19.4160448
2007-06-22,19.01,67.67,18.20805435
2007-06-23,18.53,81.22,18.1137413
2007-06-24,19,84.52,18.61687
2007-06-25,22.44,85.09,21.788880300000002
2007-06-26,24.26,82.2,23.304496
2007-06-27,23.76,89.05,23.202316500000002
2007-06-28,20.12,83.28,19.6031848
2007-06-29,17.78,81.45,17.445358000000002
2007-06-30,19.1,69.82,18.336446000000002
2007-07-01,18.35,77.09,17.86488075
2007-07-02,18.63,70.51,17.96013465
2007-07-03,20.78,70.11,19.747599400000002
2007-07-04,22.65,81.17,21.805945249999997
2007-07-05,23.44,73.91,22.1571547
2007-07-06,22.34,73.5,21.197319999999998
2007-07-07,23.26,68.97,21.764974600000002
2007-07-08,25.36,74.99,23.866152699999997
2007-07-09,25.41,75.45,23.93687725
2007-07-10,23.43,87.45,22.813606749999998
2007-07-11,21.01,70.51,19.954110550000003
2007-07-12,20.99,66.42,19.7913619
2007-07-13,20.46,66.81,19.372031800000002
2007-07-14,21.29,66.38,20.034461099999998
2007-07-15,20.88,65.92,19.6841328
2007-07-16,22.38,71.51,21.1452434
2007-07-17,22.51,81.27,21.68484985
2007-07-18,23.3,87.42,22.691128
2007-07-19,22.31,90.71,21.91094805
2007-07-20,18.84,71.6,18.162091999999998
2007-07-21,18.83,68.45,18.078636749999998
2007-07-22,20.53,64.51,19.35297415
2007-07-23,22.39,61.63,20.72493385
2007-07-24,22.59,65.6,21.059372
2007-07-25,22.8,75.89,21.6993785
2007-07-26,22.63,80.67,21.76565905
2007-07-27,22.63,88.42,22.112200299999998
2007-07-28,21.45,89.86,21.062398499999997
2007-07-29,22.14,75.88,21.1264776
2007-07-30,23.23,73.35,21.950400249999998
2007-07-31,25.11,63.95,23.006302249999997
2007-08-01,25.9,62.88,23.572575999999998
2007-08-02,26.27,71.33,24.41404755
2007-08-03,25.42,69.1,23.564146
2007-08-04,23.55,60.59,21.58836725
2007-08-05,24.03,82.07,23.09019905
2007-08-06,25.49,87.86,24.756197699999998
2007-08-07,26.02,91.06,25.4535616
2007-08-08,25.11,88.49,24.438333949999997
2007-08-09,23.98,86.94,23.2990516
2007-08-10,23.86,84.42,23.0579416
2007-08-11,25.03,73.8,23.512627000000002
2007-08-12,25.04,77.92,23.760022399999997
2007-08-13,22.93,68.36,21.4630114
2007-08-14,23.02,76.93,21.9389398
2007-08-15,23.85,86.91,23.17684675
2007-08-16,23.01,85.39,22.32617895
2007-08-17,21.59,69.62,20.4053319
2007-08-18,19.89,68.36,18.9520322
2007-08-19,19.22,87.75,18.901989999999998
2007-08-20,22.41,94.76,22.1820338
2007-08-21,22.39,89.41,21.93044695
2007-08-22,24.65,92.15,24.21177375
2007-08-23,24.82,91.72,24.3500272
2007-08-24,23.74,94.4,23.455408
2007-08-25,21.53,88.81,21.09733865
2007-08-26,21.1,74.38,20.169994
2007-08-27,20.86,77.47,20.0719006
2007-08-28,22.67,83.14,21.9123959
2007-08-29,22.9,85.58,22.233795999999998
2007-08-30,20.52,77.7,19.781647
2007-08-31,20.23,68.3,19.2309745
2007-09-01,21.11,65.34,19.8499357
2007-09-02,20.9,78.58,20.146016
2007-09-03,22.69,73.43,21.49315435
2007-09-04,23.46,78.19,22.3852032
2007-09-05,23.98,75.53,22.7041342
2007-09-06,23.73,86.64,23.0517796
2007-09-07,23.37,89.06,22.8362921
2007-09-08,21.51,79.5,20.7196225
2007-09-09,21.08,80.59,20.3775521
2007-09-10,19.5,83.04,19.0336
2007-09-11,16.72,77,16.439169999999997
2007-09-12,14.85,68.97,14.79026725
2007-09-13,17.29,70.28,16.8339466
2007-09-14,16.81,67.23,16.39365715
2007-09-15,12.41,67.85,12.77956425
2007-09-16,15.05,62.81,14.937500250000001
2007-09-17,17.48,73.67,17.0484513
2007-09-18,20.64,79.33,19.9419741
2007-09-19,21.82,80.23,21.0240598
2007-09-20,19.81,84.53,19.35819865
2007-09-21,21.74,79.62,20.9284684
2007-09-22,19.2,67.01,18.3472085
2007-09-23,18.65,66.34,17.881710499999997
2007-09-24,21.46,74.22,20.4731416
2007-09-25,22.89,88.31,22.35056495
2007-09-26,17.28,81.96,17.0041684
2007-09-27,16.6,78.27,16.3490185
2007-09-28,16.98,72.92,16.6106288
2007-09-29,17.38,72.7,16.947568
2007-09-30,19.23,66.96,18.3704644
2007-10-01,18.62,80.17,18.1706522
2007-10-02,18.57,88.89,18.32130265
2007-10-03,19.08,71.3,18.357046999999998
2007-10-04,18.47,75.82,17.9420297
2007-10-05,21.12,86.21,20.6179061
2007-10-06,22.71,84.53,22.01145215
2007-10-07,23.05,83.08,22.254337
2007-10-08,22.92,79.77,21.9831487
2007-10-09,18.35,73.92,17.797756
2007-10-10,12.01,72.74,12.3833257
2007-10-11,12.48,82.82,12.6708698
2007-10-12,11.35,68.86,11.8895005
2007-10-13,12.32,64.4,12.746844
2007-10-14,13.92,83.67,13.9720927
2007-10-15,15.88,82.87,15.7499833
2007-10-16,17.02,86.51,16.8330286
2007-10-17,15.4,79.19,15.2969905
2007-10-18,19.08,84.01,18.6772119
2007-10-19,15.3,77.88,15.202672
2007-10-20,13.75,75.56,13.850815
2007-10-21,16.8,67.81,16.3927965
2007-10-22,14.78,82.52,14.7530808
2007-10-23,11.63,74.69,12.02951835
2007-10-24,10,72.81,10.672952500000001
2007-10-25,10.1,73.76,10.735008
2007-10-26,12.72,85.74,12.859605400000001
2007-10-27,11.89,83.47,12.12728815
2007-10-28,9.09,66.49,10.08709005
2007-10-29,9.41,69.89,10.25292945
2007-10-30,10.7,74.18,11.239638
2007-10-31,12.08,77.33,12.3817377
2007-11-01,7.9,69.6,9.003520000000002
2007-11-02,8.41,68.71,9.45805855
2007-11-03,8.72,69.98,9.674335800000001
2007-11-04,8.7,66.64,9.764184
2007-11-05,8.83,68.02,9.8272963
2007-11-06,5.06,71,6.56568
2007-11-07,4.21,68.7,5.9814235
2007-11-08,6.31,70.01,7.66089955
2007-11-09,6.57,77.97,7.530838450000001
2007-11-10,7.07,76.64,8.0246064
2007-11-11,8.04,84.44,8.5928468
2007-11-12,12.05,87.35,12.22045875
2007-11-13,9.93,80,10.4327
2007-11-14,10.19,73.74,10.8124933
2007-11-15,4.78,69.48,6.4115992
2007-11-16,2.76,70.55,4.661586500000001
2007-11-17,4.51,84.04,5.3869222
2007-11-18,4.97,79.3,6.054990500000001
2007-11-19,7.11,90.27,7.505475850000001
2007-11-20,9.82,95.38,9.938918800000001
2007-11-21,7.43,91.36,7.765966400000001
2007-11-22,2.97,82.5,4.079762500000001
2007-11-23,-0.16,72.4,2.0653880000000004
2007-11-24,1.12,73.83,3.0458503000000015
2007-11-25,1.85,85.25,2.876231250000001
2007-11-26,2.03,88.96,2.787178400000001
2007-11-27,1.05,74.97,2.9015942500000014
2007-11-28,2.84,69.56,4.792117200000001
2007-11-29,-0.29,73.84,1.8379852000000008
2007-11-30,0.54,69.02,2.9186444000000016
2007-12-01,-0.84,69.19,1.7594397000000015
2007-12-02,4.21,91.62,4.6842661
2007-12-03,-1.83,86.97,-0.6597105499999987
2007-12-04,-0.13,78.01,1.6394253500000007
2007-12-05,-0.36,83.22,1.0114294000000013
2007-12-06,-4.79,83.22,-3.0097258999999985
2007-12-07,-0.86,89.52,0.025350400000001216
2007-12-08,-2.03,81.35,-0.3344352499999983
2007-12-09,0.56,87.68,1.5045744000000005
2007-12-10,1.29,85.31,2.357301950000001
2007-12-11,1.48,92.66,2.0056174000000015
2007-12-12,1.06,83.46,2.2826368000000015
2007-12-13,0.62,85.31,1.7414346000000007
2007-12-14,-2.42,89.05,-1.4009929999999984
2007-12-15,-0.24,83.83,1.0709019000000015
2007-12-16,-1.32,89.47,-0.40378469999999833
2007-12-17,-4.82,98.49,-4.659547399999998
2007-12-18,-1.48,96.35,-1.1592014999999989
2007-12-19,-0.75,91.09,-0.002673749999998809
2007-12-20,-0.1,89.61,0.7343170000000009
2007-12-21,1.78,93.61,2.2270444000000014
2007-12-22,3.78,98.09,3.8926136000000007
2007-12-23,-0.87,87.79,0.1621723500000002
2007-12-24,-3.56,84.46,-2.0164117999999984
2007-12-25,-0.61,88.04,0.38393580000000094
2007-12-26,2.17,90.01,2.8474718500000002
2007-12-27,2.06,85.84,3.0288272000000007
2007-12-28,1.16,86.22,2.171038600000001
2007-12-29,-1.85,90.16,-0.9651379999999982
2007-12-30,-0.85,87.46,0.20868950000000142
2007-12-31,0.38,90.43,1.1232062000000007
2008-01-01,-2.38,90.28,-1.4775951999999988
2008-01-02,-7.21,96.16,-6.7514847999999965
2008-01-03,-7.16,93.38,-6.371359399999999
2008-01-04,-1.77,84,-0.33823999999999876
2008-01-05,2.73,92.3,3.2284595000000014
2008-01-06,6.22,98.61,6.2833006000000005
2008-01-07,8.78,99.75,8.787865
2008-01-08,8.92,99,8.95069
2008-01-09,1.9,86.5,2.835550000000001
2008-01-10,2.3,89.21,3.024009000000001
2008-01-11,1.92,89.71,2.6319651000000013
2008-01-12,0.86,83.15,2.1240870000000007
2008-01-13,1.09,90.06,1.8231247000000008
2008-01-14,-2.16,85.29,-0.8121226999999991
2008-01-15,-3.71,86.42,-2.3498950999999986
2008-01-16,-1.06,82.01,0.479584200000001
2008-01-17,0.78,87.54,1.7202316000000004
2008-01-18,-5.58,85.83,-4.015065199999999
2008-01-19,-11.17,96.82,-10.721031699999997
2008-01-20,-12.66,95.66,-12.011690799999998
2008-01-21,-7.76,83.07,-5.687260099999998
2008-01-22,-3.47,86.86,-2.171308099999999
2008-01-23,-8.05,94.51,-7.369102749999999
2008-01-24,-9.24,92.93,-8.3168701
2008-01-25,-9.81,91.58,-8.684203899999998
2008-01-26,-3.44,90.65,-2.517435499999999
2008-01-27,-2.95,90.63,-2.050714249999998
2008-01-28,1.02,90.46,1.7272956000000017
2008-01-29,4.63,92.1,5.058851500000001
2008-01-30,-11.99,89.77,-10.499540149999998
2008-01-31,-6.99,76.73,-4.239602349999998
2008-02-01,-2.46,88.45,-1.382615999999999
2008-02-02,-2.34,93.32,-1.721298399999998
2008-02-03,-2.18,93.45,-1.5791029999999986
2008-02-04,0.73,95.39,1.0791383500000002
2008-02-05,1.76,95.9,2.0472870000000007
2008-02-06,0.68,93.4,1.1816659999999999
2008-02-07,-2.4,87.34,-1.2232529999999986
2008-02-08,-2.28,92.44,-1.5822875999999986
2008-02-09,0.08,91,0.7937900000000014
2008-02-10,-13.82,94.4,-12.947743999999998
2008-02-11,-15.67,91.36,-14.236321599999997
2008-02-12,-7.8,89.32,-6.490097999999997
2008-02-13,-7.5,90.24,-6.3190399999999975
2008-02-14,-5.52,93.93,-4.8516322999999995
2008-02-15,-5.8,86.01,-4.238016499999999
2008-02-16,-7.66,78.11,-4.992046799999999
2008-02-17,2.13,92.97,2.6082860500000007
2008-02-18,-3.99,86.23,-2.589659849999999
2008-02-19,-11.25,90.63,-9.922973749999997
2008-02-20,-10,87.9,-8.369525
2008-02-21,-7.94,76.7,-5.0643139999999995
2008-02-22,-4.5,82.45,-2.6660249999999994
2008-02-23,-3.66,72.56,-0.9192927999999991
2008-02-24,-3.27,86.07,-1.9085514499999983
2008-02-25,-0.95,93.32,-0.38236699999999835
2008-02-26,-1.02,88.66,-0.052017599999998665
2008-02-27,-5.41,76.81,-2.8705790499999986
2008-02-28,-6.04,75.16,-3.2338251999999987
2008-02-29,-1.25,88.35,-0.2408187499999983
2008-03-01,-3.17,79.51,-1.178679349999999
2008-03-02,1.49,89.91,2.211989950000001
2008-03-03,3.57,90.43,4.14530055
2008-03-04,-2.15,75.2,0.12106000000000128
2008-03-05,-1.9,76.14,0.2521720000000012
2008-03-06,-1.55,79.44,0.2649340000000011
2008-03-07,-4.02,74.18,-1.3899747999999992
2008-03-08,-5.56,73.86,-2.6759737999999986
2008-03-09,-3.44,71.93,-0.6703330999999988
2008-03-10,-1.76,84.07,-0.33538009999999807
2008-03-11,-0.95,83.36,0.4639840000000015
2008-03-12,1.17,90.55,1.8628267500000013
2008-03-13,3.7,84.05,4.647430000000002
2008-03-14,4.25,85.05,5.092806250000001
2008-03-15,1.16,88.41,2.0103583000000014
2008-03-16,-0.79,79.62,0.9238561000000003
2008-03-17,0.08,84.37,1.319615300000001
2008-03-18,2.45,95.69,2.735645250000001
2008-03-19,2.91,86.8,3.7514340000000015
2008-03-20,0.84,80.49,2.305786300000001
2008-03-21,-0.2,87.57,0.8049655000000018
2008-03-22,-0.46,79.37,1.2374364000000007
2008-03-23,-0.32,75.29,1.6941121000000006
2008-03-24,-0.25,76.63,1.6458912500000018
2008-03-25,3.38,74.88,4.916339200000001
2008-03-26,2.82,80.8,4.053408000000001
2008-03-27,2.3,89.56,3.000524000000001
2008-03-28,0.43,79.41,2.0233571500000016
2008-03-29,-0.47,78.85,1.271385250000002
2008-03-30,1.52,87.24,2.430936400000001
2008-03-31,6.14,99.56,6.1602312
2008-04-01,5.61,85.49,6.319466450000002
2008-04-02,2.6,75.76,4.186508000000001
2008-04-03,2.56,80.28,3.8550124000000006
2008-04-04,4.25,83.47,5.181878750000001
2008-04-05,5.97,74,7.18979
2008-04-06,6.4,79.99,7.291445500000002
2008-04-07,6.55,82.68,7.307317
2008-04-08,4.26,89.18,4.8693824
2008-04-09,5.61,88.37,6.178648850000001
2008-04-10,4.27,92.01,4.71955735
2008-04-11,9.28,90.33,9.5576257
2008-04-12,3.75,90.92,4.286855000000001
2008-04-13,2.44,84.1,3.494647000000001
2008-04-14,3.26,80.42,4.4704356
2008-04-15,4.65,67.67,6.401477750000001
2008-04-16,8.28,76.03,9.1000137
2008-04-17,11.08,84.81,11.3657239
2008-04-18,11.82,88.18,11.9942268
2008-04-19,10.66,93.08,10.8061504
2008-04-20,7.33,93.91,7.57015915
2008-04-21,9.41,89.58,9.7017079
2008-04-22,12.34,80.42,12.5726104
2008-04-23,10.97,90.25,11.15929625
2008-04-24,10.75,79.17,11.17961875
2008-04-25,13.25,94.37,13.28870625
2008-04-26,7.63,75.79,8.54477485
2008-04-27,6.25,70.37,7.59446125
2008-04-28,4.71,84.5,5.5445975
2008-04-29,3.6,77.29,4.961464500000001
2008-04-30,4.48,74.74,5.872078600000002
2008-05-01,9.89,88.77,10.174736650000002
2008-05-02,12.73,99.17,12.73808005
2008-05-03,8.95,82.49,9.48449275
2008-05-04,8.12,74.51,9.014444099999999
2008-05-05,11.45,70.1,11.9515725
2008-05-06,15.87,59.7,15.5663395
2008-05-07,12.66,92.1,12.739948
2008-05-08,7.28,86.38,7.820850200000001
2008-05-09,6.64,82.24,7.407764800000001
2008-05-10,7.54,79.12,8.3392864
2008-05-11,8.19,87.82,8.612706900000001
2008-05-12,6.98,85.95,7.561108000000001
2008-05-13,9.17,79.88,9.7598178
2008-05-14,11.16,86.79,11.4026677
2008-05-15,6.99,84.88,7.614531600000001
2008-05-16,10.06,73.81,10.699559800000001
2008-05-17,12.62,74.55,12.883153
2008-05-18,9.01,80.7,9.5927635
2008-05-19,8.34,74.78,9.194453600000001
2008-05-20,8.98,72.25,9.82249
2008-05-21,9.33,74.43,10.05708295
2008-05-22,8.37,81.68,8.9876588
2008-05-23,6.93,87.41,7.45418465
2008-05-24,8.47,82.28,9.057683800000001
2008-05-25,10.89,82.13,11.244808850000002
2008-05-26,14.83,95.82,14.822413300000001
2008-05-27,7.83,87.16,8.3010354
2008-05-28,7.21,78.4,8.076052
2008-05-29,9.48,72.14,10.2492146
2008-05-30,13.78,87.37,13.830014799999999
2008-05-31,15.92,86.11,15.8115191
2008-06-01,14.39,77.3,14.403733500000001
2008-06-02,17.25,72.85,16.839356249999998
2008-06-03,14.76,90.75,14.7467725
2008-06-04,13.7,93.73,13.727587999999999
2008-06-05,16.94,97.31,16.903900200000002
2008-06-06,18.99,94.21,18.84701595
2008-06-07,18.28,97.75,18.2332225
2008-06-08,18.61,97.6,18.555747999999998
2008-06-09,17.91,89.35,17.71025925
2008-06-10,15.81,81.13,15.67404165
2008-06-11,17.64,79.31,17.2826837
2008-06-12,17.6,87.32,17.383806
2008-06-13,18.2,90.05,17.9975175
2008-06-14,17.73,75.43,17.29351395
2008-06-15,18.84,80.7,18.379309
2008-06-16,17.28,84.37,17.0410173
2008-06-17,16.3,76.16,16.063984
2008-06-18,16.18,79.8,15.993352
2008-06-19,16.47,75.31,16.20248385
2008-06-20,18.92,70.59,18.205042900000002
2008-06-21,19.34,82.22,18.8666964
2008-06-22,18.81,77.24,18.2704742
2008-06-23,16.86,86.08,16.6793184
2008-06-24,17.82,78.22,17.4222972
2008-06-25,19.65,86.06,19.255149499999998
2008-06-26,22.39,83.34,21.6670393
2008-06-27,22.09,86.35,21.520180749999998
2008-06-28,21.64,82.21,20.9413867
2008-06-29,18.89,79.8,18.402271
2008-06-30,18.73,79.03,18.24213295
2008-07-01,19.77,70.58,18.9172613
2008-07-02,21.12,80.98,20.427481800000002
2008-07-03,17.52,83.46,17.245270599999998
2008-07-04,17.32,80.1,17.011351
2008-07-05,18.79,77.38,18.2562811
2008-07-06,20.56,74.7,19.716751
2008-07-07,22.33,88.3,21.826139499999996
2008-07-08,22.85,90.51,22.41417175
2008-07-09,21.26,79.65,20.503387
2008-07-10,21.53,82.16,20.8402164
2008-07-11,22.18,89,21.71536
2008-07-12,22.77,89.17,22.27739745
2008-07-13,20.41,75.26,19.6058263
2008-07-14,21.02,75.58,20.144298799999998
2008-07-15,23.23,74.52,22.0065778
2008-07-16,23.77,85.36,23.023579599999998
2008-07-17,23.76,83.27,22.907941100000002
2008-07-18,23.79,80.25,22.780873749999998
2008-07-19,22.86,89.48,22.3762904
2008-07-20,22.81,89.64,22.3364962
2008-07-21,22.99,85.07,22.29284365
2008-07-22,20.24,84.9,19.763292999999997
2008-07-23,20.37,78.47,19.67490395
2008-07-24,21.2,67.42,19.999426999999997
2008-07-25,21.65,79.21,20.832433249999998
2008-07-26,23.35,80.14,22.3833145
2008-07-27,22.42,73.75,21.27655
2008-07-28,23.3,84.01,22.526084
2008-07-29,23.81,84.25,23.00352125
2008-07-30,25.14,80.33,23.988911599999998
2008-07-31,24.56,76.56,23.2630648
2008-08-01,25.07,85.8,24.244483
2008-08-02,23.14,77.12,22.0527424
2008-08-03,23.12,70.12,21.7033892
2008-08-04,23.98,86.3,23.265681999999998
2008-08-05,25.24,90.39,24.6723373
2008-08-06,23.79,78.4,22.686348
2008-08-07,22.2,78.08,21.271687999999997
2008-08-08,21.5,69.23,20.315355
2008-08-09,21.31,74.52,20.3556466
2008-08-10,19.66,71.53,18.852021399999998
2008-08-11,19.75,75.45,19.04111875
2008-08-12,21.01,65.75,19.78367875
2008-08-13,21.1,74.31,20.167453000000002
2008-08-14,21.22,76.88,20.365484799999997
2008-08-15,20.82,72.68,19.8703568
2008-08-16,21.39,68.02,20.1781179
2008-08-17,22.23,73.58,21.1067537
2008-08-18,23.24,75.44,22.0594008
2008-08-19,22.35,80.9,21.525357500000002
2008-08-20,21.84,76.59,20.8949383
2008-08-21,21.87,79.73,21.04835555
2008-08-22,23.61,85.35,22.87596175
2008-08-23,24.28,86.68,23.5635172
2008-08-24,21.35,79.2,20.56636
2008-08-25,19.41,74.64,18.7251532
2008-08-26,19.92,68.85,18.9914185
2008-08-27,21,70.52,19.946089999999998
2008-08-28,22.39,78.15,21.441819250000002
2008-08-29,23.54,81.15,22.602778
2008-08-30,23.28,65.22,21.6004738
2008-08-31,24.41,63.28,22.4085764
2008-09-01,23.37,67.47,21.78302395
2008-09-02,24.74,66.45,22.850464
2008-09-03,22.73,83.81,21.99715965
2008-09-04,19.95,81.97,19.409550749999998
2008-09-05,19.11,86.39,18.76491845
2008-09-06,19.72,69.34,18.839751399999997
2008-09-07,18.96,70.01,18.2243453
2008-09-08,17.71,82.56,17.4020968
2008-09-09,15.86,74.22,15.667165599999999
2008-09-10,17.37,61.84,16.767644400000002
2008-09-11,19.42,72.47,18.6750382
2008-09-12,21.29,93.57,21.04987165
2008-09-13,22.02,95.32,21.8264352
2008-09-14,20.36,92.32,20.112473599999998
2008-09-15,16.36,84.99,16.2064477
2008-09-16,16.59,71.78,16.2656111
2008-09-17,18.25,83.61,17.91195625
2008-09-18,18.64,77.64,18.1308628
2008-09-19,18.31,82.04,17.9336482
2008-09-20,20.08,78.95,19.4339755
2008-09-21,20.49,84.02,19.9635389
2008-09-22,20.15,87.94,19.775235499999997
2008-09-23,20.06,83.66,19.560322799999998
2008-09-24,20.1,78.84,19.448272
2008-09-25,20.58,81.74,19.9693856
2008-09-26,19.1,82.81,18.665093000000002
2008-09-27,19.54,79.87,18.9819964
2008-09-28,18.75,83.23,18.35800125
2008-09-29,17.3,84.29,17.058066
2008-09-30,15.29,79.23,15.19975435
2008-10-01,13.58,78.57,13.6884358
2008-10-02,12.98,73.17,13.2042988
2008-10-03,13.4,76.86,13.539997
2008-10-04,11.99,70.02,12.4038739
2008-10-05,13.41,67.47,13.60501735
2008-10-06,15.83,77.07,15.66226705
2008-10-07,15.6,82.14,15.491947
2008-10-08,16.14,87.24,16.0249048
2008-10-09,15.11,71.03,15.012805649999999
2008-10-10,15.99,65.69,15.70882955
2008-10-11,16.63,77.42,16.3654753
2008-10-12,18.23,82.47,17.87037205
2008-10-13,18.41,80.13,17.98269565
2008-10-14,16.07,72.54,15.8328829
2008-10-15,14.63,76.88,14.6134692
2008-10-16,12.08,77.68,12.3770792
2008-10-17,11.89,73.13,12.27571885
2008-10-18,12.06,65.82,12.518695600000001
2008-10-19,12.08,71.39,12.460799100000001
2008-10-20,11.68,83.94,11.9290906
2008-10-21,10.72,74.76,11.2447396
2008-10-22,9.23,70.64,10.0809996
2008-10-23,10.57,65.94,11.306206900000001
2008-10-24,11.43,83.01,11.71687615
2008-10-25,9.38,85.41,9.7908544
2008-10-26,9.93,75.94,10.5347481
2008-10-27,6.04,78.59,7.036207300000001
2008-10-28,5.57,71.23,6.983038550000001
2008-10-29,6.29,70.59,7.618008550000001
2008-10-30,8.55,70.28,9.522587000000001
2008-10-31,11.85,84.5,12.0759125
2008-11-01,11.48,88.19,11.676164100000001
2008-11-02,11.46,84.17,11.724677600000001
2008-11-03,15.02,80.15,14.963229
2008-11-04,13.99,79.61,14.04719395
2008-11-05,13.37,79.27,13.49883695
2008-11-06,13.62,80.42,13.714767199999999
2008-11-07,9.1,83.03,9.604009
2008-11-08,4.93,86.45,5.64320425
2008-11-09,4.19,80.67,5.286107650000001
2008-11-10,1.33,73.96,3.216207400000002
2008-11-11,3.29,72.48,4.986745600000001
2008-11-12,6.58,90.45,6.995998
2008-11-13,9.32,89.36,9.623133600000001
2008-11-14,9.85,87.63,10.166362750000001
2008-11-15,6.36,78.37,7.328375100000001
2008-11-16,2.51,80.25,3.812413750000001
2008-11-17,1.64,75.25,3.3905675000000004
2008-11-18,0.72,74.17,2.6776557000000007
2008-11-19,2.46,69.81,4.4591818000000005
2008-11-20,1.72,75.05,3.473735500000001
2008-11-21,-1.9,72.3,0.5985400000000016
2008-11-22,-1.12,70.52,1.4126268000000008
2008-11-23,1,75.79,2.7975925000000004
2008-11-24,2.87,84.04,3.8908814000000005
2008-11-25,1.99,79.9,3.3729805000000006
2008-11-26,2.08,69.48,4.1648212000000004
2008-11-27,3.59,68.12,5.5029594
2008-11-28,2.46,81.51,3.6844078000000002
2008-11-29,2.78,76.53,4.2928762
2008-11-30,3.46,79.32,4.715689600000001
2008-12-01,1.17,86.87,2.1326259500000004
2008-12-02,-1.94,82.47,-0.3549373999999985
2008-12-03,2.22,84.98,3.234450800000001
2008-12-04,-3.41,85.47,-1.9787223499999989
2008-12-05,-6.56,92.09,-5.643784699999999
2008-12-06,-2.01,84.85,-0.6343042499999985
2008-12-07,-5.73,84.55,-4.010955749999999
2008-12-08,-1.94,83.06,-0.40828519999999835
2008-12-09,3.03,90.59,3.6236298500000004
2008-12-10,0.01,83.53,1.3225766500000011
2008-12-11,-1.8,86.35,-0.5762774999999982
2008-12-12,-5.28,89.15,-4.0996285
2008-12-13,-2.04,84.72,-0.6499783999999991
2008-12-14,3.56,86.11,4.395761300000001
2008-12-15,-4.87,87.32,-3.5191361999999975
2008-12-16,-7.56,82.76,-5.468270799999999
2008-12-17,-4.58,90.92,-3.627144799999998
2008-12-18,-6.54,89.53,-5.328411599999999
2008-12-19,-1.14,89.89,-0.27033779999999874
2008-12-20,-1.73,86.62,-0.5356342999999992
2008-12-21,-12.54,99.14,-12.412100799999996
2008-12-22,-13.37,100,-13.369999999999996
2008-12-23,-6.85,95.97,-6.376777249999997
2008-12-24,0.5,93.92,0.9681600000000004
2008-12-25,-9.18,98.11,-8.933846399999998
2008-12-26,-0.55,91.35,0.16600375000000223
2008-12-27,8.45,98.7,8.4932575
2008-12-28,1.27,82.35,2.554302250000001
2008-12-29,1.27,84.51,2.3971298500000002
2008-12-30,0.76,68.49,3.141210700000001
2008-12-31,-4.01,83.47,-2.3271633499999984
2009-01-01,-3.67,77.39,-1.4104696499999987
2009-01-02,-2.15,81.87,-0.48974524999999924
2009-01-03,-1.64,73.72,0.6928756000000009
2009-01-04,1.43,84.49,2.544936350000001
2009-01-05,-4.94,76.26,-2.4017192
2009-01-06,-1.93,73.04,0.5062404000000005
2009-01-07,-1.46,88.55,-0.4549189999999981
2009-01-08,-5.32,93.64,-4.6266963999999975
2009-01-09,-3.98,85.01,-2.4564163999999993
2009-01-10,-1.01,89.12,-0.08188159999999911
2009-01-11,-4.02,86.81,-2.676466599999998
2009-01-12,-5.39,92.84,-4.606731799999998
2009-01-13,-6.13,93.12,-5.349360799999998
2009-01-14,-10.55,94.72,-9.822548
2009-01-15,-15.23,99.67,-15.176040049999997
2009-01-16,-17.39,99.72,-17.3408894
2009-01-17,-9.36,95.58,-8.779963399999998
2009-01-18,-7.67,91.04,-6.5774624
2009-01-19,-6.58,92.16,-5.671030399999999
2009-01-20,-4.75,86.1,-3.2783374999999975
2009-01-21,-6.88,95.52,-6.353196799999997
2009-01-22,-4.04,96.78,-3.7116565999999978
2009-01-23,-1.53,91.47,-0.7779525499999993
2009-01-24,-9.74,90.91,-8.528121199999998
2009-01-25,-12.86,93.45,-11.874355999999997
2009-01-26,-10.11,79.81,-7.377182549999998
2009-01-27,-8.09,79.07,-5.489552149999996
2009-01-28,-6.07,87.86,-4.696541099999999
2009-01-29,-5.31,93.03,-4.550583649999997
2009-01-30,-8.6,90.61,-7.407000499999999
2009-01-31,-6.96,95.06,-6.3769317999999995
2009-02-01,-0.64,89.48,0.23600040000000122
2009-02-02,-4.59,90.6,-3.6030469999999983
2009-02-03,-8.96,90.5,-7.734214999999999
2009-02-04,-8.96,87.4,-7.3342220000000005
2009-02-05,-9.04,87.56,-7.429393199999998
2009-02-06,-3.41,95.09,-2.926340449999999
2009-02-07,5.54,94.85,5.793792000000002
2009-02-08,1.13,89.35,1.9131477500000011
2009-02-09,1.17,93.69,1.6326176500000011
2009-02-10,8.17,90.52,8.5000462
2009-02-11,5.6,97.58,5.718459
2009-02-12,1.55,82.33,2.8085457500000013
2009-02-13,-0.61,81.09,0.9615155500000011
2009-02-14,-0.73,84.87,0.5373644500000005
2009-02-15,-2.72,76.92,-0.5340931999999996
2009-02-16,-2.4,74.12,0.005546000000000273
2009-02-17,-0.18,80.77,1.3726302000000017
2009-02-18,1.63,93.04,2.122663600000001
2009-02-19,-5.42,79.25,-3.146629999999998
2009-02-20,-5.21,70.99,-2.0651709499999975
2009-02-21,-2.23,82.16,-0.5884523999999984
2009-02-22,-4.33,85.6,-2.8386639999999983
2009-02-23,-4.99,75.7,-2.385161499999999
2009-02-24,-2.35,76.69,-0.18974574999999883
2009-02-25,1.74,86.05,2.7190110000000014
2009-02-26,2.59,96.11,2.8448144500000003
2009-02-27,0.64,88.86,1.4892022000000014
2009-02-28,-4.06,77.69,-1.7825951999999985
2009-03-01,-4.08,82.53,-2.2947406999999984
2009-03-02,-5.81,80.58,-3.6406888999999985
2009-03-03,-4.3,71.4,-1.3427599999999988
2009-03-04,-0.74,70.95,1.694971000000001
2009-03-05,4.49,85.43,5.29215135
2009-03-06,8.36,90.22,8.6902706
2009-03-07,3.25,94.35,3.599593750000001
2009-03-08,3.26,96.34,3.486261200000001
2009-03-09,1.25,89.67,2.002798750000001
2009-03-10,5.27,97.44,5.3999584
2009-03-11,-1.35,77.15,0.6419487500000005
2009-03-12,-5.7,71.87,-2.5747569999999995
2009-03-13,-2.28,65.07,0.943689700000002
2009-03-14,1.7,70.9,3.74864
2009-03-15,3.1,74.21,4.717033000000002
2009-03-16,5.08,78.99,6.1685281000000005
2009-03-17,7.71,86.22,8.2246141
2009-03-18,6.27,85.68,6.9181948
2009-03-19,1.92,78.99,3.373681900000001
2009-03-20,-1.13,74.77,1.0388969500000012
2009-03-21,3.9,76.75,5.255475000000001
2009-03-22,5.89,80.89,6.79495405
2009-03-23,4.89,85.13,5.675953850000001
2009-03-24,7.22,80.89,7.9851644
2009-03-25,7.39,84.15,8.00981425
2009-03-26,5.11,84.5,5.910497500000001
2009-03-27,3.3,80.8,4.4827200000000005
2009-03-28,1.08,83.75,2.279412500000001
2009-03-29,1.75,90.42,2.421797500000001
2009-03-30,0.85,76.72,2.597746000000001
2009-03-31,4.92,87.28,5.5902168
2009-04-01,4.25,77.66,5.509417500000001
2009-04-02,4.89,85.56,5.6532262
2009-04-03,3.94,85.17,4.801326400000001
2009-04-04,3.19,81.12,4.364430400000001
2009-04-05,2.37,87.72,3.1892602000000014
2009-04-06,2.26,82.59,3.4320412000000005
2009-04-07,2.15,72.33,4.029484750000001
2009-04-08,3.57,72.75,5.208133750000001
2009-04-09,5.01,72.35,6.45319175
2009-04-10,3.51,81.93,4.60224115
2009-04-11,2.94,80.44,4.1836248000000005
2009-04-12,3.15,83.35,4.189376250000001
2009-04-13,3.54,83.94,4.508096800000001
2009-04-14,3.32,94.16,3.6791016000000014
2009-04-15,4.69,83.56,5.577020200000001
2009-04-16,5.41,78.87,6.466394350000001
2009-04-17,8.75,68.93,9.73258875
2009-04-18,11.09,69.79,11.65658855
2009-04-19,10.44,87.45,10.7202415
2009-04-20,6.24,90.04,6.6924828000000005
2009-04-21,4.49,88.48,5.1242336
2009-04-22,5.63,77.64,6.7208326000000005
2009-04-23,6.18,78.57,7.160636800000001
2009-04-24,12.35,89.05,12.47948375
2009-04-25,14.01,95.25,14.02280125
2009-04-26,10.3,95.7,10.39933
2009-04-27,13.3,94.25,13.337950000000001
2009-04-28,7.29,90.73,7.657601850000001
2009-04-29,7.21,91.23,7.5616331500000005
2009-04-30,9.98,98.93,10.006600200000001
2009-05-01,9.63,88.47,9.938831050000001
2009-05-02,8.76,72.62,9.6243866
2009-05-03,10.41,65.98,11.1752799
2009-05-04,11.13,65.22,11.774647300000002
2009-05-05,10.87,76.85,11.33218975
2009-05-06,10.84,87.3,11.095651
2009-05-07,12.2,87.91,12.352938499999999
2009-05-08,13.25,88,13.3325
2009-05-09,10.01,86.88,10.3339984
2009-05-10,8.3,84.44,8.830596000000002
2009-05-11,7.05,74.99,8.074784750000001
2009-05-12,9.14,71.19,9.989318800000001
2009-05-13,11.28,90.07,11.4558603
2009-05-14,12.49,81.59,12.69352255
2009-05-15,11.56,84.62,11.8086946
2009-05-16,10.89,80.96,11.2680392
2009-05-17,7.88,68.1,9.041479
2009-05-18,9.14,68.3,10.074516000000001
2009-05-19,12.1,75.06,12.429208
2009-05-20,14.14,77.69,14.1841738
2009-05-21,15.6,76.39,15.4571595
2009-05-22,11.69,87.43,11.88426935
2009-05-23,13.49,88.97,13.55127165
2009-05-24,10.45,87.47,10.729105749999999
2009-05-25,10.88,81.64,11.245547600000002
2009-05-26,13.2,90.47,13.2681395
2009-05-27,16.62,93.84,16.5481744
2009-05-28,12.62,90.19,12.721435399999999
2009-05-29,13.05,86.21,13.15997525
2009-05-30,12.91,78.75,13.09583125
2009-05-31,11.7,72.2,12.12812
2009-06-01,14.2,89.04,14.218084
2009-06-02,8.27,91.18,8.5722173
2009-06-03,8.77,80.49,9.38485765
2009-06-04,9.27,77.01,9.931307349999999
2009-06-05,12.86,68.55,13.143678999999999
2009-06-06,11.76,89.33,11.920796900000001
2009-06-07,14.59,91,14.585545
2009-06-08,13.64,95.85,13.659629500000001
2009-06-09,13.18,88.47,13.2637078
2009-06-10,10.1,91.93,10.295294
2009-06-11,10.64,94.59,10.754854300000002
2009-06-12,12.57,85.53,12.72359905
2009-06-13,12.3,87.32,12.453428
2009-06-14,14.58,87.68,14.5745792
2009-06-15,16.46,81.94,16.2653132
2009-06-16,16.65,83.57,16.455715249999997
2009-06-17,16.2,94.19,16.1456765
2009-06-18,16.55,90.5,16.4428875
2009-06-19,20.46,97.86,20.3898508
2009-06-20,20.05,88.06,19.6855315
2009-06-21,20.44,81.18,19.8251506
2009-06-22,20.54,84.12,20.012466399999997
2009-06-23,24.06,78.4,22.924272
2009-06-24,25.24,74.42,23.7289894
2009-06-25,25.16,74.81,23.6831103
2009-06-26,22.27,82,21.50077
2009-06-27,21.44,78.6,20.623162
2009-06-28,21.63,77.18,20.7351137
2009-06-29,19.35,75.92,18.707666
2009-06-30,17.72,82.29,17.406355899999998
2009-07-01,16.41,83.24,16.2339362
2009-07-02,17.55,83.96,17.280929
2009-07-03,19.04,83.52,18.628494399999997
2009-07-04,18.38,90.7,18.181538
2009-07-05,19.41,83.28,18.9584764
2009-07-06,20.82,74.02,19.9169352
2009-07-07,19.78,76.72,19.1039488
2009-07-08,18.32,77.3,17.843073
2009-07-09,19.21,81.87,18.74034235
2009-07-10,20.79,86.3,20.316048499999997
2009-07-11,21.98,83.59,21.3048926
2009-07-12,20.42,70.53,19.460456800000003
2009-07-13,20.67,70.31,19.66246985
2009-07-14,19.77,66.03,18.78537955
2009-07-15,21.8,78.51,20.9371765
2009-07-16,21.02,77.17,20.2013162
2009-07-17,18.83,76.55,18.27153825
2009-07-18,17.81,78.43,17.41731815
2009-07-19,18.1,76.82,17.641036
2009-07-20,18.85,78.17,18.327717250000003
2009-07-21,20.37,75.92,19.5925772
2009-07-22,20.9,81.12,20.235424
2009-07-23,20.12,84.76,19.6489316
2009-07-24,21.17,76.92,20.3233102
2009-07-25,21.66,80.12,20.8771256
2009-07-26,20.59,80.44,19.9348378
2009-07-27,21.64,81.09,20.8974043
2009-07-28,22.69,80.34,21.804415300000002
2009-07-29,21.21,74.2,20.257851000000002
2009-07-30,20.76,70.68,19.7505124
2009-07-31,20.71,77.87,19.95414985
2009-08-01,20.22,80.85,19.617541
2009-08-02,19.37,76.86,18.7501951
2009-08-03,21.39,76.6,20.503257
2009-08-04,23.01,81.47,22.14270335
2009-08-05,20.47,77.54,19.7325259
2009-08-06,20.61,68.92,19.5655566
2009-08-07,20.45,78.29,19.739540249999997
2009-08-08,22.26,87.64,21.7324752
2009-08-09,25.2,85.83,24.3660955
2009-08-10,24.26,86.68,23.544982400000002
2009-08-11,22.29,85.77,21.680315649999997
2009-08-12,20.61,78.69,19.893877449999998
2009-08-13,22.48,65.72,20.9754508
2009-08-14,23.82,72.23,22.3965098
2009-08-15,24.15,75.47,22.84807025
2009-08-16,24.46,85.63,23.6728114
2009-08-17,23.71,92.06,23.3077993
2009-08-18,23.51,80.1,22.5238555
2009-08-19,22.19,71.29,20.975710550000002
2009-08-20,22.76,85.34,22.0939962
2009-08-21,20.39,81.66,19.7958757
2009-08-22,17.7,79.86,17.345536
2009-08-23,17.75,79.06,17.3756975
2009-08-24,19.33,78.97,18.771338049999997
2009-08-25,21.23,81.37,20.54041055
2009-08-26,20.71,89.63,20.35581265
2009-08-27,19.03,88.72,18.7489588
2009-08-28,18.65,89.53,18.41102225
2009-08-29,17.26,82.08,16.987974400000002
2009-08-30,16.1,77.38,15.900944
2009-08-31,15.71,67.91,15.496441050000001
2009-09-01,17.2,59.78,16.602733
2009-09-02,17.96,68.87,17.3675961
2009-09-03,18.46,81.21,18.0507538
2009-09-04,18.64,83.66,18.2679382
2009-09-05,19.2,82.76,18.754345999999998
2009-09-06,19.39,85.42,18.9978709
2009-09-07,19.53,87.83,19.19331695
2009-09-08,19.53,89.77,19.24698705
2009-09-09,19.92,91.21,19.6579701
2009-09-10,20.39,87.78,19.9941331
2009-09-11,20.58,82.47,19.9937968
2009-09-12,19.96,85.45,19.5230635
2009-09-13,19.95,74.9,19.1976275
2009-09-14,21.02,66.82,19.8301652
2009-09-15,21.16,78.32,20.3658616
2009-09-16,18.93,76.96,18.3686304
2009-09-17,17.51,70.89,17.028083950000003
2009-09-18,18.06,68.51,17.4434258
2009-09-19,18.74,81.11,18.2994852
2009-09-20,18.19,76.4,17.711038000000002
2009-09-21,19.35,89.53,19.070712750000002
2009-09-22,20.32,90.22,20.0069422
2009-09-23,19.8,91.37,19.5484355
2009-09-24,19.22,88.35,18.917565999999997
2009-09-25,18.89,76.86,18.3312847
2009-09-26,17.45,82.41,17.164602249999998
2009-09-27,17.76,82.06,17.4383358
2009-09-28,15.47,69.06,15.3049351
2009-09-29,12.62,74.65,12.882119
2009-09-30,12.91,71.21,13.16176855
2009-10-01,12.28,71.2,12.631648
2009-10-02,12.46,84.71,12.6315538
2009-10-03,11.42,84.87,11.6763022
2009-10-04,11.66,81.61,11.9472518
2009-10-05,12.22,74.48,12.5400208
2009-10-06,13.46,83.27,13.5556956
2009-10-07,11.79,72.78,12.1957141
2009-10-08,11.7,84.48,11.939008
2009-10-09,11.13,87.28,11.3657652
2009-10-10,8.06,72.88,9.020590400000001
2009-10-11,5.07,61.48,7.067839800000002
2009-10-12,7.96,67.5,9.129025
2009-10-13,7.29,77.85,8.16835825
2009-10-14,8.28,75.25,9.1266975
2009-10-15,7.13,84.49,7.758697850000001
2009-10-16,6.62,78.13,7.567845800000001
2009-10-17,7.13,76.23,8.09351695
2009-10-18,7.87,70.41,8.948999350000001
2009-10-19,10.68,76.92,11.1649108
2009-10-20,12.86,86.03,12.9860094
2009-10-21,13.88,87.66,13.922079400000001
2009-10-22,11.4,89.26,11.583117000000001
2009-10-23,11.79,92.81,11.897166949999999
2009-10-24,7.67,82.78,8.3168693
2009-10-25,9.95,81.73,10.40720675
2009-10-26,10.84,91.47,11.0117089
2009-10-27,9.31,90.6,9.578323000000001
2009-10-28,10.81,90.22,11.008485100000001
2009-10-29,11.73,88.22,11.9094683
2009-10-30,14.01,92.2,14.031020999999999
2009-10-31,7.87,75.6,8.759746
2009-11-01,7.43,63.37,8.85435755
2009-11-02,9.09,78.61,9.72645945
2009-11-03,6.09,68.69,7.53824405
2009-11-04,7.11,71.27,8.277730850000001
2009-11-05,7.57,75.8,8.492383
2009-11-06,9.06,71.8,9.903744000000001
2009-11-07,12.16,82.93,12.3796909
2009-11-08,12.97,91.17,13.04430445
2009-11-09,12.94,91.78,13.0105276
2009-11-10,10.12,88.34,10.4008894
2009-11-11,8.28,79.51,8.9809629
2009-11-12,7.45,72.23,8.526781750000001
2009-11-13,8.07,80.88,8.746178800000001
2009-11-14,10.59,90.96,10.7844052
2009-11-15,8.73,83.05,9.267908250000001
2009-11-16,7.48,76.12,8.4020068
2009-11-17,7.78,74.8,8.711392
2009-11-18,8.31,85.58,8.8009289
2009-11-19,6.89,88.8,7.358776000000001
2009-11-20,7.27,89,7.707415
2009-11-21,8.23,84.86,8.7521029
2009-11-22,7.77,90.51,8.12127235
2009-11-23,7.41,93.51,7.663077550000001
2009-11-24,7.99,94.05,8.20303975
2009-11-25,8.01,92.09,8.29234745
2009-11-26,4.71,89.77,5.260834350000001
2009-11-27,2.33,75.48,3.9712462000000004
2009-11-28,4.71,83.33,5.607596150000001
2009-11-29,5.97,94.43,6.231316550000001
2009-11-30,3.78,77.28,5.119571200000001
2009-12-01,5.15,86.45,5.846808750000001
2009-12-02,5.35,89.39,5.88394825
2009-12-03,3.51,80.95,4.661477250000001
2009-12-04,-0.99,84.17,0.358636850000001
2009-12-05,-1.37,74.59,0.8479118500000014
2009-12-06,0.89,79.34,2.4365043000000006
2009-12-07,0.68,81.3,2.1013870000000017
2009-12-08,0.97,83.33,2.210498050000001
2009-12-09,1.55,93.81,1.9908827500000013
2009-12-10,-9.19,99.37,-9.10791415
2009-12-11,-6.5,94.26,-5.837029999999998
2009-12-12,-1.34,87.36,-0.23880319999999888
2009-12-13,2.26,90.33,2.910984400000001
2009-12-14,2.85,90.64,3.449742000000001
2009-12-15,-3.07,88.26,-1.9355050999999985
2009-12-16,-7.41,87.58,-5.913327899999998
2009-12-17,-1.27,77.92,0.6451088000000007
2009-12-18,2.12,89.46,2.8376686000000015
2009-12-19,1.6,92.07,2.162633500000001
2009-12-20,0.17,86.08,1.267104800000001
2009-12-21,-1.64,87.07,-0.49220389999999825
2009-12-22,-0.03,86.51,1.0480533500000009
2009-12-23,0.58,85.56,1.6855264000000005
2009-12-24,1.16,89.69,1.916444700000001
2009-12-25,3.08,93.14,3.5108766000000005
2009-12-26,-2.22,84.24,-0.7707103999999987
2009-12-27,-3.77,90.38,-2.8033342999999977
2009-12-28,-3.89,89.81,-2.859332449999999
2009-12-29,-4.27,79.58,-2.1619412999999983
2009-12-30,-2.03,86.99,-0.8471958499999983
2009-12-31,-0.8,89.54,0.08020900000000042
2010-01-01,-6.47,92.31,-5.583073849999998
2010-01-02,-8.04,95.27,-7.453621899999996
2010-01-03,-6.91,95.7,-6.403653499999999
2010-01-04,-5.69,96.03,-5.249151349999999
2010-01-05,-3.97,90.07,-2.961260949999998
2010-01-06,-4.57,91.06,-3.6323280999999996
2010-01-07,-5.36,92.26,-4.514559800000001
2010-01-08,-2.49,86.44,-1.2228857999999985
2010-01-09,-4.36,86.39,-2.9482346999999995
2010-01-10,-8.59,96.35,-8.126468249999999
2010-01-11,-4.52,95.28,-4.026240799999997
2010-01-12,-0.67,82.4,0.7984560000000008
2010-01-13,-2.14,93.96,-1.5872191999999978
2010-01-14,1.7,93.4,2.16464
2010-01-15,0.51,86.35,1.5602992500000017
2010-01-16,-1.81,90.02,-0.9147440999999984
2010-01-17,-1.77,89.4,-0.8214589999999997
2010-01-18,-1.78,93.61,-1.2078393999999983
2010-01-19,-0.72,83.31,0.6771199000000012
2010-01-20,-0.11,78.01,1.6570064500000001
2010-01-21,0.54,81.83,1.9350926000000017
2010-01-22,1.47,89.27,2.238965450000001
2010-01-23,2.63,94.68,2.9773162000000006
2010-01-24,4.26,95.18,4.5314624000000006
2010-01-25,0.11,85.09,1.290051950000001
2010-01-26,-3.76,84.64,-2.217395199999999
2010-01-27,-6.87,92.94,-6.0402029
2010-01-28,-7.76,85.46,-5.979867799999997
2010-01-29,-8.89,84.02,-6.834252899999999
2010-01-30,-5.49,78.72,-3.150370399999998
2010-01-31,-4.11,78.79,-1.9390504500000003
2010-02-01,-3.23,70.81,-0.3835371499999991
2010-02-02,-0.47,85.82,0.6975103000000018
2010-02-03,-1.75,87.49,-0.6319187499999981
2010-02-04,-1.4,82.01,0.17322550000000114
2010-02-05,0.31,86.23,1.3846796500000007
2010-02-06,-1.6,80.14,0.15860300000000094
2010-02-07,-2.7,77.25,-0.5478499999999995
2010-02-08,-2.72,78.81,-0.7130950999999994
2010-02-09,-2.01,85.04,-0.6515571999999996
2010-02-10,-1.81,84.82,-0.44827809999999824
2010-02-11,-3.1,83.96,-1.5473279999999976
2010-02-12,-3.38,80.99,-1.510556599999998
2010-02-13,-3.65,83.89,-2.041819249999999
2010-02-14,-4.06,86.27,-2.658441599999998
2010-02-15,-3.13,81.63,-1.3487529499999982
2010-02-16,-1.73,84.88,-0.380313199999998
2010-02-17,-0.78,82,0.7327200000000011
2010-02-18,0.14,84.87,1.3349674000000005
2010-02-19,-0.82,83.19,0.596410600000001
2010-02-20,1.05,78.1,2.6700525000000015
2010-02-21,1.6,95.78,1.8994090000000008
2010-02-22,0.65,92.1,1.2517825000000014
2010-02-23,0.06,83.3,1.3863140000000014
2010-02-24,-2.25,88.63,-1.202538749999998
2010-02-25,-1.45,80.73,0.2404607500000009
2010-02-26,-2.48,82.13,-0.8111206999999978
2010-02-27,0.09,86.59,1.152809550000001
2010-02-28,0.98,90.75,1.6678300000000008
2010-03-01,0.56,88.29,1.4578057000000006
2010-03-02,0.14,84.02,1.402100400000001
2010-03-03,0.85,77.68,2.5256740000000004
2010-03-04,1.09,76.96,2.7893152000000017
2010-03-05,0.43,80.59,1.9320428500000006
2010-03-06,1.48,74.43,3.3110676999999997
2010-03-07,2.44,81.61,3.659808700000001
2010-03-08,3.4,92.14,3.879853000000001
2010-03-09,3.9,93.77,4.263209000000001
2010-03-10,7.61,92.46,7.895728300000001
2010-03-11,7.82,95.8,7.9743080000000015
2010-03-12,5.36,95.79,5.571636700000001
2010-03-13,5.42,96.76,5.5818056
2010-03-14,3.92,92.39,4.362825900000001
2010-03-15,3.72,91.82,4.204992200000001
2010-03-16,5.22,82.37,6.1198352
2010-03-17,5.77,69.5,7.2344575
2010-03-18,6.54,73.48,7.7010456000000005
2010-03-19,7.62,84.9,8.191384
2010-03-20,2.23,89.15,2.9622122500000003
2010-03-21,1.91,83.44,3.0566972000000012
2010-03-22,3.45,79.09,4.720805250000001
2010-03-23,4.86,72.5,6.318050000000001
2010-03-24,4.49,71.35,6.067325750000001
2010-03-25,3.6,82.28,4.662314
2010-03-26,-0.45,65.51,2.3859402500000004
2010-03-27,2.57,74.6,4.236621000000001
2010-03-28,4.41,87.17,5.122000850000001
2010-03-29,2.62,84.48,3.6340768000000008
2010-03-30,4.57,82.26,5.5388701000000005
2010-03-31,9.57,82.33,10.049122050000001
2010-04-01,12.33,88.6,12.466059
2010-04-02,13.04,85.35,13.1576395
2010-04-03,10.01,83.17,10.42561685
2010-04-04,9.4,78.57,10.0011115
2010-04-05,10.92,84.64,11.2224384
2010-04-06,11.88,92.94,11.981734600000001
2010-04-07,9.97,96.84,10.048731400000001
2010-04-08,4.06,87.61,4.7714338000000005
2010-04-09,4.21,74.63,5.645815150000001
2010-04-10,8.63,70.98,9.566910700000001
2010-04-11,8.4,81.64,9.015978
2010-04-12,8,77.45,8.806162500000001
2010-04-13,8.78,83.69,9.2931126
2010-04-14,11.34,80.07,11.6863834
2010-04-15,14.17,75.82,14.2138867
2010-04-16,12.15,81.05,12.39492875
2010-04-17,6.53,68.31,7.91913115
2010-04-18,4.75,75.72,6.052015000000001
2010-04-19,5,86.78,5.690745000000001
2010-04-20,6.49,80.73,7.338939850000001
2010-04-21,6.41,82.23,7.2006761500000005
2010-04-22,5.51,85.93,6.20569115
2010-04-23,7.53,84.59,8.12074235
2010-04-24,9.82,95.66,9.9317116
2010-04-25,9.1,98.09,9.156727
2010-04-26,7.34,84.59,7.9468458
2010-04-27,5.8,74.12,7.038358
2010-04-28,7.2,63.22,8.676717
2010-04-29,10.18,72.5,10.8334
2010-04-30,14.25,85.87,14.26942875
2010-05-01,14.21,85.08,14.2337974
2010-05-02,13.05,85.27,13.16747175
2010-05-03,12.64,78.9,12.855853
2010-05-04,12.62,74.77,12.8808782
2010-05-05,12.97,74.89,13.18130065
2010-05-06,9.41,78.67,10.00713335
2010-05-07,8.29,91.18,8.5912471
2010-05-08,7.54,80.47,8.2876084
2010-05-09,6.9,74.04,7.9851280000000004
2010-05-10,7.33,65.91,8.674339150000002
2010-05-11,7.4,86.92,7.910774000000001
2010-05-12,6.48,94.41,6.726574900000002
2010-05-13,11.14,95.64,11.220572800000001
2010-05-14,10.89,81.88,11.2497726
2010-05-15,9.22,87.33,9.587936800000001
2010-05-16,9.08,85.46,9.5134374
2010-05-17,9.02,87.03,9.4109158
2010-05-18,9.57,83.91,10.00628035
2010-05-19,11.18,79.04,11.562729599999999
2010-05-20,13.2,71.36,13.404776
2010-05-21,13.58,92.01,13.6204294
2010-05-22,12.8,91.65,12.8780725
2010-05-23,16.84,88.49,16.6918663
2010-05-24,19.91,87.93,19.55085715
2010-05-25,19.26,82.88,18.8117984
2010-05-26,19.66,77.96,19.0345048
2010-05-27,15.03,87.82,14.994495299999999
2010-05-28,14.95,78.3,14.8962925
2010-05-29,17.33,85.63,17.106330949999997
2010-05-30,19.99,76.8,19.289475999999997
2010-05-31,20.27,88.49,19.90473015
2010-06-01,18.72,79.35,18.2407135
2010-06-02,19.44,86.5,19.073205
2010-06-03,14.8,85.54,14.776141
2010-06-04,17.4,80.12,17.082914
2010-06-05,20.01,93.32,19.8075626
2010-06-06,17.22,86.13,17.0125048
2010-06-07,14.88,83.42,14.8453478
2010-06-08,14.8,85.68,14.776372
2010-06-09,19.14,83.01,18.7064152
2010-06-10,17.09,82.14,16.8355843
2010-06-11,18.72,87.58,18.431731799999998
2010-06-12,18.88,95.37,18.768463299999997
2010-06-13,15.84,92.14,15.782071799999999
2010-06-14,16.4,93.42,16.331239
2010-06-15,19.09,91.24,18.8688538
2010-06-16,21.13,84.76,20.5742734
2010-06-17,20.94,84.18,20.3796556
2010-06-18,22.46,84.91,21.7993598
2010-06-19,22.48,84.88,21.8163832
2010-06-20,19.77,85.81,19.35870285
2010-06-21,20.68,85.31,20.180686899999998
2010-06-22,23.47,86.38,22.798057299999996
2010-06-23,23.08,93.35,22.766186499999996
2010-06-24,21.1,87.13,20.632819
2010-06-25,20.91,80.37,20.21794435
2010-06-26,22.72,85.16,22.0490836
2010-06-27,23.24,91.77,22.844383899999997
2010-06-28,22.73,82.79,21.95098935
2010-06-29,19.22,73.19,18.5240124
2010-06-30,18.61,68.84,17.9056282
2010-07-01,18.93,62.78,18.0231347
2010-07-02,20.48,71.75,19.5508575
2010-07-03,21.41,73.72,20.4112286
2010-07-04,23.48,80.53,22.5183767
2010-07-05,25.2,82.12,24.147762
2010-07-06,24.79,79.31,23.61904945
2010-07-07,25.43,84.14,24.4765761
2010-07-08,24.74,87.26,24.0224832
2010-07-09,24.43,83.1,23.5070065
2010-07-10,24.85,71.41,23.22251425
2010-07-11,24.52,77.44,23.2767184
2010-07-12,23.47,81.24,22.5444754
2010-07-13,23.17,81.98,22.310716300000003
2010-07-14,24.99,82.04,23.953797799999997
2010-07-15,26.2,85.94,25.295239
2010-07-16,25.11,73.39,23.55717345
2010-07-17,25.7,77.43,24.309687999999998
2010-07-18,26.12,77.75,24.6980025
2010-07-19,24.89,79.97,23.74538565
2010-07-20,24.55,86.84,23.822581
2010-07-21,25.69,80.9,24.5144905
2010-07-22,25.89,77.05,24.45229725
2010-07-23,26.91,87.72,26.0718286
2010-07-24,25.61,94.07,25.247647349999998
2010-07-25,23.17,81.87,22.30547095
2010-07-26,23.46,74.48,22.2023744
2010-07-27,24.55,77.99,23.33339725
2010-07-28,25.81,87.45,25.029327249999998
2010-07-29,23.9,77.39,22.731063
2010-07-30,23.43,64.92,21.7070458
2010-07-31,22.41,83.79,21.70478395
2010-08-01,23.56,76.05,22.3665715
2010-08-02,23.93,80.98,22.9435277
2010-08-03,24.71,87.67,24.01760885
2010-08-04,25.84,89.27,25.1707699
2010-08-05,24.32,83.04,23.4039904
2010-08-06,22.85,75.15,21.70876375
2010-08-07,23.19,77.81,22.12942895
2010-08-08,24.43,82.85,23.49335275
2010-08-09,25.16,87.36,24.418916799999998
2010-08-10,25.69,86.52,24.8603734
2010-08-11,26.53,84.84,25.5269386
2010-08-12,26.55,86.39,25.64799725
2010-08-13,26.78,82.67,25.6095318
2010-08-14,26.44,84.86,25.4457562
2010-08-15,25.59,77.81,24.23652095
2010-08-16,22.39,72.27,21.18665665
2010-08-17,22.47,74.98,21.3732483
2010-08-18,22.59,73.34,21.4037633
2010-08-19,24.39,76.02,23.0856079
2010-08-20,25.94,79.66,24.6602072
2010-08-21,24.58,84.21,23.7046024
2010-08-22,22.97,84.18,22.233025299999998
2010-08-23,22.47,81.71,21.66825785
2010-08-24,22.95,79.99,22.02003525
2010-08-25,22.43,68.69,21.06441435
2010-08-26,21.39,64.07,20.02843265
2010-08-27,21.67,69.86,20.4814291
2010-08-28,22.74,68.19,21.298370799999997
2010-08-29,24.5,74.34,23.0887
2010-08-30,25.35,77.37,23.99955475
2010-08-31,25.59,78.72,24.292026399999997
2010-09-01,24.23,86.49,23.50701235
2010-09-02,23.66,90.75,23.193984999999998
2010-09-03,19.52,80.62,18.9849182
2010-09-04,16.17,72.58,15.918147300000001
2010-09-05,18.02,65.83,17.3584688
2010-09-06,21.22,70.11,20.115265599999997
2010-09-07,20.98,65.69,19.7571916
2010-09-08,17.21,70.29,16.76717245
2010-09-09,16.77,71.84,16.4184224
2010-09-10,17.89,70.85,17.34649825
2010-09-11,18.85,79,18.347575000000003
2010-09-12,19.37,75.26,18.707339100000002
2010-09-13,20.79,75.97,19.958682149999998
2010-09-14,19.31,68.15,18.46740825
2010-09-15,19.49,69.64,18.6567698
2010-09-16,19.46,84.24,19.0300672
2010-09-17,17.99,69.02,17.3953389
2010-09-18,17.96,83.61,17.6480983
2010-09-19,16.61,79.67,16.37407035
2010-09-20,19.14,77.73,18.5716696
2010-09-21,23.09,78.95,22.09549275
2010-09-22,20.06,87.4,19.674692
2010-09-23,21.91,81.91,21.17274205
2010-09-24,21.59,68.22,20.3507389
2010-09-25,14.67,74.45,14.64611075
2010-09-26,14.02,74.69,14.0868184
2010-09-27,14.26,72.67,14.2960756
2010-09-28,15.66,68.03,15.4560314
2010-09-29,17.47,72.93,17.02781155
2010-09-30,17.95,76.09,17.49630775
2010-10-01,16.8,69.6,16.41544
2010-10-02,13.62,80.38,13.7149608
2010-10-03,11.64,71.66,12.085788200000001
2010-10-04,11.63,67.02,12.1505893
2010-10-05,13.66,57.79,13.8550102
2010-10-06,15.77,67.46,15.542708099999999
2010-10-07,16.6,73.43,16.2931165
2010-10-08,16.83,69.52,16.4393988
2010-10-09,18.71,69.93,18.01372915
2010-10-10,19.78,71.36,18.9482944
2010-10-11,19.9,68.7,18.97039
2010-10-12,16.8,89.01,16.6609765
2010-10-13,16.18,81.17,16.0060108
2010-10-14,14.1,65.28,14.176384
2010-10-15,13.55,71.09,13.70105475
2010-10-16,13.9,71.12,13.995304
2010-10-17,14.4,66.09,14.4186505
2010-10-18,12.38,67.59,12.757900600000001
2010-10-19,12,61.97,12.5229125
2010-10-20,12.79,70.49,13.06754155
2010-10-21,11.52,68.76,12.0320236
2010-10-22,11.58,56.4,12.280216
2010-10-23,14.29,70.83,14.323691349999999
2010-10-24,15.99,74.95,15.78471525
2010-10-25,16.62,87.11,16.4697026
2010-10-26,16.41,77.08,16.1692254
2010-10-27,13.37,58.61,13.62723885
2010-10-28,8.09,69.64,9.160341800000001
2010-10-29,6.15,69.37,7.55668275
2010-10-30,9.42,68.67,10.295360200000001
2010-10-31,9.14,70.97,9.9958044
2010-11-01,8.14,72.01,9.1190902
2010-11-02,8.12,66.06,9.310954599999999
2010-11-03,8.03,71.66,9.0384789
2010-11-04,8.46,83.64,9.003479200000001
2010-11-05,5.27,72.84,6.6487774
2010-11-06,4.51,67.54,6.2935147
2010-11-07,7.4,68.21,8.6413995
2010-11-08,10.25,78.74,10.7469525
2010-11-09,11.19,74.64,11.6516788
2010-11-10,11.58,77.02,11.9490588
2010-11-11,11.81,79.07,12.119659350000001
2010-11-12,11.36,90.16,11.5299368
2010-11-13,10.18,86.78,10.4941072
2010-11-14,5.85,77.38,6.926146500000001
2010-11-15,6.6,81.36,7.409908
2010-11-16,6.8,77.4,7.75711
2010-11-17,6.99,84.55,7.628162250000001
2010-11-18,4.92,77.32,6.115009200000001
2010-11-19,4.86,73.99,6.239050200000001
2010-11-20,5.91,76.32,7.028761600000001
2010-11-21,8.34,87.11,8.7767132
2010-11-22,13.83,91.53,13.86121195
2010-11-23,3.23,75.7,4.7362355
2010-11-24,2.29,78.56,3.729803200000001
2010-11-25,4.1,84.61,4.980308000000001
2010-11-26,-1.5,71.2,1.0344000000000007
2010-11-27,-0.3,76.16,1.6405760000000011
2010-11-28,2.25,71.37,4.17894625
2010-11-29,5.24,83.23,6.094096100000001
2010-11-30,5.37,88.34,5.9555069000000005
2010-12-01,-1.48,81.95,0.10641450000000097
2010-12-02,-1.08,76.33,0.9482823000000007
2010-12-03,-0.26,75.77,1.706991400000001
2010-12-04,1.02,82.25,2.335985000000001
2010-12-05,-0.12,82.61,1.2783299000000015
2010-12-06,-4.19,90.97,-3.261761149999999
2010-12-07,-3.84,84.97,-2.323923899999998
2010-12-08,-3.86,84.31,-2.2756237999999986
2010-12-09,-2.84,78.98,-0.8353225999999991
2010-12-10,0.65,89.22,1.471166500000001
2010-12-11,2.63,96.17,2.8800415500000014
2010-12-12,-0.54,91.25,0.18380000000000118
2010-12-13,-5.58,95.54,-5.0874375999999994
2010-12-14,-5.88,91.2,-4.893607999999998
2010-12-15,-5.83,70.93,-2.5795379499999993
2010-12-16,-1.84,65.33,1.2757929000000006
2010-12-17,-3.86,85.28,-2.373574399999998
2010-12-18,-6.03,95.07,-5.473329049999998
2010-12-19,-5.68,93.38,-4.945246199999999
2010-12-20,-4.14,83.87,-2.4863523999999986
2010-12-21,-0.19,91.07,0.5314993500000018
2010-12-22,-0.27,87.82,0.7194423000000015
2010-12-23,-0.49,83.2,0.8950760000000006
2010-12-24,0.21,83.48,1.5083894000000007
2010-12-25,0.32,83.64,1.5959164000000008
2010-12-26,0.47,82.52,1.8188442000000016
2010-12-27,-2.88,88.53,-1.7835826999999989
2010-12-28,-5.31,97.82,-5.072478099999996
2010-12-29,-1.47,95.59,-1.0826476499999995
2010-12-30,3.13,94.74,3.4589341000000013
2010-12-31,6.49,96.48,6.645073600000001
2011-01-01,0.42,78.26,2.103545600000001
2011-01-02,-5.86,78.66,-3.470346799999999
2011-01-03,-1.65,79.14,0.20288950000000083
2011-01-04,-1.82,83.46,-0.3353695999999984
2011-01-05,-5.29,84.22,-3.572425899999998
2011-01-06,-2.35,81.58,-0.6429264999999988
2011-01-07,-5.62,77.83,-3.1666677999999986
2011-01-08,-6,87.45,-4.584987499999999
2011-01-09,-3.38,77.95,-1.2116029999999984
2011-01-10,-1.83,67.54,1.0853948999999998
2011-01-11,-2.51,83.92,-1.0056355999999986
2011-01-12,-2.02,86.63,-0.8052017999999987
2011-01-13,-3.14,77.52,-0.9589903999999985
2011-01-14,-4.72,88.35,-3.4884784999999976
2011-01-15,-3.37,85.9,-1.984181499999999
2011-01-16,-5.03,76.54,-2.5100440999999996
2011-01-17,-3.35,85.56,-1.932352999999999
2011-01-18,0.49,91.9,1.1141455000000011
2011-01-19,-3.1,84.39,-1.5889519999999988
2011-01-20,-5.84,84.76,-4.1351011999999985
2011-01-21,-11.11,91.25,-9.877518749999997
2011-01-22,-9.41,94.53,-8.69066765
2011-01-23,-6.9,87.12,-5.384023999999999
2011-01-24,-4,89.96,-2.978429999999998
2011-01-25,-2.58,89.61,-1.6039633999999992
2011-01-26,-2.13,85.66,-0.8183918999999982
2011-01-27,-4.32,92.66,-3.560236599999998
2011-01-28,-2.21,84.93,-0.8249916499999992
2011-01-29,-0.56,86.81,0.5325277000000013
2011-01-30,-0.36,78.66,1.3841182000000014
2011-01-31,-3.1,81.58,-1.3169439999999988
2011-02-01,-3.84,88.81,-2.7112646999999983
2011-02-02,-3.82,87.05,-2.515157999999998
2011-02-03,-9.57,94.68,-8.865711799999998
2011-02-04,-8.16,95.23,-7.5655149
2011-02-05,-5.73,95.43,-5.22151895
2011-02-06,-1.8,93.37,-1.2056204999999987
2011-02-07,-1.56,84.42,-0.1838185999999995
2011-02-08,-6.53,88.84,-5.239178599999999
2011-02-09,-11.39,99.62,-11.3358899
2011-02-10,-12.84,98.77,-12.655044899999996
2011-02-11,-5.77,94.83,-5.193622549999998
2011-02-12,-1.6,93.43,-1.0182264999999995
2011-02-13,0.31,93,0.8563150000000013
2011-02-14,1.77,86.13,2.741108050000001
2011-02-15,-1.4,84.58,-0.05152099999999815
2011-02-16,2.81,88.85,3.5268892500000018
2011-02-17,7.42,98.1,7.4939860000000005
2011-02-18,5.13,77.53,6.287991450000001
2011-02-19,-1.62,74.24,0.6638816000000012
2011-02-20,-1.19,90.93,-0.40730434999999887
2011-02-21,-0.65,89.95,0.18741625000000117
2011-02-22,-4.3,86.26,-2.8792839999999993
2011-02-23,-3.48,88.53,-2.345731699999999
2011-02-24,0.03,89.93,0.8314209500000003
2011-02-25,-0.22,79.95,1.4032480000000012
2011-02-26,-2.1,84.01,-0.640112999999999
2011-02-27,-1.22,92,-0.5283199999999993
2011-02-28,-0.67,84.13,0.6541134500000018
2011-03-01,-1.83,78.92,0.06330020000000047
2011-03-02,-1.71,76.88,0.351263600000002
2011-03-03,-1.87,77.34,0.17019310000000143
2011-03-04,2.49,92.3,2.9986235000000017
2011-03-05,0.89,91.85,1.5000682500000015
2011-03-06,-1.75,81.66,-0.11086249999999875
2011-03-07,-1.54,82.16,0.03384480000000134
2011-03-08,0.86,85.78,1.9267844000000007
2011-03-09,3.31,90.74,3.879906700000001
2011-03-10,1.2,88.32,2.0543920000000018
2011-03-11,0.9,82.46,2.2119920000000013
2011-03-12,2.85,79.44,4.167382000000001
2011-03-13,-0.33,84.26,0.9538331000000004
2011-03-14,-0.07,84.83,1.1456479500000014
2011-03-15,0.15,91.63,0.8106022500000007
2011-03-16,3.6,83.4,4.59517
2011-03-17,7.85,88.72,8.262566
2011-03-18,6.18,87.41,6.756118400000001
2011-03-19,2.15,86.33,3.0785347500000007
2011-03-20,4.38,84.96,5.2171264000000015
2011-03-21,7.25,93.89,7.493636250000001
2011-03-22,3.6,93.48,3.9908740000000003
2011-03-23,2.92,93.18,3.3543658000000005
2011-03-24,-0.67,77.28,1.2256432000000008
2011-03-25,-1.77,74.21,0.5378181500000019
2011-03-26,-2.01,69.11,0.7949664500000009
2011-03-27,-1.03,67.05,1.784424250000001
2011-03-28,-1.31,67.89,1.482125050000001
2011-03-29,0.07,66.47,2.7311084500000007
2011-03-30,1.61,73.98,3.454687900000001
2011-03-31,1.59,72.38,3.551158100000001
2011-04-01,2.34,70.94,4.283532800000001
2011-04-02,3.43,86.15,4.27325725
2011-04-03,6.88,81.16,7.669584400000001
2011-04-04,9.02,88.01,9.3813786
2011-04-05,4.05,73.98,5.5454995
2011-04-06,5.83,83.54,6.614895100000001
2011-04-07,3.46,93.33,3.8650024000000007
2011-04-08,4.77,90.43,5.28213855
2011-04-09,5.98,95.4,6.195556000000001
2011-04-10,13.32,93.77,13.3604327
2011-04-11,10.83,85.62,11.1202603
2011-04-12,5.69,82.1,6.557344500000001
2011-04-13,7.31,65.67,8.66757985
2011-04-14,6.58,77.94,7.540933600000001
2011-04-15,4.79,80.25,5.844748750000001
2011-04-16,6.21,90.9,6.6249145
2011-04-17,4.27,75.65,5.64005275
2011-04-18,3.42,82.22,4.503513200000001
2011-04-19,2.79,91.81,3.3174769500000014
2011-04-20,3.83,86.97,4.594665550000001
2011-04-21,4.02,84.1,4.936476000000001
2011-04-22,4.96,90.02,5.483650600000001
2011-04-23,8.71,86.88,9.1278064
2011-04-24,6.92,89.63,7.3523253
2011-04-25,5.61,92.04,5.9992042
2011-04-26,10.17,92.06,10.3590911
2011-04-27,8.55,89.52,8.892958000000002
2011-04-28,6.04,83.3,6.817051000000001
2011-04-29,6.83,76.72,7.812066800000001
2011-04-30,9.49,75.62,10.1617909
2011-05-01,10.37,80.28,10.8179398
2011-05-02,7.41,73.64,8.4379082
2011-05-03,5.02,82.62,5.9261932
2011-05-04,5.24,79.97,6.2601279000000005
2011-05-05,6.89,78.98,7.7697921
2011-05-06,9.74,82.84,10.189248800000001
2011-05-07,10.46,84.5,10.80441
2011-05-08,8.24,92.16,8.5099312
2011-05-09,11.36,80.02,11.7050546
2011-05-10,15.02,91.14,14.994660399999999
2011-05-11,17.99,95.04,17.894792799999998
2011-05-12,17.85,92.51,17.71199675
2011-05-13,13.76,94.37,13.7829141
2011-05-14,6.04,95.73,6.238683100000001
2011-05-15,5.63,92.99,5.971982850000001
2011-05-16,5.66,80.75,6.595935000000001
2011-05-17,6.38,82.02,7.182986800000001
2011-05-18,7.64,92.53,7.9218431
2011-05-19,9.05,93.11,9.256527750000002
2011-05-20,10.73,92.51,10.88530515
2011-05-21,12.65,92.62,12.7250915
2011-05-22,15.2,92,15.1692
2011-05-23,15.88,89,15.796510000000001
2011-05-24,10.87,86.44,11.140725399999999
2011-05-25,10.86,96.66,10.926866799999999
2011-05-26,6.84,93.71,7.104997700000001
2011-05-27,6.75,87.96,7.263205000000001
2011-05-28,10.44,91.54,10.6289118
2011-05-29,11.95,98.68,11.968513
2011-05-30,16.77,93.09,16.68372865
2011-05-31,17.38,95.08,17.3020672
2011-06-01,14.74,74.99,14.706986800000001
2011-06-02,12.2,76.92,12.491962
2011-06-03,14.48,87.08,14.4814212
2011-06-04,17.91,92.73,17.77365115
2011-06-05,15.59,78.04,15.4583498
2011-06-06,16.23,84.45,16.082041750000002
2011-06-07,20.67,90.84,20.359155400000002
2011-06-08,20.84,87.64,20.4090068
2011-06-09,15.3,92.98,15.269112
2011-06-10,13.29,92.84,13.3376498
2011-06-11,11.72,94.29,11.807305900000001
2011-06-12,10.87,89.08,11.0880178
2011-06-13,12.38,79.36,12.6206624
2011-06-14,13.83,78.94,13.9076061
2011-06-15,15.03,88.82,14.997410299999999
2011-06-16,16.65,87.07,16.49710275
2011-06-17,17.23,81.17,16.94726755
2011-06-18,16.79,90.16,16.6660652
2011-06-19,18.65,90.24,18.427228
2011-06-20,18.56,93.78,18.421107399999997
2011-06-21,19.96,95.33,19.8197599
2011-06-22,18.93,90.58,18.7004817
2011-06-23,17.13,88.67,16.966111549999997
2011-06-24,16.22,87.43,16.1010878
2011-06-25,17.77,82.19,17.44968715
2011-06-26,18.53,76.49,18.00890085
2011-06-27,19.4,86.93,19.0477635
2011-06-28,19.23,79.7,18.7018955
2011-06-29,19.59,77.3,18.9545135
2011-06-30,20.27,78.54,19.5889669
2011-07-01,21.65,86.86,21.133269499999997
2011-07-02,22.86,89.95,22.397900999999997
2011-07-03,20.46,82.84,19.8974952
2011-07-04,21.09,70.47,20.01968515
2011-07-05,23.03,67.24,21.4930646
2011-07-06,22.95,81.68,22.098578
2011-07-07,20.8,83.56,20.230354000000002
2011-07-08,21.56,78.29,20.7170007
2011-07-09,23.59,74.4,22.310128
2011-07-10,24.79,80.61,23.692622949999997
2011-07-11,24.52,89.03,23.9154433
2011-07-12,23.7,83.22,22.850932
2011-07-13,20.19,80.62,19.583502900000003
2011-07-14,20.41,79.94,19.7579497
2011-07-15,22.13,78.05,21.20886825
2011-07-16,23.2,75.19,22.012841499999997
2011-07-17,25.07,76.13,23.68231755
2011-07-18,26.1,85.49,25.174262
2011-07-19,25.48,90.88,24.9292432
2011-07-20,26.4,87.09,25.555040499999997
2011-07-21,28.59,80,27.0401
2011-07-22,26.77,86.28,25.844105799999998
2011-07-23,26.75,90.18,26.0883775
2011-07-24,25.76,92.35,25.2862355
2011-07-25,24.03,85.84,23.2878036
2011-07-26,23.3,77.78,22.224552
2011-07-27,23.23,81.48,22.3407622
2011-07-28,26.07,89.05,25.373196749999998
2011-07-29,25.17,88.16,24.4751696
2011-07-30,25.27,69.57,23.46747895
2011-07-31,25.78,75.43,24.2556772
2011-08-01,26.64,82.55,25.474863499999998
2011-08-02,26.81,84.65,25.770728249999998
2011-08-03,25.13,84.84,24.243670599999998
2011-08-04,23.25,83.05,22.434281249999998
2011-08-05,23.68,84.25,22.8847825
2011-08-06,24.45,88.22,23.8053395
2011-08-07,24.62,85.58,23.8173828
2011-08-08,23.59,84.15,22.79757925
2011-08-09,23.08,81.34,22.199434599999996
2011-08-10,21.87,69.78,20.6450323
2011-08-11,23.07,53.79,20.891891649999998
2011-08-12,22.9,67.64,21.404967999999997
2011-08-13,23.09,81.01,22.19281745
2011-08-14,20.85,83.05,20.25802125
2011-08-15,21.2,72.92,20.202102
2011-08-16,22.45,65.56,20.944111
2011-08-17,22.6,74.92,21.482686
2011-08-18,23.61,79.85,22.600384249999998
2011-08-19,23.48,72.07,22.1005373
2011-08-20,23.16,84.08,22.401730399999998
2011-08-21,22.65,69.42,21.279251499999997
2011-08-22,22.34,64.65,20.815708
2011-08-23,22.31,77.04,21.3237532
2011-08-24,24.66,84.91,23.8167708
2011-08-25,22.17,73.32,21.044504200000002
2011-08-26,21.95,67.88,20.633882999999997
2011-08-27,22.45,81.75,21.65201875
2011-08-28,20.61,72.16,19.6744368
2011-08-29,21.3,64.34,19.966316
2011-08-30,20.94,67.68,19.795225600000002
2011-08-31,22.83,75.64,21.7139466
2011-09-01,25.87,76.77,24.41731195
2011-09-02,27.17,73.08,25.2940798
2011-09-03,25.38,75.49,23.913321599999996
2011-09-04,21.51,77.4,20.638657000000002
2011-09-05,17.15,74.57,16.77935775
2011-09-06,15.84,70.83,15.625017099999999
2011-09-07,17.09,69.95,16.66193775
2011-09-08,18.92,68.98,18.165903800000002
2011-09-09,19.36,83.27,18.9128071
2011-09-10,20.16,83.84,19.6569392
2011-09-11,20.94,77.34,20.1373828
2011-09-12,22.16,74.34,21.0789442
2011-09-13,20.71,72.23,19.76151565
2011-09-14,16.54,71.99,16.225727799999998
2011-09-15,13.15,63.75,13.41915625
2011-09-16,13.55,63.32,13.741653000000001
2011-09-17,15.64,63.96,15.4140292
2011-09-18,16.65,78.33,16.39375225
2011-09-19,18.36,87.06,18.0852838
2011-09-20,18.02,79.08,17.6149888
2011-09-21,18.5,73.04,17.90688
2011-09-22,15.68,74.49,15.5144401
2011-09-23,14.59,71.65,14.57596675
2011-09-24,14.13,73.79,14.18333735
2011-09-25,15.51,83.67,15.419286849999999
2011-09-26,15.67,82.81,15.55938235
2011-09-27,14.82,85.91,14.7952016
2011-09-28,14.77,84.28,14.7466558
2011-09-29,15.63,82.89,15.523661350000001
2011-09-30,12.47,75.25,12.746333750000002
2011-10-01,11.04,70.88,11.5941536
2011-10-02,12.15,66.78,12.579368500000001
2011-10-03,13.89,76.79,13.96786955
2011-10-04,15.14,76.37,15.0568224
2011-10-05,16.95,67.88,16.517183
2011-10-06,17.6,72.3,17.127715000000002
2011-10-07,18.26,75.98,17.763266400000003
2011-10-08,18.47,76.59,17.958842649999998
2011-10-09,17.84,76.65,17.4110605
2011-10-10,17.42,79.33,17.0880398
2011-10-11,18.19,75.14,17.6854663
2011-10-12,17.58,76.42,17.1805548
2011-10-13,16.05,88.79,15.95443475
2011-10-14,13.18,76.85,13.348069
2011-10-15,12.27,69.96,12.6384406
2011-10-16,12.7,69.94,12.997594
2011-10-17,10.29,69.66,10.9925227
2011-10-18,9.18,82.38,9.6955612
2011-10-19,9.5,83.29,9.959525
2011-10-20,8.54,85.19,9.0254718
2011-10-21,8.83,74.19,9.63488485
2011-10-22,10.74,69.88,11.3628816
2011-10-23,13.48,70.83,13.6436437
2011-10-24,12.5,78.96,12.731440000000001
2011-10-25,13.04,72.52,13.2606644
2011-10-26,11.36,85.32,11.6135236
2011-10-27,8.17,79.33,8.88962605
2011-10-28,8.26,72.76,9.1948768
2011-10-29,8.1,73.13,9.045824
2011-10-30,8.79,71.4,9.688182999999999
2011-10-31,8.65,78.57,9.33951025
2011-11-01,9.9,73.94,10.559318000000001
2011-11-02,11.86,76.05,12.207754
2011-11-03,9.73,83.03,10.17520795
2011-11-04,8.72,69.83,9.6791043
2011-11-05,8.76,73.21,9.6057603
2011-11-06,10.64,78.11,11.1047247
2011-11-07,11.92,88.68,12.0806308
2011-11-08,11.48,96.46,11.5387994
2011-11-09,9.65,92.1,9.860732500000001
2011-11-10,4.14,85.02,4.993560400000001
2011-11-11,4.28,75.23,5.6723217
2011-11-12,7.68,82.46,8.3379254
2011-11-13,12.91,78.73,13.096006150000001
2011-11-14,8.98,86.49,9.390163600000001
2011-11-15,9.91,82.46,10.3527973
2011-11-16,5.92,70.39,7.3172959
2011-11-17,1.72,68.01,3.9685771
2011-11-18,4,66.08,5.958880000000001
2011-11-19,7.59,73.84,8.584210800000001
2011-11-20,7.81,84.58,8.3773789
2011-11-21,5.87,80.04,6.8174014000000005
2011-11-22,6.4,86.42,7.004989000000001
2011-11-23,5.89,84.96,6.6022192
2011-11-24,5.4,92.63,5.768868500000001
2011-11-25,7.71,89.29,8.10996495
2011-11-26,10.32,87.47,10.6080647
2011-11-27,6.87,89.02,7.330775700000001
2011-11-28,4.04,79.98,5.191750600000001
2011-11-29,4.95,77.65,6.123933750000001
2011-11-30,2.69,68.97,4.705553650000001
2011-12-01,3.53,69.77,5.353927050000001
2011-12-02,3.73,79.15,4.96504975
2011-12-03,5.14,89.85,5.662522000000001
2011-12-04,7.44,85.64,7.9975988000000005
2011-12-05,3.8,86.69,4.583293500000001
2011-12-06,2.44,74.42,4.136721400000001
2011-12-07,0.27,71.04,2.5365544000000004
2011-12-08,0.21,77.21,2.001180050000001
2011-12-09,-0.57,73.16,1.6546334000000016
2011-12-10,-4.01,72.85,-1.245994249999998
2011-12-11,0.1,81.39,1.5739120000000013
2011-12-12,2.07,84.61,3.122137350000001
2011-12-13,3.46,84.96,4.3732288000000015
2011-12-14,4.71,96.85,4.879611750000001
2011-12-15,7,87.27,7.5251125000000005
2011-12-16,0.16,73.98,2.2121974000000013
2011-12-17,-0.12,76.44,1.774459600000001
2011-12-18,0.97,85.06,2.0817601000000012
2011-12-19,4.67,88.47,5.29336945
2011-12-20,3.17,76.71,4.621316350000002
2011-12-21,4.33,92.93,4.725460450000001
2011-12-22,2.9,91.61,3.435282000000001
2011-12-23,0.69,72.86,2.7514187000000008
2011-12-24,0.26,81.25,1.728500000000001
2011-12-25,2.3,83.79,3.3876910000000002
2011-12-26,2.44,81.97,3.6359299000000007
2011-12-27,2.37,88.38,3.145228300000001
2011-12-28,-1.43,69.04,1.2825604000000006
2011-12-29,2.36,85.29,3.3421867000000005
2011-12-30,3.64,94.09,3.9930043
2011-12-31,2.85,86.3,3.727827500000001
2012-01-01,2.77,85.13,3.7293380500000013
2012-01-02,-3.13,76.2,-0.8222329999999989
2012-01-03,-4.76,75.49,-2.163655699999998
2012-01-04,0.12,80.21,1.6851911000000013
2012-01-05,1.95,82.84,3.134469000000001
2012-01-06,4.17,91.78,4.6370193
2012-01-07,2.82,82.98,3.9133648
2012-01-08,2.32,75.42,3.9666142000000004
2012-01-09,2.25,82.95,3.3987437500000004
2012-01-10,3.37,86.93,4.17008005
2012-01-11,3.63,90.81,4.179424150000001
2012-01-12,2.52,95.75,2.8000325000000004
2012-01-13,-3.55,87.42,-2.3011204999999983
2012-01-14,-6.06,82.93,-4.129724399999999
2012-01-15,-4.4,82.54,-2.5850329999999992
2012-01-16,1.1,92.47,1.6549610000000015
2012-01-17,2.29,92.32,2.805750400000002
2012-01-18,-5.15,80.13,-3.002549749999999
2012-01-19,-5.28,83.36,-3.4697343999999983
2012-01-20,-8.05,83.17,-5.96265925
2012-01-21,-3.11,85.39,-1.6949484499999987
2012-01-22,-1.66,93.11,-1.047616799999998
2012-01-23,2.99,94.06,3.366031700000001
2012-01-24,-0.73,79.75,0.9662412500000008
2012-01-25,0.58,75.44,2.460313600000001
2012-01-26,1.32,91.32,1.9492132000000015
2012-01-27,2.31,76.94,3.856057700000001
2012-01-28,0.55,76.21,2.3752877500000014
2012-01-29,-0.96,80.48,0.6997856000000011
2012-01-30,0.09,78.99,1.7551475500000011
2012-01-31,6.23,93.57,6.522468550000001
2012-02-01,3.6,91.95,4.082597500000001
2012-02-02,2.51,90.3,3.1496665000000004
2012-02-03,1.77,94.63,2.1459805500000013
2012-02-04,2.34,83.49,3.444188800000001
2012-02-05,2.26,88.64,3.024755200000001
2012-02-06,0.72,88.93,1.5589953000000003
2012-02-07,0.5,87.75,1.443250000000001
2012-02-08,0.06,70.75,2.3830350000000005
2012-02-09,-1.08,69.5,1.533545000000001
2012-02-10,-0.11,85.26,1.0744327000000002
2012-02-11,-6.35,82.3,-4.320252499999997
2012-02-12,-4.66,72.89,-1.8031481999999994
2012-02-13,-2.53,76.66,-0.3438588999999981
2012-02-14,0.01,87.2,1.030096000000001
2012-02-15,2.1,88.83,2.861794000000001
2012-02-16,2.95,90.09,3.579532750000001
2012-02-17,1.66,77.73,3.2327074000000007
2012-02-18,0.47,83.02,1.7802617000000012
2012-02-19,-0.55,73.99,1.6029777500000015
2012-02-20,0.54,75.4,2.428788000000001
2012-02-21,1.84,91.13,2.4576181000000012
2012-02-22,1.47,85.07,2.539958450000001
2012-02-23,1.51,86.45,2.478079750000001
2012-02-24,0.89,90.77,1.5809116500000016
2012-02-25,-2.64,78.3,-0.5943409999999991
2012-02-26,-0.34,76.5,1.5780700000000012
2012-02-27,1.27,77.65,2.896297750000001
2012-02-28,1.03,75.64,2.8347106000000006
2012-02-29,5.9,83.78,6.667206000000001
2012-03-01,2.34,84.72,3.3619264000000006
2012-03-02,2.14,93.8,2.5614760000000016
2012-03-03,0.14,81.42,1.6074484000000009
2012-03-04,-1.74,87.25,-0.6011699999999993
2012-03-05,-2.14,76.75,-0.012159999999998838
2012-03-06,3.92,76.29,5.299684900000001
2012-03-07,10.49,78.4,10.966388
2012-03-08,6.31,77.18,7.337926899999999
2012-03-09,0.44,64.45,3.189081500000001
2012-03-10,2.54,63.74,4.925182800000001
2012-03-11,6.64,76.33,7.6632541
2012-03-12,10.51,86.29,10.81086595
2012-03-13,9.22,76.85,9.892276
2012-03-14,11.48,82.08,11.777651200000001
2012-03-15,14.81,92.75,14.79763875
2012-03-16,14.2,89.27,14.2177045
2012-03-17,13.25,91.14,13.3109125
2012-03-18,14.2,90.48,14.215708
2012-03-19,14.46,95.27,14.4610406
2012-03-20,15.19,85.49,15.134934549999999
2012-03-21,16.03,83.77,15.89342455
2012-03-22,16.74,81.79,16.515652799999998
2012-03-23,13.63,95.74,13.6503841
2012-03-24,11.18,96.79,11.2386146
2012-03-25,8.82,92.24,9.0624224
2012-03-26,4.71,72.73,6.17835315
2012-03-27,7.42,69.26,8.6170156
2012-03-28,11.23,78.75,11.61218125
2012-03-29,5.44,79.29,6.471979300000001
2012-03-30,5.68,91.75,6.0802075
2012-03-31,4.39,84.39,5.257994050000001
2012-04-01,7.26,93.93,7.5017074
2012-04-02,7.73,84.61,8.30304665
2012-04-03,9.26,87.32,9.6254376
2012-04-04,6.66,82.87,7.3986456
2012-04-05,5.39,80.7,6.3570265
2012-04-06,5.24,72.93,6.618675100000001
2012-04-07,7.62,76.55,8.507348
2012-04-08,9.54,71.84,10.3082048
2012-04-09,9.05,69.28,9.970832000000001
2012-04-10,4.54,66.27,6.387729400000001
2012-04-11,4.31,73,5.823215
2012-04-12,6.92,71.82,8.094824200000001
2012-04-13,8.3,73.06,9.218654
2012-04-14,10.62,89.38,10.8466308
2012-04-15,13.86,92.85,13.885168
2012-04-16,12.12,77.63,12.4128233
2012-04-17,7.1,78.25,7.985225000000001
2012-04-18,8.89,77.36,9.5885572
2012-04-19,11.08,88.86,11.289543400000001
2012-04-20,6.94,92.89,7.2356338000000004
2012-04-21,5.85,79.08,6.845269000000001
2012-04-22,5.89,71.98,7.2168871
2012-04-23,7.04,69.01,8.3115197
2012-04-24,8.96,64.99,10.026754700000001
2012-04-25,9.68,87.75,10.0047475
2012-04-26,8.56,88.1,8.948773000000001
2012-04-27,5.68,64.01,7.4258749
2012-04-28,6.23,86.76,6.832221400000001
2012-04-29,7.62,82.22,8.2927952
2012-04-30,10.37,89.96,10.5980586
2012-05-01,9.73,90.11,9.989464150000002
2012-05-02,15.08,93.24,15.0584356
2012-05-03,17.07,94.29,16.98928915
2012-05-04,13.42,96.1,13.443166
2012-05-05,10.34,95.05,10.453256
2012-05-06,13.29,90.13,13.35568485
2012-05-07,12.54,93.92,12.6055424
2012-05-08,12.86,81.41,13.0276818
2012-05-09,10.97,84.12,11.2783102
2012-05-10,10.15,79.77,10.63400275
2012-05-11,12.77,65.77,13.09569845
2012-05-12,12.7,84.12,12.857211999999999
2012-05-13,11.09,75.35,11.55231075
2012-05-14,14.84,50.26,14.7469862
2012-05-15,16.04,61.66,15.7152602
2012-05-16,12.4,72.37,12.7191265
2012-05-17,12.31,72.6,12.640033
2012-05-18,15.33,67.79,15.18296135
2012-05-19,18.25,70.94,17.6506375
2012-05-20,19.87,77.61,19.20871135
2012-05-21,14.55,77.65,14.54385375
2012-05-22,12.56,74.65,12.8304845
2012-05-23,14.77,74.4,14.731983999999999
2012-05-24,18.75,69.09,18.02747875
2012-05-25,18.09,75.19,17.60012655
2012-05-26,16.88,78.43,16.5976487
2012-05-27,21.69,82.2,20.986099
2012-05-28,22.02,73.26,20.9140336
2012-05-29,20.17,68.76,19.195780600000003
2012-05-30,15.76,74.47,15.5830771
2012-05-31,10.85,83.67,11.17782475
2012-06-01,11.53,82.21,11.82059965
2012-06-02,14.74,71.94,14.7029608
2012-06-03,17.2,71.3,16.773805
2012-06-04,16.14,80.55,15.964561
2012-06-05,14.7,81.48,14.679628
2012-06-06,15.14,78.73,15.0651296
2012-06-07,16.57,69.86,16.2268561
2012-06-08,19.73,61.09,18.610753850000002
2012-06-09,21.46,60.73,19.9567444
2012-06-10,21.98,67.89,20.6589946
2012-06-11,22.19,76.48,21.1952216
2012-06-12,19.82,66.07,18.8272082
2012-06-13,16.89,67.5,16.4627875
2012-06-14,19,67.38,18.192655
2012-06-15,21.8,60.88,20.229332
2012-06-16,22.43,68.98,21.0770627
2012-06-17,22.49,78.35,21.538590749999997
2012-06-18,23.19,70.93,21.80059935
2012-06-19,24.57,70.12,22.9150962
2012-06-20,24.6,68.62,22.856841
2012-06-21,23.42,66.98,21.8000388
2012-06-22,21.75,68.17,20.48077875
2012-06-23,21.61,66.19,20.287859949999998
2012-06-24,23.04,67.52,21.5144144
2012-06-25,19.18,69.3,18.389782
2012-06-26,19.46,65.58,18.5210224
2012-06-27,21.81,58.5,20.1414925
2012-06-28,25.48,67.45,23.5143055
2012-06-29,25,70.92,23.320629999999998
2012-06-30,25.4,76.26,23.976786999999998
2012-07-01,25.97,67.62,23.9273077
2012-07-02,26.03,70.91,24.18525765
2012-07-03,26.92,71.12,24.9472072
2012-07-04,28.15,65.5,25.559912499999996
2012-07-05,28.85,61.01,25.77271425
2012-07-06,29.63,65.49,26.758250349999997
2012-07-07,26.83,70.99,24.862686849999996
2012-07-08,23.64,70.04,22.1339108
2012-07-09,24.23,65.6,22.389084
2012-07-10,23.01,69.71,21.59227655
2012-07-11,23.25,67.98,21.7090375
2012-07-12,24.07,65.32,22.244618199999998
2012-07-13,25.98,62.97,23.6419258
2012-07-14,25.42,72.34,23.7587404
2012-07-15,25.91,73.72,24.2607986
2012-07-16,27.53,65.16,25.0331914
2012-07-17,28.87,63.08,25.9520278
2012-07-18,26.66,76.56,25.0923328
2012-07-19,24.9,87.32,24.174704
2012-07-20,23.07,75.69,21.92414815
2012-07-21,24.59,64.01,22.59273495
2012-07-22,26.47,65.29,24.18486715
2012-07-23,28.14,59.96,25.1361992
2012-07-24,25.67,77.24,24.2717394
2012-07-25,26.48,68.62,24.4123718
2012-07-26,26.99,71.26,25.015705699999998
2012-07-27,24.3,70.98,22.735822
2012-07-28,23.13,72.48,21.8237632
2012-07-29,24.02,60.63,21.9585868
2012-07-30,25.76,61.08,23.3496844
2012-07-31,24.85,75.52,23.456476000000002
2012-08-01,24.5,70.16,22.8588
2012-08-02,25.15,60.58,22.840973499999997
2012-08-03,25.75,70.49,23.92406875
2012-08-04,26.61,76.87,25.06942635
2012-08-05,24.68,70.14,23.0081386
2012-08-06,23.82,58.27,21.6809202
2012-08-07,25.59,54.88,22.8379056
2012-08-08,25.09,72.32,23.4777784
2012-08-09,22.42,77.2,21.426832
2012-08-10,20.19,74.43,19.38978685
2012-08-11,20.3,69.04,19.312376
2012-08-12,21.38,65.12,20.0601408
2012-08-13,19.82,72.57,19.0173982
2012-08-14,21.21,71.27,20.14971935
2012-08-15,23.21,66.91,21.62482355
2012-08-16,23.51,70.47,22.04664085
2012-08-17,20.2,66.21,19.140683499999998
2012-08-18,19.84,60.38,18.6763606
2012-08-19,21.06,52.1,19.331767999999997
2012-08-20,20.71,60.92,19.3752226
2012-08-21,21.13,56.57,19.54632505
2012-08-22,21.79,58.47,20.12485465
2012-08-23,23.69,60.72,21.7045924
2012-08-24,24.8,60.88,22.583852
2012-08-25,25.35,61.47,23.05072225
2012-08-26,24.15,77.1,22.934582499999998
2012-08-27,23.87,81.46,22.9145411
2012-08-28,22.98,74.49,21.790213599999998
2012-08-29,22.81,68.39,21.36526495
2012-08-30,23.57,65.49,21.84846865
2012-08-31,25.16,64.2,23.061045999999997
2012-09-01,22.8,79.95,21.8847175
2012-09-02,23.56,90.44,23.083625199999997
2012-09-03,23.78,85.54,23.0419616
2012-09-04,24.03,83.2,23.149428
2012-09-05,23.76,83.91,22.9405363
2012-09-06,24.18,79.45,23.085918
2012-09-07,21.76,78.34,20.8951162
2012-09-08,18.61,72.49,17.98813645
2012-09-09,18.21,72.15,17.64172075
2012-09-10,19.47,59.48,18.3623858
2012-09-11,20.62,69.24,19.5846184
2012-09-12,21.72,70.62,20.553320199999998
2012-09-13,19.69,80.63,19.13708335
2012-09-14,18.25,64.31,17.51389375
2012-09-15,20,58.41,18.7419025
2012-09-16,19.51,63.58,18.5064469
2012-09-17,19.52,76.88,18.8816568
2012-09-18,15.04,74.5,14.964265
2012-09-19,15.62,52.24,15.3257984
2012-09-20,17.54,59.77,16.8673544
2012-09-21,14.74,66.27,14.6954764
2012-09-22,12.17,82.95,12.38849575
2012-09-23,12.46,61.84,12.8881552
2012-09-24,13.96,52.25,14.101817500000001
2012-09-25,16.7,70.22,16.339662
2012-09-26,16.6,85.09,16.427789500000003
2012-09-27,14.76,70.89,14.7183727
2012-09-28,15.68,78.39,15.5397511
2012-09-29,16.15,67.26,15.852884499999998
2012-09-30,15.37,74.05,15.24582925
2012-10-01,15.31,68.07,15.16775185
2012-10-02,16.24,71.36,15.965915199999998
2012-10-03,16.59,88.55,16.45838225
2012-10-04,17.56,80.89,17.2383787
2012-10-05,11.22,69.84,11.7640864
2012-10-06,8.45,67.04,9.546744
2012-10-07,8.51,63.19,9.72270545
2012-10-08,9.39,58.88,10.545677600000001
2012-10-09,12.19,66.87,12.61091665
2012-10-10,8.52,72.8,9.414608
2012-10-11,10.56,62.53,11.371974900000001
2012-10-12,9.63,65.56,10.5524754
2012-10-13,11.22,78.24,11.612550400000002
2012-10-14,16.83,88.44,16.681858599999998
2012-10-15,10.4,77.53,10.906698500000001
2012-10-16,11.82,74.05,12.202503
2012-10-17,15.46,79.83,15.3535024
2012-10-18,11.35,78.43,11.72370025
2012-10-19,8.74,85.95,9.185104
2012-10-20,9.93,82.27,10.37564355
2012-10-21,11.09,80.69,11.45215905
2012-10-22,13.92,92.21,13.9448501
2012-10-23,15.43,96.64,15.4128136
2012-10-24,16.51,90.03,16.39978165
2012-10-25,17.73,85.35,17.46974275
2012-10-26,7.8,72.68,8.806742
2012-10-27,7.43,71.37,8.543277549999999
2012-10-28,7.76,69.16,8.9032388
2012-10-29,8.58,68.06,9.619966400000001
2012-10-30,7.04,71.66,8.2027902
2012-10-31,5.97,75.69,7.11050365
2012-11-01,6.29,68.43,7.715543350000001
2012-11-02,5.97,74.24,7.1785304000000005
2012-11-03,5.57,75.42,6.777246700000001
2012-11-04,5.8,75.92,6.952228
2012-11-05,5.37,74.91,6.629894350000001
2012-11-06,4.47,76.59,5.7614126500000005
2012-11-07,6.1,82.83,6.893254000000001
2012-11-08,7.44,73.81,8.4569577
2012-11-09,7.34,86.47,7.872811400000001
2012-11-10,12.08,84.54,12.2857726
2012-11-11,14.38,71.37,14.3988958
2012-11-12,4.48,75.16,5.848932400000001
2012-11-13,1.2,69.32,3.444242000000002
2012-11-14,3.61,67.13,5.578748650000001
2012-11-15,4.45,73.39,5.920867750000001
2012-11-16,5.66,72.38,7.002884400000001
2012-11-17,6.55,76.86,7.5617965
2012-11-18,6.97,83.66,7.646721100000001
2012-11-19,8.1,81.54,8.749792
2012-11-20,9.19,89.17,9.50629015
2012-11-21,8.11,94.39,8.30716345
2012-11-22,9.66,89.18,9.9480284
2012-11-23,4.21,73.78,5.6939209
2012-11-24,-0.44,74.23,1.6775209000000006
2012-11-25,2.04,74.55,3.784088500000001
2012-11-26,2.08,72.51,3.9578419
2012-11-27,-0.25,68.86,2.276232500000001
2012-11-28,2.29,70.54,4.2683863
2012-11-29,4.3,78.98,5.479222
2012-11-30,6.69,83.03,7.418946350000001
2012-12-01,7.11,94.39,7.338018450000001
2012-12-02,11.38,88.79,11.572363600000001
2012-12-03,11.21,94.7,11.305903500000001
2012-12-04,11.12,77.65,11.5354865
2012-12-05,3.51,70.11,5.316701050000001
2012-12-06,3.66,78.1,4.965678000000001
2012-12-07,5.86,84.66,6.588956800000001
2012-12-08,4.85,87.6,5.50813
2012-12-09,4.22,84.59,5.091281400000001
2012-12-10,2.41,86.6,3.301033000000001
2012-12-11,0.09,77.34,1.8859183000000013
2012-12-12,2.14,77.41,3.6756682000000014
2012-12-13,3.45,77.05,4.844786250000001
2012-12-14,3.32,86.43,4.1544193
2012-12-15,6.1,87.87,6.660406
2012-12-16,6.93,90.33,7.332610450000001
2012-12-17,3.88,80.54,5.0166586
2012-12-18,2.16,78.88,3.5934144000000012
2012-12-19,2.93,87.84,3.7038016000000007
2012-12-20,5.16,89.82,5.682946600000001
2012-12-21,0.4,85.59,1.5174955000000012
2012-12-22,-1.79,80.59,-0.05096104999999951
2012-12-23,0.65,82.25,2.002106250000001
2012-12-24,1.28,80.99,2.6622171000000017
2012-12-25,1.02,79.76,2.5205936000000007
2012-12-26,0.7,74.59,2.6286190000000014
2012-12-27,0.83,77.21,2.5434661500000013
2012-12-28,0.69,80.72,2.154412400000001
2012-12-29,-0.13,84.27,1.1357144500000018
2012-12-30,-2.85,89.02,-1.802233499999998
2012-12-31,0.45,84.58,1.6415805000000014
2013-01-01,-3.98,78.56,-1.8008383999999986
2013-01-02,-5.59,79.98,-3.3778900999999992
2013-01-03,-2.12,86.72,-0.9060751999999983
2013-01-04,-3.21,88.22,-2.0625690999999984
2013-01-05,-0.45,91.2,0.27358000000000154
2013-01-06,0.18,89.7,0.9912280000000004
2013-01-07,-1.35,78.85,0.49375125000000186
2013-01-08,0.81,88.66,1.6638453000000013
2013-01-09,2.89,82.2,4.026619
2013-01-10,2.42,84.35,3.459786000000001
2013-01-11,5.28,95.86,5.489939400000001
2013-01-12,6.39,85.29,7.04613955
2013-01-13,-0.85,78.33,0.9794897500000014
2013-01-14,-5.6,79.1,-3.2895049999999975
2013-01-15,-3.26,64.48,0.20959360000000027
2013-01-16,-1.61,71.61,0.9054959500000013
2013-01-17,-1.21,74.65,0.9803667500000004
2013-01-18,-1.66,73.59,0.6873208000000004
2013-01-19,3.23,85.24,4.144898600000001
2013-01-20,-4.96,76.59,-2.4544276999999988
2013-01-21,-8.91,80.3,-6.373526499999997
2013-01-22,-12.45,93.06,-11.421318499999998
2013-01-23,-8.69,83.38,-6.570202099999998
2013-01-24,-6.04,79.97,-3.7772108999999987
2013-01-25,-4.25,76.15,-1.7904687499999992
2013-01-26,-4.37,76.91,-1.9736043499999987
2013-01-27,-1.96,82.59,-0.3838726999999993
2013-01-28,3.15,96.61,3.3616207500000015
2013-01-29,7.4,99.22,7.430459000000001
2013-01-30,3.94,93.95,4.291384000000001
2013-01-31,-5.94,79.37,-3.6207753999999994
2013-02-01,-10.38,89.55,-8.950021999999997
2013-02-02,-6.32,89.89,-5.162303899999999
2013-02-03,-7.07,83.65,-5.13031775
2013-02-04,-4.16,85.1,-2.630812999999999
2013-02-05,-3.24,81.15,-1.4008054999999997
2013-02-06,-1.33,72.82,1.036426700000002
2013-02-07,0.72,89.71,1.4998791000000016
2013-02-08,-0.15,89.56,0.6912030000000012
2013-02-09,-1.73,76.23,0.391829050000001
2013-02-10,0.75,91.14,1.4200375000000007
2013-02-11,1.92,82.01,3.1647281000000005
2013-02-12,-1.96,78.3,0.0045010000000011985
2013-02-13,-0.5,85.42,0.7028500000000006
2013-02-14,1.59,85.25,2.637323750000001
2013-02-15,-1.51,73.33,0.8384268500000014
2013-02-16,-5.85,73.81,-2.9186842499999988
2013-02-17,-6.32,70.44,-2.935084399999999
2013-02-18,0.76,79.1,2.3394130000000013
2013-02-19,-3.82,83.34,-2.141338399999999
2013-02-20,-7.69,84.18,-5.7592481
2013-02-21,-3.04,79.56,-1.068153199999999
2013-02-22,-1.67,86.92,-0.5067301999999989
2013-02-23,-2.83,87.28,-1.6175931999999988
2013-02-24,-2.57,84.13,-1.0800450499999978
2013-02-25,-0.76,79.4,0.9689580000000002
2013-02-26,0.69,85.66,1.7791947000000015
2013-02-27,0.57,96.35,0.8496447500000008
2013-02-28,0.59,90.81,1.293080950000001
2013-03-01,-1.42,83.31,0.0413764000000012
2013-03-02,-2.07,78.02,-0.06685269999999788
2013-03-03,-4.66,77.5,-2.2889499999999985
2013-03-04,-3.03,66.28,0.2211138000000017
2013-03-05,-0.53,81.1,1.0323685000000014
2013-03-06,0.03,87.69,1.009691350000001
2013-03-07,-0.91,85.17,0.3469166500000008
2013-03-08,-0.69,76.27,1.2925228500000017
2013-03-09,1.11,84.18,2.2750639000000006
2013-03-10,4.78,95.59,5.015758600000001
2013-03-11,4.21,93.24,4.592582200000001
2013-03-12,0.18,83.1,1.5110440000000012
2013-03-13,-1.88,74.01,0.46143910000000066
2013-03-14,-2,77.98,-0.0016849999999992704
2013-03-15,0.17,92.88,0.7311628000000012
2013-03-16,-0.07,88.41,0.8587646500000015
2013-03-17,-1.59,75.4,0.5869770000000003
2013-03-18,-0.54,84.23,0.7644944000000009
2013-03-19,-3.35,71.82,-0.5834284999999975
2013-03-20,-5.47,77.29,-2.975647149999999
2013-03-21,-5.02,73.94,-2.222198399999998
2013-03-22,-2.53,72.52,0.043914200000002346
2013-03-23,-1.03,74.97,1.1079374500000012
2013-03-24,0.01,83.52,1.3233736000000016
2013-03-25,0.59,80.41,2.088732950000001
2013-03-26,1.32,79.64,2.795896400000001
2013-03-27,2.03,77.98,3.5402417000000006
2013-03-28,2.44,67.76,4.5784792
2013-03-29,3.36,63.23,5.612897900000001
2013-03-30,3.23,67.92,5.218478800000001
2013-03-31,5.31,83.9,6.1237745
2013-04-01,1.22,68.59,3.5141864000000007
2013-04-02,0.67,65.27,3.311737450000001
2013-04-03,0.9,66.99,3.369148000000001
2013-04-04,3.1,63.75,5.3728750000000005
2013-04-05,3.2,78.26,4.551141000000001
2013-04-06,5.01,75.2,6.304436000000001
2013-04-07,7.52,79.25,8.3165925
2013-04-08,7.01,90.06,7.4194783
2013-04-09,5.03,96,5.23834
2013-04-10,3.85,95.36,4.121788000000001
2013-04-11,5.54,96.3,5.722336000000001
2013-04-12,4.28,86.57,5.034900300000001
2013-04-13,2.93,79.49,4.235153850000001
2013-04-14,5.59,81.45,6.49904275
2013-04-15,10.5,83.24,10.86872
2013-04-16,6.13,84.98,6.821445700000001
2013-04-17,5.65,90.04,6.134803000000001
2013-04-18,11.95,100,11.95
2013-04-19,4.29,79.56,5.437808200000001
2013-04-20,2.18,71.14,4.135553600000001
2013-04-21,3.51,70.15,5.31428325
2013-04-22,6.94,75.03,7.978252600000001
2013-04-23,8.22,87.72,8.644151200000001
2013-04-24,4.44,80.46,5.521148200000002
2013-04-25,5.76,75.89,6.9189677000000005
2013-04-26,7.6,71.08,8.697514
2013-04-27,9.84,78.56,10.3895072
2013-04-28,9.63,87.05,9.976865750000002
2013-04-29,10.45,88.6,10.703935
2013-04-30,13.55,85.38,13.6263895
2013-05-01,15.51,81.34,15.406343699999999
2013-05-02,9.33,88.72,9.6507468
2013-05-03,5.46,95.01,5.708102800000001
2013-05-04,10.41,88.91,10.65946955
2013-05-05,10.25,88.04,10.529565
2013-05-06,9.19,84.8,9.633916
2013-05-07,9.69,82.41,10.15534345
2013-05-08,12.39,77.54,12.6506483
2013-05-09,14.17,81.93,14.20279705
2013-05-10,7.47,94.75,7.672991250000001
2013-05-11,7.42,84.25,8.033305
2013-05-12,6.34,71.69,7.610552800000001
2013-05-13,7.54,69.75,8.69797
2013-05-14,13.82,70.18,13.9315268
2013-05-15,16.87,74.73,16.540605550000002
2013-05-16,13.71,72.84,13.828010200000001
2013-05-17,11.65,87.57,11.84484025
2013-05-18,15.53,85.59,15.44836735
2013-05-19,17.26,84.96,17.031692800000002
2013-05-20,18.34,87.44,18.0747328
2013-05-21,17.91,88.16,17.6879408
2013-05-22,16.81,87.69,16.65360145
2013-05-23,9.37,88.34,9.6989869
2013-05-24,7.31,76.55,8.23733025
2013-05-25,8.57,75.78,9.3599353
2013-05-26,10.77,80.49,11.17024765
2013-05-27,12.13,88.81,12.275861650000001
2013-05-28,15.5,96.84,15.48262
2013-05-29,18.29,90.44,18.090721799999997
2013-05-30,17.98,92.53,17.837024200000002
2013-05-31,17.82,94.44,17.7184744
2013-06-01,17.8,89.42,17.607973
2013-06-02,12.88,90.29,12.966516100000002
2013-06-03,11.38,78.26,11.7530584
2013-06-04,13.23,70.19,13.43822285
2013-06-05,14.09,80.76,14.1333862
2013-06-06,13.05,85.04,13.169306
2013-06-07,12.29,86.26,12.457009699999999
2013-06-08,13.66,68.89,13.8037282
2013-06-09,16.1,80.53,15.928664000000001
2013-06-10,17.92,89.55,17.7234355
2013-06-11,18.66,83.37,18.2795056
2013-06-12,20.68,80.14,20.0049586
2013-06-13,16.46,87.43,16.3244954
2013-06-14,13.96,85.99,14.001609700000001
2013-06-15,16.25,88.55,16.13979375
2013-06-16,21.03,81.97,20.38245255
2013-06-17,21.47,65.42,20.144375699999998
2013-06-18,15.14,88.9,15.100928
2013-06-19,15.87,78.99,15.711689649999999
2013-06-20,18.97,76.76,18.398644599999997
2013-06-21,20.7,86.19,20.229079
2013-06-22,21.44,96.04,21.2888468
2013-06-23,21.07,91.9,20.777306499999998
2013-06-24,21.17,93.49,20.93118065
2013-06-25,21.59,94.52,21.376307399999998
2013-06-26,21.68,95.09,21.4861041
2013-06-27,22.31,87.56,21.775639799999997
2013-06-28,21.72,84.39,21.1001269
2013-06-29,18.49,92.3,18.3210235
2013-06-30,17.9,88.64,17.687568
2013-07-01,18.09,84.37,17.78138565
2013-07-02,16.91,85.77,16.72138135
2013-07-03,18.34,88.18,18.0903616
2013-07-04,19.94,84.08,19.4636736
2013-07-05,21.23,80.45,20.506356750000002
2013-07-06,22.02,83.48,21.3367328
2013-07-07,22.42,84.22,21.7326232
2013-07-08,23.6,88.26,23.012413000000002
2013-07-09,23.89,91.23,23.43707335
2013-07-10,23.65,85.31,22.910725749999997
2013-07-11,21.01,78.73,20.24842765
2013-07-12,20.7,76.85,19.910584999999998
2013-07-13,21.68,78.92,20.8475508
2013-07-14,23.39,85.59,22.68542305
2013-07-15,25.06,86.19,24.2579152
2013-07-16,26.37,83.06,25.2640721
2013-07-17,27.38,78.11,25.8293124
2013-07-18,27.44,81.39,26.1155263
2013-07-19,27.43,81.95,26.146374249999997
2013-07-20,25.16,82.39,24.1275257
2013-07-21,24.02,75.7,22.747652
2013-07-22,24.47,81.53,23.457197549999997
2013-07-23,23.13,81.24,22.239556599999997
2013-07-24,18.64,69.96,17.9559892
2013-07-25,20.43,59.89,19.12181235
2013-07-26,21.15,78.61,20.36766075
2013-07-27,18.19,84.93,17.88415435
2013-07-28,16.42,73.98,16.1452288
2013-07-29,18.24,74.38,17.712996599999997
2013-07-30,19.76,79.86,19.177349800000002
2013-07-31,20.66,89.07,20.2896916
2013-08-01,20.96,80.36,20.2621908
2013-08-02,21.61,80.08,20.831028399999997
2013-08-03,21.63,78.79,20.798249849999998
2013-08-04,19.96,73.72,19.1708116
2013-08-05,19.78,72.8,18.990112
2013-08-06,22.1,86.08,21.518144
2013-08-07,23.95,86.05,23.22494875
2013-08-08,21.01,77.67,20.210474350000002
2013-08-09,21.82,69.04,20.5735504
2013-08-10,22.05,78.5,21.1572125
2013-08-11,21.79,68.72,20.5358284
2013-08-12,22.37,84.16,21.6843656
2013-08-13,19.18,78.15,18.617581
2013-08-14,17.36,72.2,16.922705999999998
2013-08-15,18.88,67.64,18.1004476
2013-08-16,20.82,67.99,19.7073324
2013-08-17,21.09,73.04,20.112834799999998
2013-08-18,21.18,78.35,20.384579
2013-08-19,22.3,71.61,21.082069
2013-08-20,23.57,75.19,22.33235315
2013-08-21,24.18,75.58,22.879879199999998
2013-08-22,22.86,88.81,22.3454838
2013-08-23,21.76,76.6,20.825638
2013-08-24,21.72,73.74,20.677215399999998
2013-08-25,23.18,69.93,21.7444582
2013-08-26,24.39,75.99,23.08397605
2013-08-27,25.77,75.57,24.255706449999998
2013-08-28,24.16,81.39,23.171250699999998
2013-08-29,23.2,88.5,22.649725
2013-08-30,24.58,80.35,23.490603999999998
2013-08-31,22.26,88.1,21.752108
2013-09-01,23.13,84.69,22.403310849999997
2013-09-02,22.4,79.38,21.504060999999997
2013-09-03,20.08,67.75,19.090247499999997
2013-09-04,20.95,68.8,19.84318
2013-09-05,20.58,72.46,19.659062399999996
2013-09-06,21.04,64.92,19.7781724
2013-09-07,23.47,73.42,22.1586757
2013-09-08,22.51,83.22,21.7707571
2013-09-09,24.05,78.44,22.917561
2013-09-10,26.53,70.35,24.56820775
2013-09-11,25.13,74.72,23.6520048
2013-09-12,22.42,79.6,21.531376
2013-09-13,16.85,74.5,16.520412500000003
2013-09-14,16.81,60.3,16.305611499999998
2013-09-15,16.41,74.68,16.1440134
2013-09-16,15.96,80.29,15.8017287
2013-09-17,16.11,72.66,15.8679043
2013-09-18,19.55,75.89,18.88034475
2013-09-19,22.01,89.93,21.59405865
2013-09-20,21.63,85.56,21.0637354
2013-09-21,16.65,75.33,16.35827725
2013-09-22,15.35,71.04,15.214611999999999
2013-09-23,14.47,74.08,14.4742768
2013-09-24,16.26,74.73,16.0153864
2013-09-25,16.81,73.59,16.474460949999997
2013-09-26,17.36,79.89,17.0436697
2013-09-27,18.21,75.59,17.71191395
2013-09-28,19.03,76.56,18.4459924
2013-09-29,17.48,76.29,17.0913931
2013-09-30,17.33,64.8,16.782111999999998
2013-10-01,18.75,78.81,18.254683749999998
2013-10-02,19.26,76.31,18.6397958
2013-10-03,19.78,86.46,19.3867984
2013-10-04,20.8,88.38,20.397367
2013-10-05,20.89,92.05,20.61059725
2013-10-06,16.22,75.61,15.9892706
2013-10-07,12.36,77.06,12.630003799999999
2013-10-08,16.31,73.04,16.0416132
2013-10-09,15.72,73.83,15.5443993
2013-10-10,15.94,80.57,15.786114399999999
2013-10-11,16.49,73.51,16.20006695
2013-10-12,17.25,81.24,16.966255
2013-10-13,14.03,71.25,14.10431875
2013-10-14,13.48,67.85,13.6603615
2013-10-15,15.18,83.72,15.1191128
2013-10-16,12.1,83.84,12.313312
2013-10-17,10.81,87.08,11.0722114
2013-10-18,9.88,80.44,10.3770196
2013-10-19,9.36,75.37,10.0562901
2013-10-20,10.33,76.03,10.87975195
2013-10-21,10.21,74.41,10.81379605
2013-10-22,5.34,69.96,6.853415200000001
2013-10-23,5.64,73,6.95571
2013-10-24,5.15,71.96,6.591957000000001
2013-10-25,6.3,68.65,7.713885
2013-10-26,8.35,64.44,9.552817000000001
2013-10-27,8.59,63.71,9.769606450000001
2013-10-28,8.26,80.11,8.9426248
2013-10-29,9.5,78.26,10.097850000000001
2013-10-30,10.48,94.15,10.609343500000001
2013-10-31,15.12,96.1,15.106701
2013-11-01,8.95,85.03,9.40695925
2013-11-02,7.38,87.2,7.881248
2013-11-03,7.51,80.04,8.2773622
2013-11-04,9.4,75.13,10.097603500000002
2013-11-05,10.75,87.42,11.0094625
2013-11-06,11.19,87.12,11.4244804
2013-11-07,5.18,72.84,6.572221600000001
2013-11-08,4.55,75.71,5.879270250000001
2013-11-09,8.92,72.12,9.7756372
2013-11-10,5.99,75.12,7.1545084
2013-11-11,4.86,82.8,5.771944000000001
2013-11-12,0.32,71.1,2.573911000000001
2013-11-13,0.23,69.78,2.601816700000001
2013-11-14,3.41,70.18,5.2288709
2013-11-15,5.77,77.91,6.83065135
2013-11-16,7.83,92.45,8.10697175
2013-11-17,13.25,93.07,13.29764375
2013-11-18,4.85,74.95,6.17952875
2013-11-19,1.96,75.15,3.6739045000000004
2013-11-20,3.85,79.11,5.0736317500000006
2013-11-21,6.73,89.75,7.168033750000001
2013-11-22,4.52,87.4,5.211614
2013-11-23,-1.78,74.8,0.47640800000000083
2013-11-24,-4.57,71.91,-1.6237803499999983
2013-11-25,-1.32,70.16,1.2763784000000016
2013-11-26,0.25,86.11,1.3386287500000014
2013-11-27,-3.48,82.06,-1.7059133999999994
2013-11-28,-1.82,72.47,0.6510928000000014
2013-11-29,-1.23,73.08,1.0989838000000014
2013-11-30,2.7,81.44,3.904544000000001
2013-12-01,3.31,91.65,3.82390075
2013-12-02,3.42,79.51,4.668660600000001
2013-12-03,3.6,94.05,3.9567025000000013
2013-12-04,7.02,98.61,7.077184600000001
2013-12-05,1.39,78.88,2.912857600000001
2013-12-06,-4.17,76.57,-1.7640904499999976
2013-12-07,-6.84,80.45,-4.545416499999999
2013-12-08,-3.98,73.57,-1.2936547999999974
2013-12-09,-3.52,87.65,-2.2959914999999986
2013-12-10,-8.4,88.42,-6.9414989999999985
2013-12-11,-6.59,83.5,-4.676082499999999
2013-12-12,-9.35,91.09,-8.181230749999997
2013-12-13,-3.76,84.32,-2.185257599999998
2013-12-14,-0.68,88.34,0.2934934000000011
2013-12-15,-5.13,85.71,-3.5871801499999982
2013-12-16,-6.82,76.85,-4.1054309999999985
2013-12-17,-3.83,91.78,-3.0013006999999985
2013-12-18,-2.8,81.53,-1.0425794999999982
2013-12-19,1.58,92.15,2.137821000000001
2013-12-20,2.05,95.51,2.35745275
2013-12-21,1.36,89.59,2.112330700000001
2013-12-22,0.74,90.05,1.4930160000000012
2013-12-23,-5.48,95.1,-4.941538999999998
2013-12-24,-10.81,98.04,-10.5371582
2013-12-25,-4.97,90.16,-3.9162835999999976
2013-12-26,-3.84,88.84,-2.714290799999999
2013-12-27,-0.84,92.29,-0.1895072999999996
2013-12-28,1.99,90.68,2.6312626000000003
2013-12-29,0.31,90.09,1.0834259500000012
2013-12-30,-9.42,88.24,-7.872854399999997
2013-12-31,-9.84,94.57,-9.113085899999996
2014-01-01,-5.99,91.92,-5.0794244
2014-01-02,-5.55,86.97,-4.113116749999998
2014-01-03,-10.05,90.69,-8.792917249999999
2014-01-04,-4.77,87.92,-3.4897011999999985
2014-01-05,-3.09,91.83,-2.299593349999999
2014-01-06,-19.79,99.85,-19.761710749999995
2014-01-07,-18.71,100,-18.709999999999997
2014-01-08,-12.13,94.36,-11.303937399999999
2014-01-09,-9.82,90.89,-8.601446399999999
2014-01-10,-1.85,97.51,-1.6260867499999998
2014-01-11,1.35,92.5,1.8924375000000015
2014-01-12,-2.22,90.62,-1.3574151999999997
2014-01-13,2.19,90.94,2.8034073000000004
2014-01-14,-2.06,89.73,-1.1246083999999992
2014-01-15,-6.71,82.23,-4.6370406499999985
2014-01-16,-4.64,89.14,-3.4967677999999984
2014-01-17,-8.18,83.71,-6.147985399999998
2014-01-18,-9.11,93.38,-8.250359899999998
2014-01-19,-6.18,91.89,-5.257568599999997
2014-01-20,-1.02,83.89,0.35514960000000073
2014-01-21,-8.86,86.07,-7.070273599999997
2014-01-22,-12.12,90.57,-10.739353699999997
2014-01-23,-14.19,94.35,-13.298458249999998
2014-01-24,-14.15,88.74,-12.375705499999997
2014-01-25,-6.08,81.16,-3.9475003999999982
2014-01-26,-9.35,88.13,-7.792952749999998
2014-01-27,-14.47,89.79,-12.84318965
2014-01-28,-19.04,96.22,-18.342703399999998
2014-01-29,-13.99,89,-12.266354999999999
2014-01-30,-6.53,84.39,-4.724469349999999
2014-01-31,-5.6,79.32,-3.313825999999997
2014-02-01,-3.78,91.06,-2.8811723999999987
2014-02-02,-7.04,89.15,-5.7546005
2014-02-03,-11.34,85.22,-9.239466399999998
2014-02-04,-7.9,75.5,-4.881599999999999
2014-02-05,-4.77,86.37,-3.3254244499999985
2014-02-06,-13.73,93.03,-12.647802949999997
2014-02-07,-14.72,94.61,-13.8537731
2014-02-08,-12.12,96.04,-11.540216399999998
2014-02-09,-8.82,92.39,-7.8439413999999985
2014-02-10,-14.3,92.81,-13.161104
2014-02-11,-14.97,91.52,-13.595519199999996
2014-02-12,-13.61,95.96,-12.985395799999996
2014-02-13,-8.16,94.66,-7.494475799999997
2014-02-14,-7.56,92.57,-6.658518099999997
2014-02-15,-8.71,89.64,-7.387494199999999
2014-02-16,-7.85,92.43,-6.919457749999998
2014-02-17,-7.34,94.39,-6.666126799999998
2014-02-18,-3.45,93.52,-2.810261999999998
2014-02-19,0.63,88.85,1.480577750000002
2014-02-20,1.11,93.59,1.5820644500000007
2014-02-21,0.02,75.6,1.9632160000000014
2014-02-22,-2.97,79.89,-1.0377306499999992
2014-02-23,-6.05,78.47,-3.6165717499999985
2014-02-24,-8.66,84.15,-6.641026999999999
2014-02-25,-8.13,79.24,-5.546106599999998
2014-02-26,-13.75,75.17,-9.892038749999998
2014-02-27,-13.13,66.74,-8.075644099999998
2014-02-28,-13.13,72.67,-8.97679655
2014-03-01,-5.83,86.49,-4.3193793499999975
2014-03-02,-10.99,84.74,-8.850624299999996
2014-03-03,-12.7,82.54,-10.087983999999999
2014-03-04,-9.39,79.49,-6.695088549999998
2014-03-05,-6.5,85.46,-4.820629999999998
2014-03-06,-6.23,83.63,-4.363574449999999
2014-03-07,-2.66,90.67,-1.7794345999999992
2014-03-08,-0.62,88.02,0.3762568000000017
2014-03-09,-3.67,86,-2.270909999999999
2014-03-10,3.81,87.05,4.571395250000001
2014-03-11,2.69,96.95,2.8881127500000012
2014-03-12,-2.07,86.44,-0.8342093999999982
2014-03-13,-5.8,73.48,-2.8390419999999987
2014-03-14,2.86,84.1,3.877918000000001
2014-03-15,0.01,84.45,1.249257250000001
2014-03-16,-5.86,73.2,-2.858936
2014-03-17,-5.9,73.72,-2.9513839999999996
2014-03-18,0.11,87.3,1.1151415000000013
2014-03-19,3.55,91.88,4.039027000000002
2014-03-20,0.47,82.3,1.8358205000000014
2014-03-21,1.76,82.81,2.9645033000000005
2014-03-22,2.29,81.47,3.5343821500000012
2014-03-23,-3.72,68.03,-0.5162862999999991
2014-03-24,-4.54,67.57,-1.1439303999999981
2014-03-25,-3.1,70.43,-0.2376239999999994
2014-03-26,-4.32,62.74,-0.4632173999999991
2014-03-27,2.12,81.49,3.380345900000001
2014-03-28,4.59,87.65,5.263136750000001
2014-03-29,0.18,88.54,1.0825896000000004
2014-03-30,1.42,79.32,2.9077192000000016
2014-03-31,5.77,75.18,6.9617322999999995
2014-04-01,4.84,73.45,6.2506015
2014-04-02,1.63,84.1,2.755481500000001
2014-04-03,1.9,92,2.4544000000000006
2014-04-04,2.9,86.2,3.780440000000001
2014-04-05,1.73,78.97,3.207042050000001
2014-04-06,2.82,75.38,4.401588800000001
2014-04-07,3.09,81.57,4.246574650000001
2014-04-08,5.23,84.37,6.026895550000001
2014-04-09,5.13,78.7,6.2276955
2014-04-10,7.81,77.05,8.65444525
2014-04-11,8.36,59.34,9.7330882
2014-04-12,10.18,75.78,10.7554672
2014-04-13,12,95.61,12.0603625
2014-04-14,6.78,89.15,7.240691000000001
2014-04-15,-0.49,70.77,1.9198673500000016
2014-04-16,2.45,65.49,4.737150250000002
2014-04-17,5.9,78,6.940600000000001
2014-04-18,5.8,85.32,6.502438000000001
2014-04-19,4.89,81.16,5.8857882
2014-04-20,9.62,73.69,10.3261604
2014-04-21,12.18,82.18,12.4073832
2014-04-22,8.24,81.88,8.863871600000001
2014-04-23,3.8,80.19,4.965818500000001
2014-04-24,6.59,76.24,7.6236788
2014-04-25,9.18,76.95,9.854443
2014-04-26,6.22,77.91,7.2259786
2014-04-27,5.87,84.57,6.602384950000001
2014-04-28,7.1,84.85,7.716605
2014-04-29,9.39,86.96,9.7564892
2014-04-30,8.68,87.25,9.0881275
2014-05-01,6.55,85.91,7.16608525
2014-05-02,7.35,86.26,7.890325499999999
2014-05-03,9.16,80.1,9.744463000000001
2014-05-04,8.45,71.88,9.385693
2014-05-05,6.28,78.44,7.254727600000001
2014-05-06,7.25,83.99,7.88839875
2014-05-07,11.54,82.18,11.8301096
2014-05-08,15.44,88.99,15.3830783
2014-05-09,15.45,83.24,15.362428999999999
2014-05-10,12.75,73.94,13.0008275
2014-05-11,14.57,76.32,14.560883200000001
2014-05-12,16.41,97.49,16.38363245
2014-05-13,14.38,94.92,14.3833528
2014-05-14,8.8,88.44,9.162406
2014-05-15,6.58,85.74,7.201165600000001
2014-05-16,4.6,90.31,5.1276205
2014-05-17,7.43,76.04,8.3616846
2014-05-18,10.33,68.08,11.0620852
2014-05-19,11.45,70.71,11.94133975
2014-05-20,15.26,82.65,15.187477
2014-05-21,17.8,77.95,17.3997925
2014-05-22,13.23,80.96,13.3629944
2014-05-23,10.08,89.29,10.3403601
2014-05-24,10.18,81.85,10.611244000000001
2014-05-25,15.23,65.9,15.0930885
2014-05-26,17.97,80.56,17.598987599999997
2014-05-27,18.56,89.61,18.327991299999997
2014-05-28,10.55,92.02,10.723365500000002
2014-05-29,12.66,89.46,12.766664800000001
2014-05-30,13.63,84.66,13.703401900000001
2014-05-31,17.04,75.4,16.696338
2014-06-01,18.34,77.48,17.8643776
2014-06-02,18.93,90.4,18.696096
2014-06-03,18.26,73.94,17.721079200000002
2014-06-04,15.36,79.12,15.2612376
2014-06-05,12.97,82.74,13.1152429
2014-06-06,15.85,63.6,15.57973
2014-06-07,17.71,63.53,17.06612215
2014-06-08,13.19,82.01,13.31961795
2014-06-09,13.48,83.04,13.5751456
2014-06-10,12.51,88.39,12.63707145
2014-06-11,15.12,92.99,15.0960959
2014-06-12,15.34,85.81,15.2744422
2014-06-13,15.25,71.75,15.13346875
2014-06-14,16.71,61.92,16.247137600000002
2014-06-15,17.81,76.8,17.387643999999998
2014-06-16,21.14,76.01,20.2638852
2014-06-17,22.21,82.98,21.4882669
2014-06-18,21.9,90.87,21.528409
2014-06-19,15.43,94.37,15.401202549999999
2014-06-20,19.35,91.06,19.111525500000003
2014-06-21,17.23,89.26,17.0687389
2014-06-22,18.88,91.78,18.681980199999998
2014-06-23,18.74,90.76,18.524523199999997
2014-06-24,20.92,89.62,20.5534822
2014-06-25,16.77,92.79,16.679983149999998
2014-06-26,14.93,88.98,14.9039377
2014-06-27,19.07,84.02,18.6683427
2014-06-28,21.59,88.03,21.123229849999998
2014-06-29,22.07,87.42,21.5462317
2014-06-30,22.05,91.36,21.691224
2014-07-01,21.24,86.32,20.732882399999998
2014-07-02,18.42,84.13,18.077842800000003
2014-07-03,16.45,76.22,16.1949595
2014-07-04,18.42,74.52,17.8706512
2014-07-05,18.79,75.09,18.20224855
2014-07-06,20.78,86.92,20.3282168
2014-07-07,23.27,82.56,22.4287816
2014-07-08,21.92,78.84,21.056460400000002
2014-07-09,19.92,80.57,19.3407917
2014-07-10,19.52,75.96,18.856255599999997
2014-07-11,20.29,72.3,19.4078935
2014-07-12,21.84,87.9,21.351523
2014-07-13,22.77,86.2,22.142307
2014-07-14,21.65,81.52,20.923274
2014-07-15,17.47,78.49,17.11863415
2014-07-16,17.2,75.49,16.8360265
2014-07-17,18.73,70.08,18.0339112
2014-07-18,19.9,75,19.1575
2014-07-19,20.37,72.33,19.47667405
2014-07-20,21.5,74.57,20.520944999999998
2014-07-21,22.59,75.68,21.5078816
2014-07-22,23.26,81.87,22.3864966
2014-07-23,20.16,81.35,19.5794255
2014-07-24,17.92,72.8,17.408368000000003
2014-07-25,18.84,73.51,18.2076837
2014-07-26,21.12,81.62,20.4507842
2014-07-27,22.2,80.29,21.3652815
2014-07-28,17.76,75.98,17.3293214
2014-07-29,18.67,79.76,18.205795600000002
2014-07-30,19.34,81.7,18.852854
2014-07-31,20.02,81.85,19.468965999999998
2014-08-01,21.73,74.38,20.7112207
2014-08-02,21.52,73.85,20.5103485
2014-08-03,22.29,73.38,21.149466099999998
2014-08-04,22.99,74.33,21.791339349999998
2014-08-05,21.27,89.03,20.861532049999997
2014-08-06,20.86,82.98,20.264640399999998
2014-08-07,21.44,78.77,20.6296509
2014-08-08,21.67,77.23,20.772065050000002
2014-08-09,21.46,77.85,20.612098
2014-08-10,21.67,79.86,20.875779100000003
2014-08-11,22.34,85.01,21.6936312
2014-08-12,19.76,85.01,19.3263393
2014-08-13,20.09,76.72,19.3742564
2014-08-14,18.38,74.62,17.8383908
2014-08-15,18.92,60.53,17.9604843
2014-08-16,21.4,78.36,20.578761999999998
2014-08-17,20.54,90.53,20.2254066
2014-08-18,20.92,83.76,20.3465656
2014-08-19,23.4,82.41,22.538969499999997
2014-08-20,23.31,79.34,22.308919699999997
2014-08-21,23.39,90.14,22.9078953
2014-08-22,24.5,91.61,24.03855
2014-08-23,23.76,91.55,23.3296415
2014-08-24,23.25,92.06,22.8678875
2014-08-25,24.54,91.4,24.065108
2014-08-26,23.52,90.65,23.0561465
2014-08-27,21.75,78.09,20.87633875
2014-08-28,20.62,74.57,19.7640262
2014-08-29,22.85,84.69,22.14688825
2014-08-30,23.77,86.11,23.06181835
2014-08-31,23.24,83.5,22.446845
2014-09-01,23.44,85.83,22.7432611
2014-09-02,22.6,80.47,21.7299385
2014-09-03,22.78,75.86,21.6806644
2014-09-04,22.97,85.26,22.283337099999997
2014-09-05,24.43,89.8,23.872926999999997
2014-09-06,19.77,73.53,19.00276705
2014-09-07,20.37,68.77,19.36173945
2014-09-08,20.12,69.66,19.182190600000002
2014-09-09,20.84,78.3,20.083320999999998
2014-09-10,21.72,88.93,21.2804103
2014-09-11,14.21,83.78,14.2358709
2014-09-12,13.78,82.63,13.8487852
2014-09-13,11.34,80.43,11.6801266
2014-09-14,13.65,67.89,13.80011425
2014-09-15,15,78.09,14.9397475
2014-09-16,14.78,71.65,14.736341
2014-09-17,15.25,68.26,15.1190725
2014-09-18,16.14,72.87,15.8952874
2014-09-19,16.72,81.19,16.4903299
2014-09-20,18.24,83.71,17.9049147
2014-09-21,17.03,82.94,16.7926101
2014-09-22,14.05,72.09,14.11907725
2014-09-23,15.55,73.83,15.398868250000001
2014-09-24,16.73,76.33,16.43968745
2014-09-25,17.58,78.12,17.209352799999998
2014-09-26,17.85,77.74,17.4398595
2014-09-27,17.72,84.37,17.443192699999997
2014-09-28,18.45,81.15,18.04048375
2014-09-29,19.23,78.73,18.67666095
2014-09-30,13.71,84.97,13.77530535
2014-10-01,15.01,78.57,14.949888849999999
2014-10-02,18.3,88.72,18.064248
2014-10-03,16.38,85.17,16.226657799999998
2014-10-04,8.03,77.63,8.82603645
2014-10-05,9.25,75.35,9.961768750000001
2014-10-06,12.15,74.18,12.4837235
2014-10-07,12.89,76.45,13.098535250000001
2014-10-08,12.76,71.91,13.0288213
2014-10-09,12.31,63.03,12.75530365
2014-10-10,11.64,66.15,12.1724605
2014-10-11,11.46,61.76,12.099372800000001
2014-10-12,11.65,71.04,12.103948
2014-10-13,15.06,91.51,15.0338508
2014-10-14,16.76,90.46,16.641417800000003
2014-10-15,13.16,92.39,13.2160857
2014-10-16,12.94,90.43,13.0221106
2014-10-17,12.83,87.46,12.9451799
2014-10-18,9.73,82.25,10.19567125
2014-10-19,8.83,76.82,9.5528683
2014-10-20,11.55,86.02,11.776825500000001
2014-10-21,10.4,84.51,10.749299500000001
2014-10-22,9.56,73.25,10.2867975
2014-10-23,9.7,82.2,10.16992
2014-10-24,12.26,86.16,12.4305088
2014-10-25,14.24,79.87,14.268785900000001
2014-10-26,11.32,68.29,11.8746079
2014-10-27,14.29,77.56,14.315918199999999
2014-10-28,14.52,76.73,14.517440299999999
2014-10-29,8.6,75.25,9.4031375
2014-10-30,8.33,68.69,9.39250485
2014-10-31,6.34,79.47,7.261386400000001
2014-11-01,4.84,71.88,6.334015600000001
2014-11-02,5.83,69.05,7.305850750000001
2014-11-03,9.55,70.41,10.355587750000002
2014-11-04,11.13,75.23,11.589111950000001
2014-11-05,7.92,82.7,8.546087
2014-11-06,8.14,81.63,8.782582600000001
2014-11-07,4.77,74.85,6.11590225
2014-11-08,6.68,74.53,7.775464700000001
2014-11-09,6.15,68.54,7.594800500000001
2014-11-10,9.27,82.03,9.78690705
2014-11-11,8.88,82.92,9.4079428
2014-11-12,0.53,76.77,2.314877050000001
2014-11-13,-0.75,77.09,1.1715762500000004
2014-11-14,-0.86,75.61,1.2004672000000012
2014-11-15,-1.19,73.12,1.1296096000000002
2014-11-16,-0.3,83.57,1.0374020000000013
2014-11-17,-4.09,88.24,-2.8875987999999975
2014-11-18,-6.83,90.73,-5.742489949999999
2014-11-19,-2.58,79.74,-0.6767755999999989
2014-11-20,-2.87,76.28,-0.6039097999999985
2014-11-21,-3.16,69.34,-0.18199419999999922
2014-11-22,3.2,85.6,4.094960000000001
2014-11-23,7.37,94.44,7.588035400000001
2014-11-24,4.83,92.62,5.2225053
2014-11-25,-1.87,84.15,-0.44294524999999907
2014-11-26,-2.05,82.77,-0.4816392499999982
2014-11-27,-1.35,84.37,0.012545250000000951
2014-11-28,-3.02,75.84,-0.691942399999999
2014-11-29,3.32,90.78,3.886937800000001
2014-11-30,4.69,89.43,5.260304350000001
2014-12-01,-2.65,76.61,-0.4437382499999991
2014-12-02,-0.72,77.29,1.1810541000000008
2014-12-03,0.27,82.18,1.6646823000000006
2014-12-04,0.1,66.2,2.776960000000001
2014-12-05,2.12,84.77,3.157010700000001
2014-12-06,3.61,84.15,4.559335750000001
2014-12-07,1.87,72.61,3.772646350000001
2014-12-08,1.96,87.31,2.8352293000000004
2014-12-09,2.65,89.43,3.3388997500000004
2014-12-10,1.86,79.93,3.2552664
2014-12-11,-0.25,81.18,1.2767725000000008
2014-12-12,-0.68,90.56,0.10814560000000106
2014-12-13,3.25,95.9,3.5036875000000007
2014-12-14,5,98.33,5.087257500000001
2014-12-15,5.59,95.95,5.7884702500000005
2014-12-16,5.32,90.8,5.784508000000001
2014-12-17,-0.96,79.12,0.8154264000000009
2014-12-18,-2.03,80.67,-0.2726130499999988
2014-12-19,-0.24,76.81,1.6400133000000012
2014-12-20,0.43,75.34,2.3383141000000003
2014-12-21,1.04,82.34,2.347369800000001
2014-12-22,1.53,89.4,2.2861510000000003
2014-12-23,4.47,92.89,4.86222315
2014-12-24,3.54,92.71,3.979441200000001
2014-12-25,2.19,85.27,3.1872946500000015
2014-12-26,3.69,88.86,4.352328700000001
2014-12-27,5.27,91.1,5.721808500000001
2014-12-28,-0.5,74.53,1.6012750000000011
2014-12-29,-0.26,70.68,2.1201976
2014-12-30,-4.33,73.85,-1.6217752499999984
2014-12-31,-8.61,84.26,-6.609367299999999
2015-01-01,-4.57,80.03,-2.4754465499999987
2015-01-02,-1.1,79.24,0.6812080000000016
2015-01-03,1.03,90.85,1.7078777500000015
2015-01-04,-0.59,90.32,0.2133916000000018
2015-01-05,-12.75,98.24,-12.486219999999996
2015-01-06,-10.04,96.89,-9.6202432999999985
2015-01-07,-12.05,99.1,-11.918577499999998
2015-01-08,-14.39,99.77,-14.35345415
2015-01-09,-10.58,94.48,-9.8185712
2015-01-10,-10.91,94.49,-10.139949949999997
2015-01-11,-3.32,84.54,-1.8047653999999989
2015-01-12,-2.93,85.61,-1.5505026499999988
2015-01-13,-6.25,77.61,-3.694741249999999
2015-01-14,-8.16,88.82,-6.766636599999998
2015-01-15,-4.37,92.86,-3.6289750999999995
2015-01-16,-1.49,86.07,-0.2649261499999984
2015-01-17,0.45,90.69,1.1694302500000016
2015-01-18,1.35,88,2.217900000000001
2015-01-19,0.72,86.67,1.730280700000001
2015-01-20,0.99,92.22,1.5680929000000015
2015-01-21,0.2,89.19,1.0502065000000014
2015-01-22,-0.92,78.2,0.928858000000001
2015-01-23,-0.85,83.02,0.5835365000000013
2015-01-24,0.29,89.7,1.0949965000000006
2015-01-25,-0.08,89.79,0.738739900000001
2015-01-26,-3.49,70.35,-0.5562807499999982
2015-01-27,-2.11,76.79,0.010349550000000374
2015-01-28,-1.91,72.34,0.5864533000000007
2015-01-29,0.86,83.55,2.094079000000001
2015-01-30,-2.47,65.26,0.7724579
2015-01-31,-2.13,78.53,-0.16624644999999916
2015-02-01,-1.08,91.53,-0.3542056999999985
2015-02-02,-6.18,84.97,-4.470487799999997
2015-02-03,-7.62,92.63,-6.723365799999998
2015-02-04,-5.34,90.04,-4.253164799999999
2015-02-05,-11.59,83.18,-9.176414099999999
2015-02-06,-8.69,92.86,-7.779328699999999
2015-02-07,-1.33,94.13,-0.8189284499999981
2015-02-08,1.39,96.99,1.6070360500000012
2015-02-09,-2.35,84.03,-0.8699802499999991
2015-02-10,-2.93,76.72,-0.6982627999999984
2015-02-11,-1.28,82.26,0.2596546000000006
2015-02-12,-7.93,79.04,-5.344269599999999
2015-02-13,-9.54,83.13,-7.309448599999996
2015-02-14,-8.67,79.1,-6.006608499999997
2015-02-15,-12.63,81.96,-9.938161399999998
2015-02-16,-11.25,72.84,-7.403464999999999
2015-02-17,-9.01,75.95,-5.90021475
2015-02-18,-12.32,77.83,-9.049703299999997
2015-02-19,-16.71,82.86,-13.7678333
2015-02-20,-14.29,83.96,-11.750146199999996
2015-02-21,-6.36,91.65,-5.4020045
2015-02-22,-6.65,80.54,-4.3863155
2015-02-23,-14.72,78.07,-11.195629699999998
2015-02-24,-10.52,82.36,-8.092559599999998
2015-02-25,-7.23,75.69,-4.324590349999999
2015-02-26,-7.95,81.92,-5.717571999999999
2015-02-27,-12.53,83.26,-10.041347899999998
2015-02-28,-13.04,86.87,-11.0511989
2015-03-01,-6.6,90.45,-5.491722499999999
2015-03-02,-6.85,84.67,-5.049874749999997
2015-03-03,-2.92,89.91,-1.9532770999999984
2015-03-04,-5.14,76.09,-2.557241799999999
2015-03-05,-11.25,76,-7.850999999999998
2015-03-06,-10.95,85.56,-8.928760999999998
2015-03-07,-1.44,90.28,-0.5878475999999989
2015-03-08,0.24,81.41,1.6980137000000013
2015-03-09,1.85,82.93,3.0376452500000006
2015-03-10,3.13,90.54,3.7215811000000003
2015-03-11,2.91,91.08,3.478605400000001
2015-03-12,2.75,74.18,4.4186175
2015-03-13,4.72,80.79,5.753305900000001
2015-03-14,5.51,85.95,6.20470225
2015-03-15,3.96,81.55,5.0295465
2015-03-16,8.25,82.38,8.8556875
2015-03-17,3.28,72.9,4.9523410000000005
2015-03-18,1.65,57.35,4.664288750000001
2015-03-19,2.33,65.98,4.6071287000000005
2015-03-20,3.5,81.92,4.593840000000001
2015-03-21,3.13,87.19,3.931073350000001
2015-03-22,-1.65,73.62,0.6932035000000005
2015-03-23,-1.22,78.56,0.6337024000000013
2015-03-24,-1.63,74.45,0.6366682500000009
2015-03-25,3.28,84.22,4.253783800000001
2015-03-26,2.2,78.3,3.668005000000001
2015-03-27,-2.97,72.1,-0.2892284999999988
2015-03-28,-4.49,65.11,-0.8459139499999981
2015-03-29,-0.83,72.52,1.4869762000000017
2015-03-30,4.27,76.49,5.592790150000001
2015-03-31,5.81,80.03,6.7644661500000005
2015-04-01,7.97,71.28,9.001478800000001
2015-04-02,9.29,82.93,9.77914085
2015-04-03,6.22,73.29,7.4363734
2015-04-04,2.87,71.48,4.694281800000001
2015-04-05,7.3,63.75,8.7355
2015-04-06,7.28,79.99,8.074597100000002
2015-04-07,4.1,93.28,4.484384
2015-04-08,5.01,94.99,5.27149695
2015-04-09,10,99.62,10.009405000000001
2015-04-10,8.47,76.89,9.236443150000001
2015-04-11,6.77,74.45,7.85625825
2015-04-12,8.07,71.5,9.0779025
2015-04-13,10.16,73.52,10.7920776
2015-04-14,8.38,59.78,9.7338052
2015-04-15,7.32,65.7,8.674507
2015-04-16,6.88,81.36,7.6612024000000005
2015-04-17,11.39,81.14,11.7126003
2015-04-18,10.87,73.59,11.39727565
2015-04-19,9.03,76.78,9.7285737
2015-04-20,7.67,86.68,8.1703658
2015-04-21,5.89,69.3,7.3437985
2015-04-22,4.09,68.89,5.87120305
2015-04-23,4.64,69.43,6.2978111
2015-04-24,6.46,60.41,8.2106698
2015-04-25,5.31,87.26,5.9539433
2015-04-26,5.22,78.96,6.293881600000001
2015-04-27,5.33,81.27,6.274647550000001
2015-04-28,5.43,84.18,6.2191807
2015-04-29,6.61,78.02,7.563822100000001
2015-04-30,5.31,84.3,6.103556500000001
2015-05-01,7.17,82.96,7.856967600000001
2015-05-02,13.05,62.31,13.350577750000001
2015-05-03,14.21,70.03,14.25780215
2015-05-04,13.48,89.58,13.5384562
2015-05-05,8.78,93.44,8.9863776
2015-05-06,12.2,90.2,12.32397
2015-05-07,15.59,79.85,15.46920075
2015-05-08,17.09,87.93,16.91806285
2015-05-09,12.19,96.66,12.232434699999999
2015-05-10,7.61,95.72,7.772190600000001
2015-05-11,12.26,91.94,12.3592992
2015-05-12,9.55,75.28,10.223002000000001
2015-05-13,6.66,80.88,7.484454400000001
2015-05-14,8.87,80.73,9.466695549999999
2015-05-15,14.55,84.66,14.5457815
2015-05-16,17.65,86.29,17.41247425
2015-05-17,16.48,92.49,16.3982161
2015-05-18,16.39,85.23,16.236465850000002
2015-05-19,9.46,73.33,10.199292400000001
2015-05-20,6.56,74.23,7.6853759
2015-05-21,9.5,69.44,10.3404
2015-05-22,10.92,69.3,11.524483
2015-05-23,13.71,63.96,13.8665938
2015-05-24,15.23,79.55,15.147893250000001
2015-05-25,17.15,84.07,16.91782025
2015-05-26,17.22,88.1,17.041976
2015-05-27,16.7,82.05,16.482805
2015-05-28,17.75,65,17.124375
2015-05-29,17.7,84.6,17.42896
2015-05-30,14.22,93.41,14.230148600000001
2015-05-31,8.82,85.82,9.2629832
2015-06-01,9.1,78.39,9.741817
2015-06-02,11.32,74.77,11.761272700000001
2015-06-03,13.86,77.37,13.9396576
2015-06-04,16.5,78.87,16.26757
2015-06-05,14.04,83.73,14.0811631
2015-06-06,11.89,87.13,12.07474885
2015-06-07,15.73,91.73,15.67405345
2015-06-08,18.1,82.65,17.75647
2015-06-09,18.18,74.33,17.6604392
2015-06-10,19.87,80.3,19.2881605
2015-06-11,15.83,86.3,15.7297845
2015-06-12,15.77,94.9,15.7343765
2015-06-13,16.37,86.38,16.2299183
2015-06-14,20.31,87.66,19.915675299999997
2015-06-15,20.83,87.91,20.40908665
2015-06-16,15.44,90.24,15.389540799999999
2015-06-17,14.06,89.08,14.0864264
2015-06-18,18.74,89.77,18.5014364
2015-06-19,13.31,87.49,13.391877950000001
2015-06-20,16.72,86.77,16.5584617
2015-06-21,20.65,82.9,20.071592499999998
2015-06-22,21.02,87.2,20.560992
2015-06-23,20.17,79.93,19.54411705
2015-06-24,19.89,71.72,19.0516394
2015-06-25,19.1,89.99,18.846747
2015-06-26,17.11,92.16,16.9974568
2015-06-27,16.9,84.35,16.69342
2015-06-28,18.35,71.36,17.743548
2015-06-29,18.33,87.38,18.064159699999998
2015-06-30,18.4,88.55,18.154397499999998
2015-07-01,15.14,85.11,15.0875872
2015-07-02,15.47,86.05,15.39557675
2015-07-03,17.61,86.48,17.378740399999998
2015-07-04,19.71,72.82,18.9311571
2015-07-05,21.5,72.37,20.436245
2015-07-06,21.88,82.56,21.172110399999998
2015-07-07,18.52,84.26,18.1719886
2015-07-08,16.34,78.06,16.1179672
2015-07-09,18,85.38,17.718564999999998
2015-07-10,19.07,78.59,18.53185965
2015-07-11,19.93,78.38,19.2843187
2015-07-12,20.67,87.98,20.2621013
2015-07-13,22.48,90.42,22.0595338
2015-07-14,21.84,89,21.39593
2015-07-15,17.94,79.82,17.5581944
2015-07-16,19.26,86.27,18.9005486
2015-07-17,23.99,87.27,23.325557649999997
2015-07-18,24.66,92.45,24.238106
2015-07-19,23.97,85.48,23.2137258
2015-07-20,22.77,75.42,21.6519787
2015-07-21,21.91,77.88,21.008499399999998
2015-07-22,22.07,67.53,20.71811155
2015-07-23,22.89,67.9,21.408745500000002
2015-07-24,23.14,70.92,21.7581184
2015-07-25,23.7,81.92,22.785152
2015-07-26,22.75,84.54,22.048502499999998
2015-07-27,23.76,79.08,22.6945444
2015-07-28,24.72,81.14,23.659879399999998
2015-07-29,25.37,77.71,24.03739235
2015-07-30,23.63,70.17,22.132086549999997
2015-07-31,23.94,67.55,22.255196
2015-08-01,23.02,66.31,21.441286599999998
2015-08-02,24.68,81.94,23.6688206
2015-08-03,23.65,74.17,22.35010525
2015-08-04,22.48,64.46,20.9201494
2015-08-05,22.71,61.64,20.9778542
2015-08-06,22.29,73.09,21.13704105
2015-08-07,22.63,74.63,21.49558045
2015-08-08,23.11,78.04,22.0700842
2015-08-09,22.25,85.76,21.64302
2015-08-10,23.34,84.73,22.5975726
2015-08-11,22.39,80.94,21.5628913
2015-08-12,21.35,71.81,20.28794175
2015-08-13,22.29,73.37,21.14903765
2015-08-14,24.12,81.06,23.1178846
2015-08-15,24.52,79.36,23.382529599999998
2015-08-16,25.21,80.31,24.05016055
2015-08-17,25,79.99,23.8444225
2015-08-18,23.69,86.96,23.0308932
2015-08-19,23.15,80.71,22.232278249999997
2015-08-20,19.22,73.5,18.532059999999998
2015-08-21,20.79,70.67,19.77532865
2015-08-22,21.96,72.03,20.8123909
2015-08-23,21.73,74.13,20.70127945
2015-08-24,19.42,66.09,18.5023954
2015-08-25,18.33,66.86,17.6319059
2015-08-26,17.88,76.36,17.4405324
2015-08-27,18.39,71.28,17.7755356
2015-08-28,19.6,81.56,19.082758000000002
2015-08-29,20.39,85.86,19.9319347
2015-08-30,21.15,88.26,20.7206095
2015-08-31,22.17,84.56,21.5186636
2015-09-01,24.36,81.93,23.3800639
2015-09-02,25.05,82.09,24.01077225
2015-09-03,24.9,81.3,23.83036
2015-09-04,22.23,88.18,21.7274727
2015-09-05,23.05,88.31,22.50027775
2015-09-06,24.76,81.3,23.704759
2015-09-07,25.01,77.29,23.69724845
2015-09-08,24.53,84.84,23.6936986
2015-09-09,21.16,84.06,20.5761178
2015-09-10,20.31,73.08,19.4497714
2015-09-11,18.54,84.39,18.1931458
2015-09-12,15.81,74,15.622670000000001
2015-09-13,16.7,62.32,16.244072
2015-09-14,18.5,69.82,17.83604
2015-09-15,20.8,71.19,19.8017335
2015-09-16,20.52,72.21,19.5998731
2015-09-17,20.96,76.75,20.1339275
2015-09-18,21.84,90.2,21.444374
2015-09-19,18.93,80.78,18.4617047
2015-09-20,17.82,68.46,17.2440796
2015-09-21,17.34,70.48,16.8788976
2015-09-22,18.31,72.8,17.740024
2015-09-23,19.09,74.25,18.43994125
2015-09-24,18.79,84.73,18.429704349999998
2015-09-25,18.62,88.02,18.348533200000002
2015-09-26,18.96,82.29,18.525573700000002
2015-09-27,19.22,82.81,18.7737476
2015-09-28,20.37,85.69,19.90800165
2015-09-29,18.64,85.23,18.3036871
2015-09-30,15.03,67.81,14.93616615
2015-10-01,14.17,68.47,14.22722695
2015-10-02,13.82,63.79,13.955425400000001
2015-10-03,12.37,66.24,12.7654984
2015-10-04,12.64,87.76,12.7652152
2015-10-05,14.71,89.81,14.698230550000002
2015-10-06,15.24,87.12,15.1875784
2015-10-07,15.36,87.95,15.303003499999999
2015-10-08,16.16,79.65,15.9742045
2015-10-09,14.99,83.06,14.9443467
2015-10-10,13.66,69.52,13.8008176
2015-10-11,15.41,76.04,15.2900802
2015-10-12,17.05,73.47,16.67791675
2015-10-13,13.16,70.87,13.3746881
2015-10-14,12.35,71.72,12.684410999999999
2015-10-15,13.2,68.78,13.423223
2015-10-16,10.59,68.48,11.2678376
2015-10-17,8.07,60.78,9.4570153
2015-10-18,9.93,57.7,10.9932105
2015-10-19,12.63,59.54,13.0461311
2015-10-20,15.54,61.71,15.320981199999999
2015-10-21,16.13,77.9,15.931873499999998
2015-10-22,14.24,77.44,14.2722608
2015-10-23,13.07,75.93,13.25931055
2015-10-24,15.68,86.92,15.5951108
2015-10-25,11.84,72.08,12.2484696
2015-10-26,11.78,72.6,12.189904
2015-10-27,12.12,75.85,12.436123499999999
2015-10-28,12.09,88.37,12.24415565
2015-10-29,6.88,73.86,7.975527400000001
2015-10-30,9.49,76.57,10.135613650000002
2015-10-31,9.97,84.83,10.347960550000002
2015-11-01,11.2,83,11.50855
2015-11-02,13.22,75.77,13.390579200000001
2015-11-03,13.89,79.08,13.9601866
2015-11-04,14.52,89.27,14.5188197
2015-11-05,15.91,86.8,15.807634
2015-11-06,12.67,81.06,12.8606311
2015-11-07,8.39,74.4,9.250288000000001
2015-11-08,8.15,58.03,9.615802250000002
2015-11-09,8.67,61.95,9.89007325
2015-11-10,10.16,61.73,11.0735049
2015-11-11,10.49,70.52,11.140181400000001
2015-11-12,9.93,79.96,10.433705400000001
2015-11-13,6.18,70.06,7.5500544000000005
2015-11-14,6.53,67.15,7.96997975
2015-11-15,9.76,78.25,10.3270225
2015-11-16,10.29,72.83,10.91912135
2015-11-17,10.65,87.82,10.9079115
2015-11-18,13.84,82.42,13.9038154
2015-11-19,7.53,70.87,8.64669855
2015-11-20,3.89,62.27,6.091734150000001
2015-11-21,2.47,86.6,3.3566110000000013
2015-11-22,-1.57,80.8,0.12699200000000133
2015-11-23,1.49,80.53,2.8831758500000007
2015-11-24,3.91,86.07,4.7213528500000015
2015-11-25,6.55,85.76,7.172644
2015-11-26,10.74,87.83,10.9916756
2015-11-27,7.84,90.47,8.1890839
2015-11-28,4.09,75.96,5.466410200000001
2015-11-29,3.66,75.12,5.1433456
2015-11-30,5.13,76.77,6.32715805
2015-12-01,6.13,81.1,7.000061500000001
2015-12-02,2.34,89.49,3.042908800000001
2015-12-03,2.59,88.01,3.37540495
2015-12-04,3.29,89.52,3.9361444000000008
2015-12-05,2.96,90.61,3.5559833000000003
2015-12-06,3.59,89.94,4.193650300000001
2015-12-07,3.84,93.42,4.2257854
2015-12-08,4.88,93.67,5.2149203
2015-12-09,6.99,92.87,7.284504650000001
2015-12-10,8.13,88.8,8.522392000000002
2015-12-11,6.69,85.02,7.333465900000001
2015-12-12,10.44,93.86,10.5771062
2015-12-13,12.15,97.72,12.179469000000001
2015-12-14,11.18,89.12,11.3786688
2015-12-15,5.12,84.56,5.916549600000001
2015-12-16,6.04,87.89,6.603478300000001
2015-12-17,1.66,77.83,3.2256454000000008
2015-12-18,-0.57,76.4,1.3860860000000006
2015-12-19,-1.67,76.57,0.4137470500000022
2015-12-20,2.75,78.08,4.166580000000001
2015-12-21,6.63,91.05,7.01740075
2015-12-22,4.73,91.31,5.196957150000001
2015-12-23,7.84,96.04,7.9850548
2015-12-24,5.53,80.88,6.473285200000001
2015-12-25,3.87,87.25,4.61542875
2015-12-26,4.56,88.19,5.205652700000001
2015-12-27,4.53,86.62,5.263692300000001
2015-12-28,1.34,82.75,2.5885550000000013
2015-12-29,1.56,92.74,2.0766942000000017
2015-12-30,-1.56,86.87,-0.4002270999999997
2015-12-31,-2.66,89.53,-1.6718413999999993
2016-01-01,-3.63,91.5,-2.7824224999999987
2016-01-02,-2.01,91.44,-1.2327091999999977
2016-01-03,-1.52,86.55,-0.33492049999999884
2016-01-04,-1.86,81.03,-0.1530793999999991
2016-01-05,-3.34,84.43,-1.8122715999999996
2016-01-06,-1.4,90.69,-0.5858404999999981
2016-01-07,1.91,87.55,2.7721002500000007
2016-01-08,3.05,92.81,3.5027902500000003
2016-01-09,2.67,93.87,3.0688484500000004
2016-01-10,-4.89,92.61,-4.101893449999999
2016-01-11,-11.3,98.83,-11.133976999999998
2016-01-12,-7.79,95.42,-7.228514899999999
2016-01-13,-10.1,98.44,-9.888931999999997
2016-01-14,0.27,93.69,0.7638521500000014
2016-01-15,3,95.22,3.3023350000000002
2016-01-16,-1.31,78.79,0.5343155500000001
2016-01-17,-11.02,93.58,-10.118888799999999
2016-01-18,-13.44,97.8,-13.101925999999997
2016-01-19,-11.58,92.08,-10.4439552
2016-01-20,-6.87,81.93,-4.746142549999998
2016-01-21,-5.24,82.41,-3.3302536999999983
2016-01-22,-2.1,79.24,-0.20461199999999802
2016-01-23,-0.92,70.79,1.5573001000000009
2016-01-24,-1.99,86.06,-0.7257116999999988
2016-01-25,0.1,91.77,0.7518160000000016
2016-01-26,0.69,86.96,1.6804532000000016
2016-01-27,-2.39,80.25,-0.5553237499999986
2016-01-28,0.37,87.19,1.3655291500000015
2016-01-29,-1.75,67.14,1.186862500000001
2016-01-30,1.56,88.93,2.3478519
2016-01-31,3.23,97.2,3.4035580000000007
2016-02-01,1.38,87.56,2.2776704000000003
2016-02-02,2,89.52,2.7205000000000013
2016-02-03,2.37,91.51,2.9364103500000005
2016-02-04,-2.56,77.48,-0.4469483999999997
2016-02-05,-1.24,83.82,0.16070260000000203
2016-02-06,-0.25,79.81,1.387913750000001
2016-02-07,2.33,86.06,3.263073900000001
2016-02-08,0.01,82.59,1.3974899500000004
2016-02-09,-4.71,87.19,-3.356559449999998
2016-02-10,-7.27,84.15,-5.372200249999999
2016-02-11,-7.8,79.4,-5.273409999999999
2016-02-12,-6.27,72.06,-3.078274099999999
2016-02-13,-10.86,83.72,-8.589265599999997
2016-02-14,-8.48,77.89,-5.685517099999998
2016-02-15,-4.87,91.86,-4.002805099999998
2016-02-16,-2.43,81.86,-0.7408938999999988
2016-02-17,-2.69,88.07,-1.5620781499999983
2016-02-18,-2.67,79.54,-0.7378598999999995
2016-02-19,6.14,80.32,7.0448864
2016-02-20,5.85,79.03,6.84764775
2016-02-21,2.61,90.85,3.2083642500000016
2016-02-22,0.89,83.4,2.1325930000000004
2016-02-23,0.92,85.11,2.032134100000001
2016-02-24,1.37,82.83,2.6099315500000015
2016-02-25,0.65,79.61,2.2032082500000008
2016-02-26,-0.25,68.72,2.287590000000001
2016-02-27,1.52,81.88,2.8135868000000013
2016-02-28,6.41,85.77,7.043163850000001
2016-02-29,2.66,79.44,3.998867200000001
2016-03-01,-1.13,83.82,0.2609137000000019
2016-03-02,-3.65,66.12,-0.2679289999999992
2016-03-03,-0.82,79.43,0.9132282000000006
2016-03-04,-0.69,71.06,1.7277923000000004
2016-03-05,0.39,89.83,1.179242850000001
2016-03-06,1.53,83.98,2.6727867000000005
2016-03-07,5.78,91.45,6.190058000000001
2016-03-08,9.53,92.49,9.73528585
2016-03-09,10,97.01,10.0740025
2016-03-10,5.19,91.23,5.639067850000001
2016-03-11,2.93,92.7,3.3945355000000004
2016-03-12,3.06,93.12,3.492889600000001
2016-03-13,4.96,95.19,5.212380700000001
2016-03-14,5.1,94.03,5.4086490000000005
2016-03-15,4.99,93.78,5.315337100000001
2016-03-16,8.27,78.65,9.00155775
2016-03-17,5.64,73.59,6.9269593
2016-03-18,2.9,83.69,3.9405780000000012
2016-03-19,2.13,84.39,3.192026350000001
2016-03-20,1.89,77.26,3.4671327
2016-03-21,2.72,73.29,4.4505409
2016-03-22,6.59,78.07,7.54406465
2016-03-23,5.08,92.28,5.479973200000001
2016-03-24,4.1,96.41,4.305348000000001
2016-03-25,1.16,80.79,2.569437700000001
2016-03-26,3.17,86.2,4.029947000000001
2016-03-27,6.69,87.13,7.242830850000001
2016-03-28,5.11,82.54,6.011721700000001
2016-03-29,4.86,76.29,6.117104200000001
2016-03-30,6.94,81.31,7.717130200000001
2016-03-31,11.45,94.84,11.536558999999999
2016-04-01,5.54,79.78,6.536441600000001
2016-04-02,1.84,76.61,3.4686457000000006
2016-04-03,3.81,64.09,5.921328450000001
2016-04-04,2.79,79.51,4.10965845
2016-04-05,1.09,65.72,3.618321400000001
2016-04-06,5.97,83.4,6.748789
2016-04-07,3.61,85.86,4.4569153
2016-04-08,2.54,81.94,3.727986800000001
2016-04-09,-0.71,70.27,1.7770631500000014
2016-04-10,3.19,78.38,4.534872100000001
2016-04-11,6.11,81.66,6.956299300000001
2016-04-12,2.97,71.86,4.754498100000001
2016-04-13,4.59,75.74,5.912291300000001
2016-04-14,6.06,77.15,7.120697
2016-04-15,7.42,78.33,8.2638298
2016-04-16,9.09,84.18,9.5607241
2016-04-17,11.9,75,12.2575
2016-04-18,14.8,62.25,14.7377125
2016-04-19,8.12,90.27,8.4614257
2016-04-20,10.6,76.1,11.112655
2016-04-21,13.25,87.35,13.33696875
2016-04-22,7.56,89.05,7.9779615
2016-04-23,6.3,87.02,6.885398
2016-04-24,9.86,84.6,10.253008
2016-04-25,14.61,82.29,14.59928545
2016-04-26,8.54,93.23,8.7619206
2016-04-27,6.78,84.63,7.432610200000001
2016-04-28,7.42,89.26,7.838215600000001
2016-04-29,6.37,93.37,6.666460450000001
2016-04-30,6.81,93.01,7.10564205
2016-05-01,6.92,95.43,7.1105233
2016-05-02,7.32,85.56,7.8902356000000005
2016-05-03,9.21,74.34,9.9565777
2016-05-04,8.61,82.51,9.17658855
2016-05-05,6.74,86.57,7.313192400000001
2016-05-06,11.65,74.78,12.0453235
2016-05-07,11.88,79.22,12.1794398
2016-05-08,11.06,58.18,11.851234400000001
2016-05-09,9.93,81.51,10.39474615
2016-05-10,11.66,92.47,11.7776186
2016-05-11,13.04,90.77,13.114116899999999
2016-05-12,13.51,88.96,13.5701128
2016-05-13,11.34,79.76,11.6917712
2016-05-14,7.33,77.56,8.2149214
2016-05-15,6.31,67.64,7.7676562
2016-05-16,9.9,71.07,10.631929000000001
2016-05-17,9.24,87.84,9.5917888
2016-05-18,9.02,80.8,9.598688
2016-05-19,10.66,67.54,11.3455552
2016-05-20,11.3,79.54,11.660096000000001
2016-05-21,11.87,75.76,12.220631599999999
2016-05-22,13.41,68.04,13.6016002
2016-05-23,14.77,71.14,14.7271429
2016-05-24,16.94,71.36,16.5556512
2016-05-25,18.96,82.48,18.5302344
2016-05-26,18.3,93.26,18.159134
2016-05-27,18.78,92,18.59168
2016-05-28,18.46,89.95,18.241111
2016-05-29,18.61,84.78,18.265951899999997
2016-05-30,18.87,78.61,18.35589135
2016-05-31,17.84,78.88,17.4520256
2016-06-01,18.11,87.58,17.8634009
2016-06-02,18.73,75.41,18.15791365
2016-06-03,18.62,71.28,17.9692048
2016-06-04,18.5,81.95,18.102899999999998
2016-06-05,18.26,83.63,17.921468400000002
2016-06-06,19.37,77.3,18.7619805
2016-06-07,15.82,79.2,15.668992
2016-06-08,15.05,78.15,14.983903750000001
2016-06-09,15.7,84,15.594399999999998
2016-06-10,20.57,84.84,20.063883399999998
2016-06-11,23.06,81.05,22.167834
2016-06-12,18.14,73.71,17.6136742
2016-06-13,18.38,77.29,17.895368599999998
2016-06-14,19.78,83.04,19.2874816
2016-06-15,22.68,84.36,21.9763564
2016-06-16,20.3,83.77,19.782263
2016-06-17,18.46,84.36,18.1193608
2016-06-18,20.39,71.85,19.47808075
2016-06-19,22.32,75.26,21.2559326
2016-06-20,24.24,78.58,23.092530599999996
2016-06-21,21.3,72.76,20.281224
2016-06-22,20.76,81.65,20.1282095
2016-06-23,20.46,89.87,20.1279386
2016-06-24,20.6,83.7,20.053135
2016-06-25,22.78,76.86,21.7262044
2016-06-26,24.36,84.88,23.540042399999997
2016-06-27,23.92,73.52,22.5480712
2016-06-28,19.14,80.84,18.6510368
2016-06-29,18.78,63.36,17.9174944
2016-06-30,20.62,61.79,19.3338514
2016-07-01,19.04,77.25,18.471932499999998
2016-07-02,19.52,57.12,18.3360832
2016-07-03,20.49,64.07,19.30628615
2016-07-04,20.62,80.08,19.9494928
2016-07-05,23.02,79.67,22.0673362
2016-07-06,24.21,84.92,23.4046526
2016-07-07,24.05,86.46,23.3388115
2016-07-08,23.69,81.49,22.75441205
2016-07-09,21.52,77.86,20.6651746
2016-07-10,22.07,68.86,20.7734861
2016-07-11,24.47,76.71,23.192892849999996
2016-07-12,25.22,82.09,24.164026399999997
2016-07-13,23.98,89.8,23.448172
2016-07-14,24.27,81.67,23.28503745
2016-07-15,21.41,78.04,20.5754102
2016-07-16,19.81,72.2,18.998101
2016-07-17,22.28,76.17,21.2603143
2016-07-18,23.98,81.34,23.0070676
2016-07-19,23.86,75.31,22.5889588
2016-07-20,24.99,74.49,23.518200549999996
2016-07-21,25.57,86.79,24.76570915
2016-07-22,26.29,88.47,25.542337149999998
2016-07-23,26.93,77.77,25.410246049999998
2016-07-24,25.41,93.01,24.99056505
2016-07-25,25.1,82.18,24.061094
2016-07-26,24.69,73.87,23.22554415
2016-07-27,25.09,69.08,23.2890646
2016-07-28,24.12,79.95,23.059154500000002
2016-07-29,22.97,86.39,22.33597815
2016-07-30,21.81,89.61,21.392270049999997
2016-07-31,22.07,85.79,21.47836665
2016-08-01,22.89,79.82,21.9587939
2016-08-02,24.02,79.43,22.9429548
2016-08-03,25.32,71.5,23.623965
2016-08-04,26.19,68.79,24.18335305
2016-08-05,25.28,77.04,23.9187016
2016-08-06,23.91,72.72,22.4981236
2016-08-07,23.5,67.36,21.88432
2016-08-08,23.9,68.08,22.249736
2016-08-09,24.27,73.26,22.833126099999998
2016-08-10,25.85,68.27,23.86925475
2016-08-11,26.36,73.13,24.6072699
2016-08-12,25.9,90.76,25.320652
2016-08-13,24.72,87.86,24.037610599999997
2016-08-14,24.75,74,23.28425
2016-08-15,23.91,77.41,22.740854549999998
2016-08-16,24.32,84.27,23.4704227
2016-08-17,24.63,80.05,23.51848575
2016-08-18,25.24,79.75,24.043832499999997
2016-08-19,24.39,91.54,23.9298183
2016-08-20,23.58,91.34,23.1475196
2016-08-21,20.03,78.44,19.374252600000002
2016-08-22,21.12,61.54,19.7196714
2016-08-23,21.54,76.5,20.63008
2016-08-24,23.38,85.52,22.672796799999997
2016-08-25,23.71,85.14,22.9572667
2016-08-26,22.18,77.86,21.244806399999998
2016-08-27,22.29,88.42,21.7938549
2016-08-28,23.09,92.13,22.718181849999997
2016-08-29,23.82,84.64,23.0326464
2016-08-30,23.65,90.27,23.160337749999997
2016-08-31,22.3,84.33,21.627757
2016-09-01,20.49,74.31,19.643642949999997
2016-09-02,20.33,72.01,19.432500649999998
2016-09-03,20.2,72.01,19.3225135
2016-09-04,20.54,78.53,19.8267666
2016-09-05,22.4,80.11,21.535779499999997
2016-09-06,25.35,86.03,24.516340250000002
2016-09-07,25.84,85.49,24.9350113
2016-09-08,24.56,91.85,24.1090605
2016-09-09,23.06,83.45,22.280825999999998
2016-09-10,20.97,82.04,20.330893399999997
2016-09-11,19.91,64.01,18.83911755
2016-09-12,20.27,70.97,19.34873295
2016-09-13,21.61,80.4,20.843542
2016-09-14,20.9,77.73,20.116096
2016-09-15,20.57,73.83,19.69631455
2016-09-16,21.05,85.48,20.526917
2016-09-17,22.42,84.86,21.7605016
2016-09-18,21.13,73.04,20.146903599999998
2016-09-19,22.01,69.79,20.76217595
2016-09-20,22.24,82.62,21.5001334
2016-09-21,21.54,84.5,20.93984
2016-09-22,22.41,81.91,21.622994549999998
2016-09-23,21.94,85.06,21.3286552
2016-09-24,19.88,78.83,19.2535797
2016-09-25,21.32,80.33,20.5821783
2016-09-26,18.71,68.43,17.97899665
2016-09-27,16.42,65.97,16.0606432
2016-09-28,15.18,77.38,15.0954012
2016-09-29,17.77,82.69,17.45867965
2016-09-30,17.34,89.37,17.1739594
2016-10-01,16.91,88.5,16.7575675
2016-10-02,16.65,85.03,16.47297975
2016-10-03,16.47,86.28,16.321343799999998
2016-10-04,17.19,86.99,16.997517050000003
2016-10-05,19.54,82.45,19.053514
2016-10-06,19.12,89.58,18.8552278
2016-10-07,18.03,81.75,17.675676250000002
2016-10-08,12.98,64.63,13.275693200000001
2016-10-09,14.55,68.37,14.54130175
2016-10-10,14.57,77.23,14.56123355
2016-10-11,16.68,79.06,16.4289294
2016-10-12,16.83,83.11,16.613554649999998
2016-10-13,10.45,70.63,11.104216749999999
2016-10-14,12.94,64.7,13.242874
2016-10-15,14.84,85.23,14.8123801
2016-10-16,18.65,89.09,18.40097925
2016-10-17,20.03,87.44,19.6479876
2016-10-18,19.97,76.75,19.27052375
2016-10-19,15.8,81.03,15.664364500000001
2016-10-20,13.89,84.23,13.94290835
2016-10-21,10.87,73.68,11.3954788
2016-10-22,10.18,67.18,10.9598032
2016-10-23,13.03,81.95,13.17593425
2016-10-24,11.94,74.07,12.3050944
2016-10-25,10.06,71.93,10.745469400000001
2016-10-26,9.86,82.03,10.3185944
2016-10-27,9.98,84.23,10.372042200000001
2016-10-28,10.81,79.12,11.2337596
2016-10-29,15.74,91.42,15.6814844
2016-10-30,12.25,86.74,12.4140925
2016-10-31,10.62,79.55,11.056403
2016-11-01,15.69,87.63,15.609038349999999
2016-11-02,15.99,91.67,15.92173565
2016-11-03,13.02,90.51,13.0972486
2016-11-04,11.98,77.09,12.2975326
2016-11-05,12.33,80.23,12.56595495
2016-11-06,12.54,85.64,12.6948008
2016-11-07,12.84,81.33,13.0104571
2016-11-08,13.01,80.78,13.1675079
2016-11-09,10.72,73.3,11.275093000000002
2016-11-10,10.13,73.8,10.759717
2016-11-11,10.87,76.81,11.332988349999999
2016-11-12,8.26,69.54,9.3053872
2016-11-13,7.8,76.82,8.654183
2016-11-14,9.07,84.08,9.545450800000001
2016-11-15,10.7,88.84,10.933244
2016-11-16,10.33,87.73,10.61141245
2016-11-17,11.96,87.32,12.137139600000001
2016-11-18,14.21,83.61,14.236142050000002
2016-11-19,4.3,71.61,5.892679000000001
2016-11-20,1.04,76.77,2.759716900000001
2016-11-21,1.91,71.04,3.9153352000000003
2016-11-22,3.81,74.48,5.3104484
2016-11-23,5.15,87.64,5.7856130000000014
2016-11-24,5.25,88.89,5.8152212500000005
2016-11-25,4.17,84,5.079040000000001
2016-11-26,4.28,82.9,5.241191000000001
2016-11-27,4.52,93.22,4.8921542
2016-11-28,7.46,87.28,7.952518400000001
2016-11-29,9.31,87.08,9.678801400000001
2016-11-30,5.62,87.32,6.239291200000001
2016-12-01,3.92,83.82,4.861514200000001
2016-12-02,3.76,79.96,4.943762800000001
2016-12-03,1.45,73.98,3.3175855000000007
2016-12-04,1.67,77.17,3.2809989500000007
2016-12-05,1.51,93.84,1.9501012000000002
2016-12-06,2.93,84.69,3.9042518500000014
2016-12-07,-0.95,79.56,0.7868890000000011
2016-12-08,-3.13,86.19,-1.790913349999998
2016-12-09,-2.26,85.1,-0.8865179999999986
2016-12-10,-3.52,85.66,-2.098762599999998
2016-12-11,-0.61,89.9,0.22936050000000063
2016-12-12,-1.7,92.47,-1.0290769999999985
2016-12-13,-5.23,92.55,-4.421563249999998
2016-12-14,-7.52,92.47,-6.608041699999998
2016-12-15,-10.38,97.55,-10.044741999999998
2016-12-16,-6.57,84.34,-4.7552408999999995
2016-12-17,-3.48,91.93,-2.6819577
2016-12-18,-7.1,96.97,-6.740035999999999
2016-12-19,-11.95,97.4,-11.571764999999997
2016-12-20,-4.62,86.07,-3.155121199999998
2016-12-21,-1.78,94.95,-1.3278229999999982
2016-12-22,1.45,86.45,2.4225512500000006
2016-12-23,0.04,90.19,0.8201893000000013
2016-12-24,1.44,90.61,2.1144837000000005
2016-12-25,1.19,88.33,2.0443023500000015
2016-12-26,5.66,88.43,6.2225334000000005
2016-12-27,-0.86,74.98,1.2536896000000008
2016-12-28,0.76,76.24,2.555543200000001
2016-12-29,1.28,84.73,2.3902817000000005
2016-12-30,-0.67,72.61,1.6152846500000013
2016-12-31,1.48,77.86,3.0654454000000007
2017-01-01,-0.67,76.32,1.305740800000002
2017-01-02,2.42,86.05,3.346838000000001
2017-01-03,3.17,96.39,3.3949571500000006
2017-01-04,-6.54,83.72,-4.656078399999998
2017-01-05,-9.83,90.64,-8.577491599999998
2017-01-06,-12.03,96.44,-11.510542599999997
2017-01-07,-10.71,92.21,-9.629877549999998
2017-01-08,-9.42,87.23,-7.7399787999999985
2017-01-09,-4.52,83.63,-2.8075342999999977
2017-01-10,2.73,88.42,3.4796313000000008
2017-01-11,0.01,81.14,1.5130477000000007
2017-01-12,-0.41,86.16,0.7249492000000013
2017-01-13,-3.91,71.38,-1.0120818999999983
2017-01-14,-1.12,68.7,1.5689830000000002
2017-01-15,-0.92,67.29,1.8541351000000006
2017-01-16,0.66,86.41,1.6944708000000017
2017-01-17,2.42,95.74,2.703034400000001
2017-01-18,1.5,90.82,2.1563700000000012
2017-01-19,1.25,95.82,1.5546175000000009
2017-01-20,2.8,94.48,3.1552120000000006
2017-01-21,6.08,94.48,6.335631200000001
2017-01-22,3.7,96.18,3.926908000000001
2017-01-23,3.4,93.16,3.817582000000001
2017-01-24,2.11,91.89,2.6626559500000013
2017-01-25,2.44,92.44,2.9414548000000007
2017-01-26,0.92,87.76,1.8342056000000007
2017-01-27,-1.31,81.37,0.3099716500000005
2017-01-28,-1.49,83.78,-0.06353209999999887
2017-01-29,-2.08,72.92,0.3894252000000007
2017-01-30,-4.17,72.79,-1.3759411499999992
2017-01-31,1.77,84.58,2.8496313000000013
2017-02-01,1.18,82.33,2.474504200000001
2017-02-02,-5.69,74.45,-2.8528002499999987
2017-02-03,-6.04,74.61,-3.1716916999999984
2017-02-04,-4.26,70.07,-1.1718225999999978
2017-02-05,-0.48,78.34,1.3045674000000012
2017-02-06,1.15,83.92,2.330674000000001
2017-02-07,4.2,97.83,4.322930500000002
2017-02-08,-1.22,76.8,0.7858720000000019
2017-02-09,-6.97,73.14,-3.7982368999999983
2017-02-10,-3.18,78.12,-1.0523887999999992
2017-02-11,2.61,97.41,2.7793730500000007
2017-02-12,2.67,83.43,3.74812705
2017-02-13,-0.07,75.36,1.9045264000000013
2017-02-14,2.15,78.39,3.6178592500000004
2017-02-15,0.17,73.22,2.280665700000001
2017-02-16,-0.05,74.19,2.015445250000001
2017-02-17,3.95,86.32,4.743782000000001
2017-02-18,7.84,81.22,8.5279114
2017-02-19,7.47,74.34,8.462143900000001
2017-02-20,6.87,85.48,7.479331800000001
2017-02-21,9.62,90.12,9.8851792
2017-02-22,8.69,93.87,8.885884149999999
2017-02-23,6.24,94.85,6.473964500000002
2017-02-24,4.2,97.24,4.356354000000001
2017-02-25,-1.68,84.41,-0.2926458999999988
2017-02-26,-0.03,70.75,2.307513750000001
2017-02-27,2.61,83.96,3.6589358000000014
2017-02-28,6.67,95.09,6.881449150000001
2017-03-01,6.08,92.64,6.420841600000001
2017-03-02,-1.18,74.83,0.9906608000000012
2017-03-03,-3.03,64.13,0.4284060500000022
2017-03-04,-0.05,71.24,2.251519000000002
2017-03-05,2.77,83.1,3.860303500000001
2017-03-06,7.97,93.67,8.19734195
2017-03-07,8.46,76.89,9.227714200000001
2017-03-08,4.37,64.4,6.353454
2017-03-09,1.6,66.87,3.9505735000000004
2017-03-10,-0.97,66.91,1.845462650000001
2017-03-11,-4.34,63.98,-0.6076075999999988
2017-03-12,-2.84,60.55,0.9223465000000015
2017-03-13,-1.89,83.14,-0.3701552999999984
2017-03-14,-3.35,80.39,-1.4247882499999984
2017-03-15,-3.28,72.49,-0.5897970999999984
2017-03-16,-1.96,69.71,0.7821537000000021
2017-03-17,1.81,84.32,2.9043856000000012
2017-03-18,3.02,85.39,3.942475400000001
2017-03-19,2.86,85.18,3.8087764
2017-03-20,4.83,91.14,5.301219100000001
2017-03-21,3.71,80.74,4.8529847
2017-03-22,-0.68,71,1.741210000000001
2017-03-23,1.77,69.26,3.922261100000001
2017-03-24,9.41,83.8,9.863519
2017-03-25,4.49,96.83,4.664524350000001
2017-03-26,8.98,95.02,9.1311928000000009
2017-03-27,6.37,94.11,6.633371350000001
2017-03-28,3.9,91.45,4.398465000000001
2017-03-29,3.52,92.22,3.989834200000001
2017-03-30,4.64,91.89,5.079805300000001
2017-03-31,3.52,93.04,3.940314400000001
2017-04-01,4.61,78.17,5.797442850000001
2017-04-02,6.36,66.8,7.846364000000001
2017-04-03,6.92,93.32,7.198489200000001
2017-04-04,7.13,89.83,7.54224095
2017-04-05,4.62,90.49,5.136773400000001
2017-04-06,4.62,83.36,5.524217600000001
2017-04-07,4.13,75.18,5.545608700000001
2017-04-08,6.71,69.08,8.0347674
2017-04-09,10.57,83.44,10.927944400000001
2017-04-10,12.56,94.62,12.6174046
2017-04-11,7.46,90.08,7.844102400000001
2017-04-12,6.23,81.64,7.065104600000001
2017-04-13,6.62,84.14,7.307372400000001
2017-04-14,7.83,93.26,8.0772569
2017-04-15,13.38,88.6,13.450224
2017-04-16,13.18,81.74,13.3125676
2017-04-17,10.01,69.25,10.76937125
2017-04-18,8.78,81.91,9.3491114
2017-04-19,11.09,92.69,11.22709905
2017-04-20,10.25,90.65,10.46855625
2017-04-21,6.87,82.96,7.585083600000001
2017-04-22,6.45,78.79,7.38907275
2017-04-23,9.6,51.97,10.8944085
2017-04-24,8.71,77.39,9.43001545
2017-04-25,12.53,81.39,12.73163935
2017-04-26,14.35,87.78,14.3600815
2017-04-27,10.47,87.21,10.753490350000002
2017-04-28,7.96,84.93,8.5020679
2017-04-29,5.81,90.78,6.2506699
2017-04-30,6.12,96.18,6.296063800000001
2017-05-01,9.82,89.88,10.080488800000001
2017-05-02,6.9,82.49,7.631918000000001
2017-05-03,7.19,80.98,7.954699100000001
2017-05-04,6.88,86.12,7.4617108000000005
2017-05-05,6.22,90.04,6.6735784
2017-05-06,6.99,82.27,7.722337650000001
2017-05-07,6.61,71.81,7.833305050000001
2017-05-08,5.72,68.21,7.255139100000001
2017-05-09,7.04,83.63,7.711661100000001
2017-05-10,9.87,88.21,10.17023235
2017-05-11,8.99,89.03,9.322445850000001
2017-05-12,10.14,84.36,10.515047200000001
2017-05-13,12.35,79.51,12.59229425
2017-05-14,10.51,83.09,10.88108995
2017-05-15,12.9,81.43,13.063416
2017-05-16,17.33,84.05,17.081738249999997
2017-05-17,17.96,84.98,17.6741694
2017-05-18,17.46,81.09,17.1521452
2017-05-19,8.35,87.56,8.770783
2017-05-20,10.46,91.02,10.659535600000002
2017-05-21,13.94,86.9,13.980348
2017-05-22,11.7,77.8,12.041879999999999
2017-05-23,13.15,87,13.246525
2017-05-24,11.52,92.98,11.6350578
2017-05-25,10.85,92.08,11.008994
2017-05-26,11.99,90.66,12.118938700000001
2017-05-27,13.37,90.26,13.4305341
2017-05-28,14.63,85.6,14.619704
2017-05-29,15.73,75.48,15.5641222
2017-05-30,14.48,75.6,14.482684
2017-05-31,14.29,75.87,14.31787015
2017-06-01,15.53,71.85,15.37053025
2017-06-02,17.54,58.48,16.8457856
2017-06-03,19.66,60.87,18.5494906
2017-06-04,19.7,80.96,19.155455999999997
2017-06-05,16.37,84.26,16.2081141
2017-06-06,13.39,84.21,13.48639795
2017-06-07,14.83,78.38,14.7907597
2017-06-08,18.36,53.13,17.3649499
2017-06-09,19.35,70.31,18.55801925
2017-06-10,19.03,78.18,18.4863547
2017-06-11,20.85,76.54,20.030659500000002
2017-06-12,22.12,78.89,21.235279900000002
2017-06-13,21.52,90.34,21.1470274
2017-06-14,20.89,93.54,20.6629633
2017-06-15,22.01,86.89,21.468491450000002
2017-06-16,22.04,73.27,20.9315069
2017-06-17,21.75,84.78,21.1431025
2017-06-18,20.38,83.63,19.8505942
2017-06-19,19.19,79.44,18.659654800000002
2017-06-20,18.53,80,18.0867
2017-06-21,18.35,79.7,17.920147500000002
2017-06-22,22.48,79.9,21.597811
2017-06-23,21.17,82.21,20.517373850000002
2017-06-24,19.09,73.95,18.43236775
2017-06-25,17.41,71.51,16.95401755
2017-06-26,16.85,72.97,16.50063725
2017-06-27,17.31,70.38,16.852222899999997
2017-06-28,19.07,72.32,18.3742632
2017-06-29,21.66,82.36,20.9653368
2017-06-30,20.86,89.11,20.4790678
2017-07-01,20.95,82.14,20.3164165
2017-07-02,20.81,76.9,20.008314499999997
2017-07-03,20.56,85.97,20.0923801
2017-07-04,20.41,85.21,19.929251049999998
2017-07-05,22.28,78.23,21.3484617
2017-07-06,24.27,75.61,22.95940335
2017-07-07,23.06,84.21,22.3166068
2017-07-08,19.83,74.03,19.068689449999997
2017-07-09,21.45,68.98,20.2642605
2017-07-10,23.36,87.86,22.768417799999998
2017-07-11,23.63,89.68,23.1117812
2017-07-12,24.04,90.89,23.5619983
2017-07-13,23.93,89.39,23.37971235
2017-07-14,20.75,83.99,20.19965625
2017-07-15,20.83,79.06,20.1009739
2017-07-16,20.46,87.13,20.0381214
2017-07-17,19.31,82.67,18.85153485
2017-07-18,21.78,67.4,20.474696
2017-07-19,23.35,85.6,22.64908
2017-07-20,24.18,88.24,23.5538976
2017-07-21,23.73,88.11,23.12640415
2017-07-22,24.54,91.73,24.0833306
2017-07-23,24.03,87.37,23.36799855
2017-07-24,20.67,81.88,20.055097800000002
2017-07-25,21.47,71.01,20.35866835
2017-07-26,22.62,81.45,21.791557
2017-07-27,22.91,87.47,22.33042485
2017-07-28,21.8,82.06,21.079709
2017-07-29,20.99,69.5,19.9013025
2017-07-30,21.81,80.39,21.02157995
2017-07-31,23.1,66.24,21.503152
2017-08-01,23.9,69.3,22.31281
2017-08-02,23.32,76.46,22.1780746
2017-08-03,22.77,85.2,22.096822
2017-08-04,18.3,82.28,17.929652
2017-08-05,19.85,76.13,19.14762525
2017-08-06,21.34,64.71,20.0123902
2017-08-07,20.75,73.35,19.83390625
2017-08-08,20.92,68.81,19.8186811
2017-08-09,22.76,61.54,21.0127622
2017-08-10,22.28,70.5,21.017695
2017-08-11,21.78,81.82,21.0520728
2017-08-12,19.98,80.47,19.3913658
2017-08-13,20.78,65.05,19.572827
2017-08-14,22.07,70.35,20.83552225
2017-08-15,22.56,78.73,21.617100899999997
2017-08-16,22.97,79.96,22.0364366
2017-08-17,24.19,83.99,23.33674705
2017-08-18,22.35,76.73,21.34531775
2017-08-19,22.2,73.43,21.0747605
2017-08-20,23.34,70.01,21.8818862
2017-08-21,24.18,82.24,23.2344576
2017-08-22,23.62,80.95,22.664452
2017-08-23,20.41,69.76,19.4270488
2017-08-24,19.53,72.71,18.77502215
2017-08-25,18.41,64.68,17.6504434
2017-08-26,20,61.66,18.840215
2017-08-27,20.73,68.9,19.6643585
2017-08-28,20.3,78.7,19.620530000000002
2017-08-29,20.73,78.51,19.99364515
2017-08-30,20.92,74.68,20.0259508
2017-08-31,20.42,74.43,19.587440800000003
2017-09-01,18.08,64.72,17.385336799999997
2017-09-02,18.16,57.21,17.2986373
2017-09-03,20.06,68.82,19.106515599999998
2017-09-04,21.47,69.43,20.298099049999998
2017-09-05,17.94,72.23,17.4145916
2017-09-06,15.49,72.9,15.3424405
2017-09-07,16.44,69.89,16.118726300000002
2017-09-08,17.25,68.85,16.77885625
2017-09-09,17.06,64.64,16.5621312
2017-09-10,16.69,65.37,16.272881650000002
2017-09-11,17.22,66.78,16.723028799999998
2017-09-12,18.36,70.35,17.7305305
2017-09-13,18.43,85.9,18.1252285
2017-09-14,19.49,82.29,19.00394905
2017-09-15,21.11,74.73,20.19130915
2017-09-16,22.11,75.26,21.0745073
2017-09-17,22.38,76.35,21.355009
2017-09-18,19.47,78.11,18.871636849999998
2017-09-19,19.94,88.57,19.5980144
2017-09-20,21.96,83.83,21.2965449
2017-09-21,24.91,74.71,23.46202105
2017-09-22,25.41,70.78,23.6566539
2017-09-23,25.17,75.25,23.71754625
2017-09-24,24.56,72.12,23.017399599999997
2017-09-25,23.8,65,22.00975
2017-09-26,24.3,66.6,22.49974
2017-09-27,20.55,70.03,19.55274825
2017-09-28,17.77,64.53,17.132072049999998
2017-09-29,17.6,68.62,17.064971
2017-09-30,15.94,69.18,15.6959056
2017-10-01,16.4,60.48,15.987015999999999
2017-10-02,19.08,69.69,18.316491099999997
2017-10-03,20.6,74.87,19.756888500000002
2017-10-04,20.28,82.16,19.7128664
2017-10-05,18.24,64.94,17.5188158
2017-10-06,17.73,83.81,17.44238465
2017-10-07,20.25,82.65,19.70130625
2017-10-08,17.72,77.02,17.313024199999997
2017-10-09,18.99,69.18,18.228900099999997
2017-10-10,16.92,81.61,16.675229100000003
2017-10-11,15.82,89.83,15.7461658
2017-10-12,14.63,84.63,14.619010450000001
2017-10-13,15.65,85.53,15.558477250000001
2017-10-14,17.01,90.47,16.87843835
2017-10-15,15.36,84.43,15.2863539
2017-10-16,11.91,69.54,12.343902700000001
2017-10-17,13.58,72.62,13.7185428
2017-10-18,13.94,74.71,14.0178932
2017-10-19,14.37,71.97,14.39004145
2017-10-20,15.55,74.37,15.40198675
2017-10-21,16.7,79.72,16.454612
2017-10-22,17.05,84.56,16.833454
2017-10-23,12.27,86.11,12.44036085
2017-10-24,8.99,90.19,9.287292050000001
2017-10-25,7.9,69.24,9.016588
2017-10-26,10.04,65.48,10.8867756
2017-10-27,7.99,75.49,8.867580550000001
2017-10-28,4.93,82.96,5.8269004
2017-10-29,5.07,75.51,6.340173850000001
2017-10-30,7.04,73.64,8.121550800000001
2017-10-31,4.19,74.95,5.610460250000001
2017-11-01,4.95,74.37,6.296215750000001
2017-11-02,8.59,91.83,8.85556585
2017-11-03,7.97,81.95,8.61826575
2017-11-04,8.38,84.88,8.888939200000001
2017-11-05,9.83,92.99,10.01005185
2017-11-06,5.69,74.64,6.9188188
2017-11-07,6.5,72.25,7.721
2017-11-08,5.11,67.59,6.783814450000001
2017-11-09,4.66,72.16,6.166700800000001
2017-11-10,-0.47,78.6,1.2919690000000013
2017-11-11,1.05,75.92,2.8313180000000004
2017-11-12,4.29,84.19,5.17781055
2017-11-13,4.29,83.98,5.1896031
2017-11-14,5.77,81.46,6.660198100000001
2017-11-15,7.84,84.6,8.404102
2017-11-16,3.22,79.46,4.494301600000002
2017-11-17,4.95,79.72,6.015207000000001
2017-11-18,6.29,91.32,6.681945400000001
2017-11-19,1.86,75.07,3.5931336000000016
2017-11-20,3.79,78.13,5.078252350000001
2017-11-21,4.79,78.34,5.946752300000001
2017-11-22,0.31,76.28,2.161227400000001
2017-11-23,2.9,68.11,4.934582000000001
2017-11-24,5.73,80.72,6.659970800000001
2017-11-25,7.38,79.15,8.196486
2017-11-26,4.03,69.73,5.77309795
2017-11-27,6.4,89.73,6.857528500000001
2017-11-28,9.76,80.6,10.265758
2017-11-29,5.9,71.09,7.267443000000001
2017-11-30,6.42,77.79,7.4070124
2017-12-01,5.47,78.3,6.5477305
2017-12-02,5.69,78.01,6.75552545
2017-12-03,6.78,82.66,7.5162564000000005
2017-12-04,10.01,79.53,10.51550665
2017-12-05,4.5,72.15,6.031750000000001
2017-12-06,0.25,66.97,2.838726250000001
2017-12-07,-1.64,77.67,0.3422341000000011
2017-12-08,-1.6,73.49,0.7474605000000012
2017-12-09,0.07,83.07,1.4136494500000016
2017-12-10,-1.72,80.04,0.060631600000000674
2017-12-11,0.01,80.52,1.562458600000001
2017-12-12,-2.64,77.02,-0.4736753999999981
2017-12-13,-1.91,75.81,0.27326845000000133
2017-12-14,-1.71,75.16,0.5046102000000015
2017-12-15,-2.04,76.01,0.1423703000000005
2017-12-16,2.39,81.14,3.6461703000000005
2017-12-17,3.24,91.58,3.7614506000000008
2017-12-18,3.96,91.46,4.4550638000000005
2017-12-19,3.91,89.13,4.543123150000001
2017-12-20,0.67,73.33,2.698653550000001
2017-12-21,1.63,79.22,3.100912300000001
2017-12-22,2.69,85.56,3.627950200000001
2017-12-23,0.16,76.89,1.982685700000001
2017-12-24,-3.25,77.96,-1.0983449999999984
2017-12-25,-6.01,85.44,-4.367559199999998
2017-12-26,-11.74,95.13,-11.0371616
2017-12-27,-12.05,96.31,-11.511167749999998
2017-12-28,-9.64,88.24,-8.078624799999996
2017-12-29,-8.36,94.92,-7.721291599999998
2017-12-30,-9.93,94.7,-9.2178655
2017-12-31,-9.99,95.49,-9.382525549999999
2018-01-01,-13.21,98.22,-12.938719099999998
2018-01-02,-13.81,98.68,-13.6044694
2018-01-03,-9.36,92.09,-8.3219707
2018-01-04,-9.05,90.97,-7.880389249999999
2018-01-05,-10.55,94.34,-9.770193499999998
2018-01-06,-10.29,88.96,-8.784751199999997
2018-01-07,-6.44,83.43,-4.5316331
2018-01-08,0.2,87.46,1.1862710000000014
2018-01-09,-0.98,94.07,-0.475119799999999
2018-01-10,1.63,96.39,1.8855338500000007
2018-01-11,7.16,98.81,7.2080403
2018-01-12,-3.2,78.69,-1.1254714999999993
2018-01-13,-8.28,79.74,-5.741624599999998
2018-01-14,-10.12,72.69,-6.421952899999997
2018-01-15,-6.1,90.3,-5.000989999999998
2018-01-16,-7.02,90.37,-5.880193199999999
2018-01-17,-7.09,88.75,-5.754118749999998
2018-01-18,-5.1,83.38,-3.3083639999999974
2018-01-19,-0.88,83.25,0.5368825000000012
2018-01-20,2.06,88.28,2.8618824000000007
2018-01-21,2.5,98.83,2.577220000000001
2018-01-22,5.07,97.9,5.178916500000001
2018-01-23,0.42,84.52,1.6187712000000014
2018-01-24,-1.97,77.36,0.08084440000000126
2018-01-25,-1.18,80.15,0.5318640000000003
2018-01-26,2.59,86.86,3.4507357000000005
2018-01-27,4.7,76.31,5.976891000000001
2018-01-28,0.43,81.61,1.8531101500000013
2018-01-29,-1.97,80.91,-0.24073234999999826
2018-01-30,-4.98,72.85,-2.0711489999999984
2018-01-31,0.15,74.44,2.167323000000001
2018-02-01,-4.29,75.2,-1.727043999999999
2018-02-02,-10.98,80.9,-8.303326
2018-02-03,-4.48,74.97,-1.8671182999999987
2018-02-04,-2.72,86.42,-1.4338381999999987
2018-02-05,-12.16,89.42,-10.608654599999998
2018-02-06,-9.14,86.01,-7.3210201999999995
2018-02-07,-6.82,81.45,-4.644826999999999
2018-02-08,-9.09,86.32,-7.315088399999998
2018-02-09,-4.14,92.36,-3.3567471999999987
2018-02-10,-4.97,87.14,-3.5928868999999986
2018-02-11,-4.96,88.31,-3.708819299999999
2018-02-12,-8.91,88.29,-7.4022789499999995
2018-02-13,-5.23,78.18,-2.8622027
2018-02-14,-1.08,94.05,-0.5701444999999983
2018-02-15,2.29,97.8,2.4377410000000013
2018-02-16,0.41,77.68,2.1396884000000007
2018-02-17,-4.06,72.96,-1.2997567999999986
2018-02-18,-2.07,90.05,-1.1632067499999985
2018-02-19,3.08,93.5,3.4882650000000006
2018-02-20,7.18,94.94,7.3837156
2018-02-21,-1.22,81,0.42274000000000145
2018-02-22,-0.54,81.79,0.9663312000000006
2018-02-23,2.08,90.07,2.7583183000000018
2018-02-24,0.93,87.48,1.8644302000000006
2018-02-25,2.33,79.71,3.6881111500000014
2018-02-26,1.69,75.44,3.420374800000001
2018-02-27,4.3,80.24,5.408536000000001
2018-02-28,5.33,91.89,5.739027850000001
2018-03-01,1.92,93.56,2.3655836
2018-03-02,0.26,83.51,1.5514968000000005
2018-03-03,0.3,80.61,1.8143590000000014
2018-03-04,0.67,78.56,2.300833600000001
2018-03-05,0.59,74.7,2.5255765000000006
2018-03-06,0.74,90.41,1.4657712000000012
2018-03-07,-1.39,84.1,-4.1949999999846277e-4
2018-03-08,-2.78,78.83,-0.7680031999999986
2018-03-09,-1.6,72.85,0.8041325000000015
2018-03-10,-0.42,64.89,2.4611266000000014
2018-03-11,-0.28,75.53,1.7091663000000008
2018-03-12,1.03,77.31,2.710988650000001
2018-03-13,-0.87,81.15,0.7234847500000002
2018-03-14,-0.89,71.01,1.5638585500000008
2018-03-15,1.6,81.74,2.895547000000001
2018-03-16,-1.53,75.64,0.6176994000000009
2018-03-17,1.2,76.79,2.8978115000000004
2018-03-18,3.1,69.49,5.012977000000001
2018-03-19,2.85,77.68,4.2801540000000005
2018-03-20,-0.26,75.11,1.7605702000000008
2018-03-21,-0.09,72.15,2.144823250000001
2018-03-22,0.37,72.99,2.4690821500000015
2018-03-23,0.37,73.38,2.4387733000000016
2018-03-24,0.99,77.45,2.6655777500000006
2018-03-25,-0.14,67.92,2.4430816000000006
2018-03-26,2.17,82.48,3.3581188000000006
2018-03-27,6.34,93.81,6.6178072000000006
2018-03-28,4.51,86.48,5.252856400000001
2018-03-29,4.12,92.88,4.526480800000001
2018-03-30,2.2,74.27,3.9406345000000016
2018-03-31,4.58,75.95,5.892168
2018-04-01,-0.66,66.58,2.126559600000001
2018-04-02,0.18,65.88,2.8672912000000017
2018-04-03,2.69,91.16,3.2642022000000015
2018-04-04,-0.19,78.94,1.5115427000000015
2018-04-05,-0.32,72.21,1.9451629000000017
2018-04-06,0.84,78.9,2.4252430000000005
2018-04-07,-1.74,64.65,1.4174619999999998
2018-04-08,-0.34,61.48,2.8040024000000017
2018-04-09,0.33,80.3,1.8653195000000016
2018-04-10,1.6,75.7,3.324085000000001
2018-04-11,5.31,78.82,6.380543100000001
2018-04-12,8.76,87.57,9.1524151
2018-04-13,5.02,95.48,5.2556728
2018-04-14,3.01,93.6,3.414448000000001
2018-04-15,0.74,91.5,1.383280000000001
2018-04-16,-0.61,88.43,0.3515248500000008
2018-04-17,0.3,78.55,1.9752450000000015
2018-04-18,1.11,78.07,2.725034850000001
2018-04-19,2.81,85.02,3.7731391000000007
2018-04-20,4.87,69.82,6.468483700000001
2018-04-21,5.12,65.53,6.898307300000001
2018-04-22,5.51,70.41,6.973077550000001
2018-04-23,5.45,80.26,6.432558500000001
2018-04-24,7.92,92.91,8.1765871
2018-04-25,4.98,88.96,5.558054400000001
2018-04-26,6.83,66.22,8.255009300000001
2018-04-27,7.29,75.77,8.25084065
2018-04-28,3.94,80.4,5.078368000000001
2018-04-29,4.2,68.97,5.957849500000001
2018-04-30,8.34,65.15,9.520718
2018-05-01,12.83,77.98,13.0322537
2018-05-02,15.21,89.46,15.1688413
2018-05-03,12.63,97.91,12.651495650000001
2018-05-04,13.36,86.43,13.4450839
2018-05-05,14.89,67.81,14.82095245
2018-05-06,10.41,79.12,10.8796956
2018-05-07,10.83,76.21,11.310201150000001
2018-05-08,14.65,66.7,14.6225275
2018-05-09,14.54,79.2,14.535423999999999
2018-05-10,13.11,88.13,13.200746149999999
2018-05-11,8.29,89.29,8.65580005
2018-05-12,7.08,93.74,7.335470600000001
2018-05-13,8.81,94.5,8.982122500000001
2018-05-14,13.57,92.57,13.608004450000001
2018-05-15,13.48,97.08,13.4963812
2018-05-16,12.26,86.15,12.430632
2018-05-17,12.94,78.95,13.120609
2018-05-18,11.28,89.37,11.4682573
2018-05-19,13.35,93.66,13.390100499999999
2018-05-20,7.8,95.27,7.974300500000001
2018-05-21,10.5,96.65,10.5737
2018-05-22,12.89,94.51,12.93861395
2018-05-23,12.82,82.47,12.981977200000001
2018-05-24,17.03,76.04,16.6965966
2018-05-25,19.79,72.33,18.98494135
2018-05-26,21.13,83.3,20.5210345
2018-05-27,23.61,65.62,21.887390099999998
2018-05-28,21.52,74.77,20.545869699999997
2018-05-29,18.75,87.41,18.45570875
2018-05-30,20.77,88.29,20.36618065
2018-05-31,21.42,86.04,20.8886824
2018-06-01,17.12,82.58,16.8689778
2018-06-02,13.8,87.76,13.847124
2018-06-03,16.31,82.97,16.140466349999997
2018-06-04,15.9,75.24,15.709348
2018-06-05,14.26,84.03,14.2810804
2018-06-06,14.3,77.98,14.324222
2018-06-07,17.52,83.46,17.245270599999998
2018-06-08,13.49,93.14,13.5281073
2018-06-09,15.28,95.4,15.260266
2018-06-10,16.52,96.91,16.4856701
2018-06-11,16,94.31,15.9530575
2018-06-12,18.15,94.7,18.0436025
2018-06-13,19.3,82.52,18.838528
2018-06-14,19.91,63.4,18.820967
2018-06-15,19.5,76.69,18.858975
2018-06-16,22.27,85.83,21.664445049999998
2018-06-17,23.88,82.32,22.967888799999997
2018-06-18,24.07,87.63,23.41890505
2018-06-19,18.76,91.52,18.561313600000002
2018-06-20,18.19,93.98,18.0678241
2018-06-21,17.9,94.71,17.801077
2018-06-22,16.8,92.65,16.7070225
2018-06-23,17.86,84.46,17.5728208
2018-06-24,18.34,85.08,18.024889599999998
2018-06-25,17.9,88.77,17.689998999999997
2018-06-26,19.58,88.4,19.255896
2018-06-27,20.35,91.11,20.06396425
2018-06-28,21.26,87.22,20.7848396
2018-06-29,23.11,88.89,22.58388595
2018-06-30,24.7,90.09,24.144049
2018-07-01,24.07,90.42,23.565756699999998
2018-07-02,21.34,82.69,20.6887978
2018-07-03,21.91,80.75,21.12546625
2018-07-04,24.72,89.3,24.118553
2018-07-05,24.83,87.45,24.116971749999998
2018-07-06,21.21,76.46,20.3412563
2018-07-07,19.74,76.31,19.0572542
2018-07-08,20.85,74.46,19.958015500000002
2018-07-09,22.84,75.29,21.7065523
2018-07-10,23.35,81.96,22.471903
2018-07-11,22.37,77.94,21.4151329
2018-07-12,23.35,79.58,22.3560565
2018-07-13,24.42,76.58,23.142204800000002
2018-07-14,23.58,88.42,23.0016948
2018-07-15,25.11,81.92,24.0549416
2018-07-16,25.87,82.35,24.76625725
2018-07-17,23.08,76.12,21.953102799999996
2018-07-18,21,69.67,19.9157025
2018-07-19,22.77,70.1,21.4099985
2018-07-20,23.2,84.11,22.439663499999998
2018-07-21,21.63,90.74,21.266869099999997
2018-07-22,21.36,91.32,21.0325036
2018-07-23,21.03,88.52,20.6176958
2018-07-24,22.07,84.69,21.432568149999998
2018-07-25,23.43,78.24,22.3612576
2018-07-26,22.92,70.82,21.5686742
2018-07-27,20.51,75.7,19.7067635
2018-07-28,21.3,71.13,20.220262
2018-07-29,22.09,66.19,20.67860155
2018-07-30,21.87,69.98,20.6531393
2018-07-31,22.09,81.68,21.3252316
2018-08-01,22.5,75.17,21.40748
2018-08-02,23.21,78.77,22.19297685
2018-08-03,22.85,80.94,21.9746695
2018-08-04,24.91,72.25,23.32117375
2018-08-05,25.76,77.29,24.3535697
2018-08-06,24.82,89.27,24.2109652
2018-08-07,23.21,88.67,22.66723635
2018-08-08,22.86,81.85,22.025463
2018-08-09,24.22,77.59,23.0219614
2018-08-10,23.71,84.94,22.9471357
2018-08-11,24,74.39,22.6618775
2018-08-12,24.46,75.01,23.091047800000002
2018-08-13,24.32,74.66,22.9513866
2018-08-14,25.16,66.39,23.1894457
2018-08-15,24.84,76.26,23.4899062
2018-08-16,24.51,87.65,23.83007075
2018-08-17,23.88,87.6,23.240284
2018-08-18,23.59,84.25,22.80257875
2018-08-19,23.5,78.01,22.411495
2018-08-20,23.59,82.26,22.7030887
2018-08-21,23.07,87.88,22.4987238
2018-08-22,21.61,67.82,20.3516011
2018-08-23,21.6,63.76,20.184828
2018-08-24,20.23,77.72,19.5278458
2018-08-25,22.33,86.2,21.735702999999997
2018-08-26,25.27,82.64,24.2416804
2018-08-27,25.96,80.14,24.7082242
2018-08-28,25.89,79.54,24.6082833
2018-08-29,22.58,85.43,21.9325092
2018-08-30,19.08,76.93,18.498866699999997
2018-08-31,21.2,75.87,20.310809499999998
2018-09-01,23.57,90.79,23.11055915
2018-09-02,24.7,85.08,23.862987999999998
2018-09-03,24.82,85.72,24.0094672
2018-09-04,24.92,83.66,23.9835546
2018-09-05,25.09,81.26,23.9984887
2018-09-06,20.65,83.41,20.088843249999996
2018-09-07,20.07,78.77,19.41961895
2018-09-08,18.91,66.01,18.08557255
2018-09-09,18.11,69.97,17.51375435
2018-09-10,18.23,78.35,17.78585025
2018-09-11,19.23,78.01,18.65793015
2018-09-12,19.67,82.23,19.16471005
2018-09-13,19.38,82.81,18.9186204
2018-09-14,20.7,83.5,20.137349999999998
2018-09-15,21.2,82.52,20.555861999999998
2018-09-16,22.53,85,21.867525
2018-09-17,24.09,78.87,22.97549815
2018-09-18,22.08,86.32,21.509680799999998
2018-09-19,19.93,86.54,19.5280171
2018-09-20,23.03,88.04,22.4688966
2018-09-21,23.53,72.66,22.1721589
2018-09-22,16.16,68.72,15.8744136
2018-09-23,16.57,69.8,16.226173
2018-09-24,18.41,85.03,18.08807015
2018-09-25,21.22,87.77,20.7679792
2018-09-26,16.88,73.2,16.529187999999998
2018-09-27,16.79,57.47,16.25433465
2018-09-28,15.16,75.44,15.0708472
2018-09-29,12.61,65.37,12.96997885
2018-09-30,15.01,78.01,14.94831805
2018-10-01,15.96,86.77,15.8537631
2018-10-02,17.67,89.02,17.478563700000002
2018-10-03,19.74,82.95,19.248618999999998
2018-10-04,17.01,74.82,16.6623901
2018-10-05,15.47,83.76,15.3833596
2018-10-06,17.85,92.08,17.704074000000002
2018-10-07,15.02,88.16,14.9861376
2018-10-08,19.98,88.68,19.6388152
2018-10-09,21.86,84.81,21.2451088
2018-10-10,20.67,89.62,20.317754700000002
2018-10-11,10.82,74.9,11.328024000000001
2018-10-12,6.89,79.8,7.735471
2018-10-13,7.61,73.25,8.62369125
2018-10-14,10.66,73.04,11.2293952
2018-10-15,8.36,78.99,9.069507699999999
2018-10-16,8.37,71.07,9.34537495
2018-10-17,9.09,74.95,9.83536275
2018-10-18,9.71,54.71,10.903165050000002
2018-10-19,10.36,74.76,10.9347148
2018-10-20,9.13,83.49,9.617622850000002
2018-10-21,5.4,70.11,6.8959945000000005
2018-10-22,8.73,77.72,9.437055800000001
2018-10-23,9.58,77.22,10.196426800000001
2018-10-24,8.52,73.81,9.3813891
2018-10-25,8.37,71.31,9.33728335
2018-10-26,9.45,73.02,10.1993695
2018-10-27,9.92,75.38,10.5401778
2018-10-28,9.05,85.51,9.48433775
2018-10-29,8.64,83.88,9.159547600000002
2018-10-30,10.91,80.72,11.290683600000001
2018-10-31,11.63,82.36,11.9084474
2018-11-01,10.43,75.67,10.97462705
2018-11-02,7.5,76.72,8.39628
2018-11-03,6.91,75.44,7.935257200000001
2018-11-04,9.51,84.08,9.9469244
2018-11-05,8.73,86.75,9.150488750000001
2018-11-06,9.04,88.91,9.3730327
2018-11-07,4.47,77.1,5.733278500000001
2018-11-08,2.68,74.91,4.311100900000001
2018-11-09,3,80.63,4.225152500000001
2018-11-10,-1.4,81.31,0.23444050000000138
2018-11-11,2.16,68.57,4.2931541000000015
2018-11-12,2.67,77.78,4.1157443
2018-11-13,-1.04,79.84,0.6830752000000004
2018-11-14,-0.75,75.23,1.327583750000001
2018-11-15,1.86,81.82,3.123873600000002
2018-11-16,2.76,87.15,3.5897245000000004
2018-11-17,2.38,85.37,3.355235800000001
2018-11-18,2.77,79.41,4.098363850000001
2018-11-19,0.38,84.65,1.5720810000000003
2018-11-20,1.32,82.17,2.6124967000000012
2018-11-21,1.28,80.28,2.713841200000001
2018-11-22,1.85,77.24,3.4335270000000016
2018-11-23,4.48,90.07,5.027242300000002
2018-11-24,6.79,91.12,7.1665564
2018-11-25,4.07,87.25,4.80140375
2018-11-26,1.05,88.41,1.9073702500000014
2018-11-27,-2.33,83.05,-0.7610232499999983
2018-11-28,-3.38,84.62,-1.867530799999999
2018-11-29,0.37,83.81,1.6282058500000005
2018-11-30,2.66,83.9,3.708432
2018-12-01,3.59,92.68,4.029236600000001
2018-12-02,5.81,92.66,6.160815300000001
2018-12-03,2.6,86.32,3.495356000000001
2018-12-04,0.78,81.2,2.198648000000001
2018-12-05,-0.82,80.34,0.836551600000001
2018-12-06,0.18,82.74,1.5393976000000018
2018-12-07,-3.26,78.6,-1.1696479999999987
2018-12-08,-3.11,78.2,-0.9985609999999987
2018-12-09,-1.51,76.73,0.5390398500000015
2018-12-10,-1.17,83.89,0.21844035000000073
2018-12-11,-0.44,91.01,0.2987083000000011
2018-12-12,2.15,87.64,2.9895530000000012
2018-12-13,1.68,81.27,3.000652300000001
2018-12-14,3.82,96.2,4.0432120000000005
2018-12-15,3.43,89.82,4.0498093000000015
2018-12-16,3.26,89.64,3.9004552000000006
2018-12-17,2.16,80.81,3.4624253000000005
2018-12-18,2.37,77.44,3.8750904000000013
2018-12-19,3.08,88.45,3.8054555000000008
2018-12-20,4.58,96.06,4.794966400000001
2018-12-21,2.49,88.43,3.254256350000001
2018-12-22,-0.02,81.18,1.4829652000000006
2018-12-23,1.2,80.32,2.6395920000000013
2018-12-24,-0.71,74.41,1.430731450000001
2018-12-25,2.04,78.8,3.4928360000000014
2018-12-26,3.61,83.22,4.615038100000001
2018-12-27,3.54,90.97,4.0843284
2018-12-28,4.22,89.5,4.813670000000001
2018-12-29,-0.53,83.22,0.8571187000000013
2018-12-30,-1.27,82.38,0.25827070000000174
2018-12-31,2.05,92.89,2.5368572500000006
2019-01-01,0.88,87.2,1.838848000000001
2019-01-02,-0.7,81.29,0.8641560000000004
2019-01-03,-0.27,81.94,1.1971041000000011
2019-01-04,2.15,88.46,2.9338545000000007
2019-01-05,3.21,91.25,3.753331250000001
2019-01-06,3.49,86.74,4.2929593000000015
2019-01-07,5.38,88.72,5.945804800000001
2019-01-08,3.89,89.15,4.52315175
2019-01-09,-3.72,77.37,-1.4522476999999996
2019-01-10,-4.56,85.43,-3.0326268999999995
2019-01-11,-1.96,75.71,0.2389737000000025
2019-01-12,-0.21,82.02,1.2446719000000015
2019-01-13,-0.29,79.68,1.3629304000000002
2019-01-14,-1.9,82.57,-0.3278139999999985
2019-01-15,-1.67,89.93,-0.7744245499999995
2019-01-16,-0.03,79.64,1.597069400000001
2019-01-17,-0.19,78.03,1.5850661500000012
2019-01-18,-0.69,78.48,1.1078884000000002
2019-01-19,-1.62,86.34,-0.4089043999999995
2019-01-20,-5.81,86.74,-4.328791699999997
2019-01-21,-6.7,84.36,-4.876375999999999
2019-01-22,-4.41,83.52,-2.6959975999999983
2019-01-23,-0.11,94.41,0.33918445000000197
2019-01-24,-6.05,93.47,-5.311946749999999
2019-01-25,-12.77,98.39,-12.528524149999997
2019-01-26,-10.97,95.89,-10.394250649999998
2019-01-27,-10.81,92.48,-9.7631784
2019-01-28,-4.85,87.92,-3.5643859999999985
2019-01-29,-11.68,99.43,-11.5979257
2019-01-30,-20.65,100,-20.649999999999995
2019-01-31,-19.35,100,-19.349999999999998
2019-02-01,-9.9,94.23,-9.125665999999999
2019-02-02,-2.32,97.17,-2.058196699999999
2019-02-03,3.09,98.25,3.199821250000001
2019-02-04,4.97,97.44,5.104182400000001
2019-02-05,-0.95,77.09,0.9967772500000005
2019-02-06,1.05,92.24,1.6240460000000008
2019-02-07,0.92,94.18,1.3546957999999998
2019-02-08,-10.33,88.19,-8.717167349999997
2019-02-09,-9.2,79.75,-6.560412499999998
2019-02-10,-3.89,80.33,-1.9004778499999984
2019-02-11,-1.59,89.28,-0.641333599999999
2019-02-12,-0.17,92.1,0.4674115000000014
2019-02-13,-5.4,91.07,-4.422611499999998
2019-02-14,-0.08,92.07,0.5559067000000011
2019-02-15,-5.68,88.13,-4.362548699999998
2019-02-16,-5.48,86.12,-3.9547267999999987
2019-02-17,-3.32,85.11,-1.8606310999999989
2019-02-18,-2.95,81.18,-1.1437504999999994
2019-02-19,-3.92,73.04,-1.1886823999999994
2019-02-20,-0.7,86.14,0.4586960000000011
2019-02-21,-1.18,83.74,0.22226240000000197
2019-02-22,-2.15,81.87,-0.48974524999999924
2019-02-23,0.14,92.16,0.7592032000000006
2019-02-24,0.76,88.43,1.6343449000000008
2019-02-25,-9.74,81.19,-7.232250799999998
2019-02-26,-6.31,81.4,-4.181136999999998
2019-02-27,-3.35,85.18,-1.8950464999999994
2019-02-28,-6.42,78.11,-3.901336599999998
2019-03-01,-2.75,65.08,0.5630350000000011
2019-03-02,-1.99,81.47,-0.30942164999999866
2019-03-03,-5,78.72,-2.717719999999998
2019-03-04,-13.64,89.21,-11.970031699999998
2019-03-05,-10.32,84.61,-8.2191111
2019-03-06,-7.55,80.5,-5.185137499999998
2019-03-07,-4.74,75.45,-2.1421189999999988
2019-03-08,-2.27,76.57,-0.10893394999999817
2019-03-09,0.04,86.98,1.075480600000001
2019-03-10,2.39,86.41,3.2951619500000016
2019-03-11,-0.71,79.86,0.9748117000000016
2019-03-12,-0.33,82.9,1.0647615000000004
2019-03-13,4.72,88.91,5.316531100000001
2019-03-14,8.81,94.19,8.99182395
2019-03-15,2.71,85.21,3.669057550000001
2019-03-16,0.16,79.73,1.7586949000000007
2019-03-17,0.51,75.62,2.3859191000000006
2019-03-18,0.01,82.31,1.4198045500000012
2019-03-19,1.71,77.33,3.304721150000001
2019-03-20,2.28,86.45,3.1906955000000004
2019-03-21,2.73,92.52,3.2142178000000006
2019-03-22,1.93,88.8,2.704312000000001
2019-03-23,1.58,74.16,3.4161904000000014
2019-03-24,4.57,79.46,5.691792100000002
2019-03-25,1.53,78.83,3.040161950000001
2019-03-26,0.76,68.49,3.141210700000001
2019-03-27,3.33,66.48,5.3893012
2019-03-28,7.24,89.25,7.669247500000001
2019-03-29,4.28,84.64,5.1433856
2019-03-30,2.58,87.42,3.4047448000000013
2019-03-31,-1.11,69.54,1.5051433
2019-04-01,1.6,69.08,3.7937740000000013
2019-04-02,4.6,83.91,5.476100500000001
2019-04-03,4.89,78.43,6.03008235
2019-04-04,5.1,89.76,5.629408
2019-04-05,5.14,89.76,5.6671552
2019-04-06,8.79,88.6,9.148017
2019-04-07,9.79,92.74,9.9780703
2019-04-08,10.95,82.33,11.295006749999999
2019-04-09,9.62,76.48,10.2512768
2019-04-10,3.46,86.62,4.2724336
2019-04-11,5.11,88.71,5.693072050000001
2019-04-12,8.38,75.98,9.188513200000001
2019-04-13,4.74,72.87,6.1963384
2019-04-14,2.81,86.22,3.695985100000001
2019-04-15,3.58,76.24,5.0070256
2019-04-16,9.01,82.77,9.53025985
2019-04-17,8.4,93.15,8.6298175
2019-04-18,10.04,91.89,10.2389383
2019-04-19,5.1,86.29,5.808807
2019-04-20,6.09,75.12,7.2408244
2019-04-21,9.65,63.02,10.6364415
2019-04-22,11.81,79.82,12.108563100000001
2019-04-23,10.28,85.69,10.6121351
2019-04-24,8.45,75.09,9.27888025
2019-04-25,10.53,73.68,11.1046972
2019-04-26,9.48,78.04,10.0863156
2019-04-27,4.77,82.54,5.7043719
2019-04-28,4.32,77.07,5.603850700000001
2019-04-29,6.23,87.86,6.782187900000001
2019-04-30,5.84,95.5,6.054335
2019-05-01,9.79,94.47,9.93325465
2019-05-02,5.65,95.53,5.867577250000001
2019-05-03,6.38,89.08,6.867687200000001
2019-05-04,7.38,81.27,8.113466800000001
2019-05-05,12.28,58.55,12.7861045
2019-05-06,11.12,84.06,11.4163246
2019-05-07,6.65,89.83,7.089089750000001
2019-05-08,8.53,83.81,9.06159865
2019-05-09,14.02,91.94,14.0412784
2019-05-10,7.92,79.94,8.6459714
2019-05-11,6.92,84.54,7.5645274
2019-05-12,6.52,85.87,7.1401657
2019-05-13,7.49,85.31,8.05637295
2019-05-14,10,70.81,10.7224525
2019-05-15,13.6,69.2,13.75246
2019-05-16,15.22,79.91,15.140443600000001
2019-05-17,10.3,92.35,10.476715
2019-05-18,11.19,87.95,11.40937025
2019-05-19,15.51,88.49,15.446061949999999
2019-05-20,9.59,82.39,10.06555805
2019-05-21,8.14,86.25,8.620975000000001
2019-05-22,13.05,81.54,13.1972185
2019-05-23,15.44,83.47,15.354539899999999
2019-05-24,13.41,83.4,13.509517
2019-05-25,16.65,91.89,16.55409925
2019-05-26,15.07,89.1,15.035828500000001
2019-05-27,12.26,88.5,12.40168
2019-05-28,13.79,94.86,13.8100717
2019-05-29,11.46,92.23,11.589914400000001
2019-05-30,15.53,86.29,15.45233285
2019-05-31,16.73,80.84,16.4950026
2019-06-01,17.3,91.7,17.17218
2019-06-02,11.17,86.4,11.419084
2019-06-03,11,79.45,11.3955875
2019-06-04,14.76,84.96,14.7384928
2019-06-05,18.26,91.42,18.082565600000002
2019-06-06,12.1,92.59,12.197812
2019-06-07,13.15,93.44,13.198708
2019-06-08,15.28,86.73,15.2230717
2019-06-09,16.04,91.03,15.9640241
2019-06-10,15.44,82,15.34694
2019-06-11,17.68,65.65,17.0792185
2019-06-12,16.73,80.25,16.48776625
2019-06-13,13.32,81.97,13.4370147
2019-06-14,15.34,70.34,15.2029708
2019-06-15,16.48,89.39,16.3644571
2019-06-16,11.87,93.08,11.9700978
2019-06-17,12.18,92.87,12.2709788
2019-06-18,13.58,90.45,13.628323
2019-06-19,14.3,92.14,14.308646000000001
2019-06-20,12.43,92.76,12.5124274
2019-06-21,12.71,82.3,12.884256500000001
2019-06-22,15.22,87.09,15.1688764
2019-06-23,17.74,90.02,17.5621564
2019-06-24,18.55,92.08,18.373582
2019-06-25,18.28,84.04,17.9481916
2019-06-26,20.9,82.32,20.277663999999998
2019-06-27,21.21,86.09,20.69665145
2019-06-28,21.15,86.59,20.65952925
2019-06-29,21.68,85.56,21.1097644
2019-06-30,20.71,84.46,20.1792313
2019-07-01,22.53,84.15,21.82998475
2019-07-02,23.95,84.13,23.12515675
2019-07-03,21.14,90.57,20.7956164
2019-07-04,22.09,86.46,21.5247727
2019-07-05,24.53,81.88,23.5304102
2019-07-06,22.1,90.46,21.701228
2019-07-07,20.22,83.72,19.707831199999998
2019-07-08,19.82,82.91,19.319946599999998
2019-07-09,20.98,81.15,20.308186
2019-07-10,24.09,79.11,22.98815695
2019-07-11,22.01,85.83,21.42470815
2019-07-12,21.03,73.93,20.09369595
2019-07-13,24.16,78,22.99114
2019-07-14,22.69,82.12,21.884595400000002
2019-07-15,24.66,82.59,23.6871292
2019-07-16,23.59,88.36,23.0080582
2019-07-17,24.82,85.23,23.9816548
2019-07-18,24.33,87.42,23.6498623
2019-07-19,26,90.75,25.4149375
2019-07-20,26.21,91.12,25.6380836
2019-07-21,22.63,88.62,22.1211433
2019-07-22,20.75,76.25,19.93359375
2019-07-23,20.29,78.41,19.602466449999998
2019-07-24,20.82,73.87,19.9117212
2019-07-25,21.71,63.47,20.26140285
2019-07-26,22.5,75.91,21.44004
2019-07-27,23.83,82.62,22.9381453
2019-07-28,24.55,83,23.610325
2019-07-29,23.94,86.31,23.229215200000002
2019-07-30,22.1,82.44,21.365992000000002
2019-07-31,19.8,74.15,19.0464725
2019-08-01,20.59,73.62,19.7064019
2019-08-02,21.63,79.9,20.8417785
2019-08-03,22.8,69.58,21.411327
2019-08-04,23.46,75.95,22.274816
2019-08-05,23.91,84.61,23.113490549999998
2019-08-06,23.32,84.51,22.5685801
2019-08-07,24,75.22,22.705244999999998
2019-08-08,24.16,76.12,22.8912556
2019-08-09,22.4,66.18,20.930521
2019-08-10,22.74,66.26,21.210903199999997
2019-08-11,22.46,77.11,21.4578758
2019-08-12,23.81,82.91,22.934906549999997
2019-08-13,23.18,84.99,22.463422599999998
2019-08-14,23.1,76.75,22.000275000000002
2019-08-15,21.83,79.39,20.999107849999998
2019-08-16,22.7,76.09,21.621658999999998
2019-08-17,23.41,83.86,22.6190593
2019-08-18,23.83,91.8,23.409216999999998
2019-08-19,23.88,87.05,23.211909499999997
2019-08-20,24.08,91.61,23.637930899999997
2019-08-21,23.62,84.71,22.8530536
2019-08-22,22.75,70.54,21.4132525
2019-08-23,20.75,65.47,19.563031249999998
2019-08-24,20.29,66.66,19.2282877
2019-08-25,20.65,70.26,19.6440445
2019-08-26,21.06,85.74,20.5454992
2019-08-27,22.14,84.85,21.503397
2019-08-28,20.27,74.4,19.457584
2019-08-29,20.75,78.51,20.01128125
2019-08-30,20.37,73.26,19.506699100000002
2019-08-31,19.43,65.09,18.48341535
2019-09-01,19.17,82.53,18.72128305
2019-09-02,20.52,81.64,19.9121004
2019-09-03,21.76,87.23,21.2500939
2019-09-04,19.26,81.88,18.7856184
2019-09-05,17.51,72.88,17.0610284
2019-09-06,18.92,79.22,18.414838200000002
2019-09-07,19.04,79.62,18.5311114
2019-09-08,18.23,75.29,17.72307435
2019-09-09,18.76,82.21,18.3431803
2019-09-10,22.41,86.12,21.8061506
2019-09-11,23.32,88.42,22.7582542
2019-09-12,21.08,90.19,20.7249761
2019-09-13,22.01,84.87,21.385055350000002
2019-09-14,18.87,82.53,18.45010855
2019-09-15,20.87,86.82,20.408238700000002
2019-09-16,20.49,93.88,20.2883766
2019-09-17,19.41,92.22,19.199901099999998
2019-09-18,20.27,82.95,19.72891825
2019-09-19,21.18,75.95,20.296402999999998
2019-09-20,21.98,83.76,21.3118864
2019-09-21,22.42,85.25,21.77749
2019-09-22,21.22,88.37,20.790155199999997
2019-09-23,19.17,82.7,18.725649500000003
2019-09-24,18.82,79.7,18.337672
2019-09-25,19.9,80.41,19.318177
2019-09-26,17.82,72.16,17.3116416
2019-09-27,18.25,73.55,17.70446875
2019-09-28,17.49,91.38,17.3482441
2019-09-29,17.53,90.38,17.369682700000002
2019-09-30,20.59,91.97,20.32103515
2019-10-01,22.09,89.57,21.654599649999998
2019-10-02,18.37,92.39,18.20802115
2019-10-03,16.83,87.76,16.673144399999998
2019-10-04,13.47,79.43,13.586529050000001
2019-10-05,13.94,77.42,14.0095464
2019-10-06,14.8,81.13,14.768864500000001
2019-10-07,14.16,77.99,14.2011587
2019-10-08,14.7,73.06,14.670366
2019-10-09,14.22,76.87,14.255620200000001
2019-10-10,14.96,84.87,14.921721100000001
2019-10-11,14.12,88.44,14.144160399999999
2019-10-12,7.32,66.91,8.6267241
2019-10-13,8.74,75.34,9.521228800000001
2019-10-14,7.68,72.37,8.7164013
2019-10-15,10.93,76.51,11.39122615
2019-10-16,9.53,79.18,10.0991147
2019-10-17,8.92,78.34,9.584745400000001
2019-10-18,9.59,77.68,10.1927516
2019-10-19,10.85,77.93,11.29305525
2019-10-20,11.48,89.69,11.651249100000001
2019-10-21,12.78,85.97,12.9127238
2019-10-22,10.08,76.68,10.6469092
2019-10-23,8.81,80.88,9.408360400000001
2019-10-24,8.7,80.16,9.332896
2019-10-25,8.34,67.75,9.43263
2019-10-26,7.74,79.31,8.5092542
2019-10-27,9.24,88.46,9.573852200000001
2019-10-28,8.78,88.39,9.145250599999999
2019-10-29,6.43,82.53,7.20540595
2019-10-30,4.7,87.37,5.380757000000001
2019-10-31,4.84,91.89,5.2708843000000005
2019-11-01,1.92,80.06,3.2996486000000003
2019-11-02,3.97,86.35,4.760539750000001
2019-11-03,4.48,77.65,5.711708500000001
2019-11-04,7.24,85.25,7.828967500000001
2019-11-05,3.88,79.95,5.051120500000001
2019-11-06,4.55,71.42,6.1140405
2019-11-07,0.6,77.68,2.3063640000000003
2019-11-08,-1.47,75.29,0.7004028500000008
2019-11-09,1.9,72.53,3.803671000000001
2019-11-10,4.22,87.45,4.929577
2019-11-11,1.12,87.01,2.0759341000000004
2019-11-12,-5.61,84.7,-3.9177434999999994
2019-11-13,-5.08,83.86,-3.3418833999999986
2019-11-14,-0.66,84.51,0.6315562000000002
2019-11-15,-0.59,85.88,0.5818894000000018
2019-11-16,2.77,75.99,4.319005150000001
2019-11-17,2.03,83.53,3.1595949500000007
2019-11-18,3.27,88.61,3.9735033500000005
2019-11-19,3.38,77.73,4.742033200000001
2019-11-20,5.08,81.68,6.0291592000000005
2019-11-21,6.65,90.96,7.040302000000001
2019-11-22,1.85,76.29,3.499623250000001
2019-11-23,1.28,76.83,2.964690700000001
2019-11-24,3.07,89.68,3.7187668
2019-11-25,5.08,93.95,5.3934505
2019-11-26,5.25,91.74,5.670227500000001
2019-11-27,6.73,87.06,7.282990900000001
2019-11-28,1.76,80.13,3.152290900000001
2019-11-29,3.43,83.69,4.423034350000001
2019-11-30,3.31,85.52,4.201171600000001
2019-12-01,4.26,90.61,4.788844800000001
2019-12-02,1.65,83.72,2.8005890000000004
2019-12-03,1.14,82.04,2.4597008000000002
2019-12-04,2.57,87.53,3.3882190500000005
2019-12-05,2.64,84,3.6836800000000007
2019-12-06,3.04,81.62,4.198491400000001
2019-12-07,1.36,72.65,3.3365845000000007
2019-12-08,2.82,89.33,3.505440800000001
2019-12-09,6.04,96.1,6.2214670000000005
2019-12-10,-3.08,81.16,-1.2583603999999984
2019-12-11,-5.31,82.05,-3.3542577499999986
2019-12-12,-0.65,78.63,1.1306552500000016
2019-12-13,2.87,89.76,3.5250016000000004
2019-12-14,2.47,86.9,3.3367615000000006
2019-12-15,-3.31,81.51,-1.4988120499999995
2019-12-16,-0.98,78.76,0.8283736000000006
2019-12-17,-0.75,78.81,1.027311250000001
2019-12-18,-4.76,78.9,-2.524876999999999
2019-12-19,-2.99,78.41,-0.9131499499999984
2019-12-20,0.85,93.24,1.3575070000000014
2019-12-21,2.49,92.87,2.9609721500000004
2019-12-22,3.13,92.37,3.60714205
2019-12-23,3.8,94.25,4.138387500000001
2019-12-24,4.54,94.26,4.854437200000001
2019-12-25,5.5,95.31,5.7321550000000006
2019-12-26,8.21,97.03,8.312747150000002
2019-12-27,2.52,88.7,3.2645570000000004
2019-12-28,2.29,85.77,3.2456156500000013
2019-12-29,8.2,97.86,8.274151
2019-12-30,2.94,87.32,3.7461944000000016
2019-12-31,-1.35,83.2,0.11454000000000053
2020-01-01,-0.37,84.02,0.936924300000001
2020-01-02,3.79,88.7,4.4556265
2020-01-03,2.83,86.39,3.703557850000001
2020-01-04,0.83,79.46,2.374299900000002
2020-01-05,0.46,83.33,1.747257400000001
2020-01-06,1.04,80.41,2.490247700000001
2020-01-07,1.58,78.07,3.138345800000001
2020-01-08,-3.86,77.78,-1.6162243999999992
2020-01-09,1.08,80.55,2.515604500000001
2020-01-10,4.88,96.23,5.079470700000001
2020-01-11,2.15,92.31,2.672343250000001
2020-01-12,-0.32,80.69,1.2539581000000015
2020-01-13,0.3,85.33,1.4457270000000009
2020-01-14,1.62,90.94,2.2618104000000008
2020-01-15,0.69,91.72,1.3189074000000003
2020-01-16,-4.17,85.63,-2.6944165499999984
2020-01-17,-3.72,81.74,-1.890165399999999
2020-01-18,-0.29,90.78,0.4600009000000013
2020-01-19,-9.37,98.1,-9.120558499999998
2020-01-20,-2.4,83.95,-0.9081524999999993
2020-01-21,-3.84,82.57,-2.081835899999998
2020-01-22,-2.06,86.62,-0.8413495999999994
2020-01-23,0.58,88.45,1.4642680000000006
2020-01-24,1.84,95.79,2.1331423000000007
2020-01-25,0.76,94.17,1.2005731000000002
2020-01-26,-0.24,92.42,0.3745106000000017
2020-01-27,-0.49,87.61,0.5314935500000011
2020-01-28,-0.24,83.67,1.0838731000000013
2020-01-29,0.09,66.02,2.7830849000000013
2020-01-30,0.38,72.24,2.5358416000000013
2020-01-31,0.58,83.8,1.820272000000001
2020-02-01,1.03,88.69,1.8679013500000008
2020-02-02,2.54,89.51,3.2300322000000006
2020-02-03,2.7,95.24,3.0089240000000013
2020-02-04,2.08,81.63,3.334854700000001
2020-02-05,-0.83,69.63,1.7306465500000017
2020-02-06,-1.29,81.19,0.34355445000000095
2020-02-07,-0.22,73.98,1.886579200000001
2020-02-08,-0.5,79.67,1.1772250000000009
2020-02-09,-1.29,90.21,-0.43978744999999875
2020-02-10,-0.7,86.14,0.4586960000000011
2020-02-11,-1.35,83.35,0.10146375000000196
2020-02-12,-1.93,87.91,-0.8374871499999985
2020-02-13,-3.54,92.28,-2.7740215999999993
2020-02-14,-10.55,89.42,-9.092340499999999
2020-02-15,-5.79,90.6,-4.741006999999998
2020-02-16,-1.15,85.78,0.07398650000000107
2020-02-17,0.5,80.63,1.9914900000000015
2020-02-18,0.87,85.7,1.941999500000001
2020-02-19,-4.78,74.48,-2.0738591999999993
2020-02-20,-6.61,75.1,-3.718985499999998
2020-02-21,-6.3,78.48,-3.8381119999999993
2020-02-22,-0.81,83.47,0.5819086500000012
2020-02-23,2.56,85.98,3.4806934000000007
2020-02-24,2.69,91.16,3.2642022000000015
2020-02-25,2.01,88.98,2.7670189000000005
2020-02-26,-0.09,79.39,1.5638494500000004
2020-02-27,-2.35,69.9,0.43951750000000045
2020-02-28,-4.25,71.26,-1.2861874999999992
2020-02-29,-3.64,70.13,-0.6598700999999987
2020-03-01,1.22,83.75,2.406900000000001
2020-03-02,3.54,87.34,4.303144800000001
2020-03-03,1.69,86.52,2.6397334000000012
2020-03-04,2.1,81.25,3.378750000000001
2020-03-05,2.82,76.43,4.3341368000000005
2020-03-06,0.86,81.69,2.2336162000000015
2020-03-07,0.47,72.89,2.5619431500000003
2020-03-08,4.67,75.75,5.981076250000001
2020-03-09,7.51,90.15,7.88868325
2020-03-10,3.88,84.86,4.764327400000001
2020-03-11,2.01,87.03,2.900974150000001
2020-03-12,3.58,94.94,3.8839036000000013
2020-03-13,3.53,76.39,4.95450935
2020-03-14,1.52,77.43,3.131272300000001
2020-03-15,1.21,77.28,2.870718400000001
2020-03-16,1.47,87.47,2.3679624500000007
2020-03-17,2.45,78.15,3.8981087500000005
2020-03-18,2.64,83.75,3.699987500000001
2020-03-19,4.41,98.1,4.5154405
2020-03-20,5.44,84.85,6.194924500000001
2020-03-21,-0.79,69.97,1.735372850000001
2020-03-22,-0.14,70.77,2.2135996000000016
2020-03-23,1.65,84.94,2.714365500000001
2020-03-24,2.15,86.86,3.0425345000000004
2020-03-25,3.86,91.96,4.330500800000001
2020-03-26,5.36,94.63,5.6299499000000015
2020-03-27,3.83,96,4.0647400000000005
2020-03-28,5.94,96.69,6.095834800000001
2020-03-29,8.24,87.06,8.685524200000001
2020-03-30,4.82,83.95,5.674502
2020-03-31,2.83,88.8,3.548872000000001
2020-04-01,3.68,91.39,4.1923811
2020-04-02,4.43,86.94,5.1533281
2020-04-03,7.69,76.09,8.585549050000001
2020-04-04,5.65,85.47,6.357247750000001
2020-04-05,3.55,81.91,4.6394702500000005
2020-04-06,5.97,82.37,6.79711145
2020-04-07,12.89,89.73,12.980940850000001
2020-04-08,10.25,88.62,10.5160075
2020-04-09,5.39,75.68,6.6085536000000005
2020-04-10,3.6,74.49,5.129324500000001
2020-04-11,6.87,72.85,8.00934975
2020-04-12,9,90.87,9.2761825000000009
2020-04-13,5.23,79.49,6.275702350000001
2020-04-14,1.29,68.65,3.567734250000001
2020-04-15,0.45,70.12,2.7589770000000007
2020-04-16,1.99,64.73,4.41675235
2020-04-17,2.5,81.77,3.7031800000000015
2020-04-18,4.54,77.59,5.7676198
2020-04-19,6.91,81.39,7.686874450000001
2020-04-20,6.53,75.2,7.617108000000001
2020-04-21,5.85,69.78,7.2877165
2020-04-22,6.2,70.05,7.567217500000001
2020-04-23,8.66,93.17,8.8793796
2020-04-24,5.13,94.82,5.396951300000001
2020-04-25,5.1,91.96,5.515668000000001
2020-04-26,6.31,82.84,7.0829722
2020-04-27,7.89,76.64,8.7392528
2020-04-28,12.04,92.37,12.143233899999998
2020-04-29,10.17,97.12,10.2385872
2020-04-30,5.57,90.46,6.038557100000001
2020-05-01,8.3,69.81,9.329479000000001
2020-05-02,11.68,79.11,12.0040039
2020-05-03,11.7,77.47,12.046961999999999
2020-05-04,5.59,84.65,6.34222675
2020-05-05,6.01,83.21,6.7940090500000005
2020-05-06,7.04,74.64,8.0805208
2020-05-07,9.37,76.91,10.02148435
2020-05-08,3.79,77.17,5.13480115
2020-05-09,4.5,62.77,6.547650000000001
2020-05-10,6.72,83.5,7.426035000000001
2020-05-11,5.02,79.13,6.1081618
2020-05-12,7.29,72.76,8.370202200000001
2020-05-13,8,72,9.001000000000001
2020-05-14,12.15,93.41,12.23517575
2020-05-15,15.24,86.79,15.1862353
2020-05-16,9.77,93.02,9.9515847
2020-05-17,11.38,97.94,11.4153496
2020-05-18,12.03,91.59,12.14424985
2020-05-19,9.8,97.12,9.874448000000001
2020-05-20,10.81,90.63,11.000164150000002
2020-05-21,11.61,87.73,11.80503165
2020-05-22,13.64,92.22,13.6767994
2020-05-23,13.12,92.71,13.1753311
2020-05-24,17.9,87.22,17.661013999999998
2020-05-25,18.89,88.61,18.61498845
2020-05-26,19.22,83.6,18.794255999999997
2020-05-27,19.41,90.05,19.14130025
2020-05-28,17.81,90.89,17.64415245
2020-05-29,15.56,85.2,15.473716
2020-05-30,13.67,82.7,13.7489745
2020-05-31,11.98,72.87,12.3560218
2020-06-01,13.64,75.14,13.757587800000001
2020-06-02,18.67,84.5,18.3145075
2020-06-03,18.81,91.31,18.604003549999998
2020-06-04,19.79,82.87,19.291602649999998
2020-06-05,20.3,85.53,19.838407
2020-06-06,15.96,86.95,15.855208500000002
2020-06-07,15.72,83.94,15.6122374
2020-06-08,19.28,75.06,18.624327400000002
2020-06-09,20.74,82.69,20.1459208
2020-06-10,21.52,88.54,21.0775294
2020-06-11,17.4,78.37,17.0550015
2020-06-12,15.59,83.7,15.492281499999999
2020-06-13,12.83,81.32,13.0015758
2020-06-14,13.74,75.99,13.8403618
2020-06-15,14.72,73.7,14.688177000000001
2020-06-16,17.48,76.49,17.0946711
2020-06-17,19.37,74.61,18.68992885
2020-06-18,20.22,72.29,19.348243399999998
2020-06-19,22.62,63.68,20.9979488
2020-06-20,23.76,66.74,22.0660682
2020-06-21,21.45,82.75,20.79061875
2020-06-22,21.1,86.9,20.624470000000002
2020-06-23,19.23,83.35,18.79685025
2020-06-24,18.75,80.52,18.294655
2020-06-25,19.95,74.93,19.19852675
2020-06-26,21.56,79.2,20.752336
2020-06-27,23.22,84.74,22.4881304
2020-06-28,22.86,85.73,22.203865399999998
2020-06-29,23.3,87.63,22.701292
2020-06-30,23.54,87.81,22.9339132
2020-07-01,23.56,79.24,22.525529199999998
2020-07-02,23.22,80.91,22.3044436
2020-07-03,23.88,68.21,22.2399539
2020-07-04,23.71,83.21,22.85950255
2020-07-05,25.08,79.25,23.8725575
2020-07-06,26.69,60.73,24.057142849999998
2020-07-07,27.38,66.95,25.038738
2020-07-08,25.93,81.77,24.783971049999998
2020-07-09,26.57,80.2,25.255577
2020-07-10,24.99,86.08,24.186885599999997
2020-07-11,24.12,78.26,22.9697366
2020-07-12,23.14,78.92,22.1382784
2020-07-13,22.02,73.25,20.913619999999998
2020-07-14,23.07,67.99,21.56120865
2020-07-15,23.59,71.45,22.16264275
2020-07-16,23.05,83.73,22.28490325
2020-07-17,23.9,77.14,22.718138
2020-07-18,25.51,83.3,24.4987315
2020-07-19,25.62,87.46,24.8530536
2020-07-20,23.41,79.61,22.41078805
2020-07-21,22.88,79.46,21.933311399999997
2020-07-22,24.41,85.92,23.642569599999998
2020-07-23,22.88,81.43,22.0241087
2020-07-24,22.81,82.8,22.023874
2020-07-25,24.61,81.15,23.56184575
2020-07-26,26.21,79.73,24.90451065
2020-07-27,25.83,84.2,24.845422999999997
2020-07-28,24.47,75.66,23.135316099999997
2020-07-29,25.14,77.06,23.7975512
2020-07-30,24.13,78.14,22.972185099999997
2020-07-31,23.26,74.93,22.0521274
2020-08-01,22.71,78.53,21.74052215
2020-08-02,22.72,80.65,21.845186499999997
2020-08-03,20.49,87.64,20.082799799999997
2020-08-04,19.64,74.82,18.9281614
2020-08-05,20.31,58.65,18.988660749999998
2020-08-06,21.53,66.09,20.21886985
2020-08-07,22.29,67.69,20.90567805
2020-08-08,23.16,70.93,21.7753959
2020-08-09,24.79,82.42,23.7950599
2020-08-10,24.79,87.08,24.058792599999997
2020-08-11,23.29,78.04,22.228343799999998
2020-08-12,23.15,60.75,21.28268125
2020-08-13,23.31,78.42,22.2643411
2020-08-14,23.57,82.11,22.67755735
2020-08-15,24.62,80.17,23.5162622
2020-08-16,23.23,74.97,22.02818455
2020-08-17,23.37,72.59,22.03280315
2020-08-18,22.63,64.45,21.040381749999998
2020-08-19,21.36,61.95,19.924373499999998
2020-08-20,22.31,62.32,20.691455599999998
2020-08-21,23.42,63.04,21.6067424
2020-08-22,23.77,65.39,22.00540915
2020-08-23,24.03,73.14,22.6221331
2020-08-24,25.5,78.48,24.19804
2020-08-25,25.09,80.5,23.9542225
2020-08-26,25.57,75.82,24.0978007
2020-08-27,26.65,75.38,25.004768499999997
2020-08-28,26.98,76.46,25.364214399999998
2020-08-29,24.3,71.2,22.74768
2020-08-30,21.5,67.01,20.229885
2020-08-31,22.79,67.45,21.30588275
2020-09-01,22.52,81.27,21.6938197
2020-09-02,23.21,77.83,22.14794615
2020-09-03,23.47,66.43,21.813824049999997
2020-09-04,20.55,58.26,19.1611015
2020-09-05,21.3,66.73,20.055702
2020-09-06,20.52,77.66,19.780322599999998
2020-09-07,21.57,76.9,20.6717565
2020-09-08,18.68,82.61,18.2802039
2020-09-09,17.57,88.3,17.3724455
2020-09-10,17.44,85.94,17.2126498
2020-09-11,17.72,84.79,17.4506309
2020-09-12,19.85,88.05,19.49837125
2020-09-13,18.77,84.2,18.398937
2020-09-14,18.81,85.96,18.477181799999997
2020-09-15,19.02,75.78,18.4178908
2020-09-16,19.87,76.22,19.1676577
2020-09-17,18.6,73.61,18.0049055
2020-09-18,15.29,68.08,15.151307599999999
2020-09-19,14.36,58.29,14.392116699999999
2020-09-20,16.3,60.1,15.90499
2020-09-21,17.07,65.64,16.5843214
2020-09-22,17.9,73.4,17.40258
2020-09-23,18.81,78.65,18.30389825
2020-09-24,18.74,79.79,18.2687028
2020-09-25,19.46,73.51,18.7373528
2020-09-26,20.13,79.35,19.49057275
2020-09-27,19.88,80.61,19.306249899999997
2020-09-28,14.89,82.85,14.85321325
2020-09-29,13.4,78.79,13.5283205
2020-09-30,14.33,76.82,14.3516733
2020-10-01,12.53,81.68,12.7284972
2020-10-02,11.03,74.14,11.5235381
2020-10-03,11.02,70.04,11.5934344
2020-10-04,10.29,81.04,10.729018799999999
2020-10-05,11.92,60.94,12.4742614
2020-10-06,14.31,68.66,14.3427503
2020-10-07,16.81,71.8,16.451718999999997
2020-10-08,15.14,74.29,15.0495008
2020-10-09,15.78,77.93,15.624627199999999
2020-10-10,17.1,84.16,16.873488000000002
2020-10-11,15.44,84.93,15.3620881
2020-10-12,15.97,87.15,15.866107750000001
2020-10-13,13.94,66.38,14.0435496
2020-10-14,14.87,66.22,14.801257699999999
2020-10-15,13.1,62.36,13.389828
2020-10-16,9.17,61.21,10.30712885
2020-10-17,10.17,64.69,11.01090765
2020-10-18,10.54,71.63,11.1578986
2020-10-19,7.79,70.99,8.86061405
2020-10-20,8.94,80.98,9.5216316
2020-10-21,10.51,83.16,10.8795538
2020-10-22,13.09,87.59,13.18623955
2020-10-23,13.78,90.13,13.8190852
2020-10-24,6.36,76.51,7.411647300000001
2020-10-25,7.76,70.24,8.863203200000001
2020-10-26,6.02,80.25,6.941140000000001
2020-10-27,4,77.57,5.295332500000001
2020-10-28,5.02,72.43,6.4574998
2020-10-29,7.5,79.43,8.291945
2020-10-30,4.26,71,5.893280000000001
2020-10-31,6.21,70.06,7.5751143
2020-11-01,5.5,65.61,7.202305000000001
2020-11-02,3.81,59.67,6.18120235
2020-11-03,8.04,73.2,8.992204
2020-11-04,11.73,79.1,12.0484115
2020-11-05,12.63,83.79,12.79671985
2020-11-06,12.16,84.61,12.3580693
2020-11-07,12.49,78.93,12.72292885
2020-11-08,13.43,81.56,13.5385194
2020-11-09,15.15,88.23,15.10792225
2020-11-10,16.05,89.02,15.956395500000001
2020-11-11,6.38,72.85,7.592519000000001
2020-11-12,6.27,69.96,7.629760600000001
2020-11-13,4.4,71.59,5.978175500000001
2020-11-14,3.72,69.74,5.5141154000000014
2020-11-15,7.69,84.29,8.27841805
2020-11-16,3.04,70.79,4.881106300000001
2020-11-17,2.98,70.11,4.873830400000001
2020-11-18,4.86,55.42,7.223631600000001
2020-11-19,9.27,63.45,10.32136075
2020-11-20,10.53,75.47,11.065612549999999
2020-11-21,5.95,75.77,7.089415750000001
2020-11-22,5.14,80.45,6.146434
2020-11-23,4.37,78.82,5.550043700000001
2020-11-24,4.13,84.19,5.031723350000001
2020-11-25,7.12,92.58,7.421177800000001
2020-11-26,6.66,88.88,7.139494400000001
2020-11-27,4.4,87.42,5.0988190000000015
2020-11-28,3.88,70.77,5.5873243000000015
2020-11-29,5.02,84.14,5.8469404
2020-11-30,2.44,76.48,4.000081600000001
2020-12-01,0.47,80.05,2.009441750000001
2020-12-02,2.7,72.17,4.506167000000001
2020-12-03,2.17,79.14,3.584620900000001
2020-12-04,2.86,82.18,4.000836400000001
2020-12-05,3.07,79.1,4.383878500000002
2020-12-06,2.52,75.21,4.153413100000002
2020-12-07,2.43,73.52,4.187874800000001
2020-12-08,2.14,73.31,3.954386200000001
2020-12-09,3.43,87.1,4.215416500000002
2020-12-10,5.99,84.89,6.697223550000001
2020-12-11,5.97,94.68,6.2195878
2020-12-12,4.41,92.92,4.802904600000001
2020-12-13,0.8,82.93,2.0862245000000006
2020-12-14,-0.94,77.53,0.9681524000000008
2020-12-15,-0.91,67.83,1.8165683500000007
2020-12-16,0.22,75.57,2.138732200000002
2020-12-17,1.05,78.46,2.6434215000000014
2020-12-18,0.87,73.83,2.831834050000001
2020-12-19,2.83,89.44,3.507793600000001
2020-12-20,1.92,83.03,3.0941543000000005
2020-12-21,2.72,84.48,3.725540800000001
2020-12-22,2.39,82.29,3.5695745500000005
2020-12-23,5.05,82.56,5.956444
2020-12-24,-3.86,79.95,-1.8353509999999988
2020-12-25,-6.29,84.9,-4.5633905
2020-12-26,-3.47,83.41,-1.830327349999999
2020-12-27,1.01,84.58,2.1540869000000016
2020-12-28,0.31,81.06,1.7881723000000005
2020-12-29,-1.8,72.49,0.6662715000000012
2020-12-30,0.68,85.61,1.773783900000001
2020-12-31,-2.96,79.34,-0.9760201999999987
2021-01-01,-0.38,84.84,0.8606944000000011
2021-01-02,1.76,88.95,2.534273500000001
2021-01-03,1.26,86.56,2.2387008000000006
2021-01-04,-2.53,94.89,-2.051371849999999
2021-01-05,-0.16,88.91,0.7341867000000011
2021-01-06,1.1,83.16,2.341108000000001
2021-01-07,2.36,72.38,4.204187400000001
2021-01-08,1.65,77.15,3.2649237500000003
2021-01-09,0.58,75.58,2.4495952000000014
2021-01-10,-0.18,80.5,1.394430000000001
2021-01-11,-2.79,87.3,-1.5822934999999987
2021-01-12,-0.54,89.67,0.3144976000000008
2021-01-13,1.24,91.36,1.8701152000000016
2021-01-14,2.04,94.02,2.4498094000000012
2021-01-15,1.35,87.29,2.2692507500000008
2021-01-16,0.9,87.87,1.8073240000000004
2021-01-17,-0.26,88.89,0.6419098000000011
2021-01-18,-1.13,83.73,0.2686505500000005
2021-01-19,-2.41,80.82,-0.6261640999999987
2021-01-20,-3.82,81.07,-1.9126131999999976
2021-01-21,0.83,81.63,2.2111484500000014
2021-01-22,-4.19,79.54,-2.0868143
2021-01-23,-5.39,72.74,-2.407892299999997
2021-01-24,-0.53,76.49,1.4134541500000015
2021-01-25,0.39,81.02,1.862942900000001
2021-01-26,0.08,83.48,1.3902012000000008
2021-01-27,-0.92,77.95,0.9500605000000012
2021-01-28,-4.95,78.57,-2.6575257499999982
2021-01-29,-3.25,62.09,0.450963750000001
2021-01-30,-0.35,77.84,1.4599180000000005
2021-01-31,-0.17,90.26,0.6158719000000009
2021-02-01,-0.05,78.66,1.6577335000000013
2021-02-02,-0.52,81.84,0.9801976000000003
2021-02-03,-1.76,84.51,-0.3747292999999996
2021-02-04,-0.38,90.12,0.4285792000000008
2021-02-05,-7.19,90.32,-6.035224399999998
2021-02-06,-10.45,96.8,-10.010879999999998
2021-02-07,-13.28,97.4,-12.882745999999997
2021-02-08,-11.42,86.69,-9.522526399999999
2021-02-09,-8.53,85.39,-6.679424349999998
2021-02-10,-8.71,86.6,-6.999422999999998
2021-02-11,-6.51,82.43,-4.47969865
2021-02-12,-6.15,84.75,-4.417981249999999
2021-02-13,-8.06,94.8,-7.414783999999999
2021-02-14,-13.56,99.57,-13.493638099999998
2021-02-15,-9.22,94.78,-8.5389988
2021-02-16,-7.03,86.61,-5.444423149999999
2021-02-17,-6.26,76.61,-3.589329799999999
2021-02-18,-5.97,79.37,-3.647371449999999
2021-02-19,-7.28,89.28,-5.995851199999999
2021-02-20,-7.44,84.69,-5.592542299999998
2021-02-21,-3.06,93.04,-2.3878031999999987
2021-02-22,-0.03,91.37,0.6596664500000012
2021-02-23,2.02,87.61,2.870449600000001
2021-02-24,2.22,87.65,3.054119000000001
2021-02-25,-0.46,86.08,0.6853376000000011
2021-02-26,0.06,78.31,1.7826198000000006
2021-02-27,2.46,85.34,3.4307852000000003
2021-02-28,3.82,93.26,4.2159076
2021-03-01,-1.34,76.09,0.7430392000000003
2021-03-02,-1.52,60.76,1.937436400000001
2021-03-03,2.43,82.61,3.5844351500000013
2021-03-04,0.13,86.67,1.1835365500000008
2021-03-05,0.3,73.62,2.3602780000000005
2021-03-06,0.6,83.28,1.8782440000000005
2021-03-07,0.45,78.82,2.0866845000000014
2021-03-08,4.98,78.15,6.124066000000001
2021-03-09,7.18,82.08,7.901459200000001
2021-03-10,8.82,86.09,9.254548400000001
2021-03-11,8.28,81.64,8.9080956
2021-03-12,3.25,75.97,4.736856250000001
2021-03-13,3.37,69.79,5.21930515
2021-03-14,4.08,74.35,5.550001500000001
2021-03-15,0.86,71.41,3.004821800000001
2021-03-16,1.2,86.19,2.2102015000000015
2021-03-17,0.98,88.22,1.855960800000001
2021-03-18,2.41,88.6,3.1680430000000013
2021-03-19,1.73,65.67,4.1411675500000005
2021-03-20,2.8,68.08,4.854052
2021-03-21,5.6,69.97,7.0699685
2021-03-22,7.96,73.81,8.9020543
2021-03-23,8.98,82.75,9.503710000000002
2021-03-24,9.19,89.59,9.49402405
2021-03-25,4.9,90.25,5.414800000000001
2021-03-26,3.15,87.16,3.951537000000001
2021-03-27,5.7,90.57,6.156412000000001
2021-03-28,5.64,80.03,6.6131381000000005
2021-03-29,4.95,67.98,6.6318505000000005
2021-03-30,9.1,74.63,9.853489
2021-03-31,4.14,63.99,6.1918498
2021-04-01,0.41,65.4,3.0913270000000006
2021-04-02,2.36,55.91,5.303889300000001
2021-04-03,6.71,68.95,8.04033725
2021-04-04,12.12,69.05,12.5251355
2021-04-05,12.44,80.21,12.6642207
2021-04-06,13.45,81.58,13.5563755
2021-04-07,13.71,83.65,13.78104075
2021-04-08,12.28,91.77,12.3804883
2021-04-09,9.63,84.68,10.040346200000002
2021-04-10,9.06,93.46,9.255676800000002
2021-04-11,7.73,91.83,8.034209950000001
2021-04-12,8.7,83.35,9.231135
2021-04-13,7.21,73.68,8.265300400000001
2021-04-14,5.7,71.06,7.100696000000001
2021-04-15,5.63,77.7,6.7179055000000005
2021-04-16,5.86,83.04,6.6659392
2021-04-17,4.93,85.47,5.694786550000001
2021-04-18,7.47,67.4,8.730478999999999
2021-04-19,7.41,75.17,8.37824585
2021-04-20,3.37,73.9,4.9677115
2021-04-21,3.4,65.37,5.5141615
2021-04-22,4.63,65.5,6.502832500000001
2021-04-23,8.44,67.4,9.526558
2021-04-24,9.6,84.97,10.0050585
2021-04-25,5.63,72.98,6.9481707
2021-04-26,8.25,67.15,9.37921875
2021-04-27,14.89,79.67,14.84639215
2021-04-28,10.13,93.56,10.2847854
2021-04-29,7.87,88.81,8.27804335
2021-04-30,8.47,77.69,9.209911150000002
2021-05-01,9.79,67.72,10.6262134
2021-05-02,15.87,75.73,15.68712555
2021-05-03,14.38,87.26,14.388408400000001
2021-05-04,10.59,91.69,10.768706550000001
2021-05-05,8.17,80.09,8.86316665
2021-05-06,7.2,78.51,8.0628235
2021-05-07,8.2,75.1,9.062785
2021-05-08,6.3,71.46,7.587154000000001
2021-05-09,5.54,83.45,6.355584
2021-05-10,6.2,79.93,7.1161955
2021-05-11,7.1,68.63,8.376759
2021-05-12,8.56,62.42,9.7877386
2021-05-13,11.34,51.24,12.1874488
2021-05-14,13.04,56.1,13.392517
2021-05-15,12.47,72.06,12.781950100000001
2021-05-16,13.59,77.58,13.7022121
2021-05-17,13.76,79.72,13.8425396
2021-05-18,14.84,84.16,14.8103792
2021-05-19,16.82,87.71,16.6631796
2021-05-20,17.74,84.62,17.4659284
2021-05-21,19.04,78.32,18.4986504
2021-05-22,19.91,73.04,19.1078052
2021-05-23,19.55,84.27,19.11309925
2021-05-24,17.57,79.18,17.2184543
2021-05-25,20.41,79.6,19.746897999999998
2021-05-26,19.44,79.31,18.877852700000002
2021-05-27,13.09,73.93,13.29217285
2021-05-28,10.65,85.24,10.962543
2021-05-29,10.73,58.56,11.5892584
2021-05-30,11.61,66.27,12.14613835
2021-05-31,14.08,63.24,14.1649156
2021-06-01,14.73,71.76,14.6942764
2021-06-02,15.42,70.56,15.271033599999999
2021-06-03,18.02,63.86,17.3203296
2021-06-04,20.44,70.49,19.4759083
2021-06-05,20.95,70.6,19.907035
2021-06-06,21.4,76.28,20.499826
2021-06-07,20.99,87.64,20.548809799999997
2021-06-08,22.13,85.71,21.530320149999998
2021-06-09,21.57,83.41,20.92489785
2021-06-10,21.87,84.53,21.24292355
2021-06-11,23.58,76.91,22.426885399999996
2021-06-12,22.56,79.49,21.6507917
2021-06-13,22.49,74.35,21.362810749999998
2021-06-14,21.73,67.49,20.43723985
2021-06-15,19.68,73.06,18.9124794
2021-06-16,18.06,64.69,17.3686302
2021-06-17,20.29,57.71,18.94327495
2021-06-18,22.97,76,21.85196
2021-06-19,23.92,67.82,22.252754200000002
2021-06-20,21.15,80.08,20.421425999999997
2021-06-21,20.52,77.63,19.7793293
2021-06-22,17.69,58.83,16.96767235
2021-06-23,19.29,71.14,18.5296833
2021-06-24,20.73,79.64,20.0323646
2021-06-25,21.14,95.2,20.964704
2021-06-26,21.7,95.54,21.523384
2021-06-27,22.44,88.69,21.9460923
2021-06-28,21.6,89.35,21.1841175
2021-06-29,23.13,90.24,22.666741599999998
2021-06-30,22.69,88.94,22.1918023
2021-07-01,20.28,85.49,19.8187271
2021-07-02,18.06,74.24,17.5556192
2021-07-03,20.17,68.54,19.188919900000002
2021-07-04,23.16,76.21,22.0268823
2021-07-05,23.75,82.63,22.86630125
2021-07-06,24.82,80.3,23.701828
2021-07-07,24,82.1,23.064725
2021-07-08,19.17,85.96,18.8093826
2021-07-09,18.67,71.42,18.014517700000003
2021-07-10,19.22,76.64,18.613574399999997
2021-07-11,19.79,85.17,19.358521149999998
2021-07-12,19.99,88.09,19.63037755
2021-07-13,21.41,89.32,21.0041066
2021-07-14,22.82,81.63,21.9793888
2021-07-15,22.46,86.53,21.8702834
2021-07-16,20.02,91.69,19.7677084
2021-07-17,20.49,84.54,19.9806703
2021-07-18,21.29,82.7,20.643931499999997
2021-07-19,21.59,77.17,20.69974415
2021-07-20,22.65,75.59,21.55582175
2021-07-21,20.26,83.88,19.7493184
2021-07-22,21.91,74.57,20.87360035
2021-07-23,24.76,79.01,23.5755343
2021-07-24,25.54,81.29,24.4039288
2021-07-25,25.39,70.71,23.63567545
2021-07-26,25.66,57.41,23.0458258
2021-07-27,25.16,65.47,23.1355061
2021-07-28,25.53,75.08,24.0182282
2021-07-29,25.03,86.13,24.22671895
2021-07-30,20.85,72.14,19.8769895
2021-07-31,21.3,62.68,19.904232
2021-08-01,21.57,73.15,20.52593775
2021-08-02,21.2,65.99,19.9467315
2021-08-03,22.3,58.26,20.509354000000002
2021-08-04,22.6,59.1,20.777905
2021-08-05,23.47,59.87,21.49018645
2021-08-06,23.75,73.5,22.4018125
2021-08-07,24.26,81.32,23.2572576
2021-08-08,25.56,77.1,24.166992999999998
2021-08-09,24.26,88.99,23.6689832
2021-08-10,25.77,86.18,24.9133673
2021-08-11,25.97,88.08,25.218026799999997
2021-08-12,25.71,85.91,24.84128105
2021-08-13,23.94,78.23,22.8097016
2021-08-14,22.67,61.04,20.919332400000002
2021-08-15,22.1,57.31,20.315558
2021-08-16,22,66.21,20.6061625
2021-08-17,22.99,67.95,21.493425249999998
2021-08-18,24.04,79.36,22.957019199999998
2021-08-19,25.01,78.76,23.782221800000002
2021-08-20,25.39,78.31,24.09087745
2021-08-21,26.11,72.87,24.37761385
2021-08-22,24.14,80.41,23.1013382
2021-08-23,24.59,72.03,23.03780485
2021-08-24,26.67,79.46,25.2951551
2021-08-25,26.37,84.58,25.3633053
2021-08-26,25.37,83.27,24.36979695
2021-08-27,25.96,78.96,24.6338488
2021-08-28,26.85,80.4,25.51867
2021-08-29,26.42,79.83,25.0976548
2021-08-30,24.36,72.94,22.8925362
2021-08-31,24.2,61.72,22.157761999999998
2021-09-01,22.77,64.25,21.14391125
2021-09-02,22.01,59.89,20.35325645
2021-09-03,21.69,57.64,20.0148738
2021-09-04,21.55,75.68,20.606992
2021-09-05,21.56,71.57,20.456063099999998
2021-09-06,21.86,65.54,20.4650592
2021-09-07,22.59,75.6,21.504322
2021-09-08,21.23,69.85,20.11399775
2021-09-09,20.28,64.73,19.1587667
2021-09-10,20.6,65.07,19.4280985
2021-09-11,22.04,71.96,20.8771812
2021-09-12,23.65,77.98,22.5418435
2021-09-13,22.67,75.95,21.58931325
2021-09-14,24.01,75.52,22.729573600000002
2021-09-15,20.64,68.65,19.5813105
2021-09-16,21.26,58.89,19.7315302
2021-09-17,22.69,71.26,21.395406700000002
2021-09-18,21.86,76.72,20.917625599999997
2021-09-19,22.49,77.45,21.499040249999997
2021-09-20,23.67,79.51,22.63658685
2021-09-21,20.78,80.32,20.1002528
2021-09-22,17.11,73.45,16.72887475
2021-09-23,15.97,68.65,15.71653525
2021-09-24,17.55,65.46,16.9705915
2021-09-25,16.83,62.96,16.355332399999998
2021-09-26,17.55,60.45,16.88654875
2021-09-27,20.48,68.98,19.4597522
2021-09-28,18.05,77.45,17.60971125
2021-09-29,18.34,76.75,17.848959999999998
2021-09-30,18.84,76.76,18.2852612
2021-10-01,20.06,71,19.17318
2021-10-02,20.11,80.14,19.4972197
2021-10-03,20.48,89.96,20.1497844
2021-10-04,19.09,89.56,18.8264422
2021-10-05,18.7,87.86,18.419566
2021-10-06,18.68,89.64,18.4418236
2021-10-07,19.61,90.5,19.3430025
2021-10-08,19.56,85.33,19.1517339
2021-10-09,19.8,81.94,19.273551
2021-10-10,21.6,79.32,20.792446
2021-10-11,21.32,84.03,20.7209653
2021-10-12,18.31,86.53,18.02773615
2021-10-13,17.82,79.46,17.4449396
2021-10-14,19.42,82.8,18.954568000000002
2021-10-15,16.65,73.2,16.33309
2021-10-16,13.2,68.12,13.427942
2021-10-17,13.55,66.21,13.726552750000002
2021-10-18,15.02,65.35,14.920900999999999
2021-10-19,15.75,73.97,15.57104375
2021-10-20,15.72,79.33,15.581304300000001
2021-10-21,14.37,81.4,14.383299
2021-10-22,11.44,68.72,11.9664424
2021-10-23,10.45,62.77,11.27929825
2021-10-24,10.82,73.96,11.3470496
2021-10-25,10.77,85.14,11.0748529
2021-10-26,11.36,75.47,11.7836331
2021-10-27,10.7,70.83,11.309652999999999
2021-10-28,12.41,84.35,12.589896750000001
2021-10-29,13.31,91.25,13.367268750000001
2021-10-30,13.24,82.97,13.3580179
2021-10-31,11.09,79.49,11.47466505
2021-11-01,8.04,66.2,9.240914
2021-11-02,6.56,68.35,7.9421555
2021-11-03,5.69,65.58,7.357821100000001
2021-11-04,6.06,57.99,8.0101042
2021-11-05,7.28,68.66,8.524511400000002
2021-11-06,8.7,77.67,9.412327
2021-11-07,10.53,86.06,10.8343799
2021-11-08,11.69,86.02,11.9060609
2021-11-09,12.72,85.11,12.8657731
2021-11-10,11.25,77.6,11.650400000000001
2021-11-11,11.79,85.2,12.010594
2021-11-12,6.11,83.53,6.870008150000001
2021-11-13,4.33,83.61,5.246774650000001
2021-11-14,4.1,84.51,4.986028
2021-11-15,2.29,79.08,3.6948826000000015
2021-11-16,5.38,79.18,6.424331200000001
2021-11-17,11.87,86.82,12.0606487
2021-11-18,4.26,71.09,5.888211200000001
2021-11-19,2.39,70.56,4.350851200000001
2021-11-20,5.39,73.41,6.722291950000001
2021-11-21,7.89,74.89,8.80287405
2021-11-22,1.19,65.17,3.7397301500000006
2021-11-23,2.43,62.82,4.898194300000001
2021-11-24,4.97,79.21,6.059707850000001
2021-11-25,6.95,85.68,7.544638000000001
2021-11-26,-1.24,71.7,1.2099310000000012
2021-11-27,2.04,75.69,3.705964300000001
2021-11-28,2.85,75.3,4.432652500000001
2021-11-29,2.66,66.37,4.8499856
2021-11-30,4.88,82.14,5.824972600000001
2021-12-01,6.04,73.92,7.2535024
2021-12-02,8.57,80.38,9.2099063
2021-12-03,6.39,81.88,7.1982426
2021-12-04,4.3,75.71,5.662669000000001
2021-12-05,3.98,69.93,5.7198502
2021-12-06,1.78,78.29,3.2988316000000006
2021-12-07,-4.77,70.11,-1.6021083499999982
2021-12-08,-0.86,79.33,0.8862016000000014
2021-12-09,2.39,78.1,3.8486495000000014
2021-12-10,5.41,89.89,5.9154494500000006
2021-12-11,6.14,86.42,6.764408400000001
2021-12-12,3.07,78.17,4.4423429500000005
2021-12-13,4.43,80.68,5.5000382
2021-12-14,6.2,84.06,6.9276610000000005
2021-12-15,10.51,93.02,10.663176100000001
2021-12-16,8.5,76.96,9.26032
2021-12-17,1.48,71.22,3.540935800000001
2021-12-18,3.24,81.53,4.383847100000001
2021-12-19,1.1,72.89,3.098007000000001
2021-12-20,1.92,81.72,3.1847932000000005
2021-12-21,2.69,73.8,4.391821
2021-12-22,-2.12,72.95,0.352640500000001
2021-12-23,1.77,77.03,3.378244550000001
2021-12-24,5.22,96.82,5.3823072000000005
2021-12-25,7,85.59,7.594412500000001
2021-12-26,3.77,74.36,5.283144600000001
2021-12-27,4.26,88.46,4.909932800000001
2021-12-28,1.6,76.26,3.2843530000000003
2021-12-29,1.27,82.56,2.5390216000000008
2021-12-30,1.48,71.03,3.5545417000000006
2021-12-31,2.36,87.55,3.191286500000001
2022-01-01,3.02,86.51,3.8717586000000006
2022-01-02,-1.03,83.29,0.39728465000000024
2022-01-03,-4.75,79.07,-2.5340362499999975
2022-01-04,-1.38,81.88,0.20260080000000125
2022-01-05,-3.38,89.98,-2.394633199999999
2022-01-06,-7.19,97.66,-6.910849699999999
2022-01-07,-8.37,94.33,-7.6567990499999965
2022-01-08,-4.67,85.74,-3.1664968999999976
2022-01-09,-1.99,82.81,-0.43095294999999934
2022-01-10,-8.16,87,-6.539809999999999
2022-01-11,-7.75,83.26,-5.701442499999999
2022-01-12,0.7,90.94,1.3876540000000006
2022-01-13,2.56,89.05,3.279086500000001
2022-01-14,0.77,83.19,2.039407150000001
2022-01-15,-3.14,82.23,-1.4159545999999987
2022-01-16,-4.72,76.45,-2.230529499999999
2022-01-17,-2.43,82.64,-0.813523599999999
2022-01-18,-1.52,82.99,-0.02124889999999824
2022-01-19,-2.11,83.57,-0.6090373499999986
2022-01-20,-7.48,87.84,-6.009977599999999
2022-01-21,-5.81,78.46,-3.403874299999997
2022-01-22,-4.35,77.67,-2.0349372499999983
2022-01-23,-4.6,82.92,-2.8057459999999983
2022-01-24,-6.14,89.26,-4.920795199999999
2022-01-25,-8.56,86.41,-6.836380299999997
2022-01-26,-12.27,94.97,-11.529407949999998
2022-01-27,-5.2,85.52,-3.631091999999998
2022-01-28,-3.21,78.83,-1.1479361499999987
2022-01-29,-7.58,80.25,-5.181559999999998
2022-01-30,-3.81,82.29,-2.0265144499999996
2022-01-31,-0.86,74.72,1.275654400000001
2022-02-01,1.43,90.41,2.1193771500000014
2022-02-02,-2.58,84.32,-1.1070207999999986
2022-02-03,-3.38,80.64,-1.4761375999999986
2022-02-04,-5.04,76.92,-2.559592399999999
2022-02-05,-7.84,87.32,-6.282008399999997
2022-02-06,-5.45,93.96,-4.787260999999997
2022-02-07,-4.37,84.87,-2.799732949999999
2022-02-08,-4.92,87.63,-3.5987602999999977
2022-02-09,1.13,91.46,1.7579889000000009
2022-02-10,-0.59,80.05,1.0657502500000011
2022-02-11,1.4,86.42,2.378439000000001
2022-02-12,-5.82,74.7,-2.9924719999999994
2022-02-13,-9.08,78.34,-6.2709145999999985
2022-02-14,-8.28,76.49,-5.334432099999997
2022-02-15,-3.78,75.18,-1.2845971999999994
2022-02-16,4.71,88.24,5.3432172000000016
2022-02-17,0.09,86.12,1.190059400000001
2022-02-18,-6.61,79.65,-4.24726325
2022-02-19,-7.52,78.78,-4.950045799999999
2022-02-20,-2.24,80.75,-0.46765249999999914
2022-02-21,2.08,96.17,2.3416273000000016
2022-02-22,3.77,98.71,3.846129350000001
2022-02-23,-5.32,76.88,-2.799688799999998
2022-02-24,-3.39,78.21,-1.2459729499999983
2022-02-25,-2.95,81.52,-1.1763819999999983
2022-02-26,-4.28,78.96,-2.1067783999999983
2022-02-27,-1.46,80.32,0.2675104000000019
2022-02-28,1.2,74.81,3.0426485000000003
2022-03-01,3,83.89,4.018957500000001
2022-03-02,1.78,86.62,2.7160648000000007
2022-03-03,-0.5,71.87,1.8207250000000008
2022-03-04,-0.55,66,2.264350000000001
2022-03-05,5.17,82.38,6.0741703000000005
2022-03-06,6.11,83.6,6.866778000000001
2022-03-07,0.74,83.77,1.9682864000000013
2022-03-08,-2.12,79.33,-0.23055529999999846
2022-03-09,-0.42,76.22,1.531386800000001
2022-03-10,-3.2,74.08,-0.6766879999999991
2022-03-11,-3.25,71.66,-0.48330749999999867
2022-03-12,-7.67,70.55,-4.0790142499999975
2022-03-13,-1.23,72.7,1.131859500000001
2022-03-14,4.48,78.64,5.657149600000001
2022-03-15,2.75,92.81,3.2146537500000005
2022-03-16,5.13,88.12,5.7422358000000004
2022-03-17,7.94,88.56,8.3527552
2022-03-18,3.93,92.87,4.3445025500000005
2022-03-19,3.11,92.85,3.5579117500000006
2022-03-20,5.01,73.52,6.392123600000001
2022-03-21,9.41,69,10.277845000000001
2022-03-22,7.58,90.21,7.952607400000001
2022-03-23,8.14,90.76,8.4632152
2022-03-24,5.09,91.54,5.5278473
2022-03-25,3.67,84.79,4.57598365
2022-03-26,0.33,72.15,2.5004897500000007
2022-03-27,-1.64,61.46,1.781195800000001
2022-03-28,-1.84,63.54,1.4366602000000015
2022-03-29,0.51,65.38,3.173835900000001
2022-03-30,6.1,93.59,6.396142
2022-03-31,4.69,89.45,5.259225250000001
2022-04-01,1.3,78.3,2.875420000000001
2022-04-02,1.56,86.77,2.501579100000001
2022-04-03,2.27,90.02,2.941304700000001
2022-04-04,4.79,87.05,5.481594750000001
2022-04-05,5.09,87.19,5.752981550000001
2022-04-06,7.27,84.21,7.897889350000001
2022-04-07,4.56,81.43,5.5752219
2022-04-08,2.76,89.95,3.408928500000001
2022-04-09,2.66,78.6,4.053568000000001
2022-04-10,5.37,70.78,6.837282300000001
2022-04-11,9.06,79.99,9.658699200000001
2022-04-12,9.24,69.57,10.120339900000001
2022-04-13,12.79,98.72,12.802038399999999
2022-04-14,5.26,70.93,6.7373374
2022-04-15,5.17,65.11,6.960380350000001
2022-04-16,3.64,68.68,5.5107436000000005
2022-04-17,2.15,70.55,4.150391250000001
2022-04-18,2.77,80.79,4.009333150000001
2022-04-19,3.66,76.92,5.036029600000001
2022-04-20,5.33,79.4,6.3689610000000005
2022-04-21,9.63,80.78,10.144807700000001
2022-04-22,8.33,82,8.94083
2022-04-23,13.19,91.51,13.25117045
2022-04-24,14.09,92.99,14.10580755
2022-04-25,8.42,77.05,9.187448
2022-04-26,4.87,72.46,6.328656100000001
2022-04-27,2.47,72.3,4.302770500000001
2022-04-28,4.57,84.1,5.438378500000001
2022-04-29,7.89,78.69,8.66472505
2022-04-30,10.48,83.9,10.835971
2022-05-01,9.63,88.13,9.947937950000002
2022-05-02,7.78,85.14,8.329225600000001
2022-05-03,6.49,92.74,6.809839300000001
2022-05-04,5.77,90.59,6.22182115
2022-05-05,6.55,93.82,6.8202205000000005
2022-05-06,7.75,92.79,8.01767125
2022-05-07,8.32,75.88,9.139838800000001
2022-05-08,9.26,75.73,9.9594614
2022-05-09,12.46,80.2,12.682156
2022-05-10,16.36,93.14,16.2898222
2022-05-11,19.32,96.49,19.2269499
2022-05-12,18.74,84.65,18.382037999999998
2022-05-13,18.25,75.42,17.7430375
2022-05-14,17.46,82.43,17.173960400000002
2022-05-15,15.54,82.83,15.4417876
2022-05-16,14.81,75.26,14.7678183
2022-05-17,12.25,73.49,12.578061250000001
2022-05-18,11.02,87.65,11.256378999999999
2022-05-19,14.54,89.28,14.537641599999999
2022-05-20,18.07,92.04,17.9137054
2022-05-21,13.49,89.22,13.5498829
2022-05-22,11.75,78.75,12.07140625
2022-05-23,10.75,70.51,11.35823125
2022-05-24,10.72,78.79,11.160955900000001
2022-05-25,13.6,85.54,13.671577
2022-05-26,16.68,92.58,16.5910342
2022-05-27,12.82,87.43,12.9361468
2022-05-28,13.69,79.77,13.78012465
2022-05-29,16.39,81.2,16.194574
2022-05-30,18.37,82.29,17.99304265
2022-05-31,19.8,84.39,19.3449685
2022-06-01,17.23,86.28,17.0239942
2022-06-02,15.09,73.81,15.00501345
2022-06-03,17.56,64.17,16.9569811
2022-06-04,15.71,68.51,15.50043405
2022-06-05,16.32,78.44,16.1041844
2022-06-06,17.56,88.64,17.3688112
2022-06-07,14.07,87.4,14.099799
2022-06-08,14.58,86.46,14.5740424
2022-06-09,15.31,81.78,15.228829900000001
2022-06-10,18.11,66.13,17.43751115
2022-06-11,16.74,83.45,16.536103999999998
2022-06-12,16.72,89.25,16.5887425
2022-06-13,17.9,86.25,17.642875
2022-06-14,23.2,83.42,22.406647
2022-06-15,24,84.16,23.172359999999998
2022-06-16,23.15,74.85,21.953488749999998
2022-06-17,21.11,74.92,20.1982166
2022-06-18,17.22,64.62,16.6907152
2022-06-19,18.41,67.55,17.71216275
2022-06-20,21.28,70.4,20.176216
2022-06-21,23.66,77.87,22.5450906
2022-06-22,24.29,77.29,23.067180049999997
2022-06-23,21.44,68.77,20.2479509
2022-06-24,22.62,55.25,20.621465
2022-06-25,22.29,72.85,21.126758249999998
2022-06-26,22.39,77.01,21.39234895
2022-06-27,19.9,65.67,18.880398999999997
2022-06-28,20.26,64.55,19.136944
2022-06-29,22.01,72.28,20.8650254
2022-06-30,23.09,73.08,21.8181646
2022-07-01,21.89,75.9,20.9104555
2022-07-02,21.6,71.32,20.480046
2022-07-03,22.31,68.95,20.97624725
2022-07-04,23.29,71.96,21.934406199999998
2022-07-05,25.33,89.67,24.714693549999996
2022-07-06,21.91,93.36,21.6393868
2022-07-07,22.54,87.11,21.970004199999998
2022-07-08,22.64,90.59,22.2187143
2022-07-09,21.17,73.16,20.1853746
2022-07-10,21.85,69.67,20.62390975
2022-07-11,23.14,77.79,22.0845808
2022-07-12,22.89,76.88,21.8231276
2022-07-13,21.98,79.98,21.1563772
2022-07-14,20.57,69.53,19.55275905
2022-07-15,20.49,84.98,19.9951661
2022-07-16,21.35,93.93,21.12131275
2022-07-17,21.49,92.19,21.189744549999997
2022-07-18,23.29,78.14,22.2331783
2022-07-19,24.8,73.27,23.2857455
2022-07-20,25.09,73.04,23.5197148
2022-07-21,24.83,73.65,23.332924749999997
2022-07-22,24.63,70,22.95855
2022-07-23,24.88,84.04,23.9688436
2022-07-24,24.5,88.02,23.841099999999997
2022-07-25,21.89,73.29,20.80437205
2022-07-26,21.7,63.61,20.258955999999998
2022-07-27,22.86,75.55,21.735789
2022-07-28,22.36,74.78,21.2697394
2022-07-29,21.58,71.52,20.470988799999997
2022-07-30,22.93,64.24,21.2719876
2022-07-31,23.67,63.06,21.8069311
2022-08-01,24.26,78.12,23.0854816
2022-08-02,24.59,72.23,23.04890385
2022-08-03,25.06,84.62,24.166729599999996
2022-08-04,24.44,89.4,23.860498
2022-08-05,23.28,79.12,22.271704800000002
2022-08-06,25.88,77.56,24.4754804
2022-08-07,25.39,89.19,24.74253505
2022-08-08,24.39,92.25,23.96843875
2022-08-09,20.58,74.56,19.7292864
2022-08-10,22.09,64.26,20.5980337
2022-08-11,22.72,71.41,21.427446099999997
2022-08-12,21.07,60.32,19.6361632
2022-08-13,21.86,57.57,20.1424336
2022-08-14,21.68,81.09,20.9332441
2022-08-15,21.31,78.42,20.501721099999997
2022-08-16,21.32,77.53,20.477150299999998
2022-08-17,21.1,78.71,20.327173000000002
2022-08-18,22.04,67.01,20.6719047
2022-08-19,22.99,66.56,21.428519199999997
2022-08-20,22.04,82.82,21.327545399999998
2022-08-21,21.76,86.86,21.235319800000003
2022-08-22,21.7,79.48,20.887408
2022-08-23,22.08,71.46,20.8901674
2022-08-24,23.23,62.85,21.44624275
2022-08-25,22.69,73.41,21.49225345
2022-08-26,21.84,77.54,20.9332898
2022-08-27,21.69,67.07,20.38778315
2022-08-28,23.38,70.77,21.9524068
2022-08-29,24.67,86.68,23.9249458
2022-08-30,22.59,75.48,21.498982599999998
2022-08-31,21.83,71.36,20.6753784
2022-09-01,23.7,69.04,22.133423999999998
2022-09-02,23.58,72.18,22.1906692
2022-09-03,23.48,75.33,22.2615487
2022-09-04,21.38,86.15,20.855916
2022-09-05,20.4,81.7,19.806165
2022-09-06,21.39,83.35,20.75904825
2022-09-07,21.44,79.65,20.6632405
2022-09-08,22.29,65.72,20.8212734
2022-09-09,21.82,64.65,20.396809
2022-09-10,23.19,63.4,21.440703
2022-09-11,21.05,85.26,20.518991500000002
2022-09-12,15.83,81.66,15.6958429
2022-09-13,18.7,76.18,18.149758
2022-09-14,19.5,74.16,18.7894
2022-09-15,20.31,79.48,19.654283399999997
2022-09-16,21.26,78.45,20.458771000000002
2022-09-17,22.15,76.13,21.145669749999996
2022-09-18,22.67,75.44,21.566396400000002
2022-09-19,21.75,80.2,20.960475
2022-09-20,21.57,78,20.71453
2022-09-21,23.12,77.74,22.0646534
2022-09-22,16.82,67.31,16.4028756
2022-09-23,15.52,64.03,15.3182083
2022-09-24,16.87,67.21,16.442582350000002
2022-09-25,17.21,81.86,16.9396233
2022-09-26,15.08,74.35,14.9981765
2022-09-27,13.45,68.91,13.629544749999999
2022-09-28,13.19,75.54,13.3662343
2022-09-29,13.17,67.28,13.4093468
2022-09-30,14.32,67.21,14.3524621
2022-10-01,15.5,68.7,15.32785
2022-10-02,15.45,80.68,15.349053
2022-10-03,14.26,62.03,14.3101204
2022-10-04,16.08,53.42,15.675219799999999
2022-10-05,16.95,53.02,16.316944499999998
2022-10-06,16.81,66.83,16.388575149999998
2022-10-07,12.19,75.18,12.5053381
2022-10-08,10.37,65.06,11.1636621
2022-10-09,12.19,69.02,12.5836009
2022-10-10,16.17,68.2,15.877917000000002
2022-10-11,14.53,83.54,14.5272841
2022-10-12,15.36,75.3,15.243169
2022-10-13,10.89,69.77,11.49021665
2022-10-14,9.46,60.11,10.5657508
2022-10-15,8.75,70.59,9.68009125
2022-10-16,10.86,67.12,11.5182576
2022-10-17,6.41,78.93,7.34750965
2022-10-18,5.91,76.54,7.018367700000001
2022-10-19,6.65,70.39,7.92841175
2022-10-20,7.95,61.13,9.35029175
2022-10-21,12.14,70.13,12.527712600000001
2022-10-22,15.25,71.09,15.13074625
2022-10-23,16.78,75.77,16.4761558
2022-10-24,17.02,64.64,16.5299104
2022-10-25,15.04,77.06,14.9718682
2022-10-26,9.99,78.06,10.5342217
2022-10-27,9.41,64.22,10.4116611
2022-10-28,10.04,70,10.7759
2022-10-29,10.48,80.73,10.9060597
2022-10-30,10.99,82.92,11.3197294
2022-10-31,12.46,92.91,12.539549800000001
2022-11-01,12.25,79.23,12.50702875
2022-11-02,12.99,73.7,13.2084215
2022-11-03,14.2,80.5,14.232175
2022-11-04,15.14,82.23,15.077449600000001
2022-11-05,14.84,79.41,14.8014967
2022-11-06,10.71,78.71,11.153790050000001
2022-11-07,8.61,68.05,9.64502025
2022-11-08,9.29,67.41,10.22386645
2022-11-09,11.52,73.86,11.9484346
2022-11-10,15.42,73.01,15.283430599999999
2022-11-11,9.77,72.02,10.4978997
2022-11-12,3.13,78.21,4.492637650000001
2022-11-13,2.72,73.56,4.433047600000001
2022-11-14,3.15,57.86,5.780589500000001
2022-11-15,3.52,76.58,4.934333800000001
2022-11-16,2.45,91.83,2.9914667500000007
2022-11-17,1.38,84.14,2.524457600000001
2022-11-18,-0.11,79.82,1.5115639000000012
2022-11-19,-2.24,76.91,-0.11410369999999848
2022-11-20,-2.87,76.87,-0.6602754499999994
2022-11-21,2.71,66.74,4.866744700000001
2022-11-22,5.13,65.06,6.930632900000001
2022-11-23,5.52,89.01,6.0627961
2022-11-24,6.18,87.72,6.741932800000001
2022-11-25,5.69,84.34,6.448805300000001
2022-11-26,5.46,73.52,6.776585600000001
2022-11-27,6.49,83.67,7.209418150000001
2022-11-28,5.42,69.91,6.922694600000001
2022-11-29,7.64,87.65,8.1059655
2022-11-30,1.32,75.21,3.1170271000000014
2022-12-01,-1.55,75.86,0.580958500000001
2022-12-02,3.78,70.25,5.53406
2022-12-03,2.16,72.27,4.042035100000001
2022-12-04,-0.41,68.46,2.176437700000002
2022-12-05,2,78.01,3.5118125000000004
2022-12-06,5.06,81,6.046480000000001
2022-12-07,4.64,89.49,5.209957300000001
2022-12-08,3.4,79.25,4.666787500000001
2022-12-09,2.98,86.22,3.853100800000001
2022-12-10,3.59,85.54,4.4576723000000005
2022-12-11,3.52,85.93,4.369687300000001
2022-12-12,4.08,79.14,5.275486600000001
2022-12-13,2.68,78.21,4.096567900000001
2022-12-14,3.66,84.27,4.5978226000000015
2022-12-15,2.7,86.78,3.5579780000000008
2022-12-16,-0.07,81.84,1.3852516000000004
2022-12-17,-2.09,84.05,-0.634642249999998
2022-12-18,-4.28,89.82,-3.2285077999999983
2022-12-19,-5.76,92.1,-4.8797029999999975
2022-12-20,-0.56,78.57,1.2150469000000017
2022-12-21,-2.61,80.85,-0.8078892499999979
2022-12-22,-0.78,86.17,0.38227320000000065
2022-12-23,-16.39,100,-16.389999999999997
2022-12-24,-12.83,99.04,-12.6856976
2022-12-25,-11.14,98.59,-10.9411618
2022-12-26,-6.65,85.32,-4.942348999999998
2022-12-27,-5.95,89.34,-4.751016499999999
2022-12-28,0.41,86.98,1.4189849000000008
2022-12-29,6.38,93.55,6.668057000000001
2022-12-30,6.23,89.93,6.68803395
2022-12-31,1.14,77.48,2.7947696000000004
2023-01-01,3.65,90.52,4.215719000000001
2023-01-02,3.72,93.5,4.105385000000001
2023-01-03,4.5,97.75,4.62375
2023-01-04,3.59,90.75,4.14504625
2023-01-05,0.6,85.35,1.7199925000000018
2023-01-06,0.2,84.96,1.382896000000002
2023-01-07,-0.42,77.89,1.394346600000001
2023-01-08,0.16,72.09,2.361261700000001
2023-01-09,-0.46,85.71,0.7157812000000012
2023-01-10,3.26,87,4.0636600000000005
2023-01-11,4.06,93.94,4.4079652000000005
2023-01-12,3.57,91.45,4.083983250000001
2023-01-13,1.08,81.95,2.412270500000001
2023-01-14,-1.52,75.79,0.6131431000000003
2023-01-15,0.34,77,2.131240000000001
2023-01-16,3.37,77.23,4.76386555
2023-01-17,4.09,91.22,4.5926989
2023-01-18,1.94,88.42,2.739946400000001
2023-01-19,2.78,93.12,3.223484800000001
2023-01-20,0.79,85.25,1.902223750000001
2023-01-21,-0.87,78.08,0.9830072000000009
2023-01-22,0.13,83.38,1.4435617000000014
2023-01-23,-1.42,82.25,0.13419000000000114
2023-01-24,-0.18,86.23,0.9317898000000009
2023-01-25,0.97,88.21,1.8473528500000014
2023-01-26,-0.31,91.5,0.382367500000001
2023-01-27,-3.41,90.13,-2.437755649999999
2023-01-28,-3.23,79.63,-1.243619449999998
2023-01-29,-0.92,85.62,0.2995678000000007
2023-01-30,-6.75,87.16,-5.249324999999999
2023-01-31,-10.23,86.28,-8.363874199999998
2023-02-01,-7.21,83.74,-5.268474699999997
2023-02-02,-2.7,80.88,-0.8912479999999987
2023-02-03,-10.05,85.7,-8.119142499999999
2023-02-04,-4.73,75.32,-2.1197197999999986
2023-02-05,1.97,84.42,3.0436957000000007
2023-02-06,0.65,81.69,2.0447642500000014
2023-02-07,3.19,85.51,4.09135045
2023-02-08,0.49,84.92,1.651989400000001
2023-02-09,2.69,91.14,3.2655013000000004
2023-02-10,0.56,78.79,2.1861707
2023-02-11,0.1,66.1,2.784880000000002
2023-02-12,1.97,70.42,4.008505700000001
2023-02-13,3.31,74.05,4.907092750000001
2023-02-14,3.74,75.15,5.210623000000001
2023-02-15,6.27,84.36,6.977944600000001
2023-02-16,1.18,85.44,2.246665600000001
2023-02-17,-2.39,76.69,-0.22461754999999872
2023-02-18,-0.31,74.07,1.8021281500000015
2023-02-19,3.74,78.25,5.027165000000001
2023-02-20,2.12,78.69,3.570997900000001
2023-02-21,0.04,73.21,2.1706087000000016
2023-02-22,0.46,83.11,1.7642458000000008
2023-02-23,0.97,87.14,1.926976900000001
2023-02-24,-5,80.01,-2.8560725
2023-02-25,-1.56,77.61,0.4177087000000008
2023-02-26,0.09,82.13,1.506286850000002
2023-02-27,4.04,84.68,4.921359600000001
2023-02-28,2.52,82.93,3.6447423000000008
2023-03-01,4.14,84.43,5.0271786
2023-03-02,1.77,83.15,2.949752750000001
2023-03-03,1.13,90.17,1.852849050000001
2023-03-04,1.89,87.54,2.7541633
2023-03-05,2.19,88.62,2.9604829000000006
2023-03-06,4.5,88.2,5.149000000000001
2023-03-07,2.83,79.89,4.120760350000001
2023-03-08,2.49,74.66,4.163833700000001
2023-03-09,2.6,75.59,4.197634500000001
2023-03-10,1.15,91.35,1.7851262500000018
2023-03-11,1.17,81.27,2.5431899500000013
2023-03-12,1.37,88.47,2.2026389500000008
2023-03-13,-1.24,85.61,0.005742300000001199
2023-03-14,-2.18,75.13,0.10157380000000149
2023-03-15,0.31,70.72,2.595157600000001
2023-03-16,4.08,82.88,5.061147200000001
2023-03-17,2.54,80.39,3.8299458000000013
2023-03-18,-5.04,73.47,-2.1888208999999987
2023-03-19,-1.99,69.44,0.781639200000001
2023-03-20,1.63,68,3.895120000000001
2023-03-21,3.56,76.51,4.973393300000001
2023-03-22,4.25,92.16,4.691980000000001
2023-03-23,4.14,90.2,4.698404
2023-03-24,2.52,82.57,3.668462700000001
2023-03-25,2.3,84.73,3.324617
2023-03-26,2.55,85.57,3.498411750000001
2023-03-27,2.96,86.63,3.808593900000001
2023-03-28,3.02,76.5,4.503790000000001
2023-03-29,2.09,69.52,4.170412400000001
2023-03-30,1.55,62.49,4.221649750000001
2023-03-31,9.64,89.45,9.9220015
2023-04-01,5.5,83.59,6.312295000000001
2023-04-02,3.49,74.37,5.042024650000001
2023-04-03,6.95,82.4,7.680840000000001
2023-04-04,6.83,93.7,7.095765500000001
2023-04-05,12.79,90.7,12.877466499999999
2023-04-06,4.13,69.17,5.888389050000001
2023-04-07,4.04,72.18,5.640484600000001
2023-04-08,5.72,75.47,6.9045537
2023-04-09,8.3,68.84,9.362556000000001
2023-04-10,9.93,65.86,10.7881089
2023-04-11,11.52,68.96,12.0287456
2023-04-12,13.47,79.79,13.58448965
2023-04-13,14.02,77.46,14.0795056
2023-04-14,14.57,66.56,14.557125600000001
2023-04-15,15.82,76.87,15.6520762
2023-04-16,9.98,85.75,10.334255
2023-04-17,2.55,78.24,3.980176000000001
2023-04-18,4.72,73.2,6.1615720000000005
2023-04-19,8.38,71.35,9.344359
2023-04-20,13.21,87.97,13.29535285
2023-04-21,9.18,76.52,9.8670248
2023-04-22,5.56,73.52,6.8620216
2023-04-23,4.16,75.34,5.5624142
2023-04-24,5.1,68.96,6.7047680000000005
2023-04-25,4.97,81.93,5.91713905
2023-04-26,4.61,78.47,5.781124350000001
2023-04-27,6.88,73.11,8.0069599
2023-04-28,7.84,79.35,8.5964095
2023-04-29,8.15,82.13,8.774109750000001
2023-04-30,6.38,82.17,7.176287800000001
2023-05-01,4.75,86.35,5.481981250000001
2023-05-02,7.1,76,8.0768
2023-05-03,6.31,77.66,7.316305300000001
2023-05-04,9.15,73.75,9.922406250000002
2023-05-05,12.07,71.61,12.44943235
2023-05-06,12.91,81.37,13.07291935
2023-05-07,15.19,92.77,15.16256215
2023-05-08,9.21,93.77,9.391261850000001
2023-05-09,9.37,87.02,9.7362307
2023-05-10,13.23,65.9,13.4681885
2023-05-11,15.25,64.82,15.1048825
2023-05-12,15.74,82.6,15.621332
2023-05-13,12.73,91.6,12.811774
2023-05-14,11.96,81.89,12.212996700000001
2023-05-15,10.86,72.91,11.4023418
2023-05-16,13.62,53.92,13.8430272
2023-05-17,9.29,80.58,9.846480099999999
2023-05-18,10.81,71.53,11.38779865
2023-05-19,14.25,74.75,14.28471875
2023-05-20,11.51,76.8,11.891524
2023-05-21,15.3,61.35,15.129940000000001
2023-05-22,15.47,61.98,15.2671633
2023-05-23,16.62,69.11,16.2598226
2023-05-24,14.33,74.44,14.3538986
2023-05-25,10.67,65.79,11.39063365
2023-05-26,10.87,75.6,11.357146
2023-05-27,12.51,66.6,12.875563
2023-05-28,13.39,75.43,13.539999850000001
2023-05-29,14.54,65.12,14.532326399999999
2023-05-30,17.3,66.11,16.778094
2023-05-31,20.2,74.8,19.409979999999997
2023-06-01,21.49,74.53,20.510805849999997
2023-06-02,20.58,66.48,19.4590912
2023-06-03,19.38,69.32,18.556548799999998
2023-06-04,18.53,71.14,17.890318100000002
2023-06-05,17.98,67.02,17.3487628
2023-06-06,16.89,78.61,16.60882845
2023-06-07,15.96,77.58,15.7799674
2023-06-08,15.41,74.13,15.28052065
2023-06-09,16.66,58.91,16.1718508
2023-06-10,19.26,53.37,18.0392266
2023-06-11,15.31,79.65,15.21934075
2023-06-12,13.37,69.02,13.5625407
2023-06-13,15.05,83.38,14.999724500000001
2023-06-14,15.52,84.64,15.4338304
2023-06-15,15.67,86.35,15.58216225
2023-06-16,13.29,86.37,13.38070765
2023-06-17,15.35,76.63,15.24074525
2023-06-18,17.93,64.34,17.2572741
2023-06-19,18.92,70.83,18.2108773
2023-06-20,18.3,78.19,17.844171
2023-06-21,19.53,79.86,18.9728269
2023-06-22,19.88,74.16,19.1153944
2023-06-23,20.1,73.32,19.278256
2023-06-24,22.13,56.05,20.285638249999998
2023-06-25,22.13,69.4,20.845871
2023-06-26,20.03,83.04,19.5141616
2023-06-27,18.47,80.86,18.0520781
2023-06-28,18.95,71.07,18.24193825
2023-06-29,20.64,75.96,19.8281692
2023-06-30,23.55,79.3,22.5196575
2023-07-01,22.27,80.25,21.42598375
2023-07-02,19.26,94.58,19.1181044
2023-07-03,20.34,84.03,19.8270436
2023-07-04,23.58,70.92,22.1277448
2023-07-05,24.9,71.43,23.265795999999998
2023-07-06,21.6,82.99,20.9357595
2023-07-07,20.04,80.6,19.448881999999998
2023-07-08,19.29,84.1,18.871114499999997
2023-07-09,20.71,70.77,19.711649350000002
2023-07-10,22.44,64.47,20.8884049
2023-07-11,21.63,78.6,20.790799
2023-07-12,20.77,78.23,20.01926155
2023-07-13,19.88,80.89,19.3145351
2023-07-14,22.74,80.55,21.858525999999998
2023-07-15,23.32,79.63,22.3318513
2023-07-16,22.1,75.46,21.074228
2023-07-17,21.34,71.54,20.2693348
2023-07-18,21.17,68.67,20.02065895
2023-07-19,21.93,58.37,20.22879005
2023-07-20,23.55,65.86,21.8506815
2023-07-21,21.71,74.68,20.7059354
2023-07-22,22.61,64.22,21.0140331
2023-07-23,22.35,71.24,21.108287
2023-07-24,24.01,64.07,22.13068135
2023-07-25,24.08,66.83,22.332272699999997
2023-07-26,24.71,74.69,23.28871695
2023-07-27,25.37,82.56,24.3273496
2023-07-28,26.33,77.52,24.8673388
2023-07-29,23.48,83.76,22.6779064
2023-07-30,22.52,69.86,21.1905246
2023-07-31,22.58,61.6,20.873503999999997
2023-08-01,23.28,63.06,21.4961674
2023-08-02,23.75,63.65,21.90069375
2023-08-03,24.46,66.35,22.616653
2023-08-04,24.33,74.22,22.936204299999996
2023-08-05,23.11,79.41,22.13496055
2023-08-06,21.49,83.1,20.840279499999998
2023-08-07,21.34,81.01,20.6255962
2023-08-08,22.44,71.56,21.1980252
2023-08-09,22.09,78.84,21.2066758
2023-08-10,22.28,75.35,21.2252265
2023-08-11,23.76,80.2,22.751586
2023-08-12,24.04,75.29,22.743466299999998
2023-08-13,22.41,79.15,21.50292075
2023-08-14,21.97,78.51,21.08708335
2023-08-15,20.83,81.42,20.1831373
2023-08-16,21.42,70.61,20.3014166
2023-08-17,21.26,73.64,20.2799352
2023-08-18,20.46,65,19.3127
2023-08-19,21.17,67.35,19.972234750000002
2023-08-20,23.27,77.85,22.201594749999998
2023-08-21,21.89,89.3,21.4550985
2023-08-22,22.64,80.88,21.7839976
2023-08-23,26.12,75.06,24.5260846
2023-08-24,28.53,78.96,26.9064484
2023-08-25,23.53,85.12,22.7909848
2023-08-26,21.64,86.79,21.1212433
2023-08-27,20.27,72.19,19.38744965
2023-08-28,21.02,60.7,19.610702
2023-08-29,21.9,65.59,20.499512999999997
2023-08-30,19.13,75.46,18.505088899999997
2023-08-31,19.12,59.58,18.092927800000002
2023-09-01,20.56,67.33,19.471108899999997
2023-09-02,22.41,64.39,20.860786949999998
2023-09-03,23.85,63.18,21.9565315
2023-09-04,24.88,73.36,23.359122399999997
2023-09-05,25.56,76.71,24.143269299999996
2023-09-06,24.24,81.01,23.2227057
2023-09-07,20.51,80.35,19.86046925
2023-09-08,18.74,80.98,18.2964536
2023-09-09,18.77,77.52,18.242057199999998
2023-09-10,20.12,63.46,18.9905486
2023-09-11,19.26,78.66,18.701318800000003
2023-09-12,18.19,78.93,17.76238435
2023-09-13,17.52,71.66,17.0492726
2023-09-14,17.81,66.69,17.203591449999998
2023-09-15,19.34,54.42,18.1266604
2023-09-16,18.45,69.48,17.786953
2023-09-17,18.31,78.35,17.85632425
2023-09-18,17.31,76.48,16.9464984
2023-09-19,16.69,81.11,16.462469950000003
2023-09-20,19.66,73.52,18.9084976
2023-09-21,20.7,73.41,19.793281
2023-09-22,20.41,76.4,19.642882
2023-09-23,20.38,70.61,19.429527399999998
2023-09-24,18.99,69.65,18.240506749999998
2023-09-25,19.36,75.69,18.710193699999998
2023-09-26,19.8,87.11,19.4242565
2023-09-27,18.87,88.73,18.59912555
2023-09-28,18.32,86.34,18.0330034
2023-09-29,18.53,83.67,18.168045550000002
2023-09-30,19.2,81.64,18.725393999999998
2023-10-01,20.28,71.64,19.3784356
2023-10-02,20.62,71.36,19.6559776
2023-10-03,21.04,68.12,19.893276399999998
2023-10-04,21.7,71.65,20.57734
2023-10-05,19.94,86.25,19.5286
2023-10-06,14.84,69.55,14.7830585
2023-10-07,11.82,71.35,12.242301000000001
2023-10-08,11.59,65.88,12.1360906
2023-10-09,11.61,63.49,12.19032645
2023-10-10,12.08,55.63,12.6705647
2023-10-11,12.87,62.27,13.20824945
2023-10-12,13.87,82.66,13.9300831
2023-10-13,14.94,77.96,14.8866632
2023-10-14,13.03,85.04,13.150951599999999
2023-10-15,12.71,76.2,12.944311
2023-10-16,12.82,78.47,13.0189372
2023-10-17,12.08,72.81,12.4418989
2023-10-18,12.87,75.41,13.09044935
2023-10-19,13.96,84.4,14.006332
2023-10-20,12.81,81.14,12.985303700000001
2023-10-21,12.57,76.25,12.822106250000001
2023-10-22,10.9,76.78,11.359756
2023-10-23,11.88,71.98,12.2837682
2023-10-24,16.45,73.37,16.16439325
2023-10-25,16.31,83.04,16.141163199999998
2023-10-26,16.95,89.89,16.81376775
2023-10-27,17.17,89.55,17.016541750000002
2023-10-28,9.37,75.73,10.05477805
2023-10-29,9.53,82.04,10.020936599999999
2023-10-30,5.52,72.51,6.8777311
2023-10-31,2.92,75.97,4.450470700000001
2023-11-01,4.78,73.5,6.19669
2023-11-02,6.64,70.34,7.9222018
2023-11-03,9.01,75.92,9.7370956
2023-11-04,11.13,79.44,11.5110796
2023-11-05,9.99,71.19,10.70463205
2023-11-06,12.57,74.94,12.8360119
2023-11-07,10.16,81.16,10.6097108
2023-11-08,10.95,85.19,11.23916525
2023-11-09,9.7,75.04,10.358944
2023-11-10,7.33,75.16,8.3095654
2023-11-11,7.22,69.08,8.4580368
2023-11-12,8.95,70.8,9.84133
2023-11-13,9.3,76.13,9.982682
2023-11-14,9.99,69.87,10.73737465
2023-11-15,9.23,71.77,10.048246550000002
2023-11-16,11.44,76.64,11.8331488
2023-11-17,11,70.51,11.5676825
2023-11-18,6.84,56.4,8.676868
2023-11-19,7.93,77.38,8.7473737
2023-11-20,8.06,70.91,9.090367800000001
2023-11-21,6.47,86.49,7.066669150000001
2023-11-22,6.02,78.35,7.029756000000001
2023-11-23,4.95,81.05,5.945348750000001
2023-11-24,3.02,69.92,4.919251200000001
2023-11-25,1.95,65.59,4.325150250000001
2023-11-26,1.84,77.78,3.3871786000000004
2023-11-27,-0.63,77.44,1.2473304000000014
2023-11-28,-3.82,80.39,-1.8440963999999982
2023-11-29,-0.18,81.79,1.2902754000000007
2023-11-30,4.51,92.62,4.9154941
2023-12-01,5.73,91.98,6.1168447000000015
2023-12-02,5.52,87.85,6.1200885000000005
2023-12-03,4.69,89.41,5.261383450000001
2023-12-04,3.39,81.1,4.544884500000001
2023-12-05,3.41,81.67,4.528038350000001
2023-12-06,3.06,79.42,4.3548936000000005
2023-12-07,4.92,84.28,5.748286800000001
2023-12-08,7.98,86.34,8.469847600000001
2023-12-09,8.97,82.96,9.488271600000001
2023-12-10,2.44,78.01,3.8985967000000006
2023-12-11,-0.05,75.3,1.9266175000000012
2023-12-12,1.76,75.9,3.4486870000000005
2023-12-13,1.56,60.24,4.3897192
2023-12-14,3.36,69.8,5.210354000000001
2023-12-15,4.51,78.11,5.712746050000001
2023-12-16,5.5,83.46,6.318730000000001
2023-12-17,5.51,91.92,5.9095156
2023-12-18,0.76,77.72,2.4436996000000013
2023-12-19,-1.57,74.76,0.6608374000000008
2023-12-20,1.92,67.84,4.1451504
2023-12-21,4.31,80.27,5.415767850000001
2023-12-22,4.56,88.69,5.1783177
2023-12-23,6.08,93.9,6.362491
2023-12-24,7.82,95.37,7.9901062000000005
2023-12-25,8.6,94.05,8.7930775
2023-12-26,6.67,81.79,7.454213650000001
2023-12-27,4,71.42,5.650495
2023-12-28,4.43,88.79,5.05086585
2023-12-29,5.15,91.95,5.563971250000001
2023-12-30,1.82,86.32,2.7740432000000013
2023-12-31,1.48,85.7,2.5040230000000006
2024-01-01,1.6,80.95,2.951597500000001
2024-01-02,0,82.7,1.379675000000001
2024-01-03,0.97,82.84,2.246961400000001
2024-01-04,1.07,66.86,3.517886100000001
2024-01-05,0.83,69.11,3.152464650000001
2024-01-06,1.4,82.57,2.655831500000001
2024-01-07,1.21,84.04,2.3765962000000003
2024-01-08,1.47,79.5,2.939132500000001
2024-01-09,1.76,91.57,2.3506901000000013
2024-01-10,0.59,88.62,1.4606269000000005
2024-01-11,0.1,86.55,1.1652400000000012
2024-01-12,0.88,90.05,1.6253545000000011
2024-01-13,-1.8,92.81,-1.1554164999999992
2024-01-14,-15.11,100,-15.109999999999996
2024-01-15,-16.46,100,-16.459999999999997
2024-01-16,-14.44,100,-14.439999999999996
2024-01-17,-11.32,98.02,-11.038820199999998
2024-01-18,-5.47,81.5,-3.4380524999999986
2024-01-19,-7.61,96.73,-7.21235165
2024-01-20,-7.92,94.22,-7.207268199999998
2024-01-21,-10.41,93.42,-9.5085071
2024-01-22,-2.83,89.05,-1.7863007499999988
2024-01-23,1.01,95.18,1.3676199000000004
2024-01-24,1.98,94.38,2.3669932000000014
2024-01-25,2.24,97.73,2.3930661000000013
2024-01-26,2.4,95.87,2.6748515000000004
2024-01-27,2.55,95.8,2.8260450000000015
2024-01-28,2.59,91.49,3.1474475500000008
2024-01-29,0.85,87.15,1.8147137500000006
2024-01-30,2.11,89.36,2.8350628000000007
2024-01-31,2.13,89.22,2.863417300000001
2024-02-01,2.68,92.58,3.1623742000000017
2024-02-02,2.44,85.43,3.4064281000000003
2024-02-03,1.01,90.68,1.7014974000000005
2024-02-04,1.76,87.86,2.610649800000001
2024-02-05,1.73,93.27,2.2026815500000017
2024-02-06,2.19,91.92,2.7370564
2024-02-07,1.76,92.43,2.2904299000000012
2024-02-08,5.73,90.23,6.201255950000001
2024-02-09,7.09,86.79,7.62837355
2024-02-10,2.18,79.96,3.5379104000000012
2024-02-11,1.12,75.87,2.8957267000000004
2024-02-12,1.28,75.82,3.0381278000000016
2024-02-13,1.46,82.02,2.749525600000001
2024-02-14,1.81,71.07,3.8291693500000012
2024-02-15,2.78,75.96,4.329618400000001
2024-02-16,-1.11,71.81,1.3102524500000003
2024-02-17,-4.69,70.9,-1.6186404999999997
2024-02-18,-0.99,76.71,0.994191550000002
2024-02-19,2.59,74.22,4.278718900000001
2024-02-20,2.62,80.31,3.9065446
2024-02-21,5.2,87.31,5.8490935
2024-02-22,6.69,80.24,7.538790800000001
2024-02-23,3.94,82.35,4.965112000000001
2024-02-24,-1.51,70.85,1.0568032500000017
2024-02-25,2.47,77.34,3.969298900000001
2024-02-26,7.14,77.27,8.060110400000001
2024-02-27,10.88,91.23,11.054610700000001
2024-02-28,1.57,78.5,3.0989725000000012
2024-02-29,-2.15,64.63,1.0890077500000008
2024-03-01,2.01,76.41,3.6305150500000014
2024-03-02,4.25,87.63,4.947358750000001
2024-03-03,7.6,85.71,8.1423055
2024-03-04,11.05,92.83,11.186050750000001
2024-03-05,7.03,93.43,7.29992845
2024-03-06,4.51,88.19,5.158900450000001
2024-03-07,4.07,81.88,5.109453800000001
2024-03-08,4.93,94.24,5.233177600000001
2024-03-09,3.8,79.15,5.0270225
2024-03-10,2.08,69.47,4.165504300000001
2024-03-11,5.28,66.78,6.9645862
2024-03-12,9.19,79.25,9.79600375
2024-03-13,9.63,88.71,9.932402650000002
2024-03-14,8.5,91.57,8.77819
2024-03-15,4.42,89.61,4.996021600000001
2024-03-16,5.85,79.21,6.839084250000001
2024-03-17,2.47,72.72,4.274981200000001
2024-03-18,-0.2,71.39,2.113118500000001
2024-03-19,2.58,70.15,4.5369660000000005
2024-03-20,2.44,67.05,4.625573500000002
2024-03-21,0.72,49.3,4.562553000000001
2024-03-22,1.64,74.58,3.437956600000001
2024-03-23,1.38,75.59,3.1414256000000007
2024-03-24,2.4,64.44,4.766518000000001
2024-03-25,6.9,78.03,7.818346000000001
2024-03-26,8.45,83.8,8.989055
2024-03-27,1.72,70.71,3.7787941000000007
2024-03-28,2.94,70.28,4.8295976000000005
2024-03-29,4.2,71.24,5.8292540000000015
2024-03-30,6.5,89.49,6.962440000000001
2024-03-31,4.38,85.41,5.192079400000001
2024-04-01,4.43,92.44,4.8487106
2024-04-02,5.91,93.21,6.2307935500000005
2024-04-03,2.57,88.82,3.303575700000001
2024-04-04,3.09,88.86,3.789090700000001
2024-04-05,4.21,82.38,5.207203900000001
2024-04-06,4.78,75.95,6.065713000000001
2024-04-07,6.04,82.82,6.839385400000001
2024-04-08,10.06,82.49,10.4875942
2024-04-09,10.3,76.22,10.849318
2024-04-10,10.28,66.82,11.0501078
2024-04-11,8.56,85.49,9.034041700000001
2024-04-12,8.93,83.81,9.42598065
2024-04-13,9.42,72.92,10.1766152
2024-04-14,13.25,80.28,13.385575
2024-04-15,11.89,71.07,12.305290150000001
2024-04-16,11.24,78.67,11.6224469
2024-04-17,13.71,89.51,13.755579050000001
2024-04-18,9.27,81.97,9.78863295
2024-04-19,8.02,73.14,8.977290400000001
2024-04-20,5.21,66.79,6.90686495
2024-04-21,5.88,66.28,7.478665200000001
2024-04-22,8.96,65.79,10.002378700000001
2024-04-23,10.81,75.57,11.305806850000002
2024-04-24,5.43,72.45,6.80433175
2024-04-25,5.25,70.68,6.741655
2024-04-26,7.74,78.72,8.531190400000002
2024-04-27,13.83,93.27,13.85480005
2024-04-28,14.81,93.21,14.79842305
2024-04-29,14.02,91.51,14.0424136
2024-04-30,12.37,77.49,12.63370465
2024-05-01,14.47,70.01,14.47494835
2024-05-02,14.06,71.31,14.1294298
2024-05-03,13.92,86.82,13.9620442
2024-05-04,14.22,79.57,14.2514622
2024-05-05,11.63,84.03,11.882086450000001
2024-05-06,11.76,81.89,12.0329177
2024-05-07,14.39,86.8,14.397986000000001
2024-05-08,15.25,76.82,15.1543825
2024-05-09,12.15,88.97,12.29256275
2024-05-10,11.83,82.83,12.08214145
2024-05-11,13.17,76.99,13.33831815
2024-05-12,14.7,71.72,14.668892
2024-05-13,17.11,82.6,16.860222999999998
2024-05-14,11.96,93.39,12.052341700000001
2024-05-15,11.61,83.54,11.8716317
2024-05-16,13.56,84.9,13.638067000000001
2024-05-17,16.87,82.93,16.64749255
2024-05-18,17.72,80.37,17.3723527
2024-05-19,17.6,75.18,17.176819000000002
2024-05-20,17.1,74.64,16.737352
2024-05-21,18.27,87.8,18.017032999999998
2024-05-22,18.38,74.41,17.8339094
2024-05-23,17.31,69.03,16.83135865
2024-05-24,17.32,80.96,17.0246896
2024-05-25,16.45,75.93,16.19184925
2024-05-26,14.99,80.84,14.9383638
2024-05-27,15.77,82.56,15.6481816
2024-05-28,15.88,82.73,15.748920700000001
2024-05-29,13.99,85.15,14.03165425
2024-05-30,12.98,69.95,13.231218
2024-05-31,15.38,69.1,15.230444
2024-06-01,16.44,82.48,16.253061600000002
2024-06-02,16.09,87.36,15.9794632
2024-06-03,17.89,78.89,17.49640405
2024-06-04,20.49,84.31,19.973092949999998
2024-06-05,20.26,86.48,19.831686400000002
2024-06-06,19.43,73.79,18.71931585
2024-06-07,18.14,71.6,17.571432
2024-06-08,18.06,74.94,17.569325199999998
2024-06-09,16.98,79.05,16.694242
2024-06-10,14.62,71.8,14.601388
2024-06-11,16.12,58.79,15.752818900000001
2024-06-12,20.94,67.2,19.778224
2024-06-13,22.4,79.71,21.518399499999997
2024-06-14,19.7,77.22,19.048492
2024-06-15,19.11,80.51,18.61583105
2024-06-16,21.57,71.58,20.4648883
2024-06-17,24.03,84.45,23.21494675
2024-06-18,24.07,79.9,23.0120365
2024-06-19,24.27,75.77,22.96800095
2024-06-20,22.01,84.91,21.38670755
2024-06-21,22.65,77.73,21.65174725
2024-06-22,24.64,73,23.13421
2024-06-23,22.58,82.16,21.787190399999997
2024-06-24,22.06,78.16,21.1518928
2024-06-25,23.54,80.39,22.564990799999997
2024-06-26,23.23,80.97,22.31627455
2024-06-27,18.74,71.69,18.079810799999997
2024-06-28,19.79,80.17,19.21304615
2024-06-29,23.46,87.72,22.8548416
2024-06-30,19.01,73.3,18.3477065
2024-07-01,18.01,62.15,17.279305750000002
2024-07-02,19.97,69.27,19.04548795
2024-07-03,23.55,70.99,22.10602725
2024-07-04,23.58,80.91,22.626645399999997
2024-07-05,22.16,81.24,21.3696412
2024-07-06,21.42,76.6,20.529396000000002
2024-07-07,23.05,70.23,21.65006575
2024-07-08,23.15,80.52,22.223239
2024-07-09,23.22,84.15,22.459833999999997
2024-07-10,21.78,80.56,21.001622400000002
2024-07-11,21.11,84.27,20.53813585
2024-07-12,21.92,82.68,21.2131708
2024-07-13,23.52,70.37,22.050055699999998
2024-07-14,24.54,88.21,23.8889562
2024-07-15,25.34,88.8,24.672255999999997
2024-07-16,24.8,90.95,24.2873175
2024-07-17,22.9,78.43,21.903465999999998
2024-07-18,20.57,68.8,19.528388
2024-07-19,20.93,62.21,19.59355665
2024-07-20,21.7,63.21,20.243116
2024-07-21,22.64,68.07,21.2104939
2024-07-22,22.43,80.3,21.5707845
2024-07-23,23.26,75.11,22.0607998
2024-07-24,22.02,81.71,21.263525599999998
2024-07-25,21.3,72.57,20.274118
2024-07-26,21.51,60.06,19.9701133
2024-07-27,22.56,67.77,21.1312441
2024-07-28,23,75.05,21.8335875
2024-07-29,23.93,88.31,23.32369815
2024-07-30,24.72,81.97,23.706533699999998
2024-07-31,25.72,80.42,24.511718199999997
2024-08-01,25.62,85.69,24.7448004
2024-08-02,24.57,88.99,23.96021115
2024-08-03,25.07,82.64,24.060776399999998
2024-08-04,25.53,74.32,23.9721228
2024-08-05,25.17,82.7,24.1547495
2024-08-06,22.53,81.24,21.7014646
2024-08-07,22.16,68.33,20.825742899999998
2024-08-08,22.76,71.92,21.484325600000002
2024-08-09,21.4,67.53,20.1677635
2024-08-10,20.08,65.94,19.0346986
2024-08-11,20.8,67.89,19.6873885
2024-08-12,21.75,66.94,20.4317325
2024-08-13,22.87,62.23,21.13125805
2024-08-14,23.41,68.11,21.84723055
2024-08-15,22.82,74.47,21.6517472
2024-08-16,24.31,86.3,23.5708165
2024-08-17,23.34,83.93,22.5586766
2024-08-18,22.56,84.28,21.863132399999998
2024-08-19,21.42,74.35,20.443761000000002
2024-08-20,19.6,67.89,18.6993145
2024-08-21,19.92,56.14,18.6125334
2024-08-22,20.76,47.72,18.9599996
2024-08-23,21.6,52.01,19.7259905
2024-08-24,23.23,66.91,21.64118365
2024-08-25,25.53,68.9,23.6433185
2024-08-26,26.31,66.08,24.1067264
2024-08-27,27.52,70.17,25.3838737
2024-08-28,25.65,83.59,24.643656749999998
2024-08-29,23.2,84.54,22.460238999999998
2024-08-30,24.8,82.82,23.826753
2024-08-31,23.52,68.84,21.974152399999998
2024-09-01,21.99,70.57,20.777631149999998
2024-09-02,20.68,57.7,19.242223
2024-09-03,20.42,54.93,18.952520800000002
2024-09-04,21.08,57.51,19.542286899999997
2024-09-05,23,59.85,21.1229875
2024-09-06,20.55,77.75,19.80963125
2024-09-07,16.72,68.38,16.3339198
2024-09-08,17.52,58.64,16.8330104
2024-09-09,19.8,64.4,18.76226
2024-09-10,21.28,57.18,19.683242200000002
2024-09-11,21.9,51.7,19.934189999999997
2024-09-12,22.28,64.84,20.7755036
2024-09-13,21.9,72.23,20.769761
2024-09-14,22.85,71.81,21.55537425
2024-09-15,22.79,71.44,21.487806799999998
2024-09-16,22.52,62.63,20.8716093
2024-09-17,21.71,66.03,20.36291965
2024-09-18,21.45,63.12,20.040262
2024-09-19,22.78,60.45,20.978893
2024-09-20,23.81,67.79,22.16068695
2024-09-21,24.04,67.38,22.3284286
2024-09-22,22.19,79.64,21.3288738
2024-09-23,18.94,69.46,18.1942132
2024-09-24,18.86,77.8,18.327644
2024-09-25,19.41,73.37,18.69085685
2024-09-26,20.02,63.21,18.9030556
2024-09-27,20.25,71.91,19.36165375
2024-09-28,20.54,75.63,19.7304286
2024-09-29,20.85,76.27,20.02122975
2024-09-30,20.53,82.6,19.952929
2024-10-01,18.93,69.27,18.18126355
2024-10-02,17.49,48.05,16.63568225
2024-10-03,17.53,63.41,16.92022765
2024-10-04,18.52,70.56,17.869081599999998
2024-10-05,19.38,65.95,18.466098
2024-10-06,20.2,64.35,19.082372499999998
2024-10-07,15.96,53.54,15.5869262
2024-10-08,16.93,54.64,16.3237636
2024-10-09,16.47,70.09,16.14592515
2024-10-10,16.41,59.97,15.98948485
2024-10-11,17.73,61.95,17.05404175
2024-10-12,17.76,70.05,17.2229965
2024-10-13,15.79,76.17,15.620926149999999
2024-10-14,12.23,72.94,12.5678441
2024-10-15,10.68,75.28,11.1993672
2024-10-16,10.93,68.55,11.54752075
2024-10-17,12.4,48.86,12.990667
2024-10-18,13.27,61.79,13.52849065
2024-10-19,14.2,65.57,14.2568095
2024-10-20,15.76,63.93,15.510034899999999
2024-10-21,16.88,62.57,16.3900413
2024-10-22,16.98,61.8,16.458952
2024-10-23,15.68,65.39,15.4553811
2024-10-24,14,46.33,14.1475925
2024-10-25,13.97,68.63,14.06144355
2024-10-26,12.1,62.52,12.594736
2024-10-27,11.82,49,12.57174
2024-10-28,12.1,66.51,12.542068
2024-10-29,18.65,72.23,18.016149749999997
2024-10-30,20.04,67.41,19.046982699999997
2024-10-31,17.68,72.43,17.1978007
2024-11-01,8.68,69.65,9.6515035
2024-11-02,10.12,67.72,10.8976252
2024-11-03,12.75,67.7,13.0608875
2024-11-04,16.65,89.36,16.524182
2024-11-05,17.14,91.5,17.01658
2024-11-06,13.14,85.41,13.249133200000001
2024-11-07,11.27,73.31,11.74414785
2024-11-08,11.06,77.46,11.486456800000001
2024-11-09,11.67,68.87,12.15453845
2024-11-10,12.66,77.32,12.8895216
2024-11-11,10.95,78.69,11.366077749999999
2024-11-12,8.91,69.71,9.841266050000002
2024-11-13,8.91,72.04,9.7696302
2024-11-14,11.25,88.03,11.46396375
2024-11-15,10.73,80.58,11.132673700000002
2024-11-16,10.53,72.22,11.1365763
2024-11-17,10.77,86.3,11.0510555
2024-11-18,11.79,94.65,11.86974175
2024-11-19,14.01,85.58,14.0488619
2024-11-20,8.33,75.24,9.1702306
2024-11-21,2.92,87.84,3.6944704000000006
2024-11-22,7.32,83.43,7.9743493
2024-11-23,6.32,80.99,7.175259900000001
2024-11-24,6.17,81.19,7.03178015
2024-11-25,9.52,87.92,9.8508712
2024-11-26,2.53,73.33,4.285819450000001
2024-11-27,4.64,66.34,6.4653818
2024-11-28,2.92,77.22,4.370858200000001
2024-11-29,-1.38,77.35,0.5982510000000016
2024-11-30,-3.28,78.42,-1.1696917999999985
2024-12-01,-3.61,85.71,-2.1866445499999987
2024-12-02,-2.88,88.11,-1.7434348999999985
2024-12-03,-0.53,81.63,0.9885560500000015
2024-12-04,0.28,84.01,1.5305779000000008
2024-12-05,-4.11,80.01,-2.06392355
2024-12-06,-1.74,73.24,0.6502032000000011
2024-12-07,1.3,75.99,3.043126000000001
2024-12-08,5.27,89.17,5.819784950000001
2024-12-09,6.43,91.54,6.8054971
2024-12-10,2.91,78.79,4.26203145
2024-12-11,-0.7,75.53,1.3456920000000008
2024-12-12,-8.42,79.47,-5.831988199999998
2024-12-13,-4.99,75.15,-2.326204249999999
2024-12-14,0.51,74.02,2.509031100000001
2024-12-15,4.14,94.5,4.453390000000001
2024-12-16,5.33,93.84,5.6406796
2024-12-17,2.43,84.61,3.451665150000001
2024-12-18,1.69,76.72,3.3301924000000014
2024-12-19,-0.73,71.52,1.6556272000000019
2024-12-20,1.44,81.16,2.7932772000000012
2024-12-21,-1.81,73.99,0.5232270500000014
2024-12-22,-1.29,70.12,1.3049286000000007
2024-12-23,1.64,82.49,2.878482300000001
2024-12-24,2.6,82.43,3.7499565000000006
2024-12-25,2.4,74.6,4.090370000000001
2024-12-26,3.1,96.73,3.305029
2024-12-27,4.76,97.06,4.9174958
2024-12-28,6.73,91.85,7.078290250000001
2024-12-29,5.55,92.05,5.941338750000001
2024-12-30,2.19,89.09,2.92866155
2024-12-31,3.58,88.93,4.2448642
2025-01-01,0.21,76.07,2.0907783500000012
2025-01-02,-1.69,71.77,0.8237403500000018
2025-01-03,-2.9,73.61,-0.37447699999999884
2025-01-04,-6.01,77.19,-3.436917949999998
2025-01-05,-4.93,73.73,-2.122656449999999
2025-01-06,-0.64,80,1.0254000000000016
2025-01-07,-2.53,75.07,-0.19493154999999796
2025-01-08,-3.4,70.46,-0.4917869999999982
2025-01-09,-3.9,64.92,-0.3499039999999991
2025-01-10,-2.43,91.3,-1.6198994999999992
2025-01-11,-1.22,77.2,0.7512880000000011
2025-01-12,-0.24,82.9,1.1462970000000003
2025-01-13,-5.81,80.58,-3.6406888999999985
2025-01-14,-7.26,83.89,-5.3319551999999995
2025-01-15,-8.04,87.39,-6.476738299999998
2025-01-16,-2.63,86.16,-1.3260643999999986
2025-01-17,0.89,87.38,1.8346701000000012
2025-01-18,0.32,75.5,2.230755000000001
2025-01-19,-8.79,80.65,-6.311361749999998
2025-01-20,-13.16,92.88,-12.076834399999997
2025-01-21,-14.88,97.24,-14.434011599999998
2025-01-22,-10.94,90.16,-9.563187199999996
2025-01-23,-4.86,82.7,-3.017895999999999
2025-01-24,-8.87,79.03,-6.174621049999997
2025-01-25,-2.27,78.55,-0.29155924999999816
2025-01-26,-3.29,70.33,-0.3869388499999986
2025-01-27,-3.01,74.78,-0.5811878999999993
2025-01-28,1.47,75.1,3.2544585000000015
2025-01-29,2.92,72.58,4.6663798000000005
2025-01-30,2.28,75.58,3.921268200000001
2025-01-31,2.48,95.83,2.7556787000000003
2025-02-01,-0.1,71.3,2.2046100000000015
2025-02-02,1.42,80.83,2.799089800000001
2025-02-03,2.04,95.86,2.323714200000001
2025-02-04,-1.96,75.42,0.26522740000000056
2025-02-05,-2.19,73.3,0.26092650000000184
2025-02-06,0.14,75.42,2.0813284000000003
2025-02-07,-3.09,65.28,0.2689864000000015
2025-02-08,-0.76,72.03,1.5875221000000008
2025-02-09,-2.27,73.55,0.16961575000000106
2025-02-10,-3.14,63.72,0.37988560000000104
2025-02-11,-2.29,70.73,0.41293815000000045
2025-02-12,-2.47,82.01,-0.7909033499999993
2025-02-13,-4.63,84.07,-2.953925049999998
2025-02-14,-8.86,83.09,-6.6874031999999985
2025-02-15,-1.45,85.92,-0.21483199999999902
2025-02-16,-2.19,82.73,-0.6047003499999992
2025-02-17,-10.95,86.87,-9.112128249999998
2025-02-18,-11.93,88.71,-10.288829149999996
2025-02-19,-9.43,85.68,-7.545273199999999
2025-02-20,-8.01,86.45,-6.332442249999999
2025-02-21,-5.63,86.52,-4.1375617999999985
2025-02-22,-4.68,80.41,-2.613450899999998
2025-02-23,-0.99,81.36,0.5980348000000009
2025-02-24,3.22,86.55,4.054438000000001
2025-02-25,4.6,84.46,5.446153000000001
2025-02-26,3.65,82.9,4.6704425
2025-02-27,3.55,83.98,4.5148045
2025-02-28,3.86,72.09,5.4932932
2025-03-01,-2.32,62.47,1.1519003000000012
2025-03-02,-2.84,56,1.3562800000000008
2025-03-03,0.66,64.17,3.387379600000001
2025-03-04,4.61,87.36,5.297552800000001
2025-03-05,5.26,92.74,5.628953200000001
2025-03-06,-0.55,69.14,2.0044365000000006
2025-03-07,0.94,77.41,2.6247622000000015
2025-03-08,1.16,73.43,3.1094409
2025-03-09,3.63,71.93,5.30816495
2025-03-10,6.21,74.07,7.392278350000001
2025-03-11,5.68,76.23,6.8330827
2025-03-12,2.67,74.81,4.308987350000001
2025-03-13,3.98,80.97,5.081075800000001
2025-03-14,8.87,84.41,9.35274435
2025-03-15,12.03,83.67,12.25184305
2025-03-16,2.22,80.01,3.5701246
2025-03-17,2.7,67.84,4.787184000000001
2025-03-18,7.49,80.21,8.253003450000001
2025-03-19,8.27,96.58,8.3871863
2025-03-20,2.69,78.7,4.0735415
2025-03-21,3.96,66.34,5.911270200000001
2025-03-22,3.87,69.62,5.6461667
2025-03-23,2.82,78.39,4.2082264
2025-03-24,3.16,71.76,4.9213288
2025-03-25,3.54,71.8,5.239896000000001
2025-03-26,3.32,72.66,5.001136600000001
2025-03-27,5.57,77.59,6.670667150000001
2025-03-28,9.83,87.95,10.13950425
2025-03-29,12.54,88.7,12.661814
2025-03-30,11.67,95.3,11.7431555
2025-03-31,4.1,75.38,5.5082640000000005
2025-04-01,2.41,64.88,4.745304400000002
2025-04-02,7.04,90.29,7.438401300000001
2025-04-03,8.32,82.35,8.919923500000001
2025-04-04,5.41,82.86,6.266914300000001
2025-04-05,5.54,86.87,6.187046400000001
2025-04-06,4.65,72.87,6.119767750000001
2025-04-07,2.88,71.75,4.6854575
2025-04-08,0.82,60.17,3.8168092000000007
2025-04-09,2,80.22,3.3598750000000006
2025-04-10,3.49,90.39,4.071933550000002
2025-04-11,4.48,80.73,5.541969700000001
2025-04-12,6.29,68.14,7.7286383
2025-04-13,8.4,74.32,9.261564
2025-04-14,10.46,80.68,10.8892904
2025-04-15,7.34,71.4,8.466268
2025-04-16,4.82,72.32,6.293683200000001
2025-04-17,6.95,74.64,8.003074
2025-04-18,12.58,91.12,12.6737728
2025-04-19,10.35,87.51,10.63508425
2025-04-20,8.59,78.26,9.2966587
2025-04-21,10.98,80.17,11.3639088
2025-04-22,10.11,75.7,10.6967235
2025-04-23,13.93,80.64,13.9906936
2025-04-24,11.81,80.8,12.094064000000001
2025-04-25,7.01,91.06,7.3782833000000005
2025-04-26,6.77,82.94,7.4953059
2025-04-27,8.25,76.49,9.058156250000001
2025-04-28,12.57,74.63,12.839302550000001
2025-04-29,15.17,80.12,15.0967422
2025-04-30,9.38,77.91,10.0020544
2025-05-01,12.04,88.46,12.1961362
2025-05-02,8.56,95.42,8.7096286
2025-05-03,6.74,88.73,7.2210036
2025-05-04,6.71,87.11,7.262272050000001
2025-05-05,8.55,89.9,8.880522500000001
2025-05-06,11.07,83.1,11.388818500000001
2025-05-07,11.51,81.4,11.815877
2025-05-08,8.34,83.98,8.8827576
2025-05-09,8.12,72.94,9.0695354
2025-05-10,10.12,66.52,10.9265332
2025-05-11,9.69,78.23,10.26592535
2025-05-12,12.5,79.5,12.7255
2025-05-13,14.67,93.88,14.6642778
2025-05-14,14.93,93.69,14.91507685
2025-05-15,16.08,93.06,16.0196914
2025-05-16,17.49,70.4,17.003228
2025-05-17,13.8,69.62,13.916963
2025-05-18,11.18,81.47,11.5183578
2025-05-19,7.28,87,7.79623
2025-05-20,10.15,88.9,10.4155675
2025-05-21,9.81,92.67,9.99907735
2025-05-22,9.45,83.69,9.90301025
2025-05-23,9.87,79.63,10.38872205
2025-05-24,9.62,80.33,10.1479428
2025-05-25,10.65,76.83,11.14062475
2025-05-26,10.85,78.38,11.2840215
2025-05-27,12.43,81.5,12.6406225
2025-05-28,12.64,87.39,12.7690003
2025-05-29,13.17,82.01,13.30159685
2025-05-30,15.17,71.68,15.0656408
2025-05-31,11.93,78.53,12.23347845
2025-06-01,11.47,67.71,12.008112850000002
2025-06-02,14.4,65.16,14.419162
2025-06-03,18.63,73.75,18.03373125
2025-06-04,15.7,88.66,15.625155999999999
2025-06-05,14.22,84.33,14.2441318
2025-06-06,15.28,77.36,15.1828744
2025-06-07,15.52,80.69,15.411670899999999
2025-06-08,17.35,81.86,17.065655500000002
2025-06-09,16.32,81.33,16.1331133
2025-06-10,16.31,76.65,16.07755075
2025-06-11,19.85,70.59,18.98461075
2025-06-12,18.45,83.5,18.091537499999998
2025-06-13,17.3,90.29,17.150466
2025-06-14,16.39,89.28,16.2785656
2025-06-15,16.14,85.19,16.0064138
2025-06-16,19.91,77.25,19.23307375
2025-06-17,21.78,82.12,21.0640848
2025-06-18,21.2,90.15,20.837027499999998
2025-06-19,19.94,83.78,19.4546976
2025-06-20,21.63,78.31,20.779426649999998
2025-06-21,23.58,83.32,22.7470008
2025-06-22,25.09,83.61,24.135364449999997
2025-06-23,25.44,79.05,24.1794385
2025-06-24,25.84,76.99,24.4048663
2025-06-25,21.77,87.25,21.26019125
2025-06-26,25.13,82.64,24.115047599999997
2025-06-27,24.9,83.68,23.966496
2025-06-28,22.99,79.45,22.030417749999998
2025-06-29,24.48,73.07,23.001812299999997
2025-06-30,25.25,82.24,24.199939999999998
2025-07-01,24.18,73.61,22.7749964
2025-07-02,25.33,65.42,23.2702423
2025-07-03,25.94,67.84,23.9164928
2025-07-04,25.65,73.76,24.040831999999998
2025-07-05,26.69,68.11,24.55193495
2025-07-06,24.9,77.27,23.599843999999997
2025-07-07,21.4,81.89,20.712725499999998
2025-07-08,22.52,74.28,21.3854908
2025-07-09,22.93,86.47,22.30268155
2025-07-10,22.47,77.34,21.4766989
2025-07-11,23.93,84.7,23.1364655
2025-07-12,24.73,82.95,23.77068175
2025-07-13,23.79,80.87,22.812552649999997
2025-07-14,24.54,56.39,22.1318558
2025-07-15,25.2,58.61,22.7641985
2025-07-16,26.28,82.1,25.120259
2025-07-17,21.49,82.39,20.81298355
2025-07-18,20.78,70.87,19.7738498
2025-07-19,23.34,75.72,22.159506399999998
2025-07-20,22.2,88.95,21.7320325
2025-07-21,21.96,75.7,20.962971
2025-07-22,23.33,68.43,21.79680295
2025-07-23,24.87,76.49,23.52910715
2025-07-24,26.7,83.76,25.610295999999998
2025-07-25,24.38,85.3,23.581201999999998
2025-07-26,24.12,88.48,23.5104768
2025-07-27,25.83,89.34,25.165722099999996
2025-07-28,26.82,86.06,25.8754256
2025-07-29,26.6,76.34,25.025427
2025-07-30,25.38,84.69,24.4638496
2025-07-31,22.26,76.25,21.24635
2025-08-01,21.86,64.53,20.4241744
2025-08-02,21.9,56.88,20.145016
2025-08-03,22.22,63.98,20.6905908
2025-08-04,22.07,72.38,20.9200413
2025-08-05,23.06,68.16,21.5609728
2025-08-06,23.81,70.34,22.291259699999998
2025-08-07,25.14,65.9,23.144468
2025-08-08,26.13,75.1,24.5372715
2025-08-09,26.93,74.55,25.19011075
2025-08-10,26.76,73.52,24.9744536
2025-08-11,25.86,77.51,24.454824799999997
2025-08-12,25.15,84.93,24.26727475
2025-08-13,24.5,83.04,23.5672
2025-08-14,23.8,69.1,22.219465
2025-08-15,25.19,61.24,22.9111058
2025-08-16,26.94,74.03,25.1631326
2025-08-17,24.67,84.43,23.799092050000002
2025-08-18,24.05,81.02,23.0530755
2025-08-19,24.28,88.19,23.6447401
2025-08-20,22.3,83.62,21.597298
2025-08-21,22.2,70.29,20.941781499999998
2025-08-22,22.93,70.6,21.566868999999997
2025-08-23,23.27,74.29,22.02987815
2025-08-24,20.49,69.71,19.49209595
2025-08-25,18.6,69.18,17.905009
2025-08-26,19.38,59.65,18.297006
2025-08-27,20.45,53.35,18.923378749999998
2025-08-28,19.76,78.14,19.1275902
2025-08-29,18.1,67.62,17.458876
2025-08-30,19.42,62.04,18.3928024
2025-08-31,19.76,59.96,18.6016428
2025-09-01,20.66,63.55,19.425074
2025-09-02,21.31,65.41,20.014431549999998
2025-09-03,20.62,72.95,19.709497
2025-09-04,16.84,64.48,16.3828576
2025-09-05,17,63.85,16.5029375
2025-09-06,16.1,63.64,15.780032
2025-09-07,16.18,61.4,15.823336
2025-09-08,17.42,53.58,16.6744948
2025-09-09,17.98,57.5,17.16655
2025-09-10,19.62,63.29,18.5862464
2025-09-11,19.77,78.62,19.1503007
2025-09-12,20.34,76.33,19.5797196
2025-09-13,20.59,71.46,19.634052699999998
2025-09-14,20.99,80.74,20.3025143
2025-09-15,21.23,72.12,20.1980218
2025-09-16,21.03,74.17,20.10231555
2025-09-17,21.05,72.39,20.05534975
2025-09-18,21.75,61.26,20.2052425
2025-09-19,22.51,70.8,21.223594000000002
2025-09-20,22.49,71.5,21.237567499999997
2025-09-21,21.28,81.91,20.6054239
2025-09-22,22.23,82.88,21.5021432
2025-09-23,21.08,86.54,20.5928826
2025-09-24,19.74,82.96,19.248907199999998
2025-09-25,19.06,81.93,18.606804399999998
2025-09-26,20.05,73.38,19.2374245
2025-09-27,21.58,65.49,20.236180599999997
2025-09-28,21.02,72.84,20.046042399999997
2025-09-29,21.44,62.87,20.0227479
2025-09-30,20.91,76.23,20.07198865
2025-10-01,19.8,78.83,19.1828945
2025-10-02,19.72,65.53,18.7303663
2025-10-03,21.71,61.46,20.1816963
2025-10-04,22.35,70.18,21.062521500000003
2025-10-05,21.74,65.31,20.358644199999997
2025-10-06,21.64,74,20.61898
2025-10-07,18.28,82.35,17.9130565
2025-10-08,15.91,63.72,15.6286486
2025-10-09,14.54,63.78,14.5320316
2025-10-10,14.89,70.76,14.8272802
2025-10-11,15.97,73.63,15.756798550000001
2025-10-12,15.32,73.91,15.2023341
2025-10-13,15.96,74.77,15.757403100000001
2025-10-14,17.11,83.5,16.8731425
2025-10-15,15.49,74.48,15.3510436
2025-10-16,15.69,67.12,15.4748004
2025-10-17,16.75,72.39,16.408326249999998
2025-10-18,18.43,79.75,17.99229625
2025-10-19,14.38,80.05,14.393167
2025-10-20,12.79,67.06,13.0998007
2025-10-21,12.06,75.04,12.394963200000001
2025-10-22,9.86,75.48,10.4857504
2025-10-23,9.3,73.06,10.070484
2025-10-24,8.84,67.53,9.8507911
2025-10-25,10.29,64.78,11.105519099999999
2025-10-26,11.77,62.84,12.327957399999999
2025-10-27,11.59,71.1,12.0525445
2025-10-28,12.06,68.97,12.476422600000001
2025-10-29,11.72,67.25,12.220747500000002
2025-10-30,10.95,70.99,11.51642025
2025-10-31,9.65,73.18,10.3654235
2025-11-01,8.34,73.33,9.2435796
2025-11-02,9.63,71.35,10.39739025
2025-11-03,9.67,66.96,10.5477076
2025-11-04,10.86,59.15,11.677817
2025-11-05,11.78,75.09,12.152653599999999
2025-11-06,9.96,64.17,10.854675100000001
2025-11-07,12.22,71.22,12.580901200000001
2025-11-08,9.1,79.42,9.711226
2025-11-09,4.41,80.81,5.474949050000001
2025-11-10,2.32,77.14,3.8513914000000007
2025-11-11,2.36,74.1,4.089343000000001
2025-11-12,6.93,78.43,7.82806695
2025-11-13,7.1,76.52,8.055636
2025-11-14,9.41,76.64,10.0639632
2025-11-15,13.74,85.88,13.7990216
2025-11-16,7.88,56.87,9.4503633
2025-11-17,5.77,58.58,7.758781300000001
2025-11-18,6.33,80.05,7.2264532500000005
2025-11-19,6.82,78.65,7.721824000000001
2025-11-20,7.71,82.15,8.37660825
2025-11-21,7.72,80.32,8.453867200000001
2025-11-22,7.39,68.32,8.6288464
2025-11-23,7.55,74.65,8.51900375
2025-11-24,7.26,72.7,8.347086000000001
2025-11-25,8.27,87.66,8.6928301
2025-11-26,4.37,76.57,5.675402450000001
2025-11-27,0.57,69.85,2.8799422500000014
2025-11-28,-0.52,73.82,1.642729800000002
2025-11-29,0.21,74.44,2.218888200000001
2025-11-30,1.08,90.26,1.7989094000000008
2025-12-01,-0.24,76.72,1.6473096000000014
2025-12-02,-2.7,95.58,-2.2818679999999993
2025-12-03,-2.09,96.24,-1.7469187999999976
2025-12-04,-4.32,77.65,-2.006551499999999
2025-12-05,-4.18,88.47,-2.995407799999999
2025-12-06,-0.72,81.99,0.7876171000000018
2025-12-07,0.19,79.35,1.8152582500000014
2025-12-08,-2.68,74.96,-0.3139703999999983
2025-12-09,-1.15,88.42,-0.15325149999999865
2025-12-10,1.85,88.59,2.643850750000001
2025-12-11,-2.71,71.51,-0.013279049999999515
2025-12-12,-1.36,61.92,1.9617184000000008
2025-12-13,-6.52,93.53,-5.772003299999998
2025-12-14,-11.31,99.74,-11.273091699999997
2025-12-15,-8.26,94.46,-7.566502799999998
2025-12-16,-1.44,85.63,-0.1801820999999988
2025-12-17,2.69,84.3,3.709793500000001
2025-12-18,4.76,94.93,5.031599900000001
2025-12-19,-5.42,80.62,-3.2967271999999994
2025-12-20,0.16,77.17,1.9606021000000005
2025-12-21,-2.25,67.08,0.7827550000000008
2025-12-22,1.19,73.02,3.165070900000001
2025-12-23,3.92,87.12,4.669487200000001
2025-12-24,3.65,85.78,4.498578500000001
2025-12-25,3.92,88.84,4.5694004
2025-12-26,4.3,89.66,4.8800740000000005
2025-12-27,3.53,90.83,4.08327195
2025-12-28,6.92,98.08,7.000044800000001
2025-12-29,-2.64,78.16,-0.5811431999999979
2025-12-30,-5.64,82.33,-3.682694099999998
2025-12-31,-0.67,83.7,0.689990500000001
