date,T2M,RH2M,THI
1984-01-01,6.79,49.99,8.91067405
1984-01-02,4.42,39.14,7.794078400000001
1984-01-03,6.32,34.06,9.2866406
1984-01-04,9.24,44.46,10.8467722
1984-01-05,9,65.48,10.04423
1984-01-06,9.5,55.79,10.715775
1984-01-07,9.66,45.57,11.1089266
1984-01-08,10.96,37.79,12.1712287
1984-01-09,9.33,40.09,11.03354085
1984-01-10,7.18,42.73,9.4856902
1984-01-11,7.43,46.38,9.5150137
1984-01-12,4.2,46.27,7.243804500000001
1984-01-13,5.88,39.72,8.7378748
1984-01-14,4.57,53.27,7.122158950000001
1984-01-15,3.53,42.47,7.001072550000001
1984-01-16,3.67,41.67,7.144426450000001
1984-01-17,3.28,46.92,6.5555668
1984-01-18,1.85,30.5,6.685462500000002
1984-01-19,4,28.33,8.1389425
1984-01-20,3.36,43.32,6.832783600000001
1984-01-21,3.12,41.17,6.8021697
1984-01-22,4.46,59.23,6.711319400000001
1984-01-23,5.94,53.91,8.109917200000002
1984-01-24,7.94,46.99,9.852600800000001
1984-01-25,9.26,65.83,10.2447794
1984-01-26,8,48.79,9.8307575
1984-01-27,5.8,40.35,8.6542525
1984-01-28,8.93,45.88,10.5879662
1984-01-29,10.08,36.1,11.633409
1984-01-30,10.04,32.87,11.6866989
1984-01-31,9.3,34.79,11.165006
1984-02-01,10.6,37.12,11.948776
1984-02-02,9.81,36.35,11.451851750000001
1984-02-03,9.06,30.22,11.1478176
1984-02-04,10.39,34.62,11.8679149
1984-02-05,9.62,37.45,11.298842
1984-02-06,11.91,29.73,12.91099615
1984-02-07,9.98,32.14,11.6669996
1984-02-08,10.28,30.76,11.8870604
1984-02-09,10.11,36.05,11.65407275
1984-02-10,8.78,49.57,10.3665278
1984-02-11,4.74,33.92,8.287174400000001
1984-02-12,8.83,28.97,11.04507055
1984-02-13,10.87,41.56,12.0367546
1984-02-14,8.57,36.09,10.654424650000001
1984-02-15,7.1,29.35,9.975455
1984-02-16,7.7,41.21,9.898746000000001
1984-02-17,5.98,35.08,9.0221512
1984-02-18,4.16,32.28,8.0112364
1984-02-19,5.36,24.48,9.156390400000001
1984-02-20,6.17,24.33,9.63682105
1984-02-21,8.78,21.7,11.243318
1984-02-22,7.49,37.15,9.91318175
1984-02-23,5.74,25.86,9.312065200000001
1984-02-24,8.07,19.97,10.90026095
1984-02-25,6.72,35.36,9.4859456
1984-02-26,5.48,32.96,8.805854400000001
1984-02-27,6.53,26.08,9.7702832000000015
1984-02-28,10.85,18.73,12.48149525
1984-02-29,12.33,16.55,13.32597575
1984-03-01,13.55,19.15,13.972441250000001
1984-03-02,14.92,25.72,14.7484132
1984-03-03,12.56,28.79,13.3198107
1984-03-04,10.24,25.41,11.9876437
1984-03-05,6.44,24.01,9.808636700000001
1984-03-06,10.53,16.15,12.36086475
1984-03-07,13.04,23.02,13.6581494
1984-03-08,14.27,21.05,14.36987175
1984-03-09,15.06,25.99,14.8320492
1984-03-10,14.88,26.93,14.727283700000001
1984-03-11,14.02,30.97,14.2022392
1984-03-12,14.81,25.21,14.68248305
1984-03-13,14.66,25.87,14.5947656
1984-03-14,15.06,46.87,14.8963596
1984-03-15,13.96,37.37,14.1460111
1984-03-16,11.53,31.01,12.65695165
1984-03-17,11.35,26.34,12.6261595
1984-03-18,9.09,23.19,11.37548155
1984-03-19,12.66,28.01,13.388538800000001
1984-03-20,15.56,28.37,15.1423971
1984-03-21,18.22,22.3,16.630257999999998
1984-03-22,13.79,18.34,14.1088823
1984-03-23,12.59,22.41,13.40508295
1984-03-24,14.98,18.07,14.763704800000001
1984-03-25,15.37,29.38,15.0320833
1984-03-26,18.03,27.39,16.62027685
1984-03-27,13.6,27.19,13.960409499999999
1984-03-28,11.07,23.24,12.518077400000001
1984-03-29,12.97,23.91,13.61029735
1984-03-30,10.14,33.95,11.723879
1984-03-31,10.95,28.34,12.3491615
1984-04-01,9.59,31.98,11.4268801
1984-04-02,10.88,31.11,12.2515999
1984-04-03,12.87,23.1,13.5594085
1984-04-04,15.22,19.48,14.9011408
1984-04-05,14.58,36,14.55184
1984-04-06,14.8,31.98,14.687767000000001
1984-04-07,13.72,27.26,14.0320546
1984-04-08,17.08,18.51,15.9236569
1984-04-09,12.22,25.22,13.1577412
1984-04-10,16.04,17.85,15.344189499999999
1984-04-11,15.28,23.51,14.9518579
1984-04-12,18,13.03,16.3258275
1984-04-13,19.88,15.6,17.382604
1984-04-14,21,15.64,17.98413
1984-04-15,23.13,12.75,18.98867875
1984-04-16,24.45,12.85,19.68071625
1984-04-17,21.22,22.59,18.358926399999998
1984-04-18,15.45,23.32,15.049347
1984-04-19,14.25,33.06,14.3420425
1984-04-20,11.43,25.15,12.69384225
1984-04-21,13.44,22.34,13.8927578
1984-04-22,17.09,25.68,16.0313116
1984-04-23,21.67,16.75,18.38703625
1984-04-24,21.78,21.61,18.6412644
1984-04-25,13.23,17.17,13.80856755
1984-04-26,8.44,20.18,11.1004006
1984-04-27,8.78,22.22,11.2269588
1984-04-28,11.06,22.11,12.5336788
1984-04-29,14.54,15.68,14.5214496
1984-04-30,16.81,22.22,15.821805099999999
1984-05-01,18.43,26.89,16.84972735
1984-05-02,19.89,30.18,17.8201861
1984-05-03,22.72,25.53,19.353211299999998
1984-05-04,23.03,19.17,19.23786055
1984-05-05,20.58,22.89,18.0014416
1984-05-06,19.72,15.54,17.2951534
1984-05-07,18.66,12.43,16.6563984
1984-05-08,21.27,8.79,17.873795649999998
1984-05-09,25.21,8.93,19.845521650000002
1984-05-10,26.03,15.16,20.649871400000002
1984-05-11,26.55,21.25,21.33084375
1984-05-12,28.23,18.89,22.10497835
1984-05-13,28.36,17.98,22.1076154
1984-05-14,25.98,22.93,21.1138002
1984-05-15,18.32,20.37,16.6469737
1984-05-16,18.35,16.82,16.5886635
1984-05-17,22.68,11.06,18.6785894
1984-05-18,23.25,21.24,19.459675
1984-05-19,26.68,11.33,20.7399967
1984-05-20,28.63,11.41,21.74522815
1984-05-21,27.81,17.95,21.80352975
1984-05-22,28.8,18.03,22.3530595
1984-05-23,30.54,15.39,23.075705799999998
1984-05-24,29.56,19.04,22.854083199999998
1984-05-25,28.03,16.12,21.788069800000002
1984-05-26,28.25,13.71,21.72431875
1984-05-27,29.11,9.45,21.83385475
1984-05-28,30.03,8,22.17182
1984-05-29,32.2,8.58,23.300263
1984-05-30,27.92,30.14,22.7636334
1984-05-31,28.38,29.79,23.020168599999998
1984-06-01,27.35,18.65,21.60058875
1984-06-02,27.72,7.41,20.9877811
1984-06-03,24.89,14.43,20.00010235
1984-06-04,26.94,13.59,21.0278278
1984-06-05,24.25,26.49,20.30802625
1984-06-06,24.85,18.08,20.186704
1984-06-07,21.47,24.55,18.57762425
1984-06-08,22.11,15.11,18.55692905
1984-06-09,22.06,14.1,18.488277999999998
1984-06-10,22.43,15.16,18.729703399999998
1984-06-11,21.53,15.07,18.24618155
1984-06-12,24.49,14.82,19.809784899999997
1984-06-13,24.22,19.35,19.908451
1984-06-14,24.55,15.62,19.8858955
1984-06-15,24.94,13.04,19.9467568
1984-06-16,25.83,16.8,20.645391999999998
1984-06-17,28.95,15.71,22.25105225
1984-06-18,28.72,23.57,22.7424097
1984-06-19,28.85,13.19,21.99852075
1984-06-20,26.88,12.8,20.942552
1984-06-21,26.51,14.99,20.89466445
1984-06-22,27.25,11.28,21.028509999999997
1984-06-23,29.98,8.21,22.1649994
1984-06-24,29.06,11.98,22.0113584
1984-06-25,27.2,41.94,23.144509
1984-06-26,30.34,12.85,22.747492
1984-06-27,32.8,10.81,23.823026499999997
1984-06-28,34.54,12.6,24.906771999999997
1984-06-29,33.73,16.86,24.9366979
1984-06-30,30.99,16.45,23.412432749999997
1984-07-01,32.52,15.71,24.166018100000002
1984-07-02,33.89,21.29,25.49597205
1984-07-03,34.45,20.1,25.682972499999998
1984-07-04,34.79,16.02,25.4182519
1984-07-05,36.45,12.19,25.84913775
1984-07-06,35.35,14.6,25.556755
1984-07-07,34.56,13.76,25.0451408
1984-07-08,33.57,17.28,24.8939128
1984-07-09,31.66,11.95,23.349840999999998
1984-07-10,31.02,8.73,22.727207800000002
1984-07-11,32.71,9.34,23.629947700000002
1984-07-12,33.75,15.28,24.78027
1984-07-13,31.8,24.93,24.657089499999998
1984-07-14,32.34,24.55,24.936846000000003
1984-07-15,31,38.18,25.389834999999998
1984-07-16,29.99,40.01,24.879151949999997
1984-07-17,32.48,33.35,25.888981499999996
1984-07-18,32.39,38.57,26.345595149999998
1984-07-19,30.76,40.31,25.421923300000003
1984-07-20,31.21,37.45,25.46134225
1984-07-21,29.61,43.82,24.9411611
1984-07-22,25.68,52.61,22.7659889
1984-07-23,24.63,55.34,22.1417681
1984-07-24,27.46,41.05,23.258043999999998
1984-07-25,30.68,25.36,24.037786399999998
1984-07-26,30.72,26,24.11846
1984-07-27,27.78,52.02,24.2755408
1984-07-28,24.53,62.74,22.4745521
1984-07-29,25.54,57.24,22.943612799999997
1984-07-30,28.85,41.4,24.224995
1984-07-31,28.93,40.77,24.22921105
1984-08-01,29.9,34.88,24.384335999999998
1984-08-02,29.47,30.77,23.76994795
1984-08-03,28.59,24.77,22.76005115
1984-08-04,29.53,19.44,22.8705076
1984-08-05,29.57,18.38,22.804926299999998
1984-08-06,29.38,15.29,22.4473336
1984-08-07,31.14,15.76,23.4303552
1984-08-08,32.43,15.78,24.124644699999997
1984-08-09,33.53,15.3,24.6648745
1984-08-10,31.24,22.75,24.1275925
1984-08-11,30.76,26.01,24.143074300000002
1984-08-12,31.22,24.25,24.25403
1984-08-13,32.39,24.62,24.9729849
1984-08-14,29.66,38.67,24.5463046
1984-08-15,24.99,69.98,23.2579961
1984-08-16,25.76,66.37,23.6772941
1984-08-17,28.38,40.52,23.8392968
1984-08-18,29.41,39.93,24.48395965
1984-08-19,25.34,65.14,23.261646799999998
1984-08-20,24.51,62.28,22.4333254
1984-08-21,25.84,54.71,23.0152627
1984-08-22,27.6,47.24,23.798642
1984-08-23,27.82,45.21,23.8060846
1984-08-24,26.93,33.18,22.361850699999998
1984-08-25,26.3,35.22,22.095778
1984-08-26,27.19,42.6,23.183767
1984-08-27,28.77,42.39,24.248479149999998
1984-08-28,29.78,36.75,24.46447
1984-08-29,31.04,31.97,24.851310899999998
1984-08-30,31.69,29.07,24.98392315
1984-08-31,28.24,33.71,23.2304647
1984-09-01,24.23,29.21,20.44167315
1984-09-02,26.54,25.16,21.5840952
1984-09-03,28.47,28.69,22.990896149999998
1984-09-04,29.72,31.91,24.0201861
1984-09-05,31.19,33.29,25.06635555
1984-09-06,28.82,29.44,23.2626944
1984-09-07,28.14,30.65,22.937362999999998
1984-09-08,28.03,28.21,22.68774715
1984-09-09,29.46,36.96,24.2730688
1984-09-10,27.98,48.5,24.16179
1984-09-11,26.47,51.79,23.296094649999997
1984-09-12,25.76,42.63,22.2070759
1984-09-13,26.25,37.34,22.2005975
1984-09-14,27.35,33.39,22.64233825
1984-09-15,28.13,28.88,22.7984892
1984-09-16,28.83,34.72,23.6849568
1984-09-17,28.45,35.67,23.514280749999998
1984-09-18,29.47,29.11,23.63327185
1984-09-19,29.86,29.1,23.870368
1984-09-20,28.45,33.77,23.36850325
1984-09-21,24.8,29.04,20.780116
1984-09-22,23.66,27.18,19.9913284
1984-09-23,22.87,31.56,19.7193646
1984-09-24,19.95,27.54,17.778011499999998
1984-09-25,17.3,20.03,16.068462
1984-09-26,21.26,22.96,18.3956528
1984-09-27,24.15,24.49,20.14230675
1984-09-28,24.75,20.88,20.28961
1984-09-29,24.37,17.58,19.8958303
1984-09-30,23.28,22.72,19.5481488
1984-10-01,17.86,32.41,16.610936799999998
1984-10-02,14.15,49.84,14.246558
1984-10-03,15.71,43.55,15.334325250000001
1984-10-04,19.14,27.7,17.294904
1984-10-05,20.05,28.72,17.874178
1984-10-06,21.45,25.64,18.607589
1984-10-07,22.64,24.14,19.2437478
1984-10-08,23.23,21.09,19.44113635
1984-10-09,22.16,21.61,18.8574293
1984-10-10,22.17,23.6,18.947066
1984-10-11,18.28,38.13,16.9937227
1984-10-12,15.77,32.6,15.299211
1984-10-13,19.55,25.05,17.46826375
1984-10-14,18.69,26.61,16.99872745
1984-10-15,12.42,19.3,13.343208
1984-10-16,9.12,25.14,11.3351074
1984-10-17,13.6,37.49,13.9094245
1984-10-18,8.78,24.3,11.161522
1984-10-19,13,19.71,13.6623925
1984-10-20,13.74,31.77,14.0252014
1984-10-21,11.29,33.94,12.4562893
1984-10-22,11.13,25.97,12.50214605
1984-10-23,10.21,25.47,11.96853535
1984-10-24,11.43,24.14,12.7108961
1984-10-25,12.02,36.23,12.8898228
1984-10-26,14.22,23.32,14.3380872
1984-10-27,13.85,39.54,14.0661445
1984-10-28,13.15,27.26,13.6900945
1984-10-29,13.84,22.21,14.1223777
1984-10-30,14.03,34.68,14.1988522
1984-10-31,13.83,36.83,14.06278145
1984-11-01,10.47,19.04,12.264478400000002
1984-11-02,13.95,14.14,14.2097265
1984-11-03,14.74,20.6,14.635192
1984-11-04,13.48,21.65,13.9195435
1984-11-05,14.56,18.62,14.5331446
1984-11-06,15.94,20.96,15.3140032
1984-11-07,13.42,36.91,13.7947546
1984-11-08,11.35,49.12,12.231496
1984-11-09,9.32,37.97,11.0872347
1984-11-10,9.72,23.08,11.742226800000001
1984-11-11,11.17,22.78,12.5842843
1984-11-12,11.49,31.64,12.6216998
1984-11-13,10.65,54.2,11.619815000000001
1984-11-14,9.35,40.29,11.04128575
1984-11-15,9.89,26.97,11.741675650000001
1984-11-16,11.03,24.9,12.4632835
1984-11-17,9.75,41.02,11.2908525
1984-11-18,11.19,30.79,12.449968049999999
1984-11-19,8.6,43.24,10.441862
1984-11-20,9.47,34.37,11.28565395
1984-11-21,8.77,42.94,10.5682459
1984-11-22,7.8,77.38,8.633547
1984-11-23,6.59,73.56,7.7402722
1984-11-24,6.71,69.3,8.0253415
1984-11-25,5.42,48.7,7.981922000000001
1984-11-26,3.02,42.88,6.626556800000001
1984-11-27,3.27,36.27,7.206283450000001
1984-11-28,4.74,57.43,7.0251576
1984-11-29,4.87,55.8,7.211053000000001
1984-11-30,7.52,41.01,9.7846261
1984-12-01,7.3,45.81,9.445924
1984-12-02,6.16,46.7,8.604871
1984-12-03,4.86,61,6.927780000000001
1984-12-04,5,60.85,7.0455875
1984-12-05,7.23,53.44,9.0917016
1984-12-06,6.21,50.27,8.477439350000001
1984-12-07,6.43,41.73,9.01631395
1984-12-08,6.97,57.4,8.734279
1984-12-09,5.4,81.39,6.3314305000000015
1984-12-10,6.33,75.2,7.444388000000001
1984-12-11,8.17,85.68,8.6685508
1984-12-12,6.89,73.13,8.01464385
1984-12-13,4.5,37.48,7.938600000000001
1984-12-14,2.24,35.41,6.5953037000000005
1984-12-15,2.45,44.57,6.123623250000001
1984-12-16,3.6,61.23,5.924261500000001
1984-12-17,0.91,48.62,4.750398100000001
1984-12-18,-0.28,60.14,2.9602194000000006
1984-12-19,0.59,88.45,1.4736327500000006
1984-12-20,1.58,86,2.574840000000001
1984-12-21,-0.96,67.89,1.770313300000001
1984-12-22,-0.5,66.69,2.248075000000001
1984-12-23,0.07,60.71,3.18825085
1984-12-24,2.07,55.13,5.13753755
1984-12-25,1.17,64.1,3.802008500000001
1984-12-26,3.57,53.33,6.375567050000001
1984-12-27,5.35,77.47,6.48382225
1984-12-28,4.02,90.63,4.5600868000000006
1984-12-29,4.16,77.32,5.449811600000001
1984-12-30,4.33,71.34,5.9330971
1984-12-31,3.65,62.28,5.9009409999999995
1985-01-01,2.08,50.93,5.4319717
1985-01-02,3.01,43.55,6.577357750000001
1985-01-03,3.67,48.56,6.7340236000000004
1985-01-04,3.38,51.46,6.348706400000001
1985-01-05,4.44,50.93,7.1550431
1985-01-06,5.27,56.51,7.47776985
1985-01-07,5.47,85.92,6.169283200000001
1985-01-08,6.03,79.64,6.9784706000000005
1985-01-09,4.69,60.63,6.81420835
1985-01-10,5.5,54.33,7.760665
1985-01-11,4.25,52.71,6.915973750000001
1985-01-12,2.11,52.22,5.365968100000001
1985-01-13,1.85,42.75,5.8331687500000005
1985-01-14,4.64,39.3,7.931761
1985-01-15,7.55,33.38,10.0965495
1985-01-16,5.5,50.76,7.937380000000001
1985-01-17,7.62,39.6,9.905536000000001
1985-01-18,10.45,43.36,11.711656
1985-01-19,10.87,43.42,11.9996197
1985-01-20,9.95,43.14,11.3729215
1985-01-21,8.1,52.07,9.787136
1985-01-22,7.38,48.03,9.415145200000001
1985-01-23,4.45,45.92,7.439272000000001
1985-01-24,4.01,51.47,6.80993835
1985-01-25,4.85,50.44,7.480397000000001
1985-01-26,5.63,56.94,7.730682100000001
1985-01-27,5.06,69.39,6.649271200000001
1985-01-28,4.23,57.41,6.635696150000001
1985-01-29,3.09,52.11,6.09533695
1985-01-30,1.87,46.7,5.5724845
1985-01-31,-1.47,39.33,3.8589494500000017
1985-02-01,-1.38,42.7,3.624582
1985-02-02,-0.33,54.18,3.407308300000001
1985-02-03,-0.57,71.66,1.7789609000000013
1985-02-04,0.48,60.42,3.5320138000000005
1985-02-05,-1.42,36.09,4.175959600000001
1985-02-06,2.83,40.02,6.679816300000001
1985-02-07,3.08,50.7,6.176533000000001
1985-02-08,3.94,69.68,5.7009856
1985-02-09,6.64,69.7,7.9498690000000005
1985-02-10,3.5,41.57,7.035015000000001
1985-02-11,4.5,35.85,8.02825
1985-02-12,9.03,34.19,11.00989385
1985-02-13,11.06,50.94,11.9882152
1985-02-14,9.85,41.56,11.344603
1985-02-15,12.06,33.42,12.953503600000001
1985-02-16,13.57,32.48,13.9153648
1985-02-17,14.07,34.9,14.2239615
1985-02-18,11.5,49.77,12.328795
1985-02-19,11.76,48.39,12.5377627
1985-02-20,9.26,45.54,10.8295372
1985-02-21,7.37,31.98,10.0374043
1985-02-22,8.07,42.07,10.118694450000001
1985-02-23,9.07,48.21,10.61670835
1985-02-24,9.84,32.12,11.5797644
1985-02-25,11.78,35.49,12.745069599999999
1985-02-26,10.26,37.76,11.7114368
1985-02-27,11.26,35.14,12.4158052
1985-02-28,10.95,35.95,12.20057625
1985-03-01,12.04,25.52,13.0477144
1985-03-02,7.7,50.42,9.554292
1985-03-03,4.65,36.19,8.10690675
1985-03-04,3.99,35.87,7.697034650000001
1985-03-05,4.66,53.71,7.165214800000001
1985-03-06,4.62,59.72,6.808815200000001
1985-03-07,5.64,56.83,7.7436741
1985-03-08,7.82,45.21,9.832984600000001
1985-03-09,11.29,37.95,12.38549275
1985-03-10,15.19,45.28,14.9823376
1985-03-11,11.34,50.13,12.2067406
1985-03-12,10.22,39.36,11.6474656
1985-03-13,9.48,34.5,11.288455
1985-03-14,10.6,32.52,12.047446
1985-03-15,10.71,48.5,11.7835175
1985-03-16,12.25,42.92,12.956365
1985-03-17,12.57,49.11,13.11019735
1985-03-18,12.01,40.95,12.81868975
1985-03-19,11.5,48.64,12.34744
1985-03-20,12.88,34.26,13.465743400000001
1985-03-21,13.89,29.47,14.12662815
1985-03-22,9.67,27.24,11.6028694
1985-03-23,13.65,23.5,14.0076375
1985-03-24,14.51,31.03,14.50620665
1985-03-25,11.61,42.86,12.5182403
1985-03-26,8.81,34.06,10.8735923
1985-03-27,11.71,48.15,12.50563825
1985-03-28,8.66,42.4,10.510112000000001
1985-03-29,6.33,33.37,9.32401905
1985-03-30,7.67,31.31,10.25033985
1985-03-31,13.79,36.21,14.039099949999999
1985-04-01,15.42,37.36,15.1030416
1985-04-02,18.54,32.27,17.0350394
1985-04-03,20.94,25.51,18.3015642
1985-04-04,19.12,27.27,17.2719307
1985-04-05,18.37,31.88,16.9200658
1985-04-06,20.9,26.24,18.303648
1985-04-07,22.53,25.36,19.2335244
1985-04-08,23.71,22.94,19.8065257
1985-04-09,22.51,23.19,19.12613545
1985-04-10,20.63,24.25,18.07608875
1985-04-11,20.74,27.62,18.2559184
1985-04-12,21.43,20.62,18.4044313
1985-04-13,22.53,20.67,19.026390550000002
1985-04-14,23.49,18.17,19.443915649999997
1985-04-15,23.92,19.05,19.7259805
1985-04-16,19.64,24.79,17.5138133
1985-04-17,15.18,37.34,14.9456516
1985-04-18,15.39,33.32,15.0636014
1985-04-19,16.47,36.31,15.77991885
1985-04-20,14.13,24.17,14.28431405
1985-04-21,13.46,33.32,13.8414096
1985-04-22,16.03,29.58,15.4374157
1985-04-23,18.9,20.79,16.983117999999997
1985-04-24,19.38,18.16,17.1834144
1985-04-25,15.1,17.96,14.829267999999999
1985-04-26,11.23,18.96,12.6875044
1985-04-27,14.46,18.28,14.477978400000001
1985-04-28,19.19,16.29,17.03070055
1985-04-29,21.08,19.13,18.1533147
1985-04-30,23.45,15.57,19.29393325
1985-05-01,26.45,13.71,20.77858975
1985-05-02,26.32,16.6,20.898166
1985-05-03,24.89,18.69,20.24354005
1985-05-04,22.06,17.14,18.6146812
1985-05-05,22.86,12.49,18.8362902
1985-05-06,22.08,18.99,18.702693099999998
1985-05-07,21.15,20.89,18.25655175
1985-05-08,19.36,17.49,17.1545077
1985-05-09,20.92,19.74,18.0860194
1985-05-10,18.22,29.4,16.775523999999997
1985-05-11,16.68,28.13,15.8182787
1985-05-12,18.99,26.37,17.17170715
1985-05-13,19.39,14.27,17.08429165
1985-05-14,22.64,13.61,18.7723197
1985-05-15,22.55,17.98,18.9185645
1985-05-16,21.7,19.01,18.492796
1985-05-17,21.89,17.21,18.52500045
1985-05-18,24.14,12.5,19.50075
1985-05-19,23.57,17.86,19.4724461
1985-05-20,24.37,15.94,19.8068029
1985-05-21,23.3,17.81,19.322004
1985-05-22,25.11,18.66,20.3634043
1985-05-23,26.82,15.36,21.084793599999998
1985-05-24,27.64,17.55,21.6813385
1985-05-25,26.58,17.81,21.1192964
1985-05-26,23.44,20.76,19.5437692
1985-05-27,21.5,19.25,18.391125
1985-05-28,22.86,15.03,18.9530794
1985-05-29,22.35,14.19,18.64515325
1985-05-30,19.84,12.34,17.2654258
1985-05-31,21.52,16.02,18.2775322
1985-06-01,20.15,26.28,17.859150999999997
1985-06-02,20.45,17.96,17.765241
1985-06-03,18.6,33.79,17.1069645
1985-06-04,24.11,21.88,19.980967399999997
1985-06-05,27.55,19.88,21.799387
1985-06-06,29.9,19.11,23.048617
1985-06-07,32.01,15.72,23.8934146
1985-06-08,31.51,13.5,23.4174925
1985-06-09,31.96,12.53,23.5602559
1985-06-10,31.95,10.91,23.399587249999996
1985-06-11,32.05,8.95,23.261398749999998
1985-06-12,33.24,9.31,23.8925817
1985-06-13,32.27,12.4,23.708414
1985-06-14,32.03,12.05,23.550300749999998
1985-06-15,32.51,10.4,23.634672
1985-06-16,33.28,9.58,23.9405182
1985-06-17,34.06,8.88,24.2573104
1985-06-18,34.96,12.64,25.129379200000002
1985-06-19,34.8,11,24.863149999999997
1985-06-20,31.3,10.84,23.061616
1985-06-21,30.18,8.9,22.323536
1985-06-22,30.68,8.1,22.501818999999998
1985-06-23,30.19,11.09,22.517511550000002
1985-06-24,29.07,16.2,22.354687
1985-06-25,26.16,13.24,20.5960812
1985-06-26,24.81,7.06,19.5398373
1985-06-27,28.91,6.29,21.48301395
1985-06-28,30.94,6.25,22.463124999999998
1985-06-29,29.73,8.46,22.0621519
1985-06-30,27.93,7.46,21.094532899999997
1985-07-01,29.58,6.55,21.829257
1985-07-02,32.38,7.89,23.3219026
1985-07-03,33.92,7.12,23.999487199999997
1985-07-04,36.79,6.93,25.38008335
1985-07-05,34.94,9.37,24.751375399999997
1985-07-06,34.71,9.5,24.6504725
1985-07-07,34.19,13.2,24.789994
1985-07-08,35.39,11.86,25.2631547
1985-07-09,35.51,12.16,25.3596488
1985-07-10,34.61,16.56,25.3811188
1985-07-11,34.44,18.09,25.456930299999996
1985-07-12,33.94,15.45,24.899914
1985-07-13,34.26,11.67,24.660295599999998
1985-07-14,34.37,10.24,24.560578399999997
1985-07-15,33.89,10.77,24.37406665
1985-07-16,32.8,13.86,24.130008999999998
1985-07-17,32.39,18.83,24.403277850000002
1985-07-18,31.11,21.44,23.933151199999998
1985-07-19,28.46,42.6,24.052827999999998
1985-07-20,29.85,35.92,24.440046
1985-07-21,29.67,33.85,24.15077475
1985-07-22,30.32,26.41,23.9169341
1985-07-23,30.85,18.78,23.5462915
1985-07-24,31.67,17.86,23.9131091
1985-07-25,33,15.54,24.406194999999997
1985-07-26,32.17,17.6,24.161956
1985-07-27,32.74,15.81,24.2940592
1985-07-28,32.14,14.79,23.872925799999997
1985-07-29,29.55,16.59,22.64573725
1985-07-30,26.83,12.16,20.873130399999997
1985-07-31,27.03,15.19,21.18531885
1985-08-01,26.86,14.47,21.0456706
1985-08-02,26.38,13.36,20.7189424
1985-08-03,29.16,10.35,21.931520499999998
1985-08-04,29.37,8.51,21.88749035
1985-08-05,29.08,10.3,21.886957
1985-08-06,29.18,11.14,22.0054436
1985-08-07,29.02,8.35,21.700831
1985-08-08,29,11.35,21.9301625
1985-08-09,28.42,11.96,21.6796576
1985-08-10,30.15,9.86,22.3911995
1985-08-11,27.91,11.33,21.37014415
1985-08-12,27.45,10.13,21.049009249999997
1985-08-13,27.82,11.86,21.3628636
1985-08-14,28.67,10.75,21.71430125
1985-08-15,30,9.32,22.26953
1985-08-16,29.59,15.08,22.5420646
1985-08-17,29.05,21.45,22.76403625
1985-08-18,26.81,15.64,21.0984062
1985-08-19,26.38,15.25,20.842435
1985-08-20,27.18,13.65,21.157951
1985-08-21,26.99,11.55,20.91392725
1985-08-22,28.07,11.86,21.491671099999998
1985-08-23,30.19,14.25,22.79020375
1985-08-24,32.92,10.25,23.8274275
1985-08-25,34.2,10.65,24.5189275
1985-08-26,32.81,18.72,24.6246976
1985-08-27,31.11,14.56,23.3046288
1985-08-28,30.29,14.94,22.902964299999997
1985-08-29,30.59,13.66,22.949341699999998
1985-08-30,31.32,17.77,23.7129027
1985-08-31,31.34,19.95,23.925769
1985-09-01,30.61,18.62,23.3993251
1985-09-02,27.9,17.1,21.79027
1985-09-03,23.4,27.6,19.856019999999997
1985-09-04,20.42,27.78,18.0685168
1985-09-05,20.86,32.65,18.504096999999998
1985-09-06,20.26,40.74,18.3826432
1985-09-07,21.52,37.66,19.1130526
1985-09-08,23.18,29.58,19.8181492
1985-09-09,20.9,29.2,18.40784
1985-09-10,18.22,26.49,16.7159854
1985-09-11,16.94,38.43,16.1137306
1985-09-12,18.46,21.59,16.7522302
1985-09-13,22.16,12.88,18.4896344
1985-09-14,24.57,13.25,19.765351250000002
1985-09-15,23.95,18.42,19.7098795
1985-09-16,22.34,20.23,18.9003176
1985-09-17,21.63,24.09,18.653189349999998
1985-09-18,18.58,41.35,17.263893999999997
1985-09-19,16.68,53.87,16.1269013
1985-09-20,19,28,17.218
1985-09-21,20.92,19.54,18.0789574
1985-09-22,22.39,22.13,19.01083135
1985-09-23,22.5,20.18,18.98792
1985-09-24,25.61,19.73,20.70510165
1985-09-25,25.29,19.73,20.52637685
1985-09-26,25,19.49,20.350547499999998
1985-09-27,23.87,35.52,20.547023199999998
1985-09-28,23.49,33.26,20.190040699999997
1985-09-29,19.65,14.35,17.22396375
1985-09-30,21.13,23.64,18.3455326
1985-10-01,21.34,24.02,18.4816324
1985-10-02,21.69,16.92,18.4046014
1985-10-03,23.33,21.84,19.5341596
1985-10-04,24.44,21.22,20.1330974
1985-10-05,24.7,17.35,20.063335
1985-10-06,25.12,22.47,20.5914727
1985-10-07,20.35,34.9,18.2554075
1985-10-08,18.78,30.83,17.1517382
1985-10-09,15.46,35.87,15.121393600000001
1985-10-10,15.22,39.2,14.979232
1985-10-11,16.53,35.5,15.8098575
1985-10-12,16.81,26.88,15.8810104
1985-10-13,15.57,29.84,15.1571084
1985-10-14,13.17,19.28,13.7604668
1985-10-15,14.6,15.12,14.553316
1985-10-16,16.62,15.67,15.6367122
1985-10-17,18.29,16.1,16.5411045
1985-10-18,18.96,17.33,16.9321049
1985-10-19,19.47,26.76,17.467984599999998
1985-10-20,19.23,26.81,17.32596215
1985-10-21,16.48,38.22,15.8072158
1985-10-22,11.71,30.36,12.7786258
1985-10-23,15.64,20.95,15.1443565
1985-10-24,18.05,25.4,16.593435
1985-10-25,19.71,23.4,17.515027
1985-10-26,18.93,22.62,17.0446363
1985-10-27,18.84,22.6,16.992462
1985-10-28,19.55,22.19,17.38882725
1985-10-29,18.71,22.34,16.9117827
1985-10-30,18.34,21.07,16.6729984
1985-10-31,16.11,23.1,15.429050499999999
1985-11-01,13.03,23.29,13.65020035
1985-11-02,15.62,27.76,15.1750016
1985-11-03,18.08,27.03,16.6432207
1985-11-04,18.15,25.21,16.64859075
1985-11-05,16.26,26.6,15.549488
1985-11-06,14.02,24.5,14.21932
1985-11-07,16.28,22.1,15.517359
1985-11-08,15.96,26.19,15.367305700000001
1985-11-09,11.27,24.19,12.61676465
1985-11-10,7.47,36.45,9.92716075
1985-11-11,8.08,64.75,9.3246775
1985-11-12,2.79,68.27,4.833570650000001
1985-11-13,2.32,46.72,5.8892272000000006
1985-11-14,2.89,47.57,6.23791765
1985-11-15,4,55.12,6.59182
1985-11-16,7.27,41.82,9.5835277
1985-11-17,7.01,49.41,9.094055050000001
1985-11-18,5.12,37.05,8.3675905
1985-11-19,1.02,31.91,6.0681926
1985-11-20,2.78,28.92,7.3618168000000015
1985-11-21,4.59,40.61,7.82705195
1985-11-22,5.64,42.52,8.4410004
1985-11-23,6.69,49.3,8.867818500000002
1985-11-24,7.32,71.66,8.4391466
1985-11-25,7.95,85.62,8.4680395
1985-11-26,8.52,78.15,9.2386465
1985-11-27,9.01,62.13,10.15348465
1985-11-28,7.84,66.5,9.067105
1985-11-29,7.86,74.02,8.8087896
1985-11-30,6.18,46.5,8.628160000000001
1985-12-01,5.86,54.1,8.041168
1985-12-02,7.06,68.02,8.3686216
1985-12-03,6.92,86.7,7.474477
1985-12-04,7.23,74.89,8.234023350000001
1985-12-05,9.61,53.41,10.86303805
1985-12-06,7.69,60.15,9.18258175
1985-12-07,9.35,48.23,10.81638525
1985-12-08,5.95,48.22,8.384954500000001
1985-12-09,2.41,44.28,6.1151014
1985-12-10,1.8,48.23,5.416134500000001
1985-12-11,0.31,48.85,4.3020017500000005
1985-12-12,-0.54,40.29,4.399211200000001
1985-12-13,2.24,33.68,6.711957600000001
1985-12-14,4.36,48.88,7.2109624000000005
1985-12-15,6.42,40.41,9.0681796
1985-12-16,6.57,40.04,9.185155400000001
1985-12-17,5.59,42.51,8.407297450000002
1985-12-18,7.37,43.45,9.58760825
1985-12-19,9.04,41.59,10.7940523
1985-12-20,9.08,36.43,10.9750217
1985-12-21,8.7,35.43,10.759783
1985-12-22,8.4,33.13,10.6434885
1985-12-23,8.23,34.6,10.485319
1985-12-24,8.84,38.93,10.7411091
1985-12-25,8.68,45.7,10.418143
1985-12-26,9.04,41.73,10.7898481
1985-12-27,8.29,36.26,10.4670397
1985-12-28,9.63,29.02,11.5311993
1985-12-29,9.81,35.24,11.480484200000001
1985-12-30,10.14,57.07,11.169461400000001
1985-12-31,8.11,69.81,9.17102755
1986-01-01,8.37,69.85,9.38650725
1986-01-02,8.21,63.62,9.468566100000002
1986-01-03,8.96,65.58,10.008777400000001
1986-01-04,8.72,60.6,9.972526
1986-01-05,9.03,74.11,9.80890065
1986-01-06,9.11,60.73,10.27415915
1986-01-07,3.83,33.44,7.736073600000001
1986-01-08,4.37,39.81,7.72348585
1986-01-09,7.7,34.04,10.166904
1986-01-10,10,30.21,11.7273025
1986-01-11,10.97,36.93,12.19450405
1986-01-12,10.66,40.69,11.912627200000001
1986-01-13,9.47,40.74,11.1094279
1986-01-14,8.65,49.77,10.26615025
1986-01-15,6.31,85.78,6.9505399
1986-01-16,7.65,64.75,8.978043750000001
1986-01-17,9.56,58.53,10.686739900000001
1986-01-18,11.35,51.85,12.18419875
1986-01-19,11.78,44,12.61776
1986-01-20,11.61,42.82,12.5188761
1986-01-21,8.65,40.2,10.574065000000001
1986-01-22,8.45,33.08,10.676763
1986-01-23,9.83,37.3,11.4404495
1986-01-24,8.59,36.34,10.6592683
1986-01-25,7.89,33.14,10.3206953
1986-01-26,8.39,32.6,10.654977
1986-01-27,10.36,29.49,11.9655127
1986-01-28,12.57,24.93,13.36686805
1986-01-29,12.64,30.33,13.3527241
1986-01-30,9.28,69.32,10.1608228
1986-01-31,7.79,86.44,8.2904318
1986-02-01,9.84,68.48,10.6478576
1986-02-02,9.81,65.21,10.707408050000002
1986-02-03,9.06,43.15,10.760952
1986-02-04,8.16,48.45,9.9575485
1986-02-05,6.46,42.24,9.0141472
1986-02-06,4.99,39.23,8.16857485
1986-02-07,2.33,42.94,6.1493111
1986-02-08,3.54,36.7,7.355724000000001
1986-02-09,2.26,34.76,6.6519568
1986-02-10,3.54,27.91,7.8855852
1986-02-11,3.54,45.37,6.833096400000001
1986-02-12,4.25,63.61,6.301486250000001
1986-02-13,9.39,74.7,10.1010565
1986-02-14,10.46,84.88,10.795966400000001
1986-02-15,11.52,73.35,11.9567935
1986-02-16,9.95,68.76,10.731781
1986-02-17,9.67,73.97,10.36148695
1986-02-18,13.21,65.5,13.4547775
1986-02-19,14.04,63.75,14.131712499999999
1986-02-20,9.62,44.36,11.1133776
1986-02-21,9.48,36.5,11.233235
1986-02-22,13.37,27.52,13.820463199999999
1986-02-23,14.41,37.12,14.4411256
1986-02-24,16.34,44.22,15.7755064
1986-02-25,18.16,36.98,16.8914074
1986-02-26,18.75,33.93,17.20561375
1986-02-27,18.26,34.42,16.903805600000002
1986-02-28,17.7,31.77,16.499152
1986-03-01,18.78,29.28,17.1152512
1986-03-02,16.13,45.17,15.638449049999998
1986-03-03,14.45,55.21,14.46231725
1986-03-04,17.16,38.23,16.2563049
1986-03-05,17.45,32.76,16.359030999999998
1986-03-06,18.99,27.23,17.19294485
1986-03-07,17.89,35.09,16.679753050000002
1986-03-08,14.68,54.19,14.6346481
1986-03-09,10.84,40.92,12.0292804
1986-03-10,8.68,59.93,9.9626407
1986-03-11,9.52,58.09,10.6679149
1986-03-12,10.2,46.13,11.4740255
1986-03-13,7.61,40,9.883700000000001
1986-03-14,8.05,61.06,9.4313965
1986-03-15,6.95,49.35,9.053241250000001
1986-03-16,5.86,76.78,6.963414400000001
1986-03-17,7.63,57.09,9.25135435
1986-03-18,8.57,34.71,10.69943335
1986-03-19,10.1,36.41,11.638878
1986-03-20,14.06,33.78,14.2202524
1986-03-21,16.16,27.8,15.500814
1986-03-22,17.5,25.9,16.27735
1986-03-23,17.06,29.85,16.072288
1986-03-24,17.58,31.86,16.425708399999998
1986-03-25,17.41,34.62,16.3635931
1986-03-26,18.79,29.59,17.12867605
1986-03-27,20.16,26.48,17.8713224
1986-03-28,21.5,24.9,18.60865
1986-03-29,22.03,35.76,19.3695004
1986-03-30,21.63,31.5,18.943772499999998
1986-03-31,21.33,33.46,18.830424899999997
1986-04-01,19.76,38.85,17.9909305
1986-04-02,12.51,29.47,13.28195085
1986-04-03,10.95,27.55,12.36458625
1986-04-04,14.98,26.39,14.7856696
1986-04-05,15.24,30.69,14.9579083
1986-04-06,14.16,47.61,14.257969300000001
1986-04-07,10.84,60.2,11.641174
1986-04-08,14.18,36.8,14.291231999999999
1986-04-09,16.14,34.54,15.5495508
1986-04-10,18.43,30.3,16.9234345
1986-04-11,19,26.89,17.190527499999998
1986-04-12,17.25,38.68,16.322535
1986-04-13,11.69,27.1,12.8166695
1986-04-14,12.24,20.63,13.2265691
1986-04-15,14.97,21.32,14.7666122
1986-04-16,12.99,31.05,13.56262975
1986-04-17,12.15,28.32,13.076464
1986-04-18,12.42,25.12,13.2766272
1986-04-19,15.67,17.2,15.137182
1986-04-20,19.97,22.04,17.6245734
1986-04-21,24.38,23.77,20.237661799999998
1986-04-22,24.34,25.38,20.3015656
1986-04-23,20.95,32.69,18.56217775
1986-04-24,18.7,31.34,17.113954
1986-04-25,19.04,26.62,17.207701399999998
1986-04-26,16.23,19.96,15.4684194
1986-04-27,16.2,15.66,15.411420999999999
1986-04-28,21.21,17.52,18.1660756
1986-04-29,21.44,26.81,18.6463377
1986-04-30,20.6,19,17.88245
1986-05-01,19.75,23.66,17.545682499999998
1986-05-02,22.02,23.84,18.8700224
1986-05-03,21.48,23.52,18.5439328
1986-05-04,16.52,29.8,15.740078
1986-05-05,17.06,17.69,15.9010752
1986-05-06,15.59,25.88,15.1456506
1986-05-07,14.59,21.02,14.550904899999999
1986-05-08,15.7,23.38,15.194308
1986-05-09,16.89,21.88,15.863112600000001
1986-05-10,19.62,19.7,17.358752
1986-05-11,19.13,22.83,17.16486595
1986-05-12,19.92,20.55,17.5515955
1986-05-13,22.6,13.97,18.767363500000002
1986-05-14,24.47,17.69,19.95653115
1986-05-15,23.52,22.82,19.6911002
1986-05-16,22.65,13.8,18.786085
1986-05-17,20.52,12.09,17.6092999
1986-05-18,24.62,9.6,19.588335999999998
1986-05-19,27.16,10.54,20.9309002
1986-05-20,26.43,19.8,21.167676999999998
1986-05-21,23.03,23.92,19.4607068
1986-05-22,20.33,12.82,17.534573299999998
1986-05-23,23.07,8.14,18.7401789
1986-05-24,25.03,10.77,19.86224455
1986-05-25,28.01,10.29,21.34409845
1986-05-26,29.24,11.13,22.0353091
1986-05-27,28.81,15.69,22.17438145
1986-05-28,28.68,20.15,22.452498499999997
1986-05-29,29.24,19.18,22.6879226
1986-05-30,29.93,20.12,23.1509838
1986-05-31,30.91,17.31,23.44681405
1986-06-01,30.5,22.78,23.704639999999998
1986-06-02,31.18,22.84,24.101341599999998
1986-06-03,29.83,19.43,23.036740449999996
1986-06-04,28.9,18.45,22.44124
1986-06-05,25.86,21.4,20.949072
1986-06-06,25.18,19.54,20.453779599999997
1986-06-07,25,19.31,20.3401525
1986-06-08,24.7,19.05,20.158704999999998
1986-06-09,25.07,12.42,19.9785367
1986-06-10,26.22,12.6,20.586196
1986-06-11,29.47,11.63,22.19405605
1986-06-12,28.95,13.48,22.073822999999997
1986-06-13,28.61,11.59,21.74894195
1986-06-14,29.55,13.44,22.384996
1986-06-15,28.87,12.11,21.923613850000002
1986-06-16,28.39,17.41,22.08053695
1986-06-17,29.44,13.07,22.2969619
1986-06-18,27.86,16.91,21.7545468
1986-06-19,26.99,13.22,21.0286479
1986-06-20,27.75,8.7,21.0965125
1986-06-21,28.25,9.66,21.4180375
1986-06-22,30.16,5.7,22.037941
1986-06-23,30.83,6.14,22.3999641
1986-06-24,31.76,14.19,23.6140567
1986-06-25,32.15,12.03,23.61031225
1986-06-26,32.89,9.05,23.690862250000002
1986-06-27,32.42,10.31,23.580153600000003
1986-06-28,32.28,14.28,23.8974412
1986-06-29,30.71,15.26,23.1550053
1986-06-30,29.05,19.73,22.62639325
1986-07-01,31.12,17.61,23.5887301
1986-07-02,33.45,15.2,24.61172
1986-07-03,33,16.65,24.5191375
1986-07-04,32.65,16.44,24.308622999999997
1986-07-05,29.26,12.14,22.1275252
1986-07-06,27.6,23.2,22.06656
1986-07-07,27.59,22.08,21.980149599999997
1986-07-08,27.97,16.79,21.805387149999998
1986-07-09,28.62,14.35,21.968421
1986-07-10,29.9,11.88,22.436235999999997
1986-07-11,32.05,13.77,23.726649249999998
1986-07-12,31.96,14.7,23.768641
1986-07-13,31.17,15.63,23.43453655
1986-07-14,31.02,17.37,23.5122382
1986-07-15,29.64,27.33,23.5887691
1986-07-16,29.06,19.95,22.649596
1986-07-17,26.71,14.43,20.96354665
1986-07-18,26.68,14.51,20.9530249
1986-07-19,28.41,12.36,21.7051018
1986-07-20,30.52,8.12,22.424453200000002
1986-07-21,29,24.12,22.94857
1986-07-22,25.95,43.73,22.40639675
1986-07-23,26.3,41.57,22.507893
1986-07-24,29.04,30.5,23.482084999999998
1986-07-25,28.27,23.13,22.448250549999997
1986-07-26,26.14,22.37,21.1701274
1986-07-27,27.04,19.97,21.520330899999998
1986-07-28,27.17,15.47,21.27952695
1986-07-29,28.11,12.08,21.528748399999998
1986-07-30,29.9,9.57,22.240578999999997
1986-07-31,30.71,7.79,22.48901745
1986-08-01,31.96,8.6,23.182858
1986-08-02,31.45,9.43,23.006611749999998
1986-08-03,32.23,9.3,23.3853895
1986-08-04,33.12,9.07,23.807858699999997
1986-08-05,33.04,10.36,23.8994092
1986-08-06,32.88,10.48,23.8304232
1986-08-07,32.5,9.98,23.58802
1986-08-08,31.92,10.14,23.310513399999998
1986-08-09,32.26,11.68,23.6329024
1986-08-10,31.69,24.58,24.5594161
1986-08-11,32.06,19.16,24.2524728
1986-08-12,32.17,18.97,24.29509945
1986-08-13,32.58,16.68,24.294659199999998
1986-08-14,31.87,13.86,23.640615099999998
1986-08-15,31.29,10.35,23.01127075
1986-08-16,29.59,11.56,22.2499222
1986-08-17,29.93,12.15,22.47460975
1986-08-18,28.79,28.44,23.1657418
1986-08-19,28.58,43.88,24.2340672
1986-08-20,32.18,29.6,25.334304
1986-08-21,31.3,31.86,25.003864
1986-08-22,31.91,16.72,23.9355236
1986-08-23,31.46,13.66,23.406204799999998
1986-08-24,30.46,13.14,22.8354292
1986-08-25,30.54,29.8,24.346956
1986-08-26,30.08,34.96,24.506722399999997
1986-08-27,27.95,47.73,24.083326749999998
1986-08-28,28.74,41.46,24.1551472
1986-08-29,29.33,25.67,23.26727355
1986-08-30,27.88,20.47,22.0273873
1986-08-31,26.66,15.72,21.0233536
1986-09-01,27.46,14.98,21.3997744
1986-09-02,28.61,16.17,22.104372849999997
1986-09-03,29.2,17.49,22.5290665
1986-09-04,30.63,13.9,22.9916385
1986-09-05,31.12,13.36,23.2002376
1986-09-06,31.06,13.83,23.2116364
1986-09-07,28.77,17.98,22.3326603
1986-09-08,27.25,16.98,21.4282225
1986-09-09,24.94,17.21,20.1861982
1986-09-10,22.05,18.65,18.67194125
1986-09-11,23.54,12.22,19.1755784
1986-09-12,24.61,14.38,19.8490999
1986-09-13,22.72,21.26,19.160164599999998
1986-09-14,21.68,25.08,18.7214092
1986-09-15,19.54,21.83,17.3731276
1986-09-16,18.73,22.6,16.929289
1986-09-17,21.9,26.04,18.889827999999998
1986-09-18,20.63,28.69,18.22578335
1986-09-19,19,21.43,17.0553925
1986-09-20,16.52,21.63,15.649309299999999
1986-09-21,17.28,16.43,16.0022147
1986-09-22,18.19,11.95,16.40302525
1986-09-23,16.76,26.01,15.840304300000001
1986-09-24,15.91,35,15.405925
1986-09-25,15.64,45.52,15.2984104
1986-09-26,15.12,31.71,14.8871311
1986-09-27,13.36,36.11,13.7605903
1986-09-28,13.4,46.45,13.7239775
1986-09-29,15.44,21.41,15.0336897
1986-09-30,18.38,18.53,16.6414302
1986-10-01,17.47,24.01,16.22870335
1986-10-02,14.77,38.98,14.6793853
1986-10-03,14.62,34.57,14.5768162
1986-10-04,15.51,31.27,15.12820485
1986-10-05,17.07,26.14,16.0259889
1986-10-06,18.37,28.9,16.8566365
1986-10-07,20.61,26.94,18.1548187
1986-10-08,22.19,27.2,19.110924
1986-10-09,22.05,25.4,18.952235
1986-10-10,20.99,33.33,18.61021435
1986-10-11,18.3,25.86,16.750474
1986-10-12,12.97,19.73,13.64547205
1986-10-13,14.43,12.99,14.46349885
1986-10-14,17.6,11.72,16.094826
1986-10-15,18.59,13.41,16.64215795
1986-10-16,18.83,16.36,16.838113399999997
1986-10-17,16.68,23.84,15.7668416
1986-10-18,13.4,29.99,13.823560500000001
1986-10-19,12.47,43.96,13.0956866
1986-10-20,12.98,44.88,13.4408032
1986-10-21,14.81,29.84,14.6903772
1986-10-22,16.33,30.07,15.626154549999999
1986-10-23,17.2,30.99,16.1752015
1986-10-24,17.78,25.38,16.4338552
1986-10-25,18.62,24.39,16.9066774
1986-10-26,19.11,25.85,17.22992675
1986-10-27,19.24,25.85,17.3069095
1986-10-28,18.19,26.22,16.6926349
1986-10-29,19.9,27.11,17.735166999999997
1986-10-30,19.4,31.52,17.554464
1986-10-31,15.33,27.67,14.99981355
1986-11-01,11.88,28.17,12.9150703
1986-11-02,12.07,26.93,13.04658055
1986-11-03,13.55,22.4,13.95546
1986-11-04,14.8,21.6,14.67064
1986-11-05,16.6,21.23,15.6902065
1986-11-06,13.03,27.21,13.61850715
1986-11-07,7.98,31.89,10.422424600000001
1986-11-08,8.92,33.1,10.973161000000001
1986-11-09,8.7,17.71,11.325051
1986-11-10,10.44,24.3,12.130381
1986-11-11,10.9,18.42,12.515284000000001
1986-11-12,13.27,28.97,13.750517949999999
1986-11-13,12.66,34.42,13.3236696
1986-11-14,12.06,32.8,12.961824
1986-11-15,12.39,36.57,13.12610515
1986-11-16,12.81,33.79,13.42542195
1986-11-17,12.94,45.05,13.411471
1986-11-18,13.65,76.38,13.7604235
1986-11-19,12.36,74.73,12.6574279
1986-11-20,12.46,45.61,13.0702558
1986-11-21,13.11,44.8,13.532004
1986-11-22,8.27,42.09,10.25428615
1986-11-23,7.87,48.98,9.7304443
1986-11-24,9.94,38.29,11.4876868
1986-11-25,9.62,41.93,11.1785988
1986-11-26,6.62,32.46,9.5471836
1986-11-27,10.6,24.7,12.215185
1986-11-28,10.3,29.66,11.924854
1986-11-29,9.51,44.15,11.04280325
1986-11-30,4.8,40.19,7.990863500000001
1986-12-01,6.47,27.6,9.667546000000002
1986-12-02,9.32,28.14,11.367291400000001
1986-12-03,11.07,26.59,12.45487965
1986-12-04,9.97,31.41,11.67891985
1986-12-05,9.41,40.17,11.08494085
1986-12-06,9.22,75.59,9.9288664
1986-12-07,7.66,67.88,8.868354400000001
1986-12-08,5.41,47.57,8.03123785
1986-12-09,5.28,42.77,8.1821333
1986-12-10,3.09,31.37,7.39687565
1986-12-11,5.35,26.47,9.05039725
1986-12-12,5.25,33.25,8.64590625
1986-12-13,6.05,34.02,9.1164205
1986-12-14,6.75,36.73,9.446883750000001
1986-12-15,7.24,41.22,9.587085400000001
1986-12-16,6,58.62,7.934515000000001
1986-12-17,6.94,55.22,8.801952400000001
1986-12-18,8.19,47.74,10.0036833
1986-12-19,7.57,62.61,8.99511985
1986-12-20,7.85,71,8.910675000000001
1986-12-21,6.43,58.34,8.2790791
1986-12-22,5.06,42.9,8.024632
1986-12-23,6.84,53.52,8.798202400000001
1986-12-24,4.87,50.78,7.4769373
1986-12-25,4.95,41.74,8.010106500000001
1986-12-26,5.26,40.82,8.267527600000001
1986-12-27,5.79,40.32,8.648970400000001
1986-12-28,5.59,44,8.33428
1986-12-29,5.3,47.26,7.968644
1986-12-30,6.69,39.31,9.296938950000001
1986-12-31,7.02,36.07,9.6500802
1987-01-01,7.28,34.83,9.8679007
1987-01-02,6.74,47.81,8.9674692
1987-01-03,7.01,35.82,9.6538951
1987-01-04,5.38,70.4,6.864736000000001
1987-01-05,5.83,79.58,6.8037277000000005
1987-01-06,3.86,57.6,6.341248
1987-01-07,2.73,75.26,4.3315439
1987-01-08,2.01,55.19,5.0882229500000005
1987-01-09,1.43,43.05,5.523850750000001
1987-01-10,2.34,37.42,6.525350400000001
1987-01-11,2.29,40.18,6.307212100000001
1987-01-12,4.28,37.47,7.794811300000001
1987-01-13,6.35,38.41,9.110771750000001
1987-01-14,2.57,41.01,6.440628850000001
1987-01-15,1.89,31.74,6.6241723
1987-01-16,-1.24,30.79,4.7515097000000015
1987-01-17,-0.65,32.19,5.00026825
1987-01-18,2.05,47,5.679175
1987-01-19,5.08,40.58,8.1585502
1987-01-20,1.35,30.93,6.34548775
1987-01-21,3.57,28.75,7.853193750000001
1987-01-22,6.78,31.97,9.668553800000002
1987-01-23,7.01,41.1,9.4363855
1987-01-24,6.54,45.75,8.915065
1987-01-25,8.03,45.08,9.9843282
1987-01-26,9.42,44.21,10.9787726
1987-01-27,12.02,41.32,12.8203952
1987-01-28,10.36,60.48,11.2598704
1987-01-29,9.06,37.64,10.9258112
1987-01-30,8.52,46.34,10.2848774
1987-01-31,7.79,48,9.709060000000001
1987-02-01,9.44,42.03,11.0533051
1987-02-02,10.81,39.81,12.03155605
1987-02-03,11.12,41,12.216809999999999
1987-02-04,7.5,41.6,9.7484
1987-02-05,7.55,34.08,10.069792
1987-02-06,8.65,30.99,10.870396750000001
1987-02-07,10.15,32.43,11.76661225
1987-02-08,10.66,30.98,12.1177024
1987-02-09,12.12,32.71,13.0008261
1987-02-10,12.06,50.02,12.7307316
1987-02-11,12.68,56.1,13.119439
1987-02-12,11.72,60.82,12.319062200000001
1987-02-13,11.23,61.49,11.92260235
1987-02-14,9.29,41.76,10.9588672
1987-02-15,10.63,34.38,12.026721700000001
1987-02-16,8.03,38.86,10.2056669
1987-02-17,6.39,35.15,9.282634250000001
1987-02-18,6.81,35.98,9.5177259
1987-02-19,5.89,33.69,9.03011005
1987-02-20,5.58,33.69,8.8331686
1987-02-21,5.44,29.69,8.9435473
1987-02-22,6.62,33.44,9.5047104
1987-02-23,5.34,40.1,8.357762000000001
1987-02-24,3.2,55.22,5.9830770000000015
1987-02-25,2.3,60.99,4.917571000000001
1987-02-26,2.98,49.61,6.1727104000000015
1987-02-27,4.52,35.43,8.064247300000002
1987-02-28,7.15,34.18,9.8107735
1987-03-01,9.3,30.55,11.28627
1987-03-02,10.64,29.2,12.143084
1987-03-03,12.03,31.79,12.95663285
1987-03-04,14.66,28.68,14.5972384
1987-03-05,13.23,39.68,13.6513352
1987-03-06,11.11,80.2,11.479171
1987-03-07,11.34,78.1,11.720622
1987-03-08,12.31,61.8,12.770119000000001
1987-03-09,12.34,43.3,13.013596
1987-03-10,11.9,40.07,12.756999
1987-03-11,12.62,37.79,13.2632514
1987-03-12,14.49,37.07,14.49346115
1987-03-13,13.21,49.28,13.569858400000001
1987-03-14,12.51,34.97,13.22175335
1987-03-15,9,55.17,10.3561075
1987-03-16,8.01,57.79,9.51668595
1987-03-17,9.41,38.01,11.14541005
1987-03-18,12.87,37.6,13.429416
1987-03-19,8.19,34.62,10.459012900000001
1987-03-20,5.06,36.88,8.3371904
1987-03-21,6.87,38.56,9.448329600000001
1987-03-22,6.94,41.8,9.359956
1987-03-23,7.32,33.86,9.931868600000001
1987-03-24,8.45,53.38,10.0012805
1987-03-25,9.34,41.12,11.0110144
1987-03-26,10.96,34.1,12.243073
1987-03-27,11.05,27.33,12.42891325
1987-03-28,8.01,28.28,10.5700454
1987-03-29,8.19,27.4,10.709583
1987-03-30,9.17,23.82,11.4032167
1987-03-31,13.52,21.44,13.9434384
1987-04-01,16.86,21.15,15.836527
1987-04-02,17.93,22.02,16.4589073
1987-04-03,14.51,40.64,14.5067352
1987-04-04,11.24,47.98,12.1727186
1987-04-05,13.54,43.7,13.837264
1987-04-06,16.22,39.89,15.651359399999999
1987-04-07,17.95,30.5,16.631237499999997
1987-04-08,18.92,26.31,17.1285961
1987-04-09,20.21,28.88,17.9764764
1987-04-10,21.24,27.65,18.557985499999997
1987-04-11,19.6,34.9,17.773945
1987-04-12,16.12,25.53,15.4564723
1987-04-13,16.48,20.05,15.6093445
1987-04-14,19.71,19.66,17.4078573
1987-04-15,21.14,19.98,18.2176696
1987-04-16,23.27,16.69,19.25154215
1987-04-17,24.55,16.83,19.95277825
1987-04-18,19.88,24.13,17.635006699999998
1987-04-19,12.74,19.6,13.518272
1987-04-20,12.98,19.95,13.649218000000001
1987-04-21,17.44,19.89,16.1446213
1987-04-22,20.88,15.4,17.911386
1987-04-23,22.35,18.34,18.8243295
1987-04-24,23.01,19.09,19.22300745
1987-04-25,24.09,19.75,19.85721375
1987-04-26,22.88,42.59,20.2339731
1987-04-27,24.27,35.31,20.79388285
1987-04-28,25.22,33.61,21.3056456
1987-04-29,25.25,31.06,21.1739225
1987-04-30,21.35,30.13,18.71764775
1987-05-01,19.15,25.05,17.23315375
1987-05-02,18.03,21.17,16.49951555
1987-05-03,19.52,22.45,17.3788445
1987-05-04,22.29,17.02,18.7347219
1987-05-05,24.43,13.68,19.7156332
1987-05-06,26.08,16.13,20.738319699999998
1987-05-07,26.19,24.08,21.3087236
1987-05-08,23.98,37.31,20.7113434
1987-05-09,25.21,31.61,21.18148705
1987-05-10,24.61,34.79,20.98399795
1987-05-11,25.83,33.87,21.70910905
1987-05-12,26.14,38.28,22.1886856
1987-05-13,25.09,39.23,21.55045135
1987-05-14,27.94,28.63,22.6643296
1987-05-15,24.5,47.19,21.59545
1987-05-16,20.34,62.56,19.1374272
1987-05-17,21.77,53.63,19.91589555
1987-05-18,22.87,34.31,19.84596085
1987-05-19,20.61,28.82,18.2179961
1987-05-20,18.64,32.2,17.096194
1987-05-21,16.71,36.7,15.9405885
1987-05-22,19.68,29.07,17.6592043
1987-05-23,21.24,20.14,18.2795898
1987-05-24,20.7,21.28,18.015648
1987-05-25,17.93,24.83,16.51191795
1987-05-26,16.96,30.23,16.0160119
1987-05-27,18.37,35.15,16.98966775
1987-05-28,20.89,30.03,18.43090435
1987-05-29,21.85,25.64,18.843997
1987-05-30,23.3,22.42,19.545128000000002
1987-05-31,25.07,19.16,20.3703666
1987-06-01,26.09,19.13,20.93494185
1987-06-02,27.23,11.62,21.0420743
1987-06-03,29.43,10.73,22.09959395
1987-06-04,30.96,9.89,22.8023417
1987-06-05,28.71,19.43,22.41305165
1987-06-06,24.57,49.96,21.7985346
1987-06-07,23.96,45.82,21.1410146
1987-06-08,26.29,30.17,21.76187365
1987-06-09,25.92,28.87,21.452324700000002
1987-06-10,28.03,20.74,22.1318671
1987-06-11,27.68,17.93,21.7307457
1987-06-12,29.53,15.98,22.5844867
1987-06-13,32.46,16.13,24.1753214
1987-06-14,31.24,13.59,23.2842313
1987-06-15,25.84,16.86,20.6545582
1987-06-16,24.76,15.8,20.008594000000002
1987-06-17,25.52,14.7,20.349967
1987-06-18,26.55,14.91,20.91066025
1987-06-19,27.65,12.16,21.296971999999997
1987-06-20,27.12,15.35,21.2444435
1987-06-21,28.01,12.47,21.50608335
1987-06-22,27.7,14.51,21.493426
1987-06-23,28.87,9.4,21.709429
1987-06-24,30.96,12.77,23.0630681
1987-06-25,32.41,12.46,23.7868723
1987-06-26,32.98,12.3,24.066171999999998
1987-06-27,33.09,17.73,24.67830385
1987-06-28,31.46,25.87,24.5451536
1987-06-29,30.87,24.91,24.10927185
1987-06-30,31.53,14.23,23.496352950000002
1987-07-01,29.52,13.74,22.3940614
1987-07-02,28.5,15.67,22.00659
1987-07-03,27.81,10.31,21.24424355
1987-07-04,27.39,12.93,21.21717235
1987-07-05,28.06,11.29,21.4440082
1987-07-06,28.92,13.24,22.0390644
1987-07-07,30.62,11.75,22.795755
1987-07-08,31.37,12.42,23.243889699999997
1987-07-09,29,19.58,22.586505
1987-07-10,29.67,20.4,23.028574
1987-07-11,28.45,25.3,22.718642499999998
1987-07-12,30.29,20.42,23.3788749
1987-07-13,32.36,14.35,23.9466005
1987-07-14,34.52,11.94,24.823713400000003
1987-07-15,34.29,13.64,24.8901458
1987-07-16,31.31,26.88,24.549690399999996
1987-07-17,26.1,20.6,21.034280000000003
1987-07-18,20.99,20.03,18.135470849999997
1987-07-19,22.45,13.53,18.66909925
1987-07-20,23.39,22.56,19.6035712
1987-07-21,22.95,36.66,20.0062735
1987-07-22,22.24,22.16,18.9263512
1987-07-23,25.2,20.17,20.502004499999998
1987-07-24,26.99,18.13,21.36594035
1987-07-25,28.78,15.25,22.123735
1987-07-26,30.25,13.44,22.751739999999998
1987-07-27,30.2,28.09,23.990571499999998
1987-07-28,30.96,31.59,24.766842699999998
1987-07-29,29.71,19.41,22.96824355
1987-07-30,30.43,14.69,22.95556435
1987-07-31,30.09,9.13,22.29835185
1987-08-01,31.41,10.41,23.07768205
1987-08-02,32.56,13.08,23.9262364
1987-08-03,32.76,32.3,25.960888999999998
1987-08-04,34.39,21.64,25.817807799999997
1987-08-05,34.99,21.87,26.18513965
1987-08-06,33.75,28.28,26.156644999999997
1987-08-07,32.34,29.2,25.393104
1987-08-08,32.1,22.06,24.555408
1987-08-09,32.43,20.71,24.610816649999997
1987-08-10,32.16,13.15,23.724259499999995
1987-08-11,32.15,16.84,24.077242999999996
1987-08-12,30.35,22.11,23.55993925
1987-08-13,28.64,25.25,22.8266925
1987-08-14,26.9,21.24,21.528568
1987-08-15,24.44,16.95,19.8996565
1987-08-16,26.99,12.72,20.9943004
1987-08-17,29.02,10.01,21.8333986
1987-08-18,30.09,10.48,22.4141076
1987-08-19,31.2,13.11,23.219153499999997
1987-08-20,29.96,14.84,22.7188452
1987-08-21,29.22,17.8,22.565088
1987-08-22,29.33,14.36,22.344773399999998
1987-08-23,28.84,20.41,22.5627367
1987-08-24,26.66,9.4,20.600672
1987-08-25,28.28,7.75,21.2883725
1987-08-26,27.97,12.24,21.468300399999997
1987-08-27,29.5,13.53,22.366225
1987-08-28,30.12,13.58,22.6956578
1987-08-29,30.23,16.07,22.968796049999998
1987-08-30,31.24,17.74,23.6663218
1987-08-31,32.53,15.91,24.191215149999998
1987-09-01,32.2,16.52,24.073222
1987-09-02,30.59,19.85,23.49712575
1987-09-03,28.8,32.14,23.462811
1987-09-04,29.09,19.55,22.63428975
1987-09-05,27.03,15.13,21.181183949999998
1987-09-06,26.09,13.63,20.58434435
1987-09-07,26.25,12.6,20.601775
1987-09-08,28.01,12,21.47116
1987-09-09,27.92,11.03,21.3531243
1987-09-10,27.25,12.12,21.087415
1987-09-11,26.84,12.39,20.8939093
1987-09-12,24.52,18.34,20.019717399999998
1987-09-13,21.77,23.18,18.6983523
1987-09-14,22.8,28.55,19.5383075
1987-09-15,25.04,22.2,20.529933999999997
1987-09-16,24.76,13.38,19.8720334
1987-09-17,24.78,13.42,19.8847668
1987-09-18,26.37,10.56,20.5309096
1987-09-19,26.57,10.44,20.6245594
1987-09-20,27.11,9.74,20.8500177
1987-09-21,27.71,8.28,21.0460834
1987-09-22,27.41,10.6,21.062153
1987-09-23,26.27,23.91,21.34431385
1987-09-24,24.75,37.44,21.22318
1987-09-25,24.78,38.24,21.2880896
1987-09-26,24.17,29.08,20.3981198
1987-09-27,24.22,18.59,19.867821399999997
1987-09-28,26.28,14.82,20.761187800000002
1987-09-29,24.84,12.78,19.8797986
1987-09-30,25.29,10.82,19.9976129
1987-10-01,26.5,10.54,20.59564
1987-10-02,26.41,10.45,20.54402725
1987-10-03,27.05,13.28,21.064152
1987-10-04,27.04,13.12,21.0478864
1987-10-05,27.09,10.95,20.92373275
1987-10-06,26.83,10.51,20.76123565
1987-10-07,26.59,11.66,20.7158317
1987-10-08,23.62,20.45,19.629772
1987-10-09,23.63,16,19.411939999999998
1987-10-10,23.06,20.08,19.297366399999998
1987-10-11,23.21,19.81,19.36849805
1987-10-12,20.6,34.02,18.386371
1987-10-13,18.32,39.68,17.0526768
1987-10-14,18.32,30.91,16.8684191
1987-10-15,19.74,17.88,17.373301599999998
1987-10-16,19.2,18.13,17.0836605
1987-10-17,20.14,18.77,17.6202454
1987-10-18,20.03,18.51,17.55148165
1987-10-19,19.62,15.83,17.2497728
1987-10-20,19.58,15.51,17.2193494
1987-10-21,21.2,18.61,18.2007785
1987-10-22,18.17,66.86,17.501069100000002
1987-10-23,16.98,64.25,16.49237
1987-10-24,16.83,51.36,16.206678399999998
1987-10-25,15.93,57.14,15.5929061
1987-10-26,17.66,41.54,16.6439652
1987-10-27,18.54,32.76,17.045927199999998
1987-10-28,19.66,51.99,18.2974762
1987-10-29,16.39,57.17,15.94478215
1987-10-30,15.49,52.73,15.232614850000001
1987-10-31,14.17,64.28,14.2348318
1987-11-01,14.07,74.48,14.130354800000001
1987-11-02,14.08,68.51,14.1527419
1987-11-03,11.69,63,12.261835
1987-11-04,14.85,51.49,14.756618249999999
1987-11-05,13.39,64.94,13.6040413
1987-11-06,10.33,78.61,10.82057965
1987-11-07,12.26,57.79,12.7800272
1987-11-08,13.69,46.38,13.9288771
1987-11-09,13.59,44.76,13.8664762
1987-11-10,13.75,45.08,13.976545
1987-11-11,13.69,39.55,13.95930475
1987-11-12,13.44,37.57,13.803966899999999
1987-11-13,12.76,44.99,13.2864457
1987-11-14,11.03,51.01,11.96497415
1987-11-15,6.09,37.24,8.9929638
1987-11-16,9.52,30.78,11.4159358
1987-11-17,9.92,47.03,11.2543143
1987-11-18,9.21,49.38,10.6827889
1987-11-19,7.93,31.59,10.40199535
1987-11-20,9.13,29.44,11.213989600000001
1987-11-21,8.77,46.45,10.457628249999999
1987-11-22,9.65,42.7,11.1784775
1987-11-23,9.61,44.1,11.1134305
1987-11-24,7.15,40.83,9.54194725
1987-11-25,6.93,40.13,9.42268745
1987-11-26,4.71,42.74,7.7931647
1987-11-27,4.84,44.73,7.7764951
1987-11-28,5.6,44.1,8.336305
1987-11-29,5.54,47.86,8.109459200000002
1987-11-30,6.46,39.76,9.1238128
1987-12-01,6.63,44.87,9.01630205
1987-12-02,6.74,49.22,8.9072904
1987-12-03,8.01,63.41,9.31608005
1987-12-04,9.42,56.34,10.6398604
1987-12-05,8.93,78.17,9.59876205
1987-12-06,6.83,72.52,7.989243800000001
1987-12-07,8.14,70.14,9.1845028
1987-12-08,6.01,38.01,8.90462305
1987-12-09,6.79,42.71,9.219382450000001
1987-12-10,9.99,50.99,11.20569305
1987-12-11,10.79,57.2,11.663333999999999
1987-12-12,3.16,39.72,6.919663600000001
1987-12-13,0.91,31.68,6.016578400000001
1987-12-14,-1.44,35.08,4.251536400000001
1987-12-15,0.26,30.14,5.731435200000001
1987-12-16,0.85,62.88,3.636784000000001
1987-12-17,2.3,79.07,3.7044030000000014
1987-12-18,3.42,69.14,5.300608400000001
1987-12-19,4.23,67.01,6.093440150000001
1987-12-20,2.79,60.18,5.354607100000001
1987-12-21,4.63,41.58,7.801329700000001
1987-12-22,4.5,50.41,7.227450000000001
1987-12-23,1.84,54.34,5.019305800000001
1987-12-24,-1.8,43.81,3.2374335000000007
1987-12-25,-2.16,33.93,3.8939941000000013
1987-12-26,-1.82,42.14,3.373513600000001
1987-12-27,0.72,38.07,5.4136747000000005
1987-12-28,1.04,45.41,5.081297700000001
1987-12-29,1.34,56.22,4.5087964000000005
1987-12-30,1.15,76.43,2.8806272500000007
1987-12-31,1.31,43.24,5.427654199999999
1988-01-01,0.61,43.18,4.950763900000001
1988-01-02,1.33,43.77,5.40302005
1988-01-03,3.46,40.05,7.100164
1988-01-04,3.13,66.6,5.218669000000001
1988-01-05,2.27,88.46,3.046238100000001
1988-01-06,3.03,77.04,4.4784316
1988-01-07,5.14,54.2,7.497784
1988-01-08,5.56,52.76,7.8827908
1988-01-09,6.58,51.09,8.710519600000001
1988-01-10,7.81,60.37,9.26818585
1988-01-11,7.89,57.31,9.44199495
1988-01-12,2.54,42.39,6.329585800000001
1988-01-13,4.32,32.98,8.072449800000001
1988-01-14,7.46,34.22,10.0070016
1988-01-15,7.14,44.77,9.3757104000000009
1988-01-16,5.42,49.51,7.941470600000001
1988-01-17,3.08,87.02,3.8952738000000013
1988-01-18,2.63,70.55,4.552643250000001
1988-01-19,-0.93,46.44,3.615369400000001
1988-01-20,-0.51,38.83,4.539889350000001
1988-01-21,3.23,39.28,6.993729200000001
1988-01-22,1.77,49.58,5.300156300000001
1988-01-23,5.61,43.7,8.3627885
1988-01-24,5.46,57.89,7.5537092
1988-01-25,5.64,36.11,8.7533597
1988-01-26,7.6,38.14,9.947587
1988-01-27,8.09,44.32,10.0529984
1988-01-28,9.23,42.37,10.90040555
1988-01-29,10.1,49.64,11.318712
1988-01-30,7.9,57.97,9.425689
1988-01-31,6.67,53.55,8.67036925
1988-02-01,5.47,50.05,7.9507667500000005
1988-02-02,4.99,65.08,6.816490600000001
1988-02-03,5.19,49.44,7.7789248
1988-02-04,4.33,37.55,7.82314075
1988-02-05,5.48,36.36,8.637180400000002
1988-02-06,6.77,32.59,9.63593615
1988-02-07,8.76,29.51,10.9853693
1988-02-08,11.68,31.13,12.7481737
1988-02-09,11.75,44.34,12.5918575
1988-02-10,11.39,42.85,12.367550750000001
1988-02-11,9.56,48.75,10.952462500000001
1988-02-12,10.02,42.65,11.433104
1988-02-13,11.85,33.32,12.821861
1988-02-14,7.95,36.56,10.235426
1988-02-15,10.45,32.78,11.9473255
1988-02-16,9.54,42.7,11.103144
1988-02-17,5.15,33.01,8.594960750000002
1988-02-18,6.93,28.13,9.92230745
1988-02-19,6.03,35.34,9.0421861
1988-02-20,8.97,38.09,10.852992650000001
1988-02-21,10.77,36.46,12.0735231
1988-02-22,12.47,28.37,13.26974895
1988-02-23,12.08,28.84,13.0271396
1988-02-24,12.77,28.49,13.45041765
1988-02-25,13.46,32.1,13.848388
1988-02-26,14.27,30.97,14.35732295
1988-02-27,14.69,52.85,14.64072825
1988-02-28,13.6,65.41,13.7712205
1988-02-29,12.99,56.29,13.35301155
1988-03-01,9.62,72.81,10.3497796
1988-03-02,10.7,58.03,11.577173
1988-03-03,11.29,44.49,12.27002905
1988-03-04,14.38,38.19,14.4207946
1988-03-05,15.3,39.78,15.035032000000001
1988-03-06,13.66,48.45,13.898161
1988-03-07,12.79,39.16,13.3622002
1988-03-08,10.28,27.74,11.957154599999999
1988-03-09,13.73,21.91,14.06071115
1988-03-10,6.3,30.26,9.445274000000001
1988-03-11,4.3,34.88,7.953232
1988-03-12,5.13,34.55,8.502965750000001
1988-03-13,7.08,28.03,10.0170957
1988-03-14,9.66,25.46,11.6442548
1988-03-15,12.33,24.84,13.2270346
1988-03-16,8.49,31.53,10.753275850000001
1988-03-17,9,33.63,11.007692500000001
1988-03-18,12.09,25.88,13.0724606
1988-03-19,14.78,23.46,14.6621284
1988-03-20,16.44,21.85,15.606139500000001
1988-03-21,16.38,24.59,15.600260599999999
1988-03-22,15.99,34.8,15.455686
1988-03-23,17.74,29.39,16.4817298
1988-03-24,16.29,29.22,15.593170899999999
1988-03-25,17.58,30.72,16.4063968
1988-03-26,19.49,29.17,17.546070649999997
1988-03-27,18.93,25.81,17.12236065
1988-03-28,10.22,22.04,12.0551784
1988-03-29,9.12,24.84,11.3439844
1988-03-30,10.63,28.22,12.1578373
1988-03-31,8.65,27.93,10.968852250000001
1988-04-01,10.79,25.41,12.31200895
1988-04-02,16.04,20.58,15.3673126
1988-04-03,17.23,25.21,16.10702815
1988-04-04,17.18,30.49,16.1554226
1988-04-05,18.71,24.74,16.9673547
1988-04-06,21.51,17.74,18.3384657
1988-04-07,22.96,17.36,19.1147608
1988-04-08,17.77,22.69,16.37957965
1988-04-09,14.7,18.44,14.610284
1988-04-10,16.09,18.41,15.37649545
1988-04-11,20.58,13.19,17.6770736
1988-04-12,21.87,12.72,18.3321052
1988-04-13,20.13,32.49,18.03955285
1988-04-14,15.68,58.25,15.4090425
1988-04-15,9.77,76.12,10.3912382
1988-04-16,12.47,61.67,12.89795445
1988-04-17,17.24,45.45,16.417931499999998
1988-04-18,16.65,40.89,15.95102425
1988-04-19,14.8,48.18,14.714497
1988-04-20,13.61,56.72,13.8218556
1988-04-21,10.5,49.74,11.60572
1988-04-22,11.32,48.96,12.212689600000001
1988-04-23,10.42,56.15,11.403994
1988-04-24,13.1,42.35,13.543905
1988-04-25,16.02,31.04,15.443494399999999
1988-04-26,18.07,28.21,16.66040335
1988-04-27,20.1,27.12,17.855296
1988-04-28,19.4,31.18,17.545301
1988-04-29,18.35,36.07,16.99628225
1988-04-30,17.45,32.59,16.35627275
1988-05-01,11.24,23.06,12.6195342
1988-05-02,11.67,26.62,12.8121597
1988-05-03,16.98,26.35,15.975414
1988-05-04,16.42,32.93,15.711740800000001
1988-05-05,13.89,40.55,14.08945475
1988-05-06,10.59,37.67,11.93040665
1988-05-07,12.16,35.71,12.9874123
1988-05-08,14.77,34.87,14.67328195
1988-05-09,17.38,30.91,16.2856144
1988-05-10,22.18,24.62,18.9959488
1988-05-11,25.05,24.21,20.65228525
1988-05-12,27.82,19.34,21.9108484
1988-05-13,24.8,27.94,20.717801
1988-05-14,24.32,18.55,19.9208855
1988-05-15,26.36,18.41,21.037884299999998
1988-05-16,24.77,22.24,20.3777264
1988-05-17,23.35,25.73,19.73490775
1988-05-18,20.97,25.59,18.32212015
1988-05-19,21.2,20.82,18.282217
1988-05-20,22.32,16.23,18.7170523
1988-05-21,26.15,11.79,20.49794425
1988-05-22,27.09,13.7,21.1141565
1988-05-23,27.29,16.67,21.428151149999998
1988-05-24,26.58,17.51,21.0993644
1988-05-25,26.43,18.88,21.107311199999998
1988-05-26,24.43,17.71,19.93573165
1988-05-27,24.66,16.04,19.9683152
1988-05-28,25.39,17.43,20.44446985
1988-05-29,19.26,26.47,17.334984600000002
1988-05-30,14.84,21.63,14.6934481
1988-05-31,18.55,18.25,16.72901875
1988-06-01,23.11,18.06,19.229731299999997
1988-06-02,26.84,19.7,21.390039
1988-06-03,29.01,15.92,22.2999956
1988-06-04,26.65,20.25,21.32070625
1988-06-05,21.54,14.48,18.2286656
1988-06-06,17.08,20.53,15.9523207
1988-06-07,17.05,21.68,15.951562000000001
1988-06-08,18.57,18.03,16.73510155
1988-06-09,22.92,10.15,18.7590465
1988-06-10,24.71,11.8,19.757129
1988-06-11,23.97,22.47,19.93184995
1988-06-12,24.99,20.32,20.3928624
1988-06-13,27.14,20.21,21.5929992
1988-06-14,29.38,16.33,22.5324472
1988-06-15,30.35,14.03,22.855565249999998
1988-06-16,28.9,15.83,22.233736
1988-06-17,28,12.31,21.4890175
1988-06-18,27.57,16.33,21.55538205
1988-06-19,31.13,23.79,24.15945235
1988-06-20,31.72,25.29,24.6442159
1988-06-21,30.06,18.56,23.0903648
1988-06-22,29.87,32.85,24.19347475
1988-06-23,31.03,30.09,24.67413235
1988-06-24,32.83,23.32,25.099505799999996
1988-06-25,29.94,16.68,22.8644656
1988-06-26,29.21,20.57,22.78371585
1988-06-27,32.42,17.65,24.303584
1988-06-28,32.63,14.39,24.09339885
1988-06-29,30.9,15.43,23.271786
1988-06-30,31.26,11.29,23.0827122
1988-07-01,31.45,10.13,23.07186925
1988-07-02,31.52,11.63,23.2476843
1988-07-03,32.01,13.48,23.6776914
1988-07-04,30.02,16.02,22.8514672
1988-07-05,28.31,15.87,21.91990585
1988-07-06,28.74,19.45,22.431323999999996
1988-07-07,30.24,15.84,22.954268799999998
1988-07-08,30.82,12.56,22.971385599999998
1988-07-09,32.54,9.15,23.525863
1988-07-10,32.99,10.58,23.896433100000003
1988-07-11,31.61,13.21,23.44262705
1988-07-12,29.71,13.09,22.43954395
1988-07-13,30.04,15.06,22.780178199999998
1988-07-14,30.7,14.12,23.048091999999997
1988-07-15,31.38,15.16,23.5034544
1988-07-16,32.74,10.92,23.803494399999998
1988-07-17,34.21,8.13,24.25083265
1988-07-18,35.58,9.02,25.031778799999998
1988-07-19,34.5,7.24,24.2964
1988-07-20,34.88,9.46,24.7313714
1988-07-21,34.23,19.27,25.469584049999998
1988-07-22,34.73,26.23,26.521980949999996
1988-07-23,34.12,25.77,26.1098407
1988-07-24,33.66,25.53,25.812351399999997
1988-07-25,33.86,23.99,25.766455199999996
1988-07-26,34.56,21.11,25.856066300000002
1988-07-27,33.66,19.66,25.193770799999996
1988-07-28,34.3,19.64,25.548795999999996
1988-07-29,35.28,15.45,25.6167805
1988-07-30,34.22,17.2,25.239511999999998
1988-07-31,32.58,31.09,25.727589599999998
1988-08-01,32.51,30.38,25.613790899999998
1988-08-02,33.41,25.21,25.631466049999997
1988-08-03,32.14,21.05,24.480271000000002
1988-08-04,32.49,19.35,24.510085750000002
1988-08-05,30.12,32.97,24.3614527
1988-08-06,29.4,20.63,22.895628499999997
1988-08-07,26.88,14.76,21.0760084
1988-08-08,28.88,12.71,21.976233899999997
1988-08-09,30.94,11.01,22.8935242
1988-08-10,30.57,14.47,23.01043095
1988-08-11,29.03,9.69,21.81287635
1988-08-12,26.88,14.8,21.078732
1988-08-13,26.45,17.92,21.055291999999998
1988-08-14,27.3,12.1,21.11184
1988-08-15,26.45,13.34,20.754271499999998
1988-08-16,27.52,11.33,21.1703413
1988-08-17,29.7,8.21,22.026356
1988-08-18,31.52,9.06,23.0071066
1988-08-19,32.85,12.87,24.05640475
1988-08-20,31.8,21.09,24.2917135
1988-08-21,30.29,35.74,24.7093403
1988-08-22,30.13,29.66,24.083221899999998
1988-08-23,31.87,29.8,25.163443
1988-08-24,29.69,47.82,25.3306219
1988-08-25,29.3,48.37,25.097318
1988-08-26,29.81,56.52,26.1487666
1988-08-27,27.04,68.31,24.854340699999998
1988-08-28,27.87,55.75,24.61607625
1988-08-29,30.06,43.04,25.185363199999998
1988-08-30,29.29,46.67,24.95187115
1988-08-31,29.52,40.67,24.618748699999998
1988-09-01,30.48,32.43,24.5412727
1988-09-02,31.68,25.74,24.6631726
1988-09-03,31.38,23.96,24.320446399999998
1988-09-04,30.51,23.48,23.7720314
1988-09-05,29.76,29.57,23.8488101
1988-09-06,29.25,26.93,23.322196249999998
1988-09-07,30.14,21.66,23.4011932
1988-09-08,29.68,21.75,23.146907499999998
1988-09-09,29.03,23.83,22.942874449999998
1988-09-10,27.3,20.63,21.712352
1988-09-11,24.66,14.28,19.8699664
1988-09-12,19.43,15.77,17.14610355
1988-09-13,19.93,18.28,17.4894322
1988-09-14,23.12,16.83,19.1769103
1988-09-15,24.74,14.59,19.9297088
1988-09-16,25.67,15.11,20.45478285
1988-09-17,24.26,15.42,19.7197456
1988-09-18,22.82,12.82,18.8306432
1988-09-19,22.18,8.8,18.327712
1988-09-20,21.77,21.87,18.64597195
1988-09-21,17.02,35.59,16.1272774
1988-09-22,18.32,41.36,17.0879736
1988-09-23,21.8,29.11,18.9537665
1988-09-24,21.99,22.84,18.811393799999998
1988-09-25,21.78,28.68,18.9243472
1988-09-26,23.72,20.25,19.6758775
1988-09-27,23.4,16.49,19.3121855
1988-09-28,21.07,17.92,18.1040392
1988-09-29,23.29,17.57,19.30492165
1988-09-30,25.28,17.83,20.4081407
1988-10-01,26.6,15.64,20.985841999999998
1988-10-02,25.92,14.4,20.543464
1988-10-03,25.69,16.08,20.5251436
1988-10-04,25.8,14.51,20.4867965
1988-10-05,24.57,16.86,19.965291099999998
1988-10-06,21.07,23.83,18.31759705
1988-10-07,21.5,27.61,18.712985
1988-10-08,23.57,18.19,19.48890815
1988-10-09,23.32,16.36,19.262623599999998
1988-10-10,23.17,17.79,19.24981615
1988-10-11,22.71,27.82,19.4507121
1988-10-12,21.21,35.85,18.84254425
1988-10-13,20.24,22.6,17.796481999999997
1988-10-14,19.21,29.31,17.37877555
1988-10-15,19.78,23.44,17.5566976
1988-10-16,21.43,22.7,18.4837105
1988-10-17,23.62,19.83,19.5986728
1988-10-18,23.99,17.74,19.696439299999998
1988-10-19,24.13,20.6,19.924578999999998
1988-10-20,22.37,19.16,18.8708406
1988-10-21,22.68,15.42,18.8747458
1988-10-22,23.45,13.43,19.18859175
1988-10-23,22.71,13.52,18.804995599999998
1988-10-24,22.42,12.88,18.6250528
1988-10-25,21.78,13.61,18.320944400000002
1988-10-26,22.36,13.23,18.6089329
1988-10-27,21.34,16.01,18.1802962
1988-10-28,18.45,27.89,16.88341025
1988-10-29,18.83,30.25,17.16890375
1988-10-30,19.66,47.87,18.1805506
1988-10-31,20.4,31.24,18.168737999999998
1988-11-01,21.33,28.68,18.650864199999997
1988-11-02,17.02,31.28,16.0675408
1988-11-03,18.5,30.18,16.96396
1988-11-04,19.36,35.22,17.628430599999998
1988-11-05,17.87,23.8,16.457633
1988-11-06,18.65,22.62,16.8838015
1988-11-07,16.47,31.04,15.7228184
1988-11-08,13.96,35.68,14.1510304
1988-11-09,12.45,30,13.23925
1988-11-10,12.24,36.84,13.0250788
1988-11-11,12.17,43.77,12.89058745
1988-11-12,13.42,30.3,13.834018
1988-11-13,12.39,53.32,12.9317214
1988-11-14,11.77,59.78,12.3739033
1988-11-15,7.34,33.17,9.9717654
1988-11-16,8.57,30.88,10.824348800000001
1988-11-17,9.15,33.49,11.10705675
1988-11-18,7.04,35.55,9.684383500000001
1988-11-19,4.99,32.9,8.4996655
1988-11-20,7.03,24.7,10.1237005
1988-11-21,8.5,22.49,11.05783
1988-11-22,9.95,20.8,11.93198
1988-11-23,10.76,42.57,11.9413351
1988-11-24,8.02,37.31,10.2542716
1988-11-25,6.36,41.72,8.9691956
1988-11-26,6.37,55.43,8.362947550000001
1988-11-27,5.35,38.85,8.427373750000001
1988-11-28,8.65,25.97,11.03191525
1988-11-29,6.8,33.08,9.634062
1988-11-30,7.92,34.36,10.295511600000001
1988-12-01,7.77,28.29,10.42434565
1988-12-02,9.24,29.23,11.2873761
1988-12-03,9.87,25.98,11.7549193
1988-12-04,9.1,28.23,11.231569
1988-12-05,9.33,27.97,11.378173050000001
1988-12-06,10.69,23.56,12.2918002
1988-12-07,9.18,46.43,10.7474582
1988-12-08,7.01,36.58,9.6225869
1988-12-09,6.14,28.9,9.409178
1988-12-10,8.89,32.98,10.957902100000002
1988-12-11,9.25,36.28,11.089915
1988-12-12,10.65,25.6,12.22542
1988-12-13,13.37,22.89,13.84923865
1988-12-14,12.29,27.77,13.16795565
1988-12-15,5.64,31.45,8.9804415
1988-12-16,5.49,48.33,8.050506850000001
1988-12-17,6.85,52.63,8.84309275
1988-12-18,6.43,55.3,8.4140095
1988-12-19,4.39,47.72,7.2970294000000004
1988-12-20,4.59,58.24,6.8661288
1988-12-21,6.62,62.39,8.2500174
1988-12-22,3.24,39.09,7.0121563
1988-12-23,3.84,42.86,7.190118200000001
1988-12-24,3.78,43.34,7.120673600000001
1988-12-25,3.82,62.3,6.034498000000001
1988-12-26,0.66,38.93,5.308648400000001
1988-12-27,-2.03,36.16,3.774013600000002
1988-12-28,-0.65,43.9,4.024532500000001
1988-12-29,-0.61,43.07,4.12116765
1988-12-30,2.04,32.37,6.674683900000002
1988-12-31,0.08,51.38,3.9360522000000007
1989-01-01,2.52,59.94,5.159553400000001
1989-01-02,2.51,49.37,5.848795350000001
1989-01-03,4.76,38.51,8.0540193
1989-01-04,6.45,57.16,8.346741000000002
1989-01-05,5.01,83.45,5.873827250000001
1989-01-06,3.18,55.42,5.955550800000001
1989-01-07,0.46,35.6,5.432968000000001
1989-01-08,1.15,37.11,5.7676982500000005
1989-01-09,3.08,32.28,7.3334932
1989-01-10,4.73,54.94,7.151299100000001
1989-01-11,2,45.5,5.746875000000001
1989-01-12,-0.04,42.03,4.595860900000001
1989-01-13,0.75,39.26,5.343462500000001
1989-01-14,1.86,32.95,6.5213160000000014
1989-01-15,2.27,41.85,6.18145975
1989-01-16,3.88,30.7,7.9278130000000004
1989-01-17,6.62,33.53,9.5008098
1989-01-18,7.65,34.6,10.113945000000001
1989-01-19,8.2,42.62,10.188217
1989-01-20,8.15,40.78,10.218258500000001
1989-01-21,9.19,36,11.05912
1989-01-22,8.77,38.62,10.7043907
1989-01-23,6.17,55.87,8.19181595
1989-01-24,6.31,57.11,8.24198005
1989-01-25,2.97,29.46,7.443294100000001
1989-01-26,2.84,27.78,7.471468600000001
1989-01-27,4.18,25.58,8.404079200000002
1989-01-28,5.47,30.8,8.906818000000001
1989-01-29,6.57,29.88,9.6282838
1989-01-30,9.56,37.91,11.2469853
1989-01-31,10.95,39.93,12.12286675
1989-02-01,9.17,43.91,10.81427835
1989-02-02,6.79,58.96,8.5303012
1989-02-03,6.57,45.08,8.965335800000002
1989-02-04,6.51,56.47,8.42292585
1989-02-05,0.04,30.11,5.598351700000001
1989-02-06,-3.84,22.9,3.9370770000000004
1989-02-07,-3.69,27.81,3.5322485500000025
1989-02-08,-1.51,40.97,3.687886650000002
1989-02-09,1.48,72.52,3.4478428000000014
1989-02-10,4.82,76.98,6.0455848
1989-02-11,5.57,60.98,7.486467300000001
1989-02-12,4.47,48.99,7.28396665
1989-02-13,3.6,40.88,7.1442440000000005
1989-02-14,3.85,37.08,7.535539
1989-02-15,6.29,27.15,9.57954175
1989-02-16,6.29,28.24,9.5303228
1989-02-17,8.4,29.27,10.7729915
1989-02-18,11.17,29.24,12.4659694
1989-02-19,11.28,39.6,12.349684
1989-02-20,9.7,39,11.3104
1989-02-21,9.41,33.5,11.2716675
1989-02-22,12.99,28.31,13.58538545
1989-02-23,15.34,30.64,15.0195568
1989-02-24,15.25,36.92,14.989795
1989-02-25,16.42,35.46,15.7384576
1989-02-26,16.98,28.73,16.0078772
1989-02-27,15.64,28.13,15.1893751
1989-02-28,13.91,17.86,14.1765443
1989-03-01,13.32,19.49,13.8425099
1989-03-02,13.68,39.07,13.9547943
1989-03-03,7.79,32.41,10.284408950000001
1989-03-04,3.62,20.58,8.3724928
1989-03-05,9.09,15.15,11.61471175
1989-03-06,14.42,24.83,14.4530748
1989-03-07,17.06,31.68,16.0980544
1989-03-08,17.75,49.44,16.84624
1989-03-09,18.29,36.19,16.959880549999998
1989-03-10,18.82,31.41,17.1903016
1989-03-11,18.48,26.32,16.8671448
1989-03-12,17.83,33.25,16.607473749999997
1989-03-13,15.71,27.57,15.22797835
1989-03-14,13.39,22.17,13.86515215
1989-03-15,15.29,17.66,14.9322327
1989-03-16,14.49,32.53,14.49371085
1989-03-17,11.85,28.83,12.88730275
1989-03-18,14.11,20.16,14.2812568
1989-03-19,17.27,33.68,16.2596148
1989-03-20,14.19,23.9,14.3197505
1989-03-21,14.39,14.93,14.44146735
1989-03-22,15.74,14.06,15.1538892
1989-03-23,16.29,28.28,15.5839166
1989-03-24,16.02,33.61,15.4649796
1989-03-25,12.07,61.39,12.58602265
1989-03-26,10.01,54.13,11.14275965
1989-03-27,13.46,31.11,13.854050800000001
1989-03-28,17.14,23.55,16.029946
1989-03-29,17.41,32.58,16.3309429
1989-03-30,17.05,15.5,15.8648875
1989-03-31,19.61,18.74,17.3261877
1989-04-01,18.73,31.94,17.1465841
1989-04-02,19.08,26.44,17.2270236
1989-04-03,19.31,28.6,17.421113
1989-04-04,19.83,20.59,17.50209585
1989-04-05,20.97,19.13,18.09224105
1989-04-06,24.34,13.46,19.6564552
1989-04-07,26.37,11.55,20.59554175
1989-04-08,25.46,13.9,20.269892
1989-04-09,24.36,13.04,19.644159199999997
1989-04-10,23.68,14.02,19.338869799999998
1989-04-11,23.39,17.53,19.35762935
1989-04-12,22.27,12.9,18.5477815
1989-04-13,21.13,13.05,17.95936825
1989-04-14,24,11.38,19.369605
1989-04-15,24.66,17.45,20.047106
1989-04-16,23.74,19.87,19.667793399999997
1989-04-17,24.42,18.72,19.985363200000002
1989-04-18,24.67,18.05,20.086126750000002
1989-04-19,25.82,15.02,20.5291452
1989-04-20,24.41,17.73,19.92587365
1989-04-21,22.93,21.05,19.26948325
1989-04-22,19.17,23.76,17.2117756
1989-04-23,17.78,17.73,16.2958492
1989-04-24,14.42,25.41,14.4528196
1989-04-25,11.02,33.46,12.2935756
1989-04-26,12.71,32.68,13.3727654
1989-04-27,14.59,21.73,14.55125635
1989-04-28,16.3,16.98,15.478102
1989-04-29,17.66,15.03,16.1832214
1989-04-30,20.9,14.47,17.889343999999998
1989-05-01,21.09,20.07,18.19293715
1989-05-02,23.25,18.1,19.3085625
1989-05-03,25.41,16.92,20.4247846
1989-05-04,26.4,20.54,21.199343
1989-05-05,28.48,15.25,21.963572499999998
1989-05-06,28.78,12.9,21.939166
1989-05-07,27.58,14.41,21.422655399999996
1989-05-08,28.22,17.58,22.0005868
1989-05-09,26.34,18.68,21.0444416
1989-05-10,18.99,41.17,17.53719315
1989-05-11,13.69,37.05,13.97044225
1989-05-12,15.3,39.86,15.035384
1989-05-13,17.8,36.83,16.653464500000002
1989-05-14,15.5,40.35,15.171925
1989-05-15,17.89,39.4,16.760113
1989-05-16,19.37,32.12,17.551834200000002
1989-05-17,21.86,23.94,18.7810912
1989-05-18,23.37,25.11,19.71649135
1989-05-19,22.39,16.83,18.78083785
1989-05-20,25.08,13.82,20.0651858
1989-05-21,24.48,13,19.70457
1989-05-22,24.83,14.45,19.96947675
1989-05-23,23.22,14.4,19.114624
1989-05-24,19.81,16.05,17.358240249999998
1989-05-25,21.09,15.4,18.023673
1989-05-26,22.12,16.11,18.6041701
1989-05-27,25.27,11.22,20.0111167
1989-05-28,23.23,17.49,19.26828235
1989-05-29,20.03,16.63,17.494301450000002
1989-05-30,18.38,21.12,16.6967008
1989-05-31,20.14,19.67,17.6481634
1989-06-01,23.4,15.35,19.256382499999997
1989-06-02,25.49,14.11,20.29837895
1989-06-03,25.79,22.77,20.99440315
1989-06-04,23.59,31.27,20.15384365
1989-06-05,21.89,23.95,18.79894775
1989-06-06,24.4,19.9,20.038555
1989-06-07,27.24,20.34,21.6582238
1989-06-08,26.13,28.55,21.559700749999998
1989-06-09,28.48,23.56,22.602528399999997
1989-06-10,26.36,24.36,21.4260028
1989-06-11,28.04,17.2,21.873884
1989-06-12,27.82,24.53,22.2910678
1989-06-13,30.85,15.59,23.25943075
1989-06-14,32.5,14.06,23.99194
1989-06-15,32.25,12.56,23.71367
1989-06-16,30.57,18.83,23.39578955
1989-06-17,30.42,12.14,22.7269784
1989-06-18,31.79,10.17,23.24761615
1989-06-19,31.91,9.62,23.2556631
1989-06-20,30.82,8,22.56208
1989-06-21,27.92,7.41,21.0859321
1989-06-22,26.7,6.95,20.456345
1989-06-23,29.03,9.95,21.833654250000002
1989-06-24,27.94,16.79,21.789116800000002
1989-06-25,26.23,22.22,21.2120233
1989-06-26,28.6,16.78,22.146289
1989-06-27,27.12,18.5,21.463085
1989-06-28,25.82,11.37,20.3018962
1989-06-29,25.11,9.04,19.8020292
1989-06-30,25.73,11.36,20.255150399999998
1989-07-01,26.89,18.53,21.338226849999998
1989-07-02,28.72,10.1,21.688921
1989-07-03,30.09,8.25,22.222896249999998
1989-07-04,31.1,9.66,22.851958
1989-07-05,32.69,6,23.28577
1989-07-06,33.54,4.94,23.5853168
1989-07-07,35.18,5.01,24.375837399999998
1989-07-08,35.98,8.93,25.220990199999996
1989-07-09,34.18,15.05,24.985011999999998
1989-07-10,31.22,8.47,22.8029012
1989-07-11,29.3,16.13,22.472982
1989-07-12,29.73,34.66,24.2567949
1989-07-13,31.21,14.17,23.32179385
1989-07-14,33.27,11.13,24.09550555
1989-07-15,32.59,9.45,23.58072775
1989-07-16,29.02,8.89,21.743955399999997
1989-07-17,29.4,10.78,22.088420999999997
1989-07-18,32,9.77,23.3153625
1989-07-19,35.17,10.22,24.9633607
1989-07-20,36.14,15.95,26.136369
1989-07-21,34.99,20.82,26.066809900000003
1989-07-22,34.13,19.04,25.3891536
1989-07-23,33.15,16.3,24.5644725
1989-07-24,33.05,15,24.377874999999996
1989-07-25,33.46,13.64,24.454379199999998
1989-07-26,33.3,12.52,24.254568
1989-07-27,31.74,14.04,23.589272799999996
1989-07-28,31.75,11.85,23.386768749999998
1989-07-29,30.98,22.24,23.931833599999997
1989-07-30,31.76,12.12,23.4175516
1989-07-31,31.63,12.45,23.381476749999997
1989-08-01,28.9,9.73,21.750615999999997
1989-08-02,28.09,13.69,21.638759049999997
1989-08-03,28.35,12.84,21.710587
1989-08-04,28.29,12.41,21.64673645
1989-08-05,28.65,12.59,21.847316749999997
1989-08-06,31.85,24.21,24.61773925
1989-08-07,33.17,21.25,25.08355625
1989-08-08,30.53,35.17,24.81426305
1989-08-09,29.88,45.29,25.252081099999998
1989-08-10,29.5,44.76,24.9427
1989-08-11,28.21,48.55,24.33041275
1989-08-12,30.27,34.42,24.5819187
1989-08-13,31.31,22.66,24.1595303
1989-08-14,32.72,16.74,24.3765154
1989-08-15,30.94,11.1,22.901662
1989-08-16,29.56,9.1,22.030752999999997
1989-08-17,27.62,13.4,21.370944
1989-08-18,26.5,15.3,20.9098
1989-08-19,27.33,16.07,21.407479549999998
1989-08-20,26.67,15.74,21.030056899999998
1989-08-21,26.16,16.77,20.8224601
1989-08-22,27.38,14.58,21.3288472
1989-08-23,26.58,18.95,21.195037999999997
1989-08-24,24.77,19.31,20.212225349999997
1989-08-25,25.07,12.81,20.00120935
1989-08-26,26.12,12.23,20.510619300000002
1989-08-27,26.46,12.61,20.7114858
1989-08-28,27.75,10.06,21.1956225
1989-08-29,29.24,9.14,21.873979799999997
1989-08-30,25.94,11.5,20.37158
1989-08-31,23.86,15.53,19.5114844
1989-09-01,25.37,10.43,20.01505755
1989-09-02,25.74,7.64,20.030304799999996
1989-09-03,26.52,9.38,20.5291118
1989-09-04,27.92,7.5,21.092575
1989-09-05,28.16,7.35,21.199205499999998
1989-09-06,28.02,8.65,21.227214
1989-09-07,24.63,13.36,19.8028524
1989-09-08,23.76,19.22,19.6458746
1989-09-09,26.05,15.05,20.65355125
1989-09-10,25.89,13.51,20.47183395
1989-09-11,26.11,13.59,20.59228945
1989-09-12,25.21,14,20.14417
1989-09-13,23.97,12.43,19.40891655
1989-09-14,25.63,10.48,20.1500332
1989-09-15,26.51,7.98,20.4316189
1989-09-16,25.39,18.49,20.507958549999998
1989-09-17,23.63,45.4,20.888261
1989-09-18,17.97,34.41,16.71821485
1989-09-19,15.91,42.51,15.46416505
1989-09-20,18.34,37.59,17.0219008
1989-09-21,22.98,23.81,19.4264984
1989-09-22,23.54,20.07,19.565880399999998
1989-09-23,24.82,14.69,19.9778044
1989-09-24,26.74,14.62,20.9922184
1989-09-25,27.76,21.98,22.070001400000002
1989-09-26,27.25,31.87,22.47238375
1989-09-27,26.67,23.11,21.52336785
1989-09-28,26.05,23.62,21.1979605
1989-09-29,25.05,21.23,20.47937075
1989-09-30,23.01,32,19.82726
1989-10-01,20.63,18.51,17.88256465
1989-10-02,19.52,24.34,17.431027399999998
1989-10-03,16.55,31.75,15.780481250000001
1989-10-04,16.99,25.29,15.96684655
1989-10-05,17.66,16.5,16.20877
1989-10-06,19.75,14.66,17.2858075
1989-10-07,19.65,15.8,17.265034999999997
1989-10-08,20.49,12.43,17.60500635
1989-10-09,22.27,9.35,18.39607225
1989-10-10,23.19,9.79,18.87841305
1989-10-11,23.25,11.54,18.9928625
1989-10-12,23.14,13.73,19.0404496
1989-10-13,22.91,15.34,18.9940517
1989-10-14,21.64,19.64,18.4842628
1989-10-15,19.77,24.05,17.56858925
1989-10-16,18.97,20.61,17.01819685
1989-10-17,19.28,14.68,17.0369372
1989-10-18,19.39,12.41,17.03426695
1989-10-19,19.39,13.55,17.06492725
1989-10-20,20.06,24.06,17.737754799999998
1989-10-21,17.09,44.58,16.3005421
1989-10-22,15.43,63.88,15.2452462
1989-10-23,16.45,61.64,16.038588999999998
1989-10-24,16.14,47.03,15.6622106
1989-10-25,13.7,49.85,13.92066
1989-10-26,10.25,31.77,11.84487625
1989-10-27,12.84,18.58,13.5833646
1989-10-28,11.04,29.37,12.3840889
1989-10-29,8.15,25.55,10.75016625
1989-10-30,9.73,20.64,11.8120096
1989-10-31,11.9,11.62,13.163834
1989-11-01,11.16,17.31,12.6790153
1989-11-02,10.72,13.59,12.5164639
1989-11-03,12.51,12.85,13.46385675
1989-11-04,15.08,17.6,14.817144
1989-11-05,14.74,22.46,14.6376472
1989-11-06,13.95,30.42,14.1604795
1989-11-07,13.71,20.83,14.05399365
1989-11-08,12.27,23.75,13.20520625
1989-11-09,14.66,15.12,14.5853056
1989-11-10,16.31,19.48,15.5084234
1989-11-11,18.04,21.76,16.5166672
1989-11-12,17.23,23.69,16.08420535
1989-11-13,15.41,21.41,15.01665705
1989-11-14,13.85,23.87,14.12216475
1989-11-15,9.81,16.61,11.961045050000001
1989-11-16,13.38,11.65,13.924236
1989-11-17,14.15,15.55,14.31256625
1989-11-18,11.95,38.59,12.81127525
1989-11-19,13.46,25.87,13.8840236
1989-11-20,15.38,15.23,14.969713200000001
1989-11-21,16.73,17.4,15.716911
1989-11-22,13.68,18.11,14.0493239
1989-11-23,14.14,20.25,14.297905
1989-11-24,12.87,21.26,13.575904099999999
1989-11-25,12.24,35.65,13.039870500000001
1989-11-26,11.27,46.61,12.21847335
1989-11-27,5.23,34.58,8.565438700000001
1989-11-28,3.68,23.7,8.220613000000002
1989-11-29,4.63,18.72,9.042284800000001
1989-11-30,6.92,17.63,10.3540053
1989-12-01,7.87,17.85,10.865599750000001
1989-12-02,7.04,23.77,10.1677169
1989-12-03,8.21,21.49,10.926053450000001
1989-12-04,10.12,19.05,12.0700855
1989-12-05,12.64,19.35,13.465049500000001
1989-12-06,11.06,41.57,12.1654956
1989-12-07,8.71,30.83,10.91271865
1989-12-08,10.8,20.33,12.4212845
1989-12-09,12.25,16.12,13.288015
1989-12-10,8.03,27.24,10.619164600000001
1989-12-11,2.26,21.9,7.517692
1989-12-12,4.24,14.67,9.055171900000001
1989-12-13,7.04,18.93,10.3663021
1989-12-14,7.41,32.82,10.0296841
1989-12-15,8.51,29.34,10.8378937
1989-12-16,8.24,28.05,10.7172385
1989-12-17,6.8,18.99,10.2307735
1989-12-18,7.3,22.35,10.37494
1989-12-19,6.55,32.08,9.519802
1989-12-20,7.52,27.01,10.3220861
1989-12-21,8.76,23.55,11.1735265
1989-12-22,7.23,34.96,9.830624400000001
1989-12-23,9.53,33.64,11.3439506
1989-12-24,10.25,31.56,11.849785
1989-12-25,8.75,28.57,11.00897375
1989-12-26,9.48,20.29,11.6807931
1989-12-27,10.42,16.4,12.295984
1989-12-28,6.44,40.79,9.0647793
1989-12-29,6.3,46.42,8.716458
1989-12-30,5.37,37.32,8.5174762
1989-12-31,6.86,37.69,9.4782662
1990-01-01,6.73,33.53,9.57059545
1990-01-02,5.06,68.03,6.7198824
1990-01-03,2.59,33.14,6.969664300000001
1990-01-04,3.87,21.62,8.4524867
1990-01-05,5.66,23.51,9.3789438
1990-01-06,6.17,34.33,9.17867105
1990-01-07,7.1,26.12,10.106916
1990-01-08,9.09,33.35,11.07317075
1990-01-09,11.68,44.62,12.5389438
1990-01-10,12.16,36.44,12.9780172
1990-01-11,12.33,33.47,13.12403555
1990-01-12,12.29,36.2,13.065489
1990-01-13,9.4,77.14,10.041223
1990-01-14,8.14,73.1,9.080962000000001
1990-01-15,8,53.3,9.669525
1990-01-16,5.56,60.17,7.5184411
1990-01-17,4.08,75.26,5.4978494
1990-01-18,4.52,61.35,6.641498500000001
1990-01-19,3.44,47.87,6.6110679
1990-01-20,3.66,37.31,7.3975778000000005
1990-01-21,3.85,36.6,7.563655000000001
1990-01-22,5.26,36.03,8.5109554
1990-01-23,7.06,33.21,9.793046799999999
1990-01-24,6.47,42.99,8.98784665
1990-01-25,6.78,28.05,9.834997000000001
1990-01-26,7.06,27.98,10.0070584
1990-01-27,3.53,37.66,7.291283900000001
1990-01-28,4.97,29.58,8.6610643
1990-01-29,7.47,26.63,10.30685105
1990-01-30,5.95,43.04,8.628544000000002
1990-01-31,5.94,50.51,8.269989200000001
1990-02-01,5.61,44.71,8.313404550000001
1990-02-02,3.63,43,7.037745000000001
1990-02-03,4.85,35.31,8.28342175
1990-02-04,2.37,52.29,5.552972650000001
1990-02-05,3.72,47.76,6.817309600000001
1990-02-06,5.23,40.03,8.28757045
1990-02-07,6.96,47.13,9.1525189
1990-02-08,1.95,30.25,6.764493750000001
1990-02-09,6.34,34.54,9.2778448
1990-02-10,8.86,43.73,10.6054954
1990-02-11,10.09,41.53,11.50818985
1990-02-12,12.76,38.87,13.3450141
1990-02-13,9.16,38.81,10.9571503
1990-02-14,1.78,18.63,7.472645200000001
1990-02-15,-1.06,20.94,5.705954800000001
1990-02-16,0.96,33.85,5.8861905000000005
1990-02-17,5.95,65.21,7.585999750000001
1990-02-18,4.31,72.5,5.8512375
1990-02-19,3.79,41.77,7.220038150000001
1990-02-20,5.35,38.41,8.44951675
1990-02-21,9.5,30.17,11.420325
1990-02-22,9.97,42.82,11.3946397
1990-02-23,12.79,30,13.44835
1990-02-24,13.49,25.86,13.9018477
1990-02-25,14.99,23.69,14.78434455
1990-02-26,15.42,24.59,15.0384254
1990-02-27,15.95,25.02,15.3520345
1990-02-28,15.91,27.26,15.3459013
1990-03-01,15.79,25.35,15.26035825
1990-03-02,13.07,35.91,13.57406785
1990-03-03,14.7,43.38,14.637718
1990-03-04,15.08,41,14.89179
1990-03-05,10.49,37.68,11.864467600000001
1990-03-06,9.13,32.3,11.1295195
1990-03-07,10.54,26.21,12.1471462
1990-03-08,13.34,26.19,13.8109078
1990-03-09,14.18,25.07,14.3118768
1990-03-10,14.94,22.97,14.753587399999999
1990-03-11,8.74,39.25,10.66456
1990-03-12,6.56,30.59,9.591134700000001
1990-03-13,5.9,24.82,9.456014
1990-03-14,7.03,21.5,10.2551725
1990-03-15,10.51,39.12,11.8460116
1990-03-16,10.8,20.21,12.4237265
1990-03-17,15.41,16.38,14.9914819
1990-03-18,16.76,21.62,15.7857366
1990-03-19,18.17,21.48,16.5850738
1990-03-20,19.8,20.12,17.471498
1990-03-21,20.02,20.08,17.593628799999998
1990-03-22,21.11,16.67,18.08053785
1990-03-23,19.81,19.55,17.46045775
1990-03-24,18.64,17.91,16.7708107
1990-03-25,18.67,19.12,16.8150172
1990-03-26,16.9,28.81,15.960291999999999
1990-03-27,16.34,25.57,15.5867684
1990-03-28,15.05,25.11,14.823457750000001
1990-03-29,13.35,23.67,13.832787249999999
1990-03-30,14.85,23.39,14.70252575
1990-03-31,16.3,22.12,15.528988
1990-04-01,17.13,23.84,16.028345599999998
1990-04-02,17.68,28.97,16.4376853
1990-04-03,18.68,23.64,16.9244836
1990-04-04,18.44,24.35,16.8006645
1990-04-05,17.71,27.42,16.4286001
1990-04-06,18.62,32.23,17.0843318
1990-04-07,19.27,32.07,17.48785645
1990-04-08,16.99,34.42,16.091881899999997
1990-04-09,17.52,26.45,16.2983345
1990-04-10,19.46,14.67,17.1321976
1990-04-11,22.09,12.67,18.44440915
1990-04-12,22.37,17.61,18.80374885
1990-04-13,23.47,16.69,19.35990115
1990-04-14,24.35,15.56,19.775463000000002
1990-04-15,21.63,16.54,18.3571161
1990-04-16,18.31,28.26,16.806688299999998
1990-04-17,14.06,47.46,14.1871468
1990-04-18,16.3,39.77,15.703723
1990-04-19,19.39,34.41,17.62595695
1990-04-20,20.07,33.73,18.03981855
1990-04-21,19.25,30.56,17.43588
1990-04-22,18.98,20.24,17.0147136
1990-04-23,19.14,28.06,17.3040912
1990-04-24,17.1,29.94,16.098142
1990-04-25,16.91,20.47,15.85582985
1990-04-26,20.48,21.16,17.8869524
1990-04-27,22.31,19.6,18.856417999999998
1990-04-28,24.54,20.63,20.157188599999998
1990-04-29,19.24,17.75,17.0957425
1990-04-30,15.95,18.92,15.303386999999999
1990-05-01,15.39,14.81,14.97299495
1990-05-02,18,15.27,16.3689475
1990-05-03,20.92,22.97,18.2000707
1990-05-04,21.87,19,18.586665
1990-05-05,24.51,14.81,19.81986455
1990-05-06,26.86,11.61,20.8512478
1990-05-07,25.33,14.31,20.22587515
1990-05-08,23.01,13.83,18.97681315
1990-05-09,20.07,9.46,17.2963071
1990-05-10,19.75,20.39,17.45126125
1990-05-11,20.72,27.26,18.2315646
1990-05-12,21.36,20.69,18.3676337
1990-05-13,21.82,19.68,18.5863168
1990-05-14,21.94,16.74,18.5330008
1990-05-15,21.2,21.52,18.308011999999998
1990-05-16,20.68,13.32,17.7337468
1990-05-17,23.61,12.06,19.203766299999998
1990-05-18,20.69,16.61,17.85098745
1990-05-19,19.87,15.39,17.37104365
1990-05-20,20.15,21.56,17.712477
1990-05-21,21.71,20.34,18.551082700000002
1990-05-22,23.17,26.07,19.64464795
1990-05-23,23.28,21.12,19.4708848
1990-05-24,19.16,24.82,17.2331366
1990-05-25,20.43,12.25,17.568033749999998
1990-05-26,23.23,18.89,19.33550335
1990-05-27,22.17,28.73,19.163475050000002
1990-05-28,16.66,51.84,16.0878592
1990-05-29,17.89,43.42,16.8350659
1990-05-30,20.08,30.76,17.9550244
1990-05-31,19.41,32.16,17.5779808
1990-06-01,18.83,24.13,17.02315595
1990-06-02,23.07,14.54,19.0418429
1990-06-03,27.59,13.86,21.3883507
1990-06-04,29.82,14.73,22.6351498
1990-06-05,29.22,16.68,22.4744128
1990-06-06,27.76,18.04,21.7826572
1990-06-07,28.32,18.99,22.1624299
1990-06-08,30.51,16.24,23.1345132
1990-06-09,29.31,21.08,22.8815714
1990-06-10,24.84,43.15,21.6069405
1990-06-11,25.27,30.07,21.12769645
1990-06-12,25.38,16.04,20.355833599999997
1990-06-13,24.53,15.43,19.864695949999998
1990-06-14,20.72,23.48,18.1022508
1990-06-15,19.91,25.17,17.68343335
1990-06-16,23.21,22.89,19.51604545
1990-06-17,26.01,16.01,20.69301305
1990-06-18,25.97,16.17,20.68158445
1990-06-19,26.51,17.29,21.046590950000002
1990-06-20,29.42,12.54,22.2430324
1990-06-21,32.27,8.84,23.3604774
1990-06-22,32.52,9.15,23.5158565
1990-06-23,29.67,9.21,22.09493635
1990-06-24,31.24,8.85,22.8478195
1990-06-25,32.07,12.98,23.6608223
1990-06-26,31.14,9.28,22.8373056
1990-06-27,31.08,6.94,22.593858599999997
1990-06-28,30.79,9.43,22.675380849999996
1990-06-29,31.73,8.86,23.093117899999996
1990-06-30,32.96,11.59,23.983732699999997
1990-07-01,34.02,16.24,25.0275264
1990-07-02,32.8,16.91,24.436991499999998
1990-07-03,30.04,11.14,22.4451358
1990-07-04,28.46,13.39,21.8100842
1990-07-05,29.37,12.3,22.1974555
1990-07-06,29.15,13.59,22.18751425
1990-07-07,29.03,19.76,22.6176204
1990-07-08,29.85,16.94,22.8376595
1990-07-09,30.11,15.94,22.8930287
1990-07-10,31.6,22.53,24.3139465
1990-07-11,33.28,18.76,24.8887204
1990-07-12,35.24,19.16,26.0185812
1990-07-13,34.18,27.64,26.347753599999997
1990-07-14,30.94,44.45,25.917169
1990-07-15,30.05,44.71,25.32132275
1990-07-16,29.11,50.97,25.17019435
1990-07-17,30.26,43.39,25.3530452
1990-07-18,32.03,31.58,25.4332857
1990-07-19,32.01,31.67,25.429479349999998
1990-07-20,32.25,24.53,24.88224125
1990-07-21,32.09,23.22,24.6619189
1990-07-22,32.14,19.83,24.361906599999998
1990-07-23,31.33,15.56,23.513811399999998
1990-07-24,29.77,14.56,22.5943216
1990-07-25,28.4,18.49,22.168560499999998
1990-07-26,28.5,14.25,21.89725
1990-07-27,29.59,13.62,22.4208919
1990-07-28,31.16,11.13,23.0168419
1990-07-29,31.88,10.97,23.3696223
1990-07-30,32.58,10.59,23.689069599999996
1990-07-31,30.6,10.93,22.7128515
1990-08-01,30.02,12.16,22.5219776
1990-08-02,30.03,13.5,22.641602499999998
1990-08-03,31.47,16.71,23.69612785
1990-08-04,32.72,15.3,24.232212999999998
1990-08-05,34.18,12.95,24.757708
1990-08-06,34.63,17.55,25.50154825
1990-08-07,33.89,23.39,25.71992655
1990-08-08,33.99,22.13,25.64272535
1990-08-09,33.84,19.33,25.259132100000002
1990-08-10,33.23,24.18,25.4194027
1990-08-11,33.09,25.89,25.512623050000002
1990-08-12,32.48,27.74,25.334208599999997
1990-08-13,31.54,33,25.260759999999998
1990-08-14,30.87,25.15,24.13088025
1990-08-15,28.06,31.14,22.924421199999998
1990-08-16,26.1,23.55,21.22249
1990-08-17,26.83,22.93,21.603497949999998
1990-08-18,26.2,25.03,21.3756805
1990-08-19,25.85,21.49,20.94901325
1990-08-20,22.4,26.66,19.213376999999998
1990-08-21,24.45,21.72,20.166127
1990-08-22,26.92,15.67,21.1594177
1990-08-23,27.58,14.07,21.398195799999996
1990-08-24,26.32,19.11,21.0613411
1990-08-25,23.49,20.91,19.579394949999998
1990-08-26,22.79,20.67,19.17294865
1990-08-27,24.8,17.2,20.10938
1990-08-28,28.07,10.16,21.3647916
1990-08-29,30.25,11.87,22.61573875
1990-08-30,29.39,15.84,22.4977168
1990-08-31,25.99,18.52,20.840871399999997
1990-09-01,28.09,12.21,21.528136449999998
1990-09-02,28.38,38.79,23.7072286
1990-09-03,28.67,28.22,23.0758257
1990-09-04,26.55,37.13,22.38329075
1990-09-05,27.28,48.54,23.6628766
1990-09-06,28.04,41.56,23.6879732
1990-09-07,29.84,25.61,23.5637157
1990-09-08,30.72,18.6,23.458306
1990-09-09,31.09,14.16,23.2575292
1990-09-10,31.6,13.75,23.488187500000002
1990-09-11,30.93,14.94,23.2435531
1990-09-12,30.02,12.73,22.5706328
1990-09-13,29.04,12.12,22.0122364
1990-09-14,28.11,15.32,21.7712786
1990-09-15,26.44,14.32,20.8133944
1990-09-16,24.5,12.25,19.67375
1990-09-17,22.92,16.56,19.0558936
1990-09-18,22.94,21.09,19.2769978
1990-09-19,22.88,23.35,19.3472015
1990-09-20,23.73,24.32,19.8881048
1990-09-21,22.9,32.44,19.778727999999997
1990-09-22,22.48,41.33,19.9049737
1990-09-23,21.31,49,19.399794999999997
1990-09-24,21.73,47.93,19.65943645
1990-09-25,22.37,34.64,19.5408924
1990-09-26,21.74,30.46,18.9709172
1990-09-27,20.77,32.61,18.44605585
1990-09-28,21.23,31.17,18.68225755
1990-09-29,19.84,42.59,18.1538683
1990-09-30,22.1,32.85,19.29313
1990-10-01,23.72,23.32,19.8315572
1990-10-02,22.45,40.59,19.852297749999998
1990-10-03,22.04,22.92,18.8434924
1990-10-04,24.13,20.49,19.918752849999997
1990-10-05,24.36,21.12,20.0823376
1990-10-06,22.57,27.24,19.3405474
1990-10-07,19.71,28.27,17.65457685
1990-10-08,14.46,16.43,14.4783854
1990-10-09,16.56,13.7,15.582220999999999
1990-10-10,19.05,13.76,16.891844
1990-10-11,19.36,14.16,17.0654968
1990-10-12,19.83,16.97,17.39597555
1990-10-13,20.82,14.62,17.8521912
1990-10-14,21,19.7,18.129275
1990-10-15,21.1,18.86,18.154618
1990-10-16,19.55,24.81,17.46159775
1990-10-17,17.47,19.74,16.1589529
1990-10-18,20.08,29.77,17.924641299999998
1990-10-19,17.62,33.37,16.4766292
1990-10-20,12.23,25.06,13.1656259
1990-10-21,13.19,15.14,13.8014163
1990-10-22,16.01,13.43,15.29103615
1990-10-23,17.79,16.58,16.2805151
1990-10-24,19.22,17.66,17.0824536
1990-10-25,20.83,16.86,17.935480899999998
1990-10-26,20.58,15.61,17.757998399999998
1990-10-27,19.97,15.26,17.4205971
1990-10-28,20.22,14.49,17.5298554
1990-10-29,18.82,18.83,16.8914008
1990-10-30,17.43,24.56,16.2142844
1990-10-31,16.42,26.9,15.648064000000002
1990-11-01,13.5,42.52,13.81614
1990-11-02,8.93,26.33,11.18688045
1990-11-03,7.85,19.18,10.805991500000001
1990-11-04,10.15,16.76,12.141517
1990-11-05,13.19,17.26,13.7861417
1990-11-06,9.58,25.49,11.596240600000002
1990-11-07,7.48,22.16,10.485402400000002
1990-11-08,10.85,17.97,12.49675225
1990-11-09,14.03,47.68,14.1652472
1990-11-10,15.64,28.89,15.1941403
1990-11-11,15.12,15.37,14.8314117
1990-11-12,16.58,15.86,15.6174384
1990-11-13,16.78,18.12,15.7532248
1990-11-14,16,24.82,15.379764999999999
1990-11-15,14.8,26.14,14.678131
1990-11-16,13.61,31.87,13.94349635
1990-11-17,15.8,31.19,15.3080085
1990-11-18,14.6,37.59,14.5656745
1990-11-19,11.39,41.59,12.389103050000001
1990-11-20,9.29,62.5,10.3645625
1990-11-21,6.78,26.94,9.8821276
1990-11-22,9.14,26.68,11.301473600000001
1990-11-23,11.01,25.95,12.431389750000001
1990-11-24,13.34,15.41,13.8796842
1990-11-25,12.39,17.84,13.3434668
1990-11-26,7.92,32.91,10.347987100000001
1990-11-27,2.31,28.08,7.1318763999999994
1990-11-28,4.51,25.84,8.5847212
1990-11-29,4.58,32.46,8.264982400000001
1990-11-30,6.82,20.37,10.183571200000001
1990-12-01,8.05,40.22,10.1706955
1990-12-02,7.93,20.65,10.797312250000001
1990-12-03,7.75,22.13,10.64092375
1990-12-04,6.8,28.79,9.8157435
1990-12-05,9.33,21.81,11.55333265
1990-12-06,7.38,32.72,10.014684800000001
1990-12-07,6.44,25.7,9.733719
1990-12-08,8.14,19.7,10.948894000000001
1990-12-09,9.29,18.82,11.6162129
1990-12-10,9.52,19.01,11.7383161
1990-12-11,9.68,24.5,11.681505
1990-12-12,9.28,52.53,10.6428637
1990-12-13,6.41,80.69,7.269198450000001
1990-12-14,3.67,41.44,7.1581264000000004
1990-12-15,2.37,29.93,7.0447200500000005
1990-12-16,4.17,45.55,7.26357675
1990-12-17,3.08,41.73,6.7399387000000015
1990-12-18,4.06,49.42,6.964303600000001
1990-12-19,3.01,59.24,5.5858282
1990-12-20,0.24,27.84,5.899508800000001
1990-12-21,-1.36,24.45,5.2302265
1990-12-22,-5.06,22.75,3.250555000000001
1990-12-23,-4.36,15.4,4.415558
1990-12-24,-3.17,23.91,4.224806650000001
1990-12-25,0.56,25.21,6.294149300000001
1990-12-26,2.44,30.78,7.031362600000001
1990-12-27,2.1,36.96,6.399328000000001
1990-12-28,2.04,30.81,6.781590700000001
1990-12-29,0.82,35.08,5.7045808000000005
1990-12-30,-2.9,14.02,5.328286
1990-12-31,0.93,12.92,7.429215800000001
1991-01-01,3.41,18.56,8.377432800000001
1991-01-02,4.89,21.48,9.0401746
1991-01-03,3.91,38.21,7.508958550000001
1991-01-04,2.8,84.67,3.786485500000001
1991-01-05,4.68,77.48,5.8963052000000005
1991-01-06,4.92,64.85,6.7720535
1991-01-07,4.14,79.26,5.3217652
1991-01-08,5.29,66.13,7.0056848500000015
1991-01-09,4.72,62.07,6.760254700000001
1991-01-10,5.55,56.24,7.704086
1991-01-11,7.07,47.29,9.223994150000001
1991-01-12,8.65,46.77,10.36267525
1991-01-13,9.91,49.18,11.1929509
1991-01-14,7.91,54.07,9.57473285
1991-01-15,9.28,43.66,10.8975214
1991-01-16,7.34,41.28,9.6523936
1991-01-17,5.61,34.68,8.8038214
1991-01-18,7.26,53.57,9.108842600000001
1991-01-19,8,44.22,9.994135
1991-01-20,5.04,33.09,8.521327300000001
1991-01-21,3.88,29.78,7.981550200000001
1991-01-22,3.57,25.72,8.0353422
1991-01-23,5.5,28.52,9.038260000000001
1991-01-24,6.96,28.01,9.9454253
1991-01-25,5.7,29.18,9.127688000000001
1991-01-26,7.12,21.54,10.304691400000001
1991-01-27,6.87,23.51,10.07990285
1991-01-28,7.65,19.31,10.689995750000001
1991-01-29,4.3,22.37,8.655043
1991-01-30,6.17,12.89,10.160944650000001
1991-01-31,6.56,15.24,10.2614692
1991-02-01,7.9,16.43,10.933591
1991-02-02,8.15,20.63,10.92199725
1991-02-03,8.78,26.51,11.0919954
1991-02-04,11.25,27.65,12.54325625
1991-02-05,13.27,25.14,13.7764279
1991-02-06,10.25,46.67,11.49658875
1991-02-07,11.26,29.17,12.5221906
1991-02-08,12.58,23.63,13.3864672
1991-02-09,12.82,22.6,13.535176
1991-02-10,12.51,25.45,13.32594975
1991-02-11,12.73,25.35,13.456717750000001
1991-02-12,14.45,21.8,14.471504999999999
1991-02-13,14.07,23.4,14.251159
1991-02-14,13.64,41.73,13.9156171
1991-02-15,15.13,32.23,14.89517695
1991-02-16,14.72,32.94,14.638857400000001
1991-02-17,12.08,36.16,12.929710400000001
1991-02-18,7.97,30.58,10.4632193
1991-02-19,9.22,28.25,11.30362
1991-02-20,14.01,25.76,14.2100768
1991-02-21,15.78,13.58,15.1716032
1991-02-22,15.99,14.51,15.28940945
1991-02-23,13.5,22.81,13.924545
1991-02-24,12.82,18.64,13.5717664
1991-02-25,11.58,17.39,12.9067166
1991-02-26,11.76,15.89,13.0275377
1991-02-27,12.75,20.76,13.512685
1991-02-28,9.79,77.56,10.3713082
1991-03-01,9.52,75.3,10.196533
1991-03-02,10.75,44,11.905000000000001
1991-03-03,11.48,48.66,12.3327574
1991-03-04,13.14,69.68,13.366793600000001
1991-03-05,11.79,55.74,12.4496953
1991-03-06,7.72,37.74,10.041675399999999
1991-03-07,7.18,32.13,9.9124462
1991-03-08,9.42,25.16,11.5110296
1991-03-09,9.53,29.57,11.455204049999999
1991-03-10,10.87,37.83,12.11122405
1991-03-11,8.11,40.44,10.2032362
1991-03-12,7.72,28.55,10.3843705
1991-03-13,8.11,43.66,10.0900693
1991-03-14,8.21,41.79,10.223774950000001
1991-03-15,6.73,51.68,8.7949552
1991-03-16,5.92,38.31,8.8311511
1991-03-17,7.31,39.7,9.6945635
1991-03-18,9.23,45.31,10.81518965
1991-03-19,7.94,60.19,9.3763448
1991-03-20,3.97,74.22,5.463048700000001
1991-03-21,4.39,68.6,6.135997000000001
1991-03-22,7.9,47.58,9.802846
1991-03-23,9.18,49.27,10.6643598
1991-03-24,9.03,52.37,10.46294855
1991-03-25,8.43,58.63,9.81113745
1991-03-26,6,58.05,7.9611625
1991-03-27,3.97,76.18,5.3495353
1991-03-28,6.64,52,8.71504
1991-03-29,10.8,35.48,12.112982
1991-03-30,11.63,35.14,12.653815100000001
1991-03-31,14.31,26.35,14.38696425
1991-04-01,13.64,40.19,13.922901300000001
1991-04-02,13.88,40.26,14.0837134
1991-04-03,15.11,33.18,14.8858189
1991-04-04,18.95,22.96,17.064446
1991-04-05,20.23,27.91,17.95808365
1991-04-06,19.5,34.87,17.708925
1991-04-07,16.2,34,15.582899999999999
1991-04-08,14.13,25.26,14.2820959
1991-04-09,15.92,22.52,15.3148812
1991-04-10,14.16,31.05,14.2889365
1991-04-11,8.11,24.06,10.7789113
1991-04-12,10.14,33.4,11.737068
1991-04-13,11.73,36.4,12.698946000000001
1991-04-14,15.18,28.21,14.9115054
1991-04-15,14.55,44.18,14.5346495
1991-04-16,12.77,33.66,13.4012251
1991-04-17,12.11,36.85,12.94010675
1991-04-18,14.58,27.73,14.5482012
1991-04-19,16.14,28.11,15.491552200000001
1991-04-20,15.8,34.38,15.330817
1991-04-21,14.56,38.57,14.5397281
1991-04-22,16.49,31.96,15.7453022
1991-04-23,16.81,34.31,15.97540855
1991-04-24,17.38,40.57,16.4386288
1991-04-25,15.55,33.77,15.16752175
1991-04-26,14.28,31.92,14.3623768
1991-04-27,15.28,27.35,14.9683315
1991-04-28,13.5,19.18,13.94451
1991-04-29,17.2,23.17,16.0590745
1991-04-30,15.87,19.28,15.2617748
1991-05-01,15.29,31.32,14.9915854
1991-05-02,13.32,27.33,13.791628300000001
1991-05-03,15.19,31.69,14.93076355
1991-05-04,15.9,24.13,15.315801
1991-05-05,19.38,20.11,17.2357524
1991-05-06,22.6,19.31,19.0052605
1991-05-07,23.21,24.24,19.5807172
1991-05-08,24.26,28.92,20.4444256
1991-05-09,15.98,23.95,15.360953
1991-05-10,12.75,22.59,13.49507125
1991-05-11,13.88,22.48,14.1443432
1991-05-12,16.38,21.26,15.5658284
1991-05-13,20.19,18.88,17.6513496
1991-05-14,17.55,31.63,16.40309325
1991-05-15,18.25,23.11,16.66414375
1991-05-16,22.28,14.26,18.6111854
1991-05-17,19.4,24.98,17.378211
1991-05-18,15.39,26.57,15.03056015
1991-05-19,15.04,34.8,14.846356
1991-05-20,18.28,23.36,16.686654400000002
1991-05-21,17.77,34.8,16.597378
1991-05-22,19.14,32.04,17.4056608
1991-05-23,22.74,30.28,19.5802896
1991-05-24,26.1,20.45,21.02471
1991-05-25,26.35,25.85,21.51727375
1991-05-26,24.23,19.33,19.91294495
1991-05-27,21.75,17.83,18.47347125
1991-05-28,21.91,15.52,18.4670176
1991-05-29,22.49,16.48,18.8197136
1991-05-30,22.59,21.2,19.083793999999997
1991-05-31,17.93,22.17,16.46173705
1991-06-01,20.57,33.23,18.34088355
1991-06-02,22.15,36.76,19.489176999999998
1991-06-03,24.68,28.52,20.6778348
1991-06-04,26.79,24.72,21.701448399999997
1991-06-05,24.98,23.65,20.579186
1991-06-06,23.75,22.27,19.79548625
1991-06-07,24.74,15.26,19.967443199999998
1991-06-08,26.92,10.69,20.8192339
1991-06-09,28.41,11.12,21.6102356
1991-06-10,30.29,9.69,22.44702805
1991-06-11,30.96,13.22,23.1038066
1991-06-12,30.27,18.97,23.241862949999998
1991-06-13,28.07,16.92,21.8693242
1991-06-14,26.31,14.41,20.75050155
1991-06-15,26.52,12.86,20.759174599999998
1991-06-16,27.28,12.12,21.1029148
1991-06-17,29.48,11.63,22.1991957
1991-06-18,28.99,13.17,22.07008315
1991-06-19,25.35,17.63,20.43457025
1991-06-20,24.26,13.4,19.611311999999998
1991-06-21,23.69,13.68,19.326955599999998
1991-06-22,24.26,13.1,19.595208
1991-06-23,24.55,13.69,19.77921475
1991-06-24,23.59,17.57,19.46891215
1991-06-25,21.78,21.86,18.6512744
1991-06-26,23.69,18.64,19.577658800000002
1991-06-27,23.89,19.93,19.75478485
1991-06-28,21.39,33.23,18.85975085
1991-06-29,22.15,34.3,19.3856725
1991-06-30,26.24,17.8,20.932346
1991-07-01,29.4,13,22.27035
1991-07-02,32.65,11.6,23.825469999999996
1991-07-03,34.18,10.36,24.4773664
1991-07-04,35.11,9.77,24.881978349999997
1991-07-05,35.56,12.93,25.4746819
1991-07-06,32.77,15.64,24.293085400000002
1991-07-07,31.21,25.15,24.33091075
1991-07-08,28.57,40.5,23.9655925
1991-07-09,28.36,41.05,23.866241499999997
1991-07-10,27.7,18.36,21.772935999999998
1991-07-11,29.23,16.41,22.45795615
1991-07-12,31.23,15.5,23.4547325
1991-07-13,32.22,14.32,23.869627199999996
1991-07-14,30.74,15.4,23.183528
1991-07-15,29.93,14.1,22.6400965
1991-07-16,28.25,12.14,21.6055875
1991-07-17,29.9,13.46,22.570062
1991-07-18,30.4,14.57,22.929146499999998
1991-07-19,29.01,21.76,22.7660568
1991-07-20,27.11,21.33,21.65384215
1991-07-21,27.91,15.82,21.701304099999998
1991-07-22,29.97,15.27,22.76074795
1991-07-23,30.32,16.05,23.015510499999998
1991-07-24,30.14,16.74,22.9779748
1991-07-25,29.96,15.39,22.7656117
1991-07-26,30.58,15.01,23.0634844
1991-07-27,31.72,14.95,23.6649145
1991-07-28,33.02,11.79,24.034929400000003
1991-07-29,33.71,11.79,24.39017245
1991-07-30,32.06,21.77,24.5045466
1991-07-31,29.09,39.29,24.218326049999998
1991-08-01,28.31,46.95,24.280587249999996
1991-08-02,28.88,41.05,24.2176445
1991-08-03,28.14,18.6,22.033372
1991-08-04,28.3,17.61,22.046599
1991-08-05,26.62,17.62,21.128549200000002
1991-08-06,27.05,16.21,21.26639525
1991-08-07,26.87,16.27,21.17342945
1991-08-08,29.27,11.18,22.054707299999997
1991-08-09,31.54,10.69,23.1698668
1991-08-10,30.75,15.54,23.2013875
1991-08-11,29.02,32.28,23.6118808
1991-08-12,27.8,38.44,23.296886
1991-08-13,28.87,33.02,23.576235699999998
1991-08-14,30.4,33.25,24.562712499999996
1991-08-15,28.02,33.03,23.0401108
1991-08-16,28.12,30.56,22.9182496
1991-08-17,29.56,20.82,23.0015206
1991-08-18,29.82,18.02,22.9123652
1991-08-19,30,13.56,22.630989999999997
1991-08-20,29.83,14.26,22.6008319
1991-08-21,30.9,13.05,23.057109999999998
1991-08-22,32.61,11.59,23.80392195
1991-08-23,32.61,17,24.342785
1991-08-24,32.4,20.48,24.571255999999998
1991-08-25,32.18,25.06,24.892834399999998
1991-08-26,29.49,25.43,23.34207635
1991-08-27,27.9,19.81,21.989997
1991-08-28,23.82,11.99,19.3086074
1991-08-29,26.6,9.74,20.593197
1991-08-30,28.71,9.2,21.613526
1991-08-31,29.08,15.97,22.3416343
1991-09-01,28.58,32.23,23.331891199999998
1991-09-02,30.42,23.18,23.6936408
1991-09-03,31.49,28.78,24.834847099999998
1991-09-04,31.06,24.01,24.1388308
1991-09-05,28.89,31.3,23.4527385
1991-09-06,25.16,46.03,21.9957389
1991-09-07,24.29,48.42,21.5126749
1991-09-08,25.33,37.76,21.622674399999998
1991-09-09,24.55,28.83,20.61607825
1991-09-10,20.34,28.24,18.0350688
1991-09-11,21.59,26.25,18.71411875
1991-09-12,23.3,25.63,19.700492
1991-09-13,25.18,20.93,20.5354282
1991-09-14,25.62,20.61,20.7645076
1991-09-15,25.37,17.89,20.46105365
1991-09-16,25.82,12.42,20.3672692
1991-09-17,26.75,12.56,20.85873
1991-09-18,28.09,11.59,21.48179455
1991-09-19,27.98,13.63,21.5765282
1991-09-20,26.51,31.75,22.00174625
1991-09-21,26.49,31.75,21.98925375
1991-09-22,26.91,29.42,22.0925621
1991-09-23,28.05,30.8,22.89287
1991-09-24,27.28,16.14,21.3854806
1991-09-25,28.18,12.54,21.599509599999998
1991-09-26,28.59,19.64,22.3625018
1991-09-27,26.39,34.94,22.135401299999998
1991-09-28,25.41,31.01,21.27025505
1991-09-29,25.11,32.02,21.143027099999998
1991-09-30,26.36,25.73,21.5153679
1991-10-01,26.32,19.68,21.0983968
1991-10-02,25.77,13.27,20.394040949999997
1991-10-03,26.32,12.7,20.644627
1991-10-04,25.03,11.35,19.89583525
1991-10-05,25.28,8.95,19.881645499999998
1991-10-06,25.46,16.79,20.4441012
1991-10-07,26.41,16.12,20.9154406
1991-10-08,24.61,19.49,20.13324145
1991-10-09,24.71,17.71,20.08900505
1991-10-10,24.64,15.37,19.9201849
1991-10-11,25.19,14.68,20.1736106
1991-10-12,26.18,16.65,20.825595999999997
1991-10-13,25.1,20.19,20.447077
1991-10-14,24.67,14.45,19.884760749999998
1991-10-15,25,11.81,19.907027499999998
1991-10-16,25.31,12.53,20.109471149999997
1991-10-17,24.15,14.77,19.626417749999998
1991-10-18,24.65,14.01,19.84960825
1991-10-19,23.97,14.8,19.532358
1991-10-20,21.5,19.78,18.41153
1991-10-21,19.57,18.22,17.2895647
1991-10-22,19.8,27.56,17.688374
1991-10-23,17.65,45.07,16.69833775
1991-10-24,14.22,26.16,14.333713600000001
1991-10-25,13.84,22.57,14.1210709
1991-10-26,13.23,54.62,13.5469793
1991-10-27,11.82,42.48,12.667844800000001
1991-10-28,7.62,25.48,10.4398368
1991-10-29,9.29,21.78,11.5313941
1991-10-30,7.99,30.72,10.4705704
1991-10-31,6.84,22.8,10.092436000000001
1991-11-01,11.73,24.84,12.8750626
1991-11-02,13.09,26.53,13.65975985
1991-11-03,11.95,30.45,12.92543875
1991-11-04,13.93,28.41,14.15443465
1991-11-05,17.23,25.54,16.1119831
1991-11-06,19.24,31.47,17.4534229
1991-11-07,19.17,34.89,17.49764965
1991-11-08,19.35,35.78,17.6369315
1991-11-09,18.05,37.02,16.8203155
1991-11-10,15.45,49.79,15.18765275
1991-11-11,14.46,39.12,14.473393600000001
1991-11-12,14.38,27.27,14.4280018
1991-11-13,15.2,25.48,14.913098
1991-11-14,11.51,36.34,12.5568887
1991-11-15,8.86,34.03,10.9063894
1991-11-16,7.65,41.09,9.869434250000001
1991-11-17,8.42,42.19,10.353166400000001
1991-11-18,10.44,45.41,11.658994700000001
1991-11-19,6.44,35.72,9.2895324
1991-11-20,8.79,23.46,11.1937387
1991-11-21,10.99,27.8,12.383821000000001
1991-11-22,7.29,34.08,9.904057600000002
1991-11-23,4.94,23.23,8.9765666
1991-11-24,7.3,13.26,10.734904
1991-11-25,10.78,21.92,12.3775168
1991-11-26,13.71,25.6,14.033268
1991-11-27,12.06,27.24,13.0364392
1991-11-28,7.73,29.61,10.350971650000002
1991-11-29,3.93,34.95,7.71168175
1991-11-30,3.69,27.77,7.984434650000001
1991-12-01,1.51,24.25,6.92195875
1991-12-02,4.79,31.28,8.459991600000002
1991-12-03,5.54,53.28,7.842361600000001
1991-12-04,7.57,30.9,10.203746500000001
1991-12-05,9.23,29.83,11.26387745
1991-12-06,9.14,22.5,11.424700000000001
1991-12-07,7.64,27.67,10.3690109
1991-12-08,6.97,63.75,8.471293750000001
1991-12-09,6.8,48.38,8.986107
1991-12-10,8.9,48.32,10.491744
1991-12-11,7.94,58.24,9.4467008
1991-12-12,5.06,36.84,8.3392672
1991-12-13,6.6,33.64,9.483342
1991-12-14,5.67,32.7,8.9384245
1991-12-15,6.61,30.85,9.61076425
1991-12-16,7.72,31.32,10.2810772
1991-12-17,9.9,35.02,11.543994
1991-12-18,10.16,52.94,11.2833222
1991-12-19,7.55,54.03,9.30720325
1991-12-20,4.52,39.79,7.824926900000001
1991-12-21,4.27,48.75,7.15358125
1991-12-22,6.65,58.79,8.429241750000001
1991-12-23,7.46,50.35,9.382448
1991-12-24,7.33,48.64,9.355381600000001
1991-12-25,6.57,44.59,8.98670715
1991-12-26,6.87,38.37,9.456302950000001
1991-12-27,7.28,39.85,9.668556500000001
1991-12-28,5.4,69.16,6.943542000000001
1991-12-29,4.13,85.08,4.9809622000000005
1991-12-30,4.75,85.7,5.5168375
1991-12-31,4.35,66.45,6.22292875
1992-01-01,4.38,57.73,6.7327482000000005
1992-01-02,2.72,47.33,6.132489300000001
1992-01-03,2.37,54.22,5.424212700000001
1992-01-04,2.17,88.78,2.9308843000000007
1992-01-05,4.97,91.43,5.4191965500000006
1992-01-06,4.72,74.91,6.0695911
1992-01-07,3.08,57.9,5.7243010000000005
1992-01-08,2.26,62.66,4.773728800000001
1992-01-09,2.4,46.99,5.927815500000001
1992-01-10,4.62,42.66,7.735855600000001
1992-01-11,6.2,39.99,8.9394565
1992-01-12,3.2,44.16,6.6704560000000015
1992-01-13,1.57,45.49,5.44647865
1992-01-14,4.81,40.72,7.969327600000001
1992-01-15,4.38,55.35,6.865219000000001
1992-01-16,5.3,39.55,8.35877
1992-01-17,7.21,37.75,9.70591375
1992-01-18,5.26,51.12,7.744081600000001
1992-01-19,3.71,43.4,7.068927
1992-01-20,4.58,40.97,7.8006768000000015
1992-01-21,6.95,34.42,9.6732095
1992-01-22,6.4,39.89,9.0779005
1992-01-23,6.96,30.86,9.8272358
1992-01-24,9.18,27.2,11.310128
1992-01-25,8.81,29.14,11.0275637
1992-01-26,6.45,36.77,9.249508250000002
1992-01-27,8.42,37.69,10.503646400000001
1992-01-28,8.59,36.29,10.66089355
1992-01-29,8.33,52.44,9.9439486
1992-01-30,8.69,42.25,10.53540125
1992-01-31,10.05,33.53,11.67685325
1992-02-01,10.06,40.27,11.5186066
1992-02-02,9.82,45.54,11.221800400000001
1992-02-03,7.49,40.06,9.8009867
1992-02-04,7.35,45.82,9.4806285
1992-02-05,9.74,51.45,11.011039
1992-02-06,9.43,66.44,10.3658206
1992-02-07,7.74,81.6,8.424112000000001
1992-02-08,8.1,79.53,8.820544
1992-02-09,9.2,69.78,10.080912999999999
1992-02-10,8.58,75.72,9.370556800000001
1992-02-11,8.47,82.81,9.04010635
1992-02-12,8.12,87.46,8.560028599999999
1992-02-13,7.25,86.89,7.77276125
1992-02-14,5.66,73.93,6.9275234
1992-02-15,5.47,79.45,6.49061575
1992-02-16,4.51,66.77,6.335822350000001
1992-02-17,6.31,64.43,7.91225065
1992-02-18,7.9,56.75,9.469975000000002
1992-02-19,9.72,55.66,10.885698600000001
1992-02-20,11.78,56.17,12.435696799999999
1992-02-21,12.24,52.63,12.8288091
1992-02-22,14.29,47.43,14.35071835
1992-02-23,10.17,39.86,11.6022341
1992-02-24,10.09,33.57,11.70125965
1992-02-25,13.61,36.72,13.9197556
1992-02-26,11.74,43.47,12.5981254
1992-02-27,13.23,32.27,13.70309405
1992-02-28,14.61,31.6,14.568617999999999
1992-02-29,14.8,34.46,14.691859000000001
1992-03-01,12.57,49.96,13.1011746
1992-03-02,10.73,64.45,11.467129250000001
1992-03-03,9.22,84.36,9.674185600000001
1992-03-04,10.87,63.94,11.589937899999999
1992-03-05,10.32,61.71,11.2002871
1992-03-06,9.42,72.75,10.181365
1992-03-07,8.05,65.47,9.274951750000001
1992-03-08,8.93,64.26,10.0248949
1992-03-09,10.71,52.33,11.703681150000001
1992-03-10,12.83,42.84,13.3550146
1992-03-11,13.04,36.7,13.548299
1992-03-12,15.09,32.44,14.8707678
1992-03-13,15.41,39.78,15.1085989
1992-03-14,14.1,48.08,14.214224
1992-03-15,11.97,44.45,12.74297825
1992-03-16,11.89,50.44,12.6014338
1992-03-17,11.33,42.09,12.33966085
1992-03-18,10.89,40.8,12.065416
1992-03-19,12.83,36.75,13.41095125
1992-03-20,13.67,43.37,13.92851595
1992-03-21,9.62,74.16,10.3135456
1992-03-22,9.78,74.06,10.4534024
1992-03-23,10.39,71.63,11.03130385
1992-03-24,11.05,59.35,11.82133375
1992-03-25,13.3,46.42,13.653628000000001
1992-03-26,14.03,47.61,14.16542815
1992-03-27,12.06,67.31,12.4986998
1992-03-28,11.48,71,11.96169
1992-03-29,13.44,63.83,13.6508711
1992-03-30,13.15,69.73,13.374754750000001
1992-03-31,11.91,70.32,12.3327916
1992-04-01,13.81,59.45,13.96388725
1992-04-02,16.27,40.72,15.692909199999999
1992-04-03,18.61,27.46,16.9702333
1992-04-04,16.58,49.06,15.997246399999998
1992-04-05,16.35,44.01,15.780301750000001
1992-04-06,16.04,42.33,15.551535099999999
1992-04-07,16.89,43.67,16.149542150000002
1992-04-08,18.44,38.46,17.1064282
1992-04-09,18.48,35.98,17.0786022
1992-04-10,18.61,36.52,17.1750346
1992-04-11,17.64,43.26,16.6601002
1992-04-12,17.91,39.3,16.7715715
1992-04-13,17.58,35.91,16.494315399999998
1992-04-14,15.7,44.47,15.333502
1992-04-15,16.51,43.89,15.889703950000001
1992-04-16,18.14,40.76,16.9540152
1992-04-17,20.87,35.41,18.60708935
1992-04-18,18.01,34.58,16.7470669
1992-04-19,14.39,28.18,14.433451100000001
1992-04-20,16.92,25.39,15.926940900000002
1992-04-21,20.32,27.78,18.0082378
1992-04-22,17.83,31.6,16.577254
1992-04-23,18.35,29.39,16.854833250000002
1992-04-24,20.49,25.98,18.0514111
1992-04-25,22.28,26.24,19.1238096
1992-04-26,24.33,24.74,20.2610681
1992-04-27,23.97,32.75,20.46728375
1992-04-28,24.06,26.7,20.205886
1992-04-29,24.19,27.2,20.310124000000002
1992-04-30,23.07,29.52,19.747925199999997
1992-05-01,19.53,31,17.621115
1992-05-02,21.32,28.05,18.6211555
1992-05-03,23.78,24.39,19.9208656
1992-05-04,25.85,27.96,21.352903
1992-05-05,21.46,52.61,19.6459108
1992-05-06,19.54,59.77,18.4248244
1992-05-07,22.41,37.54,19.6926777
1992-05-08,24.51,34.62,20.9105041
1992-05-09,23.54,34.58,20.287317599999998
1992-05-10,19.91,23.59,17.63642045
1992-05-11,23.11,32.3,19.9040665
1992-05-12,23.1,39.43,20.235039
1992-05-13,22.71,38.06,19.9130993
1992-05-14,23.31,26.1,19.7291755
1992-05-15,23.82,30.26,20.2451276
1992-05-16,24.9,26.49,20.695228
1992-05-17,25.19,23.44,20.688654800000002
1992-05-18,24.74,22.59,20.3802688
1992-05-19,24.24,25.73,20.2613561
1992-05-20,21.33,30.44,18.716978599999997
1992-05-21,22.01,26.09,18.95714745
1992-05-22,22.46,30.07,19.3984646
1992-05-23,23.81,27.2,20.082276
1992-05-24,24.81,32.9,21.0050945
1992-05-25,25.65,34.92,21.658969
1992-05-26,27.99,27.87,22.638314649999998
1992-05-27,26.23,28.82,21.6378223
1992-05-28,26.95,27.49,21.98487775
1992-05-29,25.77,35.93,21.798621049999998
1992-05-30,25.53,33.15,21.47454475
1992-05-31,27.34,30.53,22.434028599999998
1992-06-01,29.46,22.15,23.054502
1992-06-02,30.18,23.25,23.561079999999997
1992-06-03,29.72,30.9,23.935639
1992-06-04,31.5,19.12,23.93772
1992-06-05,29.9,15.83,22.770801
1992-06-06,26.5,23.61,21.45826
1992-06-07,25.37,24.42,20.8514497
1992-06-08,26.94,18.71,21.378138200000002
1992-06-09,27.46,21.89,21.8923192
1992-06-10,27.38,22.35,21.879274
1992-06-11,26.53,23.13,21.44389645
1992-06-12,24.39,21.09,20.09769055
1992-06-13,20.53,13.28,17.6539312
1992-06-14,19.89,20.97,17.54715565
1992-06-15,19.28,22,17.22938
1992-06-16,20.22,27.58,17.9416668
1992-06-17,24.03,14.7,19.5590005
1992-06-18,25.8,13.25,20.4084875
1992-06-19,25.67,13.98,20.3853613
1992-06-20,27.31,13.15,21.19098325
1992-06-21,28.85,9.01,21.66861425
1992-06-22,29.86,11.91,22.4181568
1992-06-23,29.56,15.18,22.5343594
1992-06-24,28.1,23.57,22.383036
1992-06-25,27.12,21.43,21.6664563
1992-06-26,27.99,19.75,22.03585125
1992-06-27,30.3,16.58,23.050802
1992-06-28,29.95,17.46,22.9361635
1992-06-29,27.3,27.32,22.183328
1992-06-30,24.68,30.04,20.7629396
1992-07-01,23.7,24.45,19.87717
1992-07-02,25.8,16.8,20.62912
1992-07-03,28.16,13.46,21.6582498
1992-07-04,28.01,18.08,21.9229344
1992-07-05,28.81,10.65,21.777708249999996
1992-07-06,30.65,13.03,22.92488975
1992-07-07,29.84,19.22,23.0245914
1992-07-08,26.29,31.66,21.8584927
1992-07-09,27.29,35.46,22.7499337
1992-07-10,29.21,36.96,24.1097488
1992-07-11,30.34,30.43,24.2790616
1992-07-12,26.66,41.92,22.7756096
1992-07-13,26.17,40.25,22.33494625
1992-07-14,29.06,24.9,23.045992
1992-07-15,30.36,24.5,23.774134999999998
1992-07-16,31.75,19.96,24.156205
1992-07-17,33.24,16.48,24.631593600000002
1992-07-18,32.69,21.58,24.844471099999996
1992-07-19,32.14,12.06,23.6080612
1992-07-20,31.64,12.11,23.354609699999997
1992-07-21,29.2,11.32,22.030222
1992-07-22,29.24,15.03,22.3514821
1992-07-23,26.96,16.54,21.2404862
1992-07-24,27.19,16.71,21.37677445
1992-07-25,28.83,19.55,22.489333249999998
1992-07-26,30.52,18.47,23.3363917
1992-07-27,32.23,15.01,23.942200149999998
1992-07-28,33.09,11.7,24.0617665
1992-07-29,33.04,12.76,24.1441372
1992-07-30,32.27,14.81,23.943955350000003
1992-07-31,31.94,17.81,24.0563352
1992-08-01,32.61,18.71,24.51310955
1992-08-02,34.34,21.38,25.760985599999998
1992-08-03,34.1,14.84,24.919752000000003
1992-08-04,32.82,18.86,24.6443336
1992-08-05,30.22,35.06,24.605287599999997
1992-08-06,30.02,31.74,24.1933264
1992-08-07,30.02,20.36,23.2219296
1992-08-08,29.2,17.49,22.5290665
1992-08-09,30.91,17.26,23.4423013
1992-08-10,33.18,15.26,24.4738124
1992-08-11,34.38,22.73,25.9312982
1992-08-12,34.72,21.17,25.953315699999997
1992-08-13,34.43,21.91,25.87016465
1992-08-14,32.64,33.89,26.044205299999998
1992-08-15,33.7,29.06,26.208736000000002
1992-08-16,33.73,24.47,25.741569549999998
1992-08-17,34.52,19.44,25.6495384
1992-08-18,33.3,15.51,24.563733999999997
1992-08-19,33.63,13.61,24.54047615
1992-08-20,33.42,13.68,24.4375408
1992-08-21,31.15,14.49,23.31942175
1992-08-22,28.14,16.43,21.870578599999998
1992-08-23,25,9.55,19.7765125
1992-08-24,26.39,22.16,21.2996532
1992-08-25,26.5,16.03,20.95798
1992-08-26,27.58,14.62,21.437762799999998
1992-08-27,29.83,11.22,22.3445143
1992-08-28,30.42,12.68,22.7742608
1992-08-29,28.04,20.67,22.132294899999998
1992-08-30,25.08,25.48,20.743681199999997
1992-08-31,24.16,12.88,19.5313144
1992-09-01,26.21,17.76,20.9133328
1992-09-02,26.01,21.9,21.0658795
1992-09-03,25.52,19.84,20.6615024
1992-09-04,22.08,26.76,19.0266244
1992-09-05,24.21,21.11,19.99687955
1992-09-06,26.53,15.33,20.92780945
1992-09-07,25.99,16.14,20.690467299999998
1992-09-08,27.33,12.69,21.168969849999996
1992-09-09,27.84,12.21,21.398847699999997
1992-09-10,28.84,10.92,21.8142604
1992-09-11,28.26,15.14,21.837795200000002
1992-09-12,25.28,22.02,20.6565658
1992-09-13,25.47,14.78,20.328251299999998
1992-09-14,24.76,15.72,20.0040796
1992-09-15,24.94,18.7,20.271754
1992-09-16,27.31,24.78,22.0103749
1992-09-17,26.67,18.93,21.24357955
1992-09-18,26.56,35.46,22.279061799999997
1992-09-19,24.75,26.41,20.60136375
1992-09-20,26.79,18.76,21.2985822
1992-09-21,27.35,16.43,21.44369025
1992-09-22,29.19,19.79,22.70943305
1992-09-23,29.01,26.09,23.11161245
1992-09-24,28.52,15.63,22.0142293
1992-09-25,24.25,15.11,19.69777375
1992-09-26,22.31,12.66,18.5583103
1992-09-27,25.67,9.57,20.11443295
1992-09-28,27.37,8.72,20.9087452
1992-09-29,27.98,11.39,21.4104546
1992-09-30,27.67,18.46,21.7636501
1992-10-01,27.42,17.66,21.5689196
1992-10-02,24.09,20.9,19.9178705
1992-10-03,19.19,20.93,17.15038935
1992-10-04,19.97,22.37,17.63450145
1992-10-05,20.87,15.73,17.91760055
1992-10-06,22.45,14.08,18.693148
1992-10-07,19.17,8.9,16.8300965
1992-10-08,20.7,7.35,17.540634999999998
1992-10-09,22.57,10.05,18.57756925
1992-10-10,22.32,17.34,18.7647934
1992-10-11,23.05,14.86,19.0462915
1992-10-12,24.23,11.8,19.509977
1992-10-13,24.49,12.13,19.661982849999998
1992-10-14,22.68,22.92,19.2121708
1992-10-15,20.77,19.97,18.01016545
1992-10-16,20.34,24.99,17.9306788
1992-10-17,19.67,23.02,17.4810737
1992-10-18,20.95,19.9,18.1084525
1992-10-19,20.95,22.13,18.18756175
1992-10-20,22.02,17.7,18.616072
1992-10-21,19.3,27.76,17.392864
1992-10-22,18.94,42.64,17.539268800000002
1992-10-23,19.58,37.27,17.8273238
1992-10-24,19.39,52.87,18.12243865
1992-10-25,17.85,59.65,17.106551250000003
1992-10-26,18.52,47.37,17.3563507
1992-10-27,19.09,40.53,17.58867985
1992-10-28,17.5,53.99,16.740835
1992-10-29,15.25,61.91,15.09287875
1992-10-30,15.22,62.32,15.0707872
1992-10-31,13.38,49.94,13.688369600000001
1992-11-01,14.15,35.22,14.2747015
1992-11-02,16.74,44.29,16.0536528
1992-11-03,13.32,32.27,13.7595677
1992-11-04,9.15,27.6,11.280370000000001
1992-11-05,11.81,27.26,12.8861883
1992-11-06,13.01,31.29,13.57307845
1992-11-07,14.04,25.69,14.2280043
1992-11-08,13.14,32.49,13.6449748
1992-11-09,10.49,31.04,12.0109128
1992-11-10,7.53,26.12,10.3621898
1992-11-11,5.66,21.39,9.4820182
1992-11-12,10.4,19.13,12.2236185
1992-11-13,12.26,25.01,13.1838768
1992-11-14,12.47,33.94,13.2075599
1992-11-15,13.44,30.78,13.843552599999999
1992-11-16,14.88,25.59,14.7244831
1992-11-17,14.22,26.54,14.3331284
1992-11-18,12.19,35.92,13.0041364
1992-11-19,9.6,34.59,11.3627995
1992-11-20,7.47,40.36,9.7759806
1992-11-21,3.43,32.54,7.537302100000002
1992-11-22,6.16,29.65,9.386954500000002
1992-11-23,4.58,37.94,7.965993600000001
1992-11-24,4.06,31.64,7.985231200000001
1992-11-25,4.72,28.8,8.549848
1992-11-26,3.67,24.4,8.173114000000002
1992-11-27,7.12,19.5,10.387495000000001
1992-11-28,7.52,40.3,9.811883
1992-11-29,5.13,38.96,8.275696400000001
1992-11-30,4.43,34.15,8.07710225
1992-12-01,7.21,17.2,10.529866
1992-12-02,7.95,18.68,10.879553000000001
1992-12-03,7.37,44.64,9.5409424
1992-12-04,3.98,50.47,6.845805800000001
1992-12-05,3.59,51.58,6.4954421
1992-12-06,3.01,77.02,4.462221100000001
1992-12-07,3.29,88.68,3.9879346000000004
1992-12-08,3.25,77.45,4.64528125
1992-12-09,3.06,75.52,4.600281600000001
1992-12-10,3.57,82.01,4.6514688500000005
1992-12-11,5.23,79.36,6.282330400000001
1992-12-12,5.13,55.03,7.447528950000001
1992-12-13,3.06,43.45,6.618126
1992-12-14,2.08,40.61,6.136930900000001
1992-12-15,4.35,40.69,7.66098075
1992-12-16,0.43,43.36,4.8130864
1992-12-17,1.33,45.53,5.27553445
1992-12-18,3.66,66,5.687080000000001
1992-12-19,-0.51,45.56,3.984294200000001
1992-12-20,0.25,40.17,4.939176250000001
1992-12-21,2.56,39.28,6.5474824
1992-12-22,2.83,49.58,6.0662077000000005
1992-12-23,3.86,45.5,7.049340000000001
1992-12-24,4.05,53.58,6.717989500000001
1992-12-25,3.31,46.89,6.578654950000001
1992-12-26,3.29,34.67,7.317921150000001
1992-12-27,3.59,41.01,7.129694950000001
1992-12-28,4.54,78.26,5.7309172
1992-12-29,6.22,83.58,6.967766800000001
1992-12-30,5.78,68.71,7.2806684000000015
1992-12-31,4.06,47.6,7.068808000000001
1993-01-01,4.77,55.67,7.14231995
1993-01-02,5.94,68.23,7.4357316
1993-01-03,-0.8,41.67,4.108469500000002
1993-01-04,-0.31,33.93,5.071731850000002
1993-01-05,0.12,41.31,4.761792100000001
1993-01-06,1.36,64.72,3.9096856000000004
1993-01-07,1.53,95.38,1.8595677000000022
1993-01-08,5.84,78.39,6.8692843
1993-01-09,3.54,82.32,4.605750400000002
1993-01-10,4.56,84.49,5.407931700000001
1993-01-11,3.29,57.3,5.9226685
1993-01-12,1.36,48.1,5.110813000000001
1993-01-13,0.73,91.44,1.3782916000000016
1993-01-14,6.67,86.7,7.2427645
1993-01-15,3.32,79.21,4.5983771
1993-01-16,4.53,93.14,4.9061681
1993-01-17,7.13,92.23,7.444956950000001
1993-01-18,6.38,88.21,6.906541400000001
1993-01-19,5.82,68.68,7.3152168
1993-01-20,5.88,70.77,7.265794300000001
1993-01-21,6.69,76.21,7.711899450000001
1993-01-22,7.57,75.78,8.4931453
1993-01-23,4.12,48.14,7.0806874
1993-01-24,4.65,40.7,7.8625775
1993-01-25,5.69,49.28,8.1476376
1993-01-26,8.42,41.64,10.3715584
1993-01-27,7.56,46.94,9.5853002
1993-01-28,9.17,39.59,10.940919150000001
1993-01-29,7.35,39.76,9.718938
1993-01-30,3.93,55.6,6.511194000000001
1993-01-31,4.55,80.02,5.643405500000001
1993-02-01,5.61,52.93,7.9114876500000015
1993-02-02,6.91,42.31,9.318269050000001
1993-02-03,8.03,42.1,10.0903715
1993-02-04,7.92,48.6,9.780166000000001
1993-02-05,9.47,46.41,10.95256735
1993-02-06,10.4,51.45,11.4948025
1993-02-07,10.73,51.77,11.73004905
1993-02-08,10.56,75.65,11.0876645
1993-02-09,9.14,75.09,9.874346800000001
1993-02-10,8.19,50.91,9.89366845
1993-02-11,8.52,52.32,10.0881952
1993-02-12,7.68,56.48,9.3124352
1993-02-13,8.51,56.26,9.9510143
1993-02-14,7.09,48.22,9.2002939
1993-02-15,6.95,42.03,9.35720425
1993-02-16,5.09,65.77,6.86157365
1993-02-17,4.97,74.06,6.3296451000000005
1993-02-18,7.1,68.72,8.373096
1993-02-19,8.88,85.25,9.3359225
1993-02-20,7.51,69.68,8.6756524
1993-02-21,4.74,59.92,6.891494400000001
1993-02-22,4.93,56.47,7.22120155
1993-02-23,7.79,75.94,8.6779343
1993-02-24,6.44,68.03,7.857230100000001
1993-02-25,5.16,44.45,8.0136035
1993-02-26,4.18,76.54,5.511589600000001
1993-02-27,3.68,80.86,4.819021400000001
1993-02-28,4.45,70.97,6.054633250000001
1993-03-01,6.76,58.08,8.5445344
1993-03-02,9.26,45.81,10.8217558
1993-03-03,10.79,53.02,11.7486269
1993-03-04,9.71,53.69,10.930036950000002
1993-03-05,12.72,41.41,13.2935961
1993-03-06,12.61,50.51,13.12444855
1993-03-07,12.88,45.37,13.366753300000001
1993-03-08,13.86,38.31,14.0771488
1993-03-09,13.35,45.69,13.69351075
1993-03-10,15.59,40.78,15.234976099999999
1993-03-11,14.05,44.17,14.188179250000001
1993-03-12,11.84,41.65,12.6936605
1993-03-13,12.21,40.78,12.9558759
1993-03-14,15.96,48.71,15.548141300000001
1993-03-15,14.05,50.17,14.17332925
1993-03-16,14.87,45.3,14.758685499999999
1993-03-17,16.79,52.77,16.19513815
1993-03-18,14.95,45.13,14.814196749999999
1993-03-19,14.97,37.54,14.8085409
1993-03-20,16.49,37.77,15.808892649999999
1993-03-21,15.67,41.31,15.29232985
1993-03-22,17.02,33.63,16.1001118
1993-03-23,18.17,35.42,16.8664527
1993-03-24,16.91,55.31,16.31763405
1993-03-25,13.69,67.57,13.83447565
1993-03-26,10.54,71.13,11.1687886
1993-03-27,10.35,61.48,11.229219
1993-03-28,7.82,70.61,8.8997886
1993-03-29,10.73,57.57,11.60978605
1993-03-30,14.54,44.27,14.5277394
1993-03-31,15.44,46.83,15.165111099999999
1993-04-01,15.22,51.63,15.0284548
1993-04-02,14.32,43.93,14.375509300000001
1993-04-03,15.64,42.93,15.282171100000001
1993-04-04,17.43,44.45,16.53481175
1993-04-05,14.32,41.25,14.3781625
1993-04-06,12,40.11,12.8234875
1993-04-07,13.91,33.08,14.1271554
1993-04-08,15.84,32.77,15.3445149
1993-04-09,16.17,44.29,15.65830365
1993-04-10,17.72,34.29,16.5562759
1993-04-11,15.74,34.45,15.292949
1993-04-12,13.17,29.37,13.68665845
1993-04-13,11.17,30.23,12.44783755
1993-04-14,14.69,26.68,14.6133806
1993-04-15,14.94,41.17,14.7976314
1993-04-16,15.67,45.33,15.31819855
1993-04-17,16.84,37.23,16.0321501
1993-04-18,15.82,39.89,15.3836014
1993-04-19,13.72,29.35,14.0230885
1993-04-20,17.61,24.63,16.32079615
1993-04-21,20.27,29.6,18.035856
1993-04-22,18.65,38.17,17.23873025
1993-04-23,16.81,29.99,15.920522949999999
1993-04-24,16.5,33.96,15.77356
1993-04-25,18.42,27.41,16.8549596
1993-04-26,21.2,31.5,18.675774999999998
1993-04-27,19.94,29.13,17.8195696
1993-04-28,20.69,25.3,18.1468385
1993-04-29,22.34,20.84,18.9266208
1993-04-30,21.8,26.38,18.844157
1993-05-01,19.3,29.86,17.448304
1993-05-02,21.03,27.22,18.4161063
1993-05-03,21.88,36.48,19.301723199999998
1993-05-04,17,31.59,16.0593625
1993-05-05,15.36,26.84,15.0139532
1993-05-06,18.95,36.42,17.3938795
1993-05-07,19.8,33.08,17.849282
1993-05-08,19.05,27.02,17.2236755
1993-05-09,18.43,23.88,16.7846662
1993-05-10,21.77,22.42,18.6679637
1993-05-11,23.74,24.08,19.8817456
1993-05-12,21.98,38.03,19.4305542
1993-05-13,21,29.32,18.47319
1993-05-14,23.61,24.96,19.8501208
1993-05-15,23.49,25.58,19.8103031
1993-05-16,22.84,44.52,20.2951324
1993-05-17,23.16,43.07,20.4484241
1993-05-18,25.37,32.8,21.352448
1993-05-19,24.87,24.98,20.5912343
1993-05-20,24.09,32.78,20.5444811
1993-05-21,23.25,35.05,20.12428125
1993-05-22,23.27,25.39,19.67118665
1993-05-23,24.55,23.02,20.2949305
1993-05-24,24.07,32.53,20.51871655
1993-05-25,22.44,32.14,19.4765538
1993-05-26,21.14,34.09,18.7329668
1993-05-27,21.14,24.65,18.388218000000002
1993-05-28,21.58,23.8,18.612772
1993-05-29,21.43,26.75,18.638076249999997
1993-05-30,24.7,18.94,20.152534
1993-05-31,25.11,25.92,20.7870616
1993-06-01,22.36,33.09,19.4674807
1993-06-02,22.87,25.21,19.42704235
1993-06-03,21.58,19.5,18.44533
1993-06-04,22.63,25.53,19.300073949999998
1993-06-05,17.85,43.17,16.80290725
1993-06-06,14.22,40.13,14.3121998
1993-06-07,17.72,34.39,16.5580469
1993-06-08,20.34,28.63,18.0475956
1993-06-09,22.76,20.42,19.1446806
1993-06-10,26.9,15.77,21.155513999999997
1993-06-11,26.35,21.88,21.258529
1993-06-12,25.42,15.65,20.353939
1993-06-13,27.74,12.66,21.3799012
1993-06-14,30.37,13.74,22.8407959
1993-06-15,29.55,17.01,22.68050275
1993-06-16,28.65,13.92,21.950823999999997
1993-06-17,24.81,20.03,20.275301149999997
1993-06-18,26.55,18.62,21.1565405
1993-06-19,29.08,15.6,22.311963999999996
1993-06-20,30.49,14.45,22.966305249999998
1993-06-21,28.34,22.51,22.4414612
1993-06-22,27,20.52,21.53575
1993-06-23,27.71,12.12,21.325078599999998
1993-06-24,26.99,9.78,20.792337099999997
1993-06-25,29.52,9.54,22.0470994
1993-06-26,32.3,8.61,23.352919
1993-06-27,31.91,13.05,23.58410275
1993-06-28,30.6,13.12,22.906776
1993-06-29,28.39,11.93,21.66189235
1993-06-30,30.09,10.01,22.373807449999997
1993-07-01,30.51,12.66,22.8192763
1993-07-02,31.03,14.97,23.299497549999998
1993-07-03,28.41,13.92,21.824449599999998
1993-07-04,28.36,14.32,21.828613599999997
1993-07-05,28.44,11.98,21.6915066
1993-07-06,30.8,15.59,23.2326435
1993-07-07,32.14,15.52,23.9437504
1993-07-08,31.62,13.97,23.519415199999997
1993-07-09,31.35,12.57,23.24742475
1993-07-10,30.32,13.76,22.8162576
1993-07-11,30.32,14.3,22.863243
1993-07-12,30.03,16.77,22.92090955
1993-07-13,28.92,14.51,22.1397881
1993-07-14,28.23,14.25,21.75458875
1993-07-15,28.23,11.85,21.573352749999998
1993-07-16,25.37,15.13,20.29604705
1993-07-17,25.48,10.75,20.0901925
1993-07-18,27.59,9.96,21.107570199999998
1993-07-19,27.86,11.02,21.321749599999997
1993-07-20,26.98,12.94,21.004201600000002
1993-07-21,26.98,16.93,21.2780752
1993-07-22,27.53,15.99,21.50942335
1993-07-23,28.78,18.54,22.3821316
1993-07-24,28.82,28.22,23.166607199999998
1993-07-25,29.01,26.7,23.1602935
1993-07-26,29.1,24.84,23.064652
1993-07-27,29.8,19.15,22.9964725
1993-07-28,30.66,15.36,23.137196799999998
1993-07-29,29.89,17.69,22.92287005
1993-07-30,30.75,17.75,23.39890625
1993-07-31,33.02,12.54,24.1113244
1993-08-01,34.85,12.65,25.07335125
1993-08-02,36.2,12.53,25.7604555
1993-08-03,34.77,15.89,25.39299665
1993-08-04,33.11,24.09,25.34023195
1993-08-05,32.94,24.9,25.323358
1993-08-06,33.5,19.07,25.042814999999997
1993-08-07,29.83,18.64,22.9701316
1993-08-08,28.64,16.27,22.1283179
1993-08-09,29.45,14.94,22.455941499999998
1993-08-10,30.73,23.7,23.9190805
1993-08-11,29.92,14.09,22.6339729
1993-08-12,26.28,13.69,20.6879751
1993-08-13,26.22,18.09,20.940081399999997
1993-08-14,26.56,16.53,21.023434899999998
1993-08-15,25.16,20.45,20.4959835
1993-08-16,24.55,21.8,20.227495
1993-08-17,27.18,16.84,21.3804216
1993-08-18,29.45,13.52,22.339181999999997
1993-08-19,27.88,14.68,21.601301199999998
1993-08-20,26.02,16.48,20.7281728
1993-08-21,25.2,14.25,20.153612499999998
1993-08-22,28,12.51,21.5038675
1993-08-23,29.98,11.23,22.4221222
1993-08-24,29.42,12.5,22.23975
1993-08-25,28.9,18.01,22.406391999999997
1993-08-26,27.99,25.58,22.468408099999998
1993-08-27,29.42,34.19,24.0196314
1993-08-28,29.89,27.16,23.7244582
1993-08-29,28.93,25.07,22.98318055
1993-08-30,26.84,28.36,21.9777932
1993-08-31,26.64,22.37,21.4566449
1993-09-01,28.14,24.56,22.4804912
1993-09-02,30.22,25.76,23.8012096
1993-09-03,30.56,23.47,23.8001051
1993-09-04,29.76,21.67,23.1857631
1993-09-05,27.16,18.65,21.495599499999997
1993-09-06,26.2,19.66,21.030121
1993-09-07,26.77,11.13,20.77260805
1993-09-08,29.32,9.76,21.9645376
1993-09-09,30.68,10.81,22.742981899999997
1993-09-10,31.84,10.8,23.332996
1993-09-11,30.53,14.28,22.972496200000002
1993-09-12,28.22,13.91,21.723648599999997
1993-09-13,23.38,11.24,19.0449616
1993-09-14,21.92,10.52,18.268321200000003
1993-09-15,22.54,17.41,18.8878702
1993-09-16,22.28,24.52,19.050210800000002
1993-09-17,20.14,33.34,18.0722068
1993-09-18,19.96,26.23,17.7446869
1993-09-19,21.51,19.71,18.41441905
1993-09-20,22.39,16.32,18.7587064
1993-09-21,22.76,16,18.94388
1993-09-22,22.5,16.88,18.84272
1993-09-23,20.88,13.54,17.8461186
1993-09-24,20,14.79,17.4223975
1993-09-25,23.5,10.87,19.088065
1993-09-26,24.32,8.32,19.3683632
1993-09-27,25.65,9.3,20.087822499999998
1993-09-28,26.69,8.5,20.5553825
1993-09-29,27.21,10.5,20.9535025
1993-09-30,27.32,11.59,21.086210899999998
1993-10-01,25.84,10.63,20.2659931
1993-10-02,26.02,11.72,20.4265792
1993-10-03,27.33,11.03,21.051831949999997
1993-10-04,25.83,21.39,20.93141785
1993-10-05,21.69,30.42,18.9384589
1993-10-06,18.67,25.96,16.9718926
1993-10-07,19.31,25.98,17.3518009
1993-10-08,19.62,21.34,17.404934400000002
1993-10-09,16.93,14,15.78061
1993-10-10,20.03,22.19,17.66340885
1993-10-11,20,42.09,18.2482225
1993-10-12,19.44,38.16,17.7598072
1993-10-13,19.2,29.66,17.381711
1993-10-14,17.54,39.93,16.5356296
1993-10-15,17.88,34.56,16.663470399999998
1993-10-16,15.54,49.74,15.2525128
1993-10-17,13.98,50.51,14.1215414
1993-10-18,13.91,38.29,14.11024895
1993-10-19,14.9,30.99,14.748178
1993-10-20,16.74,24.27,15.807006399999999
1993-10-21,17.35,21.38,16.1176315
1993-10-22,18.02,21.41,16.4984976
1993-10-23,18.78,20.12,16.8996248
1993-10-24,19.06,17.19,16.9831252
1993-10-25,19.29,19.49,17.16896405
1993-10-26,17.61,20.12,16.2436526
1993-10-27,13.64,19.07,14.0227989
1993-10-28,16.2,13.33,15.389635499999999
1993-10-29,16.17,24.32,15.4748792
1993-10-30,13.97,17.21,14.21133285
1993-10-31,14.38,12.69,14.437624600000001
1993-11-01,15.71,22.48,15.1941044
1993-11-02,11.88,17.78,13.064790200000001
1993-11-03,14.92,12.4,14.717644
1993-11-04,15.9,16.58,15.257666
1993-11-05,13.13,24.56,13.6984404
1993-11-06,10.22,17.83,12.154281800000001
1993-11-07,12.13,12.55,13.269910750000001
1993-11-08,12.83,15.59,13.60530585
1993-11-09,13.81,16.46,14.1270343
1993-11-10,14.51,23.98,14.5058189
1993-11-11,10.98,57.54,11.8020256
1993-11-12,8.66,61.21,9.9059348
1993-11-13,7.84,47.17,9.7751629
1993-11-14,6.81,33.6,9.618388
1993-11-15,6.11,34.6,9.127883
1993-11-16,8.62,25.97,11.0141302
1993-11-17,10.13,29.8,11.817257000000001
1993-11-18,9.93,40.72,11.4200028
1993-11-19,7.31,33.7,9.9318335
1993-11-20,6.33,23.69,9.75898985
1993-11-21,8.72,22.1,11.196441
1993-11-22,9.93,41.38,11.4034137
1993-11-23,10.26,41.8,11.617224
1993-11-24,4.21,22.99,8.56838095
1993-11-25,2.79,22.21,7.80006495
1993-11-26,3.39,20.61,8.24112595
1993-11-27,5.74,16.72,9.752430400000001
1993-11-28,8.7,17.48,11.332388
1993-11-29,8.9,27.93,11.119756
1993-11-30,9.86,70.81,10.6049288
1993-12-01,6.37,38,9.142330000000001
1993-12-02,10.71,26.37,12.24481735
1993-12-03,7.74,32.62,10.2451884
1993-12-04,9.42,29.05,11.402343
1993-12-05,6.73,39.4,9.319741
1993-12-06,8.23,31.46,10.5936019
1993-12-07,6.95,32.14,9.7678865
1993-12-08,7.85,34.63,10.24090775
1993-12-09,8.05,42.42,10.092650500000001
1993-12-10,9.88,34.37,11.5476583
1993-12-11,8.75,40.02,10.6468675
1993-12-12,6.54,45.83,8.9115626
1993-12-13,5.13,31.94,8.6374721
1993-12-14,5.23,36.4,8.472646000000001
1993-12-15,5.75,58.19,7.76210625
1993-12-16,3.37,58.39,5.91715615
1993-12-17,3.51,47.24,6.699078200000001
1993-12-18,2.57,53.05,5.650624250000001
1993-12-19,4.02,41.97,7.3648492
1993-12-20,2.33,42.38,6.1867947
1993-12-21,2.88,31.97,7.2277973000000015
1993-12-22,2.85,39.02,6.757293500000001
1993-12-23,2.71,32.85,7.06434175
1993-12-24,2.75,31.38,7.1845675
1993-12-25,4.87,35.27,8.29842445
1993-12-26,6.38,35.08,9.2793272000000009
1993-12-27,7.3,40.16,9.669664000000001
1993-12-28,7.67,51.8,9.480633000000001
1993-12-29,5.68,47.43,8.2301707
1993-12-30,4.02,37.53,7.6207708
1993-12-31,5.81,32.94,9.0151327
1994-01-01,7.71,30.34,10.3114527
1994-01-02,8.82,31.89,10.947756400000001
1994-01-03,9.01,27.62,11.1955141
1994-01-04,8.36,31.03,10.6891169
1994-01-05,9.47,30.78,11.3849713
1994-01-06,4.66,36.6,8.091208
1994-01-07,3.7,32.22,7.7261320000000016
1994-01-08,5.74,25.25,9.341455
1994-01-09,5.68,27.79,9.1829071
1994-01-10,4.24,44.88,7.350421600000001
1994-01-11,6.38,34.56,9.302550400000001
1994-01-12,5.91,42.97,8.604382350000002
1994-01-13,9.07,31.54,11.114557900000001
1994-01-14,9.01,49.11,10.54662355
1994-01-15,10.61,38.39,11.92814595
1994-01-16,9.13,35.9,11.023193500000001
1994-01-17,10.18,24.77,11.9674648
1994-01-18,11.06,23.92,12.4994336
1994-01-19,11.99,15.13,13.16163035
1994-01-20,12.02,16.36,13.1608496
1994-01-21,11.8,18.33,13.0127995
1994-01-22,12.77,19.09,13.53985865
1994-01-23,11.12,26.73,12.4820893
1994-01-24,7.06,76.3,8.029804
1994-01-25,7.07,67.27,8.407511450000001
1994-01-26,5.47,40.26,8.4369871
1994-01-27,5,38.93,8.1909075
1994-01-28,4.54,43.06,7.6591732000000015
1994-01-29,5,42.94,7.981385
1994-01-30,6.12,34.47,9.1402777
1994-01-31,2.39,32.58,6.880509100000001
1994-02-01,2.04,24.83,7.191400100000001
1994-02-02,4.67,23.73,8.79353755
1994-02-03,6.06,21.97,9.6821526
1994-02-04,4.24,63.66,6.290666200000001
1994-02-05,4.32,77.43,5.583694300000001
1994-02-06,6.22,62.95,7.907257
1994-02-07,6.28,70.86,7.597419400000001
1994-02-08,8,75.47,8.8769475
1994-02-09,5.74,46.71,8.307512200000001
1994-02-10,7.64,35.96,10.0562292
1994-02-11,6.12,43.13,8.7411383
1994-02-12,2.39,33.37,6.827891150000001
1994-02-13,4.16,30.42,8.117014600000001
1994-02-14,7.09,25.57,10.123394650000002
1994-02-15,8.95,23.04,11.299204
1994-02-16,9.58,31.65,11.429551
1994-02-17,8.17,57.12,9.6628672
1994-02-18,4.35,63.51,6.38705425
1994-02-19,4.13,48.46,7.069583900000001
1994-02-20,5,63.72,6.895630000000001
1994-02-21,5.36,52.74,7.735760200000001
1994-02-22,6.4,36.66,9.221797
1994-02-23,4.88,34.79,8.330261100000001
1994-02-24,9.12,29.46,11.207278599999999
1994-02-25,11.77,33,12.776005
1994-02-26,12.25,35.57,13.04732125
1994-02-27,12.07,46.01,12.79157635
1994-02-28,9.92,39.48,11.4444988
1994-03-01,11.5,32.92,12.60682
1994-03-02,14.39,32.38,14.4309101
1994-03-03,16.11,28.52,15.4770446
1994-03-04,16.38,27.94,15.634899599999999
1994-03-05,15.57,30.77,15.16258145
1994-03-06,12.91,52.91,13.32180205
1994-03-07,14.32,35.09,14.384260900000001
1994-03-08,13.54,28.54,13.917308799999999
1994-03-09,14.48,23.02,14.4884678
1994-03-10,15.79,26.89,15.271284549999999
1994-03-11,12.76,36.6,13.366738
1994-03-12,13.21,28.16,13.7197048
1994-03-13,13.49,26.2,13.899959
1994-03-14,17.4,18.5,16.100075
1994-03-15,19.7,17.38,17.337068
1994-03-16,18.31,27.57,16.79222935
1994-03-17,17.92,23.17,16.474827700000002
1994-03-18,18.02,24.85,16.565096
1994-03-19,14.87,48.49,14.76517715
1994-03-20,13.56,50.63,13.815242900000001
1994-03-21,14.69,39.19,14.626453549999999
1994-03-22,12.49,39.83,13.155179350000001
1994-03-23,8.59,20.1,11.1871495
1994-03-24,10.96,30.67,12.3098551
1994-03-25,9.14,52.69,10.534698800000001
1994-03-26,10.08,40.86,11.5176934
1994-03-27,13.12,28.72,13.6610152
1994-03-28,15.04,24.72,14.8164184
1994-03-29,16.72,28.1,15.842101
1994-03-30,18.45,24.27,16.804765749999998
1994-03-31,18.84,22.64,16.9934168
1994-04-01,17.89,20.77,16.41275665
1994-04-02,16.76,17.73,15.737383900000001
1994-04-03,18.1,22.84,16.572232
1994-04-04,15.18,32.72,14.9283728
1994-04-05,13.09,15.57,13.74475465
1994-04-06,16.8,18.21,15.7653565
1994-04-07,15.6,31.15,15.1834575
1994-04-08,16.5,22.97,15.65267
1994-04-09,14.23,33.19,14.329212850000001
1994-04-10,12.78,24.17,13.4973518
1994-04-11,13.93,26.79,14.15951335
1994-04-12,18.57,19.76,16.7738276
1994-04-13,20.32,17.29,17.6724529
1994-04-14,20.65,21.47,17.99372275
1994-04-15,20.87,20.03,18.06825105
1994-04-16,23.26,13.89,19.111220199999998
1994-04-17,24.51,14.85,19.82206675
1994-04-18,25.82,23.24,21.0409224
1994-04-19,26.31,21.02,21.1798541
1994-04-20,26.22,20.68,21.1070328
1994-04-21,24.04,21.3,19.910611
1994-04-22,19.72,24.39,17.5492369
1994-04-23,16.83,25.61,15.876692149999998
1994-04-24,12.05,40.2,12.855805
1994-04-25,11.78,35.21,12.7492584
1994-04-26,12.49,33.11,13.229468950000001
1994-04-27,10.67,44.14,11.8466909
1994-04-28,13.06,43.89,13.5043912
1994-04-29,15.26,29.69,14.9661042
1994-04-30,17.14,28.07,16.0955764
1994-05-01,17.92,30.83,16.6189123
1994-05-02,20.13,25,17.807624999999998
1994-05-03,21.26,26.12,18.5131416
1994-05-04,22.2,26.97,19.1071795
1994-05-05,22.22,28.78,19.195998799999998
1994-05-06,18.09,34.46,16.7959127
1994-05-07,14.42,44.57,14.4443892
1994-05-08,16.09,35.6,15.526822
1994-05-09,18.3,32.73,16.894057
1994-05-10,21.79,30.96,19.021841199999997
1994-05-11,25.18,21.9,20.592406
1994-05-12,25.11,26.71,20.83316205
1994-05-13,25.44,29.17,21.1781589
1994-05-14,26.05,20.36,20.990869
1994-05-15,24.66,26.58,20.5572904
1994-05-16,20.53,21.73,17.93417545
1994-05-17,15.27,26.99,14.96080265
1994-05-18,14.07,38.25,14.216038750000001
1994-05-19,14.76,34.5,14.666335
1994-05-20,17.7,24.13,16.364688
1994-05-21,20.97,13.72,17.8997262
1994-05-22,23.08,13.04,18.9763576
1994-05-23,25.05,14.12,20.066813
1994-05-24,26.33,14.58,20.772147699999998
1994-05-25,25.99,21.02,20.9988589
1994-05-26,25.8,26.81,21.2512415
1994-05-27,25.14,26.43,20.834683599999998
1994-05-28,25.17,17.91,20.35254835
1994-05-29,26.52,10.66,20.6137326
1994-05-30,28.3,11.92,21.614728
1994-05-31,25.63,33.38,21.5518567
1994-06-01,27.21,23.11,21.83500455
1994-06-02,29.56,16.26,22.6238158
1994-06-03,27.68,16.14,21.6009886
1994-06-04,26.48,10.8,20.602612
1994-06-05,26.52,14.49,20.8669339
1994-06-06,25.22,18.2,20.397071999999998
1994-06-07,23.52,14.14,19.2604854
1994-06-08,25.84,10.56,20.2616272
1994-06-09,29.22,9.05,21.856688
1994-06-10,31.75,8.31,23.05091125
1994-06-11,31.79,12.9,23.507225499999997
1994-06-12,30.6,15.25,23.0953875
1994-06-13,29.9,14.26,22.637822
1994-06-14,28.47,21.19,22.41463365
1994-06-15,25.92,15.7,20.625117
1994-06-16,25.12,11.37,19.9431217
1994-06-17,25.35,10.82,20.0281835
1994-06-18,27.62,10.64,21.1717824
1994-06-19,28.93,9.72,21.7649278
1994-06-20,29.88,10.2,22.283817999999997
1994-06-21,29.89,17.12,22.8746224
1994-06-22,30.45,10.44,22.593348999999996
1994-06-23,31.74,8.03,23.019404599999998
1994-06-24,32.11,7.47,23.14800685
1994-06-25,32.86,8.87,23.657692599999997
1994-06-26,33.26,7.85,23.751962999999996
1994-06-27,34.87,12.46,25.0624561
1994-06-28,34.98,14.61,25.361670399999998
1994-06-29,34.9,12.35,25.065669999999997
1994-06-30,35.07,10.5,24.9444175
1994-07-01,35.42,11.45,25.231437
1994-07-02,32.99,13.65,24.20863675
1994-07-03,30.64,11.7,22.801609
1994-07-04,30.09,19,23.144655
1994-07-05,29.21,14.21,22.26916005
1994-07-06,29.59,9.94,22.1154703
1994-07-07,30.4,9.24,22.463037999999997
1994-07-08,33.3,7.85,23.77169
1994-07-09,33.69,9.04,24.089626799999998
1994-07-10,32.75,12.94,24.0113525
1994-07-11,31.62,10.67,23.2086872
1994-07-12,32.7,9.08,23.598908
1994-07-13,32.66,10.59,23.729729199999998
1994-07-14,32.77,10.5,23.7765925
1994-07-15,32.38,12.91,23.8155694
1994-07-16,31.58,12.02,23.3151588
1994-07-17,30.43,11.99,22.71900385
1994-07-18,31.53,24.08,24.4189532
1994-07-19,31.03,21.93,23.93226595
1994-07-20,31.16,21.95,24.0082785
1994-07-21,30.77,26.97,24.23491045
1994-07-22,32.49,21.68,24.7406276
1994-07-23,32.51,17.07,24.295368849999996
1994-07-24,32.71,14.45,24.14173975
1994-07-25,31.8,11.91,23.4182365
1994-07-26,33.23,11.2,24.082268
1994-07-27,33.42,10.31,24.0868586
1994-07-28,33.59,11.24,24.270643800000002
1994-07-29,33.62,15.68,24.752908799999997
1994-07-30,33.31,23.63,25.409141650000002
1994-07-31,31.16,17.06,23.5602078
1994-08-01,31.95,12.06,23.509958499999996
1994-08-02,30.66,10.56,22.7105728
1994-08-03,30.31,10.04,22.4875282
1994-08-04,32.68,8.19,23.4999181
1994-08-05,32.82,9.48,23.6992048
1994-08-06,35,9.98,24.850245
1994-08-07,35.12,11.11,25.038985099999998
1994-08-08,32.22,15.99,24.0323854
1994-08-09,31.38,31.06,24.9796104
1994-08-10,32.64,23.17,24.9746709
1994-08-11,33.57,23.46,25.5421021
1994-08-12,34.09,18.31,25.288310950000003
1994-08-13,33.26,27.32,25.760877599999997
1994-08-14,35.09,23.99,26.48224755
1994-08-15,35.76,20.34,26.4453562
1994-08-16,35.08,14.76,25.431684399999998
1994-08-17,33.29,13.47,24.34755715
1994-08-18,31.94,29.38,25.1661296
1994-08-19,32.1,23.71,24.715128
1994-08-20,31.52,17.61,23.8074721
1994-08-21,30.15,12.83,22.64684225
1994-08-22,27.95,15.43,21.693934249999998
1994-08-23,28.55,12.55,21.79230125
1994-08-24,30.36,9.97,22.5066831
1994-08-25,30.36,9.52,22.4674296
1994-08-26,29.72,12.18,22.3685878
1994-08-27,29.68,19.7,22.975752999999997
1994-08-28,30.4,16.42,23.090929
1994-08-29,28.81,16.23,22.216882149999996
1994-08-30,28.83,8.86,21.6468009
1994-08-31,28.32,11.13,21.5649913
1994-09-01,27.38,14.41,21.3168044
1994-09-02,26.75,16.37,21.11542875
1994-09-03,25.47,13.03,20.22266505
1994-09-04,26.99,11.5,20.9104925
1994-09-05,28.82,14.45,22.082082
1994-09-06,30.46,22.47,23.654416599999998
1994-09-07,29.73,15.19,22.62589035
1994-09-08,29.05,9.67,21.82134175
1994-09-09,26.68,11.32,20.7393268
1994-09-10,26.97,12.72,20.9839012
1994-09-11,23.09,15.46,19.095907699999998
1994-09-12,20.93,21.51,18.15420115
1994-09-13,18.51,25.17,16.85962435
1994-09-14,21.41,21.32,18.4197666
1994-09-15,23.98,14.89,19.5423646
1994-09-16,25.91,13.79,20.49989145
1994-09-17,26.47,12.7,20.7226045
1994-09-18,26.96,21.8,21.600954
1994-09-19,27.37,24.8,22.046968
1994-09-20,24.55,28.55,20.60060125
1994-09-21,25.9,24.36,21.157372
1994-09-22,26.63,18.9,21.219413499999998
1994-09-23,28.06,15.88,21.786330399999997
1994-09-24,27.39,27.4,22.243023
1994-09-25,26.52,24.94,21.557783399999998
1994-09-26,27.31,19.75,21.655986249999998
1994-09-27,27.19,15.96,21.3244282
1994-09-28,26.13,29.43,21.61598995
1994-09-29,25.72,40.1,22.023571
1994-09-30,21.12,31.77,18.6357457
1994-10-01,21.32,26.39,18.5588889
1994-10-02,23.93,23.59,19.966995349999998
1994-10-03,21.81,24.68,18.7817594
1994-10-04,18.21,45.79,17.10384495
1994-10-05,15.93,55.88,15.5829962
1994-10-06,17.12,32.3,16.144443
1994-10-07,17.89,25.78,16.5061681
1994-10-08,19.44,23.39,17.358506300000002
1994-10-09,21.01,18.75,18.10084375
1994-10-10,21.54,17.5,18.345599999999997
1994-10-11,20.95,19.71,18.10171225
1994-10-12,19.69,22.56,17.4794752
1994-10-13,15.58,27.9,15.151726
1994-10-14,15.71,32.68,15.2619854
1994-10-15,13.89,33.53,14.11300685
1994-10-16,10.82,29.71,12.2426696
1994-10-17,12.93,30.71,13.52831915
1994-10-18,14.63,25.4,14.576661
1994-10-19,15.59,23.15,15.12928425
1994-10-20,16.96,22.23,15.9077719
1994-10-21,17.78,21.38,16.3616952
1994-10-22,18.43,18.02,16.6580023
1994-10-23,18.63,16.95,16.74351925
1994-10-24,19.37,18.98,17.1998793
1994-10-25,19.12,25.83,17.2353403
1994-10-26,19.56,25.62,17.4900046
1994-10-27,20.31,23.87,17.87726585
1994-10-28,19.25,25.99,17.31648875
1994-10-29,16.91,27.28,15.9460964
1994-10-30,15.03,22.96,14.8054284
1994-10-31,15.27,10.61,14.89143335
1994-11-01,16.36,11.36,15.4532128
1994-11-02,15.17,28.61,14.90692785
1994-11-03,9.35,28.57,11.373254750000001
1994-11-04,5.14,20.67,9.2239084
1994-11-05,9.58,17.28,11.8184032
1994-11-06,11.28,26.49,12.5818621
1994-11-07,11.5,28.25,12.683875
1994-11-08,11.5,45.73,12.395455
1994-11-09,11.17,47.82,12.1256767
1994-11-10,9.31,63.8,10.343329
1994-11-11,5.75,54.78,7.9262125
1994-11-12,7.15,38.2,9.648265
1994-11-13,5.47,42.7,8.3158045
1994-11-14,4.61,30.61,8.384469050000002
1994-11-15,4.58,26.29,8.6016176
1994-11-16,8.44,28.75,10.8147625
1994-11-17,5.76,42.79,8.5100847
1994-11-18,4.82,45.34,7.730098400000001
1994-11-19,1.41,34.15,6.15087075
1994-11-20,3.04,35.55,7.102283500000001
1994-11-21,5.73,35.36,8.8479104
1994-11-22,5.29,47.64,7.942295800000001
1994-11-23,4.27,33.72,7.999244200000001
1994-11-24,5.73,32.7,8.9762155
1994-11-25,7.2,37.66,9.702951
1994-11-26,5.32,60.4,7.3194040000000005
1994-11-27,1.79,29.64,6.708515800000001
1994-11-28,3.49,34.34,7.4660413000000005
1994-11-29,4.64,27.68,8.5619136
1994-11-30,7.69,29.45,10.33245025
1994-12-01,9.13,38.05,10.95969325
1994-12-02,9.36,31.6,11.293668
1994-12-03,6.78,50.69,8.873702600000001
1994-12-04,7.93,45.68,9.892853200000001
1994-12-05,8.36,43.98,10.2517954
1994-12-06,6.56,69.62,7.8866946
1994-12-07,5.65,58.43,7.673419750000001
1994-12-08,2.62,33.19,6.985365400000001
1994-12-09,2.74,24.47,7.625280400000001
1994-12-10,3.43,25.14,7.9878511
1994-12-11,3.79,22.99,8.326274050000002
1994-12-12,4.25,28.82,8.2627725
1994-12-13,3.89,72.12,5.516937400000001
1994-12-14,3.69,44.3,7.001643500000001
1994-12-15,3.78,46.59,6.9290536000000005
1994-12-16,5.5,46.49,8.148745
1994-12-17,7.02,42.96,9.3666256
1994-12-18,8.03,39.55,10.18111325
1994-12-19,7.28,41.76,9.592710400000001
1994-12-20,8.42,28.94,10.796246400000001
1994-12-21,8.23,25.36,10.803960400000001
1994-12-22,7.47,26.89,10.29679815
1994-12-23,8.78,49.42,10.3712468
1994-12-24,8.34,81.19,8.977282800000001
1994-12-25,8.78,81.08,9.3752232
1994-12-26,6.99,68.84,8.2770638
1994-12-27,8.01,46.31,9.92646455
1994-12-28,8.18,53.33,9.8022492
1994-12-29,4.42,77.04,5.6929024
1994-12-30,4.2,65.13,6.175385500000001
1994-12-31,4.2,53.83,6.815530500000001
1995-01-01,3.55,49.71,6.57871525
1995-01-02,2.25,40.82,6.2372525
1995-01-03,3.39,53.48,6.232604600000001
1995-01-04,2.06,91.95,2.6107810000000007
1995-01-05,4.55,82.69,5.497289750000001
1995-01-06,4.14,60.5,6.39071
1995-01-07,2.27,78.11,3.742430850000001
1995-01-08,5.44,95.13,5.682672100000001
1995-01-09,9.12,92.57,9.3398537
1995-01-10,8.46,89.67,8.8031626
1995-01-11,9.09,82.47,9.61160515
1995-01-12,5.4,79.5,6.426025000000001
1995-01-13,6.05,90.08,6.511032000000001
1995-01-14,5.61,89.44,6.126331200000001
1995-01-15,7.4,74.31,8.403194500000001
1995-01-16,4.65,52.49,7.2238542500000005
1995-01-17,4.09,50.12,6.945879400000001
1995-01-18,5.31,36.2,8.534771000000001
1995-01-19,5.56,41.89,8.417268700000001
1995-01-20,6.37,50.88,8.5664008
1995-01-21,5.49,63.84,7.281908800000001
1995-01-22,4.89,68.48,6.5559896
1995-01-23,4.76,76.31,6.0290733
1995-01-24,3.65,89.51,4.27599075
1995-01-25,4.45,93.84,4.790494000000001
1995-01-26,5.53,81.98,6.4190167
1995-01-27,6.67,66.09,8.13033415
1995-01-28,7.16,60.66,8.748155800000001
1995-01-29,8.55,60.43,9.84492825
1995-01-30,8.24,55.22,9.7817754
1995-01-31,10.69,54.46,11.644290699999999
1995-02-01,13.31,53.37,13.61519335
1995-02-02,13.88,51.14,14.046612600000001
1995-02-03,12.32,41.56,13.0206956
1995-02-04,12.5,36.85,13.19465
1995-02-05,12.92,34.25,13.4913675
1995-02-06,13.31,32.05,13.75473275
1995-02-07,12.69,39.54,13.2918793
1995-02-08,8.78,69.95,9.725373
1995-02-09,9.23,58.61,10.429689150000002
1995-02-10,9.57,46.47,11.02146595
1995-02-11,9.19,43.81,10.83102895
1995-02-12,8.61,63.79,9.78302295
1995-02-13,7.2,69.71,8.4161435
1995-02-14,11.05,68.29,11.651697250000002
1995-02-15,5.93,42.65,8.63319225
1995-02-16,9.11,33.55,11.079910250000001
1995-02-17,11.52,35.84,12.5715824
1995-02-18,12.12,38.37,12.9267367
1995-02-19,14.12,44.19,14.2366429
1995-02-20,15.08,38.55,14.8839745
1995-02-21,14.65,38.82,14.5995265
1995-02-22,14.97,37.37,14.80810145
1995-02-23,15.48,35.59,15.1328301
1995-02-24,15.87,32.14,15.358674899999999
1995-02-25,15.73,38.42,15.3134113
1995-02-26,14.07,52.76,14.1817226
1995-02-27,14.8,55.49,14.726558500000001
1995-02-28,13.6,68.7,13.754935
1995-03-01,10.65,72.41,11.234218250000001
1995-03-02,9.6,68.56,10.447308
1995-03-03,10.11,76.56,10.6759588
1995-03-04,10.38,63.81,11.200065400000002
1995-03-05,12.1,70.37,12.491116
1995-03-06,10.89,49.4,11.894663000000001
1995-03-07,9.96,31.01,11.682680300000001
1995-03-08,12,34.62,12.898975
1995-03-09,12.16,47.92,12.8302696
1995-03-10,12.92,63.8,13.234578
1995-03-11,12.03,70.16,12.435376399999999
1995-03-12,9.87,73.98,10.5325993
1995-03-13,11.22,63.85,11.872146
1995-03-14,14.19,49.95,14.27533525
1995-03-15,16.6,43.26,15.944653
1995-03-16,16,41.32,15.51589
1995-03-17,15.15,45.65,14.95569875
1995-03-18,16.65,40.25,15.943456249999999
1995-03-19,16.7,46.23,16.049383
1995-03-20,15.09,54.05,14.94089225
1995-03-21,13.6,63.48,13.780774
1995-03-22,7.35,56.09,9.07676075
1995-03-23,7.73,62.44,9.128546600000002
1995-03-24,4.93,53.19,7.39384435
1995-03-25,5.26,41.54,8.2309372
1995-03-26,6.69,36.9,9.400460500000001
1995-03-27,9.34,32.78,11.2477036
1995-03-28,8.85,38.98,10.7461965
1995-03-29,8.43,38.2,10.493193
1995-03-30,9.54,35,11.3132
1995-03-31,13.1,28.41,13.651243
1995-04-01,14.33,33.98,14.3917287
1995-04-02,13.94,50.75,14.09169
1995-04-03,14.14,35.32,14.2680664
1995-04-04,19.22,26.42,17.3098632
1995-04-05,17.78,37.11,16.6454644
1995-04-06,16.27,45.91,15.743433849999999
1995-04-07,16.33,44.58,15.7721977
1995-04-08,16.05,43.56,15.568849
1995-04-09,11.01,32.59,12.30393495
1995-04-10,9.26,31.4,11.237052
1995-04-11,14.26,29.25,14.35339
1995-04-12,17.19,32.74,16.194888300000002
1995-04-13,16.57,44.07,15.93323695
1995-04-14,11.6,36.38,12.614739
1995-04-15,12.39,34.21,13.15349295
1995-04-16,9,55.09,10.358527500000001
1995-04-17,10.18,44.6,11.496304
1995-04-18,10.28,59.2,11.226968
1995-04-19,10.65,47.1,11.7701575
1995-04-20,12.44,43.59,13.0791253
1995-04-21,10.58,31.66,12.0534104
1995-04-22,13.1,37.92,13.578016
1995-04-23,15.33,29.67,15.00894355
1995-04-24,18.13,24.26,16.6178509
1995-04-25,19.69,30.09,17.69441905
1995-04-26,19.67,30.86,17.704004100000002
1995-04-27,19.28,37.03,17.6245187
1995-04-28,19.32,36.21,17.6289271
1995-04-29,20.1,39.89,18.248612
1995-04-30,20.26,43.82,18.4802176
1995-05-01,20.3,43.07,18.483933
1995-05-02,18.21,37.04,16.9253012
1995-05-03,18.07,31.36,16.7222536
1995-05-04,18.3,35.46,16.951114
1995-05-05,13.85,47.92,14.036185999999999
1995-05-06,11.2,52.87,12.0554095
1995-05-07,13.07,51.38,13.4523963
1995-05-08,15.12,51.19,14.9535579
1995-05-09,18.62,39.95,17.259267
1995-05-10,18.69,40.24,17.3128308
1995-05-11,20.36,36.53,18.314361899999998
1995-05-12,18.42,29.57,16.901529200000002
1995-05-13,15.46,39.57,15.1409296
1995-05-14,12.59,46.49,13.15212255
1995-05-15,13.31,51.04,13.6304432
1995-05-16,16.48,35.78,15.780644200000001
1995-05-17,19.27,28.86,17.4036421
1995-05-18,21.31,33.52,18.819991599999998
1995-05-19,23.06,30.64,19.794531199999998
1995-05-20,23.85,30.14,20.2574495
1995-05-21,22.08,38.47,19.514814299999998
1995-05-22,20.24,39.85,18.341064499999998
1995-05-23,18.52,43.65,17.2741015
1995-05-24,17.4,48.09,16.5720355
1995-05-25,16.84,45.31,16.1361397
1995-05-26,19.73,34.62,17.8493443
1995-05-27,20.95,33.97,18.60758575
1995-05-28,19.41,42.62,17.8604531
1995-05-29,22.63,27.54,19.389951099999998
1995-05-30,24.79,27.04,20.660828799999997
1995-05-31,26.84,26.69,21.8644503
1995-06-01,26.1,24.27,21.268425999999998
1995-06-02,23.66,34.79,20.3747202
1995-06-03,24.35,32.33,20.68397775
1995-06-04,25.69,27.94,21.2550673
1995-06-05,26.07,28.7,21.5328245
1995-06-06,19.35,17.69,17.15438075
1995-06-07,15.33,28.32,15.0027808
1995-06-08,16.24,27.94,15.550385799999999
1995-06-09,20.21,25.15,17.85933575
1995-06-10,24.37,18.03,19.92025855
1995-06-11,28.28,17.16,22.0015564
1995-06-12,29.42,20.11,22.864226600000002
1995-06-13,28.96,17.31,22.3836643
1995-06-14,27.46,15.39,21.4289992
1995-06-15,23.21,22.66,19.505027300000002
1995-06-16,15.56,37.11,15.1933513
1995-06-17,16.55,28.39,15.742597250000001
1995-06-18,21.29,22.88,18.409953599999998
1995-06-19,23.11,23.56,19.4901838
1995-06-20,23.58,17.68,19.468939199999998
1995-06-21,22.4,18.82,18.872729
1995-06-22,25.28,15.52,20.2711808
1995-06-23,28.37,14.8,21.870518
1995-06-24,29.78,15.87,22.7097148
1995-06-25,31.17,14.34,23.316262899999998
1995-06-26,32.9,14.79,24.276747999999998
1995-06-27,31.91,26.17,24.84040835
1995-06-28,32.42,22.22,24.7540032
1995-06-29,29.6,25.76,23.434368
1995-06-30,29.47,27.32,23.4858922
1995-07-01,28.41,30.84,23.1189142
1995-07-02,28.21,26.54,22.6707487
1995-07-03,29.36,24.69,23.2049137
1995-07-04,29.58,18.76,22.8419544
1995-07-05,31.75,13.84,23.57557
1995-07-06,31.87,20.87,24.31031545
1995-07-07,31.45,18.96,23.895046
1995-07-08,33.15,15.87,24.520365249999998
1995-07-09,32.79,17.78,24.5190791
1995-07-10,31.71,14.51,23.61794405
1995-07-11,30.51,15.78,23.0940079
1995-07-12,27.74,12.17,21.3442194
1995-07-13,26.16,12.06,20.5204078
1995-07-14,28.75,6.92,21.454855
1995-07-15,31.44,9.99,23.0537683
1995-07-16,32.77,15.02,24.2307847
1995-07-17,30.41,27.82,24.0938891
1995-07-18,29.62,12.81,22.3692796
1995-07-19,29.21,15.97,22.41155285
1995-07-20,28.52,11.58,21.7019338
1995-07-21,28.31,13.91,21.771034049999997
1995-07-22,29.1,17.23,22.453569
1995-07-23,29.88,11.78,22.4174702
1995-07-24,31.12,10.18,22.909553799999998
1995-07-25,31.71,9.61,23.154134550000002
1995-07-26,32.82,7.5,23.499699999999997
1995-07-27,34.77,12.58,25.023981300000003
1995-07-28,35.22,14.98,25.531120799999997
1995-07-29,36.86,12.94,26.1533612
1995-07-30,35.22,12.69,25.2701524
1995-07-31,33.32,12.2,24.231822
1995-08-01,34.96,11.61,25.0134733
1995-08-02,35.15,13.62,25.339391499999998
1995-08-03,34.3,17.04,25.265655999999996
1995-08-04,33.07,17.65,24.65918275
1995-08-05,32.09,19.07,24.26042715
1995-08-06,32.43,15.19,24.066461849999996
1995-08-07,33.05,13.02,24.1758655
1995-08-08,31.37,13.58,23.351520299999997
1995-08-09,33.39,12.9,24.3407455
1995-08-10,33.03,11.18,23.977909699999998
1995-08-11,30.42,11.5,22.67094
1995-08-12,31.07,11.58,23.011843300000002
1995-08-13,31.14,15.93,23.4459136
1995-08-14,30.87,10.09,22.77495315
1995-08-15,29.96,10.51,22.3506653
1995-08-16,28.21,11.67,21.54947635
1995-08-17,28.52,19.94,22.346573399999997
1995-08-18,27.38,16.46,21.4620264
1995-08-19,29.97,10.36,22.342980599999997
1995-08-20,29.08,28.31,23.331178899999998
1995-08-21,27.96,48.32,24.1341296
1995-08-22,29.37,44.12,24.7998542
1995-08-23,31.56,33.69,25.3381327
1995-08-24,29.75,20.22,23.058452499999998
1995-08-25,28.91,12.53,21.97756515
1995-08-26,26.99,11.07,20.88095365
1995-08-27,27.23,12.09,21.074981349999998
1995-08-28,28.03,14.07,21.63551905
1995-08-29,29.46,12.07,22.2251196
1995-08-30,29.33,11.11,22.079687149999998
1995-08-31,31.02,12.12,23.035223199999997
1995-09-01,32.89,16.1,24.4039345
1995-09-02,32.18,25.39,24.9249236
1995-09-03,32.74,27.34,25.4507488
1995-09-04,32.49,26.37,25.204679650000003
1995-09-05,29.43,13.85,22.35579275
1995-09-06,29.39,11.99,22.182421050000002
1995-09-07,28.55,20.25,22.38731875
1995-09-08,27.92,9.22,21.2195282
1995-09-09,26.34,12.98,20.6732576
1995-09-10,25.54,17.06,20.503883199999997
1995-09-11,26.8,10.39,20.7378835
1995-09-12,28.02,9.28,21.2740608
1995-09-13,29.62,8.98,22.0507768
1995-09-14,30.86,9.8,22.743803999999997
1995-09-15,30.26,14.68,22.8644624
1995-09-16,29.52,19.27,22.850894699999998
1995-09-17,27.26,19.76,21.6287568
1995-09-18,26.18,15.1,20.726024
1995-09-19,27.81,16.67,21.709827349999998
1995-09-20,28.07,16.91,21.86857785
1995-09-21,26.76,15.92,21.0904856
1995-09-22,24.25,10.7,19.4612875
1995-09-23,26.12,17.64,20.856372399999998
1995-09-24,25.17,16.58,20.2744973
1995-09-25,25.33,23.17,20.75362105
1995-09-26,22.99,25.78,19.5242971
1995-09-27,22.13,23.96,18.9389814
1995-09-28,21.15,30.66,18.6138895
1995-09-29,19.94,26.25,17.7334
1995-09-30,18.16,19.86,16.5467818
1995-10-01,21.54,14.24,18.2193728
1995-10-02,22.04,13.19,18.4399893
1995-10-03,24.31,11.91,19.55710405
1995-10-04,20.75,14.65,17.81609375
1995-10-05,15.9,13.74,15.235798
1995-10-06,17.72,12.06,16.1625826
1995-10-07,18.77,13.44,16.7371384
1995-10-08,20.91,15.33,17.92495915
1995-10-09,21.14,16.54,18.0920408
1995-10-10,22.8,14.41,18.8928165
1995-10-11,22.18,15.17,18.596780799999998
1995-10-12,22.52,25.65,19.2404215
1995-10-13,19.85,15.22,17.3553485
1995-10-14,18.88,10.1,16.714309
1995-10-15,22.61,10.92,18.6365866
1995-10-16,20.83,23.28,18.158993199999998
1995-10-17,21.22,19.15,18.231783999999998
1995-10-18,23.87,13.9,19.4328365
1995-10-19,21.81,18.47,18.53208635
1995-10-20,21.11,13.61,17.96929155
1995-10-21,21.74,14.79,18.3469378
1995-10-22,15.41,15.64,14.9877782
1995-10-23,11.38,16.45,12.813718000000001
1995-10-24,13.61,13.27,14.03454335
1995-10-25,15.48,13.2,15.012148
1995-10-26,18.19,14.77,16.46025715
1995-10-27,19.56,38.09,17.8370447
1995-10-28,20.34,26.52,17.9798224
1995-10-29,21.52,23.66,18.5725126
1995-10-30,20.6,29.15,18.2229825
1995-10-31,17.67,45.09,16.712644150000003
1995-11-01,16.11,53.79,15.700810449999999
1995-11-02,13.48,25.38,13.8986182
1995-11-03,12.95,11.97,13.70045575
1995-11-04,12.59,10.46,13.5306177
1995-11-05,13.88,8.96,14.1904464
1995-11-06,13.79,27.43,14.07338585
1995-11-07,15.81,25.33,15.272002650000001
1995-11-08,17.03,27.44,16.0203276
1995-11-09,16.98,29.6,16.019744
1995-11-10,15.11,36.51,14.89699105
1995-11-11,13.56,25.51,13.945113300000001
1995-11-12,15.72,21.43,15.1927953
1995-11-13,17.38,31.71,16.2982864
1995-11-14,18.42,36.17,17.0438252
1995-11-15,17.57,27.35,16.34330475
1995-11-16,18.25,24.47,16.69219375
1995-11-17,17.38,22.82,16.1574688
1995-11-18,17.09,26.74,16.0464113
1995-11-19,16.43,28.14,15.6672061
1995-11-20,15.72,26.9,15.229499
1995-11-21,16.74,21.94,15.778300799999998
1995-11-22,15.45,20.84,15.036389
1995-11-23,16.01,21.44,15.3575592
1995-11-24,16.27,27.23,15.56158405
1995-11-25,17.58,24.6,16.302723999999998
1995-11-26,14.54,30.31,14.524668199999999
1995-11-27,7.58,25.24,10.425365600000001
1995-11-28,10.8,21.96,12.388114
1995-11-29,13.18,44.26,13.5846724
1995-11-30,15.34,33.37,15.032169399999999
1995-12-01,13.84,31.78,14.0876386
1995-12-02,12.01,33.02,12.9272911
1995-12-03,11.6,33.42,12.661951
1995-12-04,11.55,36.46,12.5809365
1995-12-05,13.46,47.3,13.761444000000001
1995-12-06,13.21,43.7,13.609448500000001
1995-12-07,14.08,40.11,14.2183459
1995-12-08,9.71,43.93,11.187164150000001
1995-12-09,10.99,30.68,12.3282226
1995-12-10,10.33,33.65,11.85173725
1995-12-11,11.4,33,12.54235
1995-12-12,12.09,55.73,12.67679885
1995-12-13,11.71,73.61,12.11495455
1995-12-14,10.8,52.87,11.7590955
1995-12-15,11.02,30.44,12.3513784
1995-12-16,8.2,42.02,10.209007
1995-12-17,5.12,42.48,8.0874568
1995-12-18,4.56,35.45,8.0889485
1995-12-19,5.65,37.32,8.700949000000001
1995-12-20,6.57,36.04,9.359615400000001
1995-12-21,3.96,29.08,8.0712324
1995-12-22,3.29,32.92,7.425817400000001
1995-12-23,3.08,42.89,6.6670791000000005
1995-12-24,2.8,41.72,6.550318000000001
1995-12-25,3.45,29.53,7.7328142500000014
1995-12-26,4.95,28.18,8.722345500000001
1995-12-27,6.07,23.98,9.594667300000001
1995-12-28,7.33,26.52,10.227683800000001
1995-12-29,6.03,42.9,8.6900035
1995-12-30,8.62,50.62,10.2169492
1995-12-31,10.87,56.99,11.72869465
1996-01-01,7.11,45.15,9.33937825
1996-01-02,6.33,37.85,9.12271025
1996-01-03,8.16,33.89,10.4652557
1996-01-04,7.94,36.63,10.226389600000001
1996-01-05,8.67,38.51,10.64167685
1996-01-06,8.85,46.26,10.5199705
1996-01-07,10.09,45.88,11.4026806
1996-01-08,11.21,32.98,12.4227269
1996-01-09,10.94,33.32,12.2455944
1996-01-10,10.76,36.34,12.0694862
1996-01-11,9.33,31.56,11.2760914
1996-01-12,10.04,28.69,11.7892343
1996-01-13,11.92,22.15,13.0246915
1996-01-14,12.1,23.35,13.11178
1996-01-15,12.77,24.02,13.4929497
1996-01-16,11.43,40.87,12.42841005
1996-01-17,10.55,36.81,11.92280275
1996-01-18,3.25,31.1,7.5131875
1996-01-19,6.48,47.67,8.7882763
1996-01-20,5.27,36.95,8.47073325
1996-01-21,5.93,37.12,8.8938488
1996-01-22,4.59,32.11,8.29034445
1996-01-23,3.6,34.7,7.514735000000002
1996-01-24,4.59,36.42,8.055427900000002
1996-01-25,6.41,60.84,8.1524242
1996-01-26,4.1,30.43,8.079404
1996-01-27,5.3,34.3,8.62442
1996-01-28,8.07,58.24,9.546842400000001
1996-01-29,7.38,38.11,9.8036124
1996-01-30,8.11,35.34,10.3824757
1996-01-31,6.55,75.49,7.621699750000001
1996-02-01,9.4,79.14,9.985123000000002
1996-02-02,8.93,62.99,10.06380135
1996-02-03,8.13,38.75,10.275893750000002
1996-02-04,8.92,39.94,10.7632414
1996-02-05,9.95,60.6,10.935985
1996-02-06,11.85,54.15,12.51826375
1996-02-07,13.23,36.37,13.674455550000001
1996-02-08,15.08,28.77,14.8527763
1996-02-09,16.9,26.08,15.924256
1996-02-10,14.97,36.95,14.80701575
1996-02-11,14.98,35.05,14.808532
1996-02-12,14.68,27.24,14.6079676
1996-02-13,14.63,28.56,14.578920400000001
1996-02-14,15.19,24.65,14.90404675
1996-02-15,15.69,20.34,15.1686253
1996-02-16,16.34,33.63,15.668335599999999
1996-02-17,16.46,34.93,15.758545400000001
1996-02-18,14.35,36.07,14.40274225
1996-02-19,12.85,47.23,13.32888775
1996-02-20,11.49,73.7,11.9253965
1996-02-21,10.17,81.52,10.6101012
1996-02-22,7.5,53.55,9.288325
1996-02-23,4.44,35.21,8.0248307
1996-02-24,6.16,37.93,9.007150900000001
1996-02-25,4.33,67.38,6.1545997
1996-02-26,2.86,46.84,6.2633032
1996-02-27,2.5,36.94,6.6619600000000005
1996-02-28,2.98,68.1,5.001184000000001
1996-02-29,4.4,48.72,7.248604000000001
1996-03-01,7.72,40.11,9.9532981
1996-03-02,8.54,31.45,10.787068999999999
1996-03-03,11.23,24.85,12.581572750000001
1996-03-04,10.15,50.14,11.3429005
1996-03-05,11.23,59.9,11.9511985
1996-03-06,8.1,40.87,10.181376
1996-03-07,10.6,29.03,12.1223065
1996-03-08,13.62,27.71,13.9698836
1996-03-09,15.07,32.42,14.8581367
1996-03-10,16.47,29.08,15.7015818
1996-03-11,14.58,44.28,14.5554832
1996-03-12,12.06,53.93,12.6782594
1996-03-13,8.51,73.34,9.3883137
1996-03-14,9.56,56.93,10.7302119
1996-03-15,12.89,39.73,13.42369085
1996-03-16,14.08,37.45,14.2244905
1996-03-17,14.07,35,14.223725
1996-03-18,16.11,36.93,15.55151515
1996-03-19,17.75,30.83,16.51358625
1996-03-20,18.49,29.25,16.937391249999997
1996-03-21,18.95,33.63,17.325594249999998
1996-03-22,16.6,38.19,15.8860945
1996-03-23,10.37,32.31,11.90757835
1996-03-24,9.34,30.33,11.3172346
1996-03-25,13.03,32.52,13.5755758
1996-03-26,11.98,26.85,12.993859
1996-03-27,11.99,33.52,12.9077564
1996-03-28,13.85,46.4,14.04162
1996-03-29,9.88,30.1,11.656159
1996-03-30,12.65,31.22,13.3498365
1996-03-31,14.91,29.83,14.75176665
1996-04-01,16.06,34.77,15.5003266
1996-04-02,14.25,40.62,14.3316475
1996-04-03,14.24,32.17,14.3369969
1996-04-04,14.51,33.04,14.5063172
1996-04-05,13.94,27.55,14.163146
1996-04-06,16.84,23.63,15.8571181
1996-04-07,20.63,21.34,17.977978099999998
1996-04-08,22.34,23.37,19.0357144
1996-04-09,19.25,27.05,17.34418125
1996-04-10,18.07,32.24,16.7395324
1996-04-11,16.75,32.76,15.917905
1996-04-12,18.12,28.39,16.6942449
1996-04-13,13.29,23.62,13.7983089
1996-04-14,14.55,26.01,14.52965275
1996-04-15,16.96,20.5,15.884365
1996-04-16,17.16,32.45,16.1717435
1996-04-17,15.78,39.31,15.3527424
1996-04-18,14.72,40.71,14.6482591
1996-04-19,12.99,21.8,13.639451000000001
1996-04-20,13.76,25.52,14.0631336
1996-04-21,14.58,19.72,14.5446768
1996-04-22,17.67,19.23,16.26177505
1996-04-23,21.66,19.61,18.4942418
1996-04-24,24.66,19.14,20.1415432
1996-04-25,24.29,28.59,20.44492855
1996-04-26,24.66,18.3,20.094604
1996-04-27,24.47,18.77,20.01575295
1996-04-28,18.82,11.81,16.7246056
1996-04-29,17.08,12.83,15.8430577
1996-04-30,23.03,11.88,18.895850199999998
1996-05-01,24.63,14.84,19.8853106
1996-05-02,26.06,15.17,20.6665086
1996-05-03,23.54,16.91,19.408765199999998
1996-05-04,22.63,14.56,18.8095504
1996-05-05,23.43,13.73,19.19284895
1996-05-06,24.61,15.54,19.9136017
1996-05-07,23.7,17.59,19.530054
1996-05-08,23.25,21.74,19.4837375
1996-05-09,22.26,24.46,19.0359528
1996-05-10,24.59,13.76,19.8041112
1996-05-11,27.37,10.16,21.0106756
1996-05-12,30.34,9.03,22.4146936
1996-05-13,29.16,15.87,22.3765981
1996-05-14,27.34,23.24,21.9192088
1996-05-15,26.68,29.8,21.977301999999998
1996-05-16,22.85,39.85,20.087611250000002
1996-05-17,21.59,33.41,18.99332295
1996-05-18,24.45,30.74,20.659746499999997
1996-05-19,22.83,19.77,19.15426255
1996-05-20,21.96,12.72,18.3789016
1996-05-21,23.18,14.44,19.0953656
1996-05-22,22.72,26.2,19.383502
1996-05-23,20.85,13.21,17.81885925
1996-05-24,14.57,34.2,14.544667
1996-05-25,15.01,44.37,14.85395785
1996-05-26,19.82,34.07,17.8908882
1996-05-27,21.72,33.25,19.0693575
1996-05-28,21,27.21,18.3977575
1996-05-29,22.57,21.49,19.08533365
1996-05-30,21.64,23.98,18.6546946
1996-05-31,23.34,18.33,19.3692046
1996-06-01,26.16,14.32,20.665341599999998
1996-06-02,28.97,12.34,21.9935789
1996-06-03,31.82,9.5,23.19897
1996-06-04,32.83,10.96,23.8534324
1996-06-05,32.19,11.32,23.561879399999995
1996-06-06,32.5,12.03,23.790969999999998
1996-06-07,32.62,13.06,23.955559599999997
1996-06-08,31.69,14.63,23.61869335
1996-06-09,32.87,13.97,24.177958949999997
1996-06-10,32.44,12.45,23.801441499999996
1996-06-11,29.81,12.49,22.44122045
1996-06-12,28.03,11.86,21.471061900000002
1996-06-13,29.08,17.91,22.497202899999998
1996-06-14,29.11,15.7,22.336073499999998
1996-06-15,28.36,11.14,21.5862022
1996-06-16,28.77,13.54,21.984186899999997
1996-06-17,28.16,14.96,21.7709448
1996-06-18,28.38,11.15,21.597191
1996-06-19,29.44,12.62,22.259985399999998
1996-06-20,29.59,15.33,22.56281335
1996-06-21,26.79,17.29,21.19921755
1996-06-22,25.56,15.06,20.393099799999998
1996-06-23,28.42,13.4,21.789904
1996-06-24,28.09,16.25,21.83010625
1996-06-25,25.12,20.96,20.5032736
1996-06-26,22.78,26.98,19.4546692
1996-06-27,19.81,27.02,17.6786191
1996-06-28,22.83,19.35,19.135020249999997
1996-06-29,27.33,13.06,21.1950789
1996-06-30,31.38,7.7,22.810868
1996-07-01,32.9,7.37,23.525844
1996-07-02,35.04,11.09,24.995837299999998
1996-07-03,34.21,17.93,25.31320165
1996-07-04,32.5,15.89,24.17311
1996-07-05,32.9,11.28,23.921535999999996
1996-07-06,33.22,10.87,24.0431752
1996-07-07,33.94,10.66,24.3877672
1996-07-08,33.52,16.57,24.7923877
1996-07-09,32.12,16.99,24.075500899999998
1996-07-10,32.82,19.69,24.727964399999998
1996-07-11,31.93,30.33,25.251085449999998
1996-07-12,32.48,33.22,25.876125799999997
1996-07-13,33.51,26.09,25.782339949999997
1996-07-14,34.59,24.39,26.23547305
1996-07-15,34.23,26.53,26.25740295
1996-07-16,32.11,18.7,24.2356885
1996-07-17,28.02,13.94,21.6205784
1996-07-18,28.59,16.54,22.122267299999997
1996-07-19,29.41,14.08,22.3641304
1996-07-20,32.33,10.36,23.5394534
1996-07-21,33.35,11.09,24.13225575
1996-07-22,35.3,13.62,25.418127999999996
1996-07-23,35.92,14.88,25.8920128
1996-07-24,35.16,13.96,25.383274799999995
1996-07-25,35.41,15.65,25.70932825
1996-07-26,35.24,17.89,25.8737123
1996-07-27,32.41,23.56,24.880277799999995
1996-07-28,30.95,39.49,25.47535775
1996-07-29,33.31,24.38,25.4867329
1996-07-30,34.1,19.83,25.457673999999997
1996-07-31,35.44,15.92,25.7565064
1996-08-01,34.86,14.18,25.249876399999998
1996-08-02,32.47,12.62,23.833797699999998
1996-08-03,30.75,10.19,22.723231249999998
1996-08-04,28.73,13.21,21.93738065
1996-08-05,29.14,15.66,22.3489432
1996-08-06,29.26,17.69,22.5780742
1996-08-07,31.26,15.17,23.4403706
1996-08-08,33.57,11.06,24.2415281
1996-08-09,33.82,13.49,24.6274474
1996-08-10,34.49,16.4,25.298598
1996-08-11,34.66,17.33,25.493550399999997
1996-08-12,35.16,19.67,26.032102099999996
1996-08-13,34.31,22.43,25.85836065
1996-08-14,34.25,21.95,25.771818749999998
1996-08-15,33.47,20.74,25.2004079
1996-08-16,34.48,17.64,25.429459599999998
1996-08-17,32.25,14.77,23.929421249999997
1996-08-18,28.96,7.54,21.6066562
1996-08-19,27.78,12.6,21.396304
1996-08-20,27.46,12.3,21.208744
1996-08-21,27.81,9.59,21.19153595
1996-08-22,31.25,8.86,22.853727499999998
1996-08-23,31.6,15.81,23.6819305
1996-08-24,31.57,25.53,24.578384049999997
1996-08-25,32.68,22.38,24.9187762
1996-08-26,31.48,16.08,23.6427112
1996-08-27,28.58,12.46,21.8009024
1996-08-28,29.27,11.56,22.0855766
1996-08-29,32.32,9.93,23.4922393
1996-08-30,34.21,10.47,24.50450035
1996-08-31,33.89,12.28,24.5351006
1996-09-01,32.48,12.35,23.812291499999997
1996-09-02,30.66,10.52,22.7070176
1996-09-03,29.27,11.99,22.12050765
1996-09-04,29.44,18.79,22.7669743
1996-09-05,27.75,23.99,22.21077125
1996-09-06,25.6,15.06,20.414413
1996-09-07,27.42,17.51,21.5582606
1996-09-08,28.91,24.73,22.94447615
1996-09-09,30.11,21.83,23.39871465
1996-09-10,29.29,16.68,22.5123346
1996-09-11,28.36,20.05,22.2654115
1996-09-12,26.32,9.51,20.4372451
1996-09-13,22.83,19.46,19.140059899999997
1996-09-14,21.34,30.79,18.7363198
1996-09-15,22.85,24.37,19.37669225
1996-09-16,21.1,29.28,18.532864
1996-09-17,18.32,18.76,16.6131476
1996-09-18,19.03,18.29,16.994195350000002
1996-09-19,21.34,11.53,18.0117586
1996-09-20,23.38,14.01,19.1802484
1996-09-21,25.57,17.1,20.522633499999998
1996-09-22,24.87,21.89,20.41499615
1996-09-23,24.28,26.04,20.3016916
1996-09-24,24.53,22.51,20.255264150000002
1996-09-25,24.8,17.18,20.108247
1996-09-26,23.63,13.34,19.278368099999998
1996-09-27,21.1,13.1,17.94553
1996-09-28,22.89,14.79,18.95798455
1996-09-29,25.64,14.41,20.3959007
1996-09-30,26.22,13.57,20.648722199999998
1996-10-01,23.18,25.07,19.6028418
1996-10-02,23.47,20.11,19.52862685
1996-10-03,23.58,24.31,19.800041399999998
1996-10-04,24.74,24.46,20.485587199999998
1996-10-05,25.47,20.51,20.67397085
1996-10-06,26.46,17.2,21.013416
1996-10-07,26.54,14.49,20.8775278
1996-10-08,27.61,11.74,21.2460127
1996-10-09,28.12,10.29,21.3998239
1996-10-10,26.61,17.44,21.111091199999997
1996-10-11,23.12,20.14,19.3338374
1996-10-12,21.46,16.31,18.2563468
1996-10-13,21.74,11.67,18.2226994
1996-10-14,20.99,18.36,18.075860199999997
1996-10-15,22.01,14.65,18.48461825
1996-10-16,19.78,17.54,17.3853616
1996-10-17,15.56,13.68,15.0567544
1996-10-18,18.52,12.36,16.5822796
1996-10-19,17.2,23.67,16.0664995
1996-10-20,11.54,18.91,12.8601452
1996-10-21,8.56,17.95,11.2405735
1996-10-22,9.8,8.69,12.1603635
1996-10-23,13.09,13.88,13.7578606
1996-10-24,13.96,25.13,14.1823639
1996-10-25,13.6,32.34,13.934917
1996-10-26,9.47,36.32,11.2317072
1996-10-27,9.31,32.6,11.233933
1996-10-28,7.56,51.67,9.4047561
1996-10-29,5.81,74.81,7.01395605
1996-10-30,7.05,55.72,8.864373
1996-10-31,6.51,76.88,7.5260084
1996-11-01,9.35,53.2,10.67561
1996-11-02,10.56,39.78,11.864967400000001
1996-11-03,12.71,51.17,13.19073135
1996-11-04,11.1,52.99,11.979087
1996-11-05,11.81,39.21,12.709388050000001
1996-11-06,8.46,29.32,10.8079896
1996-11-07,8.44,29.92,10.7757664
1996-11-08,12.31,28.92,13.166158600000001
1996-11-09,14.84,30.55,14.7101285
1996-11-10,15.3,30.9,14.99596
1996-11-11,16.67,27.27,15.801967450000001
1996-11-12,17.44,26.13,16.245522100000002
1996-11-13,16.8,26.57,15.8711105
1996-11-14,13.39,34.49,13.78993855
1996-11-15,11.97,32.83,12.90467055
1996-11-16,7.45,34.51,9.98937475
1996-11-17,10.25,47.22,11.4837325
1996-11-18,11.91,81.16,12.1783758
1996-11-19,12.39,65.11,12.79489845
1996-11-20,14.08,40.93,14.2164517
1996-11-21,12.79,68.58,13.085505099999999
1996-11-22,13.45,79.85,13.56636625
1996-11-23,11.7,54.34,12.403164
1996-11-24,10.71,44.88,11.858976400000001
1996-11-25,10.46,52.44,11.5167832
1996-11-26,9.83,48.28,11.1584282
1996-11-27,5.62,33.88,8.8493008
1996-11-28,6.7,27.26,9.820546
1996-11-29,6.15,43.82,8.730066500000001
1996-11-30,3.54,40.58,7.121837600000001
1996-12-01,6.11,34,9.15557
1996-12-02,3.96,43.12,7.257333600000001
1996-12-03,4.56,30.87,8.339337100000002
1996-12-04,5.9,34.23,9.010921000000002
1996-12-05,6.53,50.99,8.67835335
1996-12-06,8.98,80.32,9.5774848
1996-12-07,8.29,61.31,9.6114569499999991
1996-12-08,8.17,62.73,9.467555050000001
1996-12-09,9.22,63.36,10.284025600000001
1996-12-10,9.07,83.19,9.57203065
1996-12-11,10.96,80.64,11.336939200000002
1996-12-12,10.2,83.7,10.585495
1996-12-13,10.33,74.44,10.9162186
1996-12-14,7.3,48.17,9.352468
1996-12-15,3.33,35.25,7.30791625
1996-12-16,6.12,30.57,9.3200287
1996-12-17,5.85,43.67,8.52989975
1996-12-18,2.08,29.7,6.882193000000001
1996-12-19,5.43,25.25,9.15890375
1996-12-20,5.68,35.3,8.818597
1996-12-21,4.31,59.85,6.560206750000001
1996-12-22,8.72,66.3,9.791323
1996-12-23,6.31,46.61,8.71495255
1996-12-24,5.37,45.92,8.085627200000001
1996-12-25,6.85,38.42,9.4409785
1996-12-26,7.9,38.68,10.125916
1996-12-27,7.21,72.04,8.3310562
1996-12-28,6.91,86.61,7.468965550000001
1996-12-29,7.54,70.16,8.682275200000001
1996-12-30,8.77,71.7,9.6618745
1996-12-31,9.03,92.81,9.24631115
1997-01-01,10.58,89.86,10.7986184
1997-01-02,13.1,87.4,13.19702
1997-01-03,13.5,72.42,13.65169
1997-01-04,6.7,46.84,8.980564000000001
1997-01-05,6.82,55.42,8.7030592
1997-01-06,3.59,38.25,7.29530875
1997-01-07,2.83,35.5,6.9699325000000005
1997-01-08,4.64,46.83,7.5234091
1997-01-09,7.62,41.58,9.8306128
1997-01-10,8.93,44.17,10.64035205
1997-01-11,6.4,47.23,8.7509035000000015
1997-01-12,5.54,54.81,7.766963200000001
1997-01-13,3.69,79.64,4.900503800000001
1997-01-14,-0.19,47.38,4.061432900000001
1997-01-15,0,58.12,3.3399300000000016
1997-01-16,1.38,71.86,3.410582400000001
1997-01-17,4.23,54,6.828310000000001
1997-01-18,6.57,40.64,9.1589864
1997-01-19,7.45,51.69,9.32322025
1997-01-20,6.18,53.5,8.30784
1997-01-21,5.29,76.97,6.456584650000001
1997-01-22,7.26,80.91,8.0201638
1997-01-23,10.45,69.4,11.131615
1997-01-24,8.32,57.54,9.7632154
1997-01-25,8.27,69.84,9.3034324
1997-01-26,10.17,79.15,10.66654275
1997-01-27,9.09,62.9,10.193910500000001
1997-01-28,11.49,45.89,12.38579105
1997-01-29,9.72,54.14,10.9256594
1997-01-30,7.22,43.79,9.4706484
1997-01-31,10.69,34.6,12.060457
1997-02-01,10.85,39.73,12.05992025
1997-02-02,11.56,46.6,12.423478000000001
1997-02-03,7.96,40.5,10.100215
1997-02-04,9.16,35.44,11.0561272
1997-02-05,8.54,42.71,10.417966199999999
1997-02-06,4.52,37.77,7.9358047
1997-02-07,6.74,28.31,9.799729200000002
1997-02-08,6.6,34.94,9.426857
1997-02-09,6.58,37.48,9.3033712
1997-02-10,8.54,34.63,10.6828286
1997-02-11,10.41,32.19,11.93538595
1997-02-12,11.3,32.5,12.488000000000001
1997-02-13,6.75,32.61,9.62249875
1997-02-14,8.51,34.14,10.6797577
1997-02-15,11.62,37.87,12.6041392
1997-02-16,12.95,36.72,13.489462
1997-02-17,11.81,41.88,12.6698854
1997-02-18,10.71,43.11,11.895872050000001
1997-02-19,11.53,28.33,12.70072945
1997-02-20,12,41.15,12.8091875
1997-02-21,6.89,31.38,9.7620901
1997-02-22,8.44,31.24,10.7317708
1997-02-23,7.44,35.71,9.9363807
1997-02-24,5.2,30.38,8.761063000000002
1997-02-25,6.48,25.49,9.766636100000001
1997-02-26,10.06,39.85,11.528863000000001
1997-02-27,10.56,52.09,11.5982097
1997-02-28,6.54,45.01,8.9474622
1997-03-01,4.6,32.63,8.2682965
1997-03-02,6.84,36.61,9.5106207
1997-03-03,9.48,37.77,11.198170300000001
1997-03-04,7.38,31.14,10.076557600000001
1997-03-05,8.23,24.92,10.8191338
1997-03-06,12.49,21.42,13.3587019
1997-03-07,13.02,22.88,13.6477568
1997-03-08,15.09,23.76,14.8426012
1997-03-09,15.39,27.65,15.035846750000001
1997-03-10,17.01,21.4,15.924927
1997-03-11,18.59,16.83,16.71909085
1997-03-12,18.18,22.25,16.60634
1997-03-13,16.25,19.92,15.47923
1997-03-14,15.58,20.85,15.109849
1997-03-15,16.03,23.21,15.38381215
1997-03-16,15.43,38.56,15.1157344
1997-03-17,16.06,28.53,15.4467874
1997-03-18,17.96,17.17,16.3837451
1997-03-19,20.06,15.51,17.4762958
1997-03-20,21.4,14.01,18.1366795
1997-03-21,20.22,16.9,17.605674
1997-03-22,18.61,18.83,16.77515215
1997-03-23,17.28,29.57,16.2031253
1997-03-24,18.41,30.22,16.9093811
1997-03-25,15.95,17.38,15.2911055
1997-03-26,18.37,13.46,16.5279961
1997-03-27,18.43,23.87,16.78445005
1997-03-28,17.8,30.52,16.538938
1997-03-29,13.77,18.05,14.09902925
1997-03-30,15.63,12.75,15.08774125
1997-03-31,15.44,36.65,15.1124805
1997-04-01,10.57,19.51,12.309791350000001
1997-04-02,7.59,24.56,10.4570972
1997-04-03,8.43,49.99,10.09958385
1997-04-04,13.27,36.45,13.69991575
1997-04-05,11.14,18.77,12.641130400000002
1997-04-06,10.82,19.9,12.441224
1997-04-07,14.57,24.82,14.5410557
1997-04-08,15.55,27.56,15.131659
1997-04-09,13.07,27.24,13.6422574
1997-04-10,12.44,28.13,13.254287099999999
1997-04-11,12.33,23.82,13.2392083
1997-04-12,11.42,21.12,12.7562272
1997-04-13,13.24,16.15,13.8210805
1997-04-14,17.31,16.97,16.02677135
1997-04-15,20.02,19.03,17.5617508
1997-04-16,22.52,13.02,18.6833122
1997-04-17,22.8,13.53,18.8526445
1997-04-18,20.96,25.6,18.316568
1997-04-19,21.83,28.63,18.95271845
1997-04-20,23.6,27,19.94635
1997-04-21,23.61,24.09,19.80652945
1997-04-22,22.06,25.01,18.9419158
1997-04-23,20.77,22.34,18.0918949
1997-04-24,15.25,18.66,14.9144725
1997-04-25,17.13,25.22,16.048307299999998
1997-04-26,21.55,20.09,18.45148975
1997-04-27,23.78,18.53,19.6217712
1997-04-28,22.26,23.61,18.9996748
1997-04-29,20.34,25.55,17.948666
1997-04-30,21.07,19.56,18.1633006
1997-05-01,20.92,23.08,18.203954800000002
1997-05-02,17.9,13.22,16.277214
1997-05-03,21.51,15.29,18.244005950000002
1997-05-04,23.64,17.36,19.4856872
1997-05-05,25.19,13.68,20.1148156
1997-05-06,25.58,12.47,20.245921799999998
1997-05-07,25.33,24.03,20.804846949999998
1997-05-08,26.49,19.78,21.1998921
1997-05-09,26.81,21.86,21.519531299999997
1997-05-10,26.55,22.18,21.3924795
1997-05-11,28.24,16.44,21.9253708
1997-05-12,28.55,17.85,22.20185875
1997-05-13,29.34,17.84,22.6341008
1997-05-14,29.73,18.5,22.9031525
1997-05-15,28.1,20.67,22.166116000000002
1997-05-16,28.04,22.16,22.2432552
1997-05-17,27.82,25.89,22.390701399999998
1997-05-18,29.08,23.05,22.9093795
1997-05-19,27.18,32.5,22.47255
1997-05-20,27.86,25,22.348999999999997
1997-05-21,26.55,16.64,21.025316
1997-05-22,25.41,16.74,20.4139837
1997-05-23,24.44,19.9,20.060933
1997-05-24,22.62,28,19.40448
1997-05-25,22.1,18.58,18.696644
1997-05-26,22.05,10.07,18.31565675
1997-05-27,25.82,10.54,20.2502204
1997-05-28,28.38,15.22,21.9078948
1997-05-29,30.61,15.78,23.147686899999997
1997-05-30,31.76,17.42,23.9206806
1997-05-31,31.68,20.84,24.200171599999997
1997-06-01,29.45,17.48,22.664793
1997-06-02,29.62,15.95,22.630402
1997-06-03,29.85,17.54,22.8883145
1997-06-04,27.21,23.02,21.8287131
1997-06-05,25.02,30.57,21.0027802
1997-06-06,25.04,30.13,20.9896361
1997-06-07,27.45,21.6,21.86596
1997-06-08,26.96,29.27,22.1128731
1997-06-09,26.19,28.96,21.622483199999998
1997-06-10,26.05,28.17,21.48699925
1997-06-11,27,21.86,21.627875
1997-06-12,26.54,21.92,21.3695424
1997-06-13,20.3,35.56,18.244364
1997-06-14,17.4,55.98,16.697881
1997-06-15,21.17,40.6,18.990911
1997-06-16,26.23,29.16,21.6597574
1997-06-17,30.31,24.04,23.7048982
1997-06-18,32.41,19.54,24.484287699999996
1997-06-19,31.34,18.78,23.8174036
1997-06-20,31.56,17.62,23.8302846
1997-06-21,29.94,15.67,22.7786964
1997-06-22,28.16,15.8,21.834054
1997-06-23,27.29,13.14,21.1798333
1997-06-24,27.54,11.81,21.215013199999998
1997-06-25,31.04,9.63,22.8190411
1997-06-26,30.94,12.05,22.987561
1997-06-27,29.88,10.77,22.332034299999997
1997-06-28,27.53,11.1,21.1589815
1997-06-29,26.38,13.08,20.7006472
1997-06-30,25.24,13.57,20.1345799
1997-07-01,23.86,13.88,19.4265424
1997-07-02,26.96,7.92,20.6497576
1997-07-03,28.19,10.51,21.451850450000002
1997-07-04,32.54,6.73,23.2857506
1997-07-05,32.48,7.59,23.3415751
1997-07-06,31.35,7.66,22.7923905
1997-07-07,31.22,8.58,22.8130168
1997-07-08,32.5,10.19,23.60881
1997-07-09,31.89,10.11,23.292470950000002
1997-07-10,30.65,14.21,23.029703249999997
1997-07-11,28.89,17.98,22.3985271
1997-07-12,28.37,18.09,22.12149565
1997-07-13,30.32,14.17,22.851931699999998
1997-07-14,32,14.74,23.793725
1997-07-15,33.27,12.44,24.2307434
1997-07-16,32.65,11.68,23.833455999999998
1997-07-17,33.76,12.14,24.4529902
1997-07-18,30.75,15.73,23.21836875
1997-07-19,30.13,12.02,22.5667993
1997-07-20,31.05,11.97,23.037069250000002
1997-07-21,31.33,18.23,23.76095995
1997-07-22,27.51,41.74,23.3412057
1997-07-23,26.52,47.29,23.0353419
1997-07-24,28.85,28.36,23.195813
1997-07-25,30.23,16.79,23.03108685
1997-07-26,31.44,18.22,23.8205574
1997-07-27,29.9,20.14,23.135858
1997-07-28,28.35,25.44,22.670392
1997-07-29,28.97,30.66,23.451576099999997
1997-07-30,28.89,23.94,22.8702313
1997-07-31,29.14,18.32,22.5631264
1997-08-01,29.9,15.32,22.727604
1997-08-02,31.44,11.71,23.2140207
1997-08-03,33.83,15.17,24.811298549999997
1997-08-04,32.24,26.9,25.107633
1997-08-05,33.86,25.17,25.892101599999997
1997-08-06,35.81,15.89,25.95188745
1997-08-07,35.65,17.21,26.019453249999998
1997-08-08,34.24,24.18,26.0082226
1997-08-09,31.98,30.45,25.293463
1997-08-10,29.02,24.79,23.0137294
1997-08-11,26.95,25.81,21.869839749999997
1997-08-12,28.66,19.75,22.41013
1997-08-13,30.3,17.88,23.163772
1997-08-14,30.63,13.39,22.94639385
1997-08-15,30.12,14.2,22.748922
1997-08-16,29.59,18.16,22.7976892
1997-08-17,28.69,22.48,22.6399516
1997-08-18,28.81,19.71,22.49077555
1997-08-19,30.03,13.64,22.6535606
1997-08-20,30.07,31.67,24.21856045
1997-08-21,30.85,23.03,23.92847275
1997-08-22,32.38,14.53,23.9748802
1997-08-23,32.92,17.38,24.549767799999998
1997-08-24,31.26,21.16,23.9925288
1997-08-25,29.88,15.44,22.7270696
1997-08-26,29.83,14.84,22.6497346
1997-08-27,29.59,12.42,22.321297899999998
1997-08-28,29.65,12.34,22.3457305
1997-08-29,27.68,17.37,21.6901513
1997-08-30,28.37,15.3,21.9086605
1997-08-31,28.83,13.24,21.9920106
1997-09-01,30.26,14.32,22.8332576
1997-09-02,27.52,47.15,23.735411499999998
1997-09-03,25.63,60.57,23.21629255
1997-09-04,24.45,60.61,22.294382249999998
1997-09-05,28.33,36.71,23.515846149999998
1997-09-06,28.97,35.02,23.7985667
1997-09-07,29.19,27.75,23.35256125
1997-09-08,29.81,24.45,23.44831225
1997-09-09,30,30.13,24.0435825
1997-09-10,30.12,27.2,23.865752
1997-09-11,27.89,25.8,22.425541
1997-09-12,25.8,22.51,20.9839965
1997-09-13,25.82,22.1,20.969946
1997-09-14,25.01,19.3,20.3451365
1997-09-15,26.49,22.37,21.37068965
1997-09-16,24.32,16.66,19.8188066
1997-09-17,25.22,16.98,20.3251408
1997-09-18,26.25,19.76,21.06449
1997-09-19,24.2,29.86,20.458031
1997-09-20,22.32,25.05,19.0964005
1997-09-21,22.48,24.53,19.167621699999998
1997-09-22,24.76,17.61,20.110732300000002
1997-09-23,25.38,19.1,20.538944
1997-09-24,25.18,22.23,20.6117902
1997-09-25,22.95,60.64,21.120744
1997-09-26,20.84,70.31,19.8047097
1997-09-27,23.12,47.28,20.6205448
1997-09-28,22.62,29.29,19.4620914
1997-09-29,24.01,25.51,20.11380055
1997-09-30,24.38,30.68,20.613151199999997
1997-10-01,26.04,29.69,21.577424299999997
1997-10-02,24.95,38.96,21.441726
1997-10-03,21.54,34.93,19.020489599999998
1997-10-04,24.03,28.03,20.25769245
1997-10-05,23.95,32.29,20.43077275
1997-10-06,21.21,38.78,18.9506759
1997-10-07,15.41,35.1,15.0851755
1997-10-08,14.04,33.62,14.2079414
1997-10-09,16.09,36.87,15.537928149999999
1997-10-10,16.84,42.49,16.0998463
1997-10-11,13.23,44.05,13.62081075
1997-10-12,10.8,32.85,12.1665025
1997-10-13,12.66,32.88,13.3392544
1997-10-14,16.03,30.88,15.4483552
1997-10-15,18.86,25.06,17.062938799999998
1997-10-16,19.6,23.85,17.4639925
1997-10-17,21.75,21.1,18.603862499999998
1997-10-18,20.59,22.71,18.00117145
1997-10-19,19.88,25.64,17.6796876
1997-10-20,16.87,36.83,16.046579050000002
1997-10-21,17.05,28.65,16.04931625
1997-10-22,18.27,26.94,16.7551009
1997-10-23,18.88,26.49,17.109144099999998
1997-10-24,13.87,25.95,14.12658325
1997-10-25,9.51,26.73,11.52089515
1997-10-26,10.71,22.61,12.32319455
1997-10-27,13.08,18.46,13.7168274
1997-10-28,13.51,21.25,13.93879375
1997-10-29,14.56,21.68,14.5341544
1997-10-30,16.39,24.61,15.60632095
1997-10-31,18.67,24.08,16.9287748
1997-11-01,17.96,42.85,16.8724355
1997-11-02,17.31,26.93,16.18070315
1997-11-03,17.8,20.04,16.348726
1997-11-04,18.82,17.47,16.8590872
1997-11-05,17.63,15.04,16.1674136
1997-11-06,17.38,16.8,16.062112
1997-11-07,16.64,23.01,15.7338277
1997-11-08,14.24,46.94,14.3158758
1997-11-09,11.97,28.71,12.96200035
1997-11-10,12.54,27.91,13.3171302
1997-11-11,9.41,69.94,10.2515297
1997-11-12,10.36,53.93,11.4090139
1997-11-13,10.32,56.5,11.320065
1997-11-14,9.23,62.82,10.3076623
1997-11-15,9.08,48.16,10.6253504
1997-11-16,8.41,69.73,9.42389365
1997-11-17,8.96,51.1,10.449983000000001
1997-11-18,8.75,42.86,10.557052500000001
1997-11-19,10.71,40.46,11.9511113
1997-11-20,12.06,54.01,12.6771858
1997-11-21,9.25,37.26,11.0616175
1997-11-22,9.3,37.18,11.096652
1997-11-23,10.76,35.02,12.0966386
1997-11-24,10.97,41.45,12.10674825
1997-11-25,12.01,41.98,12.8045839
1997-11-26,11.82,49.68,12.561716800000001
1997-11-27,8.15,62.56,9.457592
1997-11-28,8.11,52.68,9.7730614
1997-11-29,9.1,43.21,10.786663
1997-11-30,7.85,58.07,9.38358975
1997-12-01,8.03,57.23,9.55197045
1997-12-02,6.55,46.95,8.86961125
1997-12-03,6.16,36.66,9.0654058
1997-12-04,5.84,35.93,8.8916541
1997-12-05,6.92,36.87,9.5518897
1997-12-06,4.26,70.52,5.9203136
1997-12-07,4.41,84.19,5.28737595
1997-12-08,6.4,63.13,8.0425585
1997-12-09,3.71,45.08,6.969227400000001
1997-12-10,1.27,42.91,5.4241538500000015
1997-12-11,1.67,43.7,5.6428095
1997-12-12,1.64,36.5,6.131355
1997-12-13,3.15,38.64,6.980398000000001
1997-12-14,5.35,35.21,8.61055675
1997-12-15,6.92,38.91,9.466842100000001
1997-12-16,5.83,40.06,8.6882389
1997-12-17,8.19,31.91,10.55306345
1997-12-18,7.26,40.67,9.6225206
1997-12-19,4.27,43.03,7.47541705
1997-12-20,1.28,36.34,5.908718600000001
1997-12-21,3.03,45.38,6.475702700000001
1997-12-22,3.87,40.31,7.35977585
1997-12-23,2.4,42.41,6.2326145
1997-12-24,2.32,43.08,6.1330708000000005
1997-12-25,0.98,41.69,5.315931600000001
1997-12-26,0.59,39.44,5.223142800000001
1997-12-27,2.98,31.21,7.3385344
1997-12-28,4.73,42.08,7.8423312
1997-12-29,6.95,53.54,8.8792515
1997-12-30,8.79,52.74,10.2742003
1997-12-31,9.24,42.52,10.9028964
1998-01-01,11.17,39.72,12.2740282
1998-01-02,9.2,62.13,10.3039105
1998-01-03,7.1,77.97,7.996621
1998-01-04,4.58,74.78,5.9560032000000005
1998-01-05,3.37,46.39,6.65173615
1998-01-06,2.22,35.75,6.559445
1998-01-07,4.49,28.88,8.4055116
1998-01-08,5.66,41.12,8.5227456
1998-01-09,3.92,52.94,6.6584214
1998-01-10,4,87.69,4.7109025
1998-01-11,4.74,88.41,5.362151200000001
1998-01-12,5.74,86.13,6.408256600000001
1998-01-13,7.58,73.92,8.5726048
1998-01-14,7.94,35.68,10.260665600000001
1998-01-15,7.51,56.38,9.1869709
1998-01-16,8.4,77.54,9.153533000000001
1998-01-17,9.12,77.33,9.7908053
1998-01-18,10.26,60.2,11.188136
1998-01-19,8.56,65.03,9.7024699
1998-01-20,4.72,38.8,8.011948
1998-01-21,4.38,41.73,7.6233082
1998-01-22,7.16,32.3,9.893049000000001
1998-01-23,8.64,36.69,10.6804813
1998-01-24,9.68,39.44,11.2854456
1998-01-25,10.89,30.19,12.27607755
1998-01-26,10.36,30.28,11.947524399999999
1998-01-27,9.97,36.23,11.55882955
1998-01-28,9.84,30.79,11.6138523
1998-01-29,9.34,44.07,10.9272934
1998-01-30,7.59,45.32,9.6681134
1998-01-31,8.65,36.49,10.693434250000001
1998-02-01,7.92,45.12,9.906107200000001
1998-02-02,7.12,84.24,7.7596984
1998-02-03,9.67,68.74,10.500421900000001
1998-02-04,7.6,73.5,8.605675
1998-02-05,6.73,59.21,8.47316065
1998-02-06,7.17,62.38,8.6866503
1998-02-07,6.45,82.03,7.245621750000001
1998-02-08,7.62,73,8.641680000000001
1998-02-09,7.46,60.65,8.983632
1998-02-10,5.76,40.48,8.621126400000001
1998-02-11,8.19,44.95,10.10051025
1998-02-12,8.24,41.85,10.2421045
1998-02-13,9.22,53.11,10.5816856
1998-02-14,8.46,68.48,9.5070944000000015
1998-02-15,7.13,53.86,9.0002849
1998-02-16,4.8,45.5,7.707575
1998-02-17,5.48,70.81,6.928115900000001
1998-02-18,5.47,52.38,7.8350473
1998-02-19,6.83,45.79,9.11684885
1998-02-20,5.69,68.9,7.196950500000001
1998-02-21,7.72,52.92,9.4756132
1998-02-22,8.86,70.13,9.7865674
1998-02-23,7.41,83.27,8.06238635
1998-02-24,7.78,73.14,8.7727456
1998-02-25,5.22,51.15,7.713304000000001
1998-02-26,6.81,47.69,9.02245145
1998-02-27,5.57,48.1,8.119068500000001
1998-02-28,6.95,46.14,9.1865365
1998-03-01,9.15,47.78,10.686573500000002
1998-03-02,10.79,45.9,11.8939105
1998-03-03,11.08,49.05,12.0383695
1998-03-04,9.7,46.56,11.110816
1998-03-05,8.73,38.93,10.66805645
1998-03-06,8.2,58.3,9.644905
1998-03-07,4.48,36.9,7.957441000000001
1998-03-08,7.23,35.06,9.8266259
1998-03-09,8.91,39.26,10.777451300000001
1998-03-10,10.97,33.77,12.25585545
1998-03-11,13.02,33.17,13.5639962
1998-03-12,15.06,30.02,14.8444616
1998-03-13,14.19,45.48,14.2829566
1998-03-14,10.91,65.96,11.582119800000001
1998-03-15,13.89,44.56,14.0760012
1998-03-16,15.44,42.57,15.1430869
1998-03-17,13.83,51.02,14.0104913
1998-03-18,11.43,36.54,12.5015221
1998-03-19,11.83,30.75,12.84693625
1998-03-20,14.7,30.29,14.623319
1998-03-21,16.09,32.59,15.50049955
1998-03-22,16.87,43.7,16.1361295
1998-03-23,18.7,47.13,17.478703
1998-03-24,18.32,43.61,17.1352461
1998-03-25,12.65,68.37,12.97183525
1998-03-26,10.72,72.26,11.296714600000001
1998-03-27,10.96,69.65,11.550914500000001
1998-03-28,8.77,58.79,10.06873315
1998-03-29,5.33,54.64,7.617731600000001
1998-03-30,7.09,48.45,9.19092025
1998-03-31,8.18,57.66,9.6517384
1998-04-01,6.11,69.62,7.511885100000001
1998-04-02,8.34,50.98,10.0007976
1998-04-03,10.12,59.85,11.087213499999999
1998-04-04,8.38,61.33,9.681632200000001
1998-04-05,8.81,63.2,9.961656000000001
1998-04-06,9.76,52.37,11.001714100000001
1998-04-07,9.94,44.55,11.330686
1998-04-08,10.48,38.81,11.8329109
1998-04-09,12.44,44.23,13.0718741
1998-04-10,14.43,40.71,14.45282665
1998-04-11,12.93,40.04,13.4477546
1998-04-12,11.14,57.28,11.9294656
1998-04-13,9.4,46.84,10.891138
1998-04-14,9.05,45.6,10.68064
1998-04-15,8.82,46.63,10.4872788
1998-04-16,9.08,36.58,10.9705502
1998-04-17,10.78,34.71,12.1158334
1998-04-18,14.38,29.74,14.426371600000001
1998-04-19,17.52,31.33,16.379391299999998
1998-04-20,19.28,32.96,17.5175184
1998-04-21,21.68,28.68,18.863573199999998
1998-04-22,22.66,27.07,19.3869016
1998-04-23,19.05,40.71,17.56626775
1998-04-24,15.91,41.73,15.45811615
1998-04-25,14.9,45.66,14.780452
1998-04-26,14.03,29.25,14.21288875
1998-04-27,16.42,28.62,15.666227200000002
1998-04-28,19.61,23.13,17.44956865
1998-04-29,20.42,30.67,18.1626152
1998-04-30,22.5,25.64,19.22816
1998-05-01,20.09,34.08,18.063289599999997
1998-05-02,18.39,45.46,17.2231167
1998-05-03,17.49,52.66,16.7114937
1998-05-04,17.12,49.75,16.3958975
1998-05-05,15.99,56.75,15.63556625
1998-05-06,14.33,58.54,14.368765100000001
1998-05-07,15.62,48.95,15.305532
1998-05-08,17.73,38.82,16.6431373
1998-05-09,17.77,49.19,16.85618215
1998-05-10,14.62,33.8,14.576308
1998-05-11,15.53,35.46,15.1643809
1998-05-12,12.8,52.87,13.2406655
1998-05-13,9.8,62.71,10.763946500000001
1998-05-14,11.6,50.95,12.3823475
1998-05-15,14.46,46.49,14.4717722
1998-05-16,17.21,42.58,16.3541549
1998-05-17,15.4,34.6,15.076270000000001
1998-05-18,18.52,25.4,16.870594
1998-05-19,20.47,25.86,18.0356131
1998-05-20,18.99,30.53,17.27443835
1998-05-21,16.99,34.82,16.097359899999997
1998-05-22,17.38,35.87,16.3641808
1998-05-23,20.22,28.25,17.962744999999998
1998-05-24,21.15,34.14,18.7411705
1998-05-25,20.74,38.96,18.645107199999998
1998-05-26,16.65,38.8,15.926309999999999
1998-05-27,15.12,32.58,14.8900978
1998-05-28,19.37,31.52,17.5357632
1998-05-29,18.05,36.75,16.81504375
1998-05-30,18.56,30.45,17.0069485
1998-05-31,22.25,22.82,18.9602025
1998-06-01,24.72,19.36,20.187225599999998
1998-06-02,23.8,33.65,20.4061975
1998-06-03,19.85,42.42,18.1557085
1998-06-04,18.41,45.31,17.23389155
1998-06-05,22.5,32.51,19.53044
1998-06-06,23.95,32.42,20.4375295
1998-06-07,19.41,40.92,17.8145446
1998-06-08,18.9,50.59,17.704278
1998-06-09,19.06,52.34,17.8646872
1998-06-10,21.51,40.13,19.20171215
1998-06-11,20.57,50.01,18.90108385
1998-06-12,19.41,43.8,17.892319
1998-06-13,18.57,50.69,17.46619565
1998-06-14,24.29,33.54,20.7114613
1998-06-15,25.6,26.45,21.109772500000002
1998-06-16,28.04,30.39,22.8561433
1998-06-17,20.56,19.73,17.8846009
1998-06-18,25.52,16.8,20.477248
1998-06-19,27.25,22.84,21.839154999999998
1998-06-20,26.61,26.35,21.704541749999997
1998-06-21,25.69,25.37,21.096896649999998
1998-06-22,24.52,23.14,20.2842454
1998-06-23,23.95,23.98,19.9988605
1998-06-24,24.49,25.56,20.3998942
1998-06-25,26.4,25.52,21.525284
1998-06-26,27.52,28.05,22.3676605
1998-06-27,28.58,16.42,22.1075648
1998-06-28,29.77,14.54,22.592641899999997
1998-06-29,30.51,16.97,23.19879335
1998-06-30,29.96,17.06,22.907611799999998
1998-07-01,30.8,14.85,23.1663025
1998-07-02,29.72,16.32,22.715147199999997
1998-07-03,27.87,16.21,21.70850235
1998-07-04,27.96,14.48,21.628954399999998
1998-07-05,29.16,13.12,22.1548656
1998-07-06,29.54,13.24,22.3632128
1998-07-07,31.45,12.97,23.336628249999997
1998-07-08,31,18.44,23.59843
1998-07-09,32.31,19.64,24.438336200000002
1998-07-10,31.15,19.55,23.78279125
1998-07-11,31.2,11.06,23.030860999999998
1998-07-12,32.15,9.25,23.34044375
1998-07-13,31.35,11.96,23.190893000000003
1998-07-14,31.1,13.17,23.172421
1998-07-15,33.33,9.09,23.914905849999997
1998-07-16,35.59,7.39,24.84770305
1998-07-17,37.77,8.08,26.0056188
1998-07-18,36.72,9.16,25.6184436
1998-07-19,35.22,13.35,25.345366
1998-07-20,32,24.9,24.771625
1998-07-21,32.38,26.52,25.153976800000002
1998-07-22,30.8,38.46,25.282939
1998-07-23,28.9,44.57,24.509943999999997
1998-07-24,28.99,42.3,24.391598499999997
1998-07-25,30.22,24.5,23.692269999999997
1998-07-26,33.24,17.31,24.7171417
1998-07-27,33.68,22.11,25.463383899999997
1998-07-28,34.22,19.82,25.523677199999998
1998-07-29,33.96,15.46,24.9116838
1998-07-30,30.34,14.97,22.9321864
1998-07-31,27.88,19.53,21.958212699999997
1998-08-01,28.99,14.06,22.1410117
1998-08-02,31.39,12.55,23.266332249999998
1998-08-03,33.46,13.63,24.453336399999998
1998-08-04,34.72,13.63,25.114792299999998
1998-08-05,35.35,12.41,25.30561675
1998-08-06,36.22,11.9,25.695574
1998-08-07,35.3,16.25,25.718999999999998
1998-08-08,32.77,13.86,24.1142221
1998-08-09,32.8,10.74,23.815980999999997
1998-08-10,30.77,39.32,25.3400502
1998-08-11,33.15,27.1,25.672282499999998
1998-08-12,34.96,24.59,26.4741127
1998-08-13,35.36,19.64,26.1402972
1998-08-14,34.73,22.78,26.138116699999998
1998-08-15,32.23,27.29,25.139684349999996
1998-08-16,32.1,24.23,24.765464
1998-08-17,29.31,16.05,22.471852749999996
1998-08-18,26.11,17.29,20.82855295
1998-08-19,25.95,17.57,20.75897075
1998-08-20,28.06,15.47,21.755752599999997
1998-08-21,29.69,13.9,22.4967755
1998-08-22,30.71,11.98,22.8625769
1998-08-23,31.65,10.97,23.25224525
1998-08-24,31.54,10.01,23.1061372
1998-08-25,31.45,18.81,23.88106225
1998-08-26,30.52,15.59,23.0826349
1998-08-27,30.65,13.87,22.999502749999998
1998-08-28,32.89,14.38,24.2299651
1998-08-29,35.24,16.34,25.6969038
1998-08-30,35.47,24.92,26.8106482
1998-08-31,32.26,33.4,25.754512
1998-09-01,29.34,34.6,24.002052
1998-09-02,29.22,35.82,24.0239872
1998-09-03,30.51,32.25,24.54427375
1998-09-04,27.13,47.48,23.481698199999997
1998-09-05,24.26,62.29,22.2357272
1998-09-06,26.3,46.06,22.799294
1998-09-07,27.39,41.87,23.26887365
1998-09-08,28.33,46.03,24.224771949999997
1998-09-09,27.49,39.26,23.150430699999998
1998-09-10,24.5,40.91,21.250049999999998
1998-09-11,24.81,28.91,20.77884155
1998-09-12,23.33,39.59,20.39618835
1998-09-13,26.15,28.05,21.539803749999997
1998-09-14,27.76,25.7,22.341301
1998-09-15,29.13,23.3,22.9583345
1998-09-16,30.15,21.74,23.4137705
1998-09-17,29.31,21.12,22.884829599999996
1998-09-18,25.98,17.06,20.7431684
1998-09-19,24.33,14.98,19.733393699999997
1998-09-20,24.14,16.41,19.7080582
1998-09-21,22.79,28.12,19.5126314
1998-09-22,22.23,33.36,19.3968004
1998-09-23,21.88,32.55,19.1422045
1998-09-24,21.88,28.88,18.993239199999998
1998-09-25,20.93,32.07,18.52765555
1998-09-26,19.59,39.09,17.88482455
1998-09-27,18.07,46.99,17.02914865
1998-09-28,20.76,34.16,18.4931288
1998-09-29,20.12,30.75,17.9794825
1998-09-30,19.42,33.59,17.622945400000003
1998-10-01,19.28,37.89,17.6471281
1998-10-02,20.87,29.15,18.38777025
1998-10-03,20.19,22.35,17.75994325
1998-10-04,16.69,21.59,15.74555155
1998-10-05,15.6,21.51,15.125135499999999
1998-10-06,16.81,15.06,15.7308373
1998-10-07,20.35,10.47,17.46937225
1998-10-08,20.35,12.26,17.5269655
1998-10-09,20.5,14.2,17.668599999999998
1998-10-10,18.61,18.9,16.7767345
1998-10-11,18.26,12.84,16.457531200000002
1998-10-12,19.84,13.02,17.2853974
1998-10-13,22.04,12.14,18.3964458
1998-10-14,18.57,21.38,16.8100913
1998-10-15,17.05,28.62,16.0488955
1998-10-16,12.72,24.91,13.455131100000001
1998-10-17,11.31,21.98,12.6788609
1998-10-18,14.67,21.68,14.5967708
1998-10-19,16.52,17.88,15.6076468
1998-10-20,17,21.52,15.9209
1998-10-21,18.62,29.18,17.0152188
1998-10-22,17.39,40.1,16.4378895
1998-10-23,18.68,27.89,17.0221911
1998-10-24,18.52,26.48,16.8944728
1998-10-25,14.82,47.11,14.7269136
1998-10-26,11.99,47.93,12.70882635
1998-10-27,12.99,47.81,13.42343795
1998-10-28,13.86,45.9,14.050431999999999
1998-10-29,14.94,46.01,14.8093442
1998-10-30,12.28,52.63,12.8583877
1998-10-31,11.6,42.62,12.515211
1998-11-01,13.94,34.28,14.1424176
1998-11-02,11.94,40.86,12.7726912
1998-11-03,11.62,31.16,12.7104256
1998-11-04,13.75,26.84,14.051785
1998-11-05,13.44,28.49,13.856903299999999
1998-11-06,9.21,35.01,11.100884050000001
1998-11-07,10.29,34.03,11.81753535
1998-11-08,10.72,67.73,11.3908933
1998-11-09,8.67,36.85,10.69490475
1998-11-10,6.53,28.1,9.681736500000001
1998-11-11,7.75,49.35,9.630381250000001
1998-11-12,7.69,50.3,9.5515135
1998-11-13,8.96,33.65,10.9816845
1998-11-14,13.08,21.34,13.6943346
1998-11-15,12.62,24.04,13.4054264
1998-11-16,13.59,20.44,13.9881978
1998-11-17,12.26,35.23,13.0579664
1998-11-18,10.17,38.49,11.63486065
1998-11-19,8.62,34.82,10.7279212
1998-11-20,9.16,23.5,11.406805
1998-11-21,11.44,16.6,12.843622
1998-11-22,11.4,21.39,12.7403005
1998-11-23,13.03,30.76,13.5898054
1998-11-24,11.83,48.89,12.58055035
1998-11-25,13.44,30.33,13.8461761
1998-11-26,14.36,25.66,14.4172418
1998-11-27,13.86,22.03,14.1344544
1998-11-28,12.59,44.93,13.16851035
1998-11-29,8.11,70.84,9.1348282
1998-11-30,9.18,57.16,10.433498400000001
1998-12-01,10.5,58.93,11.40354
1998-12-02,10.77,59.65,11.59778025
1998-12-03,10.66,51.11,11.6925568
1998-12-04,7.75,44.81,9.79892875
1998-12-05,4.18,26.2,8.368888
1998-12-06,3.39,33.37,7.461426150000001
1998-12-07,1.07,33.68,5.9687268000000016
1998-12-08,4.92,23.07,8.9734417
1998-12-09,3.2,39.4,6.966290000000001
1998-12-10,2.65,26.16,7.462522
1998-12-11,5.21,21.35,9.22862175
1998-12-12,9.19,24.36,11.3990662
1998-12-13,9.63,32.15,11.447362250000001
1998-12-14,8.62,31.92,10.821707199999999
1998-12-15,9.01,40.31,10.81233955
1998-12-16,10.33,34.16,11.840040400000001
1998-12-17,10.96,43.58,12.0584974
1998-12-18,12.32,28.73,13.174527300000001
1998-12-19,8.85,59.24,10.116617
1998-12-20,4.1,40.71,7.491388000000001
1998-12-21,0.66,27.37,6.188595600000001
1998-12-22,-1.05,17.79,5.9810102500000015
1998-12-23,-1.06,24.73,5.381606600000001
1998-12-24,1.93,17.13,7.659217450000001
1998-12-25,6.38,18.09,10.0381006
1998-12-26,9.08,20.99,11.435288100000001
1998-12-27,8.08,31.77,10.489201300000001
1998-12-28,10.75,20.56,12.38845
1998-12-29,9.49,24.11,11.581148950000001
1998-12-30,10.99,39.44,12.1591108
1998-12-31,12.83,29.31,13.47928765
1999-01-01,7.51,36.4,9.955102
1999-01-02,7.39,23.8,10.369800999999999
1999-01-03,6.77,31.15,9.69715775
1999-01-04,6.87,21.28,10.1734848
1999-01-05,9.97,15.54,12.0743209
1999-01-06,10.59,25.71,12.18760645
1999-01-07,11.01,23.85,12.47169925
1999-01-08,7.27,33.73,9.90522655
1999-01-09,6.07,29.93,9.31879555
1999-01-10,9.53,31.62,11.3991673
1999-01-11,10.59,26.85,12.16309075
1999-01-12,9.83,27.44,11.693703600000001
1999-01-13,9.35,33.44,11.235312
1999-01-14,8.58,36.53,10.6465832
1999-01-15,11.03,22.11,12.51653065
1999-01-16,11.12,31.9,12.385978999999999
1999-01-17,9.63,55.92,10.8106828
1999-01-18,9.14,61.98,10.260829600000001
1999-01-19,9.45,69.8,10.288805
1999-01-20,10.38,64.36,11.187602400000001
1999-01-21,9.5,35.6,11.271
1999-01-22,6.18,28.08,9.4710592
1999-01-23,7.95,36.01,10.255239750000001
1999-01-24,9.59,77.16,10.206794200000001
1999-01-25,7.92,60.6,9.345886
1999-01-26,4.27,71.61,5.867363350000001
1999-01-27,4.06,55.63,6.6077254000000005
1999-01-28,2.7,42.77,6.414227000000001
1999-01-29,6.18,27.97,9.4760928
1999-01-30,8.15,31.44,10.544458
1999-01-31,7.87,42.9,9.9521515
1999-02-01,5.89,45.79,8.45711455
1999-02-02,5.71,37.1,8.7509005
1999-02-03,8.76,30.9,10.941487
1999-02-04,9.55,38.99,11.21099725
1999-02-05,6.35,79.33,7.27653275
1999-02-06,6.16,72.17,7.436562100000001
1999-02-07,7.51,61.38,8.9947459
1999-02-08,9.11,79.31,9.72335505
1999-02-09,9.93,76.23,10.52745895
1999-02-10,4.77,35.2,8.237772
1999-02-11,1.32,28.53,6.5008603
1999-02-12,3.29,28.37,7.7063476500000005
1999-02-13,6.5,23.42,9.869520000000001
1999-02-14,10.9,22.83,12.427966000000001
1999-02-15,9.27,32.47,11.21250045
1999-02-16,10.7,24.52,12.277532
1999-02-17,11.69,39.87,12.61930915
1999-02-18,12.67,35.11,13.32311785
1999-02-19,11.26,35.89,12.402440200000001
1999-02-20,7.33,24.95,10.289596750000001
1999-02-21,9.91,21.25,11.89804375
1999-02-22,7.32,24.94,10.2841194
1999-02-23,12.52,22.04,13.3689844
1999-02-24,13.5,21.03,13.934335
1999-02-25,12.73,30.11,13.41037915
1999-02-26,10.03,26.97,11.82544255
1999-02-27,13.58,18.56,13.9920864
1999-02-28,15.09,18.43,14.82530535
1999-03-01,15.96,21.58,15.3302874
1999-03-02,15.88,24.14,15.304222600000001
1999-03-03,15.85,24.41,15.28874425
1999-03-04,14.15,37.46,14.2703895
1999-03-05,10.68,21.74,12.3242426
1999-03-06,11.34,22.91,12.6798242
1999-03-07,9.44,41.5,11.068055000000001
1999-03-08,9.04,29.28,11.1637216
1999-03-09,9.05,44.16,10.723804000000001
1999-03-10,8.43,29.11,10.79666265
1999-03-11,9.96,35.3,11.575559000000002
1999-03-12,8.72,23.49,11.1522529
1999-03-13,12.36,12.84,13.385873199999999
1999-03-14,14.22,14.55,14.351593000000001
1999-03-15,12.02,24.58,13.0487288
1999-03-16,8.73,45.89,10.44718085
1999-03-17,12.93,39.31,13.45405815
1999-03-18,13.89,37.65,14.09918425
1999-03-19,15.08,33.12,14.8666528
1999-03-20,14.09,39.78,14.2257961
1999-03-21,10.88,34.89,12.176340100000001
1999-03-22,13.71,25.65,14.033050750000001
1999-03-23,14.67,28.71,14.60334385
1999-03-24,14.27,31.55,14.356589249999999
1999-03-25,13.89,38.9,14.0949905
1999-03-26,14.18,38.19,14.2887856
1999-03-27,16.67,29.09,15.823689150000002
1999-03-28,16.14,18.65,15.406223
1999-03-29,17.66,9.36,16.0846768
1999-03-30,15.76,21.84,15.2183512
1999-03-31,11.34,26.78,12.6125636
1999-04-01,6.53,21.88,9.9543902
1999-04-02,7.05,28.95,9.96127375
1999-04-03,8.54,28.16,10.8949152
1999-04-04,8.83,41.16,10.664925400000001
1999-04-05,9.36,37.08,11.1387484
1999-04-06,9.6,52.93,10.868536500000001
1999-04-07,8.4,56.87,9.8470115
1999-04-08,8.3,50.74,9.979766000000001
1999-04-09,7.38,34.15,9.958686
1999-04-10,6.94,27.69,9.946649800000001
1999-04-11,10.2,27.8,11.90753
1999-04-12,10.5,57.09,11.44402
1999-04-13,14.91,37.18,14.7683409
1999-04-14,17.29,27.68,16.1802496
1999-04-15,15.67,21.02,15.1617637
1999-04-16,16.97,18.3,15.8601055
1999-04-17,20.19,13.17,17.47265515
1999-04-18,22.2,11.9,18.468965
1999-04-19,22.62,16.97,18.9118802
1999-04-20,22.63,20.14,19.0590601
1999-04-21,21.36,23.7,18.481201
1999-04-22,16.85,33.21,15.986739250000001
1999-04-23,12.61,31.15,13.32569575
1999-04-24,11.21,64.39,11.85436295
1999-04-25,14.37,54.34,14.402646899999999
1999-04-26,18.85,38.45,17.37741625
1999-04-27,18.93,32.68,17.2897482
1999-04-28,14.39,28.78,14.4330881
1999-04-29,9.08,53.57,10.4640783
1999-04-30,8.65,65.49,9.76035925
1999-05-01,13.98,43.05,14.142877
1999-05-02,16.79,43.15,16.07397425
1999-05-03,15.99,38.37,15.48494215
1999-05-04,15.19,31.52,14.9301184
1999-05-05,16.21,27.5,15.5281375
1999-05-06,20.43,23.13,17.92288495
1999-05-07,23.04,25.28,19.530401599999998
1999-05-08,20.82,27.92,18.3144992
1999-05-09,19.37,21.93,17.27889505
1999-05-10,18.04,21.31,16.5079057
1999-05-11,20.1,26.29,17.829732
1999-05-12,23.24,26.41,19.7025287
1999-05-13,23.53,24.51,19.78078915
1999-05-14,19.45,17.07,17.19223075
1999-05-15,17.43,21.48,16.1646502
1999-05-16,17.71,17.85,16.25964175
1999-05-17,21.52,12.54,18.143169399999998
1999-05-18,24.02,12.87,19.457873199999998
1999-05-19,22.59,21.33,19.08957835
1999-05-20,22.4,21.2,18.976139999999997
1999-05-21,22.31,19.24,18.8409542
1999-05-22,25.32,14.31,20.2205881
1999-05-23,23.68,18.88,19.5842512
1999-05-24,21.53,30.19,18.83079635
1999-05-25,23.21,31.99,19.95198095
1999-05-26,26.91,23.4,21.681666999999997
1999-05-27,27.62,32.17,22.7253872
1999-05-28,27.2,33.09,22.5263365
1999-05-29,25.71,28.57,21.305983349999998
1999-05-30,22.53,20.57,19.02197405
1999-05-31,22.6,18.9,18.986995
1999-06-01,23.33,21.14,19.5001641
1999-06-02,20.25,33.59,18.14978375
1999-06-03,15.71,29.96,15.2438838
1999-06-04,15.64,26.76,15.1807852
1999-06-05,20.22,29.04,17.9875984
1999-06-06,23.44,28.55,19.9268035
1999-06-07,23.31,17.84,19.3289372
1999-06-08,22.47,13.53,18.67958755
1999-06-09,23.22,13.95,19.093041999999997
1999-06-10,23.7,13.6,19.328159999999997
1999-06-11,25.79,13.57,20.42312915
1999-06-12,28.27,13.97,21.75451795
1999-06-13,30.43,11.97,22.71725155
1999-06-14,32.62,10.94,23.744280399999997
1999-06-15,31.91,11.56,23.4414278
1999-06-16,29.97,13.68,22.625462799999998
1999-06-17,28.94,13.88,22.1003496
1999-06-18,29.88,11.92,22.429312799999998
1999-06-19,29.8,15.29,22.671653499999998
1999-06-20,31.05,10.44,22.897801
1999-06-21,30.21,10.11,22.44305455
1999-06-22,29.3,13.13,22.228782
1999-06-23,30.3,12.77,22.719713
1999-06-24,31.36,15.39,23.5141147
1999-06-25,30.88,16.88,23.391719199999997
1999-06-26,29.3,12.02,22.138427999999998
1999-06-27,28.72,8.33,21.5504893
1999-06-28,31.29,8.81,22.86905945
1999-06-29,32.5,9.72,23.56228
1999-06-30,34.11,10.44,24.4505062
1999-07-01,35.01,11.23,24.996300149999996
1999-07-02,33.46,17.02,24.8068456
1999-07-03,30.37,17.14,23.1375649
1999-07-04,29.42,16.83,22.5950698
1999-07-05,29.92,11.55,22.4185555
1999-07-06,33.72,8.74,24.0729054
1999-07-07,33.12,17.71,24.692681099999998
1999-07-08,31.35,33.99,25.23252325
1999-07-09,27.48,57.05,24.4137995
1999-07-10,27.13,59.51,24.317362149999997
1999-07-11,28.92,45.94,24.6325014
1999-07-12,29.47,43.62,24.827952699999997
1999-07-13,28.66,47.29,24.5549452
1999-07-14,28.46,56.55,25.123908999999998
1999-07-15,31.01,36.85,25.27566425
1999-07-16,29,39.78,24.197454999999998
1999-07-17,28.22,24.84,22.548426399999997
1999-07-18,27.38,21.44,21.8148096
1999-07-19,27.68,19.82,21.8677518
1999-07-20,26.59,20.18,21.2823691
1999-07-21,26.31,18.62,21.0239621
1999-07-22,28.02,14.97,21.697169199999998
1999-07-23,29.31,13.53,22.26658615
1999-07-24,28.68,14.15,21.9845585
1999-07-25,26.99,15.12,21.1591684
1999-07-26,29.85,14.51,22.63250675
1999-07-27,31.44,11.31,23.1767527
1999-07-28,29.99,15.81,22.817432949999997
1999-07-29,29.32,34.02,23.9419702
1999-07-30,29.55,27.89,23.58109475
1999-07-31,30.32,23.15,23.6332815
1999-08-01,29.77,14.37,22.57836445
1999-08-02,29.74,13.59,22.497113799999997
1999-08-03,30.78,15.37,23.202229799999998
1999-08-04,31.47,15.39,23.57292565
1999-08-05,29.62,15.45,22.588822
1999-08-06,25.69,20.42,20.7922489
1999-08-07,25.05,25.72,20.739902999999998
1999-08-08,26.59,18.39,21.163343049999998
1999-08-09,28.01,18.51,21.95488555
1999-08-10,26.88,20.25,21.4498225
1999-08-11,25.28,28.98,21.0692242
1999-08-12,27.39,22.12,21.8686974
1999-08-13,29.41,15.24,22.4592562
1999-08-14,28.59,11.84,21.7580408
1999-08-15,27.15,12.86,21.087234499999997
1999-08-16,28.88,10.68,21.8156812
1999-08-17,30.81,15.19,23.20211895
1999-08-18,32.81,17.08,24.4595414
1999-08-19,31.53,14.85,23.55442525
1999-08-20,31.27,22.43,24.115331049999998
1999-08-21,31.56,28.69,24.8689827
1999-08-22,31.15,19.23,23.75348725
1999-08-23,32.83,20.13,24.777905949999997
1999-08-24,31.32,25.67,24.4437317
1999-08-25,32.94,23.93,25.2249806
1999-08-26,33.29,26.79,25.724112549999997
1999-08-27,31.69,27.12,24.799560399999997
1999-08-28,30.76,15.09,23.166498699999998
1999-08-29,30.53,9.34,22.5369611
1999-08-30,29.55,18.94,22.840258499999997
1999-08-31,24.73,18.85,20.16409525
1999-09-01,23.71,13.11,19.30858705
1999-09-02,22.65,18.42,18.993176499999997
1999-09-03,23.84,22.85,19.8768045
1999-09-04,24.04,15.22,19.5915934
1999-09-05,26.66,13.87,20.8996256
1999-09-06,28.79,11.39,21.82569705
1999-09-07,29.97,9.64,22.2817194
1999-09-08,31.06,7.81,22.663334799999998
1999-09-09,30.04,11.95,22.514366499999998
1999-09-10,29.03,28.45,23.31208175
1999-09-11,26.93,20.43,21.490196949999998
1999-09-12,28.22,18.13,22.0420898
1999-09-13,29.69,31.86,23.9972437
1999-09-14,27.28,15.48,21.3390892
1999-09-15,26.39,25.23,21.50041585
1999-09-16,28.08,19.07,22.0353383
1999-09-17,27.78,33.5,22.92284
1999-09-18,23.86,55.81,21.585098799999997
1999-09-19,23.6,50.19,21.1070095
1999-09-20,24.65,28.16,20.639532
1999-09-21,26.06,28.64,21.5229312
1999-09-22,26.21,32.79,21.88133995
1999-09-23,22.64,46.54,20.2465958
1999-09-24,25.68,32.39,21.5226611
1999-09-25,26.81,26.29,21.819464449999998
1999-09-26,26.62,19.8,21.273868
1999-09-27,23.78,15.65,19.474776
1999-09-28,20.14,11.09,17.3820118
1999-09-29,19.85,11.95,17.259128750000002
1999-09-30,24.22,11.69,19.4989474
1999-10-01,25.79,10.93,20.25919835
1999-10-02,24.85,11.75,19.82636875
1999-10-03,23.71,12.29,19.26704995
1999-10-04,25.43,10.41,20.04429715
1999-10-05,24.1,14.2,19.569760000000002
1999-10-06,20.2,31.42,18.050017
1999-10-07,18.73,28.77,17.07283405
1999-10-08,20.58,18.57,17.8569808
1999-10-09,23.99,15.66,19.5878737
1999-10-10,24.71,14.35,19.90032425
1999-10-11,25.47,15.04,20.3439384
1999-10-12,25.43,14.59,20.29557785
1999-10-13,24.71,9.92,19.6515576
1999-10-14,24.8,7.49,19.5593085
1999-10-15,22.77,11.8,18.758223
1999-10-16,17.67,10.11,16.10276785
1999-10-17,13.25,13.61,13.84393125
1999-10-18,17.05,10.26,15.791396500000001
1999-10-19,18.71,12.21,16.67722255
1999-10-20,19.86,10.98,17.2356904
1999-10-21,20.27,8.59,17.36910365
1999-10-22,20.81,8.1,17.620610499999998
1999-10-23,20.73,8.32,17.5885848
1999-10-24,20.21,10.5,17.3992525
1999-10-25,20.04,11.7,17.349498999999998
1999-10-26,20.93,13.21,17.86067165
1999-10-27,19.14,24.3,17.208136
1999-10-28,18.29,27.83,16.785616349999998
1999-10-29,15.77,23.44,15.2352284
1999-10-30,14.68,12.81,14.5936819
1999-10-31,17.64,11.85,16.1176495
1999-11-01,18.96,11.56,16.7905668
1999-11-02,18.59,15.19,16.68219905
1999-11-03,18.56,13.72,16.6333676
1999-11-04,18.69,11.59,16.65259155
1999-11-05,17.56,13.56,16.1052148
1999-11-06,17.95,15.25,16.34186875
1999-11-07,18.65,16.95,16.75438375
1999-11-08,15.02,48.36,14.8723096
1999-11-09,14.33,23.15,14.40185475
1999-11-10,14.74,20.93,14.6356276
1999-11-11,16.04,21.62,15.376121399999999
1999-11-12,16.26,16.55,15.452204
1999-11-13,18.04,17.14,16.4267158
1999-11-14,18.34,17.85,16.604992
1999-11-15,17.82,22.31,16.4013806
1999-11-16,17.15,37.45,16.23833375
1999-11-17,12.96,53.13,13.356988900000001
1999-11-18,9.99,24.32,11.8672424
1999-11-19,12.38,19.14,13.3228276
1999-11-20,12.93,35.58,13.4862667
1999-11-21,10.34,38.97,11.7363664
1999-11-22,5.85,28.12,9.269691
1999-11-23,6.37,13.93,10.21862005
1999-11-24,6.82,21.36,10.141753600000001
1999-11-25,9.83,20.94,11.8606561
1999-11-26,12.24,39.52,12.9917664
1999-11-27,13.17,34.34,13.6503029
1999-11-28,11.96,33.43,12.889982900000001
1999-11-29,12.71,25.27,13.44571685
1999-11-30,15.24,13.97,14.8898579
1999-12-01,10.61,46.02,11.7649021
1999-12-02,6.84,31.84,9.7115808
1999-12-03,6.69,25.86,9.8746837
1999-12-04,3.75,26.59,8.09036625
1999-12-05,4.65,24.49,8.74075425
1999-12-06,6.79,22.08,10.094197600000001
1999-12-07,8.71,20.58,11.2391299
1999-12-08,5.43,29.39,8.95237985
1999-12-09,6.48,18.55,10.0727595
1999-12-10,6.02,31.12,9.232563200000001
1999-12-11,3.95,34.4,7.756440000000001
1999-12-12,6.56,40,9.1802
1999-12-13,8.4,38.3,10.470035000000001
1999-12-14,3.38,24.27,8.011646800000001
1999-12-15,5.48,16.49,9.6229311
1999-12-16,8.92,39.53,10.7758243
1999-12-17,9.62,28.56,11.5374496
1999-12-18,12.83,29.28,13.4795632
1999-12-19,8.54,30.49,10.8185378
1999-12-20,8.44,38.43,10.4921281
1999-12-21,7.59,33.79,10.10631105
1999-12-22,5.69,23.55,9.39438475
1999-12-23,7.43,25.94,10.309823100000001
1999-12-24,7.53,29.99,10.21383335
1999-12-25,7.63,33.4,10.146481000000001
1999-12-26,8.11,30.65,10.54730575
1999-12-27,8.2,42.15,10.2045025
1999-12-28,8.86,33.35,10.927483
1999-12-29,9.53,24.31,11.59898615
1999-12-30,8.57,21.37,11.13451745
1999-12-31,8.4,21.15,11.045417500000001
2000-01-01,7.87,34.07,10.27413745
2000-01-02,4.69,44.91,7.662380950000001
2000-01-03,4.05,29.96,8.075549
2000-01-04,5.5,34.26,8.75413
2000-01-05,5.22,41.55,8.203288
2000-01-06,2.93,32.6,7.218999
2000-01-07,5.41,21.47,9.33610735
2000-01-08,5.98,31.41,9.194127400000001
2000-01-09,7.72,37.21,10.0614391
2000-01-10,8.52,32.83,10.7292213
2000-01-11,6.63,46.75,8.93492625
2000-01-12,7.4,64.95,8.7687025
2000-01-13,8.61,50.37,10.21776385
2000-01-14,10.85,38.83,12.07798775
2000-01-15,12.05,26.68,13.037987000000001
2000-01-16,11.12,39.93,12.2367013
2000-01-17,10.07,73,10.727855
2000-01-18,12.9,77.16,13.100992
2000-01-19,13.16,58.06,13.4690978
2000-01-20,14.24,50.8,14.310356
2000-01-21,11.46,69.86,11.963940800000001
2000-01-22,10.15,35.72,11.687899
2000-01-23,10.34,30.58,11.9283296
2000-01-24,10.15,61.77,11.06465275
2000-01-25,11.75,74.67,12.13311625
2000-01-26,9.65,62.64,10.646578
2000-01-27,7.09,43.82,9.379615900000001
2000-01-28,5.4,35.32,8.637234000000001
2000-01-29,5.22,29,8.84384
2000-01-30,6.07,28.15,9.401325250000001
2000-01-31,8.15,69.34,9.220800500000001
2000-02-01,8.66,38.16,10.6463008
2000-02-02,9.71,41.43,11.25302665
2000-02-03,11,30.06,12.346345
2000-02-04,10.75,32.37,12.14486875
2000-02-05,12.69,40.92,13.278141399999999
2000-02-06,11.71,43.38,12.578833900000001
2000-02-07,11.42,30.08,12.6044448
2000-02-08,13.6,23.28,13.979764
2000-02-09,14.07,33.57,14.22710695
2000-02-10,11.13,68.22,11.719042300000002
2000-02-11,9.61,66.6,10.508293
2000-02-12,10.46,54.38,11.4736764
2000-02-13,9.06,65.89,10.080571200000001
2000-02-14,11.48,72.76,11.932456400000001
2000-02-15,11.13,56.08,11.944057200000001
2000-02-16,11.64,49.25,12.438297500000001
2000-02-17,9.38,51.48,10.7463232
2000-02-18,8.28,42.34,10.252548599999999
2000-02-19,8.83,34.79,10.86357385
2000-02-20,8.89,47.52,10.5092704
2000-02-21,8.76,77.27,9.4775861
2000-02-22,7.33,69.71,8.524486150000001
2000-02-23,6.98,81.56,7.742678400000001
2000-02-24,5.21,53.86,7.5675233
2000-02-25,6.44,43.33,8.9521811
2000-02-26,8.28,46.57,10.1078403
2000-02-27,8.1,57.53,9.594944
2000-02-28,8.73,57.62,10.0749293
2000-02-29,8.44,48.19,10.1668273
2000-03-01,9.05,53.31,10.449532750000001
2000-03-02,9.79,41.96,11.293526199999999
2000-03-03,11.03,42.83,12.12108945
2000-03-04,12.56,37.13,13.2308229
2000-03-05,7.58,68.74,8.7697556
2000-03-06,3.56,79.2,4.811536
2000-03-07,5.68,52.04,8.0065396
2000-03-08,6.02,77.64,7.0628704
2000-03-09,5.26,64.19,7.079864200000001
2000-03-10,9.1,40.99,10.852597
2000-03-11,12.63,35.21,13.29636515
2000-03-12,12.84,39.77,13.3898999
2000-03-13,14.73,32.3,14.6443595
2000-03-14,15.87,31.55,15.35422925
2000-03-15,16.25,37.6,15.6494
2000-03-16,13.32,30.18,13.7731318
2000-03-17,13.09,32.53,13.61322985
2000-03-18,13.84,30.62,14.0918494
2000-03-19,16.91,29.45,15.97485975
2000-03-20,10.95,28.87,12.33881325
2000-03-21,8.87,22.02,11.2846507
2000-03-22,10.9,31.23,12.261646
2000-03-23,12.81,34.99,13.414267950000001
2000-03-24,14.42,36.52,14.4479312
2000-03-25,17.28,30.14,16.211840600000002
2000-03-26,17.63,31.39,16.44887885
2000-03-27,16.44,35.85,15.7555195
2000-03-28,14.88,44.79,14.7646111
2000-03-29,15.05,35.48,14.854827
2000-03-30,15.14,27.21,14.883779200000001
2000-03-31,11.51,26.41,12.72018755
2000-04-01,13.05,25.5,13.644137500000001
2000-04-02,17.16,29.35,16.1263905
2000-04-03,19.22,28.32,17.3591872
2000-04-04,20.84,28.71,18.3541177
2000-04-05,20.92,29.52,18.4313512
2000-04-06,20.63,29.03,18.23724645
2000-04-07,21.12,23.38,18.3302658
2000-04-08,22.34,21.31,18.9468872
2000-04-09,18.63,23.83,16.89979845
2000-04-10,17.83,26.66,16.4867779
2000-04-11,18.6,26.56,16.943928
2000-04-12,22.37,16.98,18.7764793
2000-04-13,21.75,28.78,18.9101025
2000-04-14,15.41,41.18,15.1156059
2000-04-15,14.51,33.26,14.506329299999999
2000-04-16,14.33,42.41,14.38384665
2000-04-17,14.23,43.74,14.3135461
2000-04-18,11.23,56.9,12.0051535
2000-04-19,13.27,39.62,13.6784707
2000-04-20,17.68,31.59,16.4835091
2000-04-21,20.24,23.83,17.8353131
2000-04-22,20.22,30.85,18.044541
2000-04-23,18.99,30.64,17.277154799999998
2000-04-24,19.14,23.03,17.1757256
2000-04-25,22.73,16.8,18.963952
2000-04-26,24.15,17.32,19.761758999999998
2000-04-27,26,15.02,20.625014999999998
2000-04-28,21.52,25.22,18.632744199999998
2000-04-29,19.38,15.22,17.1045048
2000-04-30,19.51,13.77,17.133932350000002
2000-05-01,24.38,10.13,19.4964642
2000-05-02,25.65,15.62,20.4753965
2000-05-03,25.57,21.44,20.786874400000002
2000-05-04,25.18,20.42,20.505470799999998
2000-05-05,23.36,21.11,19.5156903
2000-05-06,23.04,21.66,19.3603702
2000-05-07,23.15,26.4,19.64848
2000-05-08,22.47,30.14,19.407686899999998
2000-05-09,24.21,25.85,20.25001925
2000-05-10,24.1,22.32,19.998496
2000-05-11,15.11,16.62,14.8302601
2000-05-12,14.75,10.85,14.62741875
2000-05-13,20.24,6.87,17.2998859
2000-05-14,20.24,11.55,17.4476335
2000-05-15,20.57,13.7,17.6888745
2000-05-16,16.73,32.39,15.90076335
2000-05-17,18.66,29.6,17.049248
2000-05-18,21.43,30.67,18.78748705
2000-05-19,24.58,21.99,20.2551256
2000-05-20,26.17,16.34,20.8002829
2000-05-21,28.82,12.02,21.8906952
2000-05-22,31.32,10.4,23.031104
2000-05-23,31.96,14.08,23.7091024
2000-05-24,30.77,23.88,23.958401799999997
2000-05-25,27.96,30.9,22.844527
2000-05-26,26.76,23.51,21.6022793
2000-05-27,29.83,16.11,22.75681465
2000-05-28,31.55,15.84,23.657896
2000-05-29,32.22,11.42,23.5869932
2000-05-30,30.1,10.48,22.419184
2000-05-31,27.13,9.95,20.87467675
2000-06-01,26.92,9.48,20.7365788
2000-06-02,27.68,11.64,21.2747836
2000-06-03,28.83,7.09,21.50729835
2000-06-04,31.19,6.24,22.5833008
2000-06-05,28.73,13.64,21.9710346
2000-06-06,27.21,11.87,21.04927235
2000-06-07,27.85,15.3,21.6309025
2000-06-08,23.14,21.87,19.4272624
2000-06-09,20.44,28.66,18.1093222
2000-06-10,23.45,18.88,19.456868
2000-06-11,25.38,15.07,20.2977888
2000-06-12,28.1,12.75,21.5737
2000-06-13,30.19,16.51,22.98523045
2000-06-14,31.65,13.88,23.526730999999998
2000-06-15,34.39,7.34,24.2534593
2000-06-16,33.23,9.39,23.895810849999997
2000-06-17,30.71,9.92,22.6789176
2000-06-18,30.5,25.34,23.92992
2000-06-19,29.24,22.85,22.985449499999998
2000-06-20,30.2,13.13,22.6987755
2000-06-21,32.2,9.24,23.364514
2000-06-22,32.2,16.26,24.047911
2000-06-23,31.63,21.78,24.2605027
2000-06-24,30.73,20.24,23.610223599999998
2000-06-25,30.55,12.61,22.83564775
2000-06-26,30.17,18.41,23.13816585
2000-06-27,32.66,17.9,24.459851999999998
2000-06-28,34.03,15.43,24.94591345
2000-06-29,33.06,14.29,24.310723199999998
2000-06-30,31.54,15.69,23.6384668
2000-07-01,29.68,14.57,22.5474493
2000-07-02,28.67,12.75,21.87017125
2000-07-03,27.2,14.67,21.2396995
2000-07-04,25.64,12.86,20.3009322
2000-07-05,26.33,16.05,20.86779325
2000-07-06,26.62,19.66,21.264535600000002
2000-07-07,27.04,16.46,21.278246199999998
2000-07-08,26.85,13.98,21.0070915
2000-07-09,28.36,12.64,21.7005472
2000-07-10,28.65,16.13,22.122817249999997
2000-07-11,29.68,12.39,22.365441099999998
2000-07-12,30.18,15.03,22.8521872
2000-07-13,31.08,10.46,22.9148474
2000-07-14,31.22,10.57,22.996017199999997
2000-07-15,31.63,12.92,23.4257578
2000-07-16,30.69,13.73,23.00808785
2000-07-17,29.3,17.08,22.550311999999998
2000-07-18,31.02,9.84,22.8280624
2000-07-19,31.63,6.86,22.8548149
2000-07-20,31.88,5.87,22.8821133
2000-07-21,32.25,4.86,22.9619575
2000-07-22,32.8,9.04,23.644875999999996
2000-07-23,32.9,10.21,23.813252
2000-07-24,33.74,15.35,24.782337
2000-07-25,33.92,12.26,24.5484906
2000-07-26,32.64,11.89,23.8492653
2000-07-27,31.68,11.16,23.285508399999998
2000-07-28,33.35,9.3,23.9466775
2000-07-29,34.02,10.63,24.4252368
2000-07-30,35.47,11.26,25.2351721
2000-07-31,35.02,14.62,25.3840132
2000-08-01,35.43,19.15,26.122952249999997
2000-08-02,35.18,17.11,25.752091399999998
2000-08-03,34.94,17.95,25.715939
2000-08-04,33.73,23.83,25.673879949999996
2000-08-05,33.73,15.61,24.804491649999996
2000-08-06,33.52,12.12,24.3268732
2000-08-07,30.9,15.1,23.242019999999997
2000-08-08,30.05,17.31,22.97793775
2000-08-09,31.44,15.26,23.5447742
2000-08-10,31.87,9.61,23.23459135
2000-08-11,30.17,9.46,22.366810100000002
2000-08-12,32.23,6.31,23.093819649999997
2000-08-13,31.89,6.4,22.937628
2000-08-14,31.5,9.84,23.07004
2000-08-15,32.99,16.35,24.48321325
2000-08-16,33,20.63,24.924102499999996
2000-08-17,31.83,25.44,24.723313599999997
2000-08-18,31.28,10.83,23.0505007
2000-08-19,28.41,8.07,21.376895349999998
2000-08-20,27.42,9.15,20.964199
2000-08-21,27.9,9.82,21.253733999999998
2000-08-22,29.15,12.37,22.089212749999998
2000-08-23,28.87,22.06,22.7100121
2000-08-24,29.88,25.58,23.5848122
2000-08-25,30.45,26.87,24.03467075
2000-08-26,30.5,32.12,24.52656
2000-08-27,30.99,26.3,24.3057785
2000-08-28,28.82,32.34,23.4910984
2000-08-29,25.47,54.09,22.70002015
2000-08-30,23.19,60.68,21.3107006
2000-08-31,22.58,54.06,20.5384264
2000-09-01,21.51,41.68,19.261472400000002
2000-09-02,20.18,38.97,18.2734228
2000-09-03,21.41,35.99,18.97729995
2000-09-04,23.4,29.12,19.930424
2000-09-05,22.43,21.67,19.01363705
2000-09-06,21.96,18.15,18.6016945
2000-09-07,24.77,14.12,19.919068199999998
2000-09-08,25.86,31.97,21.6094856
2000-09-09,26.3,14.25,20.734825
2000-09-10,25.3,14.69,20.232585999999998
2000-09-11,25.66,12.79,20.3070502
2000-09-12,27.59,10.59,21.15292705
2000-09-13,29.57,14.82,22.5098557
2000-09-14,30.94,15.71,23.3184982
2000-09-15,30.8,19.53,23.5858645
2000-09-16,30.72,12.78,22.939103799999998
2000-09-17,30.78,16.47,23.3007238
2000-09-18,29,15.56,22.265909999999998
2000-09-19,29.29,15.37,22.40577265
2000-09-20,29.62,19.52,22.927283199999998
2000-09-21,28.36,25.46,22.677815799999998
2000-09-22,24.83,27.36,20.7029584
2000-09-23,20.8,29.54,18.358561
2000-09-24,18.19,15.71,16.47933445
2000-09-25,19.9,13.89,17.342533
2000-09-26,23.17,10.45,18.89980825
2000-09-27,26.35,13.78,20.730611500000002
2000-09-28,26.1,20.23,21.010674
2000-09-29,25.31,21.61,20.64932255
2000-09-30,26.01,18.32,20.8392476
2000-10-01,27.73,13.94,21.4678441
2000-10-02,26.44,15.19,20.8705273
2000-10-03,25.26,19.14,20.4747052
2000-10-04,24.72,20.57,20.255239699999997
2000-10-05,24.66,37.7,21.178676
2000-10-06,25.41,20.82,20.658804099999998
2000-10-07,24.99,16.94,20.1978533
2000-10-08,23.99,19.45,19.78569275
2000-10-09,22.57,28.94,19.4160019
2000-10-10,18.42,36.31,17.046843600000003
2000-10-11,13.29,49.11,13.628672949999999
2000-10-12,13.79,44.77,14.00567315
2000-10-13,14.85,33.25,14.72150625
2000-10-14,16.39,30.53,15.66785935
2000-10-15,17.57,22.26,16.2573601
2000-10-16,18.63,17.54,16.7569211
2000-10-17,19.71,15.93,17.300974150000002
2000-10-18,21.71,14.81,18.33179055
2000-10-19,20.74,23.1,18.100792
2000-10-20,22.03,21.67,18.78596305
2000-10-21,19.09,28.06,17.2738747
2000-10-22,14.89,26.53,14.73240685
2000-10-23,14.72,44.3,14.652603000000001
2000-10-24,14.92,66.16,14.8418296
2000-10-25,15.31,54.09,15.10547095
2000-10-26,13.58,45.64,13.8550616
2000-10-27,12.26,60.26,12.7495968
2000-10-28,12.43,54.14,12.9521161
2000-10-29,12.5,59.05,12.95045
2000-10-30,10.29,60.1,11.213884499999999
2000-10-31,9.54,36.91,11.2610952
2000-11-01,9.22,34.1,11.133736
2000-11-02,11.78,29.83,12.8297432
2000-11-03,10.2,30.3,11.848405
2000-11-04,9.54,29.99,11.4498728
2000-11-05,12.48,29.64,13.2616996
2000-11-06,12.32,30.28,13.1559428
2000-11-07,8.08,26.3,10.682347
2000-11-08,8.94,22.97,11.295577399999999
2000-11-09,8.57,42.47,10.44634095
2000-11-10,7.96,37.26,10.2167578
2000-11-11,5.92,42.56,8.630593600000001
2000-11-12,4.05,39.17,7.546204250000001
2000-11-13,5.42,24.25,9.202955
2000-11-14,6,25.01,9.5057825
2000-11-15,5.18,31.11,8.7113014
2000-11-16,4.18,35.06,7.8659944
2000-11-17,4.39,30.01,8.28179395
2000-11-18,5.2,31.9,8.683315
2000-11-19,9.11,19.5,11.4964225
2000-11-20,10,21.27,11.9485675
2000-11-21,11.12,21.71,12.5754111
2000-11-22,10.22,27.06,11.937007600000001
2000-11-23,8.17,34.83,10.43889355
2000-11-24,11.64,24.65,12.8252555
2000-11-25,9.55,41.09,11.15382475
2000-11-26,11.15,27.54,12.4850755
2000-11-27,12.21,30.4,13.086612
2000-11-28,12.49,35.9,13.1986255
2000-11-29,13.2,30.92,13.693921999999999
2000-11-30,10.22,44.29,11.5314134
2000-12-01,9.23,31.1,11.2270665
2000-12-02,11.22,28.58,12.508416800000001
2000-12-03,10.82,26.74,12.3027824
2000-12-04,10.86,25.77,12.3460846
2000-12-05,12.72,22.02,13.4834242
2000-12-06,11.04,23.1,12.503407
2000-12-07,12.84,24.64,13.5280368
2000-12-08,11.62,48.13,12.441620799999999
2000-12-09,10.44,43.54,11.700751799999999
2000-12-10,9.19,62.82,10.2758419
2000-12-11,7.84,48.47,9.7275439
2000-12-12,6.75,51.73,8.80750875
2000-12-13,5.63,44.09,8.35756935
2000-12-14,6.77,43.72,9.1627442
2000-12-15,7.93,55.58,9.5351167
2000-12-16,7.01,33.91,9.73257755
2000-12-17,9.38,20.7,11.613088000000001
2000-12-18,4.14,22.48,8.557089600000001
2000-12-19,4.85,20.81,9.05300925
2000-12-20,7.41,19.92,10.5327196
2000-12-21,9.97,20.97,11.939032450000001
2000-12-22,8.14,23.7,10.808974000000001
2000-12-23,8.78,25.68,11.1181072
2000-12-24,9.78,24.79,11.7324516
2000-12-25,5.51,39.51,8.50092805
2000-12-26,5.28,36.06,8.5223974
2000-12-27,6.27,27.42,9.5553337
2000-12-28,8.71,22.32,11.1837196
2000-12-29,9.35,26.16,11.441518
2000-12-30,11.35,27.68,12.602944
2000-12-31,9.07,28.04,11.2190854
2001-01-01,10.18,21.82,12.0375568
2001-01-02,8.39,25.88,10.8808026
2001-01-03,8.39,22.15,11.00614925
2001-01-04,10.71,12.43,12.535396650000001
2001-01-05,10.66,12.74,12.5029312
2001-01-06,11.66,13.22,13.0155036
2001-01-07,9.13,19.45,11.50904425
2001-01-08,8.33,28.69,10.74990485
2001-01-09,6.09,73.53,7.31436985
2001-01-10,5.53,80.94,6.470325100000001
2001-01-11,5.23,81.42,6.177301300000001
2001-01-12,2.82,70.85,4.692596000000001
2001-01-13,3.17,51.71,6.179191350000001
2001-01-14,4.26,52.71,6.923372800000001
2001-01-15,3.7,50.91,6.615946000000001
2001-01-16,1.92,46.9,5.5939890000000005
2001-01-17,1.46,40.48,5.728774400000001
2001-01-18,2.14,36.3,6.470326
2001-01-19,5.25,38.83,8.36202375
2001-01-20,5.28,58.24,7.3976496
2001-01-21,5.18,38.17,8.3494058
2001-01-22,7.9,35.43,10.243891000000001
2001-01-23,7.57,38.19,9.92588815
2001-01-24,6.25,54.73,8.30412625
2001-01-25,5.32,52.25,7.730897500000001
2001-01-26,2.73,68.89,4.743905850000001
2001-01-27,3.12,73.9,4.753599
2001-01-28,4.13,50.2,6.970343000000001
2001-01-29,4.65,45.17,7.620415250000001
2001-01-30,2.83,46.63,6.255553450000001
2001-01-31,4.37,37.02,7.8789307
2001-02-01,4.18,41.05,7.526002000000001
2001-02-02,7.78,39.48,10.0168192
2001-02-03,11.83,36.22,12.7666093
2001-02-04,12.32,49.99,12.9196199
2001-02-05,15.22,39.56,14.9806576
2001-02-06,13.59,39.98,13.8904001
2001-02-07,5.72,40.52,8.5922892
2001-02-08,3.66,29.3,7.875134
2001-02-09,3.69,29.34,7.8910903
2001-02-10,3.5,73.51,5.102645000000001
2001-02-11,2.69,73.08,4.438588600000001
2001-02-12,3.89,80.69,5.016835050000001
2001-02-13,4.31,81.84,5.3277772
2001-02-14,2.88,80.88,4.101959200000001
2001-02-15,4.35,50.61,7.10719675
2001-02-16,6.31,43.97,8.83387135
2001-02-17,7.78,42.68,9.898547200000001
2001-02-18,9.66,42.35,11.194643000000001
2001-02-19,8.47,68.62,9.5107177
2001-02-20,8.81,71.85,9.69095425
2001-02-21,8.69,56.76,10.0717342
2001-02-22,10.77,49.6,11.803956
2001-02-23,6.93,41.05,9.38438325
2001-02-24,4.35,48.78,7.2093565
2001-02-25,4.46,86.19,5.222588200000001
2001-02-26,4.69,86.9,5.396810500000001
2001-02-27,5.94,72.72,7.224342400000001
2001-02-28,6.99,49.75,9.06557625
2001-03-01,7.11,50.65,9.11583075
2001-03-02,8.47,45.21,10.28711035
2001-03-03,8.33,49.36,10.0484684
2001-03-04,8.26,48.17,10.0388056
2001-03-05,10.35,49.89,11.49376075
2001-03-06,10.98,65.63,11.6454032
2001-03-07,11.01,68.52,11.6142586
2001-03-08,13.68,45.38,13.9263362
2001-03-09,12.23,59.63,12.73401945
2001-03-10,8.65,56.31,10.05572575
2001-03-11,9.79,45.67,11.19741865
2001-03-12,7.45,40.05,9.774561250000001
2001-03-13,11.66,34.54,12.6824852
2001-03-14,13.76,26.97,14.0572321
2001-03-15,11.08,29.62,12.4038478
2001-03-16,12.58,34.1,13.275904
2001-03-17,10.75,30.1,12.1916875
2001-03-18,15.24,39.22,14.9926254
2001-03-19,18.49,35.84,17.082008799999997
2001-03-20,19.24,30.74,17.4343918
2001-03-21,18.36,34.68,16.9732564
2001-03-22,18.75,36.32,17.26148
2001-03-23,17.63,37.37,16.55182455
2001-03-24,19.06,29.22,17.2848376
2001-03-25,17.91,40.09,16.786387949999998
2001-03-26,18.36,38.34,17.0509582
2001-03-27,16.33,26.94,15.594651099999998
2001-03-28,19.01,28.55,17.23768275
2001-03-29,18.73,30.61,17.11564165
2001-03-30,16.57,31.3,15.7878505
2001-03-31,18.47,28.57,16.91032595
2001-04-01,19.5,34.41,17.696275
2001-04-02,16.2,40.97,15.6480695
2001-04-03,12.42,33.24,13.1837344
2001-04-04,10.22,34.17,11.769638200000001
2001-04-05,10.23,48.12,11.448401800000001
2001-04-06,12.22,42.51,12.9409246
2001-04-07,10.36,54.41,11.3980843
2001-04-08,8.24,38.01,10.3743157
2001-04-09,7.24,38.37,9.700885900000001
2001-04-10,9.74,37.04,11.3882928
2001-04-11,11.49,29.33,12.659941850000001
2001-04-12,10.47,38.43,11.834699050000001
2001-04-13,12.68,28.94,13.3913106
2001-04-14,13.53,31.31,13.89646115
2001-04-15,15.76,25.81,15.2458633
2001-04-16,18.35,23.75,16.73540625
2001-04-17,19.9,21.67,17.573598999999998
2001-04-18,20.73,22.11,18.06109915
2001-04-19,16.75,38.17,15.98485375
2001-04-20,12.89,38.81,13.43183745
2001-04-21,11.15,51.48,12.043981
2001-04-22,12.5,34.65,13.21885
2001-04-23,16.69,27.11,15.81203995
2001-04-24,20.4,23.94,17.931853
2001-04-25,22.59,20.7,19.0615465
2001-04-26,24.9,18.25,20.2239
2001-04-27,24.05,24.91,20.10589775
2001-04-28,21.42,30.67,18.7813002
2001-04-29,20.46,27.01,18.0673878
2001-04-30,24.32,17.06,19.8404106
2001-05-01,25.99,18.35,20.830128249999998
2001-05-02,19.77,16.82,17.3590277
2001-05-03,14.45,18.85,14.47231625
2001-05-04,16.85,17.4,15.782395000000001
2001-05-05,21.44,16.02,18.234483400000002
2001-05-06,23.49,17.25,19.39842625
2001-05-07,25.77,16.02,20.5644997
2001-05-08,27.98,13.58,21.5728212
2001-05-09,28.45,16.55,22.04729875
2001-05-10,27.61,16.78,21.6094219
2001-05-11,27.83,15.34,21.6231521
2001-05-12,26.51,21.84,21.3471412
2001-05-13,22.65,43.68,20.125456
2001-05-14,25.41,22.4,20.753612
2001-05-15,26.77,18.03,21.23825455
2001-05-16,27.99,19.98,22.052916099999997
2001-05-17,25.31,35.6,21.481098
2001-05-18,27.59,20.64,21.8764768
2001-05-19,26.3,27.14,21.571386
2001-05-20,27.71,14.35,21.48709925
2001-05-21,27.42,15.68,21.4282208
2001-05-22,28.68,10.01,21.6616799
2001-05-23,31.08,8.79,22.762560099999998
2001-05-24,32.23,9.15,23.37076225
2001-05-25,31.81,16.5,23.8603825
2001-05-26,28.91,17.08,22.338175399999997
2001-05-27,27.62,15.58,21.5282528
2001-05-28,28.36,15.61,21.9269503
2001-05-29,27.98,13.8,21.589132
2001-05-30,30.23,11.37,22.56217555
2001-05-31,31.28,11.16,23.080956399999998
2001-06-01,33.28,10.5,24.035545
2001-06-02,30.02,15.22,22.7831792
2001-06-03,24.73,11.88,19.771928199999998
2001-06-04,23.25,10.22,18.9293375
2001-06-05,25.4,10.55,20.0374725
2001-06-06,28.55,12.06,21.7544365
2001-06-07,31.29,10.49,23.02419905
2001-06-08,32.05,9.25,23.29035625
2001-06-09,29.78,9.96,22.2130384
2001-06-10,28.99,11.71,21.95372845
2001-06-11,28.27,9.51,21.41673985
2001-06-12,27.74,16.01,21.623848199999998
2001-06-13,23.79,9.57,19.16947915
2001-06-14,22.89,12.48,18.8513896
2001-06-15,26.81,10.87,20.77545335
2001-06-16,30.06,10.13,22.3689254
2001-06-17,31.75,8.93,23.10973375
2001-06-18,30.73,7.98,22.5158347
2001-06-19,30.86,6.72,22.4666656
2001-06-20,31.34,9.05,22.916210999999997
2001-06-21,32.24,9.75,23.4343075
2001-06-22,33.47,14.18,24.5159703
2001-06-23,32.76,14.75,24.1983425
2001-06-24,31.42,14.33,23.4475498
2001-06-25,28.21,10.71,21.47708755
2001-06-26,27.01,14.47,21.12510835
2001-06-27,28.72,21.9,22.611798999999998
2001-06-28,28.76,12.6,21.905218
2001-06-29,30.53,16.36,23.1558794
2001-06-30,32.96,11.47,23.971549099999997
2001-07-01,34.42,10.38,24.6012328
2001-07-02,35.86,13.84,25.737923199999997
2001-07-03,37.08,15.97,26.644314299999998
2001-07-04,35.95,23.17,26.88598075
2001-07-05,34.65,23.06,26.123124499999996
2001-07-06,30.17,38.79,24.89461615
2001-07-07,26.47,57.31,23.65950385
2001-07-08,28.2,46.65,24.1800775
2001-07-09,30.3,38.85,24.986065
2001-07-10,31.32,33.21,25.1412571
2001-07-11,30.24,24.52,23.705696399999997
2001-07-12,29.82,17.89,22.9014114
2001-07-13,31.43,11.29,23.16976835
2001-07-14,30.42,11.69,22.6875764
2001-07-15,27.74,14.98,21.548843599999998
2001-07-16,26.89,19.22,21.3852469
2001-07-17,26.21,19.52,21.0266856
2001-07-18,27.14,22.87,21.7779224
2001-07-19,27.83,20.49,22.00072435
2001-07-20,27.83,18.05,21.821835749999998
2001-07-21,27.33,19.4,21.642460999999997
2001-07-22,28.06,16.82,21.856435599999998
2001-07-23,28.33,14,21.78841
2001-07-24,29.15,13.88,22.210881
2001-07-25,30.37,12.52,22.7343082
2001-07-26,30.2,13.2,22.704819999999998
2001-07-27,32.38,13.54,23.8775236
2001-07-28,33.02,12.77,24.1347522
2001-07-29,31.9,10.29,23.314752999999996
2001-07-30,28.8,14,22.0361
2001-07-31,28.09,20.81,22.17094345
2001-08-01,30.34,17.89,23.186576799999997
2001-08-02,31.16,17.46,23.5968598
2001-08-03,32.8,19.63,24.710759499999995
2001-08-04,30.63,12.01,22.823967149999998
2001-08-05,29.76,12.26,22.3959818
2001-08-06,33.79,14.52,24.720999399999997
2001-08-07,35.27,18.04,25.9072994
2001-08-08,35.46,19.17,26.1419176
2001-08-09,34.19,23.64,25.9205938
2001-08-10,33.38,27.66,25.8682144
2001-08-11,33.43,19.97,25.09767655
2001-08-12,33.99,14.11,24.78302145
2001-08-13,32.13,25.51,24.90707715
2001-08-14,32.68,18.3,24.510817
2001-08-15,32.87,13.14,24.094099899999996
2001-08-16,33.39,12.02,24.2493179
2001-08-17,34.13,11.48,24.5729382
2001-08-18,34.59,12.52,24.9238974
2001-08-19,33.85,11.2,24.399459999999998
2001-08-20,31.61,15.88,23.693887399999998
2001-08-21,29.56,14.84,22.5061972
2001-08-22,27.49,14.65,21.39216925
2001-08-23,27.68,18.72,21.788012799999997
2001-08-24,28.71,15.2,22.082456
2001-08-25,30.84,10.19,22.7687753
2001-08-26,33.61,10.67,24.220970349999998
2001-08-27,33.69,11.89,24.39043005
2001-08-28,34.2,10.12,24.461502000000003
2001-08-29,32.09,13.66,23.7370367
2001-08-30,29.26,20.86,22.835414800000002
2001-08-31,28.92,21.16,22.6671996
2001-09-01,29.26,16.13,22.4514334
2001-09-02,29.95,22.03,23.32449925
2001-09-03,30.49,27.84,24.1438888
2001-09-04,28.69,33.92,23.5327864
2001-09-05,29.75,24.2,23.392274999999998
2001-09-06,27.19,15.14,21.267196300000002
2001-09-07,24.76,11.4,19.760302
2001-09-08,25.85,13.58,20.4552315
2001-09-09,25.25,10.56,19.96186
2001-09-10,27.52,12.05,21.221900499999997
2001-09-11,28.39,17.99,22.12484605
2001-09-12,28.1,13.92,21.661216
2001-09-13,25.63,18.03,20.61220645
2001-09-14,26.82,13.87,20.983831199999997
2001-09-15,27.43,16.92,21.5217658
2001-09-16,26.12,15.97,20.7496427
2001-09-17,25.71,18.47,20.68326785
2001-09-18,27.2,15.88,21.324218
2001-09-19,28.43,13.68,21.8165932
2001-09-20,28.46,14.24,21.8753472
2001-09-21,28.1,13.61,21.638028
2001-09-22,27.79,13.51,21.46801345
2001-09-23,28.67,12.22,21.8288657
2001-09-24,29.09,12.99,22.10788255
2001-09-25,28.76,17.54,22.292662200000002
2001-09-26,27.68,23.23,22.1149427
2001-09-27,28.61,14.59,21.981756949999998
2001-09-28,27.5,14.75,21.404625
2001-09-29,26.06,14.38,20.6162804
2001-09-30,27.38,14.52,21.3245968
2001-10-01,28.75,19.86,22.4690275
2001-10-02,27.08,20.99,21.613298099999998
2001-10-03,26.77,15.53,21.06954205
2001-10-04,26.65,16.98,21.102188499999997
2001-10-05,24.66,21.4,20.267832
2001-10-06,20.63,31.98,18.3367057
2001-10-07,21.47,28.8,18.740548
2001-10-08,21.2,34.72,18.794432
2001-10-09,20.37,22.44,17.8659754
2001-10-10,17.2,13.13,15.9099805
2001-10-11,19.71,11.82,17.1832021
2001-10-12,17.57,21.04,16.2367604
2001-10-13,19.49,17.63,17.22935535
2001-10-14,20.32,19.63,17.7473563
2001-10-15,22.09,13.27,18.46945615
2001-10-16,24.18,10.9,19.436315999999998
2001-10-17,22.55,12.4,18.67151
2001-10-18,21.73,15.32,18.3626998
2001-10-19,21.69,16.54,18.3895743
2001-10-20,23.58,14.5,19.310129999999997
2001-10-21,22.34,15.43,18.6933416
2001-10-22,20.02,23.73,17.7044428
2001-10-23,21.15,17.02,18.1150065
2001-10-24,16.94,14.96,15.7987632
2001-10-25,18.98,11,16.78704
2001-10-26,19.83,11.77,17.24353755
2001-10-27,20.63,11.74,17.6543141
2001-10-28,20.05,24.45,17.74383625
2001-10-29,18.75,28.65,17.08219375
2001-10-30,17.83,36.17,16.66095355
2001-10-31,15.39,61.69,15.20247255
2001-11-01,15.7,32.57,15.254961999999999
2001-11-02,16.96,24.45,15.937808500000001
2001-11-03,17.37,26.62,16.2116967
2001-11-04,17.82,25.51,16.4598126
2001-11-05,18.01,44.41,16.93683505
2001-11-06,18.72,42.67,17.3893707
2001-11-07,17.99,37.67,16.793575649999998
2001-11-08,16.14,30.94,15.5170788
2001-11-09,13.52,28.32,13.9063552
2001-11-10,15.7,36.54,15.281163999999999
2001-11-11,16.57,39.55,15.88177675
2001-11-12,15.1,57.19,14.958727
2001-11-13,12.87,55.62,13.267866699999999
2001-11-14,12.61,37.18,13.2630139
2001-11-15,13.5,36.02,13.851890000000001
2001-11-16,15.47,30.44,15.0988974
2001-11-17,14.89,32.22,14.7446119
2001-11-18,13.46,34.84,13.8327152
2001-11-19,11.6,32.68,12.673754
2001-11-20,14.23,27.71,14.33735065
2001-11-21,14.29,26.07,14.37538915
2001-11-22,13,41.7,13.480975
2001-11-23,9.67,37.03,11.34279805
2001-11-24,9.62,32.18,11.4402888
2001-11-25,8.17,48.56,9.9608836
2001-11-26,5.46,37.31,8.5769468
2001-11-27,3.29,37.5,7.143437500000001
2001-11-28,3.04,31.82,7.3373854000000005
2001-11-29,5.07,45.81,7.88056435
2001-11-30,5.21,80.16,6.223724800000001
2001-12-01,4.84,65.52,6.671922400000001
2001-12-02,8.76,53.07,10.2415801
2001-12-03,9.24,70.97,10.079837900000001
2001-12-04,6.29,45.81,8.736949450000001
2001-12-05,5.77,37.43,8.774298550000001
2001-12-06,7.16,41.44,9.524067200000001
2001-12-07,8.92,47.78,10.522631800000001
2001-12-08,6.83,34.83,9.579196450000001
2001-12-09,7.12,25.86,10.129342600000001
2001-12-10,6.04,40.73,8.797833100000002
2001-12-11,4.52,41.75,7.717342500000001
2001-12-12,4.16,35.48,7.8292524000000006
2001-12-13,4.85,34.76,8.312613
2001-12-14,4.91,45.65,7.77669075
2001-12-15,2.55,41.99,6.36270725
2001-12-16,2.33,34.54,6.7115651000000005
2001-12-17,3.76,31.03,7.834057900000001
2001-12-18,5.1,37.13,8.350379
2001-12-19,6.63,37.18,9.3491637
2001-12-20,7.12,33.7,9.811117
2001-12-21,5.25,69.75,6.78896875
2001-12-22,5.49,45.27,8.20214515
2001-12-23,6.18,51.12,8.4167488
2001-12-24,4.37,50.29,7.139592650000001
2001-12-25,5.03,33.94,8.4707351
2001-12-26,6.94,24.47,10.0805374
2001-12-27,8.61,26.92,10.977426600000001
2001-12-28,9.75,33.23,11.49436625
2001-12-29,9.03,52.55,10.457533250000001
2001-12-30,7.34,74.67,8.3374954
2001-12-31,8.4,71.97,9.3404065
2002-01-01,8.11,56.5,9.6388075
2002-01-02,9.44,41.84,11.0585928
2002-01-03,8.51,54.71,10.00207905
2002-01-04,6.52,54.67,8.5095337
2002-01-05,6.81,26.9,9.9017645
2002-01-06,8.63,25.25,11.043303750000002
2002-01-07,11.02,30.35,12.353101
2002-01-08,12.52,30.19,13.2802309
2002-01-09,12.82,29.77,13.468925200000001
2002-01-10,8.84,46.91,10.4926917
2002-01-11,8.59,22.57,11.10686215
2002-01-12,10.52,16.64,12.3447504
2002-01-13,8.39,22.66,10.989010700000001
2002-01-14,8.94,20.29,11.3775318
2002-01-15,5.72,35.45,8.8371195
2002-01-16,2.51,32.94,6.932271700000001
2002-01-17,3.07,23.53,7.877286550000001
2002-01-18,2.8,41.07,6.5921455
2002-01-19,3.89,27.41,8.12598945
2002-01-20,3.39,36.75,7.25489125
2002-01-21,7,31.3,9.833874999999999
2002-01-22,5.32,42.51,8.2226701
2002-01-23,1.01,25.86,6.510817300000001
2002-01-24,2.32,26.22,7.262522200000001
2002-01-25,6.38,29.96,9.5079864
2002-01-26,7.8,22.74,10.647031
2002-01-27,7.86,43.34,9.929223200000001
2002-01-28,4.93,65.41,6.750644650000001
2002-01-29,2.48,45.97,6.0519233
2002-01-30,0.25,30.59,5.6900087500000005
2002-01-31,1.25,28.62,6.451817500000001
2002-02-01,3.55,31.56,7.671799000000001
2002-02-02,4.95,30.02,8.625699500000001
2002-02-03,6.95,25.19,10.05648525
2002-02-04,7.44,24.87,10.3572979
2002-02-05,7.41,22.01,10.45122005
2002-02-06,9.31,15.52,11.7214816
2002-02-07,10,15.87,12.0822175
2002-02-08,9.36,39.81,11.0615713
2002-02-09,6.37,25.17,9.71602345
2002-02-10,5.2,27.04,8.931904000000001
2002-02-11,8.31,16.38,11.156842900000001
2002-02-12,11.96,19.12,13.0898936
2002-02-13,8.54,20.23,11.1548606
2002-02-14,12.34,19.59,13.2952708
2002-02-15,12.23,29.57,13.109318550000001
2002-02-16,11.89,28.55,12.915664750000001
2002-02-17,8.88,50.22,10.4186998
2002-02-18,7.73,38.02,10.037825300000002
2002-02-19,9.2,38.99,10.978441499999999
2002-02-20,11.53,40.3,12.5051995
2002-02-21,12.92,42.12,13.4229772
2002-02-22,15.37,15.65,14.96638525
2002-02-23,16.15,12.69,15.357661749999998
2002-02-24,12.44,29.04,13.2439768
2002-02-25,12.73,19.02,13.5183403
2002-02-26,11.73,11.95,13.07144175
2002-02-27,13.73,11.87,14.103230550000001
2002-02-28,14.68,12.05,14.5929295
2002-03-01,9.09,17.87,11.53377815
2002-03-02,5.4,18.97,9.455551500000002
2002-03-03,6.89,11.93,10.57616985
2002-03-04,9.33,10.41,11.87749165
2002-03-05,11.17,9.78,12.8223793
2002-03-06,12.25,23.51,13.19656375
2002-03-07,11.2,58.3,11.956855
2002-03-08,8.33,33.23,10.59583995
2002-03-09,7.92,12.37,11.0913297
2002-03-10,11.49,16.75,12.86820375
2002-03-11,13.47,30.73,13.86241455
2002-03-12,17.48,20.27,16.1732253
2002-03-13,14.2,34.52,14.308042
2002-03-14,6.8,19.43,10.2121395
2002-03-15,5.7,22.1,9.470360000000001
2002-03-16,7.17,34.37,9.815873450000002
2002-03-17,5.75,35.55,8.851656250000001
2002-03-18,7.28,36.42,9.804761800000001
2002-03-19,8.24,22.4,10.911768
2002-03-20,15.16,22.22,14.8776586
2002-03-21,17.31,19.01,16.05829955
2002-03-22,17.8,14.33,16.2450895
2002-03-23,14.13,36,14.260240000000001
2002-03-24,12.43,35.57,13.16353555
2002-03-25,11.59,30.81,12.69738595
2002-03-26,15.22,19.1,14.899636000000001
2002-03-27,17.12,15.58,15.9035078
2002-03-28,17.77,16.02,16.2596197
2002-03-29,18.65,20.75,16.84111875
2002-03-30,19.13,19.39,17.07726635
2002-03-31,19.42,12.35,17.048191
2002-04-01,21.49,10.3,18.0414835
2002-04-02,22.98,10.73,18.8164472
2002-04-03,21.83,21.11,18.649549649999997
2002-04-04,21.52,23.2,18.554752
2002-04-05,20,23.4,17.68285
2002-04-06,17.17,34.35,16.205929750000003
2002-04-07,18.44,28.88,16.8988296
2002-04-08,19.74,23.59,17.5378638
2002-04-09,21.07,29.91,18.53729785
2002-04-10,21.7,24.25,18.7003
2002-04-11,22.34,24.63,19.0900456
2002-04-12,24.13,20.01,19.89332965
2002-04-13,23.3,13.26,19.101784000000002
2002-04-14,26.02,11.34,20.4025024
2002-04-15,20.12,27.55,17.8805705
2002-04-16,12.9,21.96,13.586752
2002-04-17,13.69,30.03,14.001716349999999
2002-04-18,12.02,26.46,13.0230856
2002-04-19,12.49,22.71,13.344440950000001
2002-04-20,12.29,26.67,13.18132615
2002-04-21,15.23,19.1,14.905186500000001
2002-04-22,19.24,13.28,16.979209599999997
2002-04-23,22.55,9.47,18.54178425
2002-04-24,22.33,19.08,18.845180199999998
2002-04-25,20.44,24.2,17.963614
2002-04-26,17.58,37.81,16.526501399999997
2002-04-27,15.48,37.9,15.145281
2002-04-28,15.2,37.35,14.9587975
2002-04-29,18.81,21.89,16.958402449999998
2002-04-30,15.88,29.05,15.3414895
2002-05-01,13.89,23.41,14.14695945
2002-05-02,16.26,29.66,15.5791088
2002-05-03,18.86,27.64,17.1248072
2002-05-04,21.14,18.68,18.1701936
2002-05-05,22.63,18.09,18.96739435
2002-05-06,23.52,20.34,19.5680674
2002-05-07,22.79,18.98,19.095893099999998
2002-05-08,19.64,9.56,17.0832612
2002-05-09,20.6,9.88,17.576474
2002-05-10,22.06,13.61,18.4679038
2002-05-11,19.12,20.67,17.1042247
2002-05-12,20.68,15.3,17.801047
2002-05-13,24.63,8.04,19.5064486
2002-05-14,25.35,17.32,20.416071000000002
2002-05-15,26,13.85,20.5510125
2002-05-16,25.97,15.82,20.6595047
2002-05-17,26.34,15.93,20.8653616
2002-05-18,26.18,18.28,20.9303072
2002-05-19,24.75,19.91,20.23492625
2002-05-20,18.83,30.7,17.1796205
2002-05-21,14.91,28.36,14.7484518
2002-05-22,17.06,20.56,15.9414848
2002-05-23,19.06,17.3,16.985884
2002-05-24,21.77,12.9,18.2873065
2002-05-25,24.96,10.07,19.7863271
2002-05-26,25.72,16.03,20.5382113
2002-05-27,25.19,20.39,20.50933005
2002-05-28,24.88,21.38,20.391584199999997
2002-05-29,28.85,11.49,21.86434825
2002-05-30,31.25,6.99,22.68145375
2002-05-31,31.15,16,23.4577
2002-06-01,29.29,22.09,22.95241105
2002-06-02,26.15,22.35,21.174576249999998
2002-06-03,26.16,20.6,21.068078
2002-06-04,28.15,15.44,21.801658
2002-06-05,30.36,11.29,22.6218267
2002-06-06,32.85,10.97,23.86464725
2002-06-07,32.38,10.61,23.5893874
2002-06-08,30.2,10.53,22.474265499999998
2002-06-09,22.91,10.26,18.7590763
2002-06-10,21.04,10.08,17.8055776
2002-06-11,24.85,11.57,19.81612225
2002-06-12,28.69,8.77,21.56995465
2002-06-13,29.91,11.66,22.4227433
2002-06-14,29.81,10.33,22.25933765
2002-06-15,29.38,11.66,22.150254399999998
2002-06-16,29.87,10.49,22.303272149999998
2002-06-17,30.74,6.85,22.419842
2002-06-18,31.41,11.2,23.151156
2002-06-19,32.15,16.93,24.08597975
2002-06-20,31.24,19.87,23.8624309
2002-06-21,28.1,18.72,22.020256
2002-06-22,27.14,21.28,21.6673856
2002-06-23,29.5,12.84,22.3093
2002-06-24,31.11,11.22,22.9995031
2002-06-25,31.35,10.97,23.09914475
2002-06-26,31.54,10.05,23.109886
2002-06-27,30.33,13,22.755345
2002-06-28,30.14,17.07,23.0063614
2002-06-29,31.83,13.14,23.5509391
2002-06-30,32.56,12.73,23.8914709
2002-07-01,33.47,12.49,24.339644149999998
2002-07-02,33.52,10.47,24.1542667
2002-07-03,32.32,10.01,23.500080099999998
2002-07-04,31.24,13.41,23.2676587
2002-07-05,31.65,12.15,23.36354875
2002-07-06,30.94,16.96,23.4315232
2002-07-07,32.52,14.22,24.0183442
2002-07-08,32.81,12.23,23.97112215
2002-07-09,36.99,6.88,25.4715216
2002-07-10,37.18,10.47,26.0120278
2002-07-11,35.41,16.47,25.803632349999997
2002-07-12,36.39,18.08,26.527241599999996
2002-07-13,36.26,18.18,26.467782399999997
2002-07-14,35.25,18.18,25.9122925
2002-07-15,34.38,17.01,25.305873400000003
2002-07-16,33.95,14.42,24.7950795
2002-07-17,33.12,19.92,24.919007199999996
2002-07-18,31.81,26.82,24.8428981
2002-07-19,32.18,24.75,24.86269
2002-07-20,32.7,13.34,24.025334
2002-07-21,32.8,12.57,24.000170499999996
2002-07-22,32.22,11.95,23.638647
2002-07-23,32.89,10.93,23.88101485
2002-07-24,34.19,17.92,25.301146399999997
2002-07-25,33.02,24.88,25.3682768
2002-07-26,32.01,10.86,23.4253723
2002-07-27,30.68,11.11,22.7696789
2002-07-28,30.66,17.34,23.3131792
2002-07-29,32.8,12.79,24.022313499999996
2002-07-30,34.7,10.49,24.755439000000003
2002-07-31,34.11,11.81,24.59826755
2002-08-01,32.69,17.8,24.466300999999998
2002-08-02,31.9,18.16,24.067912
2002-08-03,29.81,22.52,23.285796599999998
2002-08-04,28.25,16.61,21.94363125
2002-08-05,27.84,16.89,21.7422193
2002-08-06,27.75,16.1,21.6357875
2002-08-07,27.15,11.76,21.010702
2002-08-08,28.75,9.11,21.62649625
2002-08-09,31.14,7.19,22.646028799999996
2002-08-10,32.53,5.94,23.2025401
2002-08-11,33.62,6.73,23.8117268
2002-08-12,33.83,7.37,23.982041549999998
2002-08-13,34.35,7.27,24.22620225
2002-08-14,34.92,7.95,24.581864500000002
2002-08-15,34.67,8.55,24.52499425
2002-08-16,34.2,11.8,24.64353
2002-08-17,34.01,10.97,24.456635849999998
2002-08-18,34.06,11.18,24.5047444
2002-08-19,31.24,12.98,23.2280686
2002-08-20,28.05,16.62,21.8361055
2002-08-21,27.22,11.95,21.060021999999996
2002-08-22,25.68,12.87,20.3223763
2002-08-23,27.15,18.39,21.47198425
2002-08-24,27.27,16.07,21.375176449999998
2002-08-25,27.86,12.2,21.408456
2002-08-26,28.51,10.26,21.5950843
2002-08-27,29.02,12.11,22.001104599999998
2002-08-28,30,11.6,22.4639
2002-08-29,28.3,16.1,21.93199
2002-08-30,28.88,16.45,22.2720305
2002-08-31,28.47,10.63,21.60325605
2002-09-01,30.53,17.34,23.2422811
2002-09-02,31.39,11.96,23.2115242
2002-09-03,31.33,15.36,23.4952984
2002-09-04,31.26,16.52,23.5648136
2002-09-05,29.4,26.82,23.402898999999998
2002-09-06,27.43,33.83,22.72432045
2002-09-07,24.13,31.19,20.485478349999998
2002-09-08,21.91,15.17,18.45275335
2002-09-09,24.49,10.04,19.547147799999998
2002-09-10,26.65,15.53,21.00529225
2002-09-11,27.53,23.29,22.03257785
2002-09-12,26.66,27.92,21.8392896
2002-09-13,28.37,16.67,22.01317095
2002-09-14,29.77,13.18,22.4784223
2002-09-15,29.75,11.14,22.296867499999998
2002-09-16,26.33,18.21,21.008333649999997
2002-09-17,25.7,12.88,20.333408
2002-09-18,24.64,18.62,20.101437400000002
2002-09-19,23.33,14.82,19.1932333
2002-09-20,26.67,12.99,20.84598565
2002-09-21,28.04,12.4,21.516427999999998
2002-09-22,28.72,11.01,21.760092099999998
2002-09-23,29.55,9.26,22.0389965
2002-09-24,30.24,8.64,22.330964799999997
2002-09-25,29.53,12.75,22.31747875
2002-09-26,26.83,11.18,20.8066717
2002-09-27,25.14,16.83,20.2728916
2002-09-28,23.04,28.93,19.7018421
2002-09-29,20.24,34.46,18.1709022
2002-09-30,19.54,32.59,17.671394799999998
2002-10-01,18.26,32.23,16.8585164
2002-10-02,14.74,30.94,14.6488408
2002-10-03,15.32,21.41,14.9655591
2002-10-04,17.86,16.49,16.3167352
2002-10-05,19.51,18.94,17.2763917
2002-10-06,21.48,21.32,18.4594748
2002-10-07,23.16,19.83,19.3415029
2002-10-08,23.72,15.95,19.4578245
2002-10-09,24.42,12.39,19.6399984
2002-10-10,22.87,13.59,18.89211565
2002-10-11,22.52,19.84,18.9841424
2002-10-12,20.36,12.06,17.5256938
2002-10-13,19.44,11.45,17.0340965
2002-10-14,21.21,11.34,17.9380027
2002-10-15,21.95,11.56,18.326171
2002-10-16,20.76,11.54,17.7143222
2002-10-17,20.94,16.83,17.9941186
2002-10-18,19.42,30.51,17.5396006
2002-10-19,18.4,29.27,16.882841499999998
2002-10-20,19,28.46,17.229385
2002-10-21,19.24,21.66,17.1976762
2002-10-22,16.67,26.6,15.793971
2002-10-23,16.43,26.52,15.6500098
2002-10-24,16.06,29.08,15.4515064
2002-10-25,14.81,29.29,14.68943945
2002-10-26,14.56,39.17,14.5399261
2002-10-27,14.73,44.76,14.6601214
2002-10-28,16.63,26.86,15.7731649
2002-10-29,14.92,20.18,14.7356158
2002-10-30,13.8,22.97,14.0965655
2002-10-31,13.89,30.6,14.122837
2002-11-01,11.64,16.95,12.9463765
2002-11-02,10.77,14.02,12.5338797
2002-11-03,12.31,10.68,13.385859400000001
2002-11-04,11.69,12.51,13.04215795
2002-11-05,12.5,12.84,13.45876
2002-11-06,14.23,13.27,14.35879405
2002-11-07,14.44,19.85,14.4664495
2002-11-08,15.02,67.98,14.9284228
2002-11-09,16.55,60.89,16.10903475
2002-11-10,13.44,37.88,13.8021596
2002-11-11,12.27,43.7,12.9605195
2002-11-12,12.22,29.76,13.1008096
2002-11-13,14.36,29.62,14.4141926
2002-11-14,13.19,40.34,13.6198503
2002-11-15,11.44,28.62,12.6413254
2002-11-16,12.93,19.3,13.6268445
2002-11-17,12.7,21.87,13.473487
2002-11-18,9.41,36.04,11.2005602
2002-11-19,12.69,21.22,13.4742549
2002-11-20,15.12,34.89,14.8979749
2002-11-21,15.05,36.87,14.85903175
2002-11-22,16.01,30.02,15.4288161
2002-11-23,14.69,32.55,14.61951475
2002-11-24,12.09,44.06,12.8314847
2002-11-25,10.1,32.72,11.728176
2002-11-26,7.91,21.94,10.7392847
2002-11-27,8.35,21.66,10.9998505
2002-11-28,9.21,24,11.421220000000002
2002-11-29,12.04,25.49,13.048120299999999
2002-11-30,9.69,55.03,10.87968135
2002-12-01,7.91,75.42,8.8009021
2002-12-02,9.05,56.89,10.34222225
2002-12-03,8.9,45.09,10.591228000000001
2002-12-04,10.2,35.58,11.723533
2002-12-05,10.41,35.36,11.8640768
2002-12-06,11.12,34.17,12.343779699999999
2002-12-07,11.82,35,12.7781
2002-12-08,9.17,37.54,11.0010149
2002-12-09,8.64,32.71,10.8087567
2002-12-10,8.33,38.88,10.4041072
2002-12-11,8.52,46.68,10.2736948
2002-12-12,9.24,34.58,11.1326006
2002-12-13,8.94,40.29,10.7659318
2002-12-14,8.84,53.44,10.289412800000001
2002-12-15,8.79,66.86,9.8307617
2002-12-16,5.71,79.1,6.720410500000001
2002-12-17,6.52,67.8,7.933258
2002-12-18,5.4,47.43,8.031128500000001
2002-12-19,4.34,32.32,8.1219584
2002-12-20,3.28,59.4,5.785426000000001
2002-12-21,1.9,77.91,3.430837000000001
2002-12-22,3.02,64.98,5.231162800000001
2002-12-23,2.47,49.56,5.807362600000001
2002-12-24,1.65,46.32,5.443834000000001
2002-12-25,3.16,47.26,6.449393800000001
2002-12-26,4.78,45.01,7.7197654
2002-12-27,5.51,46.44,8.158274200000001
2002-12-28,6.42,42.65,8.968634000000002
2002-12-29,5.96,68.99,7.4165397
2002-12-30,5.93,43.35,8.60019775
2002-12-31,6.37,50.44,8.5860754
2003-01-01,5.77,43.18,8.4982123
2003-01-02,7.13,33.32,9.8328738
2003-01-03,10.82,34.23,12.151184800000001
2003-01-04,11.46,36.55,12.520884
2003-01-05,10.73,34.92,12.0794338
2003-01-06,9.14,36.99,10.9975348
2003-01-07,10.37,45.74,11.6025159
2003-01-08,11.28,40.88,12.3270152
2003-01-09,9.68,78.75,10.2433375
2003-01-10,8.94,80.21,9.5451782
2003-01-11,9.05,74.7,9.808367500000001
2003-01-12,10.64,47.59,11.752664300000001
2003-01-13,10.03,43.43,11.42077345
2003-01-14,10.69,37.13,12.00744085
2003-01-15,9.19,41.11,10.90988245
2003-01-16,9.61,29.95,11.49399475
2003-01-17,11.55,25.35,12.761196250000001
2003-01-18,12.3,37.83,13.052257000000001
2003-01-19,12.55,34.27,13.25495425
2003-01-20,12.27,32.66,13.0959251
2003-01-21,10.25,41.71,11.612528750000001
2003-01-22,10.74,45.89,11.8589948
2003-01-23,11.97,53.2,12.621222000000001
2003-01-24,12.46,43.5,13.09393
2003-01-25,13.02,41.73,13.4943178
2003-01-26,12.51,43.75,13.12565625
2003-01-27,14.75,30.36,14.654245
2003-01-28,12.6,39.92,13.227836
2003-01-29,12.73,35.69,13.356057850000001
2003-01-30,14.11,26.49,14.26767895
2003-01-31,15.78,39.61,15.354854399999999
2003-02-01,17.43,32.5,16.3422375
2003-02-02,10.16,32.56,11.769792800000001
2003-02-03,5.78,31.27,9.0762908
2003-02-04,7.96,23.84,10.6994752
2003-02-05,5.37,28.51,8.959870350000001
2003-02-06,4.91,19.56,9.152807800000001
2003-02-07,2.79,28.84,7.373059800000001
2003-02-08,3.82,22.36,8.3805736
2003-02-09,5.92,16.72,9.8499832
2003-02-10,8.15,20.21,10.93666575
2003-02-11,8.7,30.44,10.918963999999999
2003-02-12,7.23,69.14,8.4639371
2003-02-13,8.15,82.8,8.750710000000002
2003-02-14,10.57,78.24,11.0403424
2003-02-15,11.93,50.25,12.63321625
2003-02-16,12.56,64.03,12.9437999
2003-02-17,9.98,51.01,11.1978914
2003-02-18,10.2,39.41,11.6329535
2003-02-19,8.98,31.93,11.0466052
2003-02-20,9.69,47.74,11.0725383
2003-02-21,8.81,38.75,10.72681875
2003-02-22,12.35,28.18,13.1992715
2003-02-23,8.75,33.3,10.8593875
2003-02-24,11.19,44.7,12.1967365
2003-02-25,8.52,75.53,9.3248183
2003-02-26,8.23,55.71,9.75734065
2003-02-27,7.04,65.57,8.4526629
2003-02-28,7.78,46.79,9.7466416
2003-03-01,7.83,43.93,9.88692795
2003-03-02,5.74,39.03,8.677534600000001
2003-03-03,7.06,36.71,9.6498268
2003-03-04,8.04,57.14,9.5628158
2003-03-05,8.89,46.3,10.5469135
2003-03-06,10.5,39.47,11.83166
2003-03-07,11.85,41.9,12.6968075
2003-03-08,13.38,39.59,13.752125600000001
2003-03-09,14.42,31.75,14.45003
2003-03-10,15.28,26.13,14.963097699999999
2003-03-11,16.93,26.7,15.9503455
2003-03-12,17.82,31.56,16.5702856
2003-03-13,18.17,30.92,16.775620200000002
2003-03-14,17.27,41.97,16.385912949999998
2003-03-15,14.22,56.91,14.2863586
2003-03-16,11.03,70.78,11.5876637
2003-03-17,9.66,53.82,10.889311600000001
2003-03-18,9.52,41.16,11.1316276
2003-03-19,9.94,28.07,11.7440044
2003-03-20,13.53,27.57,13.91641405
2003-03-21,11.91,32.93,12.865412150000001
2003-03-22,16.28,32.72,15.6213288
2003-03-23,15.57,39.46,15.2137221
2003-03-24,15.73,41.28,15.3327592
2003-03-25,14.62,31.37,14.5747042
2003-03-26,17.95,27.43,16.57298425
2003-03-27,14.73,33.15,14.64543475
2003-03-28,10.01,24.28,11.8799054
2003-03-29,10.86,25.75,12.346485
2003-03-30,15.83,23.12,15.2676228
2003-03-31,19.51,21.84,17.3563012
2003-04-01,18.63,28.83,17.01337345
2003-04-02,13.9,35.8,14.11186
2003-04-03,9.36,38.66,11.0940818
2003-04-04,10.06,36.1,11.620438
2003-04-05,10.07,31.77,11.732423950000001
2003-04-06,10.89,25.33,12.372572850000001
2003-04-07,12.41,30.99,13.203269950000001
2003-04-08,14.73,24.03,14.63389795
2003-04-09,18.36,16.68,16.5911164
2003-04-10,20.89,18.59,18.02884555
2003-04-11,18.37,38.31,17.05692835
2003-04-12,17.68,43.1,16.684819
2003-04-13,14.96,50.37,14.834436100000001
2003-04-14,12.45,68.5,12.8051625
2003-04-15,10.43,56.76,11.3979274
2003-04-16,12.19,39.94,12.9530623
2003-04-17,13.68,37.87,13.9602063
2003-04-18,12.87,43.81,13.37374335
2003-04-19,11.65,30.52,12.739099
2003-04-20,15.62,25.79,15.162866399999999
2003-04-21,16.86,35.36,16.0209728
2003-04-22,10.65,46.86,11.775239500000001
2003-04-23,12.38,44.57,13.0263138
2003-04-24,15.56,42.18,15.2229094
2003-04-25,15.85,45.94,15.4486045
2003-04-26,15.12,35.14,14.8988274
2003-04-27,16.32,30.77,15.6270077
2003-04-28,16.25,33.33,15.60830125
2003-04-29,14.19,34.03,14.30247885
2003-04-30,14.81,31.94,14.6939577
2003-05-01,16.58,25.17,15.723944799999998
2003-05-02,17.64,25.77,16.3580479
2003-05-03,14.76,50.42,14.6891006
2003-05-04,14.68,51.68,14.632163199999999
2003-05-05,16.55,28.7,15.7460925
2003-05-06,18.25,29.77,16.80150625
2003-05-07,16.56,34.93,15.822756899999998
2003-05-08,15.93,36.76,15.4326174
2003-05-09,13.46,26.94,13.8779032
2003-05-10,15.14,32.35,14.901872000000001
2003-05-11,18.69,19.15,16.82681175
2003-05-12,21.95,15.37,18.48228575
2003-05-13,23.19,16.54,19.201029300000002
2003-05-14,23.03,24.68,19.4963622
2003-05-15,22.86,32.68,19.764626399999997
2003-05-16,24.52,20.92,20.1619012
2003-05-17,25.1,19.8,20.42434
2003-05-18,23.42,20.46,19.5177676
2003-05-19,21.86,13.11,18.3426928
2003-05-20,25.33,10.68,20.0096542
2003-05-21,27.88,9.01,21.1840459
2003-05-22,29.64,9.52,22.1057304
2003-05-23,30.18,9.01,22.333022399999997
2003-05-24,28.6,16.96,22.160248
2003-05-25,26.47,24.49,21.49879915
2003-05-26,25.51,21.63,20.76430465
2003-05-27,30.2,11.24,22.535573999999997
2003-05-28,34.44,8.32,24.3854544
2003-05-29,33.71,12.36,24.4503958
2003-05-30,31.3,17.33,23.661292
2003-05-31,29.82,16.01,22.7430026
2003-06-01,30.04,15.41,22.8100927
2003-06-02,32.54,11.7,23.778874
2003-06-03,32.48,13.66,23.941837399999997
2003-06-04,32,13.65,23.688812499999997
2003-06-05,31.21,10.78,23.010235899999998
2003-06-06,30.88,14.66,23.191719399999997
2003-06-07,31.66,16.91,23.8179658
2003-06-08,31.74,16.81,23.8519242
2003-06-09,31.45,20.86,24.072173499999998
2003-06-10,27.74,21.59,22.0301838
2003-06-11,25.52,26.26,21.0506186
2003-06-12,25.51,28.51,21.18092305
2003-06-13,25.92,21.98,21.0195638
2003-06-14,28.98,13.93,22.1253852
2003-06-15,30.64,12.66,22.8868282
2003-06-16,30.38,13.77,22.848671799999998
2003-06-17,32.41,9.89,23.533714449999998
2003-06-18,31.88,11.09,23.3810931
2003-06-19,30.16,18.74,23.1610762
2003-06-20,25.59,22.14,20.8409293
2003-06-21,25.69,22.02,20.890720899999998
2003-06-22,26.13,17.37,20.84457205
2003-06-23,25.57,14.62,20.3716387
2003-06-24,23.92,20.76,19.8145756
2003-06-25,26.11,12.73,20.537374149999998
2003-06-26,29.38,9.69,21.9890296
2003-06-27,32.21,7.99,23.24776595
2003-06-28,32.98,7.89,23.617939599999996
2003-06-29,32.94,9.18,23.729035599999996
2003-06-30,29.95,8.92,22.210476999999997
2003-07-01,29.86,8.14,22.0996672
2003-07-02,30.25,9.99,22.452883749999998
2003-07-03,31.06,12.24,23.066819199999998
2003-07-04,32.44,8.98,23.459056599999997
2003-07-05,33.55,6.31,23.733630249999997
2003-07-06,32.46,9.24,23.4947272
2003-07-07,31.12,8.57,22.7623837
2003-07-08,31.67,8.66,23.044307099999997
2003-07-09,33.49,6.18,23.6909701
2003-07-10,35.62,7.39,24.8624224
2003-07-11,35.48,8.1,24.875659
2003-07-12,35.92,5.98,24.8435038
2003-07-13,35.63,8.52,24.9986518
2003-07-14,35.7,8.59,25.041594
2003-07-15,35.73,9.96,25.216479399999997
2003-07-16,36.16,12.08,25.686090399999998
2003-07-17,36.03,15.83,26.06300945
2003-07-18,35.26,17.16,25.8013288
2003-07-19,33.62,27.91,26.0390156
2003-07-20,34.32,27.11,26.3742611
2003-07-21,35.51,17.86,26.018312299999998
2003-07-22,37.17,14.25,26.47826125
2003-07-23,36.77,18.57,26.79604645
2003-07-24,35.18,20.55,26.143356999999998
2003-07-25,34.48,21.3,25.831656999999996
2003-07-26,32.91,23.99,25.213607449999998
2003-07-27,34.05,23.66,25.841541499999998
2003-07-28,35.53,21.85,26.49078025
2003-07-29,35.09,24.96,26.592095200000003
2003-07-30,31.88,37.97,25.9505523
2003-07-31,30.63,43.7,25.6353455
2003-08-01,28.67,46.58,24.5067123
2003-08-02,26.66,52.01,23.450428799999997
2003-08-03,29.42,37.12,24.2600672
2003-08-04,30.12,25.31,23.7033821
2003-08-05,29.28,19.23,22.7142067
2003-08-06,29.18,16.48,22.4365952
2003-08-07,29.6,15.72,22.600546
2003-08-08,31.22,14.11,23.321555599999996
2003-08-09,32.37,15.66,24.080643099999996
2003-08-10,34.28,16.89,25.2384631
2003-08-11,33.27,14.75,24.469216250000002
2003-08-12,33.5,13.83,24.495235
2003-08-13,33.44,11.76,24.2480392
2003-08-14,33.51,9.55,24.053000249999997
2003-08-15,32.88,16.64,24.453137599999998
2003-08-16,30.45,32.57,24.53470325
2003-08-17,31.68,25.96,24.6839604
2003-08-18,33.69,16.3,24.855883499999997
2003-08-19,33.75,14.87,24.736861249999997
2003-08-20,30.53,35.98,24.8856767
2003-08-21,30.16,42.49,25.2066637
2003-08-22,30.74,34.73,24.910083599999997
2003-08-23,29.68,21.95,23.1636055
2003-08-24,31.5,22.5,24.25375
2003-08-25,32.52,32.79,25.8588169
2003-08-26,31.58,35.05,25.478596999999997
2003-08-27,29.34,36.14,24.1277468
2003-08-28,30.72,35.73,24.9864733
2003-08-29,30.11,19.11,23.16518905
2003-08-30,29.99,11.91,22.48517245
2003-08-31,31.65,17.77,23.89365525
2003-09-01,31.8,24.44,24.610466
2003-09-02,32.77,21.28,24.8598208
2003-09-03,32.88,28.24,25.6257816
2003-09-04,31.34,36.84,25.4901208
2003-09-05,31.9,31.64,25.357947999999997
2003-09-06,29.63,23.2,23.239088
2003-09-07,28.79,19.45,22.45917275
2003-09-08,27.04,20.05,21.5258485
2003-09-09,25.56,23.92,20.9320536
2003-09-10,24.61,23.4,20.350656999999998
2003-09-11,24.93,16.07,20.11535555
2003-09-12,27.75,15.22,21.5716575
2003-09-13,27.71,14.04,21.4645762
2003-09-14,26.07,10.24,20.3581224
2003-09-15,28.18,14.92,21.7785808
2003-09-16,27.55,20.5,21.8438875
2003-09-17,25.16,13.98,20.116647399999998
2003-09-18,22.12,11.12,18.3950392
2003-09-19,24.54,9.4,19.537067999999998
2003-09-20,26.6,10.11,20.6178205
2003-09-21,27.39,8.52,20.9045254
2003-09-22,28.63,8.62,21.528403299999997
2003-09-23,30.05,7.54,22.1423585
2003-09-24,29.92,12.73,22.5186313
2003-09-25,28.89,23.07,22.80137515
2003-09-26,28.48,7.26,21.3492214
2003-09-27,29.33,7.61,21.79420965
2003-09-28,29.86,9.44,22.2094912
2003-09-29,28.91,14.48,22.1321124
2003-09-30,28.75,21.29,22.58110375
2003-10-01,28.98,21.18,22.702775199999998
2003-10-02,25.21,21.02,20.5576831
2003-10-03,24.27,23.6,20.164645999999998
2003-10-04,24.43,31.33,20.67958795
2003-10-05,25.36,27.53,21.0313669
2003-10-06,26.36,23.46,21.3672958
2003-10-07,26.32,21.35,21.2069635
2003-10-08,25.73,17.16,20.6133874
2003-10-09,26.34,15.8,20.856896
2003-10-10,23.18,20.06,19.363664399999998
2003-10-11,19.55,13.28,17.141352
2003-10-12,22.48,16.53,18.8165017
2003-10-13,21.96,12.4,18.365772
2003-10-14,21.56,6.52,17.930171599999998
2003-10-15,21.62,11.8,18.166088000000002
2003-10-16,21.37,10.51,17.98862035
2003-10-17,23.17,10.42,18.8983777
2003-10-18,24.45,13.28,19.704248
2003-10-19,24.78,21.06,20.3167324
2003-10-20,24.63,20.19,20.18338585
2003-10-21,25.34,13.07,20.1572334
2003-10-22,26.03,10.75,20.37021125
2003-10-23,24.65,11.8,19.726235
2003-10-24,21.62,16.73,18.3591468
2003-10-25,19.95,9.33,17.232166749999998
2003-10-26,19.66,13.11,17.1940618
2003-10-27,21.56,19.67,18.440786099999997
2003-10-28,21.52,15.62,18.2620882
2003-10-29,23.86,15.58,19.5140584
2003-10-30,16.69,32.15,15.872746750000001
2003-10-31,10.62,32.16,12.0677056
2003-11-01,9.95,56.09,11.04884775
2003-11-02,9.7,30.97,11.522392
2003-11-03,7.8,36.65,10.1344475
2003-11-04,8.62,48.62,10.2816292
2003-11-05,9.56,31.2,11.429296
2003-11-06,11.72,24.5,12.874395
2003-11-07,10.55,40.14,11.8504585
2003-11-08,11.32,39.46,12.3788446
2003-11-09,12.13,58.04,12.676948600000001
2003-11-10,13.12,53.76,13.470961599999999
2003-11-11,11.17,36.03,12.34161055
2003-11-12,9.1,41.7,10.83151
2003-11-13,7.85,77.89,8.65867325
2003-11-14,9.02,64.66,10.0851476
2003-11-15,7.93,67.87,9.09101755
2003-11-16,9.67,67.85,10.52406475
2003-11-17,10.26,47.96,11.4735728
2003-11-18,10.4,51.21,11.5002145
2003-11-19,12.56,41.52,13.183981600000001
2003-11-20,12.8,41.13,13.3504345
2003-11-21,10.48,46.73,11.6577997
2003-11-22,5.62,31.68,8.9567488
2003-11-23,2.21,34.95,6.6070547500000005
2003-11-24,3.99,36.14,7.681427300000001
2003-11-25,5.87,35.44,8.9343404
2003-11-26,7.15,35.09,9.77398675
2003-11-27,5.18,42.09,8.1484666
2003-11-28,6.13,35.43,9.102479950000001
2003-11-29,8.94,27.03,11.1714226
2003-11-30,9.13,27.26,11.2783759
2003-12-01,9.96,30.26,11.7014078
2003-12-02,9.73,36.81,11.38778965
2003-12-03,10.96,34.2,12.241126000000001
2003-12-04,9.63,36.56,11.3292404
2003-12-05,11.8,32.47,12.802820500000001
2003-12-06,11.57,39.99,12.53706115
2003-12-07,11.52,76.83,11.8997563
2003-12-08,7.47,46.48,9.539350800000001
2003-12-09,4.63,36.98,8.051040700000001
2003-12-10,5.38,39.23,8.428223200000001
2003-12-11,4.78,74.61,6.137349400000001
2003-12-12,4.26,56.74,6.696403200000001
2003-12-13,6.09,44.13,8.67426685
2003-12-14,5.07,58.88,7.202688800000001
2003-12-15,3.51,40.59,7.10103745
2003-12-16,3.73,31.04,7.8148456
2003-12-17,5.33,27.61,8.980989650000001
2003-12-18,7.71,32.06,10.247219300000001
2003-12-19,7.59,32.91,10.139755450000001
2003-12-20,9.63,31.2,11.472808
2003-12-21,8.33,72.28,9.2706782
2003-12-22,6.5,56,8.436
2003-12-23,6.53,46.22,8.8874463
2003-12-24,5.83,73.19,7.10843485
2003-12-25,8.42,86.35,8.876456000000001
2003-12-26,6.02,55.58,8.091748800000001
2003-12-27,2.21,40.05,6.26232025
2003-12-28,2.12,35.55,6.508400500000001
2003-12-29,1.05,45.04,5.115666000000001
2003-12-30,3.05,61.13,5.497838250000001
2003-12-31,4.1,61.81,6.284468
2004-01-01,3.68,54.52,6.3865148000000005
2004-01-02,5.16,79.08,6.234660400000001
2004-01-03,2.86,57.32,5.5923736
2004-01-04,0.07,38.61,4.942217350000002
2004-01-05,1.47,33.95,6.20347325
2004-01-06,3.12,30.79,7.451853900000001
2004-01-07,5.72,42.79,8.4826709
2004-01-08,7.39,45.48,9.5220046
2004-01-09,8.05,51.34,9.7762135
2004-01-10,9.24,42.51,10.9031857
2004-01-11,8.94,40.47,10.7604274
2004-01-12,9.39,39.48,11.090914600000001
2004-01-13,10.05,41.83,11.47371075
2004-01-14,9.72,40.32,11.288987200000001
2004-01-15,9.92,31.71,11.6402251
2004-01-16,7.87,36.57,10.18297495
2004-01-17,7.16,42.51,9.4808713
2004-01-18,6.71,41.88,9.2001514
2004-01-19,9.32,40.11,11.0262661
2004-01-20,7.68,45.58,9.7212942000000009
2004-01-21,5.37,47.33,8.014824050000001
2004-01-22,4.98,38.34,8.2085176
2004-01-23,6.18,32.29,9.2784096
2004-01-24,6.47,34.96,9.3424916
2004-01-25,5.47,45.05,8.199091750000001
2004-01-26,2.23,33.09,6.745421350000001
2004-01-27,5.11,32.45,8.598619750000001
2004-01-28,6.7,57.02,8.543842
2004-01-29,8.05,49.2,9.85213
2004-01-30,10.49,46.39,11.67236855
2004-01-31,9.12,44.92,10.749817199999999
2004-02-01,4.38,35.06,7.994560400000001
2004-02-02,5.78,35.91,8.853756400000002
2004-02-03,6.57,62.63,8.199892550000001
2004-02-04,6.38,48.3,8.688922000000002
2004-02-05,4.78,42.68,7.8443272
2004-02-06,4.28,37.7,7.7818830000000005
2004-02-07,6.28,33.73,9.276066700000001
2004-02-08,3.93,45.01,7.126843650000001
2004-02-09,4.39,36.9,7.8986755
2004-02-10,4.09,38.89,7.588853050000001
2004-02-11,5.88,31.82,9.1124138
2004-02-12,5.58,37.42,8.6501748
2004-02-13,5.16,24.78,9.024051400000001
2004-02-14,7.78,24.35,10.576024
2004-02-15,8.87,28.43,11.08616505
2004-02-16,9.63,35.78,11.3501327
2004-02-17,12.04,45.59,12.7761673
2004-02-18,12.11,37.4,12.932877
2004-02-19,8.79,59.1,10.0744645
2004-02-20,9.88,42.21,11.348443900000001
2004-02-21,6.29,75.72,7.3863634000000005
2004-02-22,6,77.74,7.040655000000001
2004-02-23,6.44,80.27,7.314630900000001
2004-02-24,7.45,68.77,8.66094325
2004-02-25,7.48,68.72,8.687720800000001
2004-02-26,10.1,63.88,10.974104
2004-02-27,6.87,61.19,8.49866165
2004-02-28,6.67,40.51,9.23193685
2004-02-29,7.19,40.66,9.5757647
2004-03-01,8.7,42.75,10.526275
2004-03-02,6.1,72.41,7.374658
2004-03-03,7.56,51.39,9.4154437
2004-03-04,10.27,38.95,11.69032825
2004-03-05,10.35,43.63,11.63664525
2004-03-06,13,41.4,13.48345
2004-03-07,14.21,39.03,14.30724715
2004-03-08,15.69,36.72,15.275832399999999
2004-03-09,17.46,31.26,16.3409128
2004-03-10,17.78,31.04,16.5359616
2004-03-11,14.84,32.12,14.7130644
2004-03-12,17.54,26.87,16.3172664
2004-03-13,17.05,28.17,16.04258425
2004-03-14,18.92,21.35,17.008018500000002
2004-03-15,18.86,30.84,17.2015432
2004-03-16,17.95,26.51,16.55552725
2004-03-17,17.86,25.62,16.4854576
2004-03-18,20.22,21.71,17.7569966
2004-03-19,20.4,27.64,18.051918
2004-03-20,21.67,23.88,18.6682078
2004-03-21,22.68,22.46,19.1914754
2004-03-22,23.5,21.38,19.60831
2004-03-23,21.68,31.4,18.970986
2004-03-24,18.08,45.63,17.0094547
2004-03-25,18.26,34.9,16.913732
2004-03-26,16.9,36.12,16.056784
2004-03-27,14.96,29.35,14.7812555
2004-03-28,15.15,28.66,14.8949595
2004-03-29,16.94,22.52,15.9002184
2004-03-30,20.17,16.53,17.56698805
2004-03-31,20.22,23.55,17.814883
2004-04-01,17.81,28.98,16.5170809
2004-04-02,12.83,50.41,13.28548415
2004-04-03,14.57,61.22,14.5550697
2004-04-04,16.02,48.41,15.5887076
2004-04-05,18.13,39.63,16.92471295
2004-04-06,17.38,42.98,16.4768032
2004-04-07,17.46,32.82,16.3663096
2004-04-08,19.96,32.76,17.9407828
2004-04-09,20.38,31.26,18.156948399999997
2004-04-10,18.56,20.54,16.7856582
2004-04-11,16.47,21.8,15.622703
2004-04-12,19.23,13.97,16.991929550000002
2004-04-13,19.49,21.11,17.324863949999997
2004-04-14,17.82,26.39,16.4758814
2004-04-15,17.82,24.51,16.4415526
2004-04-16,16.7,32.79,15.886759
2004-04-17,15.4,35.62,15.081319
2004-04-18,13.19,35.8,13.652561
2004-04-19,14.74,29.22,14.6465704
2004-04-20,16.72,27.49,15.834652899999998
2004-04-21,18.45,25.71,16.83604975
2004-04-22,16.44,25.07,15.6404969
2004-04-23,17.31,21,16.089055
2004-04-24,20.71,19.32,17.9543746
2004-04-25,21.27,20.04,18.2926894
2004-04-26,23.23,17.31,19.25963965
2004-04-27,24.66,13,19.79844
2004-04-28,24.9,16.84,20.143248
2004-04-29,18.1,18.26,16.481548
2004-04-30,17.36,18.67,16.0806791
2004-05-01,22.71,17.18,18.9702629
2004-05-02,25.34,15.37,20.294359399999998
2004-05-03,27.77,13.13,21.42979305
2004-05-04,28.52,14.16,21.9008776
2004-05-05,26.14,15.24,20.7136648
2004-05-06,23.41,14.29,19.20978145
2004-05-07,23.98,12.95,19.441212999999998
2004-05-08,23.83,16.86,19.563670899999998
2004-05-09,23.43,16.54,19.330862099999997
2004-05-10,22.98,17.29,19.1224056
2004-05-11,19.35,22.03,17.27015025
2004-05-12,18.53,18.85,16.73131025
2004-05-13,20.66,12.78,17.7049864
2004-05-14,23.29,11.7,19.021136499999997
2004-05-15,24.73,12.35,19.79837275
2004-05-16,25.04,16.4,20.193708
2004-05-17,24.6,18.64,20.080452
2004-05-18,22.47,17.71,18.86281785
2004-05-19,21.55,19.57,18.43132675
2004-05-20,21.46,20.81,18.4286068
2004-05-21,21.2,23.65,18.3865025
2004-05-22,22.22,22.77,18.9408142
2004-05-23,21.85,23.48,18.756679000000002
2004-05-24,21.95,21.33,18.72649675
2004-05-25,21.71,24.33,18.70930615
2004-05-26,23.2,21.92,19.463872
2004-05-27,25.81,18.31,20.728473549999997
2004-05-28,25.87,28.77,21.415631949999998
2004-05-29,23.15,25.42,19.6018565
2004-05-30,23.66,13.3,19.292054
2004-05-31,27.82,11.06,21.304255599999998
2004-06-01,29.29,11.01,22.05110845
2004-06-02,30.43,10.15,22.55779225
2004-06-03,31.04,11.64,23.001890799999998
2004-06-04,30.8,9.7,22.704605
2004-06-05,31.67,8.83,23.060361049999997
2004-06-06,31.46,10.79,23.138491199999997
2004-06-07,30.16,13.78,22.733871399999998
2004-06-08,26.67,13.05,20.85000175
2004-06-09,19.67,23.26,17.487898100000002
2004-06-10,21.18,22.71,18.3403654
2004-06-11,24.19,14.83,19.65086485
2004-06-12,25.82,12.76,20.3884376
2004-06-13,28.8,11.01,21.8009365
2004-06-14,30.42,12.88,22.7917728
2004-06-15,31.93,14.13,23.698072449999998
2004-06-16,31.22,18.83,23.7556068
2004-06-17,29.59,28.41,23.64838795
2004-06-18,27.76,20.43,21.9569599
2004-06-19,28.4,17.67,22.1058715
2004-06-20,28.85,18.65,22.42945125
2004-06-21,30.1,14.07,22.727206
2004-06-22,30.82,13.98,23.0988448
2004-06-23,30.09,15.29,22.82654105
2004-06-24,30.29,14.64,22.876910799999997
2004-06-25,30.51,12.56,22.8104708
2004-06-26,30.13,12.01,22.565939649999997
2004-06-27,29.82,14.7,22.632621999999998
2004-06-28,29.48,13.88,22.3845732
2004-06-29,27.98,17.68,21.8767952
2004-06-30,26.78,19.07,21.3139878
2004-07-01,27.6,20.6,21.87923
2004-07-02,28.4,17.01,22.055414499999998
2004-07-03,29.94,13,22.55196
2004-07-04,30.51,18.08,23.2965344
2004-07-05,31.75,15.7,23.7520375
2004-07-06,32.8,12.61,24.0041965
2004-07-07,32.08,13.09,23.676672099999998
2004-07-08,30.7,19.24,23.504284
2004-07-09,30.06,15.93,22.865289399999998
2004-07-10,30.36,11.31,22.6235713
2004-07-11,30.37,9.93,22.508240049999998
2004-07-12,32.36,9.36,23.456432799999998
2004-07-13,33.86,12.19,24.5099912
2004-07-14,32.77,10.76,23.8027186
2004-07-15,31.95,20.53,24.32286675
2004-07-16,31.04,30.15,24.6857455
2004-07-17,29.8,32.84,24.148486
2004-07-18,30.12,39.58,24.9293178
2004-07-19,33.06,18.53,24.743542400000003
2004-07-20,32.55,18.49,24.458094749999997
2004-07-21,32.63,15.62,24.2160483
2004-07-22,33.09,13.97,24.29386265
2004-07-23,33.09,12.2,24.112889000000003
2004-07-24,32.83,11,23.857464999999998
2004-07-25,33.61,10.99,24.254603949999996
2004-07-26,33.2,10.95,24.0412075
2004-07-27,31.29,9.14,22.899533299999998
2004-07-28,31.24,12.78,23.2096546
2004-07-29,32.84,10.48,23.8101176
2004-07-30,31.01,10.69,22.90020545
2004-07-31,31.04,11.87,23.0228139
2004-08-01,31.74,12.76,23.4679032
2004-08-02,31.26,21.03,23.9805454
2004-08-03,29.51,12.78,22.3095529
2004-08-04,30.2,10.24,22.449223999999997
2004-08-05,29.71,12.11,22.35756205
2004-08-06,29.06,13.2,22.109056
2004-08-07,28.6,10.51,21.6600505
2004-08-08,32.26,10.29,23.497127199999998
2004-08-09,34.65,12.32,24.932864
2004-08-10,34.3,12.27,24.746202999999998
2004-08-11,34.6,11.3,24.794215
2004-08-12,33.9,14.08,24.732335999999997
2004-08-13,29.87,28.16,23.7970056
2004-08-14,28.66,40.84,24.0526192
2004-08-15,29.54,40.48,24.616505599999996
2004-08-16,27.22,47.66,23.5582936
2004-08-17,29.88,34.93,24.375728699999996
2004-08-18,30.62,25.84,24.0449744
2004-08-19,30.05,25.21,23.65358525
2004-08-20,30.82,26.54,24.2262304
2004-08-21,30.31,33.14,24.496188699999998
2004-08-22,29.89,25.85,23.61357325
2004-08-23,27.55,24.85,22.15610875
2004-08-24,26.53,30.69,21.94410385
2004-08-25,27.4,28.94,22.358293
2004-08-26,28.34,21.99,22.4018788
2004-08-27,27.04,17.96,21.3817012
2004-08-28,27.8,13.29,21.4571635
2004-08-29,30.17,11.74,22.563311900000002
2004-08-30,31.08,13.25,23.169267499999997
2004-08-31,31.66,11.89,23.344178199999998
2004-09-01,32.17,9.34,23.3592079
2004-09-02,31.75,11.27,23.33174125
2004-09-03,25.32,15.66,20.3009266
2004-09-04,22.13,18.93,18.72789745
2004-09-05,24.57,13.2,19.762582000000002
2004-09-06,27.52,11.83,21.2061463
2004-09-07,29.4,10.99,22.105630499999997
2004-09-08,30.96,9.68,22.7833304
2004-09-09,29.95,20.33,23.18004175
2004-09-10,28.8,42.33,24.2642545
2004-09-11,30.52,26.25,24.0218875
2004-09-12,28.92,32.57,23.5721267
2004-09-13,27.07,28.11,22.09988485
2004-09-14,26.23,23.43,21.29008645
2004-09-15,24.45,18.03,19.964191749999998
2004-09-16,26.72,21.26,21.4278846
2004-09-17,26.94,17.67,21.3069814
2004-09-18,24.91,22.6,20.478462999999998
2004-09-19,21.18,24.73,18.4145802
2004-09-20,16.92,27.62,15.956622200000002
2004-09-21,16.94,24.2,15.922764
2004-09-22,18.55,17.23,16.70629825
2004-09-23,22.89,17.75,19.09457375
2004-09-24,25.23,16.49,20.30165735
2004-09-25,26.89,14.26,21.0472477
2004-09-26,26.77,15.22,21.048621699999998
2004-09-27,25.58,16.5,20.491509999999998
2004-09-28,25.03,14.77,20.09390455
2004-09-29,21.08,24.75,18.356702499999997
2004-09-30,20.37,29.41,18.09100185
2004-10-01,22.04,28.57,19.0777979
2004-10-02,23.45,26.86,19.849683499999998
2004-10-03,22.55,26.8,19.30907
2004-10-04,23.96,19.97,19.7960391
2004-10-05,23.11,25.15,19.565478249999998
2004-10-06,23.66,18.97,19.5777086
2004-10-07,24.11,17.86,19.7684903
2004-10-08,24.53,15.29,19.85697285
2004-10-09,23.83,16.85,19.56315775
2004-10-10,20.8,31.06,18.411229
2004-10-11,19.23,30.25,17.41545375
2004-10-12,19.97,33.42,17.9669407
2004-10-13,22.31,21.55,18.940180249999997
2004-10-14,20.91,16.49,17.96585495
2004-10-15,23.69,13.09,19.29713405
2004-10-16,21.13,18.51,18.15846715
2004-10-17,16.94,45.36,16.2067312
2004-10-18,16.17,56.43,15.769809550000002
2004-10-19,13.23,65.92,13.4680488
2004-10-20,15.24,68.27,15.1108589
2004-10-21,12.27,56.08,12.8086788
2004-10-22,11.98,47.04,12.714025600000001
2004-10-23,12.53,43.08,13.1467282
2004-10-24,14.27,46.97,14.33708295
2004-10-25,14.21,55.87,14.28038735
2004-10-26,11.82,58.98,12.4246348
2004-10-27,9.26,70.71,10.1041378
2004-10-28,8.73,60.27,9.990831550000001
2004-10-29,9.38,51.93,10.7336512
2004-10-30,10.72,45.58,11.8513918
2004-10-31,11.25,37.73,12.36307625
2004-11-01,7.31,32.69,9.97177395
2004-11-02,8.97,29.29,11.120644650000001
2004-11-03,11.68,25.33,12.8381317
2004-11-04,10.08,43.34,11.4574046
2004-11-05,12.42,37.47,13.1353432
2004-11-06,14.11,32.91,14.25390805
2004-11-07,14.21,45.78,14.2964809
2004-11-08,12.16,80.23,12.4144399
2004-11-09,11.43,70.84,11.9223666
2004-11-10,12.36,62.92,12.7964316
2004-11-11,11.58,61.93,12.191404200000001
2004-11-12,11.32,50.32,12.1889032
2004-11-13,10.4,51.05,11.5038225
2004-11-14,10.98,50.17,11.9447088
2004-11-15,11.06,47.74,12.048759200000001
2004-11-16,12.31,44.23,12.981749650000001
2004-11-17,12.8,46.65,13.2988225
2004-11-18,12.83,42.75,13.355841250000001
2004-11-19,12.34,39.79,13.0552948
2004-11-20,8.72,43.39,10.5196319
2004-11-21,5.58,41.77,8.4367638
2004-11-22,7.1,56.3,8.87859
2004-11-23,8.35,50.26,10.032455500000001
2004-11-24,8.14,43.54,10.114970800000002
2004-11-25,10.61,32.75,12.04881375
2004-11-26,9,49.2,10.5367
2004-11-27,9.72,54.1,10.926711000000001
2004-11-28,4.88,43.6,7.864124
2004-11-29,1.27,35.44,5.967708400000001
2004-11-30,2.38,28.3,7.159522000000002
2004-12-01,3.09,36.77,7.05799865
2004-12-02,3.25,42.01,6.83813125
2004-12-03,2.79,43.5,6.428882500000001
2004-12-04,4.32,34.88,7.9660688
2004-12-05,3.35,53.1,6.226142500000001
2004-12-06,4.15,65.25,6.1281437500000004
2004-12-07,4.57,76.6,5.847991000000001
2004-12-08,5.6,88.11,6.1820155
2004-12-09,8,80.47,8.698197500000001
2004-12-10,10.35,59.98,11.2634565
2004-12-11,12.91,48.91,13.35678205
2004-12-12,12.01,42.83,12.79294315
2004-12-13,11.77,46.02,12.5805097
2004-12-14,11.44,50.02,12.2811634
2004-12-15,9.5,42.24,11.0884
2004-12-16,7.53,40.82,9.7986653
2004-12-17,6.6,41.36,9.147908000000001
2004-12-18,7.48,32.37,10.091194300000002
2004-12-19,9.04,39.1,10.868827
2004-12-20,10.03,37.64,11.5631206
2004-12-21,9.21,40.71,10.93504255
2004-12-22,4.67,37.94,8.0252739
2004-12-23,3.07,39.88,6.8494438
2004-12-24,3.72,37.38,7.4327398
2004-12-25,5.16,40.81,8.200590300000002
2004-12-26,5.09,45.19,7.926691550000001
2004-12-27,6.86,47.11,9.082437800000001
2004-12-28,5.03,79.22,6.112326300000001
2004-12-29,5.64,85.75,6.3344025
2004-12-30,5.07,83.41,5.930440350000001
2004-12-31,6.76,75.32,7.8106276
2005-01-01,3.14,75.74,4.655764800000001
2005-01-02,4.04,66.33,5.977035100000001
2005-01-03,5.52,70.94,6.9552734
2005-01-04,4.98,85.59,5.7345076000000015
2005-01-05,3.08,70.56,4.929126400000001
2005-01-06,2.7,62.61,5.126611000000001
2005-01-07,1.59,71.24,3.632103800000001
2005-01-08,6.04,91.66,6.428060200000001
2005-01-09,9.6,90.96,9.843628
2005-01-10,11.15,87.46,11.381049500000001
2005-01-11,9.49,69.3,10.335938500000001
2005-01-12,5.19,50.88,7.705189600000001
2005-01-13,2.7,50.49,5.913199000000001
2005-01-14,6.81,34.81,9.56721105
2005-01-15,8.06,33.5,10.41543
2005-01-16,9.72,42.69,11.2266799
2005-01-17,9.54,53.06,10.8205232
2005-01-18,9.55,51.75,10.86360625
2005-01-19,11.48,46.47,12.3691333
2005-01-20,12.77,50.65,13.23956525
2005-01-21,13.43,47.81,13.73713815
2005-01-22,11.66,48.22,12.468803600000001
2005-01-23,12,47.83,12.7173375
2005-01-24,12.96,50.02,13.3833306
2005-01-25,12.59,68.12,12.9248994
2005-01-26,11.09,79.22,11.4797289
2005-01-27,9.01,82.94,9.5251267
2005-01-28,6.35,78.33,7.321357750000001
2005-01-29,6.3,71.69,7.576781
2005-01-30,6.8,51.37,8.8594805
2005-01-31,5.75,50.93,8.111493750000001
2005-02-01,8.63,46.22,10.366287300000002
2005-02-02,6.18,43.33,8.7732192
2005-02-03,7.5,46.39,9.563985
2005-02-04,8.66,43.59,10.4718892
2005-02-05,10.4,36.52,11.831474
2005-02-06,8.49,48.86,10.1804327
2005-02-07,6.78,73.46,7.9068884000000015
2005-02-08,7.22,56.61,8.9573356
2005-02-09,7.6,42.36,9.787438
2005-02-10,8.58,38.77,10.5736488
2005-02-11,7.68,64.81,8.9999769
2005-02-12,8.43,77,9.197855
2005-02-13,9.56,71.95,10.3221185
2005-02-14,10.64,70.26,11.271380200000001
2005-02-15,10.24,69.62,10.951803400000001
2005-02-16,11.7,61.4,12.29444
2005-02-17,11.32,56.9,12.073819
2005-02-18,9.58,71.89,10.3406566
2005-02-19,7.64,89.58,8.0331466
2005-02-20,8.05,81.57,8.703804250000001
2005-02-21,8.64,81.67,9.230775900000001
2005-02-22,8.62,83.55,9.151993
2005-02-23,8.34,72.26,9.2798312
2005-02-24,9.72,60.52,10.757929200000001
2005-02-25,10.72,51.18,11.734967800000002
2005-02-26,9.87,54.31,11.03349585
2005-02-27,10.67,50.26,11.7177731
2005-02-28,10.06,61.95,10.989181
2005-03-01,11.19,57.77,11.95879715
2005-03-02,11.98,53.21,12.6285094
2005-03-03,9.97,50.77,11.196565450000001
2005-03-04,10.43,53.25,11.47649875
2005-03-05,12.73,60.34,13.116090100000001
2005-03-06,12.67,49.83,13.17496105
2005-03-07,12.87,42.3,13.3872805
2005-03-08,16.31,38.29,15.69567695
2005-03-09,16.99,36.87,16.12543465
2005-03-10,18.55,31.29,17.01948475
2005-03-11,16.59,40.03,15.900644849999999
2005-03-12,18.52,28.78,16.9453258
2005-03-13,17.57,36.21,16.49290585
2005-03-14,11.39,31.79,12.55673205
2005-03-15,8.75,33.42,10.8555925
2005-03-16,12.01,29.93,12.96960865
2005-03-17,14.45,36.25,14.46753125
2005-03-18,12.51,45.23,13.10945765
2005-03-19,8.71,75.95,9.47587225
2005-03-20,10.9,58.94,11.712988000000001
2005-03-21,11.53,44.91,12.42989515
2005-03-22,11.58,58.44,12.2474536
2005-03-23,10.82,63.45,11.559772
2005-03-24,10.4,53.06,11.458497000000001
2005-03-25,10.36,47.6,11.553148
2005-03-26,9.64,38.27,11.2900429
2005-03-27,13.77,34.42,14.0333037
2005-03-28,14.15,48.87,14.24842525
2005-03-29,11.39,37.63,12.45683885
2005-03-30,11.07,41.68,12.1702068
2005-03-31,8.97,33.76,10.984689600000001
2005-04-01,12.28,31.05,13.1218795
2005-04-02,15.43,25.95,15.05123425
2005-04-03,15.13,42.59,14.931074350000001
2005-04-04,11.98,43.39,12.7646146
2005-04-05,12.18,32.28,13.0441072
2005-04-06,17.28,29.04,16.1950216
2005-04-07,17.09,34.74,16.1603713
2005-04-08,13.32,39.16,13.714851600000001
2005-04-09,11.21,39.95,12.29660475
2005-04-10,11.51,36.19,12.55935545
2005-04-11,14.8,27.97,14.681150500000001
2005-04-12,16.64,36.71,15.8950767
2005-04-13,16.45,36.68,15.770893
2005-04-14,13.78,25.41,14.0753764
2005-04-15,15.39,27.33,15.03428035
2005-04-16,19.2,24.01,17.2356585
2005-04-17,21.1,24.31,18.352453
2005-04-18,17.67,39.43,16.61396205
2005-04-19,13.88,36.47,14.096637300000001
2005-04-20,13.19,34.16,13.6643772
2005-04-21,15.96,24.34,15.3524502
2005-04-22,17.85,23.11,16.433301750000002
2005-04-23,17.55,40.67,16.55473925
2005-04-24,17.29,39.84,16.3668448
2005-04-25,16.81,40.3,16.0515115
2005-04-26,18.19,35.65,16.88401675
2005-04-27,19.51,37.52,17.7883636
2005-04-28,14.67,47.93,14.62131455
2005-04-29,15.56,43.89,15.2328787
2005-04-30,17.54,40.35,16.542652
2005-05-01,17.92,41.51,16.8198031
2005-05-02,19.42,37.3,17.723338000000002
2005-05-03,20.45,36.13,18.359854249999998
2005-05-04,21.03,35.3,18.7062995
2005-05-05,19.78,42.14,18.0997456
2005-05-06,14.23,59.37,14.29033555
2005-05-07,16.15,47.64,15.674833
2005-05-08,18.15,42.27,16.99107025
2005-05-09,17.62,45.92,16.6919872
2005-05-10,14.29,37.72,14.3619334
2005-05-11,15.13,34.35,14.902522750000001
2005-05-12,18.47,34.74,17.0450479
2005-05-13,21.91,27.94,18.9731947
2005-05-14,24.17,24.72,20.1662332
2005-05-15,26.2,22.25,21.1967875
2005-05-16,22.86,39.66,20.0855668
2005-05-17,17.68,31.69,16.4852581
2005-05-18,21.98,31.27,19.1524478
2005-05-19,24.97,30.45,20.964963249999997
2005-05-20,26.43,30.16,21.847448399999998
2005-05-21,26.35,24.92,21.456661
2005-05-22,29.66,16.76,22.7194488
2005-05-23,29.13,21.31,22.798209149999998
2005-05-24,28.12,22.04,22.2800164
2005-05-25,28.57,19.89,22.37068765
2005-05-26,30.08,14.62,22.7637878
2005-05-27,30.38,15.78,23.024225199999997
2005-05-28,29.15,24.45,23.06255875
2005-05-29,26.2,24.66,21.351871
2005-05-30,23.28,20.72,19.4515688
2005-05-31,27.1,21.09,21.631537
2005-06-01,28.17,22.66,22.3551921
2005-06-02,27.86,25.95,22.418806
2005-06-03,24.65,16.65,19.99698625
2005-06-04,24.78,14.63,19.9531802
2005-06-05,24.52,23.36,20.2963696
2005-06-06,21.47,19.02,18.365631699999998
2005-06-07,19.95,19.98,17.5514005
2005-06-08,22.46,16.45,18.802181
2005-06-09,22.59,31.76,19.5536612
2005-06-10,24.41,29.47,20.56576235
2005-06-11,25.03,31.01,21.03444415
2005-06-12,26.34,22.72,21.3075264
2005-06-13,27.44,14.87,21.3812979
2005-06-14,30.95,11.28,22.923057999999997
2005-06-15,29.73,19.23,22.96430095
2005-06-16,28.18,16.15,21.871126
2005-06-17,23.45,21.25,19.57353125
2005-06-18,21.64,20.25,18.5082175
2005-06-19,23.6,19.35,19.5634675
2005-06-20,27.03,14.85,21.161887749999998
2005-06-21,30.92,9.63,22.7586853
2005-06-22,32.2,9.59,23.3985865
2005-06-23,29.5,11.06,22.16245
2005-06-24,27.8,11.49,21.3254935
2005-06-25,26.45,14.07,20.80225075
2005-06-26,26.22,16.38,20.8298548
2005-06-27,27.34,16.95,21.475009
2005-06-28,27.71,16.78,21.6636509
2005-06-29,29.19,15.38,22.353127100000002
2005-06-30,32.42,9.26,23.4766656
2005-07-01,33.8,11.28,24.382371999999997
2005-07-02,32.32,16.13,24.0999013
2005-07-03,32.51,16.68,24.2567374
2005-07-04,31.31,12.52,23.222036599999996
2005-07-05,30.6,11.52,22.765096
2005-07-06,30.88,13.78,23.112440199999998
2005-07-07,30.7,17.18,23.320738
2005-07-08,31.49,14.99,23.54624055
2005-07-09,30.44,19.45,23.3781815
2005-07-10,29.54,21.91,23.080395199999998
2005-07-11,31.78,19.27,24.1074208
2005-07-12,34.45,12.02,24.796394499999998
2005-07-13,35.84,8.98,25.1569826
2005-07-14,36.08,10.63,25.4726747
2005-07-15,36.89,12.38,26.1000351
2005-07-16,37.53,13.21,26.53674465
2005-07-17,37.26,14.59,26.568376199999996
2005-07-18,36.94,12.37,26.124705399999996
2005-07-19,36.98,13.78,26.3197592
2005-07-20,36.91,15.26,26.465371299999997
2005-07-21,36.2,20.83,26.7510605
2005-07-22,35.9,27.09,27.318492999999997
2005-07-23,34.78,30.07,26.9800078
2005-07-24,32.78,42.76,27.0250904
2005-07-25,31.9,45.83,26.715930999999998
2005-07-26,33.48,21.14,25.247804599999995
2005-07-27,34.76,22.73,26.1498039
2005-07-28,35.37,20.77,26.275584449999997
2005-07-29,33.96,25.36,25.9712808
2005-07-30,32.53,31.62,25.7490973
2005-07-31,33.02,33.58,26.254458800000002
2005-08-01,32.8,27.17,25.469660499999996
2005-08-02,32.04,23.51,24.661009699999997
2005-08-03,31.01,27.99,24.47113195
2005-08-04,32.32,27.74,25.237797399999998
2005-08-05,33.15,28.46,25.811784499999998
2005-08-06,32.79,33.64,26.1145158
2005-08-07,33.96,29.9,26.457197
2005-08-08,31.72,36.81,25.7352751
2005-08-09,31.87,34.05,25.56946675
2005-08-10,30.25,47.05,25.663206249999998
2005-08-11,31.15,34.64,25.164658
2005-08-12,31.09,27.72,24.4948114
2005-08-13,29.71,18.35,22.87956925
2005-08-14,30.19,21.38,23.4054871
2005-08-15,26.89,55.7,23.8711765
2005-08-16,27.59,44.66,23.6057967
2005-08-17,28.64,25.63,22.8562451
2005-08-18,28.04,20.8,22.141976
2005-08-19,27.67,20.68,21.9244558
2005-08-20,29.43,17.11,22.62348765
2005-08-21,31.09,17.21,23.53582645
2005-08-22,31.83,12.57,23.49660955
2005-08-23,31.7,12.53,23.425337999999996
2005-08-24,29.15,12.63,22.11016225
2005-08-25,29.91,20.17,23.14400835
2005-08-26,31.36,20.89,24.0241297
2005-08-27,31.75,18.82,24.0480475
2005-08-28,32.58,13.04,23.932697599999997
2005-08-29,32.13,13.22,23.7153773
2005-08-30,29.59,12.66,22.341216699999997
2005-08-31,28.85,9.61,21.71596925
2005-09-01,30.32,10.36,22.5204236
2005-09-02,29.56,11.99,22.2701317
2005-09-03,29.08,11.04,21.946297599999998
2005-09-04,27.07,9.42,20.8077517
2005-09-05,26.29,11.67,20.56224115
2005-09-06,27.29,11.86,21.0897917
2005-09-07,27.7,9.46,21.126796
2005-09-08,27.43,11.85,21.161212749999997
2005-09-09,23.57,20.01,19.57969885
2005-09-10,22.29,33.8,19.453660999999997
2005-09-11,21.04,19.98,18.1616806
2005-09-12,19.78,19.41,17.4396664
2005-09-13,21.25,14.76,18.085465
2005-09-14,22.23,15.64,18.6434346
2005-09-15,23.98,14.2,19.506388
2005-09-16,23.1,20.35,19.332555
2005-09-17,22.47,24.65,19.167032749999997
2005-09-18,22.31,23.86,19.0394063
2005-09-19,23.49,17.55,19.413259749999998
2005-09-20,23.35,32.23,20.05129525
2005-09-21,19.16,66.07,18.2903741
2005-09-22,23.44,32.04,20.0984068
2005-09-23,24.67,29.97,20.75287195
2005-09-24,21.94,29.43,19.0522756
2005-09-25,20.34,28.34,18.0382808
2005-09-26,22.59,24.55,19.23285225
2005-09-27,23.79,39.58,20.7028401
2005-09-28,21.33,33.05,18.81502325
2005-09-29,22.63,22.68,19.1726362
2005-09-30,24.39,19.45,20.00848275
2005-10-01,25.13,19.24,20.4083666
2005-10-02,22.67,29.33,19.49444355
2005-10-03,20.64,26.58,18.1606066
2005-10-04,16.69,23.02,15.762775900000001
2005-10-05,15.2,20.68,14.894618
2005-10-06,16.7,18.53,15.714212999999999
2005-10-07,20.91,16.24,17.9570412
2005-10-08,20.75,22.3,18.0790625
2005-10-09,18.47,27.52,16.887399199999997
2005-10-10,15.92,25.24,15.3361244
2005-10-11,18.18,17.02,16.5004848
2005-10-12,19.18,18.73,17.0881102
2005-10-13,20.55,19.9,17.8846725
2005-10-14,22.24,16.18,18.6717826
2005-10-15,20.58,20.67,17.9272048
2005-10-16,17.9,30.77,16.605399
2005-10-17,18.54,39.25,17.190134999999998
2005-10-18,15.82,70.13,15.6031438
2005-10-19,13.23,78.96,13.3769644
2005-10-20,15.31,69.43,15.17381065
2005-10-21,17.82,49.33,16.8947658
2005-10-22,20.02,37.41,18.1197676
2005-10-23,19.68,37.65,17.9036485
2005-10-24,20.1,37.78,18.183624000000002
2005-10-25,18.47,45.98,17.2904733
2005-10-26,17.05,55.6,16.42729
2005-10-27,14.95,54.14,14.836496499999999
2005-10-28,13.9,57.76,14.039392
2005-10-29,14.23,49.51,14.30497765
2005-10-30,15.04,43.13,14.871096099999999
2005-10-31,15.36,30.37,15.030650099999999
2005-11-01,16.8,28.67,15.8976755
2005-11-02,16.63,33.59,15.852006849999999
2005-11-03,15.69,38.59,15.28807155
2005-11-04,13.36,36.56,13.7577688
2005-11-05,13.23,36.41,13.674176150000001
2005-11-06,14.33,33.44,14.3922336
2005-11-07,15.03,38.5,14.8507275
2005-11-08,16.39,38.99,15.75580105
2005-11-09,15.65,41.91,15.282580750000001
2005-11-10,16.95,46.81,16.23326475
2005-11-11,14.66,53.66,14.6192208
2005-11-12,13.64,52.45,13.8649115
2005-11-13,13.24,32.91,13.7049337
2005-11-14,15.17,42.28,14.9573018
2005-11-15,12.33,40.27,13.04287755
2005-11-16,10.26,23.69,12.0395492
2005-11-17,13.64,26.37,13.9882699
2005-11-18,11.87,26.77,12.92927195
2005-11-19,12.83,19.58,13.5686577
2005-11-20,13.2,24.91,13.736893499999999
2005-11-21,12.97,22.24,13.6243504
2005-11-22,13.6,21.7,13.987585
2005-11-23,14.24,22.19,14.351268300000001
2005-11-24,14.56,23.77,14.5348441
2005-11-25,14.22,25.63,14.3345298
2005-11-26,10.47,41.57,11.76510095
2005-11-27,4.16,22.12,8.5890356
2005-11-28,3.84,23.62,8.3181594
2005-11-29,5.8,27.34,9.276781
2005-11-30,7.49,50.98,9.3799661
2005-12-01,9.17,60.81,10.318854850000001
2005-12-02,12.65,64.02,13.0160965
2005-12-03,7.34,37.1,9.817002
2005-12-04,2.76,32.55,7.1152465000000005
2005-12-05,4.4,30.24,8.275168
2005-12-06,5.06,32.27,8.5765416
2005-12-07,5.31,29.46,8.8754443
2005-12-08,5.61,33.27,8.872763350000001
2005-12-09,6.47,35.15,9.33410025
2005-12-10,6.98,43.66,9.3102224
2005-12-11,7.02,32.56,9.794481600000001
2005-12-12,6.86,31.39,9.7429922
2005-12-13,7.81,42.97,9.90841885
2005-12-14,5.11,48.79,7.754740450000001
2005-12-15,3.48,24.15,8.0772685
2005-12-16,3.81,22.2,8.384251
2005-12-17,2.73,31.27,7.179236550000001
2005-12-18,3.12,75.89,4.629044900000001
2005-12-19,6.86,69.68,8.1340464
2005-12-20,9.18,59.18,10.3743932
2005-12-21,11.88,46.22,12.6549698
2005-12-22,11.74,46.88,12.546361600000001
2005-12-23,12.72,51.99,13.1900179
2005-12-24,12.61,49.49,13.135051449999999
2005-12-25,12.8,32.03,13.4355195
2005-12-26,11.69,59.99,12.30835455
2005-12-27,9.77,37.36,11.3995796
2005-12-28,7.76,39.69,9.9956917
2005-12-29,6.83,54.17,8.76333855
2005-12-30,8.93,31.87,11.01716255
2005-12-31,8.01,54.57,9.63162385
2006-01-01,5.55,70.74,6.990323500000001
2006-01-02,7.99,76.97,8.814589150000002
2006-01-03,7.38,71.36,8.5015424
2006-01-04,8.31,59.39,9.69256745
2006-01-05,8.74,48.05,10.385776
2006-01-06,10.89,34.31,12.19427495
2006-01-07,11.54,31.1,12.661691999999999
2006-01-08,9.89,37.13,11.48406885
2006-01-09,6.16,42.96,8.776424800000001
2006-01-10,7.02,27.09,10.0195174
2006-01-11,7.5,29.13,10.228495
2006-01-12,7.39,49.01,9.38396395
2006-01-13,9.39,38.59,11.11592805
2006-01-14,9.22,42.87,10.879055200000002
2006-01-15,5.2,60.76,7.207126000000001
2006-01-16,2.47,34.45,6.807115750000001
2006-01-17,5.95,34.82,9.015089500000002
2006-01-18,6,43.71,8.6315575
2006-01-19,6.48,41.85,9.0449965
2006-01-20,3.12,42.13,6.742083300000001
2006-01-21,6.08,29.29,9.3545801
2006-01-22,5.96,38.35,8.8557005
2006-01-23,4.53,37.25,7.97089625
2006-01-24,6.39,41.61,8.99448595
2006-01-25,7.82,34.06,10.2426356
2006-01-26,6.92,48.43,9.069953300000002
2006-01-27,7.33,49.86,9.3072709
2006-01-28,7.9,36.89,10.190893
2006-01-29,7.58,46.47,9.6173518
2006-01-30,9.5,48.07,10.928075
2006-01-31,8.83,48.9,10.4235535
2006-02-01,11.63,26.8,12.785462
2006-02-02,12.37,33.04,13.1544364
2006-02-03,12.21,49,12.852345000000001
2006-02-04,13.11,31.87,13.63085385
2006-02-05,10.46,33.33,11.941407400000001
2006-02-06,7.04,28.31,9.9814407
2006-02-07,9.81,20.3,11.865861500000001
2006-02-08,12.09,20.04,13.1498698
2006-02-09,13.29,20.17,13.82126865
2006-02-10,12.22,23.98,13.1732908
2006-02-11,10.56,19.86,12.2966338
2006-02-12,11.4,15.76,12.836292
2006-02-13,12.61,23.26,13.4077123
2006-02-14,14.47,19,14.483365000000001
2006-02-15,9.45,39.99,11.11677775
2006-02-16,2.69,27.6,7.392742
2006-02-17,4.78,21.5,8.97661
2006-02-18,5.44,57.87,7.5393379000000005
2006-02-19,3.6,55.79,6.250389500000001
2006-02-20,3.83,48.87,6.8305640500000004
2006-02-21,3.73,27.61,8.018021650000001
2006-02-22,5.78,29.33,9.1693332
2006-02-23,9.34,30.04,11.3254648
2006-02-24,11.99,22.15,13.06471925
2006-02-25,12.88,18.36,13.607412400000001
2006-02-26,14.12,14.5,14.298695
2006-02-27,13.38,24.61,13.8444024
2006-02-28,13.17,64.59,13.42902415
2006-03-01,9.36,43.02,10.9708246
2006-03-02,9.67,39.07,11.28860545
2006-03-03,7.8,55.99,9.4217685
2006-03-04,6.38,47.6,8.720184
2006-03-05,9.09,31.98,11.1139351
2006-03-06,10.79,35.32,12.1097954
2006-03-07,9.43,69.35,10.28467525
2006-03-08,8.16,43.41,10.1332933
2006-03-09,9.86,36.81,11.4726088
2006-03-10,5.49,39.29,8.49848405
2006-03-11,3.59,56.82,6.1810159
2006-03-12,4.52,41.59,7.7261249
2006-03-13,4.47,54.74,6.966767900000001
2006-03-14,7.26,38.75,9.698975
2006-03-15,8.87,44.43,10.59072505
2006-03-16,9.67,28.83,11.560631050000001
2006-03-17,10.02,40.4,11.488544000000001
2006-03-18,7.69,65.54,8.980699300000001
2006-03-19,7.44,44.87,9.5806979
2006-03-20,8.01,39.07,10.18489635
2006-03-21,7.79,55.57,9.42968915
2006-03-22,9.32,37.06,11.1131606
2006-03-23,13.26,27.31,13.7557458
2006-03-24,15.45,24.41,15.05504225
2006-03-25,14.92,27.81,14.7532411
2006-03-26,11.67,38.95,12.62024325
2006-03-27,14.49,22.03,14.49428835
2006-03-28,13.36,49.07,13.679331099999999
2006-03-29,9.23,68.26,10.1499839
2006-03-30,11.22,39.89,12.3043844
2006-03-31,11.38,47.35,12.283474
2006-04-01,10.66,57.15,11.564992
2006-04-02,11.6,42.65,12.5147325
2006-04-03,15.19,40.93,14.96582935
2006-04-04,13.81,67.21,13.93443805
2006-04-05,10.22,63.82,11.0716772
2006-04-06,10.02,43.89,11.402550399999999
2006-04-07,13.81,31.28,14.0707924
2006-04-08,13.59,42.92,13.8756854
2006-04-09,13.96,38,14.14414
2006-04-10,12.71,45.52,13.246355600000001
2006-04-11,11.34,59.67,12.0409354
2006-04-12,16.3,35.4,15.66046
2006-04-13,18.73,26.81,17.02723465
2006-04-14,19.42,31.31,17.5612486
2006-04-15,13.83,57.99,13.98480685
2006-04-16,14.04,49.28,14.168321599999999
2006-04-17,12.2,38.69,12.9755715
2006-04-18,10.76,25.46,12.2932878
2006-04-19,14.34,21.73,14.4088776
2006-04-20,17.4,18.51,16.1002345
2006-04-21,19.3,21.84,17.236576
2006-04-22,16.38,38.36,15.7426424
2006-04-23,12.87,52.26,13.297989099999999
2006-04-24,14.85,42.71,14.73971675
2006-04-25,17.57,33.41,16.44562785
2006-04-26,18.24,34.7,16.896779
2006-04-27,19.7,25.11,17.558146
2006-04-28,21.26,30.4,18.672272
2006-04-29,23.4,25.8,19.76791
2006-04-30,24.22,29.95,20.475127
2006-05-01,25.23,26.94,20.918364099999998
2006-05-02,25.55,23.8,20.918945
2006-05-03,22.78,28.6,19.528444
2006-05-04,22.03,34.04,19.2982666
2006-05-05,19.53,28.9,17.563018500000002
2006-05-06,20.84,20.6,18.071322
2006-05-07,22.97,24.09,19.43373265
2006-05-08,24.78,22.38,20.3913652
2006-05-09,24.71,20.23,20.23051565
2006-05-10,24.46,13.51,19.7220778
2006-05-11,25.46,11.21,20.1077388
2006-05-12,27.22,14.08,21.2090368
2006-05-13,27.95,20.72,22.085262
2006-05-14,27.62,19.48,21.8096768
2006-05-15,29.22,16.24,22.4387904
2006-05-16,28.91,21.27,22.67025385
2006-05-17,28.63,34.58,23.5458847
2006-05-18,30.8,21.44,23.757096
2006-05-19,30.74,23.14,23.874864799999997
2006-05-20,27.26,21.55,21.754379
2006-05-21,24.84,24.37,20.5389219
2006-05-22,20.35,37.31,18.33294925
2006-05-23,19.74,34.25,17.845084999999997
2006-05-24,24.6,20.9,20.205995
2006-05-25,27.13,15.16,21.2365894
2006-05-26,26.49,19.67,21.19263815
2006-05-27,20.6,21.48,17.965654
2006-05-28,16.73,21.14,15.7627821
2006-05-29,19.89,11.8,17.275311000000002
2006-05-30,22.57,8.85,18.52430725
2006-05-31,26.24,7.82,20.287937399999997
2006-06-01,29.27,7.38,21.7460143
2006-06-02,29.2,11.77,22.066604499999997
2006-06-03,28.74,21.07,22.5582024
2006-06-04,32.24,17.08,24.1494956
2006-06-05,31.19,18.88,23.7435896
2006-06-06,31.38,17.61,23.7309124
2006-06-07,30.56,20.79,23.563380699999996
2006-06-08,28.14,39.2,23.578784
2006-06-09,29.13,24.17,23.02833905
2006-06-10,26.46,19.09,21.1377402
2006-06-11,27.07,19.93,21.53436055
2006-06-12,26.27,21.38,21.180534299999998
2006-06-13,24.43,16.75,19.88330125
2006-06-14,20.87,25.53,18.26094355
2006-06-15,24.68,17.64,20.0686636
2006-06-16,25.54,20.75,20.727939999999997
2006-06-17,29.8,11.33,22.3384195
2006-06-18,31.08,12.98,23.144646199999997
2006-06-19,31.63,13.97,23.52468355
2006-06-20,29.76,11.63,22.3431059
2006-06-21,30.73,9.26,22.6300939
2006-06-22,31.78,9.08,23.1389632
2006-06-23,34.32,8.97,24.396819700000002
2006-06-24,34.39,10.17,24.56304715
2006-06-25,34.67,10.13,24.70027155
2006-06-26,34.61,10.47,24.70753435
2006-06-27,34.24,15.87,25.1060059
2006-06-28,31.18,33.59,25.0875466
2006-06-29,31.21,29.91,24.76837855
2006-06-30,34.16,20.22,25.533388599999995
2006-07-01,34.3,19.21,25.501968999999995
2006-07-02,33.88,17.25,25.0596775
2006-07-03,33.3,21.64,25.197575999999998
2006-07-04,33.08,23.98,25.3115162
2006-07-05,32.23,27.02,25.1133553
2006-07-06,31.92,20.12,24.2666972
2006-07-07,31.06,14.28,23.2526224
2006-07-08,32.91,23.63,25.177155649999996
2006-07-09,31.09,33.6,25.031332
2006-07-10,32.9,29.79,25.794748
2006-07-11,33.36,16.23,24.6705379
2006-07-12,31.79,14.43,23.65272085
2006-07-13,31.62,12.02,23.3358032
2006-07-14,32.24,10.06,23.464554200000002
2006-07-15,34.79,12.35,25.00869825
2006-07-16,35.62,13.17,25.533827199999998
2006-07-17,35.22,19.47,26.0428012
2006-07-18,32.97,33.21,26.185137849999997
2006-07-19,35.24,27.68,26.9904576
2006-07-20,35.45,24.98,26.805820500000003
2006-07-21,35.38,24.68,26.730251199999998
2006-07-22,37.22,22.25,27.50436
2006-07-23,37.23,21.25,27.385068749999995
2006-07-24,36.35,24.95,27.33086625
2006-07-25,36.27,23.98,27.1677453
2006-07-26,36.64,22.65,27.2210905
2006-07-27,35.21,29.9,27.2252595
2006-07-28,34.95,25.28,26.545868
2006-07-29,31.95,34.79,25.69147025
2006-07-30,32.21,27.85,25.18222925
2006-07-31,30.98,30.91,24.7176824
2006-08-01,29.59,22.45,23.153737749999998
2006-08-02,28.29,20.52,22.2618394
2006-08-03,30.21,19.61,23.26390205
2006-08-04,29.81,28.71,23.80702555
2006-08-05,28.34,20.07,22.2557284
2006-08-06,29.55,16.88,22.669742
2006-08-07,29.74,18.82,22.935492399999998
2006-08-08,29.48,10.04,22.0681956
2006-08-09,31.14,7.85,22.706432
2006-08-10,32.16,17.05,24.103066499999997
2006-08-11,32.22,11.91,23.634748599999998
2006-08-12,29.82,13.28,22.5129728
2006-08-13,29.44,15.1,22.463767
2006-08-14,30.81,13.73,23.07114965
2006-08-15,29.1,11.94,22.028782
2006-08-16,27.97,15.85,21.73574725
2006-08-17,27.71,17.01,21.68036155
2006-08-18,28.91,11.67,21.90940585
2006-08-19,30.18,11.2,22.521887999999997
2006-08-20,30.34,12.33,22.7021896
2006-08-21,31.12,9.75,22.870247499999998
2006-08-22,32.84,13.19,24.0834753
2006-08-23,33,23.01,25.166267499999996
2006-08-24,32.06,14.37,23.789854599999998
2006-08-25,29.34,9.88,21.9844056
2006-08-26,27.98,12.63,21.5023882
2006-08-27,29.08,11.38,21.9735622
2006-08-28,31.05,9.97,22.855019249999998
2006-08-29,31.88,10.41,23.316091899999996
2006-08-30,30.55,15.06,23.0519215
2006-08-31,28.45,10.25,21.56393125
2006-09-01,30.17,12.18,22.6012333
2006-09-02,31.06,17.4,23.536792
2006-09-03,31.13,16.78,23.5182827
2006-09-04,31.31,23.91,24.275099049999998
2006-09-05,31.74,27,24.81814
2006-09-06,32.08,24.03,24.7344607
2006-09-07,29.55,32.27,23.94364925
2006-09-08,26.96,34.82,22.493214599999998
2006-09-09,24.89,25.26,20.6189827
2006-09-10,24.51,23.11,20.276821050000002
2006-09-11,26.9,20.93,21.507426
2006-09-12,29.22,19.63,22.7132448
2006-09-13,29.72,16.63,22.7410973
2006-09-14,28.51,21.44,22.4565592
2006-09-15,23.15,23.8,19.524784999999998
2006-09-16,18.47,19.89,16.72079815
2006-09-17,19.74,11.84,17.1992288
2006-09-18,22.4,13.71,18.650699499999998
2006-09-19,23.8,13.72,19.386778
2006-09-20,21.2,16.33,18.116760499999998
2006-09-21,19.43,17.78,17.2006047
2006-09-22,20.57,17.38,17.811731299999998
2006-09-23,17.49,20.13,16.17653785
2006-09-24,19.27,18.24,17.1250264
2006-09-25,21.55,13.31,18.18859525
2006-09-26,24.16,14.05,19.5934765
2006-09-27,26.48,12.64,20.7238496
2006-09-28,26.59,10.02,20.6067799
2006-09-29,26.95,14.24,21.077583999999998
2006-09-30,26.48,13.16,20.7581124
2006-10-01,25.64,16.58,20.5288566
2006-10-02,23.67,39.16,20.6015346
2006-10-03,22.54,39.64,19.8708808
2006-10-04,22.05,26.56,19.000404
2006-10-05,20.33,20.82,17.7910933
2006-10-06,17.68,31.68,16.4850832
2006-10-07,17.08,33.05,16.129979499999997
2006-10-08,18.61,28.18,16.9865089
2006-10-09,19.21,28.81,17.36582305
2006-10-10,18.54,37.94,17.1610268
2006-10-11,18.15,36.95,16.884271249999998
2006-10-12,19.49,23.25,17.38359625
2006-10-13,20.01,21.65,17.63560325
2006-10-14,16.99,65.07,16.51163365
2006-10-15,15.86,62.57,15.580023599999999
2006-10-16,15.91,59.85,15.59863675
2006-10-17,14.74,42.22,14.6637304
2006-10-18,12.28,35.06,13.0729174
2006-10-19,15.06,25.03,14.8290924
2006-10-20,18.01,29.86,16.6559473
2006-10-21,15.96,28.48,15.3856944
2006-10-22,15.64,25.94,15.1756438
2006-10-23,17.3,22.26,16.102804
2006-10-24,18.72,23.58,16.946291799999997
2006-10-25,15.35,35.87,15.05019225
2006-10-26,10.58,22.11,12.2593084
2006-10-27,14.27,20.17,14.37098495
2006-10-28,16.33,25.86,15.583780899999999
2006-10-29,17.13,25.23,16.04845195
2006-10-30,15.84,21.7,15.262929
2006-10-31,14.17,31.27,14.29474495
2006-11-01,14.02,28.62,14.2084432
2006-11-02,14.78,29.74,14.6717996
2006-11-03,14.16,41.79,14.2688527
2006-11-04,14.68,38.3,14.618917
2006-11-05,15.85,30.06,15.3306955
2006-11-06,16.61,28.4,15.779081999999999
2006-11-07,19.57,31.27,17.65346395
2006-11-08,19.8,34.09,17.8787235
2006-11-09,15.97,36.73,15.45846205
2006-11-10,10.27,23.59,12.04767865
2006-11-11,13.04,19.11,13.6895467
2006-11-12,10.43,35.69,11.86957935
2006-11-13,10.94,18.6,12.533812
2006-11-14,12.7,53.41,13.161241
2006-11-15,11.47,20.73,12.791034550000001
2006-11-16,13.13,15.36,13.7677624
2006-11-17,14.59,16.64,14.5487368
2006-11-18,15.69,25.22,15.2005649
2006-11-19,15.6,28.14,15.165246999999999
2006-11-20,15.69,21.53,15.17641385
2006-11-21,16,25.01,15.3813325
2006-11-22,14.52,28.73,14.5121603
2006-11-23,13.94,27.7,14.162684
2006-11-24,8.12,19.61,10.9408851
2006-11-25,9.48,18.36,11.7340804
2006-11-26,8.48,25.61,10.943052900000001
2006-11-27,8.07,43.23,10.077671050000001
2006-11-28,7.34,44.93,9.5086566
2006-11-29,2.33,23.33,7.461906450000001
2006-11-30,1.95,12.55,7.986236250000001
2006-12-01,6.44,20.66,9.9571422
2006-12-02,5.7,48.49,8.193084
2006-12-03,3.2,23.93,7.927750500000001
2006-12-04,5.13,16.54,9.4311111
2006-12-05,9.16,12.26,11.7369238
2006-12-06,9.82,18.47,11.9185822
2006-12-07,10.42,23.82,12.1294792
2006-12-08,10.95,30.38,12.3093305
2006-12-09,9.24,36.87,11.0663509
2006-12-10,8.43,64.2,9.625183
2006-12-11,7.69,44.09,9.784109050000001
2006-12-12,8.76,35.28,10.803210400000001
2006-12-13,9.46,40.36,11.1132208
2006-12-14,11.28,49.25,12.1787825
2006-12-15,9.19,55.06,10.5024727
2006-12-16,7.75,54.56,9.436960000000001
2006-12-17,3.96,69.91,5.7043173000000005
2006-12-18,1.68,42.87,5.708236300000001
2006-12-19,1.28,40.4,5.6135160000000015
2006-12-20,2.82,27.61,7.4703336
2006-12-21,4.77,25.73,8.74455905
2006-12-22,5.27,39.56,8.3382366
2006-12-23,3.66,45.54,6.906905200000001
2006-12-24,7.19,27.87,10.08998665
2006-12-25,7.67,35.53,10.09181555
2006-12-26,7.85,29.89,10.41427325
2006-12-27,6.33,44.88,8.806817200000001
2006-12-28,5.71,35.24,8.8408222
2006-12-29,5.22,35.24,8.5253504
2006-12-30,4.9,35.47,8.307184000000001
2006-12-31,6.29,26.25,9.62018125
2007-01-01,5.29,38.44,8.408321800000001
2007-01-02,5.95,40.31,8.75692225
2007-01-03,9.59,26.13,11.58485935
2007-01-04,8.39,33.96,10.609274200000002
2007-01-05,4.98,40.67,8.0865188
2007-01-06,2.19,27.67,7.08710265
2007-01-07,5.36,46.65,8.041904500000001
2007-01-08,6.64,36.62,9.3799174
2007-01-09,8.74,48.34,10.3765888
2007-01-10,9.5,34.68,11.2963
2007-01-11,5.7,52.66,7.991256000000002
2007-01-12,0.01,28.49,5.708989450000001
2007-01-13,-3.01,25.84,4.1319788
2007-01-14,-2.01,24.75,4.823076250000001
2007-01-15,0.07,31.77,5.485073950000001
2007-01-16,1.06,28.18,6.3689344000000006
2007-01-17,2.11,24.66,7.2440443000000005
2007-01-18,2.32,29.12,7.068251200000001
2007-01-19,3.21,28.32,7.6609696
2007-01-20,5.51,30.75,8.93406625
2007-01-21,3.52,36.21,7.372278100000001
2007-01-22,2.92,29.89,7.3853059000000005
2007-01-23,6.38,25.08,9.725927200000001
2007-01-24,8.59,29.76,10.8731512
2007-01-25,9.07,31.6,11.112766
2007-01-26,9.48,29.68,11.421535200000001
2007-01-27,8.16,33.33,10.4847829
2007-01-28,7.69,46.09,9.70919905
2007-01-29,8.19,36.1,10.4076495
2007-01-30,7.71,33.7,10.1859735
2007-01-31,9.22,40.96,10.9345216
2007-02-01,6.45,27.76,9.648426
2007-02-02,5.45,24.47,9.209505750000002
2007-02-03,7.84,19.02,10.8062974
2007-02-04,11.72,18.17,12.971180700000001
2007-02-05,13.25,36.11,13.68924375
2007-02-06,14.81,28.89,14.68875745
2007-02-07,13.81,26.99,14.08707295
2007-02-08,11.82,24.91,12.9268266
2007-02-09,13.29,31.13,13.74832985
2007-02-10,12.63,44.43,13.20153745
2007-02-11,12.15,59.36,12.675272
2007-02-12,10.24,41.77,11.6043289
2007-02-13,8.28,53.53,9.8697387
2007-02-14,7.16,38.76,9.6322588
2007-02-15,8.32,32.26,10.622482600000001
2007-02-16,12.42,50.96,12.9810176
2007-02-17,12.94,40.29,13.4523118
2007-02-18,14.18,26.95,14.308568
2007-02-19,10.71,55.37,11.64031235
2007-02-20,6.62,27.9,9.744814000000002
2007-02-21,8.09,36.57,10.32622465
2007-02-22,8.85,47.56,10.479573
2007-02-23,6.6,47.99,8.8598345
2007-02-24,4.81,30.19,8.530523950000001
2007-02-25,7.23,34.21,9.86061315
2007-02-26,9.56,47.8,10.978274
2007-02-27,8.81,52.16,10.3071528
2007-02-28,4.89,37.22,8.208236900000001
2007-03-01,5.08,27.27,8.848141300000002
2007-03-02,6.44,31.62,9.4712854
2007-03-03,8.03,34.33,10.36686695
2007-03-04,9.54,28.22,11.4981584
2007-03-05,13.55,16.62,13.9856605
2007-03-06,16.5,15.27,15.567969999999999
2007-03-07,16.11,22.58,15.4244459
2007-03-08,16.25,35.46,15.628802499999999
2007-03-09,16.24,21.56,15.489329199999998
2007-03-10,16.78,19.97,15.7764238
2007-03-11,16.58,18.81,15.651186399999998
2007-03-12,19.93,15.22,17.3980453
2007-03-13,22.05,17.82,18.6374755
2007-03-14,21.6,16.31,18.3319055
2007-03-15,21.02,17.46,18.0601156
2007-03-16,21.68,13.77,18.2747773
2007-03-17,22.83,10.57,18.73276455
2007-03-18,21.64,15.14,18.307547800000002
2007-03-19,19.67,22.92,17.478230200000002
2007-03-20,17.44,33.1,16.358227
2007-03-21,13.95,48.35,14.10624125
2007-03-22,14.83,31.7,14.7060355
2007-03-23,16.43,23.23,15.61508645
2007-03-24,16.96,22.5,15.911425000000001
2007-03-25,16.63,32.73,15.84193195
2007-03-26,17.43,33.22,16.353840299999998
2007-03-27,11.81,33.53,12.793423650000001
2007-03-28,8.54,28.44,10.8857368
2007-03-29,11.17,24.34,12.5557129
2007-03-30,12.54,19.98,13.402615599999999
2007-03-31,16.93,14.44,15.7864906
2007-04-01,19.12,16.39,16.9954699
2007-04-02,20.25,20,17.72
2007-04-03,21.13,16.37,18.08043205
2007-04-04,22.05,18.07,18.64785675
2007-04-05,23.14,19.14,19.2975328
2007-04-06,21.8,33.54,19.131631
2007-04-07,23.19,21.52,19.4390484
2007-04-08,21.2,27.88,18.542378
2007-04-09,19.91,28.17,17.77269835
2007-04-10,17.85,20.28,16.381159
2007-04-11,16.23,13.33,15.40533495
2007-04-12,12.36,27.67,13.211324099999999
2007-04-13,13.95,23.68,14.180868
2007-04-14,16.81,11.93,15.691070649999999
2007-04-15,12.99,45.6,13.441792
2007-04-16,14.82,39.78,14.7140128
2007-04-17,18.69,28.6,17.044587
2007-04-18,12.83,22.67,13.54027605
2007-04-19,9.93,20.12,11.9377838
2007-04-20,12.64,31.63,13.3394251
2007-04-21,12.57,43.22,13.1727197
2007-04-22,15.2,36.31,14.9547935
2007-04-23,14.17,34.07,14.28966295
2007-04-24,16.56,31.23,15.7808359
2007-04-25,21.08,18.39,18.1265341
2007-04-26,22.01,21.48,18.7667314
2007-04-27,24,19.67,19.8027575
2007-04-28,26.2,14.94,20.726388999999998
2007-04-29,27.26,14.35,21.249083
2007-04-30,24.99,18.52,20.2890114
2007-05-01,23.57,15.47,19.35322095
2007-05-02,22.13,16.74,18.635994099999998
2007-05-03,17.2,26.59,16.1098615
2007-05-04,16.42,22.28,15.5992768
2007-05-05,13.44,23.97,13.883254899999999
2007-05-06,15.46,16,15.01648
2007-05-07,19.36,16.53,17.1288469
2007-05-08,23.32,12.05,19.0535455
2007-05-09,25.57,10.29,20.10800665
2007-05-10,25.58,14.45,20.366583
2007-05-11,25.78,10.91,20.2528564
2007-05-12,25.1,12.78,20.015074
2007-05-13,23.63,16.41,19.43252815
2007-05-14,24.78,12.43,19.828792200000002
2007-05-15,27.06,9.92,20.8372736
2007-05-16,26.34,14.12,20.7474944
2007-05-17,26.61,14.93,20.943912649999998
2007-05-18,26.34,15.76,20.8542912
2007-05-19,26.44,13.84,20.7818728
2007-05-20,26.64,13.96,20.8951092
2007-05-21,24.7,27,20.604699999999998
2007-05-22,21.86,18.98,18.5803104
2007-05-23,19.64,20.79,17.4007333
2007-05-24,21.46,16.68,18.2705104
2007-05-25,24.53,14.43,19.80953095
2007-05-26,26.57,16.47,21.024860949999997
2007-05-27,26.87,19.24,21.3754934
2007-05-28,26.2,19.87,21.0436345
2007-05-29,26.74,13.45,20.913453999999998
2007-05-30,27.7,16.11,21.609586
2007-05-31,27.49,15.39,21.44503855
2007-06-01,28.77,15.04,22.1019144
2007-06-02,29.29,17.12,22.5481264
2007-06-03,29.2,17.75,22.550087499999997
2007-06-04,28.86,14.3,22.091414
2007-06-05,27.89,14.94,21.6257563
2007-06-06,20.08,21.98,17.6855662
2007-06-07,18.93,16.19,16.88796935
2007-06-08,22.43,12.63,18.61935745
2007-06-09,25.37,10.37,20.01147045
2007-06-10,27.94,8.49,21.1755808
2007-06-11,28.47,17.25,22.11190375
2007-06-12,27.97,19.23,21.98615455
2007-06-13,29.57,12.31,22.30181435
2007-06-14,32,11.8,23.51075
2007-06-15,32.89,11.62,23.9508049
2007-06-16,31.82,15.89,23.8076814
2007-06-17,30.72,14.07,23.0541847
2007-06-18,30.66,8.26,22.5061488
2007-06-19,31.15,12.08,23.098726
2007-06-20,29.73,9.17,22.12162505
2007-06-21,29.84,9.14,22.1741418
2007-06-22,32.51,7.06,23.3038283
2007-06-23,32.69,7.35,23.42083075
2007-06-24,30.94,7.33,22.5607786
2007-06-25,28.29,8.11,21.320602949999998
2007-06-26,30.39,6.35,22.20545825
2007-06-27,29.05,9.35,21.79573375
2007-06-28,29.77,12.57,22.42719145
2007-06-29,30.51,11.96,22.7576378
2007-06-30,31.06,14.79,23.2990732
2007-07-01,32.43,9.62,23.5171763
2007-07-02,32.06,7.99,23.1736742
2007-07-03,32.59,6.57,23.29418215
2007-07-04,35.25,4.88,24.39443
2007-07-05,37.06,4.31,25.186784799999998
2007-07-06,37.18,9.18,25.8511132
2007-07-07,36.56,10.78,25.7349374
2007-07-08,33.02,11.11,23.9656646
2007-07-09,33.33,10.86,24.0982159
2007-07-10,34.36,13.62,24.9247126
2007-07-11,31.96,26.19,24.8720257
2007-07-12,31.65,15.42,23.671991499999997
2007-07-13,31.28,14.04,23.3467516
2007-07-14,33.17,12.89,24.22510965
2007-07-15,34.32,18.66,25.453126599999997
2007-07-16,34.11,21.21,25.612104549999998
2007-07-17,32.8,19.15,24.6624475
2007-07-18,30.89,15.9,23.3088055
2007-07-19,30.26,21.2,23.429616
2007-07-20,30.98,16.63,23.423343199999998
2007-07-21,31.19,13.15,23.21760425
2007-07-22,31.8,14.97,23.7093955
2007-07-23,31.53,26.22,24.6193963
2007-07-24,31.54,32.27,25.1923444
2007-07-25,32.08,32.13,25.5176497
2007-07-26,32.04,27.45,25.041101499999996
2007-07-27,32.71,29.82,25.6811221
2007-07-28,32.84,26.57,25.4331159
2007-07-29,33.34,18.24,24.8680288
2007-07-30,33.15,21.45,25.09273375
2007-07-31,31.85,32.89,25.44602825
2007-08-01,31.19,35.36,25.2563712
2007-08-02,29.15,49.54,25.084185499999997
2007-08-03,31.99,33.45,25.58822275
2007-08-04,33.06,22.5,25.1488
2007-08-05,31.71,16.1,23.7684455
2007-08-06,28.23,15.73,21.86635095
2007-08-07,26.84,19.62,21.3846094
2007-08-08,27.22,19.7,21.602211999999998
2007-08-09,29.05,13.78,22.1502445
2007-08-10,29.51,12.79,22.31037845
2007-08-11,30.18,12.47,22.6314128
2007-08-12,31.14,14.48,23.3132096
2007-08-13,33.05,17.5,24.632937499999997
2007-08-14,33.24,16.09,24.5913963
2007-08-15,33.72,15.99,24.8393029
2007-08-16,33.25,18.3,24.8246875
2007-08-17,33,18.83,24.7409525
2007-08-18,31.77,23.73,24.52549405
2007-08-19,30.17,18.34,23.132132900000002
2007-08-20,28.17,14.84,21.7672454
2007-08-21,30.47,11.47,22.69396745
2007-08-22,31.59,15.13,23.61264435
2007-08-23,31.27,19.1,23.8081885
2007-08-24,31.81,17.01,23.90893705
2007-08-25,32.35,15.91,24.09446425
2007-08-26,31.02,29.13,24.580751799999998
2007-08-27,29.96,38.48,24.7289544
2007-08-28,30.96,35.92,25.1588376
2007-08-29,32.74,26.49,25.3654768
2007-08-30,33.71,22.2,25.490040999999998
2007-08-31,31.9,33.69,25.554133
2007-09-01,33.88,26.06,25.9987354
2007-09-02,34.66,26.38,26.497014399999998
2007-09-03,33.61,31.98,26.460757899999997
2007-09-04,33.42,28.93,26.0244558
2007-09-05,28.21,17.38,21.9800389
2007-09-06,28.1,15.68,21.792864
2007-09-07,29.68,15.62,22.6351138
2007-09-08,29.55,15.3,22.5389575
2007-09-09,30.24,22.18,23.503122599999998
2007-09-10,29.23,23.88,23.0631382
2007-09-11,30.38,24.52,23.787576799999997
2007-09-12,29.93,17.71,22.94645915
2007-09-13,29.07,20.6,22.707281000000002
2007-09-14,26.42,15.71,20.8939476
2007-09-15,23.64,16.78,19.4565306
2007-09-16,23.13,16.42,19.1628753
2007-09-17,22.85,19.58,19.1567115
2007-09-18,23.59,18.16,19.498409199999998
2007-09-19,22.24,24.9,19.042993
2007-09-20,17.37,36.26,16.3638641
2007-09-21,19.77,39.35,18.01205975
2007-09-22,17.69,71.31,17.18663395
2007-09-23,15.55,59.03,15.31339825
2007-09-24,16.89,41.58,16.1220691
2007-09-25,17.51,27.29,16.30628595
2007-09-26,19.76,25.04,17.5914072
2007-09-27,21.56,24.54,18.6298882
2007-09-28,21.37,35.15,18.91964275
2007-09-29,15.86,41.66,15.4236168
2007-09-30,15.06,29.2,14.841936
2007-10-01,19.48,27.01,17.4808039
2007-10-02,18.56,35.04,17.109443199999998
2007-10-03,21.12,26.65,18.4493265
2007-10-04,20.64,33.23,18.3851771
2007-10-05,14.85,32.38,14.7198315
2007-10-06,12.08,36.11,12.9303759
2007-10-07,12.15,31.51,13.035233250000001
2007-10-08,16.97,27.75,15.988483749999999
2007-10-09,19.49,22.39,17.35999355
2007-10-10,17.6,28.83,16.3865515
2007-10-11,17.53,35.94,16.462440100000002
2007-10-12,17.41,34.92,16.3683946
2007-10-13,16.75,43.83,16.05489625
2007-10-14,16.98,38.9,16.146596
2007-10-15,18.48,34.58,17.0479562
2007-10-16,16.61,42.76,15.945729799999999
2007-10-17,14.86,41.26,14.7436948
2007-10-18,14.38,36.07,14.4221938
2007-10-19,17.76,33.92,16.5751856
2007-10-20,18.35,34.21,16.956896750000002
2007-10-21,12.29,24.42,13.2086749
2007-10-22,11.81,28.54,12.8672507
2007-10-23,17.67,30.71,16.46192885
2007-10-24,18.89,30.2,17.204679
2007-10-25,20.35,26.88,17.997364
2007-10-26,19.3,27.67,17.390488
2007-10-27,18.55,29.2,16.97293
2007-10-28,18.88,31.08,17.219717199999998
2007-10-29,20.43,30.27,18.15575605
2007-10-30,18.04,37.63,16.8256561
2007-10-31,16.29,41.17,15.71081865
2007-11-01,16.97,33.48,16.066325799999998
2007-11-02,15.86,30.81,15.3424588
2007-11-03,14.55,22.48,14.528682
2007-11-04,16.02,18.84,15.3415024
2007-11-05,17.2,23.47,16.0635295
2007-11-06,18.42,24.77,16.7980412
2007-11-07,18.72,23.47,16.9437387
2007-11-08,19.26,25.22,17.3022596
2007-11-09,17.68,29.05,16.4390845
2007-11-10,13.5,48.13,13.785285
2007-11-11,12.25,43.26,12.9521575
2007-11-12,12.88,41.98,13.3969582
2007-11-13,15.82,21.11,15.2472586
2007-11-14,16.27,43.28,15.7178308
2007-11-15,14.51,27.69,14.50602295
2007-11-16,16.28,33.89,15.632783100000001
2007-11-17,16.49,30.56,15.729979199999999
2007-11-18,16.22,29.14,15.5496644
2007-11-19,16.01,27.99,15.41195695
2007-11-20,15.42,28.23,15.0568438
2007-11-21,8.32,26.15,10.830161500000001
2007-11-22,5.98,22.02,9.634142800000001
2007-11-23,5.79,23.07,9.475331650000001
2007-11-24,6.88,21.35,10.1762215
2007-11-25,10.41,16.45,12.28945725
2007-11-26,9.89,18.9,11.9462905
2007-11-27,11.4,18.54,12.788893
2007-11-28,7.44,38.39,9.8323163
2007-11-29,7.64,19.3,10.684811
2007-11-30,7.36,32.14,10.024862200000001
2007-12-01,6.88,74.62,7.9436758
2007-12-02,2.96,55.94,5.7564882000000015
2007-12-03,5.05,42.57,8.03492425
2007-12-04,9.87,27.75,11.70984625
2007-12-05,14.95,43.89,14.811127749999999
2007-12-06,12.58,53.81,13.0677664
2007-12-07,11.85,59.24,12.444077
2007-12-08,7.45,64.19,8.83853275
2007-12-09,4.77,53.37,7.26540445
2007-12-10,3.74,48.67,6.777709400000001
2007-12-11,3.97,44.02,7.212081700000001
2007-12-12,3.25,41.16,6.890725000000001
2007-12-13,4.82,37.14,8.1666664
2007-12-14,2.87,47.82,6.2076937
2007-12-15,4.51,33.85,8.144611750000001
2007-12-16,4.01,40.59,7.4376599500000005
2007-12-17,4.28,48.63,7.1675077
2007-12-18,4.59,84.86,5.4152057000000005
2007-12-19,6.51,87.67,7.051841850000001
2007-12-20,6.67,76.9,7.6648015
2007-12-21,3.21,43.62,6.7109161
2007-12-22,0.94,39.1,5.481922000000001
2007-12-23,5.98,34.16,9.065262400000002
2007-12-24,8.51,59.52,9.843613600000001
2007-12-25,3.5,35.49,7.402855000000001
2007-12-26,2.94,28.72,7.4719824
2007-12-27,0.61,35.75,5.518378750000001
2007-12-28,1.91,32.35,6.59442425
2007-12-29,2.93,62.5,5.3163125
2007-12-30,3.31,77.75,4.679376250000001
2007-12-31,3.46,57.66,6.030884800000001
2008-01-01,1.99,34.38,6.504984100000001
2008-01-02,4.89,31.19,8.52695255
2008-01-03,6.28,32.37,9.3375523
2008-01-04,5.59,57.9,7.6531105
2008-01-05,8.12,73.64,9.044972399999999
2008-01-06,5.74,71.26,7.1246932
2008-01-07,4.94,57.7,7.164134000000001
2008-01-08,5.43,51.74,7.8374501
2008-01-09,4.18,66.77,6.0661348
2008-01-10,7.12,40.69,9.5273929
2008-01-11,8.9,42.64,10.666688
2008-01-12,7.77,39.22,10.0197717
2008-01-13,7.57,46.88,9.5946688000000009
2008-01-14,6.17,37.53,9.03206305
2008-01-15,8.92,30.27,11.0600137
2008-01-16,2.28,34.84,6.659403600000001
2008-01-17,0.69,36.08,5.545043600000001
2008-01-18,3.55,43.76,6.937054
2008-01-19,4.74,42.61,7.820695200000001
2008-01-20,5.1,39.14,8.246462000000001
2008-01-21,3.79,64.27,5.894675650000002
2008-01-22,3.27,65.64,5.3922454
2008-01-23,4.16,56.31,6.6446503
2008-01-24,4.09,66.34,6.0172033
2008-01-25,4.75,69.89,6.364648750000001
2008-01-26,5.53,62.48,7.381049200000001
2008-01-27,5.39,74.6,6.662667000000001
2008-01-28,6.47,63.31,8.090413850000001
2008-01-29,2.13,38.03,6.346128950000001
2008-01-30,2.83,48.6,6.129109000000001
2008-01-31,2.51,35.67,6.752241850000001
2008-02-01,3.07,52.58,6.051058300000001
2008-02-02,6.28,52.42,8.4310918
2008-02-03,6.43,62.57,8.09133055
2008-02-04,4.85,45.41,7.74736425
2008-02-05,1.57,38.03,5.976996550000001
2008-02-06,5.66,32.06,8.9632428
2008-02-07,7.51,42.92,9.7044406
2008-02-08,9.98,41.12,11.443756800000001
2008-02-09,9.79,37.23,11.41605685
2008-02-10,11.71,35.86,12.6942283
2008-02-11,12.68,31.42,13.3664858
2008-02-12,12,40.1,12.823625
2008-02-13,14.42,34.94,14.4486264
2008-02-14,5.72,30.6,9.0713260000000009
2008-02-15,5.04,33.32,8.509360400000002
2008-02-16,8.07,31.99,10.47517365
2008-02-17,10.61,39.08,11.9133834
2008-02-18,11.16,26.81,12.5045003
2008-02-19,10.83,31.38,12.2150947
2008-02-20,8.4,66.66,9.518557000000001
2008-02-21,7.95,58.06,9.460888500000001
2008-02-22,7.31,71.69,8.42951895
2008-02-23,8.09,49.43,9.87284535
2008-02-24,8.08,58.68,9.5390092
2008-02-25,8.87,53.3,10.3160655
2008-02-26,10.59,37.83,11.92696585
2008-02-27,12.26,31.09,13.1089712
2008-02-28,14.19,30.29,14.30885555
2008-02-29,15.01,30.3,14.814491499999999
2008-03-01,15.1,36.39,14.890087
2008-03-02,9.86,27.28,11.7158144
2008-03-03,6.37,27.58,9.6082603
2008-03-04,11.16,23.63,12.562916900000001
2008-03-05,8.71,28.85,10.97577175
2008-03-06,7.35,25.83,10.26673525
2008-03-07,11.17,22.61,12.58739785
2008-03-08,14.3,22.45,14.385305
2008-03-09,10.58,31.4,12.059016
2008-03-10,14.29,24.17,14.37758365
2008-03-11,15.83,23.5,15.2704025
2008-03-12,16.76,24.95,15.8271285
2008-03-13,18.47,26.79,16.87145965
2008-03-14,13.23,30.93,13.71245395
2008-03-15,10.43,29.17,12.01552955
2008-03-16,9.34,24.61,11.4795682
2008-03-17,8.42,24.47,10.9457232
2008-03-18,12.18,32.27,13.0442348
2008-03-19,15.53,29.46,15.1303909
2008-03-20,14.96,35.13,14.7958789
2008-03-21,15,22.19,14.7860225
2008-03-22,14.3,20.04,14.387956
2008-03-23,14.78,15.69,14.6501626
2008-03-24,17.14,12.17,15.8647084
2008-03-25,17.56,16.46,16.1540218
2008-03-26,18.46,29.83,16.9316974
2008-03-27,16.15,25.12,15.470464
2008-03-28,16.15,18.13,15.40702975
2008-03-29,16.81,31.75,15.94288375
2008-03-30,14.25,38.11,14.33509875
2008-03-31,11.86,29.64,12.8816272
2008-04-01,13.42,17.48,13.9101688
2008-04-02,15.07,26.19,14.83860565
2008-04-03,16.77,22.62,15.8039107
2008-04-04,16.66,14.76,15.6473488
2008-04-05,16.51,25.54,15.6868447
2008-04-06,16.86,28.11,15.9268678
2008-04-07,14.9,24.26,14.733372000000001
2008-04-08,14.51,17.27,14.50544985
2008-04-09,13.14,27.94,13.6790088
2008-04-10,12.86,22.74,13.5568852
2008-04-11,14.8,18.61,14.6657065
2008-04-12,18.38,14.36,16.5524424
2008-04-13,22.08,12.39,18.427539099999997
2008-04-14,23.44,10.98,19.0628866
2008-04-15,18.35,23.45,16.729053750000002
2008-04-16,12.98,13.74,13.7011336
2008-04-17,14.39,15.76,14.4409652
2008-04-18,18.25,12.45,16.44428125
2008-04-19,18.49,19.19,16.71662455
2008-04-20,14.32,20.62,14.3985862
2008-04-21,14.2,13.31,14.3430385
2008-04-22,16.4,11.61,15.476324499999999
2008-04-23,18.33,23.13,16.71073345
2008-04-24,15.6,22.81,15.1330005
2008-04-25,15.87,12.13,15.207899549999999
2008-04-26,20.58,15.42,17.751644799999998
2008-04-27,20.3,10.16,17.434104
2008-04-28,22.84,6.42,18.5474854
2008-04-29,24.64,14.78,19.8872806
2008-04-30,19.44,19.82,17.2615094
2008-05-01,14.43,12.88,14.4635412
2008-05-02,16.07,11.49,15.30571615
2008-05-03,20.51,13.24,17.6421482
2008-05-04,21.1,17.68,18.111784
2008-05-05,18.77,24.53,16.99758705
2008-05-06,21.62,20.58,18.509912800000002
2008-05-07,23.88,23.44,19.9302696
2008-05-08,21.57,20.69,18.48603065
2008-05-09,22.02,19.88,18.7062368
2008-05-10,22.77,15.24,18.9146914
2008-05-11,24.32,14.21,19.6864821
2008-05-12,21.57,23.99,18.61435115
2008-05-13,18.19,11.57,16.39531315
2008-05-14,22.53,12.27,18.65540455
2008-05-15,25.45,23.49,20.84218525
2008-05-16,25.47,16.49,20.431424149999998
2008-05-17,29.05,10.39,21.87895975
2008-05-18,30.81,9.54,22.6952857
2008-05-19,31.86,11.3,23.390924
2008-05-20,32.14,12.12,23.6138824
2008-05-21,22.81,20.05,19.155885249999997
2008-05-22,16.95,20.11,15.873482249999999
2008-05-23,16.08,28.92,15.462314799999998
2008-05-24,14.21,47.62,14.2935461
2008-05-25,15.26,45.91,15.0339038
2008-05-26,15.98,39.88,15.4906232
2008-05-27,18.7,34.39,17.184409
2008-05-28,19.59,30.53,17.64518735
2008-05-29,19.89,29.09,17.78787305
2008-05-30,21.02,20.69,18.1759434
2008-05-31,23.25,15.53,19.18488125
2008-06-01,24.36,19.15,19.9755045
2008-06-02,25.28,19.34,20.4976686
2008-06-03,26.95,14.83,21.11798425
2008-06-04,24.98,23.87,20.5918668
2008-06-05,18.94,17.55,16.926571
2008-06-06,24.22,13.61,19.601590599999998
2008-06-07,24.93,16.49,20.13944885
2008-06-08,22.92,10.83,18.7905373
2008-06-09,26.85,6.85,20.52278625
2008-06-10,30.11,8.8,22.280023999999997
2008-06-11,24.47,7.64,19.4054394
2008-06-12,24.23,8.33,19.324279949999998
2008-06-13,28.1,6.45,21.10246
2008-06-14,30.23,6.91,22.17631865
2008-06-15,30.28,10.34,22.498408599999998
2008-06-16,30.05,9.8,22.335645
2008-06-17,30.82,8.09,22.570158399999997
2008-06-18,30.36,8.19,22.3514137
2008-06-19,31.13,6.9,22.6146085
2008-06-20,32.14,7.6,23.175351999999997
2008-06-21,33.06,9.61,23.832988800000003
2008-06-22,33.49,13.55,24.46072975
2008-06-23,31.34,12.7,23.254274
2008-06-24,30.22,9.96,22.435141599999998
2008-06-25,29.96,11.57,22.440797099999997
2008-06-26,29.49,15.61,22.532466449999998
2008-06-27,31.14,10.73,22.970009599999997
2008-06-28,31.32,12.95,23.2670045
2008-06-29,33.29,13.02,24.301051899999997
2008-06-30,33.54,10.15,24.130907999999998
2008-07-01,32.68,10.38,23.718896199999996
2008-07-02,31.78,11.46,23.3651584
2008-07-03,32.01,9.2,23.265506
2008-07-04,31.82,11.88,23.4256888
2008-07-05,30.9,14.06,23.148212
2008-07-06,30.96,12.25,23.0159925
2008-07-07,32.77,9.99,23.725345150000003
2008-07-08,35.06,10.04,24.8873232
2008-07-09,36.62,8.28,25.4613448
2008-07-10,35.63,8.24,24.9661116
2008-07-11,33.19,25.56,25.537940199999998
2008-07-12,31.67,28.7,24.9367845
2008-07-13,30.5,39.68,25.19184
2008-07-14,29.48,42.37,24.731864299999998
2008-07-15,30.95,35.87,25.14783825
2008-07-16,30.95,33.99,24.977745249999998
2008-07-17,32.38,26,25.10284
2008-07-18,32.54,23.66,24.965545199999998
2008-07-19,33.51,17.91,24.92708005
2008-07-20,31.48,24.77,24.454270299999997
2008-07-21,30.4,44.31,25.5299095
2008-07-22,30.53,19.52,23.4344808
2008-07-23,29.76,14.02,22.5436986
2008-07-24,31.25,11.78,23.122732499999998
2008-07-25,32.56,10.57,23.6769181
2008-07-26,33.12,13.8,24.292257999999997
2008-07-27,32.36,22.69,24.7658387
2008-07-28,31.14,19.47,23.7698944
2008-07-29,31.39,19.81,23.940749949999997
2008-07-30,30.63,16.46,23.218748899999998
2008-07-31,30.61,11.58,22.775545899999997
2008-08-01,31.17,16.03,23.471210550000002
2008-08-02,32.64,10.22,23.6826494
2008-08-03,33.08,11.04,23.989177599999998
2008-08-04,32.97,15.72,24.408416199999998
2008-08-05,32.08,25.92,24.9172048
2008-08-06,31.89,21.52,24.3837804
2008-08-07,31.86,26.75,24.86609
2008-08-08,32.42,25.64,25.0910784
2008-08-09,31.55,17.41,23.80512275
2008-08-10,30.44,13.85,22.8872295
2008-08-11,30.46,13.16,22.8371848
2008-08-12,31.23,9.79,22.92932685
2008-08-13,32.34,9.26,23.436591200000002
2008-08-14,33.61,15.02,24.6781771
2008-08-15,33.82,15.92,24.8856592
2008-08-16,33.05,19.48,24.834947
2008-08-17,31.41,22.22,24.176071099999998
2008-08-18,30.71,19.95,23.57314225
2008-08-19,28.53,16.82,22.1114153
2008-08-20,27.37,18.56,21.6052696
2008-08-21,30.13,16.02,22.9106593
2008-08-22,30.57,22.91,23.75640035
2008-08-23,31.05,16.8,23.47672
2008-08-24,31.77,15.14,23.709572899999998
2008-08-25,33.36,15.4,24.584442
2008-08-26,30.77,21.62,23.7561657
2008-08-27,30.85,16.33,23.32597525
2008-08-28,32.92,11.72,23.9763532
2008-08-29,33.28,10.71,24.057235900000002
2008-08-30,33.31,17.29,24.75323695
2008-08-31,30.72,32.59,24.706353899999996
2008-09-01,24.4,9.15,19.4532175
2008-09-02,23.72,9.92,19.152043199999998
2008-09-03,27.35,9.65,20.964513750000002
2008-09-04,29.54,10.36,22.1249792
2008-09-05,29.98,8.79,22.2143806
2008-09-06,30.68,9.81,22.6539919
2008-09-07,32,9.31,23.2710875
2008-09-08,30.67,12.73,22.90864255
2008-09-09,28.69,23.81,22.743751449999998
2008-09-10,26.89,18.36,21.3266422
2008-09-11,26.54,17.05,21.047051
2008-09-12,26.02,10.49,20.3486464
2008-09-13,27.48,9.56,21.023488399999998
2008-09-14,29.17,10.36,21.9373966
2008-09-15,30.05,8.48,22.222752
2008-09-16,30.03,13.62,22.6518523
2008-09-17,27.92,24.55,22.351035500000002
2008-09-18,27.34,28.12,22.2638344
2008-09-19,26.47,24.18,21.4783903
2008-09-20,24.77,28.9,20.7539165
2008-09-21,23.31,23.78,19.616759899999998
2008-09-22,22.78,21.44,19.202377600000002
2008-09-23,23.26,12.34,19.036541200000002
2008-09-24,25.85,12.57,20.39218225
2008-09-25,27.18,14.61,21.2249014
2008-09-26,28.77,18.36,22.3624846
2008-09-27,28.4,18.76,22.189201999999998
2008-09-28,28.58,21.01,22.4630144
2008-09-29,27.76,33.3,22.895569000000002
2008-09-30,27.95,20.78,22.0897005
2008-10-01,28.05,18.36,21.965778999999998
2008-10-02,27.75,21.36,22.019109999999998
2008-10-03,24.32,29.87,20.5322787
2008-10-04,21.8,34.79,19.1818185
2008-10-05,19.5,36.71,17.759525
2008-10-06,20.25,28.43,17.98659875
2008-10-07,22.84,21.89,19.2570943
2008-10-08,24.63,18.12,20.0680558
2008-10-09,23.36,16.57,19.294456099999998
2008-10-10,17.27,13.1,15.946078499999999
2008-10-11,11.15,22.93,12.57001475
2008-10-12,8.28,24.94,10.8478026
2008-10-13,10.07,24.78,11.9027353
2008-10-14,14.2,19.83,14.3322805
2008-10-15,19.14,21.54,17.1377008
2008-10-16,20.37,15.76,17.650311600000002
2008-10-17,21.53,12.19,18.13482635
2008-10-18,22.6,13.12,18.729496
2008-10-19,20.62,22.17,18.0002422
2008-10-20,20.6,24.18,18.056239
2008-10-21,20.13,19.27,17.63019555
2008-10-22,16.81,15.33,15.73426765
2008-10-23,17.12,11.52,15.8450032
2008-10-24,19.35,10.59,16.96498825
2008-10-25,20.91,10.38,17.7504469
2008-10-26,20.71,11.01,17.67054655
2008-10-27,22.01,17.15,18.58788075
2008-10-28,22.98,17.85,19.148524000000002
2008-10-29,22.14,21.24,18.8305048
2008-10-30,21.6,20.4,18.49162
2008-10-31,20.52,26.83,18.0973413
2008-11-01,19.17,42.79,17.700561150000002
2008-11-02,16.52,67.56,16.1595916
2008-11-03,13.89,51.83,14.05161035
2008-11-04,13.32,49.63,13.6469013
2008-11-05,9.52,35.94,11.2746034
2008-11-06,10.67,33.03,12.08072305
2008-11-07,13.91,45.4,14.087177
2008-11-08,15.71,36.13,15.28494515
2008-11-09,13,49.46,13.416955
2008-11-10,11.41,49.12,12.2747056
2008-11-11,10.95,40.39,12.11388525
2008-11-12,13.97,46.72,14.1253112
2008-11-13,15.04,51.52,14.896014399999999
2008-11-14,15.53,51.48,15.255134199999999
2008-11-15,14,26.41,14.2023725
2008-11-16,15.06,28.62,14.8401496
2008-11-17,17.69,27.39,16.41605755
2008-11-18,18.26,24.56,16.6999008
2008-11-19,16.78,23.52,15.8209408
2008-11-20,15.64,24.69,15.1678063
2008-11-21,13.95,27.95,14.16795125
2008-11-22,14.23,27.82,14.3371873
2008-11-23,12.25,34.46,13.0610575
2008-11-24,11.84,30.79,12.8525423
2008-11-25,14.38,24.75,14.429665
2008-11-26,12.01,54.88,12.6279184
2008-11-27,10.94,72.91,11.4704222
2008-11-28,9.56,54.42,10.7984086
2008-11-29,10.41,42.84,11.695814200000001
2008-11-30,11.47,51.08,12.285251800000001
2008-12-01,12.88,37.53,13.4366077
2008-12-02,13.01,38.05,13.51768025
2008-12-03,8.84,42.82,10.6200134
2008-12-04,8.83,34.38,10.8763597
2008-12-05,7.45,41.31,9.72570475
2008-12-06,8.33,28.64,10.7516016
2008-12-07,8.64,29.18,10.9225286
2008-12-08,6.78,63.71,8.3208734
2008-12-09,4.58,40.71,7.814862400000001
2008-12-10,6.98,29.48,9.896707200000002
2008-12-11,9.72,35.23,11.422803300000002
2008-12-12,12.02,36.09,12.8917324
2008-12-13,8.02,52.22,9.7228792
2008-12-14,3.18,38.96,6.980350400000001
2008-12-15,2.05,67.75,4.258318750000001
2008-12-16,2.22,80.51,3.5363546000000006
2008-12-17,2.29,56.22,5.2300459
2008-12-18,1.56,55.51,4.7263533
2008-12-19,-0.08,69.15,2.3938615000000003
2008-12-20,2.53,56.8,5.374072000000001
2008-12-21,5,43.72,7.9406300000000005
2008-12-22,5.6,58.83,7.6152715
2008-12-23,4.33,45.5,7.3784575000000014
2008-12-24,2.56,59.69,5.2071577000000016
2008-12-25,3.42,83.71,4.412712600000001
2008-12-26,2.11,38.33,6.31250215
2008-12-27,-0.06,37.31,4.960215200000001
2008-12-28,3.31,41.41,6.915921550000001
2008-12-29,5.19,56.79,7.402568050000001
2008-12-30,8.05,49.97,9.824814250000001
2008-12-31,7.94,39.21,10.1333032
2009-01-01,7.99,32.62,10.402540900000002
2009-01-02,7.88,38.93,10.1035587
2009-01-03,6.07,52.22,8.2853197
2009-01-04,0.14,34.82,5.2879164
2009-01-05,1.31,28.87,6.4701258500000005
2009-01-06,4.6,47.67,7.4493685
2009-01-07,7.98,68.91,9.094887400000001
2009-01-08,10.38,46.24,11.598201600000001
2009-01-09,6.25,54.41,8.31864625
2009-01-10,4.84,33.07,8.395990900000001
2009-01-11,7.94,30.16,10.4598272
2009-01-12,8.25,36.24,10.44175
2009-01-13,9.36,49.51,10.7873523
2009-01-14,8.83,30.77,10.98893755
2009-01-15,9.38,26.41,11.4522944
2009-01-16,8.94,32.53,11.0032326
2009-01-17,10.09,34.53,11.67797485
2009-01-18,9.2,36.68,11.045778
2009-01-19,9.17,31.06,11.1909761
2009-01-20,10.67,27.57,12.19573795
2009-01-21,12.62,29.28,13.3512448
2009-01-22,14.29,38.74,14.3607553
2009-01-23,12.55,64.25,12.933418750000001
2009-01-24,11.45,79.65,11.79137125
2009-01-25,8.99,66.21,10.014005950000001
2009-01-26,5.77,47.75,8.27878375
2009-01-27,2.57,39.17,6.5613604500000005
2009-01-28,6.13,31.41,9.28754065
2009-01-29,6.51,45.35,8.91159425
2009-01-30,8.33,39.02,10.399356300000001
2009-01-31,10.09,34.96,11.6675452
2009-02-01,9.4,32.72,11.287204000000001
2009-02-02,8.99,28.43,11.15892885
2009-02-03,11.25,28.37,12.53038625
2009-02-04,12.2,33.62,13.039707
2009-02-05,12.83,29.81,13.47469515
2009-02-06,8.25,77.39,9.02721875
2009-02-07,6.71,84.24,7.385237200000001
2009-02-08,5.74,78.42,6.779724400000001
2009-02-09,5.64,67.09,7.2437043
2009-02-10,3.64,34.16,7.572623200000001
2009-02-11,3.67,42.42,7.0997527
2009-02-12,5.25,64.29,7.0667462500000005
2009-02-13,3.32,52.5,6.240775
2009-02-14,2.09,73.61,3.891249450000001
2009-02-15,4.19,41.86,7.4868287
2009-02-16,4.24,60.31,6.479706700000001
2009-02-17,3.98,79.86,5.145300400000001
2009-02-18,5.42,64.03,7.2163418
2009-02-19,7.07,37.5,9.6240625
2009-02-20,8.62,28.52,10.9316632
2009-02-21,10.52,28.84,12.0776924
2009-02-22,12.25,39.35,13.00054375
2009-02-23,13.13,69.6,13.359064
2009-02-24,12.02,61.47,12.5455492
2009-02-25,12.17,48.16,12.8343296
2009-02-26,12.03,44.51,12.78383165
2009-02-27,11.68,39.98,12.6109102
2009-02-28,11.16,30.03,12.4453489
2009-03-01,14.44,25.77,14.4644959
2009-03-02,14.53,39.91,14.52008515
2009-03-03,13.76,59.74,13.9238582
2009-03-04,10.14,52.96,11.268019200000001
2009-03-05,7.89,38.53,10.12474185
2009-03-06,8.15,34.45,10.43933375
2009-03-07,7.24,34.37,9.860605900000001
2009-03-08,8.76,25.37,11.1160691
2009-03-09,9.38,45.48,10.915283200000001
2009-03-10,7.32,29.69,10.0965419
2009-03-11,9.16,23.28,11.413266400000001
2009-03-12,10.54,27.4,12.121228
2009-03-13,10.74,27.25,12.24447
2009-03-14,12.58,18.6,13.439584
2009-03-15,12.15,39.69,12.92950675
2009-03-16,12.93,43.06,13.4216769
2009-03-17,15.85,35.23,15.36908275
2009-03-18,18.06,28.96,16.6690368
2009-03-19,19.06,24.78,17.173482399999997
2009-03-20,18.72,28.9,17.069769
2009-03-21,16.96,35.49,16.0871797
2009-03-22,11.05,51.93,11.962128250000001
2009-03-23,7.47,32.37,10.08491395
2009-03-24,9.34,28,11.38336
2009-03-25,12.53,27.27,13.31802955
2009-03-26,14.52,31.84,14.512502399999999
2009-03-27,9.85,25.62,11.7522685
2009-03-28,14.51,22.8,14.505754
2009-03-29,17.12,26.99,16.0679259
2009-03-30,9.46,18.42,11.7213976
2009-03-31,12.8,18.31,13.5638015
2009-04-01,15.35,28.51,15.01578425
2009-04-02,16.28,27.11,15.5664069
2009-04-03,12.9,30.54,13.511248
2009-04-04,8.12,21.1,10.888601
2009-04-05,12.4,18.79,13.3379755
2009-04-06,14.58,19.24,14.5444656
2009-04-07,17.67,15.49,16.19656815
2009-04-08,13.89,36.79,14.10206955
2009-04-09,13.72,28.1,14.028451
2009-04-10,14.29,36.08,14.363827599999999
2009-04-11,13.94,43.36,14.1144512
2009-04-12,15.14,28.26,14.8874752
2009-04-13,18.71,22.77,16.92173935
2009-04-14,18.59,29.91,17.01332545
2009-04-15,9.57,24.16,11.626401600000001
2009-04-16,11.59,29.09,12.72491455
2009-04-17,13.41,31.86,13.818499300000001
2009-04-18,17.01,22.64,15.9420452
2009-04-19,19.69,20.32,17.4155344
2009-04-20,23.65,13.25,19.28430625
2009-04-21,25.95,10.12,20.289807
2009-04-22,26.03,12.02,20.4507483
2009-04-23,25.11,20.44,20.4672762
2009-04-24,21.11,25.04,18.3848292
2009-04-25,15.28,24.66,14.9567914
2009-04-26,16.43,18.21,15.561799149999999
2009-04-27,17.36,20.26,16.1056898
2009-04-28,16.93,30.67,16.00340455
2009-04-29,17.45,21.28,16.172767999999998
2009-04-30,19.22,16.35,17.048446
2009-05-01,22.83,17.26,19.039266899999998
2009-05-02,21.39,37.26,19.0124677
2009-05-03,22.86,28.86,19.5889828
2009-05-04,23.22,24.99,19.6225204
2009-05-05,24.01,25.18,20.0965399
2009-05-06,25.77,20.76,20.8583086
2009-05-07,26.46,15.28,20.8871184
2009-05-08,25.68,11.13,20.2153837
2009-05-09,24.58,11.31,19.6630264
2009-05-10,26.07,13.76,20.5821176
2009-05-11,27.34,14.15,21.277273
2009-05-12,26.23,16.47,20.841062049999998
2009-05-13,25.77,12.33,20.33577505
2009-05-14,25.23,15.12,20.2208068
2009-05-15,27.19,19.39,21.56382505
2009-05-16,28.47,14.62,21.909827699999997
2009-05-17,29.94,9.03,22.2148276
2009-05-18,30.35,9.92,22.497276
2009-05-19,28.72,22.09,22.6266589
2009-05-20,27.62,24.52,22.1733632
2009-05-21,27.3,14.21,21.260384
2009-05-22,27.41,14.1,21.3106705
2009-05-23,27,18.47,21.3948125
2009-05-24,25.85,19.3,20.8123025
2009-05-25,26.48,22.42,21.368253799999998
2009-05-26,26.45,20.06,21.1959435
2009-05-27,29.13,15.26,22.3113959
2009-05-28,29.73,15.23,22.62924095
2009-05-29,25.6,23.84,20.950432
2009-05-30,22.3,46.07,19.986403
2009-05-31,25.43,32.91,21.396884649999997
2009-06-01,27.89,27.62,22.5595749
2009-06-02,26.63,30.9,22.019993499999998
2009-06-03,26.22,12.53,20.5816838
2009-06-04,21.87,38.82,19.3900687
2009-06-05,21.04,26.12,18.3825364
2009-06-06,18.38,41.11,17.1232874
2009-06-07,20.56,34.4,18.373552
2009-06-08,22.98,26.51,19.552426399999998
2009-06-09,23.26,32.86,20.0251948
2009-06-10,22.74,32.1,19.662771999999997
2009-06-11,23.19,36.97,20.17748115
2009-06-12,23.18,33.43,20.0019482
2009-06-13,22.49,35.7,19.664336499999997
2009-06-14,23.41,31.05,20.03110525
2009-06-15,24.44,25.6,20.372552
2009-06-16,23.36,32.44,20.067801199999998
2009-06-17,25.11,35.01,21.31750855
2009-06-18,26.34,34.41,22.068779199999998
2009-06-19,30.01,19.7,23.1600085
2009-06-20,28.71,18.69,22.35521695
2009-06-21,24.24,21.83,20.0524331
2009-06-22,24.51,16.4,19.907402
2009-06-23,28.44,11.33,21.6416711
2009-06-24,30.64,11.57,22.7900689
2009-06-25,30.38,16.2,23.060907999999998
2009-06-26,30.07,17.31,22.98884185
2009-06-27,30.95,11.21,22.91672475
2009-06-28,33.96,10.73,24.4054319
2009-06-29,34.88,11.72,24.9846948
2009-06-30,33.34,17.48,24.789277600000002
2009-07-01,33.88,17.2,25.054348
2009-07-02,32.94,20.7,24.897394
2009-07-03,31.63,28.06,24.8521729
2009-07-04,31.14,18.39,23.6710528
2009-07-05,31.24,12.27,23.1626989
2009-07-06,31.49,10.14,23.093032299999997
2009-07-07,30.53,9.56,22.5563574
2009-07-08,30.13,8.6,22.272799
2009-07-09,30.03,8.88,22.2469852
2009-07-10,30.58,8.16,22.457670399999998
2009-07-11,32.82,11.48,23.9007248
2009-07-12,33.2,14.4,24.39604
2009-07-13,32.22,13.72,23.811151199999998
2009-07-14,32.6,10.62,23.702221
2009-07-15,33.76,10.3,24.258078999999995
2009-07-16,34.59,11.03,24.75925985
2009-07-17,36.1,12.9,25.75252
2009-07-18,37.6,12.68,26.505994
2009-07-19,36.38,17.63,26.4675942
2009-07-20,34.57,26.56,26.463325599999997
2009-07-21,33.48,32.3,26.412796999999998
2009-07-22,34.91,22.93,26.258507149999996
2009-07-23,31.73,31.62,25.2499693
2009-07-24,32.08,32.52,25.5553588
2009-07-25,32.52,30.21,25.6031131
2009-07-26,33.05,26.44,25.545040999999998
2009-07-27,35.62,20.74,26.4131584
2009-07-28,35.67,16.95,26.00007325
2009-07-29,34.85,17.99,25.67103075
2009-07-30,33.89,18.69,25.21869505
2009-07-31,33.4,17.59,24.8334805
2009-08-01,33.1,16.43,24.550789
2009-08-02,31.7,14.74,23.634403999999996
2009-08-03,30.73,12.71,22.93805815
2009-08-04,32.02,13.86,23.7195496
2009-08-05,32.56,17.81,24.3960673
2009-08-06,28.63,18.97,22.33275355
2009-08-07,24.01,22.8,19.972054
2009-08-08,25.23,20.99,20.56722485
2009-08-09,28.09,16.05,21.81515725
2009-08-10,30.66,11.89,22.8287832
2009-08-11,31.01,11.66,22.9882863
2009-08-12,31.76,14.07,23.6026651
2009-08-13,31.48,13.33,23.385888700000002
2009-08-14,29.21,14.09,22.25945145
2009-08-15,28.3,12.16,21.632944
2009-08-16,28.69,8.78,21.5707351
2009-08-17,29.36,8.38,21.871897399999998
2009-08-18,30.93,8.74,22.6832901
2009-08-19,32.55,7.77,23.393866749999997
2009-08-20,33.65,11.2,24.29714
2009-08-21,34.68,10.75,24.774142499999996
2009-08-22,31.08,22.71,24.0319249
2009-08-23,28.05,43.86,23.8661665
2009-08-24,27.75,26.93,22.42502375
2009-08-25,28.75,18.07,22.32873625
2009-08-26,29.55,11.9,22.2575225
2009-08-27,31.34,11.72,23.1635064
2009-08-28,32.95,12.65,24.086158750000003
2009-08-29,34.46,12.11,24.811435799999998
2009-08-30,31.64,11.73,23.3187871
2009-08-31,31.45,16.73,23.68715425
2009-09-01,30.7,15.58,23.178178
2009-09-02,31.55,15.82,23.6560205
2009-09-03,32.2,19.25,24.338987500000002
2009-09-04,32.03,19.98,24.314871699999998
2009-09-05,29.77,25.75,23.53411375
2009-09-06,27.51,16.86,21.5609173
2009-09-07,27.04,19.25,21.4706725
2009-09-08,26.92,16.98,21.2489038
2009-09-09,28.71,15.97,22.14263535
2009-09-10,30.34,15.51,22.979231199999997
2009-09-11,31.71,14.04,23.573456200000003
2009-09-12,31.72,16.28,23.790878799999998
2009-09-13,28.56,24.89,22.7517437
2009-09-14,24.74,26.27,20.587526399999998
2009-09-15,24.5,30.82,20.6951
2009-09-16,27.38,20.71,21.7630964
2009-09-17,28.14,18.68,22.039373599999998
2009-09-18,29.73,16.99,22.77666735
2009-09-19,29.25,20.95,22.83706875
2009-09-20,28.95,21.51,22.71200725
2009-09-21,28.38,13.63,21.7865142
2009-09-22,25.05,7.91,19.70647775
2009-09-23,26.05,10.17,20.34354925
2009-09-24,27.04,11.53,20.9382241
2009-09-25,28.83,11.63,21.865118449999997
2009-09-26,30.29,9.43,22.42444835
2009-09-27,29.44,9.31,21.9880027
2009-09-28,28.54,11.14,21.678230799999998
2009-09-29,26.26,18.88,21.013158400000002
2009-09-30,18.9,19.87,16.960853999999998
2009-10-01,15.4,13.96,14.974102
2009-10-02,18.75,8.63,16.61422625
2009-10-03,19.64,12.12,17.155632400000002
2009-10-04,15.94,23.61,15.3349912
2009-10-05,12.81,21.44,13.5402152
2009-10-06,14.69,19.67,14.60605515
2009-10-07,15.81,18.77,15.22473785
2009-10-08,17.96,15.01,16.3426403
2009-10-09,19.79,14.84,17.3122698
2009-10-10,19.42,17.14,17.1778084
2009-10-11,19.07,21.67,17.10117545
2009-10-12,16.07,41.75,15.56701125
2009-10-13,13.44,59,13.67903
2009-10-14,17.92,63.96,17.2420876
2009-10-15,19.3,42.83,17.790712
2009-10-16,21.65,27.6,18.80287
2009-10-17,23.13,21.76,19.4163384
2009-10-18,24.28,18.67,19.9052593
2009-10-19,20.69,43.92,18.7807564
2009-10-20,17.05,34.69,16.13402725
2009-10-21,15.81,28.48,15.2946984
2009-10-22,18.42,22.73,16.7540588
2009-10-23,19.6,23.44,17.452492
2009-10-24,20.63,27.55,18.18734825
2009-10-25,18.21,27.76,16.7359428
2009-10-26,16.29,14.65,15.449729249999999
2009-10-27,14.34,18.66,14.4115792
2009-10-28,8.2,24.16,10.827856
2009-10-29,7.94,21.7,10.765064
2009-10-30,11.54,35.37,12.5921764
2009-10-31,15.23,33.85,14.96440775
2009-11-01,17.88,17.61,16.348369899999998
2009-11-02,18.25,18.81,16.57545625
2009-11-03,19.74,15.45,17.303269
2009-11-04,19.46,13.1,17.089368
2009-11-05,19.25,15.4,17.039825
2009-11-06,16.77,21.32,15.7876802
2009-11-07,15.95,23.32,15.338477
2009-11-08,13.33,30.42,13.7777473
2009-11-09,13.41,27.47,13.84481735
2009-11-10,14.53,25.13,14.517646449999999
2009-11-11,16.01,23.51,15.374750550000002
2009-11-12,15,32.14,14.813385
2009-11-13,11.68,44.35,12.5431315
2009-11-14,9.82,26.89,11.7018514
2009-11-15,5.77,21.24,9.5516614
2009-11-16,8.52,15.15,11.3107165
2009-11-17,10.99,18.13,12.57050035
2009-11-18,11.72,17.78,12.9771438
2009-11-19,9.75,39.98,11.3180225
2009-11-20,11.88,21.04,13.0178136
2009-11-21,10.79,29.08,12.2371226
2009-11-22,9.87,24.14,11.8017749
2009-11-23,8.83,34.5,10.8726175
2009-11-24,7.79,20.26,10.732804699999999
2009-11-25,9.93,27.23,11.75907395
2009-11-26,10.41,29.66,11.9922983
2009-11-27,11.74,18.62,12.9753484
2009-11-28,8.38,47.2,10.157248000000001
2009-11-29,9.15,27.1,11.2950825
2009-11-30,7.78,26.82,10.4847328
2009-12-01,10.57,21.62,12.2641837
2009-12-02,8.87,28.72,11.077185199999999
2009-12-03,6.57,29.5,9.6448575
2009-12-04,4.13,16.77,8.877023050000002
2009-12-05,5.31,12.07,9.75442185
2009-12-06,1.32,23.12,6.893031200000001
2009-12-07,3.44,72.49,5.1134333000000005
2009-12-08,0.92,52.24,4.487194400000001
2009-12-09,0.23,38.46,5.059966900000001
2009-12-10,1.46,31.05,6.405094
2009-12-11,1.43,48.22,5.1522053
2009-12-12,2.5,91.12,3.08608
2009-12-13,8.44,74.69,9.2835823
2009-12-14,6.34,66.48,7.8443776
2009-12-15,6.92,53.54,8.8569174
2009-12-16,7.62,43.01,9.7765016
2009-12-17,8.88,38.07,10.7942563
2009-12-18,8.79,49.03,10.39071285
2009-12-19,8.53,49.78,10.1789737
2009-12-20,7.27,50.67,9.23160745
2009-12-21,5.57,47.09,8.16867465
2009-12-22,5.7,60.07,7.632612000000001
2009-12-23,3.71,34.45,7.60006475
2009-12-24,2.97,40.13,6.76665605
2009-12-25,4.01,38.71,7.54612655
2009-12-26,4.07,40.28,7.495837800000001
2009-12-27,4.29,37.62,7.792948900000001
2009-12-28,3.87,44.81,7.096683350000001
2009-12-29,4.74,42.04,7.851292800000001
2009-12-30,5.02,51.71,7.537840600000001
2009-12-31,4.65,47.51,7.493645750000001
2010-01-01,5.19,36.18,8.4579031
2010-01-02,7.26,46.77,9.3796186
2010-01-03,6.89,40.89,9.36404905
2010-01-04,7.18,36.81,9.7240294
2010-01-05,8.36,34.94,10.557076200000001
2010-01-06,9.44,33.7,11.285129
2010-01-07,11.25,46.41,12.20792125
2010-01-08,7.81,46.06,9.7947223
2010-01-09,7.06,28.73,9.9763684
2010-01-10,10.4,38.3,11.791335
2010-01-11,9.81,45.77,11.208862850000001
2010-01-12,11.23,34.8,12.402622000000001
2010-01-13,8.78,49.44,10.3706176
2010-01-14,7.13,48.66,9.2110669
2010-01-15,6.04,36.2,9.008614000000001
2010-01-16,9.31,33.17,11.217662350000001
2010-01-17,7.09,45.81,9.29851345
2010-01-18,6.06,79.16,7.0273928
2010-01-19,3.9,86.48,4.688216000000001
2010-01-20,2.05,90.06,2.7306415000000004
2010-01-21,2.81,88.38,3.557107900000001
2010-01-22,2.61,84.72,3.6092356000000008
2010-01-23,3.23,75.45,4.751731750000001
2010-01-24,4.6,46.77,7.4983735000000005
2010-01-25,5.75,46.48,8.32565
2010-01-26,6.37,50.1,8.6012785
2010-01-27,7.03,56.56,8.8147324
2010-01-28,6.33,54.53,8.37319445
2010-01-29,6.84,50.55,8.9233285
2010-01-30,7.45,53.9,9.2375275
2010-01-31,7.28,57.11,8.9831619
2010-02-01,8.05,40.57,10.158279250000001
2010-02-02,8.95,40.11,10.77814225
2010-02-03,9.53,47.38,10.9683677
2010-02-04,9.06,41.83,10.8004464
2010-02-05,8.72,68.65,9.7166165
2010-02-06,7.82,80.68,8.5298168
2010-02-07,7.57,78.87,8.375369950000001
2010-02-08,7.49,57.16,9.1416962
2010-02-09,6.22,63.47,7.8835762
2010-02-10,6.06,73.3,7.2994140000000005
2010-02-11,8.56,43.41,10.408795300000001
2010-02-12,9.56,45.11,11.0513613
2010-02-13,10.47,46.04,11.6660234
2010-02-14,11.66,36.99,12.6442162
2010-02-15,13.04,37.32,13.543320399999999
2010-02-16,12.28,36.91,13.0503289
2010-02-17,13.55,38.15,13.87316625
2010-02-18,13.31,39.66,13.704925300000001
2010-02-19,11.77,49.1,12.5342635
2010-02-20,9.89,63.05,10.826867250000001
2010-02-21,8.29,63.76,9.5277772
2010-02-22,7.43,45.41,9.55273215
2010-02-23,4.58,33.11,8.2295184
2010-02-24,6.98,48.86,9.095150400000001
2010-02-25,8.77,65.55,9.85569175
2010-02-26,10.43,35.37,11.87674255
2010-02-27,6.03,62.73,7.76622295
2010-02-28,7.63,67.46,8.859523900000001
2010-03-01,9.99,43.26,11.3974357
2010-03-02,11.44,44.45,12.3749065
2010-03-03,9.73,63.1,10.698071500000001
2010-03-04,8.75,52.98,10.2370075
2010-03-05,8.96,40.72,10.7662616
2010-03-06,10.77,40.53,11.99002705
2010-03-07,9.62,61.3,10.658708
2010-03-08,9.07,67.49,10.040911150000001
2010-03-09,7.19,49.02,9.2396509000000009
2010-03-10,7.53,34.72,10.0325088
2010-03-11,5.41,35.9,8.614679500000001
2010-03-12,10.02,30.25,11.73864
2010-03-13,9.86,50.24,11.1298752
2010-03-14,6.43,30.26,9.5254099
2010-03-15,9.58,36.3,11.303722
2010-03-16,14.49,33.78,14.4936421
2010-03-17,16.88,30.22,15.9665798
2010-03-18,17.65,29.57,16.42980025
2010-03-19,13.11,26.84,13.6693082
2010-03-20,13.27,27.24,13.7622214
2010-03-21,14.48,27.78,14.4879442
2010-03-22,15.04,32.17,14.838544899999999
2010-03-23,12.96,31.64,13.5390092
2010-03-24,12.88,26.24,13.537201600000001
2010-03-25,12.9,38.55,13.440760000000001
2010-03-26,12.19,37.3,12.9866035
2010-03-27,11.18,30.53,12.4485222
2010-03-28,13.89,20.55,14.15655475
2010-03-29,16.12,23.76,15.4407016
2010-03-30,16.01,38.78,15.501567900000001
2010-03-31,12.75,35.89,13.36705875
2010-04-01,9.21,31.9,11.1913695
2010-04-02,10.49,33.02,11.9672439
2010-04-03,12.27,44.22,12.9541417
2010-04-04,10.77,30.49,12.19599765
2010-04-05,10.62,47.47,11.740990199999999
2010-04-06,8.88,32.86,10.955297400000001
2010-04-07,11.03,31.44,12.3384676
2010-04-08,15.12,24.94,14.8640454
2010-04-09,16.4,29.2,15.660139999999998
2010-04-10,16.59,36.37,15.85857315
2010-04-11,13.86,42.18,14.063526399999999
2010-04-12,12.2,52.6,12.79961
2010-04-13,11.51,42.31,12.45871205
2010-04-14,14.6,27.7,14.560235
2010-04-15,16.6,29.58,15.786649
2010-04-16,19.58,27.81,17.563011399999997
2010-04-17,18.85,31.17,17.203242250000002
2010-04-18,21.19,24.37,18.407194150000002
2010-04-19,20.18,31.75,18.04787
2010-04-20,17.91,45.64,16.8904782
2010-04-21,9.18,56.31,10.4583694
2010-04-22,8.86,59.96,10.1020408
2010-04-23,12.42,40.85,13.096676
2010-04-24,16.22,25.81,15.5181626
2010-04-25,19.3,26,17.3464
2010-04-26,19.77,26.17,17.63003745
2010-04-27,21.86,24.53,18.8049744
2010-04-28,17.6,40.15,16.5795575
2010-04-29,11.66,27.44,12.7933872
2010-04-30,11.05,26.72,12.440488
2010-05-01,14.66,24.35,14.593428
2010-05-02,16.71,22.45,15.76737975
2010-05-03,17.88,18.44,16.3637996
2010-05-04,21.97,23.18,18.8138503
2010-05-05,22.86,22.16,19.2809168
2010-05-06,19.11,19.01,17.05649855
2010-05-07,16.69,14.69,15.66244105
2010-05-08,20.85,16.48,17.933064
2010-05-09,20.15,23.7,17.7789775
2010-05-10,16.08,28.82,15.461445799999998
2010-05-11,14.13,27.1,14.278351500000001
2010-05-12,16.35,28.69,15.62442075
2010-05-13,18.32,22.93,16.7007593
2010-05-14,21.61,20.81,18.513275049999997
2010-05-15,23.1,18.84,19.261132
2010-05-16,24.53,16.6,19.929239
2010-05-17,22.36,26.63,19.1882149
2010-05-18,17.94,41.17,16.8269364
2010-05-19,22.09,25.5,18.9799975
2010-05-20,24.19,25.3,20.2088635
2010-05-21,23.81,17.75,19.598388749999998
2010-05-22,17.79,18.85,16.32159075
2010-05-23,13.09,25.49,13.66782505
2010-05-24,14.18,26.14,14.3099936
2010-05-25,17.32,26.49,16.1798599
2010-05-26,19.25,28.26,17.3757925
2010-05-27,18.06,29.45,16.678631
2010-05-28,17.25,31.11,16.20803875
2010-05-29,18.47,21.92,16.765123199999998
2010-05-30,21.73,17.15,18.43546975
2010-05-31,25.16,14.12,20.1248556
2010-06-01,26.23,22.61,21.23718415
2010-06-02,26.97,31.34,22.260953899999997
2010-06-03,28.72,25.93,22.9269853
2010-06-04,30.64,26.24,24.0923248
2010-06-05,31.91,24.09,24.64123795
2010-06-06,32.71,21.64,24.8618542
2010-06-07,32.48,20.51,24.619233899999998
2010-06-08,32.08,21.53,24.492735699999997
2010-06-09,29.48,21.13,22.981900699999997
2010-06-10,28.39,20.22,22.2952069
2010-06-11,24.93,14.69,20.03619185
2010-06-12,22.46,24.8,19.167744
2010-06-13,23.09,28.05,19.69072225
2010-06-14,26.57,16.53,21.02884405
2010-06-15,28.5,13.36,21.828719999999997
2010-06-16,27.01,12.78,21.0088279
2010-06-17,24.68,7.25,19.4869275
2010-06-18,26.74,9.19,20.6266708
2010-06-19,25.76,14.73,20.479228900000003
2010-06-20,25.35,15.26,20.2931405
2010-06-21,25.16,14.97,20.1746911
2010-06-22,27.17,15.58,21.2871923
2010-06-23,29.8,10.57,22.274465499999998
2010-06-24,30.12,11.63,22.5281333
2010-06-25,29.46,15.53,22.5098084
2010-06-26,28.83,22.89,22.752575349999997
2010-06-27,31.85,16.28,23.861019
2010-06-28,34.86,10.22,24.8064356
2010-06-29,33.23,14.1,24.3810115
2010-06-30,31.34,16.46,23.6025252
2010-07-01,29.52,13.53,22.3767133
2010-07-02,28.83,10.02,21.738226299999997
2010-07-03,29.42,13.57,22.3275542
2010-07-04,29.62,10.57,22.1830012
2010-07-05,31.23,9.82,22.9320873
2010-07-06,30.83,16.73,23.35110495
2010-07-07,30.76,17.18,23.3534074
2010-07-08,31.41,10.3,23.067451499999997
2010-07-09,32.85,16.05,24.377346250000002
2010-07-10,33.91,15.57,24.896675349999995
2010-07-11,34.19,21.88,25.729994599999998
2010-07-12,34.7,22.14,26.049754
2010-07-13,32.66,20.57,24.726531599999998
2010-07-14,33.12,19.66,24.892380599999996
2010-07-15,34.69,13.96,25.135688199999997
2010-07-16,37.18,18.93,27.0673282
2010-07-17,35.15,24.96,26.627331999999996
2010-07-18,36.67,17.7,26.634749499999998
2010-07-19,36.39,14.7,26.120306499999998
2010-07-20,34.56,9.99,24.6291967
2010-07-21,32.66,11.57,23.827611599999997
2010-07-22,30.79,9.9,22.717490499999997
2010-07-23,32.18,12.98,23.718175199999997
2010-07-24,34.16,13.21,24.775397299999998
2010-07-25,34.81,15.56,25.3776298
2010-07-26,34.58,19.34,25.6719096
2010-07-27,32.68,13.01,23.9818699
2010-07-28,32.27,16.83,24.141380050000002
2010-07-29,33.23,15.51,24.526262649999996
2010-07-30,33.09,16.81,24.58423845
2010-07-31,31.9,18.73,24.122460999999998
2010-08-01,30.98,13.86,23.1722704
2010-08-02,30.32,14.33,22.865853299999998
2010-08-03,31.58,12.46,23.3564924
2010-08-04,31.28,8.81,22.8640749
2010-08-05,30.76,9.3,22.648699
2010-08-06,31.23,10.97,23.03790455
2010-08-07,29.21,11.4,22.041816999999998
2010-08-08,27.06,16.71,21.3063268
2010-08-09,26.54,21.04,21.3112688
2010-08-10,28.37,11.72,21.6355602
2010-08-11,27,13.74,21.069625
2010-08-12,27.47,17.08,21.5549018
2010-08-13,29.63,13.48,22.430238199999998
2010-08-14,29.11,15.41,22.31277055
2010-08-15,30.01,12.89,22.57908145
2010-08-16,30.75,9.99,22.70535625
2010-08-17,33.35,13.11,24.34167925
2010-08-18,32.93,21.29,24.95156085
2010-08-19,31.69,19.54,24.082909299999997
2010-08-20,30.47,14.46,22.956594099999997
2010-08-21,31.02,10.87,22.9216482
2010-08-22,31.41,18.42,23.8226521
2010-08-23,29.46,12.64,22.2720192
2010-08-24,31.34,11.11,23.1070082
2010-08-25,33.67,14.33,24.63738355
2010-08-26,33.93,25.82,26.0027543
2010-08-27,32.06,24.88,24.8049104
2010-08-28,27.17,15.49,21.28092065
2010-08-29,23.41,25.72,19.7699086
2010-08-30,22.49,26.93,19.27893885
2010-08-31,23.97,22.54,19.9354959
2010-09-01,26.55,17.96,21.112799
2010-09-02,29.65,12.97,22.39822525
2010-09-03,31.99,9.65,23.298781749999996
2010-09-04,31.26,10.42,23.0025156
2010-09-05,28.79,11.87,21.863422649999997
2010-09-06,27.17,10.22,20.9136807
2010-09-07,28.07,15.08,21.7319958
2010-09-08,25.34,26.28,20.9448136
2010-09-09,21.57,32.32,18.9382632
2010-09-10,22.57,18.54,18.9543979
2010-09-11,25.61,13.62,20.3317501
2010-09-12,26.89,11.69,20.872115049999998
2010-09-13,27.68,14.45,21.4784805
2010-09-14,26.94,19.05,21.401401
2010-09-15,26.02,11.21,20.3942656
2010-09-16,26.63,9.51,20.592959649999997
2010-09-17,27.56,8.82,21.0105406
2010-09-18,25.84,14.2,20.488654
2010-09-19,26.17,17.04,20.8452124
2010-09-20,24.57,18.3,20.0450455
2010-09-21,26.14,12.98,20.5689796
2010-09-22,22.49,24.93,19.191048849999998
2010-09-23,23.5,17.6,19.4212
2010-09-24,26.06,12.13,20.473225399999997
2010-09-25,27.76,8.79,21.1080547
2010-09-26,29.18,8.11,21.7608014
2010-09-27,29.99,9.75,22.301151249999997
2010-09-28,31.06,8.9,22.762611999999997
2010-09-29,31.5,13.86,23.445909999999998
2010-09-30,30.04,18.79,23.0989813
2010-10-01,29.41,22.57,23.06035285
2010-10-02,28.83,31.74,23.4500881
2010-10-03,25.78,40.3,22.076211999999998
2010-10-04,22.57,45.83,20.16566455
2010-10-05,17.02,45.52,16.2649072
2010-10-06,16.51,29.99,15.736039450000002
2010-10-07,16.82,41.74,16.0766024
2010-10-08,18.08,34.74,16.795030599999997
2010-10-09,20.95,28.13,18.40041175
2010-10-10,22.21,26.71,19.102137550000002
2010-10-11,24.54,28.01,20.5647122
2010-10-12,24.96,29.09,20.8805477
2010-10-13,21.38,18.52,18.2967968
2010-10-14,23.06,18.58,19.2267464
2010-10-15,25.81,19.03,20.77326115
2010-10-16,25.74,22.48,20.9477136
2010-10-17,24.14,28.34,20.3405868
2010-10-18,18.48,55.76,17.5115864
2010-10-19,18.74,45.87,17.477688399999998
2010-10-20,17.65,49.99,16.783576749999998
2010-10-21,15.87,73.97,15.67386395
2010-10-22,17.04,62.51,16.5162647
2010-10-23,16.01,56.19,15.646157950000001
2010-10-24,16.01,53.59,15.624564950000002
2010-10-25,16.36,50.93,15.8580139
2010-10-26,12.58,31.2,13.306528
2010-10-27,10.11,30.43,11.78976765
2010-10-28,12.58,24.39,13.3784416
2010-10-29,15.22,28.41,14.9365036
2010-10-30,14.78,40.82,14.688862799999999
2010-10-31,13.8,45.37,14.0103255
2010-11-01,16.41,33.71,15.71362355
2010-11-02,19.06,28.56,17.2682848
2010-11-03,19.91,33.01,17.91671255
2010-11-04,21.42,31.03,18.7950018
2010-11-05,20.55,31.1,18.2573525
2010-11-06,18.91,32.61,17.27545555
2010-11-07,15.05,63.06,14.938256500000001
2010-11-08,13.23,49.94,13.5796691
2010-11-09,7.83,39.03,10.06668445
2010-11-10,8.37,36.97,10.49505645
2010-11-11,8.49,40.77,10.44784765
2010-11-12,8.58,32.94,10.763473600000001
2010-11-13,10.81,30.83,12.21380515
2010-11-14,10.83,38.84,12.0645146
2010-11-15,13.28,57.15,13.5675235
2010-11-16,13.51,44.09,13.81442995
2010-11-17,10.76,30.9,12.181387
2010-11-18,12.95,22.69,13.60906775
2010-11-19,11.5,41.02,12.47317
2010-11-20,11.49,63.44,12.0952508
2010-11-21,6.71,54.52,8.6585906
2010-11-22,4.58,52.23,7.186331200000001
2010-11-23,4.7,60.74,6.816114000000001
2010-11-24,4.61,39.93,7.877507650000001
2010-11-25,0.47,24.89,6.26586315
2010-11-26,2.77,23.47,7.707332950000001
2010-11-27,3.92,22.78,8.413431800000001
2010-11-28,4.72,48.67,7.4810407
2010-11-29,1.71,35.74,6.2303697
2010-11-30,2.36,27.2,7.220856000000001
2010-12-01,5.86,21.32,9.598873600000001
2010-12-02,8.05,26.09,10.67195725
2010-12-03,9.86,25.84,11.752563199999999
2010-12-04,10.51,30.44,12.0364942
2010-12-05,8.84,46.33,10.5107471
2010-12-06,6.94,68.13,8.2651546
2010-12-07,7.98,50.64,9.7500496
2010-12-08,10.02,38.24,11.5417664
2010-12-09,9.08,40.41,10.8563779
2010-12-10,10.34,53.66,11.4002592
2010-12-11,11.03,61.5,11.7647725
2010-12-12,12.11,53.63,12.719533649999999
2010-12-13,11.77,48.18,12.5480773
2010-12-14,9.84,50.69,11.1038153
2010-12-15,9.54,56.78,10.719041599999999
2010-12-16,8.81,52.84,10.2858722
2010-12-17,6.37,71.57,7.641247450000001
2010-12-18,8.05,85.12,8.577868
2010-12-19,10.63,84.47,10.960556050000001
2010-12-20,7.69,86.71,8.187776950000002
2010-12-21,4.09,88.9,4.7255305000000005
2010-12-22,5.84,94.05,6.1233985
2010-12-23,6.67,88.15,7.18032025
2010-12-24,5.74,71.46,7.115057200000001
2010-12-25,5.53,69.89,7.015476850000001
2010-12-26,7.73,71.32,8.797899800000001
2010-12-27,7.34,45.64,9.4806968
2010-12-28,5.81,49.84,8.207397199999999
2010-12-29,7.98,63.85,9.276339
2010-12-30,2.44,42.19,6.274537300000001
2010-12-31,-1.32,38.99,3.9884801000000003
2011-01-01,-1.24,41.92,3.7879856000000007
2011-01-02,0.01,50.2,3.9788110000000003
2011-01-03,0.72,75.12,2.6056552
2011-01-04,2.69,61.47,5.192716150000001
2011-01-05,3.76,49.76,6.727676800000001
2011-01-06,3.96,42.25,7.307767500000001
2011-01-07,6.52,44.49,8.9563339
2011-01-08,6.79,49.13,8.94714235
2011-01-09,5.97,59.82,7.8550447000000005
2011-01-10,1.81,48.46,5.407234300000001
2011-01-11,1.67,42.39,5.735249650000001
2011-01-12,4.33,37.76,7.811394400000001
2011-01-13,7.74,42.12,9.891978400000001
2011-01-14,9.14,55.97,10.4380044
2011-01-15,10.13,48.44,11.3692446
2011-01-16,12.88,47.75,13.3455475
2011-01-17,13.81,61.7,13.955348500000001
2011-01-18,10.75,43.49,11.91551875
2011-01-19,10.7,37.91,11.997681
2011-01-20,5.94,44.87,8.535520400000001
2011-01-21,8.32,34.06,10.561300600000001
2011-01-22,11.22,38.9,12.322244000000001
2011-01-23,6.41,43.53,8.92263265
2011-01-24,8.52,33.27,10.7147497
2011-01-25,10.2,41.62,11.580687
2011-01-26,9.13,45.31,10.74526915
2011-01-27,7.56,42.85,9.7414155
2011-01-28,9.9,34.15,11.566005
2011-01-29,9.62,40.61,11.2140276
2011-01-30,7.99,61.98,9.3513061
2011-01-31,7.43,54.32,9.2062668
2011-02-01,5.11,47.23,7.8353066500000015
2011-02-02,0.38,32.08,5.6546672000000004
2011-02-03,4.32,28.78,8.307607800000001
2011-02-04,6.82,42.6,9.244576
2011-02-05,9.23,52.74,10.599831100000001
2011-02-06,9.84,54.89,10.9961693
2011-02-07,11.49,49.72,12.3223854
2011-02-08,8.21,39.4,10.306457000000002
2011-02-09,4.5,39.78,7.812100000000001
2011-02-10,5.35,32.88,8.727814
2011-02-11,7.87,30.52,10.4035882
2011-02-12,10.38,31.31,11.936515400000001
2011-02-13,10.84,30.08,12.2474896
2011-02-14,9.96,38.27,11.501398100000001
2011-02-15,9.06,67.47,10.033297600000001
2011-02-16,9.08,72.43,9.9018617
2011-02-17,5.74,53.04,8.002532800000001
2011-02-18,5.66,56.58,7.771080400000001
2011-02-19,7.68,61.32,9.1308868
2011-02-20,5.23,56.78,7.433571700000001
2011-02-21,4.83,54.1,7.2711915000000005
2011-02-22,6.19,45.95,8.66035525
2011-02-23,6.75,44.76,9.104605000000001
2011-02-24,6.68,54.84,8.6223316
2011-02-25,7.15,58.68,8.820361
2011-02-26,6.36,65.93,7.885313900000001
2011-02-27,3.68,42.88,7.079211200000001
2011-02-28,5,42.82,7.987655
2011-03-01,7.69,39.4,9.959773
2011-03-02,9.79,44.8,11.219956
2011-03-03,11.57,67.78,12.0892253
2011-03-04,11.3,36.84,12.411616
2011-03-05,13.23,27.47,13.736622050000001
2011-03-06,13.01,35.07,13.54210135
2011-03-07,13.16,53.32,13.5040316
2011-03-08,9.18,38.48,10.9800752
2011-03-09,13.8,35.87,14.046900500000001
2011-03-10,16.71,31.05,15.87191275
2011-03-11,15.47,37.76,15.1379496
2011-03-12,13.31,49.2,13.642486
2011-03-13,15.1,37.65,14.894245
2011-03-14,16.87,37.1,16.0500985
2011-03-15,17.66,38.43,16.5899134
2011-03-16,17.4,44.14,16.509033
2011-03-17,13.89,31.4,14.120153
2011-03-18,11.19,31.84,12.4308528
2011-03-19,8.78,48.89,10.3879206
2011-03-20,7.82,63.17,9.1731342
2011-03-21,8.26,61.45,9.583036
2011-03-22,7.44,50.16,9.3752872
2011-03-23,8.52,47.35,10.2516585
2011-03-24,7.03,67.73,8.35581295
2011-03-25,9.35,57.96,10.540783
2011-03-26,10.45,50.06,11.5624135
2011-03-27,11.24,59.39,11.9681373
2011-03-28,14.77,40.92,14.682266199999999
2011-03-29,13.28,33.32,13.7274228
2011-03-30,16.58,39.23,15.884791199999999
2011-03-31,19.1,39.94,17.580482
2011-04-01,22.07,27.2,19.038972
2011-04-02,22.25,31.12,19.31399
2011-04-03,16.37,37.92,15.731507200000001
2011-04-04,12.39,27.68,13.2292736
2011-04-05,17.32,25.77,16.1686927
2011-04-06,17.61,39.55,16.57600275
2011-04-07,13.55,46.96,13.827134000000001
2011-04-08,7.06,49.09,9.1432372
2011-04-09,6.41,44.55,8.87724775
2011-04-10,9.98,36.07,11.5692998
2011-04-11,12.39,35.84,13.1345768
2011-04-12,16.44,31.05,15.7043035
2011-04-13,14.03,42.27,14.17923205
2011-04-14,11.67,29.74,12.7635969
2011-04-15,16.93,22.32,15.8918068
2011-04-16,19.89,33.59,17.92127555
2011-04-17,22.36,36.14,19.5993322
2011-04-18,22.12,37.4,19.496434
2011-04-19,19.94,35.98,18.0245216
2011-04-20,19.32,41.84,17.7781784
2011-04-21,18.27,36.73,16.95809655
2011-04-22,17.8,26.92,16.473598
2011-04-23,17.62,35.22,16.5083752
2011-04-24,18.65,36.49,17.20038425
2011-04-25,18.79,28.35,17.09941825
2011-04-26,16.5,28.61,15.71471
2011-04-27,15.51,21.41,15.07343255
2011-04-28,18.82,23.3,16.997608
2011-04-29,16.34,24.5,15.57594
2011-04-30,11.37,18.41,12.77457185
2011-05-01,13.96,20.84,14.1951052
2011-05-02,17.25,16.22,15.982827499999999
2011-05-03,19.77,16.44,17.3480134
2011-05-04,21.59,18.69,18.419316549999998
2011-05-05,23.71,14.92,19.4002726
2011-05-06,25.13,19.87,20.445199549999998
2011-05-07,23.81,25.6,20.000348
2011-05-08,21.93,30.17,19.07639705
2011-05-09,16.77,30.38,15.9007943
2011-05-10,14.78,29.3,14.671122
2011-05-11,19.32,29.5,17.451045
2011-05-12,22.3,26.49,19.146421
2011-05-13,25.04,19.3,20.361821
2011-05-14,23.36,28.37,19.8694701
2011-05-15,16.62,35.15,15.863849
2011-05-16,12.28,28.04,13.1586316
2011-05-17,12.75,43.88,13.290155
2011-05-18,14.14,42.62,14.2536124
2011-05-19,15.46,30.76,15.0944128
2011-05-20,19.83,28.12,17.7228378
2011-05-21,22.14,25.71,19.018334199999998
2011-05-22,23.33,27.98,19.832348699999997
2011-05-23,21.78,30.91,19.0136364
2011-05-24,20.38,23.7,17.912458
2011-05-25,22.51,19.6,18.967978000000002
2011-05-26,22.14,23.89,18.9418578
2011-05-27,24.18,21.57,20.0043868
2011-05-28,24.6,25,20.43375
2011-05-29,17.23,28.01,16.14907015
2011-05-30,15.62,24.86,15.157137599999999
2011-05-31,19.97,14.81,17.40705885
2011-06-01,20.19,16.36,17.5724862
2011-06-02,17.54,19.61,16.1958792
2011-06-03,19.26,14.4,17.018992
2011-06-04,21.61,15.24,18.2954602
2011-06-05,22.28,19.06,18.8165774
2011-06-06,20.42,36.46,18.3511376
2011-06-07,21.08,27.11,18.4421109
2011-06-08,23.21,22.41,19.49305105
2011-06-09,25.38,22.47,20.7406048
2011-06-10,27.18,20.42,21.630090799999998
2011-06-11,25.19,21.99,20.60340205
2011-06-12,24.69,20.72,20.2467524
2011-06-13,26.47,27.24,21.679845399999998
2011-06-14,29.3,19.49,22.746485999999997
2011-06-15,32.16,14.54,23.859270199999997
2011-06-16,31.26,18.53,23.7500954
2011-06-17,29.01,13.95,22.14277975
2011-06-18,28.07,21.06,22.1783131
2011-06-19,27.99,22.67,22.252500649999998
2011-06-20,26.13,12.83,20.55417095
2011-06-21,30.52,12.45,22.8059695
2011-06-22,33.12,10.3,23.933822999999997
2011-06-23,33.02,14.63,24.3242118
2011-06-24,31.45,12,23.246199999999998
2011-06-25,29.47,12.47,22.26321745
2011-06-26,29.68,12.49,22.3737901
2011-06-27,30.29,11.89,22.63808705
2011-06-28,30.91,14.36,23.1805618
2011-06-29,27.3,21.13,21.747552
2011-06-30,24.72,24.17,20.4575957
2011-07-01,30.55,14.98,23.0448595
2011-07-02,34.24,9.68,24.4339576
2011-07-03,34.14,8.86,24.2950572
2011-07-04,32.31,24.97,24.960436350000002
2011-07-05,30.97,42.4,25.752304
2011-07-06,31.33,39.74,25.7520331
2011-07-07,30.3,46.61,25.660409
2011-07-08,31.55,36.84,25.627171
2011-07-09,31.93,28.32,25.058396799999997
2011-07-10,31.53,17.8,23.830737
2011-07-11,30.27,17.74,23.1351789
2011-07-12,28.7,16.74,22.197394
2011-07-13,27.29,18.63,21.56602735
2011-07-14,26.17,27.87,21.54033595
2011-07-15,25.58,22.97,20.8857918
2011-07-16,26.31,18.09,20.989535949999997
2011-07-17,27.86,14.28,21.5612944
2011-07-18,30.51,9.54,22.5445447
2011-07-19,31.91,10.23,23.314073649999997
2011-07-20,30.24,11.42,22.5716294
2011-07-21,30.41,15.88,23.0490794
2011-07-22,30.25,13.68,22.77253
2011-07-23,30.47,14.47,22.957472449999997
2011-07-24,32.25,12.86,23.7429575
2011-07-25,32.16,19.14,24.3060682
2011-07-26,31.88,15.07,23.761541299999998
2011-07-27,31.12,18.32,23.6536312
2011-07-28,32.58,18.37,24.4627128
2011-07-29,33.9,19.77,25.339458999999998
2011-07-30,33.26,33.52,26.400593599999997
2011-07-31,28.92,48.44,24.8307764
2011-08-01,27.61,51.67,24.12516535
2011-08-02,31.39,34.8,25.333246
2011-08-03,31.69,22.54,24.3665443
2011-08-04,29.67,13.28,22.4345168
2011-08-05,28.6,15.83,22.072616500000002
2011-08-06,29.02,17.88,22.461896799999998
2011-08-07,29.22,14.21,22.2744416
2011-08-08,29.63,14.21,22.49098515
2011-08-09,29.88,10.99,22.350644099999997
2011-08-10,29.71,11,22.264705
2011-08-11,28.9,15.47,22.205223999999998
2011-08-12,30.3,13.66,22.797054
2011-08-13,30.85,16.07,23.30259475
2011-08-14,32.05,30.05,25.298076249999998
2011-08-15,30.76,13.02,22.9813786
2011-08-16,29.88,10.39,22.2998901
2011-08-17,30.6,8.71,22.516270499999997
2011-08-18,33.43,9.61,24.019045149999997
2011-08-19,31.69,13.42,23.5042939
2011-08-20,28.77,14.41,22.052468849999997
2011-08-21,29.62,12.45,22.339342000000002
2011-08-22,31.69,9.26,23.110986699999998
2011-08-23,32.58,12.37,23.866072799999998
2011-08-24,33.63,13.73,24.55310195
2011-08-25,33.63,14.88,24.6740992
2011-08-26,34.26,13.1,24.815708
2011-08-27,34.98,17.41,25.677062399999997
2011-08-28,33.65,21.56,25.388306999999998
2011-08-29,33.23,15.89,24.56540835
2011-08-30,31.92,7.97,23.102605699999998
2011-08-31,29.84,8.82,22.1471434
2011-09-01,28.79,10.43,21.75024585
2011-09-02,29.58,9.59,22.0813946
2011-09-03,30.99,10.45,22.86826275
2011-09-04,30.12,11.89,22.5504699
2011-09-05,30.25,16.61,23.026341249999998
2011-09-06,28.01,30.41,22.83911505
2011-09-07,30.49,18.02,23.2802689
2011-09-08,31.76,14.55,23.6482315
2011-09-09,29.66,18.95,22.902051
2011-09-10,27.75,27.44,22.46219
2011-09-11,26.5,33.14,22.08724
2011-09-12,24.93,29.77,20.90125605
2011-09-13,25.62,30.57,21.3736612
2011-09-14,22.78,51.68,20.579507200000002
2011-09-15,23.54,44.98,20.8044056
2011-09-16,25.36,33.1,21.364062999999998
2011-09-17,23.58,25.45,19.856972999999996
2011-09-18,25.62,19.23,20.6801068
2011-09-19,28.01,16.18,21.7817549
2011-09-20,29.06,15.63,22.3036504
2011-09-21,29.16,14.53,22.2685539
2011-09-22,29.72,13.37,22.4682027
2011-09-23,30.89,11.66,22.9265907
2011-09-24,26.77,25.73,21.75788905
2011-09-25,25.78,31.97,21.5594188
2011-09-26,26.05,24.6,21.260215
2011-09-27,27.24,17.99,21.493559299999998
2011-09-28,28.29,14.07,21.77263915
2011-09-29,29.3,15.36,22.410304
2011-09-30,29.35,16.62,22.539938499999998
2011-10-01,27.21,23.5,21.8622675
2011-10-02,26.76,25.28,21.721630400000002
2011-10-03,24.99,28.5,20.864807499999998
2011-10-04,21.67,34.55,19.08897925
2011-10-05,16.77,49.71,16.14212935
2011-10-06,12.97,43.57,13.44485845
2011-10-07,12.92,36.62,13.4707722
2011-10-08,15.34,37.4,15.050788
2011-10-09,16.49,32.13,15.747162849999999
2011-10-10,17.45,30.64,16.324634
2011-10-11,19.88,29.07,17.7811813
2011-10-12,21.74,25.41,18.769826199999997
2011-10-13,24.36,17.57,19.8898211
2011-10-14,23.91,19.17,19.72664335
2011-10-15,24.5,19.45,20.06975
2011-10-16,23.6,23.48,19.770174
2011-10-17,23.13,27.89,19.70729885
2011-10-18,21.76,19.05,18.527666500000002
2011-10-19,22.25,16.34,18.6839925
2011-10-20,21.27,19.32,18.265880199999998
2011-10-21,21.72,14.7,18.332736999999998
2011-10-22,21.16,15.76,18.074288799999998
2011-10-23,21.95,16.97,18.54784575
2011-10-24,22.84,15.87,18.9809569
2011-10-25,21.54,22.29,18.5310688
2011-10-26,17.02,25.25,15.983965
2011-10-27,12.42,11.67,13.4304952
2011-10-28,15.09,11.78,14.8037261
2011-10-29,17.43,16.05,16.07714575
2011-10-30,18.21,15.3,16.4816965
2011-10-31,19.55,14.96,17.188014
2011-11-01,17,19.65,15.8951875
2011-11-02,9.39,13.42,11.8233309
2011-11-03,11.46,13.48,12.9066144
2011-11-04,11.33,48.67,12.224938550000001
2011-11-05,7.04,29.48,9.9334356
2011-11-06,6.1,43.14,8.726932
2011-11-07,7.6,44.1,9.721405
2011-11-08,6.59,33.98,9.4622001
2011-11-09,8.35,22.02,10.9876735
2011-11-10,9.38,20.82,11.6097088
2011-11-11,9.86,22.51,11.8375448
2011-11-12,9.54,44.79,11.0461288
2011-11-13,11.53,42.94,12.4620751
2011-11-14,12.22,45.39,12.904809400000001
2011-11-15,12.33,36.39,13.08918535
2011-11-16,11.53,36.68,12.564332199999999
2011-11-17,12.37,27.02,13.2249607
2011-11-18,11.12,37.46,12.2826186
2011-11-19,10.17,45.95,11.45720075
2011-11-20,6.25,63.51,7.9057337500000004
2011-11-21,8.82,62.59,9.988688400000001
2011-11-22,9.35,52.59,10.69288825
2011-11-23,10.05,47.67,11.33077675
2011-11-24,11.12,38.95,12.2549195
2011-11-25,10.81,37.46,12.0792493
2011-11-26,10.32,27.86,11.9784986
2011-11-27,11.35,20.08,12.734614
2011-11-28,12.14,20.2,13.175804000000001
2011-11-29,12.77,21.42,13.5176887
2011-11-30,13.7,19.66,14.053495999999999
2011-12-01,8.83,27.87,11.07937405
2011-12-02,7.64,23.13,10.540305100000001
2011-12-03,4.51,24.91,8.63582005
2011-12-04,3.08,24.7,7.8095930000000005
2011-12-05,3.99,27.72,8.1681454
2011-12-06,3.33,20.33,8.22452645
2011-12-07,6.53,27,9.729955
2011-12-08,8.44,28.68,10.8170956
2011-12-09,7.51,31.26,10.1527093
2011-12-10,7.32,24.11,10.316896100000001
2011-12-11,7.45,25.12,10.353472
2011-12-12,5.3,38.24,8.425056
2011-12-13,5.45,61.43,7.369821750000001
2011-12-14,5.95,50.11,8.296077250000002
2011-12-15,5,45.11,7.8680025
2011-12-16,4.32,46.04,7.341220400000001
2011-12-17,4.98,37.12,8.272396800000001
2011-12-18,7.77,35.73,10.14895405
2011-12-19,7.75,49.67,9.61850125
2011-12-20,6,44.23,8.6072475
2011-12-21,6.39,27.03,9.64482685
2011-12-22,3.33,25.41,7.912436650000001
2011-12-23,3.03,18.65,8.161964750000001
2011-12-24,5.9,15.84,9.880768
2011-12-25,7.81,21.77,10.68847285
2011-12-26,8.07,21.61,10.84226235
2011-12-27,8.26,21.41,10.9572088
2011-12-28,8.93,27.43,11.15318195
2011-12-29,11.61,37.02,12.6110671
2011-12-30,13.02,41.11,13.4993646
2011-12-31,9.87,37.93,11.450612549999999
2012-01-01,8.54,20.54,11.1446988
2012-01-02,10.37,17.57,12.24239745
2012-01-03,12.74,18.44,13.529500800000001
2012-01-04,12.86,20.27,13.5791646
2012-01-05,14.13,20.93,14.29090745
2012-01-06,13.31,23.91,13.80800905
2012-01-07,9.62,29.91,11.5012156
2012-01-08,5.84,30.05,9.1717185
2012-01-09,8.69,28.85,10.96359825
2012-01-10,9.99,41.44,11.4425808
2012-01-11,9.49,34.1,11.3058745
2012-01-12,6.41,17.39,10.08573195
2012-01-13,7.86,10.36,11.1336528
2012-01-14,8.54,11.24,11.4495528
2012-01-15,8.95,12.82,11.611169499999999
2012-01-16,6.22,47.95,8.590357000000001
2012-01-17,2.83,17.99,8.093811850000002
2012-01-18,4.33,20.73,8.76396745
2012-01-19,6.02,21.64,9.6747104
2012-01-20,7.18,21.05,10.358527
2012-01-21,9.93,47.51,11.24933615
2012-01-22,6.11,41.83,8.794254650000001
2012-01-23,5.06,57.04,7.290483200000001
2012-01-24,5.36,71.3,6.802749000000001
2012-01-25,9.33,44.01,10.92207565
2012-01-26,12.28,49.56,12.8958724
2012-01-27,10.08,50.99,11.2714331
2012-01-28,6.1,26.35,9.50263
2012-01-29,8.6,19.62,11.208331
2012-01-30,10.09,21.29,11.99911105
2012-01-31,11.21,33.81,12.40770805
2012-02-01,11.82,32.5,12.81495
2012-02-02,7.61,32.64,10.1626072
2012-02-03,5.22,33.36,8.621305600000001
2012-02-04,7.3,36.8,9.80272
2012-02-05,8.85,29,11.056325000000001
2012-02-06,8.56,25.66,10.988687800000001
2012-02-07,8.49,27.73,10.87888485
2012-02-08,10.03,35.98,11.6039317
2012-02-09,11.79,35.09,12.75748355
2012-02-10,14.53,26.97,14.51795005
2012-02-11,11.75,38.18,12.6850275
2012-02-12,11.27,45.6,12.236416
2012-02-13,9.48,50.01,10.860223900000001
2012-02-14,8.27,44.79,10.16177065
2012-02-15,6.26,56.72,8.2214496
2012-02-16,7.1,43.54,9.397922000000001
2012-02-17,7.42,29.56,10.1629336
2012-02-18,10.12,25.4,11.917114
2012-02-19,8.04,40.17,10.1657599
2012-02-20,6.28,27.94,9.5378326
2012-02-21,9.09,34.36,11.0431182
2012-02-22,12.38,46.16,13.0077744
2012-02-23,13.91,28.01,14.14360755
2012-02-24,10.22,22.95,12.033757000000001
2012-02-25,12.24,22.35,13.2051895
2012-02-26,8.4,19.17,11.1118465
2012-02-27,8.96,24.87,11.2492111
2012-02-28,6.84,53.26,8.8091562
2012-02-29,6.97,42.77,9.34018045
2012-03-01,9.97,43.9,11.367731500000001
2012-03-02,7.42,22.22,10.4487532
2012-03-03,8.42,22.26,11.019625600000001
2012-03-04,13.98,27.12,14.1884368
2012-03-05,16.36,21.12,15.553057599999999
2012-03-06,13.81,21.19,14.10908395
2012-03-07,6.1,18.57,9.862066
2012-03-08,8.17,21.28,10.9106368
2012-03-09,11.59,18.31,12.89744845
2012-03-10,15.25,11.53,14.88506125
2012-03-11,13.44,22.89,13.889551299999999
2012-03-12,13.72,34.84,13.9995364
2012-03-13,13.19,34.57,13.66142315
2012-03-14,14.11,37.15,14.24481325
2012-03-15,15.56,39.34,15.2063522
2012-03-16,16.3,46.59,15.771241
2012-03-17,14.06,50.93,14.178749400000001
2012-03-18,6.32,56.97,8.255919700000002
2012-03-19,7.41,36.53,9.88501265
2012-03-20,8.92,27.57,11.1428767
2012-03-21,13.71,31.71,14.00672005
2012-03-22,16.62,29.99,15.8036834
2012-03-23,16.86,33.84,16.0012432
2012-03-24,16.74,26.55,15.835095999999998
2012-03-25,14.26,37,14.34316
2012-03-26,10.21,50.87,11.369222350000001
2012-03-27,11.88,40.23,12.7412857
2012-03-28,14.15,35.51,14.27414325
2012-03-29,15.31,45.09,15.06537595
2012-03-30,18.12,36.7,16.859697
2012-03-31,17.81,37.55,16.67309775
2012-04-01,12.15,33.94,13.0038255
2012-04-02,10.78,23.3,12.349282
2012-04-03,14.2,20.29,14.3315215
2012-04-04,17.99,21.63,16.485687849999998
2012-04-05,14.43,19.71,14.46091165
2012-04-06,9.72,22.68,11.7527428
2012-04-07,14.58,11.88,14.5412272
2012-04-08,17.7,7.55,16.072879999999998
2012-04-09,19.5,12.45,17.092375
2012-04-10,19.76,12.79,17.2370147
2012-04-11,15.23,36.62,14.9755293
2012-04-12,12.45,39.68,13.130108
2012-04-13,11.51,44.42,12.4240131
2012-04-14,9.48,56.74,10.6744086
2012-04-15,12.61,42.87,13.20386635
2012-04-16,17.19,28.18,16.1274231
2012-04-17,19.5,27.58,17.50845
2012-04-18,21.98,25.99,18.9352286
2012-04-19,22.61,30.47,19.50861435
2012-04-20,23.49,28.76,19.9675382
2012-04-21,26.37,21.48,21.2438218
2012-04-22,28.04,17.22,21.875373399999997
2012-04-23,27,18.84,21.42025
2012-04-24,23.03,36.6,20.055589
2012-04-25,22.4,29.66,19.343726999999998
2012-04-26,20.98,34.77,18.6552028
2012-04-27,17.9,24.04,16.479547999999998
2012-04-28,20.28,16.15,17.6144085
2012-04-29,21.2,17.32,18.153242
2012-04-30,24.03,15.9,19.6218985
2012-05-01,25.04,24.43,20.6592071
2012-05-02,24.34,21.27,20.0791324
2012-05-03,22.29,24.03,19.03506535
2012-05-04,21.46,20.77,18.427075600000002
2012-05-05,20.16,16.33,17.5553529
2012-05-06,19.5,9.7,17.016750000000002
2012-05-07,20.44,8.86,17.4624562
2012-05-08,21.46,12.33,18.1039924
2012-05-09,26.02,9.64,20.2947904
2012-05-10,26.65,12.2,20.782764999999998
2012-05-11,25.95,12.06,20.4119785
2012-05-12,26.03,10.14,20.3315281
2012-05-13,27.39,7.98,20.8662421
2012-05-14,27.66,7.26,20.9474788
2012-05-15,24.83,13.54,19.9177751
2012-05-16,27.18,12.56,21.0819344
2012-05-17,28.76,14.63,22.0644309
2012-05-18,23.79,19.41,19.672253949999998
2012-05-19,23.01,8.56,18.7301508
2012-05-20,26.95,7.84,20.639344
2012-05-21,29.66,9.49,22.1132762
2012-05-22,29.17,14.71,22.28837635
2012-05-23,27.38,16.22,21.4450248
2012-05-24,24.27,12.53,19.56979955
2012-05-25,20.64,13.79,17.7286883
2012-05-26,15.36,30.19,15.029798699999999
2012-05-27,18.86,23.97,17.0368006
2012-05-28,22.68,14.59,18.8374041
2012-05-29,24.89,11.06,19.8075237
2012-05-30,26.26,15.25,20.77837
2012-05-31,29.5,10.11,22.084075
2012-06-01,32.63,8.65,23.521034750000002
2012-06-02,31.61,12.91,23.41439555
2012-06-03,30.4,16.11,23.063819499999997
2012-06-04,28.39,16.63,22.02094885
2012-06-05,22.31,24.11,19.050145049999998
2012-06-06,21.02,11.82,17.8578652
2012-06-07,25.41,10.18,20.0203509
2012-06-08,28.14,10.63,21.4354626
2012-06-09,26.67,12.58,20.8185423
2012-06-10,23.51,6.78,18.890482900000002
2012-06-11,27.11,5.52,20.5573396
2012-06-12,29.46,5.61,21.6935908
2012-06-13,29.73,7.99,22.02278235
2012-06-14,29.24,14.33,22.2947331
2012-06-15,29.14,17.28,22.4793856
2012-06-16,31.42,12.07,23.237234200000003
2012-06-17,32.15,10.33,23.44528475
2012-06-18,31.82,8.07,23.0627482
2012-06-19,31.42,10.78,23.1171868
2012-06-20,31.08,7.21,22.618479899999997
2012-06-21,33.03,6.11,23.461200650000002
2012-06-22,28.76,13.64,21.9867852
2012-06-23,27.06,16.11,21.264878799999998
2012-06-24,26.9,18.61,21.349202
2012-06-25,26.77,10.95,20.76046075
2012-06-26,26.47,13.53,20.77724755
2012-06-27,27.14,12.01,21.0229352
2012-06-28,29.36,7.09,21.766465699999998
2012-06-29,29.77,6.74,21.9375589
2012-06-30,28.3,12.73,21.676206999999998
2012-07-01,28.65,16.87,22.18040775
2012-07-02,29.37,22.75,23.05210875
2012-07-03,31.04,15.05,23.312098499999998
2012-07-04,29.41,16.77,22.58472385
2012-07-05,27.18,40.12,23.0039688
2012-07-06,30.26,17.68,23.1245024
2012-07-07,32.31,12.76,23.7644058
2012-07-08,33.39,8.76,23.9106202
2012-07-09,34.79,6.54,24.3603313
2012-07-10,35.89,12.01,25.53841645
2012-07-11,37.33,13.16,26.4259354
2012-07-12,34.92,15.76,25.459005599999998
2012-07-13,29.5,39.3,24.49225
2012-07-14,27.05,56.58,24.0529345
2012-07-15,28.51,41.51,24.00305305
2012-07-16,28.19,28.48,22.8049016
2012-07-17,26.18,20.36,21.0639264
2012-07-18,26.06,21.1,21.043537999999998
2012-07-19,29.36,20.12,22.8314076
2012-07-20,31.91,21.95,24.43632225
2012-07-21,33.14,17.64,24.6964528
2012-07-22,33.96,21.27,25.533528099999998
2012-07-23,33.45,25.56,25.691491
2012-07-24,31.65,25.62,24.634106499999998
2012-07-25,30.39,12.37,22.73157615
2012-07-26,30.68,11.63,22.815953699999998
2012-07-27,29.41,11.66,22.1656783
2012-07-28,29.4,8.73,21.9204235
2012-07-29,30.93,8.68,22.6778682
2012-07-30,32.03,19.21,24.24063215
2012-07-31,29.99,42.5,25.0912875
2012-08-01,28.83,50.27,24.91053005
2012-08-02,31.1,38.39,25.475007
2012-08-03,33.11,24.08,25.339208399999997
2012-08-04,32.32,28.37,25.2995437
2012-08-05,32.01,26.62,24.943139099999996
2012-08-06,33.34,20.64,25.1167168
2012-08-07,33.77,21.84,25.4862124
2012-08-08,34.81,19.21,25.78535305
2012-08-09,35.94,16.6,26.105472
2012-08-10,35.75,19.91,26.389481249999996
2012-08-11,35.26,19.18,26.031972399999997
2012-08-12,34.46,24.94,26.2199132
2012-08-13,33.93,26.37,26.061530049999998
2012-08-14,32.7,29.12,25.604912
2012-08-15,33.27,20.2,25.031847
2012-08-16,33.67,16.1,24.8240035
2012-08-17,32.5,20.28,24.60772
2012-08-18,32.07,36.44,25.9278794
2012-08-19,33.1,32.6,26.20498
2012-08-20,32.35,32.13,25.68686275
2012-08-21,32.62,26.04,25.249146399999997
2012-08-22,27.84,36.68,23.1942116
2012-08-23,25.93,60.93,23.47386445
2012-08-24,28.3,41.88,23.888692
2012-08-25,29.66,30.73,23.8842674
2012-08-26,29.04,29.12,23.3717264
2012-08-27,28.46,15.56,21.9766968
2012-08-28,30.17,16.87,23.00544095
2012-08-29,31.74,18.62,24.0235484
2012-08-30,31.65,27.18,24.7812535
2012-08-31,29.66,33.13,24.0843794
2012-09-01,27.42,21.36,21.8318416
2012-09-02,26.53,14.68,20.8848022
2012-09-03,28.29,12.14,21.6262583
2012-09-04,30.19,14.81,22.83852895
2012-09-05,29.72,24.76,23.421659599999998
2012-09-06,29.7,30.25,23.8689
2012-09-07,30.22,25.78,23.8029388
2012-09-08,31.18,23.87,24.1958338
2012-09-09,31.8,24.61,24.626641499999998
2012-09-10,30.04,35.06,24.489578199999997
2012-09-11,27.39,47.54,23.6708483
2012-09-12,26.16,46.85,22.7514905
2012-09-13,26.75,20.93,21.42265875
2012-09-14,27.93,17.6,21.843524
2012-09-15,28.54,20.37,22.390971399999998
2012-09-16,27.49,18.53,21.669375849999998
2012-09-17,27.54,18.83,21.7184876
2012-09-18,28.46,16.16,22.0227648
2012-09-19,29.03,17.76,22.4577904
2012-09-20,29.14,18.85,22.605802
2012-09-21,29.5,17.11,22.661575
2012-09-22,28.89,18.3,22.4238535
2012-09-23,28.62,18.92,22.3233272
2012-09-24,27.29,18.5,21.5568825
2012-09-25,24.78,22.69,20.4088926
2012-09-26,25,20.99,20.4371725
2012-09-27,26.74,19.77,21.3389164
2012-09-28,27.29,19.65,21.637779249999998
2012-09-29,27.38,19.19,21.6554196
2012-09-30,27.87,14.86,21.609230099999998
2012-10-01,28.67,12.8,21.874068
2012-10-02,28.81,11.61,21.853265049999997
2012-10-03,28.77,12.1,21.8711685
2012-10-04,25.87,18.77,20.79028195
2012-10-05,25.4,16.3,20.382185
2012-10-06,24.34,16.88,19.8415456
2012-10-07,22.54,17.48,18.890965599999998
2012-10-08,22.94,18.16,19.1409872
2012-10-09,20.35,24.72,17.927866
2012-10-10,20.53,28.67,18.16434055
2012-10-11,17.97,48.56,16.9882676
2012-10-12,14.46,59.43,14.4689254
2012-10-13,16.42,45.06,15.8398336
2012-10-14,19.44,34.93,17.6720481
2012-10-15,20.76,31.25,18.392937500000002
2012-10-16,21.52,27.95,18.7381495
2012-10-17,21.68,28.78,18.8675222
2012-10-18,20.72,17.94,17.912727399999998
2012-10-19,21.26,18.37,18.2249966
2012-10-20,20.17,24.95,17.82956575
2012-10-21,19.12,41.02,17.6213182
2012-10-22,16.23,30.49,15.56861235
2012-10-23,13.73,47.48,13.952422200000001
2012-10-24,14.48,28.23,14.4878947
2012-10-25,14.45,24.83,14.47067175
2012-10-26,12.58,26.02,13.361228800000001
2012-10-27,15.82,24.02,15.2683852
2012-10-28,18.54,31.21,17.0114862
2012-10-29,18.86,22.46,17.0005908
2012-10-30,19.13,18.79,17.06198735
2012-10-31,19.01,17.53,16.964331650000002
2012-11-01,17.96,18.38,16.4067714
2012-11-02,16.54,25.78,15.7072516
2012-11-03,17.33,20.23,16.08837995
2012-11-04,18.51,17.6,16.692668
2012-11-05,19.97,22.24,17.6305904
2012-11-06,19.79,24.01,17.57907095
2012-11-07,19.86,20.2,17.507496
2012-11-08,16.78,26.98,15.8643292
2012-11-09,11.75,45.98,12.5670525
2012-11-10,7.02,33.35,9.761981
2012-11-11,4.87,29.91,8.58231685
2012-11-12,7.27,17.69,10.54305715
2012-11-13,10.8,15.03,12.529139500000001
2012-11-14,12.76,19.04,13.5347872
2012-11-15,12.73,17.78,13.5304117
2012-11-16,14.34,24.64,14.406316799999999
2012-11-17,13.23,61.08,13.5018562
2012-11-18,11.94,71.61,12.3397312
2012-11-19,11.48,58.34,12.1719726
2012-11-20,13.09,43.82,13.5256759
2012-11-21,12.73,36.3,13.3501195
2012-11-22,13.51,39.16,13.8412738
2012-11-23,12.95,30.4,13.543339999999999
2012-11-24,15.21,21.83,14.904746150000001
2012-11-25,14.16,21.51,14.3067763
2012-11-26,13.32,22.87,13.8205737
2012-11-27,14.04,24.11,14.2320017
2012-11-28,14.18,26.68,14.3090432
2012-11-29,12.04,67.26,12.482972199999999
2012-11-30,11.84,75.16,12.2034092
2012-12-01,11.27,77.9,11.662606499999999
2012-12-02,11.79,76.84,12.135199799999999
2012-12-03,12.12,76.18,12.431803799999999
2012-12-04,13.81,50.42,13.998156100000001
2012-12-05,12.97,43.74,13.4434279
2012-12-06,13.43,54.94,13.6951781
2012-12-07,11.57,48.46,12.4005671
2012-12-08,10.12,20.97,12.0238327
2012-12-09,9.77,31.4,11.554629
2012-12-10,8.24,36.9,10.412533
2012-12-11,8.84,37.52,10.7850024
2012-12-12,8.36,40.76,10.3605348
2012-12-13,8.49,75.52,9.2991864
2012-12-14,6.1,66.11,7.665718
2012-12-15,4.61,56.17,6.994132850000001
2012-12-16,4.86,54.41,7.277181800000001
2012-12-17,5.08,81.08,6.060245200000001
2012-12-18,6.62,81.8,7.408788
2012-12-19,3.3,34.56,7.331104
2012-12-20,1.81,29.57,6.725661850000002
2012-12-21,3.11,31.2,7.419976
2012-12-22,4.78,31.98,8.4163492
2012-12-23,5.61,84.06,6.389386300000001
2012-12-24,6.39,69.36,7.7566972
2012-12-25,2.45,39.85,6.4364412500000014
2012-12-26,3.21,44.97,6.627087850000001
2012-12-27,5.05,49.15,7.69292875
2012-12-28,2.18,48.13,5.6947112
2012-12-29,4.19,42.62,7.4437329000000005
2012-12-30,3.33,53.12,6.210072800000001
2012-12-31,1.24,47.75,5.0505925000000005
2013-01-01,2.13,34.24,6.603981600000001
2013-01-02,3.47,34.21,7.4611503500000005
2013-01-03,3.31,36.38,7.225492900000001
2013-01-04,3.88,25.92,8.207012800000001
2013-01-05,4.43,26.17,8.51907455
2013-01-06,4.39,32.41,8.14834195
2013-01-07,4.23,45.05,7.333850750000002
2013-01-08,6.82,57.19,8.628294400000001
2013-01-09,8.35,54.9,9.8755075
2013-01-10,7.33,49.31,9.32896015
2013-01-11,2.08,28.54,6.9614326
2013-01-12,-0.15,33.14,5.237244500000001
2013-01-13,-0.92,30.76,4.9522444000000005
2013-01-14,-2.66,30.22,3.9258364000000014
2013-01-15,0.89,34.27,5.81021915
2013-01-16,4.38,46.66,7.3489044
2013-01-17,5.63,31.18,8.9873837
2013-01-18,6.42,27.66,9.634789600000001
2013-01-19,7.35,23.58,10.355216500000001
2013-01-20,8.22,24.15,10.839859
2013-01-21,8.91,21.5,11.3234825
2013-01-22,9.5,25.23,11.556175
2013-01-23,9.01,24.37,11.29364785
2013-01-24,10.92,47.34,11.9568754
2013-01-25,10.42,73.59,11.0126404
2013-01-26,11.77,71.68,12.1952248
2013-01-27,8.98,69.87,9.8947468
2013-01-28,4.71,38.74,8.0085447
2013-01-29,5.71,42.85,8.47291675
2013-01-30,7.22,53.84,9.0682464
2013-01-31,8.85,43.62,10.6020085
2013-02-01,10.88,36.71,12.1401039
2013-02-02,10.74,34.28,12.099089600000001
2013-02-03,12.32,32.26,13.1322026
2013-02-04,11.06,33.19,12.3240452
2013-02-05,12.42,25.2,13.275712
2013-02-06,10.99,38.71,12.17320345
2013-02-07,9.43,28.56,11.4221044
2013-02-08,5.6,48.06,8.142463
2013-02-09,5.23,44.85,8.041822750000001
2013-02-10,3.81,38.46,7.4282443
2013-02-11,3.63,36.64,7.4179776
2013-02-12,4.53,33.13,8.19681645
2013-02-13,7.96,35.27,10.2883381
2013-02-14,10.26,39.58,11.6689944
2013-02-15,10.01,34.75,11.62134875
2013-02-16,11.55,27.83,12.72095825
2013-02-17,11.83,23.7,12.9504655
2013-02-18,8.52,33.1,10.720341
2013-02-19,8.28,40.46,10.316863399999999
2013-02-20,7.09,50.63,9.10207435
2013-02-21,4.89,27.93,8.69925985
2013-02-22,6.17,27.86,9.4750941
2013-02-23,9.06,31.21,11.1181968
2013-02-24,5.02,25.43,8.9080798
2013-02-25,5.89,24.13,9.482823849999999
2013-02-26,6.73,26.67,9.86375755
2013-02-27,6.81,22.56,10.0853248
2013-02-28,10.79,17.86,12.466066699999999
2013-03-01,13.91,27.26,14.1460413
2013-03-02,16.54,27.24,15.723632799999999
2013-03-03,16.8,27.44,15.882116
2013-03-04,14.37,42.57,14.41106245
2013-03-05,14.76,24.95,14.6526785
2013-03-06,12.48,41.21,13.1331569
2013-03-07,9.68,48.65,11.0412885
2013-03-08,6.85,63.28,8.394994
2013-03-09,8.6,52.38,10.145268999999999
2013-03-10,9.72,27.82,11.6176122
2013-03-11,12.89,23.25,13.56962125
2013-03-12,15.35,26.34,15.0056395
2013-03-13,18.72,24.4,16.965324
2013-03-14,21.02,20.8,18.179888
2013-03-15,22.22,18.94,18.7781924
2013-03-16,20.69,22.06,18.036532700000002
2013-03-17,18.14,21.89,16.5762378
2013-03-18,16.37,17.99,15.52652715
2013-03-19,17.8,25.19,16.4421985
2013-03-20,18.13,30.53,16.74303145
2013-03-21,15.9,32.02,15.376554
2013-03-22,14.15,14.69,14.31422175
2013-03-23,10.22,14.4,12.235024000000001
2013-03-24,12.88,13.6,13.649824
2013-03-25,15.13,17.22,14.843167300000001
2013-03-26,17.95,16.33,16.362361749999998
2013-03-27,17.04,28.99,16.0479903
2013-03-28,16.4,34.79,15.718555499999999
2013-03-29,18.87,28.59,17.15366065
2013-03-30,21.09,18.83,18.14799335
2013-03-31,19.15,25.1,17.2344325
2013-04-01,16.03,38.41,15.51172015
2013-04-02,17.06,27.75,16.04272
2013-04-03,20.04,22.3,17.672480999999998
2013-04-04,21.2,17.63,18.164665499999998
2013-04-05,19.5,37.04,17.7686
2013-04-06,19.54,24.42,17.4449224
2013-04-07,20.27,22.19,17.80069965
2013-04-08,15.76,26.67,15.2518231
2013-04-09,12.67,20.86,13.4665441
2013-04-10,14.48,18.06,14.489013400000001
2013-04-11,20.03,20.36,17.6077494
2013-04-12,20.16,19.89,17.6661757
2013-04-13,21.87,16.61,18.48978635
2013-04-14,21.56,21.99,18.5308717
2013-04-15,19.63,21.88,17.4258442
2013-04-16,13.35,21.76,13.844868
2013-04-17,10.92,19.91,12.4969721
2013-04-18,11.41,13.85,12.87411925
2013-04-19,16.53,11.7,15.544130500000001
2013-04-20,19.49,21.25,17.32870625
2013-04-21,21.25,11.37,17.95961125
2013-04-22,23.29,13.28,19.0975216
2013-04-23,19.73,11.74,17.1912011
2013-04-24,19.32,6.57,16.8431707
2013-04-25,20.1,11.07,17.360956
2013-04-26,22.26,13.72,18.5775696
2013-04-27,24.61,7.52,19.467649599999998
2013-04-28,26.13,9.66,20.3514019
2013-04-29,27.46,12.59,21.2294152
2013-04-30,27.41,15.82,21.4327991
2013-05-01,22.49,6.77,18.393007649999998
2013-05-02,18.1,7.85,16.27543
2013-05-03,21.89,6.44,18.0872538
2013-05-04,23.32,8.11,18.8624161
2013-05-05,21,22.16,18.21722
2013-05-06,16.89,44.53,16.16084685
2013-05-07,15.71,45.83,15.349498650000001
2013-05-08,16.71,38.3,15.960036500000001
2013-05-09,18.72,38.84,17.3004764
2013-05-10,22.47,34.28,19.589163799999998
2013-05-11,25.44,23.71,20.8496307
2013-05-12,27.99,18.98,21.978721099999998
2013-05-13,30.04,15.17,22.7895799
2013-05-14,29.42,14.65,22.416179
2013-05-15,26.47,21.18,21.280885299999998
2013-05-16,26.73,14.18,20.9573177
2013-05-17,24.5,24.03,20.321649999999998
2013-05-18,23.31,19.71,19.41954805
2013-05-19,23.15,16.47,19.17606025
2013-05-20,21.45,14.48,18.180998
2013-05-21,24.75,10.05,19.67906875
2013-05-22,24.57,16.63,19.95255255
2013-05-23,21.26,9.54,17.896697200000002
2013-05-24,21.36,11.38,18.0163674
2013-05-25,21.65,15.96,18.345126999999998
2013-05-26,23.08,14.91,19.064602899999997
2013-05-27,24.07,18.17,19.76287795
2013-05-28,25,22.48,20.52322
2013-05-29,23.73,16.81,19.50685965
2013-05-30,26.06,13.74,20.5755892
2013-05-31,27.39,10.4,21.037808
2013-06-01,28.75,7.81,21.52460875
2013-06-02,31.05,8.19,22.69299475
2013-06-03,29.44,15.87,22.5270379
2013-06-04,29.4,19.3,22.786634999999997
2013-06-05,30.66,14.3,23.042984
2013-06-06,32.31,11.44,23.635105199999998
2013-06-07,34,9.98,24.345354999999998
2013-06-08,35.3,8.35,24.815239999999996
2013-06-09,33.62,11.12,24.273379199999997
2013-06-10,29.51,8.19,21.93062545
2013-06-11,28.02,22.65,22.268254
2013-06-12,30.98,15.66,23.3354224
2013-06-13,29.72,13.99,22.520102899999998
2013-06-14,28.25,5.04,21.068649999999998
2013-06-15,28.4,7.36,21.317671999999998
2013-06-16,27.82,10.2,21.241252
2013-06-17,29.24,9.51,21.903975699999997
2013-06-18,28.66,11.84,21.794099199999998
2013-06-19,26.03,12.89,20.50591935
2013-06-20,25.69,9.38,20.1127921
2013-06-21,26.89,10.92,20.8196434
2013-06-22,28.05,10.22,21.3591455
2013-06-23,28.81,10.59,21.77298595
2013-06-24,26.57,23.42,21.4862367
2013-06-25,27.04,34.84,22.5459148
2013-06-26,29.89,26.47,23.66605315
2013-06-27,32.31,18.44,24.3207902
2013-06-28,35.43,15.81,25.73846815
2013-06-29,36.63,14.34,26.203893100000002
2013-06-30,37.59,12.73,26.50714635
2013-07-01,37.83,12.11,26.552394649999997
2013-07-02,37.16,17.5,26.878024999999997
2013-07-03,37.49,17.98,27.1189811
2013-07-04,36.78,22.8,27.319912
2013-07-05,35.28,24.46,26.646533400000003
2013-07-06,34.73,12.51,24.995425149999996
2013-07-07,33.56,16.75,24.832902500000003
2013-07-08,33.3,10.22,24.016748
2013-07-09,33.63,9,24.055435000000003
2013-07-10,33.84,8.2,24.075234000000002
2013-07-11,31.4,24.76,24.406442
2013-07-12,30.32,35.48,24.706114799999998
2013-07-13,30.6,13.9,22.975845
2013-07-14,32.61,14,24.04397
2013-07-15,33.57,17.18,24.883424299999998
2013-07-16,31.69,12.78,23.4437851
2013-07-17,29.44,8.32,21.9066544
2013-07-18,32.28,7.02,23.1874858
2013-07-19,34.63,9.98,24.6634357
2013-07-20,34.16,26.27,26.187575099999997
2013-07-21,32.44,34.65,25.991915499999998
2013-07-22,29.14,44.11,24.6397372
2013-07-23,30.43,47.31,25.81356565
2013-07-24,31.42,41.15,25.943419
2013-07-25,33.92,25.75,25.9893575
2013-07-26,33.62,25.8,25.817127999999997
2013-07-27,28.36,46.36,24.271022799999997
2013-07-28,28.85,42.84,24.338647
2013-07-29,29.33,42.63,24.65061595
2013-07-30,30.27,21.68,23.4769148
2013-07-31,31.2,23.7,24.191844999999997
2013-08-01,30.38,14.01,22.869633399999998
2013-08-02,28.55,14.65,21.95457875
2013-08-03,28.22,14.08,21.7364768
2013-08-04,29.96,10.41,22.3421623
2013-08-05,30.7,10.18,22.697038
2013-08-06,30.07,10.6,22.414231
2013-08-07,29.61,13.8,22.446348999999998
2013-08-08,26.78,15.42,21.0674668
2013-08-09,26.55,15.3,20.9365075
2013-08-10,27.79,12.04,21.360563799999998
2013-08-11,28.13,14.15,21.69425475
2013-08-12,29.55,12.31,22.29146025
2013-08-13,31.08,10.3,22.900256999999996
2013-08-14,31.65,8.76,23.043787
2013-08-15,32.46,8.96,23.4670688
2013-08-16,33.41,13.52,24.415647599999996
2013-08-17,33.19,18.9,24.853325499999997
2013-08-18,32.27,19.84,24.435562400000002
2013-08-19,30.47,39.9,25.1911165
2013-08-20,31.3,33.25,25.1323
2013-08-21,32.34,24.18,24.9005416
2013-08-22,32.75,21.15,24.83543125
2013-08-23,30.29,20.64,23.3979808
2013-08-24,28.89,26.11,23.04197595
2013-08-25,28.23,38.91,23.61678865
2013-08-26,26.34,55.43,23.4376016
2013-08-27,26.75,50.68,23.427065
2013-08-28,30.12,41.57,25.1002787
2013-08-29,31.96,31.4,25.372342
2013-08-30,31.57,42.11,26.13499735
2013-08-31,30.07,46.85,25.51849975
2013-09-01,28.71,55.91,25.26414605
2013-09-02,29.75,41.89,24.87602375
2013-09-03,29.7,38.32,24.543552
2013-09-04,31.24,35.83,25.331868099999998
2013-09-05,30.63,40.94,25.3904921
2013-09-06,32.02,27.64,25.0473904
2013-09-07,27.69,39.55,23.30465475
2013-09-08,26.16,49.31,22.9092503
2013-09-09,25.55,53.56,22.727609
2013-09-10,26.02,43.65,22.449664
2013-09-11,23.31,56.01,21.178464549999998
2013-09-12,23.72,55.49,21.462897899999998
2013-09-13,25.96,45.64,22.533689199999998
2013-09-14,28.06,34.39,23.1668062
2013-09-15,29.63,29.84,23.7916356
2013-09-16,29.32,24.14,23.136651399999998
2013-09-17,28.24,19.54,22.1596378
2013-09-18,24.65,21.88,20.288950999999997
2013-09-19,24.78,17.37,20.108099799999998
2013-09-20,27.15,14.48,21.199945999999997
2013-09-21,24.29,21.68,20.0728596
2013-09-22,19.48,33.99,17.6719861
2013-09-23,21.03,22.86,18.2595169
2013-09-24,24.3,16.46,19.797194
2013-09-25,23.21,22.77,19.51029685
2013-09-26,17.69,20.11,16.28832995
2013-09-27,15.58,25.99,15.1403806
2013-09-28,19.33,15.09,17.07436585
2013-09-29,20.64,14.43,17.7503011
2013-09-30,23.1,13.05,18.987265
2013-10-01,22.56,16.96,18.8788368
2013-10-02,23.24,33.65,20.050555499999998
2013-10-03,20.21,16.17,17.57731885
2013-10-04,14.67,18.39,14.59369465
2013-10-05,15.19,20.16,14.8870072
2013-10-06,18.8,13.23,16.7478895
2013-10-07,21.74,10.66,18.182481199999998
2013-10-08,18.72,12.44,16.687732399999998
2013-10-09,14.95,37,14.794075
2013-10-10,13.88,55.88,14.030449200000001
2013-10-11,14.94,46.24,14.8099008
2013-10-12,16.26,38.02,15.6600336
2013-10-13,15.52,32.29,15.1401469
2013-10-14,14.36,34.38,14.4105274
2013-10-15,16.01,23.22,15.372342100000001
2013-10-16,13.99,25.02,14.200318900000001
2013-10-17,17.1,17.19,15.915817
2013-10-18,17.4,19.01,16.1082095
2013-10-19,18.99,16.75,16.93414125
2013-10-20,18.63,15.37,16.70762955
2013-10-21,19.13,17.42,17.0271003
2013-10-22,19.69,19.04,17.3789968
2013-10-23,19.9,17.36,17.445591999999998
2013-10-24,20.02,17.56,17.5171216
2013-10-25,20.48,18.18,17.7889402
2013-10-26,21.21,16.36,18.1232658
2013-10-27,21.04,16.39,18.0325483
2013-10-28,14.27,33.03,14.35471705
2013-10-29,10.44,52.87,11.4924129
2013-10-30,9.93,46.64,11.2712036
2013-10-31,11.52,29.86,12.6695946
2013-11-01,14.18,33.51,14.2970224
2013-11-02,15.83,25.54,15.2853251
2013-11-03,14.06,28.38,14.2333204
2013-11-04,12.5,20.44,13.37516
2013-11-05,8.75,26.84,11.063685
2013-11-06,12.11,18.46,13.1818433
2013-11-07,15.04,23.81,14.8137157
2013-11-08,15.73,20.86,15.1946179
2013-11-09,14.36,19.21,14.4222083
2013-11-10,15.16,15.83,14.8544629
2013-11-11,16.95,14.91,15.80341225
2013-11-12,17.19,17.69,15.97222355
2013-11-13,17.64,19.37,16.2475199
2013-11-14,16.09,26.95,15.45117775
2013-11-15,15.1,22.67,14.844811
2013-11-16,11.86,31.14,12.859847199999999
2013-11-17,11.26,42.05,12.292669
2013-11-18,12.72,45.87,13.2499327
2013-11-19,12.7,55.07,13.144807
2013-11-20,12.72,50.1,13.208521000000001
2013-11-21,10.21,71.2,10.889536000000001
2013-11-22,6.09,64.7,7.7228015
2013-11-23,5.65,65.71,7.319065750000002
2013-11-24,6.52,69.08,7.8770788000000005
2013-11-25,9.11,45.7,10.7197235
2013-11-26,10.59,36.77,11.94976115
2013-11-27,11.76,39.42,12.6729406
2013-11-28,10.48,44.63,11.7042307
2013-11-29,9.43,47.5,10.8939625
2013-11-30,10.58,41.34,11.8447096
2013-12-01,11.01,35.7,12.2442385
2013-12-02,11.8,36.17,12.747875500000001
2013-12-03,9.84,47.94,11.1742978
2013-12-04,4.35,39.24,7.7419270000000004
2013-12-05,0.44,31.52,5.735558400000002
2013-12-06,0.5,33.65,5.608950000000001
2013-12-07,0.35,59.39,3.5104732500000013
2013-12-08,-0.74,34.95,4.712491000000001
2013-12-09,-1.56,30.4,4.5877680000000005
2013-12-10,0.92,29.35,6.196848500000001
2013-12-11,4.18,33.14,7.9749736
2013-12-12,4.33,40.56,7.654776400000001
2013-12-13,6.61,31.17,9.59687785
2013-12-14,5.51,47.85,8.08855675
2013-12-15,7.44,38.55,9.8261035
2013-12-16,9.93,35.69,11.54643185
2013-12-17,10.03,36.2,11.598523
2013-12-18,10.45,34.12,11.917477
2013-12-19,8.6,49.27,10.2461885
2013-12-20,5.8,41.35,8.6064025
2013-12-21,5.89,37.97,8.82743065
2013-12-22,6.22,57.84,8.1399664
2013-12-23,8.47,49.96,10.1295766
2013-12-24,10.24,47.85,11.4618745
2013-12-25,7.65,42.29,9.82422425
2013-12-26,8.57,24.95,11.017755750000001
2013-12-27,9.5,22.88,11.620800000000001
2013-12-28,12.52,23.12,13.3572232
2013-12-29,6.42,37.65,9.190834
2013-12-30,7.62,22.97,10.5348152
2013-12-31,9.26,23.78,11.4566604
2014-01-01,9.5,31.2,11.392
2014-01-02,11.08,35.59,12.2915521
2014-01-03,10.76,29.12,12.218001600000001
2014-01-04,10.85,32.66,12.2018505
2014-01-05,5.41,24.57,9.181122850000001
2014-01-06,6.31,24.21,9.723960550000001
2014-01-07,8.79,24.3,11.167358499999999
2014-01-08,8.54,26.52,10.9486744
2014-01-09,9.66,31.26,11.4898588
2014-01-10,10.02,42.56,11.4353216
2014-01-11,11.28,36.37,12.4068873
2014-01-12,8.41,45.31,10.24184155
2014-01-13,6.92,36.61,9.5627291
2014-01-14,8.72,29.36,10.965645600000002
2014-01-15,10.96,25.86,12.403505800000001
2014-01-16,10.87,21.79,12.43146265
2014-01-17,11.07,21.13,12.55788255
2014-01-18,12.35,15.39,13.35051325
2014-01-19,12.05,17.61,13.16020525
2014-01-20,12.1,16.83,13.197844
2014-01-21,11.38,21.01,12.7354684
2014-01-22,13.09,17.15,13.73250175
2014-01-23,9.57,22.22,11.6790047
2014-01-24,9.8,25.86,11.716519000000002
2014-01-25,12.18,16.06,13.2510744
2014-01-26,11.68,13.88,13.0157212
2014-01-27,11.04,20.88,12.5456536
2014-01-28,12.67,25.78,13.4170243
2014-01-29,15.38,29.72,15.039844800000001
2014-01-30,14.69,43.65,14.63111425
2014-01-31,9.74,44.56,11.1914192
2014-02-01,5.61,33.77,8.84831585
2014-02-02,4.3,27.17,8.385763
2014-02-03,5.72,52.86,7.996390600000001
2014-02-04,5.62,38.66,8.6158456
2014-02-05,7.49,27.44,10.2875508
2014-02-06,7.2,37.89,9.6937165
2014-02-07,6.18,75.5,7.301120000000001
2014-02-08,7.07,64.1,8.5370535
2014-02-09,9.55,73.68,10.266562
2014-02-10,12.16,54.52,12.7453276
2014-02-11,11.41,38.94,12.4477147
2014-02-12,14.55,19.98,14.5279945
2014-02-13,15.75,21.71,15.21175625
2014-02-14,16.48,26.89,15.6838321
2014-02-15,15.49,23.24,15.072041800000001
2014-02-16,15.82,22.75,15.259165
2014-02-17,14.78,17.02,14.652210799999999
2014-02-18,14.49,18.79,14.49446655
2014-02-19,17.21,12.76,15.9096878
2014-02-20,10.37,20.1,12.1849285
2014-02-21,12.56,17.83,13.436753900000001
2014-02-22,13.2,22.27,13.7557695
2014-02-23,14.66,18.95,14.588676
2014-02-24,15.75,15.9,15.1718125
2014-02-25,16.61,14.14,15.6135947
2014-02-26,14.68,27.94,14.6086606
2014-02-27,14.19,48.97,14.27700615
2014-02-28,11.16,53.74,12.0097962
2014-03-01,9.05,73.78,9.8359445
2014-03-02,9.56,64.1,10.535403
2014-03-03,10.53,59.19,11.42108635
2014-03-04,13.73,43.91,13.96754115
2014-03-05,13.44,37.73,13.8030341
2014-03-06,15.76,34.59,15.3067087
2014-03-07,14.59,36.84,14.5587358
2014-03-08,12.3,31.66,13.126914000000001
2014-03-09,16.17,21.26,15.446773100000001
2014-03-10,17.13,26.05,16.06031325
2014-03-11,12.85,29.72,13.487791
2014-03-12,10.66,29.4,12.151072000000001
2014-03-13,12.62,24.38,13.4019108
2014-03-14,14.36,22.39,14.4197597
2014-03-15,16.08,28.81,15.461358899999999
2014-03-16,17.13,20.69,15.98278085
2014-03-17,18,20.68,16.47309
2014-03-18,11.37,20.71,12.73497735
2014-03-19,11.42,19.61,12.7818066
2014-03-20,13.86,15.96,14.155820799999999
2014-03-21,16.39,22.64,15.5858428
2014-03-22,16.8,36.46,15.996219
2014-03-23,17.65,25.04,16.351318
2014-03-24,17.62,18.16,16.2156256
2014-03-25,19.89,11.55,17.26789975
2014-03-26,15.48,34.94,15.1293266
2014-03-27,12.69,38.16,13.3056172
2014-03-28,14.13,29.28,14.273915200000001
2014-03-29,16.34,27.02,15.6014424
2014-03-30,15.01,35.68,14.8295824
2014-03-31,13.09,26.12,13.662939399999999
2014-04-01,11.9,30.7,12.89099
2014-04-02,10.13,40.34,11.5639281
2014-04-03,10.69,30.43,12.14783935
2014-04-04,13.82,24,14.10424
2014-04-05,13.86,32.68,14.0969664
2014-04-06,15.03,25.08,14.8116082
2014-04-07,17.91,25.41,16.51106455
2014-04-08,22.05,15.57,18.54404425
2014-04-09,22.73,14.12,18.8426418
2014-04-10,22.06,10.74,18.3485692
2014-04-11,23.26,12.78,19.0577404
2014-04-12,22.49,18.3,18.899693499999998
2014-04-13,21.52,23.68,18.5732848
2014-04-14,16.43,12.93,15.50575195
2014-04-15,19.55,9.38,17.0330295
2014-04-16,21.75,14.85,18.35464375
2014-04-17,23.2,18.3,19.290655
2014-04-18,22.72,23.07,19.2419947
2014-04-19,21.29,34.5,18.8439025
2014-04-20,23.39,26.62,19.8020849
2014-04-21,24.76,18.6,20.166598
2014-04-22,23.33,14.4,19.172835999999997
2014-04-23,17.35,16.08,16.034554
2014-04-24,21.33,12.34,18.037052099999997
2014-04-25,19.81,26.46,17.6622643
2014-04-26,14.82,36.44,14.7081344
2014-04-27,15.72,27.15,15.2311765
2014-04-28,17.63,24.81,16.335604149999998
2014-04-29,17.79,16.3,16.2754485
2014-04-30,18.46,13.72,16.5808216
2014-05-01,20.27,12.3,17.4868405
2014-05-02,25.16,9.89,19.8768507
2014-05-03,25.72,11.58,20.2636018
2014-05-04,25.1,11.92,19.964936
2014-05-05,22.25,18.89,18.79268625
2014-05-06,17.42,31.38,16.3179628
2014-05-07,15.51,32.85,15.13698175
2014-05-08,18.55,28.69,16.96156975
2014-05-09,21.02,28.69,18.462823399999998
2014-05-10,22.25,23.17,18.97512125
2014-05-11,16.72,19.67,15.739170699999999
2014-05-12,18.49,17.24,16.6738318
2014-05-13,20.2,15.04,17.536504
2014-05-14,22.86,11.05,18.770079
2014-05-15,26.31,9.92,20.458853599999998
2014-05-16,29.72,11.02,22.2714842
2014-05-17,29.12,10.68,21.9377788
2014-05-18,27.91,9.23,21.21525865
2014-05-19,23.47,15.93,19.32240655
2014-05-20,19.93,24.47,17.67429655
2014-05-21,18.07,31.82,16.7312857
2014-05-22,19.64,25.87,17.5443449
2014-05-23,21.99,20.27,18.70552265
2014-05-24,25.58,18.71,20.6261874
2014-05-25,27.36,23.29,21.9343017
2014-05-26,29.49,17.57,22.69405865
2014-05-27,30.69,11.92,22.8469164
2014-05-28,28.6,10.28,21.642214
2014-05-29,26.53,9.96,20.5725034
2014-05-30,27.39,6.17,20.73792215
2014-05-31,27.88,7.55,21.0766045
2014-06-01,25.92,7.45,20.1069345
2014-06-02,27.64,7.43,20.9499661
2014-06-03,26.8,9.42,20.672263
2014-06-04,27.09,7.89,20.71184305
2014-06-05,29.26,6.97,21.707824600000002
2014-06-06,30.81,8.72,22.6217276
2014-06-07,30.33,10.45,22.533329249999998
2014-06-08,31.68,10.79,23.2505471
2014-06-09,32.62,7.52,23.403443199999998
2014-06-10,32.56,10.84,23.7037372
2014-06-11,31.68,16.79,23.8174871
2014-06-12,31.73,16.3,23.7981695
2014-06-13,29.38,13.66,22.3139344
2014-06-14,26.93,9.68,20.755273199999998
2014-06-15,26.68,10.3,20.670997
2014-06-16,27.16,18.29,21.4705327
2014-06-17,25.73,18.84,20.7171526
2014-06-18,24.41,11.55,19.58903275
2014-06-19,27.52,10.23,21.0915703
2014-06-20,30.53,7.57,22.38090905
2014-06-21,30.75,7.16,22.452424999999998
2014-06-22,30.95,7.95,22.62177625
2014-06-23,30.44,8.5,22.418194999999997
2014-06-24,30.67,12.23,22.86417505
2014-06-25,31.01,13.29,23.13629845
2014-06-26,29.44,17.59,22.6683703
2014-06-27,29.48,17.2,22.658108
2014-06-28,31.68,16.11,23.753233899999998
2014-06-29,32.88,13.26,24.111453400000002
2014-06-30,34.14,15.28,24.988545600000002
2014-07-01,35.44,12.46,25.358018199999997
2014-07-02,34.44,10.09,24.5795703
2014-07-03,34.05,10.14,24.387803499999997
2014-07-04,32.68,11.99,23.8798801
2014-07-05,32.56,26.48,25.2572584
2014-07-06,32.79,28.35,25.58236825
2014-07-07,33.35,30.72,26.167396
2014-07-08,33.88,27.84,26.1884656
2014-07-09,32.06,25.78,24.8918324
2014-07-10,31.87,20.47,24.27210145
2014-07-11,30.24,28.91,24.085738699999997
2014-07-12,31.41,15.02,23.506435099999997
2014-07-13,35.02,13.51,25.2587386
2014-07-14,34.84,27.02,26.6757274
2014-07-15,32.43,35.11,26.03087265
2014-07-16,34.19,22.85,25.835040749999997
2014-07-17,32.78,19.69,24.7056326
2014-07-18,31.54,19.33,23.979607599999998
2014-07-19,31.43,20.77,24.05249855
2014-07-20,29.64,28.84,23.7145068
2014-07-21,30.83,27.17,24.28877355
2014-07-22,31.5,17.78,23.81243
2014-07-23,32.85,14.6,24.231005
2014-07-24,33.07,11.1,23.990198499999998
2014-07-25,33.86,10.06,24.283188799999998
2014-07-26,31.21,16.32,23.5193896
2014-07-27,33.21,22.68,25.2533854
2014-07-28,30.56,44.47,25.6550351
2014-07-29,29.87,40.35,24.82748725
2014-07-30,31.1,32.37,24.925380999999998
2014-07-31,30.35,35.76,24.749878
2014-08-01,33.28,25,25.53325
2014-08-02,30.85,30.29,24.58132825
2014-08-03,26.62,50.44,23.3163304
2014-08-04,24.19,64.31,22.28790145
2014-08-05,26.71,49.45,23.31531475
2014-08-06,28.21,27.71,22.75897255
2014-08-07,28.97,24.49,22.960536649999998
2014-08-08,29.85,21.09,23.18802325
2014-08-09,29.4,23.44,23.125908
2014-08-10,29.78,25.39,23.5097756
2014-08-11,31.38,29.85,24.867274
2014-08-12,30,39.92,24.87818
2014-08-13,30.06,40.29,24.9500182
2014-08-14,29.01,19.38,22.5761209
2014-08-15,28.63,17.24,22.1983066
2014-08-16,30.08,18.78,23.1202582
2014-08-17,30.1,13.75,22.69975
2014-08-18,31.21,15.32,23.4274846
2014-08-19,28.51,21.48,22.459641400000002
2014-08-20,26.82,25.04,21.740710399999998
2014-08-21,28.67,26.92,22.9745102
2014-08-22,28.48,30.28,23.1192292
2014-08-23,28.56,22.38,22.5576454
2014-08-24,27.87,21.36,22.0872076
2014-08-25,27.57,17.5,21.6394875
2014-08-26,27.28,18.4,21.544336
2014-08-27,27.01,19.6,21.478078
2014-08-28,29.26,15.37,22.3897366
2014-08-29,30.86,13.91,23.113621799999997
2014-08-30,31.28,12.55,23.209239500000002
2014-08-31,30.57,12.59,22.84426715
2014-09-01,30.37,11.31,22.62869335
2014-09-02,31.62,12.17,23.3499272
2014-09-03,30.27,13.74,22.7882389
2014-09-04,29.53,15.9,22.5778735
2014-09-05,29.36,13.88,22.3214124
2014-09-06,29.87,24.17,23.45971095
2014-09-07,31.67,25.27,24.61287245
2014-09-08,27.13,54.62,23.977678299999997
2014-09-09,25,53.94,22.340035
2014-09-10,26.48,20.62,21.2496518
2014-09-11,27.99,17.86,21.895622699999997
2014-09-12,28.54,17.44,22.1647168
2014-09-13,30.63,16.92,23.2595578
2014-09-14,30.6,19.51,23.472610500000002
2014-09-15,31.45,21.99,24.17751775
2014-09-16,32.24,22.92,24.7193044
2014-09-17,29.89,44.38,25.1820451
2014-09-18,29.79,29.22,23.837755899999998
2014-09-19,25.92,34.25,21.790242499999998
2014-09-20,26.91,24.74,21.7731287
2014-09-21,27.7,37.9,23.19154
2014-09-22,26.75,30.72,22.082259999999998
2014-09-23,27.95,18.58,21.9269555
2014-09-24,27.61,16.01,21.55390105
2014-09-25,27.93,23.18,22.2556907
2014-09-26,27.06,32.01,22.3632508
2014-09-27,21.16,27.66,18.5101858
2014-09-28,19.23,35.25,17.54552875
2014-09-29,19.88,39.74,18.0969066
2014-09-30,20.88,31,18.45879
2014-10-01,21.32,27.54,18.6020254
2014-10-02,19.2,20.24,17.138203999999998
2014-10-03,22.58,14.62,18.7857128
2014-10-04,24.72,14.81,19.9314701
2014-10-05,25.15,14.91,20.165853249999998
2014-10-06,26.21,14.35,20.69371175
2014-10-07,26.86,15.38,21.1075324
2014-10-08,23.95,26.39,20.124120249999997
2014-10-09,24.65,24.08,20.411766
2014-10-10,23.47,20.78,19.5616813
2014-10-11,23.14,18.12,19.2490624
2014-10-12,23.2,17.07,19.2317995
2014-10-13,19.99,13.22,17.3696779
2014-10-14,22.27,13.6,18.577696
2014-10-15,22.48,18.28,18.8933092
2014-10-16,19.67,38.79,17.92949365
2014-10-17,19.76,29.04,17.707127200000002
2014-10-18,21.56,29.52,18.8232616
2014-10-19,23.1,31.61,19.865153
2014-10-20,23.68,28.11,20.0502739
2014-10-21,21.65,30.82,18.9294965
2014-10-22,19.81,17.73,17.40730465
2014-10-23,22.05,18.07,18.64785675
2014-10-24,21.55,20.51,18.46777525
2014-10-25,21.42,23.26,18.4992756
2014-10-26,18.6,29.89,17.0190195
2014-10-27,16.5,20.54,15.62594
2014-10-28,17.71,15.69,16.221506950000002
2014-10-29,19.55,13.11,17.13663025
2014-10-30,20.85,13.51,17.82933675
2014-10-31,18.88,24.7,17.066022999999998
2014-11-01,14.71,54.35,14.65727425
2014-11-02,11.79,46.18,12.5921871
2014-11-03,9.87,31.95,11.60289325
2014-11-04,11.59,24.41,12.79981795
2014-11-05,15.73,26.98,15.2360197
2014-11-06,17.87,31.54,16.601093900000002
2014-11-07,18.47,28.13,16.90071855
2014-11-08,19.06,26.48,17.2161184
2014-11-09,20,22.64,17.65986
2014-11-10,18.76,22.71,16.9490953
2014-11-11,15.88,26.23,15.3200857
2014-11-12,16.24,48.49,15.747049299999999
2014-11-13,14.36,54.61,14.3949503
2014-11-14,16.31,48.55,15.79781525
2014-11-15,14.49,34.17,14.49362065
2014-11-16,9.79,26.65,11.690131749999999
2014-11-17,9.24,13.92,11.7302944
2014-11-18,10.46,18.65,12.267597
2014-11-19,12.53,16.26,13.4373229
2014-11-20,10.87,21.64,12.4344574
2014-11-21,12,40.83,12.8135875
2014-11-22,12.4,42.3,13.066435
2014-11-23,10.64,39.18,11.931208600000001
2014-11-24,9.45,19.6,11.68311
2014-11-25,10.7,16.94,12.435954
2014-11-26,13.06,29.73,13.6165384
2014-11-27,14.99,26.96,14.7931572
2014-11-28,13.42,21.72,13.8849832
2014-11-29,11.99,22.48,13.060163600000001
2014-11-30,12.8,28.52,13.468338000000001
2014-12-01,10.05,78.11,10.58575775
2014-12-02,10.46,68.3,11.164374
2014-12-03,9.02,91.57,9.2740802
2014-12-04,10.99,87.52,11.230926400000001
2014-12-05,10.22,79.81,10.695272600000001
2014-12-06,12.94,70.01,13.1973142
2014-12-07,12.47,68.62,12.8203577
2014-12-08,14.47,47.35,14.47868725
2014-12-09,13.51,41.66,13.827661299999999
2014-12-10,13.47,37.02,13.8267817
2014-12-11,13.34,45.73,13.6862426
2014-12-12,9.46,68.55,10.331794000000002
2014-12-13,8.55,70.75,9.507206250000001
2014-12-14,5.83,51.59,8.13843085
2014-12-15,6.09,49.39,8.43096555
2014-12-16,6.65,46.31,8.968065750000001
2014-12-17,6.12,78.01,7.1335191
2014-12-18,6.35,80.83,7.20929525
2014-12-19,6.69,60,8.4082
2014-12-20,6.86,65.64,8.303807200000001
2014-12-21,8.59,71.02,9.5319949
2014-12-22,12.73,58.32,13.1357548
2014-12-23,10.56,58.7,11.454971
2014-12-24,8.8,36.29,10.797308500000002
2014-12-25,5.55,47.12,8.153018
2014-12-26,2.32,38.89,6.4137588999999995
2014-12-27,1.51,39.84,5.808131200000001
2014-12-28,3.61,32.23,7.66908415
2014-12-29,3.44,39.85,7.098924500000001
2014-12-30,1.86,49.87,5.345037600000001
2014-12-31,-0.24,30.04,5.431657200000001
2015-01-01,0.07,31.38,5.516026300000001
2015-01-02,3.11,31.59,7.395544450000001
2015-01-03,4.89,39.18,8.1046411
2015-01-04,5.67,44.82,8.3498167
2015-01-05,8.81,40.73,10.66485465
2015-01-06,12.04,44.6,12.789562
2015-01-07,13.57,46.91,13.84155535
2015-01-08,14.37,40.92,14.4122422
2015-01-09,13.63,41.27,13.91102305
2015-01-10,12.87,50.19,13.31654665
2015-01-11,9.81,73.57,10.491761850000001
2015-01-12,8.47,84.85,8.972449750000001
2015-01-13,8.05,60.18,9.4626145
2015-01-14,7.17,46.84,9.3131454
2015-01-15,8.46,35.84,10.591395200000001
2015-01-16,9.93,34.6,11.573829
2015-01-17,11,40.15,12.152112500000001
2015-01-18,12.1,46.12,12.811216
2015-01-19,12.71,41.26,13.288295300000001
2015-01-20,10.17,46.44,11.4455314
2015-01-21,9.8,46.08,11.193832
2015-01-22,7.06,30.3,9.912124
2015-01-23,9.6,24.63,11.6312215
2015-01-24,9.48,36.16,11.2426224
2015-01-25,12.34,39,13.06468
2015-01-26,12.65,44.24,13.217358
2015-01-27,10.94,73.85,11.452017
2015-01-28,10.15,71.53,10.83114475
2015-01-29,12.75,49.36,13.23741
2015-01-30,11.84,58.9,12.441293
2015-01-31,11.12,58.6,11.889626
2015-02-01,8.83,38.78,10.7391457
2015-02-02,12.5,29.33,13.27737
2015-02-03,13.51,35.91,13.85897005
2015-02-04,14.21,35.93,14.31219165
2015-02-05,13.72,37.28,13.9890688
2015-02-06,13.94,38.81,14.128465199999999
2015-02-07,13.01,38.22,13.5162871
2015-02-08,14.41,68.58,14.4255529
2015-02-09,15.12,65.5,15.002355
2015-02-10,13.47,34.63,13.84032105
2015-02-11,12.4,31.93,13.186208500000001
2015-02-12,14.21,29.22,14.322894100000001
2015-02-13,16.35,29.15,15.629101250000001
2015-02-14,18.25,26.73,16.73880625
2015-02-15,16.83,32.03,15.958964449999998
2015-02-16,16.54,23.79,15.6849238
2015-02-17,12.91,27.55,13.54357525
2015-02-18,14.55,23.62,14.5289955
2015-02-19,15.83,27.94,15.3028811
2015-02-20,16.02,30.29,15.4372244
2015-02-21,13.21,28.98,13.7138869
2015-02-22,9.62,49.56,10.9738096
2015-02-23,5.88,58.75,7.835662500000001
2015-02-24,8.02,40.65,10.135234
2015-02-25,11.84,27.67,12.8981879
2015-02-26,13.26,31.61,13.7264198
2015-02-27,11.34,34.31,12.4816922
2015-02-28,11.06,46.44,12.0733552
2015-03-01,8.49,56.47,9.92888415
2015-03-02,7.87,71.72,8.9012302
2015-03-03,7.88,59.65,9.3491435
2015-03-04,6.93,35.43,9.61837195
2015-03-05,10.68,24.04,12.2759196
2015-03-06,13.79,21.05,14.098299749999999
2015-03-07,14.87,24.45,14.71625575
2015-03-08,16.7,23.73,15.777133
2015-03-09,15.89,24.2,15.310509
2015-03-10,17.12,21.29,15.985788900000001
2015-03-11,16.69,29.86,15.8451637
2015-03-12,15.27,50.21,15.059139349999999
2015-03-13,16.72,35.07,15.927204699999999
2015-03-14,20.23,25.41,17.87929615
2015-03-15,19.86,31.36,17.8364928
2015-03-16,20.49,34.27,18.32452515
2015-03-17,19.42,32.02,17.580461200000002
2015-03-18,18.83,39.68,17.393479199999998
2015-03-19,17.83,38.63,16.70600845
2015-03-20,18.97,18.87,16.975418949999998
2015-03-21,18.85,25.6,17.06998
2015-03-22,18.34,32.25,16.909119999999998
2015-03-23,17.54,37.47,16.494498399999998
2015-03-24,18.1,31.3,16.73974
2015-03-25,16.82,34.02,15.9780952
2015-03-26,19.34,24.24,17.3232688
2015-03-27,21.93,24.19,18.832024349999998
2015-03-28,22.08,23.72,18.899886799999997
2015-03-29,22.64,20.68,19.0888436
2015-03-30,23.49,16.97,19.384581649999998
2015-03-31,22.94,20.14,19.2328988
2015-04-01,18.1,21.24,16.540552
2015-04-02,15.32,18.35,14.9517585
2015-04-03,13.66,17.16,14.0427208
2015-04-04,16.79,14.95,15.71879525
2015-04-05,16.42,21.53,15.591356800000002
2015-04-06,13.68,34.33,13.9761717
2015-04-07,12.38,28.73,13.2110082
2015-04-08,11.43,33.44,12.5538656
2015-04-09,13.09,22.92,13.6877554
2015-04-10,16.58,19.3,15.656792
2015-04-11,17.78,21.06,16.3559224
2015-04-12,19.72,20.94,17.450187399999997
2015-04-13,22.8,14.94,18.917011
2015-04-14,20.33,22.7,17.8513755
2015-04-15,12.43,12.32,13.4282368
2015-04-16,13.31,15.77,13.861285350000001
2015-04-17,17.9,18.42,16.374454
2015-04-18,20.82,12.93,17.793446799999998
2015-04-19,22.49,13.98,18.709851099999998
2015-04-20,22.86,13.94,18.9029612
2015-04-21,20.71,22.63,18.06742765
2015-04-22,19.2,34.59,17.509151499999998
2015-04-23,19.12,26.15,17.243471500000002
2015-04-24,18.98,41.19,17.5309216
2015-04-25,18.21,28.39,16.74879795
2015-04-26,15.58,26.42,15.1429348
2015-04-27,17.43,18.94,16.123718099999998
2015-04-28,21.1,17.1,18.09073
2015-04-29,24.3,16.38,19.792882
2015-04-30,25.24,20.95,20.5705165
2015-05-01,25.9,20.56,20.919112
2015-05-02,25.21,15.38,20.2254589
2015-05-03,23.91,13.84,19.4507892
2015-05-04,22.5,21.1,19.028399999999998
2015-05-05,23.67,31.81,20.23083735
2015-05-06,21.85,28.34,18.9531445
2015-05-07,18.54,26.35,16.903496999999998
2015-05-08,12.65,42.34,13.2366905
2015-05-09,16.43,35.08,15.7408742
2015-05-10,20.6,28.73,18.2088915
2015-05-11,22.11,17.86,18.6720303
2015-05-12,22.07,19.74,18.7283749
2015-05-13,19.24,20.91,17.1781237
2015-05-14,17.81,26.28,16.4679274
2015-05-15,13.55,50.4,13.80916
2015-05-16,17.43,33.76,16.3625424
2015-05-17,18.53,37.44,17.1433576
2015-05-18,19.5,37.1,17.77025
2015-05-19,18.79,37.09,17.305638549999998
2015-05-20,19.89,31.1,17.8474595
2015-05-21,20.36,27.43,18.0210689
2015-05-22,17.64,39.74,16.5993098
2015-05-23,18.66,42.22,17.3379936
2015-05-24,20.67,40.38,18.6467953
2015-05-25,21.87,42.65,19.54531775
2015-05-26,23.16,35.35,20.080720499999998
2015-05-27,25.06,28.19,20.8892752
2015-05-28,25.74,25.71,21.1473922
2015-05-29,27.84,18.93,21.8918941
2015-05-30,29.48,15.29,22.5007431
2015-05-31,30.05,16.14,22.8778735
2015-06-01,28.66,13.63,21.9335044
2015-06-02,26.25,18.61,20.99017125
2015-06-03,26.09,22.54,21.1523123
2015-06-04,24.67,21.26,20.265678100000002
2015-06-05,24.05,21.19,19.91050475
2015-06-06,24.7,17.43,20.067822999999997
2015-06-07,26.19,23.01,21.239927950000002
2015-06-08,29.61,17.33,22.739709649999998
2015-06-09,30.92,14.24,23.175014400000002
2015-06-10,27.91,29.57,22.71543535
2015-06-11,27.56,33.33,22.771093899999997
2015-06-12,29.98,26.69,23.7383866
2015-06-13,32.27,21.91,24.63787385
2015-06-14,32.78,18.85,24.621178999999998
2015-06-15,32.61,11.29,23.77404045
2015-06-16,31.57,7.99,22.931641149999997
2015-06-17,31.5,7.38,22.84003
2015-06-18,30.93,7.1,22.5350915
2015-06-19,33.01,7.57,23.600163849999998
2015-06-20,33.78,7.06,23.9246424
2015-06-21,33.52,7.19,23.8111459
2015-06-22,32.15,8.63,23.28025725
2015-06-23,30.83,6.94,22.471816099999998
2015-06-24,31.7,11.77,23.353442
2015-06-25,33.76,8.39,24.0557527
2015-06-26,34.53,11.34,24.762771100000002
2015-06-27,34.76,17.85,25.606025499999998
2015-06-28,32.83,20.01,24.765808149999998
2015-06-29,32.73,26.71,25.381578149999996
2015-06-30,35.59,19.64,26.2686418
2015-07-01,35.27,23.07,26.481901450000002
2015-07-02,31.52,34.46,25.3848006
2015-07-03,34.41,26.54,26.365762699999998
2015-07-04,33.15,20.33,24.977849749999997
2015-07-05,32.89,20.47,24.84593815
2015-07-06,31.24,28.63,24.668964099999997
2015-07-07,31.02,32.64,24.899670399999998
2015-07-08,28.73,24.3,22.8053395
2015-07-09,26.31,31.46,21.8579843
2015-07-10,25.24,32.22,21.236235399999998
2015-07-11,26.12,33.31,21.8578421
2015-07-12,28.27,24.49,22.55125015
2015-07-13,29.33,18.26,22.6628769
2015-07-14,30.61,18.98,23.431222899999998
2015-07-15,28.98,18.39,22.4805796
2015-07-16,30,15.69,22.8125725
2015-07-17,31.45,11.61,23.20984225
2015-07-18,30.25,14.86,22.874747499999998
2015-07-19,26.79,47.88,23.2669486
2015-07-20,26.66,50.66,23.3601408
2015-07-21,27.14,49.47,23.6271544
2015-07-22,29.16,38.44,24.1964172
2015-07-23,27.86,35.08,23.089678399999997
2015-07-24,28.26,27.53,22.7754704
2015-07-25,28.34,22.25,22.42167
2015-07-26,28.71,20.57,22.50214835
2015-07-27,29.08,15.33,22.290312699999998
2015-07-28,30.29,12.48,22.689325599999997
2015-07-29,32.85,12.77,24.04631225
2015-07-30,32.67,26.9,25.3647515
2015-07-31,32.4,29.15,25.424817499999996
2015-08-01,30.24,42.26,25.241448199999997
2015-08-02,31.27,35.42,25.3134637
2015-08-03,32.05,16.63,24.00271075
2015-08-04,30.88,17.46,23.4439714
2015-08-05,30.88,18.37,23.525953299999998
2015-08-06,30.71,12.4,22.900022
2015-08-07,28.37,35.14,23.4221549
2015-08-08,27.58,22.77,22.024073799999996
2015-08-09,29.53,18.27,22.77378955
2015-08-10,29.99,17.13,22.929890349999997
2015-08-11,30.53,15.66,23.094163899999998
2015-08-12,30.83,21.37,23.767846549999998
2015-08-13,32.64,32.82,25.9374514
2015-08-14,32.13,35.96,25.9203614
2015-08-15,32.72,23.98,25.1020358
2015-08-16,34.26,14.91,25.0124188
2015-08-17,34.33,15.48,25.111826199999996
2015-08-18,34.37,10.9,24.632706499999998
2015-08-19,33.52,10.99,24.208663899999998
2015-08-20,32.53,14.51,24.05238415
2015-08-21,30.71,20.35,23.60880425
2015-08-22,30.37,16.98,23.1235993
2015-08-23,30.64,14.15,23.0190955
2015-08-24,31.77,13.48,23.5518978
2015-08-25,31.47,14.14,23.4562569
2015-08-26,29.74,30.25,23.893555
2015-08-27,32.29,27.19,25.165905549999998
2015-08-28,32.93,23.38,25.1634137
2015-08-29,33.73,20.22,25.292068299999997
2015-08-30,30.11,22.37,23.44507635
2015-08-31,28.94,19.59,22.5538378
2015-09-01,28.98,17.31,22.394568399999997
2015-09-02,28.51,17.73,22.17068515
2015-09-03,27.08,18.01,21.407111899999997
2015-09-04,25.3,22.61,20.703034
2015-09-05,24.28,19.27,19.9375333
2015-09-06,25.68,12.26,20.2848674
2015-09-07,29.03,16.99,22.39625585
2015-09-08,29.72,16.19,22.7042649
2015-09-09,31.88,20.59,24.2891981
2015-09-10,32.08,23.56,24.6890164
2015-09-11,32.44,30.07,25.540006899999998
2015-09-12,32.82,21.9,24.950644
2015-09-13,31.86,24.83,24.6827684
2015-09-14,28.2,23.98,22.471892999999998
2015-09-15,25.34,41.56,21.8558072
2015-09-16,23.82,39.57,20.7223582
2015-09-17,22.41,22.13,19.02226565
2015-09-18,24.06,18.24,19.7610592
2015-09-19,26.67,14.01,20.914259350000002
2015-09-20,28.26,10.84,21.5123712
2015-09-21,29.23,9.86,21.9273079
2015-09-22,28.18,24.38,22.4903512
2015-09-23,27.93,28.72,22.6649028
2015-09-24,29.34,21.07,22.8977334
2015-09-25,31.35,18.09,23.75899075
2015-09-26,30.48,24.63,23.8557307
2015-09-27,29.36,24.82,23.2155386
2015-09-28,27.8,14.27,21.5288505
2015-09-29,28.53,16.79,22.10910035
2015-09-30,27.16,17.11,21.3883693
2015-10-01,26.22,25.02,21.3867892
2015-10-02,22.12,34.22,19.3631602
2015-10-03,22,35.1,19.322875
2015-10-04,20.83,44.42,18.8949823
2015-10-05,16.96,72.4,16.586572
2015-10-06,16.76,64.56,16.3194808
2015-10-07,20.34,45.75,18.59749
2015-10-08,23.95,34.35,20.53784125
2015-10-09,24.75,36.17,21.15158375
2015-10-10,26.2,32.12,21.831922
2015-10-11,25.03,42.95,21.72594925
2015-10-12,26.49,35.44,22.232590799999997
2015-10-13,26.95,34.03,22.43270425
2015-10-14,26.5,45.22,22.88452
2015-10-15,23.79,55.81,21.532111949999997
2015-10-16,20.68,72.13,19.7326987
2015-10-17,20.45,71.04,19.502284
2015-10-18,20.3,68.26,19.287494
2015-10-19,16.47,60.97,16.04710995
2015-10-20,17.08,47.1,16.329348999999997
2015-10-21,16.93,44.48,16.1879752
2015-10-22,17.53,43.3,16.5850945
2015-10-23,18.19,40.62,16.984882900000002
2015-10-24,19.88,32.06,17.8696554
2015-10-25,18.73,35.77,17.23568905
2015-10-26,17.71,39.44,16.6408132
2015-10-27,18.42,34.39,17.005448400000002
2015-10-28,18.13,40.11,16.934296149999998
2015-10-29,15.87,52.81,15.51442335
2015-10-30,13.93,38.11,14.12402515
2015-10-31,16.48,38.36,15.8087404
2015-11-01,18.1,39.56,16.903288
2015-11-02,16.85,39.36,16.066228000000002
2015-11-03,12.17,53.61,12.76448785
2015-11-04,8.71,51.06,10.2684943
2015-11-05,6.32,43.16,8.877231600000002
2015-11-06,8.63,37.49,10.64813535
2015-11-07,9.9,37.88,11.471636
2015-11-08,11.46,30.34,12.6247152
2015-11-09,10.59,40.24,11.8751388
2015-11-10,8.21,54.2,9.794451
2015-11-11,5.97,41.79,8.70092215
2015-11-12,9.15,27.03,11.29714225
2015-11-13,10.49,31.68,11.9967976
2015-11-14,13.13,26.1,13.6868365
2015-11-15,10.72,35.02,12.0709342
2015-11-16,7.43,39.07,9.79926305
2015-11-17,5.64,31.04,9.0004208
2015-11-18,10.88,48.79,11.8995911
2015-11-19,11.88,46.92,12.644882800000001
2015-11-20,14.21,40.65,14.30466325
2015-11-21,11.39,34.74,12.506272300000001
2015-11-22,11.91,24.03,12.99219265
2015-11-23,12.19,23.65,13.16002675
2015-11-24,11.06,34.6,12.297368
2015-11-25,8.15,46.6,10.014995
2015-11-26,5.63,47.03,8.214141450000001
2015-11-27,3.07,39.02,6.9035077000000005
2015-11-28,3.7,43.11,7.0792660000000005
2015-11-29,4.59,32.32,8.2788984
2015-11-30,4.18,34.4,7.903456
2015-12-01,5.39,32.98,8.748037100000001
2015-12-02,8.44,33.41,10.6594447
2015-12-03,9.83,30.51,11.614850650000001
2015-12-04,8.66,36.09,10.7127892
2015-12-05,7.25,41.6,9.578700000000001
2015-12-06,9.19,31.52,11.1899584
2015-12-07,9.01,31.92,11.0656756
2015-12-08,12.44,39.43,13.1262581
2015-12-09,13.41,46.44,13.7310922
2015-12-10,10.02,50.43,11.2414048
2015-12-11,9.36,58.16,10.5428168
2015-12-12,5.67,48.94,8.149728900000001
2015-12-13,6.16,45.21,8.673217300000001
2015-12-14,6,45.71,8.5380575
2015-12-15,2.02,41.44,6.039558400000001
2015-12-16,1.55,42.52,5.644013
2015-12-17,3.58,36.65,7.384801000000001
2015-12-18,4.95,42.58,7.9659855
2015-12-19,6.54,37.1,9.293762000000001
2015-12-20,6.37,58.7,8.2167295
2015-12-21,4.09,69.83,5.81738335
2015-12-22,7.52,82.89,8.1768529
2015-12-23,9.66,65.3,10.583714
2015-12-24,6.09,40.87,8.82505815
2015-12-25,4.6,44.94,7.5980170000000005
2015-12-26,1.44,40.86,5.688026200000001
2015-12-27,-0.45,36.93,4.7359307500000005
2015-12-28,1.79,32.09,6.537248550000001
2015-12-29,2.36,51.02,5.630394600000001
2015-12-30,3.46,38.69,7.182743200000001
2015-12-31,1.79,44.8,5.6487560000000014
2016-01-01,-0.07,40.15,4.726079750000001
2016-01-02,3.3,40.45,6.96828
2016-01-03,5.6,50.02,8.046521
2016-01-04,6.61,54.68,8.5766614
2016-01-05,5.25,83.62,6.083332500000001
2016-01-06,5.52,89.14,6.0563754
2016-01-07,5.14,78.95,6.223654
2016-01-08,5.07,51.75,7.572486250000001
2016-01-09,4.32,45.67,7.361936700000001
2016-01-10,5.16,59.97,7.216341100000001
2016-01-11,4.76,54.6,7.192078
2016-01-12,4.22,37.92,7.7300032000000005
2016-01-13,4.67,32.09,8.34155415
2016-01-14,4.77,46.69,7.62288465
2016-01-15,6.26,54.23,8.334296400000001
2016-01-16,6.58,47.52,8.8660288
2016-01-17,7.63,55.68,9.304631200000001
2016-01-18,9.58,55.68,10.7792992
2016-01-19,7.59,67.74,8.8160413
2016-01-20,8.09,78.42,8.8508029
2016-01-21,7.61,42.27,9.79767835
2016-01-22,8.93,30.41,11.061889650000001
2016-01-23,8.76,39.02,10.6851386
2016-01-24,7.23,52.48,9.130087200000002
2016-01-25,7.2,45.88,9.372918
2016-01-26,6.35,42.69,8.91892075
2016-01-27,7.93,35.98,10.2433627
2016-01-28,9.86,34.48,11.5320704
2016-01-29,12.08,32.83,12.9740327
2016-01-30,10.58,60.8,11.425152
2016-01-31,8.94,65.03,10.0093826
2016-02-01,5.18,50.29,7.728134600000001
2016-02-02,0.1,45.4,4.424320000000001
2016-02-03,2.26,44.06,6.0258808
2016-02-04,5.62,36.92,8.700827199999999
2016-02-05,5.18,50.34,7.7255716
2016-02-06,9.05,37.87,10.912346750000001
2016-02-07,10.43,38.19,11.81361685
2016-02-08,11.56,43.64,12.471341200000001
2016-02-09,12.63,39.68,13.250391200000001
2016-02-10,14.53,29.29,14.51833285
2016-02-11,15.49,28.28,15.0994846
2016-02-12,15.16,28.04,14.8987852
2016-02-13,15.09,27.37,14.85431565
2016-02-14,14.03,32.41,14.20472015
2016-02-15,14.61,47.09,14.57798945
2016-02-16,15.01,37.93,14.83589365
2016-02-17,16.61,29.33,15.78987465
2016-02-18,12.51,57.32,12.9771326
2016-02-19,12.24,36.12,13.0340284
2016-02-20,13.21,32.83,13.68657115
2016-02-21,15.11,27.59,14.867064449999999
2016-02-22,15.29,24.99,14.96408155
2016-02-23,9.81,31.32,11.581600600000002
2016-02-24,11.06,27.22,12.4369976
2016-02-25,13.75,27.07,14.05083625
2016-02-26,16.69,26.45,15.804090250000002
2016-02-27,17.43,28.54,16.2784221
2016-02-28,16.51,30.31,15.739577050000001
2016-02-29,17.67,31.76,16.4802356
2016-03-01,18.44,27.08,16.8598236
2016-03-02,17.47,33.05,16.37637175
2016-03-03,16.91,32.39,16.01382945
2016-03-04,17.19,32.19,16.18675105
2016-03-05,17.04,46.07,16.2865979
2016-03-06,14.55,54.93,14.53760575
2016-03-07,7.65,57.19,9.26286675
2016-03-08,8.67,58.78,9.9917193
2016-03-09,14.64,31.58,14.587316600000001
2016-03-10,17.25,33.91,16.25038875
2016-03-11,15.21,38.07,14.968163350000001
2016-03-12,10.96,50.81,11.917729300000001
2016-03-13,11.71,50.27,12.47310685
2016-03-14,12.78,57.8,13.179212
2016-03-15,14.47,29.88,14.4815698
2016-03-16,14.96,33.12,14.7907936
2016-03-17,17.19,28.74,16.1357083
2016-03-18,17.7,27.41,16.422416
2016-03-19,18.87,25.07,17.06905745
2016-03-20,20.08,29.84,17.9267896
2016-03-21,17.17,35.83,16.227663550000003
2016-03-22,13.18,34.55,13.655167
2016-03-23,10.74,28.06,12.227719200000001
2016-03-24,14.85,21.7,14.6992725
2016-03-25,16.96,26.89,15.9708217
2016-03-26,14.43,26.01,14.45848615
2016-03-27,14.86,19.1,14.699818
2016-03-28,15.37,38.45,15.07548325
2016-03-29,10.73,28.33,12.21607745
2016-03-30,10.33,33.64,11.8519666
2016-03-31,11.92,34.68,12.8468908
2016-04-01,16.04,31.28,15.4579416
2016-04-02,18.61,25.77,16.93203085
2016-04-03,19.72,25.24,17.5736404
2016-04-04,21.49,25.76,18.6358432
2016-04-05,21.39,22.26,18.4440427
2016-04-06,21.08,20.43,18.2003617
2016-04-07,21.86,19.27,18.5920496
2016-04-08,17.97,43.24,16.8867354
2016-04-09,15.06,71.12,14.9710496
2016-04-10,13.63,64.68,13.799006200000001
2016-04-11,14.26,59.95,14.312866
2016-04-12,17.52,48.77,16.669069699999998
2016-04-13,18.74,47.13,17.5070716
2016-04-14,19.12,31.98,17.3916118
2016-04-15,15.66,24.4,15.177672
2016-04-16,14.78,23.83,14.6626982
2016-04-17,17.34,21.73,16.1174226
2016-04-18,19.75,16.45,17.33749375
2016-04-19,21.21,17.65,18.17087325
2016-04-20,22.84,22.71,19.2947077
2016-04-21,22.99,16.45,19.08863275
2016-04-22,21.52,21.22,18.4783042
2016-04-23,16.48,28.78,15.7044142
2016-04-24,17.71,19.48,16.288419400000002
2016-04-25,15.07,39.07,14.87898445
2016-04-26,13.71,31.19,14.00897945
2016-04-27,17.45,31.54,16.3392365
2016-04-28,14.97,47.87,14.83524395
2016-04-29,15.51,41.85,15.18697675
2016-04-30,14.88,51.35,14.7783215
2016-05-01,16.08,42.25,15.578152499999998
2016-05-02,19.19,35.45,17.52493275
2016-05-03,21.22,29.11,18.5999056
2016-05-04,23.49,23.63,19.713885349999998
2016-05-05,21.51,29.47,18.79071585
2016-05-06,16.88,42.85,16.1319065
2016-05-07,14.68,53.59,14.6340541
2016-05-08,15.4,56.33,15.1838335
2016-05-09,19.8,43.32,18.147778
2016-05-10,22.29,33.41,19.43695145
2016-05-11,21.71,20.92,18.5740826
2016-05-12,24.42,16.42,19.8598752
2016-05-13,27.34,12.88,21.1875856
2016-05-14,25.8,20.53,20.8609395
2016-05-15,23.28,23.89,19.6046481
2016-05-16,22.51,22.97,19.11644335
2016-05-17,20.99,30.84,18.521333799999997
2016-05-18,21.94,33.24,19.2081808
2016-05-19,25.92,25.61,21.247564099999998
2016-05-20,21.19,22.12,18.3244054
2016-05-21,16.46,24.56,15.6467568
2016-05-22,17.59,26.84,16.3466458
2016-05-23,19.24,25.33,17.293353099999997
2016-05-24,19.45,29.91,17.54179975
2016-05-25,18.92,33.41,17.3011971
2016-05-26,20.52,29.59,18.1887249
2016-05-27,23.21,25.16,19.624789800000002
2016-05-28,24.95,23.04,20.526723999999998
2016-05-29,25.31,25.15,20.85979325
2016-05-30,27.06,23.4,21.768472
2016-05-31,29.14,17.04,22.4600608
2016-06-01,30.15,13.04,22.664918
2016-06-02,31.32,12.09,23.1874459
2016-06-03,32.63,13.5,24.0046525
2016-06-04,34.1,8.76,24.264328
2016-06-05,32.84,9.39,23.7001693
2016-06-06,31.2,15.43,23.4322455
2016-06-07,32.67,13.79,24.05460365
2016-06-08,32.71,14.09,24.10568395
2016-06-09,32.61,10.85,23.730214249999996
2016-06-10,29.22,12.06,22.100377599999998
2016-06-11,27.76,24.85,22.2793105
2016-06-12,26.99,30.81,22.236992949999998
2016-06-13,26.15,25.74,21.3917905
2016-06-14,26.93,21.96,21.5947954
2016-06-15,25.2,16.7,20.297795
2016-06-16,23.07,18.57,19.23179695
2016-06-17,25.04,15.94,20.1670418
2016-06-18,28.11,19.99,22.120851449999996
2016-06-19,29.97,11.97,22.479967449999997
2016-06-20,35.26,11.97,25.2087346
2016-06-21,35.8,13.95,25.719242499999996
2016-06-22,35.63,11.54,25.3496211
2016-06-23,34.34,9,24.41008
2016-06-24,33.58,8.02,23.927618799999998
2016-06-25,32.44,9.03,23.463990099999997
2016-06-26,34.63,8.53,24.502898950000002
2016-06-27,36.5,10.56,25.67776
2016-06-28,35.98,14.17,25.840043799999997
2016-06-29,34.49,23.34,26.0616163
2016-06-30,35.38,18.37,26.0056108
2016-07-01,32.45,33.56,25.890711
2016-07-02,30.2,39.46,24.972371
2016-07-03,31.72,25.51,24.665052099999997
2016-07-04,32.06,14.4,23.792752
2016-07-05,30.87,14.05,23.13149175
2016-07-06,31.1,14.05,23.252765
2016-07-07,30.54,13.78,22.9336716
2016-07-08,30.94,15.67,23.3148814
2016-07-09,30.26,16.63,23.0334884
2016-07-10,30.74,18.22,23.4354104
2016-07-11,30.19,9.84,22.4096428
2016-07-12,29.89,11.14,22.368445299999998
2016-07-13,30.91,10.01,22.78795255
2016-07-14,33.1,8.97,23.787631
2016-07-15,33.83,8.9,24.1447035
2016-07-16,33.05,9.11,23.776947749999998
2016-07-17,31.93,9.56,23.2599694
2016-07-18,31.29,8.96,22.8829112
2016-07-19,31.59,8.77,23.01483615
2016-07-20,32.1,10.27,23.414136
2016-07-21,33.31,9.34,23.9307697
2016-07-22,33.95,9.22,24.238809500000002
2016-07-23,35.27,8.54,24.8220669
2016-07-24,35.44,8.8,24.936495999999998
2016-07-25,34.79,8.55,24.58463725
2016-07-26,34.8,10.05,24.757082499999996
2016-07-27,36.94,14.86,26.432021199999998
2016-07-28,37.73,13.76,26.711546399999996
2016-07-29,37.76,18.38,27.3183534
2016-07-30,36.59,18.8,26.724606
2016-07-31,35.41,20.87,26.309654349999995
2016-08-01,33.26,21.53,25.1634654
2016-08-02,33.1,19.73,24.888379
2016-08-03,33.29,21.67,25.19498615
2016-08-04,31.97,30.55,25.29689675
2016-08-05,31.77,26.17,24.75725745
2016-08-06,30.57,11.47,22.74527595
2016-08-07,30.69,9.12,22.5975904
2016-08-08,29.58,8.66,22.0042604
2016-08-09,29.57,8.41,21.97856285
2016-08-10,29.27,10.99,22.03927265
2016-08-11,29.35,10.65,22.05233875
2016-08-12,31.7,9.91,23.177486000000002
2016-08-13,32.83,11.48,23.905856199999995
2016-08-14,34.39,10.5,24.5991475
2016-08-15,33.73,12.42,24.467101299999996
2016-08-16,32.14,6.33,23.0521366
2016-08-17,30.93,6.5,22.480872499999997
2016-08-18,30.47,8.31,22.416408849999996
2016-08-19,31.9,15.43,23.806651
2016-08-20,32.38,11.96,23.7221464
2016-08-21,30.56,16.21,23.158829299999997
2016-08-22,29.91,21.58,23.2635129
2016-08-23,26.98,35.55,22.556151999999997
2016-08-24,30.22,25.12,23.7458752
2016-08-25,30.78,13.92,23.0723968
2016-08-26,28.05,15.07,21.72059175
2016-08-27,27.11,27.66,22.0928593
2016-08-28,27.7,30.81,22.676806
2016-08-29,30.52,21.1,23.568120999999998
2016-08-30,33.57,13.22,24.468079699999997
2016-08-31,32.53,16.13,24.21303145
2016-09-01,32.04,13.41,23.6866627
2016-09-02,29.93,12.31,22.48818815
2016-09-03,27.22,14.32,21.225827199999998
2016-09-04,25.74,21.13,20.864256599999997
2016-09-05,24.08,16.44,19.677223599999998
2016-09-06,26.01,12.49,20.47017945
2016-09-07,28.05,10.78,21.400879500000002
2016-09-08,27.65,18,21.71935
2016-09-09,29.82,14.24,22.5938624
2016-09-10,30.85,12.12,22.947391
2016-09-11,30.01,18.19,23.03119795
2016-09-12,27.85,16.58,21.7248865
2016-09-13,23,29.25,19.6924375
2016-09-14,20.99,24.37,18.29038715
2016-09-15,23.34,16.23,19.2671026
2016-09-16,25.11,12.64,20.0121072
2016-09-17,26.45,11.35,20.62347875
2016-09-18,27.56,9.8,21.080934
2016-09-19,29.04,9.35,21.790719499999998
2016-09-20,27.46,27.91,22.3214248
2016-09-21,24.68,51.1,21.942089
2016-09-22,23.58,27.39,19.953856599999998
2016-09-23,18.33,22.16,16.690300399999998
2016-09-24,20.71,22.5,18.0629875
2016-09-25,23,17.35,19.1361125
2016-09-26,24.49,18.17,19.99385065
2016-09-27,26.27,15.97,20.83031795
2016-09-28,25.81,23.29,21.038254449999997
2016-09-29,25.9,32.7,21.68029
2016-09-30,26.92,28.19,22.0146589
2016-10-01,24.99,21.8,20.478251
2016-10-02,21.44,20.2,18.394034
2016-10-03,17.18,23.84,16.0574016
2016-10-04,17.85,21.31,16.40013675
2016-10-05,19.28,19.67,17.1681243
2016-10-06,16.99,18.14,15.8689273
2016-10-07,19.56,13.34,17.148252199999998
2016-10-08,22.02,12.48,18.4001728
2016-10-09,23.3,14.85,19.17874
2016-10-10,24.38,21.15,20.095291
2016-10-11,24.59,18.57,20.07104215
2016-10-12,22.07,18.58,18.680078299999998
2016-10-13,21.81,20.03,18.59480615
2016-10-14,23.08,15.74,19.103770599999997
2016-10-15,22.6,25.02,19.259641000000002
2016-10-16,20.43,45.85,18.66389775
2016-10-17,19.88,41.67,18.154015299999998
2016-10-18,19.51,24.53,17.43042415
2016-10-19,17.15,21.91,16.01183825
2016-10-20,17.79,16.03,16.27056285
2016-10-21,20.68,11.54,17.6732446
2016-10-22,21.36,15.39,18.1676647
2016-10-23,20.21,21.46,17.7434513
2016-10-24,18.35,71.57,17.74799475
2016-10-25,16.63,70.18,16.2806587
2016-10-26,17.95,42.87,16.86595825
2016-10-27,20.77,44.01,18.83918485
2016-10-28,20.42,44.89,18.6256184
2016-10-29,17.87,54.64,17.0292524
2016-10-30,19.91,52.21,18.48800855
2016-10-31,14.83,57.84,14.7534796
2016-11-01,14.16,45.96,14.2610548
2016-11-02,13.51,38.22,13.8463921
2016-11-03,15.31,30.57,15.00068935
2016-11-04,19.06,30.9,17.326971999999998
2016-11-05,19.47,35.98,17.720013299999998
2016-11-06,17.66,39.11,16.6017318
2016-11-07,18.02,31.46,16.6930656
2016-11-08,19.28,33.15,17.5225135
2016-11-09,20.09,29.33,17.91725085
2016-11-10,19.25,30.4,17.4317
2016-11-11,19.26,26.64,17.3394352
2016-11-12,17.29,27.82,16.182397899999998
2016-11-13,17.05,34.78,16.1352895
2016-11-14,18.22,29,16.767339999999997
2016-11-15,16.57,28.2,15.752557
2016-11-16,15.31,26.76,14.9837158
2016-11-17,9.52,24.56,11.5863016
2016-11-18,8.41,17.96,11.157929800000002
2016-11-19,11.02,15.71,12.6333106
2016-11-20,11.2,22.43,12.6078955
2016-11-21,11.35,61.86,12.0107755
2016-11-22,9.77,49.45,11.08505825
2016-11-23,10.94,39.63,12.1220446
2016-11-24,7.32,25.88,10.2469988
2016-11-25,8.21,21.63,10.92121015
2016-11-26,9.02,19.66,11.4414476
2016-11-27,6.18,66.37,7.7189088
2016-11-28,7.41,38.66,9.801953300000001
2016-11-29,5.48,35.24,8.6927436
2016-11-30,6.26,29.82,9.4405576
2016-12-01,6.71,35.18,9.4872129
2016-12-02,6.08,28.56,9.3883864
2016-12-03,4.98,28.02,8.748872800000001
2016-12-04,8.29,35.4,10.496413
2016-12-05,9.4,34.25,11.2442875
2016-12-06,9.9,34.09,11.567523000000001
2016-12-07,5.72,30.45,9.0785695
2016-12-08,4.93,26.73,8.78656645
2016-12-09,6.62,63.52,8.2010432
2016-12-10,7.36,83.32,8.015023600000001
2016-12-11,8.85,80.82,9.446018500000001
2016-12-12,9.87,72.32,10.5748712
2016-12-13,10.75,55.41,11.66966875
2016-12-14,10.31,69.59,11.010798450000001
2016-12-15,11.06,57.98,11.8550184
2016-12-16,13,66.48,13.27654
2016-12-17,3.59,36.9,7.3763155000000005
2016-12-18,2.56,30.18,7.1450794
2016-12-19,2.59,30.77,7.12491115
2016-12-20,6.17,24.1,9.6473585
2016-12-21,6.72,28.71,9.7704991
2016-12-22,7.49,51.22,9.370712900000001
2016-12-23,5.75,84.67,6.48775625
2016-12-24,6.6,75.39,7.6693045
2016-12-25,1.9,48.56,5.464792000000001
2016-12-26,2.1,38.17,6.3168060000000015
2016-12-27,3.07,40.38,6.8180113
2016-12-28,6.37,44.26,8.8624141
2016-12-29,7.52,47.58,9.5324038
2016-12-30,8.01,43.73,10.01855765
2016-12-31,7.76,55.33,9.415916900000001
2017-01-01,7.1,61.67,8.660031
2017-01-02,3.81,73.82,5.349253100000001
2017-01-03,4.17,78.26,5.4051581
2017-01-04,5.07,88.12,5.686156200000001
2017-01-05,8.74,82.17,9.3048544
2017-01-06,2.95,41.23,6.68336425
2017-01-07,2.19,40.29,6.23266555
2017-01-08,3.97,82.15,5.00378275
2017-01-09,7.86,77.6,8.678048
2017-01-10,7.3,75.53,8.269012
2017-01-11,9.17,69.64,10.060003400000001
2017-01-12,6.89,78.11,7.806205950000001
2017-01-13,6.7,85.38,7.327198000000001
2017-01-14,6.98,63.44,8.4921216
2017-01-15,6.21,56.72,8.1833516
2017-01-16,5.33,46.34,8.0363421
2017-01-17,3.67,44.38,6.9830053
2017-01-18,5.68,38.6,8.658514
2017-01-19,6.91,72.15,8.07259825
2017-01-20,4.48,80.83,5.536458700000001
2017-01-21,5.64,71.21,7.0429367
2017-01-22,4.73,76.93,5.96966645
2017-01-23,4.2,83.47,5.136424500000001
2017-01-24,2.63,53.59,5.659876850000001
2017-01-25,1.95,50.79,5.3467202500000015
2017-01-26,3.15,44.25,6.63019375
2017-01-27,2.54,52.62,5.656656400000001
2017-01-28,3.95,45.33,7.122226750000001
2017-01-29,6.91,40.87,9.37838185
2017-01-30,9.24,40.4,10.964228
2017-01-31,10.01,41.14,11.4635477
2017-02-01,9.71,45.55,11.14448525
2017-02-02,10.16,49.7,11.360661
2017-02-03,11.7,63.35,12.26441
2017-02-04,9.63,79.88,10.168914200000001
2017-02-05,9.36,70.07,10.2061211
2017-02-06,9.2,79.97,9.7838745
2017-02-07,10.75,76.28,11.239225000000001
2017-02-08,11.97,82.52,12.2132342
2017-02-09,14.55,74.38,14.5429545
2017-02-10,14.53,60.17,14.52342805
2017-02-11,12.4,71.35,12.7309075
2017-02-12,10.62,47.83,11.7333078
2017-02-13,10.4,44.2,11.658290000000001
2017-02-14,12.01,39.95,12.83238475
2017-02-15,12.07,34.13,12.95035255
2017-02-16,13.59,37.88,13.9009106
2017-02-17,11.34,66.4,11.923968
2017-02-18,9.65,74.13,10.34008225
2017-02-19,8.53,78.6,9.232669
2017-02-20,10.98,73.78,11.487619200000001
2017-02-21,11.89,75.59,12.24040555
2017-02-22,10.89,61.16,11.6611682
2017-02-23,6.71,39.76,9.2909828
2017-02-24,3.72,41.86,7.1671206000000005
2017-02-25,4.84,44.65,7.7807455
2017-02-26,6.17,48.78,8.516644300000001
2017-02-27,7.01,65.13,8.446469650000001
2017-02-28,6.97,46.74,9.1757629
2017-03-01,6.65,39.43,9.26510975
2017-03-02,9.86,31.16,11.6167968
2017-03-03,12.81,25.99,13.49792295
2017-03-04,14.33,28.71,14.39665615
2017-03-05,10.31,58.25,11.27212875
2017-03-06,5.64,35.22,8.7967294
2017-03-07,8.16,38.35,10.3097355
2017-03-08,12.74,39.88,13.3219616
2017-03-09,16.37,39.36,15.746317600000001
2017-03-10,17.76,33.95,16.575723500000002
2017-03-11,17.14,39.43,16.2605236
2017-03-12,18.56,34.18,17.090239399999998
2017-03-13,19.04,34.41,17.402217699999998
2017-03-14,20.55,28.99,18.18714225
2017-03-15,21.13,29.95,18.575626749999998
2017-03-16,19.65,37.11,17.868640749999997
2017-03-17,20.6,35.78,18.445419
2017-03-18,21.62,37.27,19.1634932
2017-03-19,20.48,30.91,18.2076299
2017-03-20,20.6,35.09,18.422269500000002
2017-03-21,17.22,46.08,16.4133568
2017-03-22,15.33,58.44,15.1402786
2017-03-23,13.47,42.26,13.7970971
2017-03-24,14.56,37.21,14.5392793
2017-03-25,16.31,49.4,15.806277
2017-03-26,14.81,43.15,14.71307075
2017-03-27,15.15,43.19,14.94690425
2017-03-28,12.47,30.37,13.24741895
2017-03-29,14.44,35.25,14.4613675
2017-03-30,17.27,35.92,16.2937412
2017-03-31,11.02,33.99,12.2834314
2017-04-01,15.26,38.78,15.0041004
2017-04-02,18.61,28.74,16.9991677
2017-04-03,18.59,33.3,17.0895835
2017-04-04,14.17,25.72,14.3048182
2017-04-05,16.55,28.97,15.74913675
2017-04-06,18.8,28.83,17.1168295
2017-04-07,17.57,31.59,16.41489715
2017-04-08,16.77,46.18,16.0980573
2017-04-09,10.45,30.24,12.003904
2017-04-10,14.44,22.11,14.465703699999999
2017-04-11,16.95,22.49,15.90555275
2017-04-12,17.73,42.32,16.7053148
2017-04-13,17.06,49.05,16.342624
2017-04-14,14.64,34.16,14.5893032
2017-04-15,15.92,27.03,15.3501043
2017-04-16,20.3,24.83,17.902077
2017-04-17,19.36,34.22,17.6017006
2017-04-18,18.67,45.93,17.42990455
2017-04-19,18.33,42.23,17.113074949999998
2017-04-20,18.91,29.94,17.2106947
2017-04-21,17.74,25.96,16.4206072
2017-04-22,20.85,22.32,18.137026
2017-04-23,22.45,27.92,19.298302
2017-04-24,22.17,26.99,19.090073150000002
2017-04-25,19.01,28.01,17.224288050000002
2017-04-26,19.88,27.37,17.7308783
2017-04-27,21.18,32.63,18.7048262
2017-04-28,17.25,20.1,16.0415125
2017-04-29,14.95,20.65,14.75360875
2017-04-30,19.3,18.01,17.135464
2017-05-01,22.46,21.61,19.0280858
2017-05-02,23.4,24.33,19.695953499999998
2017-05-03,26.52,27.22,21.7085142
2017-05-04,27.21,20.09,21.623891450000002
2017-05-05,28.17,18.56,22.0469336
2017-05-06,22.77,31.06,19.6342641
2017-05-07,15.34,39.91,15.0623842
2017-05-08,16.14,31.43,15.521498600000001
2017-05-09,21.43,33.17,18.88277455
2017-05-10,20.36,46.43,18.633438899999998
2017-05-11,21.89,44.84,19.6480218
2017-05-12,23.48,29.35,19.9905965
2017-05-13,18.71,22.71,16.92035005
2017-05-14,18.57,21.3,16.8083005
2017-05-15,17.05,29.23,16.05745075
2017-05-16,17.89,36.56,16.7071612
2017-05-17,19.38,28.84,17.470065599999998
2017-05-18,17.16,22.01,16.0190063
2017-05-19,18.85,19.76,16.930258000000002
2017-05-20,22.75,16.29,18.95165875
2017-05-21,25.99,15.05,20.621584749999997
2017-05-22,27.67,18.16,21.7419196
2017-05-23,29.61,14.77,22.52696085
2017-05-24,31.1,14.68,23.310284
2017-05-25,28.96,19.87,22.5872611
2017-05-26,25.5,24.18,20.912889999999997
2017-05-27,25.16,19.68,20.4508384
2017-05-28,27.22,12.51,21.0991996
2017-05-29,29.51,8.65,21.96860075
2017-05-30,29.65,12.63,22.36989475
2017-05-31,27.36,20.98,21.7709154
2017-06-01,25.43,19.52,20.5919448
2017-06-02,28.36,17.93,22.1038039
2017-06-03,31.07,9.69,22.83959815
2017-06-04,29.97,17.76,22.9726096
2017-06-05,30.18,14.91,22.8418384
2017-06-06,29.89,13.36,22.5563572
2017-06-07,30.09,16.32,22.9148584
2017-06-08,28.45,15.38,21.957530499999997
2017-06-09,27.14,20.63,21.6221976
2017-06-10,26.73,28.46,21.9178619
2017-06-11,23.94,19.65,19.768228
2017-06-12,18.86,22.09,16.9917182
2017-06-13,21.9,22.55,18.747785
2017-06-14,26.67,13.13,20.85535655
2017-06-15,30.58,11.54,22.7565976
2017-06-16,32.2,10.3,23.467705000000002
2017-06-17,34.27,12.69,24.77634715
2017-06-18,35.44,16.37,25.808332899999996
2017-06-19,37.57,12.99,26.529736149999998
2017-06-20,37.63,12.6,26.511409
2017-06-21,35.7,11.13,25.337758
2017-06-22,36.23,14.19,25.974417849999995
2017-06-23,36.65,10.37,25.73082525
2017-06-24,36.45,9.15,25.482133750000003
2017-06-25,36.6,13.06,26.032443
2017-06-26,34.74,11.77,24.918236399999998
2017-06-27,32.93,10.79,23.88722835
2017-06-28,32.58,9.72,23.6025568
2017-06-29,32.69,8.53,23.538883849999998
2017-06-30,33.35,8.85,23.900023750000003
2017-07-01,34.1,9.67,24.362426
2017-07-02,32.21,12.1,23.648100499999998
2017-07-03,31.73,9.97,23.19830705
2017-07-04,32.18,10,23.428399999999996
2017-07-05,33.91,8.65,24.15793075
2017-07-06,35.46,14.59,25.6139352
2017-07-07,37.76,13.43,26.685099899999997
2017-07-08,37.25,14.85,26.59560625
2017-07-09,34.33,19.98,25.602618699999997
2017-07-10,33.36,30.77,26.1787721
2017-07-11,34.26,16.89,25.2276052
2017-07-12,34.54,15.99,25.2804178
2017-07-13,33.43,21.75,25.283001249999998
2017-07-14,34.21,14.72,24.9652216
2017-07-15,35.6,14.43,25.6696015
2017-07-16,36.48,11.06,25.728043399999997
2017-07-17,36.02,15.76,26.0493536
2017-07-18,35,11.86,25.062215000000002
2017-07-19,33.48,12.09,24.303075099999997
2017-07-20,33.18,18.44,24.8005256
2017-07-21,32.31,11.31,23.622371049999998
2017-07-22,33.94,10.17,24.335376399999998
2017-07-23,35.84,13.52,25.6898424
2017-07-24,34.21,21.6,25.711047999999998
2017-07-25,30.78,37.65,25.197181
2017-07-26,29.46,51.72,25.4875216
2017-07-27,32.37,33.11,25.795716349999996
2017-07-28,33.93,17.22,25.083715299999998
2017-07-29,33.43,16.77,24.76450855
2017-07-30,33.2,17.15,24.6788775
2017-07-31,34.69,15.1,25.262279499999998
2017-08-01,35.83,22.25,26.708758749999998
2017-08-02,35.22,27.66,26.976133599999997
2017-08-03,32.61,39.27,26.56098835
2017-08-04,29.84,44.91,25.1920567
2017-08-05,28.14,51.09,24.4707718
2017-08-06,29.63,40.66,24.6920219
2017-08-07,31.2,33.25,25.0690125
2017-08-08,31.23,20.05,23.873400750000002
2017-08-09,32.63,18.53,24.50621895
2017-08-10,30.79,16.55,23.313297249999998
2017-08-11,32.55,16.16,24.226784
2017-08-12,32.4,20.8,24.602759999999996
2017-08-13,30.3,12.24,22.673656
2017-08-14,29.68,12.02,22.334549799999998
2017-08-15,29.22,26.54,23.272678399999997
2017-08-16,28.46,25.81,22.7636918
2017-08-17,30.87,20.46,23.7086161
2017-08-18,32.22,17.79,24.2078134
2017-08-19,32.29,14.74,23.947735299999998
2017-08-20,30.87,21.47,23.79955145
2017-08-21,29.18,23.38,22.993701199999997
2017-08-22,29.96,30.71,24.0682713
2017-08-23,31.25,15.95,23.50689375
2017-08-24,30.9,26.58,24.277516
2017-08-25,30.98,29.15,24.558156
2017-08-26,33.02,19.58,24.8284188
2017-08-27,34.91,12.18,25.0517659
2017-08-28,35.69,14.61,25.73822245
2017-08-29,35.86,15.36,25.9164928
2017-08-30,33.64,24.46,25.6879042
2017-08-31,30.89,30.59,24.63303555
2017-09-01,31.32,29.64,24.8109964
2017-09-02,33.3,20.62,25.092107999999996
2017-09-03,32.9,29.04,25.718847999999998
2017-09-04,31.85,33.95,25.54717875
2017-09-05,31.91,27.19,24.93807845
2017-09-06,30.52,31.07,24.4465777
2017-09-07,29.89,27.1,23.7193795
2017-09-08,28.49,24.99,22.71835555
2017-09-09,25.33,50.56,22.385106399999998
2017-09-10,26.43,43.01,22.69060115
2017-09-11,29.05,34.09,23.77555225
2017-09-12,30.75,34.3,24.8780625
2017-09-13,29.45,33.56,23.986970999999997
2017-09-14,25.69,30.88,21.4360096
2017-09-15,25.38,32.46,21.338406399999997
2017-09-16,23.69,18.45,19.56805525
2017-09-17,25.96,22.55,21.0783265
2017-09-18,25.13,28.95,20.97606175
2017-09-19,24.92,22.76,20.4933756
2017-09-20,24.93,27.56,20.7744794
2017-09-21,21.88,32.81,19.152757899999997
2017-09-22,16.47,26.9,15.677961499999999
2017-09-23,16.91,23.31,15.89347405
2017-09-24,16.06,20.76,15.380120799999998
2017-09-25,18.3,16.59,16.556731
2017-09-26,19.59,19.52,17.3369624
2017-09-27,20.36,20.41,17.7948143
2017-09-28,23.11,20.37,19.33912135
2017-09-29,23.88,18.9,19.696050999999997
2017-09-30,24.42,16.9,19.886064
2017-10-01,23.27,21.16,19.4671526
2017-10-02,19.74,17.77,17.370131399999998
2017-10-03,17.46,18.17,16.1278076
2017-10-04,17.15,28.13,16.102494749999998
2017-10-05,19.84,13.55,17.3009635
2017-10-06,19.68,14.43,17.242110699999998
2017-10-07,23.29,13.23,19.09510435
2017-10-08,22.78,12.4,18.790696
2017-10-09,16.77,16.26,15.7245061
2017-10-10,15.42,13.87,14.9841822
2017-10-11,19.24,9.58,16.882750599999998
2017-10-12,18.36,17.44,16.6072512
2017-10-13,18.75,6.83,16.57215125
2017-10-14,17.67,11.29,16.12334115
2017-10-15,15.35,10.51,14.93163425
2017-10-16,19.31,7.61,16.865822549999997
2017-10-17,21.2,6.51,17.754893499999998
2017-10-18,21.6,9.38,18.061289000000002
2017-10-19,23.39,13.32,19.1517814
2017-10-20,19.05,33.45,17.38458625
2017-10-21,14.83,19.89,14.68460035
2017-10-22,19.06,20.12,17.056609599999998
2017-10-23,21.59,18.43,18.40917785
2017-10-24,22.77,23.86,19.3067721
2017-10-25,21.6,16.61,18.3436205
2017-10-26,21.96,14.66,18.4584998
2017-10-27,21.13,18.72,18.1661248
2017-10-28,21.58,17.79,18.3787426
2017-10-29,22.17,21.68,18.8660708
2017-10-30,21.23,22.41,18.35800615
2017-10-31,19.15,49.47,17.85769525
2017-11-01,18.98,39,17.476960000000002
2017-11-02,16.47,51.6,15.945585999999999
2017-11-03,14.46,55.02,14.469895600000001
2017-11-04,15.2,47.56,14.998106
2017-11-05,15.06,45.78,14.8930024
2017-11-06,13.32,38.71,13.7177721
2017-11-07,13.25,29.78,13.7327625
2017-11-08,13.78,19.5,14.09878
2017-11-09,14.41,43.84,14.4377992
2017-11-10,13.95,53.2,14.091569999999999
2017-11-11,15.09,35.71,14.88137895
2017-11-12,14.98,24.86,14.781630400000001
2017-11-13,13.02,29.52,13.5937072
2017-11-14,14.45,21.56,14.471570999999999
2017-11-15,15.55,30.84,15.150601
2017-11-16,15.82,37.03,15.3628378
2017-11-17,17.61,46.26,16.6907773
2017-11-18,9.02,22.74,11.348616400000001
2017-11-19,10.44,11.8,12.409506
2017-11-20,12.41,10.78,13.435583900000001
2017-11-21,16.23,28.42,15.5489163
2017-11-22,19.52,39.94,17.861743399999998
2017-11-23,21.01,29.33,18.47966065
2017-11-24,19.31,29.2,17.436985999999997
2017-11-25,18.12,21.68,16.5606488
2017-11-26,18.19,28.13,16.73139835
2017-11-27,15.35,27.29,15.01008075
2017-11-28,9.64,39.84,11.2480768
2017-11-29,12.24,17.09,13.2705713
2017-11-30,11.41,26.93,12.65182465
2017-12-01,12.16,25.64,13.1170132
2017-12-02,12.31,28.56,13.1704948
2017-12-03,13.92,28.3,14.148723
2017-12-04,6.98,24.89,10.086549600000001
2017-12-05,5.11,22.65,9.104740750000001
2017-12-06,7.04,24.96,10.1188912
2017-12-07,8.04,24.78,10.712566599999999
2017-12-08,9.74,22.09,11.7796838
2017-12-09,10.56,20.83,12.2756139
2017-12-10,10.16,14.2,12.208046
2017-12-11,10.3,10.42,12.369298
2017-12-12,9.86,9.9,12.159352
2017-12-13,11.25,12.94,12.8061975
2017-12-14,10.61,19.02,12.3425671
2017-12-15,9.54,24.17,11.608642399999999
2017-12-16,9.66,25.57,11.641326600000001
2017-12-17,6.69,30.41,9.67923845
2017-12-18,6.38,24.49,9.7522766
2017-12-19,10.09,31.55,11.75025475
2017-12-20,8.07,33.52,10.421065200000001
2017-12-21,4.3,28.58,8.306662
2017-12-22,2.6,21.94,7.709027000000001
2017-12-23,5.68,15.83,9.7630867
2017-12-24,7.62,14.14,10.8689424
2017-12-25,9.94,18.41,11.9862772
2017-12-26,11.93,38.42,12.8004333
2017-12-27,12.37,22.29,13.28037265
2017-12-28,11.08,22.49,12.5379631
2017-12-29,12.52,19.21,13.3998031
2017-12-30,11.16,20.28,12.6244564
2017-12-31,11.75,15.19,13.03275125
2018-01-01,11.71,18.9,12.954479500000001
2018-01-02,12.63,21.36,13.4388124
2018-01-03,11.64,21.5,12.874805
2018-01-04,12.2,13.14,13.298779
2018-01-05,12.01,32.81,12.93016705
2018-01-06,12.37,49.58,12.9606703
2018-01-07,11.05,52.59,11.94960475
2018-01-08,11.11,43.8,12.157848999999999
2018-01-09,7.14,86.75,7.676360000000001
2018-01-10,7.59,79.84,8.3561808
2018-01-11,10.08,59.55,11.0633395
2018-01-12,10.05,52.91,11.202527750000002
2018-01-13,10.74,40.97,11.9607404
2018-01-14,11.46,39.82,12.466209600000001
2018-01-15,13.08,40.12,13.5476628
2018-01-16,13.2,40.56,13.624996
2018-01-17,12.5,39.96,13.16044
2018-01-18,13.07,38.41,13.55440535
2018-01-19,10.6,54.99,11.5654645
2018-01-20,7.41,47.23,9.467766150000001
2018-01-21,3.14,35.61,7.1630872
2018-01-22,6.4,28.71,9.575969500000001
2018-01-23,8.1,39.67,10.223616
2018-01-24,9.25,33.45,11.17163125
2018-01-25,7.88,37.32,10.1621788
2018-01-26,7.06,34.64,9.7345312
2018-01-27,8.6,29.62,10.883831
2018-01-28,10.53,45.13,11.72808645
2018-01-29,12.27,36.54,13.0483369
2018-01-30,15.46,29.19,15.086123200000001
2018-01-31,14.55,30.51,14.53089025
2018-02-01,14.4,28.96,14.439072
2018-02-02,14.46,36.02,14.4740756
2018-02-03,14.62,40.57,14.580776199999999
2018-02-04,13.53,41.51,13.84204415
2018-02-05,14.82,32.82,14.7017632
2018-02-06,14.14,31.67,14.2752934
2018-02-07,11.62,29.97,12.7292752
2018-02-08,14.38,27.26,14.428008400000001
2018-02-09,16.35,27.34,15.610684500000001
2018-02-10,16.11,28.24,15.474565199999999
2018-02-11,7.31,24.21,10.307115549999999
2018-02-12,8.77,37.99,10.72424515
2018-02-13,8.42,45.76,10.233785600000001
2018-02-14,9.6,39.14,11.240177
2018-02-15,9.31,41.26,10.986733300000001
2018-02-16,7.3,25.21,10.261684
2018-02-17,10.09,26.88,11.863525600000001
2018-02-18,11.14,33.11,12.3761272
2018-02-19,6.3,30.08,9.453392000000001
2018-02-20,1.34,26.44,6.664272800000001
2018-02-21,3.89,24.62,8.2887999
2018-02-22,5.19,28.12,8.8706154
2018-02-23,4.38,35.5,7.9700700000000015
2018-02-24,1.92,24.77,7.125163700000001
2018-02-25,4.93,32.26,8.4954949
2018-02-26,6.02,28.31,9.3636216
2018-02-27,7.34,56.21,9.0644502
2018-02-28,5.54,47.81,8.1119232
2018-03-01,8.31,41.2,10.311846000000001
2018-03-02,10.15,60.72,11.089774
2018-03-03,9.48,63.67,10.4830713
2018-03-04,7.85,35.72,10.201041
2018-03-05,6.32,24.17,9.731591700000001
2018-03-06,9.37,16.16,11.7355456
2018-03-07,11.51,14.71,12.91259405
2018-03-08,12.2,17.05,13.2493175
2018-03-09,14.7,19.99,14.611989
2018-03-10,15.35,43.92,15.087826
2018-03-11,13.61,65.5,13.7788775
2018-03-12,15.51,50.13,15.23297215
2018-03-13,16.59,47.16,15.982604199999999
2018-03-14,14.66,56.12,14.6213856
2018-03-15,11.3,43.2,12.29968
2018-03-16,9.58,38.02,11.2571788
2018-03-17,9.14,50.87,10.588352400000002
2018-03-18,8.92,29.56,11.0818036
2018-03-19,11.56,22.12,12.8193196
2018-03-20,12.28,21.01,13.2444679
2018-03-21,14.31,46.49,14.36591795
2018-03-22,15.03,76.23,14.960710449999999
2018-03-23,13.71,64.56,13.863986800000001
2018-03-24,12.77,31.65,13.42035025
2018-03-25,11.06,37.08,12.250446400000001
2018-03-26,8.6,26.15,10.996432500000001
2018-03-27,10.07,27.39,11.83914265
2018-03-28,14.4,35.22,14.435629
2018-03-29,17.21,32.86,16.2092783
2018-03-30,18.24,28.37,16.766570899999998
2018-03-31,20.63,23.92,18.0649628
2018-04-01,20.97,25.36,18.3139356
2018-04-02,20.46,26.49,18.0503422
2018-04-03,17.76,21.46,16.3517778
2018-04-04,18.22,22.04,16.624938399999998
2018-04-05,21.29,26.9,18.560080499999998
2018-04-06,23.2,28.5,19.778724999999998
2018-04-07,24.36,39.83,21.0969809
2018-04-08,19.1,21,17.101300000000002
2018-04-09,19.12,17.04,17.0119864
2018-04-10,22.53,15.56,18.8007074
2018-04-11,24.01,20.48,19.8507064
2018-04-12,16.51,20.22,15.6280321
2018-04-13,12.66,19.5,13.47466
2018-04-14,15.99,16.84,15.3085038
2018-04-15,18.04,17.04,16.4247688
2018-04-16,16.14,26.06,15.4730612
2018-04-17,11.68,26.99,12.8123851
2018-04-18,14.76,11.81,14.6338883
2018-04-19,14.04,28,14.222159999999999
2018-04-20,14.38,34.11,14.4234874
2018-04-21,18.64,17.63,16.7644351
2018-04-22,23.15,13.01,19.011450749999998
2018-04-23,24.19,19.88,19.9200046
2018-04-24,23.76,15.42,19.4523406
2018-04-25,24.86,13.08,19.9072984
2018-04-26,27.09,13.64,21.1100018
2018-04-27,25.52,21.47,20.760296699999998
2018-04-28,22.06,18.17,18.6575086
2018-04-29,21.15,19.29,18.19803175
2018-04-30,18.18,23.47,16.6310328
2018-05-01,16.31,35.87,15.67158585
2018-05-02,14.54,45.78,14.528071599999999
2018-05-03,17.88,34.53,16.6629127
2018-05-04,21.31,23.67,18.45105985
2018-05-05,24.82,17.66,20.146381599999998
2018-05-06,25.94,18.15,20.789998
2018-05-07,26.07,12.43,20.49748305
2018-05-08,27.94,13.65,21.557008
2018-05-09,30.41,13.12,22.8075656
2018-05-10,27.57,18.34,21.6998709
2018-05-11,27.38,20.57,21.7531788
2018-05-12,20.74,16.48,17.8735936
2018-05-13,20.66,28.02,18.2213176
2018-05-14,22.27,29.95,19.27641325
2018-05-15,22.69,36.09,19.81117405
2018-05-16,23.42,22.27,19.6065662
2018-05-17,21.22,25.33,18.4601968
2018-05-18,23.84,21.54,19.8095098
2018-05-19,25.23,26.44,20.8888566
2018-05-20,23.88,31.47,20.3445373
2018-05-21,23.55,27.67,19.94977425
2018-05-22,22.29,34.68,19.4913646
2018-05-23,24.72,28.56,20.704357599999998
2018-05-24,25.07,27.97,20.882535949999998
2018-05-25,23.24,29.66,19.8587562
2018-05-26,19.49,34.1,17.681374499999997
2018-05-27,21.86,29.24,18.9956352
2018-05-28,23.99,28.88,20.277891599999997
2018-05-29,27.09,21.22,21.6348789
2018-05-30,29.11,20.29,22.704902949999997
2018-05-31,25.03,25.83,20.734444449999998
2018-06-01,23.8,17.59,19.5847285
2018-06-02,27.06,10.91,20.905662799999998
2018-06-03,30.79,8.75,22.614456249999996
2018-06-04,32.03,11.69,23.51559135
2018-06-05,29.74,14.32,22.5583024
2018-06-06,27.64,18,21.71386
2018-06-07,26.61,16.12,21.0231726
2018-06-08,27.39,14.77,21.34761915
2018-06-09,29.29,12.5,22.172312499999997
2018-06-10,26.22,15.32,20.7615272
2018-06-11,28.79,10.38,21.746316099999998
2018-06-12,31.77,8.67,23.09501995
2018-06-13,33.19,11.16,24.057692199999998
2018-06-14,32.12,12.17,23.608394699999998
2018-06-15,30.72,12.73,22.934643299999998
2018-06-16,28.36,12.78,21.711219399999997
2018-06-17,24.97,27.27,20.781842949999998
2018-06-18,25.06,20.53,20.4443824
2018-06-19,28.06,16.45,21.828840999999997
2018-06-20,31.46,14.05,23.442584
2018-06-21,34.47,9.19,24.495883649999996
2018-06-22,33.09,7.08,23.5893946
2018-06-23,34.67,6,24.24211
2018-06-24,32.79,10.51,23.787753449999997
2018-06-25,33.17,13.18,24.254888299999998
2018-06-26,33.49,12.46,24.3468847
2018-06-27,32.68,11.22,23.8028878
2018-06-28,30.81,7.8,22.539198999999996
2018-06-29,30.03,13.34,22.6279361
2018-06-30,30.99,13.36,23.1321852
2018-07-01,32.5,12.48,23.83552
2018-07-02,33.28,14.14,24.4115206
2018-07-03,31.94,17.85,24.060172
2018-07-04,30.14,18.95,23.168079
2018-07-05,31.42,10.88,23.1264928
2018-07-06,34.58,7.15,24.325646
2018-07-07,36.48,13.4,26.010925999999998
2018-07-08,35.64,20.4,26.384908
2018-07-09,35.62,21.74,26.529318399999994
2018-07-10,29.35,43.8,24.759865
2018-07-11,32.55,32.33,25.832060749999997
2018-07-12,32.04,35.59,25.826367299999998
2018-07-13,30.71,46.21,25.91435255
2018-07-14,33.9,35.21,26.986907
2018-07-15,33.51,41.26,27.3684393
2018-07-16,35.91,29.12,27.5635256
2018-07-17,35.62,19.91,26.316745599999997
2018-07-18,33.81,34.86,26.8918063
2018-07-19,34.99,26.2,26.673109
2018-07-20,33.82,36.71,27.0948046
2018-07-21,34.2,31.25,26.7509375
2018-07-22,31.48,34.42,25.3554838
2018-07-23,34.77,25.66,26.4822051
2018-07-24,36.62,20.65,26.966278999999997
2018-07-25,37.04,20.55,27.1905835
2018-07-26,37.76,18.47,27.329867099999998
2018-07-27,37.03,18.29,26.90490535
2018-07-28,37.26,12.57,26.315512599999998
2018-07-29,34.34,11.32,24.6632384
2018-07-30,32.85,26.72,25.454216
2018-07-31,34.56,31.16,26.964882799999998
2018-08-01,35.63,25.74,26.9998741
2018-08-02,34.34,22.59,25.893020800000002
2018-08-03,31.41,29.76,24.8773288
2018-08-04,34.13,14.48,24.8968332
2018-08-05,32.46,10.75,23.643884999999997
2018-08-06,32.73,8.52,23.557757799999997
2018-08-07,35.02,6.61,24.4800046
2018-08-08,35.9,9.58,25.257565999999997
2018-08-09,34.25,8.54,24.315157499999998
2018-08-10,33.99,16.03,24.98883585
2018-08-11,32.82,15.35,24.290665999999998
2018-08-12,32.68,20.65,24.745793499999998
2018-08-13,32.03,21.87,24.49709605
2018-08-14,32.98,17.67,24.611978799999996
2018-08-15,32.96,18.7,24.705610999999998
2018-08-16,32.79,24.25,25.16992875
2018-08-17,33.15,27.1,25.672282499999998
2018-08-18,33.81,23.07,25.63964935
2018-08-19,34.99,20.62,26.0442709
2018-08-20,33.62,14.36,24.614097599999997
2018-08-21,32.2,13.56,23.785066
2018-08-22,30.48,13.67,22.8924563
2018-08-23,31.02,12.94,23.109728399999998
2018-08-24,29.25,11.22,22.0477225
2018-08-25,30.09,12.45,22.58302525
2018-08-26,29.23,13.17,22.19546755
2018-08-27,28.84,9.67,21.715672899999998
2018-08-28,27.98,17.08,21.8323112
2018-08-29,27.2,21.67,21.7286495
2018-08-30,28.48,17.06,22.1027434
2018-08-31,29.02,13.22,22.0897492
2018-09-01,29.15,11.11,21.987688249999998
2018-09-02,29.88,10.76,22.3311884
2018-09-03,29.85,21.11,23.18971175
2018-09-04,28.53,32.16,23.2951264
2018-09-05,28.09,39.07,23.535787149999997
2018-09-06,30.24,25.24,23.768026799999998
2018-09-07,32.21,17.89,24.21207545
2018-09-08,33.04,15.33,24.4062001
2018-09-09,31.43,12.31,23.264745650000002
2018-09-10,29.74,11.21,22.2976222
2018-09-11,29.14,9.6,21.860992
2018-09-12,28.6,12.04,21.778702
2018-09-13,26.51,11.56,20.6680958
2018-09-14,26.14,12.9,20.563858
2018-09-15,27.81,12.81,21.427256049999997
2018-09-16,26.71,11.97,20.798345349999998
2018-09-17,26.76,9.63,20.6663509
2018-09-18,25.77,9.71,20.17337435
2018-09-19,26.16,11.59,20.4902667
2018-09-20,25.74,8.58,20.088415599999998
2018-09-21,27.59,10.36,21.1363682
2018-09-22,28.53,11.82,21.7255903
2018-09-23,28.47,16.57,22.05965595
2018-09-24,26.84,14.92,21.0656204
2018-09-25,26.42,9.71,20.5005876
2018-09-26,26.4,8.84,20.433577999999997
2018-09-27,28.03,6.12,21.0439198
2018-09-28,29.15,9.26,21.838624499999998
2018-09-29,27.68,19.51,21.845279899999998
2018-09-30,24.9,19.49,20.294828
2018-10-01,25.77,29.72,21.4136942
2018-10-02,24.97,49.66,22.071171099999997
2018-10-03,24.2,41.66,21.087560999999997
2018-10-04,21.69,46.51,19.57473795
2018-10-05,20.99,40.31,18.85936545
2018-10-06,21.33,32.02,18.7763313
2018-10-07,16.8,33.66,15.960799
2018-10-08,16.31,30.53,15.61842615
2018-10-09,18.55,22.41,16.82168275
2018-10-10,18.18,27.32,16.7089568
2018-10-11,18.25,42.24,17.058699999999998
2018-10-12,18.15,36.35,16.87222625
2018-10-13,19.46,26.24,17.4478272
2018-10-14,17.9,18.89,16.383243
2018-10-15,12.85,15.6,13.61593
2018-10-16,14.96,17.06,14.7501618
2018-10-17,15.65,19.01,15.13773825
2018-10-18,17.45,25.18,16.2360455
2018-10-19,19.3,20.61,17.204104
2018-10-20,19.2,23.57,17.2242845
2018-10-21,20.06,31.17,17.9551786
2018-10-22,17.47,46.56,16.5970576
2018-10-23,19.26,32.92,17.503845600000002
2018-10-24,21.45,23.25,18.516231249999997
2018-10-25,21.48,21.13,18.4521807
2018-10-26,20.67,23.29,18.06684615
2018-10-27,21.51,21.94,18.5003967
2018-10-28,20.64,22.74,18.0309298
2018-10-29,20.3,21.08,17.782452
2018-10-30,17.83,21.57,16.393554549999998
2018-10-31,12.71,17.63,13.52093265
2018-11-01,15.78,21.15,15.224896
2018-11-02,18.13,36.15,16.855234749999997
2018-11-03,18.26,25.79,16.725337200000002
2018-11-04,17.69,28.87,16.44202415
2018-11-05,18.25,24.13,16.68518125
2018-11-06,17.28,19.92,16.0555768
2018-11-07,14.61,13.44,14.5576312
2018-11-08,12.5,16.51,13.41839
2018-11-09,9.35,15.44,11.745162
2018-11-10,13.17,9.25,13.833836250000001
2018-11-11,9.75,16.73,11.92542875
2018-11-12,8.55,13.09,11.394129750000001
2018-11-13,9.05,16.54,11.551713500000002
2018-11-14,13.21,15.31,13.81087555
2018-11-15,13.51,19.04,13.950827199999999
2018-11-16,14.61,19.1,14.5610555
2018-11-17,13.73,19.12,14.0725268
2018-11-18,11.91,27.9,12.9370645
2018-11-19,11.23,19.12,12.6846268
2018-11-20,12.82,10.82,13.6440232
2018-11-21,13.16,14.28,13.7917564
2018-11-22,12.57,45.95,13.143740750000001
2018-11-23,10.56,54.86,11.5381838
2018-11-24,11.78,58.45,12.401588
2018-11-25,9.63,32.12,11.448165800000002
2018-11-26,8.97,21.64,11.3533194
2018-11-27,12.31,20.1,13.2723955
2018-11-28,11.59,24.93,12.79149535
2018-11-29,11.22,71.64,11.731614400000002
2018-11-30,9.6,71.23,10.3753515
2018-12-01,9.15,48.52,10.664799
2018-12-02,6.41,44.69,8.871018450000001
2018-12-03,5.39,33.27,8.733506649999999
2018-12-04,6.28,35.12,9.2132248
2018-12-05,5.68,37.98,8.6885902
2018-12-06,4.76,49,7.49207
2018-12-07,7.23,71.64,8.3639746
2018-12-08,8.1,61,9.4728
2018-12-09,8.09,45,10.029025
2018-12-10,9.61,39.31,11.24225755
2018-12-11,7.57,40.86,9.824121100000001
2018-12-12,8.44,35.15,10.6014505
2018-12-13,5.41,32.34,8.7926617
2018-12-14,7.44,28.3,10.224111
2018-12-15,7.98,31.28,10.4442992
2018-12-16,9.67,25.77,11.64191995
2018-12-17,10.55,34.79,11.966687250000001
2018-12-18,10.4,51.13,11.5020185
2018-12-19,10.92,45.78,11.9875918
2018-12-20,10.51,39.39,11.84008645
2018-12-21,11.22,34.79,12.396388400000001
2018-12-22,9.95,47.88,11.254303
2018-12-23,11.62,32.71,12.685873599999999
2018-12-24,10.83,41.91,12.002546650000001
2018-12-25,7.9,56.97,9.461989
2018-12-26,6.13,51.13,8.37973045
2018-12-27,5.43,33.84,8.7303916
2018-12-28,2.97,38.55,6.86685175
2018-12-29,1.95,39.05,6.157073750000002
2018-12-30,6.03,52.01,8.265614150000001
2018-12-31,4.8,46.17,7.6718305
2019-01-01,0.46,35.7,5.425246
2019-01-02,2.01,34.6,6.5026530000000005
2019-01-03,4.47,42.39,7.648055650000001
2019-01-04,5.82,42.17,8.580804200000001
2019-01-05,5.4,39.12,8.447044000000002
2019-01-06,4.52,75.35,5.873038500000001
2019-01-07,6.29,78.21,7.27392745
2019-01-08,7.14,77.03,8.0698256
2019-01-09,10.24,52.79,11.3461303
2019-01-10,9.59,55.06,10.803604700000001
2019-01-11,9.72,48.5,11.073935
2019-01-12,8.08,44.18,10.051004200000001
2019-01-13,6.81,44.76,9.146375800000001
2019-01-14,5,51.54,7.5320350000000005
2019-01-15,4.57,86.03,5.332971550000001
2019-01-16,6.93,84.43,7.57825695
2019-01-17,11.35,74.44,11.792827
2019-01-18,10.82,57.95,11.671092
2019-01-19,10.58,47.56,11.7106064
2019-01-20,10.15,57.21,11.17375075
2019-01-21,7.88,53.81,9.561777900000001
2019-01-22,4.8,38.07,8.103965500000001
2019-01-23,5.24,31.95,8.7057865
2019-01-24,7.68,54.05,9.403584500000001
2019-01-25,8.63,34.68,10.7388562
2019-01-26,9.08,33.58,11.0599802
2019-01-27,10.98,41.21,12.118174400000001
2019-01-28,11.65,42.59,12.54990175
2019-01-29,12.87,32.11,13.47863385
2019-01-30,10.25,43.87,11.562038750000001
2019-01-31,10.22,47.08,11.4657368
2019-02-01,9.55,59.13,10.662685750000001
2019-02-02,10.58,73.03,11.1614732
2019-02-03,7.66,81.27,8.3646226
2019-02-04,8.15,78.36,8.905777
2019-02-05,6,65.89,7.594642500000001
2019-02-06,2.59,37.19,6.70436905
2019-02-07,1.74,35.58,6.260995600000001
2019-02-08,3.92,29.23,8.0381063
2019-02-09,4.15,51.28,6.923386000000001
2019-02-10,4.65,69.75,6.288793750000001
2019-02-11,2.73,35.56,6.9015234
2019-02-12,3.72,34.25,7.618317500000001
2019-02-13,5.32,43.28,8.1837928
2019-02-14,7.8,83.19,8.4194485
2019-02-15,6.9,73.92,7.990144000000001
2019-02-16,6.47,53.78,8.511306300000001
2019-02-17,4.48,48.45,7.320920500000001
2019-02-18,3.54,48.81,6.625733200000001
2019-02-19,1.69,39.4,5.959573000000001
2019-02-20,3.36,39.08,7.092568400000001
2019-02-21,2.52,59.81,5.1681191
2019-02-22,2.79,40.98,6.591183100000001
2019-02-23,3.63,30.98,7.756360700000001
2019-02-24,5.76,33.46,8.9585778
2019-02-25,8.02,38.99,10.1943964
2019-02-26,9.63,50.06,10.967642900000001
2019-02-27,11.48,49.34,12.3214626
2019-02-28,12.7,68.12,13.015611999999999
2019-03-01,13.68,46.62,13.9207438
2019-03-02,12.73,60.8,13.111612000000001
2019-03-03,12.24,70.43,12.6075551
2019-03-04,12.71,55.57,13.14741335
2019-03-05,13.25,52.89,13.57388125
2019-03-06,12.71,66.38,13.0409889
2019-03-07,11.29,65.67,11.89609615
2019-03-08,8.65,58.53,9.984297250000001
2019-03-09,8.25,43.66,10.186687500000001
2019-03-10,8.55,54.99,10.022952250000001
2019-03-11,9.46,54.85,10.711558
2019-03-12,11.34,51.76,12.1784112
2019-03-13,8.7,37.34,10.698854
2019-03-14,5.9,34.72,8.987744000000001
2019-03-15,9.24,32.78,11.184674600000001
2019-03-16,12.04,29.51,12.9937297
2019-03-17,14.91,28.7,14.7492185
2019-03-18,16.58,27.43,15.749799199999998
2019-03-19,16.38,33.86,15.696112399999999
2019-03-20,12.97,55.28,13.3463188
2019-03-21,9.68,70.06,10.4737094
2019-03-22,12.28,53.53,12.8473987
2019-03-23,13.35,52.12,13.652841
2019-03-24,12.68,44.4,13.236556
2019-03-25,15.21,26.99,14.92489595
2019-03-26,16.2,30.49,15.5500815
2019-03-27,15.73,40.24,15.3257236
2019-03-28,14.43,51.13,14.44881495
2019-03-29,13.73,36.11,14.00057415
2019-03-30,13.34,31.81,13.7750522
2019-03-31,14.77,30.93,14.66743105
2019-04-01,17.09,28.14,16.0663543
2019-04-02,19.1,34.24,17.436272000000002
2019-04-03,15.69,44.35,15.32577075
2019-04-04,17.01,48.09,16.29338245
2019-04-05,15.38,51.08,15.1432272
2019-04-06,16.06,43.03,15.571197399999999
2019-04-07,19.1,33.14,17.408442
2019-04-08,21.68,30.72,18.9441328
2019-04-09,20.54,39.23,18.5212206
2019-04-10,12.98,27.07,13.5896948
2019-04-11,12.97,32.32,13.5395272
2019-04-12,12.97,41.62,13.4612677
2019-04-13,14.04,32.82,14.2099654
2019-04-14,17.73,34.36,16.5639054
2019-04-15,19.07,40.01,17.56215135
2019-04-16,17.41,43.61,16.50747805
2019-04-17,14.78,36.63,14.6824102
2019-04-18,20.2,30.78,18.029953
2019-04-19,23.38,22.44,19.5919696
2019-04-20,22.55,32.52,19.562323
2019-04-21,18.74,39.3,17.324475999999997
2019-04-22,17.54,34.26,16.4408272
2019-04-23,20.06,32.9,18.008081999999998
2019-04-24,23.95,24.28,20.014453
2019-04-25,25.35,27.61,21.03012675
2019-04-26,26.94,29.93,22.1458106
2019-04-27,25.05,28.17,20.88206425
2019-04-28,24.36,29.31,20.5264813
2019-04-29,22.45,33.68,19.550158
2019-04-30,17.8,53.62,16.958203
2019-05-01,16.79,27.06,15.8713207
2019-05-02,18.18,24.38,16.6494512
2019-05-03,21.25,24.37,18.44223625
2019-05-04,23.65,24.44,19.847443
2019-05-05,21.95,26.05,18.919898749999998
2019-05-06,19.34,37.8,17.684236
2019-05-07,20.85,37.81,18.67801425
2019-05-08,22.94,32.4,19.802008
2019-05-09,21.65,32.73,19.00460725
2019-05-10,14.15,65.56,14.216297
2019-05-11,19.25,44.25,17.79353125
2019-05-12,22.93,29.96,19.6825954
2019-05-13,24.15,29.86,20.4273195
2019-05-14,23.82,34.79,20.4773354
2019-05-15,23,31.76,19.80978
2019-05-16,17.61,41.66,16.6120943
2019-05-17,15.95,36.29,15.44191275
2019-05-18,17.01,32.26,16.0748493
2019-05-19,16.62,41.36,15.936257600000001
2019-05-20,15.76,33.83,15.3014419
2019-05-21,17.53,30.73,16.37561545
2019-05-22,15.38,38.7,15.083308
2019-05-23,14.22,46.43,14.302497800000001
2019-05-24,15.83,57.7,15.5205755
2019-05-25,20.43,38.89,18.43689735
2019-05-26,17.04,46.42,16.291487399999998
2019-05-27,14.67,44.63,14.61822905
2019-05-28,18.91,38.77,17.42486635
2019-05-29,20.89,41.52,18.834720400000002
2019-05-30,24.52,30.42,20.685446199999998
2019-05-31,24.24,27.11,20.3352827
2019-06-01,24.32,33.08,20.7056508
2019-06-02,22.92,38.73,20.0825863
2019-06-03,25.11,31.92,21.137191599999998
2019-06-04,28.08,22.74,22.309450599999998
2019-06-05,30.93,20.82,23.7748993
2019-06-06,31.68,25.85,24.6735665
2019-06-07,27.7,26.52,22.365351999999998
2019-06-08,24.85,18.25,20.19638125
2019-06-09,24.33,14.8,19.723661999999997
2019-06-10,26.68,13.54,20.8880446
2019-06-11,31.2,12.36,23.150266
2019-06-12,33.43,16.82,24.769714299999997
2019-06-13,32.21,15.19,23.94908195
2019-06-14,30.55,23.28,23.777542
2019-06-15,31.09,21.66,23.9418667
2019-06-16,30.12,22.69,23.4782979
2019-06-17,28.3,29.52,22.950567999999997
2019-06-18,29.96,29.77,23.988343099999998
2019-06-19,32.47,19.21,24.48512035
2019-06-20,32.99,20.4,24.895077999999998
2019-06-21,29.19,19.53,22.68842635
2019-06-22,25.89,13.59,20.47684555
2019-06-23,26.64,12.89,20.8236653
2019-06-24,29.43,13.64,22.3385486
2019-06-25,30.37,17.29,23.15065765
2019-06-26,27.42,21.5,21.84179
2019-06-27,26.97,16.41,21.236979849999997
2019-06-28,27.65,14.26,21.4488545
2019-06-29,28.29,12.39,21.64521955
2019-06-30,29.3,11.93,22.131102
2019-07-01,29.54,12.54,22.3053088
2019-07-02,31.03,11.82,23.013115300000003
2019-07-03,30.87,15.41,23.25393935
2019-07-04,29.31,16.5,22.5085075
2019-07-05,29.56,15.33,22.5467839
2019-07-06,31.5,12.98,23.36363
2019-07-07,30.28,12.54,22.6893466
2019-07-08,27.92,18.78,21.925151800000002
2019-07-09,28.15,21.32,22.243098999999997
2019-07-10,30.86,15.58,23.2638884
2019-07-11,33.68,11.94,24.390550599999997
2019-07-12,34.46,14.7,25.095765999999998
2019-07-13,35.16,14.83,25.482132899999996
2019-07-14,34.99,10.29,24.88013155
2019-07-15,33.81,10.01,24.25261205
2019-07-16,33.49,12.4,24.340618
2019-07-17,31.96,19.7,24.248791
2019-07-18,31.36,12.59,23.2544707
2019-07-19,31.2,11.7,23.089644999999997
2019-07-20,31.13,16.08,23.454257199999997
2019-07-21,31.94,16.07,23.8894344
2019-07-22,34.55,11.66,24.8083065
2019-07-23,32.44,19.98,24.544426599999998
2019-07-24,33.31,22.94,25.3377577
2019-07-25,32.89,30.76,25.8867202
2019-07-26,32.84,32.83,26.0645621
2019-07-27,34.56,23.44,26.113135200000002
2019-07-28,35.79,16.22,25.979780899999998
2019-07-29,35.58,11.06,25.268296399999997
2019-07-30,35.22,8.94,24.842802399999997
2019-07-31,33.9,10.17,24.315139
2019-08-01,31.19,20.82,23.9216719
2019-08-02,32.65,6.93,23.35928725
2019-08-03,34.07,9.41,24.31934535
2019-08-04,33.35,7.9,23.8015325
2019-08-05,35.08,7.7,24.632562999999998
2019-08-06,34.34,13.3,24.879296
2019-08-07,32.53,19.3,24.527384499999997
2019-08-08,30.65,25.88,24.066291
2019-08-09,31.03,11.59,22.99220485
2019-08-10,29.41,12.56,22.2394828
2019-08-11,28.52,21.31,22.4522141
2019-08-12,29.35,17.37,22.601194749999998
2019-08-13,31.76,10.45,23.2590185
2019-08-14,33.93,11.72,24.4959578
2019-08-15,35.37,8.92,24.915382199999996
2019-08-16,34.09,11.62,24.567496900000002
2019-08-17,33.14,11.44,24.0608288
2019-08-18,30.25,15.96,22.970035
2019-08-19,30.28,11.59,22.6068961
2019-08-20,30.9,10.58,22.834316
2019-08-21,31.59,11.22,23.2451239
2019-08-22,31.85,13.11,23.558521749999997
2019-08-23,31.4,19.95,23.959352499999998
2019-08-24,31.53,11.17,23.20973805
2019-08-25,32.07,15.6,23.914006
2019-08-26,34.06,13.98,24.8059684
2019-08-27,34.47,16.81,25.332826349999998
2019-08-28,35.63,17.22,26.0097223
2019-08-29,33.06,13.68,24.2484544
2019-08-30,31.92,19.45,24.2025045
2019-08-31,33.02,10.84,23.938162400000003
2019-09-01,31.56,9.94,23.109670199999996
2019-09-02,31.94,16.46,23.9268432
2019-09-03,32.67,21.92,24.867075200000002
2019-09-04,33.95,23.61,25.77817975
2019-09-05,30.89,28.68,24.4608586
2019-09-06,32.53,27.01,25.29194665
2019-09-07,32,26.4,24.916
2019-09-08,28.26,20.13,22.2154384
2019-09-09,27.32,19.8,21.665098
2019-09-10,24.87,22.19,20.43210665
2019-09-11,24.03,21.09,19.89393235
2019-09-12,25.45,14.71,20.313409749999998
2019-09-13,28.1,11.72,21.496656
2019-09-14,30.11,10.06,22.3882013
2019-09-15,29.17,11.5,22.029377500000002
2019-09-16,27.1,13.79,21.125647
2019-09-17,23.11,25.03,19.559795649999998
2019-09-18,24.04,17.55,19.713848499999997
2019-09-19,23.05,24.65,19.50666625
2019-09-20,20.93,23.67,18.230589549999998
2019-09-21,21.24,17.48,18.180983599999998
2019-09-22,24.02,14.62,19.5495032
2019-09-23,25.44,15.38,20.348414599999998
2019-09-24,25.29,20.83,20.59165635
2019-09-25,27.64,19.09,21.7926343
2019-09-26,27.12,29.79,22.2467239
2019-09-27,25.44,44.15,22.0795055
2019-09-28,23.4,38.61,20.3949595
2019-09-29,17.07,26.94,16.0372969
2019-09-30,16.41,20.79,15.57789895
2019-10-01,16.52,21.11,15.6435321
2019-10-02,17.08,16.51,15.895276899999999
2019-10-03,20.09,11.24,17.3610738
2019-10-04,20.45,10.63,17.52536675
2019-10-05,19.69,10.98,17.148924100000002
2019-10-06,20.87,13.73,17.847530550000002
2019-10-07,22.23,12.17,18.49590755
2019-10-08,23.93,10.86,19.3067539
2019-10-09,24.29,11.63,19.53171735
2019-10-10,15.55,9.65,15.02822875
2019-10-11,13.54,9.01,14.0204272
2019-10-12,17.45,5.22,15.9121945
2019-10-13,18.21,4.77,16.26683185
2019-10-14,18.87,10.52,16.7193482
2019-10-15,20.71,10.86,17.6654233
2019-10-16,21.91,15.47,18.46497985
2019-10-17,22.88,19.44,19.1669896
2019-10-18,18.39,18.19,16.63967505
2019-10-19,17.99,13.78,16.3350071
2019-10-20,16.67,25.55,15.781439250000002
2019-10-21,17.81,25.21,16.44844805
2019-10-22,18.79,24.38,17.0057461
2019-10-23,20.38,18.49,17.7439666
2019-10-24,17.46,15.59,16.0858052
2019-10-25,18.38,14.56,16.5567104
2019-10-26,20.77,18.84,17.9711974
2019-10-27,15.29,17.71,14.932449949999999
2019-10-28,8.54,11.76,11.4325072
2019-10-29,10.4,8.62,12.460619000000001
2019-10-30,4.6,13.29,9.3213595
2019-10-31,7.78,8.01,11.179950400000001
2019-11-01,11.8,6.66,13.186099
2019-11-02,15.18,11.08,14.8474392
2019-11-03,16.55,12.2,15.560055
2019-11-04,17.17,12.34,15.882712900000001
2019-11-05,17.89,19.05,16.38068725
2019-11-06,18.6,18.4,16.75992
2019-11-07,18.48,14.52,16.6088428
2019-11-08,18.71,13.24,16.7010722
2019-11-09,18.85,12.61,16.75919425
2019-11-10,17.6,11.65,16.093632500000002
2019-11-11,17.04,18.77,15.9052169
2019-11-12,17.48,20.11,16.1706029
2019-11-13,17.46,20.77,16.170135600000002
2019-11-14,18.04,17.03,16.4245741
2019-11-15,16.85,20.4,15.82117
2019-11-16,16.23,25.46,15.5207519
2019-11-17,16.24,23.05,15.5035885
2019-11-18,18.09,21.87,16.54732315
2019-11-19,17.05,20.75,15.93851875
2019-11-20,13.2,58.73,13.4950805
2019-11-21,8.61,62.43,9.82708015
2019-11-22,10.27,53.73,11.34647155
2019-11-23,10.3,47.97,11.501893
2019-11-24,10.17,38.55,11.63343175
2019-11-25,10.82,29.79,12.2410504
2019-11-26,4.72,35.05,8.213660500000001
2019-11-27,5.05,47.05,7.802076250000001
2019-11-28,2.62,85.27,3.5824582000000014
2019-11-29,3.78,80.75,4.91498
2019-11-30,2.17,51.69,5.4461426500000005
2019-12-01,4.93,46.84,7.7280766
2019-12-02,6.31,51.17,8.50954735
2019-12-03,7.45,55.76,9.165406
2019-12-04,8.59,62.06,9.8232397
2019-12-05,7.38,89.53,7.7900052
2019-12-06,9.68,68.99,10.5020751
2019-12-07,8.2,81.5,8.841025
2019-12-08,10.11,85.32,10.4644486
2019-12-09,9.36,58.97,10.5199181
2019-12-10,6.89,45.36,9.1769572
2019-12-11,8.23,41.38,10.2515107
2019-12-12,8.64,48.49,10.3001673
2019-12-13,10.17,58.47,11.15903695
2019-12-14,9.28,73.55,10.039379499999999
2019-12-15,7.9,53.42,9.590854
2019-12-16,2.91,45.6,6.377728000000001
2019-12-17,2.92,30.7,7.333717
2019-12-18,4.21,31.98,8.059591900000001
2019-12-19,5.93,29.79,9.23934835
2019-12-20,8.05,36.53,10.301598250000001
2019-12-21,8.88,36.43,10.8449487
2019-12-22,8.74,35.9,10.770688
2019-12-23,7.34,52.43,9.213306600000001
2019-12-24,6.15,78.19,7.151624250000001
2019-12-25,5.54,66.79,7.1765888
2019-12-26,4.16,67.67,5.998607100000001
2019-12-27,4.39,53.55,6.972852250000001
2019-12-28,2.3,45.43,5.961647
2019-12-29,3.37,47.63,6.57582955
2019-12-30,4.88,57.17,7.146135300000001
2019-12-31,5.98,53,8.18242
2020-01-01,6.22,42.47,8.839916200000001
2020-01-02,7.24,54.25,9.0667975
2020-01-03,7.61,51.9,9.4327495
2020-01-04,7.9,52.84,9.611908
2020-01-05,8.31,46.75,10.12289625
2020-01-06,5.87,40.07,8.71457745
2020-01-07,8.52,32.58,10.737443800000001
2020-01-08,7.46,38.82,9.8288896
2020-01-09,6.86,43.18,9.2475764
2020-01-10,4.24,50.42,7.037799400000001
2020-01-11,4.59,36.63,8.04398185
2020-01-12,5.48,41.45,8.3846655
2020-01-13,5.34,54.05,7.654961
2020-01-14,4.01,70.88,5.690078400000001
2020-01-15,6.47,44.35,8.92778225
2020-01-16,6.84,41.25,9.3151375
2020-01-17,6.43,46.57,8.80149055
2020-01-18,7.01,28.92,9.9381406
2020-01-19,8.81,34.35,10.86451675
2020-01-20,11.32,35.55,12.4472305
2020-01-21,10.42,46.41,11.6225596
2020-01-22,8.8,69.06,9.769969000000001
2020-01-23,10.07,57.51,11.105268850000002
2020-01-24,12.63,44.26,13.203285900000001
2020-01-25,11.94,38.78,12.8019776
2020-01-26,11.83,37.72,12.7445818
2020-01-27,10.58,49.15,11.676326
2020-01-28,11.45,41.48,12.431673
2020-01-29,8.91,43.76,10.639098800000001
2020-01-30,8.45,36.03,10.57860175
2020-01-31,10.24,47.37,11.473120900000001
2020-02-01,13.1,36.77,13.586871
2020-02-02,14.04,34.01,14.206954699999999
2020-02-03,4.88,29.23,8.624440700000001
2020-02-04,1.02,26.26,6.4870836
2020-02-05,2.96,34.65,7.1077645
2020-02-06,8.4,56.77,9.8503665
2020-02-07,10.15,46.41,11.43214075
2020-02-08,11.9,30.62,12.892134
2020-02-09,8.87,38.48,10.7749668
2020-02-10,8.34,30.56,10.6926272
2020-02-11,7.14,32.73,9.8630896
2020-02-12,8.95,31.54,11.0397415
2020-02-13,10.19,32.21,11.79696195
2020-02-14,10.27,36.55,11.74616425
2020-02-15,11.6,35.67,12.6260635
2020-02-16,11.95,39.95,12.79220125
2020-02-17,12.84,39.48,13.3925476
2020-02-18,8.51,27.34,10.9037837
2020-02-19,9.75,26.14,11.6795925
2020-02-20,10.07,25.58,11.8832433
2020-02-21,11.84,24.37,12.9464669
2020-02-22,12.84,38.36,13.4027732
2020-02-23,11.44,58.96,12.1307032
2020-02-24,13.44,33.12,13.8299104
2020-02-25,10.99,32.18,12.2992651
2020-02-26,10.99,27.41,12.39134995
2020-02-27,12.9,26.76,13.544512000000001
2020-02-28,15.42,24.73,15.0391338
2020-02-29,14.79,28.82,14.676467899999999
2020-03-01,11.64,47.61,12.4640947
2020-03-02,9.58,33.77,11.3721838
2020-03-03,11.33,27.56,12.5929914
2020-03-04,14.01,34.27,14.18714235
2020-03-05,16.69,29.09,15.83588905
2020-03-06,18.12,27.77,16.6819007
2020-03-07,14.34,38.31,14.394287199999999
2020-03-08,11.8,43.59,12.637688500000001
2020-03-09,12.14,42.26,12.8894652
2020-03-10,13.02,42.5,13.48805
2020-03-11,12.91,68.95,13.18153225
2020-03-12,14.88,54.07,14.7840063
2020-03-13,13.43,71.13,13.59989995
2020-03-14,11.64,66.67,12.164280900000001
2020-03-15,11.08,64.97,11.738914300000001
2020-03-16,9.97,60.61,10.951401850000002
2020-03-17,9.27,54.43,10.58082105
2020-03-18,7.98,43.26,10.014696400000002
2020-03-19,7.25,51.82,9.1711775
2020-03-20,7.46,70.94,8.5852032
2020-03-21,10.5,46.56,11.67568
2020-03-22,12.86,44.41,13.3614218
2020-03-23,12.37,59.29,12.84691765
2020-03-24,12.19,59.68,12.7022656
2020-03-25,11.62,42.84,12.525414399999999
2020-03-26,8.73,46.52,10.4271878
2020-03-27,8.56,40.76,10.495370800000002
2020-03-28,10.34,32.18,11.8917216
2020-03-29,11.79,47.36,12.5745992
2020-03-30,12.69,39.47,13.29257615
2020-03-31,15.62,33.86,15.2125776
2020-04-01,18.59,33.9,17.1030805
2020-04-02,14.36,27.27,14.4160021
2020-04-03,13.77,21.31,14.08594035
2020-04-04,15.2,31.36,14.935736
2020-04-05,13.77,49.28,13.9736408
2020-04-06,11.88,62.44,12.421239600000002
2020-04-07,10.22,63.98,11.0679108
2020-04-08,13.32,55.28,13.6102328
2020-04-09,8.42,67.04,9.5221824
2020-04-10,10.24,49.48,11.4236836
2020-04-11,13.44,46.4,13.752488
2020-04-12,17.47,42.39,16.52894065
2020-04-13,14.71,39.85,14.640526750000001
2020-04-14,12.51,24.16,13.3400688
2020-04-15,15.67,22.51,15.17135185
2020-04-16,18.18,33.72,16.8384928
2020-04-17,17.42,34.86,16.373851600000002
2020-04-18,15.32,46.26,15.0776326
2020-04-19,16.41,48.8,15.872144
2020-04-20,17.15,42.11,16.306253249999997
2020-04-21,17.64,49.98,16.7761546
2020-04-22,19.98,33.32,17.9702648
2020-04-23,22.9,31.52,19.736224
2020-04-24,21.95,27.37,18.973985749999997
2020-04-25,23.79,25.86,20.0018167
2020-04-26,25.04,26.54,20.7815238
2020-04-27,23.67,28.46,20.0618801
2020-04-28,26.52,24.69,21.5412559
2020-04-29,28.9,23.77,22.862584
2020-04-30,27.84,29.75,22.6857575
2020-05-01,26.04,23.16,21.1629652
2020-05-02,24.31,24.32,20.2266856
2020-05-03,23.55,22.87,19.71085425
2020-05-04,22.25,17.96,18.753045
2020-05-05,24.37,12.78,19.6352623
2020-05-06,26.45,14.23,20.81276675
2020-05-07,24.71,13.95,19.87786225
2020-05-08,26.06,13.3,20.547614
2020-05-09,27.96,14.84,21.6556052
2020-05-10,28.38,17.85,22.108669
2020-05-11,25.18,21.51,20.5694974
2020-05-12,21.99,20.75,18.72529625
2020-05-13,20.49,28.46,18.1331147
2020-05-14,21.85,23.54,18.7591045
2020-05-15,23.63,26.33,19.93066095
2020-05-16,25.06,22.48,20.5576384
2020-05-17,25.47,26.41,21.02994735
2020-05-18,21.75,34.9,19.154137499999997
2020-05-19,17.67,35.3,16.5419555
2020-05-20,17.74,27.86,16.454465199999998
2020-05-21,21.02,19.55,18.135063
2020-05-22,23.7,18.37,19.569522
2020-05-23,20.66,16.91,17.8449108
2020-05-24,22.51,13.08,18.6807394
2020-05-25,25.16,15.06,20.1799678
2020-05-26,28.56,14.19,21.924312699999998
2020-05-27,31.67,16.11,23.74784785
2020-05-28,33.03,16.34,24.5037911
2020-05-29,32.03,17.58,24.0834757
2020-05-30,27.6,23,22.05215
2020-05-31,24.42,23.49,20.2456144
2020-06-01,25.48,24.48,20.9193472
2020-06-02,27.35,21.93,21.83240275
2020-06-03,27.79,30.96,22.7435212
2020-06-04,32.35,14.99,24.00414325
2020-06-05,31.28,20.16,23.911566399999998
2020-06-06,25.75,30.08,21.4237
2020-06-07,22.17,15.39,18.60072715
2020-06-08,19.11,15.71,16.97282705
2020-06-09,22.23,10.5,18.4249075
2020-06-10,26.92,10.28,20.7912268
2020-06-11,30.21,8.93,22.34109665
2020-06-12,29.05,9.44,21.802936
2020-06-13,24.73,20.59,20.26199635
2020-06-14,25.27,17.47,20.381335449999998
2020-06-15,28.18,12.13,21.568661199999998
2020-06-16,28.74,23.5,22.74852
2020-06-17,26.09,15.18,20.6831491
2020-06-18,25.7,8.5,20.063599999999997
2020-06-19,29.02,9.24,21.7719064
2020-06-20,31.02,11.28,22.9589008
2020-06-21,31.54,15.2,23.592544
2020-06-22,32.2,14.06,23.833741000000003
2020-06-23,33.57,11.38,24.2750913
2020-06-24,33.14,12.88,24.2084576
2020-06-25,32.5,17.07,24.28993
2020-06-26,31.43,27.66,24.694060899999997
2020-06-27,33.75,18.36,25.106364999999997
2020-06-28,32.82,16.86,24.4428136
2020-06-29,25.71,15.89,20.52419795
2020-06-30,25.28,15.47,20.2682163
2020-07-01,27.98,14.76,21.6603064
2020-07-02,28.6,17.02,22.164901
2020-07-03,29.58,12.97,22.361731799999998
2020-07-04,29.95,11.64,22.441609
2020-07-05,31.51,9.45,23.03859475
2020-07-06,32.4,8.55,23.396747499999996
2020-07-07,31.82,9.07,23.158008199999998
2020-07-08,29.56,9.34,22.0506322
2020-07-09,30.43,9.43,22.49470945
2020-07-10,31.28,9.17,22.8972993
2020-07-11,35.25,12.7,25.2868875
2020-07-12,36.22,10.6,25.540276
2020-07-13,36.19,11.2,25.596604
2020-07-14,33.24,9.69,23.931748300000002
2020-07-15,31.83,15.98,23.8216337
2020-07-16,32.5,14.39,24.02461
2020-07-17,33.1,13.49,24.250027
2020-07-18,33.6,11.6,24.31358
2020-07-19,34.54,13.45,25.000459
2020-07-20,34.19,15.96,25.0888882
2020-07-21,33.92,14.47,24.7845407
2020-07-22,32.86,12.75,24.049495
2020-07-23,30.03,11.99,22.51262585
2020-07-24,29.34,15.51,22.4439262
2020-07-25,30.99,14.56,23.241019199999997
2020-07-26,31.91,12.46,23.5276073
2020-07-27,33.51,12.81,24.39384955
2020-07-28,33.3,13.98,24.405531999999997
2020-07-29,34.18,10.38,24.479531199999997
2020-07-30,34.23,8.93,24.34753895
2020-07-31,34.24,9.03,24.363387099999997
2020-08-01,33.97,11.2,24.460852
2020-08-02,32.77,7.17,23.441977450000003
2020-08-03,33.17,7.94,23.7168189
2020-08-04,32.14,9.01,23.312150199999998
2020-08-05,30.24,19.17,23.242546899999997
2020-08-06,28.57,20.8,22.441108
2020-08-07,27.71,20.8,21.955724
2020-08-08,29.64,17.03,22.7310881
2020-08-09,31.69,14.02,23.561020900000003
2020-08-10,32.28,12.84,23.756623599999998
2020-08-11,31.65,13.75,23.51446875
2020-08-12,31.78,18.49,24.0332896
2020-08-13,33.04,11.23,23.9881231
2020-08-14,34.57,18.72,25.5979072
2020-08-15,36.91,17.24,26.7094162
2020-08-16,37.06,18.37,26.9313496
2020-08-17,37.28,17.51,26.9448279
2020-08-18,37.69,12.8,26.568075999999998
2020-08-19,36.47,21.97,27.04124495
2020-08-20,35.18,24.49,26.5914926
2020-08-21,34.96,15.19,25.4163307
2020-08-22,34.14,15.75,25.039315000000002
2020-08-23,33.39,21.72,25.2570994
2020-08-24,33.77,25.34,25.8571599
2020-08-25,34.2,18.16,25.332636
2020-08-26,33.05,18.59,24.744144749999997
2020-08-27,31.42,21.12,24.079427199999998
2020-08-28,30.78,12.28,22.9255512
2020-08-29,31.73,10.49,23.24758485
2020-08-30,30.69,10.6,22.729377
2020-08-31,30.4,11.15,22.6300675
2020-09-01,29.8,13.62,22.531123
2020-09-02,31.05,11.95,23.03524875
2020-09-03,32.37,12.79,23.798565149999998
2020-09-04,34.57,11.43,24.79320055
2020-09-05,35.55,10.05,25.136038749999997
2020-09-06,36.05,12.18,25.6411345
2020-09-07,33.55,13.88,24.526776999999996
2020-09-08,28.2,14.16,21.731956
2020-09-09,21.48,12.07,18.1043673
2020-09-10,22.17,13.16,18.5066546
2020-09-11,24.79,11.68,19.791529599999997
2020-09-12,26.89,11.17,20.83667965
2020-09-13,29.19,7.79,21.73989305
2020-09-14,29.37,13.86,22.3250401
2020-09-15,29.66,19.92,22.9829296
2020-09-16,30.02,12.8,22.576608
2020-09-17,29.82,14.85,22.645260999999998
2020-09-18,29.51,11.19,22.17829045
2020-09-19,27.68,30.79,22.6629671
2020-09-20,26.73,13.1,20.8846715
2020-09-21,28.87,13.18,22.0081813
2020-09-22,28.43,14.03,21.84340845
2020-09-23,26.76,16.94,21.1592642
2020-09-24,27.43,15.84,21.4449616
2020-09-25,26.65,17.09,21.109539249999997
2020-09-26,26.83,17.17,21.212883549999997
2020-09-27,27.43,25.17,22.10846455
2020-09-28,25.35,14.66,20.2573355
2020-09-29,24.48,11.44,19.6189416
2020-09-30,27.38,10.42,21.034152799999998
2020-10-01,27.75,8.62,21.0906825
2020-10-02,28.44,6.65,21.2828555
2020-10-03,27.69,6.52,20.9084934
2020-10-04,27.78,6.18,20.9273872
2020-10-05,26.5,6.98,20.360680000000002
2020-10-06,26.02,9.23,20.2688128
2020-10-07,27.16,9.1,20.830633
2020-10-08,25.79,16.6,20.611276999999998
2020-10-09,23.43,19.98,19.4998177
2020-10-10,21.96,28.03,19.0070709
2020-10-11,22.5,30.85,19.4574
2020-10-12,22.17,21.31,18.85046235
2020-10-13,24.29,14.77,19.70079065
2020-10-14,25.38,13.52,20.2050368
2020-10-15,24.39,21.94,20.1439263
2020-10-16,23.05,13.5,18.9823375
2020-10-17,22.81,11.79,18.778361949999997
2020-10-18,24.04,12.07,19.4263129
2020-10-19,23.8,13.62,19.381663
2020-10-20,23.18,14.75,19.110165
2020-10-21,23.34,11.5,19.037129999999998
2020-10-22,21.85,14.6,18.397705000000002
2020-10-23,19.33,18.69,17.16999985
2020-10-24,18.96,32.15,17.2956395
2020-10-25,18.66,34.73,17.1666224
2020-10-26,9.78,12.16,12.060326400000001
2020-10-27,11.45,9.95,12.96058875
2020-10-28,15.22,24.94,14.9227624
2020-10-29,18.1,12.84,16.374232
2020-10-30,19.57,13.35,17.15376475
2020-10-31,19.19,12.1,16.9226195
2020-11-01,20.14,10.11,17.351612199999998
2020-11-02,21.32,14.78,18.1233978
2020-11-03,20.92,26.43,18.3222433
2020-11-04,21.65,22.21,18.59090825
2020-11-05,21.17,17.16,18.1310146
2020-11-06,21.83,17.22,18.4927243
2020-11-07,12.99,40.78,13.4818221
2020-11-08,7.19,53.99,9.039832050000001
2020-11-09,6.41,31.78,9.4454489
2020-11-10,6.66,25.17,9.886669600000001
2020-11-11,9.5,26.93,11.509425
2020-11-12,11.48,21.61,12.7820579
2020-11-13,12.12,22.3,13.137093
2020-11-14,12.6,35.15,13.2776825
2020-11-15,14.05,19.39,14.24950975
2020-11-16,14.96,21.74,14.762002200000001
2020-11-17,17.61,15.66,16.1673643
2020-11-18,15.76,27.8,15.259654
2020-11-19,13.69,45.48,13.9328866
2020-11-20,13.03,20.11,13.67591065
2020-11-21,13.69,27.65,14.01231925
2020-11-22,14.06,23.22,14.245807600000001
2020-11-23,12.24,24.15,13.1828155
2020-11-24,9.14,38.58,10.9506616
2020-11-25,10.67,26.51,12.21806685
2020-11-26,7.49,34.19,10.02730455
2020-11-27,5.88,24.51,9.4589809
2020-11-28,8.29,27.52,10.7655544
2020-11-29,9.74,24.67,11.7121394
2020-11-30,11.16,19.25,12.6433775
2020-12-01,11.31,17.83,12.75167265
2020-12-02,9.05,22.93,11.36017325
2020-12-03,5.77,22.1,9.5103685
2020-12-04,7.71,11.5,11.0150325
2020-12-05,8.58,9.89,11.513981600000001
2020-12-06,9.56,13.36,11.914008800000001
2020-12-07,10.18,16.97,12.1527928
2020-12-08,9.73,17.2,11.902258
2020-12-09,12.7,11.88,13.572388
2020-12-10,11.66,16.38,12.966144400000001
2020-12-11,8.92,24.03,11.2515193
2020-12-12,5.65,48.73,8.145567250000001
2020-12-13,3.74,30.47,7.854785400000001
2020-12-14,5.33,24.48,9.138851200000001
2020-12-15,4.28,49.18,7.136592200000001
2020-12-16,7.61,31.54,10.2042917
2020-12-17,9.3,42.45,10.94593
2020-12-18,5.96,54.27,8.1079381
2020-12-19,6.34,31.04,9.434924800000001
2020-12-20,8.91,27.13,11.150388150000001
2020-12-21,11.19,22.15,12.60725925
2020-12-22,11.81,30.88,12.832630400000001
2020-12-23,5.47,29.44,8.9743624
2020-12-24,3.94,15.22,8.864022400000001
2020-12-25,6.36,13.15,10.2482745
2020-12-26,6.59,24.68,9.8667966
2020-12-27,7.06,36.99,9.6383692
2020-12-28,5.34,64.13,7.1471306000000006
2020-12-29,5.22,55.85,7.473416
2020-12-30,3.27,26.31,7.821462850000001
2020-12-31,7.58,17.33,10.7264202
2021-01-01,4.93,44.12,7.8712438
2021-01-02,6.39,31.81,9.43161495
2021-01-03,7.46,32.91,10.0577248
2021-01-04,9.86,41.82,11.3447536
2021-01-05,8.66,42.99,10.4911612
2021-01-06,8.49,28.41,10.85640745
2021-01-07,8.79,28.85,11.02446575
2021-01-08,7.95,25.51,10.63350225
2021-01-09,7.28,37.41,9.7654489
2021-01-10,5.24,35.02,8.5494314
2021-01-11,7.15,26.01,10.14104575
2021-01-12,6.91,21.54,10.1853127
2021-01-13,9.71,20.9,11.7938895
2021-01-14,11.57,50.82,12.3625357
2021-01-15,11.03,35.07,12.26918905
2021-01-16,13.04,28.27,13.6159919
2021-01-17,12.06,26.86,13.0415388
2021-01-18,12.44,24.92,13.2906564
2021-01-19,8.17,24.93,10.78356205
2021-01-20,8.76,36.81,10.7549083
2021-01-21,11.16,38.88,12.282774400000001
2021-01-22,9.84,52.03,11.0694711
2021-01-23,6.82,56.01,8.678137600000001
2021-01-24,5.39,47.75,8.00798625
2021-01-25,4.46,64.48,6.4214144
2021-01-26,3.65,50.17,6.623605250000001
2021-01-27,2.72,57.32,5.4852372
2021-01-28,4.89,57.59,7.13158055
2021-01-29,6.3,66.42,7.814458
2021-01-30,5.25,66.65,6.946681250000001
2021-01-31,7.27,39.18,9.688507300000001
2021-02-01,10.34,34.93,11.8288016
2021-02-02,11.3,41.35,12.33224
2021-02-03,11.88,44.13,12.685086700000001
2021-02-04,7.5,39.08,9.84542
2021-02-05,7.59,34.23,10.08958885
2021-02-06,8.96,35.6,10.922268
2021-02-07,11.72,25.73,12.8555883
2021-02-08,12.26,22.35,13.216648
2021-02-09,10.63,34.56,12.022890400000001
2021-02-10,11.96,40.73,12.788001900000001
2021-02-11,12.91,41.22,13.4240311
2021-02-12,12.56,48.25,13.1121725
2021-02-13,12.99,38.75,13.49868125
2021-02-14,7.93,34.44,10.2990106
2021-02-15,9.58,36.85,11.288839
2021-02-16,10.5,42.29,11.76962
2021-02-17,6.09,35.68,9.065121600000001
2021-02-18,4.66,28.66,8.5209208
2021-02-19,8.7,21.21,11.213401
2021-02-20,9.43,27.8,11.443297
2021-02-21,6.63,35.52,9.4210168
2021-02-22,9.69,27.95,11.59608275
2021-02-23,14.06,27.95,14.234361
2021-02-24,11.43,21.02,12.7635773
2021-02-25,7.27,18.46,10.5124381
2021-02-26,9.5,16.92,11.7847
2021-02-27,9.04,27.82,11.2075654
2021-02-28,5.14,24.4,9.031888
2021-03-01,8.65,17.5,11.3044375
2021-03-02,10.91,16.03,12.567987650000001
2021-03-03,12.4,15.32,13.378054
2021-03-04,9.9,51.19,11.134893
2021-03-05,13.69,28.44,14.0087998
2021-03-06,15.33,19.49,14.96247185
2021-03-07,13.59,39.02,13.8952049
2021-03-08,13.93,39.56,14.1194794
2021-03-09,11.56,27.9,12.725857000000001
2021-03-10,7.1,45.92,9.301055999999999
2021-03-11,5.39,58.58,7.4653491
2021-03-12,6.33,44.67,8.81625355
2021-03-13,7.99,36.8,10.252876
2021-03-14,11.55,23.83,12.78585825
2021-03-15,10.67,39.94,11.935163900000001
2021-03-16,8.63,37.22,10.6568523
2021-03-17,10.38,37.11,11.805087400000001
2021-03-18,14.5,27.03,14.5
2021-03-19,16.21,29.37,15.545724850000001
2021-03-20,15.22,49.13,15.0185548
2021-03-21,11.26,23.39,12.6251902
2021-03-22,10.72,21.29,12.356380900000001
2021-03-23,11.89,35.48,12.8161846
2021-03-24,10.57,24.55,12.20085175
2021-03-25,12.82,20.86,13.5512536
2021-03-26,12.58,26.43,13.3568992
2021-03-27,12.2,21.33,13.1951755
2021-03-28,17.76,17.38,16.2786234
2021-03-29,18.78,14.04,16.7565016
2021-03-30,15.23,11.86,14.8761179
2021-03-31,14.29,12.16,14.3914552
2021-04-01,17.21,9.27,15.85766935
2021-04-02,19.16,16.84,17.028609199999998
2021-04-03,21.65,12.57,18.21181525
2021-04-04,21.73,15.32,18.3626998
2021-04-05,23.26,17,19.26106
2021-04-06,18.61,15.38,16.6971649
2021-04-07,19.98,13.1,17.360834
2021-04-08,21.66,16.06,18.3544428
2021-04-09,19.88,12.98,17.3050782
2021-04-10,21.13,13.37,17.97103705
2021-04-11,21.66,12.62,18.2189756
2021-04-12,20.94,11.32,17.7989544
2021-04-13,21.76,16.36,18.420254800000002
2021-04-14,17.69,22.72,16.334122400000002
2021-04-15,16.1,19.31,15.389928000000001
2021-04-16,16.78,17.91,15.750591400000001
2021-04-17,17.03,20.13,15.918608950000001
2021-04-18,16.56,15.16,15.5987628
2021-04-19,21.74,6.76,18.0271832
2021-04-20,22.21,13.63,18.54748015
2021-04-21,19.9,23.67,17.632998999999998
2021-04-22,18.5,25.66,16.86452
2021-04-23,20.44,15.99,17.6953933
2021-04-24,20.7,25.48,18.158868
2021-04-25,18.37,26.38,16.8029983
2021-04-26,15.72,35.27,15.2856617
2021-04-27,15.8,22.72,15.247448
2021-04-28,16.67,17.34,15.6834529
2021-04-29,21.99,12.25,18.375138749999998
2021-04-30,27.32,9.89,20.9663439
2021-05-01,26.48,12.87,20.739004299999998
2021-05-02,23.73,20.72,19.705350799999998
2021-05-03,20.31,19.43,17.735385649999998
2021-05-04,22.81,10.99,18.74179795
2021-05-05,25.62,11.4,20.201224
2021-05-06,27.14,13.59,21.132776800000002
2021-05-07,25.55,18.26,20.582251499999998
2021-05-08,23.41,14.03,19.19704015
2021-05-09,21.77,10.1,18.1753485
2021-05-10,23.42,14.94,19.246956400000002
2021-05-11,22.45,11.16,18.565471
2021-05-12,25.29,10.45,19.97565525
2021-05-13,27.5,14.1,21.35815
2021-05-14,27.8,13.4,21.46521
2021-05-15,25.19,19.06,20.4311327
2021-05-16,22.41,26.85,19.22760925
2021-05-17,23.33,30.41,19.950361649999998
2021-05-18,26.72,22.1,21.484341
2021-05-19,27.17,12.75,21.089983750000002
2021-05-20,23.92,13.91,19.4596771
2021-05-21,14.96,23.88,14.7674164
2021-05-22,15.04,23.79,14.8136563
2021-05-23,17.38,23.12,16.1622208
2021-05-24,20.51,21.24,17.9065882
2021-05-25,24.6,15.78,19.921579
2021-05-26,25.85,14.65,20.52202625
2021-05-27,26.59,14.5,20.9046775
2021-05-28,27.28,14.07,21.2399803
2021-05-29,25.6,17.38,20.556049
2021-05-30,27.68,15.63,21.5640187
2021-05-31,29.69,10.67,22.22692515
2021-06-01,31.27,9.64,22.9356454
2021-06-02,33.95,13,24.643175
2021-06-03,34.37,11.91,24.743084349999997
2021-06-04,34.84,15.68,25.4071216
2021-06-05,33.31,13.48,24.3590734
2021-06-06,30.95,13.44,23.118484
2021-06-07,27.29,20.38,21.689131099999997
2021-06-08,24.26,23.46,20.1513328
2021-06-09,24.11,18.27,19.79016085
2021-06-10,21.3,17.3,18.20702
2021-06-11,24.63,5.43,19.36103245
2021-06-12,28.45,7.81,21.37672225
2021-06-13,31.45,9.31,22.995424749999998
2021-06-14,31.17,15.45,23.41803325
2021-06-15,32.89,16.2,24.414049
2021-06-16,35.75,11.53,25.41006875
2021-06-17,36.18,21.4,26.807736
2021-06-18,33.99,21.93,25.62128635
2021-06-19,36.4,15.3,26.197885
2021-06-20,37.34,12.22,26.3130764
2021-06-21,35.37,10.92,25.1449522
2021-06-22,32.83,11.81,23.93912515
2021-06-23,30,15.76,22.81854
2021-06-24,29.59,25.3,23.3902735
2021-06-25,29.49,14.96,22.4788772
2021-06-26,33.33,12.66,24.2846329
2021-06-27,35.19,15.39,25.561805049999997
2021-06-28,35.99,13.59,25.77677005
2021-06-29,33.42,18.88,24.9786528
2021-06-30,30.42,37.6,24.956256
2021-07-01,32.45,25.53,25.09794925
2021-07-02,33.57,10.52,24.184890199999998
2021-07-03,33.54,12.75,24.40318
2021-07-04,33.41,15.91,24.66421955
2021-07-05,33.97,10.38,24.373042299999998
2021-07-06,35.72,13.61,25.6374231
2021-07-07,37.88,14.68,26.9087012
2021-07-08,38.35,15.52,27.268335999999998
2021-07-09,37.49,17.05,27.00138725
2021-07-10,38.14,20.62,27.8190124
2021-07-11,38.71,16.5,27.5915575
2021-07-12,37.85,20.97,27.70057225
2021-07-13,36.72,24.92,27.5444732
2021-07-14,35.99,22.43,26.82161385
2021-07-15,35.04,17.8,25.753866
2021-07-16,33.98,14.1,24.776674
2021-07-17,34.31,13.95,24.93442225
2021-07-18,32.31,25.99,25.06035045
2021-07-19,33.5,33.67,26.568514999999998
2021-07-20,33.72,26.82,25.9841422
2021-07-21,32.44,24.85,25.024949499999998
2021-07-22,31.87,35.49,25.707037149999998
2021-07-23,34.12,21.34,25.6317994
2021-07-24,32.19,21.95,24.596125249999996
2021-07-25,31.23,31.9,24.9637785
2021-07-26,29.9,38.97,24.730759
2021-07-27,28.48,56,25.09684
2021-07-28,32.09,33.15,25.62259675
2021-07-29,32.54,31.71,25.764266199999998
2021-07-30,30.03,44.69,25.305696349999998
2021-07-31,26.88,57.92,24.0147728
2021-08-01,29.56,43.51,24.8809333
2021-08-02,32.34,32.2,25.687464000000002
2021-08-03,34.24,17.89,25.325317300000002
2021-08-04,35.98,16.9,26.162565999999998
2021-08-05,36.33,14.8,26.100462
2021-08-06,31.63,10.7,23.2166005
2021-08-07,31.43,12.06,23.2414669
2021-08-08,32.3,11.87,23.672072999999997
2021-08-09,31.65,13.29,23.47107925
2021-08-10,32.56,13.34,23.9520622
2021-08-11,32.77,24.58,25.191421300000002
2021-08-12,32.83,20.78,24.843435699999997
2021-08-13,32.91,20.18,24.827825899999997
2021-08-14,33.31,19.59,24.99118345
2021-08-15,34.6,19.93,25.748261499999998
2021-08-16,35.21,19.22,26.008754099999997
2021-08-17,34.03,19.39,25.37127685
2021-08-18,30.65,24.11,23.909070749999998
2021-08-19,26.48,25.72,21.5856908
2021-08-20,27.67,18.92,21.7969702
2021-08-21,28.22,26.49,22.6729354
2021-08-22,27.56,28.92,22.4543236
2021-08-23,29.13,21.26,22.7941859
2021-08-24,29.4,18.23,22.6989485
2021-08-25,30.92,10.66,22.851704599999998
2021-08-26,29.91,13.91,22.61344205
2021-08-27,31.43,7.3,22.7982395
2021-08-28,32.55,7.96,23.412729
2021-08-29,34.24,10.51,24.5240707
2021-08-30,34.06,12.93,24.6930094
2021-08-31,30.76,21.53,23.7424279
2021-09-01,28.19,25.15,22.55416925
2021-09-02,26.69,22.02,21.4618309
2021-09-03,26.98,10.83,20.859371199999998
2021-09-04,29.14,7.19,21.666938799999997
2021-09-05,31.03,9.91,22.83946765
2021-09-06,33.42,9.74,24.0275444
2021-09-07,34.13,14.3,24.877399500000003
2021-09-08,35.08,10.44,24.942703599999998
2021-09-09,34.23,17.57,25.285108549999997
2021-09-10,33.14,26.67,25.622208399999998
2021-09-11,31.97,22.81,24.553198849999998
2021-09-12,30.22,20.64,23.3585344
2021-09-13,29.72,9.9,22.177729
2021-09-14,28.91,10.3,21.8008265
2021-09-15,30.73,8.98,22.6050997
2021-09-16,27.78,17.01,21.7184104
2021-09-17,25.48,22,20.769579999999998
2021-09-18,27.9,23.49,22.261212999999998
2021-09-19,24.87,22.77,20.46518695
2021-09-20,24.59,16.81,19.97337095
2021-09-21,24.71,11.2,19.723436
2021-09-22,27.04,9.35,20.7878695
2021-09-23,27.15,18.31,21.466418249999997
2021-09-24,26.97,13.15,21.013392749999998
2021-09-25,28.53,14.74,21.9509121
2021-09-26,26.1,32.96,21.822848
2021-09-27,24.1,29.21,20.362288
2021-09-28,23.98,29.11,20.2837954
2021-09-29,20.38,13.39,17.579032599999998
2021-09-30,19.57,9.72,17.0525422
2021-10-01,21.4,12.49,18.078995499999998
2021-10-02,23.63,11.19,19.170405849999998
2021-10-03,24.86,11.23,19.8018854
2021-10-04,25.68,16.21,20.5277529
2021-10-05,24.08,28.95,20.3363755
2021-10-06,21.06,49.28,19.2300224
2021-10-07,21.88,41.96,19.5241564
2021-10-08,20.62,45.89,18.7986574
2021-10-09,17.58,29.59,16.3872546
2021-10-10,16.67,21.66,15.7350121
2021-10-11,17.01,23,15.947015
2021-10-12,11.17,26.66,12.5132221
2021-10-13,10.97,22.82,12.4684497
2021-10-14,14.65,23.64,14.587003000000001
2021-10-15,15.24,21.82,14.9218074
2021-10-16,18,15.83,16.3797275
2021-10-17,19.43,14.49,17.11139635
2021-10-18,15.13,29.45,14.88554425
2021-10-19,13,29.44,13.58212
2021-10-20,15.62,28.75,15.181099999999999
2021-10-21,18.13,20.68,16.546376199999997
2021-10-22,19.33,18,17.15167
2021-10-23,18.77,49.31,17.57954535
2021-10-24,17.45,39.6,16.47001
2021-10-25,16.46,60.61,16.0353758
2021-10-26,12.84,45.45,13.3380415
2021-10-27,15.56,37.81,15.197432300000001
2021-10-28,17.56,48.67,16.696116099999998
2021-10-29,19.31,35.17,17.594922349999997
2021-10-30,19.31,32.78,17.531694899999998
2021-10-31,18.71,43.09,17.39224895
2021-11-01,16.52,48.45,15.9472795
2021-11-02,16.94,42.77,16.171973400000002
2021-11-03,18.79,35.21,17.26127995
2021-11-04,19.73,29.17,17.69257505
2021-11-05,18.63,26.57,16.962037549999998
2021-11-06,18.17,26.39,16.68418215
2021-11-07,17.1,22.99,15.998757000000001
2021-11-08,16.23,30.18,15.5656627
2021-11-09,16.61,27.72,15.771190599999999
2021-11-10,16.84,39.11,16.0563457
2021-11-11,16.35,42.68,15.766769
2021-11-12,17.34,37.92,16.3703104
2021-11-13,19.07,25.49,17.19719115
2021-11-14,18.41,22.32,16.7394916
2021-11-15,19.05,17.99,16.99769975
2021-11-16,17.88,18.87,16.3717933
2021-11-17,15.28,29.32,14.976782799999999
2021-11-18,13.34,17.7,13.865074
2021-11-19,15.21,20.18,14.898302900000001
2021-11-20,13.66,31.44,13.9767472
2021-11-21,12.19,27.73,13.10819035
2021-11-22,11.36,18.03,12.775621899999999
2021-11-23,14.23,13.86,14.3579179
2021-11-24,9.75,27.23,11.651116250000001
2021-11-25,7.35,19.07,10.53257225
2021-11-26,10.59,14.85,12.42115075
2021-11-27,12.27,14.95,13.31313825
2021-11-28,14.63,18.33,14.57160595
2021-11-29,16.45,20.85,15.601116249999999
2021-11-30,15.53,26.26,15.1122629
2021-12-01,15.37,22.31,14.998253349999999
2021-12-02,14.57,23.22,14.5404397
2021-12-03,15.49,20.92,15.0594094
2021-12-04,14.83,21.26,14.6870869
2021-12-05,13.03,26.33,13.62562195
2021-12-06,12.62,32.85,13.314331
2021-12-07,12.94,32.53,13.5188926
2021-12-08,12.84,43.85,13.3526495
2021-12-09,9.83,65.53,10.71536195
2021-12-10,5.65,45.49,8.303274250000001
2021-12-11,4.19,23.51,8.527365450000001
2021-12-12,4.92,21.16,9.074079600000001
2021-12-13,4.89,34.53,8.35041685
2021-12-14,6.19,83.07,6.963785650000001
2021-12-15,3.89,50.47,6.780323150000001
2021-12-16,2.23,51.79,5.483451850000002
2021-12-17,3.68,59.96,6.062780400000001
2021-12-18,3.16,44.74,6.6065662000000005
2021-12-19,5.1,31.09,8.662647
2021-12-20,5.32,29.67,8.8709617
2021-12-21,6.04,31.61,9.222186700000002
2021-12-22,6.97,28.45,9.93324325
2021-12-23,7.09,67.62,8.4096469
2021-12-24,9.71,79.91,10.239271050000001
2021-12-25,6.34,75.4,7.4440480000000004
2021-12-26,6.62,56.08,8.5234928
2021-12-27,3.67,59.6,6.0764260000000005
2021-12-28,3.86,71.86,5.506752800000001
2021-12-29,2.1,74.24,3.856832000000001
2021-12-30,4.83,83.38,5.713934700000001
2021-12-31,6.6,80.59,7.4433645
2022-01-01,3.32,41.24,6.9331524
2022-01-02,2.09,30.96,6.8023252
2022-01-03,3.37,25.7,7.918274500000001
2022-01-04,3.85,33.54,7.7428945
2022-01-05,8.1,47.05,9.963840000000001
2022-01-06,10.3,60.11,11.221459000000001
2022-01-07,9.37,59.29,10.51863265
2022-01-08,9.16,46.98,10.7171974
2022-01-09,6.64,44.68,9.031483600000001
2022-01-10,7.74,34.49,10.1756618
2022-01-11,8.32,31.65,10.643216500000001
2022-01-12,9.48,32.24,11.3508536
2022-01-13,12.15,32.54,13.0219205
2022-01-14,10.37,38.24,11.7728784
2022-01-15,7.68,44.27,9.7704323
2022-01-16,9.62,31.32,11.4633712
2022-01-17,11.39,27.87,12.62378365
2022-01-18,11.32,38.04,12.4036804
2022-01-19,10.13,40.6,11.557679
2022-01-20,8.58,42.2,10.461968
2022-01-21,10.3,36.99,11.755531000000001
2022-01-22,7.31,40.06,9.6803273
2022-01-23,7.28,36.65,9.795628500000001
2022-01-24,9.14,36.08,11.0243616
2022-01-25,9.23,32.35,11.190835250000001
2022-01-26,5.05,36.13,8.36964325
2022-01-27,7.71,27.34,10.4234877
2022-01-28,6.13,28.86,9.4049299
2022-01-29,7.78,24.23,10.5804592
2022-01-30,9.04,24.03,11.3213791
2022-01-31,10.84,20.76,12.4351012
2022-02-01,9.31,33.67,11.20338985
2022-02-02,3.04,28.6,7.540342000000001
2022-02-03,3.26,30.74,7.541653200000001
2022-02-04,5.97,33.74,9.0785879
2022-02-05,8.94,24.57,11.246649399999999
2022-02-06,8.39,29.82,10.748398900000002
2022-02-07,10.08,26.83,11.8587627
2022-02-08,12.73,25.7,13.4533105
2022-02-09,12.49,27,13.297015
2022-02-10,13.41,39.72,13.7713786
2022-02-11,14.9,35.16,14.757352000000001
2022-02-12,13.96,23.19,14.1881257
2022-02-13,15.46,15.64,15.0145792
2022-02-14,14.81,19.25,14.67232125
2022-02-15,11.9,39.88,12.759716000000001
2022-02-16,8.7,34.89,10.777009
2022-02-17,8.4,31.95,10.6830775
2022-02-18,10.19,22.03,12.03827885
2022-02-19,13.29,24.16,13.794715199999999
2022-02-20,13.74,20.69,14.0715158
2022-02-21,13.37,31.65,13.79479525
2022-02-22,7.85,36.47,10.17360975
2022-02-23,5.33,35.76,8.5699444
2022-02-24,2.13,28.27,7.010150550000001
2022-02-25,5.1,23.79,9.040057000000001
2022-02-26,6.09,19.7,9.8042765
2022-02-27,9.74,16.12,11.9359784
2022-02-28,13.1,21.12,13.707376
2022-03-01,16.84,15.11,15.7474657
2022-03-02,18.51,13.49,16.60202195
2022-03-03,17.5,14.96,16.09684
2022-03-04,13.79,42.4,14.014928
2022-03-05,8.75,42.91,10.55547125
2022-03-06,8.1,33.36,10.445728
2022-03-07,7.19,25.62,10.1804479
2022-03-08,8.01,25.11,10.68319855
2022-03-09,12.39,25.51,13.254456450000001
2022-03-10,11.04,27.44,12.420816799999999
2022-03-11,7.16,14.82,10.598716600000001
2022-03-12,13.23,12.92,13.8382538
2022-03-13,14.14,18.57,14.3012314
2022-03-14,14.06,23.36,14.245468800000001
2022-03-15,16.37,20.91,15.55655935
2022-03-16,16.74,33.2,15.917024
2022-03-17,13.15,26.58,13.6951435
2022-03-18,15.29,15.73,14.92384685
2022-03-19,16.3,18.64,15.494536
2022-03-20,13.75,37.29,14.00867875
2022-03-21,12.55,17.32,13.436743
2022-03-22,15.85,30.35,15.33284875
2022-03-23,17.97,25.4,16.546259
2022-03-24,20.02,19.84,17.5863424
2022-03-25,22.85,21.07,19.22513975
2022-03-26,24.31,18.48,19.9115884
2022-03-27,21.94,14.48,18.4405216
2022-03-28,16.92,32.21,16.0177151
2022-03-29,14,47.1,14.145475
2022-03-30,17,30.24,16.0408
2022-03-31,18.16,31.39,16.7788807
2022-04-01,18.53,22.59,16.81420735
2022-04-02,21.05,21.34,18.2162735
2022-04-03,19.8,28.61,17.7189815
2022-04-04,20.54,24.76,18.0405272
2022-04-05,23.19,23.4,19.528903
2022-04-06,19.25,14.61,17.01918625
2022-04-07,20.94,9.92,17.7493664
2022-04-08,23.97,9.43,19.25266155
2022-04-09,24.56,12.09,19.695939699999997
2022-04-10,17.64,11.08,16.1043516
2022-04-11,17.87,18.72,16.3634752
2022-04-12,11.42,20.16,12.7724896
2022-04-13,10.81,14.28,12.5496874
2022-04-14,15.25,17.33,14.90898625
2022-04-15,17.93,28.91,16.588887149999998
2022-04-16,19.05,27.54,17.2366885
2022-04-17,18.78,26.21,17.0429834
2022-04-18,21.92,13.39,18.3854459
2022-04-19,22.31,21.95,18.95736225
2022-04-20,20.51,26.04,18.0652522
2022-04-21,18.74,27.28,17.0441696
2022-04-22,15.87,32.34,15.360181899999999
2022-04-23,14.61,23.43,14.56367515
2022-04-24,16.33,16.75,15.492088749999999
2022-04-25,19.57,11.42,17.0999467
2022-04-26,22.4,10.56,18.513832
2022-04-27,22.66,23.4,19.222192
2022-04-28,21.92,15.61,18.4760441
2022-04-29,20.06,16.56,17.5084048
2022-04-30,22.28,9.63,18.4130677
2022-05-01,21.65,23.94,18.6589405
2022-05-02,18.95,17.74,16.9366865
2022-05-03,19.95,16.35,17.44259125
2022-05-04,19.74,20.48,17.4482336
2022-05-05,23.31,12.74,19.081816699999997
2022-05-06,26.58,14.7,20.912667999999996
2022-05-07,26.69,20.03,21.32841135
2022-05-08,22.52,16.36,18.830639599999998
2022-05-09,15.04,17.9,14.796163
2022-05-10,14.11,18.45,14.28492475
2022-05-11,13.09,21.52,13.6986124
2022-05-12,14.86,15.67,14.6930266
2022-05-13,20.74,13.69,17.7778408
2022-05-14,25.52,11.11,20.1323771
2022-05-15,28.12,7.9,21.220789
2022-05-16,27.67,15.98,21.5840113
2022-05-17,27.63,16.47,21.597881049999998
2022-05-18,28.16,14.24,21.7168512
2022-05-19,30.35,12.37,22.71085475
2022-05-20,23.93,13.28,19.4322672
2022-05-21,19.82,11.21,17.222004599999998
2022-05-22,23.51,10.14,19.0569877
2022-05-23,25.96,13.2,20.488996
2022-05-24,25.88,10.77,20.2950943
2022-05-25,28.46,10.02,21.5513356
2022-05-26,30.41,12.95,22.79268975
2022-05-27,29.25,15.79,22.41846375
2022-05-28,27.25,24.11,21.928213749999998
2022-05-29,23.78,23.13,19.8565552
2022-05-30,21.07,16.73,18.06103855
2022-05-31,21.98,17.47,18.584715799999998
2022-06-01,23.67,13.9,19.3275465
2022-06-02,27.36,8.55,20.8917415
2022-06-03,29.04,19.47,22.6000159
2022-06-04,28.18,23.93,22.456493199999997
2022-06-05,28.86,23.8,22.841724
2022-06-06,29.88,21.57,23.2456063
2022-06-07,30.91,11.13,22.889038149999998
2022-06-08,32.5,13.09,23.89591
2022-06-09,32.52,14.69,24.0649259
2022-06-10,34.22,15.27,25.030184199999997
2022-06-11,33.99,14.3,24.8033885
2022-06-12,33.9,10.52,24.352483999999997
2022-06-13,29.95,25.72,23.638056999999996
2022-06-14,26.36,9.71,20.470383299999998
2022-06-15,28.37,7.59,21.32050315
2022-06-16,32.35,7.18,23.237396500000003
2022-06-17,28.77,14.2,22.035987
2022-06-18,23.17,14.57,19.09627045
2022-06-19,22.38,19.18,18.8772612
2022-06-20,24.72,13.32,19.847717199999998
2022-06-21,28.34,8.31,21.3605572
2022-06-22,29.61,13.06,22.3848513
2022-06-23,26.25,38.95,22.30464375
2022-06-24,30.8,19.75,23.6055875
2022-06-25,32.73,14.27,24.134281549999997
2022-06-26,33.67,10.76,24.2609806
2022-06-27,33.09,15.44,24.4441628
2022-06-28,34.8,17.84,25.626835999999997
2022-06-29,35.28,14.16,25.4693464
2022-06-30,33.49,15.66,24.6811087
2022-07-01,31.33,10.62,23.056540299999998
2022-07-02,31.75,13.4,23.533825
2022-07-03,29.2,15.8,22.392429999999997
2022-07-04,27.84,19.04,21.8999648
2022-07-05,28.67,26.53,22.94411555
2022-07-06,29.41,32.49,23.873842449999998
2022-07-07,30.31,20.51,23.39794705
2022-07-08,31.61,12.53,23.37863565
2022-07-09,32.49,11.66,23.7491987
2022-07-10,32.49,13.33,23.91443685
2022-07-11,34.74,8.81,24.588729200000003
2022-07-12,35.87,10.03,25.295376049999998
2022-07-13,35.18,10.98,25.0548652
2022-07-14,34.99,13.04,25.1900428
2022-07-15,33.99,32.32,26.7350424
2022-07-16,36.46,21.69,27.0017182
2022-07-17,36.51,18.81,26.681544549999998
2022-07-18,35.85,25.32,27.080700999999998
2022-07-19,35.27,22.48,26.4145028
2022-07-20,35.15,19.15,25.96746125
2022-07-21,35.86,14.07,25.7649436
2022-07-22,36.32,11.49,25.6979149
2022-07-23,35.42,15.06,25.6468036
2022-07-24,34.84,17.68,25.630861600000003
2022-07-25,32.86,25.17,25.3036666
2022-07-26,31.26,45.04,26.1937872
2022-07-27,32.78,38.94,26.6410276
2022-07-28,32.8,37.6,26.519439999999996
2022-07-29,33.06,32.49,26.1685792
2022-07-30,31.78,41.63,26.2325152
2022-07-31,30.26,42.98,25.3175064
2022-08-01,29.38,49.99,25.287181599999997
2022-08-02,31.67,40.67,26.06717145
2022-08-03,34,32.13,26.7209425
2022-08-04,32.64,33.72,26.0272444
2022-08-05,27.8,61.24,24.964706
2022-08-06,28.63,49.05,24.670420749999998
2022-08-07,31.82,28.39,24.9984314
2022-08-08,32.82,29.5,25.71642
2022-08-09,30.63,34.68,24.8351362
2022-08-10,29.5,47.56,25.1737
2022-08-11,31.64,34.13,25.430435099999997
2022-08-12,32.31,26.41,25.101491550000002
2022-08-13,30.56,40.25,25.282282499999997
2022-08-14,31.5,31.22,25.06907
2022-08-15,31.56,28.55,24.8558465
2022-08-16,33.13,27.31,25.68181915
2022-08-17,34.24,29.27,26.560843900000002
2022-08-18,33.7,27.73,26.068288
2022-08-19,32.92,27.8,25.605418
2022-08-20,33.77,22.63,25.56994055
2022-08-21,33.14,24.1,25.358732
2022-08-22,33.19,22.96,25.270673199999997
2022-08-23,33.83,18.58,25.1738327
2022-08-24,34.14,17.94,25.2758788
2022-08-25,32.43,30.67,25.59302205
2022-08-26,32.49,28.98,25.4629261
2022-08-27,32.68,18.18,24.4988182
2022-08-28,31.51,18.82,23.9152051
2022-08-29,32.88,26.01,25.4003509
2022-08-30,34.06,23.26,25.8043108
2022-08-31,36.31,16.12,26.2481746
2022-09-01,36.11,14.98,26.004947899999998
2022-09-02,36.17,13.02,25.8032887
2022-09-03,35.9,23.99,26.953623
2022-09-04,35.86,23.87,26.9162476
2022-09-05,36.48,18.07,26.575482299999997
2022-09-06,36.95,16.68,26.662063
2022-09-07,36.25,14.81,26.059146249999998
2022-09-08,35.56,20.87,26.394372100000002
2022-09-09,33.36,22.32,25.3022536
2022-09-10,27.81,44.75,23.765423749999997
2022-09-11,28.42,43.84,24.1203904
2022-09-12,27.85,43.66,23.7132355
2022-09-13,26.74,47.92,23.233974399999997
2022-09-14,26.07,43.45,22.47144075
2022-09-15,23.92,29.62,20.273612200000002
2022-09-16,24.53,26.62,20.4819923
2022-09-17,24.98,25.1,20.662764
2022-09-18,23.24,29.31,19.8419317
2022-09-19,22.82,26.84,19.4721984
2022-09-20,23.18,28.46,19.7646804
2022-09-21,23.12,30.9,19.843969
2022-09-22,22.82,23.85,19.335376
2022-09-23,24.89,18.23,20.21725335
2022-09-24,27.31,13.93,21.24593815
2022-09-25,29.34,15.23,22.4210726
2022-09-26,28.99,10.7,21.873236499999997
2022-09-27,29.76,10.57,22.2541401
2022-09-28,30.6,18.81,23.4106255
2022-09-29,28.64,26.36,22.9130172
2022-09-30,27.07,17.24,21.3483874
2022-10-01,26.06,17.18,20.794304399999998
2022-10-02,25.93,23.02,21.0906523
2022-10-03,26.33,20.48,21.156031199999997
2022-10-04,26.91,16.18,21.1888659
2022-10-05,27.06,13.86,21.1094488
2022-10-06,26.84,13.96,21.0004652
2022-10-07,27.08,15.53,21.2355207
2022-10-08,26.72,17.14,21.150979399999997
2022-10-09,26.23,20.36,21.092025399999997
2022-10-10,25.9,22.09,21.015043
2022-10-11,24.77,26.03,20.59180455
2022-10-12,25.78,16.84,20.6207536
2022-10-13,25.41,13.18,20.2003659
2022-10-14,24.82,12.91,19.876771599999998
2022-10-15,25.48,14.25,20.3015575
2022-10-16,22.71,41.62,20.0738511
2022-10-17,23.07,26.13,19.58813755
2022-10-18,24.24,20.86,20.0004702
2022-10-19,24.47,17.38,19.9395323
2022-10-20,22.86,15.46,18.9728508
2022-10-21,22.82,16.7,19.008192
2022-10-22,19.96,26.07,17.7398821
2022-10-23,14.03,28.48,14.2148792
2022-10-24,10.61,20.42,12.3126141
2022-10-25,13.52,13.61,13.9856421
2022-10-26,15.88,15.36,15.2375824
2022-10-27,12.86,20.39,13.578082199999999
2022-10-28,14.25,14.67,14.36732875
2022-10-29,17.23,11.1,15.8951665
2022-10-30,17.06,19.67,15.9289536
2022-10-31,17.5,17.98,16.14667
2022-11-01,18.12,17.84,16.4841944
2022-11-02,14.56,35.25,14.5386325
2022-11-03,10.37,29.84,11.9636844
2022-11-04,8.66,24.67,11.0795996
2022-11-05,11.8,32.17,12.807275500000001
2022-11-06,13.1,37.84,13.578632
2022-11-07,14.35,64.19,14.37954325
2022-11-08,10.92,71.36,11.4839216
2022-11-09,8.59,60.27,9.88142365
2022-11-10,8.17,37.52,10.3452412
2022-11-11,6.97,33.22,9.7356937
2022-11-12,9.14,25.06,11.3492312
2022-11-13,7.87,37.5,10.1490625
2022-11-14,6.57,39.61,9.20390985
2022-11-15,7.97,32.49,10.394621650000001
2022-11-16,6.62,28.67,9.7114422
2022-11-17,8.84,28.39,11.0692193
2022-11-18,9.74,25.58,11.688315600000001
2022-11-19,5.59,26.58,9.1879471
2022-11-20,6.85,22.92,10.093141
2022-11-21,9.57,19.48,11.7532998
2022-11-22,10.56,19.16,12.3118028
2022-11-23,11.34,20.25,12.726055
2022-11-24,9.15,25.06,11.355109500000001
2022-11-25,8.74,23.12,11.1755584
2022-11-26,10.23,22.39,12.05267085
2022-11-27,7.89,43.16,9.9564182
2022-11-28,8.63,33.92,10.7633928
2022-11-29,7.49,37.32,9.906627400000001
2022-11-30,6.53,25.57,9.792639050000002
2022-12-01,6.47,46.01,8.854468350000001
2022-12-02,8.77,61.31,9.98931535
2022-12-03,10.39,47.47,11.57744065
2022-12-04,10.71,61.45,11.51357475
2022-12-05,9.67,67.08,10.5445198
2022-12-06,8.83,47.01,10.48249315
2022-12-07,8.47,46.48,10.2449908
2022-12-08,6.94,45.8,9.193636000000001
2022-12-09,6.58,41.61,9.1234684
2022-12-10,6.42,49.4,8.668664
2022-12-11,9.33,67.55,10.25271575
2022-12-12,4.45,57.82,6.781499500000001
2022-12-13,5.08,44.68,7.9461292000000014
2022-12-14,3.78,47.4,6.881296000000001
2022-12-15,6.02,38.66,8.8808976
2022-12-16,3.68,39.76,7.264882400000001
2022-12-17,4.3,32.42,8.091238
2022-12-18,3.93,33.6,7.790164000000001
2022-12-19,4.62,35.49,8.1254734
2022-12-20,6.9,31.5,9.763300000000001
2022-12-21,7.36,46.88,9.4460224
2022-12-22,8.6,54.73,10.0690115
2022-12-23,9.67,41.34,11.2283029
2022-12-24,10.75,51.25,11.75546875
2022-12-25,12.02,38.39,12.8603604
2022-12-26,12.12,44.54,12.8459714
2022-12-27,11.12,49.63,12.056378299999999
2022-12-28,10.24,63.2,11.102224
2022-12-29,6.99,42.31,9.37288545
2022-12-30,6.71,77.01,7.6950065500000004
2022-12-31,8.72,90.6,9.018826
2023-01-01,9.8,72.86,10.501569000000002
2023-01-02,5.04,44.62,7.921421400000002
2023-01-03,3.61,68.11,5.520051550000001
2023-01-04,6.24,74.59,7.394376300000001
2023-01-05,8.61,79.3,9.2805765
2023-01-06,7.43,72.88,8.4845612
2023-01-07,7.27,42.89,9.54097915
2023-01-08,7.75,46.81,9.72467875
2023-01-09,8.12,70.35,9.1604185
2023-01-10,10.75,81.84,11.12455
2023-01-11,6.64,67.86,8.029412200000001
2023-01-12,8.58,43.69,10.4134536
2023-01-13,9.11,40.78,10.8655769
2023-01-14,7.37,52.43,9.23545755
2023-01-15,7.41,80.24,8.1805412
2023-01-16,6.35,76.21,7.416386750000001
2023-01-17,5.77,51.72,8.0881642
2023-01-18,3.26,50.5,6.32009
2023-01-19,4.22,45.87,7.2805102
2023-01-20,3.46,40.27,7.0868056
2023-01-21,2.89,46.3,6.3190135000000005
2023-01-22,5.58,33.66,8.834640400000001
2023-01-23,3.81,36.72,7.5305476
2023-01-24,4.22,43.66,7.405463600000001
2023-01-25,6.29,43.38,8.8466761
2023-01-26,5.79,51.66,8.105727700000001
2023-01-27,6.61,39.42,9.2388691
2023-01-28,7.26,40.88,9.6141584
2023-01-29,6.1,56.47,8.111086
2023-01-30,4.73,65.81,6.567199650000001
2023-01-31,2.17,32,6.781420000000001
2023-02-01,5.03,33.38,8.4999027
2023-02-02,8.08,36.99,10.304883100000001
2023-02-03,9.51,34.89,11.29694395
2023-02-04,9.47,36.37,11.23032395
2023-02-05,9.45,48.32,10.885411999999999
2023-02-06,7.6,44.79,9.6952195
2023-02-07,6.28,44.66,8.781921400000002
2023-02-08,10.79,36.92,12.0771474
2023-02-09,9.22,37.91,11.023093600000001
2023-02-10,8.68,29.24,10.9450276
2023-02-11,9.56,30.65,11.4442395
2023-02-12,9.09,35.76,11.0014612
2023-02-13,9.82,37.56,11.4272056
2023-02-14,8.29,44.27,10.19345815
2023-02-15,3.42,28.65,7.768069000000001
2023-02-16,3.17,31.21,7.4566488500000006
2023-02-17,6.01,26.12,9.4598266
2023-02-18,7.74,28.63,10.393536600000001
2023-02-19,9.42,25.73,11.4951038
2023-02-20,10.76,32.39,12.1507377
2023-02-21,12.06,41.96,12.8388968
2023-02-22,7.32,33.85,9.932263500000001
2023-02-23,2.78,56.84,5.562093600000001
2023-02-24,2.67,72.66,4.448877100000001
2023-02-25,5.61,75.16,6.824551800000001
2023-02-26,2.63,73.99,4.328062850000001
2023-02-27,4.7,70.55,6.287355000000002
2023-02-28,5.94,60.33,7.807663600000001
2023-03-01,5.36,67.62,6.987742600000001
2023-03-02,5.58,38.69,8.5878686
2023-03-03,8.92,30.23,11.0612413
2023-03-04,8.3,42.99,10.244041000000001
2023-03-05,6.96,55.73,8.7958769
2023-03-06,7.08,49.38,9.1458022
2023-03-07,6.86,47.02,9.0862196
2023-03-08,7.93,47.51,9.82672615
2023-03-09,9.63,32.12,11.448165800000002
2023-03-10,13.02,51.13,13.4178018
2023-03-11,13.05,68.07,13.30464175
2023-03-12,13.89,54.85,14.04147825
2023-03-13,14.55,47.38,14.5355295
2023-03-14,12.36,64.59,12.7767757
2023-03-15,13.18,72.3,13.381102
2023-03-16,11.52,42.67,12.4596387
2023-03-17,10.26,31.8,11.850424
2023-03-18,10.79,30.1,12.2163095
2023-03-19,12.27,34.69,13.071027149999999
2023-03-20,11.46,66.82,12.014769600000001
2023-03-21,10.55,64.54,11.3203685
2023-03-22,7.65,64.27,8.996127750000001
2023-03-23,8.66,64.75,9.79223
2023-03-24,10.58,41.19,11.8479436
2023-03-25,7.79,34.89,10.19288455
2023-03-26,8.78,33.89,10.859820599999999
2023-03-27,5.56,28.73,9.0643459
2023-03-28,11.28,21.13,12.6767877
2023-03-29,11.56,45.06,12.4483798
2023-03-30,8.32,52.19,9.9450619
2023-03-31,9.19,46.85,10.74224575
2023-04-01,12.59,33.05,13.29330975
2023-04-02,14.63,38.45,14.58599175
2023-04-03,11.67,41.33,12.58319855
2023-04-04,5.21,31.14,8.7284017
2023-04-05,6.24,28.67,9.480521900000001
2023-04-06,10.71,24.35,12.28692425
2023-04-07,14.56,24.09,14.5349497
2023-04-08,16.89,41.29,16.11825705
2023-04-09,19.55,32.44,17.673521
2023-04-10,21.86,27.35,18.919128
2023-04-11,23.23,26.99,19.72442485
2023-04-12,20.96,41.27,18.8733231
2023-04-13,17.13,32.16,16.1486944
2023-04-14,14.74,25.55,14.641726
2023-04-15,16.92,24.18,15.910835800000001
2023-04-16,19.76,25.66,17.6093438
2023-04-17,18.9,38.49,17.411458
2023-04-18,17.36,31.23,16.2782479
2023-04-19,14.31,25.44,14.3879152
2023-04-20,14.65,23.18,14.5866235
2023-04-21,19.71,25.65,17.57950075
2023-04-22,20.63,31.54,18.3218711
2023-04-23,22.13,27.24,19.076626599999997
2023-04-24,22.56,29.43,19.4316319
2023-04-25,21.11,21.85,18.268856749999998
2023-04-26,20.13,21.44,17.6973896
2023-04-27,23.32,17.42,19.314044199999998
2023-04-28,25.13,19,20.394334999999998
2023-04-29,26.72,14.33,20.962119299999998
2023-04-30,27.24,18.69,21.542608299999998
2023-05-01,21.87,33.29,19.165910150000002
2023-05-02,15.29,38.76,15.0239122
2023-05-03,15.59,37.39,15.214653049999999
2023-05-04,14.13,39.05,14.25403325
2023-05-05,14.47,45.59,14.478977650000001
2023-05-06,16.83,36.91,16.021501649999998
2023-05-07,18.23,35.41,16.90493615
2023-05-08,19.88,34.21,17.9332739
2023-05-09,19.47,27.52,17.4887592
2023-05-10,20.48,26.11,18.0497579
2023-05-11,21.02,26.96,18.4007856
2023-05-12,23.98,20.75,19.847905
2023-05-13,25.78,18.14,20.7014056
2023-05-14,26.08,24.52,21.272678799999998
2023-05-15,28.17,22.04,22.3085774
2023-05-16,29.73,17.33,22.80514745
2023-05-17,28.86,25.82,23.001263599999998
2023-05-18,29.11,21.81,22.827042549999998
2023-05-19,29.03,18.9,22.5488935
2023-05-20,28.86,23.81,22.8425138
2023-05-21,28.38,31.63,23.160634199999997
2023-05-22,27.92,28.94,22.6750614
2023-05-23,28.4,28,22.895599999999998
2023-05-24,25.43,28.85,21.15281775
2023-05-25,23.63,29.07,20.06825005
2023-05-26,23.26,31.51,19.960151800000002
2023-05-27,25.14,24.53,20.7234956
2023-05-28,25.97,28.36,21.450590599999998
2023-05-29,24.72,34.63,21.045552299999997
2023-05-30,23.92,32.02,20.3979562
2023-05-31,24.03,26.95,20.20108425
2023-06-01,24.21,33.15,20.63987575
2023-06-02,25.16,31.05,21.1174615
2023-06-03,27.32,19.49,21.643239899999998
2023-06-04,28.43,16.46,22.0295829
2023-06-05,28.92,18.11,22.425304099999998
2023-06-06,25.07,30.49,21.02903615
2023-06-07,21.44,38.32,19.085674400000002
2023-06-08,22.65,35.88,19.775821
2023-06-09,25.1,31.99,21.135017
2023-06-10,25.69,31.84,21.495092800000002
2023-06-11,25.18,32.04,21.1880296
2023-06-12,24.03,35.66,20.6576189
2023-06-13,24.85,34.12,21.099781
2023-06-14,26.98,29.12,22.1147968
2023-06-15,27.22,31.55,22.431238
2023-06-16,26.27,40.45,22.41503075
2023-06-17,27.07,36.31,22.66679185
2023-06-18,29.26,25.87,23.2421266
2023-06-19,28.13,24.46,22.4671439
2023-06-20,23.62,13.87,19.2997192
2023-06-21,24.07,14.85,19.58812975
2023-06-22,24.73,15,19.947475
2023-06-23,23.25,23.55,19.570843749999998
2023-06-24,25.36,21.21,20.6538733
2023-06-25,26.49,17.95,21.07921275
2023-06-26,26.42,21.05,21.244038
2023-06-27,28.04,22.33,22.2559151
2023-06-28,27.75,18.19,21.78809625
2023-06-29,28.97,19.96,22.600016599999996
2023-06-30,31.32,13.56,23.3234356
2023-07-01,34.21,11.41,24.606401050000002
2023-07-02,35.98,9.7,25.311957999999997
2023-07-03,36.2,12.93,25.8081955
2023-07-04,31.73,11.89,23.380255849999998
2023-07-05,31.77,13.14,23.5196029
2023-07-06,31.2,14.52,23.348661999999997
2023-07-07,30.08,15.9,22.873471
2023-07-08,30.08,15.38,22.828912199999998
2023-07-09,30.64,13.25,22.9392025
2023-07-10,29.54,12.58,22.308617599999998
2023-07-11,32.69,7.85,23.470853249999998
2023-07-12,31.9,11.39,23.420023
2023-07-13,32.06,12.42,23.6015236
2023-07-14,34.43,8.2,24.367342999999998
2023-07-15,37.23,7.23,25.632358449999998
2023-07-16,38.67,6.44,26.2326014
2023-07-17,37.36,14.47,26.6063131
2023-07-18,36.58,19.34,26.784649599999998
2023-07-19,35.52,21.89,26.4897029
2023-07-20,36.18,24.86,27.2203064
2023-07-21,37.45,14.06,26.6022235
2023-07-22,38.38,10.64,26.6434576
2023-07-23,35.59,14.68,25.6933066
2023-07-24,35,23.54,26.379134999999998
2023-07-25,35.05,20.99,26.119894749999997
2023-07-26,36.81,12.26,26.043863299999998
2023-07-27,35.45,11.49,25.25143525
2023-07-28,36.38,10.14,25.5662476
2023-07-29,35.17,11.53,25.11228805
2023-07-30,36.15,13.68,25.871446
2023-07-31,36.29,15.95,26.21702775
2023-08-01,33.12,22.15,25.147381499999998
2023-08-02,32.17,22.92,24.6789802
2023-08-03,30.4,14.37,22.9116565
2023-08-04,29.9,13.78,22.597165999999998
2023-08-05,32.72,9.19,23.6199299
2023-08-06,32.12,8.98,23.2992518
2023-08-07,33.21,10.26,23.9753053
2023-08-08,32.48,11.97,23.774713299999995
2023-08-09,30.87,14.47,23.16930645
2023-08-10,30.25,23.85,23.65350625
2023-08-11,29.84,36.72,24.5010664
2023-08-12,31.76,27.86,24.9117498
2023-08-13,31.95,22.54,24.515776499999998
2023-08-14,32.33,23.17,24.795666049999998
2023-08-15,34.14,12.63,24.7022926
2023-08-16,32.29,32.78,25.7128591
2023-08-17,33.7,22.69,25.536064000000003
2023-08-18,32.73,13.07,24.01396355
2023-08-19,28.77,41.99,24.21708515
2023-08-20,23.39,69.5,21.8987025
2023-08-21,22.33,71.04,21.082837599999998
2023-08-22,24.84,51.29,22.0698623
2023-08-23,27.7,36.68,23.102967999999997
2023-08-24,29.73,36.86,24.4410779
2023-08-25,30.06,37.6,24.719807999999997
2023-08-26,30.35,24.43,23.762185249999998
2023-08-27,29.04,20.91,22.7151727
2023-08-28,30.86,19.35,23.603113
2023-08-29,32.85,20.95,24.87187875
2023-08-30,31.21,21.27,23.974319350000002
2023-08-31,30.8,21.14,23.730201
2023-09-01,26.09,29.37,21.58769065
2023-09-02,24.56,64.52,22.5968916
2023-09-03,25.11,55.26,22.4991973
2023-09-04,22.97,41.43,20.24151655
2023-09-05,25.15,32.48,21.195016
2023-09-06,26.43,35.52,22.1991448
2023-09-07,27.23,29.58,22.2995437
2023-09-08,27.83,24.93,22.326242949999997
2023-09-09,29.47,32.18,23.886040299999998
2023-09-10,29.12,40.38,24.3259558
2023-09-11,27.05,49.38,23.5559545
2023-09-12,28.62,41.44,24.072230400000002
2023-09-13,26.93,35.42,22.5149883
2023-09-14,26.22,38.62,22.2634452
2023-09-15,27.21,31.93,22.45156665
2023-09-16,27.54,26.21,22.2477812
2023-09-17,28.42,28.8,22.968928
2023-09-18,26.68,38.04,22.529299599999998
2023-09-19,24.85,35.18,21.1601215
2023-09-20,25.06,30.23,21.0077584
2023-09-21,22.86,42.41,20.2120118
2023-09-22,21.49,33.41,18.92994745
2023-09-23,22.63,28.05,19.41275575
2023-09-24,22.33,25.94,19.1406061
2023-09-25,24.13,22.8,20.041102
2023-09-26,23.87,19.36,19.7142176
2023-09-27,24.73,18.49,20.14383985
2023-09-28,24.38,25.82,20.349058799999998
2023-09-29,23.6,30.64,20.128532
2023-09-30,20.2,39.32,18.297681999999998
2023-10-01,16.37,46.32,15.817901200000001
2023-10-02,16.84,43.34,16.1107858
2023-10-03,18.46,37.14,17.0909092
2023-10-04,21.42,35.01,18.9464806
2023-10-05,23.34,27.53,19.8165086
2023-10-06,24.54,24.93,20.3946346
2023-10-07,25.68,22.49,20.9139101
2023-10-08,26.52,16.38,20.991881799999998
2023-10-09,26.48,18.72,21.1244608
2023-10-10,23.87,20.64,19.7801824
2023-10-11,21.17,28.77,18.55692745
2023-10-12,16.57,25.54,15.7222729
2023-10-13,17.79,20.2,16.346019
2023-10-14,19.39,17.22,17.1636319
2023-10-15,21.56,15.7,18.286631
2023-10-16,24.78,12.8,19.849712
2023-10-17,24.33,14.25,19.693926249999997
2023-10-18,23.63,18.14,19.5194001
2023-10-19,25.59,17.83,20.57804085
2023-10-20,26.49,15.72,20.9321554
2023-10-21,26.48,19.73,21.191009700000002
2023-10-22,22.93,31.78,19.7669797
2023-10-23,19.41,41.01,17.81697505
2023-10-24,18.29,38.04,16.9984438
2023-10-25,19.08,32.51,17.379926899999997
2023-10-26,18.46,31.8,16.974604
2023-10-27,14.95,22.67,14.75860825
2023-10-28,15.66,21.04,15.1562352
2023-10-29,10.34,16.97,12.2397264
2023-10-30,10.66,16.43,12.4249984
2023-10-31,13.71,12.63,14.08962265
2023-11-01,16.33,11.23,15.436529949999999
2023-11-02,17.5,11.82,16.04503
2023-11-03,17.77,14.63,16.23462055
2023-11-04,18.28,15.65,16.526363500000002
2023-11-05,17.45,12.36,16.028040999999998
2023-11-06,17.84,24.22,16.4479214
2023-11-07,16.29,45.15,15.75000175
2023-11-08,12.54,32,13.27304
2023-11-09,10.52,23.07,12.2039977
2023-11-10,12.4,14.33,13.3894885
2023-11-11,13.7,13.15,14.082139999999999
2023-11-12,14.88,13.46,14.6991314
2023-11-13,14.91,16.23,14.72109865
2023-11-14,14.41,25.4,14.446927
2023-11-15,14.86,20.62,14.702827599999999
2023-11-16,13.33,55.29,13.61770885
2023-11-17,13.39,60.84,13.6290718
2023-11-18,13.52,61.26,13.728808599999999
2023-11-19,12.33,55.23,12.86432995
2023-11-20,8.7,25.57,11.074317
2023-11-21,9.25,31.25,11.23515625
2023-11-22,12.06,25.72,13.0568376
2023-11-23,13.91,23.76,14.1573988
2023-11-24,9.29,41.11,10.97749295
2023-11-25,6.91,34.57,9.64137535
2023-11-26,6.78,30.7,9.722478
2023-11-27,6.82,27.9,9.865504000000001
2023-11-28,8.74,20.09,11.2715488
2023-11-29,10.69,25.01,12.26141545
2023-11-30,9.73,33.12,11.4845968
2023-12-01,10.25,40.28,11.645955
2023-12-02,9.93,37.6,11.498424
2023-12-03,9.92,42.27,11.3742187
2023-12-04,11.82,46.75,12.604905
2023-12-05,13.05,44.11,13.49572275
2023-12-06,15.03,29.49,14.82446335
2023-12-07,12.98,38.78,13.4917992
2023-12-08,9.26,30.28,11.2693304
2023-12-09,5.49,29.08,9.0044406
2023-12-10,8.39,17.8,11.152331
2023-12-11,11.18,22.92,12.5874808
2023-12-12,9.7,28.33,11.592088
2023-12-13,8.95,42.65,10.70060875
2023-12-14,7.98,37.13,10.2345182
2023-12-15,10.1,29.28,11.811424
2023-12-16,11.37,23.5,12.6869475
2023-12-17,10.93,22.29,12.45583585
2023-12-18,13.77,17.63,14.10071555
2023-12-19,11.09,42.32,12.1717884
2023-12-20,11.19,73,11.681535
2023-12-21,12.86,63.01,13.1936498
2023-12-22,12.2,63.73,12.6588155
2023-12-23,9.53,68.21,10.39897965
2023-12-24,5.84,31.8,9.088366
2023-12-25,8.05,26.21,10.667700250000001
2023-12-26,9.85,35.14,11.5087945
2023-12-27,9.93,35.68,11.5466832
2023-12-28,10.26,36.75,11.73499
2023-12-29,11.6,34.19,12.6496695
2023-12-30,9.02,38.27,10.8805422
2023-12-31,7.45,66.52,8.748187000000001
2024-01-01,9.55,56.21,10.742182750000001
2024-01-02,8.59,43.7,10.4200315
2024-01-03,8.12,54.08,9.7313328
2024-01-04,6.74,43.88,9.1352016
2024-01-05,6.35,38.94,9.0870145
2024-01-06,3.54,33.09,7.5733348000000005
2024-01-07,3.86,38.48,7.460150400000002
2024-01-08,1.82,38.06,6.1396956000000005
2024-01-09,3.96,30.34,7.998190200000001
2024-01-10,4.05,40.63,7.462290749999999
2024-01-11,4.21,46.41,7.242926050000001
2024-01-12,4.38,26.33,8.480472200000001
2024-01-13,5.4,38.1,8.498095000000001
2024-01-14,6.15,49.64,8.462783000000002
2024-01-15,8.12,56.37,9.6509767
2024-01-16,8.51,40.59,10.46726245
2024-01-17,8.87,40.38,10.7161333
2024-01-18,10.18,43.34,11.5262416
2024-01-19,12.13,33,13.003345000000001
2024-01-20,11.42,47.76,12.3049456
2024-01-21,9.46,82.18,9.953970400000001
2024-01-22,8.11,83.7,8.6828635
2024-01-23,9.85,78.54,10.3988395
2024-01-24,9.4,51.46,10.761547
2024-01-25,9.53,57.01,10.70513165
2024-01-26,8.51,42.36,10.4089498
2024-01-27,11.49,31.49,12.624183050000001
2024-01-28,13.41,43.81,13.74685905
2024-01-29,15.04,38.81,14.858265699999999
2024-01-30,15.53,36.11,15.16806315
2024-01-31,14.22,35.93,14.3186678
2024-02-01,9.3,61.2,10.409680000000002
2024-02-02,7.89,78.16,8.6839932
2024-02-03,7.88,54.65,9.5311935
2024-02-04,7.29,59.9,8.8801655
2024-02-05,5.68,86.48,6.3358552
2024-02-06,4.76,86.48,5.4842664
2024-02-07,6.38,78.74,7.329471600000001
2024-02-08,5.7,72.48,7.031968000000001
2024-02-09,5.23,66.3,6.948194500000001
2024-02-10,5.68,50.45,8.0836705
2024-02-11,4.3,39.5,7.69405
2024-02-12,7.95,32.69,10.374842750000001
2024-02-13,9.19,36.51,11.044225449999999
2024-02-14,7.86,48.27,9.7491796
2024-02-15,9.43,63.38,10.4511487
2024-02-16,11.42,41.48,12.4113288
2024-02-17,11.19,44.17,12.20638515
2024-02-18,11.62,57.61,12.2914576
2024-02-19,11.75,70.59,12.19482625
2024-02-20,11.08,75.94,11.532568600000001
2024-02-21,9.83,78.08,10.3930152
2024-02-22,11.92,49.76,12.6329056
2024-02-23,11.61,40.44,12.5567062
2024-02-24,12.23,33.06,13.0657459
2024-02-25,12.98,32.23,13.5465572
2024-02-26,13.62,48.39,13.8697924
2024-02-27,13.21,47.16,13.5848998
2024-02-28,10.23,32.99,11.80372985
2024-02-29,12.62,35.54,13.2865164
2024-03-01,11.4,63.76,12.017892
2024-03-02,11.52,61,12.15921
2024-03-03,9.52,48.37,10.9341457
2024-03-04,9.13,49.87,10.61058955
2024-03-05,11.75,48.3,12.5319625
2024-03-06,11.22,48.66,12.146173600000001
2024-03-07,12,52.35,12.6551875
2024-03-08,11.17,37.01,12.32366185
2024-03-09,11.52,24.7,12.754166999999999
2024-03-10,11.41,34.5,12.523172500000001
2024-03-11,12.63,49.24,13.152066600000001
2024-03-12,13.36,53.18,13.6535614
2024-03-13,12.86,39.39,13.4067022
2024-03-14,9.31,29.14,11.3326987
2024-03-15,10.12,43.38,11.4839758
2024-03-16,9.86,65.2,10.748096
2024-03-17,12.2,56.92,12.744962
2024-03-18,15.12,40.22,14.916150199999999
2024-03-19,16.39,39.74,15.7635973
2024-03-20,17.65,35.67,16.53548275
2024-03-21,17.86,38.87,16.7303176
2024-03-22,16.6,43.26,15.944653
2024-03-23,14.92,49.2,14.802652
2024-03-24,11.17,40.65,12.25699525
2024-03-25,10.54,35.7,11.940453999999999
2024-03-26,13.8,35.14,14.049711
2024-03-27,12.87,31.85,13.48096475
2024-03-28,14.74,45.4,14.667928
2024-03-29,13.28,36.59,13.7054811
2024-03-30,10.37,60.9,11.2581565
2024-03-31,8.3,60.95,9.631605
2024-04-01,11.82,50.58,12.548450800000001
2024-04-02,14.36,33.88,14.410912399999999
2024-04-03,18.08,28.96,16.6812224
2024-04-04,15.83,46.74,15.4404031
2024-04-05,8.67,47.16,10.3643146
2024-04-06,9.21,33.68,11.139580400000002
2024-04-07,11.46,32.06,12.5959568
2024-04-08,12.66,33.3,13.335004
2024-04-09,13.53,28.46,13.9116659
2024-04-10,18.65,25.57,16.95113525
2024-04-11,21.4,24.06,18.518076999999998
2024-04-12,22.29,23.07,18.99393415
2024-04-13,16.35,43.48,15.774909000000001
2024-04-14,12.48,51.68,13.016835200000001
2024-04-15,13.18,41.62,13.6038388
2024-04-16,17.6,27.7,16.367285000000003
2024-04-17,21.15,27.23,18.488437249999997
2024-04-18,20.67,30.65,18.31660775
2024-04-19,21.01,30.94,18.537306700000002
2024-04-20,23.7,25.91,19.951045999999998
2024-04-21,25.45,23.62,20.8500145
2024-04-22,26.33,22.31,21.27510015
2024-04-23,22.61,33.63,19.64956615
2024-04-24,20,35.55,18.0503875
2024-04-25,19.77,38.85,17.99756725
2024-04-26,18.85,35.24,17.300617
2024-04-27,16.39,32.37,15.686986150000001
2024-04-28,19.08,26.21,17.221229899999997
2024-04-29,21.29,29.71,18.665019949999998
2024-04-30,21.49,21.12,18.4574584
2024-05-01,20.9,19.32,18.060064
2024-05-02,19.59,15.71,17.23030145
2024-05-03,22.03,22.97,18.83980255
2024-05-04,21.05,31.45,18.58048625
2024-05-05,14.93,32.88,14.7712612
2024-05-06,15.44,23.43,15.0441331
2024-05-07,20.21,20.18,17.7032529
2024-05-08,17.42,15.47,16.062448200000002
2024-05-09,18.29,21.99,16.66388155
2024-05-10,19.95,26.45,17.74533875
2024-05-11,21.1,24.07,18.343741
2024-05-12,24.11,18.71,19.813417049999998
2024-05-13,26.17,20.95,21.09617575
2024-05-14,27.24,20.29,21.654720299999997
2024-05-15,28.59,15.5,22.041672499999997
2024-05-16,27.16,14.68,21.2191684
2024-05-17,27.77,25.6,22.339916
2024-05-18,26.89,32.36,22.280672199999998
2024-05-19,27.38,30.75,22.47433
2024-05-20,25.53,16.45,20.461439249999998
2024-05-21,23.47,13.85,19.219789749999997
2024-05-22,24.32,13.74,19.6610974
2024-05-23,24.99,17.81,20.24804795
2024-05-24,24.32,26.15,20.3313615
2024-05-25,24.25,24.18,20.1841525
2024-05-26,24.44,20.9,20.115603
2024-05-27,26.33,20.13,21.13325845
2024-05-28,28.19,16.43,21.89759685
2024-05-29,27.76,21.05,22.0021765
2024-05-30,29.03,14.56,22.2020624
2024-05-31,30.39,14.15,22.887139249999997
2024-06-01,29.18,14.55,22.280766999999997
2024-06-02,28.96,18.22,22.4560366
2024-06-03,30.4,20.34,23.433733
2024-06-04,31.18,21.79,24.0050146
2024-06-05,33.77,14.99,24.76021515
2024-06-06,35.33,13.39,25.40752535
2024-06-07,35.49,18.78,26.1135571
2024-06-08,33.9,17.94,25.144198
2024-06-09,30.18,24.28,23.649907199999998
2024-06-10,28.91,17.6,22.379388
2024-06-11,32.49,8.85,23.47116325
2024-06-12,33.14,12.64,24.1838528
2024-06-13,31.73,15.09,23.68350385
2024-06-14,32.05,16.97,24.035529249999996
2024-06-15,32.83,11.75,23.93307625
2024-06-16,31.26,10.37,22.9979066
2024-06-17,30.25,12.07,22.633063749999998
2024-06-18,24.79,7.43,19.55100085
2024-06-19,27.19,8.19,20.78212105
2024-06-20,29.37,14.42,22.370839699999998
2024-06-21,31.37,13.68,23.360798799999998
2024-06-22,34.08,10.02,24.390053799999997
2024-06-23,35.04,10.31,24.9077207
2024-06-24,35.55,11.61,25.316647749999998
2024-06-25,35.64,20.18,26.359328599999998
2024-06-26,36.07,21.53,26.76071155
2024-06-27,35.12,20.19,26.068747899999998
2024-06-28,33.23,12.95,24.262544249999998
2024-06-29,32.18,11.07,23.5324468
2024-06-30,32.6,10.35,23.6753425
2024-07-01,32.21,13.7,23.803948499999997
2024-07-02,33.69,14.97,24.715508649999997
2024-07-03,36.63,10.58,25.7462447
2024-07-04,36.83,7.51,25.47084065
2024-07-05,36.87,6.43,25.35761505
2024-07-06,37.23,6.36,25.523595399999998
2024-07-07,38.37,5.12,25.913679199999997
2024-07-08,38.04,5.33,25.783075099999998
2024-07-09,38.34,7.5,26.2114
2024-07-10,38.15,6.51,25.989288249999998
2024-07-11,38.05,8.54,26.2036435
2024-07-12,38.13,8.22,26.2018123
2024-07-13,36.76,14.12,26.2457116
2024-07-14,34.57,26.61,26.46884485
2024-07-15,34.68,22.02,26.024999799999996
2024-07-16,35.7,16.22,25.931252
2024-07-17,34.46,17.32,25.3833896
2024-07-18,34.49,18.41,25.51958745
2024-07-19,34.64,24.16,26.2392032
2024-07-20,36.25,19.98,26.6776075
2024-07-21,37.73,16.47,27.057789549999995
2024-07-22,37.01,18.92,26.9718906
2024-07-23,37.31,19.84,27.2535272
2024-07-24,37.12,20.4,27.216963999999997
2024-07-25,37.08,24.26,27.673849399999998
2024-07-26,36.1,19.66,26.555608
2024-07-27,33.87,12.66,24.565233099999997
2024-07-28,30.63,13.03,22.91445645
2024-07-29,30.8,11.39,22.8561135
2024-07-30,30.48,10.45,22.6094505
2024-07-31,31.56,9.84,23.100287199999997
2024-08-01,34.31,10.86,24.5977513
2024-08-02,33.05,30.43,25.95212075
2024-08-03,34.48,28.2,26.589897999999998
2024-08-04,35,19.76,25.952939999999998
2024-08-05,36.24,13.77,25.9294789
2024-08-06,37.05,13.53,26.32555825
2024-08-07,35.43,12.99,25.41384385
2024-08-08,35.69,13.13,25.56573585
2024-08-09,34.47,16.34,25.281203899999998
2024-08-10,35.41,18.58,26.046292899999997
2024-08-11,34.43,14.7,25.079840499999996
2024-08-12,32.88,14.96,24.2833064
2024-08-13,32.47,15.58,24.126349299999998
2024-08-14,30.98,12.43,23.0426552
2024-08-15,30.73,14.52,23.0996278
2024-08-16,31.75,11.81,23.382973749999998
2024-08-17,32.43,10.76,23.6295974
2024-08-18,30.97,13.98,23.1778783
2024-08-19,31.52,11.99,23.2813839
2024-08-20,32.28,8.39,23.3214581
2024-08-21,31.41,9.38,22.9818869
2024-08-22,29.35,13.57,22.29082975
2024-08-23,27.15,17.61,21.41771575
2024-08-24,25.03,22.26,20.5276879
2024-08-25,24.15,25.15,20.17733625
2024-08-26,26.33,14.51,20.76759315
2024-08-27,29.74,9.81,22.1802742
2024-08-28,31.99,8.84,23.220863799999997
2024-08-29,31.8,10.78,23.310717
2024-08-30,33.19,11.19,24.060776049999998
2024-08-31,32.31,23.3,24.796851500000002
2024-09-01,32.86,16.27,24.4049446
2024-09-02,33.45,16.29,24.72532525
2024-09-03,33.48,17.27,24.843815299999996
2024-09-04,33.38,17.75,24.83916
2024-09-05,33.91,12.53,24.572140149999996
2024-09-06,33.44,11.95,24.2678315
2024-09-07,33.41,20.44,25.135362199999996
2024-09-08,32.56,26.12,25.2214996
2024-09-09,32.29,22.8,24.736365999999997
2024-09-10,32.17,12.19,23.636185150000003
2024-09-11,29.99,9.58,22.2866681
2024-09-12,26.98,15.21,21.1600144
2024-09-13,26.58,12.2,20.746567999999996
2024-09-14,27.7,16.4,21.63064
2024-09-15,26.85,21.44,21.513812
2024-09-16,22.89,25.45,19.44989025
2024-09-17,20.05,28.98,17.8821145
2024-09-18,22.27,25.32,19.0785502
2024-09-19,23.41,25.83,19.77529915
2024-09-20,23.85,27.89,20.14174325
2024-09-21,25.57,22.29,20.838626650000002
2024-09-22,26.97,19.89,21.47565565
2024-09-23,28.47,15.05,21.94286675
2024-09-24,29.26,11.65,22.087747
2024-09-25,29.92,10.91,22.3642771
2024-09-26,29.1,13.47,22.151641
2024-09-27,29.22,11.06,22.019417599999997
2024-09-28,30.56,11.01,22.6995133
2024-09-29,29.43,10.23,22.05853645
2024-09-30,29.87,8.73,22.15449055
2024-10-01,29.71,10.19,22.19694445
2024-10-02,30.36,11.42,22.6331666
2024-10-03,30.68,11.17,22.7750183
2024-10-04,31.08,11.94,23.0498086
2024-10-05,30.62,12.87,22.8950542
2024-10-06,30.23,12.73,22.679835949999998
2024-10-07,29.98,18.51,23.0419414
2024-10-08,27.94,29.36,22.7182912
2024-10-09,27.96,20.35,22.0635105
2024-10-10,27.84,12.26,21.4025162
2024-10-11,26.79,14.7,21.0241465
2024-10-12,25.16,18.05,20.3552715
2024-10-13,23.96,15.3,19.553059
2024-10-14,24.12,14.03,19.5713273
2024-10-15,24.92,11.38,19.8411878
2024-10-16,24.81,16.35,20.066626749999998
2024-10-17,21.87,32.63,19.13915705
2024-10-18,15.71,23.94,15.2038207
2024-10-19,15.4,17.51,14.9916745
2024-10-20,18.76,24.64,16.9943152
2024-10-21,18.99,29.55,17.250237249999998
2024-10-22,20.34,26.62,17.9830344
2024-10-23,21.88,24.57,18.8182963
2024-10-24,21.03,19.42,18.1359693
2024-10-25,20.25,16.77,17.61785125
2024-10-26,21.63,14.29,18.26888235
2024-10-27,22.59,12.64,18.7029168
2024-10-28,20.45,28.83,18.12096175
2024-10-29,14.64,28.82,14.585191400000001
2024-10-30,10.32,27.72,11.9817172
2024-10-31,11.62,24.95,12.808792
2024-11-01,12.74,29.96,13.4179872
2024-11-02,14.39,35.17,14.429222150000001
2024-11-03,13.48,36.12,13.838366800000001
2024-11-04,11.48,31.25,12.621937500000001
2024-11-05,13.71,25.35,14.03435425
2024-11-06,11.03,21.44,12.529317599999999
2024-11-07,9.07,19.43,11.476223050000002
2024-11-08,12.78,15.55,13.578897
2024-11-09,13.78,18.23,14.1038092
2024-11-10,13.78,18.6,14.102344
2024-11-11,14.77,17.78,14.6479033
2024-11-12,11.4,34.41,12.5183095
2024-11-13,10.86,26.57,12.3300686
2024-11-14,11.7,22.42,12.894732
2024-11-15,10.22,44.89,11.517289400000001
2024-11-16,8.56,40.16,10.5149728
2024-11-17,7.27,27.31,10.16051785
2024-11-18,10.11,19.76,12.0473948
2024-11-19,6.98,26.43,10.0228552
2024-11-20,9.73,15.83,11.938199950000001
2024-11-21,10.1,16.41,12.122878
2024-11-22,12.01,12.17,13.21283185
2024-11-23,12.44,21.96,13.3241932
2024-11-24,11.93,53.2,12.591518
2024-11-25,9.97,41.68,11.423042800000001
2024-11-26,12.86,72.32,13.109673599999999
2024-11-27,11,44.01,12.0778075
2024-11-28,7.55,30.45,10.20854875
2024-11-29,7.37,27.12,10.2279892
2024-11-30,9.41,22.09,11.59109045
2024-12-01,11.83,17.8,13.037107
2024-12-02,12.15,24.13,13.130619750000001
2024-12-03,14.45,16.58,14.4729405
2024-12-04,13.65,23.29,14.00861925
2024-12-05,13.35,25.87,13.81887225
2024-12-06,12.54,26.23,13.335240599999999
2024-12-07,11.71,24.02,12.8759131
2024-12-08,12.57,21.07,13.40784195
2024-12-09,9.75,30.64,11.56203
2024-12-10,5.2,22.56,9.161056000000002
2024-12-11,7.13,19.2,10.405228000000001
2024-12-12,6.79,20.68,10.1535646
2024-12-13,7.39,49.11,9.38005345
2024-12-14,8.68,46.56,10.3906144
2024-12-15,8.85,43.77,10.59734725
2024-12-16,9.44,24.41,11.543669699999999
2024-12-17,9.55,26.66,11.5466815
2024-12-18,10.7,45.41,11.840931
2024-12-19,13.64,33.44,13.9548288
2024-12-20,14.72,21.85,14.6254385
2024-12-21,14.2,17.78,14.335663
2024-12-22,13.49,21.41,13.92656745
2024-12-23,13.43,45.35,13.75161525
2024-12-24,12.96,40.74,13.461932200000001
2024-12-25,8.68,46.38,10.3963762
2024-12-26,9.23,28.67,11.29750005
2024-12-27,9.22,38.29,11.0120584
2024-12-28,11.11,60.31,11.85002005
2024-12-29,9.89,66.78,10.732293100000001
2024-12-30,10.46,45.03,11.681433400000001
2024-12-31,9.88,28.17,11.705200300000001
2025-01-01,8.52,22.97,11.0535167
2025-01-02,10.57,23.94,12.2140369
2025-01-03,12.15,22.88,13.146776000000001
2025-01-04,8.63,34.59,10.741761850000001
2025-01-05,8.33,33.66,10.581247900000001
2025-01-06,11.65,38.91,12.60758575
2025-01-07,10.12,42.7,11.500357
2025-01-08,7.24,29,10.075030000000002
2025-01-09,6.46,25.74,9.7437772
2025-01-10,6.51,24.47,9.82916585
2025-01-11,7.59,29.54,10.2678323
2025-01-12,4.52,29.28,8.401820800000001
2025-01-13,4.08,31.78,7.989688200000001
2025-01-14,4.97,31.26,8.5730071
2025-01-15,7.22,34.49,9.8430204
2025-01-16,8.79,25.09,11.14254855
2025-01-17,9.3,19.17,11.611738
2025-01-18,7.82,32.7,10.292602
2025-01-19,5.88,19.13,9.7140467
2025-01-20,4.86,23.34,8.9245132
2025-01-21,4.06,17.35,8.805763
2025-01-22,7.03,17.37,10.424853550000002
2025-01-23,7.27,17.07,10.567711450000001
2025-01-24,8.11,13.65,11.14477075
2025-01-25,6.11,18.46,9.872663300000001
2025-01-26,6.05,70.65,7.41404125
2025-01-27,6.17,42.17,8.819481450000001
2025-01-28,6.38,31.09,9.4575206
2025-01-29,6.81,24.93,9.98508565
2025-01-30,8.13,25.13,10.753070450000001
2025-01-31,8.5,32.59,10.724530000000001
2025-02-01,9.22,45.76,10.795129600000001
2025-02-02,10.2,69.57,10.9196695
2025-02-03,13.41,38.77,13.77707385
2025-02-04,15.47,26.61,15.07846435
2025-02-05,14.09,58.34,14.1839433
2025-02-06,12.14,62.22,12.6303844
2025-02-07,14.35,59.76,14.383198
2025-02-08,10.23,29.35,11.889215250000001
2025-02-09,7.92,26.55,10.578155500000001
2025-02-10,9.2,17.36,11.608956
2025-02-11,9.5,19.84,11.7044
2025-02-12,6.34,22.69,9.809672800000001
2025-02-13,6.48,60.02,8.243517800000001
2025-02-14,9.45,75.32,10.135487
2025-02-15,9.31,44.71,10.888253050000001
2025-02-16,10.91,31.16,12.2692458
2025-02-17,11.88,33.59,12.8369681
2025-02-18,11.71,36.14,12.6899317
2025-02-19,12.92,31.87,13.5120497
2025-02-20,11.89,41.66,12.727470700000001
2025-02-21,10.34,32.9,11.875248000000001
2025-02-22,12.58,22.38,13.3996672
2025-02-23,15.02,23.29,14.800609399999999
2025-02-24,17.63,30.14,16.427360099999998
2025-02-25,18.01,24.6,16.554403
2025-02-26,15.1,23.61,14.847913
2025-02-27,13.32,23.69,13.8152519
2025-02-28,15.53,18.04,15.065696599999999
2025-03-01,16.82,21,15.81196
2025-03-02,13.15,38.23,13.60864225
2025-03-03,10.68,37.33,11.9966967
2025-03-04,11.76,39.45,12.6724885
2025-03-05,11.83,49.01,12.57878815
2025-03-06,8.79,63.68,9.9306296
2025-03-07,8.71,40.63,10.600637650000001
2025-03-08,8.3,35.62,10.495358000000001
2025-03-09,12.98,24.51,13.611096400000001
2025-03-10,13.44,26.44,13.8688548
2025-03-11,14.45,27.04,14.470063999999999
2025-03-12,11.37,56.49,12.11902465
2025-03-13,10.29,59.32,11.231945399999999
2025-03-14,7.27,43.53,9.51552955
2025-03-15,10.05,37.23,11.586295750000001
2025-03-16,11.57,40.4,12.530454
2025-03-17,15.13,38.18,14.9157937
2025-03-18,11.13,30.63,12.415772950000001
2025-03-19,9.54,26.43,11.5469896
2025-03-20,12.27,26.38,13.172949299999999
2025-03-21,15.97,22.52,15.3435742
2025-03-22,16.71,34.36,15.912145800000001
2025-03-23,19.01,33.06,17.3495533
2025-03-24,21.1,26.81,18.443203
2025-03-25,23.07,19.82,19.2907157
2025-03-26,24.27,18.44,19.8873734
2025-03-27,20.86,40.62,18.7828876
2025-03-28,19.14,27.99,17.3023048
2025-03-29,16.71,27.56,15.8294918
2025-03-30,16.22,29.65,15.554488999999998
2025-03-31,16.78,39.17,16.0171918
2025-04-01,13.38,27.24,13.8282016
2025-04-02,11.67,31.67,12.73355645
2025-04-03,11.3,24.7,12.62528
2025-04-04,12.78,20.38,13.5332052
2025-04-05,13.78,18.18,14.1040072
2025-04-06,17.45,12.28,16.026743
2025-04-07,19.5,20.48,17.3132
2025-04-08,21.14,26.12,18.4419024
2025-04-09,23.04,23.43,19.443507099999998
2025-04-10,24.93,14.18,20.0069357
2025-04-11,25.82,19.28,20.794372799999998
2025-04-12,24.05,23.54,20.033938499999998
2025-04-13,21.53,21.18,18.4824247
2025-04-14,21.44,12.91,18.1157747
2025-04-15,23.77,16.21,19.497966849999997
2025-04-16,22,26.29,18.9594625
2025-04-17,17.99,44.97,16.93369915
2025-04-18,15.84,14.03,15.2064011
2025-04-19,14.49,13.77,14.494742650000001
2025-04-20,18.46,13.34,16.5725452
2025-04-21,21.8,21.51,18.6486265
2025-04-22,23.22,19.45,19.356821999999998
2025-04-23,22.7,28.85,19.491135
2025-04-24,20.41,23.52,17.9240176
2025-04-25,19.89,29.18,17.7905411
2025-04-26,14.72,38.68,14.6458028
2025-04-27,12.79,42.77,13.32824815
2025-04-28,17.29,30.16,16.2183052
2025-04-29,19.36,29.85,17.4848905
2025-04-30,22.44,23.44,19.0966248
2025-05-01,20.61,44.74,18.7529877
2025-05-02,24.19,26.03,20.24776885
2025-05-03,23.15,30.94,19.8644705
2025-05-04,17.5,50.09,16.676485
2025-05-05,19.19,43.45,17.73129275
2025-05-06,19.49,29.06,17.5430517
2025-05-07,19.64,23.57,17.4793239
2025-05-08,23.46,24.62,19.7452736
2025-05-09,27.65,18.12,21.728029
2025-05-10,30.49,13.79,22.90826155
2025-05-11,29.75,18.44,22.909155
2025-05-12,25.53,16.24,20.448699599999998
2025-05-13,18.97,27.41,17.18537485
2025-05-14,18.23,24.29,16.67680935
2025-05-15,21.22,17.88,18.1848448
2025-05-16,23.95,21.68,19.879317999999998
2025-05-17,23.3,26.99,19.766316
2025-05-18,20.31,26.5,17.9613075
2025-05-19,21.63,18.57,18.43672255
2025-05-20,25.33,17.6,20.421844
2025-05-21,27.7,14.75,21.510849999999998
2025-05-22,28.96,13.91,22.1132623
2025-05-23,28.51,11.55,21.69448525
2025-05-24,25.96,16.76,20.713382799999998
2025-05-25,27.08,22.75,21.735072499999998
2025-05-26,26.98,22.06,21.630198399999998
2025-05-27,26.15,20.78,21.0739785
2025-05-28,27.81,16.18,21.6739569
2025-05-29,29.29,20.42,22.8165649
2025-05-30,32.26,10.53,23.520570399999997
2025-05-31,33.54,9.94,24.1089168
2025-06-01,31.29,17.87,23.70570515
2025-06-02,26.16,36.4,22.081332
2025-06-03,27.84,38.2,23.305734
2025-06-04,27.86,28.36,22.595892799999998
2025-06-05,28.29,27,22.753314999999997
2025-06-06,27.88,31.28,22.822895199999998
2025-06-07,30.91,20.19,23.70674845
2025-06-08,32.04,19.66,24.2896002
2025-06-09,32.99,16.83,24.53202685
2025-06-10,34.69,13.18,25.049073099999998
2025-06-11,34.04,17.04,25.1242888
2025-06-12,32.24,9.25,23.3855225
2025-06-13,30.89,8.59,22.64984555
2025-06-14,31.28,8.54,22.8391566
2025-06-15,32.39,6.79,23.21860205
2025-06-16,34.14,6.63,24.0541726
2025-06-17,31.51,8.57,22.95626635
2025-06-18,33.74,7.12,23.9114384
2025-06-19,33.87,9,24.175314999999998
2025-06-20,31.74,10.07,23.212837399999998
2025-06-21,28.89,11.26,21.8666727
2025-06-22,23.47,12.72,19.1640412
2025-06-23,26.64,9.31,20.5846287
2025-06-24,26.58,14.73,20.914661199999998
2025-06-25,29.79,11.86,22.3778667
2025-06-26,30.97,12.17,23.013919449999996
2025-06-27,31.67,14.48,23.593918799999997
2025-06-28,31.75,11.48,23.351664999999997
2025-06-29,31.72,9.22,23.1222262
2025-06-30,32.43,9.25,23.48068875
2025-07-01,32.8,8.89,23.6297785
2025-07-02,31.84,18.24,24.0425488
2025-07-03,30.53,26.7,24.0675055
2025-07-04,30.76,18.82,23.5000726
2025-07-05,29.37,12.15,22.18518775
2025-07-06,30.35,11.77,22.65854975
2025-07-07,32.8,7.03,23.442569499999998
2025-07-08,32.94,10.03,23.815242599999998
2025-07-09,34.99,9.52,24.7933564
2025-07-10,33.24,7.51,23.7070557
2025-07-11,35.1,7.21,24.586893
2025-07-12,35.55,6.78,24.757454499999998
2025-07-13,35.44,11.13,25.2048421
2025-07-14,36.96,11.15,25.9843595
2025-07-15,35.89,13.65,25.73135425
2025-07-16,32.98,16.36,24.4788304
2025-07-17,32.67,16.68,24.343415800000002
2025-07-18,32.43,21.93,24.731126949999997
2025-07-19,32.05,23.78,24.6928645
2025-07-20,33.39,19.17,24.99216715
2025-07-21,31.71,17.26,23.8782453
2025-07-22,28.72,24.48,22.813580799999997
2025-07-23,27.77,24.61,22.26766085
2025-07-24,28.47,17.97,22.167224949999998
2025-07-25,28.42,13.36,21.7868416
2025-07-26,27.76,22.85,22.133450500000002
2025-07-27,28.82,21.76,22.6578176
2025-07-28,30.78,17.11,23.3580294
2025-07-29,31.64,15.35,23.660044499999998
2025-07-30,30.72,17.22,23.3351962
2025-07-31,30.54,12.72,22.8401584
2025-08-01,30.73,8.98,22.6050997
2025-08-02,31.5,10.76,23.15606
2025-08-03,32.47,9.19,23.49479365
2025-08-04,30.49,9.66,22.5450487
2025-08-05,30.19,12.11,22.60553245
2025-08-06,31.16,11.66,23.0654058
2025-08-07,31.9,12.42,23.518594
2025-08-08,33.38,10.76,24.1133184
2025-08-09,34.22,9.89,24.446669399999998
2025-08-10,34.22,9.5,24.40437
2025-08-11,35.29,9.49,24.94063405
2025-08-12,36,9.17,25.2593525
2025-08-13,35.28,11.41,25.1550489
2025-08-14,32.52,10.05,23.6050555
2025-08-15,30.52,14.23,22.9628053
2025-08-16,29.28,17.71,22.5906459
2025-08-17,29.16,21.38,22.8208694
2025-08-18,29.64,23.74,23.2898298
2025-08-19,32.06,11.76,23.5377808
2025-08-20,33.06,9.39,23.8105312
2025-08-21,33.54,15.06,24.6450832
2025-08-22,35.2,18.75,25.949687500000003
2025-08-23,35.39,16.54,25.8008633
2025-08-24,33.72,28.67,26.1797057
2025-08-25,31.5,31.63,25.107405
2025-08-26,29.88,33.25,24.233617499999998
2025-08-27,29.11,39.27,24.230040849999998
2025-08-28,29.5,30.77,23.788525
2025-08-29,28.33,42.3,23.9410495
2025-08-30,30.91,24.66,24.1101883
2025-08-31,32.18,17.83,24.1897892
2025-09-01,33.9,15.12,24.843303999999996
2025-09-02,31.85,19.54,24.1721045
2025-09-03,29.61,31.46,23.913983299999998
2025-09-04,31.14,30.76,24.8031552
2025-09-05,31.08,29.71,24.6702549
2025-09-06,29.81,30.88,23.9897504
2025-09-07,29.13,17.09,22.45864685
2025-09-08,28.73,14.06,22.0039059
2025-09-09,27.05,19.51,21.49417775
2025-09-10,25.28,32.44,21.274367599999998
2025-09-11,23.82,35.97,20.5378222
2025-09-12,24.62,33.49,20.9180534
2025-09-13,26.38,23.3,21.368422
2025-09-14,27.7,22.57,22.078581999999997
2025-09-15,28.55,19.22,22.3077255
2025-09-16,29.14,16.65,22.428658
2025-09-17,30.5,18.43,23.321839999999998
2025-09-18,28.57,28.52,23.0385202
2025-09-19,23.57,64.19,21.78361815
2025-09-20,25.94,45.41,22.5051972
2025-09-21,27.03,30.86,22.2652169
2025-09-22,26.56,28.54,21.8200582
2025-09-23,27.81,25.99,22.39209795
2025-09-24,27.56,20.36,21.8394588
2025-09-25,29.08,35.43,23.902131699999998
2025-09-26,25.53,36.45,21.674739250000002
2025-09-27,25.61,35.73,21.68278165
2025-09-28,24.3,47.47,21.468633
2025-09-29,24,47.52,21.25792
2025-09-30,24.43,37.39,21.01055485
2025-10-01,22.41,40.89,19.83841945
2025-10-02,24.02,32.85,20.504026
2025-10-03,22.61,39.61,19.91630405
2025-10-04,19.58,30.51,17.6384494
2025-10-05,19.64,29.76,17.6543152
2025-10-06,21.92,21.51,18.7168231
2025-10-07,21.36,19.59,18.3261307
2025-10-08,23.97,15.58,19.572984299999998
2025-10-09,23.43,18.82,19.4428443
2025-10-10,24.58,56.22,22.1528368
2025-10-11,23.07,57.11,21.04837985
2025-10-12,18.3,21.6,16.66144
2025-10-13,17.86,21.13,16.4024824
2025-10-14,15.18,53.55,15.006276999999999
2025-10-15,11.98,57.07,12.5750098
2025-10-16,14.94,38.71,14.7916782
2025-10-17,16.4,31.76,15.686891999999999
2025-10-18,19,23.79,17.1138025
2025-10-19,20.41,22.81,17.900939049999998
2025-10-20,20.45,28.97,18.12554325
2025-10-21,20.99,22.62,18.2279209
2025-10-22,20.66,31.03,18.3232964
2025-10-23,19.01,41.61,17.56163605
2025-10-24,18.96,27.89,17.1911417
2025-10-25,19.94,25.04,17.6971968
2025-10-26,19.53,30.24,17.6000896
2025-10-27,20.37,30.61,18.12974385
2025-10-28,17.18,25.84,16.086881599999998
2025-10-29,19.25,15.94,17.0539325
2025-10-30,20.46,15.05,17.675339
2025-10-31,20.73,15.68,17.8407752
2025-11-01,21.51,16.97,18.30877835
2025-11-02,21.33,14.52,18.118943799999997
2025-11-03,20.88,17.49,17.984724099999998
2025-11-04,19.28,24.41,17.2927389
2025-11-05,17.95,21.17,16.45420075
2025-11-06,18.55,37.65,17.16115375
2025-11-07,20.1,25.12,17.793696
2025-11-08,19.09,34.99,17.44882255
2025-11-09,19.16,25.85,17.2595355
2025-11-10,20.54,17.77,17.8083194
2025-11-11,19.63,18.62,17.333863299999997
2025-11-12,18.25,24.62,16.6952875
2025-11-13,17.67,31.47,16.475179450000002
2025-11-14,16.89,48.52,16.2132954
2025-11-15,15.74,66.25,15.509825
2025-11-16,11.74,79.05,12.058021
2025-11-17,10.07,78.21,10.60091335
2025-11-18,10.55,74.99,11.093342250000001
2025-11-19,9.82,81.1,10.306486000000001
2025-11-20,9.08,69.88,9.9778772
2025-11-21,8.55,80.45,9.18977375
2025-11-22,9.73,63.82,10.6791823
2025-11-23,11.5,53,12.275500000000001
2025-11-24,13.74,41.17,13.9859094
2025-11-25,11.59,44.39,12.48003805
2025-11-26,12.8,34.4,13.41336
2025-11-27,12.64,35.82,13.2965614
2025-11-28,13.67,31.83,13.98119605
2025-11-29,10.76,41.81,11.9569683
2025-11-30,11.53,40.54,12.5012791
2025-12-01,8.18,45.41,10.077548400000001
2025-12-02,8.94,33.09,10.9861078
2025-12-03,7.3,46.42,9.421768
2025-12-04,6.48,41.11,9.077637900000001
2025-12-05,8.42,42.51,10.3424656
2025-12-06,11.85,50.37,12.57335725
2025-12-07,11.76,48.07,12.5425851
2025-12-08,12.44,44.53,13.0684751
2025-12-09,12.03,41.4,12.826081
2025-12-10,12.92,43.54,13.4106374
2025-12-11,15.53,39.54,15.187494099999999
2025-12-12,14.76,38.1,14.671483
2025-12-13,14.17,29.96,14.2971226
2025-12-14,14.41,29.19,14.44505095
2025-12-15,13.4,31.87,13.812186500000001
2025-12-16,13.74,33.5,14.01797
2025-12-17,15.44,32.56,15.0913352
2025-12-18,14.68,43,14.623569999999999
2025-12-19,12.23,46.89,12.89307835
2025-12-20,11.1,48.06,12.071278
2025-12-21,11.98,52.51,12.638211400000001
2025-12-22,12.4,51.35,12.9619075
2025-12-23,12.41,47.39,13.01475195
2025-12-24,10.71,79.37,11.14003235
2025-12-25,10.54,83.92,10.890222399999999
2025-12-26,10.44,78.71,10.9154057
2025-12-27,8.83,75.46,9.595279900000001
2025-12-28,6.28,51.42,8.4763018
2025-12-29,6.45,42.06,9.0152935
2025-12-30,7.04,41.03,9.4595391
2025-12-31,10.96,39.61,12.135793300000001
