location,model,optimizer,window_index,start_date,end_date,class_mean,class_sd,sym_mean,sym_sd,time_classical,time_symbolic,class_conv,sym_conv,paired_conv
Yakutsk,normal,BFGS,1,1984-01-01,1993-12-28,-8.427457918712326,20.491951238205594,-8.419730982982149,20.487966510046274,0.0010999999999815675,3.9999999996022476e-4,TRUE,TRUE,TRUE
Yakutsk,normal,BFGS,2,1984-07-01,1994-06-28,-8.564347460538883,20.601215338868894,-8.561688255000398,20.5950104138497,0.00383333333338669,6.666666666812186e-4,TRUE,TRUE,TRUE
Yakutsk,normal,BFGS,3,1984-12-30,1994-12-27,-8.470492285187596,20.558590073428043,-8.46479487395673,20.550512608742313,0.003733333333245052,6.333333333410943e-4,TRUE,TRUE,TRUE
Yakutsk,normal,BFGS,4,1985-06-30,1995-06-27,-8.414755741480917,20.434341183136368,-8.413103896488229,20.426681936520396,0.003666666666686069,6.333333333410943e-4,TRUE,TRUE,TRUE
Yakutsk,normal,BFGS,5,1985-12-29,1995-12-26,-8.315089819699157,20.414849691905857,-8.318341934530961,20.409863447754343,0.0032999999999447026,6.000000000009701e-4,TRUE,TRUE,TRUE
Yakutsk,normal,BFGS,6,1986-06-29,1996-06-25,-8.3195124248220509,20.392085410801403,-8.316649466397202,20.385903459895804,0.004000000000087311,4.666666666404732e-4,TRUE,TRUE,TRUE
Yakutsk,normal,BFGS,7,1986-12-28,1996-12-24,-8.319530943489486,20.390632825783737,-8.316670261082841,20.384845807334674,0.0010999999999815675,2.0000000004074536e-4,TRUE,TRUE,TRUE
Yakutsk,normal,BFGS,8,1987-06-28,1997-06-24,-8.24036467887351,20.357110415934777,-8.240377369522928,20.347561284490638,0.0035666666666656966,6.333333333410943e-4,TRUE,TRUE,TRUE
Yakutsk,normal,BFGS,9,1987-12-27,1997-12-23,-8.091315034098887,20.350195207937062,-8.088325289924153,20.340863620210442,0.0037000000000261936,6.666666666812186e-4,TRUE,TRUE,TRUE
Yakutsk,normal,BFGS,10,1988-06-26,1998-06-23,-8.120441327439638,20.32051263067808,-8.121050678289869,20.31192251082245,0.0038666666667268148,6.333333333410943e-4,TRUE,TRUE,TRUE
Yakutsk,normal,BFGS,11,1988-12-25,1998-12-22,-8.21258444930102,20.49887179849032,-8.209364568623444,20.493778316347196,0.0036000000000058208,6.333333333410943e-4,TRUE,TRUE,TRUE
Yakutsk,normal,BFGS,12,1989-06-25,1999-06-22,-8.39001860668483,20.613994032892993,-8.38896546909557,20.60960233487258,0.0034333333333051996,6.000000000009701e-4,TRUE,TRUE,TRUE
Yakutsk,normal,BFGS,13,1989-12-24,1999-12-21,-8.402451105163001,20.676394502561493,-8.403198094690012,20.671666279770033,0.00403333333330617,6.666666666812186e-4,TRUE,TRUE,TRUE
Yakutsk,normal,BFGS,14,1990-06-24,2000-06-20,-8.420072469933938,20.563036098633145,-8.42300879253554,20.55902117788887,0.004133333333326542,7.666666665803253e-4,TRUE,TRUE,TRUE
Yakutsk,normal,BFGS,15,1990-12-23,2000-12-19,-8.460607892625148,20.62329744375565,-8.462154526899955,20.619360832388907,0.0038333333332654243,6.666666666812186e-4,TRUE,TRUE,TRUE
Yakutsk,normal,BFGS,16,1991-06-23,2001-06-19,-8.577344964308299,20.771747882296644,-8.578942801367457,20.766188649608647,0.004000000000087311,6.999999999000769e-4,TRUE,TRUE,TRUE
Yakutsk,normal,BFGS,17,1991-12-22,2001-12-18,-8.526059367549262,20.791847944784593,-8.525960428176408,20.782965966741024,0.003166666666705472,5.666666667821119e-4,TRUE,TRUE,TRUE
Yakutsk,normal,BFGS,18,1992-06-21,2002-06-18,-8.501182039896372,20.77595944266207,-8.500116198841669,20.769099487354392,0.0037333333333663178,6.666666665599526e-4,TRUE,TRUE,TRUE
Yakutsk,normal,BFGS,19,1992-12-20,2002-12-17,-8.378496113373323,20.708942001448825,-8.380802369614466,20.701095002297222,0.0037333333333663178,6.666666666812186e-4,TRUE,TRUE,TRUE
Yakutsk,normal,BFGS,20,1993-06-20,2003-06-17,-8.439570245559736,20.834046311406233,-8.4402427608323,20.824072174507933,0.0035666666666656966,6.000000000009701e-4,TRUE,TRUE,TRUE
Yakutsk,normal,BFGS,21,1993-12-19,2003-12-16,-8.314080907712619,20.807294655151136,-8.31834188052733,20.79410017573711,0.0033666666666249513,6.000000000009701e-4,TRUE,TRUE,TRUE
Yakutsk,normal,BFGS,22,1994-06-19,2004-06-15,-8.353383408740582,20.749015645454136,-8.354472962224834,20.73699897975181,0.004599999999967016,6.666666665599526e-4,TRUE,TRUE,TRUE
Yakutsk,normal,BFGS,23,1994-12-18,2004-12-14,-8.38719507038473,20.82734040344731,-8.38769141572575,20.817571262211903,0.0036000000000058208,6.333333333410943e-4,TRUE,TRUE,TRUE
Yakutsk,normal,BFGS,24,1995-06-18,2005-06-14,-8.425544433509135,20.91349244876126,-8.42732010920934,20.90282920956894,0.0036000000000058208,6.333333333410943e-4,TRUE,TRUE,TRUE
Yakutsk,normal,BFGS,25,1995-12-17,2005-12-13,-8.427707950037302,20.870456051419662,-8.429904769130193,20.85949143271876,0.0038666666666055485,6.333333333410943e-4,TRUE,TRUE,TRUE
Yakutsk,normal,BFGS,26,1996-06-16,2006-06-13,-8.502303711253052,20.959030297927605,-8.50350565239182,20.9489550958806,0.004066666666646294,6.666666666812186e-4,TRUE,TRUE,TRUE
Yakutsk,normal,BFGS,27,1996-12-15,2006-12-12,-8.502284970625313,20.96098411215332,-8.46608675516525,20.95783106350791,0.001133333333321692,5.66666666660846e-4,TRUE,TRUE,TRUE
Yakutsk,normal,BFGS,28,1997-06-15,2007-06-12,-8.426607145722206,20.90449546746125,-8.427797784692073,20.900010667345768,0.0042666666666870395,7.000000000213428e-4,TRUE,TRUE,TRUE
Yakutsk,normal,BFGS,29,1997-12-14,2007-12-11,-8.372598634668648,20.8263133026937,-8.37519783583961,20.82275090744472,0.0037999999999253,6.333333333410943e-4,TRUE,TRUE,TRUE
Yakutsk,normal,BFGS,30,1998-06-14,2008-06-10,-8.274750591925327,20.74510383589447,-8.27787706951771,20.739854676193435,0.003966666666747188,6.999999999000769e-4,TRUE,TRUE,TRUE
Yakutsk,normal,BFGS,31,1998-12-13,2008-12-09,-8.189421728202143,20.69773468397897,-8.195582514888388,20.69112762607545,0.003633333333224679,6.666666666812186e-4,TRUE,TRUE,TRUE
Yakutsk,normal,BFGS,32,1999-06-13,2009-06-09,-8.216403035161354,20.782085343529413,-8.223146980566323,20.77335980852893,0.003633333333345945,6.333333333410943e-4,TRUE,TRUE,TRUE
Yakutsk,normal,BFGS,33,1999-12-12,2009-12-08,-8.065734641834279,20.782943372102245,-8.070663980963236,20.77648544356235,0.0037000000000261936,6.666666666812186e-4,TRUE,TRUE,TRUE
Yakutsk,normal,BFGS,34,2000-06-11,2010-06-08,-8.262593238130984,20.948418479040914,-8.269191666788629,20.943217803000604,0.0035333333333255725,6.000000000009701e-4,TRUE,TRUE,TRUE
Yakutsk,normal,BFGS,35,2000-12-10,2010-12-07,-8.176981726144067,20.963737165375044,-8.18394968150658,20.962650086099554,0.00319999999992433,5.66666666660846e-4,TRUE,TRUE,TRUE
Yakutsk,normal,BFGS,36,2001-06-10,2011-06-07,-8.076461523896434,20.923487760813405,-8.083585912859427,20.923321412711843,0.0035333333333255725,6.333333333410943e-4,TRUE,TRUE,TRUE
Yakutsk,normal,BFGS,37,2001-12-09,2011-12-06,-8.089139650211571,20.94610815475431,-8.094774321911983,20.94815146581788,0.003499999999985448,6.000000000009701e-4,TRUE,TRUE,TRUE
Yakutsk,normal,BFGS,38,2002-06-09,2012-06-05,-8.263231814885122,21.060415769024797,-8.270511220583002,21.06474440453203,0.0033666666666249513,6.000000000009701e-4,TRUE,TRUE,TRUE
Yakutsk,normal,BFGS,39,2002-12-08,2012-12-04,-8.294183490518314,21.135537853762106,-8.30025019551146,21.1432960674017,0.0036000000000058208,6.333333333410943e-4,TRUE,TRUE,TRUE
Yakutsk,normal,BFGS,40,2003-06-08,2013-06-04,-8.38270793515334,21.24452482589298,-8.39243014631672,21.256672245485337,0.003933333333407063,7.000000000213428e-4,TRUE,TRUE,TRUE
Yakutsk,normal,BFGS,41,2003-12-07,2013-12-03,-8.352208257621522,21.185687872637686,-8.360122879917306,21.200966257824287,0.0035666666666656966,6.333333333410943e-4,TRUE,TRUE,TRUE
Yakutsk,normal,BFGS,42,2004-06-06,2014-06-03,-8.280739019708387,21.232083524325958,-8.290780864910646,21.247999901665242,0.0034000000000863413,6.000000000009701e-4,TRUE,TRUE,TRUE
Yakutsk,normal,BFGS,43,2004-12-05,2014-12-02,-8.212711207423045,21.28040448554927,-8.223154073885652,21.294300710266775,0.003499999999985448,6.000000000009701e-4,TRUE,TRUE,TRUE
Yakutsk,normal,BFGS,44,2005-06-05,2015-06-02,-8.177102789968924,21.165913671961054,-8.184380019726637,21.179509318516192,0.003633333333345945,6.333333332198284e-4,TRUE,TRUE,TRUE
Yakutsk,normal,BFGS,45,2005-12-04,2015-12-01,-8.144689621977111,21.183830371630695,-8.14862952057301,21.198688212741274,0.0032999999999447026,6.000000000009701e-4,TRUE,TRUE,TRUE
Yakutsk,normal,BFGS,46,2006-06-04,2016-05-31,-8.07387758866174,21.11750315342758,-8.079306682364663,21.132272919594715,0.003899999999945673,7.000000000213428e-4,TRUE,TRUE,TRUE
Yakutsk,normal,BFGS,47,2006-12-03,2016-11-29,-8.043701047719503,21.100111891374024,-8.053009809461114,21.109873629597637,0.003633333333345945,6.666666666812186e-4,TRUE,TRUE,TRUE
Yakutsk,normal,BFGS,48,2007-06-03,2017-05-30,-8.045648231435678,21.05797539323856,-8.05084835338427,21.069755701947326,0.0025000000000242532,6.666666666812186e-4,TRUE,TRUE,TRUE
Yakutsk,normal,BFGS,49,2007-12-02,2017-11-28,-8.037161629504027,21.14026092227321,-8.043955272795714,21.153763354407825,0.003900000000066939,7.33333333240201e-4,TRUE,TRUE,TRUE
Yakutsk,normal,BFGS,50,2008-06-01,2018-05-29,-8.222755689932585,21.292182199323133,-8.226557643109048,21.30364195459646,0.0034666666666453238,6.000000000009701e-4,TRUE,TRUE,TRUE
Yakutsk,normal,BFGS,51,2008-11-30,2018-11-27,-8.198184805072165,21.228098051506404,-8.201609728110352,21.238981101012914,0.0035666666666656966,6.333333333410943e-4,TRUE,TRUE,TRUE
Yakutsk,normal,BFGS,52,2009-05-31,2019-05-28,-8.036393356223801,21.041949382183326,-8.039646252859377,21.055360749667422,0.003666666666686069,6.666666666812186e-4,TRUE,TRUE,TRUE
Yakutsk,normal,BFGS,53,2009-11-29,2019-11-26,-8.004053835788781,21.009338540461044,-8.008653807261418,21.022423197318577,0.00383333333338669,6.666666666812186e-4,TRUE,TRUE,TRUE
Yakutsk,normal,BFGS,54,2010-05-30,2020-05-26,-7.833577538036116,20.853315285063356,-7.833388319190082,20.861603001122504,0.004099999999986418,7.000000000213428e-4,TRUE,TRUE,TRUE
Yakutsk,normal,BFGS,55,2010-11-28,2020-11-24,-7.760035222129117,20.876359731156963,-7.762251128024213,20.883128500237564,0.0033000000000659685,5.66666666660846e-4,TRUE,TRUE,TRUE
Yakutsk,normal,BFGS,56,2011-05-29,2021-05-25,-7.894324278979486,20.93138347585673,-7.894917324047944,20.934240086157306,0.003333333333406093,5.66666666660846e-4,TRUE,TRUE,TRUE
Yakutsk,normal,BFGS,57,2011-11-27,2021-11-23,-7.76695244175429,20.935998218449406,-7.770866187662368,20.93835120700787,0.003666666666686069,6.333333333410943e-4,TRUE,TRUE,TRUE
Yakutsk,normal,BFGS,58,2012-05-27,2022-05-24,-7.701220362086975,20.85084387980524,-7.703307471606176,20.85061239649537,0.003933333333285797,7.333333333614671e-4,TRUE,TRUE,TRUE
Yakutsk,normal,BFGS,59,2012-11-25,2022-11-22,-7.656896649933074,20.833384992312148,-7.658872431085388,20.830757522260683,0.0036000000000058208,6.333333333410943e-4,TRUE,TRUE,TRUE
Yakutsk,normal,BFGS,60,2013-05-26,2023-05-23,-7.7035701352779995,20.842540304727486,-7.658896072461038,20.83232647338534,0.00323333333338572,2.3333333325960363e-4,TRUE,TRUE,TRUE
Yakutsk,normal,BFGS,61,2013-11-24,2023-11-21,-7.595537209141922,20.845135651873544,-7.658862456508332,20.8340522003196,0.003633333333345945,1.999999999194794e-4,TRUE,TRUE,TRUE
Yakutsk,normal,BFGS,62,2014-05-25,2024-05-21,-7.688069706829271,20.822420280151675,-7.687294946249793,20.8108387726371,0.0032333333332644544,6.666666666812186e-4,TRUE,TRUE,TRUE
Yakutsk,normal,BFGS,63,2014-11-23,2024-11-19,-7.57425612677319,20.82244531168209,-7.575307873039144,20.807874783326152,0.0035666666666656966,6.333333333410943e-4,TRUE,TRUE,TRUE
Yakutsk,normal,BFGS,64,2015-05-24,2025-05-20,-7.505024751473891,20.754975513445952,-7.505988603346048,20.74060854755858,0.0038333333332654243,6.666666666812186e-4,TRUE,TRUE,TRUE
Yakutsk,normal,BFGS,65,2015-11-22,2025-11-18,-7.461017878725608,20.762521985944392,-7.463314271151162,20.747200889425997,0.003200000000045596,5.66666666660846e-4,TRUE,TRUE,TRUE
Yakutsk,normal,L-BFGS-B,1,1984-01-01,1993-12-28,-8.427457918712326,20.490451749512108,-8.427447324687591,20.486819077530875,0.0018000000000029104,5.66666666660846e-4,TRUE,TRUE,TRUE
Yakutsk,normal,L-BFGS-B,2,1984-07-01,1994-06-28,-8.564380789687764,20.601225603047116,-8.561714078662131,20.595019862320814,0.009233333333395422,8.333333333818397e-4,TRUE,TRUE,TRUE
Yakutsk,normal,L-BFGS-B,3,1984-12-30,1994-12-27,-8.564158121231182,20.558675868418195,-8.464660351492556,20.550424143169135,0.003100000000025223,8.66666666721964e-4,TRUE,TRUE,TRUE
Yakutsk,normal,L-BFGS-B,4,1985-06-30,1995-06-27,-8.414757807652066,20.434348991072323,-8.464419663422062,20.426714897040856,0.007633333333311991,3.9999999996022476e-4,TRUE,TRUE,TRUE
Yakutsk,normal,L-BFGS-B,5,1985-12-29,1995-12-26,-8.41451494497105,20.414785340538945,-8.318341458116041,20.40986655144375,0.0026333333333847502,0.0012666666666821887,TRUE,TRUE,TRUE
Yakutsk,normal,L-BFGS-B,6,1986-06-29,1996-06-25,-8.414284155239388,20.392063278477487,-8.31834301197182,20.386461883849517,0.002633333333263484,6.333333333410943e-4,TRUE,TRUE,TRUE
Yakutsk,normal,L-BFGS-B,7,1986-12-28,1996-12-24,-8.414191279806706,20.38828928413934,-8.318389622239598,20.38336210135269,0.0018000000000029104,3.333333332799763e-4,TRUE,TRUE,TRUE
Yakutsk,normal,L-BFGS-B,8,1987-06-28,1997-06-24,-8.240390641845798,20.35711064252497,-8.239874625485989,20.347412479114617,0.006800000000051417,0.001133333333321692,TRUE,TRUE,TRUE
Yakutsk,normal,L-BFGS-B,9,1987-12-27,1997-12-23,-8.090861425825885,20.350125003801896,-8.088327138907612,20.34086347407939,0.005466666666688979,9.333333332809464e-4,TRUE,TRUE,TRUE
Yakutsk,normal,L-BFGS-B,10,1988-06-26,1998-06-23,-8.120805504320998,20.321052217529395,-8.121060137591643,20.311908642216142,0.005966666666669577,9.666666666210707e-4,TRUE,TRUE,TRUE
Yakutsk,normal,L-BFGS-B,11,1988-12-25,1998-12-22,-8.213703135147764,20.498352821960758,-8.209487577300072,20.493789293554542,0.005466666666688979,9.666666666210707e-4,TRUE,TRUE,TRUE
Yakutsk,normal,L-BFGS-B,12,1989-06-25,1999-06-22,-8.3900379637438,20.613999046019558,-8.388984372595733,20.609607270746135,0.005066666666728755,8.333333332605738e-4,TRUE,TRUE,TRUE
Yakutsk,normal,L-BFGS-B,13,1989-12-24,1999-12-21,-8.391285270984826,20.675893423712,-8.390413856123756,20.671189023774428,0.0036000000000058208,6.333333333410943e-4,TRUE,TRUE,TRUE
Yakutsk,normal,L-BFGS-B,14,1990-06-24,2000-06-20,-8.420082106228357,20.56303614181146,-8.390556900525754,20.55903130592044,0.005966666666669577,4.000000000814907e-4,TRUE,TRUE,TRUE
Yakutsk,normal,L-BFGS-B,15,1990-12-23,2000-12-19,-8.460661941533314,20.623316522061934,-8.462209512473105,20.61937917843237,0.0044666666666065185,7.666666667015912e-4,TRUE,TRUE,TRUE
Yakutsk,normal,L-BFGS-B,16,1991-06-23,2001-06-19,-8.577778824606828,20.771574533323438,-8.579314543673743,20.76604866297058,0.005499999999907838,9.333333334022124e-4,TRUE,TRUE,TRUE
Yakutsk,normal,L-BFGS-B,17,1991-12-22,2001-12-18,-8.526058451567375,20.791861260417804,-8.525959636289517,20.78297628029127,0.004499999999946643,7.666666667015912e-4,TRUE,TRUE,TRUE
Yakutsk,normal,L-BFGS-B,18,1992-06-21,2002-06-18,-8.52600076402861,20.775948562813358,-8.499813883145231,20.768610473738704,0.0027000000000649985,0.0010666666667627092,TRUE,TRUE,TRUE
Yakutsk,normal,L-BFGS-B,19,1992-12-20,2002-12-17,-8.52532382739522,20.706902962660383,-8.380800892523691,20.701087862481153,0.0035666666666656966,7.666666665803253e-4,TRUE,TRUE,TRUE
Yakutsk,normal,L-BFGS-B,20,1993-06-20,2003-06-17,-8.439409457830102,20.83400708140814,-8.440530756674278,20.82395589829277,0.005499999999907838,8.999999999408222e-4,TRUE,TRUE,TRUE
Yakutsk,normal,L-BFGS-B,21,1993-12-19,2003-12-16,-8.313045635559902,20.807615828107146,-8.317744610234065,20.793987784995565,0.005866666666649204,0.0010999999999815675,TRUE,TRUE,TRUE
Yakutsk,normal,L-BFGS-B,22,1994-06-19,2004-06-15,-8.313139444149547,20.748992119146635,-8.31872540394019,20.739161958161652,0.0030999999999039574,5.333333333207217e-4,TRUE,TRUE,TRUE
Yakutsk,normal,L-BFGS-B,23,1994-12-18,2004-12-14,-8.387191780869808,20.82734057071558,-8.387688202809803,20.817573773584098,0.004500000000067909,7.999999999204495e-4,TRUE,TRUE,TRUE
Yakutsk,normal,L-BFGS-B,24,1995-06-18,2005-06-14,-8.425365180222412,20.91242918900254,-8.427204074725218,20.90199888417818,0.004500000000067909,7.666666667015912e-4,TRUE,TRUE,TRUE
Yakutsk,normal,L-BFGS-B,25,1995-12-17,2005-12-13,-8.425370552957226,20.870456471608446,-8.427213381554253,20.859497665512826,0.0031333333332440815,4.000000000814907e-4,TRUE,TRUE,TRUE
Yakutsk,normal,L-BFGS-B,26,1996-06-16,2006-06-13,-8.502347438441689,20.959003151075873,-8.503550854540167,20.948906051601323,0.004499999999946643,7.666666667015912e-4,TRUE,TRUE,TRUE
Yakutsk,normal,L-BFGS-B,27,1996-12-15,2006-12-12,-8.502291001681751,20.96491850781044,-8.466085329018226,20.95783590365914,0.0013666666667025613,7.666666667015912e-4,TRUE,TRUE,TRUE
Yakutsk,normal,L-BFGS-B,28,1997-06-15,2007-06-12,-8.502117687648244,20.904548383484407,-8.465078873325321,20.90219848266123,0.003100000000025223,5.333333333207217e-4,TRUE,TRUE,TRUE
Yakutsk,normal,L-BFGS-B,29,1997-12-14,2007-12-11,-8.501566593644922,20.825035238879035,-8.374614183127745,20.82316050971329,0.0035333333333255725,8.333333333818397e-4,TRUE,TRUE,TRUE
Yakutsk,normal,L-BFGS-B,30,1998-06-14,2008-06-10,-8.274727964735641,20.745073103821262,-8.27694084479846,20.740515717912317,0.007633333333433257,8.66666666721964e-4,TRUE,TRUE,TRUE
Yakutsk,normal,L-BFGS-B,31,1998-12-13,2008-12-09,-8.274528541857105,20.69780870114685,-8.19557951753571,20.691121139189892,0.0031333333333653473,7.666666665803253e-4,TRUE,TRUE,TRUE
Yakutsk,normal,L-BFGS-B,32,1999-06-13,2009-06-09,-8.216412317063488,20.781986643625086,-8.22285908635704,20.772123599084274,0.004499999999946643,7.666666665803253e-4,TRUE,TRUE,TRUE
Yakutsk,normal,L-BFGS-B,33,1999-12-12,2009-12-08,-8.065430359565939,20.782670138182933,-8.069728186037363,20.776189878721564,0.00403333333330617,9.333333332809464e-4,TRUE,TRUE,TRUE
Yakutsk,normal,L-BFGS-B,34,2000-06-11,2010-06-08,-8.262981942732944,20.948317679473295,-8.269590362479722,20.943115153373427,0.005433333333348856,9.333333332809464e-4,TRUE,TRUE,TRUE
Yakutsk,normal,L-BFGS-B,35,2000-12-10,2010-12-07,-8.176981286178986,20.96374959985226,-8.18394932061286,20.962663097383157,0.005033333333388631,8.333333333818397e-4,TRUE,TRUE,TRUE
Yakutsk,normal,L-BFGS-B,36,2001-06-10,2011-06-07,-8.176750975594285,20.923581855744665,-8.083333209582024,20.92323605237106,0.003100000000025223,0.001033333333301319,TRUE,TRUE,TRUE
Yakutsk,normal,L-BFGS-B,37,2001-12-09,2011-12-06,-8.089156140697902,20.94611405077317,-8.084453770043734,20.948731232373852,0.0050000000000485064,6.333333333410943e-4,TRUE,TRUE,TRUE
Yakutsk,normal,L-BFGS-B,38,2002-06-09,2012-06-05,-8.263249494410383,21.060425176899685,-8.270529357714619,21.06475418450348,0.004999999999927241,8.333333332605738e-4,TRUE,TRUE,TRUE
Yakutsk,normal,L-BFGS-B,39,2002-12-08,2012-12-04,-8.294166133141141,21.135318534747555,-8.300176176268307,21.142735261224324,0.004433333333387661,7.666666667015912e-4,TRUE,TRUE,TRUE
Yakutsk,normal,L-BFGS-B,40,2003-06-08,2013-06-04,-8.382804196375622,21.244465380061193,-8.392596084992299,21.25655643967596,0.005033333333388631,8.333333333818397e-4,TRUE,TRUE,TRUE
Yakutsk,normal,L-BFGS-B,41,2003-12-07,2013-12-03,-8.382736041948073,21.185696651139516,-8.392343685906702,21.201406603252153,0.003100000000025223,4.666666666404732e-4,TRUE,TRUE,TRUE
Yakutsk,normal,L-BFGS-B,42,2004-06-06,2014-06-03,-8.280733364954182,21.23208992812387,-8.29077425386661,21.248007089357394,0.0050000000000485064,8.333333332605738e-4,TRUE,TRUE,TRUE
Yakutsk,normal,L-BFGS-B,43,2004-12-05,2014-12-02,-8.21270308613095,21.28041057720804,-8.223147091332628,21.294308081410847,0.005066666666728755,8.333333333818397e-4,TRUE,TRUE,TRUE
Yakutsk,normal,L-BFGS-B,44,2005-06-05,2015-06-02,-8.17691933058433,21.16574491626902,-8.222987359277104,21.179530254054047,0.0064666666666501746,4.000000000814907e-4,TRUE,TRUE,TRUE
Yakutsk,normal,L-BFGS-B,45,2005-12-04,2015-12-01,-8.144687335794837,21.18383575631195,-8.14862797751422,21.198693730064658,0.004533333333286768,8.333333332605738e-4,TRUE,TRUE,TRUE
Yakutsk,normal,L-BFGS-B,46,2006-06-04,2016-05-31,-8.144528438324453,21.117536501318718,-8.07903072798322,21.13239444357023,0.0031666666665842056,8.66666666721964e-4,TRUE,TRUE,TRUE
Yakutsk,normal,L-BFGS-B,47,2006-12-03,2016-11-29,-8.144297707250477,21.100017407157928,-8.053002627523805,21.10986429464847,0.0027333333334051226,0.0010666666667627092,TRUE,TRUE,TRUE
Yakutsk,normal,L-BFGS-B,48,2007-06-03,2017-05-30,-8.144068862542982,21.05823754468375,-8.052995352911157,21.069759473061442,0.003166666666705472,5.333333333207217e-4,TRUE,TRUE,TRUE
Yakutsk,normal,L-BFGS-B,49,2007-12-02,2017-11-28,-8.037129803161353,21.14020470168372,-8.052767071625075,21.153384876815657,0.0050999999999476135,5.66666666660846e-4,TRUE,TRUE,TRUE
Yakutsk,normal,L-BFGS-B,50,2008-06-01,2018-05-29,-8.222897600580163,21.292165408422598,-8.22670682214845,21.3036229426502,0.005566666666709352,9.333333334022124e-4,TRUE,TRUE,TRUE
Yakutsk,normal,L-BFGS-B,51,2008-11-30,2018-11-27,-8.222842772266654,21.228099407418966,-8.22651257200429,21.23956621793306,0.0031333333332440815,4.666666666404732e-4,TRUE,TRUE,TRUE
Yakutsk,normal,L-BFGS-B,52,2009-05-31,2019-05-28,-8.0363972711161,21.041961370531308,-8.039650017199719,21.055372960677786,0.007699999999992239,0.0010666666666414434,TRUE,TRUE,TRUE
Yakutsk,normal,L-BFGS-B,53,2009-11-29,2019-11-26,-8.035589027074424,21.008348093010692,-8.008636341964033,21.022409941528405,0.004066666666646294,0.0010666666666414434,TRUE,TRUE,TRUE
Yakutsk,normal,L-BFGS-B,54,2010-05-30,2020-05-26,-7.833435836633558,20.85324530173254,-7.833241630003196,20.861504859767145,0.00726666666669189,0.0010000000000824608,TRUE,TRUE,TRUE
Yakutsk,normal,L-BFGS-B,55,2010-11-28,2020-11-24,-7.760034673988187,20.876362839597345,-7.762250561376452,20.8831415513889,0.005066666666607489,8.333333333818397e-4,TRUE,TRUE,TRUE
Yakutsk,normal,L-BFGS-B,56,2011-05-29,2021-05-25,-7.894326237783084,20.9313928590959,-7.894918886017753,20.9342484795936,0.005033333333267364,8.333333333818397e-4,TRUE,TRUE,TRUE
Yakutsk,normal,L-BFGS-B,57,2011-11-27,2021-11-23,-7.894036141369784,20.941360487122523,-7.894636783868699,20.943157097482242,0.0013666666667025613,2.6666666672099383e-4,TRUE,TRUE,TRUE
Yakutsk,normal,L-BFGS-B,58,2012-05-27,2022-05-24,-7.701154008306133,20.8507926486471,-7.703241624571675,20.850561053055973,0.007700000000113505,8.333333333818397e-4,TRUE,TRUE,TRUE
Yakutsk,normal,L-BFGS-B,59,2012-11-25,2022-11-22,-7.70105171052606,20.833365415312322,-7.6584489620527645,20.830454811280475,0.0026666666667248744,0.0010666666667627092,TRUE,TRUE,TRUE
Yakutsk,normal,L-BFGS-B,60,2013-05-26,2023-05-23,-7.701069095191986,20.842586767658897,-7.6585202334946185,20.83556307031857,0.0027000000000649985,2.666666665997279e-4,TRUE,TRUE,TRUE
Yakutsk,normal,L-BFGS-B,61,2013-11-24,2023-11-21,-7.7008083013417306,20.8486343338032,-7.657697669117307,20.84084034994496,0.0013666666667025613,2.666666665997279e-4,TRUE,TRUE,TRUE
Yakutsk,normal,L-BFGS-B,62,2014-05-25,2024-05-21,-7.700778934609418,20.82243056053537,-7.687301554888454,20.810824005753755,0.0026999999999437327,0.001133333333321692,TRUE,TRUE,TRUE
Yakutsk,normal,L-BFGS-B,63,2014-11-23,2024-11-19,-7.574257249820234,20.822445382042265,-7.68687217631368,20.80203724404286,0.003166666666705472,2.6666666672099383e-4,TRUE,TRUE,TRUE
Yakutsk,normal,L-BFGS-B,64,2015-05-24,2025-05-20,-7.574094496290503,20.754999828630492,-7.505851690567846,20.740584225082035,0.003100000000025223,9.99999999961195e-4,TRUE,TRUE,TRUE
Yakutsk,normal,L-BFGS-B,65,2015-11-22,2025-11-18,-7.573817369798236,20.77155022068855,-7.505765495152139,20.752200912754798,0.0014000000000426857,2.3333333325960363e-4,TRUE,TRUE,TRUE
Yakutsk,logistic,BFGS,1,1984-01-01,1993-12-28,-7.657249568625283,22.78615039631126,-7.651401137045972,22.777903825965613,0.007433333333392511,0.0010000000000824608,TRUE,TRUE,TRUE
Yakutsk,logistic,BFGS,2,1984-07-01,1994-06-28,-7.7689659865085154,22.883321099964625,-7.7659434011733,22.872794712513688,0.00439999999992627,6.000000000009701e-4,TRUE,TRUE,TRUE
Yakutsk,logistic,BFGS,3,1984-12-30,1994-12-27,-7.633487931248957,22.831108142717138,-7.627720156087441,22.819024968294208,0.003900000000066939,5.333333333207217e-4,TRUE,TRUE,TRUE
Yakutsk,logistic,BFGS,4,1985-06-30,1995-06-27,-7.633356871764141,22.68818207274847,-7.631211178986409,22.67544868278279,0.0031333333333653473,6.666666665599526e-4,TRUE,TRUE,TRUE
Yakutsk,logistic,BFGS,5,1985-12-29,1995-12-26,-7.535326100097749,22.668705336881036,-7.537746335362084,22.659353077537787,0.003633333333224679,5.000000001018634e-4,TRUE,TRUE,TRUE
Yakutsk,logistic,BFGS,6,1986-06-29,1996-06-25,-7.550493285808831,22.650824384945572,-7.548883943712351,22.640024401818867,0.0038333333332654243,5.333333333207217e-4,TRUE,TRUE,TRUE
Yakutsk,logistic,BFGS,7,1986-12-28,1996-12-24,-7.550543035533107,22.65956231799415,-7.5489375085145705,22.648058368574308,0.0012000000000019402,2.0000000004074536e-4,TRUE,TRUE,TRUE
Yakutsk,logistic,BFGS,8,1987-06-28,1997-06-24,-7.456362425183946,22.64311131461961,-7.456482503973254,22.627379078707577,0.003633333333345945,5.333333333207217e-4,TRUE,TRUE,TRUE
Yakutsk,logistic,BFGS,9,1987-12-27,1997-12-23,-7.2850992531726,22.619047134834776,-7.282285119134934,22.603642795350755,0.0037333333333663178,5.000000001018634e-4,TRUE,TRUE,TRUE
Yakutsk,logistic,BFGS,10,1988-06-26,1998-06-23,-7.347199072791683,22.58648203787619,-7.348051924453818,22.571227623395114,0.004233333333346915,6.000000000009701e-4,TRUE,TRUE,TRUE
Yakutsk,logistic,BFGS,11,1988-12-25,1998-12-22,-7.456986845527583,22.789020526423034,-7.453608210244919,22.77745014637761,0.004233333333346915,6.000000000009701e-4,TRUE,TRUE,TRUE
Yakutsk,logistic,BFGS,12,1989-06-25,1999-06-22,-7.6735291914805295,22.95296246085077,-7.672913971986321,22.942337060478994,0.004166666666666667,5.66666666660846e-4,TRUE,TRUE,TRUE
Yakutsk,logistic,BFGS,13,1989-12-24,1999-12-21,-7.6815941817818665,23.020637621868367,-7.683648658026048,23.00931300791614,0.0044666666666065185,6.000000000009701e-4,TRUE,TRUE,TRUE
Yakutsk,logistic,BFGS,14,1990-06-24,2000-06-20,-7.760641783902196,22.92813580063844,-7.766278212384563,22.918744615128293,0.004133333333326542,5.66666666660846e-4,TRUE,TRUE,TRUE
Yakutsk,logistic,BFGS,15,1990-12-23,2000-12-19,-7.802858493351566,23.00129688757706,-7.806622074724338,22.992053785758944,0.004099999999986418,5.66666666660846e-4,TRUE,TRUE,TRUE
Yakutsk,logistic,BFGS,16,1991-06-23,2001-06-19,-7.896461068250741,23.15918851913323,-7.898728719069017,23.147178536951387,0.004133333333326542,5.66666666660846e-4,TRUE,TRUE,TRUE
Yakutsk,logistic,BFGS,17,1991-12-22,2001-12-18,-7.830627791844809,23.166999810554497,-7.8985752051137155,23.1589658728885,0.0035333333333255725,2.0000000004074536e-4,TRUE,TRUE,TRUE
Yakutsk,logistic,BFGS,18,1992-06-21,2002-06-18,-7.81070527333304,23.139478010512345,-7.808726537470197,23.126244301303984,0.003900000000066939,4.999999999805975e-4,TRUE,TRUE,TRUE
Yakutsk,logistic,BFGS,19,1992-12-20,2002-12-17,-7.708483464667915,23.049806626106797,-7.709833617559455,23.03580553718609,0.003966666666625921,5.333333333207217e-4,TRUE,TRUE,TRUE
Yakutsk,logistic,BFGS,20,1993-06-20,2003-06-17,-7.718479714127906,23.185515672505392,-7.718163837502638,23.169242955393393,0.004233333333346915,6.000000000009701e-4,TRUE,TRUE,TRUE
Yakutsk,logistic,BFGS,21,1993-12-19,2003-12-16,-7.6075275575324675,23.158832194909166,-7.609699740483707,23.139548649005643,0.00383333333338669,5.333333333207217e-4,TRUE,TRUE,TRUE
Yakutsk,logistic,BFGS,22,1994-06-19,2004-06-15,-7.679285222918787,23.10657644287732,-7.678079361754817,23.0884910543897,0.00406666666676756,5.333333333207217e-4,TRUE,TRUE,TRUE
Yakutsk,logistic,BFGS,23,1994-12-18,2004-12-14,-7.708622875403799,23.177905068089576,-7.707735323078506,23.161723834165137,0.004200000000006791,5.66666666660846e-4,TRUE,TRUE,TRUE
Yakutsk,logistic,BFGS,24,1995-06-18,2005-06-14,-7.725511597762017,23.294880786989193,-7.725793720270827,23.27788880975175,0.004500000000067909,6.000000000009701e-4,TRUE,TRUE,TRUE
Yakutsk,logistic,BFGS,25,1995-12-17,2005-12-13,-7.718562400462003,23.245794928564994,-7.720952370459387,23.228586531108046,0.005333333333328483,6.333333333410943e-4,TRUE,TRUE,TRUE
Yakutsk,logistic,BFGS,26,1996-06-16,2006-06-13,-7.774295648288822,23.347713252131708,-7.775467114207884,23.332104504197662,0.0042666666666870395,5.66666666660846e-4,TRUE,TRUE,TRUE
Yakutsk,logistic,BFGS,27,1996-12-15,2006-12-12,-7.739530047763333,23.359671415394846,-7.739905143737048,23.349415695322968,0.004166666666666667,5.66666666660846e-4,TRUE,TRUE,TRUE
Yakutsk,logistic,BFGS,28,1997-06-15,2007-06-12,-7.699621320043231,23.29052140918795,-7.702430562062699,23.281605651105973,0.004166666666666667,5.66666666660846e-4,TRUE,TRUE,TRUE
Yakutsk,logistic,BFGS,29,1997-12-14,2007-12-11,-7.654453454737521,23.213676662461012,-7.657254776402546,23.205620666728944,0.004166666666666667,5.666666667821119e-4,TRUE,TRUE,TRUE
Yakutsk,logistic,BFGS,30,1998-06-14,2008-06-10,-7.560963528246906,23.123118376911957,-7.564959397104761,23.114243662711466,0.004133333333326542,5.333333333207217e-4,TRUE,TRUE,TRUE
Yakutsk,logistic,BFGS,31,1998-12-13,2008-12-09,-7.4309227944397565,23.054473576660946,-7.440724085909089,23.043523780219417,0.00403333333330617,5.333333333207217e-4,TRUE,TRUE,TRUE
Yakutsk,logistic,BFGS,32,1999-06-13,2009-06-09,-7.426001479951822,23.135269887602526,-7.436781111261732,23.12212973149588,0.0042666666666870395,5.66666666660846e-4,TRUE,TRUE,TRUE
Yakutsk,logistic,BFGS,33,1999-12-12,2009-12-08,-7.264738904786386,23.135241527934536,-7.2721403787320185,23.12516238985501,0.004166666666666667,5.333333333207217e-4,TRUE,TRUE,TRUE
Yakutsk,logistic,BFGS,34,2000-06-11,2010-06-08,-7.452926536050359,23.336583783644837,-7.46212750787719,23.327533561528632,0.004100000000107684,5.66666666660846e-4,TRUE,TRUE,TRUE
Yakutsk,logistic,BFGS,35,2000-12-10,2010-12-07,-7.365345790139693,23.334410329147538,-7.376862708315602,23.33007404857045,0.003633333333345945,4.999999999805975e-4,TRUE,TRUE,TRUE
Yakutsk,logistic,BFGS,36,2001-06-10,2011-06-07,-7.253545786779378,23.28085259703621,-7.265546170172264,23.278238813310942,0.0038666666667268148,5.333333333207217e-4,TRUE,TRUE,TRUE
Yakutsk,logistic,BFGS,37,2001-12-09,2011-12-06,-7.269138760934079,23.319067777324353,-7.280820045642746,23.318399053086736,0.004066666666646294,5.66666666660846e-4,TRUE,TRUE,TRUE
Yakutsk,logistic,BFGS,38,2002-06-09,2012-06-05,-7.467665543252215,23.474527061393683,-7.482081717124991,23.47648115879265,0.004133333333326542,5.66666666660846e-4,TRUE,TRUE,TRUE
Yakutsk,logistic,BFGS,39,2002-12-08,2012-12-04,-7.490970124688833,23.57573334978349,-7.503876624935341,23.581336419230663,0.004366666666707412,6.000000000009701e-4,TRUE,TRUE,TRUE
Yakutsk,logistic,BFGS,40,2003-06-08,2013-06-04,-7.5928568463461525,23.722431236666747,-7.607993448799839,23.73207717336155,0.004133333333326542,5.66666666660846e-4,TRUE,TRUE,TRUE
Yakutsk,logistic,BFGS,41,2003-12-07,2013-12-03,-7.541044530481437,23.647959229902103,-7.55553730709002,23.66110645213548,0.004066666666646294,5.66666666660846e-4,TRUE,TRUE,TRUE
Yakutsk,logistic,BFGS,42,2004-06-06,2014-06-03,-7.427932554726559,23.698337105397304,-7.444233970981813,23.71278054269894,0.004266666666565774,6.000000000009701e-4,TRUE,TRUE,TRUE
Yakutsk,logistic,BFGS,43,2004-12-05,2014-12-02,-7.36886640955868,23.76294665369999,-7.384334531151033,23.774670196889108,0.004066666666646294,5.66666666660846e-4,TRUE,TRUE,TRUE
Yakutsk,logistic,BFGS,44,2005-06-05,2015-06-02,-7.367058562269466,23.629016975453887,-7.380000840767366,23.641079260209256,0.0039999999999660455,6.000000000009701e-4,TRUE,TRUE,TRUE
Yakutsk,logistic,BFGS,45,2005-12-04,2015-12-01,-7.324992508556277,23.64506291452924,-7.333318676106782,23.658531581714417,0.004233333333346915,5.66666666660846e-4,TRUE,TRUE,TRUE
Yakutsk,logistic,BFGS,46,2006-06-04,2016-05-31,-7.249375174077457,23.56763235394614,-7.259905093612071,23.580904073180783,0.004099999999986418,5.66666666660846e-4,TRUE,TRUE,TRUE
Yakutsk,logistic,BFGS,47,2006-12-03,2016-11-29,-7.202694456291007,23.544824554808137,-7.216387189141165,23.55248818874953,0.003733333333245052,5.333333333207217e-4,TRUE,TRUE,TRUE
Yakutsk,logistic,BFGS,48,2007-06-03,2017-05-30,-7.200111835263061,23.485573461959646,-7.211941339508821,23.495394156614772,0.004599999999967016,6.333333333410943e-4,TRUE,TRUE,TRUE
Yakutsk,logistic,BFGS,49,2007-12-02,2017-11-28,-7.209940454149272,23.585914167709753,-7.221453566533453,23.597587584040205,0.0043666666665861465,6.000000000009701e-4,TRUE,TRUE,TRUE
Yakutsk,logistic,BFGS,50,2008-06-01,2018-05-29,-7.398791992261399,23.787344645329714,-7.406015884673476,23.795361293275807,0.004133333333326542,6.000000000009701e-4,TRUE,TRUE,TRUE
Yakutsk,logistic,BFGS,51,2008-11-30,2018-11-27,-7.348812025179707,23.710818495784057,-7.353571220478616,23.71933013515444,0.004166666666666667,5.333333333207217e-4,TRUE,TRUE,TRUE
Yakutsk,logistic,BFGS,52,2009-05-31,2019-05-28,-7.218453760065145,23.50680124985778,-7.222723380260999,23.51816199388459,0.004433333333266395,6.000000000009701e-4,TRUE,TRUE,TRUE
Yakutsk,logistic,BFGS,53,2009-11-29,2019-11-26,-7.17423467825175,23.464296047727665,-7.180502337225768,23.475049616298783,0.003966666666747188,5.333333333207217e-4,TRUE,TRUE,TRUE
Yakutsk,logistic,BFGS,54,2010-05-30,2020-05-26,-7.003096553942579,23.257706368261182,-7.004907663184104,23.26326953608468,0.004333333333246022,6.000000000009701e-4,TRUE,TRUE,TRUE
Yakutsk,logistic,BFGS,55,2010-11-28,2020-11-24,-6.91566893118346,23.289496989893273,-6.918342069348512,23.293205120071548,0.004233333333346915,6.000000000009701e-4,TRUE,TRUE,TRUE
Yakutsk,logistic,BFGS,56,2011-05-29,2021-05-25,-7.063610697909027,23.342700525090173,-7.066030022361707,23.342679445387006,0.004200000000006791,5.66666666660846e-4,TRUE,TRUE,TRUE
Yakutsk,logistic,BFGS,57,2011-11-27,2021-11-23,-6.905142354717531,23.336005176099977,-6.911186124832399,23.336723814559974,0.0037000000000261936,5.66666666660846e-4,TRUE,TRUE,TRUE
Yakutsk,logistic,BFGS,58,2012-05-27,2022-05-24,-6.8357407391599345,23.20950607454979,-6.840081546041074,23.206878349642253,0.004366666666707412,6.000000000009701e-4,TRUE,TRUE,TRUE
Yakutsk,logistic,BFGS,59,2012-11-25,2022-11-22,-6.7881521138586605,23.169061571832795,-6.791605264514382,23.163651911212835,0.004066666666646294,5.333333333207217e-4,TRUE,TRUE,TRUE
Yakutsk,logistic,BFGS,60,2013-05-26,2023-05-23,-6.820522075072898,23.148872882707995,-6.823537579761689,23.137234640458338,0.0038666666666055485,4.999999999805975e-4,TRUE,TRUE,TRUE
Yakutsk,logistic,BFGS,61,2013-11-24,2023-11-21,-6.6948216896026915,23.135347040172473,-6.69967990629468,23.123592717288048,0.00383333333338669,4.999999999805975e-4,TRUE,TRUE,TRUE
Yakutsk,logistic,BFGS,62,2014-05-25,2024-05-21,-6.8333940083295985,23.127999362892496,-6.83694628884734,23.11266933563103,0.0038333333332654243,4.999999999805975e-4,TRUE,TRUE,TRUE
Yakutsk,logistic,BFGS,63,2014-11-23,2024-11-19,-6.698301446433206,23.11364112453959,-6.703274397297636,23.095662345756512,0.0038333333332654243,5.333333333207217e-4,TRUE,TRUE,TRUE
Yakutsk,logistic,BFGS,64,2015-05-24,2025-05-20,-6.641838256225353,23.03846231528645,-6.645778344255114,23.020146251955296,0.004233333333225649,5.66666666660846e-4,TRUE,TRUE,TRUE
Yakutsk,logistic,BFGS,65,2015-11-22,2025-11-18,-6.641721484619672,23.04932915599381,-6.6456668524509865,23.028406651617914,0.001166666666661816,1.6666666670062114e-4,TRUE,TRUE,TRUE
Yakutsk,logistic,L-BFGS-B,1,1984-01-01,1993-12-28,-7.654508125806268,22.780691420087674,-7.649003376036137,22.772987593608214,0.007799999999891346,0.0010666666666414434,TRUE,TRUE,TRUE
Yakutsk,logistic,L-BFGS-B,2,1984-07-01,1994-06-28,-7.768997052110245,22.8832941961568,-7.765973603903828,22.872768901626305,0.005133333333287737,7.33333333240201e-4,TRUE,TRUE,TRUE
Yakutsk,logistic,L-BFGS-B,3,1984-12-30,1994-12-27,-7.768659451919566,22.83583325515027,-7.62692711347759,22.818678178080827,0.0034333333333051996,0.0010666666667627092,TRUE,TRUE,TRUE
Yakutsk,logistic,L-BFGS-B,4,1985-06-30,1995-06-27,-7.633580570340607,22.688003747598003,-7.626960715311801,22.675313916372502,0.008099999999952463,3.9999999996022476e-4,TRUE,TRUE,TRUE
Yakutsk,logistic,L-BFGS-B,5,1985-12-29,1995-12-26,-7.633324716766003,22.671563831102272,-7.537687886398663,22.65932287984829,0.002600000000044626,8.333333333818397e-4,TRUE,TRUE,TRUE
Yakutsk,logistic,L-BFGS-B,6,1986-06-29,1996-06-25,-7.633112038462026,22.65328046565987,-7.537717590605624,22.639664807509096,0.00259999999992336,4.999999999805975e-4,TRUE,TRUE,TRUE
Yakutsk,logistic,L-BFGS-B,7,1986-12-28,1996-12-24,-7.633013627703778,22.65974072523831,-7.537768021681493,22.64477481405239,0.001599999999962165,2.3333333338086958e-4,TRUE,TRUE,TRUE
Yakutsk,logistic,L-BFGS-B,8,1987-06-28,1997-06-24,-7.45626949006657,22.643125458113673,-7.53755761319992,22.629813463534667,0.006299999999949553,4.33333333300349e-4,TRUE,TRUE,TRUE
Yakutsk,logistic,L-BFGS-B,9,1987-12-27,1997-12-23,-7.455802696559329,22.62406753524093,-7.282335999620272,22.603653006462253,0.00259999999992336,0.001033333333301319,TRUE,TRUE,TRUE
Yakutsk,logistic,L-BFGS-B,10,1988-06-26,1998-06-23,-7.3470421420699505,22.586490369114664,-7.3485730518866506,22.571054789906103,0.007633333333311991,0.001033333333301319,TRUE,TRUE,TRUE
Yakutsk,logistic,L-BFGS-B,11,1988-12-25,1998-12-22,-7.456982390498834,22.7890100673758,-7.453603031007973,22.777439302908466,0.0051999999999679854,6.999999999000769e-4,TRUE,TRUE,TRUE
Yakutsk,logistic,L-BFGS-B,12,1989-06-25,1999-06-22,-7.673523657045318,22.952962851527555,-7.672908261619415,22.942337342558048,0.005166666666749128,7.000000000213428e-4,TRUE,TRUE,TRUE
Yakutsk,logistic,L-BFGS-B,13,1989-12-24,1999-12-21,-7.674368464182018,23.020624625839375,-7.674045634615414,23.009135241310744,0.004133333333326542,5.66666666660846e-4,TRUE,TRUE,TRUE
Yakutsk,logistic,L-BFGS-B,14,1990-06-24,2000-06-20,-7.760811060344636,22.928204014864395,-7.76640608055732,22.918791471047527,0.008033333333393481,8.66666666721964e-4,TRUE,TRUE,TRUE
Yakutsk,logistic,L-BFGS-B,15,1990-12-23,2000-12-19,-7.802858483423261,23.001305431314716,-7.806622070593168,22.99206295697744,0.005133333333287737,7.000000000213428e-4,TRUE,TRUE,TRUE
Yakutsk,logistic,L-BFGS-B,16,1991-06-23,2001-06-19,-7.8964604360436015,23.159194435266034,-7.898728172403005,23.14718433458564,0.005166666666627862,7.000000000213428e-4,TRUE,TRUE,TRUE
Yakutsk,logistic,L-BFGS-B,17,1991-12-22,2001-12-18,-7.896295405959472,23.16935571749917,-7.8986174897214205,23.15567477723484,0.0020999999999427627,2.3333333338086958e-4,TRUE,TRUE,TRUE
Yakutsk,logistic,L-BFGS-B,18,1992-06-21,2002-06-18,-7.896087991038012,23.14188526328906,-7.808193223835934,23.126099303554327,0.002933333333324602,0.0010333333334225851,TRUE,TRUE,TRUE
Yakutsk,logistic,L-BFGS-B,19,1992-12-20,2002-12-17,-7.708483963971695,23.049814605849498,-7.709756801708483,23.03585529494711,0.009033333333354676,8.000000000417155e-4,TRUE,TRUE,TRUE
Yakutsk,logistic,L-BFGS-B,20,1993-06-20,2003-06-17,-7.709516360209375,23.184739813982457,-7.710625016491596,23.16855121777751,0.004133333333326542,6.000000000009701e-4,TRUE,TRUE,TRUE
Yakutsk,logistic,L-BFGS-B,21,1993-12-19,2003-12-16,-7.709266560692888,23.161691090835557,-7.6090486958182035,23.139270206506037,0.0026666666666036085,0.001033333333301319,TRUE,TRUE,TRUE
Yakutsk,logistic,L-BFGS-B,22,1994-06-19,2004-06-15,-7.709196513255897,23.107435449512185,-7.678333949232482,23.08845204054718,0.0034666666666453238,0.0010333333334225851,TRUE,TRUE,TRUE
Yakutsk,logistic,L-BFGS-B,23,1994-12-18,2004-12-14,-7.709177610843884,23.17796517760115,-7.707732793599707,23.161722325992077,0.0036000000000058208,7.666666667015912e-4,TRUE,TRUE,TRUE
Yakutsk,logistic,L-BFGS-B,24,1995-06-18,2005-06-14,-7.710862276927641,23.294187113870105,-7.709606287614055,23.277098942521448,0.004133333333326542,5.66666666660846e-4,TRUE,TRUE,TRUE
Yakutsk,logistic,L-BFGS-B,25,1995-12-17,2005-12-13,-7.71088342606286,23.24553618040898,-7.710795125214814,23.229651097256305,0.0034333333333051996,7.666666665803253e-4,TRUE,TRUE,TRUE
Yakutsk,logistic,L-BFGS-B,26,1996-06-16,2006-06-13,-7.774295582058177,23.347716452957854,-7.775467052911429,23.332107976864208,0.005166666666749128,7.000000000213428e-4,TRUE,TRUE,TRUE
Yakutsk,logistic,L-BFGS-B,27,1996-12-15,2006-12-12,-7.773327717074739,23.358592854385307,-7.73990212118254,23.34941514340688,0.0035666666666656966,7.000000000213428e-4,TRUE,TRUE,TRUE
Yakutsk,logistic,L-BFGS-B,28,1997-06-15,2007-06-12,-7.772651717420469,23.290196215837685,-7.738875081662316,23.284407515475692,0.004466666666727784,6.666666666812186e-4,TRUE,TRUE,TRUE
Yakutsk,logistic,L-BFGS-B,29,1997-12-14,2007-12-11,-7.77216444688654,23.215836871947758,-7.65714164529521,23.205705815815588,0.00403333333330617,8.000000000417155e-4,TRUE,TRUE,TRUE
Yakutsk,logistic,L-BFGS-B,30,1998-06-14,2008-06-10,-7.560963779739854,23.123120696853803,-7.564553999632073,23.114641075486812,0.009066666666694801,8.000000000417155e-4,TRUE,TRUE,TRUE
Yakutsk,logistic,L-BFGS-B,31,1998-12-13,2008-12-09,-7.560415874063071,23.057061758406554,-7.440426885282818,23.043280992957804,0.003966666666625921,7.666666667015912e-4,TRUE,TRUE,TRUE
Yakutsk,logistic,L-BFGS-B,32,1999-06-13,2009-06-09,-7.426003027714481,23.135271907625725,-7.440040995235682,23.122373835393788,0.00523333333330811,5.666666667821119e-4,TRUE,TRUE,TRUE
Yakutsk,logistic,L-BFGS-B,33,1999-12-12,2009-12-08,-7.26463573988878,23.13524331286014,-7.271635635060442,23.124951950419526,0.006399999999969926,8.333333333818397e-4,TRUE,TRUE,TRUE
Yakutsk,logistic,L-BFGS-B,34,2000-06-11,2010-06-08,-7.452921120076856,23.336584328343903,-7.46212192803667,23.327534003546617,0.00523333333330811,7.000000000213428e-4,TRUE,TRUE,TRUE
Yakutsk,logistic,L-BFGS-B,35,2000-12-10,2010-12-07,-7.4521718059465805,23.343588695634686,-7.461982612761388,23.33513848080253,0.0015666666667433068,2.3333333325960363e-4,TRUE,TRUE,TRUE
Yakutsk,logistic,L-BFGS-B,36,2001-06-10,2011-06-07,-7.253540064930935,23.28085773541242,-7.2655409417216665,23.278243517901743,0.00866666666661331,0.001166666666661816,TRUE,TRUE,TRUE
Yakutsk,logistic,L-BFGS-B,37,2001-12-09,2011-12-06,-7.255139510353443,23.319042503713245,-7.267108439849955,23.318371407786085,0.004099999999986418,5.66666666660846e-4,TRUE,TRUE,TRUE
Yakutsk,logistic,L-BFGS-B,38,2002-06-09,2012-06-05,-7.467660906276435,23.47452684058761,-7.482076910499087,23.47648087257832,0.005133333333409003,7.000000000213428e-4,TRUE,TRUE,TRUE
Yakutsk,logistic,L-BFGS-B,39,2002-12-08,2012-12-04,-7.491035934600515,23.575732192491508,-7.50396531451034,23.581340483842133,0.006266666666609429,8.333333333818397e-4,TRUE,TRUE,TRUE
Yakutsk,logistic,L-BFGS-B,40,2003-06-08,2013-06-04,-7.592856674070143,23.722434705135665,-7.607993268453664,23.732080559775138,0.005833333333430346,7.666666667015912e-4,TRUE,TRUE,TRUE
Yakutsk,logistic,L-BFGS-B,41,2003-12-07,2013-12-03,-7.592741432670141,23.649751797279638,-7.55521486127882,23.661274039386896,0.003499999999985448,8.66666666600698e-4,TRUE,TRUE,TRUE
Yakutsk,logistic,L-BFGS-B,42,2004-06-06,2014-06-03,-7.427927062417101,23.698330583951876,-7.444227395433788,23.712773883205763,0.005799999999968956,7.666666667015912e-4,TRUE,TRUE,TRUE
Yakutsk,logistic,L-BFGS-B,43,2004-12-05,2014-12-02,-7.368866449901783,23.762950714884838,-7.384334582041814,23.774673701799912,0.00586666666677047,7.666666667015912e-4,TRUE,TRUE,TRUE
Yakutsk,logistic,L-BFGS-B,44,2005-06-05,2015-06-02,-7.368870924131398,23.629082017340764,-7.384328950896286,23.641228498136112,0.004366666666707412,3.666666666201005e-4,TRUE,TRUE,TRUE
Yakutsk,logistic,L-BFGS-B,45,2005-12-04,2015-12-01,-7.324990813654802,23.6450624799483,-7.333317012229685,23.658530556497816,0.0051999999999679854,7.333333333614671e-4,TRUE,TRUE,TRUE
Yakutsk,logistic,L-BFGS-B,46,2006-06-04,2016-05-31,-7.324819538809394,23.570339314058863,-7.2594297087831565,23.581456056955854,0.0036000000000058208,7.666666667015912e-4,TRUE,TRUE,TRUE
Yakutsk,logistic,L-BFGS-B,47,2006-12-03,2016-11-29,-7.3245290186319165,23.548959253026705,-7.216091179410817,23.55231745780173,0.002600000000044626,0.001033333333301319,TRUE,TRUE,TRUE
Yakutsk,logistic,L-BFGS-B,48,2007-06-03,2017-05-30,-7.324019283832214,23.488496367482167,-7.216060838110146,23.49566652506381,0.0039999999999660455,6.666666666812186e-4,TRUE,TRUE,TRUE
Yakutsk,logistic,L-BFGS-B,49,2007-12-02,2017-11-28,-7.209941618294699,23.585916494425657,-7.218194338533549,23.597347552685484,0.005866666666649204,6.333333333410943e-4,TRUE,TRUE,TRUE
Yakutsk,logistic,L-BFGS-B,50,2008-06-01,2018-05-29,-7.398790554075856,23.78733421533591,-7.406014373924013,23.795353776536086,0.00583333333330908,7.666666665803253e-4,TRUE,TRUE,TRUE
Yakutsk,logistic,L-BFGS-B,51,2008-11-30,2018-11-27,-7.398680701741314,23.71265864660548,-7.353372055502451,23.71947350026089,0.0035666666666656966,7.999999999204495e-4,TRUE,TRUE,TRUE
Yakutsk,logistic,L-BFGS-B,52,2009-05-31,2019-05-28,-7.218441199037028,23.506828980927793,-7.222964158948988,23.518095729627948,0.007099999999991269,8.66666666600698e-4,TRUE,TRUE,TRUE
Yakutsk,logistic,L-BFGS-B,53,2009-11-29,2019-11-26,-7.218340176319581,23.465897214457723,-7.18022628357418,23.474901532949747,0.0035666666666656966,0.0010333333334225851,TRUE,TRUE,TRUE
Yakutsk,logistic,L-BFGS-B,54,2010-05-30,2020-05-26,-7.00280050155082,23.257786131215983,-7.004862909396304,23.263260262080728,0.008266666666653084,9.333333332809464e-4,TRUE,TRUE,TRUE
Yakutsk,logistic,L-BFGS-B,55,2010-11-28,2020-11-24,-6.915666499787518,23.289493710913575,-6.918340167006899,23.29320237092102,0.0052666666667695004,7.000000000213428e-4,TRUE,TRUE,TRUE
Yakutsk,logistic,L-BFGS-B,56,2011-05-29,2021-05-25,-7.0636113042319195,23.342697456825686,-7.066029937160849,23.342677250735463,0.00523333333330811,7.000000000213428e-4,TRUE,TRUE,TRUE
Yakutsk,logistic,L-BFGS-B,57,2011-11-27,2021-11-23,-6.905143205807129,23.33601230597776,-6.91118591897247,23.336723694149732,0.0031333333333653473,4.666666666404732e-4,TRUE,TRUE,TRUE
Yakutsk,logistic,L-BFGS-B,58,2012-05-27,2022-05-24,-6.835608182455169,23.209401401578656,-6.910566625352214,23.21071414203732,0.007599999999971866,4.666666666404732e-4,TRUE,TRUE,TRUE
Yakutsk,logistic,L-BFGS-B,59,2012-11-25,2022-11-22,-6.83549556223266,23.17081285187378,-6.791996474082517,23.16379975100392,0.003499999999985448,0.0010666666666414434,TRUE,TRUE,TRUE
Yakutsk,logistic,L-BFGS-B,60,2013-05-26,2023-05-23,-6.8354605465477185,23.149432026449386,-6.823796625769464,23.13691127932526,0.002633333333263484,9.666666666210707e-4,TRUE,TRUE,TRUE
Yakutsk,logistic,L-BFGS-B,61,2013-11-24,2023-11-21,-6.8350657722830235,23.13016276328737,-6.8234826011686645,23.11962382731529,0.001599999999962165,2.3333333325960363e-4,TRUE,TRUE,TRUE
Yakutsk,logistic,L-BFGS-B,62,2014-05-25,2024-05-21,-6.835064031898663,23.12823965791907,-6.82350276093962,23.110801717959994,0.001599999999962165,2.3333333338086958e-4,TRUE,TRUE,TRUE
Yakutsk,logistic,L-BFGS-B,63,2014-11-23,2024-11-19,-6.698301959256402,23.113644133829585,-6.7030079051621465,23.095610170013316,0.005299999999988358,8.333333332605738e-4,TRUE,TRUE,TRUE
Yakutsk,logistic,L-BFGS-B,64,2015-05-24,2025-05-20,-6.698167792663326,23.040535970209966,-6.6455119912770275,23.02026692918213,0.0035666666666656966,8.66666666721964e-4,TRUE,TRUE,TRUE
Yakutsk,logistic,L-BFGS-B,65,2015-11-22,2025-11-18,-6.697969595268964,23.049643950775287,-6.645438326822626,23.025596759008973,0.001599999999962165,2.3333333325960363e-4,TRUE,TRUE,TRUE
Singapore,normal,BFGS,1,1984-01-01,1993-12-28,25.616671938643833,0.6209271841701579,25.616035477658436,0.621255663613349,0.0024000000000038804,7.666666665803253e-4,TRUE,TRUE,TRUE
Singapore,normal,BFGS,2,1984-07-01,1994-06-28,25.6404464399437,0.6079152712586381,25.639825008793036,0.6082823679378455,0.004233333333346915,7.333333333614671e-4,TRUE,TRUE,TRUE
Singapore,normal,BFGS,3,1984-12-30,1994-12-27,25.657113654905945,0.5985936020354502,25.65664279132002,0.5987634520798039,0.004200000000006791,7.333333333614671e-4,TRUE,TRUE,TRUE
Singapore,normal,BFGS,4,1985-06-30,1995-06-27,25.670486432313332,0.6037458097814719,25.670316135894964,0.603847923518277,0.0045333333334080335,7.000000000213428e-4,TRUE,TRUE,TRUE
Singapore,normal,BFGS,5,1985-12-29,1995-12-26,25.695181946120616,0.6003526071413299,25.695096313497068,0.6002333877919926,0.004133333333326542,7.333333333614671e-4,TRUE,TRUE,TRUE
Singapore,normal,BFGS,6,1986-06-29,1996-06-25,25.700540916542874,0.6117517431297356,25.700605885958417,0.6117044133759605,0.004566666666626891,8.000000000417155e-4,TRUE,TRUE,TRUE
Singapore,normal,BFGS,7,1986-12-28,1996-12-24,25.710419872018452,0.6107324113289923,25.710327280432075,0.6106064427450234,0.0042666666666870395,8.000000000417155e-4,TRUE,TRUE,TRUE
Singapore,normal,BFGS,8,1987-06-28,1997-06-24,25.71630241373559,0.6189383147854479,25.716471418473944,0.6186425052306668,0.004566666666748157,6.666666666812186e-4,TRUE,TRUE,TRUE
Singapore,normal,BFGS,9,1987-12-27,1997-12-23,25.725965327720505,0.6238342093369845,25.726337496995907,0.6234754790939537,0.00383333333338669,7.000000000213428e-4,TRUE,TRUE,TRUE
Singapore,normal,BFGS,10,1988-06-26,1998-06-23,25.75608316791355,0.658836977085382,25.756367448460114,0.6583690307987075,0.004433333333266395,7.666666667015912e-4,TRUE,TRUE,TRUE
Singapore,normal,BFGS,11,1988-12-25,1998-12-22,25.778094450947567,0.6551819838872065,25.778551635767577,0.6546752301135255,0.004099999999986418,7.000000000213428e-4,TRUE,TRUE,TRUE
Singapore,normal,BFGS,12,1989-06-25,1999-06-22,25.78891756545166,0.6491952333592935,25.789426932924144,0.6485980319148023,0.004066666666646294,7.000000000213428e-4,TRUE,TRUE,TRUE
Singapore,normal,BFGS,13,1989-12-24,1999-12-21,25.789552344470696,0.6467951273835651,25.790208090002853,0.6461444468573103,0.004266666666565774,0.0015666666666220407,TRUE,TRUE,TRUE
Singapore,normal,BFGS,14,1990-06-24,2000-06-20,25.774198129974504,0.6446224709346279,25.774888451234155,0.6440261202754665,0.004100000000107684,7.666666667015912e-4,TRUE,TRUE,TRUE
Singapore,normal,BFGS,15,1990-12-23,2000-12-19,25.772559697049783,0.6420950335575033,25.77312811961232,0.6415483892534111,0.004166666666666667,7.333333333614671e-4,TRUE,TRUE,TRUE
Singapore,normal,BFGS,16,1991-06-23,2001-06-19,25.76908036586454,0.6471733986493651,25.769724205547437,0.6466977018162652,0.004166666666666667,7.333333333614671e-4,TRUE,TRUE,TRUE
Singapore,normal,BFGS,17,1991-12-22,2001-12-18,25.781273467832563,0.6458408557876256,25.78201264685474,0.6454272048633029,0.0039999999999660455,7.666666667015912e-4,TRUE,TRUE,TRUE
Singapore,normal,BFGS,18,1992-06-21,2002-06-18,25.76945756498119,0.6509057481988956,25.77009938260986,0.6505599732796814,0.0038333333332654243,7.000000000213428e-4,TRUE,TRUE,TRUE
Singapore,normal,BFGS,19,1992-12-20,2002-12-17,25.78756520988593,0.6476298680981086,25.788273010110053,0.6471042891840395,0.004099999999986418,7.333333333614671e-4,TRUE,TRUE,TRUE
Singapore,normal,BFGS,20,1993-06-20,2003-06-17,25.807184865632887,0.6404104955050166,25.807917931926866,0.6400812479863714,0.0042666666666870395,7.333333333614671e-4,TRUE,TRUE,TRUE
Singapore,normal,BFGS,21,1993-12-19,2003-12-16,25.807368090849756,0.641838680458116,25.808045938569496,0.6415207515087604,0.009333333333294528,0.0012666666666821887,TRUE,TRUE,TRUE
Singapore,normal,BFGS,22,1994-06-19,2004-06-15,25.816116506664184,0.6468623169007109,25.816543074613197,0.6465285486551643,0.003900000000066939,6.666666666812186e-4,TRUE,TRUE,TRUE
Singapore,normal,BFGS,23,1994-12-18,2004-12-14,25.821812145806916,0.6473551455475743,25.82218888615957,0.6471091644633279,0.005966666666669577,0.0015333333332819166,TRUE,TRUE,TRUE
Singapore,normal,BFGS,24,1995-06-18,2005-06-14,25.82479417708623,0.6549435558976382,25.824995456854513,0.6548421289780291,0.00383333333338669,6.666666666812186e-4,TRUE,TRUE,TRUE
Singapore,normal,BFGS,25,1995-12-17,2005-12-13,25.82987237214684,0.6551131386145481,25.830094202751773,0.6551794679617121,0.004233333333346915,0.0015333333334031825,TRUE,TRUE,TRUE
Singapore,normal,BFGS,26,1996-06-16,2006-06-13,25.844864700923818,0.6274552352018715,25.845044797827768,0.6274676014160022,0.0043666666665861465,7.333333333614671e-4,TRUE,TRUE,TRUE
Singapore,normal,BFGS,27,1996-12-15,2006-12-12,25.85434736590779,0.6241567661169268,25.854707893232106,0.6242483217719585,0.004433333333387661,7.666666667015912e-4,TRUE,TRUE,TRUE
Singapore,normal,BFGS,28,1997-06-15,2007-06-12,25.863064598104057,0.6122163117981236,25.863275958955924,0.6120905250411557,0.004300000000027163,7.666666667015912e-4,TRUE,TRUE,TRUE
Singapore,normal,BFGS,29,1997-12-14,2007-12-11,25.845294927883142,0.6143031986845562,25.84550601204509,0.6143003617780547,0.004200000000006791,7.33333333240201e-4,TRUE,TRUE,TRUE
Singapore,normal,BFGS,30,1998-06-14,2008-06-10,25.793555224470218,0.5859697624454375,25.793753960543224,0.5860758295712813,0.0044666666666065185,7.666666667015912e-4,TRUE,TRUE,TRUE
Singapore,normal,BFGS,31,1998-12-13,2008-12-09,25.78456529141967,0.5820539415587423,25.784465232926806,0.5822410628986804,0.004499999999946643,8.000000000417155e-4,TRUE,TRUE,TRUE
Singapore,normal,BFGS,32,1999-06-13,2009-06-09,25.785563052128047,0.5985129282719799,25.785301518721916,0.5989633458371457,0.004300000000027163,7.333333333614671e-4,TRUE,TRUE,TRUE
Singapore,normal,BFGS,33,1999-12-12,2009-12-08,25.80974403279231,0.6033981567453004,25.809302426075106,0.6039762818958342,0.00463333333330714,8.000000000417155e-4,TRUE,TRUE,TRUE
Singapore,normal,BFGS,34,2000-06-11,2010-06-08,25.842559995122762,0.6103931575353818,25.842361512274504,0.6109749331146666,0.004766666666667637,7.666666667015912e-4,TRUE,TRUE,TRUE
Singapore,normal,BFGS,35,2000-12-10,2010-12-07,25.857573711370144,0.6160089205192177,25.85727511773264,0.616468334384694,0.004666666666647264,6.666666666812186e-4,TRUE,TRUE,TRUE
Singapore,normal,BFGS,36,2001-06-10,2011-06-07,25.843177983249568,0.6248641287638297,25.842909581606005,0.6252884703227016,0.005500000000029104,8.000000000417155e-4,TRUE,TRUE,TRUE
Singapore,normal,BFGS,37,2001-12-09,2011-12-06,25.848602038158226,0.6247992098024524,25.848340543788233,0.6253142813892621,0.005766666666628831,0.001300000000022313,TRUE,TRUE,TRUE
Singapore,normal,BFGS,38,2002-06-09,2012-06-05,25.85780236256647,0.6157322656273311,25.857593062217042,0.6162959320748804,0.004233333333346915,7.000000000213428e-4,TRUE,TRUE,TRUE
Singapore,normal,BFGS,39,2002-12-08,2012-12-04,25.86433783292728,0.6169910061391586,25.863996902470628,0.6176183162075431,0.0042666666666870395,7.333333333614671e-4,TRUE,TRUE,TRUE
Singapore,normal,BFGS,40,2003-06-08,2013-06-04,25.869036127462085,0.6229628602708341,25.86898736927853,0.623673828308504,0.003933333333407063,6.666666666812186e-4,TRUE,TRUE,TRUE
Singapore,normal,BFGS,41,2003-12-07,2013-12-03,25.881813292062784,0.6267155749658102,25.881766681446724,0.6275544243313498,0.003933333333285797,7.000000000213428e-4,TRUE,TRUE,TRUE
Singapore,normal,BFGS,42,2004-06-06,2014-06-03,25.88157448996105,0.6540906857738614,25.881824548159138,0.6545258933315655,0.0044666666666065185,7.333333333614671e-4,TRUE,TRUE,TRUE
Singapore,normal,BFGS,43,2004-12-05,2014-12-02,25.908913823352016,0.665062597190321,25.909054960884855,0.6653998613076068,0.0050000000000485064,6.666666666812186e-4,TRUE,TRUE,TRUE
Singapore,normal,BFGS,44,2005-06-05,2015-06-02,25.90804868766758,0.6667941551479546,25.908392723181947,0.667264553346148,0.009533333333335274,0.0015333333334031825,TRUE,TRUE,TRUE
Singapore,normal,BFGS,45,2005-12-04,2015-12-01,25.922069415030013,0.6685268191206105,25.922325939775522,0.6688657059886667,0.0043666666665861465,7.333333333614671e-4,TRUE,TRUE,TRUE
Singapore,normal,BFGS,46,2006-06-04,2016-05-31,25.959058145009426,0.6800927130886684,25.959250204192028,0.6801797017222688,0.004433333333387661,7.333333333614671e-4,TRUE,TRUE,TRUE
Singapore,normal,BFGS,47,2006-12-03,2016-11-29,25.976636265120966,0.6855866358125947,25.97670293746768,0.6856199547078344,0.004500000000067909,7.333333333614671e-4,TRUE,TRUE,TRUE
Singapore,normal,BFGS,48,2007-06-03,2017-05-30,25.987418904814103,0.6793623629261498,25.987780778299744,0.6796119129606127,0.004266666666565774,7.333333333614671e-4,TRUE,TRUE,TRUE
Singapore,normal,BFGS,49,2007-12-02,2017-11-28,26.008636372736678,0.6783686171460109,26.008925759350472,0.6786999640262991,0.004233333333346915,7.333333333614671e-4,TRUE,TRUE,TRUE
Singapore,normal,BFGS,50,2008-06-01,2018-05-29,26.02453350603854,0.6781452839407603,26.025022407300078,0.6782582544960053,0.004233333333346915,7.333333333614671e-4,TRUE,TRUE,TRUE
Singapore,normal,BFGS,51,2008-11-30,2018-11-27,26.03635608470392,0.6803832288709806,26.03713794891968,0.6803765106945058,0.004800000000007761,7.999999999204495e-4,TRUE,TRUE,TRUE
Singapore,normal,BFGS,52,2009-05-31,2019-05-28,26.066909411392643,0.6698586854290007,26.06797623366088,0.6696138433282612,0.004299999999905897,7.333333333614671e-4,TRUE,TRUE,TRUE
Singapore,normal,BFGS,53,2009-11-29,2019-11-26,26.078504314298353,0.6712917899978785,26.079572474847485,0.6709948215283061,0.004200000000006791,8.000000000417155e-4,TRUE,TRUE,TRUE
Singapore,normal,BFGS,54,2010-05-30,2020-05-26,26.080695552744757,0.6652345312507265,26.081707279168622,0.6648328702577544,0.004166666666666667,7.333333333614671e-4,TRUE,TRUE,TRUE
Singapore,normal,BFGS,55,2010-11-28,2020-11-24,26.084262712398438,0.6640889443421087,26.08531305000374,0.6635250464939446,0.004366666666707412,7.33333333240201e-4,TRUE,TRUE,TRUE
Singapore,normal,BFGS,56,2011-05-29,2021-05-25,26.09855448115741,0.6558428809412986,26.099534856930887,0.6553422600291346,0.0042666666666870395,7.666666667015912e-4,TRUE,TRUE,TRUE
Singapore,normal,BFGS,57,2011-11-27,2021-11-23,26.108850757950755,0.6584932738810272,26.109804203399207,0.6578729388133172,0.003933333333285797,6.999999999000769e-4,TRUE,TRUE,TRUE
Singapore,normal,BFGS,58,2012-05-27,2022-05-24,26.12131816495035,0.6562959608417579,26.12229473290787,0.6556897964687267,0.004166666666666667,7.666666667015912e-4,TRUE,TRUE,TRUE
Singapore,normal,BFGS,59,2012-11-25,2022-11-22,26.125115283075864,0.6575225299376305,26.12610309438752,0.6569929809049925,0.003900000000066939,6.666666666812186e-4,TRUE,TRUE,TRUE
Singapore,normal,BFGS,60,2013-05-26,2023-05-23,26.118295477435876,0.6674396986800465,26.119093793536106,0.6668901356624756,0.003899999999945673,7.000000000213428e-4,TRUE,TRUE,TRUE
Singapore,normal,BFGS,61,2013-11-24,2023-11-21,26.153789104134738,0.6836078207633913,26.15486341295618,0.6832462131513356,0.004300000000027163,8.333333333818397e-4,TRUE,TRUE,TRUE
Singapore,normal,BFGS,62,2014-05-25,2024-05-21,26.20703019750413,0.6631580700981511,26.207914406530207,0.6630421982863909,0.004333333333367288,7.666666665803253e-4,TRUE,TRUE,TRUE
Singapore,normal,BFGS,63,2014-11-23,2024-11-19,26.232842799275133,0.678691634216917,26.23393444285451,0.6788205760593653,0.0047333333333275125,8.000000000417155e-4,TRUE,TRUE,TRUE
Singapore,normal,BFGS,64,2015-05-24,2025-05-20,26.25631545153113,0.6600664063833124,26.257329681672378,0.6599768322587657,0.004333333333246022,7.666666667015912e-4,TRUE,TRUE,TRUE
Singapore,normal,BFGS,65,2015-11-22,2025-11-18,26.274013281478116,0.6725081133616502,26.275128397821035,0.6725099739129689,0.004699999999987389,7.666666665803253e-4,TRUE,TRUE,TRUE
Singapore,normal,L-BFGS-B,1,1984-01-01,1993-12-28,25.616671938643833,0.6209271421733021,25.615991521903265,0.621283551218778,0.0018333333333430345,3.9999999996022476e-4,TRUE,TRUE,TRUE
Singapore,normal,L-BFGS-B,2,1984-07-01,1994-06-28,25.640447004438375,0.6079155440430937,25.63982544636739,0.6082826488664506,0.004499999999946643,5.66666666660846e-4,TRUE,TRUE,TRUE
Singapore,normal,L-BFGS-B,3,1984-12-30,1994-12-27,25.65711385496505,0.5985937277137122,25.65664298949231,0.598763585907491,0.004499999999946643,5.66666666660846e-4,TRUE,TRUE,TRUE
Singapore,normal,L-BFGS-B,4,1985-06-30,1995-06-27,25.67048644119356,0.6037457974090412,25.670316363499936,0.6038482888604104,0.0035666666666656966,6.333333333410943e-4,TRUE,TRUE,TRUE
Singapore,normal,L-BFGS-B,5,1985-12-29,1995-12-26,25.695181756857753,0.6003527189169127,25.695096201819464,0.6002334888888582,0.004500000000067909,5.66666666660846e-4,TRUE,TRUE,TRUE
Singapore,normal,L-BFGS-B,6,1986-06-29,1996-06-25,25.700541183004162,0.6117516272006653,25.700606149428484,0.6117042881710496,0.0031333333333653473,5.66666666660846e-4,TRUE,TRUE,TRUE
Singapore,normal,L-BFGS-B,7,1986-12-28,1996-12-24,25.710428137982532,0.6107451544083475,25.710327370130727,0.6106062595519419,0.0035666666666656966,4.999999999805975e-4,TRUE,TRUE,TRUE
Singapore,normal,L-BFGS-B,8,1987-06-28,1997-06-24,25.71630244719204,0.6189382751147353,25.716471878660442,0.6186427528484055,0.0031666666665842056,6.000000000009701e-4,TRUE,TRUE,TRUE
Singapore,normal,L-BFGS-B,9,1987-12-27,1997-12-23,25.72596502154118,0.623834246221347,25.726337211869232,0.6234755133336574,0.0031333333333653473,5.66666666660846e-4,TRUE,TRUE,TRUE
Singapore,normal,L-BFGS-B,10,1988-06-26,1998-06-23,25.75608320229756,0.6588369732838016,25.756367496077793,0.6583690226598675,0.00403333333330617,7.333333333614671e-4,TRUE,TRUE,TRUE
Singapore,normal,L-BFGS-B,11,1988-12-25,1998-12-22,25.77809420757841,0.6551821574448913,25.778551380501593,0.6546754063851002,0.004499999999946643,5.333333333207217e-4,TRUE,TRUE,TRUE
Singapore,normal,L-BFGS-B,12,1989-06-25,1999-06-22,25.78891747342156,0.6491953102866744,25.789426841110984,0.6485981100549283,0.0044666666666065185,5.66666666660846e-4,TRUE,TRUE,TRUE
Singapore,normal,L-BFGS-B,13,1989-12-24,1999-12-21,25.789552960162457,0.6467947119942934,25.790245915501398,0.6461412872700182,0.0035666666666656966,4.000000000814907e-4,TRUE,TRUE,TRUE
Singapore,normal,L-BFGS-B,14,1990-06-24,2000-06-20,25.774198363685795,0.6446224415133547,25.774887420533208,0.6440253892616491,0.005066666666607489,4.666666666404732e-4,TRUE,TRUE,TRUE
Singapore,normal,L-BFGS-B,15,1990-12-23,2000-12-19,25.772559613170046,0.6420950346428602,25.773125961221417,0.641548956458945,0.0035666666666656966,4.33333333300349e-4,TRUE,TRUE,TRUE
Singapore,normal,L-BFGS-B,16,1991-06-23,2001-06-19,25.769080258591547,0.647173468805354,25.769724098016944,0.6466977717991579,0.0031333333333653473,5.66666666660846e-4,TRUE,TRUE,TRUE
Singapore,normal,L-BFGS-B,17,1991-12-22,2001-12-18,25.781276592343946,0.645845559449266,25.782013057744045,0.6454266788242662,0.0035666666666656966,4.666666666404732e-4,TRUE,TRUE,TRUE
Singapore,normal,L-BFGS-B,18,1992-06-21,2002-06-18,25.769457327372923,0.6509059240479732,25.770099126439884,0.6505601634175897,0.0031333333333653473,5.66666666660846e-4,TRUE,TRUE,TRUE
Singapore,normal,L-BFGS-B,19,1992-12-20,2002-12-17,25.787565067299447,0.6476299714306785,25.78827285567593,0.6471043961141177,0.004566666666626891,5.333333333207217e-4,TRUE,TRUE,TRUE
Singapore,normal,L-BFGS-B,20,1993-06-20,2003-06-17,25.807184876311847,0.6404105404325459,25.8079179167314,0.6400812938361917,0.004566666666626891,5.66666666660846e-4,TRUE,TRUE,TRUE
Singapore,normal,L-BFGS-B,21,1993-12-19,2003-12-16,25.807381952696943,0.6418533980865844,25.808027873508774,0.6415841988973884,0.002266666666643384,3.9999999996022476e-4,TRUE,TRUE,TRUE
Singapore,normal,L-BFGS-B,22,1994-06-19,2004-06-15,25.816116501675282,0.6468624345158487,25.816543079788165,0.6465286637045471,0.003166666666705472,5.66666666660846e-4,TRUE,TRUE,TRUE
Singapore,normal,L-BFGS-B,23,1994-12-18,2004-12-14,25.82181191242135,0.6473539506479401,25.822225744573746,0.6471065745207754,0.002766666666623981,4.999999999805975e-4,TRUE,TRUE,TRUE
Singapore,normal,L-BFGS-B,24,1995-06-18,2005-06-14,25.824794145974884,0.6549436235300066,25.824995452127382,0.6548422771305209,0.00319999999992433,5.66666666660846e-4,TRUE,TRUE,TRUE
Singapore,normal,L-BFGS-B,25,1995-12-17,2005-12-13,25.829872324167532,0.6551122278913613,25.830130608189155,0.6551694170979412,0.002299999999983508,3.9999999996022476e-4,TRUE,TRUE,TRUE
Singapore,normal,L-BFGS-B,26,1996-06-16,2006-06-13,25.84486394371138,0.6274552722400072,25.845044033281805,0.6274676398342357,0.005166666666627862,6.333333333410943e-4,TRUE,TRUE,TRUE
Singapore,normal,L-BFGS-B,27,1996-12-15,2006-12-12,25.854347693823353,0.6241565075361067,25.854708221414,0.6242480610084705,0.00463333333330714,5.333333333207217e-4,TRUE,TRUE,TRUE
Singapore,normal,L-BFGS-B,28,1997-06-15,2007-06-12,25.863065094284636,0.6122164201726217,25.863276494958907,0.6120906347775689,0.004699999999987389,5.66666666660846e-4,TRUE,TRUE,TRUE
Singapore,normal,L-BFGS-B,29,1997-12-14,2007-12-11,25.84529496164558,0.6143031827933337,25.845506072557928,0.614300253619113,0.004099999999986418,7.000000000213428e-4,TRUE,TRUE,TRUE
Singapore,normal,L-BFGS-B,30,1998-06-14,2008-06-10,25.793555780481956,0.5859698846535909,25.793753916724878,0.5860756823775864,0.005166666666627862,6.333333333410943e-4,TRUE,TRUE,TRUE
Singapore,normal,L-BFGS-B,31,1998-12-13,2008-12-09,25.784564994801507,0.5820537369165317,25.78446493667891,0.5822408535682133,0.004533333333286768,5.66666666660846e-4,TRUE,TRUE,TRUE
Singapore,normal,L-BFGS-B,32,1999-06-13,2009-06-09,25.78556329590304,0.5985131673009714,25.78530180289575,0.598963736876517,0.0031333333333653473,5.66666666660846e-4,TRUE,TRUE,TRUE
Singapore,normal,L-BFGS-B,33,1999-12-12,2009-12-08,25.80974400877429,0.6033981501796509,25.80930240289608,0.6039762742107184,0.0035666666666656966,6.666666666812186e-4,TRUE,TRUE,TRUE
Singapore,normal,L-BFGS-B,34,2000-06-11,2010-06-08,25.842559779870026,0.6103931414466779,25.842361289682582,0.610974918444705,0.0035666666666656966,6.666666666812186e-4,TRUE,TRUE,TRUE
Singapore,normal,L-BFGS-B,35,2000-12-10,2010-12-07,25.857573715084428,0.6160089072478889,25.85727552577942,0.6164688336080512,0.0035666666667869625,6.333333333410943e-4,TRUE,TRUE,TRUE
Singapore,normal,L-BFGS-B,36,2001-06-10,2011-06-07,25.84317794215054,0.6248640744275739,25.842909540248304,0.6252884175162259,0.0035666666666656966,6.333333333410943e-4,TRUE,TRUE,TRUE
Singapore,normal,L-BFGS-B,37,2001-12-09,2011-12-06,25.848602334970593,0.6248063528247209,25.848390457748714,0.625309425287721,0.0022333333333032592,4.000000000814907e-4,TRUE,TRUE,TRUE
Singapore,normal,L-BFGS-B,38,2002-06-09,2012-06-05,25.85780236790373,0.6157324042988657,25.85759306666869,0.6162960670515322,0.004499999999946643,5.333333333207217e-4,TRUE,TRUE,TRUE
Singapore,normal,L-BFGS-B,39,2002-12-08,2012-12-04,25.864335658822583,0.6169804534744373,25.863994206412222,0.617608061353216,0.0027000000000649985,4.999999999805975e-4,TRUE,TRUE,TRUE
Singapore,normal,L-BFGS-B,40,2003-06-08,2013-06-04,25.86903628520212,0.6229629421508917,25.868987541005264,0.6236739204291611,0.0031333333333653473,5.66666666660846e-4,TRUE,TRUE,TRUE
Singapore,normal,L-BFGS-B,41,2003-12-07,2013-12-03,25.88181345377346,0.626715717932999,25.881766854519825,0.6275545851709706,0.0035666666666656966,6.333333333410943e-4,TRUE,TRUE,TRUE
Singapore,normal,L-BFGS-B,42,2004-06-06,2014-06-03,25.881574186387724,0.6540915840499082,25.88182733137072,0.6545259903835234,0.0031333333333653473,4.6666666676173916e-4,TRUE,TRUE,TRUE
Singapore,normal,L-BFGS-B,43,2004-12-05,2014-12-02,25.908913621447358,0.6650625788380632,25.90905614840419,0.6653990428275252,0.0035666666666656966,6.333333333410943e-4,TRUE,TRUE,TRUE
Singapore,normal,L-BFGS-B,44,2005-06-05,2015-06-02,25.90803215072717,0.6668083087942701,25.90837300838313,0.6672869904005875,0.0022666666667646496,4.33333333300349e-4,TRUE,TRUE,TRUE
Singapore,normal,L-BFGS-B,45,2005-12-04,2015-12-01,25.92206991380062,0.6685206118647956,25.922321809131727,0.6688757176184439,0.0026666666667248744,4.999999999805975e-4,TRUE,TRUE,TRUE
Singapore,normal,L-BFGS-B,46,2006-06-04,2016-05-31,25.959058214968934,0.6800936574302763,25.959250232516748,0.6801805669294788,0.0035666666666656966,6.333333333410943e-4,TRUE,TRUE,TRUE
Singapore,normal,L-BFGS-B,47,2006-12-03,2016-11-29,25.97663654934619,0.6855867117551506,25.97670317961895,0.6856199566775351,0.0035666666666656966,6.333333333410943e-4,TRUE,TRUE,TRUE
Singapore,normal,L-BFGS-B,48,2007-06-03,2017-05-30,25.987418710560483,0.6793625011387581,25.987780589827096,0.6796120475161227,0.004500000000067909,5.66666666660846e-4,TRUE,TRUE,TRUE
Singapore,normal,L-BFGS-B,49,2007-12-02,2017-11-28,26.00863704770777,0.6783693194898945,26.008925959128685,0.6787002671433343,0.0035666666666656966,4.666666666404732e-4,TRUE,TRUE,TRUE
Singapore,normal,L-BFGS-B,50,2008-06-01,2018-05-29,26.024532588268567,0.6781518361326667,26.02502236253812,0.6782584568065356,0.0022333333333032592,4.999999999805975e-4,TRUE,TRUE,TRUE
Singapore,normal,L-BFGS-B,51,2008-11-30,2018-11-27,26.036355859807404,0.6803839155990461,26.037137625871864,0.680378197921366,0.0026999999999437327,4.666666666404732e-4,TRUE,TRUE,TRUE
Singapore,normal,L-BFGS-B,52,2009-05-31,2019-05-28,26.066909328852017,0.6698587868449517,26.067976042426746,0.6696139809077889,0.004499999999946643,5.66666666660846e-4,TRUE,TRUE,TRUE
Singapore,normal,L-BFGS-B,53,2009-11-29,2019-11-26,26.078503512243365,0.6712951927063169,26.079571589035567,0.670997986614178,0.0027000000000649985,4.666666666404732e-4,TRUE,TRUE,TRUE
Singapore,normal,L-BFGS-B,54,2010-05-30,2020-05-26,26.08069562426928,0.6652347148989253,26.081708669768258,0.6648335205206496,0.0035666666666656966,3.9999999996022476e-4,TRUE,TRUE,TRUE
Singapore,normal,L-BFGS-B,55,2010-11-28,2020-11-24,26.084263162802362,0.6640891790917466,26.085313558841506,0.6635255564635328,0.0036000000000058208,4.33333333300349e-4,TRUE,TRUE,TRUE
Singapore,normal,L-BFGS-B,56,2011-05-29,2021-05-25,26.098554518105974,0.6558429129961969,26.099534894585645,0.6553422911820058,0.0045333333334080335,5.333333333207217e-4,TRUE,TRUE,TRUE
Singapore,normal,L-BFGS-B,57,2011-11-27,2021-11-23,26.10885093624923,0.6584929281204887,26.109803910106944,0.6578617789582778,0.0031333333332440815,4.999999999805975e-4,TRUE,TRUE,TRUE
Singapore,normal,L-BFGS-B,58,2012-05-27,2022-05-24,26.12131794699227,0.6562959408625881,26.122295159353744,0.6556891471886503,0.004133333333326542,4.999999999805975e-4,TRUE,TRUE,TRUE
Singapore,normal,L-BFGS-B,59,2012-11-25,2022-11-22,26.125115297407756,0.6575224935530836,26.12611178636379,0.6569777470279359,0.002733333333283857,3.9999999996022476e-4,TRUE,TRUE,TRUE
Singapore,normal,L-BFGS-B,60,2013-05-26,2023-05-23,26.118294988889513,0.6674399587298933,26.11909326055058,0.6668904262383498,0.0031333333332440815,5.66666666660846e-4,TRUE,TRUE,TRUE
Singapore,normal,L-BFGS-B,61,2013-11-24,2023-11-21,26.15378883959279,0.6836086471964556,26.15486303715114,0.683247062334421,0.003633333333345945,6.333333333410943e-4,TRUE,TRUE,TRUE
Singapore,normal,L-BFGS-B,62,2014-05-25,2024-05-21,26.207031664277135,0.6631579873087509,26.207914683665418,0.6630418752130482,0.004499999999946643,5.66666666660846e-4,TRUE,TRUE,TRUE
Singapore,normal,L-BFGS-B,63,2014-11-23,2024-11-19,26.23284235554397,0.6786916059901354,26.233933980192507,0.6788205444348528,0.003633333333345945,6.333333333410943e-4,TRUE,TRUE,TRUE
Singapore,normal,L-BFGS-B,64,2015-05-24,2025-05-20,26.256316651659933,0.6600662824353382,26.257330874337146,0.6599767101076566,0.004566666666626891,5.333333333207217e-4,TRUE,TRUE,TRUE
Singapore,normal,L-BFGS-B,65,2015-11-22,2025-11-18,26.274013190534518,0.6725080785437556,26.27512830664508,0.6725099374588632,0.0036000000000058208,6.333333333410943e-4,TRUE,TRUE,TRUE
Singapore,logistic,BFGS,1,1984-01-01,1993-12-28,25.6346367320259,0.6421232190765067,25.634140672166392,0.6423741977070984,0.005533333333369228,7.000000000213428e-4,TRUE,TRUE,TRUE
Singapore,logistic,BFGS,2,1984-07-01,1994-06-28,25.653514738280176,0.6322989968958226,25.653078409242056,0.6324535528355902,0.005266666666648235,6.666666666812186e-4,TRUE,TRUE,TRUE
Singapore,logistic,BFGS,3,1984-12-30,1994-12-27,25.67206450830216,0.6198839881493048,25.67171764258796,0.6198609114195367,0.005333333333328483,6.666666666812186e-4,TRUE,TRUE,TRUE
Singapore,logistic,BFGS,4,1985-06-30,1995-06-27,25.68158475086087,0.6288006732465142,25.681561792579604,0.6286554097839812,0.005400000000008731,6.000000000009701e-4,TRUE,TRUE,TRUE
Singapore,logistic,BFGS,5,1985-12-29,1995-12-26,25.712017300654285,0.6236220868779543,25.712029731199628,0.6230246852505044,0.00523333333330811,6.333333333410943e-4,TRUE,TRUE,TRUE
Singapore,logistic,BFGS,6,1986-06-29,1996-06-25,25.719388160001586,0.6337121162020249,25.719551278117244,0.6332360039557448,0.005400000000008731,6.000000000009701e-4,TRUE,TRUE,TRUE
Singapore,logistic,BFGS,7,1986-12-28,1996-12-24,25.731745996143914,0.6316022982786004,25.73170893149729,0.6310176690026275,0.005400000000008731,6.666666666812186e-4,TRUE,TRUE,TRUE
Singapore,logistic,BFGS,8,1987-06-28,1997-06-24,25.737045486385096,0.6385238408403282,25.737250112086436,0.6378850181392419,0.0046333333334284054,6.000000000009701e-4,TRUE,TRUE,TRUE
Singapore,logistic,BFGS,9,1987-12-27,1997-12-23,25.74771001531556,0.6450805979121412,25.74815487444668,0.6443416576792627,0.005266666666648235,6.000000000009701e-4,TRUE,TRUE,TRUE
Singapore,logistic,BFGS,10,1988-06-26,1998-06-23,25.76735329536474,0.6743943854359847,25.767834869932834,0.6736497601029512,0.005299999999988358,7.000000000213428e-4,TRUE,TRUE,TRUE
Singapore,logistic,BFGS,11,1988-12-25,1998-12-22,25.79033909138498,0.6724558254698657,25.791006476010804,0.6716353336210958,0.005166666666627862,6.666666666812186e-4,TRUE,TRUE,TRUE
Singapore,logistic,BFGS,12,1989-06-25,1999-06-22,25.80079166780946,0.6659093450365241,25.80139258097723,0.6650259290878542,0.005166666666627862,7.333333333614671e-4,TRUE,TRUE,TRUE
Singapore,logistic,BFGS,13,1989-12-24,1999-12-21,25.80025306347504,0.6627941431743141,25.801097633459992,0.6617546320134611,0.00463333333330714,6.000000000009701e-4,TRUE,TRUE,TRUE
Singapore,logistic,BFGS,14,1990-06-24,2000-06-20,25.7874846149824,0.6598668217785977,25.788319446412274,0.6589483794032368,0.005500000000029104,6.666666666812186e-4,TRUE,TRUE,TRUE
Singapore,logistic,BFGS,15,1990-12-23,2000-12-19,25.785054457945535,0.655540805260783,25.785764487434495,0.6546744520837464,0.005533333333369228,6.666666665599526e-4,TRUE,TRUE,TRUE
Singapore,logistic,BFGS,16,1991-06-23,2001-06-19,25.781667121824157,0.6603017202864464,25.7824089236155,0.6594856315561942,0.004866666666566743,6.000000000009701e-4,TRUE,TRUE,TRUE
Singapore,logistic,BFGS,17,1991-12-22,2001-12-18,25.796370834099452,0.6581996738708872,25.797210140720097,0.6574915321098056,0.005533333333369228,6.666666665599526e-4,TRUE,TRUE,TRUE
Singapore,logistic,BFGS,18,1992-06-21,2002-06-18,25.785287108318574,0.6633897145034581,25.785949344270563,0.6628159431555242,0.00463333333330714,6.000000000009701e-4,TRUE,TRUE,TRUE
Singapore,logistic,BFGS,19,1992-12-20,2002-12-17,25.80609265363297,0.6582219608903845,25.806812954371924,0.6574885915833804,0.004999999999927241,6.333333333410943e-4,TRUE,TRUE,TRUE
Singapore,logistic,BFGS,20,1993-06-20,2003-06-17,25.82289350710921,0.6496830378075499,25.823620491909512,0.6491497557965324,0.005066666666728755,6.333333333410943e-4,TRUE,TRUE,TRUE
Singapore,logistic,BFGS,21,1993-12-19,2003-12-16,25.82373259976252,0.6523846485783478,25.824360018380336,0.6518962183304009,0.00439999999992627,6.000000000009701e-4,TRUE,TRUE,TRUE
Singapore,logistic,BFGS,22,1994-06-19,2004-06-15,25.829539842191558,0.6593981988633101,25.830029998787968,0.6589171237483384,0.004566666666748157,6.000000000009701e-4,TRUE,TRUE,TRUE
Singapore,logistic,BFGS,23,1994-12-18,2004-12-14,25.836934793695892,0.6601858795363778,25.837482529807268,0.6598050339933601,0.004999999999927241,6.333333333410943e-4,TRUE,TRUE,TRUE
Singapore,logistic,BFGS,24,1995-06-18,2005-06-14,25.84149083695576,0.6656469396127973,25.84192521962466,0.6654606144021558,0.004599999999967016,6.000000000009701e-4,TRUE,TRUE,TRUE
Singapore,logistic,BFGS,25,1995-12-17,2005-12-13,25.846602177326673,0.6660701414796489,25.847117448260526,0.6661960130874969,0.004766666666667637,6.000000000009701e-4,TRUE,TRUE,TRUE
Singapore,logistic,BFGS,26,1996-06-16,2006-06-13,25.852052786971498,0.6420554453849,25.85246228511879,0.6420802745758281,0.00523333333330811,6.333333333410943e-4,TRUE,TRUE,TRUE
Singapore,logistic,BFGS,27,1996-12-15,2006-12-12,25.86295138466906,0.6372886676811796,25.863451645403714,0.6374292596393784,0.005400000000008731,6.666666666812186e-4,TRUE,TRUE,TRUE
Singapore,logistic,BFGS,28,1997-06-15,2007-06-12,25.868470122670765,0.6245756169647029,25.868764209130738,0.6245171248642067,0.005433333333348856,6.666666666812186e-4,TRUE,TRUE,TRUE
Singapore,logistic,BFGS,29,1997-12-14,2007-12-11,25.848467027443622,0.6260557569925191,25.848728269524475,0.6261940927724506,0.004933333333368258,6.333333333410943e-4,TRUE,TRUE,TRUE
Singapore,logistic,BFGS,30,1998-06-14,2008-06-10,25.80744627979397,0.6046035247145319,25.80751230436108,0.6047555165228038,0.005500000000029104,6.666666666812186e-4,TRUE,TRUE,TRUE
Singapore,logistic,BFGS,31,1998-12-13,2008-12-09,25.79766937853715,0.5996899723282022,25.797364455719492,0.5999511725296245,0.005400000000008731,7.000000000213428e-4,TRUE,TRUE,TRUE
Singapore,logistic,BFGS,32,1999-06-13,2009-06-09,25.799871950353907,0.6164083728797641,25.799384904584002,0.616906299764318,0.005499999999907838,7.000000000213428e-4,TRUE,TRUE,TRUE
Singapore,logistic,BFGS,33,1999-12-12,2009-12-08,25.829418645725006,0.6226598887670199,25.828566841833545,0.6233775575831761,0.005433333333348856,6.666666666812186e-4,TRUE,TRUE,TRUE
Singapore,logistic,BFGS,34,2000-06-11,2010-06-08,25.855110142118107,0.6263605091476234,25.854644984811934,0.6270925982113963,0.005133333333287737,7.333333333614671e-4,TRUE,TRUE,TRUE
Singapore,logistic,BFGS,35,2000-12-10,2010-12-07,25.873262329329016,0.6343765305400406,25.872692527682112,0.6349631846717236,0.005400000000008731,7.000000000213428e-4,TRUE,TRUE,TRUE
Singapore,logistic,BFGS,36,2001-06-10,2011-06-07,25.86026866889726,0.6436368572616005,25.859714758263962,0.644198003563453,0.005366666666668607,7.000000000213428e-4,TRUE,TRUE,TRUE
Singapore,logistic,BFGS,37,2001-12-09,2011-12-06,25.867284980556214,0.6434268324978241,25.866879634004388,0.6440376360761716,0.004999999999927241,6.666666666812186e-4,TRUE,TRUE,TRUE
Singapore,logistic,BFGS,38,2002-06-09,2012-06-05,25.87411011653338,0.6331933731907916,25.873653978175643,0.6338241361163159,0.005266666666648235,7.000000000213428e-4,TRUE,TRUE,TRUE
Singapore,logistic,BFGS,39,2002-12-08,2012-12-04,25.882363004670868,0.6354057321917005,25.881713109927784,0.6360835157259789,0.004666666666647264,7.000000000213428e-4,TRUE,TRUE,TRUE
Singapore,logistic,BFGS,40,2003-06-08,2013-06-04,25.885301698944126,0.6410854816353435,25.88494023012546,0.6417752237107569,0.004533333333286768,6.000000000009701e-4,TRUE,TRUE,TRUE
Singapore,logistic,BFGS,41,2003-12-07,2013-12-03,25.90023781667983,0.6456054555940791,25.89983563880764,0.6465447831691783,0.004433333333387661,6.000000000009701e-4,TRUE,TRUE,TRUE
Singapore,logistic,BFGS,42,2004-06-06,2014-06-03,25.904069190721742,0.6652124244871097,25.90385360461052,0.6658860573644726,0.005466666666688979,7.000000000213428e-4,TRUE,TRUE,TRUE
Singapore,logistic,BFGS,43,2004-12-05,2014-12-02,25.934646704874147,0.6773313109121699,25.934223386142314,0.6779850351350297,0.005666666666608459,7.000000000213428e-4,TRUE,TRUE,TRUE
Singapore,logistic,BFGS,44,2005-06-05,2015-06-02,25.934477920579447,0.6791437177647911,25.93411091148256,0.6799400716051299,0.01206666666669965,0.001300000000022313,TRUE,TRUE,TRUE
Singapore,logistic,BFGS,45,2005-12-04,2015-12-01,25.951921568514916,0.6811659439552477,25.95144485939913,0.6817399986867502,0.005066666666607489,7.000000000213428e-4,TRUE,TRUE,TRUE
Singapore,logistic,BFGS,46,2006-06-04,2016-05-31,25.987154122943707,0.6894988779834805,25.98684853138094,0.6899857677710671,0.005266666666648235,6.666666666812186e-4,TRUE,TRUE,TRUE
Singapore,logistic,BFGS,47,2006-12-03,2016-11-29,26.008557353953925,0.6968804578892792,26.00822355771617,0.6972395341397671,0.00523333333330811,6.000000000009701e-4,TRUE,TRUE,TRUE
Singapore,logistic,BFGS,48,2007-06-03,2017-05-30,26.016406946912173,0.6933694629950009,26.016542806011188,0.6939509293034821,0.005299999999988358,6.666666665599526e-4,TRUE,TRUE,TRUE
Singapore,logistic,BFGS,49,2007-12-02,2017-11-28,26.04106087841452,0.6912586013956552,26.0410690719943,0.6919478601301939,0.004999999999927241,6.333333333410943e-4,TRUE,TRUE,TRUE
Singapore,logistic,BFGS,50,2008-06-01,2018-05-29,26.058785809969915,0.6850005301663301,26.059002049136456,0.685437038661665,0.0050999999999476135,6.666666666812186e-4,TRUE,TRUE,TRUE
Singapore,logistic,BFGS,51,2008-11-30,2018-11-27,26.073167610847168,0.6869250455116385,26.073704278271727,0.6871378555122163,0.004966666666708382,6.333333332198284e-4,TRUE,TRUE,TRUE
Singapore,logistic,BFGS,52,2009-05-31,2019-05-28,26.097674539574463,0.6742612720240796,26.098542829795793,0.6742608936713201,0.005333333333328483,6.333333333410943e-4,TRUE,TRUE,TRUE
Singapore,logistic,BFGS,53,2009-11-29,2019-11-26,26.11131510951797,0.6755102049979782,26.112216250095234,0.6753911131816702,0.005100000000068879,0.0010333333334225851,TRUE,TRUE,TRUE
Singapore,logistic,BFGS,54,2010-05-30,2020-05-26,26.11373370892074,0.668295317857848,26.11449343635264,0.668099466210206,0.00463333333330714,5.66666666660846e-4,TRUE,TRUE,TRUE
Singapore,logistic,BFGS,55,2010-11-28,2020-11-24,26.116722874488953,0.6666001235436657,26.117439387557997,0.666238543265612,0.0050000000000485064,6.333333333410943e-4,TRUE,TRUE,TRUE
Singapore,logistic,BFGS,56,2011-05-29,2021-05-25,26.12897786410329,0.6566038502595472,26.129568402544525,0.6564207461767472,0.005133333333409003,6.666666665599526e-4,TRUE,TRUE,TRUE
Singapore,logistic,BFGS,57,2011-11-27,2021-11-23,26.141600177543598,0.6596406703362546,26.14213416604814,0.6593299091373929,0.0044666666666065185,6.000000000009701e-4,TRUE,TRUE,TRUE
Singapore,logistic,BFGS,58,2012-05-27,2022-05-24,26.151764324504132,0.656962725661179,26.152397626071956,0.6566605482487361,0.0051999999999679854,6.666666666812186e-4,TRUE,TRUE,TRUE
Singapore,logistic,BFGS,59,2012-11-25,2022-11-22,26.15618266603038,0.6586829138775471,26.156832164401784,0.6585004711328406,0.004766666666667637,6.333333333410943e-4,TRUE,TRUE,TRUE
Singapore,logistic,BFGS,60,2013-05-26,2023-05-23,26.14884599630172,0.6695997288888048,26.14940417636989,0.6694400544042908,0.005433333333348856,6.000000000009701e-4,TRUE,TRUE,TRUE
Singapore,logistic,BFGS,61,2013-11-24,2023-11-21,26.18646771345984,0.6898733808706011,26.18723682914866,0.6898315963189987,0.005533333333369228,7.000000000213428e-4,TRUE,TRUE,TRUE
Singapore,logistic,BFGS,62,2014-05-25,2024-05-21,26.22644190472234,0.6702263382672972,26.22706542071099,0.6703455080719246,0.005400000000008731,6.666666666812186e-4,TRUE,TRUE,TRUE
Singapore,logistic,BFGS,63,2014-11-23,2024-11-19,26.25148614660801,0.6882098219035692,26.252307376545005,0.6885590795539199,0.005299999999988358,6.999999999000769e-4,TRUE,TRUE,TRUE
Singapore,logistic,BFGS,64,2015-05-24,2025-05-20,26.268292214678652,0.6719269391123187,26.269112335770195,0.6720237737498863,0.005533333333369228,7.000000000213428e-4,TRUE,TRUE,TRUE
Singapore,logistic,BFGS,65,2015-11-22,2025-11-18,26.285900446148013,0.688111305234445,26.28689035732253,0.6882640669034118,0.005366666666668607,7.000000000213428e-4,TRUE,TRUE,TRUE
Singapore,logistic,L-BFGS-B,1,1984-01-01,1993-12-28,25.63463679152402,0.6421232167388781,25.63414188780418,0.6423728574344441,0.004766666666667637,6.000000000009701e-4,TRUE,TRUE,TRUE
Singapore,logistic,L-BFGS-B,2,1984-07-01,1994-06-28,25.65351488781094,0.6322991295850966,25.653078532437053,0.6324536899108053,0.005500000000029104,5.333333334419877e-4,TRUE,TRUE,TRUE
Singapore,logistic,L-BFGS-B,3,1984-12-30,1994-12-27,25.672064872256865,0.6198842991004545,25.671717986793155,0.6198612340674986,0.005499999999907838,4.999999999805975e-4,TRUE,TRUE,TRUE
Singapore,logistic,L-BFGS-B,4,1985-06-30,1995-06-27,25.681584548920917,0.6288007083857814,25.68156231568576,0.6286557081481984,0.0042666666666870395,5.66666666660846e-4,TRUE,TRUE,TRUE
Singapore,logistic,L-BFGS-B,5,1985-12-29,1995-12-26,25.712017279206083,0.6236221171823713,25.71203027695303,0.6230245950409001,0.005566666666709352,4.999999999805975e-4,TRUE,TRUE,TRUE
Singapore,logistic,L-BFGS-B,6,1986-06-29,1996-06-25,25.719386851461437,0.6337116612828806,25.71955004545578,0.6332357862437593,0.0037333333333663178,5.333333333207217e-4,TRUE,TRUE,TRUE
Singapore,logistic,L-BFGS-B,7,1986-12-28,1996-12-24,25.731746067563176,0.6316019777092935,25.731709041876037,0.6310174508351976,0.0060000000000097016,5.333333333207217e-4,TRUE,TRUE,TRUE
Singapore,logistic,L-BFGS-B,8,1987-06-28,1997-06-24,25.737045663126995,0.6385239171675717,25.737250277781,0.6378850959778786,0.003733333333245052,5.333333333207217e-4,TRUE,TRUE,TRUE
Singapore,logistic,L-BFGS-B,9,1987-12-27,1997-12-23,25.747710058032713,0.6450805795329086,25.748154769234354,0.6443421534689153,0.004233333333346915,6.000000000009701e-4,TRUE,TRUE,TRUE
Singapore,logistic,L-BFGS-B,10,1988-06-26,1998-06-23,25.76735349362921,0.6743943495036944,25.76783506888853,0.6736497244223104,0.004766666666667637,6.666666666812186e-4,TRUE,TRUE,TRUE
Singapore,logistic,L-BFGS-B,11,1988-12-25,1998-12-22,25.790338990078663,0.6724557983382619,25.791006450274374,0.671635416808365,0.011500000000038806,4.999999999805975e-4,TRUE,TRUE,TRUE
Singapore,logistic,L-BFGS-B,12,1989-06-25,1999-06-22,25.80079161325537,0.6659093896562541,25.801393011375783,0.6650251664987346,0.005500000000029104,4.999999999805975e-4,TRUE,TRUE,TRUE
Singapore,logistic,L-BFGS-B,13,1989-12-24,1999-12-21,25.800253104244877,0.6627943486178597,25.800918535865726,0.6617525325030185,0.005533333333369228,3.9999999996022476e-4,TRUE,TRUE,TRUE
Singapore,logistic,L-BFGS-B,14,1990-06-24,2000-06-20,25.787484487009298,0.659866348174082,25.78831926505163,0.658948039840303,0.00606666666668995,5.000000001018634e-4,TRUE,TRUE,TRUE
Singapore,logistic,L-BFGS-B,15,1990-12-23,2000-12-19,25.78505437638743,0.6555407588182534,25.785764421116824,0.6546744384638473,0.005533333333247962,4.666666666404732e-4,TRUE,TRUE,TRUE
Singapore,logistic,L-BFGS-B,16,1991-06-23,2001-06-19,25.78166702835105,0.6603017729023916,25.782408828055043,0.6594856847171321,0.003733333333245052,4.999999999805975e-4,TRUE,TRUE,TRUE
Singapore,logistic,L-BFGS-B,17,1991-12-22,2001-12-18,25.79637107270686,0.6581991590793204,25.797210385948457,0.6574911208104096,0.011099999999957314,4.999999999805975e-4,TRUE,TRUE,TRUE
Singapore,logistic,L-BFGS-B,18,1992-06-21,2002-06-18,25.78528715745986,0.6633900814538553,25.785949391843175,0.6628163368710875,0.004300000000027163,5.66666666660846e-4,TRUE,TRUE,TRUE
Singapore,logistic,L-BFGS-B,19,1992-12-20,2002-12-17,25.806092577140156,0.6582220697580471,25.80681285000563,0.6574887056409452,0.005600000000049477,5.333333333207217e-4,TRUE,TRUE,TRUE
Singapore,logistic,L-BFGS-B,20,1993-06-20,2003-06-17,25.822893514543956,0.6496832364294174,25.82362048796268,0.6491499436920337,0.0055666666665880864,4.999999999805975e-4,TRUE,TRUE,TRUE
Singapore,logistic,L-BFGS-B,21,1993-12-19,2003-12-16,25.82373255196205,0.6523846968679905,25.824359955771293,0.6518962564438386,0.003766666666585176,4.999999999805975e-4,TRUE,TRUE,TRUE
Singapore,logistic,L-BFGS-B,22,1994-06-19,2004-06-15,25.82954002807753,0.6593983064417188,25.83003018902027,0.6589172283916361,0.0037999999999253,4.999999999805975e-4,TRUE,TRUE,TRUE
Singapore,logistic,L-BFGS-B,23,1994-12-18,2004-12-14,25.836935358450468,0.6601468650135779,25.837482065044938,0.6597586694306936,0.0032333333332644544,4.33333333300349e-4,TRUE,TRUE,TRUE
Singapore,logistic,L-BFGS-B,24,1995-06-18,2005-06-14,25.84149089705575,0.66564698439614,25.841925292533432,0.6654606610427597,0.0037999999999253,4.999999999805975e-4,TRUE,TRUE,TRUE
Singapore,logistic,L-BFGS-B,25,1995-12-17,2005-12-13,25.84660942373182,0.6660568272805304,25.847117964920088,0.6661957915143732,0.0032333333332644544,4.3333333342161496e-4,TRUE,TRUE,TRUE
Singapore,logistic,L-BFGS-B,26,1996-06-16,2006-06-13,25.85205269038652,0.6420556183305053,25.852462244293974,0.6420804094491496,0.005533333333247962,4.999999999805975e-4,TRUE,TRUE,TRUE
Singapore,logistic,L-BFGS-B,27,1996-12-15,2006-12-12,25.862951554598883,0.6372881923359803,25.86345183012325,0.6374288049572058,0.005566666666709352,4.999999999805975e-4,TRUE,TRUE,TRUE
Singapore,logistic,L-BFGS-B,28,1997-06-15,2007-06-12,25.868470728935723,0.624575793140028,25.868764117505947,0.6245171517413213,0.005033333333388631,4.999999999805975e-4,TRUE,TRUE,TRUE
Singapore,logistic,L-BFGS-B,29,1997-12-14,2007-12-11,25.84846720213887,0.6260558520060309,25.848728374055124,0.626194150418451,0.0042666666666870395,5.66666666660846e-4,TRUE,TRUE,TRUE
Singapore,logistic,L-BFGS-B,30,1998-06-14,2008-06-10,25.80744635228821,0.604603641621043,25.80751229635238,0.604755609007479,0.006166666666589057,6.000000000009701e-4,TRUE,TRUE,TRUE
Singapore,logistic,L-BFGS-B,31,1998-12-13,2008-12-09,25.797669294369655,0.5996895664520775,25.797364343810937,0.5999507877060174,0.0055666666665880864,5.333333333207217e-4,TRUE,TRUE,TRUE
Singapore,logistic,L-BFGS-B,32,1999-06-13,2009-06-09,25.799873009125168,0.6164082810339139,25.799385793257606,0.6169062430681664,0.003766666666585176,4.999999999805975e-4,TRUE,TRUE,TRUE
Singapore,logistic,L-BFGS-B,33,1999-12-12,2009-12-08,25.829418664046717,0.6226598756555835,25.82856685244584,0.6233775403133898,0.004400000000047536,5.66666666660846e-4,TRUE,TRUE,TRUE
Singapore,logistic,L-BFGS-B,34,2000-06-11,2010-06-08,25.855110147174532,0.6263605084645424,25.854645811982085,0.6270926293386169,0.004366666666707412,6.000000000009701e-4,TRUE,TRUE,TRUE
Singapore,logistic,L-BFGS-B,35,2000-12-10,2010-12-07,25.873262377869064,0.6343764776236066,25.87269257305524,0.6349631358229102,0.004400000000047536,6.000000000009701e-4,TRUE,TRUE,TRUE
Singapore,logistic,L-BFGS-B,36,2001-06-10,2011-06-07,25.8602685558913,0.6436367874354564,25.859714646312014,0.6441979361461193,0.004400000000047536,5.66666666660846e-4,TRUE,TRUE,TRUE
Singapore,logistic,L-BFGS-B,37,2001-12-09,2011-12-06,25.86728500516371,0.6434266547628138,25.866878267116128,0.6441139662404057,0.0033333333332848268,3.666666666201005e-4,TRUE,TRUE,TRUE
Singapore,logistic,L-BFGS-B,38,2002-06-09,2012-06-05,25.874110373683173,0.6331934604175908,25.873655431228983,0.6338235654500797,0.0050999999999476135,5.333333333207217e-4,TRUE,TRUE,TRUE
Singapore,logistic,L-BFGS-B,39,2002-12-08,2012-12-04,25.882363039223055,0.6354057803683295,25.881711806051804,0.636083046190068,0.004500000000067909,5.333333333207217e-4,TRUE,TRUE,TRUE
Singapore,logistic,L-BFGS-B,40,2003-06-08,2013-06-04,25.88530176185109,0.6410855072307929,25.884940298255657,0.6417752518819415,0.0038666666667268148,4.999999999805975e-4,TRUE,TRUE,TRUE
Singapore,logistic,L-BFGS-B,41,2003-12-07,2013-12-03,25.900237814916522,0.6456057640139811,25.899835629817723,0.6465451332533345,0.004300000000027163,5.66666666660846e-4,TRUE,TRUE,TRUE
Singapore,logistic,L-BFGS-B,42,2004-06-06,2014-06-03,25.90406920208848,0.6652124423297634,25.903855399626156,0.6658857907050978,0.004333333333367288,5.000000001018634e-4,TRUE,TRUE,TRUE
Singapore,logistic,L-BFGS-B,43,2004-12-05,2014-12-02,25.934646803561975,0.677331190655172,25.93422348668476,0.6779849178653173,0.004300000000027163,6.000000000009701e-4,TRUE,TRUE,TRUE
Singapore,logistic,L-BFGS-B,44,2005-06-05,2015-06-02,25.934482739263444,0.6791438186610416,25.934090555679028,0.6799401236354026,0.002733333333283857,3.666666667413665e-4,TRUE,TRUE,TRUE
Singapore,logistic,L-BFGS-B,45,2005-12-04,2015-12-01,25.951921631371125,0.6811660726559192,25.9514449883059,0.6817400674632911,0.00930000000007567,4.999999999805975e-4,TRUE,TRUE,TRUE
Singapore,logistic,L-BFGS-B,46,2006-06-04,2016-05-31,25.987154118847286,0.6894988619790124,25.986848528564895,0.6899857538808393,0.004300000000027163,6.000000000009701e-4,TRUE,TRUE,TRUE
Singapore,logistic,L-BFGS-B,47,2006-12-03,2016-11-29,26.008557367596506,0.6968804423476547,26.008222513730725,0.6972392465711285,0.004333333333367288,5.66666666660846e-4,TRUE,TRUE,TRUE
Singapore,logistic,L-BFGS-B,48,2007-06-03,2017-05-30,26.016407179430626,0.6933692327054292,26.01654293524597,0.6939507225881176,0.005033333333267364,4.999999999805975e-4,TRUE,TRUE,TRUE
Singapore,logistic,L-BFGS-B,49,2007-12-02,2017-11-28,26.0410607337328,0.6912587120530631,26.041068951531102,0.6919479678215611,0.004800000000007761,5.000000001018634e-4,TRUE,TRUE,TRUE
Singapore,logistic,L-BFGS-B,50,2008-06-01,2018-05-29,26.058785748996286,0.6850006431820579,26.059001980322744,0.6854371603524857,0.005700000000069849,5.000000001018634e-4,TRUE,TRUE,TRUE
Singapore,logistic,L-BFGS-B,51,2008-11-30,2018-11-27,26.07316761596997,0.6869250650931381,26.07371749796576,0.6870505933987584,0.008766666666633682,4.33333333300349e-4,TRUE,TRUE,TRUE
Singapore,logistic,L-BFGS-B,52,2009-05-31,2019-05-28,26.097674811642737,0.6742614618277122,26.09854302203379,0.6742610955315133,0.005600000000049477,5.333333333207217e-4,TRUE,TRUE,TRUE
Singapore,logistic,L-BFGS-B,53,2009-11-29,2019-11-26,26.111315169651906,0.675510266598347,26.112221820444958,0.675341659058355,0.003766666666706442,4.33333333300349e-4,TRUE,TRUE,TRUE
Singapore,logistic,L-BFGS-B,54,2010-05-30,2020-05-26,26.113733737071623,0.6682958364806582,26.1144724074301,0.66809817841585,0.005566666666709352,3.666666667413665e-4,TRUE,TRUE,TRUE
Singapore,logistic,L-BFGS-B,55,2010-11-28,2020-11-24,26.11672281647032,0.6666001167145285,26.117439348627723,0.6662385292821029,0.005133333333287737,4.33333333300349e-4,TRUE,TRUE,TRUE
Singapore,logistic,L-BFGS-B,56,2011-05-29,2021-05-25,26.128977709337835,0.656603977720247,26.129568497145367,0.6564209434747313,0.005566666666709352,4.999999999805975e-4,TRUE,TRUE,TRUE
Singapore,logistic,L-BFGS-B,57,2011-11-27,2021-11-23,26.141600260861935,0.6596407063385819,26.142134263780466,0.6593299241642511,0.004333333333246022,5.66666666660846e-4,TRUE,TRUE,TRUE
Singapore,logistic,L-BFGS-B,58,2012-05-27,2022-05-24,26.151764430955424,0.65696250984735,26.152397737397706,0.6566603292670072,0.005566666666709352,5.333333334419877e-4,TRUE,TRUE,TRUE
Singapore,logistic,L-BFGS-B,59,2012-11-25,2022-11-22,26.156182722652968,0.6586827978826709,26.156832217237035,0.6585003416000351,0.004333333333367288,5.66666666660846e-4,TRUE,TRUE,TRUE
Singapore,logistic,L-BFGS-B,60,2013-05-26,2023-05-23,26.14884595461413,0.6695996229931674,26.149405042589514,0.6694395709830024,0.0037999999999253,4.999999999805975e-4,TRUE,TRUE,TRUE
Singapore,logistic,L-BFGS-B,61,2013-11-24,2023-11-21,26.18646814168677,0.6898727698966312,26.187237266059967,0.6898309821024878,0.004299999999905897,5.66666666660846e-4,TRUE,TRUE,TRUE
Singapore,logistic,L-BFGS-B,62,2014-05-25,2024-05-21,26.226443439643898,0.6702266185673378,26.22706587211195,0.6703458714481405,0.005533333333369228,5.333333333207217e-4,TRUE,TRUE,TRUE
Singapore,logistic,L-BFGS-B,63,2014-11-23,2024-11-19,26.251486534895776,0.6882093769112396,26.2523077789205,0.6885586242744164,0.004300000000027163,6.000000000009701e-4,TRUE,TRUE,TRUE
Singapore,logistic,L-BFGS-B,64,2015-05-24,2025-05-20,26.26829297467336,0.6719272219358494,26.269113140719377,0.6720240634352613,0.005566666666709352,5.000000001018634e-4,TRUE,TRUE,TRUE
Singapore,logistic,L-BFGS-B,65,2015-11-22,2025-11-18,26.285900821136032,0.688111001385923,26.28689073128238,0.6882637634618923,0.004300000000027163,5.66666666660846e-4,TRUE,TRUE,TRUE
Death Valley,normal,BFGS,1,1984-01-01,1993-12-28,16.07635261019178,5.793666510250842,16.076339822854365,5.794599046611989,0.0010666666666414434,2.3333333325960363e-4,TRUE,TRUE,TRUE
Death Valley,normal,BFGS,2,1984-07-01,1994-06-28,16.07613826650518,5.798500759853378,16.07333137435024,5.800298724413357,0.0037333333333663178,6.000000000009701e-4,TRUE,TRUE,TRUE
Death Valley,normal,BFGS,3,1984-12-30,1994-12-27,16.094215289625556,5.755883512609304,16.09224641106152,5.756142936447114,0.004166666666666667,6.666666666812186e-4,TRUE,TRUE,TRUE
Death Valley,normal,BFGS,4,1985-06-30,1995-06-27,16.065144433055167,5.715559071340008,16.063578867539523,5.715674132120891,0.0039999999999660455,7.333333333614671e-4,TRUE,TRUE,TRUE
Death Valley,normal,BFGS,5,1985-12-29,1995-12-26,16.15506571432223,5.689891009342087,16.153574196400818,5.689103067314959,0.00383333333338669,6.666666666812186e-4,TRUE,TRUE,TRUE
Death Valley,normal,BFGS,6,1986-06-29,1996-06-25,16.14593924446552,5.6901416222489445,16.144856061040215,5.689935852657434,0.00323333333338572,5.66666666660846e-4,TRUE,TRUE,TRUE
Death Valley,normal,BFGS,7,1986-12-28,1996-12-24,16.18700827269708,5.733958239684548,16.18682380977451,5.734032897929751,0.004166666666666667,6.666666666812186e-4,TRUE,TRUE,TRUE
Death Valley,normal,BFGS,8,1987-06-28,1997-06-24,16.21733643048969,5.71957033692217,16.21756291395711,5.720082226893653,0.0038666666667268148,6.666666666812186e-4,TRUE,TRUE,TRUE
Death Valley,normal,BFGS,9,1987-12-27,1997-12-23,16.23766549646852,5.71182250996546,16.238104160053673,5.713070750887626,0.0038666666666055485,6.666666666812186e-4,TRUE,TRUE,TRUE
Death Valley,normal,BFGS,10,1988-06-26,1998-06-23,16.182483759577437,5.69920887029093,16.18209673089086,5.702711463000807,0.003800000000046566,6.000000000009701e-4,TRUE,TRUE,TRUE
Death Valley,normal,BFGS,11,1988-12-25,1998-12-22,16.164881027193662,5.698403239973471,16.1653972947006,5.702334844868483,0.003766666666706442,6.999999999000769e-4,TRUE,TRUE,TRUE
Death Valley,normal,BFGS,12,1989-06-25,1999-06-22,16.14222039130088,5.645167884342192,16.143378324006157,5.648551188708047,0.0037999999999253,6.333333333410943e-4,TRUE,TRUE,TRUE
Death Valley,normal,BFGS,13,1989-12-24,1999-12-21,16.180137795629705,5.6607622056565,16.17973170197115,5.662890132681273,0.0037999999999253,6.666666666812186e-4,TRUE,TRUE,TRUE
Death Valley,normal,BFGS,14,1990-06-24,2000-06-20,16.196622558296976,5.659997699352594,16.195839608255486,5.661127407595745,0.00383333333338669,5.66666666660846e-4,TRUE,TRUE,TRUE
Death Valley,normal,BFGS,15,1990-12-23,2000-12-19,16.199963817251206,5.651410741003801,16.19968186372175,5.653053707477267,0.004133333333326542,6.999999999000769e-4,TRUE,TRUE,TRUE
Death Valley,normal,BFGS,16,1991-06-23,2001-06-19,16.233795994475397,5.684665352294702,16.23367028843018,5.6857293091916805,0.003966666666625921,6.666666666812186e-4,TRUE,TRUE,TRUE
Death Valley,normal,BFGS,17,1991-12-22,2001-12-18,16.26768228261707,5.70262531068736,16.267068637231198,5.703142003571436,0.004133333333326542,6.666666666812186e-4,TRUE,TRUE,TRUE
Death Valley,normal,BFGS,18,1992-06-21,2002-06-18,16.28316773827825,5.672831429267299,16.28332409962838,5.6723549345618185,0.004066666666646294,7.666666667015912e-4,TRUE,TRUE,TRUE
Death Valley,normal,BFGS,19,1992-12-20,2002-12-17,16.327124245487568,5.6390971190482375,16.326327043940587,5.6383937486569025,0.00403333333330617,6.666666666812186e-4,TRUE,TRUE,TRUE
Death Valley,normal,BFGS,20,1993-06-20,2003-06-17,16.384528513410157,5.584788379586269,16.383071978920675,5.585555533802627,0.004133333333326542,7.333333333614671e-4,TRUE,TRUE,TRUE
Death Valley,normal,BFGS,21,1993-12-19,2003-12-16,16.453565650707933,5.647367708402564,16.451491637431833,5.648317809703685,0.0038333333332654243,6.666666666812186e-4,TRUE,TRUE,TRUE
Death Valley,normal,BFGS,22,1994-06-19,2004-06-15,16.4539255679102,5.6581043077121915,16.451161810219805,5.6599427766329296,0.003633333333345945,0.0012000000000019402,TRUE,TRUE,TRUE
Death Valley,normal,BFGS,23,1994-12-18,2004-12-14,16.46668641469,5.635163784385389,16.462579347129687,5.6362215874582065,0.004000000000087311,6.999999999000769e-4,TRUE,TRUE,TRUE
Death Valley,normal,BFGS,24,1995-06-18,2005-06-14,16.48885117523229,5.633661154548993,16.485041712561955,5.634758055077499,0.0038333333332654243,6.666666666812186e-4,TRUE,TRUE,TRUE
Death Valley,normal,BFGS,25,1995-12-17,2005-12-13,16.474626825037117,5.668807378456318,16.472333182464755,5.669911026021322,0.003633333333345945,6.333333333410943e-4,TRUE,TRUE,TRUE
Death Valley,normal,BFGS,26,1996-06-16,2006-06-13,16.440589853873238,5.688753298085323,16.43760510864216,5.689485553878333,0.0042666666666870395,6.666666666812186e-4,TRUE,TRUE,TRUE
Death Valley,normal,BFGS,27,1996-12-15,2006-12-12,16.473345713625253,5.682715362206846,16.470559422698972,5.6831600092165395,0.0033999999999650755,5.66666666660846e-4,TRUE,TRUE,TRUE
Death Valley,normal,BFGS,28,1997-06-15,2007-06-12,16.462493923726036,5.671118965505914,16.459919494077738,5.671061584198881,0.0039999999999660455,6.666666666812186e-4,TRUE,TRUE,TRUE
Death Valley,normal,BFGS,29,1997-12-14,2007-12-11,16.49913689916075,5.676526265406117,16.49760290231309,5.676497483421846,0.0033666666666249513,6.000000000009701e-4,TRUE,TRUE,TRUE
Death Valley,normal,BFGS,30,1998-06-14,2008-06-10,16.540068311586015,5.677918146879317,16.54075369809612,5.675283492460228,0.0033999999999650755,7.666666667015912e-4,TRUE,TRUE,TRUE
Death Valley,normal,BFGS,31,1998-12-13,2008-12-09,16.592769521117866,5.6702186772953604,16.592919871974253,5.6671435728911135,0.0034666666667665896,6.000000000009701e-4,TRUE,TRUE,TRUE
Death Valley,normal,BFGS,32,1999-06-13,2009-06-09,16.59390250508119,5.719775309922105,16.593363496194627,5.716605378777785,0.0039999999999660455,6.666666666812186e-4,TRUE,TRUE,TRUE
Death Valley,normal,BFGS,33,1999-12-12,2009-12-08,16.591863374290444,5.74552688197589,16.592180984718127,5.743170980327557,0.003900000000066939,7.666666665803253e-4,TRUE,TRUE,TRUE
Death Valley,normal,BFGS,34,2000-06-11,2010-06-08,16.50957702616962,5.790916545593346,16.510313853030485,5.789167988672388,0.003899999999945673,6.666666666812186e-4,TRUE,TRUE,TRUE
Death Valley,normal,BFGS,35,2000-12-10,2010-12-07,16.524965102710468,5.7997966110186505,16.5264196559101,5.798594256083102,0.0037333333333663178,6.666666666812186e-4,TRUE,TRUE,TRUE
Death Valley,normal,BFGS,36,2001-06-10,2011-06-07,16.48187028556724,5.776872681861649,16.484894299554178,5.774439333290347,0.003900000000066939,6.999999999000769e-4,TRUE,TRUE,TRUE
Death Valley,normal,BFGS,37,2001-12-09,2011-12-06,16.48153241366392,5.7815553587577995,16.47558394947534,5.77697521928826,0.001033333333301319,6.333333332198284e-4,TRUE,TRUE,TRUE
Death Valley,normal,BFGS,38,2002-06-09,2012-06-05,16.48430887271957,5.760701533927132,16.48696281879294,5.759747167383753,0.003800000000046566,7.000000000213428e-4,TRUE,TRUE,TRUE
Death Valley,normal,BFGS,39,2002-12-08,2012-12-04,16.523887597715998,5.779292064021334,16.52671510883244,5.778556351993293,0.0038666666666055485,6.666666666812186e-4,TRUE,TRUE,TRUE
Death Valley,normal,BFGS,40,2003-06-08,2013-06-04,16.52071863257647,5.79826964137962,16.52316854550714,5.796758640134977,0.003800000000046566,6.666666666812186e-4,TRUE,TRUE,TRUE
Death Valley,normal,BFGS,41,2003-12-07,2013-12-03,16.512439361476066,5.778119195351329,16.51577965267652,5.777119225115249,0.00403333333330617,7.000000000213428e-4,TRUE,TRUE,TRUE
Death Valley,normal,BFGS,42,2004-06-06,2014-06-03,16.551610680540275,5.724822550505152,16.554643373669077,5.7242519413488795,0.004099999999986418,7.000000000213428e-4,TRUE,TRUE,TRUE
Death Valley,normal,BFGS,43,2004-12-05,2014-12-02,16.629597805368345,5.7230062697477475,16.633558337662663,5.723140773324705,0.0038666666667268148,6.000000000009701e-4,TRUE,TRUE,TRUE
Death Valley,normal,BFGS,44,2005-06-05,2015-06-02,16.698179515357477,5.665013200287502,16.702124192989775,5.6645576141533525,0.003966666666625921,7.000000000213428e-4,TRUE,TRUE,TRUE
Death Valley,normal,BFGS,45,2005-12-04,2015-12-01,16.723859664548417,5.698466326728823,16.726363279219765,5.696627886930098,0.0034666666666453238,6.000000000009701e-4,TRUE,TRUE,TRUE
Death Valley,normal,BFGS,46,2006-06-04,2016-05-31,16.739477459735237,5.6826971295819515,16.743210296398345,5.679750272896799,0.003966666666625921,7.000000000213428e-4,TRUE,TRUE,TRUE
Death Valley,normal,BFGS,47,2006-12-03,2016-11-29,16.765567450795402,5.673883328152286,16.769367100846058,5.67050785363225,0.003966666666625921,6.666666666812186e-4,TRUE,TRUE,TRUE
Death Valley,normal,BFGS,48,2007-06-03,2017-05-30,16.739046717833002,5.695845756890899,16.743062798308916,5.69337461272013,0.003800000000046566,6.666666665599526e-4,TRUE,TRUE,TRUE
Death Valley,normal,BFGS,49,2007-12-02,2017-11-28,16.79284167860262,5.717292472011879,16.795967003639483,5.714115906778817,0.004066666666646294,7.000000000213428e-4,TRUE,TRUE,TRUE
Death Valley,normal,BFGS,50,2008-06-01,2018-05-29,16.877965839919693,5.6362832664693645,16.87945299121937,5.634608736326965,0.0037999999999253,7.333333333614671e-4,TRUE,TRUE,TRUE
Death Valley,normal,BFGS,51,2008-11-30,2018-11-27,16.903661286718055,5.667953835664486,16.904436206076277,5.665544212025074,0.0034000000000863413,5.66666666660846e-4,TRUE,TRUE,TRUE
Death Valley,normal,BFGS,52,2009-05-31,2019-05-28,16.881983121744504,5.652032892215812,16.883895408304635,5.649662790487236,0.0038666666667268148,6.666666666812186e-4,TRUE,TRUE,TRUE
Death Valley,normal,BFGS,53,2009-11-29,2019-11-26,16.90169146910813,5.653825945569098,16.904584259589047,5.652202783717503,0.0032999999999447026,5.66666666660846e-4,TRUE,TRUE,TRUE
Death Valley,normal,BFGS,54,2010-05-30,2020-05-26,16.95311992138163,5.628406259399407,16.957340607657372,5.625591620440933,0.003933333333407063,6.666666666812186e-4,TRUE,TRUE,TRUE
Death Valley,normal,BFGS,55,2010-11-28,2020-11-24,17.00062028267956,5.633134390562114,17.004629374582596,5.629833451140251,0.0033666666666249513,6.000000000009701e-4,TRUE,TRUE,TRUE
Death Valley,normal,BFGS,56,2011-05-29,2021-05-25,17.05671720607954,5.579255269027589,17.05915767671142,5.576982137509822,0.0039999999999660455,7.000000000213428e-4,TRUE,TRUE,TRUE
Death Valley,normal,BFGS,57,2011-11-27,2021-11-23,17.128006045607766,5.612419456107378,17.13083165628446,5.610486545267719,0.003899999999945673,6.666666666812186e-4,TRUE,TRUE,TRUE
Death Valley,normal,BFGS,58,2012-05-27,2022-05-24,17.131619198562415,5.614087840099345,17.133049504578608,5.613462147061686,0.003633333333224679,6.000000000009701e-4,TRUE,TRUE,TRUE
Death Valley,normal,BFGS,59,2012-11-25,2022-11-22,17.160588765674106,5.668026810903463,17.162012564001152,5.66790544778355,0.0034666666666453238,6.333333333410943e-4,TRUE,TRUE,TRUE
Death Valley,normal,BFGS,60,2013-05-26,2023-05-23,17.11163464891907,5.706562818438533,17.111918398320288,5.707475336678844,0.003966666666625921,6.666666666812186e-4,TRUE,TRUE,TRUE
Death Valley,normal,BFGS,61,2013-11-24,2023-11-21,17.13226537322422,5.6949811076797205,17.132901698196623,5.695782647489287,0.003900000000066939,7.000000000213428e-4,TRUE,TRUE,TRUE
Death Valley,normal,BFGS,62,2014-05-25,2024-05-21,17.103989268696218,5.71339665808082,17.105562885743517,5.714204779426645,0.003766666666585176,6.666666666812186e-4,TRUE,TRUE,TRUE
Death Valley,normal,BFGS,63,2014-11-23,2024-11-19,17.132969734373212,5.75966803602161,17.134378549092922,5.76028067484177,0.0035333333333255725,6.000000000009701e-4,TRUE,TRUE,TRUE
Death Valley,normal,BFGS,64,2015-05-24,2025-05-20,17.13030771008399,5.758238995032776,17.134358803138785,5.759999543097814,0.0033333333332848268,2.3333333338086958e-4,TRUE,TRUE,TRUE
Death Valley,normal,BFGS,65,2015-11-22,2025-11-18,17.15824951599429,5.745741828093025,17.15891068663288,5.747493759575993,0.003966666666625921,6.666666666812186e-4,TRUE,TRUE,TRUE
Death Valley,normal,L-BFGS-B,1,1984-01-01,1993-12-28,16.07635261019178,5.793242561483596,16.076314442163014,5.795715937181475,0.0018333333333430345,2.666666665997279e-4,TRUE,TRUE,TRUE
Death Valley,normal,L-BFGS-B,2,1984-07-01,1994-06-28,16.0759130041719,5.798863266459398,16.07534950857883,5.800358396655298,0.0031333333333653473,5.666666667821119e-4,TRUE,TRUE,TRUE
Death Valley,normal,L-BFGS-B,3,1984-12-30,1994-12-27,16.09429679240171,5.75585686084028,16.092377196919742,5.756320028948305,0.00606666666668995,6.999999999000769e-4,TRUE,TRUE,TRUE
Death Valley,normal,L-BFGS-B,4,1985-06-30,1995-06-27,16.064908057239204,5.715458537266758,16.06357812985881,5.715672837626101,0.006033333333228559,7.000000000213428e-4,TRUE,TRUE,TRUE
Death Valley,normal,L-BFGS-B,5,1985-12-29,1995-12-26,16.155098056685436,5.689892114418491,16.153559828227685,5.68910219797837,0.0060000000000097016,7.999999999204495e-4,TRUE,TRUE,TRUE
Death Valley,normal,L-BFGS-B,6,1986-06-29,1996-06-25,16.145939277996657,5.690143794941199,16.153262676381797,5.690962652158958,0.0026999999999437327,2.6666666672099383e-4,TRUE,TRUE,TRUE
Death Valley,normal,L-BFGS-B,7,1986-12-28,1996-12-24,16.187008900608973,5.7339574670675795,16.186824691316318,5.7340322278809985,0.004033333333427436,6.999999999000769e-4,TRUE,TRUE,TRUE
Death Valley,normal,L-BFGS-B,8,1987-06-28,1997-06-24,16.217592822576286,5.719453275802963,16.217695790734762,5.720025106131452,0.005466666666688979,7.666666667015912e-4,TRUE,TRUE,TRUE
Death Valley,normal,L-BFGS-B,9,1987-12-27,1997-12-23,16.237807514344453,5.711891715176185,16.238207875255014,5.712993084902373,0.005066666666728755,9.000000000620882e-4,TRUE,TRUE,TRUE
Death Valley,normal,L-BFGS-B,10,1988-06-26,1998-06-23,16.18244257502529,5.699198981228136,16.18190207726028,5.702662527134386,0.005433333333348856,0.0010000000000824608,TRUE,TRUE,TRUE
Death Valley,normal,L-BFGS-B,11,1988-12-25,1998-12-22,16.16488105304018,5.698403242738973,16.165397292994466,5.702334824298789,0.0035333333333255725,4.999999999805975e-4,TRUE,TRUE,TRUE
Death Valley,normal,L-BFGS-B,12,1989-06-25,1999-06-22,16.142145509246852,5.64515144163085,16.143322192392297,5.648576544870497,0.00586666666677047,8.000000000417155e-4,TRUE,TRUE,TRUE
Death Valley,normal,L-BFGS-B,13,1989-12-24,1999-12-21,16.180137541646655,5.660762027953978,16.179731467874483,5.662889983704308,0.004000000000087311,7.000000000213428e-4,TRUE,TRUE,TRUE
Death Valley,normal,L-BFGS-B,14,1990-06-24,2000-06-20,16.196622535353686,5.6599977032813245,16.19583959495447,5.661128537059765,0.0035333333334468383,7.666666667015912e-4,TRUE,TRUE,TRUE
Death Valley,normal,L-BFGS-B,15,1990-12-23,2000-12-19,16.19996381877103,5.651410625539933,16.199682288062537,5.653051224972122,0.004966666666708382,9.333333332809464e-4,TRUE,TRUE,TRUE
Death Valley,normal,L-BFGS-B,16,1991-06-23,2001-06-19,16.23379631342596,5.68466502627655,16.233670585847744,5.685728996515335,0.003966666666625921,7.000000000213428e-4,TRUE,TRUE,TRUE
Death Valley,normal,L-BFGS-B,17,1991-12-22,2001-12-18,16.267682150655908,5.70262516516041,16.267068505060287,5.703141865804822,0.0039999999999660455,7.000000000213428e-4,TRUE,TRUE,TRUE
Death Valley,normal,L-BFGS-B,18,1992-06-21,2002-06-18,16.28328323660496,5.672785863289498,16.28332495736704,5.6723561604228,0.00583333333330908,7.000000000213428e-4,TRUE,TRUE,TRUE
Death Valley,normal,L-BFGS-B,19,1992-12-20,2002-12-17,16.327242388870935,5.639070439939567,16.326345076027497,5.638383454156064,0.005899999999989329,7.000000000213428e-4,TRUE,TRUE,TRUE
Death Valley,normal,L-BFGS-B,20,1993-06-20,2003-06-17,16.384758167764193,5.584724096449431,16.383078663224058,5.585520397333087,0.005866666666649204,7.000000000213428e-4,TRUE,TRUE,TRUE
Death Valley,normal,L-BFGS-B,21,1993-12-19,2003-12-16,16.453566070483163,5.647362977887203,16.451492112568992,5.648313083738684,0.003966666666625921,7.000000000213428e-4,TRUE,TRUE,TRUE
Death Valley,normal,L-BFGS-B,22,1994-06-19,2004-06-15,16.453687737111306,5.658122922420058,16.45119380806495,5.659718921335701,0.003100000000025223,5.66666666660846e-4,TRUE,TRUE,TRUE
Death Valley,normal,L-BFGS-B,23,1994-12-18,2004-12-14,16.46679178481661,5.635120167063833,16.462579483273444,5.6362209071087435,0.005899999999989329,7.000000000213428e-4,TRUE,TRUE,TRUE
Death Valley,normal,L-BFGS-B,24,1995-06-18,2005-06-14,16.488858602825193,5.633634157752457,16.485048743380776,5.63473382972554,0.0035666666666656966,6.666666666812186e-4,TRUE,TRUE,TRUE
Death Valley,normal,L-BFGS-B,25,1995-12-17,2005-12-13,16.474626507238156,5.66880694036253,16.47233283958374,5.669910443131988,0.00403333333330617,7.000000000213428e-4,TRUE,TRUE,TRUE
Death Valley,normal,L-BFGS-B,26,1996-06-16,2006-06-13,16.440589943431874,5.688753134823122,16.43760522063755,5.689485387427417,0.004000000000087311,6.999999999000769e-4,TRUE,TRUE,TRUE
Death Valley,normal,L-BFGS-B,27,1996-12-15,2006-12-12,16.473396898560924,5.682703053460093,16.470678668737303,5.683131288854925,0.005066666666607489,9.99999999961195e-4,TRUE,TRUE,TRUE
Death Valley,normal,L-BFGS-B,28,1997-06-15,2007-06-12,16.473058206949688,5.671050534668899,16.45991162088734,5.671022415971138,0.0031333333332440815,7.000000000213428e-4,TRUE,TRUE,TRUE
Death Valley,normal,L-BFGS-B,29,1997-12-14,2007-12-11,16.499136832843284,5.676529232811725,16.497602276754126,5.67650072636987,0.00406666666676756,6.333333333410943e-4,TRUE,TRUE,TRUE
Death Valley,normal,L-BFGS-B,30,1998-06-14,2008-06-10,16.540056060141122,5.677934010832013,16.540754257671892,5.675282927977187,0.0035666666666656966,5.66666666660846e-4,TRUE,TRUE,TRUE
Death Valley,normal,L-BFGS-B,31,1998-12-13,2008-12-09,16.592897498595324,5.670275233504598,16.592995533839645,5.667129694094272,0.005033333333388631,9.666666667423366e-4,TRUE,TRUE,TRUE
Death Valley,normal,L-BFGS-B,32,1999-06-13,2009-06-09,16.59296617242864,5.719779066083943,16.593020685358013,5.716606978135126,0.0022333333333032592,4.000000000814907e-4,TRUE,TRUE,TRUE
Death Valley,normal,L-BFGS-B,33,1999-12-12,2009-12-08,16.59285508174989,5.7454914540554265,16.592935323923918,5.743129165377373,0.0026666666667248744,4.666666666404732e-4,TRUE,TRUE,TRUE
Death Valley,normal,L-BFGS-B,34,2000-06-11,2010-06-08,16.509578355466257,5.790915192716973,16.5103150491094,5.789166671297673,0.004000000000087311,6.999999999000769e-4,TRUE,TRUE,TRUE
Death Valley,normal,L-BFGS-B,35,2000-12-10,2010-12-07,16.52496508796064,5.799796593292993,16.52641963993605,5.798594236182605,0.00403333333330617,7.33333333240201e-4,TRUE,TRUE,TRUE
Death Valley,normal,L-BFGS-B,36,2001-06-10,2011-06-07,16.481866878100046,5.7768706203510245,16.484810486363973,5.774411831492148,0.005533333333369228,7.666666665803253e-4,TRUE,TRUE,TRUE
Death Valley,normal,L-BFGS-B,37,2001-12-09,2011-12-06,16.481563919485456,5.781075039142714,16.475583954346263,5.776975216077661,0.0013666666667025613,7.000000000213428e-4,TRUE,TRUE,TRUE
Death Valley,normal,L-BFGS-B,38,2002-06-09,2012-06-05,16.481860532507884,5.76057144460871,16.486963081558383,5.759744906437583,0.004066666666646294,7.000000000213428e-4,TRUE,TRUE,TRUE
Death Valley,normal,L-BFGS-B,39,2002-12-08,2012-12-04,16.523887234589054,5.779291841900198,16.526714823267856,5.778556164837061,0.004000000000087311,7.333333333614671e-4,TRUE,TRUE,TRUE
Death Valley,normal,L-BFGS-B,40,2003-06-08,2013-06-04,16.52071886941038,5.798269112308817,16.523168652998397,5.796758165514952,0.0035333333333255725,0.0012666666666821887,TRUE,TRUE,TRUE
Death Valley,normal,L-BFGS-B,41,2003-12-07,2013-12-03,16.520289438602543,5.7778134368269045,16.51577898684131,5.777122125300663,0.0035333333333255725,7.000000000213428e-4,TRUE,TRUE,TRUE
Death Valley,normal,L-BFGS-B,42,2004-06-06,2014-06-03,16.55184839647248,5.724726631430551,16.554647265328008,5.724253138621045,0.005866666666649204,7.000000000213428e-4,TRUE,TRUE,TRUE
Death Valley,normal,L-BFGS-B,43,2004-12-05,2014-12-02,16.62959782268583,5.723005910132862,16.633568453806284,5.723135700689144,0.003100000000025223,5.66666666660846e-4,TRUE,TRUE,TRUE
Death Valley,normal,L-BFGS-B,44,2005-06-05,2015-06-02,16.698344385221812,5.664974804504399,16.702127942432167,5.664554886705558,0.005899999999989329,7.000000000213428e-4,TRUE,TRUE,TRUE
Death Valley,normal,L-BFGS-B,45,2005-12-04,2015-12-01,16.723859980847628,5.698466766009969,16.726363558563644,5.696628504765976,0.004033333333427436,7.000000000213428e-4,TRUE,TRUE,TRUE
Death Valley,normal,L-BFGS-B,46,2006-06-04,2016-05-31,16.73959486596585,5.682652433334342,16.743213910309485,5.679748424351793,0.005933333333329452,7.000000000213428e-4,TRUE,TRUE,TRUE
Death Valley,normal,L-BFGS-B,47,2006-12-03,2016-11-29,16.765642673940313,5.673917976879617,16.769467447951907,5.6704811334712355,0.005533333333369228,0.0010000000000824608,TRUE,TRUE,TRUE
Death Valley,normal,L-BFGS-B,48,2007-06-03,2017-05-30,16.739046659076173,5.695845622248084,16.743062718849092,5.693374468067497,0.004133333333326542,7.000000000213428e-4,TRUE,TRUE,TRUE
Death Valley,normal,L-BFGS-B,49,2007-12-02,2017-11-28,16.792840936907186,5.7172920501192745,16.795966287960862,5.714115508839386,0.004099999999986418,7.333333333614671e-4,TRUE,TRUE,TRUE
Death Valley,normal,L-BFGS-B,50,2008-06-01,2018-05-29,16.878121296928008,5.636253230152733,16.87945910705857,5.634606113758254,0.005966666666669577,7.000000000213428e-4,TRUE,TRUE,TRUE
Death Valley,normal,L-BFGS-B,51,2008-11-30,2018-11-27,16.903661470072326,5.667956502705153,16.904436375109324,5.665547197507909,0.004099999999986418,7.333333333614671e-4,TRUE,TRUE,TRUE
Death Valley,normal,L-BFGS-B,52,2009-05-31,2019-05-28,16.881917585856634,5.6520180394048785,16.883835217738692,5.649613680681975,0.0060000000000097016,6.999999999000769e-4,TRUE,TRUE,TRUE
Death Valley,normal,L-BFGS-B,53,2009-11-29,2019-11-26,16.901800173114623,5.653732808704329,16.904584169112447,5.652204192878587,0.004066666666646294,6.333333333410943e-4,TRUE,TRUE,TRUE
Death Valley,normal,L-BFGS-B,54,2010-05-30,2020-05-26,16.953159448619086,5.628407123340661,16.957506487705736,5.625529691038851,0.0060000000000097016,7.999999999204495e-4,TRUE,TRUE,TRUE
Death Valley,normal,L-BFGS-B,55,2010-11-28,2020-11-24,17.000619571964567,5.633136288603352,17.004628957567927,5.629835507177924,0.0036000000000058208,6.333333333410943e-4,TRUE,TRUE,TRUE
Death Valley,normal,L-BFGS-B,56,2011-05-29,2021-05-25,17.05695303968666,5.579187845922674,17.05916022598829,5.576970321441876,0.006033333333228559,7.000000000213428e-4,TRUE,TRUE,TRUE
Death Valley,normal,L-BFGS-B,57,2011-11-27,2021-11-23,17.128005166672846,5.612418329694093,17.13083077049242,5.6104853972236155,0.00406666666676756,7.000000000213428e-4,TRUE,TRUE,TRUE
Death Valley,normal,L-BFGS-B,58,2012-05-27,2022-05-24,17.128102207923476,5.615243782796583,17.13159771988912,5.613526529301361,0.0014000000000426857,5.333333333207217e-4,TRUE,TRUE,TRUE
Death Valley,normal,L-BFGS-B,59,2012-11-25,2022-11-22,17.16058970169448,5.668020493388497,17.16201412355026,5.667892555032035,0.004099999999986418,7.000000000213428e-4,TRUE,TRUE,TRUE
Death Valley,normal,L-BFGS-B,60,2013-05-26,2023-05-23,17.111634364782795,5.706562275202255,17.11191808429442,5.707474760907388,0.004133333333326542,7.000000000213428e-4,TRUE,TRUE,TRUE
Death Valley,normal,L-BFGS-B,61,2013-11-24,2023-11-21,17.132337900718515,5.6949449439343685,17.132938750925494,5.6957711012856835,0.005733333333288708,7.666666667015912e-4,TRUE,TRUE,TRUE
Death Valley,normal,L-BFGS-B,62,2014-05-25,2024-05-21,17.103989299944438,5.713396545730693,17.10556290399817,5.714204674906203,0.004066666666646294,7.000000000213428e-4,TRUE,TRUE,TRUE
Death Valley,normal,L-BFGS-B,63,2014-11-23,2024-11-19,17.132970310675454,5.759667336228729,17.13437912773179,5.760280210611974,0.00403333333330617,7.000000000213428e-4,TRUE,TRUE,TRUE
Death Valley,normal,L-BFGS-B,64,2015-05-24,2025-05-20,17.132932240985994,5.758315078112734,17.134326154940876,5.759526781552932,0.0018333333333430345,2.3333333325960363e-4,TRUE,TRUE,TRUE
Death Valley,normal,L-BFGS-B,65,2015-11-22,2025-11-18,17.1582544018493,5.745739537324554,17.158988330709967,5.74746419410798,0.005533333333369228,7.999999999204495e-4,TRUE,TRUE,TRUE
Death Valley,logistic,BFGS,1,1984-01-01,1993-12-28,16.266173322173568,6.3493286840179914,16.26380455868813,6.349062540207709,0.0044666666666065185,6.333333333410943e-4,TRUE,TRUE,TRUE
Death Valley,logistic,BFGS,2,1984-07-01,1994-06-28,16.269748961131167,6.353197647881046,16.268335970055237,6.35243257452401,0.004300000000027163,5.66666666660846e-4,TRUE,TRUE,TRUE
Death Valley,logistic,BFGS,3,1984-12-30,1994-12-27,16.288698228710746,6.31258412004173,16.28687675956764,6.310865294361729,0.004366666666707412,5.66666666660846e-4,TRUE,TRUE,TRUE
Death Valley,logistic,BFGS,4,1985-06-30,1995-06-27,16.24068088705722,6.266096154233559,16.23971177407384,6.263964288807657,0.004166666666666667,5.333333333207217e-4,TRUE,TRUE,TRUE
Death Valley,logistic,BFGS,5,1985-12-29,1995-12-26,16.33789650157967,6.230507094047709,16.336925140803956,6.227333572647202,0.0042666666666870395,5.66666666660846e-4,TRUE,TRUE,TRUE
Death Valley,logistic,BFGS,6,1986-06-29,1996-06-25,16.325869624956148,6.230904820590639,16.325247784170603,6.228529525696676,0.003666666666686069,5.66666666660846e-4,TRUE,TRUE,TRUE
Death Valley,logistic,BFGS,7,1986-12-28,1996-12-24,16.369548573363385,6.282045742326878,16.36962329571226,6.280333059044095,0.004466666666727784,6.333333333410943e-4,TRUE,TRUE,TRUE
Death Valley,logistic,BFGS,8,1987-06-28,1997-06-24,16.400821493208365,6.263049328781049,16.401316208016205,6.262007164382683,0.004066666666646294,5.333333333207217e-4,TRUE,TRUE,TRUE
Death Valley,logistic,BFGS,9,1987-12-27,1997-12-23,16.412601437512205,6.260115194060872,16.41349314656294,6.259839248136922,0.003633333333345945,4.999999999805975e-4,TRUE,TRUE,TRUE
Death Valley,logistic,BFGS,10,1988-06-26,1998-06-23,16.33839965096057,6.257286849094846,16.338640583381174,6.259966309232153,0.0043666666665861465,5.66666666660846e-4,TRUE,TRUE,TRUE
Death Valley,logistic,BFGS,11,1988-12-25,1998-12-22,16.307605423633333,6.2562764493751795,16.309123399869115,6.259728128933262,0.004299999999905897,5.66666666660846e-4,TRUE,TRUE,TRUE
Death Valley,logistic,BFGS,12,1989-06-25,1999-06-22,16.244126659341482,6.209301273548899,16.246493946220532,6.211957021062743,0.004299999999905897,5.66666666660846e-4,TRUE,TRUE,TRUE
Death Valley,logistic,BFGS,13,1989-12-24,1999-12-21,16.293382781798773,6.22879798450667,16.29491370011972,6.230353519217098,0.004366666666707412,6.000000000009701e-4,TRUE,TRUE,TRUE
Death Valley,logistic,BFGS,14,1990-06-24,2000-06-20,16.29745772401673,6.237122833311434,16.298150829190813,6.237513626887085,0.004566666666626891,6.333333333410943e-4,TRUE,TRUE,TRUE
Death Valley,logistic,BFGS,15,1990-12-23,2000-12-19,16.29739953703729,6.234669553777514,16.29810572316546,6.236060679856819,0.0012000000000019402,2.0000000004074536e-4,TRUE,TRUE,TRUE
Death Valley,logistic,BFGS,16,1991-06-23,2001-06-19,16.347361892071547,6.277552325077281,16.348298231090254,6.277926375115898,0.0045333333334080335,6.333333333410943e-4,TRUE,TRUE,TRUE
Death Valley,logistic,BFGS,17,1991-12-22,2001-12-18,16.385441970344928,6.290997923493151,16.38596378188782,6.29103801854505,0.004233333333346915,6.000000000009701e-4,TRUE,TRUE,TRUE
Death Valley,logistic,BFGS,18,1992-06-21,2002-06-18,16.39188187299847,6.257939838140204,16.392975088572054,6.25695554548851,0.0044666666666065185,6.000000000009701e-4,TRUE,TRUE,TRUE
Death Valley,logistic,BFGS,19,1992-12-20,2002-12-17,16.420024791096868,6.222435460862653,16.420023256243244,6.221130807848867,0.004233333333346915,5.333333333207217e-4,TRUE,TRUE,TRUE
Death Valley,logistic,BFGS,20,1993-06-20,2003-06-17,16.449077008914102,6.174623502947783,16.448928659966363,6.174479137704028,0.004233333333346915,5.66666666660846e-4,TRUE,TRUE,TRUE
Death Valley,logistic,BFGS,21,1993-12-19,2003-12-16,16.517757952499185,6.248126118807532,16.51635144208013,6.248321925544512,0.0044666666666065185,6.333333333410943e-4,TRUE,TRUE,TRUE
Death Valley,logistic,BFGS,22,1994-06-19,2004-06-15,16.528548617620874,6.25790454423404,16.525523385445,6.259051308745756,0.004466666666727784,6.000000000009701e-4,TRUE,TRUE,TRUE
Death Valley,logistic,BFGS,23,1994-12-18,2004-12-14,16.543023295769583,6.233227111637591,16.53935848473899,6.233635548462362,0.004133333333326542,5.66666666660846e-4,TRUE,TRUE,TRUE
Death Valley,logistic,BFGS,24,1995-06-18,2005-06-14,16.56605787814928,6.237943042488198,16.56260995023317,6.238136399392373,0.0039999999999660455,4.999999999805975e-4,TRUE,TRUE,TRUE
Death Valley,logistic,BFGS,25,1995-12-17,2005-12-13,16.539396538647,6.275753188382633,16.53754758792391,6.275889744155304,0.0045333333334080335,6.333333332198284e-4,TRUE,TRUE,TRUE
Death Valley,logistic,BFGS,26,1996-06-16,2006-06-13,16.495050190262916,6.305951173523996,16.49256522327839,6.305438774803271,0.004433333333266395,6.000000000009701e-4,TRUE,TRUE,TRUE
Death Valley,logistic,BFGS,27,1996-12-15,2006-12-12,16.52548980947137,6.290912517485035,16.523249489289434,6.2899988257425745,0.0038666666666055485,5.333333333207217e-4,TRUE,TRUE,TRUE
Death Valley,logistic,BFGS,28,1997-06-15,2007-06-12,16.513672429816527,6.274619980169412,16.51191800403575,6.272706351336373,0.004099999999986418,5.66666666660846e-4,TRUE,TRUE,TRUE
Death Valley,logistic,BFGS,29,1997-12-14,2007-12-11,16.540751455189124,6.27324386238306,16.54014901555729,6.271493207927583,0.003766666666706442,5.333333333207217e-4,TRUE,TRUE,TRUE
Death Valley,logistic,BFGS,30,1998-06-14,2008-06-10,16.600682560438855,6.265375061979408,16.60153084838411,6.260944245264128,0.00403333333330617,5.333333333207217e-4,TRUE,TRUE,TRUE
Death Valley,logistic,BFGS,31,1998-12-13,2008-12-09,16.669659524726804,6.258364487027829,16.66965303156269,6.25308919883659,0.004433333333266395,5.333333333207217e-4,TRUE,TRUE,TRUE
Death Valley,logistic,BFGS,32,1999-06-13,2009-06-09,16.69431973330667,6.309153439644111,16.693286596265864,6.303825671275885,0.0042666666666870395,6.000000000009701e-4,TRUE,TRUE,TRUE
Death Valley,logistic,BFGS,33,1999-12-12,2009-12-08,16.681397957196662,6.338928353494298,16.6808589092296,6.334415714599958,0.004766666666667637,5.66666666660846e-4,TRUE,TRUE,TRUE
Death Valley,logistic,BFGS,34,2000-06-11,2010-06-08,16.589484680912292,6.38776453988205,16.58949227828699,6.383797103228115,0.0043666666665861465,6.000000000009701e-4,TRUE,TRUE,TRUE
Death Valley,logistic,BFGS,35,2000-12-10,2010-12-07,16.615704279459646,6.393712507211828,16.616246806386147,6.390385819345211,0.004200000000006791,6.000000000009701e-4,TRUE,TRUE,TRUE
Death Valley,logistic,BFGS,36,2001-06-10,2011-06-07,16.556783155160684,6.362117581369158,16.558992059737935,6.357318379520848,0.004133333333326542,5.333333333207217e-4,TRUE,TRUE,TRUE
Death Valley,logistic,BFGS,37,2001-12-09,2011-12-06,16.541861952624377,6.370558979289486,16.544415481758673,6.366538524984255,0.004366666666707412,6.000000000009701e-4,TRUE,TRUE,TRUE
Death Valley,logistic,BFGS,38,2002-06-09,2012-06-05,16.546161848249685,6.3533413102318015,16.54832908434992,6.350204503718171,0.0043666666665861465,5.66666666660846e-4,TRUE,TRUE,TRUE
Death Valley,logistic,BFGS,39,2002-12-08,2012-12-04,16.592158521692003,6.374498574550421,16.594438666517636,6.371630870689012,0.004333333333367288,6.333333333410943e-4,TRUE,TRUE,TRUE
Death Valley,logistic,BFGS,40,2003-06-08,2013-06-04,16.61238877125894,6.390580457002056,16.613852759989687,6.386869234320814,0.004333333333367288,6.000000000009701e-4,TRUE,TRUE,TRUE
Death Valley,logistic,BFGS,41,2003-12-07,2013-12-03,16.594948503554374,6.359683091269002,16.597372846169392,6.356603285778032,0.004200000000006791,5.66666666660846e-4,TRUE,TRUE,TRUE
Death Valley,logistic,BFGS,42,2004-06-06,2014-06-03,16.6199251268237,6.29378928773211,16.622025177994573,6.290762034565895,0.004600000000088282,6.000000000009701e-4,TRUE,TRUE,TRUE
Death Valley,logistic,BFGS,43,2004-12-05,2014-12-02,16.707597473146315,6.286933874137539,16.710624003551924,6.284992786880153,0.004699999999987389,6.000000000009701e-4,TRUE,TRUE,TRUE
Death Valley,logistic,BFGS,44,2005-06-05,2015-06-02,16.784235208115817,6.210201518532645,16.787041150014147,6.2080474983551905,0.004266666666565774,5.66666666660846e-4,TRUE,TRUE,TRUE
Death Valley,logistic,BFGS,45,2005-12-04,2015-12-01,16.8240039348666,6.26311060700925,16.825247672107594,6.259370486969594,0.004533333333286768,6.333333333410943e-4,TRUE,TRUE,TRUE
Death Valley,logistic,BFGS,46,2006-06-04,2016-05-31,16.852424666127725,6.22600994868208,16.854550976904303,6.221545767157332,0.004300000000027163,5.66666666660846e-4,TRUE,TRUE,TRUE
Death Valley,logistic,BFGS,47,2006-12-03,2016-11-29,16.896110415101447,6.217657313339205,16.898302067387416,6.2127400267309385,0.003933333333407063,5.333333333207217e-4,TRUE,TRUE,TRUE
Death Valley,logistic,BFGS,48,2007-06-03,2017-05-30,16.871461756297318,6.239513086052255,16.873850310232726,6.236189997125221,0.004433333333387661,6.000000000009701e-4,TRUE,TRUE,TRUE
Death Valley,logistic,BFGS,49,2007-12-02,2017-11-28,16.92902256054306,6.260705811277818,16.9304514284348,6.256602532586309,0.0044666666666065185,5.66666666660846e-4,TRUE,TRUE,TRUE
Death Valley,logistic,BFGS,50,2008-06-01,2018-05-29,17.001230720998823,6.17650097791751,17.00103534500602,6.17443284894254,0.004599999999967016,5.66666666660846e-4,TRUE,TRUE,TRUE
Death Valley,logistic,BFGS,51,2008-11-30,2018-11-27,17.01758301808204,6.208825507689108,17.01705105423921,6.20638255892909,0.004699999999987389,6.333333333410943e-4,TRUE,TRUE,TRUE
Death Valley,logistic,BFGS,52,2009-05-31,2019-05-28,16.98346192176316,6.194435359827786,16.984973401158594,6.1916105768760445,0.00403333333330617,5.333333333207217e-4,TRUE,TRUE,TRUE
Death Valley,logistic,BFGS,53,2009-11-29,2019-11-26,17.008443925557398,6.1946780008430125,17.01052435638966,6.192779422640155,0.004466666666727784,6.000000000009701e-4,TRUE,TRUE,TRUE
Death Valley,logistic,BFGS,54,2010-05-30,2020-05-26,17.063711525906808,6.170908024089289,17.067030154710782,6.167975714701215,0.00403333333330617,5.333333333207217e-4,TRUE,TRUE,TRUE
Death Valley,logistic,BFGS,55,2010-11-28,2020-11-24,17.11526475964017,6.176365034812704,17.118555586498438,6.173024280104222,0.00403333333330617,5.66666666660846e-4,TRUE,TRUE,TRUE
Death Valley,logistic,BFGS,56,2011-05-29,2021-05-25,17.163299754353638,6.121056861659207,17.165100819743074,6.119167275053447,0.0042666666666870395,5.66666666660846e-4,TRUE,TRUE,TRUE
Death Valley,logistic,BFGS,57,2011-11-27,2021-11-23,17.22706197332367,6.150348804039743,17.22887710310782,6.148530629355867,0.004466666666727784,5.66666666660846e-4,TRUE,TRUE,TRUE
Death Valley,logistic,BFGS,58,2012-05-27,2022-05-24,17.238410341187688,6.140521619062263,17.23896394993482,6.140478601434413,0.004099999999986418,5.66666666660846e-4,TRUE,TRUE,TRUE
Death Valley,logistic,BFGS,59,2012-11-25,2022-11-22,17.259194085336343,6.205810305924458,17.260083363057394,6.206482671315757,0.004433333333387661,6.000000000009701e-4,TRUE,TRUE,TRUE
Death Valley,logistic,BFGS,60,2013-05-26,2023-05-23,17.201150601100846,6.265291710680115,17.201018710508812,6.266952572911932,0.0044666666666065185,6.333333333410943e-4,TRUE,TRUE,TRUE
Death Valley,logistic,BFGS,61,2013-11-24,2023-11-21,17.23465340129623,6.250844449631408,17.235301010823562,6.252444184118046,0.003933333333285797,5.333333333207217e-4,TRUE,TRUE,TRUE
Death Valley,logistic,BFGS,62,2014-05-25,2024-05-21,17.198619334888,6.283476308105545,17.200625847562215,6.284841159927038,0.004566666666748157,6.000000000009701e-4,TRUE,TRUE,TRUE
Death Valley,logistic,BFGS,63,2014-11-23,2024-11-19,17.217744679507117,6.339047022334002,17.219301666565997,6.3398239357363995,0.0043666666665861465,6.000000000009701e-4,TRUE,TRUE,TRUE
Death Valley,logistic,BFGS,64,2015-05-24,2025-05-20,17.20652483732736,6.349042596734459,17.20838073283677,6.350559275995966,0.004233333333346915,6.000000000009701e-4,TRUE,TRUE,TRUE
Death Valley,logistic,BFGS,65,2015-11-22,2025-11-18,17.243228050474084,6.330827686859261,17.244007549393125,6.33263164626863,0.003900000000066939,5.333333333207217e-4,TRUE,TRUE,TRUE
Death Valley,logistic,L-BFGS-B,1,1984-01-01,1993-12-28,16.26616655265759,6.349299793737412,16.26383166964151,6.349000318769539,0.005166666666627862,7.000000000213428e-4,TRUE,TRUE,TRUE
Death Valley,logistic,L-BFGS-B,2,1984-07-01,1994-06-28,16.26658384842736,6.353099178616699,16.264373879296738,6.3521389942320825,0.003066666666685099,4.3333333342161496e-4,TRUE,TRUE,TRUE
Death Valley,logistic,L-BFGS-B,3,1984-12-30,1994-12-27,16.288789160109072,6.3126126135437755,16.286876728284213,6.310867090923333,0.006999999999970896,6.333333333410943e-4,TRUE,TRUE,TRUE
Death Valley,logistic,L-BFGS-B,4,1985-06-30,1995-06-27,16.240656846745857,6.266091826795274,16.239710633918985,6.263964020050611,0.007533333333291618,6.333333333410943e-4,TRUE,TRUE,TRUE
Death Valley,logistic,L-BFGS-B,5,1985-12-29,1995-12-26,16.337878868781203,6.230506249485968,16.33704131436098,6.227255033381991,0.00703333333331102,6.666666666812186e-4,TRUE,TRUE,TRUE
Death Valley,logistic,L-BFGS-B,6,1986-06-29,1996-06-25,16.32586961811998,6.230906879788304,16.325245916335312,6.228544141503181,0.003100000000025223,4.999999999805975e-4,TRUE,TRUE,TRUE
Death Valley,logistic,L-BFGS-B,7,1986-12-28,1996-12-24,16.36955008605403,6.2820437263593485,16.369624866378587,6.280331037891897,0.0046333333334284054,6.333333333410943e-4,TRUE,TRUE,TRUE
Death Valley,logistic,L-BFGS-B,8,1987-06-28,1997-06-24,16.400811375405212,6.263055981609948,16.401413958112947,6.261963592354278,0.006133333333370198,8.333333332605738e-4,TRUE,TRUE,TRUE
Death Valley,logistic,L-BFGS-B,9,1987-12-27,1997-12-23,16.412601108758434,6.26011673293092,16.41348425697647,6.259897352020265,0.004099999999986418,5.333333333207217e-4,TRUE,TRUE,TRUE
Death Valley,logistic,L-BFGS-B,10,1988-06-26,1998-06-23,16.338402050203612,6.257287634121742,16.338639347191883,6.259967404460818,0.004666666666647264,4.666666666404732e-4,TRUE,TRUE,TRUE
Death Valley,logistic,L-BFGS-B,11,1988-12-25,1998-12-22,16.307604737857734,6.256272584134663,16.309123129077346,6.259728204176964,0.003666666666564803,4.3333333342161496e-4,TRUE,TRUE,TRUE
Death Valley,logistic,L-BFGS-B,12,1989-06-25,1999-06-22,16.244106428236528,6.209296179019105,16.246481468867362,6.21195498848327,0.007566666666753008,7.000000000213428e-4,TRUE,TRUE,TRUE
Death Valley,logistic,L-BFGS-B,13,1989-12-24,1999-12-21,16.293382505488378,6.228797676755591,16.29491342155856,6.230353237070815,0.0046333333334284054,6.333333333410943e-4,TRUE,TRUE,TRUE
Death Valley,logistic,L-BFGS-B,14,1990-06-24,2000-06-20,16.29745777387171,6.237122009746258,16.29611505814253,6.237585258256072,0.009299999999954404,4.999999999805975e-4,TRUE,TRUE,TRUE
Death Valley,logistic,L-BFGS-B,15,1990-12-23,2000-12-19,16.29742840438455,6.235884385826319,16.296123731475532,6.236821252533965,0.001599999999962165,2.3333333338086958e-4,TRUE,TRUE,TRUE
Death Valley,logistic,L-BFGS-B,16,1991-06-23,2001-06-19,16.347362873139755,6.277551295108235,16.348299081415995,6.2779253854970465,0.00463333333330714,6.333333333410943e-4,TRUE,TRUE,TRUE
Death Valley,logistic,L-BFGS-B,17,1991-12-22,2001-12-18,16.38544183095452,6.2909977827248795,16.385963644744233,6.291037889115985,0.0046333333334284054,6.666666666812186e-4,TRUE,TRUE,TRUE
Death Valley,logistic,L-BFGS-B,18,1992-06-21,2002-06-18,16.391733670230273,6.25841281440893,16.392936934858433,6.257147351402994,0.00586666666677047,5.66666666660846e-4,TRUE,TRUE,TRUE
Death Valley,logistic,L-BFGS-B,19,1992-12-20,2002-12-17,16.420247347065633,6.222536498870456,16.420020766265733,6.221134083453821,0.00703333333331102,5.66666666660846e-4,TRUE,TRUE,TRUE
Death Valley,logistic,L-BFGS-B,20,1993-06-20,2003-06-17,16.449254718239036,6.174692438370913,16.44892937036791,6.174478275041755,0.00703333333331102,6.333333333410943e-4,TRUE,TRUE,TRUE
Death Valley,logistic,L-BFGS-B,21,1993-12-19,2003-12-16,16.51776291020399,6.24812238122996,16.516356390910712,6.24831806198281,0.00463333333330714,6.333333333410943e-4,TRUE,TRUE,TRUE
Death Valley,logistic,L-BFGS-B,22,1994-06-19,2004-06-15,16.52854862722086,6.257904489866413,16.525523387698197,6.25905120120753,0.004600000000088282,6.333333333410943e-4,TRUE,TRUE,TRUE
Death Valley,logistic,L-BFGS-B,23,1994-12-18,2004-12-14,16.543113278795644,6.233262752263916,16.53935880054858,6.233634000277666,0.006966666666752038,6.666666666812186e-4,TRUE,TRUE,TRUE
Death Valley,logistic,L-BFGS-B,24,1995-06-18,2005-06-14,16.56605781019248,6.237943026732265,16.562610083087744,6.238136993902615,0.004133333333326542,6.000000000009701e-4,TRUE,TRUE,TRUE
Death Valley,logistic,L-BFGS-B,25,1995-12-17,2005-12-13,16.539396005795577,6.275751387364343,16.537547099538845,6.27588773805411,0.00463333333330714,6.333333333410943e-4,TRUE,TRUE,TRUE
Death Valley,logistic,L-BFGS-B,26,1996-06-16,2006-06-13,16.49505001472763,6.305950684808669,16.492565096270155,6.305438302776801,0.00463333333330714,6.666666665599526e-4,TRUE,TRUE,TRUE
Death Valley,logistic,L-BFGS-B,27,1996-12-15,2006-12-12,16.525614730937253,6.290843934191908,16.52343754291656,6.289926923516222,0.006133333333248932,8.999999999408222e-4,TRUE,TRUE,TRUE
Death Valley,logistic,L-BFGS-B,28,1997-06-15,2007-06-12,16.51358002716492,6.274579145567331,16.511918487113157,6.272707472211864,0.006700000000031044,6.999999999000769e-4,TRUE,TRUE,TRUE
Death Valley,logistic,L-BFGS-B,29,1997-12-14,2007-12-11,16.54073697267019,6.273280800395799,16.540138028494436,6.271519606455855,0.003100000000025223,4.33333333300349e-4,TRUE,TRUE,TRUE
Death Valley,logistic,L-BFGS-B,30,1998-06-14,2008-06-10,16.600665141026244,6.265374419569046,16.601595682308673,6.260931135849971,0.005400000000008731,8.333333332605738e-4,TRUE,TRUE,TRUE
Death Valley,logistic,L-BFGS-B,31,1998-12-13,2008-12-09,16.66966072342278,6.258367863924962,16.669824762494958,6.253033745235448,0.004300000000027163,7.666666667015912e-4,TRUE,TRUE,TRUE
Death Valley,logistic,L-BFGS-B,32,1999-06-13,2009-06-09,16.694319686997176,6.309155782608136,16.693286557977814,6.30382607979996,0.00463333333330714,6.333333333410943e-4,TRUE,TRUE,TRUE
Death Valley,logistic,L-BFGS-B,33,1999-12-12,2009-12-08,16.681398039934816,6.338925355648467,16.680858913775705,6.334416971881101,0.00463333333330714,6.333333333410943e-4,TRUE,TRUE,TRUE
Death Valley,logistic,L-BFGS-B,34,2000-06-11,2010-06-08,16.589485717236766,6.387761789373947,16.589493222157493,6.383794374465502,0.004566666666748157,6.666666666812186e-4,TRUE,TRUE,TRUE
Death Valley,logistic,L-BFGS-B,35,2000-12-10,2010-12-07,16.6157042298104,6.393712478273164,16.616246753456714,6.390385784699551,0.004599999999967016,6.333333333410943e-4,TRUE,TRUE,TRUE
Death Valley,logistic,L-BFGS-B,36,2001-06-10,2011-06-07,16.556523182195182,6.362203525485448,16.558841757234,6.357261096056435,0.00703333333331102,6.999999999000769e-4,TRUE,TRUE,TRUE
Death Valley,logistic,L-BFGS-B,37,2001-12-09,2011-12-06,16.541861948088705,6.370558956715132,16.544415473188636,6.366538497798176,0.004666666666647264,6.666666666812186e-4,TRUE,TRUE,TRUE
Death Valley,logistic,L-BFGS-B,38,2002-06-09,2012-06-05,16.54237598374855,6.352902396385487,16.548261604558423,6.350067121444427,0.004533333333286768,7.666666667015912e-4,TRUE,TRUE,TRUE
Death Valley,logistic,L-BFGS-B,39,2002-12-08,2012-12-04,16.592158276478727,6.374498213902496,16.594438493266114,6.3716305409001865,0.004666666666647264,6.666666666812186e-4,TRUE,TRUE,TRUE
Death Valley,logistic,L-BFGS-B,40,2003-06-08,2013-06-04,16.612388826171337,6.390580326184781,16.6138528064497,6.386869128080199,0.00463333333330714,6.666666666812186e-4,TRUE,TRUE,TRUE
Death Valley,logistic,L-BFGS-B,41,2003-12-07,2013-12-03,16.594867776896887,6.3597118405428645,16.597372689738723,6.356603402266704,0.006999999999970896,6.333333333410943e-4,TRUE,TRUE,TRUE
Death Valley,logistic,L-BFGS-B,42,2004-06-06,2014-06-03,16.620015546089636,6.293837444672773,16.622040064998775,6.290773491620867,0.007133333333331393,6.333333333410943e-4,TRUE,TRUE,TRUE
Death Valley,logistic,L-BFGS-B,43,2004-12-05,2014-12-02,16.707598545404984,6.286933718722808,16.71062310839341,6.284993452900494,0.00486666666668801,5.66666666660846e-4,TRUE,TRUE,TRUE
Death Valley,logistic,L-BFGS-B,44,2005-06-05,2015-06-02,16.78426495621879,6.210192655241151,16.787044425870132,6.208045675766635,0.007733333333332363,6.333333333410943e-4,TRUE,TRUE,TRUE
Death Valley,logistic,L-BFGS-B,45,2005-12-04,2015-12-01,16.824005495416706,6.263107803796273,16.825249069530436,6.259367833295525,0.004699999999987389,6.333333333410943e-4,TRUE,TRUE,TRUE
Death Valley,logistic,L-BFGS-B,46,2006-06-04,2016-05-31,16.852625199589426,6.226095260675787,16.854547523426042,6.221550711467141,0.0071000000001125345,6.000000000009701e-4,TRUE,TRUE,TRUE
Death Valley,logistic,L-BFGS-B,47,2006-12-03,2016-11-29,16.896030731086412,6.217615243544045,16.898503562831902,6.21262575714943,0.005700000000069849,8.333333333818397e-4,TRUE,TRUE,TRUE
Death Valley,logistic,L-BFGS-B,48,2007-06-03,2017-05-30,16.871461640931095,6.239512863884969,16.873850165091813,6.236189713820107,0.004766666666667637,6.333333333410943e-4,TRUE,TRUE,TRUE
Death Valley,logistic,L-BFGS-B,49,2007-12-02,2017-11-28,16.92902205132049,6.260705346848014,16.930450931421113,6.256602098597987,0.004766666666667637,6.333333333410943e-4,TRUE,TRUE,TRUE
Death Valley,logistic,L-BFGS-B,50,2008-06-01,2018-05-29,17.001252589238124,6.176495280869194,17.001035568461273,6.174428541991324,0.007733333333332363,5.66666666660846e-4,TRUE,TRUE,TRUE
Death Valley,logistic,L-BFGS-B,51,2008-11-30,2018-11-27,17.0175830410403,6.208823164624462,17.017051065909342,6.206380254150824,0.004800000000007761,6.333333333410943e-4,TRUE,TRUE,TRUE
Death Valley,logistic,L-BFGS-B,52,2009-05-31,2019-05-28,16.98319383666243,6.194304639007235,16.984804122269463,6.191552856874812,0.006233333333269305,8.999999999408222e-4,TRUE,TRUE,TRUE
Death Valley,logistic,L-BFGS-B,53,2009-11-29,2019-11-26,17.008443832951176,6.194677970232924,17.010550084169004,6.192739676309043,0.0031666666665842056,5.333333334419877e-4,TRUE,TRUE,TRUE
Death Valley,logistic,L-BFGS-B,54,2010-05-30,2020-05-26,17.06385228777702,6.170947693895391,17.06704798715109,6.167980233568696,0.00663333333322953,7.666666667015912e-4,TRUE,TRUE,TRUE
Death Valley,logistic,L-BFGS-B,55,2010-11-28,2020-11-24,17.115264096016794,6.176365788458128,17.118554980839168,6.17302513659646,0.0042666666666870395,5.66666666660846e-4,TRUE,TRUE,TRUE
Death Valley,logistic,L-BFGS-B,56,2011-05-29,2021-05-25,17.163318849530913,6.121051549068469,17.165101928594506,6.119166644791453,0.0077666666665512215,6.333333333410943e-4,TRUE,TRUE,TRUE
Death Valley,logistic,L-BFGS-B,57,2011-11-27,2021-11-23,17.227061595167193,6.150348126310019,17.228876723051336,6.148529948900125,0.004833333333347885,6.333333333410943e-4,TRUE,TRUE,TRUE
Death Valley,logistic,L-BFGS-B,58,2012-05-27,2022-05-24,17.238506116217035,6.140369159572804,17.239085881250556,6.140148916653233,0.005633333333268335,8.333333332605738e-4,TRUE,TRUE,TRUE
Death Valley,logistic,L-BFGS-B,59,2012-11-25,2022-11-22,17.25919407250485,6.205811855960947,17.260083348760446,6.206484211892372,0.004666666666647264,6.333333332198284e-4,TRUE,TRUE,TRUE
Death Valley,logistic,L-BFGS-B,60,2013-05-26,2023-05-23,17.201148326633767,6.26528957083782,17.201016344488753,6.266950375768948,0.004666666666647264,6.333333333410943e-4,TRUE,TRUE,TRUE
Death Valley,logistic,L-BFGS-B,61,2013-11-24,2023-11-21,17.23485185641719,6.250760865871091,17.235502345001702,6.25236591796903,0.006200000000050446,9.000000000620882e-4,TRUE,TRUE,TRUE
Death Valley,logistic,L-BFGS-B,62,2014-05-25,2024-05-21,17.198618963610752,6.283475739231977,17.200625477548204,6.2848405838968455,0.004699999999987389,6.666666666812186e-4,TRUE,TRUE,TRUE
Death Valley,logistic,L-BFGS-B,63,2014-11-23,2024-11-19,17.21774466914085,6.339048098122554,17.219301658329588,6.3398250090672335,0.004666666666647264,6.333333333410943e-4,TRUE,TRUE,TRUE
Death Valley,logistic,L-BFGS-B,64,2015-05-24,2025-05-20,17.20652482497567,6.349042539795184,17.20838071951549,6.350559205225608,0.004666666666647264,6.333333333410943e-4,TRUE,TRUE,TRUE
Death Valley,logistic,L-BFGS-B,65,2015-11-22,2025-11-18,17.243289547794415,6.3307954758219696,17.24415529315746,6.3325621891852775,0.006233333333390571,8.66666666721964e-4,TRUE,TRUE,TRUE
Melbourne,normal,BFGS,1,1984-01-01,1993-12-28,13.855712753479452,3.7738965408527267,13.851588835304232,3.7744034996032902,0.0010666666666414434,6.000000000009701e-4,TRUE,TRUE,TRUE
Melbourne,normal,BFGS,2,1984-07-01,1994-06-28,13.85585081361045,3.771437371740111,13.851756804993128,3.771722949084563,0.00383333333338669,7.000000000213428e-4,TRUE,TRUE,TRUE
Melbourne,normal,BFGS,3,1984-12-30,1994-12-27,13.860993450966236,3.780503345143919,13.857937459367845,3.7802968173266356,0.0034333333333051996,6.333333333410943e-4,TRUE,TRUE,TRUE
Melbourne,normal,BFGS,4,1985-06-30,1995-06-27,13.841398844349875,3.780385378319768,13.839265315685312,3.780210653648594,0.0038666666666055485,7.000000000213428e-4,TRUE,TRUE,TRUE
Melbourne,normal,BFGS,5,1985-12-29,1995-12-26,13.801648179052142,3.782055745885716,13.799431467216177,3.7818150484558832,0.003933333333285797,6.666666666812186e-4,TRUE,TRUE,TRUE
Melbourne,normal,BFGS,6,1986-06-29,1996-06-25,13.787426149328653,3.7679576228407936,13.785240580802629,3.768360639862655,0.003933333333285797,7.333333333614671e-4,TRUE,TRUE,TRUE
Melbourne,normal,BFGS,7,1986-12-28,1996-12-24,13.786701089259358,3.7657790060108964,13.784987206010289,3.7660190188724725,0.005366666666668607,6.666666666812186e-4,TRUE,TRUE,TRUE
Melbourne,normal,BFGS,8,1987-06-28,1997-06-24,13.832183916498051,3.816176845661053,13.831043090214985,3.81537431202538,0.0037333333333663178,6.333333333410943e-4,TRUE,TRUE,TRUE
Melbourne,normal,BFGS,9,1987-12-27,1997-12-23,13.843713209315109,3.811584723426884,13.84324863800856,3.8112536846025917,0.004066666666646294,7.000000000213428e-4,TRUE,TRUE,TRUE
Melbourne,normal,BFGS,10,1988-06-26,1998-06-23,13.812423381483327,3.799972323746958,13.811879994481556,3.801058740510721,0.004166666666666667,7.000000000213428e-4,TRUE,TRUE,TRUE
Melbourne,normal,BFGS,11,1988-12-25,1998-12-22,13.782496011289664,3.804551369124983,13.781755063835236,3.805657421613176,0.0038666666667268148,7.000000000213428e-4,TRUE,TRUE,TRUE
Melbourne,normal,BFGS,12,1989-06-25,1999-06-22,13.789190215748102,3.813028790273809,13.790096634397637,3.8157926072670145,0.0033999999999650755,6.000000000009701e-4,TRUE,TRUE,TRUE
Melbourne,normal,BFGS,13,1989-12-24,1999-12-21,13.84703250986169,3.773884092331028,13.846851385054393,3.777151505133715,0.0037999999999253,7.666666667015912e-4,TRUE,TRUE,TRUE
Melbourne,normal,BFGS,14,1990-06-24,2000-06-20,13.86092514611897,3.7956095178205773,13.860675872367047,3.7991775341891922,0.0038666666667268148,6.666666665599526e-4,TRUE,TRUE,TRUE
Melbourne,normal,BFGS,15,1990-12-23,2000-12-19,13.87982986093054,3.7780594519987702,13.8790989403069,3.78185203494783,0.004133333333326542,7.33333333240201e-4,TRUE,TRUE,TRUE
Melbourne,normal,BFGS,16,1991-06-23,2001-06-19,13.92156372386095,3.824226797288618,13.920795578573022,3.8284130088221198,0.003633333333345945,6.333333333410943e-4,TRUE,TRUE,TRUE
Melbourne,normal,BFGS,17,1991-12-22,2001-12-18,13.937955959290603,3.7930929152917385,13.937979033874337,3.7970846288146873,0.004133333333326542,0.0013666666665812955,TRUE,TRUE,TRUE
Melbourne,normal,BFGS,18,1992-06-21,2002-06-18,13.97879966810976,3.785820371707075,13.97943095243393,3.789865682513477,0.003966666666625921,6.666666666812186e-4,TRUE,TRUE,TRUE
Melbourne,normal,BFGS,19,1992-12-20,2002-12-17,14.03339241194352,3.741835676823459,14.033821540598847,3.746058189843139,0.003933333333407063,7.666666667015912e-4,TRUE,TRUE,TRUE
Melbourne,normal,BFGS,20,1993-06-20,2003-06-17,14.045217331836808,3.7351301115930013,14.045530852949929,3.7398700928932733,0.004000000000087311,6.999999999000769e-4,TRUE,TRUE,TRUE
Melbourne,normal,BFGS,21,1993-12-19,2003-12-16,14.044988159862658,3.7586983787224466,14.046402268199381,3.7625036068854705,0.00439999999992627,7.666666667015912e-4,TRUE,TRUE,TRUE
Melbourne,normal,BFGS,22,1994-06-19,2004-06-15,14.062160442926245,3.7644543978634415,14.06407848300097,3.768677339954562,0.004066666666646294,7.000000000213428e-4,TRUE,TRUE,TRUE
Melbourne,normal,BFGS,23,1994-12-18,2004-12-14,14.084285799097389,3.7413507925111453,14.086484362976412,3.745642740087735,0.004200000000006791,7.000000000213428e-4,TRUE,TRUE,TRUE
Melbourne,normal,BFGS,24,1995-06-18,2005-06-14,14.116375309230834,3.7074465588783223,14.118723157886308,3.71135850924097,0.004233333333346915,7.33333333240201e-4,TRUE,TRUE,TRUE
Melbourne,normal,BFGS,25,1995-12-17,2005-12-13,14.202896800489876,3.680109122750019,14.204369037884748,3.6844627610353333,0.0043666666665861465,7.333333333614671e-4,TRUE,TRUE,TRUE
Melbourne,normal,BFGS,26,1996-06-16,2006-06-13,14.255432442505704,3.7262764945605893,14.256519746299793,3.729386270718502,0.003766666666706442,6.333333333410943e-4,TRUE,TRUE,TRUE
Melbourne,normal,BFGS,27,1996-12-15,2006-12-12,14.309621844811915,3.707374444515757,14.310299551738144,3.7108056872835338,0.0042666666666870395,7.33333333240201e-4,TRUE,TRUE,TRUE
Melbourne,normal,BFGS,28,1997-06-15,2007-06-12,14.34670828149505,3.709453185856809,14.347770920452717,3.713323597875908,0.004233333333346915,6.333333332198284e-4,TRUE,TRUE,TRUE
Melbourne,normal,BFGS,29,1997-12-14,2007-12-11,14.363071686991244,3.710540648780935,14.365696763032853,3.7134405968676845,0.0034666666666453238,6.666666666812186e-4,TRUE,TRUE,TRUE
Melbourne,normal,BFGS,30,1998-06-14,2008-06-10,14.386934893034974,3.732078980404617,14.38897418929948,3.7343867788750202,0.004066666666646294,7.000000000213428e-4,TRUE,TRUE,TRUE
Melbourne,normal,BFGS,31,1998-12-13,2008-12-09,14.396892518082286,3.7242566720093273,14.400427015423684,3.726666731848295,0.003966666666747188,7.000000000213428e-4,TRUE,TRUE,TRUE
Melbourne,normal,BFGS,32,1999-06-13,2009-06-09,14.3866700296176,3.710516679559551,14.390095289373068,3.712811208336907,0.004099999999986418,7.000000000213428e-4,TRUE,TRUE,TRUE
Melbourne,normal,BFGS,33,1999-12-12,2009-12-08,14.387868155999863,3.7203447187438585,14.391599404952213,3.72216733219761,0.005266666666648235,9.333333332809464e-4,TRUE,TRUE,TRUE
Melbourne,normal,BFGS,34,2000-06-11,2010-06-08,14.407989941776396,3.7237095119968333,14.411256931061473,3.72518693702562,0.003900000000066939,6.666666666812186e-4,TRUE,TRUE,TRUE
Melbourne,normal,BFGS,35,2000-12-10,2010-12-07,14.38971924730969,3.743095696188349,14.392709601376668,3.744671122444858,0.003966666666625921,7.000000000213428e-4,TRUE,TRUE,TRUE
Melbourne,normal,BFGS,36,2001-06-10,2011-06-07,14.339109981251038,3.7091705289548957,14.341552642083052,3.710803369349365,0.004233333333346915,7.000000000213428e-4,TRUE,TRUE,TRUE
Melbourne,normal,BFGS,37,2001-12-09,2011-12-06,14.352926508378717,3.730267551407432,14.354866683629504,3.731426617896001,0.003933333333407063,7.000000000213428e-4,TRUE,TRUE,TRUE
Melbourne,normal,BFGS,38,2002-06-09,2012-06-05,14.385979425013396,3.7787807899918002,14.387850456232092,3.7799447489312916,0.0036000000000058208,6.333333333410943e-4,TRUE,TRUE,TRUE
Melbourne,normal,BFGS,39,2002-12-08,2012-12-04,14.356911299776224,3.807955948134351,14.358602751367558,3.80928385667289,0.003966666666625921,7.333333333614671e-4,TRUE,TRUE,TRUE
Melbourne,normal,BFGS,40,2003-06-08,2013-06-04,14.387064320291248,3.843300124252892,14.389470667134217,3.844245595766072,0.0037000000000261936,6.666666666812186e-4,TRUE,TRUE,TRUE
Melbourne,normal,BFGS,41,2003-12-07,2013-12-03,14.41683739120726,3.8236005275827463,14.419222692118682,3.8247000803915876,0.003966666666625921,7.000000000213428e-4,TRUE,TRUE,TRUE
Melbourne,normal,BFGS,42,2004-06-06,2014-06-03,14.460185201448507,3.8530515224218664,14.461918112591746,3.852631468215612,0.003633333333345945,6.666666665599526e-4,TRUE,TRUE,TRUE
Melbourne,normal,BFGS,43,2004-12-05,2014-12-02,14.486226165385592,3.8418383235270914,14.487812512713568,3.8422340767668217,0.003933333333285797,7.000000000213428e-4,TRUE,TRUE,TRUE
Melbourne,normal,BFGS,44,2005-06-05,2015-06-02,14.480465624133073,3.856337121652054,14.480966509906017,3.856200171725135,0.0034333333333051996,6.000000000009701e-4,TRUE,TRUE,TRUE
Melbourne,normal,BFGS,45,2005-12-04,2015-12-01,14.453361518715953,3.8862768150001012,14.454202833718703,3.8866374937757318,0.0032666666666045785,6.000000000009701e-4,TRUE,TRUE,TRUE
Melbourne,normal,BFGS,46,2006-06-04,2016-05-31,14.503218970709451,3.895983731762581,14.504243244739076,3.897267087292184,0.003933333333285797,7.000000000213428e-4,TRUE,TRUE,TRUE
Melbourne,normal,BFGS,47,2006-12-03,2016-11-29,14.48127232489058,3.8952604867306566,14.481215390796587,3.8968965913365117,0.0037000000000261936,6.666666666812186e-4,TRUE,TRUE,TRUE
Melbourne,normal,BFGS,48,2007-06-03,2017-05-30,14.474465808862131,3.8974023007162084,14.47461786513948,3.899567010097601,0.003800000000046566,6.666666666812186e-4,TRUE,TRUE,TRUE
Melbourne,normal,BFGS,49,2007-12-02,2017-11-28,14.485158562714016,3.9014034317972346,14.481346904273208,3.904295196865546,0.003800000000046566,0.0015333333334031825,TRUE,TRUE,TRUE
Melbourne,normal,BFGS,50,2008-06-01,2018-05-29,14.520247809917338,3.909601665905628,14.51893267707448,3.9127613834387764,0.003800000000046566,6.999999999000769e-4,TRUE,TRUE,TRUE
Melbourne,normal,BFGS,51,2008-11-30,2018-11-27,14.518527679158009,3.9088073289770016,14.516664580878022,3.913984946794605,0.00403333333330617,6.333333333410943e-4,TRUE,TRUE,TRUE
Melbourne,normal,BFGS,52,2009-05-31,2019-05-28,14.576391972444803,3.9492960694218193,14.57308141021776,3.9521029153474645,0.0034333333334264655,6.000000000009701e-4,TRUE,TRUE,TRUE
Melbourne,normal,BFGS,53,2009-11-29,2019-11-26,14.548939658756522,3.9470948823618457,14.545447888894117,3.949962133477791,0.0034333333333051996,6.000000000009701e-4,TRUE,TRUE,TRUE
Melbourne,normal,BFGS,54,2010-05-30,2020-05-26,14.493096268507216,3.9288809091317543,14.491177064477526,3.93091170230696,0.004133333333326542,7.333333333614671e-4,TRUE,TRUE,TRUE
Melbourne,normal,BFGS,55,2010-11-28,2020-11-24,14.500755534845807,3.9296147480176997,14.498020328441493,3.9323231343976386,0.003499999999985448,6.666666666812186e-4,TRUE,TRUE,TRUE
Melbourne,normal,BFGS,56,2011-05-29,2021-05-25,14.503001747566387,3.912115229690733,14.500634441005632,3.9150163246663814,0.003800000000046566,6.666666665599526e-4,TRUE,TRUE,TRUE
Melbourne,normal,BFGS,57,2011-11-27,2021-11-23,14.472453836076642,3.911267494722172,14.471257155655419,3.9132696541019136,0.003766666666585176,7.000000000213428e-4,TRUE,TRUE,TRUE
Melbourne,normal,BFGS,58,2012-05-27,2022-05-24,14.494510004089337,3.9223494288039897,14.493289774200482,3.9235704653264443,0.003966666666625921,7.000000000213428e-4,TRUE,TRUE,TRUE
Melbourne,normal,BFGS,59,2012-11-25,2022-11-22,14.498632702424853,3.915169167307275,14.497522327384948,3.915929904864943,0.0038666666667268148,7.333333333614671e-4,TRUE,TRUE,TRUE
Melbourne,normal,BFGS,60,2013-05-26,2023-05-23,14.461799875669106,3.8818414167622386,14.460427204968173,3.8827558263261923,0.003966666666625921,6.666666666812186e-4,TRUE,TRUE,TRUE
Melbourne,normal,BFGS,61,2013-11-24,2023-11-21,14.489716358838205,3.872049587528315,14.488185895948346,3.87321103961367,0.004066666666646294,7.000000000213428e-4,TRUE,TRUE,TRUE
Melbourne,normal,BFGS,62,2014-05-25,2024-05-21,14.48886366255564,3.8642326248464265,14.487453380192699,3.865686284483163,0.0051999999999679854,8.66666666721964e-4,TRUE,TRUE,TRUE
Melbourne,normal,BFGS,63,2014-11-23,2024-11-19,14.493927438112953,3.8596064937866723,14.493610470306997,3.8610920966118654,0.008699999999953434,9.666666666210707e-4,TRUE,TRUE,TRUE
Melbourne,normal,BFGS,64,2015-05-24,2025-05-20,14.575646262643055,3.919924254851716,14.574199102088631,3.922308859779805,0.0035666666666656966,6.333333333410943e-4,TRUE,TRUE,TRUE
Melbourne,normal,BFGS,65,2015-11-22,2025-11-18,14.572592109894185,3.8855816629394933,14.57133984449042,3.8876337128340825,0.003933333333285797,6.666666666812186e-4,TRUE,TRUE,TRUE
Melbourne,normal,L-BFGS-B,1,1984-01-01,1993-12-28,13.855712753479452,3.773620387785306,13.851588904226949,3.7744039719018843,0.0018333333333430345,4.999999999805975e-4,TRUE,TRUE,TRUE
Melbourne,normal,L-BFGS-B,2,1984-07-01,1994-06-28,13.855726849130265,3.7710984098351403,13.851646900418066,3.7713805507026947,0.0026999999999437327,7.000000000213428e-4,TRUE,TRUE,TRUE
Melbourne,normal,L-BFGS-B,3,1984-12-30,1994-12-27,13.860993401978769,3.7805054334525434,13.857937414573819,3.7802975892716857,0.003633333333345945,6.333333333410943e-4,TRUE,TRUE,TRUE
Melbourne,normal,L-BFGS-B,4,1985-06-30,1995-06-27,13.841397789805002,3.7803848575306946,13.839264608889916,3.7802102688851287,0.0036000000000058208,4.999999999805975e-4,TRUE,TRUE,TRUE
Melbourne,normal,L-BFGS-B,5,1985-12-29,1995-12-26,13.801648936631349,3.7820556928170177,13.799432283995564,3.78181501621483,0.003100000000025223,5.66666666660846e-4,TRUE,TRUE,TRUE
Melbourne,normal,L-BFGS-B,6,1986-06-29,1996-06-25,13.787367050525631,3.767936285619193,13.785241030502327,3.7683607798177516,0.005500000000029104,7.333333333614671e-4,TRUE,TRUE,TRUE
Melbourne,normal,L-BFGS-B,7,1986-12-28,1996-12-24,13.787297752426252,3.765523307123597,13.785153522469049,3.7659640048299936,0.0026999999999437327,7.000000000213428e-4,TRUE,TRUE,TRUE
Melbourne,normal,L-BFGS-B,8,1987-06-28,1997-06-24,13.832187847552893,3.8161772151678908,13.831047078496752,3.815374669720981,0.0036000000000058208,6.333333333410943e-4,TRUE,TRUE,TRUE
Melbourne,normal,L-BFGS-B,9,1987-12-27,1997-12-23,13.843713144083205,3.811584175944075,13.843308991720955,3.811225041465889,0.004066666666646294,9.333333332809464e-4,TRUE,TRUE,TRUE
Melbourne,normal,L-BFGS-B,10,1988-06-26,1998-06-23,13.81241587901447,3.799965911622521,13.811757402876049,3.8010058795434567,0.005100000000068879,7.333333333614671e-4,TRUE,TRUE,TRUE
Melbourne,normal,L-BFGS-B,11,1988-12-25,1998-12-22,13.782496348393645,3.8045512156222228,13.781755402723107,3.8056572696355566,0.0035666666666656966,6.333333333410943e-4,TRUE,TRUE,TRUE
Melbourne,normal,L-BFGS-B,12,1989-06-25,1999-06-22,13.789190014715421,3.8130309551129447,13.790095170072222,3.81579371497902,0.0035666666666656966,6.333333333410943e-4,TRUE,TRUE,TRUE
Melbourne,normal,L-BFGS-B,13,1989-12-24,1999-12-21,13.84704518769075,3.7738875090820843,13.846882260887297,3.777136506395056,0.005500000000029104,7.000000000213428e-4,TRUE,TRUE,TRUE
Melbourne,normal,L-BFGS-B,14,1990-06-24,2000-06-20,13.860925330708806,3.7956095037337896,13.86067605980489,3.799177510531589,0.0035333333333255725,6.333333333410943e-4,TRUE,TRUE,TRUE
Melbourne,normal,L-BFGS-B,15,1990-12-23,2000-12-19,13.879887299928672,3.7780415226587007,13.879098847807674,3.7818519192254914,0.005466666666688979,7.000000000213428e-4,TRUE,TRUE,TRUE
Melbourne,normal,L-BFGS-B,16,1991-06-23,2001-06-19,13.921566855154023,3.8242268572504057,13.920798758228658,3.8284130822542606,0.0035666666666656966,6.333333333410943e-4,TRUE,TRUE,TRUE
Melbourne,normal,L-BFGS-B,17,1991-12-22,2001-12-18,13.93800391497949,3.793067397091378,13.937978946570233,3.7970854934969296,0.005433333333348856,6.333333333410943e-4,TRUE,TRUE,TRUE
Melbourne,normal,L-BFGS-B,18,1992-06-21,2002-06-18,13.978799743706887,3.785820092618004,13.979470777651716,3.789855769831132,0.004466666666727784,8.66666666721964e-4,TRUE,TRUE,TRUE
Melbourne,normal,L-BFGS-B,19,1992-12-20,2002-12-17,14.03336510758548,3.7418491481041296,14.033833597480069,3.7460512722313046,0.005033333333388631,7.333333333614671e-4,TRUE,TRUE,TRUE
Melbourne,normal,L-BFGS-B,20,1993-06-20,2003-06-17,14.045217068281431,3.7351282311128102,14.04558508404353,3.7398428810507593,0.004599999999967016,9.333333332809464e-4,TRUE,TRUE,TRUE
Melbourne,normal,L-BFGS-B,21,1993-12-19,2003-12-16,14.045189560066724,3.7586985925298575,14.045785295982995,3.7624378847749975,0.002266666666643384,4.666666666404732e-4,TRUE,TRUE,TRUE
Melbourne,normal,L-BFGS-B,22,1994-06-19,2004-06-15,14.062160434294954,3.764454387966777,14.064078460348796,3.7686773255636647,0.003633333333345945,6.333333333410943e-4,TRUE,TRUE,TRUE
Melbourne,normal,L-BFGS-B,23,1994-12-18,2004-12-14,14.08436897953375,3.7413213994464054,14.086485685454397,3.745641875372024,0.005566666666709352,7.333333333614671e-4,TRUE,TRUE,TRUE
Melbourne,normal,L-BFGS-B,24,1995-06-18,2005-06-14,14.116445673575035,3.7074252112411963,14.118725686986693,3.7113426233581097,0.005500000000029104,6.333333333410943e-4,TRUE,TRUE,TRUE
Melbourne,normal,L-BFGS-B,25,1995-12-17,2005-12-13,14.202882920665694,3.6801131853029627,14.204357710683071,3.684462330634052,0.0045333333334080335,7.000000000213428e-4,TRUE,TRUE,TRUE
Melbourne,normal,L-BFGS-B,26,1996-06-16,2006-06-13,14.255437065127364,3.7262771033141724,14.256524126917714,3.7293867925377158,0.0036000000000058208,6.333333333410943e-4,TRUE,TRUE,TRUE
Melbourne,normal,L-BFGS-B,27,1996-12-15,2006-12-12,14.309641603155463,3.707361139957823,14.310347930898306,3.710792514666009,0.004500000000067909,6.999999999000769e-4,TRUE,TRUE,TRUE
Melbourne,normal,L-BFGS-B,28,1997-06-15,2007-06-12,14.34670766940949,3.7094534664520267,14.34777006773602,3.7133246251687813,0.0031333333333653473,5.66666666660846e-4,TRUE,TRUE,TRUE
Melbourne,normal,L-BFGS-B,29,1997-12-14,2007-12-11,14.363059129050004,3.710552634175753,14.365696800490491,3.713440590302108,0.0035666666666656966,5.66666666660846e-4,TRUE,TRUE,TRUE
Melbourne,normal,L-BFGS-B,30,1998-06-14,2008-06-10,14.386935273751545,3.7320791558911734,14.388974536848911,3.7343869393635347,0.0035666666666656966,6.333333333410943e-4,TRUE,TRUE,TRUE
Melbourne,normal,L-BFGS-B,31,1998-12-13,2008-12-09,14.396915622079515,3.724246699017847,14.400426150112159,3.7266672447601716,0.005100000000068879,7.000000000213428e-4,TRUE,TRUE,TRUE
Melbourne,normal,L-BFGS-B,32,1999-06-13,2009-06-09,14.386616100716896,3.7104910780912057,14.390095499144062,3.712806272764632,0.005499999999907838,6.333333333410943e-4,TRUE,TRUE,TRUE
Melbourne,normal,L-BFGS-B,33,1999-12-12,2009-12-08,14.386896566224351,3.7203447992102476,14.390435283587442,3.722166981447038,0.0026999999999437327,4.999999999805975e-4,TRUE,TRUE,TRUE
Melbourne,normal,L-BFGS-B,34,2000-06-11,2010-06-08,14.407989810158437,3.7237094444163983,14.411256807504115,3.725186887117004,0.0036000000000058208,6.333333333410943e-4,TRUE,TRUE,TRUE
Melbourne,normal,L-BFGS-B,35,2000-12-10,2010-12-07,14.3897190283375,3.743095783263541,14.392709376245328,3.7446712148133625,0.0035666666666656966,6.333333333410943e-4,TRUE,TRUE,TRUE
Melbourne,normal,L-BFGS-B,36,2001-06-10,2011-06-07,14.339093363012745,3.7091680374194835,14.341519580697257,3.710786767310483,0.005499999999907838,7.000000000213428e-4,TRUE,TRUE,TRUE
Melbourne,normal,L-BFGS-B,37,2001-12-09,2011-12-06,14.35292669373473,3.7302675494351827,14.354866848659443,3.7314266053913294,0.0035666666666656966,6.666666666812186e-4,TRUE,TRUE,TRUE
Melbourne,normal,L-BFGS-B,38,2002-06-09,2012-06-05,14.38598169041762,3.7787803420703177,14.38785276772965,3.7799443085018622,0.0035666666666656966,6.333333333410943e-4,TRUE,TRUE,TRUE
Melbourne,normal,L-BFGS-B,39,2002-12-08,2012-12-04,14.356910399938673,3.8079563582554607,14.358601834196953,3.8092842767629658,0.0036000000000058208,6.333333333410943e-4,TRUE,TRUE,TRUE
Melbourne,normal,L-BFGS-B,40,2003-06-08,2013-06-04,14.38706567671891,3.8433005431374894,14.389472035422003,3.844246041447638,0.0035666666666656966,6.333333333410943e-4,TRUE,TRUE,TRUE
Melbourne,normal,L-BFGS-B,41,2003-12-07,2013-12-03,14.416807651266359,3.8236170337209554,14.419210800118984,3.824706997467851,0.005133333333287737,7.000000000213428e-4,TRUE,TRUE,TRUE
Melbourne,normal,L-BFGS-B,42,2004-06-06,2014-06-03,14.460186591898523,3.853051238360975,14.461919353740262,3.852631847504433,0.0036000000000058208,6.333333333410943e-4,TRUE,TRUE,TRUE
Melbourne,normal,L-BFGS-B,43,2004-12-05,2014-12-02,14.486304634718488,3.841801824916166,14.487896569080469,3.8421992175412827,0.005066666666728755,6.999999999000769e-4,TRUE,TRUE,TRUE
Melbourne,normal,L-BFGS-B,44,2005-06-05,2015-06-02,14.480465509308091,3.8563386976436616,14.480966451643662,3.8562010754234017,0.0036000000000058208,6.333333333410943e-4,TRUE,TRUE,TRUE
Melbourne,normal,L-BFGS-B,45,2005-12-04,2015-12-01,14.453362044265834,3.8862781610563726,14.45420334274186,3.886637998546796,0.0035333333333255725,6.333333333410943e-4,TRUE,TRUE,TRUE
Melbourne,normal,L-BFGS-B,46,2006-06-04,2016-05-31,14.503217653074884,3.8959822514014126,14.504242000493651,3.897265277435311,0.0035333333333255725,6.333333333410943e-4,TRUE,TRUE,TRUE
Melbourne,normal,L-BFGS-B,47,2006-12-03,2016-11-29,14.481272340073842,3.895260452267369,14.481215096433779,3.896896377428657,0.003100000000025223,5.66666666660846e-4,TRUE,TRUE,TRUE
Melbourne,normal,L-BFGS-B,48,2007-06-03,2017-05-30,14.474465809871234,3.8974022992824207,14.474617865373748,3.899567008983732,0.0035333333333255725,6.333333333410943e-4,TRUE,TRUE,TRUE
Melbourne,normal,L-BFGS-B,49,2007-12-02,2017-11-28,14.485158561681281,3.901403428078477,14.483704982677148,3.904966679677365,0.0035333333333255725,6.333333333410943e-4,TRUE,TRUE,TRUE
Melbourne,normal,L-BFGS-B,50,2008-06-01,2018-05-29,14.520247377140894,3.909600914550492,14.518932334928268,3.9127605775812366,0.0035333333333255725,6.333333333410943e-4,TRUE,TRUE,TRUE
Melbourne,normal,L-BFGS-B,51,2008-11-30,2018-11-27,14.520190010945507,3.908792681648919,14.51579865052368,3.912758891308718,0.0018000000000029104,4.33333333300349e-4,TRUE,TRUE,TRUE
Melbourne,normal,L-BFGS-B,52,2009-05-31,2019-05-28,14.576390134716416,3.9492933729519053,14.57307937011412,3.952100336686962,0.0035333333333255725,6.333333333410943e-4,TRUE,TRUE,TRUE
Melbourne,normal,L-BFGS-B,53,2009-11-29,2019-11-26,14.548939874296183,3.9470962910862974,14.545483782739485,3.9499984918570146,0.0035333333333255725,7.999999999204495e-4,TRUE,TRUE,TRUE
Melbourne,normal,L-BFGS-B,54,2010-05-30,2020-05-26,14.4931602375699,3.928920934490695,14.49105563700406,3.930869690654992,0.005033333333388631,7.000000000213428e-4,TRUE,TRUE,TRUE
Melbourne,normal,L-BFGS-B,55,2010-11-28,2020-11-24,14.500734612356837,3.929735009130629,14.49162901468074,3.9345814957347063,0.003100000000025223,2.3333333338086958e-4,TRUE,TRUE,TRUE
Melbourne,normal,L-BFGS-B,56,2011-05-29,2021-05-25,14.501281733742038,3.9119003280052986,14.500634419554554,3.915017582259947,0.0039999999999660455,6.333333333410943e-4,TRUE,TRUE,TRUE
Melbourne,normal,L-BFGS-B,57,2011-11-27,2021-11-23,14.472453960459259,3.9112674418505704,14.471263652701971,3.9132690970150494,0.0030999999999039574,8.66666666721964e-4,TRUE,TRUE,TRUE
Melbourne,normal,L-BFGS-B,58,2012-05-27,2022-05-24,14.49451005677058,3.922349437067344,14.493289810607425,3.923570466407283,0.0035333333333255725,6.333333333410943e-4,TRUE,TRUE,TRUE
Melbourne,normal,L-BFGS-B,59,2012-11-25,2022-11-22,14.498654668881072,3.9151408398703422,14.497522387992262,3.915929657544852,0.0050000000000485064,7.666666665803253e-4,TRUE,TRUE,TRUE
Melbourne,normal,L-BFGS-B,60,2013-05-26,2023-05-23,14.461739690480943,3.8818257056616945,14.460425803430264,3.8827548923433155,0.005433333333227589,7.333333333614671e-4,TRUE,TRUE,TRUE
Melbourne,normal,L-BFGS-B,61,2013-11-24,2023-11-21,14.48971930035956,3.872047436314661,14.488292482650042,3.8731647370955153,0.005033333333388631,7.000000000213428e-4,TRUE,TRUE,TRUE
Melbourne,normal,L-BFGS-B,62,2014-05-25,2024-05-21,14.489661079206247,3.8642312057911825,14.48810286731922,3.8657288519017183,0.003100000000025223,6.333333332198284e-4,TRUE,TRUE,TRUE
Melbourne,normal,L-BFGS-B,63,2014-11-23,2024-11-19,14.493943258201584,3.8595890283703977,14.491796015910596,3.860776446821007,0.0044666666666065185,8.333333332605738e-4,TRUE,TRUE,TRUE
Melbourne,normal,L-BFGS-B,64,2015-05-24,2025-05-20,14.575642295947414,3.9199173308066904,14.574194920735966,3.9223025939332867,0.0035333333333255725,6.333333333410943e-4,TRUE,TRUE,TRUE
Melbourne,normal,L-BFGS-B,65,2015-11-22,2025-11-18,14.572592100103224,3.8855842174831206,14.57374462720613,3.8876229806811686,0.005033333333267364,4.000000000814907e-4,TRUE,TRUE,TRUE
Melbourne,logistic,BFGS,1,1984-01-01,1993-12-28,13.705195226110758,4.050520678850197,13.701814678229265,4.0508910023823095,0.004900000000028134,7.000000000213428e-4,TRUE,TRUE,TRUE
Melbourne,logistic,BFGS,2,1984-07-01,1994-06-28,13.707214980602512,4.045489963424253,13.70422282792418,4.045616281200361,0.003966666666625921,5.333333333207217e-4,TRUE,TRUE,TRUE
Melbourne,logistic,BFGS,3,1984-12-30,1994-12-27,13.704072420728659,4.055609338407988,13.701870167247376,4.054886301862367,0.004433333333387661,6.000000000009701e-4,TRUE,TRUE,TRUE
Melbourne,logistic,BFGS,4,1985-06-30,1995-06-27,13.670307846786535,4.0472097434318135,13.669087609507553,4.046435630990503,0.0044666666666065185,6.000000000009701e-4,TRUE,TRUE,TRUE
Melbourne,logistic,BFGS,5,1985-12-29,1995-12-26,13.62320360705612,4.0410265407407024,13.621994958982395,4.040369924957086,0.004099999999986418,5.66666666660846e-4,TRUE,TRUE,TRUE
Melbourne,logistic,BFGS,6,1986-06-29,1996-06-25,13.608467558506286,4.025155560759115,13.607252021894988,4.025244567160204,0.0039999999999660455,5.66666666660846e-4,TRUE,TRUE,TRUE
Melbourne,logistic,BFGS,7,1986-12-28,1996-12-24,13.608330536017947,4.02257602256938,13.607477601070011,4.022616367664802,0.0056333333333896006,7.000000000213428e-4,TRUE,TRUE,TRUE
Melbourne,logistic,BFGS,8,1987-06-28,1997-06-24,13.644584218057558,4.070821328676469,13.644928578547374,4.069901524824187,0.00439999999992627,6.000000000009701e-4,TRUE,TRUE,TRUE
Melbourne,logistic,BFGS,9,1987-12-27,1997-12-23,13.657165434053532,4.066456123254248,13.658092077479369,4.066300825622994,0.004366666666707412,6.000000000009701e-4,TRUE,TRUE,TRUE
Melbourne,logistic,BFGS,10,1988-06-26,1998-06-23,13.618582948325736,4.044099459510016,13.619048613584694,4.045633139550538,0.0045333333334080335,6.000000000009701e-4,TRUE,TRUE,TRUE
Melbourne,logistic,BFGS,11,1988-12-25,1998-12-22,13.59093060884778,4.050448964619148,13.590958967163449,4.051990391385988,0.004599999999967016,6.333333333410943e-4,TRUE,TRUE,TRUE
Melbourne,logistic,BFGS,12,1989-06-25,1999-06-22,13.58974886914324,4.057319058861357,13.591317761574013,4.060507759453489,0.004533333333286768,8.000000000417155e-4,TRUE,TRUE,TRUE
Melbourne,logistic,BFGS,13,1989-12-24,1999-12-21,13.648745034153093,4.010080244710165,13.649454000238716,4.014153715100987,0.00486666666668801,6.666666666812186e-4,TRUE,TRUE,TRUE
Melbourne,logistic,BFGS,14,1990-06-24,2000-06-20,13.656367788837237,4.024881079079734,13.657215804367427,4.029455437608984,0.004533333333286768,6.000000000009701e-4,TRUE,TRUE,TRUE
Melbourne,logistic,BFGS,15,1990-12-23,2000-12-19,13.67514071675986,4.007140222185137,13.67503583042042,4.0117974373110235,0.00406666666676756,5.66666666660846e-4,TRUE,TRUE,TRUE
Melbourne,logistic,BFGS,16,1991-06-23,2001-06-19,13.709796010868592,4.0561888932663575,13.70939949043787,4.061040695919469,0.004300000000027163,6.000000000009701e-4,TRUE,TRUE,TRUE
Melbourne,logistic,BFGS,17,1991-12-22,2001-12-18,13.721005150622892,4.016366908797735,13.721677947817364,4.021050943504807,0.004600000000088282,6.000000000009701e-4,TRUE,TRUE,TRUE
Melbourne,logistic,BFGS,18,1992-06-21,2002-06-18,13.771356462276444,4.011261656650923,13.772626636695367,4.0159134560370155,0.004533333333286768,6.000000000009701e-4,TRUE,TRUE,TRUE
Melbourne,logistic,BFGS,19,1992-12-20,2002-12-17,13.826702701945509,3.9563581332802666,13.827932529770715,3.961091246985106,0.004600000000088282,6.666666665599526e-4,TRUE,TRUE,TRUE
Melbourne,logistic,BFGS,20,1993-06-20,2003-06-17,13.842572840687037,3.9520258768459415,13.843500298911277,3.9570904784602483,0.00439999999992627,6.000000000009701e-4,TRUE,TRUE,TRUE
Melbourne,logistic,BFGS,21,1993-12-19,2003-12-16,13.842211825181689,3.9803383036021995,13.844097291817919,3.9840628512572147,0.004333333333246022,6.000000000009701e-4,TRUE,TRUE,TRUE
Melbourne,logistic,BFGS,22,1994-06-19,2004-06-15,13.864749797355483,3.991939733754408,13.867080325899105,3.9959537173212354,0.004433333333387661,6.333333333410943e-4,TRUE,TRUE,TRUE
Melbourne,logistic,BFGS,23,1994-12-18,2004-12-14,13.886126672219277,3.9668733333194033,13.889186142592608,3.971267692909062,0.004300000000027163,5.66666666660846e-4,TRUE,TRUE,TRUE
Melbourne,logistic,BFGS,24,1995-06-18,2005-06-14,13.93750216909818,3.9289890544278023,13.940891906968252,3.933269230509273,0.004599999999967016,6.333333333410943e-4,TRUE,TRUE,TRUE
Melbourne,logistic,BFGS,25,1995-12-17,2005-12-13,14.023669151595426,3.9052650569159946,14.026345038982178,3.9097789607666424,0.004600000000088282,6.333333332198284e-4,TRUE,TRUE,TRUE
Melbourne,logistic,BFGS,26,1996-06-16,2006-06-13,14.071576685773868,3.9534629475567944,14.07405096854482,3.956698530488393,0.004499999999946643,6.333333333410943e-4,TRUE,TRUE,TRUE
Melbourne,logistic,BFGS,27,1996-12-15,2006-12-12,14.123788241232312,3.9360233960798063,14.126076208401223,3.939741226884318,0.004400000000047536,6.666666666812186e-4,TRUE,TRUE,TRUE
Melbourne,logistic,BFGS,28,1997-06-15,2007-06-12,14.169945879019833,3.9448719779484693,14.173270996987085,3.949275699231895,0.004300000000027163,6.000000000009701e-4,TRUE,TRUE,TRUE
Melbourne,logistic,BFGS,29,1997-12-14,2007-12-11,14.189346239187152,3.9438619621767357,14.19414519370491,3.9468664408982463,0.003933333333285797,6.000000000009701e-4,TRUE,TRUE,TRUE
Melbourne,logistic,BFGS,30,1998-06-14,2008-06-10,14.208879867513115,3.967614009259487,14.212881866396376,3.9698050906264557,0.003966666666625921,5.66666666660846e-4,TRUE,TRUE,TRUE
Melbourne,logistic,BFGS,31,1998-12-13,2008-12-09,14.220306823855747,3.959116089766818,14.226130357762125,3.96144378040403,0.003966666666625921,5.66666666660846e-4,TRUE,TRUE,TRUE
Melbourne,logistic,BFGS,32,1999-06-13,2009-06-09,14.213044335089204,3.941069861126198,14.21870722162924,3.943243029920529,0.004099999999986418,5.66666666660846e-4,TRUE,TRUE,TRUE
Melbourne,logistic,BFGS,33,1999-12-12,2009-12-08,14.209055958709405,3.9550013358198557,14.214704491977272,3.956530227194951,0.004499999999946643,6.000000000009701e-4,TRUE,TRUE,TRUE
Melbourne,logistic,BFGS,34,2000-06-11,2010-06-08,14.232580576702867,3.9627509076495153,14.237258152569217,3.963387015223222,0.004400000000047536,6.000000000009701e-4,TRUE,TRUE,TRUE
Melbourne,logistic,BFGS,35,2000-12-10,2010-12-07,14.20963539902014,3.98510782484049,14.214187396883117,3.9856174358609624,0.004000000000087311,5.66666666660846e-4,TRUE,TRUE,TRUE
Melbourne,logistic,BFGS,36,2001-06-10,2011-06-07,14.162772371226716,3.946849072215165,14.166870716309294,3.9473022019877946,0.004533333333286768,6.333333333410943e-4,TRUE,TRUE,TRUE
Melbourne,logistic,BFGS,37,2001-12-09,2011-12-06,14.183870992634946,3.974776871023097,14.187359356833817,3.97447844113235,0.003900000000066939,5.333333333207217e-4,TRUE,TRUE,TRUE
Melbourne,logistic,BFGS,38,2002-06-09,2012-06-05,14.20588317311113,4.030859470559312,14.209335674526363,4.030334838538895,0.004499999999946643,6.333333333410943e-4,TRUE,TRUE,TRUE
Melbourne,logistic,BFGS,39,2002-12-08,2012-12-04,14.176899142945793,4.065130334289119,14.180173850110355,4.065120300916737,0.0039999999999660455,5.66666666660846e-4,TRUE,TRUE,TRUE
Melbourne,logistic,BFGS,40,2003-06-08,2013-06-04,14.201609173063131,4.106219613490764,14.206056411359858,4.106276915023433,0.004300000000027163,6.000000000009701e-4,TRUE,TRUE,TRUE
Melbourne,logistic,BFGS,41,2003-12-07,2013-12-03,14.23703893377213,4.078949570380755,14.24145894244652,4.079265084691489,0.004133333333326542,5.66666666660846e-4,TRUE,TRUE,TRUE
Melbourne,logistic,BFGS,42,2004-06-06,2014-06-03,14.277234855671297,4.1073198690670605,14.28151230978116,4.10615238014485,0.004400000000047536,6.000000000009701e-4,TRUE,TRUE,TRUE
Melbourne,logistic,BFGS,43,2004-12-05,2014-12-02,14.305705991900776,4.095752882553069,14.30988695571142,4.095465226491438,0.004966666666587116,6.000000000009701e-4,TRUE,TRUE,TRUE
Melbourne,logistic,BFGS,44,2005-06-05,2015-06-02,14.293898013421137,4.110311124124144,14.297026068279573,4.109445414831138,0.004233333333225649,5.66666666660846e-4,TRUE,TRUE,TRUE
Melbourne,logistic,BFGS,45,2005-12-04,2015-12-01,14.272146835458848,4.148721445616298,14.275467923631913,4.148450406296777,0.004566666666626891,6.333333333410943e-4,TRUE,TRUE,TRUE
Melbourne,logistic,BFGS,46,2006-06-04,2016-05-31,14.33202625176408,4.166675260368598,14.335255035419408,4.167040260499897,0.004500000000067909,6.333333333410943e-4,TRUE,TRUE,TRUE
Melbourne,logistic,BFGS,47,2006-12-03,2016-11-29,14.302136154724685,4.162945068168722,14.303849697416263,4.163878391360012,0.003966666666625921,6.000000000009701e-4,TRUE,TRUE,TRUE
Melbourne,logistic,BFGS,48,2007-06-03,2017-05-30,14.291726589361424,4.167705656500748,14.293561267205796,4.169096064944925,0.00383333333338669,5.333333333207217e-4,TRUE,TRUE,TRUE
Melbourne,logistic,BFGS,49,2007-12-02,2017-11-28,14.298020600935542,4.1751622454700525,14.29830699872997,4.178213260624442,0.004300000000027163,6.000000000009701e-4,TRUE,TRUE,TRUE
Melbourne,logistic,BFGS,50,2008-06-01,2018-05-29,14.341800762878155,4.187197687058391,14.34236325635575,4.189960629103222,0.004433333333387661,6.333333333410943e-4,TRUE,TRUE,TRUE
Melbourne,logistic,BFGS,51,2008-11-30,2018-11-27,14.338939437694952,4.188125932841164,14.338031937628044,4.191554304873851,0.004166666666666667,6.000000000009701e-4,TRUE,TRUE,TRUE
Melbourne,logistic,BFGS,52,2009-05-31,2019-05-28,14.397924721723486,4.2393512382760346,14.396606878002606,4.241491476654297,0.005066666666607489,6.333333333410943e-4,TRUE,TRUE,TRUE
Melbourne,logistic,BFGS,53,2009-11-29,2019-11-26,14.370787752229894,4.234359291201438,14.369338931101908,4.2364765145485,0.0044666666666065185,6.000000000009701e-4,TRUE,TRUE,TRUE
Melbourne,logistic,BFGS,54,2010-05-30,2020-05-26,14.30523264902366,4.208649221193688,14.306197262188682,4.21050373597218,0.004699999999987389,6.333333332198284e-4,TRUE,TRUE,TRUE
Melbourne,logistic,BFGS,55,2010-11-28,2020-11-24,14.316576202521885,4.209211107677975,14.316974452408797,4.211640635240149,0.005533333333247962,5.333333333207217e-4,TRUE,TRUE,TRUE
Melbourne,logistic,BFGS,56,2011-05-29,2021-05-25,14.327263076242255,4.190864252234243,14.328092161876786,4.1939437958117605,0.004166666666666667,5.66666666660846e-4,TRUE,TRUE,TRUE
Melbourne,logistic,BFGS,57,2011-11-27,2021-11-23,14.289441375471574,4.18743747149752,14.291043291009702,4.189670827183965,0.00463333333330714,5.333333333207217e-4,TRUE,TRUE,TRUE
Melbourne,logistic,BFGS,58,2012-05-27,2022-05-24,14.31530661894228,4.202984016276888,14.31735771002143,4.204822778964344,0.00403333333330617,5.66666666660846e-4,TRUE,TRUE,TRUE
Melbourne,logistic,BFGS,59,2012-11-25,2022-11-22,14.31735535532904,4.194103052247494,14.31941458608759,4.195279065701118,0.004166666666666667,5.666666667821119e-4,TRUE,TRUE,TRUE
Melbourne,logistic,BFGS,60,2013-05-26,2023-05-23,14.282514704062198,4.157205518640469,14.28398101394166,4.158155750480116,0.004166666666666667,5.333333333207217e-4,TRUE,TRUE,TRUE
Melbourne,logistic,BFGS,61,2013-11-24,2023-11-21,14.31033987734128,4.148026416263899,14.311601395445114,4.149205932010867,0.00463333333330714,6.666666666812186e-4,TRUE,TRUE,TRUE
Melbourne,logistic,BFGS,62,2014-05-25,2024-05-21,14.312734735873452,4.143555089974912,14.314074676130204,4.14474709315205,0.004066666666646294,5.66666666660846e-4,TRUE,TRUE,TRUE
Melbourne,logistic,BFGS,63,2014-11-23,2024-11-19,14.319796810732013,4.134801321581287,14.320065348134847,4.135410482801772,0.004066666666646294,5.66666666660846e-4,TRUE,TRUE,TRUE
Melbourne,logistic,BFGS,64,2015-05-24,2025-05-20,14.403963688482282,4.209660716554033,14.404296677171589,4.211523632837098,0.004833333333347885,6.666666666812186e-4,TRUE,TRUE,TRUE
Melbourne,logistic,BFGS,65,2015-11-22,2025-11-18,14.39013652329253,4.1644516598205685,14.39096193920486,4.166128339937835,0.004566666666626891,6.000000000009701e-4,TRUE,TRUE,TRUE
Melbourne,logistic,L-BFGS-B,1,1984-01-01,1993-12-28,13.70469061097168,4.050316409007836,13.701437914990706,4.0507356882837176,0.0031333333332440815,4.3333333342161496e-4,TRUE,TRUE,TRUE
Melbourne,logistic,L-BFGS-B,2,1984-07-01,1994-06-28,13.704909540651608,4.045396402505969,13.702263345544251,4.045195436533236,0.002966666666664726,6.666666666812186e-4,TRUE,TRUE,TRUE
Melbourne,logistic,L-BFGS-B,3,1984-12-30,1994-12-27,13.704691209379503,4.055630536010219,13.702154324565369,4.054896890243008,0.0031333333332440815,4.3333333342161496e-4,TRUE,TRUE,TRUE
Melbourne,logistic,L-BFGS-B,4,1985-06-30,1995-06-27,13.670304248285934,4.047198208740709,13.669097380396348,4.046436115444281,0.004966666666587116,8.66666666721964e-4,TRUE,TRUE,TRUE
Melbourne,logistic,L-BFGS-B,5,1985-12-29,1995-12-26,13.62320398500534,4.041027269046284,13.622004449919297,4.0403701680965645,0.004499999999946643,7.666666667015912e-4,TRUE,TRUE,TRUE
Melbourne,logistic,L-BFGS-B,6,1986-06-29,1996-06-25,13.608410805491719,4.0251819732711125,13.607250998212574,4.025245002898002,0.006499999999990299,6.666666666812186e-4,TRUE,TRUE,TRUE
Melbourne,logistic,L-BFGS-B,7,1986-12-28,1996-12-24,13.608320540004467,4.021220655788718,13.607229513002064,4.021202724577932,0.0026666666667248744,4.999999999805975e-4,TRUE,TRUE,TRUE
Melbourne,logistic,L-BFGS-B,8,1987-06-28,1997-06-24,13.644584408945674,4.070821934927499,13.644928751692989,4.069902313127083,0.004099999999986418,5.66666666660846e-4,TRUE,TRUE,TRUE
Melbourne,logistic,L-BFGS-B,9,1987-12-27,1997-12-23,13.657175481865906,4.06646291477285,13.65809936679961,4.0662640978672275,0.0050000000000485064,5.66666666660846e-4,TRUE,TRUE,TRUE
Melbourne,logistic,L-BFGS-B,10,1988-06-26,1998-06-23,13.618497097869023,4.044131375562475,13.619016521371506,4.045622688649823,0.0064666666666501746,6.666666666812186e-4,TRUE,TRUE,TRUE
Melbourne,logistic,L-BFGS-B,11,1988-12-25,1998-12-22,13.59093069264503,4.050448909397931,13.590959057222245,4.051990338384414,0.004133333333326542,5.66666666660846e-4,TRUE,TRUE,TRUE
Melbourne,logistic,L-BFGS-B,12,1989-06-25,1999-06-22,13.590626053931127,4.057359593647295,13.591033203547347,4.060501438597357,0.0030999999999039574,4.6666666676173916e-4,TRUE,TRUE,TRUE
Melbourne,logistic,L-BFGS-B,13,1989-12-24,1999-12-21,13.648820905390135,4.010127984071898,13.649445981750402,4.014159726809178,0.0065666666665492816,5.66666666660846e-4,TRUE,TRUE,TRUE
Melbourne,logistic,L-BFGS-B,14,1990-06-24,2000-06-20,13.65636790288109,4.02488080658046,13.657215924476338,4.029455144315588,0.004133333333326542,5.66666666660846e-4,TRUE,TRUE,TRUE
Melbourne,logistic,L-BFGS-B,15,1990-12-23,2000-12-19,13.67520969823317,4.007178654280079,13.67503804144329,4.011797895172429,0.006633333333350796,6.333333333410943e-4,TRUE,TRUE,TRUE
Melbourne,logistic,L-BFGS-B,16,1991-06-23,2001-06-19,13.709796231970413,4.056189363440652,13.709399719529126,4.061041079102501,0.004166666666666667,6.000000000009701e-4,TRUE,TRUE,TRUE
Melbourne,logistic,L-BFGS-B,17,1991-12-22,2001-12-18,13.721028666340473,4.016380338794255,13.721678046210998,4.021050852019288,0.006600000000010671,5.66666666660846e-4,TRUE,TRUE,TRUE
Melbourne,logistic,L-BFGS-B,18,1992-06-21,2002-06-18,13.771360284950498,4.011261513778921,13.772626554741379,4.015913348391087,0.004533333333286768,7.333333333614671e-4,TRUE,TRUE,TRUE
Melbourne,logistic,L-BFGS-B,19,1992-12-20,2002-12-17,13.82675975727987,3.956390354829312,13.827953920636077,3.961029290618713,0.006600000000010671,5.666666667821119e-4,TRUE,TRUE,TRUE
Melbourne,logistic,L-BFGS-B,20,1993-06-20,2003-06-17,13.842604006621402,3.952043495080421,13.843530661049813,3.9570782375284383,0.005666666666608459,7.666666667015912e-4,TRUE,TRUE,TRUE
Melbourne,logistic,L-BFGS-B,21,1993-12-19,2003-12-16,13.842386856054906,3.980333963811789,13.843603530746964,3.9840357891305516,0.0031333333332440815,4.33333333300349e-4,TRUE,TRUE,TRUE
Melbourne,logistic,L-BFGS-B,22,1994-06-19,2004-06-15,13.86474975931796,3.9919395684921244,13.867080274559907,3.995953536762876,0.004166666666666667,5.66666666660846e-4,TRUE,TRUE,TRUE
Melbourne,logistic,L-BFGS-B,23,1994-12-18,2004-12-14,13.886192699731238,3.9669128935836375,13.889188288850011,3.9712670291284833,0.006733333333249903,6.333333333410943e-4,TRUE,TRUE,TRUE
Melbourne,logistic,L-BFGS-B,24,1995-06-18,2005-06-14,13.937576317961108,3.9290345430676274,13.940874486305056,3.933278730181759,0.00666666666669092,5.66666666660846e-4,TRUE,TRUE,TRUE
Melbourne,logistic,L-BFGS-B,25,1995-12-17,2005-12-13,14.023668970065726,3.905267562573905,14.026340384863405,3.9097781294220857,0.0060000000000097016,6.333333333410943e-4,TRUE,TRUE,TRUE
Melbourne,logistic,L-BFGS-B,26,1996-06-16,2006-06-13,14.071577219345032,3.9534596038825938,14.07405134004139,3.9566952471694594,0.004099999999986418,6.000000000009701e-4,TRUE,TRUE,TRUE
Melbourne,logistic,L-BFGS-B,27,1996-12-15,2006-12-12,14.123869874810026,3.9360591687826245,14.12609218665198,3.939738327072634,0.006566666666670547,6.666666666812186e-4,TRUE,TRUE,TRUE
Melbourne,logistic,L-BFGS-B,28,1997-06-15,2007-06-12,14.169945360711909,3.9448717139750817,14.173270417379765,3.949275521020677,0.004100000000107684,6.000000000009701e-4,TRUE,TRUE,TRUE
Melbourne,logistic,L-BFGS-B,29,1997-12-14,2007-12-11,14.189346372699637,3.943862814505536,14.19414384619787,3.946875192741879,0.0036000000000058208,4.999999999805975e-4,TRUE,TRUE,TRUE
Melbourne,logistic,L-BFGS-B,30,1998-06-14,2008-06-10,14.20887981919519,3.9676143887314996,14.212881820511155,3.9698053713627366,0.004099999999986418,5.66666666660846e-4,TRUE,TRUE,TRUE
Melbourne,logistic,L-BFGS-B,31,1998-12-13,2008-12-09,14.220327625023758,3.9591044230971533,14.226169756322392,3.9614297922969186,0.005566666666709352,8.333333333818397e-4,TRUE,TRUE,TRUE
Melbourne,logistic,L-BFGS-B,32,1999-06-13,2009-06-09,14.213019843227364,3.9410836393173043,14.218706764128134,3.943243181109098,0.006566666666670547,6.000000000009701e-4,TRUE,TRUE,TRUE
Melbourne,logistic,L-BFGS-B,33,1999-12-12,2009-12-08,14.209055464138313,3.9549995128567996,14.214704017787483,3.956528547727798,0.00463333333330714,6.333333333410943e-4,TRUE,TRUE,TRUE
Melbourne,logistic,L-BFGS-B,34,2000-06-11,2010-06-08,14.232580531332289,3.9627508545432204,14.237258110013162,3.9633869814371043,0.004066666666646294,5.66666666660846e-4,TRUE,TRUE,TRUE
Melbourne,logistic,L-BFGS-B,35,2000-12-10,2010-12-07,14.209635500936562,3.985108220167748,14.214187489282825,3.9856178388913555,0.004066666666646294,6.000000000009701e-4,TRUE,TRUE,TRUE
Melbourne,logistic,L-BFGS-B,36,2001-06-10,2011-06-07,14.162691001419756,3.946893188167622,14.166885477580246,3.947311505771871,0.00643333333331005,5.66666666660846e-4,TRUE,TRUE,TRUE
Melbourne,logistic,L-BFGS-B,37,2001-12-09,2011-12-06,14.183870934265165,3.9747770986416735,14.187359313114486,3.9744795140879123,0.004133333333326542,6.000000000009701e-4,TRUE,TRUE,TRUE
Melbourne,logistic,L-BFGS-B,38,2002-06-09,2012-06-05,14.20588395210205,4.030854784903061,14.209336422711903,4.030330351446207,0.004166666666666667,5.66666666660846e-4,TRUE,TRUE,TRUE
Melbourne,logistic,L-BFGS-B,39,2002-12-08,2012-12-04,14.17689946992142,4.065130955174815,14.180174179073656,4.065120931209033,0.004133333333326542,5.66666666660846e-4,TRUE,TRUE,TRUE
Melbourne,logistic,L-BFGS-B,40,2003-06-08,2013-06-04,14.201609391667676,4.1062188937133905,14.20605659130454,4.106276388225005,0.004166666666666667,5.66666666660846e-4,TRUE,TRUE,TRUE
Melbourne,logistic,L-BFGS-B,41,2003-12-07,2013-12-03,14.237145111716147,4.0790085671413125,14.241476324384104,4.0792552009824075,0.006499999999990299,6.333333332198284e-4,TRUE,TRUE,TRUE
Melbourne,logistic,L-BFGS-B,42,2004-06-06,2014-06-03,14.277235300689554,4.107320527531689,14.281512800657087,4.106152937573655,0.004133333333326542,5.66666666660846e-4,TRUE,TRUE,TRUE
Melbourne,logistic,L-BFGS-B,43,2004-12-05,2014-12-02,14.305731675306019,4.095744716459351,14.309934272282735,4.09544928119775,0.005633333333268335,8.000000000417155e-4,TRUE,TRUE,TRUE
Melbourne,logistic,L-BFGS-B,44,2005-06-05,2015-06-02,14.293898036642124,4.110311025317521,14.297026106935096,4.109445368840617,0.004133333333326542,5.66666666660846e-4,TRUE,TRUE,TRUE
Melbourne,logistic,L-BFGS-B,45,2005-12-04,2015-12-01,14.27214693758632,4.148720389355083,14.275468010501779,4.148449259737179,0.004133333333326542,5.66666666660846e-4,TRUE,TRUE,TRUE
Melbourne,logistic,L-BFGS-B,46,2006-06-04,2016-05-31,14.332025754382325,4.166674709429673,14.33525460457163,4.167039616640783,0.004233333333346915,6.000000000009701e-4,TRUE,TRUE,TRUE
Melbourne,logistic,L-BFGS-B,47,2006-12-03,2016-11-29,14.302135344123855,4.162950372102859,14.303849938957207,4.163878599054727,0.0037000000000261936,6.333333333410943e-4,TRUE,TRUE,TRUE
Melbourne,logistic,L-BFGS-B,48,2007-06-03,2017-05-30,14.291726594253603,4.167706549880374,14.293561274809418,4.169096888185433,0.004166666666666667,5.66666666660846e-4,TRUE,TRUE,TRUE
Melbourne,logistic,L-BFGS-B,49,2007-12-02,2017-11-28,14.298020614767639,4.175162209134001,14.298307071728203,4.178213139498135,0.004133333333326542,6.000000000009701e-4,TRUE,TRUE,TRUE
Melbourne,logistic,L-BFGS-B,50,2008-06-01,2018-05-29,14.34180048786594,4.187197561034043,14.34236296500528,4.189960524887808,0.004133333333326542,5.66666666660846e-4,TRUE,TRUE,TRUE
Melbourne,logistic,L-BFGS-B,51,2008-11-30,2018-11-27,14.34152985494164,4.188410583164017,14.341967199958884,4.191952397787532,0.0021000000000640285,3.333333332799763e-4,TRUE,TRUE,TRUE
Melbourne,logistic,L-BFGS-B,52,2009-05-31,2019-05-28,14.397925393027489,4.2393540105249965,14.396607581468958,4.241494168032161,0.004133333333326542,5.66666666660846e-4,TRUE,TRUE,TRUE
Melbourne,logistic,L-BFGS-B,53,2009-11-29,2019-11-26,14.370787846955311,4.234359321256468,14.3692981440798,4.236455079148594,0.00439999999992627,7.666666667015912e-4,TRUE,TRUE,TRUE
Melbourne,logistic,L-BFGS-B,54,2010-05-30,2020-05-26,14.305085977384623,4.2087132297874454,14.306157250191918,4.210492108499474,0.006566666666670547,6.666666666812186e-4,TRUE,TRUE,TRUE
Melbourne,logistic,L-BFGS-B,55,2010-11-28,2020-11-24,14.316596467227685,4.208967594184557,14.316973625228316,4.2116400661963995,0.0031333333332440815,4.666666666404732e-4,TRUE,TRUE,TRUE
Melbourne,logistic,L-BFGS-B,56,2011-05-29,2021-05-25,14.327284724899137,4.190877768916121,14.328092398159164,4.193937448455686,0.006633333333350796,5.66666666660846e-4,TRUE,TRUE,TRUE
Melbourne,logistic,L-BFGS-B,57,2011-11-27,2021-11-23,14.28944128628407,4.187437349198524,14.291043174444718,4.189670979356162,0.003633333333345945,6.333333333410943e-4,TRUE,TRUE,TRUE
Melbourne,logistic,L-BFGS-B,58,2012-05-27,2022-05-24,14.315306654578285,4.202985190095566,14.31735776073929,4.204823983691059,0.004166666666666667,5.66666666660846e-4,TRUE,TRUE,TRUE
Melbourne,logistic,L-BFGS-B,59,2012-11-25,2022-11-22,14.315481371658262,4.194030506742024,14.317916964309127,4.195078426698404,0.0034333333334264655,6.666666666812186e-4,TRUE,TRUE,TRUE
Melbourne,logistic,L-BFGS-B,60,2013-05-26,2023-05-23,14.282448415219651,4.1572432511093105,14.283976628252049,4.158157152588148,0.006499999999990299,6.333333333410943e-4,TRUE,TRUE,TRUE
Melbourne,logistic,L-BFGS-B,61,2013-11-24,2023-11-21,14.310355917408256,4.148022117931892,14.311548502012668,4.149238072924459,0.005666666666608459,7.666666667015912e-4,TRUE,TRUE,TRUE
Melbourne,logistic,L-BFGS-B,62,2014-05-25,2024-05-21,14.310554361792663,4.143453096826928,14.31227075743419,4.144334408592836,0.002899999999984478,6.333333333410943e-4,TRUE,TRUE,TRUE
Melbourne,logistic,L-BFGS-B,63,2014-11-23,2024-11-19,14.319815396654198,4.134786985555732,14.320124329785925,4.135326828233213,0.005533333333369228,6.999999999000769e-4,TRUE,TRUE,TRUE
Melbourne,logistic,L-BFGS-B,64,2015-05-24,2025-05-20,14.403960255155619,4.209656764308904,14.404293257757415,4.2115196460200375,0.004099999999986418,5.66666666660846e-4,TRUE,TRUE,TRUE
Melbourne,logistic,L-BFGS-B,65,2015-11-22,2025-11-18,14.390092849206852,4.164476602072226,14.39096162519502,4.16612777131476,0.006533333333330423,6.000000000009701e-4,TRUE,TRUE,TRUE
Chicago,normal,BFGS,1,1984-01-01,1993-12-28,8.936129192000001,8.423886918026584,8.936128197843363,8.424029424913877,0.0010666666666414434,2.0000000004074536e-4,TRUE,TRUE,TRUE
Chicago,normal,BFGS,2,1984-07-01,1994-06-28,8.920778239169964,8.504766217921848,8.921543921484835,8.500475555346398,0.003800000000046566,6.666666666812186e-4,TRUE,TRUE,TRUE
Chicago,normal,BFGS,3,1984-12-30,1994-12-27,8.963390626909051,8.50302800059999,8.963249702035473,8.498124461761504,0.0032666666667258443,6.666666666812186e-4,TRUE,TRUE,TRUE
Chicago,normal,BFGS,4,1985-06-30,1995-06-27,8.996274198531133,8.398692865199996,8.994101710927534,8.396678263940228,0.00383333333338669,6.666666666812186e-4,TRUE,TRUE,TRUE
Chicago,normal,BFGS,5,1985-12-29,1995-12-26,9.076389131338418,8.430236188488434,9.074368038549478,8.430006344019658,0.0039999999999660455,6.999999999000769e-4,TRUE,TRUE,TRUE
Chicago,normal,BFGS,6,1986-06-29,1996-06-25,9.034748982034957,8.435098468843222,9.032950287761171,8.433488768725274,0.0038333333332654243,6.666666666812186e-4,TRUE,TRUE,TRUE
Chicago,normal,BFGS,7,1986-12-28,1996-12-24,9.060770690285944,8.454538181973415,9.059230810130881,8.455100802095423,0.0033666666666249513,6.000000000009701e-4,TRUE,TRUE,TRUE
Chicago,normal,BFGS,8,1987-06-28,1997-06-24,8.926292267587149,8.49577967795228,8.924124261032295,8.496721173599006,0.003900000000066939,6.666666665599526e-4,TRUE,TRUE,TRUE
Chicago,normal,BFGS,9,1987-12-27,1997-12-23,8.926822266021217,8.506059968568282,8.956679817905782,8.501449226766134,0.0010000000000824608,6.666666666812186e-4,TRUE,TRUE,TRUE
Chicago,normal,BFGS,10,1988-06-26,1998-06-23,9.080920942955578,8.376614402228004,9.079797978945404,8.378072852536725,0.00383333333338669,6.666666665599526e-4,TRUE,TRUE,TRUE
Chicago,normal,BFGS,11,1988-12-25,1998-12-22,9.21245018333146,8.406057416361271,9.212335310492614,8.407623556944612,0.0039999999999660455,7.000000000213428e-4,TRUE,TRUE,TRUE
Chicago,normal,BFGS,12,1989-06-25,1999-06-22,9.272791710998778,8.406195710731792,9.274894621552148,8.40845163973514,0.0034000000000863413,6.333333333410943e-4,TRUE,TRUE,TRUE
Chicago,normal,BFGS,13,1989-12-24,1999-12-21,9.429012362610015,8.375815641357882,9.431144026080482,8.37467521202669,0.004099999999986418,7.333333333614671e-4,TRUE,TRUE,TRUE
Chicago,normal,BFGS,14,1990-06-24,2000-06-20,9.477101786139587,8.381527753825418,9.481716072792823,8.381383378262147,0.003766666666706442,7.000000000213428e-4,TRUE,TRUE,TRUE
Chicago,normal,BFGS,15,1990-12-23,2000-12-19,9.501890691423018,8.457332403640166,9.507996880225068,8.457236002937009,0.003733333333245052,6.666666666812186e-4,TRUE,TRUE,TRUE
Chicago,normal,BFGS,16,1991-06-23,2001-06-19,9.453464681050297,8.431295962577558,9.459150313249728,8.432366174972037,0.003899999999945673,7.000000000213428e-4,TRUE,TRUE,TRUE
Chicago,normal,BFGS,17,1991-12-22,2001-12-18,9.552431503127181,8.389507356367073,9.556267953353029,8.387741217106104,0.00403333333330617,7.333333333614671e-4,TRUE,TRUE,TRUE
Chicago,normal,BFGS,18,1992-06-21,2002-06-18,9.55110356889003,8.383073900354134,9.555097407709273,8.385530315275323,0.00486666666668801,3.9999999996022476e-4,TRUE,TRUE,TRUE
Chicago,normal,BFGS,19,1992-12-20,2002-12-17,9.667285161074327,8.488237729523744,9.67309417426868,8.489284553428734,0.0034666666666453238,6.333333332198284e-4,TRUE,TRUE,TRUE
Chicago,normal,BFGS,20,1993-06-20,2003-06-17,9.666809968977937,8.471613107760092,9.672535013498546,8.473114763067437,0.003899999999945673,6.333333333410943e-4,TRUE,TRUE,TRUE
Chicago,normal,BFGS,21,1993-12-19,2003-12-16,9.740914573382256,8.48270064547449,9.745947708532501,8.480841346668011,0.0038666666667268148,6.666666666812186e-4,TRUE,TRUE,TRUE
Chicago,normal,BFGS,22,1994-06-19,2004-06-15,9.866922818482953,8.329567885939575,9.86992386798176,8.330659353135507,0.00383333333338669,7.000000000213428e-4,TRUE,TRUE,TRUE
Chicago,normal,BFGS,23,1994-12-18,2004-12-14,9.934420525878496,8.350645150294143,9.939051286635843,8.352793823714126,0.003933333333285797,7.000000000213428e-4,TRUE,TRUE,TRUE
Chicago,normal,BFGS,24,1995-06-18,2005-06-14,9.987884304483226,8.340600877517055,9.994755017198058,8.340186575490673,0.0038666666667268148,6.999999999000769e-4,TRUE,TRUE,TRUE
Chicago,normal,BFGS,25,1995-12-17,2005-12-13,10.091362588092936,8.37536983435343,10.097587568228048,8.374826586107531,0.003966666666625921,7.000000000213428e-4,TRUE,TRUE,TRUE
Chicago,normal,BFGS,26,1996-06-16,2006-06-13,10.237805914362426,8.256457555153808,10.244705005098067,8.254633574985034,0.003899999999945673,7.000000000213428e-4,TRUE,TRUE,TRUE
Chicago,normal,BFGS,27,1996-12-15,2006-12-12,10.31136596337993,8.326412955927768,10.317259761560443,8.322520160328319,0.003800000000046566,6.666666665599526e-4,TRUE,TRUE,TRUE
Chicago,normal,BFGS,28,1997-06-15,2007-06-12,10.394159658471164,8.321941267538184,10.403814880282233,8.315603073221245,0.0033333333332848268,6.666666666812186e-4,TRUE,TRUE,TRUE
Chicago,normal,BFGS,29,1997-12-14,2007-12-11,10.480397393799333,8.385679030215199,10.488651967491734,8.376921166396775,0.0037333333333663178,6.333333333410943e-4,TRUE,TRUE,TRUE
Chicago,normal,BFGS,30,1998-06-14,2008-06-10,10.344027808486388,8.49907864177607,10.353558310418476,8.488041333841549,0.0035666666666656966,6.000000000009701e-4,TRUE,TRUE,TRUE
Chicago,normal,BFGS,31,1998-12-13,2008-12-09,10.274698829396021,8.483656023995096,10.282983982000568,8.471198007555609,0.0039999999999660455,7.333333333614671e-4,TRUE,TRUE,TRUE
Chicago,normal,BFGS,32,1999-06-13,2009-06-09,10.1718589271572,8.551225572242567,10.181866408849176,8.534347640948665,0.003666666666686069,6.666666666812186e-4,TRUE,TRUE,TRUE
Chicago,normal,BFGS,33,1999-12-12,2009-12-08,10.120008062656598,8.519170709879367,10.130728846620709,8.505254642144365,0.00403333333330617,7.000000000213428e-4,TRUE,TRUE,TRUE
Chicago,normal,BFGS,34,2000-06-11,2010-06-08,10.069467862892214,8.572070527012366,10.077597411458374,8.559584495158314,0.003499999999985448,6.000000000009701e-4,TRUE,TRUE,TRUE
Chicago,normal,BFGS,35,2000-12-10,2010-12-07,10.155958509275484,8.63735194427248,10.163005378113326,8.623913676813192,0.0034666666667665896,6.000000000009701e-4,TRUE,TRUE,TRUE
Chicago,normal,BFGS,36,2001-06-10,2011-06-07,10.1435707722403,8.630288356557166,10.135352916584376,8.618839252068266,0.003666666666686069,7.999999999204495e-4,TRUE,TRUE,TRUE
Chicago,normal,BFGS,37,2001-12-09,2011-12-06,10.1601810132087,8.659892516111277,10.165577501106153,8.64716315154325,0.0036000000000058208,6.000000000009701e-4,TRUE,TRUE,TRUE
Chicago,normal,BFGS,38,2002-06-09,2012-06-05,10.259575909194242,8.630632377731006,10.263840230408448,8.614620068919539,0.004099999999986418,6.999999999000769e-4,TRUE,TRUE,TRUE
Chicago,normal,BFGS,39,2002-12-08,2012-12-04,10.322087213322618,8.647666420610244,10.326401886519065,8.63124982427051,0.0039999999999660455,6.666666666812186e-4,TRUE,TRUE,TRUE
Chicago,normal,BFGS,40,2003-06-08,2013-06-04,10.357119606288729,8.631281417382828,10.35896754719031,8.61451457491724,0.003366666666746217,5.66666666660846e-4,TRUE,TRUE,TRUE
Chicago,normal,BFGS,41,2003-12-07,2013-12-03,10.39869016600056,8.687759322416097,10.402098873775728,8.67194963425613,0.0035666666666656966,6.000000000009701e-4,TRUE,TRUE,TRUE
Chicago,normal,BFGS,42,2004-06-06,2014-06-03,10.213389647896252,8.940120714930947,10.217011299890594,8.92563971162932,0.0035333333334468383,6.000000000009701e-4,TRUE,TRUE,TRUE
Chicago,normal,BFGS,43,2004-12-05,2014-12-02,10.16297009301909,8.963484464285328,10.167292394785004,8.950727069494608,0.003499999999985448,6.000000000009701e-4,TRUE,TRUE,TRUE
Chicago,normal,BFGS,44,2005-06-05,2015-06-02,10.079049792269494,9.080363976754267,10.08274149603965,9.06636425064368,0.003500000000106714,6.000000000009701e-4,TRUE,TRUE,TRUE
Chicago,normal,BFGS,45,2005-12-04,2015-12-01,10.04207090250782,9.005955973760194,10.04674463752271,8.992147516803344,0.0038333333332654243,6.666666666812186e-4,TRUE,TRUE,TRUE
Chicago,normal,BFGS,46,2006-06-04,2016-05-31,10.028831650107568,9.021310017901639,10.031320125268408,9.009849888243583,0.003499999999985448,6.000000000009701e-4,TRUE,TRUE,TRUE
Chicago,normal,BFGS,47,2006-12-03,2016-11-29,10.13445365652291,9.069133524121584,10.137867041869871,9.05777266838657,0.0034666666666453238,6.000000000009701e-4,TRUE,TRUE,TRUE
Chicago,normal,BFGS,48,2007-06-03,2017-05-30,10.158570093747722,8.998829481466947,10.160436389304117,8.98880502856093,0.00383333333338669,6.666666666812186e-4,TRUE,TRUE,TRUE
Chicago,normal,BFGS,49,2007-12-02,2017-11-28,10.142953816044965,8.97856757533638,10.14586926605849,8.968971994694863,0.003900000000066939,6.666666666812186e-4,TRUE,TRUE,TRUE
Chicago,normal,BFGS,50,2008-06-01,2018-05-29,10.160405033745882,8.990311535716016,10.163292551085746,8.98196670286168,0.0033999999999650755,6.000000000009701e-4,TRUE,TRUE,TRUE
Chicago,normal,BFGS,51,2008-11-30,2018-11-27,10.17525426090783,9.032907060697731,10.180146510930596,9.025088471469141,0.0037333333333663178,6.333333333410943e-4,TRUE,TRUE,TRUE
Chicago,normal,BFGS,52,2009-05-31,2019-05-28,10.196952585495694,8.997633949070915,10.199567556679904,8.994027963757414,0.004000000000087311,6.666666665599526e-4,TRUE,TRUE,TRUE
Chicago,normal,BFGS,53,2009-11-29,2019-11-26,10.209545621943453,9.060076753492602,10.213568303438025,9.057318329399985,0.0038333333332654243,6.666666666812186e-4,TRUE,TRUE,TRUE
Chicago,normal,BFGS,54,2010-05-30,2020-05-26,10.210756438448232,9.017834614207592,10.214710890384206,9.015743244176885,0.005133333333409003,7.666666665803253e-4,TRUE,TRUE,TRUE
Chicago,normal,BFGS,55,2010-11-28,2020-11-24,10.185179386636754,8.99444927977607,10.188145615309924,8.991180927474643,0.003933333333285797,6.666666666812186e-4,TRUE,TRUE,TRUE
Chicago,normal,BFGS,56,2011-05-29,2021-05-25,10.274986178651414,8.943734554820573,10.278697733521096,8.939925125162214,0.0035666666666656966,6.333333333410943e-4,TRUE,TRUE,TRUE
Chicago,normal,BFGS,57,2011-11-27,2021-11-23,10.338977888642544,8.989641203251114,10.343541220252675,8.985962499336276,0.0034333333333051996,6.000000000009701e-4,TRUE,TRUE,TRUE
Chicago,normal,BFGS,58,2012-05-27,2022-05-24,10.221480863906656,9.07083464398341,10.225282503293416,9.069757826998728,0.0034000000000863413,6.000000000009701e-4,TRUE,TRUE,TRUE
Chicago,normal,BFGS,59,2012-11-25,2022-11-22,10.217566646926342,9.051475061345576,10.221281007196074,9.050373970183509,0.0037000000000261936,6.333333333410943e-4,TRUE,TRUE,TRUE
Chicago,normal,BFGS,60,2013-05-26,2023-05-23,10.253912910510172,9.028832174715289,10.260130232116506,9.02862759100281,0.003800000000046566,6.333333332198284e-4,TRUE,TRUE,TRUE
Chicago,normal,BFGS,61,2013-11-24,2023-11-21,10.285014430707735,9.022319811922578,10.289838416753314,9.021932653646997,0.0033666666666249513,6.000000000009701e-4,TRUE,TRUE,TRUE
Chicago,normal,BFGS,62,2014-05-25,2024-05-21,10.560891648391728,8.712779758391841,10.565213210587979,8.712344196778497,0.0038666666667268148,6.999999999000769e-4,TRUE,TRUE,TRUE
Chicago,normal,BFGS,63,2014-11-23,2024-11-19,10.70233755850331,8.764467323734303,10.706887138223502,8.762138252953658,0.0034333333333051996,6.000000000009701e-4,TRUE,TRUE,TRUE
Chicago,normal,BFGS,64,2015-05-24,2025-05-20,10.785343198073031,8.653107457651322,10.787153403949008,8.653637335676589,0.004166666666666667,7.000000000213428e-4,TRUE,TRUE,TRUE
Chicago,normal,BFGS,65,2015-11-22,2025-11-18,10.828524266270923,8.705111707403704,10.82887044963606,8.703212571061128,0.0034333333333051996,6.000000000009701e-4,TRUE,TRUE,TRUE
Chicago,normal,L-BFGS-B,1,1984-01-01,1993-12-28,8.936129192000001,8.423270504139808,8.936126994564106,8.423550964357672,0.0018000000000029104,2.6666666672099383e-4,TRUE,TRUE,TRUE
Chicago,normal,L-BFGS-B,2,1984-07-01,1994-06-28,8.920778175612435,8.50476745022238,8.921455793980359,8.500426713694797,0.00439999999992627,8.000000000417155e-4,TRUE,TRUE,TRUE
Chicago,normal,L-BFGS-B,3,1984-12-30,1994-12-27,8.963388146120101,8.50302328888207,8.92153378485618,8.499834399001035,0.0035333333333255725,2.6666666672099383e-4,TRUE,TRUE,TRUE
Chicago,normal,L-BFGS-B,4,1985-06-30,1995-06-27,8.996474462581704,8.398572661011581,8.994179276985097,8.396723948301599,0.005933333333329452,8.000000000417155e-4,TRUE,TRUE,TRUE
Chicago,normal,L-BFGS-B,5,1985-12-29,1995-12-26,9.076388786060596,8.43023578195031,9.074367752950131,8.430005953853911,0.004033333333427436,6.999999999000769e-4,TRUE,TRUE,TRUE
Chicago,normal,L-BFGS-B,6,1986-06-29,1996-06-25,9.034749127738651,8.435098410917874,9.032950476707637,8.433488763369319,0.003966666666625921,7.000000000213428e-4,TRUE,TRUE,TRUE
Chicago,normal,L-BFGS-B,7,1986-12-28,1996-12-24,9.060770464346847,8.454539863401944,9.059230485421807,8.455104034584238,0.003966666666747188,7.000000000213428e-4,TRUE,TRUE,TRUE
Chicago,normal,L-BFGS-B,8,1987-06-28,1997-06-24,8.926295030619594,8.495778009891437,8.924127002457759,8.4967194823421,0.003966666666625921,7.000000000213428e-4,TRUE,TRUE,TRUE
Chicago,normal,L-BFGS-B,9,1987-12-27,1997-12-23,8.95904413319932,8.500113565774223,8.956679738413712,8.501449198482153,0.003966666666625921,7.000000000213428e-4,TRUE,TRUE,TRUE
Chicago,normal,L-BFGS-B,10,1988-06-26,1998-06-23,9.081038878965966,8.376596287842036,9.079815128160703,8.378071266361182,0.006300000000070819,8.66666666721964e-4,TRUE,TRUE,TRUE
Chicago,normal,L-BFGS-B,11,1988-12-25,1998-12-22,9.212446124244638,8.406055929624166,9.212331153228517,8.407622048266747,0.004000000000087311,7.000000000213428e-4,TRUE,TRUE,TRUE
Chicago,normal,L-BFGS-B,12,1989-06-25,1999-06-22,9.272787609908216,8.40620011544546,9.274916867768278,8.408435017977139,0.0026666666666036085,5.333333333207217e-4,TRUE,TRUE,TRUE
Chicago,normal,L-BFGS-B,13,1989-12-24,1999-12-21,9.429058744081292,8.375822082312954,9.431310012496352,8.374674831253675,0.006300000000070819,8.333333333818397e-4,TRUE,TRUE,TRUE
Chicago,normal,L-BFGS-B,14,1990-06-24,2000-06-20,9.477101561006089,8.381527659024057,9.481715845908132,8.38138322285672,0.004000000000087311,7.33333333240201e-4,TRUE,TRUE,TRUE
Chicago,normal,L-BFGS-B,15,1990-12-23,2000-12-19,9.502001672464642,8.457226875870152,9.508079936046148,8.457166541020145,0.004433333333266395,7.666666667015912e-4,TRUE,TRUE,TRUE
Chicago,normal,L-BFGS-B,16,1991-06-23,2001-06-19,9.453475993475656,8.431295769988651,9.458879922550588,8.432224176821697,0.006333333333289678,7.999999999204495e-4,TRUE,TRUE,TRUE
Chicago,normal,L-BFGS-B,17,1991-12-22,2001-12-18,9.552440036116797,8.389501871950186,9.556322892326742,8.387742032277226,0.005933333333329452,8.333333333818397e-4,TRUE,TRUE,TRUE
Chicago,normal,L-BFGS-B,18,1992-06-21,2002-06-18,9.552416348818591,8.384278367956425,9.556314071798932,8.384736329512274,0.0026333333333847502,5.66666666660846e-4,TRUE,TRUE,TRUE
Chicago,normal,L-BFGS-B,19,1992-12-20,2002-12-17,9.667300204516039,8.488233606217777,9.673108557811567,8.489280607128359,0.0044666666666065185,8.000000000417155e-4,TRUE,TRUE,TRUE
Chicago,normal,L-BFGS-B,20,1993-06-20,2003-06-17,9.66729336394283,8.47161491964827,9.673096636919187,8.473117410854302,0.003100000000025223,5.333333333207217e-4,TRUE,TRUE,TRUE
Chicago,normal,L-BFGS-B,21,1993-12-19,2003-12-16,9.7409136626675,8.482700402096972,9.745946894811032,8.480841161369543,0.004033333333427436,7.000000000213428e-4,TRUE,TRUE,TRUE
Chicago,normal,L-BFGS-B,22,1994-06-19,2004-06-15,9.866900762789445,8.329572266689809,9.869931701269305,8.330659852512097,0.00643333333331005,9.666666666210707e-4,TRUE,TRUE,TRUE
Chicago,normal,L-BFGS-B,23,1994-12-18,2004-12-14,9.934420111125139,8.350644863835994,9.93905086783061,8.352793521790192,0.004033333333427436,7.000000000213428e-4,TRUE,TRUE,TRUE
Chicago,normal,L-BFGS-B,24,1995-06-18,2005-06-14,9.988023723122263,8.34054738320557,9.994742514270895,8.340186375513094,0.005100000000068879,0.0010666666667627092,TRUE,TRUE,TRUE
Chicago,normal,L-BFGS-B,25,1995-12-17,2005-12-13,10.09136142917466,8.37536897082357,10.097586426567654,8.374825745389963,0.004066666666646294,6.999999999000769e-4,TRUE,TRUE,TRUE
Chicago,normal,L-BFGS-B,26,1996-06-16,2006-06-13,10.237766220796804,8.25646154958342,10.244704220985836,8.254635987578874,0.006300000000070819,8.000000000417155e-4,TRUE,TRUE,TRUE
Chicago,normal,L-BFGS-B,27,1996-12-15,2006-12-12,10.311360337848269,8.32640906792111,10.317255555183829,8.322517132187484,0.0039999999999660455,7.000000000213428e-4,TRUE,TRUE,TRUE
Chicago,normal,L-BFGS-B,28,1997-06-15,2007-06-12,10.394158055942636,8.32194323247349,10.403855728656238,8.315607049220587,0.004433333333266395,0.0010999999999815675,TRUE,TRUE,TRUE
Chicago,normal,L-BFGS-B,29,1997-12-14,2007-12-11,10.480395636833912,8.3856777694414,10.488650862693337,8.376920437703909,0.004000000000087311,7.333333333614671e-4,TRUE,TRUE,TRUE
Chicago,normal,L-BFGS-B,30,1998-06-14,2008-06-10,10.343999082319314,8.499069217162532,10.353536662975456,8.488035393226713,0.004433333333387661,8.000000000417155e-4,TRUE,TRUE,TRUE
Chicago,normal,L-BFGS-B,31,1998-12-13,2008-12-09,10.274700216030519,8.483656635426525,10.282612382943638,8.471090548309457,0.005500000000029104,9.99999999961195e-4,TRUE,TRUE,TRUE
Chicago,normal,L-BFGS-B,32,1999-06-13,2009-06-09,10.171861156646967,8.551222647202563,10.1818673288239,8.534346581845561,0.004099999999986418,7.000000000213428e-4,TRUE,TRUE,TRUE
Chicago,normal,L-BFGS-B,33,1999-12-12,2009-12-08,10.119970801098207,8.519163701778549,10.130646343045324,8.505233165447953,0.00643333333331005,8.66666666600698e-4,TRUE,TRUE,TRUE
Chicago,normal,L-BFGS-B,34,2000-06-11,2010-06-08,10.069467642950999,8.572073666508823,10.077597399839261,8.55958732761839,0.00403333333330617,7.333333333614671e-4,TRUE,TRUE,TRUE
Chicago,normal,L-BFGS-B,35,2000-12-10,2010-12-07,10.155954399977153,8.637350885700634,10.163001822428862,8.623912987549401,0.00403333333330617,7.000000000213428e-4,TRUE,TRUE,TRUE
Chicago,normal,L-BFGS-B,36,2001-06-10,2011-06-07,10.155786978820448,8.630224562486323,10.148666789722522,8.617347220227293,0.0027000000000649985,0.0010333333334225851,TRUE,TRUE,TRUE
Chicago,normal,L-BFGS-B,37,2001-12-09,2011-12-06,10.156436198067372,8.659792697782892,10.16557814658876,8.64716587142117,0.0031666666665842056,7.000000000213428e-4,TRUE,TRUE,TRUE
Chicago,normal,L-BFGS-B,38,2002-06-09,2012-06-05,10.259599136969191,8.630636497352352,10.264044892465467,8.614580750278854,0.00643333333331005,8.66666666721964e-4,TRUE,TRUE,TRUE
Chicago,normal,L-BFGS-B,39,2002-12-08,2012-12-04,10.322086872081718,8.647666214455162,10.326401543896392,8.63124961703732,0.00403333333330617,7.33333333240201e-4,TRUE,TRUE,TRUE
Chicago,normal,L-BFGS-B,40,2003-06-08,2013-06-04,10.357214698527983,8.631265135043964,10.359030216670236,8.61449911173372,0.005933333333329452,9.99999999961195e-4,TRUE,TRUE,TRUE
Chicago,normal,L-BFGS-B,41,2003-12-07,2013-12-03,10.398691375353755,8.687756967931328,10.402099871867152,8.671947065826602,0.0039999999999660455,7.000000000213428e-4,TRUE,TRUE,TRUE
Chicago,normal,L-BFGS-B,42,2004-06-06,2014-06-03,10.213037222634046,8.940051117170984,10.216669950594527,8.92557249025924,0.0050000000000485064,8.66666666721964e-4,TRUE,TRUE,TRUE
Chicago,normal,L-BFGS-B,43,2004-12-05,2014-12-02,10.16297028264307,8.963485889991675,10.167292566510223,8.950728504098045,0.0039999999999660455,7.000000000213428e-4,TRUE,TRUE,TRUE
Chicago,normal,L-BFGS-B,44,2005-06-05,2015-06-02,10.078976643052577,9.080356626358403,10.082687351428083,9.066362173269658,0.008933333333334303,8.333333333818397e-4,TRUE,TRUE,TRUE
Chicago,normal,L-BFGS-B,45,2005-12-04,2015-12-01,10.041709604029455,9.005803425966423,10.046558741599672,8.992201830264763,0.006366666666629802,8.66666666600698e-4,TRUE,TRUE,TRUE
Chicago,normal,L-BFGS-B,46,2006-06-04,2016-05-31,10.028831040863695,9.02131262610145,10.031319455722437,9.009852771349964,0.004000000000087311,7.333333333614671e-4,TRUE,TRUE,TRUE
Chicago,normal,L-BFGS-B,47,2006-12-03,2016-11-29,10.134450258042218,9.06913396751256,10.13786360148281,9.057773096678034,0.004033333333427436,7.000000000213428e-4,TRUE,TRUE,TRUE
Chicago,normal,L-BFGS-B,48,2007-06-03,2017-05-30,10.158835557067597,8.998603039459327,10.160706464732577,8.988948343866886,0.005933333333329452,8.66666666600698e-4,TRUE,TRUE,TRUE
Chicago,normal,L-BFGS-B,49,2007-12-02,2017-11-28,10.158638735421745,8.978538943835009,10.145867693235255,8.968970638463292,0.0031666666665842056,7.333333333614671e-4,TRUE,TRUE,TRUE
Chicago,normal,L-BFGS-B,50,2008-06-01,2018-05-29,10.158877495665726,8.990370058953841,10.16329268588185,8.981971604816508,0.0031333333333653473,7.333333333614671e-4,TRUE,TRUE,TRUE
Chicago,normal,L-BFGS-B,51,2008-11-30,2018-11-27,10.175254007752207,9.03290817563103,10.180146247997683,9.02508903988022,0.004066666666646294,7.333333333614671e-4,TRUE,TRUE,TRUE
Chicago,normal,L-BFGS-B,52,2009-05-31,2019-05-28,10.175736969378397,8.997123738545278,10.199572124508192,8.99402346710922,0.0036000000000058208,7.000000000213428e-4,TRUE,TRUE,TRUE
Chicago,normal,L-BFGS-B,53,2009-11-29,2019-11-26,10.209541761718073,9.060072370308758,10.21363523233539,9.057256696007254,0.004066666666646294,7.666666667015912e-4,TRUE,TRUE,TRUE
Chicago,normal,L-BFGS-B,54,2010-05-30,2020-05-26,10.20959718226266,9.017894435541939,10.213658257062235,9.01574353474913,0.0039999999999660455,3.9999999996022476e-4,TRUE,TRUE,TRUE
Chicago,normal,L-BFGS-B,55,2010-11-28,2020-11-24,10.185008239911445,8.99439244308725,10.188147108272478,8.991178292327147,0.006400000000091192,7.000000000213428e-4,TRUE,TRUE,TRUE
Chicago,normal,L-BFGS-B,56,2011-05-29,2021-05-25,10.275083722056761,8.943718373785767,10.278760256413412,8.939914938637742,0.006399999999969926,8.66666666600698e-4,TRUE,TRUE,TRUE
Chicago,normal,L-BFGS-B,57,2011-11-27,2021-11-23,10.33897725290025,8.989642852452217,10.343540553968712,8.985964129113993,0.00403333333330617,7.333333333614671e-4,TRUE,TRUE,TRUE
Chicago,normal,L-BFGS-B,58,2012-05-27,2022-05-24,10.221498962665718,9.070826231585956,10.225303419248679,9.069747920777957,0.00403333333330617,7.000000000213428e-4,TRUE,TRUE,TRUE
Chicago,normal,L-BFGS-B,59,2012-11-25,2022-11-22,10.22145110178114,9.051473271202747,10.225133089909729,9.050505890612973,0.003166666666705472,5.000000001018634e-4,TRUE,TRUE,TRUE
Chicago,normal,L-BFGS-B,60,2013-05-26,2023-05-23,10.254067753369403,9.02879065154892,10.260313948666719,9.028446542834015,0.006399999999969926,7.666666665803253e-4,TRUE,TRUE,TRUE
Chicago,normal,L-BFGS-B,61,2013-11-24,2023-11-21,10.285165139642027,9.022283363799202,10.29010931473722,9.021828016914352,0.005533333333369228,0.0010999999999815675,TRUE,TRUE,TRUE
Chicago,normal,L-BFGS-B,62,2014-05-25,2024-05-21,10.560824229570704,8.712777188962546,10.565240347953358,8.712335259849986,0.006399999999969926,9.333333332809464e-4,TRUE,TRUE,TRUE
Chicago,normal,L-BFGS-B,63,2014-11-23,2024-11-19,10.702333486990877,8.764465550237087,10.706883513104968,8.762136993689039,0.0039999999999660455,7.33333333240201e-4,TRUE,TRUE,TRUE
Chicago,normal,L-BFGS-B,64,2015-05-24,2025-05-20,10.785438089623439,8.653065589848351,10.787437434042289,8.653780512136056,0.0063666666667510675,7.666666667015912e-4,TRUE,TRUE,TRUE
Chicago,normal,L-BFGS-B,65,2015-11-22,2025-11-18,10.82852521676643,8.705116545554016,10.828871583159906,8.703217592901742,0.004000000000087311,6.999999999000769e-4,TRUE,TRUE,TRUE
Chicago,logistic,BFGS,1,1984-01-01,1993-12-28,9.072337204942336,9.081187923416065,9.075175610781509,9.076293651424416,0.0043666666665861465,6.000000000009701e-4,TRUE,TRUE,TRUE
Chicago,logistic,BFGS,2,1984-07-01,1994-06-28,9.086343895248165,9.152116075500007,9.089228602108255,9.143573597226213,0.004300000000027163,6.000000000009701e-4,TRUE,TRUE,TRUE
Chicago,logistic,BFGS,3,1984-12-30,1994-12-27,9.135152812489322,9.1480006906816609,9.137159883837334,9.138735136969858,0.004233333333346915,5.66666666660846e-4,TRUE,TRUE,TRUE
Chicago,logistic,BFGS,4,1985-06-30,1995-06-27,9.110080523435315,9.069681874949392,9.110536730119746,9.063140878873833,0.004366666666707412,6.000000000009701e-4,TRUE,TRUE,TRUE
Chicago,logistic,BFGS,5,1985-12-29,1995-12-26,9.141189510484468,9.120453203843018,9.14144649158722,9.11536538447515,0.004366666666707412,5.66666666660846e-4,TRUE,TRUE,TRUE
Chicago,logistic,BFGS,6,1986-06-29,1996-06-25,9.078777321559453,9.120526812797586,9.07861069290986,9.113950776191677,0.004233333333225649,6.000000000009701e-4,TRUE,TRUE,TRUE
Chicago,logistic,BFGS,7,1986-12-28,1996-12-24,9.101613975477093,9.14422009177773,9.101768978389611,9.141438832762972,0.004299999999905897,6.000000000009701e-4,TRUE,TRUE,TRUE
Chicago,logistic,BFGS,8,1987-06-28,1997-06-24,8.963576663339497,9.172574033316552,8.962648184154128,9.170930008415008,0.004433333333387661,5.66666666660846e-4,TRUE,TRUE,TRUE
Chicago,logistic,BFGS,9,1987-12-27,1997-12-23,9.005794627319904,9.188058263639942,9.00448589611976,9.186491188674689,0.00383333333338669,5.333333333207217e-4,TRUE,TRUE,TRUE
Chicago,logistic,BFGS,10,1988-06-26,1998-06-23,9.102085028086648,9.08339568698012,9.101105750590522,9.083008755082238,0.004333333333367288,5.66666666660846e-4,TRUE,TRUE,TRUE
Chicago,logistic,BFGS,11,1988-12-25,1998-12-22,9.253565814522585,9.118811494895217,9.252279236957607,9.117623817390662,0.004133333333326542,5.66666666660846e-4,TRUE,TRUE,TRUE
Chicago,logistic,BFGS,12,1989-06-25,1999-06-22,9.327273003718943,9.107447327180532,9.32756896357332,9.107122004767387,0.00439999999992627,6.666666666812186e-4,TRUE,TRUE,TRUE
Chicago,logistic,BFGS,13,1989-12-24,1999-12-21,9.470096172744693,9.078323157591075,9.471553684128967,9.07479820669277,0.004500000000067909,6.333333333410943e-4,TRUE,TRUE,TRUE
Chicago,logistic,BFGS,14,1990-06-24,2000-06-20,9.538629710863846,9.081483158152869,9.543533667821913,9.079431375748129,0.003900000000066939,6.333333333410943e-4,TRUE,TRUE,TRUE
Chicago,logistic,BFGS,15,1990-12-23,2000-12-19,9.575557702267782,9.172899063335866,9.582112619052175,9.171167266645735,0.004200000000006791,6.000000000009701e-4,TRUE,TRUE,TRUE
Chicago,logistic,BFGS,16,1991-06-23,2001-06-19,9.51249017216374,9.145058645946355,9.518414327379876,9.145295115899664,0.003966666666625921,5.333333333207217e-4,TRUE,TRUE,TRUE
Chicago,logistic,BFGS,17,1991-12-22,2001-12-18,9.629716224295858,9.082431113667253,9.633786647394624,9.080243289453584,0.004099999999986418,5.66666666660846e-4,TRUE,TRUE,TRUE
Chicago,logistic,BFGS,18,1992-06-21,2002-06-18,9.626860250111221,9.074096645885671,9.63395397759681,9.074155372643483,0.003966666666625921,6.333333333410943e-4,TRUE,TRUE,TRUE
Chicago,logistic,BFGS,19,1992-12-20,2002-12-17,9.725414419727652,9.197177196708136,9.73423280803322,9.198008793129116,0.004499999999946643,6.000000000009701e-4,TRUE,TRUE,TRUE
Chicago,logistic,BFGS,20,1993-06-20,2003-06-17,9.723205962320536,9.167756672354654,9.732313026004192,9.169437469216593,0.004599999999967016,6.333333333410943e-4,TRUE,TRUE,TRUE
Chicago,logistic,BFGS,21,1993-12-19,2003-12-16,9.822456905905382,9.181886130892444,9.831430661634215,9.179265989778223,0.004366666666707412,6.000000000009701e-4,TRUE,TRUE,TRUE
Chicago,logistic,BFGS,22,1994-06-19,2004-06-15,9.912074538739446,9.058502117922405,9.919430648878137,9.058405796806166,0.004400000000047536,5.66666666660846e-4,TRUE,TRUE,TRUE
Chicago,logistic,BFGS,23,1994-12-18,2004-12-14,9.982695469498966,9.083428035893137,9.991986387809522,9.085011385460906,0.0039999999999660455,5.333333333207217e-4,TRUE,TRUE,TRUE
Chicago,logistic,BFGS,24,1995-06-18,2005-06-14,10.040713560581068,9.078283542718069,10.052418618031602,9.076477233438963,0.004333333333367288,6.000000000009701e-4,TRUE,TRUE,TRUE
Chicago,logistic,BFGS,25,1995-12-17,2005-12-13,10.156664502957588,9.119572739392055,10.167503659472423,9.117691673809425,0.004466666666727784,6.000000000009701e-4,TRUE,TRUE,TRUE
Chicago,logistic,BFGS,26,1996-06-16,2006-06-13,10.295040869566455,9.00604369976412,10.306414057239595,9.002853593252635,0.004499999999946643,6.000000000009701e-4,TRUE,TRUE,TRUE
Chicago,logistic,BFGS,27,1996-12-15,2006-12-12,10.363042685927505,9.07579139107704,10.373336683554294,9.069433322172667,0.004499999999946643,5.66666666660846e-4,TRUE,TRUE,TRUE
Chicago,logistic,BFGS,28,1997-06-15,2007-06-12,10.47107773114207,9.066669187280864,10.485099846377365,9.056391995269255,0.004433333333387661,6.000000000009701e-4,TRUE,TRUE,TRUE
Chicago,logistic,BFGS,29,1997-12-14,2007-12-11,10.557976200827728,9.140169452564798,10.57080943042007,9.127076477724495,0.00439999999992627,6.000000000009701e-4,TRUE,TRUE,TRUE
Chicago,logistic,BFGS,30,1998-06-14,2008-06-10,10.432060496089155,9.25283462488279,10.445117779522528,9.237638366413883,0.004300000000027163,5.66666666660846e-4,TRUE,TRUE,TRUE
Chicago,logistic,BFGS,31,1998-12-13,2008-12-09,10.367875260716922,9.242408556149089,10.38029588102729,9.225792571569214,0.004466666666727784,6.000000000009701e-4,TRUE,TRUE,TRUE
Chicago,logistic,BFGS,32,1999-06-13,2009-06-09,10.276610779919237,9.305842442518347,10.289617825649618,9.285495226133044,0.003933333333285797,5.333333333207217e-4,TRUE,TRUE,TRUE
Chicago,logistic,BFGS,33,1999-12-12,2009-12-08,10.223398836210118,9.27225327179487,10.235937677748545,9.255340158136576,0.004099999999986418,5.66666666660846e-4,TRUE,TRUE,TRUE
Chicago,logistic,BFGS,34,2000-06-11,2010-06-08,10.17470631004906,9.340523088228705,10.18479235485956,9.324932370083005,0.00463333333330714,6.000000000009701e-4,TRUE,TRUE,TRUE
Chicago,logistic,BFGS,35,2000-12-10,2010-12-07,10.247948011213587,9.407570051927092,10.256404972067035,9.390420420638481,0.004400000000047536,6.000000000009701e-4,TRUE,TRUE,TRUE
Chicago,logistic,BFGS,36,2001-06-10,2011-06-07,10.216863383182279,9.411649054155086,10.223012275637636,9.395493740633878,0.004499999999946643,6.000000000009701e-4,TRUE,TRUE,TRUE
Chicago,logistic,BFGS,37,2001-12-09,2011-12-06,10.224562415701957,9.444806373649806,10.230653298862654,9.428545425228776,0.004266666666565774,6.000000000009701e-4,TRUE,TRUE,TRUE
Chicago,logistic,BFGS,38,2002-06-09,2012-06-05,10.349580869944235,9.409956247653753,10.352937387519413,9.38950694434758,0.00403333333330617,5.66666666660846e-4,TRUE,TRUE,TRUE
Chicago,logistic,BFGS,39,2002-12-08,2012-12-04,10.414494956268522,9.419137296198913,10.417900380506504,9.398669561499268,0.004299999999905897,6.333333333410943e-4,TRUE,TRUE,TRUE
Chicago,logistic,BFGS,40,2003-06-08,2013-06-04,10.446521646012298,9.411664161056107,10.446143825728162,9.390773053411728,0.0038333333332654243,4.999999999805975e-4,TRUE,TRUE,TRUE
Chicago,logistic,BFGS,41,2003-12-07,2013-12-03,10.485562546900864,9.48459193009349,10.486488089022135,9.464613013072325,0.004200000000006791,6.000000000009701e-4,TRUE,TRUE,TRUE
Chicago,logistic,BFGS,42,2004-06-06,2014-06-03,10.364488725957676,9.717974569426813,10.366415569941589,9.698491681433126,0.004333333333246022,6.000000000009701e-4,TRUE,TRUE,TRUE
Chicago,logistic,BFGS,43,2004-12-05,2014-12-02,10.299591889893597,9.74860961300527,10.301497017505556,9.731156350427222,0.0038333333332654243,5.333333333207217e-4,TRUE,TRUE,TRUE
Chicago,logistic,BFGS,44,2005-06-05,2015-06-02,10.246003893187273,9.86164939636766,10.245956397432295,9.843203821222076,0.004233333333346915,6.000000000009701e-4,TRUE,TRUE,TRUE
Chicago,logistic,BFGS,45,2005-12-04,2015-12-01,10.2292531344354,9.767245882813462,10.23040829317181,9.74934842615538,0.00463333333330714,6.000000000009701e-4,TRUE,TRUE,TRUE
Chicago,logistic,BFGS,46,2006-06-04,2016-05-31,10.220434953679591,9.777989779434717,10.219352556219555,9.763617056317727,0.004299999999905897,6.000000000009701e-4,TRUE,TRUE,TRUE
Chicago,logistic,BFGS,47,2006-12-03,2016-11-29,10.347579049086256,9.839009912682187,10.347347404688014,9.82492465748737,0.00439999999992627,5.66666666660846e-4,TRUE,TRUE,TRUE
Chicago,logistic,BFGS,48,2007-06-03,2017-05-30,10.343517489624421,9.770440992521563,10.341594270122588,9.758433704085416,0.004466666666727784,6.666666666812186e-4,TRUE,TRUE,TRUE
Chicago,logistic,BFGS,49,2007-12-02,2017-11-28,10.332953047421832,9.749172428759941,10.332961058956288,9.737746587625754,0.004066666666646294,5.66666666660846e-4,TRUE,TRUE,TRUE
Chicago,logistic,BFGS,50,2008-06-01,2018-05-29,10.356691425533421,9.760934462050624,10.357099776864159,9.751016501583758,0.004200000000006791,5.66666666660846e-4,TRUE,TRUE,TRUE
Chicago,logistic,BFGS,51,2008-11-30,2018-11-27,10.353411665151896,9.811377956971407,10.356459300496608,9.801864291293283,0.004333333333367288,6.000000000009701e-4,TRUE,TRUE,TRUE
Chicago,logistic,BFGS,52,2009-05-31,2019-05-28,10.358265719414677,9.77226715240345,10.361201716830992,9.766314176668716,0.004999999999927241,6.333333333410943e-4,TRUE,TRUE,TRUE
Chicago,logistic,BFGS,53,2009-11-29,2019-11-26,10.357237002596086,9.858313749848023,10.36223015576151,9.852654774954363,0.003166666666705472,6.000000000009701e-4,TRUE,TRUE,TRUE
Chicago,logistic,BFGS,54,2010-05-30,2020-05-26,10.32996432777366,9.813687433644633,10.333788656529926,9.809583497229106,0.004300000000027163,5.333333333207217e-4,TRUE,TRUE,TRUE
Chicago,logistic,BFGS,55,2010-11-28,2020-11-24,10.303933504366409,9.786441853798896,10.307386146439674,9.781357381308931,0.004099999999986418,5.333333333207217e-4,TRUE,TRUE,TRUE
Chicago,logistic,BFGS,56,2011-05-29,2021-05-25,10.403342630011817,9.715692884400708,10.4077949111584,9.709373144712002,0.004166666666666667,5.333333334419877e-4,TRUE,TRUE,TRUE
Chicago,logistic,BFGS,57,2011-11-27,2021-11-23,10.477415135395812,9.78486813028544,10.483058148431754,9.778913874921713,0.00439999999992627,6.333333333410943e-4,TRUE,TRUE,TRUE
Chicago,logistic,BFGS,58,2012-05-27,2022-05-24,10.351977797660984,9.882316510994547,10.357545632703353,9.88003160119538,0.004300000000027163,6.000000000009701e-4,TRUE,TRUE,TRUE
Chicago,logistic,BFGS,59,2012-11-25,2022-11-22,10.367650537841065,9.867222258003766,10.373373631925093,9.864804683833093,0.004099999999986418,5.66666666660846e-4,TRUE,TRUE,TRUE
Chicago,logistic,BFGS,60,2013-05-26,2023-05-23,10.40957240125211,9.826639635247039,10.419499463488721,9.824986167906454,0.004099999999986418,5.66666666660846e-4,TRUE,TRUE,TRUE
Chicago,logistic,BFGS,61,2013-11-24,2023-11-21,10.458143191220898,9.819381419032437,10.466718148802943,9.81794778249834,0.003933333333285797,5.333333333207217e-4,TRUE,TRUE,TRUE
Chicago,logistic,BFGS,62,2014-05-25,2024-05-21,10.673251588593034,9.504707986231672,10.681960716407131,9.503214475300597,0.004766666666667637,6.333333333410943e-4,TRUE,TRUE,TRUE
Chicago,logistic,BFGS,63,2014-11-23,2024-11-19,10.837184784966643,9.571809679712386,10.846821347665875,9.567765094315586,0.004599999999967016,6.000000000009701e-4,TRUE,TRUE,TRUE
Chicago,logistic,BFGS,64,2015-05-24,2025-05-20,10.892135202407962,9.464817035883554,10.900099637204889,9.463173304505741,0.0044666666666065185,5.66666666660846e-4,TRUE,TRUE,TRUE
Chicago,logistic,BFGS,65,2015-11-22,2025-11-18,10.924426002437382,9.527714487467497,10.931667873741247,9.5229549281417,0.004299999999905897,5.66666666660846e-4,TRUE,TRUE,TRUE
Chicago,logistic,L-BFGS-B,1,1984-01-01,1993-12-28,9.072504848718577,9.081320279667164,9.075239157562265,9.07641400658304,0.006266666666730695,7.666666667015912e-4,TRUE,TRUE,TRUE
Chicago,logistic,L-BFGS-B,2,1984-07-01,1994-06-28,9.08634394021746,9.152117179848037,9.089228627425163,9.143574493247307,0.0046333333334284054,6.333333333410943e-4,TRUE,TRUE,TRUE
Chicago,logistic,L-BFGS-B,3,1984-12-30,1994-12-27,9.135152767982696,9.148000518735598,9.137029649834181,9.13879332141898,0.004599999999967016,6.666666666812186e-4,TRUE,TRUE,TRUE
Chicago,logistic,L-BFGS-B,4,1985-06-30,1995-06-27,9.109992993236173,9.069773016375446,9.110421839152579,9.063208989179358,0.006966666666630772,7.000000000213428e-4,TRUE,TRUE,TRUE
Chicago,logistic,L-BFGS-B,5,1985-12-29,1995-12-26,9.141197414647962,9.120443378307808,9.141446290696358,9.115365990720168,0.00463333333330714,6.333333333410943e-4,TRUE,TRUE,TRUE
Chicago,logistic,L-BFGS-B,6,1986-06-29,1996-06-25,9.078777695340065,9.120526609112767,9.078610307978012,9.113950553755322,0.0030666666665638332,4.3333333342161496e-4,TRUE,TRUE,TRUE
Chicago,logistic,L-BFGS-B,7,1986-12-28,1996-12-24,9.101615384607454,9.144218364295101,9.1017713029232,9.141436263732553,0.004599999999967016,6.333333333410943e-4,TRUE,TRUE,TRUE
Chicago,logistic,L-BFGS-B,8,1987-06-28,1997-06-24,8.963578213486254,9.172572509209175,8.962644435934859,9.170930231139657,0.004599999999967016,6.333333333410943e-4,TRUE,TRUE,TRUE
Chicago,logistic,L-BFGS-B,9,1987-12-27,1997-12-23,9.005794552043207,9.18805929969196,9.004485818545904,9.186492190902339,0.004666666666647264,6.333333333410943e-4,TRUE,TRUE,TRUE
Chicago,logistic,L-BFGS-B,10,1988-06-26,1998-06-23,9.102170718886217,9.083395485050406,9.10110369561992,9.083011763841817,0.007566666666753008,6.333333333410943e-4,TRUE,TRUE,TRUE
Chicago,logistic,L-BFGS-B,11,1988-12-25,1998-12-22,9.253570301366604,9.11881155756084,9.252283893606808,9.117624156007647,0.00463333333330714,6.333333333410943e-4,TRUE,TRUE,TRUE
Chicago,logistic,L-BFGS-B,12,1989-06-25,1999-06-22,9.327250240372594,9.10744606309597,9.32754839690538,9.107120405183892,0.006599999999889405,9.99999999961195e-4,TRUE,TRUE,TRUE
Chicago,logistic,L-BFGS-B,13,1989-12-24,1999-12-21,9.470398517902566,9.078254505256853,9.471692447379843,9.074808494171078,0.0067333333333711685,7.666666667015912e-4,TRUE,TRUE,TRUE
Chicago,logistic,L-BFGS-B,14,1990-06-24,2000-06-20,9.538820189981141,9.081268968570871,9.543766724666929,9.079354884578205,0.004133333333326542,7.333333333614671e-4,TRUE,TRUE,TRUE
Chicago,logistic,L-BFGS-B,15,1990-12-23,2000-12-19,9.57555722679766,9.172902037254278,9.582112122759497,9.171169955692342,0.004599999999967016,6.333333333410943e-4,TRUE,TRUE,TRUE
Chicago,logistic,L-BFGS-B,16,1991-06-23,2001-06-19,9.512414816122309,9.145026626004674,9.518405923786142,9.145293985298686,0.00666666666669092,8.66666666600698e-4,TRUE,TRUE,TRUE
Chicago,logistic,L-BFGS-B,17,1991-12-22,2001-12-18,9.629991719236402,9.082482439813854,9.633819362888774,9.080248349125116,0.007566666666631742,8.000000000417155e-4,TRUE,TRUE,TRUE
Chicago,logistic,L-BFGS-B,18,1992-06-21,2002-06-18,9.629940291694867,9.07409995330251,9.633821484030154,9.074146755651954,0.002600000000044626,4.33333333300349e-4,TRUE,TRUE,TRUE
Chicago,logistic,L-BFGS-B,19,1992-12-20,2002-12-17,9.725420879209885,9.197152876314725,9.73423846073577,9.19798526005971,0.0046333333334284054,6.333333332198284e-4,TRUE,TRUE,TRUE
Chicago,logistic,L-BFGS-B,20,1993-06-20,2003-06-17,9.725386815218895,9.167762263592019,9.734193428414107,9.1694448602739,0.0035333333333255725,3.666666666201005e-4,TRUE,TRUE,TRUE
Chicago,logistic,L-BFGS-B,21,1993-12-19,2003-12-16,9.82245611474285,9.181886128612234,9.83142958942711,9.179266088290976,0.004566666666748157,6.333333333410943e-4,TRUE,TRUE,TRUE
Chicago,logistic,L-BFGS-B,22,1994-06-19,2004-06-15,9.912434730366119,9.058609587488233,9.919440498981539,9.058413109659575,0.007500000000072759,7.000000000213428e-4,TRUE,TRUE,TRUE
Chicago,logistic,L-BFGS-B,23,1994-12-18,2004-12-14,9.982695435672571,9.083429173912213,9.991986286798287,9.085012600859205,0.00463333333330714,6.333333333410943e-4,TRUE,TRUE,TRUE
Chicago,logistic,L-BFGS-B,24,1995-06-18,2005-06-14,10.040734373151475,9.07827920418183,10.052418404672489,9.076477235440072,0.0050999999999476135,7.666666667015912e-4,TRUE,TRUE,TRUE
Chicago,logistic,L-BFGS-B,25,1995-12-17,2005-12-13,10.156664599855645,9.119574499985465,10.167503721263472,9.117693398584416,0.00463333333330714,6.333333333410943e-4,TRUE,TRUE,TRUE
Chicago,logistic,L-BFGS-B,26,1996-06-16,2006-06-13,10.295057067723809,9.00605601826829,10.306414603327777,9.002854475216905,0.007099999999991269,7.333333333614671e-4,TRUE,TRUE,TRUE
Chicago,logistic,L-BFGS-B,27,1996-12-15,2006-12-12,10.363044534400034,9.075784380080703,10.373338050924973,9.06942740496297,0.004699999999987389,6.333333333410943e-4,TRUE,TRUE,TRUE
Chicago,logistic,L-BFGS-B,28,1997-06-15,2007-06-12,10.471152398279202,9.066649983249318,10.48514953398963,9.05640079770818,0.005266666666648235,9.99999999961195e-4,TRUE,TRUE,TRUE
Chicago,logistic,L-BFGS-B,29,1997-12-14,2007-12-11,10.557975393313544,9.1401657882455,10.570808458219672,9.12707351617579,0.004800000000007761,6.666666666812186e-4,TRUE,TRUE,TRUE
Chicago,logistic,L-BFGS-B,30,1998-06-14,2008-06-10,10.432064012195955,9.252828125507882,10.445121472671671,9.237632991736225,0.004766666666667637,6.333333333410943e-4,TRUE,TRUE,TRUE
Chicago,logistic,L-BFGS-B,31,1998-12-13,2008-12-09,10.36787544539228,9.242408679182422,10.380312977120392,9.22579269952611,0.005033333333267364,9.666666667423366e-4,TRUE,TRUE,TRUE
Chicago,logistic,L-BFGS-B,32,1999-06-13,2009-06-09,10.27661234830034,9.305842448634564,10.289619398944067,9.285495305616426,0.004699999999987389,6.666666666812186e-4,TRUE,TRUE,TRUE
Chicago,logistic,L-BFGS-B,33,1999-12-12,2009-12-08,10.223373389593485,9.272269562176243,10.235673986496924,9.255191756717666,0.006566666666670547,7.000000000213428e-4,TRUE,TRUE,TRUE
Chicago,logistic,L-BFGS-B,34,2000-06-11,2010-06-08,10.174699893205064,9.340511012620459,10.184786313365755,9.324920678384359,0.004700000000108655,6.333333333410943e-4,TRUE,TRUE,TRUE
Chicago,logistic,L-BFGS-B,35,2000-12-10,2010-12-07,10.247949186391649,9.407565030420534,10.256406068106884,9.39041568232142,0.00466666666676853,6.666666666812186e-4,TRUE,TRUE,TRUE
Chicago,logistic,L-BFGS-B,36,2001-06-10,2011-06-07,10.216941538231424,9.411690222589138,10.222936365332332,9.395478430793762,0.005200000000089252,7.666666667015912e-4,TRUE,TRUE,TRUE
Chicago,logistic,L-BFGS-B,37,2001-12-09,2011-12-06,10.224562388463786,9.444805783861812,10.23065327456182,9.428544777373759,0.00523333333330811,7.000000000213428e-4,TRUE,TRUE,TRUE
Chicago,logistic,L-BFGS-B,38,2002-06-09,2012-06-05,10.349691443843575,9.409980461773538,10.35332186985191,9.389407545347968,0.007066666666651145,8.000000000417155e-4,TRUE,TRUE,TRUE
Chicago,logistic,L-BFGS-B,39,2002-12-08,2012-12-04,10.414494730955228,9.419137266912104,10.417900157766876,9.398669545958803,0.004666666666647264,6.333333333410943e-4,TRUE,TRUE,TRUE
Chicago,logistic,L-BFGS-B,40,2003-06-08,2013-06-04,10.446681844360372,9.411554750695188,10.4461438045363,9.390775878230611,0.005200000000089252,8.000000000417155e-4,TRUE,TRUE,TRUE
Chicago,logistic,L-BFGS-B,41,2003-12-07,2013-12-03,10.48556225740417,9.484593057123535,10.486487779057583,9.464614077674618,0.004699999999987389,6.333333333410943e-4,TRUE,TRUE,TRUE
Chicago,logistic,L-BFGS-B,42,2004-06-06,2014-06-03,10.364489353570768,9.71797679650387,10.366416243055069,9.698493933916659,0.0051999999999679854,7.000000000213428e-4,TRUE,TRUE,TRUE
Chicago,logistic,L-BFGS-B,43,2004-12-05,2014-12-02,10.299592433577837,9.748610542944306,10.30149755750872,9.73115696621153,0.004699999999987389,6.333333333410943e-4,TRUE,TRUE,TRUE
Chicago,logistic,L-BFGS-B,44,2005-06-05,2015-06-02,10.246004532547653,9.861651765684158,10.245957067115125,9.843205805767772,0.004699999999987389,6.666666666812186e-4,TRUE,TRUE,TRUE
Chicago,logistic,L-BFGS-B,45,2005-12-04,2015-12-01,10.229253236012294,9.767245385483038,10.245448649098666,9.749197476787037,0.006633333333350796,3.666666666201005e-4,TRUE,TRUE,TRUE
Chicago,logistic,L-BFGS-B,46,2006-06-04,2016-05-31,10.220434317430206,9.777987296557408,10.219351568531248,9.763616296638181,0.005299999999988358,6.333333333410943e-4,TRUE,TRUE,TRUE
Chicago,logistic,L-BFGS-B,47,2006-12-03,2016-11-29,10.347575047081744,9.839011312894728,10.347343351297235,9.824926158984914,0.0047333333333275125,6.333333333410943e-4,TRUE,TRUE,TRUE
Chicago,logistic,L-BFGS-B,48,2007-06-03,2017-05-30,10.347344059807158,9.770212800749725,10.34718219459851,9.758384880945197,0.004933333333368258,3.9999999996022476e-4,TRUE,TRUE,TRUE
Chicago,logistic,L-BFGS-B,49,2007-12-02,2017-11-28,10.34713697549054,9.749013444304548,10.346443486814556,9.736833515327923,0.003500000000106714,6.666666666812186e-4,TRUE,TRUE,TRUE
Chicago,logistic,L-BFGS-B,50,2008-06-01,2018-05-29,10.356691657720136,9.760932065890833,10.35709986232292,9.751016337461273,0.005299999999988358,6.666666666812186e-4,TRUE,TRUE,TRUE
Chicago,logistic,L-BFGS-B,51,2008-11-30,2018-11-27,10.35618180151709,9.811328898539536,10.357003905226112,9.801828348093855,0.0036999999999049273,5.333333333207217e-4,TRUE,TRUE,TRUE
Chicago,logistic,L-BFGS-B,52,2009-05-31,2019-05-28,10.356282278013369,9.77221316757526,10.357208429000913,9.766583924439725,0.004933333333246992,4.3333333342161496e-4,TRUE,TRUE,TRUE
Chicago,logistic,L-BFGS-B,53,2009-11-29,2019-11-26,10.356618885254129,9.857878089852376,10.35802639146894,9.852405661307412,0.003666666666686069,4.999999999805975e-4,TRUE,TRUE,TRUE
Chicago,logistic,L-BFGS-B,54,2010-05-30,2020-05-26,10.329715498293638,9.813917803256931,10.333784683386849,9.809585639316566,0.0072000000000116415,6.666666665599526e-4,TRUE,TRUE,TRUE
Chicago,logistic,L-BFGS-B,55,2010-11-28,2020-11-24,10.329058088442844,9.785401488242458,10.307388159859002,9.78134460215665,0.004066666666646294,8.000000000417155e-4,TRUE,TRUE,TRUE
Chicago,logistic,L-BFGS-B,56,2011-05-29,2021-05-25,10.40334575022729,9.715691260662215,10.407818484599963,9.709369095998593,0.007233333333351766,7.666666667015912e-4,TRUE,TRUE,TRUE
Chicago,logistic,L-BFGS-B,57,2011-11-27,2021-11-23,10.477417513243136,9.784862290297086,10.48306036259414,9.778908214855708,0.004699999999987389,6.333333333410943e-4,TRUE,TRUE,TRUE
Chicago,logistic,L-BFGS-B,58,2012-05-27,2022-05-24,10.35197877125092,9.882310587545044,10.357546143700372,9.880024731110664,0.004666666666647264,6.333333333410943e-4,TRUE,TRUE,TRUE
Chicago,logistic,L-BFGS-B,59,2012-11-25,2022-11-22,10.367832817308377,9.867035948250491,10.373477564787306,9.86473794185354,0.006166666666710323,9.000000000620882e-4,TRUE,TRUE,TRUE
Chicago,logistic,L-BFGS-B,60,2013-05-26,2023-05-23,10.409608166074218,9.826657352080005,10.419572747323082,9.824930480620754,0.007133333333331393,7.000000000213428e-4,TRUE,TRUE,TRUE
Chicago,logistic,L-BFGS-B,61,2013-11-24,2023-11-21,10.458306389048479,9.819339181553314,10.466557618358483,9.817888986635593,0.005866666666649204,8.333333333818397e-4,TRUE,TRUE,TRUE
Chicago,logistic,L-BFGS-B,62,2014-05-25,2024-05-21,10.673477617787658,9.504693162147216,10.682011585304954,9.503199859869223,0.0077666666665512215,8.66666666600698e-4,TRUE,TRUE,TRUE
Chicago,logistic,L-BFGS-B,63,2014-11-23,2024-11-19,10.83717926913863,9.571814457453812,10.846816073640785,9.567769806132038,0.004766666666667637,6.333333333410943e-4,TRUE,TRUE,TRUE
Chicago,logistic,L-BFGS-B,64,2015-05-24,2025-05-20,10.892334570788513,9.464965079770359,10.90029935288799,9.463283188983503,0.0072000000000116415,7.333333333614671e-4,TRUE,TRUE,TRUE
Chicago,logistic,L-BFGS-B,65,2015-11-22,2025-11-18,10.924425816719207,9.527715558587902,10.931667702319794,9.522955837598152,0.004766666666667637,6.333333333410943e-4,TRUE,TRUE,TRUE
