date,T2M,RH2M,THI
1984-01-01,21.77,71.73,20.63962405
1984-01-02,20.8,70.6,19.78129
1984-01-03,17.33,57.33,16.66584145
1984-01-04,16.91,63.28,16.4232764
1984-01-05,23.68,51.14,21.2130586
1984-01-06,20.92,69.7,19.850107
1984-01-07,17.83,65.96,17.206557399999998
1984-01-08,17.97,65.96,17.320346599999997
1984-01-09,17.84,68.65,17.2641005
1984-01-10,17.4,67.84,16.887048
1984-01-11,18.87,66.69,18.06939415
1984-01-12,20.9,64.71,19.657791999999997
1984-01-13,23.31,58.26,21.2874883
1984-01-14,24.16,48.78,21.4386814
1984-01-15,21.13,80.34,20.4130981
1984-01-16,15.94,57.21,15.601103199999999
1984-01-17,15.12,64.94,15.000445399999998
1984-01-18,16.11,61.48,15.7689054
1984-01-19,17.44,68.75,16.934687500000003
1984-01-20,17.18,66.58,16.6873892
1984-01-21,15.86,66.34,15.6082232
1984-01-22,15.73,61.88,15.4721182
1984-01-23,21.97,53.59,20.06324515
1984-01-24,22.61,69.03,21.22858315
1984-01-25,17.14,78.73,16.8311596
1984-01-26,16.38,59.82,15.9645388
1984-01-27,15.97,60.95,15.65428075
1984-01-28,18.55,58.93,17.63516575
1984-01-29,18.01,70.31,17.43683455
1984-01-30,15.76,68.99,15.545100699999999
1984-01-31,16.3,68.02,15.983398000000001
1984-02-01,16.53,62.29,16.10896785
1984-02-02,19.94,53.25,18.541240000000002
1984-02-03,21.57,52.77,19.73346145
1984-02-04,18.92,66.58,18.1075598
1984-02-05,20.38,59.81,19.0802554
1984-02-06,22.27,71,21.030685
1984-02-07,18.14,67.24,17.4841448
1984-02-08,17.69,69.53,17.155403850000003
1984-02-09,17.03,64.48,16.535739200000002
1984-02-10,17.62,67.97,17.0703652
1984-02-11,23.67,49.99,21.14774565
1984-02-12,19.85,55.18,18.5311715
1984-02-13,18.2,55.7,17.298495
1984-02-14,20,54.33,18.6184825
1984-02-15,22.35,63.11,20.757274250000002
1984-02-16,19.35,66.94,18.468124500000002
1984-02-17,20.34,67.02,19.2806824
1984-02-18,21.94,65.47,20.5270324
1984-02-19,25.55,55.37,22.83761175
1984-02-20,22.98,70.61,21.6092504
1984-02-21,18.17,72.83,17.62157355
1984-02-22,22.49,57.13,20.60607785
1984-02-23,17.31,59.02,16.6766541
1984-02-24,16.32,64.75,15.9671475
1984-02-25,17.68,69.11,17.1397339
1984-02-26,26.25,51.45,23.11245625
1984-02-27,18.85,62.44,17.951377
1984-02-28,15.37,64.62,15.2007067
1984-02-29,16.37,66.94,16.029977900000002
1984-03-01,15.13,64.87,15.008274550000001
1984-03-02,14.45,72.25,14.457631249999999
1984-03-03,16.08,73.98,15.853886199999998
1984-03-04,18.1,64.13,17.389774
1984-03-05,20.67,53.44,19.0899864
1984-03-06,24.58,40.61,21.2874184
1984-03-07,16.72,59.58,16.2264718
1984-03-08,14.75,60.99,14.69636125
1984-03-09,16.5,60.93,16.07023
1984-03-10,20.83,53.63,19.215628449999997
1984-03-11,17.29,65.13,16.75491985
1984-03-12,20.43,42.91,18.56800965
1984-03-13,15.05,65.54,14.9457585
1984-03-14,14.02,76.49,14.0820664
1984-03-15,15.46,75.38,15.3300064
1984-03-16,15.89,74.73,15.69681085
1984-03-17,19.88,55.78,18.571530199999998
1984-03-18,18.05,68.73,17.43945325
1984-03-19,15.67,81.38,15.5501803
1984-03-20,15.86,82.43,15.7285764
1984-03-21,16.75,76.09,16.45411375
1984-03-22,19.32,70.15,18.5286765
1984-03-23,20.4,66.71,19.319739499999997
1984-03-24,19.14,79.83,18.6252616
1984-03-25,14.2,67.96,14.252866
1984-03-26,13.94,70.23,14.0316916
1984-03-27,12.01,70.53,12.41359165
1984-03-28,13.61,70.23,13.755724149999999
1984-03-29,17.03,55.46,16.4102259
1984-03-30,17.04,74.6,16.685162
1984-03-31,13.88,77.34,13.957270600000001
1984-04-01,14.08,78.49,14.129688100000001
1984-04-02,16.62,71.08,16.2827928
1984-04-03,12.96,70.89,13.2065617
1984-04-04,13.4,69.29,13.5857955
1984-04-05,13.74,74,13.84868
1984-04-06,14.78,77.45,14.745273
1984-04-07,14.34,75.02,14.3619824
1984-04-08,14.12,74.81,14.172647099999999
1984-04-09,14.3,77.12,14.325168000000001
1984-04-10,15.8,69.3,15.580495
1984-04-11,16.61,64.58,16.1989509
1984-04-12,16.18,68.32,15.8872768
1984-04-13,17.15,55.16,16.496457
1984-04-14,17.24,56.1,16.578426999999998
1984-04-15,17.06,67.24,16.598739199999997
1984-04-16,14.33,84.56,14.3444364
1984-04-17,14.72,63.53,14.6758713
1984-04-18,12.01,81.17,12.26787685
1984-04-19,13.67,81.79,13.75312865
1984-04-20,13.7,90.34,13.742503999999998
1984-04-21,12.9,83.58,13.044496
1984-04-22,15.85,65.78,15.5959165
1984-04-23,12.46,72.99,12.7630522
1984-04-24,12.22,81.32,12.454247200000001
1984-04-25,12.49,83.96,12.667322200000001
1984-04-26,12.69,86.65,12.822899249999999
1984-04-27,13.71,81.31,13.791208050000002
1984-04-28,13.56,79.02,13.6684666
1984-04-29,12.65,84.06,12.8121895
1984-04-30,14.02,74.15,14.088244
1984-05-01,14.92,71.85,14.8549735
1984-05-02,15.89,68.31,15.64772995
1984-05-03,13.14,81.69,13.276958800000001
1984-05-04,10.55,77.51,11.03859525
1984-05-05,9.9,78.69,10.439143000000001
1984-05-06,9.55,86.59,9.915087250000001
1984-05-07,9.69,88.37,9.99767165
1984-05-08,9.73,85.51,10.110145150000001
1984-05-09,10.01,82.74,10.436235700000001
1984-05-10,12.18,76.56,12.4790944
1984-05-11,11.59,76.21,11.97075895
1984-05-12,10.43,80.56,10.8651644
1984-05-13,10.96,77.02,11.407420600000002
1984-05-14,11.19,80.99,11.53607705
1984-05-15,10.38,72.24,11.009041600000002
1984-05-16,11.47,66.03,12.036110050000001
1984-05-17,12.75,62.99,13.10622125
1984-05-18,14.34,69.32,14.3669984
1984-05-19,13.78,81.31,13.8540124
1984-05-20,13.07,77.76,13.2449176
1984-05-21,14.34,70.12,14.3662944
1984-05-22,12.57,82.97,12.75077345
1984-05-23,11.74,81.33,12.0234106
1984-05-24,10.86,86.48,11.1306704
1984-05-25,10.68,84.13,11.0134287
1984-05-26,12.76,74.96,12.9996328
1984-05-27,11.94,81.22,12.2044224
1984-05-28,11.52,76.37,11.9072957
1984-05-29,11.27,87.88,11.4853118
1984-05-30,12.6,87.7,12.728534999999999
1984-05-31,13.33,76.87,13.47884155
1984-06-01,10.18,85.54,10.5235696
1984-06-02,11.91,80.42,12.188917100000001
1984-06-03,12.21,87.93,12.36202165
1984-06-04,11.97,91.66,12.0860511
1984-06-05,11.2,88.61,11.4067285
1984-06-06,11.87,72.61,12.26619635
1984-06-07,13.29,73.53,13.46615785
1984-06-08,10.48,81.38,10.8916882
1984-06-09,9.36,85.36,9.7738728
1984-06-10,9.3,87.82,9.648348
1984-06-11,9.31,88.51,9.637982050000002
1984-06-12,9.1,81,9.6643
1984-06-13,7.55,79.51,8.33323025
1984-06-14,10.2,82.24,10.620023999999999
1984-06-15,12.82,79.13,13.0128388
1984-06-16,9.04,89.55,9.3538135
1984-06-17,9.69,89.39,9.97068755
1984-06-18,9.69,78.48,10.2593116
1984-06-19,9.31,81.76,9.8306608
1984-06-20,8.52,85.97,8.9814467
1984-06-21,8.39,76.21,9.189462950000001
1984-06-22,9.37,62.1,10.4393485
1984-06-23,10.45,66.36,11.199330999999999
1984-06-24,9.86,86.52,10.2040096
1984-06-25,9.85,89.93,10.10754025
1984-06-26,8.74,92.79,8.9684128
1984-06-27,8.26,93.13,8.4957784
1984-06-28,9.2,91.95,9.4346575
1984-06-29,9.45,84.91,9.86912475
1984-06-30,10.9,87.26,11.152252
1984-07-01,8.65,82.45,9.21467125
1984-07-02,6.75,84.26,7.4209175
1984-07-03,7.77,91.08,8.1001738
1984-07-04,8.94,83.97,9.4301974
1984-07-05,7.61,87.46,8.085203300000002
1984-07-06,7.25,80.07,8.044708750000002
1984-07-07,6.73,92.73,7.04068345
1984-07-08,8.62,75.67,9.4068322
1984-07-09,8.39,85.36,8.881977200000001
1984-07-10,7.46,89.25,7.876240000000001
1984-07-11,8.81,84.09,9.307903450000001
1984-07-12,8.46,87.15,8.886877000000002
1984-07-13,6.13,85.84,6.7818556
1984-07-14,3.81,87.56,4.5414098
1984-07-15,7.63,84.94,8.1990421
1984-07-16,7.25,91.46,7.5905325
1984-07-17,7.74,88.55,8.165711000000002
1984-07-18,8.22,82.68,8.8182328
1984-07-19,7.31,93.01,7.5864195500000005
1984-07-20,8.65,92.03,8.90643475
1984-07-21,7.81,90.06,8.1757423
1984-07-22,8.12,93.97,8.3315927
1984-07-23,9.32,91.56,9.560455600000001
1984-07-24,8.99,96.16,9.106371200000002
1984-07-25,7.49,90.78,7.845477100000001
1984-07-26,7.69,83.65,8.302389250000001
1984-07-27,8.65,86.92,9.070849
1984-07-28,9.53,92.86,9.7251719
1984-07-29,7.48,90.27,7.8556753000000015
1984-07-30,9.63,85.48,10.018918200000002
1984-07-31,10.33,88.47,10.59444055
1984-08-01,10.45,89.09,10.69302025
1984-08-02,9.7,82.01,10.174935999999999
1984-08-03,10.16,82.15,10.5860795
1984-08-04,10.92,83.29,11.2490199
1984-08-05,9.27,95.61,9.39627835
1984-08-06,10.02,86.71,10.3474656
1984-08-07,11.31,77.57,11.70353435
1984-08-08,10.77,74.58,11.2914913
1984-08-09,9.06,86.25,9.471400000000001
1984-08-10,7.87,87.57,8.32325995
1984-08-11,9.76,83.51,10.1898943
1984-08-12,10.1,83.44,10.500752
1984-08-13,9.79,85.93,10.15448335
1984-08-14,9.5,85.53,9.897925
1984-08-15,8.5,90.73,8.80591
1984-08-16,7.42,85.42,7.9877452
1984-08-17,9.49,81.59,9.997287550000001
1984-08-18,8.79,82.58,9.3370751
1984-08-19,8.17,83.02,8.761158700000001
1984-08-20,9.34,88.51,9.6660862
1984-08-21,9.25,85.45,9.67013125
1984-08-22,9.17,84.1,9.6361085
1984-08-23,9.98,77.3,10.544322000000001
1984-08-24,9.1,86.7,9.49501
1984-08-25,8.77,85.86,9.2156221
1984-08-26,9.82,87.07,10.1528182
1984-08-27,7.64,88.27,8.0825729
1984-08-28,9.03,91.9,9.2736885
1984-08-29,8.91,86.93,9.31183715
1984-08-30,10.62,79.19,11.0640854
1984-08-31,10.77,78.78,11.2053283
1984-09-01,11.48,84.17,11.7429363
1984-09-02,11.46,82.29,11.756111200000001
1984-09-03,11.18,81.54,11.517079599999999
1984-09-04,8.73,83.56,9.251723400000001
1984-09-05,8.18,88.62,8.5755688
1984-09-06,11.84,72.32,12.2449584
1984-09-07,11.83,79.26,12.1345669
1984-09-08,10.49,84.61,10.82942645
1984-09-09,11.95,77.86,12.2605135
1984-09-10,12.73,78.04,12.9437806
1984-09-11,7.03,83.86,7.693111900000001
1984-09-12,9.97,73.97,10.618537450000002
1984-09-13,10.66,71.19,11.2684672
1984-09-14,10.2,74.32,10.807331999999999
1984-09-15,11.52,78.89,11.8659929
1984-09-16,11.25,87.29,11.47719125
1984-09-17,9.67,91.14,9.9053659
1984-09-18,10.38,93.97,10.516639800000002
1984-09-19,11.61,94.68,11.6945614
1984-09-20,11.06,91.38,11.2230904
1984-09-21,8.82,85.79,9.2639204
1984-09-22,8.18,83.87,8.7406788
1984-09-23,8.91,86.82,9.3152191
1984-09-24,8.87,82.27,9.419009449999999
1984-09-25,9.56,81.07,10.0743281
1984-09-26,9.78,84.48,10.1828992
1984-09-27,10.27,80.72,10.7185492
1984-09-28,7.91,77.64,8.7204382
1984-09-29,8.43,75.6,9.244594000000001
1984-09-30,8.83,82.99,9.36045685
1984-10-01,12.59,75.08,12.8517846
1984-10-02,15.48,79.21,15.3679419
1984-10-03,12.41,88.17,12.545985850000001
1984-10-04,11.2,85.33,11.466260499999999
1984-10-05,12.26,78.82,12.5209376
1984-10-06,12.51,77.69,12.75418295
1984-10-07,15.41,76.7,15.293383500000001
1984-10-08,18.04,71.97,17.4942559
1984-10-09,14.59,77.52,14.5788724
1984-10-10,11.19,78.5,11.5814075
1984-10-11,13.5,74.22,13.64179
1984-10-12,16.94,62.35,16.434737000000002
1984-10-13,13.04,81.16,13.1912852
1984-10-14,12.94,79.19,13.1185498
1984-10-15,11.62,80.17,11.9341072
1984-10-16,7.28,77.66,8.167121400000001
1984-10-17,9.11,76.48,9.8072504
1984-10-18,10.69,82.32,11.0604844
1984-10-19,11.44,82.79,11.7296443
1984-10-20,11.21,73.98,11.680831900000001
1984-10-21,10.45,79.01,10.91755225
1984-10-22,13.72,80.69,13.8028399
1984-10-23,16.35,64.83,15.99214525
1984-10-24,15.42,78.37,15.3105522
1984-10-25,13.18,76.58,13.3500292
1984-10-26,13.29,82.4,13.407128
1984-10-27,16.15,74.73,15.920674749999998
1984-10-28,11.61,73.39,12.03296595
1984-10-29,11.96,72.74,12.340822200000002
1984-10-30,12.49,65.81,12.86797045
1984-10-31,14.8,72.38,14.754427
1984-11-01,16.93,73.5,16.5758275
1984-11-02,16.03,81.76,15.8765104
1984-11-03,14.36,81.26,14.3744298
1984-11-04,12.81,73.93,13.05232065
1984-11-05,12.64,73.94,12.906593800000001
1984-11-06,15.07,75.38,14.9928163
1984-11-07,16.66,71.62,16.3228456
1984-11-08,19.39,70.82,18.6052039
1984-11-09,22.44,66.47,20.975744900000002
1984-11-10,19.48,73.82,18.7629298
1984-11-11,15.3,76.06,15.194664000000001
1984-11-12,14.08,80.38,14.1253222
1984-11-13,14.25,79.32,14.278435
1984-11-14,14.24,73.61,14.2777377
1984-11-15,12.48,68.12,12.834186800000001
1984-11-16,19.73,52.07,18.35129355
1984-11-17,18.05,69.45,17.453511250000002
1984-11-18,23.32,52.78,21.0293578
1984-11-19,19.63,64.22,18.620467299999998
1984-11-20,18.1,64.46,17.396308
1984-11-21,14.6,62.73,14.5795015
1984-11-22,11.9,72.47,12.293679000000001
1984-11-23,12.6,80.8,12.80064
1984-11-24,14.01,66.05,14.10149525
1984-11-25,18.82,57.15,17.801884
1984-11-26,23.42,43.59,20.652525400000002
1984-11-27,17.42,67.43,16.896925800000002
1984-11-28,15.52,62.12,15.3074932
1984-11-29,14.74,60.99,14.6885068
1984-11-30,14.38,63.39,14.404162600000001
1984-12-01,18.06,56.04,17.199263199999997
1984-12-02,16.32,66.35,15.9831635
1984-12-03,11.81,70.86,12.241126300000001
1984-12-04,13.71,75.71,13.815540050000001
1984-12-05,13.48,72.72,13.6330408
1984-12-06,14.11,74.68,14.164311399999999
1984-12-07,16.02,65.27,15.7296572
1984-12-08,15.93,57.91,15.59896215
1984-12-09,16.76,61,16.27523
1984-12-10,18.68,60.65,17.775343499999998
1984-12-11,16.74,64.53,16.3030096
1984-12-12,16.87,60.65,16.35707275
1984-12-13,16.02,74.75,15.80891
1984-12-14,16.13,76.19,15.91654335
1984-12-15,15.76,67.89,15.5374777
1984-12-16,17.23,66.3,16.7239945
1984-12-17,19.62,55.52,18.3674432
1984-12-18,16.18,59.35,15.804394
1984-12-19,15.43,67.83,15.26545045
1984-12-20,13.86,65.93,13.9799264
1984-12-21,17.06,64.62,16.5618496
1984-12-22,16.7,64.46,16.269966
1984-12-23,19.59,61.96,18.5250702
1984-12-24,21.18,54.22,19.4980428
1984-12-25,15.55,73.72,15.398233000000001
1984-12-26,14.71,68.48,14.6735944
1984-12-27,16.08,57.71,15.7124999
1984-12-28,17.88,70.41,17.3299219
1984-12-29,21.09,64.72,19.8112764
1984-12-30,20.98,64.44,19.7126416
1984-12-31,17.99,64.86,17.3154877
1985-01-01,17.95,68.61,17.354374749999998
1985-01-02,15.64,76.74,15.4941598
1985-01-03,16.9,62.91,16.410411999999997
1985-01-04,19.59,54.82,18.3251859
1985-01-05,15.45,58.88,15.235147999999999
1985-01-06,16.78,62.69,16.3121326
1985-01-07,17.66,59.91,16.9632358
1985-01-08,16.9,70.24,16.507168
1985-01-09,16.28,64.34,15.930888600000001
1985-01-10,16.62,66.11,16.224842600000002
1985-01-11,17.21,68.76,16.7443678
1985-01-12,22.03,46.47,19.81305505
1985-01-13,24.98,41.36,21.5999904
1985-01-14,25.82,47.94,22.578744399999998
1985-01-15,17.09,67.31,16.62433095
1985-01-16,15.9,67.23,15.647671
1985-01-17,14.73,63.2,14.683448
1985-01-18,14.49,62.08,14.4920856
1985-01-19,15.69,65.82,15.4662919
1985-01-20,16.12,62.77,15.788280700000001
1985-01-21,19.88,53.06,18.491045399999997
1985-01-22,17.64,65.04,17.0362408
1985-01-23,17.59,66.18,17.0152291
1985-01-24,16.56,68.4,16.201971999999998
1985-01-25,19.39,57.78,18.2544931
1985-01-26,25.43,40.55,21.856163249999998
1985-01-27,18.51,62.47,17.68227585
1985-01-28,18.66,63.4,17.822592
1985-01-29,22.45,48.62,20.2034095
1985-01-30,24.5,51.87,21.85285
1985-01-31,17.14,60.42,16.5652984
1985-02-01,16.6,62.2,16.163410000000002
1985-02-02,23.07,41.19,20.29799065
1985-02-03,27.57,26.17,22.26273045
1985-02-04,20.25,69.08,19.272154999999998
1985-02-05,22.57,64.02,20.9730277
1985-02-06,16.79,65.1,16.3504345
1985-02-07,15.74,63.31,15.4897742
1985-02-08,17.86,65.67,17.225581599999998
1985-02-09,18.64,65.09,17.8450993
1985-02-10,17.35,66.72,16.828336
1985-02-11,21.82,55.92,20.0453392
1985-02-12,22.87,53.24,20.717403400000002
1985-02-13,18.63,60.86,17.7409349
1985-02-14,16.98,61.29,16.4519956
1985-02-15,23.39,41.77,20.54284415
1985-02-16,16.22,62.44,15.8646824
1985-02-17,15.94,68.01,15.6866392
1985-02-18,16.72,67.7,16.325616999999998
1985-02-19,22.21,51.59,20.15717395
1985-02-20,21.12,65.47,19.8627627
1985-02-21,24.61,45.56,21.5828638
1985-02-22,18.45,61.49,17.61337025
1985-02-23,16.7,65.29,16.280009
1985-02-24,20.47,68.13,19.42354855
1985-02-25,17.1,66.89,16.626527
1985-02-26,14.06,58.9,14.159462
1985-02-27,16.8,54.1,16.219365
1985-02-28,15.8,69.7,15.583355000000001
1985-03-01,20.14,50.23,18.5961346
1985-03-02,17.5,68.59,16.981735
1985-03-03,19.55,51.25,18.19596875
1985-03-04,13.86,63.4,13.988832
1985-03-05,14.91,74.29,14.85202395
1985-03-06,14.78,76.51,14.743825399999999
1985-03-07,18.98,62.69,18.0606816
1985-03-08,20.76,59.85,19.3776355
1985-03-09,22.8,54.75,20.7343375
1985-03-10,23.89,53.55,21.49108975
1985-03-11,26.05,44.7,22.5370675
1985-03-12,22.95,66.45,21.390763749999998
1985-03-13,27.52,44.66,23.5571026
1985-03-14,26.5,44.71,22.850859999999997
1985-03-15,23.55,63.17,21.71678675
1985-03-16,17.24,89.59,17.0831213
1985-03-17,16.54,88.8,16.414336
1985-03-18,17.8,87.12,17.566228
1985-03-19,20.27,79.01,19.60388235
1985-03-20,22.05,68.97,20.76147925
1985-03-21,21.11,74.65,20.18840075
1985-03-22,23.56,64.37,21.784557099999997
1985-03-23,20.87,77.13,20.06874955
1985-03-24,16.14,76.92,15.931818400000001
1985-03-25,16.43,73.11,16.14456265
1985-03-26,17.01,68.95,16.581354750000003
1985-03-27,19.27,71.53,18.523089549999998
1985-03-28,18.71,76.95,18.176277250000002
1985-03-29,16.3,77.74,16.079626
1985-03-30,19.05,65.85,18.19539625
1985-03-31,20.52,64.51,19.3449261
1985-04-01,16.56,87.69,16.420527699999997
1985-04-02,16.17,88.38,16.063270300000003
1985-04-03,18.2,83.67,17.8676845
1985-04-04,17.32,84.36,17.0774236
1985-04-05,17.74,83.18,17.4402676
1985-04-06,16.61,89.37,16.48663885
1985-04-07,18.66,81.09,18.2273392
1985-04-08,18.19,83.61,17.85736495
1985-04-09,16.89,84.09,16.68086305
1985-04-10,19.69,66.37,18.73003165
1985-04-11,21.62,55.61,19.8816876
1985-04-12,23.14,56.35,21.065752
1985-04-13,22.85,55.73,20.81690025
1985-04-14,18.3,75.51,17.788159
1985-04-15,13.37,81,13.488085
1985-04-16,11.03,77.05,11.46800075
1985-04-17,10.3,83.18,10.688542
1985-04-18,11.66,82.75,11.929445000000001
1985-04-19,13.36,77.69,13.4998837
1985-04-20,11.94,79.48,12.2289216
1985-04-21,12.31,74.65,12.61534075
1985-04-22,12.67,82.36,12.8475466
1985-04-23,14.07,76.78,14.1249153
1985-04-24,13.58,74.95,13.706753
1985-04-25,14.12,70.14,14.182407399999999
1985-04-26,15.45,66.92,15.277156999999999
1985-04-27,15.3,69.64,15.166416
1985-04-28,16.7,59.83,16.213943
1985-04-29,17.62,62.15,16.970494000000002
1985-04-30,15.46,71.75,15.31084
1985-05-01,15,73.78,14.927895
1985-05-02,14.7,77.03,14.674733
1985-05-03,15.66,70.65,15.472747
1985-05-04,17.66,71.45,17.163801
1985-05-05,18.52,65.12,17.748803199999998
1985-05-06,13.07,68.45,13.31814075
1985-05-07,12.99,78.85,13.165650750000001
1985-05-08,11.47,81.28,11.781968800000001
1985-05-09,13.23,82.31,13.353564650000001
1985-05-10,14.03,83.86,14.0717219
1985-05-11,14.48,82.04,14.4819756
1985-05-12,12.22,86.68,12.3870328
1985-05-13,14.18,72.4,14.228576
1985-05-14,13.16,85.36,13.2678968
1985-05-15,9.68,88.63,9.9814187
1985-05-16,8.8,81.75,9.372137500000001
1985-05-17,11.06,75,11.533000000000001
1985-05-18,10.11,82.9,10.5228795
1985-05-19,9.29,83.01,9.77684845
1985-05-20,10.45,77.52,10.950742
1985-05-21,9.33,78.81,9.93253765
1985-05-22,11.93,77.22,12.2519953
1985-05-23,10.84,88.27,11.0761249
1985-05-24,9.92,88.25,10.2159825
1985-05-25,11.18,76.75,11.604545
1985-05-26,11.84,83.44,12.0822728
1985-05-27,13.64,81.01,13.7298227
1985-05-28,14.54,85.27,14.5367594
1985-05-29,13.24,86.74,13.331891800000001
1985-05-30,10.64,90.2,10.848054000000001
1985-05-31,10.49,77.22,10.9924129
1985-06-01,8.98,74.65,9.749626000000001
1985-06-02,7.27,85.4,7.850569
1985-06-03,8.2,82.95,8.790782499999999
1985-06-04,8.23,90.02,8.5741603
1985-06-05,9.17,89.27,9.48454995
1985-06-06,9.54,80.97,10.0591384
1985-06-07,9.07,80.32,9.6577432
1985-06-08,8.92,79.82,9.539324200000001
1985-06-09,10.08,79.4,10.580786
1985-06-10,10.34,85.89,10.662836800000001
1985-06-11,10.55,87.88,10.813307000000002
1985-06-12,8.94,87.28,9.3289776
1985-06-13,10.45,83.72,10.812636999999999
1985-06-14,8.38,77.34,9.142735600000002
1985-06-15,9.29,89.52,9.590304399999999
1985-06-16,8.33,78.5,9.0596025
1985-06-17,7.85,79.67,8.59356975
1985-06-18,8.76,84.89,9.2370227
1985-06-19,9.38,90.73,9.6410432
1985-06-20,7.19,88.09,7.668841550000001
1985-06-21,7.94,83.41,8.538567200000001
1985-06-22,6.47,80.87,7.31487645
1985-06-23,7.92,83.37,8.5218397
1985-06-24,8.21,92.92,8.454932600000001
1985-06-25,8.31,91.6,8.595978
1985-06-26,9.47,86.47,9.84430745
1985-06-27,10.76,88.86,10.9891498
1985-06-28,10.76,91.52,10.9344336
1985-06-29,9.94,85.19,10.3114348
1985-06-30,11.4,78.4,11.76828
1985-07-01,11.37,81.41,11.690026849999999
1985-07-02,12.35,73.02,12.6690385
1985-07-03,10.18,85.35,10.528084
1985-07-04,9.1,86.79,9.492337
1985-07-05,8.47,87.3,8.8911955
1985-07-06,9.5,85.5,9.89875
1985-07-07,8.73,90.64,9.0270396
1985-07-08,8.38,87.55,8.799067
1985-07-09,7.91,87.31,8.36994905
1985-07-10,7.25,82.95,7.929868750000001
1985-07-11,8.66,89.07,9.011071600000001
1985-07-12,8.73,86.75,9.150488750000001
1985-07-13,7.96,85.93,8.4660979
1985-07-14,8.45,81.87,9.05327575
1985-07-15,8.42,86.5,8.87144
1985-07-16,8.43,88.12,8.8266138
1985-07-17,8.7,92.29,8.945948999999999
1985-07-18,8.49,89.09,8.85063005
1985-07-19,6.64,85.2,7.279804
1985-07-20,9.8,75.2,10.441080000000001
1985-07-21,9.29,84.68,9.7289946
1985-07-22,7.29,81.55,8.02163475
1985-07-23,6.86,75.24,7.900415200000001
1985-07-24,5.65,77.92,6.724744000000001
1985-07-25,9.44,76.82,10.0850994
1985-07-26,5.39,84.32,6.175646400000001
1985-07-27,7.94,72.58,8.9293136
1985-07-28,11,79.01,11.4040575
1985-07-29,7.86,80.73,8.5637404
1985-07-30,8.07,83.39,8.657412650000001
1985-07-31,9.01,85.34,9.4526587
1985-08-01,7.81,85.19,8.35493395
1985-08-02,7.58,84.71,8.161937400000001
1985-08-03,7.88,80.39,8.5940001
1985-08-04,10.17,85.48,10.5157938
1985-08-05,10,92.82,10.177705000000001
1985-08-06,9.66,92.32,9.864441600000001
1985-08-07,10.15,87.23,10.455522250000001
1985-08-08,8.3,84.48,8.829232000000001
1985-08-09,7.86,87.09,8.331473200000001
1985-08-10,6.67,80.26,7.5201031
1985-08-11,7.15,75.51,8.140008250000001
1985-08-12,8.36,86.17,8.8270391
1985-08-13,9.31,86.33,9.70021015
1985-08-14,10.44,82.13,10.8390371
1985-08-15,8.62,91.45,8.896507
1985-08-16,8.98,92.23,9.2158972
1985-08-17,9.65,88.7,9.951427500000001
1985-08-18,9.37,82.56,9.8620696
1985-08-19,7.74,70.66,8.830861200000001
1985-08-20,6.65,80.66,7.4850045000000005
1985-08-21,9.33,87.97,9.67207305
1985-08-22,10.13,90.29,10.363379850000001
1985-08-23,8.72,90.15,9.033131500000001
1985-08-24,10.96,85.57,11.240952100000001
1985-08-25,10.73,84.04,11.0609306
1985-08-26,9,86.88,9.396880000000001
1985-08-27,11.76,75.68,12.1265024
1985-08-28,7.25,89.23,7.67945375
1985-08-29,9.72,84.61,10.124603100000002
1985-08-30,10.3,86.66,10.608154
1985-08-31,10.46,79.32,10.919509600000001
1985-09-01,8.95,81.02,9.5293645
1985-09-02,9.71,81.18,10.205812900000002
1985-09-03,9.26,88.12,9.6023816
1985-09-04,9.75,85.66,10.1246325
1985-09-05,9.7,78.47,10.268392
1985-09-06,9.5,81.56,10.007100000000001
1985-09-07,9.64,83.24,10.0879948
1985-09-08,11.34,72.98,11.8096076
1985-09-09,12.29,75.52,12.5875544
1985-09-10,12.42,87.88,12.5586528
1985-09-11,11.99,90.53,12.12073335
1985-09-12,12.03,90.84,12.154438599999999
1985-09-13,11.06,91.57,11.2194956
1985-09-14,11.22,91.52,11.372979200000001
1985-09-15,11.82,83.65,12.060999
1985-09-16,9.38,80.59,9.926585600000001
1985-09-17,10.5,78.68,10.96904
1985-09-18,8.82,81.05,9.411998
1985-09-19,9.29,76.56,9.9616732
1985-09-20,9.51,77.76,10.1203768
1985-09-21,9.38,82.57,9.870828800000002
1985-09-22,9.6,82.63,10.0681215
1985-09-23,12.9,77.21,13.100552
1985-09-24,14.54,78.7,14.535314
1985-09-25,11.16,81.92,11.4921296
1985-09-26,8.44,81.81,9.0462727
1985-09-27,9.57,78.63,10.149447550000001
1985-09-28,9.86,81.35,10.335948
1985-09-29,10.79,74.07,11.31910165
1985-09-30,11.68,74.18,12.0804682
1985-10-01,13.42,72.97,13.5805582
1985-10-02,11.04,77.53,11.467604099999999
1985-10-03,15.22,77.4,15.130504
1985-10-04,16.07,72.21,15.83003335
1985-10-05,10.88,82.87,11.221058300000001
1985-10-06,12.22,78.24,12.492870400000001
1985-10-07,12.42,83.93,12.6038408
1985-10-08,14.13,87.26,14.155925900000002
1985-10-09,11.94,83.27,12.1755584
1985-10-10,16.95,79.12,16.668642
1985-10-11,13.64,77.52,13.7463304
1985-10-12,9.96,68.84,10.738065200000001
1985-10-13,12.48,78.14,12.722864600000001
1985-10-14,14.06,79.85,14.108763
1985-10-15,17.15,81.84,16.885317999999998
1985-10-16,15.83,90.43,15.75999545
1985-10-17,14.37,87.26,14.379109099999999
1985-10-18,10.84,75.88,11.3255356
1985-10-19,10.18,74.24,10.7920576
1985-10-20,10.73,71.29,11.32530185
1985-10-21,11.9,66.43,12.380051
1985-10-22,14.84,72.15,14.7879205
1985-10-23,11.99,90.74,12.1178343
1985-10-24,11.81,83.73,12.05071465
1985-10-25,11.43,76.02,11.8349023
1985-10-26,13.33,75.22,13.4894593
1985-10-27,14.75,76.35,14.71748125
1985-10-28,15.77,71.65,15.57197525
1985-10-29,16.69,72.11,16.35406495
1985-10-30,12.25,69.7,12.6249625
1985-10-31,12.21,67.31,12.62173055
1985-11-01,13.71,76.38,13.8126289
1985-11-02,12.29,71.46,12.6369037
1985-11-03,16.4,77,16.15965
1985-11-04,19.07,82.46,18.6291321
1985-11-05,17.1,90.06,16.957858
1985-11-06,15.77,89.81,15.698822849999999
1985-11-07,15.96,86.5,15.851595000000001
1985-11-08,16.64,79.14,16.3944778
1985-11-09,16.35,76.87,16.114652250000002
1985-11-10,17.99,77.86,17.5650227
1985-11-11,14.66,83.04,14.6450752
1985-11-12,18.74,74.75,18.151169999999997
1985-11-13,20.25,61.2,19.02295
1985-11-14,14.27,74.98,14.3016503
1985-11-15,13.44,69.54,13.6175818
1985-11-16,15.81,65.11,15.558617550000001
1985-11-17,13.19,79.56,13.337270199999999
1985-11-18,12.68,78.14,12.8988186
1985-11-19,13.56,73.73,13.695815900000001
1985-11-20,13.15,74.35,13.340451250000001
1985-11-21,11.96,74.83,12.311624900000002
1985-11-22,13.88,66.16,13.9953944
1985-11-23,17.49,66.07,16.932021149999997
1985-11-24,17.92,68.68,17.3308708
1985-11-25,17.14,84.96,16.9216192
1985-11-26,16.24,81.88,16.0665916
1985-11-27,15.99,74.52,15.7811914
1985-11-28,15.74,74.69,15.5673858
1985-11-29,15.51,75.88,15.3760134
1985-11-30,15.8,71.51,15.596296500000001
1985-12-01,17.66,68.14,17.1062732
1985-12-02,17.52,81.31,17.2095591
1985-12-03,17.5,86.08,17.270319999999998
1985-12-04,17.25,78.2,16.920275
1985-12-05,18.16,68.03,17.5164439
1985-12-06,19.66,82.71,19.1693098
1985-12-07,19.67,88.93,19.355224550000003
1985-12-08,20.38,71.66,19.4634844
1985-12-09,16.55,86.9,16.4022975
1985-12-10,17.07,86.7,16.8820045
1985-12-11,16.53,84.87,16.36107355
1985-12-12,14.76,80.53,14.732157899999999
1985-12-13,15.84,76.71,15.6683527
1985-12-14,17.88,76.92,17.4509428
1985-12-15,19.97,67.93,19.00517405
1985-12-16,15.62,67.11,15.4173976
1985-12-17,14.32,83.5,14.336335
1985-12-18,16.23,80.75,16.046836250000002
1985-12-19,18.59,68.69,17.88568155
1985-12-20,17.72,64.49,17.0911179
1985-12-21,16.37,70.74,16.0690609
1985-12-22,14.86,76.88,14.8142224
1985-12-23,14.91,74.16,14.8517308
1985-12-24,17.35,72.57,16.92003475
1985-12-25,18.49,66.91,17.763839949999998
1985-12-26,14.79,68.18,14.7392471
1985-12-27,15.14,64.58,15.0153216
1985-12-28,17.19,67.71,16.71226945
1985-12-29,20.74,60.46,19.3829872
1985-12-30,18.53,72.74,17.9257821
1985-12-31,15.46,69.35,15.298168
1986-01-01,15.76,68.19,15.5395567
1986-01-02,15.4,64.37,15.2236315
1986-01-03,16.13,62.35,15.792467749999998
1986-01-04,16.75,69.77,16.37590375
1986-01-05,16.06,69.7,15.800025999999999
1986-01-06,17.8,65.31,17.1703765
1986-01-07,20.78,60.67,19.4215418
1986-01-08,14.43,73.47,14.44021405
1986-01-09,14.61,81.99,14.59910395
1986-01-10,15.17,76.81,15.08454485
1986-01-11,18.13,59.55,17.322415749999998
1986-01-12,17.45,63.64,16.860059
1986-01-13,17.23,66.69,16.72985035
1986-01-14,22.26,45.69,19.9420492
1986-01-15,18.64,75.54,18.0830458
1986-01-16,15.56,67.05,15.3679015
1986-01-17,16.11,66.13,15.81008115
1986-01-18,16.04,68.52,15.773364399999998
1986-01-19,17.05,69.62,16.6239205
1986-01-20,17.18,73.93,16.7957282
1986-01-21,17.19,67.34,16.7067953
1986-01-22,17.27,69.12,16.7995432
1986-01-23,17.54,60.07,16.872370399999998
1986-01-24,18.49,70.12,17.834283399999997
1986-01-25,16.52,68.44,16.1693684
1986-01-26,16.56,67.66,16.1935878
1986-01-27,17.28,71.86,16.8497394
1986-01-28,22.69,58.72,20.8305424
1986-01-29,23.66,58.79,21.5838402
1986-01-30,17.86,71.77,17.3383096
1986-01-31,20.31,64.57,19.177834349999998
1986-02-01,21.89,53.46,19.9983817
1986-02-02,15.12,56.51,14.971699099999999
1986-02-03,16.33,59.07,15.918039549999998
1986-02-04,18.44,58.3,17.536361
1986-02-05,18.79,54.52,17.7168994
1986-02-06,16.56,58.9,16.094337
1986-02-07,24.26,37.82,20.9221776
1986-02-08,22.49,53.27,20.43645015
1986-02-09,17.02,56.64,16.4190304
1986-02-10,17.41,65.33,16.85510665
1986-02-11,16.86,64.74,16.4023252
1986-02-12,23,56.3,20.957024999999998
1986-02-13,25.28,48.77,22.2425733
1986-02-14,26.68,40.78,22.7128522
1986-02-15,24.35,47.73,21.51827275
1986-02-16,23.77,64.22,21.9457567
1986-02-17,18.31,75.29,17.79220195
1986-02-18,16.75,64.56,16.31143
1986-02-19,16.5,68.57,16.15427
1986-02-20,16.85,70.38,16.4671615
1986-02-21,15.17,67.73,15.05108505
1986-02-22,14.51,66.3,14.5081465
1986-02-23,14.48,67.67,14.4835563
1986-02-24,17.75,62.49,17.07950875
1986-02-25,18.35,64.27,17.59341725
1986-02-26,19.02,65.82,18.1702852
1986-02-27,20.98,56.37,19.4250268
1986-02-28,22.1,65.27,20.648286
1986-03-01,16.53,72.08,16.218273200000002
1986-03-02,16.52,74.8,16.240028
1986-03-03,20.55,68.19,19.49152225
1986-03-04,17.88,76.19,17.437372099999997
1986-03-05,22.18,60.42,20.5081408
1986-03-06,27.82,40.73,23.4778798
1986-03-07,18.45,64.48,17.678328
1986-03-08,15.85,66.01,15.597624249999999
1986-03-09,14.52,68.53,14.516538299999999
1986-03-10,14.73,66.68,14.6878502
1986-03-11,15.39,60.24,15.1953748
1986-03-12,19.3,46.57,17.889448
1986-03-13,23.07,41.71,20.32250085
1986-03-14,21.39,61.5,19.9310425
1986-03-15,17.74,63.66,17.092421199999997
1986-03-16,15.84,69.06,15.6119722
1986-03-17,17.5,62.62,16.88323
1986-03-18,19.28,67.24,18.418739600000002
1986-03-19,21.21,59.34,19.7094427
1986-03-20,23.96,51.15,21.4183345
1986-03-21,20.17,64.02,19.0479637
1986-03-22,18.91,73.93,18.27767215
1986-03-23,16.95,74.56,16.607196
1986-03-24,16.71,75.1,16.4073405
1986-03-25,18.88,60.55,17.9296495
1986-03-26,22.18,48.94,20.0232256
1986-03-27,16.35,63.45,15.97810375
1986-03-28,17.19,56.76,16.5502642
1986-03-29,22.93,47.52,20.4967648
1986-03-30,18.97,65.83,18.129930549999997
1986-03-31,14.57,68.19,14.55775315
1986-04-01,16.65,63.15,16.21424875
1986-04-02,22.15,43.17,19.75887775
1986-04-03,21.48,51.37,19.6130943
1986-04-04,19.53,63.79,18.52825035
1986-04-05,13.05,64.29,13.334787250000002
1986-04-06,14.13,68.84,14.1934106
1986-04-07,14.12,71.96,14.178603599999999
1986-04-08,14.75,69.1,14.7075125
1986-04-09,14.06,62.34,14.1511372
1986-04-10,19.01,57.04,17.9443772
1986-04-11,13.88,69.4,13.984346
1986-04-12,15.09,80.7,15.0273715
1986-04-13,18.25,55.59,17.33404375
1986-04-14,21.36,48.2,19.405586
1986-04-15,18.55,69.81,17.87751775
1986-04-16,14.33,70.99,14.35712435
1986-04-17,12.86,91.2,12.939376
1986-04-18,14.17,87.95,14.19187075
1986-04-19,13.5,74.52,13.64014
1986-04-20,13.8,74.54,13.898021
1986-04-21,13.88,71.63,13.976741700000002
1986-04-22,15.28,71.37,15.157177299999999
1986-04-23,15.81,67.46,15.5755493
1986-04-24,13.66,66.37,13.8153706
1986-04-25,11.81,76.67,12.155167350000001
1986-04-26,12.15,71.81,12.51435575
1986-04-27,11.24,76.06,11.6692442
1986-04-28,9.4,75.59,10.0847005
1986-04-29,12.31,75.92,12.600043600000001
1986-04-30,13.26,80.75,13.391285
1986-05-01,10.53,80.29,10.960367849999999
1986-05-02,12.24,83.88,12.4403716
1986-05-03,12.48,80.9,12.692201
1986-05-04,11.95,83.89,12.175942749999999
1986-05-05,13.39,73.5,13.5517825
1986-05-06,12.34,91.52,12.4407424
1986-05-07,14.4,79.34,14.411363
1986-05-08,14.14,82.15,14.175343
1986-05-09,14.3,82.32,14.319448000000001
1986-05-10,10.86,66.33,11.5340734
1986-05-11,12.81,76.19,13.031313950000001
1986-05-12,13.95,72.53,14.033096749999999
1986-05-13,14.02,76.33,14.0824888
1986-05-14,12.03,84.63,12.23880145
1986-05-15,12.67,90.9,12.7615915
1986-05-16,13.7,90.8,13.74048
1986-05-17,12.28,89.39,12.4095481
1986-05-18,12.19,87.23,12.35224285
1986-05-19,11.81,90.34,11.9529197
1986-05-20,10.07,83.51,10.47177885
1986-05-21,10.43,82.87,10.81345505
1986-05-22,11.71,84.87,11.94216985
1986-05-23,11.16,92.51,11.2975913
1986-05-24,10.59,90.24,10.7998888
1986-05-25,10.45,85.15,10.78078375
1986-05-26,9.85,83.09,10.28247325
1986-05-27,10.39,82.26,10.791012700000001
1986-05-28,10.53,87.04,10.8129816
1986-05-29,9.96,88.94,10.236168200000002
1986-05-30,11.01,87.97,11.24091585
1986-05-31,11.55,74.09,11.97038975
1986-06-01,10.43,72.83,11.03820045
1986-06-02,10.64,88.32,10.887966400000002
1986-06-03,11.45,88.17,11.64844825
1986-06-04,11.02,92.63,11.1610618
1986-06-05,9.95,86.24,10.294343999999999
1986-06-06,9.57,84.39,9.993265150000001
1986-06-07,10.61,78.84,11.062718199999999
1986-06-08,10.01,83.82,10.4095651
1986-06-09,10.34,86.77,10.642702400000001
1986-06-10,8.73,83.3,9.2599745
1986-06-11,9.81,87.49,10.132695450000002
1986-06-12,11.03,85.53,11.30615995
1986-06-13,9.66,91.81,9.8780178
1986-06-14,9.27,92.16,9.4955176
1986-06-15,10.21,88.11,10.490544550000001
1986-06-16,9.96,91.44,10.1737432
1986-06-17,8.84,88.67,9.1927029
1986-06-18,9.09,86.22,9.5000239
1986-06-19,8.15,86.83,8.60996225
1986-06-20,7.49,85.23,8.05945735
1986-06-21,7.97,89.86,8.3341781
1986-06-22,7.81,85.95,8.32696975
1986-06-23,8.3,91.29,8.597011000000002
1986-06-24,6.85,89.8,7.279165000000001
1986-06-25,9.2,86.23,9.601395499999999
1986-06-26,9.02,84.92,9.4745112
1986-06-27,8.42,84.92,8.9242752
1986-06-28,8.46,72.43,9.375875400000002
1986-06-29,6.83,82.11,7.5846896500000005
1986-06-30,7,80.24,7.815100000000001
1986-07-01,7.71,93.3,7.960211500000001
1986-07-02,10.3,94.26,10.432594000000002
1986-07-03,11.28,89.12,11.4726848
1986-07-04,8.98,90.31,9.2741884
1986-07-05,6.98,92.9,7.273656000000001
1986-07-06,7.57,88.21,8.019375850000001
1986-07-07,6.93,91.6,7.279734
1986-07-08,6.05,90.46,6.493371500000001
1986-07-09,8.16,87.28,8.6035464
1986-07-10,9.41,88.42,9.7341821
1986-07-11,7.32,91.36,7.661193600000001
1986-07-12,7.15,86.32,7.703014000000001
1986-07-13,6.58,85.83,7.197245200000001
1986-07-14,8.33,87.45,8.755884250000001
1986-07-15,9.89,91.85,10.096643250000001
1986-07-16,8.42,92.68,8.6647808
1986-07-17,8.94,90.26,9.2378492
1986-07-18,8.63,92.84,8.861160600000002
1986-07-19,10.03,91.14,10.2478231
1986-07-20,9.39,94.92,9.532773400000002
1986-07-21,7.86,88.53,8.2788844
1986-07-22,10.21,84.31,10.58020555
1986-07-23,11.09,89.34,11.2899283
1986-07-24,7.24,86.16,7.792631200000001
1986-07-25,5.57,81.48,6.4796098
1986-07-26,7.45,88.15,7.909483750000001
1986-07-27,7.52,89.89,7.9081229
1986-07-28,9.13,91.79,9.37248235
1986-07-29,8.37,89.09,8.73783065
1986-07-30,10.45,83.01,10.82845225
1986-07-31,9.63,93.03,9.81669145
1986-08-01,7.9,83.44,8.501128000000001
1986-08-02,8.42,80.16,9.0834496
1986-08-03,9.62,91.32,9.852971199999999
1986-08-04,9.16,91.9,9.397897
1986-08-05,9.26,90.41,9.5363838
1986-08-06,8.79,91.74,9.0494053
1986-08-07,7.84,90.21,8.1986077
1986-08-08,7.85,84.09,8.43190825
1986-08-09,7.11,86.82,7.645701100000001
1986-08-10,6.26,85.43,6.9203124
1986-08-11,7.44,84.24,8.051960800000002
1986-08-12,7.83,82.03,8.48922945
1986-08-13,8.75,85.18,9.2186825
1986-08-14,9.76,86.29,10.1174197
1986-08-15,8.37,90.29,8.69737265
1986-08-16,9.43,90.61,9.69184015
1986-08-17,8.93,91.86,9.1793689
1986-08-18,7.63,87.86,8.0887099
1986-08-19,9.79,79.27,10.32701065
1986-08-20,9.34,84.93,9.7676866
1986-08-21,10.98,84.34,11.2831776
1986-08-22,12.01,84.19,12.22651795
1986-08-23,10.66,88.12,10.9109056
1986-08-24,8.73,92.79,8.958809350000001
1986-08-25,8.5,89.69,8.84023
1986-08-26,9.33,86.89,9.70278285
1986-08-27,10.69,83.4,11.037853
1986-08-28,12.11,72.88,12.4664924
1986-08-29,8.66,79.26,9.326168800000001
1986-08-30,6.23,86.53,6.842682950000001
1986-08-31,9.64,87.45,9.975461500000002
1986-09-01,10.6,90.99,10.7932645
1986-09-02,10.61,88.03,10.86609815
1986-09-03,10.97,86.4,11.234044
1986-09-04,13.3,78.27,13.443418000000001
1986-09-05,10.6,78.63,11.058386500000001
1986-09-06,9,82.83,9.5193925
1986-09-07,9.91,87.18,10.233640900000001
1986-09-08,9.39,86.69,9.764077550000001
1986-09-09,10.24,79.85,10.7121145
1986-09-10,9.94,79.62,10.4511304
1986-09-11,8.81,82.69,9.351716450000001
1986-09-12,10.31,91.95,10.49551225
1986-09-13,10.77,92.23,10.92940155
1986-09-14,9.33,91.31,9.57710015
1986-09-15,11.38,83.04,11.671033600000001
1986-09-16,10.38,88.14,10.6487476
1986-09-17,10.96,90.76,11.139902800000002
1986-09-18,10.3,90.25,10.525225
1986-09-19,9.25,79.79,9.83356375
1986-09-20,12.01,79.92,12.2849956
1986-09-21,9.43,84.3,9.8677945
1986-09-22,11.13,77.59,11.545369350000001
1986-09-23,11.99,75.58,12.3271181
1986-09-24,12.56,81.44,12.7580352
1986-09-25,12.94,76.23,13.1439466
1986-09-26,12.38,82.79,12.580668600000001
1986-09-27,9.6,83.27,10.0508735
1986-09-28,9.42,80.08,9.9765648
1986-09-29,10.44,84.27,10.7912509
1986-09-30,15.61,85.86,15.523675299999999
1986-10-01,15.5,91.12,15.45116
1986-10-02,11.72,88.6,11.894306
1986-10-03,10.04,80.15,10.5269205
1986-10-04,10.63,83.41,10.983118150000001
1986-10-05,13.19,79.84,13.3352528
1986-10-06,12.38,88.38,12.515489200000001
1986-10-07,9.68,74.15,10.3652835
1986-10-08,9.33,80.38,9.8878947
1986-10-09,11.43,82.09,11.73241035
1986-10-10,10.02,84.57,10.4001952
1986-10-11,11.18,78.29,11.5764246
1986-10-12,13.36,71.37,13.5395101
1986-10-13,14.39,76.92,14.4039634
1986-10-14,8.97,78.99,9.609019150000002
1986-10-15,11.82,81.51,12.0925426
1986-10-16,13,81.48,13.15279
1986-10-17,14.59,73.81,14.577035949999999
1986-10-18,12.05,80.48,12.313032000000002
1986-10-19,9.38,77.36,10.017542400000002
1986-10-20,10.09,77.29,10.64083105
1986-10-21,13.82,67.39,13.9419614
1986-10-22,8.18,88.85,8.567574
1986-10-23,10.47,77.57,10.96716095
1986-10-24,10.18,80.08,10.6532992
1986-10-25,10.37,78.28,10.8633698
1986-10-26,11.37,78.66,11.7373681
1986-10-27,11.55,79.6,11.88099
1986-10-28,14.12,79,14.163889999999999
1986-10-29,15.32,79.1,15.225741
1986-10-30,16.08,75.05,15.8631845
1986-10-31,12.46,72.48,12.768774400000002
1986-11-01,13.02,81.42,13.171241199999999
1986-11-02,14.2,80.68,14.231878
1986-11-03,19.35,70.82,18.5716235
1986-11-04,20.2,72.34,19.332859
1986-11-05,19.31,79.47,18.766878849999998
1986-11-06,13.55,73.1,13.6905525
1986-11-07,12.61,72.64,12.8944072
1986-11-08,13.2,77.54,13.360589
1986-11-09,13.2,77.15,13.363377499999999
1986-11-10,14.14,80.01,14.1795802
1986-11-11,11.88,76.32,12.2212288
1986-11-12,12.61,73.42,12.8862991
1986-11-13,14.69,78.67,14.66771015
1986-11-14,19.1,71.12,18.369336
1986-11-15,16.09,77.52,15.893412399999999
1986-11-16,17.87,79.2,17.484472
1986-11-17,14.38,80.45,14.392903
1986-11-18,10.9,68.89,11.515978
1986-11-19,12.99,68.95,13.24787025
1986-11-20,12.44,70.22,12.7774074
1986-11-21,13.81,64.01,13.94658205
1986-11-22,16.78,67.11,16.3675594
1986-11-23,13.83,68.92,13.9445298
1986-11-24,14.5,72.09,14.5
1986-11-25,21.29,53.14,19.5400133
1986-11-26,12.32,63.65,12.755836500000001
1986-11-27,11.97,61.33,12.508093050000001
1986-11-28,13.19,68.67,13.415732649999999
1986-11-29,14.48,58.76,14.4845364
1986-11-30,16.7,60.93,16.227253
1986-12-01,19.42,60.08,18.3397648
1986-12-02,20.94,59.35,19.500177
1986-12-03,19.69,70.1,18.8365045
1986-12-04,16.29,68.4,15.978898
1986-12-05,20.03,66.7,19.017180500000002
1986-12-06,22,69.7,20.750125
1986-12-07,15.58,71.68,15.4117792
1986-12-08,14.04,70.09,14.1156723
1986-12-09,15.89,65.5,15.6262475
1986-12-10,17.04,64.76,16.547697199999998
1986-12-11,14.34,73.1,14.363672
1986-12-12,13.89,80.98,13.9538121
1986-12-13,12.95,74.7,13.165682499999999
1986-12-14,12.78,64.64,13.1145056
1986-12-15,16.51,66.52,16.1398786
1986-12-16,14.32,83.17,14.3366617
1986-12-17,12.68,74.49,12.9353551
1986-12-18,14.6,69.75,14.5833625
1986-12-19,15.13,69.92,15.0257728
1986-12-20,14.17,66.55,14.23071175
1986-12-21,14.26,67.35,14.303098
1986-12-22,13.92,64.73,14.0325113
1986-12-23,14.61,69.2,14.591365999999999
1986-12-24,14.78,72.38,14.737465199999999
1986-12-25,20.29,65.17,19.18083865
1986-12-26,16.99,67.89,16.550253549999997
1986-12-27,15.94,67.14,15.679748799999999
1986-12-28,15.61,65.55,15.39968275
1986-12-29,16.38,65.99,16.0283366
1986-12-30,24.6,47.88,21.704734000000002
1986-12-31,15.53,76.5,15.396872499999999
1987-01-01,16.51,70.19,16.180450450000002
1987-01-02,20.85,69.6,19.78828
1987-01-03,17.95,90.85,17.77637875
1987-01-04,18.54,79.59,18.0864898
1987-01-05,18.51,80.24,18.0741932
1987-01-06,19.24,76.14,18.617969799999997
1987-01-07,16.96,65.52,16.4934856
1987-01-08,12.53,63.72,12.9230938
1987-01-09,14.74,66.84,14.6962288
1987-01-10,16.95,64.35,16.469616249999998
1987-01-11,17.72,61.74,17.0424154
1987-01-12,17.24,63.09,16.6837663
1987-01-13,19.07,64.95,18.18901825
1987-01-14,16.3,61.6,15.91984
1987-01-15,17.2,58.28,16.580458
1987-01-16,20.72,55.48,19.1969708
1987-01-17,17.01,64.59,16.52116495
1987-01-18,17.8,60.6,17.08489
1987-01-19,16.46,59.48,16.0231944
1987-01-20,17.13,68.34,16.672038099999998
1987-01-21,14.9,60.81,14.813782
1987-01-22,14.04,63.17,14.1331799
1987-01-23,14.27,69.62,14.308430699999999
1987-01-24,23.3,48.75,20.8195
1987-01-25,19.45,64.31,18.47833975
1987-01-26,20.25,53.96,18.793985
1987-01-27,16.59,56.99,16.095600049999998
1987-01-28,16.48,60.69,16.0519141
1987-01-29,17.7,59.66,16.990016
1987-01-30,20.87,47.5,19.030662500000002
1987-01-31,22.14,57.29,20.3453258
1987-02-01,17.9,54.54,17.049898
1987-02-02,22.49,49.94,20.290113299999998
1987-02-03,16.21,60.22,15.8358691
1987-02-04,15.13,63.83,15.004670950000001
1987-02-05,18.02,64.98,17.3420128
1987-02-06,22.93,49.47,20.58717655
1987-02-07,24.09,57.29,21.83726105
1987-02-08,16.27,67.55,15.954099249999999
1987-02-09,20.07,52.64,18.6191264
1987-02-10,15.73,62.13,15.473809450000001
1987-02-11,16.75,61.74,16.2765325
1987-02-12,16.85,68.28,16.440019
1987-02-13,24.81,36.8,21.226243999999998
1987-02-14,22.53,69.11,21.16574315
1987-02-15,19.83,71.51,18.99481565
1987-02-16,21.01,67.61,19.85027605
1987-02-17,21.29,59,19.758854999999997
1987-02-18,23.57,49.45,21.04831325
1987-02-19,26.7,52.86,23.536906
1987-02-20,14.62,76.65,14.604588999999999
1987-02-21,15.1,64,14.9812
1987-02-22,14.48,61.3,14.484257
1987-02-23,18.59,50,17.46525
1987-02-24,16.72,64.74,16.2894754
1987-02-25,14.56,68.63,14.5496479
1987-02-26,19.35,58.49,18.24272075
1987-02-27,20.53,63.5,19.3194775
1987-02-28,13.66,78.03,13.7615014
1987-03-01,14.51,71.8,14.508449
1987-03-02,16.19,69.43,15.905851850000001
1987-03-03,17.87,67.84,17.273914400000002
1987-03-04,18.57,65.03,17.78719655
1987-03-05,21.68,56.39,19.9578411
1987-03-06,14.49,64.54,14.491950300000001
1987-03-07,15.43,63.7,15.2443255
1987-03-08,12.58,67.01,12.928374400000001
1987-03-09,13.54,70.3,13.696816
1987-03-10,14.46,71.25,14.466325000000001
1987-03-11,17.52,66.3,16.960243
1987-03-12,14.7,66.7,14.663369999999999
1987-03-13,12.29,66.55,12.69658475
1987-03-14,13.73,66.46,13.872041900000001
1987-03-15,16.85,62.9,16.3704825
1987-03-16,22.77,55.12,20.728633199999997
1987-03-17,22.2,56.33,20.350575499999998
1987-03-18,22.3,60.8,20.61832
1987-03-19,15.17,71.43,15.06471955
1987-03-20,14.17,72.39,14.22011215
1987-03-21,15.19,75.71,15.09781945
1987-03-22,14.09,74.3,14.1479535
1987-03-23,12.32,69.47,12.6860547
1987-03-24,13.77,73.89,13.874831649999999
1987-03-25,16.83,77.26,16.5385869
1987-03-26,15.53,77.74,15.4038971
1987-03-27,20.24,50.31,18.6712867
1987-03-28,14.39,69.63,14.40837385
1987-03-29,13.06,74.26,13.2638608
1987-03-30,13.47,78.32,13.5928172
1987-03-31,13.48,87.05,13.552649500000001
1987-04-01,14.89,65.01,14.81494645
1987-04-02,16.37,73.24,16.0947734
1987-04-03,16.87,77.35,16.57475725
1987-04-04,19.79,57.37,18.54968015
1987-04-05,21.62,53.47,19.7978852
1987-04-06,19.96,68.83,19.0239649
1987-04-07,14.44,78.98,14.446936599999999
1987-04-08,11.77,71.09,12.20408365
1987-04-09,12.33,69.82,12.6901983
1987-04-10,15.96,59.18,15.6322154
1987-04-11,18.83,49.21,17.62043615
1987-04-12,18.06,69.25,17.457915
1987-04-13,16.15,69.98,15.877568499999999
1987-04-14,13.76,71.06,13.8777858
1987-04-15,12.5,72.46,12.80294
1987-04-16,12.32,78.31,12.5800631
1987-04-17,14.4,82.72,14.409504
1987-04-18,17.38,69.22,16.8924448
1987-04-19,12.41,74.41,12.704157050000001
1987-04-20,10.48,74.24,11.049553600000001
1987-04-21,12.27,70.24,12.6350064
1987-04-22,12.1,77.25,12.4003
1987-04-23,12.06,80.25,12.325045000000001
1987-04-24,14.18,66.53,14.2389072
1987-04-25,16.74,61.98,16.2715936
1987-04-26,17.76,57.17,16.9920581
1987-04-27,18.43,71.45,17.81289175
1987-04-28,14.48,85.94,14.4815466
1987-04-29,13.28,87.2,13.365888
1987-04-30,11.5,85.83,11.733805
1987-05-01,14.79,77.15,14.753554249999999
1987-05-02,12.29,85.79,12.462722549999999
1987-05-03,11.27,77.69,11.66633715
1987-05-04,12.86,83.97,13.0045906
1987-05-05,12.75,85.26,12.8918725
1987-05-06,11.8,85.97,12.0083455
1987-05-07,12.13,79.91,12.39187315
1987-05-08,13.89,71.79,13.98464455
1987-05-09,14.12,73.89,14.1745699
1987-05-10,14.81,71.03,14.760606150000001
1987-05-11,16.43,74.32,16.1574068
1987-05-12,16.23,83.13,16.06948195
1987-05-13,14.64,91.6,14.633532
1987-05-14,14.09,78.53,14.13841485
1987-05-15,12.57,90.23,12.67370855
1987-05-16,12.13,92.13,12.23258545
1987-05-17,10.81,89.68,11.019444400000001
1987-05-18,11.8,86.54,11.999881
1987-05-19,11.81,78.07,12.13445435
1987-05-20,10.18,80.4,10.645696
1987-05-21,9.35,80.23,9.90998525
1987-05-22,12.34,78.23,12.5986276
1987-05-23,13.52,85.67,13.5972387
1987-05-24,12.67,72.68,12.9449758
1987-05-25,11.13,75.29,11.587999850000001
1987-05-26,7.77,85.15,8.31967275
1987-05-27,6.69,86.51,7.269462950000001
1987-05-28,10.5,88.67,10.74926
1987-05-29,11.36,85.74,11.606270199999999
1987-05-30,11,81.44,11.35728
1987-05-31,9.95,86.09,10.29809775
1987-06-01,9.78,81.47,10.2610388
1987-06-02,10.04,84.29,10.425366299999999
1987-06-03,12.21,87.16,12.371719800000001
1987-06-04,11.58,86.45,11.797613
1987-06-05,9.98,88.88,10.256443200000001
1987-06-06,9.6,88.32,9.914776
1987-06-07,10.27,83.8,10.646893
1987-06-08,12.24,86.1,12.412777
1987-06-09,12.12,91.21,12.2350611
1987-06-10,14.01,83.29,14.05503345
1987-06-11,10.19,81.71,10.62356445
1987-06-12,10.25,80.67,10.70183875
1987-06-13,9.13,84.61,9.58454365
1987-06-14,10.58,89.35,10.809614
1987-06-15,8.73,84.15,9.232999750000001
1987-06-16,7.5,88.31,7.950065
1987-06-17,8.55,88.21,8.935827750000001
1987-06-18,11.1,87.4,11.33562
1987-06-19,11.74,93.32,11.8414024
1987-06-20,11.78,93.67,11.874696799999999
1987-06-21,11.27,86.88,11.5030768
1987-06-22,10.17,91.19,10.37981015
1987-06-23,9.6,89.59,9.8805495
1987-06-24,9.33,85.62,9.738895300000001
1987-06-25,9.3,87.05,9.670370000000002
1987-06-26,9.76,89.32,10.0384276
1987-06-27,8.67,87.86,9.0592691
1987-06-28,9.08,88.07,9.435633300000001
1987-06-29,8.92,91.73,9.1738063
1987-06-30,8.89,83.02,9.413917900000001
1987-07-01,7.88,82.47,8.5182673
1987-07-02,8.14,79.87,8.8441474
1987-07-03,6.89,88.52,7.3704954
1987-07-04,8.51,82.23,9.09543265
1987-07-05,9.95,87.33,10.26706675
1987-07-06,10.42,85.73,10.740218800000001
1987-07-07,9.88,76.37,10.480438300000001
1987-07-08,7.92,87.98,8.3550038
1987-07-09,9.23,84.19,9.688252850000001
1987-07-10,9.04,85.87,9.4643239
1987-07-11,8.31,90.68,8.6272994
1987-07-12,7.46,86.4,7.986592
1987-07-13,8.8,80.56,9.409444
1987-07-14,9.49,87.5,9.8344375
1987-07-15,7.72,88.53,8.1477163
1987-07-16,8.54,91.86,8.8068292
1987-07-17,8.48,90.19,8.804809100000002
1987-07-18,9.05,84.08,9.527202
1987-07-19,7.55,91.43,7.8775882500000005
1987-07-20,7.7,92.68,7.973768000000001
1987-07-21,7.45,93.1,7.717547500000001
1987-07-22,7.14,93.89,7.3873328
1987-07-23,7.48,91.94,7.791196600000001
1987-07-24,7.31,84.15,7.93678825
1987-07-25,8,79.8,8.722150000000001
1987-07-26,7.13,82.58,7.8361197
1987-07-27,8,86.35,8.487987500000001
1987-07-28,9.15,90.18,9.4389535
1987-07-29,8.89,94.47,9.060628150000001
1987-07-30,9.39,80.16,9.947603200000001
1987-07-31,8.39,83.16,8.955908200000001
1987-08-01,9.22,83.28,9.7055488
1987-08-02,9.62,88.69,9.9235604
1987-08-03,8.6,92.97,8.8281235
1987-08-04,9.83,86.42,10.178802300000001
1987-08-05,9.81,84.6,10.207243000000002
1987-08-06,8.41,85.89,8.88261445
1987-08-07,9.64,87.49,9.974392300000002
1987-08-08,9.39,88.02,9.726697900000001
1987-08-09,7.54,84.33,8.139847600000001
1987-08-10,8.91,82.33,9.45326415
1987-08-11,7.99,89.37,8.37060715
1987-08-12,9.61,89.05,9.90450025
1987-08-13,10.58,91.98,10.7529112
1987-08-14,11.52,88.23,11.712910299999999
1987-08-15,11.84,89.47,11.9940539
1987-08-16,8.07,79.69,8.78826315
1987-08-17,9.1,86.19,9.510157
1987-08-18,9.06,85.54,9.4926432
1987-08-19,9.44,82.95,9.9145015
1987-08-20,8.84,74.83,9.6235421
1987-08-21,8.73,80.55,9.34724575
1987-08-22,11.07,73.48,11.5702998
1987-08-23,9.61,86.37,9.97657885
1987-08-24,9.65,91.08,9.887941000000001
1987-08-25,10.12,77.5,10.662025
1987-08-26,11.05,77.71,11.472952750000001
1987-08-27,10.47,90.87,10.67236645
1987-08-28,10.89,89.49,11.098676050000002
1987-08-29,10.24,85.47,10.5804379
1987-08-30,9.96,82.72,10.3914816
1987-08-31,7.27,82.1,7.9817935
1987-09-01,7.58,83.69,8.2007586
1987-09-02,8.83,78.49,9.500789350000002
1987-09-03,8.36,84.19,8.8939037
1987-09-04,9.34,87.13,9.705250600000001
1987-09-05,10.82,76.3,11.299688
1987-09-06,9.14,87.87,9.4975924
1987-09-07,10.22,81.59,10.653371400000001
1987-09-08,10.21,89.68,10.453500400000001
1987-09-09,8.74,76.57,9.482262400000002
1987-09-10,8.96,82.28,9.499928400000002
1987-09-11,10.16,79.58,10.647425400000001
1987-09-12,8.78,84.16,9.2783264
1987-09-13,10.19,88.38,10.4654521
1987-09-14,11.04,87.27,11.2822519
1987-09-15,10.23,83.26,10.6231389
1987-09-16,10.88,78.92,11.2997028
1987-09-17,12.84,79.23,13.0296301
1987-09-18,15.19,69.49,15.074214549999999
1987-09-19,12.28,80.85,12.513821499999999
1987-09-20,10.67,76.01,11.17534935
1987-09-21,11.77,84.96,11.9958256
1987-09-22,12.62,84.94,12.775720399999999
1987-09-23,15.91,71.22,15.6868111
1987-09-24,16.86,72.12,16.4981176
1987-09-25,17.42,78.69,17.0777614
1987-09-26,18.38,73.3,17.810222
1987-09-27,17.98,71.53,17.4350842
1987-09-28,16.34,82.13,16.1591556
1987-09-29,12.99,81.45,13.14405775
1987-09-30,10.19,80.17,10.66007015
1987-10-01,11.1,79.39,11.485407
1987-10-02,11.61,81.26,11.9078723
1987-10-03,15.13,66.68,15.0145462
1987-10-04,9.57,79.86,10.1160961
1987-10-05,12.09,74.64,12.4261468
1987-10-06,10.5,75.83,11.031740000000001
1987-10-07,8.77,75.34,9.5471599
1987-10-08,11.17,82.81,11.48483485
1987-10-09,12.66,78.79,12.8746452
1987-10-10,10.08,78.35,10.6063115
1987-10-11,8.41,73.15,9.30934075
1987-10-12,10.3,78.37,10.799653000000001
1987-10-13,11.2,78.09,11.597666499999999
1987-10-14,14.39,73.43,14.406074850000001
1987-10-15,16.54,79.75,16.312794999999998
1987-10-16,11.8,78.86,12.113929
1987-10-17,11.01,85.5,11.2883275
1987-10-18,12.67,83.85,12.83254975
1987-10-19,12.68,84.75,12.8326525
1987-10-20,12.68,81.23,12.867887699999999
1987-10-21,11.81,80.66,12.0961353
1987-10-22,11.94,80.03,12.221177599999999
1987-10-23,11.96,77.65,12.272229500000002
1987-10-24,13.01,89.28,13.0978504
1987-10-25,14.45,81.06,14.4552085
1987-10-26,17.98,71,17.42494
1987-10-27,14.38,71.77,14.3986318
1987-10-28,12.27,69.15,12.648375249999999
1987-10-29,13.99,72.59,14.06688505
1987-10-30,20.28,59.77,19.0010883
1987-10-31,21.47,65.03,20.12942505
1987-11-01,24.07,58.49,21.88512115
1987-11-02,22.23,57.76,20.4341664
1987-11-03,13.39,61.24,13.6266298
1987-11-04,13.19,67.46,13.4244507
1987-11-05,13.51,74.75,13.64748625
1987-11-06,13.64,76.76,13.7499252
1987-11-07,17.09,74.99,16.73373255
1987-11-08,18.89,78.53,18.37160685
1987-11-09,12.8,80.11,12.985971500000002
1987-11-10,12.63,76.19,12.87488585
1987-11-11,13.39,75.11,13.541953450000001
1987-11-12,14.07,72.93,14.13402055
1987-11-13,12.86,73.06,13.1029988
1987-11-14,13.94,70.13,14.031999599999999
1987-11-15,15.33,75.38,15.2176097
1987-11-16,20.99,65.53,19.75959335
1987-11-17,22.17,65.44,20.7120864
1987-11-18,23.98,58.92,21.8380888
1987-11-19,19.94,74.83,19.1869136
1987-11-20,15.32,61.27,15.1453277
1987-11-21,13.84,65.85,13.9639645
1987-11-22,17.02,46.68,16.2809848
1987-11-23,16.33,67.11,15.998962149999999
1987-11-24,12.66,66.9,12.994972
1987-11-25,13.26,78.29,13.4080622
1987-11-26,13.62,70.53,13.762634799999999
1987-11-27,12.81,66.26,13.1236133
1987-11-28,17.29,53.37,16.57446265
1987-11-29,18.49,63.54,17.689885299999997
1987-11-30,13.41,76.48,13.5510024
1987-12-01,12.26,86.66,12.4243488
1987-12-02,11.34,75.15,11.771893
1987-12-03,12.12,64.79,12.5808989
1987-12-04,13.18,68.44,13.4091256
1987-12-05,13.76,73.44,13.8680992
1987-12-06,13.43,71.75,13.59625125
1987-12-07,12.63,72.9,12.9087235
1987-12-08,13.86,73.11,13.9546528
1987-12-09,17.2,78.85,16.8859225
1987-12-10,18.3,78.25,17.845425
1987-12-11,16.76,82.96,16.548192800000002
1987-12-12,18.06,79.93,17.6670294
1987-12-13,18.03,77.81,17.59918115
1987-12-14,20.92,65.23,19.6922713
1987-12-15,23.11,61.05,21.26552275
1987-12-16,17.4,68.19,16.8926305
1987-12-17,16.07,64.65,15.76475275
1987-12-18,14.25,64.84,14.298345
1987-12-19,14.57,64.45,14.55631325
1987-12-20,14.92,66.53,14.8426843
1987-12-21,15.71,61.68,15.4549804
1987-12-22,16.27,59.88,15.879431799999999
1987-12-23,15.4,70.57,15.2543215
1987-12-24,15.09,67.32,14.983953399999999
1987-12-25,15.84,68.89,15.6107193
1987-12-26,21.4,46.16,19.356772
1987-12-27,20.35,69.23,19.35997525
1987-12-28,14.94,68.1,14.862802
1987-12-29,16.14,71.75,15.885185
1987-12-30,22.76,55.37,20.7324591
1987-12-31,24.04,58.23,21.8483281
1988-01-01,17.98,73.02,17.4636028
1988-01-02,16.75,64.94,16.3161325
1988-01-03,16.38,64.54,16.0133436
1988-01-04,16.72,68.18,16.3314778
1988-01-05,18.24,70.82,17.639767399999997
1988-01-06,24.26,56.59,21.929751200000002
1988-01-07,25.21,56.66,22.657057299999998
1988-01-08,20.55,71.88,19.614307
1988-01-09,23.92,60.5,21.873505
1988-01-10,24.02,52.86,21.5517496
1988-01-11,24.27,62.18,22.2377423
1988-01-12,24.11,62.96,22.152250799999997
1988-01-13,21.96,72.44,20.829213199999998
1988-01-14,25.7,61.66,23.338255999999998
1988-01-15,23.84,57.99,21.6819463
1988-01-16,19.63,60.83,18.524818449999998
1988-01-17,18.53,70.22,17.8699263
1988-01-18,17.77,66.07,17.15976895
1988-01-19,20.35,55.27,18.91081225
1988-01-20,21.8,51.09,19.8362635
1988-01-21,18.89,57.83,17.87180535
1988-01-22,20.04,57.84,18.755384799999998
1988-01-23,14.96,78.24,14.9049472
1988-01-24,14.3,74.4,14.32816
1988-01-25,16.2,67.2,15.89332
1988-01-26,18.98,68.43,18.2021152
1988-01-27,22.52,59.97,20.7542767
1988-01-28,27.37,40.28,23.1427198
1988-01-29,28.16,41.41,23.758133299999997
1988-01-30,19.76,67.46,18.818617800000002
1988-01-31,16.34,62.65,15.962018
1988-02-01,16.73,70.72,16.370880800000002
1988-02-02,17.22,66.77,16.722879199999998
1988-02-03,17.62,69.35,17.094046
1988-02-04,19.16,67.47,18.3262561
1988-02-05,23.82,50.36,21.2754536
1988-02-06,15.11,61.21,14.979859549999999
1988-02-07,16.24,66.45,15.918926499999998
1988-02-08,16.29,68.15,15.97643675
1988-02-09,18.03,62.61,17.30407315
1988-02-10,21.13,50.88,19.3388392
1988-02-11,21.6,57.88,19.955214
1988-02-12,20.13,63.86,19.0109249
1988-02-13,18.54,65.44,17.7720768
1988-02-14,18.65,61.71,17.77603075
1988-02-15,18.84,58.31,17.8448597
1988-02-16,19.01,68.01,18.216488050000002
1988-02-17,21.08,43.53,19.0363507
1988-02-18,18.77,64.51,17.93651735
1988-02-19,15.83,64.14,15.5676841
1988-02-20,17.93,66.82,17.3040593
1988-02-21,17.71,70.39,17.18723545
1988-02-22,18.54,69.16,17.8547352
1988-02-23,18.69,69.99,17.99841955
1988-02-24,18.07,72.54,17.5308229
1988-02-25,23.52,41.88,20.6366668
1988-02-26,26.91,37.19,22.62290345
1988-02-27,19.46,65.63,18.522386400000002
1988-02-28,18.46,68.88,17.7822064
1988-02-29,18.48,71.33,17.8524137
1988-03-01,18.31,74.08,17.7668464
1988-03-02,27.83,35.22,23.0806543
1988-03-03,18.83,59.3,17.860729499999998
1988-03-04,17.39,63.61,16.81158095
1988-03-05,16.61,69.88,16.2604574
1988-03-06,17.27,73.63,16.86825305
1988-03-07,22.16,51.51,20.1171163
1988-03-08,22.69,59.79,20.87874055
1988-03-09,20.65,70.21,19.64235325
1988-03-10,19.73,67.89,18.80635585
1988-03-11,12.77,77.01,12.98874985
1988-03-12,15.54,76.77,15.407124399999999
1988-03-13,15.02,68.57,14.9301102
1988-03-14,14.07,72.5,14.135037500000001
1988-03-15,15.65,73.56,15.482767
1988-03-16,15.49,77.33,15.36656185
1988-03-17,16.91,77.69,16.61428095
1988-03-18,18.59,66.21,17.82989395
1988-03-19,19.8,54.35,18.4693025
1988-03-20,21.82,45.52,19.6266352
1988-03-21,20.54,56.24,19.0862928
1988-03-22,20.42,65.7,19.303192000000003
1988-03-23,19.78,69.91,18.9061864
1988-03-24,19.15,70.52,18.396048999999998
1988-03-25,21.4,56.63,19.754108499999997
1988-03-26,22.73,50.92,20.5083938
1988-03-27,21.26,60.89,19.8058902
1988-03-28,19.51,75.25,18.82801375
1988-03-29,20.71,60.5,19.3608775
1988-03-30,18.32,79.12,17.8813112
1988-03-31,17.15,80.77,16.869722749999998
1988-04-01,17.26,78.01,16.9261918
1988-04-02,15.7,71.71,15.513285999999999
1988-04-03,16.67,76.53,16.389885550000002
1988-04-04,16.38,76.14,16.1332876
1988-04-05,16.89,76.33,16.578857850000002
1988-04-06,16.89,79.06,16.614743700000002
1988-04-07,17.57,77.26,17.1860351
1988-04-08,13.48,75.92,13.6150888
1988-04-09,12.82,63.88,13.1537488
1988-04-10,14.93,59.32,14.8337918
1988-04-11,16.31,57.77,15.889600349999998
1988-04-12,18.98,62.48,18.0555072
1988-04-13,17.62,71.75,17.13523
1988-04-14,18.39,59,17.512805
1988-04-15,13.48,70.1,13.647739
1988-04-16,12.79,67.28,13.0977316
1988-04-17,13.76,73.79,13.866674699999999
1988-04-18,17.97,61.21,17.22969285
1988-04-19,17.04,74.1,16.678176999999998
1988-04-20,16.39,78.77,16.16931415
1988-04-21,17.34,69.87,16.8693694
1988-04-22,18.61,63.85,17.79282925
1988-04-23,15.5,72.81,15.350455
1988-04-24,16.18,61.91,15.8280484
1988-04-25,18.13,60.56,17.3425804
1988-04-26,13.08,88.11,13.1728609
1988-04-27,15.09,89.73,15.05667385
1988-04-28,17.87,85.98,17.6101393
1988-04-29,18.57,82.71,18.18296335
1988-04-30,19.16,72.06,18.4438978
1988-05-01,18.93,72.57,18.26166805
1988-05-02,18.11,80.38,17.7204449
1988-05-03,16.71,84.89,16.526337950000002
1988-05-04,17.7,83.36,17.407135999999998
1988-05-05,17.1,90.01,16.957143000000002
1988-05-06,16.87,78.58,16.590790300000002
1988-05-07,14.22,85.52,14.242299200000001
1988-05-08,14.22,85.59,14.242191400000001
1988-05-09,13.39,81.48,13.5030646
1988-05-10,12.71,73.48,12.9710894
1988-05-11,12.32,84.11,12.5105211
1988-05-12,11.41,75.69,11.82314845
1988-05-13,12.91,67.29,13.19604895
1988-05-14,15.08,69.65,14.9831835
1988-05-15,14.29,88.94,14.3027743
1988-05-16,13.94,91.05,13.967566
1988-05-17,14.15,89.27,14.170655250000001
1988-05-18,12.77,88.66,12.8779001
1988-05-19,12.43,90.61,12.536905149999999
1988-05-20,11.57,92.14,11.6966639
1988-05-21,12.42,81.11,12.6361016
1988-05-22,12.75,82.7,12.9165125
1988-05-23,11.48,90.96,11.6301544
1988-05-24,11.3,94.59,11.395216000000001
1988-05-25,12.93,83.86,13.0693689
1988-05-26,13.34,82.95,13.448779
1988-05-27,12.35,84.81,12.52962175
1988-05-28,12.17,86.7,12.3404395
1988-05-29,12.18,73.01,12.5243924
1988-05-30,10.46,82.04,10.8590712
1988-05-31,10.66,86.28,10.9497664
1988-06-01,11.9,84.59,12.120363000000001
1988-06-02,11.77,85.05,11.99447425
1988-06-03,12.93,79.51,13.10693115
1988-06-04,14.16,85.26,14.1875638
1988-06-05,11.36,85.86,11.6041978
1988-06-06,11.82,86.47,12.0194322
1988-06-07,10.68,85.69,10.9806531
1988-06-08,8.45,87.41,8.86893225
1988-06-09,8.7,91.1,8.98391
1988-06-10,9.69,89.33,9.97227485
1988-06-11,8.9,81.29,9.476268000000001
1988-06-12,11.84,84.97,12.0598889
1988-06-13,12.32,84.3,12.508243
1988-06-14,10.55,85.79,10.85871225
1988-06-15,9.95,86.28,10.293343
1988-06-16,9.85,81.67,10.31878975
1988-06-17,8.83,88.69,9.18270235
1988-06-18,11.43,86.1,11.6647015
1988-06-19,8.42,89.88,8.7584128
1988-06-20,9.25,90.12,9.535285
1988-06-21,9.66,90.38,9.9160844
1988-06-22,9.91,91.26,10.1306413
1988-06-23,12.13,92.29,12.230499850000001
1988-06-24,9.84,89.94,10.0978378
1988-06-25,8.94,88.11,9.3035962
1988-06-26,9.51,86.09,9.89175995
1988-06-27,12.14,80.53,12.3927206
1988-06-28,9.16,86.1,9.568243
1988-06-29,11.05,88.83,11.26195075
1988-06-30,10.83,88.5,11.0621275
1988-07-01,10.58,86.16,10.8783904
1988-07-02,9.11,84.74,9.5623827
1988-07-03,7.96,87.41,8.4128623
1988-07-04,8.52,91.92,8.7857512
1988-07-05,11.52,94.07,11.6171927
1988-07-06,11.53,95.64,11.6012206
1988-07-07,11.76,93.47,11.858407099999999
1988-07-08,10.84,86.68,11.1081316
1988-07-09,8.98,88.67,9.3239788
1988-07-10,9.83,86.91,10.16621665
1988-07-11,10.52,89.42,10.7515962
1988-07-12,9.98,87.27,10.2964678
1988-07-13,10.15,85.18,10.504568500000001
1988-07-14,12.15,83.74,12.360160500000001
1988-07-15,9.5,86.03,9.884175
1988-07-16,10.23,87.42,10.5254413
1988-07-17,9.88,85.18,10.256576200000001
1988-07-18,9.16,84.92,9.6028996
1988-07-19,9.61,86.36,9.9768478
1988-07-20,9.32,89.61,9.616011100000001
1988-07-21,8.09,85.74,8.5927363
1988-07-22,9.08,85.25,9.5196975
1988-07-23,7.73,86.92,8.217033800000001
1988-07-24,9.74,83.9,10.161498
1988-07-25,10.18,80.46,10.6442704
1988-07-26,9.29,85.25,9.71266125
1988-07-27,10.35,88.7,10.607922499999999
1988-07-28,9.52,83.93,9.9601573
1988-07-29,9.08,90.94,9.3500786
1988-07-30,9.37,91.13,9.620267049999999
1988-07-31,9.8,92.12,10.003698000000002
1988-08-01,9.46,87.72,9.8004016
1988-08-02,9.75,80.2,10.267275
1988-08-03,10.93,81.31,11.29697815
1988-08-04,9.73,79.76,10.2609964
1988-08-05,8.04,85.26,8.5637122
1988-08-06,9.4,88.79,9.7144405
1988-08-07,8.52,79.7,9.187667
1988-08-08,8.36,81.32,8.9908236
1988-08-09,9.65,84.96,10.051192
1988-08-10,9.46,77.57,10.081759600000002
1988-08-11,8.36,87,8.799009999999999
1988-08-12,8.45,83.36,9.003696
1988-08-13,10.05,80.63,10.524080750000001
1988-08-14,11.12,83.93,11.418741299999999
1988-08-15,12.08,86.62,12.2580878
1988-08-16,13.15,86.62,13.2493465
1988-08-17,10.97,82.85,11.302967250000002
1988-08-18,10.51,88.19,10.76917045
1988-08-19,10.38,81.69,10.7949046
1988-08-20,11.8,83.15,12.0502225
1988-08-21,9.17,92.25,9.39719125
1988-08-22,9.32,85.47,9.7339597
1988-08-23,9.12,85.39,9.5523099
1988-08-24,9.5,77.03,10.131675000000001
1988-08-25,9.87,80.31,10.371405849999999
1988-08-26,10.39,77.22,10.9049419
1988-08-27,9.15,89.91,9.44689825
1988-08-28,9.89,88.34,10.1856393
1988-08-29,10.79,83.6,11.124642
1988-08-30,11.33,82.8,11.629882
1988-08-31,12.89,81.89,13.05036405
1988-09-01,14.14,78.64,14.1822928
1988-09-02,10.47,91.19,10.665273650000001
1988-09-03,11.15,86.28,11.402791
1988-09-04,10.22,80.18,10.6865628
1988-09-05,10.77,76.47,11.25271795
1988-09-06,11.32,78.18,11.7016318
1988-09-07,9.07,80.63,9.648485050000001
1988-09-08,13.87,77.16,13.9491406
1988-09-09,15.06,79.36,14.9964288
1988-09-10,13.96,88.2,13.995046
1988-09-11,12.01,77.28,12.3211504
1988-09-12,8.79,78.76,9.4570422
1988-09-13,9.35,74.06,10.0847505
1988-09-14,9.65,79.18,10.2053735
1988-09-15,11.53,79.8,11.859967
1988-09-16,14.1,73.27,14.158806
1988-09-17,12.01,89.38,12.1554409
1988-09-18,10.48,82.3,10.871347
1988-09-19,10.96,83.42,11.282812600000002
1988-09-20,9.86,81.84,10.3234432
1988-09-21,13.65,76.06,13.761919500000001
1988-09-22,15.72,64.76,15.4835396
1988-09-23,12.89,78.85,13.07728325
1988-09-24,10.58,78.47,11.0441868
1988-09-25,11.86,77.78,12.1826344
1988-09-26,14.6,73.44,14.585391999999999
1988-09-27,13.39,83.34,13.4917093
1988-09-28,12.79,79.73,12.980639349999999
1988-09-29,11.64,78.39,11.979925300000001
1988-09-30,14.39,78.72,14.4028744
1988-10-01,12.04,78.51,12.3307597
1988-10-02,13.39,71.2,13.565824000000001
1988-10-03,16.46,77.92,16.221977600000002
1988-10-04,13.95,81.48,14.006022999999999
1988-10-05,12.41,68.37,12.773586850000001
1988-10-06,10.06,77.98,10.597728400000001
1988-10-07,14.76,61.95,14.7055885
1988-10-08,12.41,78.72,12.654613600000001
1988-10-09,11.71,79.58,12.023344900000001
1988-10-10,11.92,81.96,12.175987600000001
1988-10-11,14.8,78.3,14.764195
1988-10-12,10.77,71.97,11.34503545
1988-10-13,16.21,59.16,15.8258998
1988-10-14,11.87,71.47,12.28268645
1988-10-15,13.35,69.14,13.5451895
1988-10-16,12.77,67.21,13.08199685
1988-10-17,11.65,75.85,12.028551250000001
1988-10-18,14.59,70.27,14.57528365
1988-10-19,11.81,75.39,12.17410495
1988-10-20,18.32,79.3,17.885093
1988-10-21,13.82,78.97,13.8986522
1988-10-22,13.09,66.75,13.34785375
1988-10-23,13.49,62.72,13.6970904
1988-10-24,11.7,67.93,12.193878
1988-10-25,16.05,54.45,15.66168625
1988-10-26,16.37,61.87,15.97783295
1988-10-27,12.91,63.19,13.23190345
1988-10-28,15.86,63.21,15.5848108
1988-10-29,14.77,67.14,14.7212029
1988-10-30,15.71,74.36,15.5393658
1988-10-31,14.11,78.55,14.15601025
1988-11-01,19.34,64.18,18.3864716
1988-11-02,21.06,59.07,19.583245599999998
1988-11-03,16.09,68.36,15.8133082
1988-11-04,12.57,78.26,12.800770100000001
1988-11-05,12.37,65.33,12.776159049999999
1988-11-06,15.46,64.33,15.2716624
1988-11-07,19.48,49.27,18.0905053
1988-11-08,17.58,60.53,16.911378199999998
1988-11-09,13.6,63.52,13.780576
1988-11-10,15.39,71.36,15.249807200000001
1988-11-11,15.4,66.78,15.235561
1988-11-12,22.06,53.01,20.1061558
1988-11-13,24.38,47.14,21.5075876
1988-11-14,12.56,78.43,12.7901519
1988-11-15,10.36,80.36,10.807202799999999
1988-11-16,12.85,73.85,13.087311249999999
1988-11-17,12.67,84.32,12.8278192
1988-11-18,15.97,70.77,15.73367545
1988-11-19,19.42,60.05,18.338953
1988-11-20,17.91,67.29,17.29652395
1988-11-21,15.9,81.05,15.754085
1988-11-22,15.01,83.54,14.9638297
1988-11-23,15.22,83.4,15.154264000000001
1988-11-24,15.23,86.28,15.1749142
1988-11-25,14.07,80.69,14.11566815
1988-11-26,14.43,80.37,14.43755755
1988-11-27,12.9,78.91,13.085592
1988-11-28,13.64,70.23,13.7808121
1988-11-29,13.36,75.78,13.511859399999999
1988-11-30,14.37,75.26,14.3876891
1988-12-01,16.04,72.98,15.8111406
1988-12-02,20.15,68.18,19.1611935
1988-12-03,21.25,75.86,20.3538025
1988-12-04,18.6,84.72,18.255436
1988-12-05,14.63,71.22,14.6094223
1988-12-06,14.51,67.92,14.508235599999999
1988-12-07,16.07,70.26,15.8131951
1988-12-08,18.42,87.86,18.158261600000003
1988-12-09,22.89,77.21,21.838355449999998
1988-12-10,18.59,67.83,17.86633585
1988-12-11,14.19,68.16,14.2442872
1988-12-12,16.14,73.24,15.8986248
1988-12-13,18.39,77.11,17.90026845
1988-12-14,22.23,63.98,20.6986097
1988-12-15,22.95,61.27,21.15002325
1988-12-16,24.99,64.04,22.915287799999998
1988-12-17,20.77,77.33,19.98822505
1988-12-18,19.26,78.82,18.7055076
1988-12-19,16.16,72.3,15.907099
1988-12-20,15.68,74.38,15.513726199999999
1988-12-21,15.83,69.83,15.60930645
1988-12-22,18.57,67.97,17.85300845
1988-12-23,20.82,70.28,19.7869328
1988-12-24,26.42,60.68,23.8421808
1988-12-25,18.26,83.83,17.9256044
1988-12-26,14.21,64.56,14.266526800000001
1988-12-27,16.32,61.81,15.9377181
1988-12-28,14.85,68.95,14.790228749999999
1988-12-29,15.54,71.39,15.376350799999999
1988-12-30,16.45,74.41,16.17554725
1988-12-31,15.93,76.05,15.74163325
1989-01-01,20.64,73.58,19.7477966
1989-01-02,22.31,62.11,20.68243505
1989-01-03,20.47,75.19,19.655363649999998
1989-01-04,14.79,82.09,14.76143355
1989-01-05,14.78,63.67,14.7240518
1989-01-06,15.52,70.35,15.3536635
1989-01-07,18.17,69.3,17.5503205
1989-01-08,22.95,59.97,21.08960575
1989-01-09,17.81,68.81,17.242186049999997
1989-01-10,15.17,72.31,15.06796235
1989-01-11,15.01,63.81,14.90848705
1989-01-12,14.87,68.82,14.806548699999999
1989-01-13,18.65,62.52,17.794518999999998
1989-01-14,22.41,55.82,20.4879491
1989-01-15,23.69,48.91,21.10765595
1989-01-16,22.14,74.85,21.083197
1989-01-17,15.08,73.49,14.9954331
1989-01-18,15.34,70.1,15.201862
1989-01-19,18.18,77.21,17.7187304
1989-01-20,16.92,66.19,16.4699889
1989-01-21,15.88,66.42,15.625127800000001
1989-01-22,16,67.69,15.7334425
1989-01-23,18.96,59.22,17.959666600000002
1989-01-24,21.05,58.95,19.57117375
1989-01-25,21.86,55.71,20.0671408
1989-01-26,23.24,53.07,20.9840749
1989-01-27,25.11,44.45,21.86837975
1989-01-28,26.59,43.75,22.84965625
1989-01-29,21.92,65.17,20.4985877
1989-01-30,17.37,65.91,16.83188935
1989-01-31,17.68,72.49,17.198850099999998
1989-02-01,19.42,64.53,18.4601818
1989-02-02,17.62,65.83,17.0336428
1989-02-03,17.31,70.57,16.855159349999997
1989-02-04,18.23,61.65,17.44324975
1989-02-05,18.96,63.44,18.0631832
1989-02-06,22.02,57.43,20.2593048
1989-02-07,23.96,59.12,21.8330136
1989-02-08,24.03,56.24,21.7363196
1989-02-09,17.54,60.69,16.8827368
1989-02-10,18.39,65.95,17.66150025
1989-02-11,19.61,70.46,18.7797783
1989-02-12,22.72,64.29,21.105550899999997
1989-02-13,20.55,78.69,19.84090975
1989-02-14,21.92,78.26,21.032790600000002
1989-02-15,20.61,79.01,19.90463105
1989-02-16,20.78,80.06,20.0912724
1989-02-17,24.26,58.46,22.0301328
1989-02-18,22.47,53.41,20.427727349999998
1989-02-19,17.22,63.16,16.668873599999998
1989-02-20,17.63,66.31,17.05002665
1989-02-21,16.82,66.78,16.3961128
1989-02-22,17.43,68.2,16.917543
1989-02-23,22.26,49.05,20.085454000000002
1989-02-24,23.69,56.24,21.4781508
1989-02-25,17.07,69.93,16.64496055
1989-02-26,19.08,73.84,18.421029599999997
1989-02-27,25.55,49.66,22.4905865
1989-02-28,27.57,37.88,23.1045038
1989-03-01,28.4,36.87,23.573711499999998
1989-03-02,25.85,60.33,23.37360025
1989-03-03,25.79,47.03,22.50082785
1989-03-04,26.17,53.4,23.178979000000002
1989-03-05,22.3,67.39,20.901031
1989-03-06,22.8,61.4,21.03791
1989-03-07,22.66,66.45,21.154276
1989-03-08,23.52,65.39,21.802997899999998
1989-03-09,22.61,75,21.494875
1989-03-10,17.98,88.19,17.7539566
1989-03-11,20.37,80.4,19.737214
1989-03-12,17.3,80.03,16.992462
1989-03-13,16.92,78.12,16.628777200000002
1989-03-14,15.87,72.55,15.66316425
1989-03-15,15.97,70.15,15.72866275
1989-03-16,15.34,66.89,15.1870318
1989-03-17,16.81,74.88,16.4908504
1989-03-18,19.4,74.01,18.6995695
1989-03-19,18.72,84.32,18.3560672
1989-03-20,18.98,89.04,18.7099456
1989-03-21,18.47,86.09,18.166275149999997
1989-03-22,18.71,79.62,18.2381011
1989-03-23,15.94,77.26,15.7598992
1989-03-24,14.59,65.96,14.5731502
1989-03-25,14.26,69.69,14.3000092
1989-03-26,14.89,71.12,14.8280524
1989-03-27,15.35,74.47,15.23064725
1989-03-28,14.36,76.74,14.377910199999999
1989-03-29,14.73,73.25,14.696161250000001
1989-03-30,17.56,77.16,17.1756028
1989-03-31,16.84,92.29,16.7407723
1989-04-01,17.73,76.37,17.31021305
1989-04-02,18.66,73.63,18.0566544
1989-04-03,18.05,71.83,17.49998075
1989-04-04,21.11,75.05,20.20294275
1989-04-05,19.3,79.43,18.756952000000002
1989-04-06,16.32,73.57,16.0554357
1989-04-07,14.33,77.87,14.35069155
1989-04-08,15.03,85.33,14.98723695
1989-04-09,15.77,90.29,15.70217565
1989-04-10,16.8,86.6,16.630490000000002
1989-04-11,16.77,84.89,16.58135165
1989-04-12,15.16,85.6,15.107728
1989-04-13,14.67,87.84,14.6586304
1989-04-14,14.05,77.43,14.105860750000002
1989-04-15,16.46,70.49,16.1418822
1989-04-16,14.03,75.67,14.092893049999999
1989-04-17,15.13,74.13,15.040360450000001
1989-04-18,13.75,73.34,13.8599725
1989-04-19,14.87,70.42,14.809804699999999
1989-04-20,15.14,81.2,15.073824
1989-04-21,13.5,80.08,13.60956
1989-04-22,13.75,83.4,13.818475
1989-04-23,14.23,81.44,14.2575616
1989-04-24,15.7,78.11,15.555525999999999
1989-04-25,16.61,75,16.319875
1989-04-26,17.26,71.71,16.8305578
1989-04-27,17.69,82.57,17.38419065
1989-04-28,15.56,94.55,15.5282265
1989-04-29,15.34,87.48,15.2821576
1989-04-30,16.32,86.72,16.1870672
1989-05-01,14.85,92.77,14.83608225
1989-05-02,14.95,87.53,14.91913675
1989-05-03,15.21,85.36,15.1528308
1989-05-04,13.26,81.97,13.3829646
1989-05-05,12.75,89.61,12.85000375
1989-05-06,13.77,83.43,13.836528549999999
1989-05-07,13.1,86.48,13.204104
1989-05-08,14.1,86.3,14.130139999999999
1989-05-09,16.28,83.72,16.120618800000003
1989-05-10,14.46,80.3,14.464334000000001
1989-05-11,13.95,88.07,13.98608825
1989-05-12,14.33,79.49,14.34917685
1989-05-13,15,83.67,14.9550925
1989-05-14,13.77,81.62,13.8437957
1989-05-15,13,82.8,13.1419
1989-05-16,11.76,85.37,11.9804741
1989-05-17,14.28,83.08,14.300473199999999
1989-05-18,13.72,88.19,13.7706649
1989-05-19,11.03,81.62,11.3807823
1989-05-20,9.79,80.58,10.2930751
1989-05-21,14.38,74.45,14.396863000000002
1989-05-22,11.15,87.62,11.3781015
1989-05-23,11.37,89.49,11.55092965
1989-05-24,11.85,84.22,12.0799935
1989-05-25,11.31,89.6,11.492468
1989-05-26,12.32,86.91,12.4769491
1989-05-27,12.53,88.18,12.658069699999999
1989-05-28,14.44,86.27,14.4445309
1989-05-29,14.17,91.48,14.185463799999999
1989-05-30,10.55,84.21,10.893037750000001
1989-05-31,7.75,78,8.56675
1989-06-01,7.53,81.9,8.2238635
1989-06-02,7.95,93.27,8.192448250000002
1989-06-03,9.88,92.98,10.058378200000002
1989-06-04,10.03,95.99,10.12858585
1989-06-05,8.82,89.87,9.136461200000001
1989-06-06,9.93,91.03,10.15546095
1989-06-07,11.61,89.99,11.76910895
1989-06-08,10.82,79.42,11.236539200000001
1989-06-09,8.46,91.52,8.741705600000001
1989-06-10,11.76,90.49,11.9033157
1989-06-11,10.68,88.74,10.9165726
1989-06-12,9.75,85.35,10.13273125
1989-06-13,9.75,85.54,10.127767500000001
1989-06-14,9.89,89.95,10.144817750000001
1989-06-15,10.3,93.04,10.460776000000001
1989-06-16,12.69,90.33,12.78626485
1989-06-17,11.25,84.14,11.533497500000001
1989-06-18,9.73,91.22,9.9603433
1989-06-19,8.78,88.81,9.1320374
1989-06-20,8.5,88.96,8.864320000000001
1989-06-21,8.19,93.08,8.4301586
1989-06-22,8.66,84.34,9.1629992
1989-06-23,8.2,83.44,8.773804
1989-06-24,7.71,82.13,8.377355150000001
1989-06-25,7.35,82.55,8.03622125
1989-06-26,7.39,82.14,8.088415300000001
1989-06-27,6.38,89.31,6.857415400000001
1989-06-28,8.19,87.88,8.6106246
1989-06-29,9.25,91.38,9.4989025
1989-06-30,9.68,93.98,9.8395902
1989-07-01,11.73,90.53,11.87427545
1989-07-02,10.12,91.07,10.3351237
1989-07-03,8.99,91.09,9.26001755
1989-07-04,7.69,90.38,8.050317100000001
1989-07-05,6.92,88.33,7.406522300000001
1989-07-06,6.5,91.48,6.87488
1989-07-07,9.05,88.45,9.39621125
1989-07-08,9.12,80.71,9.6907911
1989-07-09,6.58,94.04,6.8396176
1989-07-10,8.95,91.28,9.216178
1989-07-11,7.9,83.73,8.490601
1989-07-12,7.82,80.9,8.521734
1989-07-13,7.12,80.3,7.919623000000001
1989-07-14,6.34,85.32,6.9988384
1989-07-15,6.14,76.83,7.2053566
1989-07-16,7.47,77.36,8.3453756
1989-07-17,7.72,95.11,7.9023481
1989-07-18,7.17,86.97,7.695304450000001
1989-07-19,7.16,88.93,7.6068959000000005
1989-07-20,7.64,87.97,8.093891900000001
1989-07-21,6.93,85.53,7.53245845
1989-07-22,6.68,83.83,7.3754717
1989-07-23,7.53,94.37,7.745826050000001
1989-07-24,9.34,95.71,9.4617502000000009
1989-07-25,9.66,89.55,9.938179
1989-07-26,9.86,89.23,10.1348504
1989-07-27,9.02,87.97,9.3825842
1989-07-28,11.83,87.78,12.0094507
1989-07-29,9.99,91.42,10.2028269
1989-07-30,9.47,87.15,9.825495250000001
1989-07-31,6.87,87.93,7.37651755
1989-08-01,9.07,91.25,9.331318750000001
1989-08-02,9.29,88.67,9.61466115
1989-08-03,8.4,83.14,8.965653000000001
1989-08-04,8.22,85.56,8.7187576
1989-08-05,8.43,90.48,8.7478252
1989-08-06,8.18,90.34,8.5157816
1989-08-07,7.45,86.1,7.988972500000001
1989-08-08,8.3,92.22,8.565298000000002
1989-08-09,10.52,87,10.80457
1989-08-10,9.16,79.55,9.760616500000001
1989-08-11,7.88,78.7,8.655533
1989-08-12,8.31,83.72,8.8642526
1989-08-13,7.77,87.69,8.22565465
1989-08-14,8.09,82.79,8.696738550000001
1989-08-15,8.81,84.49,9.295385450000001
1989-08-16,9,90.78,9.278905
1989-08-17,9.17,87.46,9.5376101
1989-08-18,10.47,82.83,10.850573050000001
1989-08-19,9.92,91.05,10.1454505
1989-08-20,8.88,87.13,9.2778117
1989-08-21,9.34,82.93,9.8244466
1989-08-22,8.29,90.21,8.624377449999999
1989-08-23,7.8,88.7,8.216405
1989-08-24,7.75,87.82,8.202182500000001
1989-08-25,8.22,89.77,8.573344200000001
1989-08-26,7.3,86.58,7.831432
1989-08-27,6.14,91.31,6.5395662
1989-08-28,8.19,88.3,8.5960485
1989-08-29,7.95,89.34,8.3340265
1989-08-30,8.77,79.88,9.4040818
1989-08-31,10.09,85.86,10.4329657
1989-09-01,10.49,89.73,10.71650485
1989-09-02,9.96,88.18,10.2551454
1989-09-03,9.93,88.79,10.21176335
1989-09-04,10.37,86.14,10.6848299
1989-09-05,10.82,83.33,11.157400800000001
1989-09-06,9.64,87.64,9.970382800000001
1989-09-07,10.82,75.89,11.3079864
1989-09-08,13.64,73.32,13.7661964
1989-09-09,9.76,83.31,10.1951083
1989-09-10,10.33,82.04,10.741912600000001
1989-09-11,9.03,84.12,9.5077498
1989-09-12,8.89,86.14,9.3176503
1989-09-13,8.95,84.5,9.4231375
1989-09-14,9.56,84.11,9.991731300000001
1989-09-15,9.12,88.18,9.4697538
1989-09-16,10.2,78.34,10.712259
1989-09-17,10.48,90.93,10.6805377
1989-09-18,11.21,84.63,11.48812015
1989-09-19,10.66,86.45,10.946176000000001
1989-09-20,11.11,84.36,11.401607799999999
1989-09-21,13.13,79.65,13.28333725
1989-09-22,10.75,82.69,11.10701875
1989-09-23,9.95,76.54,10.5370865
1989-09-24,13.14,77.93,13.3050836
1989-09-25,9.23,78.41,9.85578615
1989-09-26,9.96,82.92,10.3864876
1989-09-27,10.57,82.98,10.9378873
1989-09-28,13.06,81.77,13.204381600000001
1989-09-29,15.38,80.69,15.286539600000001
1989-09-30,13.16,86.94,13.2562522
1989-10-01,8.84,78.06,9.522992200000001
1989-10-02,9.06,73.35,9.857368000000001
1989-10-03,10.79,76.44,11.2707418
1989-10-04,13.32,83.71,13.4257221
1989-10-05,11.8,85.27,12.018740500000002
1989-10-06,10.57,78.15,11.04228775
1989-10-07,12.1,78.63,12.382084
1989-10-08,10.37,78.32,10.8624612
1989-10-09,10.29,85.07,10.63570415
1989-10-10,10.85,87.7,11.0969225
1989-10-11,11.84,83.45,12.0821265
1989-10-12,12.11,81.67,12.350947849999999
1989-10-13,12.43,77.18,12.689805699999999
1989-10-14,11.81,74.63,12.18534915
1989-10-15,12.77,78.75,12.972193749999999
1989-10-16,11.72,77,12.071670000000001
1989-10-17,14.78,77.06,14.744672399999999
1989-10-18,15.19,83.19,15.126206049999999
1989-10-19,13.19,85.4,13.295193
1989-10-20,11.85,86.73,12.043410249999999
1989-10-21,12.89,79.98,13.0672771
1989-10-22,12.12,81.6,12.360856
1989-10-23,10.97,79.92,11.3598532
1989-10-24,14.22,84.28,14.244208800000001
1989-10-25,13.68,89.4,13.727806
1989-10-26,12.68,79.32,12.8870068
1989-10-27,10.92,83.79,11.2391749
1989-10-28,12.99,77.27,13.17877265
1989-10-29,14.79,72.36,14.7459142
1989-10-30,12.56,81.46,12.7578218
1989-10-31,11.24,77.69,11.640018300000001
1989-11-01,12.04,81.01,12.2969347
1989-11-02,11.83,78.46,12.1463149
1989-11-03,14.48,83.44,14.4818216
1989-11-04,16.78,76.37,16.4836798
1989-11-05,16.39,82.04,16.2033058
1989-11-06,11.94,79.49,12.2287808
1989-11-07,12.61,78.06,12.8380663
1989-11-08,11.47,76.23,11.866127050000001
1989-11-09,12.16,76.82,12.4583266
1989-11-10,12.12,77.37,12.4162267
1989-11-11,13.2,79.59,13.345931499999999
1989-11-12,13.35,79.42,13.4801685
1989-11-13,14.31,76.44,14.3346202
1989-11-14,14.55,78.16,14.543994000000001
1989-11-15,16.42,80.82,16.2174592
1989-11-16,17.82,89.78,17.6333828
1989-11-17,12.47,83.25,12.65701375
1989-11-18,12.89,79,13.075955
1989-11-19,12.79,74.34,13.031332299999999
1989-11-20,15.97,79.07,15.80078095
1989-11-21,20.14,70.18,19.2149836
1989-11-22,21.28,67.26,20.0591254
1989-11-23,18.16,75.14,17.6595682
1989-11-24,14.52,77.92,14.517571199999999
1989-11-25,16.89,76.25,16.577806250000002
1989-11-26,17.96,74.04,17.4659812
1989-11-27,19.3,72.64,18.577696
1989-11-28,22.16,62.9,20.596977
1989-11-29,21.26,74.56,20.3141408
1989-11-30,19.61,81.17,19.08078285
1989-12-01,21.83,71.74,20.6906981
1989-12-02,16.8,66.7,16.378755
1989-12-03,14.29,66.65,14.32851925
1989-12-04,14.89,68.1,14.8215745
1989-12-05,18.1,71.12,17.528176000000002
1989-12-06,19.96,70.32,19.068709600000002
1989-12-07,20.65,67.57,19.55305525
1989-12-08,20.8,66.35,19.6340275
1989-12-09,22.64,60.8,20.885016
1989-12-10,23.13,62.97,21.372371049999998
1989-12-11,18.49,62.31,17.66289295
1989-12-12,16.02,66.43,15.7393548
1989-12-13,13.79,76.1,13.883329499999999
1989-12-14,14.06,65.56,14.143344800000001
1989-12-15,15.22,70.62,15.1036552
1989-12-16,16.96,63.82,16.4704846
1989-12-17,23.29,49.49,20.84809405
1989-12-18,21.56,63.52,20.143481599999998
1989-12-19,18.23,63.18,17.4746377
1989-12-20,15.11,58.21,14.96979455
1989-12-21,14.69,64.11,14.65249495
1989-12-22,16.01,64.94,15.718826700000001
1989-12-23,18.52,63.19,17.706130899999998
1989-12-24,22.84,46.38,20.3804506
1989-12-25,22.85,56.8,20.86604
1989-12-26,16.7,62.78,16.249638
1989-12-27,14.92,69.03,14.8484593
1989-12-28,15.49,63.84,15.2931088
1989-12-29,19.35,65.65,18.433713750000003
1989-12-30,17.46,69.63,16.9655764
1989-12-31,22.76,56.47,20.7824321
1990-01-01,16.82,63.25,16.35107
1990-01-02,25.04,39.46,21.530496199999998
1990-01-03,19.84,56.53,18.5632861
1990-01-04,16.07,63.59,15.75559965
1990-01-05,18.28,68.94,17.6342626
1990-01-06,19.07,66.68,18.2325018
1990-01-07,17.46,72.83,17.017672400000002
1990-01-08,19.7,67.17,18.761062
1990-01-09,22.79,57.73,20.86269935
1990-01-10,23.86,70.05,22.318174
1990-01-11,26.13,56.52,23.3488018
1990-01-12,19.31,64.09,18.36000095
1990-01-13,17.39,63.14,16.8041103
1990-01-14,16.16,63.63,15.8279419
1990-01-15,14.7,59.47,14.655417
1990-01-16,15.36,57.68,15.1598264
1990-01-17,21.94,45.71,19.7184532
1990-01-18,19.64,57.61,18.4416347
1990-01-19,19.99,60.06,18.784011699999997
1990-01-20,17.13,61.59,16.57439935
1990-01-21,17.09,65.46,16.5979777
1990-01-22,19.99,57.84,18.7169788
1990-01-23,27.56,33.49,22.7825867
1990-01-24,22.16,54.04,20.2237052
1990-01-25,21.73,65.96,20.3763994
1990-01-26,23.24,65.72,21.592160399999997
1990-01-27,20.44,60.57,19.1518219
1990-01-28,17.73,50.77,16.85542905
1990-01-29,20.19,50.03,18.626188850000002
1990-01-30,24.79,49.81,21.94949695
1990-01-31,16.18,72.26,15.9236824
1990-02-01,14.06,87.48,14.0902984
1990-02-02,16.65,83.64,16.456543
1990-02-03,16.89,81.96,16.6528642
1990-02-04,16.53,80.45,16.31172425
1990-02-05,16.18,71.56,15.917214399999999
1990-02-06,17.83,69.04,17.2629676
1990-02-07,21.26,63.78,19.913340400000003
1990-02-08,20.38,70.17,19.415297799999998
1990-02-09,18.99,79.75,18.48992625
1990-02-10,17.08,82.88,16.8370672
1990-02-11,17.37,76.06,16.992107100000002
1990-02-12,18.25,69.56,17.622175
1990-02-13,18.43,68.9,17.7577735
1990-02-14,21.8,52.65,19.8988975
1990-02-15,22.58,56.68,20.654859199999997
1990-02-16,24.6,53.09,21.9941495
1990-02-17,18.34,65.64,17.6143168
1990-02-18,18.79,69.23,18.063981849999998
1990-02-19,18.92,66.43,18.103913300000002
1990-02-20,22.23,59.1,20.4911365
1990-02-21,24.98,60.8,22.720512
1990-02-22,20.31,73.62,19.4670271
1990-02-23,17.1,71.31,16.689733
1990-02-24,17.71,76.23,17.29034065
1990-02-25,18.46,78.2,17.985196000000002
1990-02-26,20.17,73.21,19.334553850000002
1990-02-27,21.72,77.14,20.8122294
1990-02-28,19.9,88.38,19.554886
1990-03-01,20.53,79.29,19.84315285
1990-03-02,22.64,73.01,21.4316577
1990-03-03,22.84,72.86,21.5950882
1990-03-04,21.89,75.47,20.89297815
1990-03-05,19.06,73.99,18.407669199999997
1990-03-06,15.4,69.34,15.248233
1990-03-07,17.17,60.21,16.585683850000002
1990-03-08,21.49,54.21,19.72960345
1990-03-09,18.62,68.54,17.9071164
1990-03-10,17.83,69.6,17.273224
1990-03-11,15.26,64.54,15.1117772
1990-03-12,14.47,65.29,14.47572715
1990-03-13,18.17,56.88,17.2996228
1990-03-14,18.86,69.7,18.133406
1990-03-15,14.45,66.44,14.459228999999999
1990-03-16,17.1,62.62,16.565466
1990-03-17,19,63.08,18.08623
1990-03-18,15.9,64.95,15.630115
1990-03-19,15.65,71.23,15.46802975
1990-03-20,16.17,73.47,15.926321950000002
1990-03-21,17,74.98,16.655975
1990-03-22,21.54,54.89,19.7933408
1990-03-23,23.58,53.29,21.247302599999998
1990-03-24,21.97,57.52,20.2247092
1990-03-25,23.79,50.78,21.2751041
1990-03-26,24.12,46.13,21.2697383
1990-03-27,22.77,57.54,20.8387069
1990-03-28,16.41,70.68,16.1019934
1990-03-29,15.87,76.02,15.6893107
1990-03-30,15.04,76.91,14.9714227
1990-03-31,15.95,74,15.74265
1990-04-01,15.9,77.7,15.72829
1990-04-02,14.19,71.86,14.2379787
1990-04-03,17.43,68.18,16.917220699999998
1990-04-04,19.48,61.71,18.431236900000002
1990-04-05,21.24,66.15,19.9851805
1990-04-06,17.84,70.78,17.3032286
1990-04-07,15.82,69.71,15.6000946
1990-04-08,16.73,82.26,16.5124189
1990-04-09,18.77,76.35,18.21457975
1990-04-10,20.4,75.94,19.619252999999997
1990-04-11,17.68,90.98,17.5222402
1990-04-12,19.17,62.88,18.2165728
1990-04-13,19.3,76.4,18.67696
1990-04-14,15.21,69.14,15.0894917
1990-04-15,14.44,68.17,14.4505039
1990-04-16,14.74,70.99,14.7017068
1990-04-17,15.61,75.84,15.462503199999999
1990-04-18,15.3,79.93,15.211692000000001
1990-04-19,16.06,84.6,15.927867999999998
1990-04-20,17.46,82.9,17.181612
1990-04-21,14.66,87.54,14.6490352
1990-04-22,13.56,82.23,13.6518709
1990-04-23,14.32,76.9,14.342869
1990-04-24,14.9,82.87,14.862314
1990-04-25,13.76,77.33,13.8522669
1990-04-26,12.69,75.76,12.9313092
1990-04-27,12.19,80.54,12.4372393
1990-04-28,14.98,65.8,14.889712000000001
1990-04-29,12.6,80.41,12.8047155
1990-04-30,15.16,74.46,15.0672898
1990-05-01,17.14,66.96,16.6602592
1990-05-02,13.55,81.18,13.6483345
1990-05-03,15.35,69.3,15.2064775
1990-05-04,18.37,60.48,17.5288168
1990-05-05,15.99,82.93,15.85011135
1990-05-06,12.42,75.33,12.7022248
1990-05-07,12.04,74.59,12.3837973
1990-05-08,12.41,68.18,12.7757709
1990-05-09,16.77,67.96,16.369980599999998
1990-05-10,14.74,85.11,14.7203452
1990-05-11,15.83,75.81,15.65305015
1990-05-12,11.94,74.41,12.300307199999999
1990-05-13,10.96,71.69,11.511195700000002
1990-05-14,10.6,72.51,11.1896605
1990-05-15,11.88,75.58,12.2318922
1990-05-16,15.29,79.46,15.2007537
1990-05-17,11.44,80.78,11.7634726
1990-05-18,11.9,78.65,12.205305000000001
1990-05-19,10.61,79.52,11.0481696
1990-05-20,10.41,72.63,11.02568815
1990-05-21,11.09,76.2,11.536369
1990-05-22,10.37,79.96,10.8252086
1990-05-23,11.74,80.51,12.0358582
1990-05-24,10.91,85.59,11.19452545
1990-05-25,10.77,89.31,10.98930535
1990-05-26,11.44,86.73,11.6633341
1990-05-27,10.85,84.36,11.163973
1990-05-28,11.11,78.57,11.50956235
1990-05-29,10.56,82.81,10.932507300000001
1990-05-30,11.82,89.03,11.981697800000001
1990-05-31,10.94,88.09,11.1731978
1990-06-01,9.84,83.04,10.2746848
1990-06-02,10.6,89.95,10.8155725
1990-06-03,10.53,91.5,10.7155975
1990-06-04,11.07,88.49,11.28713615
1990-06-05,9.45,84.33,9.88523425
1990-06-06,9.31,84.3,9.7581565
1990-06-07,11.14,82.07,11.471346400000002
1990-06-08,11.28,81.57,11.606395299999999
1990-06-09,13.11,78.46,13.2746733
1990-06-10,10.39,82.04,10.7959858
1990-06-11,9.7,83.64,10.131904
1990-06-12,12.36,84.95,12.5371385
1990-06-13,10.25,84.44,10.613715000000001
1990-06-14,9.63,84.48,10.0457032
1990-06-15,10.3,82.56,10.702864000000002
1990-06-16,9.51,86.57,9.87858635
1990-06-17,8.17,79.88,8.8704778
1990-06-18,9.38,86.45,9.761568
1990-06-19,7.95,83.66,8.5386485
1990-06-20,9.91,80.67,10.39798585
1990-06-21,10.64,90.67,10.838075900000002
1990-06-22,10.49,89.42,10.723341900000001
1990-06-23,9.25,85.32,9.673885
1990-06-24,8.55,71.36,9.487244
1990-06-25,7.19,87.05,7.710654750000001
1990-06-26,7.21,82.57,7.90885585
1990-06-27,6.36,86.8,6.950964000000001
1990-06-28,9.29,85.9,9.6940355
1990-06-29,10.04,87.89,10.337058299999999
1990-06-30,9.16,76.87,9.8393281
1990-07-01,6.31,93.35,6.609549250000001
1990-07-02,8.51,89.41,8.85888755
1990-07-03,8.74,90.46,9.042227200000001
1990-07-04,10.21,85.68,10.5478804
1990-07-05,6.55,85.82,7.170020500000001
1990-07-06,9.63,84.48,10.0457032
1990-07-07,10.2,86.18,10.526843
1990-07-08,10.77,84.34,11.0912649
1990-07-09,10.07,89.93,10.31535555
1990-07-10,8.66,90.37,8.9693156
1990-07-11,7.92,88.71,8.328585100000002
1990-07-12,7.75,90.65,8.09711875
1990-07-13,9.37,88.39,9.69757615
1990-07-14,10.78,91.21,10.9598434
1990-07-15,11.34,90.47,11.5056314
1990-07-16,10.78,89.89,10.9868506
1990-07-17,12.83,86.72,12.9519768
1990-07-18,8.71,90.45,9.01411975
1990-07-19,8.37,86.44,8.8271754
1990-07-20,9.96,82.94,10.385988200000002
1990-07-21,9.04,87.72,9.4087684
1990-07-22,9.44,87.74,9.7811958
1990-07-23,10.16,87.42,10.460284600000001
1990-07-24,11.26,77.01,11.6696818
1990-07-25,8.4,84.79,8.9102955
1990-07-26,8.32,86.95,8.763569500000001
1990-07-27,8.39,92.48,8.642709600000002
1990-07-28,8.34,88.77,8.7204724
1990-07-29,8.44,86.65,8.8849555
1990-07-30,9.11,87.14,9.4912347
1990-07-31,8.91,91.59,9.168565450000001
1990-08-01,9.82,90.87,10.055006200000001
1990-08-02,9.93,90.51,10.16853115
1990-08-03,10.84,85.21,11.1377227
1990-08-04,10.5,83.58,10.86124
1990-08-05,9.29,87.47,9.64904715
1990-08-06,9.18,89.69,9.4816706
1990-08-07,8.37,85.97,8.84302145
1990-08-08,8.34,90.17,8.6730404
1990-08-09,8.65,87.42,9.054761500000001
1990-08-10,8.39,84.83,8.899787850000001
1990-08-11,8.22,83.66,8.784383600000002
1990-08-12,9.01,85.64,9.4436002
1990-08-13,8.98,85.62,9.416576800000001
1990-08-14,8.93,87.03,9.32733595
1990-08-15,9.05,89.36,9.368934000000001
1990-08-16,8.57,86.96,8.995299600000001
1990-08-17,8.21,77.85,8.976279250000001
1990-08-18,8.15,77.5,8.9358125
1990-08-19,10.13,83.4,10.528981000000002
1990-08-20,9.89,90.11,10.14076095
1990-08-21,7.41,89.39,7.823736950000001
1990-08-22,6.7,88.37,7.198927
1990-08-23,9.34,81.19,9.8738278
1990-08-24,7.75,84.98,8.307617500000001
1990-08-25,6.85,76.14,7.8539095
1990-08-26,7.16,71.15,8.3246745
1990-08-27,8.14,78.39,8.895917800000001
1990-08-28,11.25,75.43,11.68918875
1990-08-29,9.68,87.86,10.0018314
1990-08-30,10.45,82.67,10.83602575
1990-08-31,8.84,85.19,9.3010353
1990-09-01,10.32,79.7,10.786697
1990-09-02,9.07,86,9.48811
1990-09-03,9.68,78.36,10.2536764
1990-09-04,10.6,89.65,10.8220075
1990-09-05,10.87,87.3,11.1235555
1990-09-06,10.22,84.99,10.573335400000001
1990-09-07,8.59,83.37,9.13055815
1990-09-08,9.55,74.47,10.24505425
1990-09-09,11.74,78.24,12.0703168
1990-09-10,14.43,77.13,14.43880495
1990-09-11,13.4,84,13.4968
1990-09-12,9.28,86.53,9.6667237
1990-09-13,8.06,80.61,8.7467938
1990-09-14,9.87,82.73,10.30978055
1990-09-15,9.58,87.8,9.910132
1990-09-16,9.29,77.78,9.9267141
1990-09-17,11.02,80.22,11.3985892
1990-09-18,12.65,80.3,12.850447500000001
1990-09-19,14.34,81.99,14.3558488
1990-09-20,13.87,78.04,13.946091399999998
1990-09-21,9.76,79.48,10.2949564
1990-09-22,10.02,83.2,10.433952
1990-09-23,12.82,77.77,13.0254052
1990-09-24,16,76.78,15.808435
1990-09-25,12.8,90.52,12.888638
1990-09-26,9.19,80.58,9.7571611
1990-09-27,11.39,79.01,11.749033950000001
1990-09-28,10.59,86.56,10.8790272
1990-09-29,11.97,82.66,12.2112861
1990-09-30,13.27,78.19,13.41754465
1990-10-01,12.29,78.52,12.551089399999999
1990-10-02,10.9,82.61,11.244322
1990-10-03,12.14,83.22,12.357804400000001
1990-10-04,14.42,79.32,14.4290992
1990-10-05,10.32,79.86,10.7830186
1990-10-06,10,71.7,10.700425000000001
1990-10-07,10.06,77.88,10.600170400000001
1990-10-08,10.39,88.47,10.65063565
1990-10-09,10.76,80.01,11.1711943
1990-10-10,13.37,80.78,13.4894523
1990-10-11,10.34,89.67,10.5763504
1990-10-12,9.36,76.6,10.021518
1990-10-13,10.79,79.22,11.2140159
1990-10-14,13.17,77.86,13.3319541
1990-10-15,15.02,77.06,14.9543916
1990-10-16,13.06,81.71,13.2048568
1990-10-17,13.57,75.77,13.69393645
1990-10-18,14.97,75.49,14.906641650000001
1990-10-19,10.34,81.51,10.7630512
1990-10-20,11.44,77.79,11.8137943
1990-10-21,10.27,83.18,10.6613173
1990-10-22,11.81,77.69,12.14007645
1990-10-23,12.32,84.81,12.5021281
1990-10-24,14.24,86.35,14.2595195
1990-10-25,17.11,79.71,16.81873705
1990-10-26,18.78,69.04,18.051201600000002
1990-10-27,19.85,73.85,19.08053625
1990-10-28,18.98,78.32,18.4458048
1990-10-29,19.34,77.45,18.739719
1990-10-30,15.41,84.56,15.3327228
1990-10-31,18.32,81.1,17.922911
1990-11-01,15.33,79.35,15.23573275
1990-11-02,15.86,74.38,15.6683624
1990-11-03,14.85,77.38,14.8064565
1990-11-04,16.03,78.65,15.850339750000002
1990-11-05,21.71,62.7,20.2308685
1990-11-06,21.74,69.16,20.5119512
1990-11-07,18.33,75.16,17.806745399999997
1990-11-08,17.18,73.76,16.7932224
1990-11-09,14.95,72.72,14.882482
1990-11-10,11.52,67.31,12.0557891
1990-11-11,13.42,73.3,13.578598
1990-11-12,17.79,59.24,17.0524478
1990-11-13,19.24,65.72,18.3463204
1990-11-14,14.01,68.91,14.09378755
1990-11-15,14.79,66.09,14.73591355
1990-11-16,12.56,64.99,12.9335567
1990-11-17,12.51,69.36,12.845354799999999
1990-11-18,13.35,67.29,13.556890749999999
1990-11-19,14.53,68.66,14.5248289
1990-11-20,20.07,52.67,18.62004545
1990-11-21,17.89,63.63,17.21188135
1990-11-22,14.08,74.99,14.1377731
1990-11-23,13.4,72.93,13.5637735
1990-11-24,14.08,71.15,14.1466435
1990-11-25,16.02,75.89,15.8184404
1990-11-26,13.8,60.52,13.951998000000001
1990-11-27,18.39,59.54,17.5243583
1990-11-28,18.27,71.99,17.689212649999998
1990-11-29,14.85,72.67,14.797389749999999
1990-11-30,15.3,72.4,15.178560000000001
1990-12-01,17.4,68.07,16.8907165
1990-12-02,20.49,72.58,19.586648099999998
1990-12-03,19.86,76.13,19.156312399999997
1990-12-04,26.66,50.26,23.333388799999998
1990-12-05,23.81,62.42,21.8857161
1990-12-06,22.31,67.44,20.911385199999998
1990-12-07,21.89,55.93,20.098774849999998
1990-12-08,16.25,66.89,15.93131625
1990-12-09,12.52,78,12.75958
1990-12-10,13.23,67.99,13.45358985
1990-12-11,15.03,67.93,14.936515949999999
1990-12-12,14.31,65.8,14.345739
1990-12-13,15.32,64.64,15.1605264
1990-12-14,15.63,63.46,15.4029039
1990-12-15,15.84,64.06,15.5751222
1990-12-16,18.08,64.28,17.3766732
1990-12-17,24.52,50.11,21.7705621
1990-12-18,17.18,71.9,16.765806
1990-12-19,18.45,77.14,17.953366499999998
1990-12-20,17.99,72.5,17.462137499999997
1990-12-21,18.54,72.05,17.918951
1990-12-22,18.92,67.57,18.1316267
1990-12-23,15.03,60.13,14.91377895
1990-12-24,17.37,57.15,16.69361275
1990-12-25,19.3,61.18,18.275152
1990-12-26,16.45,61.39,16.03590775
1990-12-27,20.29,58.48,18.9677956
1990-12-28,17.56,64.66,16.965227799999997
1990-12-29,17.67,67.51,17.10353685
1990-12-30,23.56,49.96,21.0665068
1990-12-31,22.39,64.79,20.86206205
1991-01-01,24.56,52.3,21.920758999999997
1991-01-02,30.14,37.16,24.7345032
1991-01-03,25.98,61.93,23.5762602
1991-01-04,16.13,84.13,15.98772545
1991-01-05,14.42,77.37,14.4299572
1991-01-06,17.13,75.23,16.77170195
1991-01-07,16.58,65.95,16.190468
1991-01-08,15.88,72.33,15.6699847
1991-01-09,21.32,57.91,19.7412041
1991-01-10,26.61,42.94,22.809518699999998
1991-01-11,21.7,63.28,20.245887999999997
1991-01-12,17.76,71.42,17.2475606
1991-01-13,20.25,62.3,19.057737499999998
1991-01-14,20.09,67.57,19.092939649999998
1991-01-15,17.2,66.94,16.709059
1991-01-16,16.56,71.41,16.2360753
1991-01-17,16.8,70.19,16.4229035
1991-01-18,17.61,73.01,17.14833605
1991-01-19,21.07,66.77,19.869233949999998
1991-01-20,19.7,62.64,18.631504
1991-01-21,17.44,69.82,16.951989400000002
1991-01-22,21.43,76.75,20.54382625
1991-01-23,21.08,88.27,20.655491299999998
1991-01-24,22.88,61.85,21.1216665
1991-01-25,20.93,68.2,19.805393
1991-01-26,18.71,67.67,17.961398850000002
1991-01-27,17.32,69.12,16.8410512
1991-01-28,16.83,65.09,16.382628349999997
1991-01-29,16.91,66.92,16.4715246
1991-01-30,20.15,67.75,19.14783125
1991-01-31,16.83,64.64,16.376861599999998
1991-02-01,16.89,66.11,16.44451595
1991-02-02,25.48,42.15,21.9864385
1991-02-03,21.72,64.59,20.3138689
1991-02-04,22.48,65.04,20.9456056
1991-02-05,16.71,69.8,16.342919000000002
1991-02-06,16.92,67.52,16.4876912
1991-02-07,19.31,64.96,18.3830168
1991-02-08,20.03,56.54,18.7081641
1991-02-09,18.13,59.89,17.32920385
1991-02-10,15.56,66.59,15.3652197
1991-02-11,16.06,69.41,15.797537799999999
1991-02-12,18.15,65.74,17.462230499999997
1991-02-13,21.19,62.64,19.8153388
1991-02-14,16.36,63.27,15.984252099999999
1991-02-15,15.97,77.12,15.7850152
1991-02-16,15.46,66.71,15.284228800000001
1991-02-17,17.9,60.37,17.158918999999997
1991-02-18,22.63,54.21,20.582500149999998
1991-02-19,16.12,63.46,15.7944286
1991-02-20,16.49,71.83,16.18167935
1991-02-21,20.06,68.35,19.092143
1991-02-22,16.9,73.82,16.554423999999997
1991-02-23,19.8,73.25,19.0202375
1991-02-24,26.34,43.58,22.6659296
1991-02-25,24.08,55.39,21.729499099999998
1991-02-26,16.67,63.08,16.2293598
1991-02-27,18.4,66.01,17.6709145
1991-02-28,17.29,62.51,16.71471595
1991-03-01,14.59,64.73,14.57254135
1991-03-02,15.9,66.22,15.639894
1991-03-03,21.25,43.22,19.1420425
1991-03-04,20.52,65.89,19.3906179
1991-03-05,19.58,71.61,18.786783399999997
1991-03-06,26.14,36.23,22.0574446
1991-03-07,23.6,61.09,21.6525545
1991-03-08,27.07,46.36,23.3615986
1991-03-09,15.47,65.82,15.287649700000001
1991-03-10,15.03,64.62,14.9268673
1991-03-11,13.62,66.96,13.779913599999999
1991-03-12,13.59,68.83,13.74600585
1991-03-13,14.91,74.32,14.8520916
1991-03-14,16.04,74.25,15.821897499999999
1991-03-15,16.85,74.09,16.515113250000002
1991-03-16,15.62,73.56,15.4571296
1991-03-17,22.02,46,19.786559999999998
1991-03-18,19.82,73.7,19.050462
1991-03-19,16.71,74.28,16.3973734
1991-03-20,14.85,69.35,14.79099875
1991-03-21,12.1,73.45,12.45046
1991-03-22,13.78,83.06,13.8470824
1991-03-23,14.44,77.69,14.4473623
1991-03-24,15.34,71.86,15.2099932
1991-03-25,20.16,47.84,18.5362592
1991-03-26,15.54,68.32,15.358790399999998
1991-03-27,16.98,73.35,16.616494
1991-03-28,18.42,57.63,17.5065028
1991-03-29,20.24,52.8,18.749896
1991-03-30,15.79,64.67,15.53933365
1991-03-31,16.81,72.94,16.4662027
1991-04-01,12.41,71.07,12.74255035
1991-04-02,13.8,70.8,13.912420000000001
1991-04-03,15.98,80.27,15.8193978
1991-04-04,15.28,80.76,15.197460399999999
1991-04-05,16.11,74.78,15.8866769
1991-04-06,15.96,72.43,15.738612900000001
1991-04-07,14.32,67.79,14.3518879
1991-04-08,19.18,55.36,18.0309664
1991-04-09,19.03,56.97,17.95790755
1991-04-10,18.5,61.65,17.656299999999998
1991-04-11,16.29,67.5,15.970037499999998
1991-04-12,19.45,55.72,18.244477
1991-04-13,15.59,78.76,15.4626662
1991-04-14,14,75.93,14.0661925
1991-04-15,13.09,73.56,13.2950422
1991-04-16,13.68,75.39,13.7909911
1991-04-17,14.01,79.48,14.0653014
1991-04-18,12.15,65.84,12.591518
1991-04-19,15.39,75.78,15.2714431
1991-04-20,19.19,56.27,18.06198465
1991-04-21,11,68.28,11.61061
1991-04-22,10.88,73.04,11.4167736
1991-04-23,12.96,58.43,13.312097900000001
1991-04-24,11.92,76.4,12.254884
1991-04-25,10.99,80.93,11.35814635
1991-04-26,13.12,86.02,13.226108199999999
1991-04-27,12.72,76.02,12.954764200000001
1991-04-28,11.73,75.91,12.09701115
1991-04-29,12.02,81.77,12.2686572
1991-04-30,12.66,77.87,12.8839556
1991-05-01,12.98,84.56,13.109078400000001
1991-05-02,10.07,78.68,10.5894618
1991-05-03,11.65,82.95,11.91725875
1991-05-04,12.18,76.54,12.479349599999999
1991-05-05,13.19,59.5,13.4818025
1991-05-06,14.63,67.44,14.6067196
1991-05-07,14.4,77.62,14.412309
1991-05-08,11.03,77.29,11.46342035
1991-05-09,11.53,79.36,11.8671544
1991-05-10,12.08,80.72,12.3366168
1991-05-11,11.36,87.49,11.5760477
1991-05-12,12.12,78.61,12.3999951
1991-05-13,11.86,78.55,12.171454
1991-05-14,11.05,84.54,11.343353500000001
1991-05-15,11.49,78.65,11.84344925
1991-05-16,12.02,88,12.183679999999999
1991-05-17,11.54,87.93,11.7364996
1991-05-18,12.21,79.13,12.472857650000002
1991-05-19,12.39,79.22,12.6311519
1991-05-20,11.94,82.3,12.189216
1991-05-21,12.89,90.81,12.97137745
1991-05-22,13.99,93.52,14.0081764
1991-05-23,13.48,89.67,13.5379513
1991-05-24,13.87,82.94,13.9291129
1991-05-25,13.85,76.08,13.935514
1991-05-26,13.66,79.59,13.7542942
1991-05-27,11.51,89.9,11.6760945
1991-05-28,10.5,90.06,10.71868
1991-05-29,10.22,82.28,10.637128800000001
1991-05-30,11.97,73.18,12.343200300000001
1991-05-31,12.72,69.99,13.0137979
1991-06-01,12.79,79.44,12.983366799999999
1991-06-02,11.69,92.01,11.81348545
1991-06-03,11.91,88.25,12.077378750000001
1991-06-04,10.26,85.85,10.589978
1991-06-05,11.13,75.45,11.585034250000001
1991-06-06,13.08,89.28,13.1637232
1991-06-07,12.13,95.43,12.189569950000001
1991-06-08,12.45,95.37,12.502203249999999
1991-06-09,13.31,92.8,13.357124
1991-06-10,12.21,92.3,12.306981500000001
1991-06-11,12.31,94.81,12.37251355
1991-06-12,11.7,92.73,11.811957999999999
1991-06-13,11.3,85.52,11.554848000000002
1991-06-14,10.84,85.59,11.1300733
1991-06-15,10.78,90.7,10.970278
1991-06-16,12.01,89.7,12.1510585
1991-06-17,10.87,84.87,11.17207045
1991-06-18,9.29,77.32,9.9398954
1991-06-19,10.13,83.82,10.518886300000002
1991-06-20,11.28,90.6,11.446474
1991-06-21,10.91,83.71,11.23164605
1991-06-22,11.17,74.98,11.628241300000001
1991-06-23,10.11,92.03,10.30243565
1991-06-24,12.45,89.5,12.5683875
1991-06-25,12.99,90.19,13.07147205
1991-06-26,8.43,82.38,9.018243700000001
1991-06-27,10.42,72.36,11.0402416
1991-06-28,10.8,92.05,10.961782500000002
1991-06-29,9.94,89.46,10.2043432
1991-06-30,10,92.98,10.173745
1991-07-01,11.21,86.62,11.452111100000002
1991-07-02,9.56,86.23,9.934130900000001
1991-07-03,12.5,79.38,12.72682
1991-07-04,12.21,86.58,12.379024900000001
1991-07-05,10.75,89.98,10.9566625
1991-07-06,9.35,91.01,9.60464175
1991-07-07,8.85,89.73,9.16914025
1991-07-08,9.84,91.65,10.0540105
1991-07-09,9.05,77.58,9.722039500000001
1991-07-10,8.33,89.01,8.70294565
1991-07-11,8.47,91.1,8.765168500000001
1991-07-12,10.27,88.45,10.53871075
1991-07-13,10.89,94.04,11.008335800000001
1991-07-14,9.99,90.55,10.22440725
1991-07-15,10.09,82.44,10.5159178
1991-07-16,9.76,79.45,10.2957385
1991-07-17,7.68,83.1,8.313919
1991-07-18,8.89,86.84,9.2960518
1991-07-19,10.56,85.76,10.8685808
1991-07-20,9.65,83.66,10.085869500000001
1991-07-21,8.43,85.17,8.92509955
1991-07-22,6.64,83.99,7.3321123
1991-07-23,7.76,89.61,8.145157300000001
1991-07-24,8.27,86.47,8.73360545
1991-07-25,7.11,88.24,7.587985200000001
1991-07-26,6.95,84.68,7.586163000000001
1991-07-27,7.68,89.83,8.0614767
1991-07-28,8.9,92.43,9.133156000000001
1991-07-29,9.33,92.16,9.552930400000001
1991-07-30,8.52,90.05,8.8472555
1991-07-31,8.22,90.62,8.543985200000002
1991-08-01,7.16,93.9,7.406257000000001
1991-08-02,8.26,79.44,8.9656192
1991-08-03,9.48,85.7,9.874823000000001
1991-08-04,11.72,76.16,12.084513600000001
1991-08-05,11.12,79.31,11.504627099999999
1991-08-06,9.54,82.34,10.0217648
1991-08-07,8.29,87.15,8.728891749999999
1991-08-08,7.88,87.02,8.3526018
1991-08-09,9.78,91.32,10.0053328
1991-08-10,9.68,90.68,9.9270732
1991-08-11,9.97,82.17,10.41423445
1991-08-12,11.21,76.4,11.637042000000001
1991-08-13,8.86,79.34,9.5008732
1991-08-14,10.3,83.7,10.676530000000001
1991-08-15,7.54,84.36,8.138699200000001
1991-08-16,7.89,79.86,8.6221897
1991-08-17,8.13,80.89,8.799518850000002
1991-08-18,8.1,83.91,8.666368
1991-08-19,10.15,71.47,10.832580250000001
1991-08-20,8.18,88.86,8.567226400000001
1991-08-21,7.69,86.85,8.18253325
1991-08-22,10.52,85.45,10.8384995
1991-08-23,7.4,84.82,7.992779000000001
1991-08-24,8.56,86.37,9.0052921
1991-08-25,8.61,89.52,8.9494996
1991-08-26,9.72,78.22,10.2925962
1991-08-27,8.74,83.33,9.2681056
1991-08-28,8.84,80.23,9.4554401
1991-08-29,9.26,84.16,9.7165088
1991-08-30,7.56,89.81,7.9489523
1991-08-31,8.19,84.69,8.72133355
1991-09-01,8.48,81.83,9.0816087
1991-09-02,10.69,83.21,11.04183445
1991-09-03,10.47,91.15,10.66616025
1991-09-04,12.15,82.73,12.37321475
1991-09-05,12.36,84.8,12.538903999999999
1991-09-06,10.92,83.71,11.2407501
1991-09-07,14.35,82.99,14.36403325
1991-09-08,9.64,86.04,10.0131508
1991-09-09,10.78,83.43,11.1190222
1991-09-10,9.76,91.75,9.9750775
1991-09-11,7.25,81.22,7.998852500000001
1991-09-12,8.16,74.69,9.0425597
1991-09-13,9,78.93,9.6373675
1991-09-14,11.28,83.48,11.5725692
1991-09-15,11.39,88.56,11.585681200000002
1991-09-16,12.08,84.83,12.2819127
1991-09-17,10.41,87.85,10.68331425
1991-09-18,9.95,89.06,10.2237735
1991-09-19,6.64,86.62,7.2184174
1991-09-20,8.94,84.06,9.4274452
1991-09-21,8.02,83.26,8.616613599999999
1991-09-22,9.45,83.44,9.909953999999999
1991-09-23,10.05,79.78,10.5448845
1991-09-24,12.46,79.04,12.6951712
1991-09-25,13.31,84.67,13.41033485
1991-09-26,8.5,75.77,9.29959
1991-09-27,11.51,77.34,11.8826437
1991-09-28,12.12,82.12,12.354049199999999
1991-09-29,12.39,79.15,12.631964250000001
1991-09-30,12.63,77.38,12.8626467
1991-10-01,13.58,81.56,13.6733064
1991-10-02,10.06,82.11,10.496873800000001
1991-10-03,12.26,88.5,12.40168
1991-10-04,14.45,88.75,14.453093749999999
1991-10-05,18.51,81.89,18.110583950000002
1991-10-06,12.91,86.95,13.02412225
1991-10-07,11.8,84.78,12.026017000000001
1991-10-08,11.07,78.67,11.47239045
1991-10-09,12.42,85.88,12.5815328
1991-10-10,11.34,81.2,11.666744
1991-10-11,13.22,79.92,13.361363200000001
1991-10-12,14.5,77.84,14.5
1991-10-13,11.45,83.12,11.733162
1991-10-14,18.14,66.3,17.465326
1991-10-15,16.19,75.2,15.959484000000002
1991-10-16,10.24,78.36,10.747025200000001
1991-10-17,11.97,75.55,12.31022175
1991-10-18,15.06,69.9,14.967292
1991-10-19,17.22,69.76,16.7676096
1991-10-20,17.73,74.15,17.27077475
1991-10-21,14.1,73.03,14.159334
1991-10-22,12.95,77.61,13.14087475
1991-10-23,12.94,82.67,13.0886914
1991-10-24,13.56,79.47,13.6661401
1991-10-25,12.03,82.56,12.2669224
1991-10-26,11.36,76.98,11.7575554
1991-10-27,11.89,77.8,12.208681
1991-10-28,14.15,80.79,14.18697925
1991-10-29,17.54,71.28,17.0598016
1991-10-30,16.43,71.23,16.124606449999998
1991-10-31,10.89,69.64,11.4927978
1991-11-01,13.29,71.42,13.480199899999999
1991-11-02,17.6,70.32,17.093956000000002
1991-11-03,18.42,74.51,17.8704356
1991-11-04,14.04,76.22,14.1001634
1991-11-05,13.97,77.03,14.03695755
1991-11-06,15.03,76.36,14.961089399999999
1991-11-07,12.29,66.41,12.69828645
1991-11-08,11.54,73.44,11.9723968
1991-11-09,11.6,75.08,11.997474
1991-11-10,11.98,73.59,12.3460426
1991-11-11,12.42,74.05,12.716868
1991-11-12,12.45,69.57,12.79309825
1991-11-13,12.69,76.97,12.91926365
1991-11-14,17.88,58.89,17.115765099999997
1991-11-15,15.68,76.06,15.5246294
1991-11-16,14.01,65.48,14.103031399999999
1991-11-17,17.7,58.12,16.962912
1991-11-18,20.66,53.72,19.0920336
1991-11-19,15.18,65.6,15.051344
1991-11-20,12.54,65.34,12.913634799999999
1991-11-21,13.38,67.14,13.582417600000001
1991-11-22,13.7,73.35,13.81726
1991-11-23,15.55,70.39,15.379002250000001
1991-11-24,21.93,53.8,20.042037
1991-11-25,23.11,62.85,21.35076175
1991-11-26,16.45,57.21,15.99107725
1991-11-27,13.35,62.85,13.58497375
1991-11-28,14.99,64.42,14.8941119
1991-11-29,11.81,62.74,12.3612617
1991-11-30,14.27,66.07,14.31292145
1991-12-01,14.14,68.67,14.202033400000001
1991-12-02,21.21,43.7,19.1322485
1991-12-03,15.81,67.66,15.5769903
1991-12-04,12.5,64.83,12.88687
1991-12-05,14.57,66.21,14.55699085
1991-12-06,15.08,70.34,14.9853846
1991-12-07,15.21,67.12,15.081603600000001
1991-12-08,17.46,59.21,16.795938800000002
1991-12-09,19.91,65.17,18.87363335
1991-12-10,13.75,63.23,13.90167625
1991-12-11,15.11,66.02,14.9959971
1991-12-12,19.52,63.78,18.519965799999998
1991-12-13,18.59,77.08,18.0744146
1991-12-14,18.34,78.43,17.8844416
1991-12-15,15.59,80.77,15.474716149999999
1991-12-16,13.27,84.45,13.37519575
1991-12-17,12.46,81.59,12.666560200000001
1991-12-18,12.72,83.87,12.877912700000001
1991-12-19,16.26,78.87,16.0554616
1991-12-20,15.37,80.92,15.2787022
1991-12-21,15.62,75.44,15.468710399999999
1991-12-22,14.66,75.54,14.6384752
1991-12-23,15.96,74.6,15.756038
1991-12-24,17.7,72.82,17.221632
1991-12-25,21.4,64.76,20.062641999999997
1991-12-26,24.32,59.12,22.1120712
1991-12-27,18.19,75.88,17.7004846
1991-12-28,17.57,76.15,17.16729275
1991-12-29,17.01,69.81,16.59322705
1991-12-30,17.14,81.22,16.8673144
1991-12-31,15.84,90.06,15.7667422
1992-01-01,15.97,84.59,15.845410150000001
1992-01-02,15.41,83.35,15.32666675
1992-01-03,15.11,79.11,15.03991405
1992-01-04,14.28,79.3,14.305047
1992-01-05,14.81,79.38,14.774842900000001
1992-01-06,14.9,74.64,14.844208
1992-01-07,14.16,71.24,14.2137812
1992-01-08,14.43,81.92,14.4369608
1992-01-09,16.16,76.9,15.949097
1992-01-10,15.52,78.89,15.4015729
1992-01-11,15,75.38,14.932295
1992-01-12,14.42,66.26,14.4348456
1992-01-13,18.56,61.46,17.6994018
1992-01-14,15.18,65.54,15.0511196
1992-01-15,16.6,67.75,16.2275125
1992-01-16,14.11,62.74,14.1899227
1992-01-17,14.35,69.23,14.375385249999999
1992-01-18,16.42,66.43,16.065500800000002
1992-01-19,24.03,44.46,21.1188709
1992-01-20,23.19,60.71,21.312134450000002
1992-01-21,20.02,74.99,19.2606964
1992-01-22,22.93,65.7,21.3396805
1992-01-23,15.64,69,15.445630000000001
1992-01-24,14.25,66.72,14.29576
1992-01-25,16.65,64.98,16.235888499999998
1992-01-26,15.57,69.88,15.3927438
1992-01-27,17.93,64.51,17.26048115
1992-01-28,14.15,64.53,14.21827975
1992-01-29,14.71,72.08,14.677752400000001
1992-01-30,15.97,75.61,15.77280685
1992-01-31,16.66,76.07,16.3757116
1992-02-01,15.68,75.33,15.5198917
1992-02-02,18.65,70.95,17.98693375
1992-02-03,18.09,75.15,17.59933675
1992-02-04,19.56,72.42,18.7924486
1992-02-05,21.8,73.91,20.7524865
1992-02-06,16.5,71.28,16.18408
1992-02-07,15.85,77.12,15.680116
1992-02-08,18.92,65.57,18.083006700000002
1992-02-09,18.86,68.28,18.0993544
1992-02-10,17.7,78.68,17.324768
1992-02-11,17.9,75.24,17.436988
1992-02-12,16.75,76.02,16.4532475
1992-02-13,15.26,84.6,15.195628
1992-02-14,15.88,68.76,15.6428884
1992-02-15,18.87,60.83,17.92854905
1992-02-16,24.12,49.16,21.4300556
1992-02-17,25.44,54.15,22.6812055
1992-02-18,16.97,75.6,16.638526
1992-02-19,15.73,72.47,15.54375955
1992-02-20,17.25,67.05,16.75163125
1992-02-21,19.21,51.07,17.94246835
1992-02-22,18.78,61.78,17.8803012
1992-02-23,14.66,70.57,14.6341016
1992-02-24,14.91,63.15,14.82690325
1992-02-25,14.39,68.18,14.4092511
1992-02-26,15.17,73.05,15.07068925
1992-02-27,16.7,73.74,16.382254
1992-02-28,22.9,47.29,20.464798
1992-02-29,23.08,43.05,20.3925295
1992-03-01,20.8,77.27,20.0124055
1992-03-02,22.58,71.77,21.325458799999996
1992-03-03,20.16,78.95,19.5047135
1992-03-04,21.24,75.11,20.3173277
1992-03-05,18.85,75.01,18.25211425
1992-03-06,16.4,74.47,16.133211499999998
1992-03-07,16.56,75.83,16.2861539
1992-03-08,16.66,80.37,16.4267956
1992-03-09,20.68,70,19.6603
1992-03-10,24.69,48.53,21.80536385
1992-03-11,19.78,72.56,18.983142400000002
1992-03-12,21.02,76.31,20.1704766
1992-03-13,22.35,65.96,20.880323
1992-03-14,17.97,77.45,17.539633249999998
1992-03-15,15.05,68.3,14.954107500000001
1992-03-16,14.92,67.66,14.8452946
1992-03-17,15.77,71.76,15.572743599999999
1992-03-18,16.12,74.49,15.892705900000001
1992-03-19,16.45,77.59,16.20965275
1992-03-20,15.34,73.71,15.2185402
1992-03-21,14.25,77.74,14.2806075
1992-03-22,19.53,61.28,18.4588112
1992-03-23,19.82,76.32,19.1271232
1992-03-24,18.18,80.61,17.7875464
1992-03-25,23.91,50.48,21.3470924
1992-03-26,22.77,59.45,20.92558325
1992-03-27,12.93,81.06,13.0935469
1992-03-28,16.47,76.23,16.21245205
1992-03-29,14.68,78.89,14.659101099999999
1992-03-30,14.71,82.03,14.689244650000001
1992-03-31,18.96,73.38,18.3070114
1992-04-01,15.44,82.97,15.351954899999999
1992-04-02,20.24,68.01,19.2300757
1992-04-03,22.2,62.81,20.6250035
1992-04-04,22.6,58.8,20.76454
1992-04-05,20.65,73.55,19.755328749999997
1992-04-06,15.22,84.93,15.160322800000001
1992-04-07,12.41,66.86,12.7909443
1992-04-08,12.4,70.79,12.7373755
1992-04-09,13.07,74.39,13.27142265
1992-04-10,13.27,74.29,13.44392815
1992-04-11,15.37,68.69,15.220181649999999
1992-04-12,17.88,56.64,17.0739376
1992-04-13,18.21,74.67,17.69314135
1992-04-14,20.21,59.78,18.9468909
1992-04-15,16.23,81.84,16.0572076
1992-04-16,12.86,79.75,13.042655
1992-04-17,13.11,75.27,13.29906085
1992-04-18,15.96,65.72,15.684731600000001
1992-04-19,19.44,55.51,18.2312067
1992-04-20,13.53,72.7,13.6756455
1992-04-21,9.82,74.36,10.479973600000001
1992-04-22,11.51,73,11.954015
1992-04-23,12.1,84.22,12.308296
1992-04-24,12.92,76.04,13.1282124
1992-04-25,12.96,77.11,13.1538783
1992-04-26,11.61,82.48,11.888480399999999
1992-04-27,14.25,82.4,14.2742
1992-04-28,13.5,84.48,13.58536
1992-04-29,14.33,88.99,14.34029435
1992-04-30,13.18,84.3,13.293982
1992-05-01,13.3,77.04,13.451536
1992-05-02,14.24,73.75,14.2775375
1992-05-03,14.78,82.46,14.7529884
1992-05-04,16,71.96,15.76867
1992-05-05,16.38,72.28,16.0933752
1992-05-06,15.2,76.29,15.1087165
1992-05-07,17.56,70.13,17.0572879
1992-05-08,14.77,90.7,14.7561895
1992-05-09,11.6,85.71,11.8279255
1992-05-10,10.61,88.91,10.84727055
1992-05-11,14.2,84.93,14.2248655
1992-05-12,13.11,81.69,13.24997995
1992-05-13,11.86,81.25,12.132249999999999
1992-05-14,10.14,88.02,10.4272804
1992-05-15,10.19,90.22,10.4218349
1992-05-16,10.62,89.84,10.8368144
1992-05-17,10.71,87.94,10.9613907
1992-05-18,11,82.53,11.3362975
1992-05-19,10.63,86.24,10.9228816
1992-05-20,10.26,80.25,10.72057
1992-05-21,9.6,80.86,10.115823
1992-05-22,10.02,87.63,10.3247968
1992-05-23,10.14,87.69,10.4351938
1992-05-24,9.57,82.25,10.05129125
1992-05-25,11.21,78.06,11.607004300000002
1992-05-26,10.32,84.46,10.6772646
1992-05-27,11.38,91.47,11.526374800000001
1992-05-28,11.09,89.61,11.28486445
1992-05-29,9.59,86.55,9.95321725
1992-05-30,10.23,86.62,10.544229300000001
1992-05-31,12.16,80.13,12.415726900000001
1992-06-01,12.65,84.29,12.809849250000001
1992-06-02,8.96,87.85,9.330210500000002
1992-06-03,9.91,76.95,10.491897250000001
1992-06-04,10.1,79.38,10.599004
1992-06-05,10.16,83.57,10.5521841
1992-06-06,9.54,83.73,9.983845599999999
1992-06-07,8.97,88.48,9.3203808
1992-06-08,7.76,88,8.20484
1992-06-09,8.7,85.72,9.155532
1992-06-10,8.38,86.61,8.830707400000001
1992-06-11,10.52,90.28,10.732770799999999
1992-06-12,8.85,85.24,9.308667
1992-06-13,8.2,84.06,8.752321
1992-06-14,8.37,82.87,8.94753795
1992-06-15,8.01,84.2,8.573981
1992-06-16,6.36,85.04,7.029759200000001
1992-06-17,9.25,88.29,9.58812625
1992-06-18,9.35,93.77,9.52646475
1992-06-19,10.33,93.62,10.476325300000001
1992-06-20,9.98,79.69,10.4849066
1992-06-21,7.04,87.65,7.5467205
1992-06-22,8.66,89.4,9.000472
1992-06-23,8.62,89.5,8.95957
1992-06-24,9.74,88.12,10.0510184
1992-06-25,10.31,92.68,10.4786894
1992-06-26,11.01,95.79,11.09081095
1992-06-27,9.92,96.04,10.0197524
1992-06-28,9.55,90.62,9.8053705
1992-06-29,9.41,91.55,9.64655775
1992-06-30,9.96,90.53,10.196465900000002
1992-07-01,10.22,79.58,10.700686800000001
1992-07-02,11.78,70.58,12.2201232
1992-07-03,12.23,80.85,12.46908775
1992-07-04,9.28,88.43,9.612174699999999
1992-07-05,10.51,74.38,11.072230900000001
1992-07-06,10.13,90.92,10.348237800000001
1992-07-07,9.4,86.81,9.769979500000002
1992-07-08,8.87,87.11,9.26913885
1992-07-09,8.49,84.3,9.0089635
1992-07-10,8.26,81.25,8.903500000000001
1992-07-11,7.65,89.97,8.02788025
1992-07-12,9.75,89.1,10.034762500000001
1992-07-13,8.52,80.07,9.175497700000001
1992-07-14,7.52,88.13,7.9756893
1992-07-15,9.33,86.82,9.704773300000001
1992-07-16,8.59,87.25,9.00443875
1992-07-17,9.47,88.7,9.782614500000001
1992-07-18,8.31,87.64,8.7307962
1992-07-19,7.83,88.25,8.26104875
1992-07-20,7.27,80.79,8.03388565
1992-07-21,7.02,81.84,7.7671024
1992-07-22,9.67,87.59,9.99967165
1992-07-23,9.78,92.3,9.979892
1992-07-24,10.86,81.35,11.233373
1992-07-25,8.12,77.09,8.9239119
1992-07-26,7.06,79.11,7.9148188
1992-07-27,9.06,66.23,10.0703984
1992-07-28,10.02,82.49,10.4514464
1992-07-29,9.8,81.94,10.266851
1992-07-30,10.09,87.22,10.3999789
1992-07-31,8.15,79.21,8.876090750000001
1992-08-01,9.81,82.91,10.25083655
1992-08-02,8.51,85.23,8.99659765
1992-08-03,6.94,82.89,7.6514338
1992-08-04,8.97,82.45,9.503783250000001
1992-08-05,10.71,88.02,10.959723100000001
1992-08-06,8.87,89.8,9.185843
1992-08-07,8.56,79.91,9.2163403
1992-08-08,8.92,80.85,9.507713500000001
1992-08-09,7.74,85.66,8.2731612
1992-08-10,8.57,85.91,9.029545350000001
1992-08-11,10.13,77.15,10.67919975
1992-08-12,7.26,90.82,7.625547600000001
1992-08-13,9.3,85.92,9.702688
1992-08-14,8.19,84.84,8.7161278
1992-08-15,8.42,87.29,8.8450224
1992-08-16,12.3,69.04,12.674616
1992-08-17,7.14,83.86,7.7933472
1992-08-18,9.74,78.23,10.3099386
1992-08-19,6.98,86.64,7.5325696
1992-08-20,8.82,89.09,9.1608284
1992-08-21,8.15,80.96,8.814972000000001
1992-08-22,9.71,73.73,10.402083150000001
1992-08-23,6.59,86.53,7.176012350000001
1992-08-24,7.53,79.06,8.3327349
1992-08-25,7.25,85.37,7.833371250000001
1992-08-26,8.01,81.21,8.68070905
1992-08-27,9.89,83.06,10.319513700000002
1992-08-28,8.22,87.63,8.6472598
1992-08-29,7.75,87.03,8.23151125
1992-08-30,8.08,87.11,8.5351459
1992-08-31,8.02,85.62,8.5325032
1992-09-01,8.92,79.84,9.5387104
1992-09-02,9.64,88.14,9.957017800000001
1992-09-03,8.87,86.84,9.2774994
1992-09-04,8.8,88.03,9.175259500000001
1992-09-05,10.11,84.85,10.47579675
1992-09-06,10.56,87.37,10.8336921
1992-09-07,6.9,89.78,7.327196000000001
1992-09-08,7.36,85.48,7.9302004
1992-09-09,8.22,80.63,8.8890398
1992-09-10,10.95,82.53,11.29110175
1992-09-11,9.33,84.57,9.768752050000002
1992-09-12,7.65,83.39,8.27578175
1992-09-13,7.56,80.97,8.2863751
1992-09-14,9.83,78.82,10.3740083
1992-09-15,8.46,86.2,8.918436000000002
1992-09-16,10.3,87.16,10.596604000000001
1992-09-17,11,90,11.1925
1992-09-18,8.32,81.05,8.9641105
1992-09-19,9.3,85.23,9.722422000000002
1992-09-20,9.51,87.64,9.8492202
1992-09-21,11.76,82.92,12.0173956
1992-09-22,11.17,92.41,11.30901085
1992-09-23,10.2,91.02,10.412377
1992-09-24,10.37,87.61,10.65143885
1992-09-25,7.94,91.02,8.2639984
1992-09-26,9.68,74.91,10.3451359
1992-09-27,11.05,77.97,11.468019250000001
1992-09-28,10.28,83.12,10.6717848
1992-09-29,9.51,83.33,9.96750815
1992-09-30,10.28,86.03,10.6042437
1992-10-01,10.23,88.41,10.502191150000002
1992-10-02,10.62,86.15,10.915559
1992-10-03,14.13,80.74,14.1691941
1992-10-04,12.47,92.49,12.553849150000001
1992-10-05,11.89,79.44,12.1851388
1992-10-06,11.77,85.98,11.9805103
1992-10-07,12.28,85.67,12.4549693
1992-10-08,13.47,87.8,13.539113
1992-10-09,10.47,84.48,10.8140008
1992-10-10,10.81,87.26,11.068558300000001
1992-10-11,11.11,78.38,11.5131049
1992-10-12,11.5,85.91,11.732485
1992-10-13,15.43,81.32,15.3344518
1992-10-14,16.99,82.49,16.75020055
1992-10-15,16.69,83.63,16.492823350000002
1992-10-16,12.67,91.29,12.75766615
1992-10-17,12.74,89.93,12.8374776
1992-10-18,11.79,84.57,12.019984149999999
1992-10-19,10.11,78.02,10.6407071
1992-10-20,9.76,71.86,10.4936098
1992-10-21,9.42,73.08,10.1721448
1992-10-22,11.92,63.09,12.4437529
1992-10-23,13.89,65.93,14.00430485
1992-10-24,16.27,74.71,16.023801849999998
1992-10-25,9.83,77.55,10.40662825
1992-10-26,11.8,82.77,12.055865500000001
1992-10-27,16.36,82.29,16.1788267
1992-10-28,18.14,83.86,17.8168772
1992-10-29,18.71,83.76,18.333962800000002
1992-10-30,16.29,91.02,16.2015919
1992-10-31,11.69,87.15,11.88859675
1992-11-01,9.67,71.69,10.42205515
1992-11-02,11.8,68.57,12.266735500000001
1992-11-03,9.99,82.18,10.4320251
1992-11-04,11.03,81.94,11.3746751
1992-11-05,11.61,83.38,11.8741749
1992-11-06,11.34,81.7,11.658054
1992-11-07,15.38,78.53,15.2760852
1992-11-08,17.06,73.1,16.681248
1992-11-09,10.12,82.51,10.5413341
1992-11-10,9.66,80.52,10.178557600000001
1992-11-11,10.99,79.32,11.389227400000001
1992-11-12,11.23,78.07,11.62441105
1992-11-13,11.96,75.92,12.2963976
1992-11-14,14.8,78.92,14.765218
1992-11-15,16.43,77.84,16.1947716
1992-11-16,17.25,79.37,16.93797125
1992-11-17,19.21,80.58,18.7069249
1992-11-18,17.84,86.72,17.5960464
1992-11-19,19.72,87.44,19.359402399999997
1992-11-20,20.81,77.83,20.04059015
1992-11-21,14.86,72.53,14.8056094
1992-11-22,15.59,72.63,15.42591685
1992-11-23,15.18,79.51,15.1033674
1992-11-24,14.23,76.06,14.265550900000001
1992-11-25,9.91,78.49,10.45301995
1992-11-26,12.39,78.17,12.64333715
1992-11-27,12.74,84.67,12.888394400000001
1992-11-28,11.93,82.78,12.1734047
1992-11-29,11.97,82.45,12.21420825
1992-11-30,12.85,74.26,13.0835905
1992-12-01,16.72,70.83,16.3638343
1992-12-02,18.81,73.89,18.19106245
1992-12-03,18.67,83.16,18.2837746
1992-12-04,17.85,89.43,17.65524775
1992-12-05,16.35,86.52,16.212841
1992-12-06,15.49,85.13,15.409032850000001
1992-12-07,15.21,79.87,15.13139235
1992-12-08,14.87,80.33,14.82997155
1992-12-09,16.22,78.46,16.016231599999998
1992-12-10,20.43,68.42,19.4000183
1992-12-11,21.94,71.05,20.755366000000002
1992-12-12,22.37,70.19,21.07967415
1992-12-13,17.5,81.01,17.186665
1992-12-14,13.14,69.5,13.36814
1992-12-15,14.74,82,14.71624
1992-12-16,17,78.23,16.7006625
1992-12-17,18.78,75.44,18.2018576
1992-12-18,21.27,70.83,20.18385505
1992-12-19,19.23,82.74,18.780981099999998
1992-12-20,18.81,87.27,18.50823535
1992-12-21,16.58,88.8,16.451871999999998
1992-12-22,16.01,91.94,15.943061700000001
1992-12-23,17.9,86.63,17.649980999999997
1992-12-24,18.78,87.01,18.474215400000002
1992-12-25,15.36,82.39,15.2767047
1992-12-26,15.83,74.68,15.6447842
1992-12-27,15.99,78.12,15.8106934
1992-12-28,15.32,73.99,15.202694900000001
1992-12-29,16.8,78.46,16.527519
1992-12-30,17.17,79.4,16.867489000000003
1992-12-31,22.34,68.74,20.9920688
1993-01-01,21.29,73.29,20.29251505
1993-01-02,24.28,71.37,22.7399923
1993-01-03,15.52,69.76,15.3503536
1993-01-04,14.99,63.67,14.89209065
1993-01-05,15.24,77.26,15.1474482
1993-01-06,15.06,72.35,14.974838
1993-01-07,16.02,82.41,15.8729476
1993-01-08,17.79,79.78,17.4241191
1993-01-09,17.95,72.8,17.43388
1993-01-10,15.05,69.75,14.95849375
1993-01-11,16.96,67.87,16.5252811
1993-01-12,15.89,69.58,15.657439100000001
1993-01-13,21.82,54.34,19.9817284
1993-01-14,24.48,54.1,21.960549
1993-01-15,27.54,56.47,24.418028399999997
1993-01-16,23.91,83.03,23.03171765
1993-01-17,19.64,80.76,19.0960852
1993-01-18,16.45,71.79,16.147447749999998
1993-01-19,19.73,63.91,18.69187115
1993-01-20,23.63,61.05,21.674125749999998
1993-01-21,15.57,74,15.41699
1993-01-22,22.87,70.01,21.48941035
1993-01-23,23.24,70.94,21.843085799999997
1993-01-24,18.45,82.4,18.06764
1993-01-25,17.68,70.57,17.1652693
1993-01-26,22.68,81.54,21.8494846
1993-01-27,19.52,82.51,19.0371011
1993-01-28,19.33,77.03,18.719801949999997
1993-01-29,19.56,75.12,18.8675896
1993-01-30,18.27,74.57,17.74270895
1993-01-31,24.98,70.14,23.2588696
1993-02-01,26.61,75.63,24.98683615
1993-02-02,28.33,65.98,25.742268699999997
1993-02-03,28.46,62.16,25.5546448
1993-02-04,17.25,73.78,16.8534225
1993-02-05,16.1,69.68,15.833184000000001
1993-02-06,23.6,61.03,21.6495515
1993-02-07,20.8,69.07,19.7282755
1993-02-08,15.46,66.91,15.285284800000001
1993-02-09,17.03,75.05,16.68282075
1993-02-10,21.05,59.13,19.57765825
1993-02-11,19.85,62.47,18.74567975
1993-02-12,17.1,63.42,16.576906
1993-02-13,18.67,67.53,17.925300550000003
1993-02-14,23.71,59.12,21.6392236
1993-02-15,20.14,71.39,19.2525178
1993-02-16,17.56,74.32,17.1278056
1993-02-17,21.75,74.83,20.74634625
1993-02-18,24.47,63.3,22.457555499999998
1993-02-19,23.63,65.66,21.9056169
1993-02-20,13.89,68.31,13.99631995
1993-02-21,12.36,75.33,12.650365899999999
1993-02-22,13.68,77.01,13.783684899999999
1993-02-23,15.75,74.83,15.57695625
1993-02-24,17.02,73.76,16.6563136
1993-02-25,20.41,58.56,19.0629928
1993-02-26,17.93,69.75,17.35933375
1993-02-27,17.83,66.7,17.220110499999997
1993-02-28,14.45,72.63,14.45752675
1993-03-01,15.81,74.69,15.62764145
1993-03-02,15.23,68.58,15.1038487
1993-03-03,14.55,69.69,14.54166475
1993-03-04,15.56,73.04,15.4028232
1993-03-05,15.87,77.1,15.697448499999998
1993-03-06,17.66,84.02,17.3822676
1993-03-07,17.19,85.94,16.981982300000002
1993-03-08,15.96,81.68,15.8128904
1993-03-09,17.02,79.43,16.7348998
1993-03-10,15.49,78.86,15.3748927
1993-03-11,14.49,76.96,14.4912672
1993-03-12,18.09,75.93,17.61473785
1993-03-13,20.85,66.11,19.66639175
1993-03-14,20.67,67.02,19.550823700000002
1993-03-15,19.38,75.45,18.721078
1993-03-16,16.2,78.21,15.9962635
1993-03-17,19.74,71.02,18.9047964
1993-03-18,19.87,72.02,19.043610700000002
1993-03-19,21.35,66.03,20.07018025
1993-03-20,19.02,79.73,18.5160878
1993-03-21,19.47,63.64,18.4760994
1993-03-22,21.32,65.7,20.033407
1993-03-23,16.9,77.48,16.602736
1993-03-24,15.27,77.05,15.17280675
1993-03-25,18.51,81.42,18.100218100000003
1993-03-26,19.39,76.81,18.76630495
1993-03-27,17.57,79.8,17.228923
1993-03-28,15.08,78.52,15.0114788
1993-03-29,14.66,72.7,14.635976
1993-03-30,13.9,77.07,13.975669
1993-03-31,16.73,67.38,16.3299157
1993-04-01,14.9,74.42,14.843724
1993-04-02,12.91,76.89,13.11209695
1993-04-03,14.84,72.66,14.7888742
1993-04-04,18.35,59.4,17.490295
1993-04-05,17.58,63.85,16.967619
1993-04-06,13.7,73.89,13.814884
1993-04-07,14.74,74.78,14.7067096
1993-04-08,13.65,70.57,13.787585250000001
1993-04-09,13.87,76.8,13.950388
1993-04-10,16.76,68.85,16.372805500000002
1993-04-11,19.68,62.43,18.6096307
1993-04-12,21.4,55.19,19.699460499999997
1993-04-13,15.78,80.76,15.6445504
1993-04-14,14.8,76.7,14.761555000000001
1993-04-15,15.28,76.69,15.180000099999999
1993-04-16,13.92,81.85,13.9778985
1993-04-17,17.2,63.72,16.661241999999998
1993-04-18,18.17,59.35,17.34947975
1993-04-19,18.79,52.72,17.6744284
1993-04-20,17.07,80.27,16.79111645
1993-04-21,19.07,55.64,17.9550114
1993-04-22,19.02,50.78,17.7963908
1993-04-23,20.25,50.26,18.676972499999998
1993-04-24,13.46,72.8,13.615584
1993-04-25,12.8,75.79,13.0263635
1993-04-26,14.78,64.19,14.7248526
1993-04-27,14.5,77.29,14.5
1993-04-28,12.67,82.46,12.8465401
1993-04-29,14.74,69.59,14.6998588
1993-04-30,16.94,70.6,16.545452
1993-05-01,17.44,67.34,16.911887800000002
1993-05-02,17.17,78.05,16.84766425
1993-05-03,14.09,73.76,14.1491712
1993-05-04,12.41,70.16,12.7530108
1993-05-05,12.4,84.07,12.5839915
1993-05-06,13.52,74.99,13.6548039
1993-05-07,14.53,85.36,14.5275844
1993-05-08,11.29,84.94,11.555884299999999
1993-05-09,13.17,82.43,13.29852455
1993-05-10,13.35,75.57,13.50451975
1993-05-11,11.73,73.21,12.13814565
1993-05-12,13.67,72.71,13.79457885
1993-05-13,13.09,74.83,13.28519335
1993-05-14,10.58,71.75,11.189070000000001
1993-05-15,9.46,73.5,10.19458
1993-05-16,12.58,85.09,12.7374496
1993-05-17,12.43,88.71,12.55853665
1993-05-18,11.4,88.05,11.6037475
1993-05-19,12.78,73.07,13.0347578
1993-05-20,14.1,63.98,14.179244
1993-05-21,12.04,78.03,12.337254099999999
1993-05-22,11.24,89.54,11.427547800000001
1993-05-23,10.73,75.97,11.228262050000001
1993-05-24,11.72,86.39,11.9280969
1993-05-25,10.44,75.43,10.988648099999999
1993-05-26,12.67,79.85,12.87280975
1993-05-27,10.98,80.44,11.3586816
1993-05-28,12.23,81.77,12.457601550000001
1993-05-29,16.08,71.42,15.831639799999998
1993-05-30,13.36,77.18,13.5030814
1993-05-31,10.69,82.96,11.0470732
1993-06-01,9.56,90.7,9.812681000000001
1993-06-02,10.43,90.77,10.63661355
1993-06-03,10.09,84.28,10.471288600000001
1993-06-04,10.46,81.62,10.8684036
1993-06-05,11.51,91.89,11.64336895
1993-06-06,11.02,91.51,11.182498599999999
1993-06-07,11.98,85.88,12.175703200000001
1993-06-08,11.55,90.06,11.7112765
1993-06-09,11.15,83.8,11.448485
1993-06-10,9.93,90.43,10.17054195
1993-06-11,8.3,86.65,8.755235
1993-06-12,7.32,83.82,7.958948200000001
1993-06-13,10.14,83.02,10.5471804
1993-06-14,10.83,88.26,11.0669719
1993-06-15,9.09,87.62,9.4583669
1993-06-16,8.63,88.09,9.01451435
1993-06-17,9.96,79.43,10.4736329
1993-06-18,12.26,71.71,12.6085328
1993-06-19,10.53,76.87,11.03504355
1993-06-20,11.9,82.23,12.154111
1993-06-21,9.21,80.15,9.78753575
1993-06-22,9.51,77.32,10.1324526
1993-06-23,9.43,79.6,9.998854
1993-06-24,9.73,85.87,10.100700550000001
1993-06-25,9.03,93.01,9.24029415
1993-06-26,9.29,89.37,9.594602649999999
1993-06-27,7.79,88.52,8.2136694
1993-06-28,8.32,80.2,8.993002
1993-06-29,9.91,73.28,10.5845464
1993-06-30,10.96,81.22,11.3256466
1993-07-01,9.8,85.75,10.1683625
1993-07-02,13.47,76.51,13.60307085
1993-07-03,10.49,82.47,10.876624150000001
1993-07-04,8.36,72.99,9.2721277
1993-07-05,8.33,87.57,8.751812050000002
1993-07-06,9.38,94.33,9.539667200000002
1993-07-07,9.59,93.87,9.75554065
1993-07-08,9.46,86.02,9.8475256
1993-07-09,8.18,92.5,8.4407
1993-07-10,8.33,93.89,8.53734285
1993-07-11,7.95,87.62,8.3959895
1993-07-12,9.26,83.08,9.7476344
1993-07-13,9.92,88.26,10.2157306
1993-07-14,9.68,84.58,10.088784200000001
1993-07-15,9.08,84.1,9.553979
1993-07-16,8.79,80.96,9.3879512
1993-07-17,8.97,76.16,9.695093600000002
1993-07-18,9.16,88.81,9.4886503
1993-07-19,8.88,84.34,9.3640506
1993-07-20,9.49,88.27,9.813220150000001
1993-07-21,9.17,86.74,9.5587169
1993-07-22,9.83,77.16,10.4166454
1993-07-23,10.08,75.75,10.669517500000001
1993-07-24,11.77,86.87,11.96714695
1993-07-25,9.92,88.5,10.209685
1993-07-26,8.19,85.95,8.67760525
1993-07-27,9.58,74.88,10.259747200000001
1993-07-28,10.16,81.3,10.606369
1993-07-29,10.54,79.44,10.9877968
1993-07-30,10.62,87.35,10.889951
1993-07-31,8.49,81.21,9.111103450000002
1993-08-01,8.77,84.23,9.26699155
1993-08-02,8.59,88.93,8.94983035
1993-08-03,7.93,81.42,8.6013883
1993-08-04,7.48,73.74,8.493898600000001
1993-08-05,7.3,78.29,8.159716
1993-08-06,9.8,71.11,10.5468065
1993-08-07,10.05,80.06,10.5380315
1993-08-08,9.81,87.66,10.1283103
1993-08-09,12.19,75.85,12.49682575
1993-08-10,9.02,85.43,9.459139799999999
1993-08-11,10.13,85.21,10.485477650000002
1993-08-12,11.68,67.81,12.1792669
1993-08-13,10.75,85.01,11.05916875
1993-08-14,11.05,90.9,11.222672500000002
1993-08-15,11.18,81.86,11.5112364
1993-08-16,7.94,77.88,8.7380896
1993-08-17,10.75,88.69,10.98326875
1993-08-18,9.45,89.52,9.741082
1993-08-19,9.05,85.83,9.47474575
1993-08-20,10.66,78.97,11.1041536
1993-08-21,10.71,87.28,10.975148400000002
1993-08-22,10.3,85.49,10.635181000000001
1993-08-23,11.07,75.44,11.5333244
1993-08-24,11.13,78.9,11.521088500000001
1993-08-25,12.83,64.48,13.1562512
1993-08-26,11.56,80.22,11.8798426
1993-08-27,11.48,86.57,11.7030723
1993-08-28,11.1,84.18,11.395834
1993-08-29,11.9,75.54,12.249778000000001
1993-08-30,13.24,80.89,13.3724323
1993-08-31,15.08,91.51,15.0529169
1993-09-01,12.57,88.58,12.6912233
1993-09-02,9.91,79,10.440145000000001
1993-09-03,8.36,75.15,9.1991845
1993-09-04,8.81,77.39,9.51757995
1993-09-05,9.87,81.65,10.33728275
1993-09-06,12.11,84.11,12.31887405
1993-09-07,13.55,87.11,13.617350250000001
1993-09-08,11.22,91.23,11.378210800000002
1993-09-09,9.26,84.16,9.7165088
1993-09-10,9.95,88.35,10.24154125
1993-09-11,9.6,88.92,9.898606
1993-09-12,7.8,89.01,8.2049815
1993-09-13,9.76,87.89,10.0757077
1993-09-14,10.75,92.15,10.91190625
1993-09-15,9.23,90.26,9.5123139
1993-09-16,9.56,87.18,9.9083194
1993-09-17,10.31,89.74,10.5464417
1993-09-18,13.25,79.47,13.39114375
1993-09-19,11.14,87.92,11.3632384
1993-09-20,8.44,79.39,9.126931299999999
1993-09-21,9.66,84.69,10.0675522
1993-09-22,10.74,87.31,11.0024292
1993-09-23,10.2,84.7,10.561845
1993-09-24,11.21,85.26,11.4767203
1993-09-25,11.01,82.52,11.3455286
1993-09-26,10.11,85.31,10.46469005
1993-09-27,13.78,79.26,13.8621304
1993-09-28,15.95,78.62,15.7794945
1993-09-29,15.67,86.91,15.58576585
1993-09-30,17.65,81.39,17.32758175
1993-10-01,12.32,86.54,12.4813854
1993-10-02,11.31,84.85,11.57580675
1993-10-03,13.09,91.89,13.15289305
1993-10-04,9.99,84.58,10.3724931
1993-10-05,12.98,85.23,13.1034772
1993-10-06,13.64,84.86,13.711612200000001
1993-10-07,16.76,74.42,16.442040600000002
1993-10-08,16.44,79,16.21593
1993-10-09,10.63,73.12,11.2021408
1993-10-10,8.73,76.51,9.47545515
1993-10-11,10.11,71,10.810205
1993-10-12,10.34,71.8,10.985216
1993-10-13,10.69,73.07,11.25431815
1993-10-14,11.23,79.67,11.59563505
1993-10-15,11.78,83.91,12.0207064
1993-10-16,13.54,84.11,13.623899199999999
1993-10-17,14.98,77.93,14.9217352
1993-10-18,11.76,82.53,12.0232729
1993-10-19,11.71,78.65,12.03761575
1993-10-20,10.25,80.18,10.7132925
1993-10-21,11.46,75.77,11.8651256
1993-10-22,11.96,76.55,12.287596500000001
1993-10-23,15.92,66.89,15.6614109
1993-10-24,14.3,82.66,14.319074
1993-10-25,12.28,76.62,12.565469799999999
1993-10-26,11.24,72.76,11.7284132
1993-10-27,14.83,72.4,14.779906
1993-10-28,11.95,79.88,12.232183
1993-10-29,11.67,75.96,12.044182600000001
1993-10-30,10.62,77.61,11.0978026
1993-10-31,15.15,72.95,15.05329625
1993-11-01,14.5,86.84,14.5
1993-11-02,10.54,79.91,10.9775602
1993-11-03,11.84,80.9,12.119433
1993-11-04,10.64,83.38,10.992842600000001
1993-11-05,11.48,79.96,11.8128644
1993-11-06,12.68,76.85,12.9117315
1993-11-07,10.3,72.24,10.941256000000001
1993-11-08,11.51,80.26,11.8346243
1993-11-09,10.97,73.36,11.4872156
1993-11-10,12.71,78.8,12.918714000000001
1993-11-11,16.86,75.62,16.5435476
1993-11-12,16.63,84.82,16.4521663
1993-11-13,14.5,87.19,14.5
1993-11-14,13.28,80.2,13.412858
1993-11-15,12.77,83.28,12.929090799999999
1993-11-16,16.34,84.69,16.1850628
1993-11-17,20.75,87.23,20.31103125
1993-11-18,17.32,86.57,17.1117007
1993-11-19,13.58,85.21,13.6548374
1993-11-20,11.98,75.5,12.31957
1993-11-21,14.58,71.75,14.56757
1993-11-22,11.72,67.02,12.2242642
1993-11-23,12.24,72.61,12.5804577
1993-11-24,12.98,76.79,13.1740356
1993-11-25,15.01,77.52,14.946943599999999
1993-11-26,20.45,60.84,19.168488999999997
1993-11-27,15.82,66.08,15.5737408
1993-11-28,12.92,73.32,13.151849200000001
1993-11-29,14.22,72.78,14.2619188
1993-11-30,20.77,61.44,19.440258399999998
1993-12-01,19.08,71.37,18.3588103
1993-12-02,13.31,72.33,13.491100150000001
1993-12-03,15.6,81.56,15.488438
1993-12-04,12.37,64.4,12.787054
1993-12-05,13.74,67.07,13.8776474
1993-12-06,15.03,70.94,14.9452901
1993-12-07,15.22,75.64,15.1235344
1993-12-08,21.28,62.36,19.8764044
1993-12-09,22.77,58.44,20.8796434
1993-12-10,23.63,52.35,21.237255249999997
1993-12-11,19.19,78.54,18.6364393
1993-12-12,12.8,73.74,13.045531
1993-12-13,19.1,69.94,18.339482
1993-12-14,17.33,77.35,16.977452749999998
1993-12-15,15.56,67.82,15.372390600000001
1993-12-16,13.21,67.07,13.44363835
1993-12-17,14.61,72.85,14.59357425
1993-12-18,14.63,74.5,14.611767500000001
1993-12-19,16.09,73.24,15.8559838
1993-12-20,15.93,72.53,15.71394845
1993-12-21,20.66,75.19,19.8194372
1993-12-22,17.92,79.01,17.5251781
1993-12-23,14.89,83.08,14.8537066
1993-12-24,14.27,71.52,14.306027199999999
1993-12-25,16.75,72.49,16.40956375
1993-12-26,11.7,79.1,12.02186
1993-12-27,14.17,91.24,14.1858994
1993-12-28,13.81,88.14,13.8550087
1993-12-29,14.72,84.05,14.7007005
1993-12-30,14.98,78.03,14.9219992
1993-12-31,14.56,74.27,14.5515091
1994-01-01,15.4,69.32,15.248134
1994-01-02,17.11,67.21,16.63929955
1994-01-03,14.46,77.52,14.4649456
1994-01-04,17.33,65.65,16.795342249999997
1994-01-05,15.5,71.98,15.34589
1994-01-06,15.2,65.05,15.0654425
1994-01-07,14.96,70.16,14.8845048
1994-01-08,13.14,65.69,13.3966388
1994-01-09,14.16,66.61,14.2224393
1994-01-10,19.06,59.33,18.0399964
1994-01-11,18.14,72.66,17.5926532
1994-01-12,24.88,57.9,22.476511
1994-01-13,16.18,73.81,15.9380044
1994-01-14,13.19,67.53,13.42394635
1994-01-15,19,57.48,17.94763
1994-01-16,18.62,67.4,17.881284
1994-01-17,17.01,63.04,16.4997672
1994-01-18,17.47,70.46,16.9874641
1994-01-19,16.56,70.89,16.230183699999998
1994-01-20,16.44,73.53,16.1575651
1994-01-21,13.47,65.94,13.662949900000001
1994-01-22,15.18,65.12,15.0495488
1994-01-23,18.86,64.34,18.0048732
1994-01-24,22.46,65.45,20.947401
1994-01-25,26.7,42.58,22.847118
1994-01-26,23.42,58.68,21.392840800000002
1994-01-27,15.88,61.51,15.5878609
1994-01-28,16.3,74.33,16.045867
1994-01-29,16.36,74.88,16.1030224
1994-01-30,18.19,77.12,17.7256504
1994-01-31,21.14,80.38,20.4234776
1994-02-01,20.46,77.65,19.727367
1994-02-02,20.68,71.01,19.6946299
1994-02-03,22.86,66.28,21.3095544
1994-02-04,22.46,73.3,21.291074000000002
1994-02-05,24.28,61.41,22.2042439
1994-02-06,22.04,70.3,20.808341
1994-02-07,18.02,72.89,17.4951504
1994-02-08,24.14,63.55,22.207421
1994-02-09,20.3,68.62,19.298978
1994-02-10,17.48,88.26,17.2875814
1994-02-11,15.81,79.69,15.663666450000001
1994-02-12,18.57,80.01,18.12252385
1994-02-13,23.39,75.72,22.2028294
1994-02-14,22.02,79.78,21.1837008
1994-02-15,18.08,72.62,17.5408878
1994-02-16,16.57,71.27,16.24290895
1994-02-17,14.51,71.72,14.5084446
1994-02-18,15.09,68.83,14.98885335
1994-02-19,16.43,70.63,16.11823745
1994-02-20,19.5,64.93,18.535575
1994-02-21,22.25,58.02,20.4606025
1994-02-22,20.1,73.27,19.276716
1994-02-23,19.84,74.98,19.1051626
1994-02-24,16.83,82.47,16.605353049999998
1994-02-25,17.36,82.56,17.0856688
1994-02-26,21.3,75,20.365000000000002
1994-02-27,15.06,68.94,14.9643352
1994-02-28,13.63,68.83,13.779148450000001
1994-03-01,14.9,71.81,14.837982
1994-03-02,16.05,74.74,15.8346585
1994-03-03,15.05,74.61,14.97319525
1994-03-04,15.1,72.66,15.009777999999999
1994-03-05,14.93,72.09,14.863992849999999
1994-03-06,14.6,74.83,14.5861565
1994-03-07,14.97,78.11,14.91341435
1994-03-08,17.73,83.45,17.43598925
1994-03-09,17.37,91.78,17.2402473
1994-03-10,16.72,85.49,16.542832899999997
1994-03-11,14.57,68.29,14.55779165
1994-03-12,14.11,70.58,14.1731059
1994-03-13,14.32,72.54,14.3471854
1994-03-14,14.32,78.23,14.3415523
1994-03-15,15.67,74.66,15.5069371
1994-03-16,13.13,72.23,13.339246950000001
1994-03-17,12.95,73.2,13.178469999999999
1994-03-18,14.8,72.53,14.7546745
1994-03-19,15.91,75.74,15.7218637
1994-03-20,18.54,66.21,17.7891862
1994-03-21,20.74,57.46,19.2800272
1994-03-22,19.19,67.9,18.3619805
1994-03-23,19.58,70.18,18.746829199999997
1994-03-24,18.36,67.83,17.6770309
1994-03-25,19.28,61.46,18.2667834
1994-03-26,18.51,62.64,17.6860252
1994-03-27,17.83,67.63,17.237143449999998
1994-03-28,19.09,63.75,18.174868749999998
1994-03-29,19.88,65.28,18.852635199999998
1994-03-30,20.96,58.87,19.4986511
1994-03-31,21.11,67.3,19.9211915
1994-04-01,15.41,77.12,15.2954856
1994-04-02,14.95,80.86,14.902628499999999
1994-04-03,15.56,73.32,15.4044556
1994-04-04,18.32,61.78,17.5169978
1994-04-05,19.7,58.71,18.519106
1994-04-06,15.85,71.9,15.6413575
1994-04-07,14.1,72.53,14.160434
1994-04-08,15.52,69.29,15.3477169
1994-04-09,17.21,60.12,16.6155886
1994-04-10,12.49,76.12,12.7539934
1994-04-11,11.24,68.74,11.8004918
1994-04-12,13.92,88.93,13.9553133
1994-04-13,14.83,88.85,14.80976275
1994-04-14,13.43,84.89,13.51892235
1994-04-15,15.1,75.49,15.019117
1994-04-16,17.58,65.97,17.003531799999998
1994-04-17,14.42,75.89,14.4306084
1994-04-18,13.73,79.7,13.8159705
1994-04-19,14.76,79.7,14.730971
1994-04-20,12.13,74.08,12.4678672
1994-04-21,13.23,75.54,13.4008531
1994-04-22,14.06,76.83,14.116071400000001
1994-04-23,16.73,65.2,16.303178
1994-04-24,17.8,61.52,17.101588
1994-04-25,18.26,53.45,17.297346
1994-04-26,21.27,43.77,19.17627595
1994-04-27,15.92,76.71,15.7381051
1994-04-28,14.1,71.02,14.163756
1994-04-29,11.6,69.76,12.082328
1994-04-30,12.86,62.42,13.1989716
1994-05-01,13.69,82.52,13.7678734
1994-05-02,11.03,73.37,11.53823355
1994-05-03,9.92,79.8,10.428838
1994-05-04,11.19,78.73,11.57722035
1994-05-05,14.5,71.06,14.5
1994-05-06,15.45,72.24,15.304953999999999
1994-05-07,11.73,84.81,11.96141965
1994-05-08,10.92,88.99,11.1367869
1994-05-09,12.13,77.96,12.417291400000002
1994-05-10,10.6,83.87,10.9459885
1994-05-11,10.11,81.53,10.55595815
1994-05-12,9.31,78.91,9.912014050000002
1994-05-13,12.97,56.1,13.3394185
1994-05-14,10.19,74.55,10.79329225
1994-05-15,11.32,87.49,11.5387999
1994-05-16,11.33,75.99,11.74861435
1994-05-17,14.16,70.16,14.2158008
1994-05-18,11.13,78.52,11.5281318
1994-05-19,9.77,83.58,10.1971663
1994-05-20,12.12,81.11,12.367270099999999
1994-05-21,12.78,71.18,13.0526372
1994-05-22,11.78,76.63,12.1296152
1994-05-23,13.72,73.23,13.834843300000001
1994-05-24,16.42,49.97,15.891683200000001
1994-05-25,12.01,73.72,12.3699046
1994-05-26,13.35,80.46,13.4735905
1994-05-27,13.62,81.63,13.7089108
1994-05-28,13.01,80.5,13.1698025
1994-05-29,12.54,76.72,12.7909584
1994-05-30,15.49,49.39,15.214428550000001
1994-05-31,10.82,87.93,11.064296800000001
1994-06-01,9.41,91.49,9.64823745
1994-06-02,12.05,82,12.29255
1994-06-03,13.83,75.9,13.9188085
1994-06-04,12.57,80.71,12.77476335
1994-06-05,10.38,79.36,10.847702400000001
1994-06-06,9.11,87.78,9.4722619
1994-06-07,10.9,89.01,11.117602
1994-06-08,9.4,87.82,9.741649
1994-06-09,9.77,80.23,10.28431655
1994-06-10,10.03,82.28,10.4656462
1994-06-11,9.98,83.08,10.400631200000001
1994-06-12,8.61,85.8,9.070009
1994-06-13,11.26,79.68,11.6221024
1994-06-14,9.49,86.33,9.866676850000001
1994-06-15,10.35,87.88,10.626639
1994-06-16,11.51,85.98,11.7405589
1994-06-17,9.83,84.31,10.23299765
1994-06-18,10.02,89.32,10.2831552
1994-06-19,9.65,89.67,9.925552750000001
1994-06-20,8.77,84.19,9.26825215
1994-06-21,9.64,81.63,10.1310301
1994-06-22,10.56,71.84,11.170227200000001
1994-06-23,11.23,74.41,11.69023615
1994-06-24,10.48,91.22,10.6741258
1994-06-25,9.56,88.95,9.860228500000002
1994-06-26,7.9,93.81,8.124697000000001
1994-06-27,6.07,88.11,6.621279850000001
1994-06-28,6,81.83,6.849447500000001
1994-06-29,6.99,72.43,8.12877885
1994-06-30,7.84,77.11,8.6784607
1994-07-01,7.3,88.49,7.755796000000001
1994-07-02,9.27,73.32,10.0374502
1994-07-03,11.56,72.97,11.9970751
1994-07-04,12.52,77.35,12.7666585
1994-07-05,12.03,77.14,12.3405531
1994-07-06,11.36,76.42,11.767226599999999
1994-07-07,11.51,75.07,11.91997385
1994-07-08,10.33,80.61,10.77470965
1994-07-09,9.74,82.27,10.2041714
1994-07-10,11.55,85.61,11.783477750000001
1994-07-11,9.62,87.82,9.9469112
1994-07-12,9.37,84.08,9.8191828
1994-07-13,9.4,87.79,9.7424905
1994-07-14,9.6,74.95,10.2750975
1994-07-15,9.68,82.71,10.1383579
1994-07-16,7.44,82.53,8.1183601
1994-07-17,8.23,80.65,8.89728475
1994-07-18,9.28,92.01,9.5093929
1994-07-19,8.61,87.46,9.0162333
1994-07-20,9.55,83.18,10.007924500000001
1994-07-21,8.86,78.34,9.531893199999999
1994-07-22,6.25,76.56,7.3135900000000005
1994-07-23,6.25,68.5,7.679312500000001
1994-07-24,9.03,67.65,10.00324975
1994-07-25,7.85,85.93,8.36461025
1994-07-26,7.72,90.03,8.091781300000001
1994-07-27,9.54,85.27,9.9418344
1994-07-28,11.55,72.49,11.99634975
1994-07-29,10.02,57.44,11.0686784
1994-07-30,5.94,89.12,6.452230400000001
1994-07-31,7.87,90.35,8.22188725
1994-08-01,8.54,87.01,8.9658122
1994-08-02,8.04,85.01,8.5725947
1994-08-03,8.29,87.15,8.728891749999999
1994-08-04,7.81,79.16,8.576807800000001
1994-08-05,7.52,73.89,8.5223629
1994-08-06,9.81,76.34,10.4203097
1994-08-07,6.85,81.76,7.6174479999999996
1994-08-08,7.15,83.6,7.812970000000001
1994-08-09,8.31,82.99,8.88910545
1994-08-10,7.37,75.83,8.317826550000001
1994-08-11,9.69,56.41,10.84317345
1994-08-12,10.64,75.09,11.1688393
1994-08-13,7.25,80.41,8.03115125
1994-08-14,8.72,83.79,9.235315900000002
1994-08-15,8.03,85.79,8.53566285
1994-08-16,7.8,83.95,8.3914425
1994-08-17,7.78,87.38,8.2464352
1994-08-18,7.7,78.52,8.503352000000001
1994-08-19,8.08,78.77,8.8296313
1994-08-20,7.58,79.29,8.368222600000001
1994-08-21,8.47,80.42,9.119370700000001
1994-08-22,10.55,74.44,11.105291000000001
1994-08-23,7.78,81.28,8.4718912
1994-08-24,10.12,88.42,10.3989622
1994-08-25,11.38,84.89,11.639287600000001
1994-08-26,11.77,77.86,12.1024321
1994-08-27,13.12,70.55,13.3435255
1994-08-28,9.68,78.42,10.2520858
1994-08-29,9.79,83.15,10.22649925
1994-08-30,10.24,81.76,10.6673632
1994-08-31,10.46,69.89,11.129044200000001
1994-09-01,12.76,60.61,13.1369623
1994-09-02,14.06,71.54,14.128873200000001
1994-09-03,12.57,88.82,12.688675700000001
1994-09-04,10.66,92.14,10.8260032
1994-09-05,9.6,85.64,9.987002
1994-09-06,7.64,71.95,8.6983265
1994-09-07,7.82,72.47,8.831452200000001
1994-09-08,7.9,78.41,8.683717000000001
1994-09-09,8.45,73.57,9.32945825
1994-09-10,11.19,67,11.790765
1994-09-11,12.57,59.03,13.00489655
1994-09-12,11.93,74.79,12.28634335
1994-09-13,9.93,90.55,10.16752575
1994-09-14,9.28,81.18,9.8203222
1994-09-15,10.91,65.49,11.591399950000001
1994-09-16,8.69,74.65,9.50005925
1994-09-17,12.01,76.73,12.32868265
1994-09-18,8,75.29,8.8833825
1994-09-19,8.18,78.99,8.9103076
1994-09-20,8.73,79.99,9.36501735
1994-09-21,8.31,65.57,9.482169350000001
1994-09-22,11.28,73.26,11.7535654
1994-09-23,11.03,70.28,11.5972062
1994-09-24,8.99,77.21,9.68065095
1994-09-25,9.34,85.15,9.761443
1994-09-26,7.53,82.24,8.2108296
1994-09-27,8.13,83.9,8.6940635
1994-09-28,9.91,78.4,10.455292
1994-09-29,8.3,88.14,8.704426000000002
1994-09-30,8.04,83.81,8.6152307
1994-10-01,12.16,77.77,12.4461001
1994-10-02,10.21,79.36,10.697000800000001
1994-10-03,11.61,70.16,12.0843068
1994-10-04,10.62,86.85,10.900621
1994-10-05,9.95,79.22,10.4700195
1994-10-06,11.74,71.98,12.1653436
1994-10-07,8.94,78.99,9.5824858
1994-10-08,10.51,78.84,10.9743562
1994-10-09,10.54,86.04,10.8440488
1994-10-10,13.89,70.33,13.989542850000001
1994-10-11,9.3,75.44,10.002416
1994-10-12,10.23,74.44,10.830276600000001
1994-10-13,9.69,81.38,10.1825921
1994-10-14,17.16,52.65,16.4672695
1994-10-15,18.83,53.38,17.7197447
1994-10-16,18.31,59.7,17.4655135
1994-10-17,12.4,76.89,12.6669205
1994-10-18,12.86,82.91,13.0141518
1994-10-19,12.23,79.91,12.480823650000001
1994-10-20,11.74,76.43,12.0977926
1994-10-21,11.76,74.58,12.1430794
1994-10-22,14.8,62.68,14.738422
1994-10-23,17.73,50.4,16.848856
1994-10-24,19.28,48.37,17.9226473
1994-10-25,18.22,73.24,17.672490399999997
1994-10-26,14.42,81.35,14.428206
1994-10-27,13.16,72.56,13.362232800000001
1994-10-28,11.22,66.69,11.820912400000001
1994-10-29,13.2,74.42,13.382897
1994-10-30,13.39,66.86,13.592319700000001
1994-10-31,17.73,50.06,16.8428159
1994-11-01,11.81,79.04,12.1201032
1994-11-02,14.34,77.85,14.359492
1994-11-03,12.1,83.79,12.313972
1994-11-04,13.14,72.62,13.3448024
1994-11-05,12.83,65.84,13.143759600000001
1994-11-06,10.45,70.54,11.1062215
1994-11-07,9.26,73.46,10.0248828
1994-11-08,12.13,79.83,12.39291595
1994-11-09,14.89,74.9,14.8361605
1994-11-10,19.27,60.44,18.232143399999998
1994-11-11,14.45,78.99,14.45577775
1994-11-12,12.21,73.07,12.549183350000002
1994-11-13,13.41,67.42,13.6053171
1994-11-14,14.65,63.62,14.6199865
1994-11-15,10.68,69.73,11.3159727
1994-11-16,14.4,64.94,14.419283
1994-11-17,12.58,77.1,12.821824
1994-11-18,16.41,60.37,15.99368685
1994-11-19,21.72,67.8,20.441338
1994-11-20,14.58,72.38,14.5678472
1994-11-21,11.82,75.91,12.1750866
1994-11-22,11.9,68.25,12.354025
1994-11-23,17.89,48.37,16.92735865
1994-11-24,21.45,42.82,19.2642945
1994-11-25,19.55,63.32,18.531213
1994-11-26,20.96,60.86,19.5693558
1994-11-27,13.56,70.36,13.713238800000001
1994-11-28,14.01,64.99,14.10435195
1994-11-29,14.8,65.27,14.7426955
1994-11-30,11.74,61.73,12.3209386
1994-12-01,14.11,65.37,14.18428135
1994-12-02,20.03,55.59,18.67926985
1994-12-03,21.75,49.16,19.722755
1994-12-04,24.75,46.16,21.714769999999998
1994-12-05,26.53,40.11,22.56737815
1994-12-06,27.44,32.84,22.6602228
1994-12-07,16.8,63.89,16.3432085
1994-12-08,13.45,65.05,13.651836249999999
1994-12-09,14.03,69.49,14.10886835
1994-12-10,17.79,63.73,17.13369435
1994-12-11,25.34,31.87,21.2780894
1994-12-12,26.77,31.21,22.12770685
1994-12-13,17.13,61.71,16.57613515
1994-12-14,15.09,59.81,14.95958345
1994-12-15,17.03,62.71,16.51110965
1994-12-16,18.48,68.21,17.7841169
1994-12-17,19.88,52.8,18.483352
1994-12-18,22.12,63.2,20.577712000000002
1994-12-19,20.64,73.85,19.7569145
1994-12-20,20.4,81.22,19.790588999999997
1994-12-21,16.22,81.3,16.043098
1994-12-22,18.29,75.7,17.7834665
1994-12-23,15.97,73.65,15.75696025
1994-12-24,14.52,64.81,14.516129099999999
1994-12-25,16.71,69.98,16.3451069
1994-12-26,19.94,64.07,18.8649744
1994-12-27,19.42,58.79,18.3048574
1994-12-28,19.88,49.04,18.3720936
1994-12-29,16.37,62.34,15.9826669
1994-12-30,17.61,71.65,17.12507325
1994-12-31,19.12,68.02,18.307388200000002
1995-01-01,16.09,61.18,15.7505191
1995-01-02,18.49,54.06,17.4818467
1995-01-03,23.94,47.43,21.2105656
1995-01-04,24.55,57.94,22.2251335
1995-01-05,21.17,82.54,20.529479900000002
1995-01-06,15.62,72.4,15.449983999999999
1995-01-07,14.14,66.92,14.2054984
1995-01-08,17.35,71.66,16.905770500000003
1995-01-09,22.92,54.3,20.803633
1995-01-10,23.41,65.34,21.711486700000002
1995-01-11,23.95,63.27,22.04095825
1995-01-12,20.83,63.5,19.5592525
1995-01-13,25.36,59.34,22.931378199999997
1995-01-14,23.8,70.38,22.284937
1995-01-15,21.37,75.51,20.444645350000002
1995-01-16,19.7,75.04,18.986144
1995-01-17,20.16,79.4,19.518722
1995-01-18,21.68,72.4,20.590076
1995-01-19,25.13,63.73,23.00947445
1995-01-20,16.86,71.09,16.4847482
1995-01-21,14.49,63.37,14.49201465
1995-01-22,17.9,59.63,17.145080999999998
1995-01-23,22.23,52.63,20.21606445
1995-01-24,20.89,71.03,19.87184935
1995-01-25,19.83,73.54,19.0543251
1995-01-26,21.05,66.3,19.8359575
1995-01-27,21.99,79.12,21.129848399999997
1995-01-28,21.56,72.5,20.492175
1995-01-29,20.35,75.39,19.55817325
1995-01-30,18.93,68.92,18.172735799999998
1995-01-31,16.31,66.13,15.97282415
1995-02-01,19.43,57.15,18.268122249999998
1995-02-02,21.13,65.92,19.887272799999998
1995-02-03,16.56,65.28,16.166622399999998
1995-02-04,21.42,48.45,19.458007000000002
1995-02-05,15.94,70.46,15.7060432
1995-02-06,16.09,61.16,15.750344199999999
1995-02-07,18.26,67.81,17.594310800000002
1995-02-08,15.97,69.64,15.724539400000001
1995-02-09,15.76,74.6,15.583978
1995-02-10,16.84,74.43,16.5109141
1995-02-11,22.24,59.91,20.533368699999997
1995-02-12,24.75,58.22,22.3946525
1995-02-13,25.69,55.58,22.9561711
1995-02-14,26.15,50.33,22.967394749999997
1995-02-15,24.59,51.67,21.90792665
1995-02-16,17.51,71.28,17.0345404
1995-02-17,17.11,67.11,16.63786405
1995-02-18,17.39,72.5,16.9528875
1995-02-19,17.02,71.46,16.624435599999998
1995-02-20,19.32,70,18.5247
1995-02-21,22.25,67.46,20.8629825
1995-02-22,18.14,65.26,17.444505200000002
1995-02-23,20.87,62.53,19.55723855
1995-02-24,26.61,45.88,23.0053374
1995-02-25,27.47,39.8,23.175632999999998
1995-02-26,21.79,72.39,20.682977049999998
1995-02-27,21.35,80.3,20.607802500000002
1995-02-28,18.81,72.7,18.162853499999997
1995-03-01,19.86,60.85,18.705858
1995-03-02,20.2,63.02,19.040677
1995-03-03,21.45,53.76,19.682475999999998
1995-03-04,21.42,46.91,19.3993946
1995-03-05,21.73,57.95,20.05788175
1995-03-06,23.36,67.17,21.7601941
1995-03-07,23.35,73.56,22.063033
1995-03-08,18.8,79.43,18.3135195
1995-03-09,16.18,71.54,15.9170296
1995-03-10,16.76,76.32,16.4656576
1995-03-11,19.72,62.52,18.643949199999998
1995-03-12,13.96,67.97,14.0551291
1995-03-13,15.44,73.56,15.303305199999999
1995-03-14,15.9,73.31,15.694487
1995-03-15,13.72,72.18,13.8393478
1995-03-16,17.14,68,16.67536
1995-03-17,17.4,69.28,16.910016
1995-03-18,15.51,72.15,15.355293249999999
1995-03-19,15.27,71.74,15.1503189
1995-03-20,16.74,76.85,16.454791999999998
1995-03-21,17.35,78.11,17.006874250000003
1995-03-22,15.84,73.87,15.6474219
1995-03-23,16.02,66.37,15.7388532
1995-03-24,13.73,68.97,13.86141205
1995-03-25,13.3,71.12,13.490608
1995-03-26,15.14,71.36,15.0391872
1995-03-27,13.8,71.97,13.907915500000001
1995-03-28,14.03,77.34,14.0885761
1995-03-29,13.93,81.37,13.988405049999999
1995-03-30,13.76,67.07,13.8940251
1995-03-31,10.34,73.03,10.9570736
1995-04-01,13.55,73.6,13.687940000000001
1995-04-02,12.42,72.75,12.73174
1995-04-03,13.8,59.59,13.955578500000001
1995-04-04,16.27,69.1,15.9691885
1995-04-05,11.64,77.29,11.9972283
1995-04-06,10.03,85.54,10.385499099999999
1995-04-07,10.11,86.32,10.4403036
1995-04-08,11.39,83,11.680785
1995-04-09,11.07,83.12,11.3884412
1995-04-10,12.38,85.31,12.551285400000001
1995-04-11,12.46,81.35,12.669253000000001
1995-04-12,12.16,86.14,12.338378200000001
1995-04-13,12.39,87.27,12.537731650000001
1995-04-14,14.19,78.51,14.22664045
1995-04-15,17.21,69.77,16.75942185
1995-04-16,12.63,86.96,12.7641164
1995-04-17,11.2,80.75,11.5493875
1995-04-18,13.05,72.87,13.266361750000002
1995-04-19,10.48,77.42,10.9792438
1995-04-20,12,78.61,12.2941125
1995-04-21,11.74,74.14,12.132554800000001
1995-04-22,13.52,69.06,13.6867666
1995-04-23,13.48,67.95,13.659800500000001
1995-04-24,10.47,72.41,11.081532350000002
1995-04-25,13.84,85.52,13.8925624
1995-04-26,11.15,76.82,11.5770915
1995-04-27,10.1,76.31,10.673297999999999
1995-04-28,12.91,70.72,13.1660536
1995-04-29,17.09,72.61,16.69982945
1995-04-30,14.28,93.07,14.2883853
1995-05-01,12.84,91.97,12.9133139
1995-05-02,12.88,85.2,13.011868000000002
1995-05-03,10.09,82.92,10.504275400000001
1995-05-04,11.04,84.96,11.3262112
1995-05-05,10.81,88.2,11.049481
1995-05-06,11.02,89.19,11.2269034
1995-05-07,11.1,87.81,11.327953
1995-05-08,12.03,87.41,12.20103515
1995-05-09,11.81,86.79,12.00544195
1995-05-10,13.31,89.56,13.378329800000001
1995-05-11,15.2,86.64,15.148563999999999
1995-05-12,16.89,83.93,16.67875985
1995-05-13,13.6,84.11,13.6786555
1995-05-14,9.44,83.37,9.902812899999999
1995-05-15,10.78,89.72,10.9903288
1995-05-16,11.46,85.16,11.7081248
1995-05-17,10,89.08,10.27027
1995-05-18,11.45,85.14,11.6992765
1995-05-19,11.72,79.5,12.033445
1995-05-20,11.01,89.52,11.2111636
1995-05-21,9.88,89.68,10.142231200000001
1995-05-22,11.03,78.65,11.43746475
1995-05-23,10.33,83.56,10.707051400000001
1995-05-24,11.82,84.23,12.0524498
1995-05-25,10.47,86,10.78031
1995-05-26,9.26,81.63,9.7894234
1995-05-27,11.44,92.14,11.5722838
1995-05-28,10.43,87.68,10.705783199999999
1995-05-29,10.42,77.37,10.9278172
1995-05-30,9.99,71.88,10.6875166
1995-05-31,11.24,87.31,11.4675317
1995-06-01,9.45,91.01,9.69969725
1995-06-02,8.82,92.77,9.0458652
1995-06-03,9.32,90.01,9.6046151
1995-06-04,8.71,89.48,9.045009400000001
1995-06-05,10.72,86.25,11.005862500000001
1995-06-06,12.45,90.45,12.55767625
1995-06-07,14.81,85.11,14.78461255
1995-06-08,15.03,91.1,15.004056499999999
1995-06-09,13.98,93.15,13.999591
1995-06-10,11.67,85.91,11.88931085
1995-06-11,10.64,89.99,10.8525123
1995-06-12,9.95,87.19,10.27057025
1995-06-13,9.26,82.91,9.7525338
1995-06-14,8.67,78.73,9.352022550000001
1995-06-15,9.49,89.63,9.775745350000001
1995-06-16,8.92,85.3,9.371143
1995-06-17,8.78,85.22,9.2449788
1995-06-18,11.16,88.5,11.371255
1995-06-19,9.88,84.77,10.2669943
1995-06-20,9.08,84.2,9.550998
1995-06-21,6.61,78.46,7.544728300000001
1995-06-22,5.31,83.61,6.138432550000001
1995-06-23,7.25,85.05,7.846131250000001
1995-06-24,8.37,88.02,8.7739057
1995-06-25,9.06,90.31,9.3499248
1995-06-26,10.05,86.03,10.39191575
1995-06-27,8.89,85.12,9.3491224
1995-06-28,8.6,87.58,9.003029
1995-06-29,7.89,85.9,8.4026055
1995-06-30,9.58,87.55,9.916897
1995-07-01,8.39,91.23,8.68471585
1995-07-02,9.35,92.62,9.5590385
1995-07-03,7.75,90.61,8.09860375
1995-07-04,7.68,89.71,8.0659779
1995-07-05,8.96,89.93,9.2668329
1995-07-06,8.46,85.95,8.926741000000002
1995-07-07,8.39,84.12,8.9236474
1995-07-08,8.38,88.84,8.755645600000001
1995-07-09,6.66,85.72,7.275753600000001
1995-07-10,6.04,91.95,6.4145665
1995-07-11,8.77,91.28,9.0448108
1995-07-12,8.85,89.86,9.1651005
1995-07-13,10.16,91.53,10.3621789
1995-07-14,8.16,89.32,8.532411600000001
1995-07-15,9.27,88.37,9.60453695
1995-07-16,10.95,89.6,11.15306
1995-07-17,8.75,93.56,8.953665
1995-07-18,8.49,89.28,8.844349600000001
1995-07-19,8.26,86.91,8.709248800000001
1995-07-20,7.22,82.47,7.921901200000001
1995-07-21,6.66,87.8,7.186064000000001
1995-07-22,7.57,92.52,7.855100200000001
1995-07-23,9.24,91.93,9.4734651
1995-07-24,7.86,87.69,8.309561200000001
1995-07-25,7.28,83.48,7.936009200000001
1995-07-26,6.79,86.26,7.3726447
1995-07-27,7.58,90.43,7.9442342
1995-07-28,6.82,93.9,7.077664000000001
1995-07-29,7.39,91.97,7.704013150000001
1995-07-30,6.37,89.74,6.828775900000001
1995-07-31,6.28,92.82,6.604607800000001
1995-08-01,8.25,89.47,8.61196875
1995-08-02,5.7,91.27,6.122532000000001
1995-08-03,7.85,93.04,8.104562
1995-08-04,9.04,90.5,9.325285
1995-08-05,8.13,87.62,8.5637333
1995-08-06,8.52,87.53,8.9301383
1995-08-07,8.04,85.67,8.5491449
1995-08-08,7.96,85.28,8.489478400000001
1995-08-09,9.4,82.82,9.881899
1995-08-10,8.02,83.87,8.5948732
1995-08-11,7.59,86.82,8.090905900000001
1995-08-12,8.79,78.68,9.459554599999999
1995-08-13,8.53,84.43,9.041240949999999
1995-08-14,9.42,88.19,9.7499714
1995-08-15,11.14,84.83,11.4203416
1995-08-16,12.54,84.82,12.7036404
1995-08-17,12.28,79.54,12.5298166
1995-08-18,12.05,85.57,12.24444425
1995-08-19,12.24,89.28,12.373249600000001
1995-08-20,14,88.26,14.032285
1995-08-21,10.44,90.53,10.6514651
1995-08-22,11.9,78.98,12.200586000000001
1995-08-23,9.95,83.08,10.373422999999999
1995-08-24,12.96,78.14,13.1451542
1995-08-25,10.1,89.08,10.364264
1995-08-26,11.8,76.83,12.1440745
1995-08-27,8.62,72.61,9.5057926
1995-08-28,8.56,81.39,9.1679887
1995-08-29,11.58,69.87,12.0638878
1995-08-30,9.24,83.68,9.7121376
1995-08-31,8.62,83.12,9.1658992
1995-09-01,8.56,84.26,9.0742258
1995-09-02,9.76,71.42,10.5050806
1995-09-03,10.64,76.27,11.143787900000001
1995-09-04,7.29,79.34,8.1092723
1995-09-05,6.5,81.79,7.30124
1995-09-06,7.01,80.39,7.817833950000001
1995-09-07,7.54,75.77,8.4675244
1995-09-08,8.92,79.84,9.5387104
1995-09-09,8.49,90.02,8.8198889
1995-09-10,10.2,86.9,10.509815
1995-09-11,9.87,83.58,10.2881353
1995-09-12,10.78,83.84,11.1106336
1995-09-13,13.11,78.22,13.2765081
1995-09-14,10.06,90.22,10.298827600000001
1995-09-15,9.34,87.17,9.704115400000001
1995-09-16,10.6,87.09,10.8769195
1995-09-17,9.99,86.71,10.31965845
1995-09-18,15.35,87.33,15.290767749999999
1995-09-19,13,84.2,13.13035
1995-09-20,10.61,83.48,10.9634454
1995-09-21,11.14,88.44,11.353628800000001
1995-09-22,12.95,83.9,13.0872525
1995-09-23,10.88,90.53,11.068547700000002
1995-09-24,9.02,87.84,9.3865024
1995-09-25,9.52,84.6,9.941806
1995-09-26,10.63,80.88,11.036969200000001
1995-09-27,11.88,76.88,12.213159200000002
1995-09-28,8.45,80.96,9.083556
1995-09-29,11.53,81.29,11.83562785
1995-09-30,14.12,84.64,14.152102399999999
1995-10-01,14.81,84.38,14.7833679
1995-10-02,11.5,87.24,11.71054
1995-10-03,10.1,80.92,10.561736
1995-10-04,10.74,75.03,11.2563796
1995-10-05,11.23,85.22,11.4958183
1995-10-06,12.13,72.66,12.486376900000002
1995-10-07,10.7,77.79,11.164188999999999
1995-10-08,9.77,73.62,10.456275699999999
1995-10-09,12.73,70.85,13.01377525
1995-10-10,14.63,78.77,14.614820550000001
1995-10-11,11.33,84.54,11.5995451
1995-10-12,14.34,82.64,14.3552768
1995-10-13,11.46,78.65,11.816972000000002
1995-10-14,10.12,77.16,10.670215599999999
1995-10-15,10.27,77.86,10.7850871
1995-10-16,14.25,70,14.29125
1995-10-17,14.44,73.27,14.4488209
1995-10-18,14.85,75.12,14.802106
1995-10-19,13.69,78.26,13.7868517
1995-10-20,9.63,68.74,10.467299100000002
1995-10-21,11.46,81.65,11.766812000000002
1995-10-22,11.81,92.98,11.913860900000001
1995-10-23,11.9,82.58,12.149106
1995-10-24,11.37,81.49,11.68864965
1995-10-25,11.7,78.11,12.037106
1995-10-26,11.57,81.83,11.862809550000001
1995-10-27,11.56,78.04,11.915093200000001
1995-10-28,12.28,82.58,12.4926982
1995-10-29,12.25,81.04,12.48463
1995-10-30,9.9,76.54,10.493538000000001
1995-10-31,14.15,72.98,14.2020135
1995-11-01,18.35,71.49,17.74630075
1995-11-02,14.67,83.12,14.6542172
1995-11-03,13.52,82.22,13.6158342
1995-11-04,14.7,86.68,14.685348
1995-11-05,12.53,91.28,12.6244812
1995-11-06,11.32,92.09,11.458345900000001
1995-11-07,10.47,92.12,10.6446602
1995-11-08,14.15,72.89,14.202186750000001
1995-11-09,15.82,79.82,15.6734932
1995-11-10,13.8,77.06,13.888319000000001
1995-11-11,11.9,78.12,12.212884
1995-11-12,13.15,79.92,13.299094
1995-11-13,16.91,75.32,16.5828666
1995-11-14,14.37,81.23,14.383420549999999
1995-11-15,13.31,79.24,13.4458742
1995-11-16,15.11,82.82,15.052361099999999
1995-11-17,18.81,80.57,18.34941185
1995-11-18,12.94,77.45,13.133479
1995-11-19,12.98,76.71,13.174704400000001
1995-11-20,14.85,75.24,14.802337
1995-11-21,15.69,79.39,15.555107549999999
1995-11-22,13.17,72.35,13.37225975
1995-11-23,13.2,70.01,13.4144285
1995-11-24,12.06,67.31,12.4986998
1995-11-25,13.48,72.4,13.634836
1995-11-26,18.49,69.15,17.81299675
1995-11-27,18.76,62.86,17.889809800000002
1995-11-28,16.54,72.27,16.2288694
1995-11-29,15.93,68.5,15.682252499999999
1995-11-30,15.69,75.22,15.5278149
1995-12-01,14.42,65.25,14.43529
1995-12-02,17.11,64.84,16.6052782
1995-12-03,17.22,75.87,16.859015199999998
1995-12-04,12.07,77.64,12.3688414
1995-12-05,12.95,77.66,13.1404485
1995-12-06,12.81,71.45,13.075372250000001
1995-12-07,14.98,71.83,14.9056312
1995-12-08,18.62,62.44,17.7688904
1995-12-09,18.28,69.02,17.6359258
1995-12-10,12.91,66.73,13.20094615
1995-12-11,11.23,69.36,11.781060400000001
1995-12-12,12.46,64.03,12.863583400000001
1995-12-13,15.81,70.52,15.597596600000001
1995-12-14,15.52,67.16,15.335767599999999
1995-12-15,18.67,67.2,17.917732
1995-12-16,14.3,75.61,14.326829
1995-12-17,19.49,65.36,18.539305199999998
1995-12-18,14.15,78.97,14.190482750000001
1995-12-19,13.44,82.78,13.540392599999999
1995-12-20,13.5,80.12,13.60934
1995-12-21,13.1,72.92,13.308516
1995-12-22,12.96,67.47,13.2355291
1995-12-23,12.98,66.88,13.2568832
1995-12-24,13.6,69.82,13.749391
1995-12-25,14.24,73.83,14.2774231
1995-12-26,14.21,72.74,14.253479700000002
1995-12-27,14.71,72.09,14.677763950000001
1995-12-28,15.22,74.73,15.1199308
1995-12-29,16.06,74.01,15.837005799999998
1995-12-30,17.75,79.17,17.37766375
1995-12-31,20.15,83.01,19.62203575
1996-01-01,15.9,85.63,15.789351
1996-01-02,14.51,87.68,14.5093224
1996-01-03,15.69,73.57,15.51701565
1996-01-04,17.45,73.2,17.015169999999998
1996-01-05,19.49,72.44,18.7336158
1996-01-06,19.21,75.62,18.5784361
1996-01-07,18.79,77.06,18.2487307
1996-01-08,19.53,77.37,18.90394105
1996-01-09,19.11,77.41,18.53723055
1996-01-10,19.5,72.45,18.742375
1996-01-11,19.14,77.18,18.5576336
1996-01-12,17.88,79.41,17.4972319
1996-01-13,20.07,69.25,19.12797375
1996-01-14,26.54,43.96,22.8290312
1996-01-15,18.48,64.63,17.7057507
1996-01-16,16.66,69.54,16.2981352
1996-01-17,17.62,68.17,17.0737972
1996-01-18,19.64,66.73,18.6994571
1996-01-19,23.53,64.73,21.77831545
1996-01-20,15.94,61.47,15.6348424
1996-01-21,17.16,63.57,16.6270291
1996-01-22,15.83,66.89,15.58780035
1996-01-23,22.68,61.88,20.9649812
1996-01-24,16.31,68.56,15.997014799999999
1996-01-25,16.06,53.42,15.6603436
1996-01-26,17.92,60.82,17.183024200000002
1996-01-27,18.33,69.63,17.690255949999997
1996-01-28,18.79,66.07,17.98942165
1996-01-29,16.29,71.98,16.0141431
1996-01-30,21.72,45.94,19.5732774
1996-01-31,18.95,56.77,17.891945749999998
1996-02-01,16.81,68.45,16.40915725
1996-02-02,15.5,65.77,15.311735
1996-02-03,16.58,63.27,16.159808799999997
1996-02-04,18.98,64.56,18.1067584
1996-02-05,18.09,71.89,17.53496805
1996-02-06,17.82,78.21,17.4221146
1996-02-07,22.61,60.04,20.8275842
1996-02-08,13.03,81.09,13.18288735
1996-02-09,14.32,82.74,14.3370874
1996-02-10,15.42,80.47,15.3211782
1996-02-11,14.29,71.36,14.323079199999999
1996-02-12,13.46,72.02,13.620045600000001
1996-02-13,15.87,66.2,15.615317
1996-02-14,16.87,67.02,16.4401057
1996-02-15,17.4,68.91,16.9041145
1996-02-16,19.37,66.06,18.4609171
1996-02-17,17.42,71.35,16.959881000000003
1996-02-18,16.68,75.43,16.3854057
1996-02-19,17.4,81.9,17.111304999999998
1996-02-20,20.11,69.85,19.17972175
1996-02-21,20.66,63.42,19.4206696
1996-02-22,21.26,61.65,19.834147
1996-02-23,21.21,61,19.770705
1996-02-24,21.61,65.83,20.27378215
1996-02-25,23.05,54.89,20.92870225
1996-02-26,20.34,69.94,19.3744728
1996-02-27,15.14,86.79,15.093500800000001
1996-02-28,14.09,79.18,14.1369491
1996-02-29,15.46,70.59,15.3047152
1996-03-01,15.94,75.28,15.744217599999999
1996-03-02,14.86,71.57,14.8037086
1996-03-03,15.95,75.2,15.75222
1996-03-04,18.96,79.43,18.4554179
1996-03-05,22.53,55.98,20.5858567
1996-03-06,18.93,67.14,18.1293661
1996-03-07,14.79,70.06,14.7422457
1996-03-08,15.96,73.4,15.746402
1996-03-09,17.7,72.78,17.220928
1996-03-10,19.76,64.27,18.7263311
1996-03-11,21.12,56.12,19.5223292
1996-03-12,21.93,55.87,20.12662755
1996-03-13,18.51,70.08,17.850114400000002
1996-03-14,15.92,67.47,15.6659407
1996-03-15,22.23,63.1,20.6611965
1996-03-16,17.01,64.65,16.52199325
1996-03-17,14.76,64.45,14.709163499999999
1996-03-18,13.63,77.95,13.735509250000002
1996-03-19,13.88,73.27,13.9711493
1996-03-20,14.35,72.75,14.37248125
1996-03-21,14.54,73.22,14.5341084
1996-03-22,13.3,77.06,13.451404
1996-03-23,19.24,58.85,18.167219499999998
1996-03-24,19.85,63.09,18.76392325
1996-03-25,21.47,64.98,20.1275083
1996-03-26,18.23,83.71,17.89581065
1996-03-27,18.63,81.76,18.215678399999998
1996-03-28,21.49,56.74,19.8268693
1996-03-29,19.78,75.06,19.0557424
1996-03-30,16.19,73.7,15.945541500000001
1996-03-31,14.95,74.94,14.887976499999999
1996-04-01,13.82,69.49,13.9341074
1996-04-02,14.63,76.93,14.613504950000001
1996-04-03,14.44,79.3,14.446831
1996-04-04,14.15,80.45,14.18763375
1996-04-05,14.46,73.25,14.465885
1996-04-06,17.49,76.07,17.09647115
1996-04-07,13.45,80.83,13.56070675
1996-04-08,12.4,81.3,12.615985
1996-04-09,11.96,79.2,12.250576
1996-04-10,12.28,84.21,12.4727959
1996-04-11,11.94,91.61,12.0581312
1996-04-12,14.26,70.59,14.298821199999999
1996-04-13,14.43,79.95,14.437719249999999
1996-04-14,13.34,86.92,13.4234504
1996-04-15,13.29,81.23,13.41491435
1996-04-16,11.48,75.41,11.8884399
1996-04-17,11.86,86.8,12.051664
1996-04-18,12.27,83.08,12.4775238
1996-04-19,13.25,85.54,13.3494125
1996-04-20,13.84,74.58,13.9322746
1996-04-21,13.41,81.37,13.52168685
1996-04-22,12.06,78.89,12.343296200000001
1996-04-23,13.16,70.93,13.3742459
1996-04-24,15.07,72.35,14.98331725
1996-04-25,14.31,84.4,14.326302
1996-04-26,15.52,80.71,15.4117831
1996-04-27,11.79,70.14,12.2350633
1996-04-28,10.78,75.61,11.2790194
1996-04-29,10.47,82.36,10.860990600000001
1996-04-30,10.66,85.26,10.971308800000001
1996-05-01,15.12,78.72,15.047435199999999
1996-05-02,14.09,88.38,14.1162031
1996-05-03,14.96,86.96,14.927008800000001
1996-05-04,16.08,79.52,15.902028799999998
1996-05-05,16.37,90.81,16.27548085
1996-05-06,13.13,90.54,13.201281100000001
1996-05-07,12.21,82.3,12.4329315
1996-05-08,10.33,79.22,10.8065893
1996-05-09,13.74,75.11,13.8440402
1996-05-10,15.31,58.82,15.126543100000001
1996-05-11,11.68,80.47,11.9829103
1996-05-12,10,87.26,10.315315
1996-05-13,10.54,80.73,10.9597006
1996-05-14,10.71,84.17,11.039976350000002
1996-05-15,11.22,86.89,11.4565044
1996-05-16,10.12,82.39,10.5442249
1996-05-17,10.4,76.55,10.9287975
1996-05-18,12.05,76.65,12.36464125
1996-05-19,11.76,84,12.00112
1996-05-20,10.1,85.4,10.45332
1996-05-21,11.13,87.5,11.3616875
1996-05-22,12.32,87.37,12.4714337
1996-05-23,11.26,88.58,11.4635044
1996-05-24,11.49,87.39,11.69875855
1996-05-25,11,81.1,11.363825
1996-05-26,9.78,80.32,10.2908928
1996-05-27,9.32,86.76,9.6972076
1996-05-28,9.99,85.77,10.342975150000001
1996-05-29,9.49,88.04,9.8195578
1996-05-30,9.62,86.83,9.9734828
1996-05-31,9.54,79.57,10.0973304
1996-06-01,11.82,84.23,12.0524498
1996-06-02,9.55,80.94,10.068908500000001
1996-06-03,13.72,88.61,13.7688631
1996-06-04,8.49,77.73,9.226134850000001
1996-06-05,10.7,81.63,11.083933
1996-06-06,8.49,86.26,8.9441757
1996-06-07,8.16,85.66,8.660035800000001
1996-06-08,9.53,87.28,9.8777012
1996-06-09,10.15,90.74,10.3715455
1996-06-10,8.48,88.85,8.8491765
1996-06-11,7.74,90.21,8.1039922
1996-06-12,8.05,87.33,8.499468250000001
1996-06-13,8.2,84.52,8.736382
1996-06-14,9.35,80.85,9.89242375
1996-06-15,7.57,91.83,7.881399550000001
1996-06-16,9.04,84.81,9.4961557
1996-06-17,11.06,88.63,11.2751204
1996-06-18,10.45,92.78,10.610825499999999
1996-06-19,10.74,92.72,10.8905504
1996-06-20,11.39,84.55,11.65427225
1996-06-21,10.36,89.92,10.5895216
1996-06-22,10.15,83.93,10.534474750000001
1996-06-23,10.42,94.4,10.545664
1996-06-24,10.44,89.27,10.6796009
1996-06-25,10.05,83.82,10.446005500000002
1996-06-26,9.09,91.57,9.34083465
1996-06-27,9.21,89.68,9.510260400000002
1996-06-28,8.95,87.9,9.319352499999999
1996-06-29,10.34,92.3,10.516176
1996-06-30,8.63,90.25,8.944778750000001
1996-07-01,9.68,86.73,10.0317877
1996-07-02,7.9,90.55,8.243035
1996-07-03,8.06,87.69,8.4960202
1996-07-04,10.22,83.55,10.607233
1996-07-05,10.09,93.34,10.2515383
1996-07-06,8.48,90.54,8.7932206
1996-07-07,7.86,85.77,8.379679600000001
1996-07-08,5.99,78.6,6.991627000000001
1996-07-09,5.64,82.31,6.5020337
1996-07-10,6.62,82.88,7.3619808
1996-07-11,6.17,85.28,6.8443968
1996-07-12,4.85,94.4,5.14722
1996-07-13,7.73,91.33,8.05282745
1996-07-14,8,90.7,8.332475
1996-07-15,7.98,89.44,8.3586816
1996-07-16,7.01,89.25,7.45284625
1996-07-17,7.8,94.3,8.010045
1996-07-18,10.72,87.04,10.989438400000001
1996-07-19,9.82,88.89,10.105971400000001
1996-07-20,8.29,89.46,8.6499937
1996-07-21,8.44,93.1,8.669977000000001
1996-07-22,9.48,87.38,9.8284382
1996-07-23,9.1,89.39,9.415117
1996-07-24,6.78,90.36,7.189314400000001
1996-07-25,8.07,84.09,8.63265715
1996-07-26,8.8,89.54,9.127921
1996-07-27,9.43,91.05,9.67957075
1996-07-28,11.37,94.59,11.463133149999999
1996-07-29,10.48,93.84,10.616197600000001
1996-07-30,8.47,92.33,8.724375550000001
1996-07-31,10.14,84.28,10.5169656
1996-08-01,9.82,88.39,10.1188414
1996-08-02,10.47,83.93,10.82619155
1996-08-03,9.89,83.59,10.306075550000001
1996-08-04,8.54,84.87,9.0359614
1996-08-05,8.75,81.48,9.335695000000001
1996-08-06,8.28,86.66,8.7363614
1996-08-07,6.77,87.71,7.2925093500000004
1996-08-08,7.91,88.98,8.3094199
1996-08-09,10.54,92.35,10.706617
1996-08-10,9.51,89.54,9.7970747
1996-08-11,11.05,74.07,11.542021750000002
1996-08-12,11.58,86.42,11.798094800000001
1996-08-13,11.81,80.81,12.09391605
1996-08-14,8.62,83.62,9.1497292
1996-08-15,8.26,79.35,8.968708
1996-08-16,8.29,82.41,8.89078645
1996-08-17,7.97,85.67,8.48466195
1996-08-18,6.13,84.03,6.865178950000001
1996-08-19,7.89,84.86,8.4404147
1996-08-20,8.2,87.96,8.617186
1996-08-21,8.46,84.3,8.981554000000001
1996-08-22,8.75,88.74,9.1060975
1996-08-23,8.89,85.48,9.338014600000001
1996-08-24,10.12,84.67,10.4892997
1996-08-25,9.94,85.87,10.2943804
1996-08-26,11.07,88.09,11.29468215
1996-08-27,11.02,94.44,11.1264184
1996-08-28,9.78,93.57,9.9469228
1996-08-29,9.42,88.73,9.7348838
1996-08-30,9,87.59,9.3754025
1996-08-31,7.97,86.76,8.4455146
1996-09-01,9.54,88.46,9.8548112
1996-09-02,9.05,88.27,9.401606750000001
1996-09-03,9.04,91.72,9.2886484
1996-09-04,10.58,85.73,10.8876612
1996-09-05,9.28,85.86,9.6859594
1996-09-06,9.72,84.34,10.1317014
1996-09-07,9.96,84.31,10.3517793
1996-09-08,8.8,87.68,9.186232
1996-09-09,10.37,85.08,10.7089078
1996-09-10,8.68,87.65,9.0753235
1996-09-11,11.11,76.51,11.54797105
1996-09-12,7.57,83.11,8.213762350000001
1996-09-13,9.96,85.68,10.317570400000001
1996-09-14,11,82.71,11.3328325
1996-09-15,14.2,69.96,14.249566
1996-09-16,13.01,79.43,13.17857115
1996-09-17,11.56,76.58,11.938701400000001
1996-09-18,15.36,79.27,15.261947099999999
1996-09-19,9.96,89.02,10.2341706
1996-09-20,7.67,80.56,8.4002636
1996-09-21,9.09,68.65,10.02281925
1996-09-22,11.77,64.35,12.30528475
1996-09-23,11.62,84.08,11.8721728
1996-09-24,8.42,79.98,9.0894688
1996-09-25,9.95,74.19,10.59589525
1996-09-26,7.57,82.59,8.23358215
1996-09-27,9.5,79.39,10.066775
1996-09-28,12.45,82.55,12.64674875
1996-09-29,12.84,86.67,12.9617029
1996-09-30,10.42,83.9,10.781284
1996-10-01,11.44,82.1,11.741257
1996-10-02,12,85.01,12.2061125
1996-10-03,12.18,84.6,12.376504
1996-10-04,15.29,77.18,15.1908471
1996-10-05,10.5,87.15,10.7827
1996-10-06,10.62,85.39,10.9317774
1996-10-07,11.6,84.81,11.8422805
1996-10-08,13.24,80,13.3786
1996-10-09,15.45,76.34,15.326376499999999
1996-10-10,17.57,82.35,17.27197975
1996-10-11,15.14,77.19,15.059708800000001
1996-10-12,11.52,79.93,11.848947299999999
1996-10-13,13.96,83.19,14.0099257
1996-10-14,15.02,76.4,14.952504
1996-10-15,18.53,67.31,17.805426150000002
1996-10-16,12.19,81.74,12.4219933
1996-10-17,12.36,70.58,12.706273399999999
1996-10-18,14.25,72.54,14.2877575
1996-10-19,9.64,70.83,10.4197141
1996-10-20,10.78,69.16,11.4109864
1996-10-21,11.81,79.2,12.117736
1996-10-22,13.51,85.07,13.59129385
1996-10-23,17.13,76.98,16.7970157
1996-10-24,17.49,79.77,17.15731765
1996-10-25,11.5,80.17,11.827195
1996-10-26,12.11,80.88,12.3613324
1996-10-27,12.71,76.33,12.943031150000001
1996-10-28,12.32,73.57,12.6368957
1996-10-29,12.71,71.51,12.990484050000001
1996-10-30,11.75,68.95,12.21963125
1996-10-31,13.39,78.27,13.52266165
1996-11-01,16.77,75.75,16.46723875
1996-11-02,18.92,77.57,18.3747267
1996-11-03,13.04,83.31,13.1740207
1996-11-04,11.34,71.1,11.842282
1996-11-05,11.69,79.06,12.013627699999999
1996-11-06,12.89,77.15,13.092336750000001
1996-11-07,14.38,78.42,14.3942428
1996-11-08,17.91,70.26,17.3522263
1996-11-09,12.11,69.68,12.5085564
1996-11-10,10.78,70.33,11.387048199999999
1996-11-11,12.94,77.95,13.129189
1996-11-12,14.48,72.35,14.4830415
1996-11-13,16.39,73.35,16.11297325
1996-11-14,13.95,62.92,14.062166999999999
1996-11-15,12.88,65.78,13.184900200000001
1996-11-16,15.63,80.85,15.51098275
1996-11-17,11.77,87.64,11.9555854
1996-11-18,11.78,67.86,12.2608144
1996-11-19,12.88,73.98,13.111838200000001
1996-11-20,11.6,67.84,12.112952
1996-11-21,11.26,70.74,11.7814132
1996-11-22,12.23,72.03,12.57920545
1996-11-23,13.84,61.86,13.9784482
1996-11-24,18.95,50.6,17.740935
1996-11-25,18.25,61.64,17.458825
1996-11-26,14.46,68.47,14.4669366
1996-11-27,14.9,68.14,14.829908
1996-11-28,14.02,62.03,14.1202408
1996-11-29,14.02,59.14,14.127870399999999
1996-11-30,13.19,64.76,13.4439042
1996-12-01,13.7,77.78,13.797768
1996-12-02,12.54,75.65,12.802493
1996-12-03,15.21,61.69,15.06039945
1996-12-04,13.2,69.45,13.4184325
1996-12-05,14.51,69.15,14.508303249999999
1996-12-06,16.69,75.55,16.395499750000003
1996-12-07,13.76,56.54,13.9368822
1996-12-08,15.54,65.83,15.344547599999999
1996-12-09,13.85,61.82,13.9864935
1996-12-10,13.4,65.57,13.6083015
1996-12-11,13.78,69.73,13.8998692
1996-12-12,14.61,68,14.590639999999999
1996-12-13,16.64,60.4,16.173908
1996-12-14,19.93,54.67,18.576219549999998
1996-12-15,22.18,59.23,20.4578752
1996-12-16,16.13,68.73,15.849664449999999
1996-12-17,13.86,70.64,13.9633472
1996-12-18,14.67,69.83,14.64179105
1996-12-19,15.09,70.39,14.99391555
1996-12-20,16.82,58.72,16.2932672
1996-12-21,24.2,36.26,20.799471
1996-12-22,19.55,60.42,18.4506655
1996-12-23,15.68,62.72,15.4380528
1996-12-24,22.48,61.99,20.8117411
1996-12-25,15.63,72.12,15.456725800000001
1996-12-26,13.43,60.67,13.66145705
1996-12-27,17.82,61.69,17.1204594
1996-12-28,16.48,65.14,16.1003746
1996-12-29,14.64,64.24,14.6124648
1996-12-30,15.08,67.48,14.9762612
1996-12-31,15.91,65.98,15.6461749
1997-01-01,16.11,64.95,15.79963225
1997-01-02,17.9,68.86,17.317681999999998
1997-01-03,19.03,67.36,18.216774400000002
1997-01-04,27.08,39.28,22.878783199999997
1997-01-05,27.64,33.24,22.815254799999998
1997-01-06,18.35,64.82,17.6050635
1997-01-07,14.95,62.96,14.858326
1997-01-08,16.59,64.41,16.18089295
1997-01-09,16.94,66.45,16.489759
1997-01-10,18.67,60.97,17.77484695
1997-01-11,18.93,51.72,17.7536578
1997-01-12,20.89,47.23,19.03539835
1997-01-13,24.14,39.29,20.9211558
1997-01-14,25.42,42.04,21.9389224
1997-01-15,18.29,65.49,17.57063905
1997-01-16,15.27,64.32,15.118895199999999
1997-01-17,16.18,69.75,15.90049
1997-01-18,19.75,60.07,18.59702125
1997-01-19,28.72,40.98,24.104045799999998
1997-01-20,31.61,33.97,25.396246849999997
1997-01-21,24.41,62.5,22.366062499999998
1997-01-22,17.69,78.14,17.3064663
1997-01-23,16.59,63.56,16.1711222
1997-01-24,16.93,68.88,16.5140812
1997-01-25,23.54,59.68,21.5352896
1997-01-26,25.82,53.68,22.9361168
1997-01-27,21,77.51,20.1959825
1997-01-28,17.64,75.84,17.2227568
1997-01-29,20.31,69.49,19.335052949999998
1997-01-30,21.89,67.63,20.574321349999998
1997-01-31,23.22,65.8,21.579767999999998
1997-02-01,19.33,77.21,18.72458365
1997-02-02,20.56,62.7,19.316791
1997-02-03,21.47,57.26,19.8315621
1997-02-04,23.94,47.28,21.2027776
1997-02-05,29.38,41.58,24.5989072
1997-02-06,28.3,45.29,24.147510999999998
1997-02-07,28.84,44.17,24.4366879
1997-02-08,25.77,63.94,23.5348209
1997-02-09,19.63,66.98,18.6983407
1997-02-10,16.89,67.31,16.46028995
1997-02-11,18.12,67.69,17.4767079
1997-02-12,24.53,57.1,22.163421500000002
1997-02-13,23.23,65.55,21.57588325
1997-02-14,26.44,46.28,22.912207600000002
1997-02-15,21.89,65.45,20.48571525
1997-02-16,19.17,73.25,18.482926250000002
1997-02-17,24.03,47.5,21.278212500000002
1997-02-18,26.9,42.8,22.998959999999997
1997-02-19,30.05,30.69,24.12226225
1997-02-20,23.88,64.34,22.0403006
1997-02-21,23.16,56.27,21.0771401
1997-02-22,20.57,72.57,19.65424945
1997-02-23,19.89,73.45,19.10292525
1997-02-24,17.24,62.21,16.6705047
1997-02-25,16.45,69.26,16.120313499999998
1997-02-26,17.7,64.64,17.077664
1997-02-27,16.74,70.74,16.379516799999998
1997-02-28,21.32,60.84,19.8511084
1997-03-01,18.74,79.36,18.2586752
1997-03-02,18.66,70.46,17.9841248
1997-03-03,18.73,72.4,18.087886
1997-03-04,16.32,70.59,16.0256059
1997-03-05,20.05,63.26,18.9285115
1997-03-06,22.09,73.2,20.971234
1997-03-07,23.92,59.79,21.836719900000002
1997-03-08,17.23,58.07,16.60042105
1997-03-09,14.71,70.14,14.675511700000001
1997-03-10,15.93,73.86,15.7244089
1997-03-11,19.84,59.51,18.6508087
1997-03-12,17.02,56.3,16.414317999999998
1997-03-13,14.93,65.08,14.8474142
1997-03-14,16.62,66.82,16.2331212
1997-03-15,16.81,72.65,16.46251825
1997-03-16,15.37,75.66,15.253533099999999
1997-03-17,15.9,70.72,15.674544000000001
1997-03-18,22.12,50,20.0245
1997-03-19,18.04,62.46,17.3090962
1997-03-20,17.06,77.13,16.737990399999997
1997-03-21,17.04,74.82,16.6882354
1997-03-22,18.5,61.16,17.64552
1997-03-23,14.64,73.05,14.619248500000001
1997-03-24,16.38,72.83,16.0990622
1997-03-25,16.32,77.65,16.096276500000002
1997-03-26,19.79,60.08,18.628527599999998
1997-03-27,17.7,62.06,17.032256
1997-03-28,14.39,65.56,14.4108362
1997-03-29,14.21,73.05,14.25298525
1997-03-30,14.45,73.92,14.457172
1997-03-31,12.55,69.25,12.879793750000001
1997-04-01,14.24,77.09,14.2727613
1997-04-02,14.02,72.38,14.0929168
1997-04-03,15.69,72.31,15.50876895
1997-04-04,17.03,68.35,16.58959025
1997-04-05,14.76,79.01,14.7299843
1997-04-06,13.17,69.77,13.39113245
1997-04-07,12.05,69.54,12.4604485
1997-04-08,12.57,80.43,12.777735550000001
1997-04-09,13.7,75.15,13.809339999999999
1997-04-10,12.43,76.1,12.7021015
1997-04-11,13.51,71.73,13.66393015
1997-04-12,16.37,52.55,15.88197675
1997-04-13,18.45,58.77,17.55427825
1997-04-14,15.03,70.41,14.94374515
1997-04-15,13.61,74.43,13.73516515
1997-04-16,13.17,80.57,13.31213045
1997-04-17,14.34,77.96,14.3593952
1997-04-18,11.85,70.43,12.28098275
1997-04-19,13.71,67.65,13.850560750000001
1997-04-20,16.48,66.15,16.1113735
1997-04-21,17.22,73.33,16.8210168
1997-04-22,14.59,74.65,14.57745175
1997-04-23,16.71,75.84,16.4163352
1997-04-24,11.27,76.43,11.68872105
1997-04-25,12.47,56.12,12.959920200000001
1997-04-26,15.12,65.95,15.0038895
1997-04-27,16.2,54.4,15.773639999999999
1997-04-28,17.19,41.85,16.329670750000002
1997-04-29,17.26,51.13,16.518153400000003
1997-04-30,19.11,46.41,17.75122555
1997-05-01,19.26,57.12,18.1374016
1997-05-02,17.07,77.59,16.75323465
1997-05-03,16.22,81.74,16.0472604
1997-05-04,14,81.22,14.051645
1997-05-05,12.29,67.11,12.68977795
1997-05-06,14.26,83.86,14.2813048
1997-05-07,9.15,78.49,9.782931750000001
1997-05-08,11.22,76.37,11.646285200000001
1997-05-09,9.78,73.83,10.4593732
1997-05-10,12.03,76.78,12.345443699999999
1997-05-11,12.02,82.28,12.2617008
1997-05-12,11.32,82.86,11.6197786
1997-05-13,11.77,78.96,12.0859156
1997-05-14,11.46,82,11.76096
1997-05-15,10.64,84.83,10.962059100000001
1997-05-16,11.95,79.53,12.23709175
1997-05-17,12.98,81.15,13.137586
1997-05-18,12.06,90.74,12.184269200000001
1997-05-19,12.32,82.96,12.5243096
1997-05-20,11.08,81.71,11.4240349
1997-05-21,12.19,86.14,12.366091299999999
1997-05-22,12.83,89.09,12.930208350000001
1997-05-23,12.1,89.01,12.245068
1997-05-24,11.58,83.99,11.8371206
1997-05-25,13.51,75.95,13.64095225
1997-05-26,12.71,84.25,12.865058750000001
1997-05-27,12.38,81.47,12.5960598
1997-05-28,12.74,76.74,12.9651568
1997-05-29,8.76,87.86,9.143259800000001
1997-05-30,8.66,79.55,9.316854000000001
1997-05-31,10.41,74.4,10.985872
1997-06-01,9.03,74.99,9.78242585
1997-06-02,7.82,71.16,8.879581600000002
1997-06-03,10.02,72.8,10.690208
1997-06-04,13.06,64.13,13.3440904
1997-06-05,14.36,74.13,14.379919899999999
1997-06-06,10.96,79.68,11.3556304
1997-06-07,10.08,90.76,10.3046244
1997-06-08,9.33,84.44,9.7724486
1997-06-09,10.76,87.23,11.0226789
1997-06-10,9.13,83.76,9.609648400000001
1997-06-11,11.6,67.57,12.1172585
1997-06-12,12.34,79.5,12.58354
1997-06-13,8.96,89.11,9.291818300000001
1997-06-14,9.24,84.9,9.676843
1997-06-15,9.81,82.82,10.2531581
1997-06-16,10.59,87.01,10.86934995
1997-06-17,8.96,91.43,9.2211279
1997-06-18,8.54,90.19,8.8615718
1997-06-19,7.57,86.18,8.0967493
1997-06-20,9.04,80.14,9.636395799999999
1997-06-21,10.63,83.63,10.978435450000001
1997-06-22,9.06,95.16,9.204812800000001
1997-06-23,10.42,88.09,10.6872604
1997-06-24,8.78,82.23,9.3390442
1997-06-25,9.39,89.34,9.689599300000001
1997-06-26,10.37,92.06,10.5503571
1997-06-27,10.33,93.94,10.4689861
1997-06-28,10.97,93.74,11.0915379
1997-06-29,10.83,93.22,10.9668543
1997-06-30,9.26,93.37,9.4510766
1997-07-01,7.93,89.74,8.3007451
1997-07-02,8.97,90.97,9.24464745
1997-07-03,8.45,90.22,8.7754295
1997-07-04,8.08,91.06,8.395671400000001
1997-07-05,8.22,93.4,8.447964
1997-07-06,10.06,78.17,10.593088600000002
1997-07-07,12.24,67.74,12.6409918
1997-07-08,8.82,85.38,9.2767288
1997-07-09,7.15,79.37,7.983967750000001
1997-07-10,8.08,75.59,8.941917100000001
1997-07-11,6.73,73.27,7.872306550000001
1997-07-12,7.93,81.16,8.6107834
1997-07-13,7.43,77.09,8.32085535
1997-07-14,8.63,68.19,9.656985850000002
1997-07-15,6.91,88.41,7.393824550000001
1997-07-16,9.08,80.26,9.6684494
1997-07-17,8.46,86.17,8.9194326
1997-07-18,8.56,89.9,8.889967
1997-07-19,8.45,85.25,8.94080625
1997-07-20,8.94,89.3,9.267206
1997-07-21,10,86.61,10.331402500000001
1997-07-22,8.88,75.54,9.6360586
1997-07-23,7.82,74.04,8.7737704
1997-07-24,8.72,76.68,9.4613428
1997-07-25,10.32,68.18,11.0515418
1997-07-26,11.2,79.68,11.568807999999999
1997-07-27,10.1,78.48,10.620784
1997-07-28,8.31,80.26,8.9820483
1997-07-29,7.68,76.88,8.5472312
1997-07-30,9.59,80.77,10.10930615
1997-07-31,8.56,78.13,9.2744929
1997-08-01,8.72,78.57,9.4012597
1997-08-02,7.96,81.35,8.6308405
1997-08-03,6.56,85.62,7.1879746
1997-08-04,6.8,83.9,7.481835
1997-08-05,10.24,73,10.87261
1997-08-06,11.39,82.56,11.688311200000001
1997-08-07,7.71,89.03,8.11967465
1997-08-08,6.46,90.29,6.8893762
1997-08-09,8.41,81.55,9.027982750000001
1997-08-10,10.28,69.6,10.985584
1997-08-11,9.02,85.41,9.4597426
1997-08-12,10.2,77.62,10.729287
1997-08-13,9.49,84.95,9.90470275
1997-08-14,9.96,81.2,10.429436
1997-08-15,11.53,62.64,12.140275599999999
1997-08-16,12.04,67.74,12.4764778
1997-08-17,9.35,74.94,10.0598245
1997-08-18,8.46,84.02,8.990855600000002
1997-08-19,9.87,84.99,10.25222965
1997-08-20,8.97,79.51,9.593203350000001
1997-08-21,9.06,74.92,9.810393600000001
1997-08-22,10.42,72.21,11.0436076
1997-08-23,6.87,83.52,7.561583200000001
1997-08-24,8,85.81,8.5072925
1997-08-25,8.27,82.7,8.8627845
1997-08-26,9.35,86.86,9.7221905
1997-08-27,9.68,81.18,10.1789182
1997-08-28,10.4,74.58,10.973221
1997-08-29,10.82,72.92,11.3680992
1997-08-30,12.36,76.15,12.6407145
1997-08-31,11.85,83.87,12.08509475
1997-09-01,13.44,80.78,13.5520526
1997-09-02,12.9,85.3,13.02936
1997-09-03,12.32,81.79,12.5383379
1997-09-04,10.57,83.58,10.9249183
1997-09-05,10.06,83.74,10.457069200000001
1997-09-06,12.02,72.78,12.3912808
1997-09-07,11.36,85.25,11.614732499999999
1997-09-08,10.56,88.76,10.803570800000001
1997-09-09,11.34,86.79,11.5695898
1997-09-10,10.17,80.62,10.6315347
1997-09-11,9.93,78.06,10.4814619
1997-09-12,9.8,84.57,10.198865500000002
1997-09-13,13.11,73.69,13.31113995
1997-09-14,11.78,92.9,11.886216
1997-09-15,10.29,85.08,10.6354726
1997-09-16,9.88,79.51,10.4006509
1997-09-17,9.08,83.34,9.5766346
1997-09-18,12.3,75.13,12.600927
1997-09-19,11.67,92.36,11.7889166
1997-09-20,10.9,85.86,11.179972000000001
1997-09-21,10.72,86.52,11.0002492
1997-09-22,10.44,84.2,10.792814
1997-09-23,10.5,78.69,10.968820000000001
1997-09-24,11.32,79.42,11.679944200000001
1997-09-25,12.32,69.06,12.6909706
1997-09-26,13.85,79.03,13.92496775
1997-09-27,11.78,77.08,12.1228832
1997-09-28,8.65,67.37,9.69987025
1997-09-29,9.9,70.77,10.639519
1997-09-30,10.97,76.03,11.43537755
1997-10-01,16.03,57.87,15.67547605
1997-10-02,12.19,78.65,12.461251749999999
1997-10-03,9.97,65.55,10.82832175
1997-10-04,10.45,70.61,11.10466225
1997-10-05,10.02,78.05,10.560848
1997-10-06,11.31,79.22,11.6745851
1997-10-07,14.02,71.97,14.093999199999999
1997-10-08,12.34,84.79,12.5206948
1997-10-09,17.3,55.96,16.621784
1997-10-10,19.15,53.13,17.951299749999997
1997-10-11,15.67,55.46,15.3833851
1997-10-12,11.29,69.38,11.8305961
1997-10-13,13.65,53.23,13.868649750000001
1997-10-14,11.51,67.49,12.04462695
1997-10-15,13.41,66.17,13.61281085
1997-10-16,11.49,74.39,11.91397355
1997-10-17,10.48,68.97,11.1660733
1997-10-18,9.83,68.3,10.6442145
1997-10-19,10.7,80.21,11.113610999999999
1997-10-20,11.74,72.27,12.1609414
1997-10-21,12.61,84.62,12.7698751
1997-10-22,12.8,84.37,12.9461405
1997-10-23,15.08,72.63,14.9926897
1997-10-24,19.51,61.13,18.43893715
1997-10-25,20.67,55.04,19.1442824
1997-10-26,19.69,66.99,18.74772955
1997-10-27,13.87,79.26,13.9418641
1997-10-28,15.43,73.14,15.2926111
1997-10-29,15.03,71.64,14.947330599999999
1997-10-30,15.87,82.6,15.738890999999999
1997-10-31,14.32,83.9,14.335939
1997-11-01,13.91,69.08,14.0103354
1997-11-02,11.66,67.15,12.173117
1997-11-03,12.06,68.59,12.4815222
1997-11-04,12.83,79.37,13.01948655
1997-11-05,18.13,70.85,17.54802025
1997-11-06,18.9,69.67,18.166013999999997
1997-11-07,14.49,72.29,14.49152405
1997-11-08,13.59,74.79,13.71617605
1997-11-09,17.37,69.18,16.8835063
1997-11-10,19.21,75.66,18.5794723
1997-11-11,13.17,79.11,13.32281035
1997-11-12,13.61,71.61,13.74896905
1997-11-13,15.48,77.33,15.3578087
1997-11-14,10.68,78.21,11.1378079
1997-11-15,11.51,65.66,12.0747213
1997-11-16,12.03,70.01,12.43741415
1997-11-17,13.04,71.78,13.2666066
1997-11-18,14.64,72.77,14.6190329
1997-11-19,15.5,73.55,15.354525
1997-11-20,16.31,68.98,16.0011959
1997-11-21,19.96,56.47,18.6527941
1997-11-22,23.99,43.29,21.030021549999997
1997-11-23,17.64,68.95,17.1037665
1997-11-24,17.59,65.75,17.00792125
1997-11-25,25.56,48.15,22.4059645
1997-11-26,22.91,63.43,21.218454649999998
1997-11-27,17.04,76.77,16.7154769
1997-11-28,13.86,68.09,13.9723232
1997-11-29,16.66,70.61,16.3108468
1997-11-30,15.42,66.24,15.2491744
1997-12-01,19.95,65.97,18.92995075
1997-12-02,15.11,66.54,14.997741699999999
1997-12-03,14.74,67.46,14.6970472
1997-12-04,15.45,74.21,15.315247249999999
1997-12-05,16.85,79.09,16.579738250000002
1997-12-06,17.15,80.06,16.859374499999998
1997-12-07,16.88,78.34,16.5964706
1997-12-08,16.98,78.76,16.6902864
1997-12-09,16,72.74,15.775105
1997-12-10,19.19,56.19,18.05992105
1997-12-11,23.04,53.78,20.869046599999997
1997-12-12,19.15,70.8,18.403209999999998
1997-12-13,20.81,65.13,19.599836649999997
1997-12-14,16.5,62.35,16.08585
1997-12-15,16.57,62.53,16.14340405
1997-12-16,17.27,65.25,16.74058375
1997-12-17,17.1,67.33,16.632819
1997-12-18,15.03,75.88,14.959690199999999
1997-12-19,16.11,69.09,15.83629195
1997-12-20,23.95,39.27,20.79355825
1997-12-21,21.42,46.63,19.3887378
1997-12-22,17.09,57.23,16.48074135
1997-12-23,18.42,67.6,17.721456
1997-12-24,16.17,67.27,15.869374950000001
1997-12-25,18.43,65.02,17.6739073
1997-12-26,15.36,61.29,15.1769017
1997-12-27,15.38,65.74,15.2141816
1997-12-28,18.84,58.9,17.858943
1997-12-29,18.47,67.57,17.761890949999998
1997-12-30,17.91,71.84,17.3818592
1997-12-31,19.26,71.84,18.5227712
1998-01-01,23.14,62.02,21.335190400000002
1998-01-02,17.62,71.21,17.125963600000002
1998-01-03,16.22,60.28,15.844248799999999
1998-01-04,16.67,60.88,16.2031028
1998-01-05,16.57,67.97,16.20533845
1998-01-06,17.77,72.21,17.270196849999998
1998-01-07,17.92,73.03,17.412694300000002
1998-01-08,21.76,62.89,20.2781977
1998-01-09,24.43,58.63,22.17057745
1998-01-10,23.86,63.77,21.9948796
1998-01-11,22.9,68.69,21.453477999999997
1998-01-12,26.83,63.67,24.366281049999998
1998-01-13,26.02,65.19,23.8144384
1998-01-14,22.43,65.63,20.93095245
1998-01-15,17.71,73.34,17.2393177
1998-01-16,23.44,55.45,21.2494765
1998-01-17,24.85,51.27,22.07604475
1998-01-18,17.35,67.42,16.8393085
1998-01-19,17.22,68.79,16.7530984
1998-01-20,19.9,70.45,19.022364999999997
1998-01-21,23.2,53.47,20.973539499999998
1998-01-22,21.51,61.19,20.013680450000003
1998-01-23,16.45,61.43,16.03633675
1998-01-24,19.18,75.56,18.5509144
1998-01-25,15.73,85.88,15.6344782
1998-01-26,16.99,77.12,16.676658399999997
1998-01-27,19.52,72.02,18.7474722
1998-01-28,16.24,67.63,15.930219099999999
1998-01-29,18.36,66.68,17.6526164
1998-01-30,17.84,68.19,17.2556503
1998-01-31,19.44,68.95,18.5963715
1998-02-01,25.94,45.31,22.4989052
1998-02-02,21.37,60.08,19.8616228
1998-02-03,17.3,62.65,16.72481
1998-02-04,20.69,63.74,19.4555283
1998-02-05,20.48,72.31,19.5692759
1998-02-06,19.72,73.16,18.9494236
1998-02-07,20.23,72.64,19.3677496
1998-02-08,16.64,64.94,16.2273438
1998-02-09,17.26,76.48,16.9029664
1998-02-10,23.62,60.32,21.6296512
1998-02-11,22.97,67.61,21.461111849999998
1998-02-12,20.22,58.85,18.925421
1998-02-13,18.5,60.28,17.62616
1998-02-14,19.48,68.2,18.608998
1998-02-15,15.67,81.04,15.5479924
1998-02-16,14.18,68.3,14.235792
1998-02-17,18.41,56.67,17.47818835
1998-02-18,21.92,47.61,19.7819641
1998-02-19,20.08,61.46,18.8972074
1998-02-20,16.75,61.06,16.2681175
1998-02-21,17.64,70.83,17.1362341
1998-02-22,16.81,61.43,16.319968149999998
1998-02-23,16.4,64.57,16.029756499999998
1998-02-24,24.67,38.57,21.23391295
1998-02-25,24.69,52.53,22.02954385
1998-02-26,23.94,60.3,21.878776000000002
1998-02-27,15.41,65.04,15.2350252
1998-02-28,16.36,73.07,16.0845061
1998-03-01,16.96,76.75,16.6454275
1998-03-02,19.35,78.46,18.7754205
1998-03-03,23.48,55.01,21.2579439
1998-03-04,17.53,69.7,17.0250505
1998-03-05,16.15,67.6,15.85597
1998-03-06,16.05,65.52,15.756058000000001
1998-03-07,14.98,66.94,14.8927216
1998-03-08,16.24,67.07,15.924859899999998
1998-03-09,18.07,71.32,17.5068682
1998-03-10,20.59,59.13,19.22105935
1998-03-11,26.39,29.86,21.8031947
1998-03-12,25.9,61.33,23.475391
1998-03-13,19.14,74.97,18.5012344
1998-03-14,16.29,63.87,15.934300149999999
1998-03-15,14.17,69.9,14.2246315
1998-03-16,16.08,66.74,15.790970599999998
1998-03-17,17.78,69.44,17.2286976
1998-03-18,17.21,75.7,16.8478085
1998-03-19,18.4,70.56,17.768511999999998
1998-03-20,22.48,51.58,20.3548462
1998-03-21,22.32,50.35,20.1845535
1998-03-22,23.7,61.1,21.731659999999998
1998-03-23,16.72,71.39,16.370671899999998
1998-03-24,14.42,69.1,14.433596
1998-03-25,15.36,73.33,15.2338509
1998-03-26,15.65,77.59,15.508256750000001
1998-03-27,16.9,79.12,16.624384
1998-03-28,15.23,71.53,15.11569295
1998-03-29,15.9,74.16,15.701032
1998-03-30,15.35,78.54,15.2496745
1998-03-31,13.19,68.3,13.4183985
1998-04-01,12.83,68.09,13.12309335
1998-04-02,13.68,72.63,13.8034387
1998-04-03,15.91,78.28,15.7415614
1998-04-04,16.01,82.44,15.864164200000001
1998-04-05,15.9,77.21,15.724517
1998-04-06,16.72,69.73,16.3504033
1998-04-07,21.33,33.38,18.8274197
1998-04-08,13.54,66.66,13.716035199999999
1998-04-09,13.82,71.43,13.9268518
1998-04-10,13.61,78.65,13.71450825
1998-04-11,14.43,71.46,14.4409879
1998-04-12,14.45,85.42,14.4540095
1998-04-13,11.52,72.36,11.9730196
1998-04-14,13.76,70.9,13.878437
1998-04-15,13.29,77.76,13.4380072
1998-04-16,13.25,76.04,13.414725
1998-04-17,12.41,78.22,12.6603611
1998-04-18,12.67,78.05,12.89092675
1998-04-19,16.22,72.31,15.958052599999998
1998-04-20,16.87,79.99,16.609169650000002
1998-04-21,14.46,77.14,14.4650292
1998-04-22,12.94,67.92,13.2152464
1998-04-23,12.36,71.41,12.696504299999999
1998-04-24,15.34,63.32,15.1705384
1998-04-25,12.72,80.4,12.911884
1998-04-26,12.97,76.35,13.16901475
1998-04-27,12,80.95,12.2619375
1998-04-28,11.53,78.16,11.8867564
1998-04-29,13.05,79.55,13.21308875
1998-04-30,11.78,72.26,12.1949904
1998-05-01,11.17,71.78,11.6868493
1998-05-02,11.22,82.92,11.528123200000001
1998-05-03,11.83,89.61,11.982577150000001
1998-05-04,12.97,84.39,13.101358150000001
1998-05-05,12.94,89.86,13.027001199999999
1998-05-06,12.91,75.52,13.1240776
1998-05-07,9.65,84.4,10.066130000000001
1998-05-08,9.58,80.82,10.0990108
1998-05-09,9.97,78.98,10.493713300000001
1998-05-10,12.19,62.87,12.66173665
1998-05-11,11.81,86.33,12.01224765
1998-05-12,12.64,82.06,12.8235262
1998-05-13,15.47,78.19,15.35364365
1998-05-14,15.79,80.99,15.65512405
1998-05-15,15.61,87.99,15.536678949999999
1998-05-16,13.07,89.54,13.1522679
1998-05-17,13.1,91.38,13.166374
1998-05-18,13.54,82.05,13.634775999999999
1998-05-19,15.24,77,15.14639
1998-05-20,11.91,83.52,12.1447576
1998-05-21,9.19,82.46,9.7022557
1998-05-22,12.28,70.6,12.638974
1998-05-23,12.22,72.58,12.5638468
1998-05-24,12.3,82.53,12.511387000000001
1998-05-25,11.12,87.45,11.3533045
1998-05-26,11.54,75.98,11.9310456
1998-05-27,12.38,71.05,12.717557000000001
1998-05-28,13.44,66.96,13.6326232
1998-05-29,14.3,66.12,14.337268
1998-05-30,12.32,80.81,12.5500881
1998-05-31,11.9,78.51,12.207307
1998-06-01,11.73,85.04,11.9579156
1998-06-02,9.57,84.03,10.003026550000001
1998-06-03,12.75,84.72,12.89707
1998-06-04,13.38,87.2,13.458848000000001
1998-06-05,14.8,75.92,14.760268
1998-06-06,11.2,89.09,11.398016499999999
1998-06-07,9.56,80.61,10.0868263
1998-06-08,8.68,89.44,9.0180256
1998-06-09,9.35,89.01,9.66129175
1998-06-10,8.6,87.98,8.990049
1998-06-11,11.42,74.6,11.850276000000001
1998-06-12,10.66,86.07,10.954201600000001
1998-06-13,10.37,84.6,10.719811
1998-06-14,11.42,82.14,11.7225484
1998-06-15,9.74,82.12,10.2080984
1998-06-16,8.85,77,9.564725
1998-06-17,7.85,78.74,8.627584500000001
1998-06-18,8.18,74.64,9.0615136
1998-06-19,8.7,68.76,9.696556
1998-06-20,11.69,84.11,11.93557995
1998-06-21,9.83,87.75,10.144641250000001
1998-06-22,8.19,84.31,8.734521449999999
1998-06-23,9.16,75.86,9.8689918
1998-06-24,9.77,85.74,10.1409739
1998-06-25,9.31,83.86,9.7707163
1998-06-26,6.8,86.04,7.391206
1998-06-27,6.7,79.69,7.571299000000001
1998-06-28,8.73,83.55,9.25204075
1998-06-29,8.59,86.75,9.02069125
1998-06-30,8.57,84.82,9.0650957
1998-07-01,9.76,89.61,10.0308673
1998-07-02,9.8,85.11,10.1849065
1998-07-03,8.48,84.64,8.9885696
1998-07-04,10.44,79.16,10.9053572
1998-07-05,12.81,87.41,12.92702405
1998-07-06,9.92,83.25,10.3419325
1998-07-07,9.51,78.03,10.11296665
1998-07-08,9.4,80.89,9.936035500000001
1998-07-09,7.06,83.73,7.7257684
1998-07-10,8.26,83.84,8.8146112
1998-07-11,8.26,86.06,8.7384208
1998-07-12,8.75,76.44,9.495085
1998-07-13,7.54,74.03,8.5341316
1998-07-14,7.75,75.21,8.670328750000001
1998-07-15,8.77,86.48,9.1960828
1998-07-16,8.29,75.99,9.11006155
1998-07-17,7.94,79.44,8.6818048
1998-07-18,8.38,76.99,9.154516600000001
1998-07-19,8.12,81.33,8.7751303
1998-07-20,8.59,89.73,8.92382635
1998-07-21,8.51,93.19,8.73435545
1998-07-22,8.87,90.98,9.149304299999999
1998-07-23,9.06,86.41,9.466612800000002
1998-07-24,7.97,85.57,8.48825345
1998-07-25,9.2,90.26,9.483921
1998-07-26,9.88,94.15,10.028648500000001
1998-07-27,10.3,84.5,10.658050000000001
1998-07-28,8.24,79.62,8.9416834
1998-07-29,7.69,87.04,8.1754168
1998-07-30,8.19,85.67,8.68732265
1998-07-31,10.06,88.89,10.3313062
1998-08-01,9.68,87.38,10.0145562
1998-08-02,9.18,78.06,9.8219644
1998-08-03,10.6,75.76,11.119947999999999
1998-08-04,9.99,87.73,10.29435735
1998-08-05,8.06,89.43,8.4343894
1998-08-06,9.57,84.63,9.98675755
1998-08-07,10.18,95.93,10.2767032
1998-08-08,9.58,92.6,9.780244
1998-08-09,10.1,83.8,10.49204
1998-08-10,11.43,78.13,11.799274950000001
1998-08-11,9.22,81.78,9.749108800000002
1998-08-12,9.3,94.75,9.45015
1998-08-13,9.91,94.66,10.044808300000001
1998-08-14,9.07,88.53,9.41255155
1998-08-15,7.66,88.55,8.090749
1998-08-16,8.28,88.92,8.6590468
1998-08-17,9.66,89.07,9.950956600000001
1998-08-18,9.57,90.14,9.8373539
1998-08-19,9.83,90.52,10.0734938
1998-08-20,12.98,83.88,13.1147632
1998-08-21,13.37,86.09,13.456450649999999
1998-08-22,9.81,78.63,10.361239150000001
1998-08-23,8.6,82.04,9.182802
1998-08-24,9.06,74.87,9.8118896
1998-08-25,9.31,81.21,9.846360550000002
1998-08-26,8.88,88.73,9.228355700000002
1998-08-27,8.09,86.5,8.5659425
1998-08-28,12.53,66.24,12.8957896
1998-08-29,11.7,83.08,11.960568
1998-08-30,9.92,85.81,10.2774461
1998-08-31,12.13,72.45,12.48911425
1998-09-01,12.88,84.96,13.014006400000001
1998-09-02,10.73,86.61,11.00764165
1998-09-03,12.55,89.17,12.666151750000001
1998-09-04,12.4,80.52,12.624994000000001
1998-09-05,9.41,79.07,9.99593535
1998-09-06,10.68,79.99,11.1004101
1998-09-07,11,75.78,11.466235000000001
1998-09-08,9.16,82.94,9.6610522
1998-09-09,10.73,83.06,11.0812509
1998-09-10,12.32,89.14,12.4502114
1998-09-11,14.77,86.85,14.75047225
1998-09-12,13.54,84.08,13.624057599999999
1998-09-13,11.19,88.09,11.40682155
1998-09-14,10.46,77.39,10.9623942
1998-09-15,8.32,80.64,8.9780464
1998-09-16,10.75,77.45,11.21509375
1998-09-17,12.95,71.91,13.18946725
1998-09-18,15.11,66.15,14.996433249999999
1998-09-19,11.73,80.31,12.02997715
1998-09-20,10.05,82.47,10.47904675
1998-09-21,14.22,88.52,14.2376792
1998-09-22,17.22,88.77,17.051999199999997
1998-09-23,11.04,82.15,11.379685499999999
1998-09-24,8.92,69.27,9.8631037
1998-09-25,11.15,69.44,11.713068
1998-09-26,13.8,69.45,13.9176175
1998-09-27,16.35,68.45,16.02897875
1998-09-28,17.56,68.04,17.0221132
1998-09-29,15.3,70.36,15.169584
1998-09-30,16.2,71.64,15.934833999999999
1998-10-01,19.01,75.15,18.393595750000003
1998-10-02,16.65,82.48,16.442826
1998-10-03,12.48,67.76,12.8381864
1998-10-04,11.68,74.63,12.0734887
1998-10-05,14.02,69.61,14.1002296
1998-10-06,9.83,76.57,10.431799550000001
1998-10-07,9.39,78.73,9.98779335
1998-10-08,10.1,80.12,10.581096
1998-10-09,10.07,85.39,10.42597265
1998-10-10,11.34,78.74,11.7094988
1998-10-11,11.44,78.18,11.8072306
1998-10-12,13.85,74.22,13.9421635
1998-10-13,11.56,74.31,11.9754073
1998-10-14,14,71.75,14.0776875
1998-10-15,11.75,72,12.1735
1998-10-16,16.23,63.41,15.88184615
1998-10-17,19.14,69.53,18.3624056
1998-10-18,13.18,68.64,13.407673599999999
1998-10-19,10.53,72.67,11.126750549999999
1998-10-20,11.58,76.46,11.9580524
1998-10-21,10.08,68.7,10.840903
1998-10-22,12.14,80.69,12.390643800000001
1998-10-23,14.58,74.78,14.5689032
1998-10-24,17.88,61.82,17.1702338
1998-10-25,16.56,71.02,16.231656599999997
1998-10-26,10.26,73.95,10.867486
1998-10-27,8.86,75.53,9.6190594
1998-10-28,10.62,70.63,11.246755799999999
1998-10-29,14.69,62.55,14.65086475
1998-10-30,14.63,68.43,14.607427450000001
1998-10-31,11.16,67.93,11.7491259
1998-11-01,11.47,64.04,12.0692734
1998-11-02,14.78,65.02,14.7261308
1998-11-03,19.22,57.59,18.1190364
1998-11-04,18.21,61.69,17.42828445
1998-11-05,13.42,71.75,13.587805
1998-11-06,17.61,69.68,17.091376399999998
1998-11-07,15.35,73.71,15.22709425
1998-11-08,12.74,67.3,13.056536
1998-11-09,13.29,68.39,13.500364549999999
1998-11-10,16.12,73.49,15.8837959
1998-11-11,14.25,89.18,14.2648775
1998-11-12,14,90.92,14.02497
1998-11-13,13.09,86.64,13.1936068
1998-11-14,18.27,72.63,17.702483049999998
1998-11-15,14.61,75.42,14.5951291
1998-11-16,13.01,68.22,13.2704371
1998-11-17,12.13,67.21,12.557417650000001
1998-11-18,11.87,72.54,12.2672089
1998-11-19,14.19,68.93,14.242974349999999
1998-11-20,16.86,67.38,16.4365924
1998-11-21,14.4,75.82,14.413299
1998-11-22,13.36,77.22,13.5028306
1998-11-23,15.14,75.28,15.052985600000001
1998-11-24,16.28,70.39,15.9901181
1998-11-25,18.27,66.56,17.5766216
1998-11-26,21.39,55.22,19.6930619
1998-11-27,14.03,73.98,14.097261699999999
1998-11-28,13.58,67.29,13.7455126
1998-11-29,14.19,77.61,14.22817495
1998-11-30,14.53,73.32,14.5255978
1998-12-01,17.84,63.62,17.171699399999998
1998-12-02,21.25,57.88,19.686295
1998-12-03,15.67,68.79,15.46916365
1998-12-04,13.02,68.2,13.278852
1998-12-05,14.5,76.76,14.5
1998-12-06,16.32,72.03,16.040020300000002
1998-12-07,14.19,75.18,14.232318099999999
1998-12-08,15.66,73.09,15.4883142
1998-12-09,16.91,75.68,16.5876384
1998-12-10,26.27,44.38,22.6694393
1998-12-11,29.47,41.19,24.62787865
1998-12-12,21.21,72.5,20.1951125
1998-12-13,15.57,86.44,15.4901994
1998-12-14,16.82,76.34,16.5180984
1998-12-15,16.3,75.46,16.057054
1998-12-16,15.55,71.68,15.386452
1998-12-17,15.1,74.03,15.014299
1998-12-18,15.65,75.8,15.496935
1998-12-19,21.2,57.29,19.626136499999998
1998-12-20,14.38,65.03,14.4030802
1998-12-21,16.75,63.14,16.2938575
1998-12-22,17.74,70.01,17.205578199999998
1998-12-23,24.4,46.14,21.467323
1998-12-24,25.79,52.95,22.86843025
1998-12-25,26.02,51.41,22.941337599999997
1998-12-26,13.78,77.44,13.8693376
1998-12-27,13.9,67.46,14.007382
1998-12-28,15.54,69.66,15.366455199999999
1998-12-29,16.54,71.43,16.2194446
1998-12-30,17.02,72.89,16.6442554
1998-12-31,17.09,76.31,16.75253595
1999-01-01,20.58,72.43,19.658059199999997
1999-01-02,24.84,53.66,22.204644199999997
1999-01-03,18.85,75.92,18.273886
1999-01-04,19.78,73.74,19.0174096
1999-01-05,23.5,70.85,22.057074999999998
1999-01-06,19.81,81.32,19.2644506
1999-01-07,16.91,89.66,16.7729433
1999-01-08,18.88,73.53,18.2423377
1999-01-09,20.74,71.75,19.77046
1999-01-10,26.45,42.63,22.67935675
1999-01-11,16.97,74.01,16.616925849999998
1999-01-12,18.03,74.15,17.52812225
1999-01-13,17.38,71.56,16.929510399999998
1999-01-14,20.79,65.29,19.589207549999998
1999-01-15,24.13,61.92,22.113092799999997
1999-01-16,19.72,71.45,18.900329499999998
1999-01-17,19.34,73.04,18.6223248
1999-01-18,19.42,72.74,18.6823444
1999-01-19,16.58,62.43,16.1501992
1999-01-20,17.38,68.19,16.8761296
1999-01-21,21.55,65.2,20.20063
1999-01-22,20.75,75.4,19.904374999999998
1999-01-23,20.64,76.08,19.8322216
1999-01-24,21.32,75.5,20.401004999999998
1999-01-25,22.74,70.11,21.385385199999998
1999-01-26,19.38,76.56,18.7508704
1999-01-27,22.18,66.01,20.7442624
1999-01-28,23,69.52,21.57506
1999-01-29,18.54,75.49,17.9953878
1999-01-30,16.9,73.69,16.552708
1999-01-31,22.36,61.93,20.7142339
1999-02-01,24.51,56.6,22.120613
1999-02-02,26.51,45.11,22.88424105
1999-02-03,27.11,47.21,23.44874955
1999-02-04,27.02,45.11,23.2402746
1999-02-05,27.55,46.47,23.70788425
1999-02-06,18.39,65.9,17.6604305
1999-02-07,14.88,60.88,14.798239200000001
1999-02-08,16.09,68.12,15.8112094
1999-02-09,21.87,67.55,20.55463925
1999-02-10,25.82,58.85,23.258001
1999-02-11,24.59,73.11,23.09773945
1999-02-12,21.52,87.71,21.0454831
1999-02-13,20.96,85.08,20.4298924
1999-02-14,24.32,60.16,22.168241599999998
1999-02-15,18.07,72.93,17.53848055
1999-02-16,19.08,63.37,18.1572903
1999-02-17,16.93,68.08,16.5033892
1999-02-18,15.47,68.52,15.3020542
1999-02-19,16.01,72.8,15.784104000000001
1999-02-20,20.61,58.12,19.202622599999998
1999-02-21,19.65,75.36,18.952071999999998
1999-02-22,22.85,60.95,21.05662875
1999-02-23,18.36,82.54,17.9893242
1999-02-24,19.17,75.33,18.53635105
1999-02-25,18.37,77.21,17.88491485
1999-02-26,18.09,77.25,17.64080125
1999-02-27,21.5,68.41,20.283784999999998
1999-02-28,22.46,70.94,21.1877532
1999-03-01,23.46,66,21.784480000000002
1999-03-02,21.42,81.31,20.7086586
1999-03-03,21.43,72.36,20.3765014
1999-03-04,18.17,73.9,17.6431715
1999-03-05,18.92,64.89,18.0664759
1999-03-06,20.21,66.96,19.1723788
1999-03-07,15.51,66.33,15.32296315
1999-03-08,21.15,54.04,19.469012999999997
1999-03-09,22.59,62.89,20.93879055
1999-03-10,17.1,72.92,16.712756000000002
1999-03-11,19.62,74.6,18.904736
1999-03-12,19.68,65.49,18.6968101
1999-03-13,16.84,67.96,16.4276452
1999-03-14,17.19,68.99,16.731207050000002
1999-03-15,15.64,68.58,15.4429966
1999-03-16,15.75,73.53,15.56801875
1999-03-17,16.63,74.52,16.331501799999998
1999-03-18,16.46,76.18,16.2032204
1999-03-19,17.82,84.87,17.543726200000002
1999-03-20,21.03,77.36,20.2168844
1999-03-21,18.14,78.73,17.7141746
1999-03-22,14.44,61.52,14.4526984
1999-03-23,17.04,54.83,16.4089751
1999-03-24,22.34,55.62,20.426334399999998
1999-03-25,21.26,72.48,20.236806400000003
1999-03-26,19.56,70.14,18.728996199999997
1999-03-27,14.81,76.03,14.76913115
1999-03-28,12.93,72.52,13.1672898
1999-03-29,13.05,76.61,13.236535250000001
1999-03-30,13.88,77.45,13.9568955
1999-03-31,13.02,69.61,13.2673746
1999-04-01,14.09,72.51,14.151989949999999
1999-04-02,14.84,80.11,14.8028057
1999-04-03,16.34,77.51,16.1124012
1999-04-04,19.31,76.1,18.677725499999998
1999-04-05,15.67,86.05,15.58023175
1999-04-06,13.65,66.3,13.8075475
1999-04-07,13.5,70.85,13.660325
1999-04-08,13.31,80.91,13.43494405
1999-04-09,15.82,73.89,15.6304414
1999-04-10,18.4,65.6,17.662119999999998
1999-04-11,17.66,74.54,17.2175052
1999-04-12,16.31,82.13,16.13210415
1999-04-13,14.98,80.57,14.9287048
1999-04-14,13.9,79.14,13.968838
1999-04-15,14.47,73.26,14.4744121
1999-04-16,14.78,76.91,14.7444414
1999-04-17,13.92,79.73,13.9846613
1999-04-18,15.02,78.32,14.9579952
1999-04-19,16.92,73.69,16.5698139
1999-04-20,12.32,75.1,12.618551
1999-04-21,11.36,68.91,11.8969243
1999-04-22,10.67,71.04,11.2800424
1999-04-23,13.27,55.95,13.56799825
1999-04-24,13.74,49.37,13.9516334
1999-04-25,13.3,49.28,13.634752
1999-04-26,10.82,76.12,11.3033312
1999-04-27,10.59,72.74,11.1762263
1999-04-28,11.6,77.17,11.9641385
1999-04-29,12.19,78.73,12.46023535
1999-04-30,12.55,76.43,12.80278825
1999-05-01,11.79,77.68,12.1226796
1999-05-02,12.96,64.37,13.2617861
1999-05-03,15.08,56.26,14.9404694
1999-05-04,13.69,86.82,13.7487169
1999-05-05,15.5,64.79,15.306345
1999-05-06,15.62,68.88,15.428300799999999
1999-05-07,16.38,66.15,16.029991
1999-05-08,12.13,76.47,12.43671355
1999-05-09,13.09,81.59,13.23276955
1999-05-10,12.04,69.96,12.446441199999999
1999-05-11,13.57,64.14,13.7534239
1999-05-12,14.35,73.78,14.3716315
1999-05-13,12.18,76.34,12.4819016
1999-05-14,13.02,79.59,13.1861374
1999-05-15,8.09,80.36,8.7824082
1999-05-16,9.77,73.68,10.4547148
1999-05-17,9.5,66.12,10.431700000000001
1999-05-18,13.09,63.45,13.37344525
1999-05-19,14,73.68,14.07238
1999-05-20,16.27,67.07,15.949426449999999
1999-05-21,13.84,81.56,13.9069372
1999-05-22,15.96,76.86,15.774185800000001
1999-05-23,14.85,92.92,14.836371
1999-05-24,11.73,91.65,11.85721225
1999-05-25,12.61,85.52,12.7605196
1999-05-26,10.01,84.62,10.3898091
1999-05-27,10.19,81.35,10.63209825
1999-05-28,11.63,66.9,12.1524835
1999-05-29,11.89,88.14,12.0602503
1999-05-30,14.65,85.31,14.63788075
1999-05-31,12.28,87.32,12.4348228
1999-06-01,11.77,89.64,11.9255554
1999-06-02,10.81,84.36,11.127413800000001
1999-06-03,10.22,79.86,10.6940956
1999-06-04,13.25,74.29,13.42675625
1999-06-05,13.63,87.24,13.691056600000001
1999-06-06,11.66,86.15,11.876337
1999-06-07,10.87,90.06,11.0684521
1999-06-08,9.81,88.04,10.1185082
1999-06-09,11.29,80.84,11.6282698
1999-06-10,10.54,89.09,10.7776198
1999-06-11,8.44,80.48,9.0906016
1999-06-12,7.5,80.21,8.261915
1999-06-13,8.19,88.98,8.5724491
1999-06-14,8.34,86.79,8.7875548
1999-06-15,9.33,87.85,9.675485250000001
1999-06-16,8.69,84.33,9.19073485
1999-06-17,11.07,82.77,11.39504395
1999-06-18,11.37,87.52,11.5848432
1999-06-19,10.05,87.98,10.3441895
1999-06-20,10.69,83.27,11.040577149999999
1999-06-21,11.16,89.62,11.3506806
1999-06-22,9.86,88.53,10.152714399999999
1999-06-23,9.06,88.5,9.40408
1999-06-24,9.66,82.65,10.121857
1999-06-25,9.1,93.96,9.279388
1999-06-26,9.22,86.98,9.598100800000001
1999-06-27,9.28,83.16,9.7634764
1999-06-28,9.46,82.69,9.9398332
1999-06-29,11.98,78.32,12.2804848
1999-06-30,8.94,90.43,9.2326506
1999-07-01,10.49,80.6,10.917867000000001
1999-07-02,9.59,89.68,9.8686916
1999-07-03,9.43,90.22,9.7027153
1999-07-04,8.86,81.6,9.430768
1999-07-05,9.37,72.85,10.13603725
1999-07-06,9.29,79.06,9.8900357
1999-07-07,9.55,83.2,10.007380000000001
1999-07-08,10.13,77.26,10.6765559
1999-07-09,10.63,83.37,10.983969550000001
1999-07-10,12.84,82.81,12.9969447
1999-07-11,10.79,96.14,10.8687633
1999-07-12,10.84,94.58,10.9491046
1999-07-13,9.68,87.59,10.0089891
1999-07-14,9.94,90.07,10.1890444
1999-07-15,10.88,92.29,11.0335061
1999-07-16,10.71,88.45,10.950759750000001
1999-07-17,12.07,80.1,12.3359635
1999-07-18,11.17,80.33,11.53025605
1999-07-19,9.78,86.37,10.133834799999999
1999-07-20,9.66,87.25,9.999405000000001
1999-07-21,10.65,84.71,10.97376575
1999-07-22,9.88,84.69,10.2690271
1999-07-23,9.33,86.94,9.7013611
1999-07-24,8.71,84.85,9.192451750000002
1999-07-25,6.97,85.99,7.55022415
1999-07-26,7.82,81.05,8.516223
1999-07-27,9.27,74.58,10.0012063
1999-07-28,8.62,77.36,9.3521776
1999-07-29,10.03,67.87,10.81991605
1999-07-30,9.23,82.91,9.72535365
1999-07-31,8.07,81.49,8.724606150000001
1999-08-01,8.89,88.43,9.246992350000001
1999-08-02,8.97,88.95,9.306085750000001
1999-08-03,9.17,88.78,9.498914300000001
1999-08-04,10.1,87.81,10.394998
1999-08-05,10.35,91.42,10.5458385
1999-08-06,8.94,85.44,9.3852448
1999-08-07,12.15,77.75,12.437581250000001
1999-08-08,9.84,89.97,10.0970689
1999-08-09,10.01,89.99,10.25719695
1999-08-10,9.49,83.31,9.94989295
1999-08-11,11.3,72.09,11.791216
1999-08-12,9.53,87.04,9.8842616
1999-08-13,8.73,84.09,9.23490385
1999-08-14,9.2,84.41,9.654448499999999
1999-08-15,9.18,88.01,9.5308274
1999-08-16,10.09,82.73,10.50888385
1999-08-17,8.71,82.44,9.269198200000002
1999-08-18,11.78,63.23,12.3300792
1999-08-19,10.95,87.32,11.197576999999999
1999-08-20,9.51,84.31,9.94061205
1999-08-21,9.94,79.81,10.446365199999999
1999-08-22,8.9,86.9,9.30348
1999-08-23,12.07,76.59,12.38287465
1999-08-24,13.45,83.11,13.547539749999999
1999-08-25,13.92,85.5,13.966255
1999-08-26,11.86,92.27,11.9722396
1999-08-27,10.7,90.37,10.901266999999999
1999-08-28,10.81,91.29,10.98676945
1999-08-29,14.24,83.11,14.2641527
1999-08-30,15.21,84.97,15.15130785
1999-08-31,14.72,86.45,14.7036045
1999-09-01,11.18,89.28,11.3757472
1999-09-02,14.97,80.88,14.9205748
1999-09-03,17.52,65.73,16.9507753
1999-09-04,11.83,83.72,12.0690718
1999-09-05,9.89,87.48,10.2074446
1999-09-06,9.45,81.14,9.973836499999999
1999-09-07,10.65,78.86,11.097639500000001
1999-09-08,11.38,73.54,11.8340536
1999-09-09,10.47,86.35,10.77255225
1999-09-10,8.88,74.08,9.681187200000002
1999-09-11,9.12,83.3,9.614153
1999-09-12,11.92,65.8,12.405298
1999-09-13,12.42,78.57,12.6651592
1999-09-14,14.34,75.48,14.3615776
1999-09-15,17.18,62.94,16.6337356
1999-09-16,12.48,66.49,12.8522961
1999-09-17,9.61,76.81,10.23369505
1999-09-18,10.23,81.55,10.66329825
1999-09-19,10.84,81.4,11.214418
1999-09-20,11.04,74.47,11.525835899999999
1999-09-21,13.29,71.75,13.47800375
1999-09-22,11.52,84.96,11.7665056
1999-09-23,13.83,72.41,13.93166915
1999-09-24,13.69,81.36,13.7730412
1999-09-25,11.84,83.87,12.0759819
1999-09-26,12.16,85.15,12.3511195
1999-09-27,17.32,76.77,16.9597027
1999-09-28,19.28,63.54,18.3214666
1999-09-29,13.65,89.37,13.69969525
1999-09-30,11.93,82.66,12.1751009
1999-10-01,12.2,72.24,12.551164
1999-10-02,13.58,75.85,13.702199
1999-10-03,13.61,82.11,13.69757155
1999-10-04,12.99,78.6,13.167727000000001
1999-10-05,12.02,82.07,12.2645652
1999-10-06,15.09,67.14,14.9833693
1999-10-07,16.79,69.65,16.40774175
1999-10-08,18.55,66.1,17.7948775
1999-10-09,18.72,81.13,18.2820273
1999-10-10,15.69,90.13,15.62540085
1999-10-11,14.07,80.61,14.11585735
1999-10-12,13.63,78.22,13.734217300000001
1999-10-13,15.56,85.63,15.4762229
1999-10-14,19.1,78.71,18.561363
1999-10-15,14.59,74.42,14.5773379
1999-10-16,12.96,72.86,13.189875800000001
1999-10-17,16.64,70.87,16.2971399
1999-10-18,12.72,70.3,13.010763
1999-10-19,11.89,80.52,12.1696354
1999-10-20,12.52,77.29,12.7673119
1999-10-21,13.05,73.65,13.26014125
1999-10-22,10.37,67.73,11.10301305
1999-10-23,12.3,70.86,12.652594
1999-10-24,13.02,73.09,13.2390474
1999-10-25,16.19,66.49,15.878524550000002
1999-10-26,13.03,69,13.280635
1999-10-27,14.42,72.43,14.4321308
1999-10-28,16.07,69.8,15.809223
1999-10-29,15.54,75.27,15.398544399999999
1999-10-30,14.82,77.39,14.7802064
1999-10-31,13.05,60.55,13.36461375
1999-11-01,12.39,66.19,12.782365050000001
1999-11-02,14.93,65.14,14.8475561
1999-11-03,16.89,64.27,16.42032915
1999-11-04,18.44,61.09,17.5968203
1999-11-05,17.32,82.46,17.0479546
1999-11-06,13.92,80.59,13.9819179
1999-11-07,12.54,72.79,12.833323799999999
1999-11-08,12.1,60.18,12.625624
1999-11-09,13.34,71.4,13.522468
1999-11-10,12.94,68.89,13.2069238
1999-11-11,13.35,76.65,13.49768875
1999-11-12,17.82,50.38,16.9139388
1999-11-13,16.1,59.65,15.74492
1999-11-14,14.76,61.4,14.704801999999999
1999-11-15,12.31,66.94,12.7082077
1999-11-16,11.67,67.1,12.1820885
1999-11-17,12.88,69.62,13.150685800000002
1999-11-18,15.28,61.65,15.1154785
1999-11-19,17.93,59.75,17.17068375
1999-11-20,19.69,56.97,18.461708650000002
1999-11-21,16.65,80.04,16.413973
1999-11-22,13.34,75.2,13.498224
1999-11-23,14.26,73.15,14.295442
1999-11-24,15.65,69.49,15.45702425
1999-11-25,17.93,66.2,17.292362999999998
1999-11-26,14.39,62.7,14.4125665
1999-11-27,18.59,58.02,17.6456599
1999-11-28,19.59,64.28,18.5900186
1999-11-29,21.73,47.58,19.6455187
1999-11-30,24.79,42.1,21.5131495
1999-12-01,26.11,42.02,22.4076871
1999-12-02,26.99,39.36,22.8243352
1999-12-03,17.39,68.11,16.88310845
1999-12-04,15.79,62.35,15.52287325
1999-12-05,15.13,69.48,15.0242482
1999-12-06,17.52,69.64,17.0157204
1999-12-07,22.48,56.17,20.5563013
1999-12-08,22.83,60.53,21.021681949999998
1999-12-09,14.63,66.37,14.60595455
1999-12-10,15.48,63.83,15.285043700000001
1999-12-11,13.58,64.57,13.759275800000001
1999-12-12,15.07,70.93,14.97886555
1999-12-13,15.74,71.47,15.545425400000001
1999-12-14,21.1,57.15,19.544545
1999-12-15,26.2,50.38,23.006953
1999-12-16,16.8,63.63,16.3399195
1999-12-17,14.55,65.48,14.540507
1999-12-18,15.37,65.88,15.206735799999999
1999-12-19,13.88,60.09,14.0160931
1999-12-20,14.55,67.86,14.541161500000001
1999-12-21,15.52,69.48,15.3487828
1999-12-22,18.04,72.86,17.511584199999998
1999-12-23,16.53,72.19,16.21950135
1999-12-24,21.31,62.01,19.887084549999997
1999-12-25,21.8,69.47,20.5742205
1999-12-26,19.04,90.54,18.803783799999998
1999-12-27,18.28,87.39,18.017838100000002
1999-12-28,15.62,80.57,15.500311199999999
1999-12-29,15.07,71.96,14.9820946
1999-12-30,14.9,70.56,14.835232
1999-12-31,13.85,70.09,13.956928249999999
2000-01-01,15.44,67.65,15.272750499999999
2000-01-02,18.66,64.01,17.8365488
2000-01-03,17.66,73.02,17.1910876
2000-01-04,14.17,72.47,14.21996695
2000-01-05,15.15,72.76,15.052617
2000-01-06,16.04,72.59,15.8078373
2000-01-07,17.46,70.59,16.9812052
2000-01-08,21.5,59.1,19.925349999999998
2000-01-09,23.98,60.56,21.9235984
2000-01-10,25.28,54.97,22.6101713
2000-01-11,22.43,54.32,20.4376668
2000-01-12,23.39,52.38,21.0616201
2000-01-13,23.87,49.75,21.28036625
2000-01-14,25.53,50.93,22.55316845
2000-01-15,21.39,70.81,20.28384495
2000-01-16,16.69,73.28,16.3681576
2000-01-17,21.21,57.85,19.65445425
2000-01-18,24.81,58.56,22.4601448
2000-01-19,20.25,71.38,19.3448925
2000-01-20,19.58,59.03,18.4352982
2000-01-21,15.5,70.07,15.335385
2000-01-22,14.21,66.25,14.26383125
2000-01-23,14.56,62.7,14.547691
2000-01-24,17.55,58.99,16.86205725
2000-01-25,18.21,77.14,17.7435417
2000-01-26,18.06,84.18,17.7502444
2000-01-27,16.88,78.6,16.599874
2000-01-28,15.94,73.96,15.733763199999999
2000-01-29,16.75,71.06,16.3918675
2000-01-30,16.32,73.95,16.0592395
2000-01-31,17.1,75.78,16.753654
2000-02-01,24.91,40.25,21.489013749999998
2000-02-02,28.21,42.93,23.90663665
2000-02-03,24.31,67.78,22.5715699
2000-02-04,29.24,40.9,24.448763
2000-02-05,18.03,63.98,17.3306717
2000-02-06,17.2,68.06,16.725690999999998
2000-02-07,19.16,75.32,18.5274516
2000-02-08,21.29,69.8,20.162181
2000-02-09,22.66,60.25,20.87602
2000-02-10,23.6,60.5,21.623025000000002
2000-02-11,15.47,76.16,15.342813600000001
2000-02-12,15.45,66.71,15.27605975
2000-02-13,18,60.83,17.2459775
2000-02-14,19.97,57.84,18.7016164
2000-02-15,22.42,45.93,20.0647108
2000-02-16,25.02,38.7,21.473181999999998
2000-02-17,26.48,39.92,22.5213288
2000-02-18,28.17,31.78,23.0408793
2000-02-19,28.2,37.12,23.461992
2000-02-20,22.24,75.53,21.1983121
2000-02-21,24.83,55.63,22.30911845
2000-02-22,21.54,80.16,20.7717952
2000-02-23,20.44,82.07,19.8542269
2000-02-24,22.99,72.91,21.725032449999997
2000-02-25,25.51,71.77,23.80053235
2000-02-26,16.82,71.22,16.4527672
2000-02-27,16.33,72.61,16.05431965
2000-02-28,17.76,78.69,17.377911700000002
2000-02-29,21.14,76.39,20.2777628
2000-03-01,26.23,51.7,23.1139255
2000-03-02,25.97,60.69,23.49012865
2000-03-03,17.26,79.04,16.941827200000002
2000-03-04,16.48,68.4,16.135876
2000-03-05,17.36,71.01,16.9039873
2000-03-06,17.34,79.35,17.017447
2000-03-07,18.63,70.9,17.9689935
2000-03-08,19.07,66.25,18.22169375
2000-03-09,19.55,70.71,18.73647025
2000-03-10,23.52,58.37,21.4547357
2000-03-11,23.02,67.85,21.513451
2000-03-12,23.09,67.66,21.562096699999998
2000-03-13,22.71,62.89,21.03429795
2000-03-14,17.4,61.26,16.782097
2000-03-15,16.68,71.51,16.3384049
2000-03-16,18.76,65.4,17.949322000000002
2000-03-17,27.99,43.84,23.823208799999996
2000-03-18,20.01,67.68,19.0305424
2000-03-19,17.82,73.72,17.3401272
2000-03-20,16.1,61.72,15.763136000000001
2000-03-21,19.19,61.82,18.2051469
2000-03-22,19.48,57.69,18.3211291
2000-03-23,14.66,62.2,14.626736
2000-03-24,15.46,68.35,15.292888000000001
2000-03-25,19.45,55.84,18.247744
2000-03-26,22.12,53.16,20.1569356
2000-03-27,19.33,70.51,18.546598149999998
2000-03-28,16.86,75.93,16.5475714
2000-03-29,17.47,70.62,16.9900777
2000-03-30,17.62,69.9,17.103484
2000-03-31,18.17,71.02,17.585038700000002
2000-04-01,13.73,74.85,13.83651025
2000-04-02,18.36,61.85,17.5500755
2000-04-03,17,75.17,16.6585875
2000-04-04,15.87,80.7,15.7245745
2000-04-05,15.04,72.7,14.958919
2000-04-06,14.81,72.53,14.763163650000001
2000-04-07,14.23,78.39,14.26209085
2000-04-08,18.12,61.54,17.354261400000002
2000-04-09,20.16,59.99,18.9144887
2000-04-10,17.92,78.82,17.521604200000002
2000-04-11,18.34,66.44,17.6312128
2000-04-12,18.78,70.82,18.0931028
2000-04-13,18.98,79.04,18.4635456
2000-04-14,16.28,87.35,16.1561565
2000-04-15,17.47,70.62,16.9900777
2000-04-16,15.68,73.84,15.5102216
2000-04-17,14.92,71.86,14.8549966
2000-04-18,14.89,71.9,14.8297255
2000-04-19,14.57,74.84,14.5603134
2000-04-20,14.28,76.28,14.3087012
2000-04-21,12.9,70.36,13.160832000000001
2000-04-22,13.67,67.71,13.81740385
2000-04-23,13.39,79.46,13.5153967
2000-04-24,12.83,75.49,13.05512435
2000-04-25,13.03,67.01,13.29672415
2000-04-26,15.83,63.24,15.5611006
2000-04-27,16.61,69.1,16.2514055
2000-04-28,17.56,68.34,17.0271622
2000-04-29,20.31,58.08,18.9704464
2000-04-30,13.05,76.35,13.238608750000001
2000-05-01,14.46,64.19,14.467878200000001
2000-05-02,13.97,74.95,14.04302075
2000-05-03,14.39,87.09,14.39781055
2000-05-04,14.53,92.96,14.5288384
2000-05-05,13.06,90.03,13.1389624
2000-05-06,12.58,88.22,12.7043968
2000-05-07,14.13,83.03,14.164533950000001
2000-05-08,14.49,75.07,14.49137115
2000-05-09,13.9,80.53,13.964251
2000-05-10,14.56,74.93,14.5517269
2000-05-11,13.61,78.79,13.713822949999999
2000-05-12,15.76,67.27,15.5331811
2000-05-13,14.17,73.68,14.2177708
2000-05-14,12.49,82.07,12.68821615
2000-05-15,12.19,86.69,12.35910355
2000-05-16,13.01,73.56,13.2266758
2000-05-17,11.08,72.44,11.598403600000001
2000-05-18,11.09,73.64,11.5843818
2000-05-19,13.07,82.28,13.2093678
2000-05-20,11.71,78.1,12.046055500000001
2000-05-21,10.6,76.16,11.111368
2000-05-22,11.29,75.34,11.7253723
2000-05-23,10.68,71.97,11.2689103
2000-05-24,11.73,83.31,11.98427215
2000-05-25,12.29,85.99,12.460291549999999
2000-05-26,9.72,83.12,10.1637752
2000-05-27,7.34,89.13,7.7680606
2000-05-28,8.54,86.16,8.9936752
2000-05-29,9.25,84.73,9.69092125
2000-05-30,10.7,84.62,11.021442
2000-05-31,11.52,81.54,11.8225594
2000-06-01,11.09,81.19,11.44278155
2000-06-02,10.95,82.25,11.296568749999999
2000-06-03,11,84.16,11.304920000000001
2000-06-04,9.05,82,9.589550000000001
2000-06-05,10.03,86.21,10.369027149999999
2000-06-06,10.71,91.42,10.8888501
2000-06-07,9.91,90.68,10.1452834
2000-06-08,10.99,84.25,11.29405375
2000-06-09,10.72,84.74,11.037255400000001
2000-06-10,11.58,81.16,11.8825704
2000-06-11,9.82,88.13,10.125533800000001
2000-06-12,9.15,83.47,9.636395250000001
2000-06-13,8.44,83.99,8.9736133
2000-06-14,8.29,82.7,8.8808815
2000-06-15,11.52,71.66,11.9844926
2000-06-16,10.22,87.15,10.522489
2000-06-17,10.81,88.27,11.04806035
2000-06-18,10.03,87.93,10.32674095
2000-06-19,8.75,91.79,9.00964125
2000-06-20,10.57,92.19,10.73881315
2000-06-21,11.12,85.03,11.3982923
2000-06-22,10.21,88.05,10.491960250000002
2000-06-23,10.32,83.31,10.7037031
2000-06-24,10.87,80.2,11.265307
2000-06-25,9.27,86.81,9.64941035
2000-06-26,10.38,77.88,10.881239200000001
2000-06-27,9.98,89.11,10.2507254
2000-06-28,7.64,90.6,7.994662
2000-06-29,10.33,88.54,10.5928351
2000-06-30,10.55,91.55,10.73357625
2000-07-01,10.45,91.05,10.64936125
2000-07-02,8.19,92.43,8.45271685
2000-07-03,10.14,84.16,10.5198432
2000-07-04,9.73,92.81,9.918629650000002
2000-07-05,11.37,85.99,11.61118215
2000-07-06,10.23,93.12,10.391576800000001
2000-07-07,10.47,85.79,10.784964650000001
2000-07-08,8.36,86.27,8.8236621
2000-07-09,9.03,90.91,9.30347265
2000-07-10,9.16,84.38,9.6187594
2000-07-11,7.47,79.78,8.2518063
2000-07-12,7.9,87.94,8.337778000000002
2000-07-13,8.18,81.87,8.8101988
2000-07-14,9.8,82.08,10.263232
2000-07-15,9.89,85.83,10.249280350000001
2000-07-16,10.06,85.38,10.4170204
2000-07-17,8.27,88.01,8.68083735
2000-07-18,10.99,74.7,11.4784165
2000-07-19,7.59,89.07,8.005394650000001
2000-07-20,9.94,78.35,10.482982
2000-07-21,8.52,83.57,9.0603827
2000-07-22,10.36,79.12,10.8354376
2000-07-23,12.5,69.47,12.83583
2000-07-24,9.91,86.43,10.25257465
2000-07-25,9.23,85.91,9.638398650000001
2000-07-26,7.33,86.76,7.8521194
2000-07-27,8.85,91.12,9.125945999999999
2000-07-28,8.55,87.18,8.9695345
2000-07-29,8.91,81.95,9.46494725
2000-07-30,8.83,79.64,9.4649266
2000-07-31,9.38,88.79,9.695673600000001
2000-08-01,8.58,82.23,9.1585912
2000-08-02,10.15,79.81,10.63304575
2000-08-03,11.54,74.01,11.9631172
2000-08-04,10.6,84.86,10.924752999999999
2000-08-05,10.39,84.43,10.74195985
2000-08-06,11.05,81.24,11.405971000000001
2000-08-07,12.52,86.33,12.6688663
2000-08-08,12.01,87.48,12.1814614
2000-08-09,8.62,83.47,9.1545802
2000-08-10,9.01,84.23,9.48617515
2000-08-11,9.58,82.33,10.0581502
2000-08-12,9.74,87.06,10.0787692
2000-08-13,9.58,87.77,9.9109438
2000-08-14,10.46,80.09,10.9024002
2000-08-15,7.88,83.67,8.4745753
2000-08-16,8.55,77.21,9.295802750000002
2000-08-17,8.37,81.97,8.97788145
2000-08-18,10.6,75.95,11.1158725
2000-08-19,10.43,78.39,10.91373985
2000-08-20,9.64,87.83,9.9653041000000009
2000-08-21,10.34,79.88,10.8003456
2000-08-22,8.23,92.42,8.491396300000002
2000-08-23,8.94,80.62,9.5326404
2000-08-24,10.4,84.14,10.757643
2000-08-25,9.11,90.51,9.39133105
2000-08-26,10.2,84.3,10.571304999999999
2000-08-27,9.56,84.02,9.994176600000001
2000-08-28,9.62,86.36,9.986097599999999
2000-08-29,8.45,89.5,8.7993875
2000-08-30,10.05,84.86,10.4205515
2000-08-31,9.5,85.27,9.905075
2000-09-01,11.4,79.98,11.741341
2000-09-02,11.75,75.78,12.1163275
2000-09-03,9.42,76.3,10.082178
2000-09-04,11.52,77.89,11.8823829
2000-09-05,8.16,78.5,8.909705
2000-09-06,9.31,81.33,9.84293515
2000-09-07,10.26,89.23,10.5111564
2000-09-08,10.73,91.48,10.906662200000001
2000-09-09,10.95,87.93,11.18566675
2000-09-10,12.64,79.47,12.850021900000002
2000-09-11,9.71,80.73,10.217668150000002
2000-09-12,11.43,87.14,11.6471411
2000-09-13,14.04,70.17,14.115469899999999
2000-09-14,11.09,84.77,11.37563865
2000-09-15,12.57,81,12.771685
2000-09-16,14.48,78.51,14.482363900000001
2000-09-17,12.81,80.18,12.994226900000001
2000-09-18,12.68,77.87,12.9015213
2000-09-19,11.49,81.3,11.7995785
2000-09-20,11.89,75.44,12.242558800000001
2000-09-21,12.12,82.53,12.3486823
2000-09-22,12.59,84.83,12.74936085
2000-09-23,13.46,86.32,13.5382496
2000-09-24,12.31,83.24,12.511874200000001
2000-09-25,10.43,92.7,10.5934105
2000-09-26,12.48,91.09,12.5789901
2000-09-27,14.46,91.1,14.461958000000001
2000-09-28,15.91,74.47,15.71201485
2000-09-29,12,73.75,12.3609375
2000-09-30,11.24,74.25,11.7016975
2000-10-01,9.49,79.79,10.04688655
2000-10-02,11.3,84.61,11.570864
2000-10-03,11.64,82.52,11.9149604
2000-10-04,14.71,72.59,14.678341450000001
2000-10-05,17.15,63.48,16.617721
2000-10-06,16.37,81,16.174585
2000-10-07,12.05,89.15,12.19620375
2000-10-08,11.06,70.22,11.6234376
2000-10-09,11.92,75.08,12.2736148
2000-10-10,10.03,71.43,10.73239345
2000-10-11,11.21,76.17,11.64120385
2000-10-12,15.51,64.86,15.3147973
2000-10-13,11.18,77.09,11.5983366
2000-10-14,10.37,80.93,10.80317505
2000-10-15,10.08,73.32,10.728590800000001
2000-10-16,9.5,72.95,10.243875000000001
2000-10-17,14.75,73.33,14.71332875
2000-10-18,15.42,87.54,15.356952399999999
2000-10-19,13.72,84.13,13.788082300000001
2000-10-20,12.68,85.79,12.8222421
2000-10-21,15.87,83.95,15.749063249999999
2000-10-22,17.8,78.51,17.4099565
2000-10-23,16.41,94.13,16.34833565
2000-10-24,14.16,93.1,14.172903
2000-10-25,12.56,90.84,12.6577372
2000-10-26,12.24,80.08,12.4876056
2000-10-27,10.51,74.14,11.0774977
2000-10-28,10.98,76.86,11.4279904
2000-10-29,11.53,76.24,11.918119599999999
2000-10-30,13.23,82.54,13.351958100000001
2000-10-31,16.96,83.76,16.7402728
2000-11-01,16.99,87.72,16.821825399999998
2000-11-02,16.04,84.54,15.909053799999999
2000-11-03,14.24,79.72,14.2690004
2000-11-04,12.71,81.16,12.8954798
2000-11-05,13.09,81.33,13.23478585
2000-11-06,13.53,76.52,13.655265799999999
2000-11-07,15.95,69.34,15.7054865
2000-11-08,16.73,68.25,16.34058625
2000-11-09,18.48,79.83,18.0384787
2000-11-10,17.88,89.35,17.6820165
2000-11-11,16.65,90.21,16.53423325
2000-11-12,16.19,88.67,16.08468765
2000-11-13,16.92,82.11,16.6818841
2000-11-14,17.73,79.18,17.3601327
2000-11-15,19.72,79.02,19.1176642
2000-11-16,18.8,82.76,18.392274
2000-11-17,19.07,83.47,18.65451845
2000-11-18,20.56,79.87,19.8890671
2000-11-19,19.49,82.57,19.011633649999997
2000-11-20,17.2,82.02,16.932997
2000-11-21,15.51,73.78,15.3643479
2000-11-22,15.95,76.5,15.762587499999999
2000-11-23,15.28,75,15.172749999999999
2000-11-24,15.32,75.88,15.211218800000001
2000-11-25,21.16,64.72,19.8676936
2000-11-26,18.24,76.2,17.750434
2000-11-27,19.33,66.69,18.445119849999998
2000-11-28,21.05,68.89,19.92926225
2000-11-29,15.71,69.38,15.5062239
2000-11-30,16.64,67.62,16.2588874
2000-12-01,15.43,65.7,15.2545555
2000-12-02,19.5,53.88,18.2317
2000-12-03,19.72,69.01,18.8302771
2000-12-04,23.07,55.8,20.986632999999998
2000-12-05,17.87,62.54,17.1756789
2000-12-06,15.28,65.27,15.1310083
2000-12-07,15.83,65.02,15.5741213
2000-12-08,16.2,66.93,15.8907955
2000-12-09,17.47,65.75,16.91052625
2000-12-10,22.87,54.97,20.79704395
2000-12-11,20.02,71.78,19.1632408
2000-12-12,18.38,67.75,17.691785
2000-12-13,16.6,62.66,16.168723
2000-12-14,16.19,61.48,15.831956600000002
2000-12-15,17.36,71.12,16.9057176
2000-12-16,20.11,69.25,19.16120875
2000-12-17,23.41,57.21,21.31307605
2000-12-18,18.75,65.54,17.9444975
2000-12-19,20.55,64.27,19.36108425
2000-12-20,19.13,70.05,18.36732325
2000-12-21,26.13,59.73,23.554129449999998
2000-12-22,17.52,71.98,17.0545878
2000-12-23,20.47,57.21,19.06499035
2000-12-24,17.34,57.5,16.67615
2000-12-25,17.46,61.49,16.8330572
2000-12-26,15.93,68.12,15.6792638
2000-12-27,13.46,65.68,13.6563104
2000-12-28,14.31,63.26,14.3483933
2000-12-29,14.57,66.79,14.55721415
2000-12-30,14.57,65.66,14.5567791
2000-12-31,22.88,49.21,20.5390889
2001-01-01,26.36,46.49,22.8695427
2001-01-02,27.01,55.2,23.927536
2001-01-03,21.91,59.99,20.27939245
2001-01-04,26.08,50.95,22.956005499999996
2001-01-05,18.73,78.36,18.2265454
2001-01-06,20.45,78.85,19.75786625
2001-01-07,20.15,77.74,19.458270499999998
2001-01-08,19.69,60.81,18.57132145
2001-01-09,21.8,50.53,19.8137795
2001-01-10,27.53,36.11,22.95132315
2001-01-11,23.42,62.52,21.5812312
2001-01-12,18.5,78.09,18.01798
2001-01-13,23.15,53.37,20.93157775
2001-01-14,27.33,46.03,23.52160695
2001-01-15,16.94,59.26,16.393269200000002
2001-01-16,16.43,63.37,16.04117255
2001-01-17,18.63,70.85,17.96785775
2001-01-18,21.16,68.78,20.0164114
2001-01-19,27.46,36.41,22.927304799999998
2001-01-20,21.75,58.84,20.108745
2001-01-21,20.85,58.88,19.413884
2001-01-22,21.78,67.58,20.4819032
2001-01-23,21.83,68.48,20.559271199999998
2001-01-24,26.19,67.42,24.0952689
2001-01-25,24.49,73.25,23.02022125
2001-01-26,20.32,74.49,19.5034249
2001-01-27,18.82,60.83,17.8893208
2001-01-28,17.52,62.4,16.895464
2001-01-29,19.06,63.96,18.1561168
2001-01-30,16.74,61.72,16.268390399999998
2001-01-31,20.45,66.36,19.349131
2001-02-01,26.83,44.94,23.0961061
2001-02-02,27.37,44.64,23.4513424
2001-02-03,26.49,62.05,23.987387249999998
2001-02-04,18.2,80.27,17.7984945
2001-02-05,19.81,69.78,18.9274249
2001-02-06,25.23,60.13,22.87707195
2001-02-07,28.43,49.78,24.5823947
2001-02-08,26.91,68.02,24.7272051
2001-02-09,19.43,73.07,18.69979305
2001-02-10,18.76,68.64,18.0252352
2001-02-11,19.65,67.14,18.719240499999998
2001-02-12,23.11,67.35,21.56385925
2001-02-13,19.89,62.13,18.76734385
2001-02-14,17.57,68.45,17.03727825
2001-02-15,17.15,62.12,16.597898999999998
2001-02-16,17.14,71.68,16.7287936
2001-02-17,20.89,58.89,19.44518905
2001-02-18,24.94,42.58,21.642943600000002
2001-02-19,27.63,36.77,23.06384555
2001-02-20,27.33,36.31,22.83571515
2001-02-21,21.57,60.62,20.0387087
2001-02-22,18.79,74.23,18.18195685
2001-02-23,19.31,69.6,18.505768
2001-02-24,17.89,67.69,17.28758005
2001-02-25,18.59,66.44,17.8350678
2001-02-26,21.8,65.06,20.397159
2001-02-27,18.77,68.99,18.04173015
2001-02-28,16.99,63.03,16.48369585
2001-03-01,17.88,64.04,17.2115036
2001-03-02,17.28,74.08,16.8836832
2001-03-03,21.45,71.57,20.36326325
2001-03-04,20.06,76.69,19.347180199999997
2001-03-05,22.13,56.15,20.289834749999997
2001-03-06,23.78,47.74,21.1126496
2001-03-07,23.28,53.58,21.0383782
2001-03-08,23.2,54.29,21.012776499999998
2001-03-09,25.39,42.93,21.97179235
2001-03-10,19.47,63.94,18.4842999
2001-03-11,15.48,68.47,15.3100533
2001-03-12,15.36,61.19,15.176428699999999
2001-03-13,17.19,66.26,16.690816700000003
2001-03-14,17.12,70.94,16.7012454
2001-03-15,22.71,37.67,19.89548885
2001-03-16,19.67,66.85,18.72737975
2001-03-17,16.65,72.88,16.329306
2001-03-18,16.82,84.68,16.6245168
2001-03-19,18.05,83.27,17.72334675
2001-03-20,20.14,64.58,19.0412716
2001-03-21,15.1,73.18,15.011493999999999
2001-03-22,16.59,88.6,16.458956999999998
2001-03-23,15.9,76.9,15.72213
2001-03-24,17.22,72.55,16.809348
2001-03-25,16.81,64.29,16.35630445
2001-03-26,15.81,73.36,15.6180588
2001-03-27,14.16,71.03,14.2141739
2001-03-28,14.59,73.56,14.5769122
2001-03-29,14.81,79.42,14.7749111
2001-03-30,17.92,60.6,17.178886000000002
2001-03-31,18.69,62,17.81429
2001-04-01,15.09,71.6,14.997842
2001-04-02,13.11,73.24,13.3145802
2001-04-03,15.08,68.96,14.9809824
2001-04-04,17.01,76.18,16.681164900000002
2001-04-05,16.18,77.77,15.9745948
2001-04-06,19.11,58.06,18.0466113
2001-04-07,20.31,55.02,18.872664099999998
2001-04-08,13.28,76.51,13.4376179
2001-04-09,15.43,73.48,15.2943502
2001-04-10,14.53,74.49,14.52579085
2001-04-11,11.92,68.21,12.3711001
2001-04-12,13.48,71.62,13.6392118
2001-04-13,14.49,63.77,14.49199265
2001-04-14,17.18,48.79,16.4251646
2001-04-15,18.1,67.56,17.457688
2001-04-16,18.33,70.84,17.715744599999997
2001-04-17,17.3,76.01,16.930554
2001-04-18,19.69,61.86,18.6012937
2001-04-19,12.71,69.29,13.012339950000001
2001-04-20,13.45,76.77,13.58415325
2001-04-21,14.47,91.63,14.47138105
2001-04-22,14.59,94.12,14.5870894
2001-04-23,15.19,95.4,15.172543
2001-04-24,14.2,90.43,14.215790499999999
2001-04-25,13.69,68.3,13.8312235
2001-04-26,15.43,77.87,15.31680505
2001-04-27,11.87,83.64,12.1066474
2001-04-28,11.62,85.99,11.841918399999999
2001-04-29,12.52,89.61,12.6331471
2001-04-30,12.94,87.83,13.0444186
2001-05-01,13.14,88.16,13.2285632
2001-05-02,12.64,89.4,12.748438
2001-05-03,13.91,77.78,13.9821039
2001-05-04,14.85,78.99,14.80955575
2001-05-05,13.01,93.68,13.0617924
2001-05-06,12.25,90.12,12.372265
2001-05-07,11.3,86.91,11.530384000000002
2001-05-08,13.24,76.15,13.4052805
2001-05-09,13.72,87.37,13.7741827
2001-05-10,11.07,89.43,11.269403050000001
2001-05-11,11.12,76.53,11.5563073
2001-05-12,11.96,71.48,12.3584244
2001-05-13,12.72,77.43,12.9409603
2001-05-14,15.31,74.88,15.1980904
2001-05-15,15.06,72.16,14.9742528
2001-05-16,12.33,84.28,12.517618200000001
2001-05-17,10.9,91.24,11.073448
2001-05-18,11.15,81.86,11.484229500000001
2001-05-19,12.09,92.02,12.1957749
2001-05-20,11.95,88.83,12.10665925
2001-05-21,11.95,89.85,12.09235375
2001-05-22,12.04,87.73,12.2060131
2001-05-23,11.03,88.32,11.2529128
2001-05-24,10.62,89.32,10.8479112
2001-05-25,11.44,77.81,11.813457699999999
2001-05-26,10.87,82.21,11.22517735
2001-05-27,11.45,80.86,11.7710735
2001-05-28,11.19,87.67,11.41446765
2001-05-29,11.61,89.75,11.77292375
2001-05-30,11.15,89.97,11.334802750000001
2001-05-31,10.06,84.46,10.439486800000001
2001-06-01,10.53,82.57,10.91058405
2001-06-02,11.85,69.58,12.2933715
2001-06-03,11.91,74.22,12.2772361
2001-06-04,12.31,73.47,12.62955385
2001-06-05,13.2,73.89,13.3866865
2001-06-06,15.01,84.82,14.9674201
2001-06-07,14.44,84.88,14.4449896
2001-06-08,13.03,86.29,13.14084535
2001-06-09,12.91,88.85,13.007506750000001
2001-06-10,11.32,90.14,11.4924514
2001-06-11,11.31,88.68,11.508609400000001
2001-06-12,11.19,91.51,11.34456045
2001-06-13,11.24,84.01,11.526700700000001
2001-06-14,9.18,82.49,9.6923426
2001-06-15,11.26,87.39,11.4847102
2001-06-16,11.13,86.28,11.3843002
2001-06-17,10.73,81.4,11.115671
2001-06-18,8.89,81.75,9.45310375
2001-06-19,9.37,83.53,9.83470105
2001-06-20,11.93,87.9,12.1010335
2001-06-21,11.38,89.59,11.5586356
2001-06-22,11.02,88.15,11.246808999999999
2001-06-23,10.67,87.44,10.934576400000001
2001-06-24,11.65,83.7,11.9055025
2001-06-25,12.45,80.7,12.667607499999999
2001-06-26,8.76,79.48,9.4078164
2001-06-27,8.2,79.02,8.926957
2001-06-28,9.56,81.48,10.063188400000001
2001-06-29,10.66,88.45,10.903936
2001-06-30,10.76,90.57,10.953975100000001
2001-07-01,10.31,91.14,10.5141787
2001-07-02,9.97,88.73,10.250792050000001
2001-07-03,7.56,92.17,7.8588711
2001-07-04,7.98,84.21,8.546229400000001
2001-07-05,9.66,80.57,10.177226600000001
2001-07-06,10.14,92.14,10.328482800000002
2001-07-07,11.45,91.62,11.590574499999999
2001-07-08,11.24,91.96,11.3841572
2001-07-09,10.95,95.78,11.0323955
2001-07-10,10.21,92.89,10.37776045
2001-07-11,10.78,88.76,11.0099704
2001-07-12,10.01,92.79,10.18805095
2001-07-13,10.49,89.45,10.72268025
2001-07-14,11.04,84.28,11.3391516
2001-07-15,9.81,84.22,10.2170451
2001-07-16,9.21,81.68,9.7430204
2001-07-17,10.49,86.86,10.779802700000001
2001-07-18,10.44,89.82,10.6673194
2001-07-19,11.02,91.43,11.1840298
2001-07-20,10.27,91.79,10.46100565
2001-07-21,9.37,86.89,9.739898649999999
2001-07-22,9.37,86.33,9.75569905
2001-07-23,8.9,91.89,9.149788000000001
2001-07-24,8.85,91.76,9.106057999999999
2001-07-25,9.3,92.39,9.517646000000001
2001-07-26,10.05,93.86,10.200276500000001
2001-07-27,10.73,80.96,11.1247944
2001-07-28,10.15,87.54,10.4481055
2001-07-29,9.97,86.92,10.2958882
2001-07-30,9.75,82.49,10.207448750000001
2001-07-31,11.39,76.78,11.7871781
2001-08-01,9.13,88.22,9.477922300000001
2001-08-02,9.78,89.09,10.063223599999999
2001-08-03,8.28,82.95,8.8632805
2001-08-04,10.89,74.78,11.3907431
2001-08-05,10.02,85.82,10.3693952
2001-08-06,8.94,85.32,9.3889144
2001-08-07,9.76,73.62,10.4477266
2001-08-08,9.56,81.52,10.062101600000002
2001-08-09,11.5,68.64,12.01744
2001-08-10,12.26,73.47,12.5868496
2001-08-11,11.26,72.51,11.7498718
2001-08-12,12.03,84.29,12.24342035
2001-08-13,10.53,87.78,10.7968237
2001-08-14,13.5,70.49,13.662305
2001-08-15,13.7,67.15,13.84454
2001-08-16,10.15,77,10.700275000000001
2001-08-17,10.23,76.03,10.79293545
2001-08-18,8.33,79.8,9.015487
2001-08-19,10.73,85.11,11.038744150000001
2001-08-20,7.82,80.75,8.527245
2001-08-21,9.14,82.27,9.662680400000001
2001-08-22,8.64,81.51,9.235932700000001
2001-08-23,8.46,78.29,9.181206200000002
2001-08-24,9.56,67.32,10.447915600000002
2001-08-25,11.05,69.46,11.629496500000002
2001-08-26,9.73,88.12,10.041671800000001
2001-08-27,10.7,87.92,10.952472
2001-08-28,9.88,85.05,10.259879500000002
2001-08-29,9.92,89.69,10.1797089
2001-08-30,9.62,83.55,10.061518
2001-08-31,10.81,80.51,11.20554955
2001-09-01,10.33,92.59,10.49994835
2001-09-02,11.31,91.87,11.45264085
2001-09-03,12.45,82.74,12.6446065
2001-09-04,9.59,80.16,10.1257792
2001-09-05,9.12,73.88,9.8928908
2001-09-06,10.76,73.02,11.3149786
2001-09-07,12.05,81.5,12.2992875
2001-09-08,11.01,80.94,11.3758567
2001-09-09,10.77,84.8,11.081828
2001-09-10,11.46,84.73,11.7153144
2001-09-11,12.18,89.68,12.3116832
2001-09-12,13.08,91.53,13.1461507
2001-09-13,11.76,88.84,11.9281812
2001-09-14,12.38,79.22,12.6222948
2001-09-15,13.88,71.54,13.9770486
2001-09-16,12.35,74.9,12.6468075
2001-09-17,11.01,70.21,11.58181905
2001-09-18,11.9,78.31,12.210167
2001-09-19,14.92,69.53,14.8496143
2001-09-20,10.34,87.8,10.619136000000001
2001-09-21,11.47,85.74,11.707642900000002
2001-09-22,17.28,79.54,16.967166600000002
2001-09-23,18.81,64.47,17.96776135
2001-09-24,15.11,80.32,15.0439736
2001-09-25,10.61,77.64,11.0883922
2001-09-26,11.17,73.94,11.6472889
2001-09-27,11.9,77.21,12.225897
2001-09-28,14.08,74.29,14.1393901
2001-09-29,16.85,68.17,16.43859725
2001-09-30,17.96,73.88,17.4629364
2001-10-01,15.03,79.83,14.97120445
2001-10-02,12.32,80.28,12.556442800000001
2001-10-03,12.32,78.5,12.577785
2001-10-04,11.25,84.54,11.5263475
2001-10-05,11.97,77.44,12.283922400000002
2001-10-06,10.82,79.66,11.2316816
2001-10-07,11.16,89.19,11.3585797
2001-10-08,11.21,75.34,11.6562227
2001-10-09,12.1,75.52,12.423136
2001-10-10,16.29,68.99,15.984706549999999
2001-10-11,11.92,85.36,12.1277416
2001-10-12,12.16,80.29,12.4136677
2001-10-13,13,79.95,13.1654125
2001-10-14,11.68,76.15,12.0499135
2001-10-15,13.01,77.84,13.1916012
2001-10-16,12.78,72.93,13.0360822
2001-10-17,13.41,76.65,13.54998325
2001-10-18,10.4,71.38,11.045381
2001-10-19,10.52,72.93,11.1125623
2001-10-20,11.04,75.55,11.505283499999999
2001-10-21,14.85,65.74,14.7840495
2001-10-22,18.05,62.12,17.310393
2001-10-23,16.79,83.84,16.586464799999998
2001-10-24,15.37,70.83,15.230421549999999
2001-10-25,14.05,73.74,14.1149935
2001-10-26,12.71,84.26,12.864960300000002
2001-10-27,13.65,82.22,13.733121500000001
2001-10-28,13.69,69.61,13.82538745
2001-10-29,12.77,80.87,12.952021949999999
2001-10-30,13.56,77.74,13.6750842
2001-10-31,12.6,71.03,12.9027365
2001-11-01,13.87,74.25,13.95922375
2001-11-02,13.38,75.17,13.5329528
2001-11-03,15.72,75.76,15.5573496
2001-11-04,19.47,67.88,18.5919998
2001-11-05,19.26,71.78,18.5212004
2001-11-06,12.78,79.89,12.9702406
2001-11-07,12.49,77.6,12.737632
2001-11-08,15.43,75.38,15.3040687
2001-11-09,13.78,72.09,13.8905236
2001-11-10,10.51,74.65,11.06630575
2001-11-11,10.58,82.96,10.9473824
2001-11-12,12.16,81.99,12.391788700000001
2001-11-13,12.71,80.32,12.903749600000001
2001-11-14,13.03,76.35,13.22121025
2001-11-15,14.37,72.89,14.38938365
2001-11-16,15.49,68.64,15.3192448
2001-11-17,16.56,75.96,16.287626799999998
2001-11-18,10.95,71.08,11.514663
2001-11-19,12.63,72.02,12.917774300000001
2001-11-20,13.52,74.32,13.6584152
2001-11-21,14.61,69.99,14.59184395
2001-11-22,18.92,60.02,17.948086200000002
2001-11-23,16.87,78.61,16.59118135
2001-11-24,17.8,67.44,17.209036
2001-11-25,16.14,70.55,15.874361
2001-11-26,15.12,77.62,15.0436842
2001-11-27,14.46,75.16,14.465464800000001
2001-11-28,14.52,73.55,14.5170905
2001-11-29,16.12,69.84,15.851274400000001
2001-11-30,14.04,67.69,14.1217443
2001-12-01,15.95,64.86,15.669758499999999
2001-12-02,18.17,75.81,17.681724850000002
2001-12-03,13.72,84.58,13.7861518
2001-12-04,13.46,77.38,13.5893864
2001-12-05,15.62,70.86,15.440497599999999
2001-12-06,14.68,80.68,14.6608732
2001-12-07,13.24,68.44,13.4587108
2001-12-08,14.35,70.69,14.374180749999999
2001-12-09,13.58,72.23,13.7205162
2001-12-10,13.72,72.15,13.8394765
2001-12-11,13.39,73.21,13.55355295
2001-12-12,14.33,75.06,14.3533189
2001-12-13,14.72,72.54,14.6867734
2001-12-14,14.62,74.24,14.602998399999999
2001-12-15,14.18,69.71,14.2333104
2001-12-16,14.49,69.28,14.4916896
2001-12-17,15.37,71.77,15.23491945
2001-12-18,15.33,72.7,15.2053755
2001-12-19,21.02,52.4,19.313064
2001-12-20,17.12,77.78,16.799809800000002
2001-12-21,15.37,73.06,15.2410921
2001-12-22,17.05,68.65,16.61031625
2001-12-23,17.83,64.79,17.185128849999998
2001-12-24,17.08,55.84,16.4533696
2001-12-25,14.23,66.01,14.280475150000001
2001-12-26,12.97,70.83,13.215465550000001
2001-12-27,15.48,76.54,15.3535506
2001-12-28,18.21,63.94,17.4741957
2001-12-29,20.9,54.66,19.304032
2001-12-30,15.12,64.68,14.999558799999999
2001-12-31,17.24,63.67,16.692506899999998
2002-01-01,14.85,70.62,14.7934435
2002-01-02,14.55,69.1,14.5415025
2002-01-03,15.59,70.27,15.411768649999999
2002-01-04,15.08,68.94,14.9809186
2002-01-05,17.19,65.17,16.67469015
2002-01-06,22.68,56.98,20.7445302
2002-01-07,17.1,65.38,16.604934
2002-01-08,15.56,72.17,15.3977511
2002-01-09,16.14,69.07,15.8610114
2002-01-10,21.58,49.43,19.610804199999997
2002-01-11,17.7,57.84,16.957984
2002-01-12,15.42,64.62,15.2409772
2002-01-13,15.79,71.81,15.58999195
2002-01-14,16.49,72.12,16.184853399999998
2002-01-15,17,72.61,16.6233875
2002-01-16,17.09,72.12,16.6928494
2002-01-17,15.45,72.03,15.30385675
2002-01-18,18.18,70.05,17.573812
2002-01-19,23.73,49.25,21.15367625
2002-01-20,21.8,70.16,20.601924
2002-01-21,17.6,85.86,17.358913
2002-01-22,17.28,82.74,17.016094600000002
2002-01-23,16.3,71.24,16.015276
2002-01-24,19.57,72.52,18.8037202
2002-01-25,25.13,59.14,22.7411201
2002-01-26,25.74,58.97,23.203525399999997
2002-01-27,23.41,65.78,21.7330489
2002-01-28,20.28,63.89,19.1320631
2002-01-29,18.18,75.81,17.6903944
2002-01-30,18.55,69.04,17.860366
2002-01-31,20.8,65.02,19.587943
2002-02-01,24.83,61.9,22.665348499999997
2002-02-02,15.5,68.63,15.327465
2002-02-03,15.46,65.36,15.277100800000001
2002-02-04,16.74,67.69,16.3419408
2002-02-05,18.35,65.43,17.617980250000002
2002-02-06,20.66,62.23,19.3803524
2002-02-07,19.94,66.71,18.9439632
2002-02-08,17.87,78.1,17.4640835
2002-02-09,15.42,69.42,15.2652652
2002-02-10,14.82,69.52,14.7663552
2002-02-11,15.95,71.7,15.7243075
2002-02-12,19.45,61.07,18.390130749999997
2002-02-13,24.09,48.98,21.3989501
2002-02-14,25.19,47.65,22.11208175
2002-02-15,22.35,72.28,21.153189
2002-02-16,16.54,69.17,16.1940874
2002-02-17,17.32,73.73,16.9125523
2002-02-18,17.5,72.26,17.04229
2002-02-19,24.16,47.71,21.3818323
2002-02-20,18.72,64.4,17.893724
2002-02-21,16.31,66.34,15.9749147
2002-02-22,17.14,73.58,16.7563816
2002-02-23,16.87,79.41,16.60160935
2002-02-24,18.31,76.21,17.81148055
2002-02-25,23.46,61.95,21.584896
2002-02-26,17.2,72.12,16.785982
2002-02-27,15.22,66.93,15.0890428
2002-02-28,15.24,69.72,15.1167604
2002-03-01,15.61,75.53,15.46061065
2002-03-02,15.95,76.75,15.764581249999999
2002-03-03,16.18,79.29,15.988639599999999
2002-03-04,19.12,70.62,18.3734542
2002-03-05,23.88,50.84,21.3438356
2002-03-06,20.15,69.2,19.19289
2002-03-07,15.71,66.21,15.485127550000001
2002-03-08,17.41,65.42,16.8565471
2002-03-09,19.75,56.18,18.4846975
2002-03-10,21.84,46.83,19.6935271
2002-03-11,19.36,58.62,18.2539126
2002-03-12,16.35,66.5,16.0091375
2002-03-13,17.11,71.26,16.6974373
2002-03-14,16.35,73.31,16.078429250000003
2002-03-15,16.72,77.55,16.4458855
2002-03-16,19.1,64.85,18.210705
2002-03-17,19.18,52.48,17.9568352
2002-03-18,21.21,60.09,19.73712145
2002-03-19,17.83,63.13,17.15472595
2002-03-20,16.77,68.43,16.37584855
2002-03-21,14.24,69.68,14.2833576
2002-03-22,17.05,59.68,16.484512
2002-03-23,21.47,47.88,19.4719798
2002-03-24,23.39,50.76,20.9824102
2002-03-25,19.68,74.91,18.965185899999998
2002-03-26,15.89,90.29,15.81576705
2002-03-27,16.27,79.78,16.0731583
2002-03-28,16.1,80.86,15.931568
2002-03-29,14.7,67.27,14.663997
2002-03-30,14.14,75.15,14.189203000000001
2002-03-31,15.4,73.96,15.271102
2002-04-01,19.59,51.91,18.243720449999998
2002-04-02,20.08,58.57,18.808513299999998
2002-04-03,16.71,67.73,16.31775815
2002-04-04,13.95,67.5,14.0483125
2002-04-05,15.18,74.24,15.0836576
2002-04-06,15.24,75.76,15.1413432
2002-04-07,14.68,77.93,14.6581507
2002-04-08,19.05,59.72,18.041993
2002-04-09,19.37,65.11,18.43547135
2002-04-10,18.72,73.85,18.113058499999998
2002-04-11,20.39,51.99,18.83471605
2002-04-12,18.8,74.64,18.200236
2002-04-13,14.45,82.21,14.454892249999999
2002-04-14,15.35,77.56,15.245092999999999
2002-04-15,15.92,85.22,15.8045682
2002-04-16,16.86,83.74,16.6489452
2002-04-17,16.16,86.57,16.0373841
2002-04-18,15.56,81.29,15.450920700000001
2002-04-19,16.58,87.18,16.4333392
2002-04-20,15.48,88.93,15.420332700000001
2002-04-21,15.84,86.85,15.7430845
2002-04-22,17.13,83.97,16.89812605
2002-04-23,18.11,60.18,17.3193739
2002-04-24,18.86,72.44,18.199111199999997
2002-04-25,14.15,83.36,14.182032
2002-04-26,14.16,66.69,14.2222897
2002-04-27,11.8,72.99,12.2010985
2002-04-28,12.65,72.01,12.93479825
2002-04-29,14.08,69.8,14.149762
2002-04-30,14.57,78.76,14.561822600000001
2002-05-01,14.14,86.08,14.1675616
2002-05-02,14.42,76.8,14.430208
2002-05-03,16.22,60.97,15.850776199999999
2002-05-04,16.48,58.88,16.0322032
2002-05-05,17.24,61.69,16.6626683
2002-05-06,15.96,77.8,15.781734
2002-05-07,18.21,54.08,17.2730024
2002-05-08,17.79,50.58,16.8957451
2002-05-09,15.26,79.91,15.1760238
2002-05-10,14.77,78.44,14.7379834
2002-05-11,15.14,68.57,15.0293664
2002-05-12,15.52,74.22,15.3753742
2002-05-13,12.8,79.04,12.995976
2002-05-14,13.28,75.77,13.442583299999999
2002-05-15,13.72,79.29,13.808845900000001
2002-05-16,12.59,80.35,12.79642325
2002-05-17,11.07,81.03,11.42786905
2002-05-18,10.32,82.34,10.7260034
2002-05-19,11.4,83.87,11.6750165
2002-05-20,12.22,87.9,12.371734
2002-05-21,12.8,87.26,12.919119
2002-05-22,12.44,82.83,12.6345361
2002-05-23,10.74,86.41,11.0210412
2002-05-24,10.87,87.22,11.1251527
2002-05-25,10.58,88.8,10.821472
2002-05-26,10.98,84.89,11.2725296
2002-05-27,10.4,83.86,10.763957000000001
2002-05-28,11.24,77.46,11.644142200000001
2002-05-29,11.35,74.34,11.7945595
2002-05-30,10.51,72.31,11.11765705
2002-05-31,11.15,83.41,11.455670750000001
2002-06-01,11.2,82.72,11.513632
2002-06-02,10.82,83.17,11.1606392
2002-06-03,10.67,74.73,11.20231255
2002-06-04,10.38,70.77,11.0423518
2002-06-05,11.41,63.7,12.0269185
2002-06-06,13.85,73.31,13.94541675
2002-06-07,12.57,72.23,12.86477855
2002-06-08,11.33,78.66,11.7020629
2002-06-09,13.45,78.73,13.57283425
2002-06-10,12.96,83.82,13.0970446
2002-06-11,12.89,77.65,13.087909250000001
2002-06-12,12.54,79.69,12.758941799999999
2002-06-13,10,81.94,10.446985
2002-06-14,10.27,90.18,10.4984623
2002-06-15,11.88,87.96,12.0534964
2002-06-16,11.1,87.21,11.339173
2002-06-17,8.82,83.69,9.3295244
2002-06-18,8.08,83.03,8.6792107
2002-06-19,11.31,64.9,11.9258295
2002-06-20,10.04,79.29,10.548016299999999
2002-06-21,10.67,85.13,10.98323655
2002-06-22,9.83,88.98,10.1130487
2002-06-23,10.97,82.32,11.3132572
2002-06-24,10.93,68.56,11.5473244
2002-06-25,9.82,78.24,10.3801024
2002-06-26,9.05,72.17,9.884204250000002
2002-06-27,8.58,86.17,9.0303048
2002-06-28,9.26,81.18,9.8023924
2002-06-29,9.45,84.94,9.8682915
2002-06-30,8.38,82.56,8.9670304
2002-07-01,9.28,85.72,9.6899788
2002-07-02,8.93,63.68,10.0426632
2002-07-03,8.49,88.97,8.854596650000001
2002-07-04,11.22,86.24,11.468230400000001
2002-07-05,10.44,75.66,10.9835122
2002-07-06,10.74,85.63,11.0371716
2002-07-07,9.4,81.9,9.907705
2002-07-08,11.58,59.55,12.229627
2002-07-09,9.23,79.36,9.8282504
2002-07-10,7.86,76.42,8.721141600000001
2002-07-11,9,65.02,10.058145
2002-07-12,9.66,68.71,10.4929398
2002-07-13,10.46,72.52,11.0706056
2002-07-14,8.58,86.14,9.0312816
2002-07-15,10.13,75.52,10.718376800000001
2002-07-16,9.08,85.4,9.515226
2002-07-17,10.27,87.04,10.5715144
2002-07-18,10.38,87.17,10.670727800000002
2002-07-19,12.41,68.09,12.77680545
2002-07-20,9.18,82.73,9.6853202
2002-07-21,8.28,75.57,9.1157503
2002-07-22,8.18,77.54,8.9607096
2002-07-23,10.42,78.34,10.9060504
2002-07-24,7.55,79.26,8.3427865
2002-07-25,8.22,68.8,9.297648
2002-07-26,9.69,77.52,10.2847084
2002-07-27,11.83,66.82,12.317248300000001
2002-07-28,10.85,81.95,11.21235375
2002-07-29,10.09,80.98,10.5513301
2002-07-30,9.05,85.58,9.4822395
2002-07-31,11.35,76.79,11.752113249999999
2002-08-01,11.36,83.63,11.6427099
2002-08-02,10.47,88.75,10.71935625
2002-08-03,10.6,90.24,10.809352
2002-08-04,9.01,79.58,9.6265819
2002-08-05,11.1,69.52,11.669976
2002-08-06,11.77,79.97,12.07075045
2002-08-07,10.38,86.31,10.690215400000001
2002-08-08,10.32,86.21,10.6370321
2002-08-09,10.6,76.34,11.107507
2002-08-10,13.8,53.77,13.9779855
2002-08-11,10.98,76.47,11.4355408
2002-08-12,8.35,83.55,8.906421250000001
2002-08-13,9.04,80.55,9.6240835
2002-08-14,9.08,81.61,9.628205900000001
2002-08-15,9.34,82.35,9.840907
2002-08-16,9.67,83.61,10.10540035
2002-08-17,9.37,85.99,9.76529215
2002-08-18,9.06,81.45,9.615016
2002-08-19,9.25,84.28,9.703915
2002-08-20,9.93,76.67,10.51639955
2002-08-21,9.87,71.61,10.59295135
2002-08-22,9.6,74.12,10.297466
2002-08-23,8.69,74.04,9.5195518
2002-08-24,8.62,74.51,9.4443466
2002-08-25,7.95,78.89,8.71048775
2002-08-26,9.49,62.78,10.5155971
2002-08-27,10.16,69.13,10.896866900000001
2002-08-28,12.64,76.49,12.880507300000001
2002-08-29,11.49,76.17,11.88450565
2002-08-30,10.86,77.3,11.314454
2002-08-31,11.73,80.86,12.0215979
2002-09-01,11.17,69.17,11.73465145
2002-09-02,15.12,61.74,14.9895334
2002-09-03,13.89,66.81,14.00135245
2002-09-04,10.83,72.11,11.39295965
2002-09-05,13.36,63.45,13.5891685
2002-09-06,12.9,67.19,13.188728000000001
2002-09-07,9.51,74.86,10.1999673
2002-09-08,12.41,68.63,12.77059815
2002-09-09,8.79,73.04,9.636678799999999
2002-09-10,8.55,77.66,9.281076500000001
2002-09-11,10.15,73.97,10.77276775
2002-09-12,12.04,59.76,12.5844472
2002-09-13,13.43,51.42,13.7158933
2002-09-14,15.53,51.13,15.253151449999999
2002-09-15,18.37,47.64,17.255517400000002
2002-09-16,10.05,83.38,10.456774500000002
2002-09-17,11.8,72.17,12.2132755
2002-09-18,11.01,73.92,11.5106056
2002-09-19,9.44,78.32,10.0433544
2002-09-20,11.82,70.48,12.2551248
2002-09-21,12.9,82.85,13.05092
2002-09-22,10.8,82.42,11.157753000000001
2002-09-23,12.11,78.46,12.3931433
2002-09-24,13.46,71.74,13.6216472
2002-09-25,12.35,66.77,12.74294475
2002-09-26,11.99,61.03,12.52798085
2002-09-27,12.48,71.99,12.7911911
2002-09-28,9.43,81.19,9.954516850000001
2002-09-29,10.27,82.69,10.67271715
2002-09-30,11.57,76.11,11.95498735
2002-10-01,14.79,49.85,14.710010749999999
2002-10-02,15.25,54.61,15.06276625
2002-10-03,15.33,66.27,15.17602255
2002-10-04,13.88,85.67,13.9288653
2002-10-05,13.42,85.08,13.5086248
2002-10-06,17.8,52.68,16.941142
2002-10-07,16.23,56.22,15.8134333
2002-10-08,10.58,69.66,11.2341304
2002-10-09,10.81,68.45,11.45030725
2002-10-10,10.99,75.01,11.47243195
2002-10-11,13.97,69.73,14.05823705
2002-10-12,16.44,66.08,16.0780736
2002-10-13,13,68.86,13.256905
2002-10-14,12.49,80.14,12.7095523
2002-10-15,15.85,70.6,15.631705
2002-10-16,13.66,77.31,13.7648278
2002-10-17,14.08,64.44,14.1621436
2002-10-18,17.31,58.62,16.670472099999998
2002-10-19,14.07,66.12,14.1501262
2002-10-20,13.04,76.38,13.2296686
2002-10-21,13.14,72.88,13.3428576
2002-10-22,14.74,66.5,14.695780000000001
2002-10-23,10.55,77.2,11.045330000000002
2002-10-24,13.67,68.67,13.81302145
2002-10-25,11.22,69.24,11.774910400000001
2002-10-26,11.73,71.49,12.16434985
2002-10-27,12.81,73.35,13.057711750000001
2002-10-28,12.02,76.04,12.3468144
2002-10-29,18.58,43.82,17.3193208
2002-10-30,16.46,62.93,16.0603854
2002-10-31,13.44,62.83,13.6567011
2002-11-01,12.82,70.22,13.0951672
2002-11-02,19.37,60.76,18.3189566
2002-11-03,13.75,71.21,13.86875875
2002-11-04,11.98,67.98,12.423797200000001
2002-11-05,13.83,72.68,13.9306742
2002-11-06,17.08,58.34,16.4888446
2002-11-07,20.79,46.65,18.94435675
2002-11-08,17.99,58.97,17.20242915
2002-11-09,17.18,67.64,16.7030136
2002-11-10,12.4,71.61,12.727904500000001
2002-11-11,20.16,47.84,18.5362592
2002-11-12,18.95,57.48,17.909323
2002-11-13,13.92,59.53,14.0490993
2002-11-14,14.65,62.67,14.61920275
2002-11-15,12.74,67.66,13.0530512
2002-11-16,21.81,44.71,19.58706555
2002-11-17,21.42,48.62,19.4644772
2002-11-18,15.6,73.11,15.4373155
2002-11-19,15.12,76.43,15.0396263
2002-11-20,12.96,69.57,13.2177421
2002-11-21,14.41,61,14.429305
2002-11-22,14.17,65.02,14.2334887
2002-11-23,24.6,27.81,20.5898455
2002-11-24,20.16,69.9,19.222987
2002-11-25,16.88,87.88,16.7213492
2002-11-26,13.99,81.01,14.04326695
2002-11-27,15.39,72.63,15.25602385
2002-11-28,16.03,75.01,15.819709150000001
2002-11-29,14.79,78.66,14.7559627
2002-11-30,14.06,85.36,14.0954288
2002-12-01,19.1,61.93,18.136829000000002
2002-12-02,21.37,55.97,19.70632645
2002-12-03,18.39,60.87,17.55281365
2002-12-04,14.89,66.29,14.81769205
2002-12-05,11.93,67.12,12.3947588
2002-12-06,13.05,69.51,13.29315775
2002-12-07,15.72,64.55,15.4821305
2002-12-08,15.32,66.84,15.1704484
2002-12-09,12.93,63.64,13.2439686
2002-12-10,13.87,74.83,13.95721405
2002-12-11,14.97,70.34,14.8933289
2002-12-12,14.97,68.26,14.8879521
2002-12-13,15.1,69.2,14.99836
2002-12-14,17.89,64.14,17.2213903
2002-12-15,19.69,63.98,18.6618091
2002-12-16,17.16,73.12,16.7667456
2002-12-17,21.06,66.82,19.8628656
2002-12-18,20.26,70.86,19.3368448
2002-12-19,20.35,71.49,19.43269075
2002-12-20,19.48,75.24,18.8018236
2002-12-21,21.4,60.83,19.9134985
2002-12-22,15.16,59.15,15.0117145
2002-12-23,15.12,63.89,14.996864899999998
2002-12-24,15.75,65.9,15.5155625
2002-12-25,15.88,64.21,15.608353900000001
2002-12-26,16.87,69.88,16.4773858
2002-12-27,17.5,69.88,17.00302
2002-12-28,26.83,39.79,22.74685885
2002-12-29,26.75,53.43,23.612346249999998
2002-12-30,24.92,57.71,22.4963601
2002-12-31,19.21,68.18,18.385702900000002
2003-01-01,15.74,68.22,15.5232604
2003-01-02,17.64,71.91,17.1548857
2003-01-03,15.69,70.89,15.49947505
2003-01-04,16.47,67.23,16.114937049999998
2003-01-05,16.39,65.8,16.034491
2003-01-06,24.72,38.05,21.2377905
2003-01-07,22.54,54.91,20.546120199999997
2003-01-08,16.04,56.85,15.674519499999999
2003-01-09,16.36,68.46,16.0373458
2003-01-10,16.69,70.31,16.33238395
2003-01-11,21.61,52.4,19.748601999999998
2003-01-12,24.52,40.51,21.2415061
2003-01-13,22.85,48.19,20.47062575
2003-01-14,16.97,63.55,16.47482675
2003-01-15,16.64,72.31,16.3140887
2003-01-16,19.47,78.85,18.89186475
2003-01-17,23.16,61.58,21.3300554
2003-01-18,17.21,66.47,16.71023535
2003-01-19,20.57,43.63,18.68808755
2003-01-20,23.49,56.76,21.351998199999997
2003-01-21,17.63,62.05,16.97669075
2003-01-22,15.72,69.46,15.5150766
2003-01-23,18.77,68.96,18.041025599999998
2003-01-24,30.12,34.52,24.4946132
2003-01-25,29.39,40.69,24.53280755
2003-01-26,17.43,72.89,16.99312235
2003-01-27,17.16,65.84,16.6602392
2003-01-28,19.63,65.51,18.65686465
2003-01-29,26.78,44.51,23.0322054
2003-01-30,17.14,65.17,16.6342684
2003-01-31,16.52,61.99,16.0977089
2003-02-01,16.48,67.83,16.1296687
2003-02-02,19.32,70.68,18.5427268
2003-02-03,23.67,51.79,21.23852865
2003-02-04,25.36,39.86,21.7678378
2003-02-05,20.75,75.88,19.920875
2003-02-06,19.64,80.51,19.0890177
2003-02-07,19.7,68.52,18.799671999999997
2003-02-08,18.59,77.14,18.0757643
2003-02-09,19.43,73.24,18.704402599999998
2003-02-10,17.46,67.02,16.9230856
2003-02-11,17.58,65.55,16.996416999999997
2003-02-12,20.34,64.77,19.2084124
2003-02-13,17.16,71.24,16.7392412
2003-02-14,17.78,72.88,17.2907552
2003-02-15,18.22,75.48,17.718320799999997
2003-02-16,16.83,72.09,16.47233335
2003-02-17,15.27,61.88,15.1085618
2003-02-18,16.77,66.04,16.3460094
2003-02-19,18.8,68.66,18.058809
2003-02-20,22.9,65.72,21.316263999999997
2003-02-21,19.77,93.58,19.5839163
2003-02-22,22.07,78.16,21.1606916
2003-02-23,26.57,57.86,23.7725361
2003-02-24,24.29,66.8,22.502346
2003-02-25,20.54,70.1,19.546722
2003-02-26,20.06,73.66,19.254522799999997
2003-02-27,18.91,72.89,18.25244695
2003-02-28,14.48,67.9,14.483531000000001
2003-03-01,13.87,68.77,13.978211949999999
2003-03-02,15.96,67.72,15.7007916
2003-03-03,15.51,72.67,15.35818185
2003-03-04,16.06,75.25,15.847644999999998
2003-03-05,15.1,69.35,14.998854999999999
2003-03-06,16.9,70.74,16.513768
2003-03-07,18.61,68.38,17.8952299
2003-03-08,16.28,81.21,16.0960459
2003-03-09,17,85.66,16.802825
2003-03-10,18.62,80.17,18.1706522
2003-03-11,20.79,65.61,19.60027795
2003-03-12,23.79,49.79,21.22452005
2003-03-13,17.68,70.34,17.1612466
2003-03-14,17.15,73.22,16.7596815
2003-03-15,18.02,79.39,17.6209904
2003-03-16,19.91,75.13,19.16999315
2003-03-17,24.37,45.72,21.4234102
2003-03-18,26.26,34.14,22.0001752
2003-03-19,20.1,62.19,18.935452
2003-03-20,14.17,70.04,14.2243774
2003-03-21,14.43,80.13,14.437649949999999
2003-03-22,15.4,78.4,15.29308
2003-03-23,16.1,75.69,15.886072
2003-03-24,17.37,67.73,16.86061805
2003-03-25,19.52,68.38,18.6469718
2003-03-26,18.68,78.12,18.1769788
2003-03-27,18.06,82.32,17.7138256
2003-03-28,18.08,79.83,17.682852699999998
2003-03-29,17.82,77.87,17.4159062
2003-03-30,16.4,77.39,16.163725499999998
2003-03-31,16.88,82.06,16.6451654
2003-04-01,18.4,76.64,17.898927999999998
2003-04-02,15.68,79.98,15.5500702
2003-04-03,13.57,69.62,13.7253937
2003-04-04,14.06,67.81,14.1378998
2003-04-05,14.07,68.8,14.143788
2003-04-06,16.63,50.32,16.0479988
2003-04-07,18.89,67.82,18.1130139
2003-04-08,14.53,74.2,14.525743
2003-04-09,14.26,70.86,14.2984648
2003-04-10,16.61,66.16,16.2172868
2003-04-11,14.89,93.86,14.8768297
2003-04-12,19.95,70.08,19.053148
2003-04-13,17.43,76.05,17.04404575
2003-04-14,16.44,72.04,16.1416668
2003-04-15,12.92,69.52,13.1848712
2003-04-16,11.54,76.01,11.930557199999999
2003-04-17,13.87,79.3,13.941725499999999
2003-04-18,14.15,80.82,14.1869215
2003-04-19,14.7,83.39,14.681728999999999
2003-04-20,14.72,84.62,14.7013902
2003-04-21,14.57,85.09,14.56425965
2003-04-22,14.02,77.87,14.0784232
2003-04-23,14.45,84.67,14.45421575
2003-04-24,13.77,91.08,13.8058138
2003-04-25,15.54,79.99,15.425542799999999
2003-04-26,17.37,65.99,16.83315215
2003-04-27,14.14,94.19,14.1515038
2003-04-28,16.03,81.57,15.87491155
2003-04-29,14.23,80.1,14.2595515
2003-04-30,12.15,79.79,12.41121425
2003-05-01,12.73,77.07,12.95322355
2003-05-02,14.46,86.02,14.463075600000002
2003-05-03,12.32,72.76,12.646607600000001
2003-05-04,10.98,69.22,11.575900800000001
2003-05-05,14.2,56.05,14.2725175
2003-05-06,14.98,57.6,14.868064
2003-05-07,16.22,67.39,15.911509399999998
2003-05-08,16.45,69.24,16.120099
2003-05-09,13.05,83.85,13.178796250000001
2003-05-10,11.27,85.91,11.52030885
2003-05-11,12.49,77.67,12.73685815
2003-05-12,13.57,76.78,13.6887703
2003-05-13,14.85,76.66,14.8050705
2003-05-14,15.55,81.93,15.44564575
2003-05-15,14.97,90.17,14.94458945
2003-05-16,14.44,91.17,14.442913899999999
2003-05-17,15.08,83.76,15.0281944
2003-05-18,15.04,85.96,14.998301199999998
2003-05-19,13.41,83.86,13.5067593
2003-05-20,13.18,83.53,13.2995722
2003-05-21,11.58,84.93,11.8220242
2003-05-22,11.11,85.05,11.38874275
2003-05-23,10.49,71.6,11.116362
2003-05-24,12.23,76.32,12.5256448
2003-05-25,11.64,86.64,11.8501528
2003-05-26,11.27,85.98,11.5190653
2003-05-27,10.54,84.98,10.8671356
2003-05-28,11.57,70.54,12.0447479
2003-05-29,10.81,71.03,11.397946150000001
2003-05-30,9.98,75.2,10.596528000000001
2003-05-31,13.71,75.42,13.8168001
2003-06-01,13.43,89.01,13.49467615
2003-06-02,13.55,79.1,13.659202500000001
2003-06-03,11.35,78.97,11.71434475
2003-06-04,13.48,68.95,13.6541905
2003-06-05,12.39,65.45,12.79095275
2003-06-06,10.51,77.55,11.00266525
2003-06-07,10.81,83.39,11.147099950000001
2003-06-08,11.88,86.71,12.071508900000001
2003-06-09,10.92,79.69,11.3199039
2003-06-10,9.02,81.96,9.5637256
2003-06-11,11,74.79,11.4852925
2003-06-12,10.36,81.09,10.7905807
2003-06-13,9.74,85.95,10.107829
2003-06-14,9.8,87.14,10.132431
2003-06-15,10.23,89.88,10.4676682
2003-06-16,11.73,88.69,11.90230785
2003-06-17,11.15,93.97,11.261102750000001
2003-06-18,11.32,89.56,11.502595600000001
2003-06-19,9.84,87.1,10.170627
2003-06-20,8.71,84.8,9.194044000000002
2003-06-21,9.53,85.11,9.93701815
2003-06-22,8.88,88.27,9.242574300000001
2003-06-23,9.51,86.08,9.8920344
2003-06-24,8.93,86.64,9.3392836
2003-06-25,7.92,84.74,8.4722594
2003-06-26,10.13,86.17,10.462404050000002
2003-06-27,10.08,90.97,10.2995193
2003-06-28,10.91,87.13,11.16411815
2003-06-29,10.12,94.4,10.254904
2003-06-30,9.38,93.99,9.5492416
2003-07-01,9.73,84.97,10.12431205
2003-07-02,9.68,86.13,10.0476937
2003-07-03,8.71,87.02,9.123348100000001
2003-07-04,9.33,84.87,9.76022155
2003-07-05,10.63,79.35,11.069535250000001
2003-07-06,11.58,64.35,12.152539
2003-07-07,10.25,82.29,10.66397125
2003-07-08,10.26,88.23,10.534476399999999
2003-07-09,10.17,83.9,10.5534215
2003-07-10,8.96,87.85,9.330210500000002
2003-07-11,12.16,74.98,12.4820074
2003-07-12,9.21,84.22,9.669119100000001
2003-07-13,9.24,85.07,9.6719249
2003-07-14,10.37,67.68,11.104148799999999
2003-07-15,10.28,80.57,10.7309703
2003-07-16,8.82,86.31,9.2476756000000009
2003-07-17,9.63,86.38,9.994811700000001
2003-07-18,10.22,80.15,10.687269
2003-07-19,8.89,82.5,9.4299625
2003-07-20,7.84,83.91,8.4293767
2003-07-21,11.52,80,11.8478
2003-07-22,10.03,80.49,10.50965335
2003-07-23,8.78,90.75,9.071005
2003-07-24,9.5,85.7,9.89325
2003-07-25,8.27,81.91,8.88985385
2003-07-26,8.05,83.45,8.63711125
2003-07-27,8.51,68.22,9.5569921
2003-07-28,9.17,76.32,9.8641792
2003-07-29,7.59,88,8.04606
2003-07-30,8.8,85.28,9.261472000000001
2003-07-31,9.72,83.37,10.157202700000001
2003-08-01,8.44,83.49,8.9902783
2003-08-02,9.37,78.32,9.9817012
2003-08-03,11.87,60.63,12.43948705
2003-08-04,11.93,58.23,12.52041895
2003-08-05,9.91,81.27,10.38283885
2003-08-06,9.1,85.59,9.527977
2003-08-07,9.57,78.49,10.15324365
2003-08-08,9.61,80.73,10.12826665
2003-08-09,7.69,75.05,8.62450225
2003-08-10,8.53,78.27,9.24350455
2003-08-11,8.67,93.22,8.8874007
2003-08-12,11.72,88.63,11.893847300000001
2003-08-13,10.69,88.67,10.92742015
2003-08-14,7.77,79.22,8.5391717
2003-08-15,7.56,80.26,8.3134758
2003-08-16,8.18,77.33,8.968009200000001
2003-08-17,9.44,76.53,10.0931701
2003-08-18,7.4,78.8,8.227860000000002
2003-08-19,6.13,85.61,6.792443650000001
2003-08-20,7.38,75.73,8.3304132
2003-08-21,8.48,90.1,8.807789000000001
2003-08-22,9.68,87.92,10.0002408
2003-08-23,11.6,85.41,11.8327105
2003-08-24,9.46,87.04,9.819251200000002
2003-08-25,7.87,81.46,8.546061100000001
2003-08-26,8.72,85.88,9.168874800000001
2003-08-27,9.6,85.39,9.9937395
2003-08-28,10.26,75.5,10.83134
2003-08-29,11.81,71.04,12.2384632
2003-08-30,7.76,83.05,8.388336500000001
2003-08-31,7.34,83.96,7.971655200000001
2003-09-01,9.02,85.84,9.4467824
2003-09-02,10.79,79.26,11.213199699999999
2003-09-03,8.28,83.24,8.8533596
2003-09-04,12.15,65.89,12.59087175
2003-09-05,9.74,79.67,10.2722394
2003-09-06,9.38,86.02,9.7736768
2003-09-07,7.75,84.91,8.31021625
2003-09-08,9.94,76.87,10.5201004
2003-09-09,12.25,81.86,12.4744825
2003-09-10,10.58,87.75,10.84411
2003-09-11,11.19,77.2,11.605074
2003-09-12,9.45,82.28,9.942173
2003-09-13,10.4,81.4,10.81943
2003-09-14,8.82,80.07,9.4426132
2003-09-15,9.89,85.97,10.24573065
2003-09-16,11.34,85.42,11.5934004
2003-09-17,11.83,77.9,12.154538500000001
2003-09-18,11.85,73.12,12.241776
2003-09-19,9.91,78.19,10.460593450000001
2003-09-20,11.91,71.97,12.30928735
2003-09-21,12.03,81.54,12.2807791
2003-09-22,12.97,82.4,13.118104
2003-09-23,13.94,75.38,14.0158296
2003-09-24,14.2,65.33,14.2572055
2003-09-25,11.79,75.67,12.15263865
2003-09-26,9.39,80.91,9.92652445
2003-09-27,7.67,76.54,8.5512749
2003-09-28,10.73,70.47,11.342304550000001
2003-09-29,8.7,77.86,9.406266
2003-09-30,9.77,83.98,10.1867603
2003-10-01,10.39,88.43,10.65153985
2003-10-02,10.41,87.5,10.6911875
2003-10-03,10.97,81.3,11.3330605
2003-10-04,11.15,81.9,11.4834925
2003-10-05,11.51,84.36,11.7671998
2003-10-06,10.69,79.79,11.11350055
2003-10-07,12.76,76.66,12.9833638
2003-10-08,8.66,72.43,9.5455484
2003-10-09,9.93,73.95,10.58476675
2003-10-10,9.43,74.05,10.15361575
2003-10-11,10.1,77.45,10.64571
2003-10-12,11.08,85.31,11.3563189
2003-10-13,13.93,73.06,14.014456899999999
2003-10-14,15.81,70.34,15.596299700000001
2003-10-15,12.84,84.68,12.9798716
2003-10-16,12.68,79.69,12.8833031
2003-10-17,14.82,75.41,14.7767216
2003-10-18,18.41,66.3,17.6852815
2003-10-19,11.15,76.7,11.5793025
2003-10-20,15.04,75,14.96575
2003-10-21,11.07,81.48,11.4193798
2003-10-22,10.53,70.07,11.18352155
2003-10-23,12.2,84.22,12.399617
2003-10-24,14.12,79.38,14.163095799999999
2003-10-25,11.39,81.33,11.709350350000001
2003-10-26,10.21,75.72,10.782886600000001
2003-10-27,10.63,73.86,11.186389900000002
2003-10-28,9.53,83.63,9.97747395
2003-10-29,9.99,76.75,10.56671625
2003-10-30,11.79,71.39,12.21643205
2003-10-31,10.58,81.67,10.9751948
2003-11-01,11.11,79.31,11.49576505
2003-11-02,10.78,71.87,11.355539799999999
2003-11-03,11.31,75.99,11.73125545
2003-11-04,15.81,65.05,15.558185250000001
2003-11-05,16.92,69.74,16.5172394
2003-11-06,13.16,78.25,13.3202975
2003-11-07,12.34,77.79,12.6038548
2003-11-08,12.82,80.41,13.0010116
2003-11-09,13.08,78.74,13.2460406
2003-11-10,13.48,77.36,13.6070104
2003-11-11,14.16,75.06,14.2066378
2003-11-12,12.84,71.18,13.1031266
2003-11-13,15.79,72,15.591339999999999
2003-11-14,22.41,51.96,20.3200198
2003-11-15,19.29,64.34,18.3505373
2003-11-16,12.99,69.22,13.2456279
2003-11-17,17.18,58.97,16.5752178
2003-11-18,18.52,61.57,17.6703127
2003-11-19,23.69,65.07,21.92446315
2003-11-20,17.01,79.85,16.73182925
2003-11-21,14.15,75.63,14.19691225
2003-11-22,12.95,88.64,13.046844
2003-11-23,14.62,76.18,14.6042788
2003-11-24,14.51,72.39,14.50848145
2003-11-25,15.39,70.39,15.24505905
2003-11-26,15.72,65.55,15.4888405
2003-11-27,17.85,58.07,17.07743975
2003-11-28,22.1,46.72,19.872896
2003-11-29,23.77,49.92,21.2166712
2003-11-30,19.52,73.51,18.7886111
2003-12-01,14.95,69.56,14.874661
2003-12-02,21.06,73.25,20.094859999999997
2003-12-03,17.22,78.27,16.8949192
2003-12-04,16.56,70.62,16.2271246
2003-12-05,13.83,66.86,13.9521209
2003-12-06,15.22,71.69,15.1078924
2003-12-07,19.58,62.7,18.537837999999997
2003-12-08,24.89,50.25,22.047036249999998
2003-12-09,27.41,39.02,23.0801151
2003-12-10,20.8,55.39,19.2542635
2003-12-11,18.75,62.98,17.8846575
2003-12-12,16.89,65.42,16.4354459
2003-12-13,15.72,64.29,15.4803859
2003-12-14,17.21,72.42,16.7989201
2003-12-15,22.11,56,20.26838
2003-12-16,27.62,45.26,23.6699616
2003-12-17,24.01,62.67,22.05745435
2003-12-18,18.78,86.96,18.4730384
2003-12-19,19.4,76.26,18.760206999999998
2003-12-20,17.47,76.37,17.08400395
2003-12-21,20.83,68.95,19.74899425
2003-12-22,16.83,71.21,16.461056149999997
2003-12-23,16.23,66.41,15.91039115
2003-12-24,21.19,56.17,19.577275150000002
2003-12-25,17.74,63.59,17.0911738
2003-12-26,15.98,60.27,15.6565978
2003-12-27,15.1,65.39,14.985787
2003-12-28,18.4,60.85,17.560232499999998
2003-12-29,25.48,47.84,22.3300576
2003-12-30,23.29,58.32,21.274980399999997
2003-12-31,20,64.34,18.921285
2004-01-01,20.07,65.33,19.00788455
2004-01-02,21.67,61.6,20.155696000000002
2004-01-03,22.14,63.87,20.6218174
2004-01-04,17.03,73.77,16.66500955
2004-01-05,16.4,63.17,16.015126499999997
2004-01-06,19.2,57.06,18.090001
2004-01-07,15.47,64.47,15.28044745
2004-01-08,15.09,60.65,14.96230925
2004-01-09,18.84,60.49,17.896896299999998
2004-01-10,18.9,63.04,18.005568
2004-01-11,15.72,62.91,15.471126100000001
2004-01-12,16.46,68.48,16.120214400000002
2004-01-13,17.97,62.37,17.251831449999997
2004-01-14,15.12,64.91,15.000343099999998
2004-01-15,16.5,73.18,16.20498
2004-01-16,18.19,68.56,17.5519252
2004-01-17,14.37,61.79,14.397320149999999
2004-01-18,14.29,59.45,14.33683525
2004-01-19,22.95,38.85,20.10805375
2004-01-20,22.04,58.92,20.3364124
2004-01-21,18.57,62.15,17.72272775
2004-01-22,16.15,64.65,15.829198749999998
2004-01-23,15.88,67.27,15.6315793
2004-01-24,16.74,69.58,16.3652256
2004-01-25,17.44,75.15,17.0381755
2004-01-26,19.22,69.54,18.4292584
2004-01-27,17.89,67.77,17.28907165
2004-01-28,17.74,59.37,17.0159734
2004-01-29,16.49,70.1,16.1627445
2004-01-30,17.41,81.67,17.11662835
2004-01-31,17.81,77.48,17.4000234
2004-02-01,16.85,77.83,16.56345275
2004-02-02,15.95,70.97,15.71848575
2004-02-03,16.02,69.35,15.763766
2004-02-04,18.19,65.78,17.495505100000003
2004-02-05,23.44,53.24,21.1408108
2004-02-06,18.7,72.29,18.059898999999998
2004-02-07,19.15,61.4,18.162805
2004-02-08,22.9,58.18,20.967916
2004-02-09,16.47,70.59,16.15134265
2004-02-10,17.63,79.56,17.2781254
2004-02-11,16.57,81.38,16.3580113
2004-02-12,20.45,77.57,19.71597825
2004-02-13,18.53,75.59,17.98895235
2004-02-14,28.57,55.51,25.12714135
2004-02-15,20.55,71.98,19.6176345
2004-02-16,17.29,72.45,16.86724525
2004-02-17,18.09,69.89,17.49547805
2004-02-18,16.93,68.97,16.515284049999998
2004-02-19,18.48,61.88,17.6455532
2004-02-20,23.27,56.62,21.1775657
2004-02-21,17.05,67.77,16.59797425
2004-02-22,16.65,60.06,16.1777095
2004-02-23,15.02,66.69,14.9247334
2004-02-24,18.21,68.21,17.56132505
2004-02-25,21.08,58.54,19.5795626
2004-02-26,22.62,57.11,20.7045326
2004-02-27,17.6,74.59,17.1667595
2004-02-28,18.74,57.38,17.7461016
2004-02-29,15.41,57.91,15.19933955
2004-03-01,15.51,68.09,15.33273995
2004-03-02,22.75,39.22,19.9921075
2004-03-03,24.47,37.91,21.065294849999997
2004-03-04,22.87,54.35,20.76850225
2004-03-05,17.93,68.01,17.32650865
2004-03-06,18.75,69.19,18.02981625
2004-03-07,15.82,73.23,15.6256498
2004-03-08,18.33,64.83,17.589143949999997
2004-03-09,16.39,67.8,16.055281
2004-03-10,14.67,70.09,14.64203415
2004-03-11,15.81,71.62,15.6055221
2004-03-12,16,73.13,15.7783225
2004-03-13,16.3,73.99,16.042501
2004-03-14,16.59,73.85,16.28940575
2004-03-15,17.28,69.79,16.8180891
2004-03-16,16.16,71.89,15.9033557
2004-03-17,14.77,69.03,14.72400955
2004-03-18,16.57,70.33,16.23220705
2004-03-19,17.99,71.01,17.433536949999997
2004-03-20,15.81,65.16,15.558977800000001
2004-03-21,15.39,70.61,15.246135950000001
2004-03-22,15.74,74.41,15.5654762
2004-03-23,15.86,74.92,15.672401599999999
2004-03-24,18.99,47.07,17.682893649999997
2004-03-25,19.19,62.39,18.21985005
2004-03-26,16.59,68.28,16.2253786
2004-03-27,16.93,67.31,16.493098149999998
2004-03-28,22.39,45.19,20.01152005
2004-03-29,16.87,75.2,16.546732000000002
2004-03-30,15.84,81.83,15.7060871
2004-03-31,14.51,74.22,14.5085821
2004-04-01,14.93,69.46,14.8577729
2004-04-02,14.79,69.29,14.741017549999999
2004-04-03,15.08,77.1,15.006949
2004-04-04,16.19,76.65,15.972961750000001
2004-04-05,21.38,60.49,19.884941599999998
2004-04-06,16.38,72.82,16.0989588
2004-04-07,13.98,71.46,14.061624400000001
2004-04-08,14.76,76.99,14.7270957
2004-04-09,13.61,78.45,13.715487249999999
2004-04-10,17.63,59.3,16.9293495
2004-04-11,16.57,77.83,16.31759455
2004-04-12,15.13,78.94,15.057027100000001
2004-04-13,21.39,51.66,19.5581557
2004-04-14,23.5,41.04,20.58148
2004-04-15,18.07,80.3,17.6831905
2004-04-16,16.04,68.64,15.7743808
2004-04-17,14.24,75.49,14.275049300000001
2004-04-18,13.79,71.95,13.89953525
2004-04-19,13.32,75.46,13.4792646
2004-04-20,14.68,62.65,14.6430235
2004-04-21,18.68,48.75,17.501762499999998
2004-04-22,19.18,54.91,18.0193834
2004-04-23,11.45,80.75,11.772918749999999
2004-04-24,12.6,77.94,12.830527
2004-04-25,12.36,80.61,12.5882203
2004-04-26,12.92,81.27,13.0827637
2004-04-27,11.71,85.3,11.935571500000002
2004-04-28,14.77,64.02,14.716569699999999
2004-04-29,15.15,75.83,15.063592250000001
2004-04-30,12.41,79.68,12.6435784
2004-05-01,8.75,82.15,9.31450625
2004-05-02,11.8,76.65,12.1467475
2004-05-03,13.45,73.25,13.60448125
2004-05-04,10.58,83.25,10.941130000000001
2004-05-05,11.41,75.75,11.822128750000001
2004-05-06,11.93,83.03,12.16987095
2004-05-07,11.5,83.71,11.768785000000001
2004-05-08,11.24,89.7,11.424679000000001
2004-05-09,11.32,87.82,11.5330282
2004-05-10,10.78,78.9,11.211706
2004-05-11,11.41,84.38,11.6754619
2004-05-12,10.87,80.62,11.2569217
2004-05-13,11.68,73.46,12.0916354
2004-05-14,13.01,64.48,13.301086399999999
2004-05-15,13.53,72.92,13.6744718
2004-05-16,11.98,83.6,12.207304
2004-05-17,13.9,71.01,13.995667000000001
2004-05-18,11.15,85.25,11.42176875
2004-05-19,12.51,78.6,12.744223
2004-05-20,13.41,86.68,13.4898534
2004-05-21,12.63,81.44,12.820889600000001
2004-05-22,12.71,78.5,12.921667500000002
2004-05-23,14.5,82.15,14.5
2004-05-24,13.21,73.24,13.399862200000001
2004-05-25,11.98,84.31,12.1974634
2004-05-26,10.34,85.06,10.6818272
2004-05-27,10.83,89.91,11.03366665
2004-05-28,10.62,76.87,11.1135942
2004-05-29,10.26,77.92,10.7749056
2004-05-30,12.24,83.71,12.4424847
2004-05-31,11.69,62.33,12.27218985
2004-06-01,11.72,66.68,12.2294628
2004-06-02,10.43,91.68,10.6162432
2004-06-03,9.78,83.04,10.2202816
2004-06-04,9.87,83.21,10.29755735
2004-06-05,8.22,78.95,8.947067
2004-06-06,8.69,76.81,9.43103645
2004-06-07,12.71,80.03,12.90660465
2004-06-08,13.65,80.15,13.74279875
2004-06-09,12.01,90.54,12.1395547
2004-06-10,10.61,82.05,10.99404025
2004-06-11,8.05,78.08,8.827612
2004-06-12,9.25,82.37,9.75906625
2004-06-13,10.75,83.55,11.08928125
2004-06-14,10.44,82.28,10.8356876
2004-06-15,10.07,87.22,10.3813847
2004-06-16,9.68,86.72,10.0320528
2004-06-17,9.59,80.68,10.1117366
2004-06-18,10.49,80.62,10.9174259
2004-06-19,8.5,84.93,8.99731
2004-06-20,10.9,90.99,11.078398
2004-06-21,10.4,89.96,10.626402
2004-06-22,9.65,86.14,10.0197155
2004-06-23,10.25,79.62,10.7263825
2004-06-24,10.59,82.86,10.9585957
2004-06-25,9.45,88.03,9.78246675
2004-06-26,9.41,89.5,9.7039475
2004-06-27,10.34,73.54,10.9454048
2004-06-28,10.69,75.73,11.19857785
2004-06-29,11.85,73.52,12.235946
2004-06-30,8.57,83.57,9.10586445
2004-07-01,9.5,79.46,10.06485
2004-07-02,9.71,80.51,10.22346405
2004-07-03,11.01,73.24,11.5236582
2004-07-04,10.37,71.45,11.01851325
2004-07-05,8.46,83.63,9.003811400000002
2004-07-06,8.68,81.57,9.2699443
2004-07-07,8.46,81.08,9.088522400000002
2004-07-08,7.96,84.72,8.509621600000001
2004-07-09,8.98,79.15,9.613006
2004-07-10,10.59,72.37,11.184183149999999
2004-07-11,11.06,85.31,11.337934800000001
2004-07-12,9.39,90.8,9.648566
2004-07-13,8.56,80.42,9.1996786
2004-07-14,8.74,91.77,9.000726400000001
2004-07-15,8.23,87.5,8.661062500000002
2004-07-16,8.87,80.57,9.47164995
2004-07-17,7.27,78.07,8.14204645
2004-07-18,6.91,80.48,7.724862400000001
2004-07-19,8.39,92.65,8.636996750000002
2004-07-20,9.03,90.81,9.30648115
2004-07-21,8.76,88.85,9.1120055
2004-07-22,7.89,83.08,8.5051266
2004-07-23,8.49,88.23,8.87905735
2004-07-24,10.02,91.23,10.2360928
2004-07-25,9.83,88.35,10.12923025
2004-07-26,7.34,83.07,8.006703400000001
2004-07-27,9.73,81.93,10.204066450000001
2004-07-28,8.47,87.9,8.871296500000001
2004-07-29,9.05,86.49,9.454962250000001
2004-07-30,9.52,74.98,10.2052978
2004-07-31,8.49,83.57,9.033093650000001
2004-08-01,9.11,79.53,9.71683315
2004-08-02,9.21,88.6,9.541683
2004-08-03,7.44,89.52,7.846938400000001
2004-08-04,8.01,91.3,8.3205465
2004-08-05,8.68,90.5,8.984095
2004-08-06,7.84,90.52,8.1872524
2004-08-07,8.96,92.66,9.183649800000001
2004-08-08,9.3,85.62,9.711268
2004-08-09,9.17,82.07,9.69561795
2004-08-10,9.96,89.06,10.233171800000001
2004-08-11,10.75,79.13,11.18044375
2004-08-12,11.57,65.03,12.13354155
2004-08-13,10.42,82.89,10.8039484
2004-08-14,7.61,85.55,8.157582750000001
2004-08-15,7.29,83.15,7.95818675
2004-08-16,7.27,82.95,7.94799325
2004-08-17,9.07,82.88,9.581288800000001
2004-08-18,8.62,86.38,9.0604708
2004-08-19,9.51,75.88,10.1719734
2004-08-20,11.8,72.52,12.208078
2004-08-21,11.33,83.9,11.6107035
2004-08-22,10.72,91.16,10.9037836
2004-08-23,10.74,80.09,11.1517388
2004-08-24,12.85,72.11,13.10310175
2004-08-25,13.34,70.84,13.5260408
2004-08-26,12.28,82.76,12.4905004
2004-08-27,11.75,68.43,12.22749625
2004-08-28,13.28,69.72,13.4831788
2004-08-29,11.67,88.01,11.85662435
2004-08-30,10.26,88.86,10.5197848
2004-08-31,9.04,80.94,9.6123718
2004-09-01,9.15,90.27,9.43630525
2004-09-02,10.09,85.68,10.4373316
2004-09-03,9.75,80.67,10.25499625
2004-09-04,9.03,89.83,9.33596445
2004-09-05,9.92,87.4,10.237394
2004-09-06,11.37,81.42,11.6898547
2004-09-07,11.64,85.5,11.868085
2004-09-08,11.59,90.17,11.74732915
2004-09-09,10.92,83.03,11.2541393
2004-09-10,11.14,81.64,11.479292800000001
2004-09-11,6.98,88.26,7.465566400000001
2004-09-12,9.46,81.59,9.970325200000001
2004-09-13,10.4,88.32,10.663384
2004-09-14,10.98,83.09,11.3073776
2004-09-15,8.72,79.91,9.3586611
2004-09-16,10.49,83.19,10.86074455
2004-09-17,11.45,84.82,11.7046445
2004-09-18,10.72,86.44,11.0019124
2004-09-19,10.12,87.96,10.4100436
2004-09-20,13.02,78.23,13.1972078
2004-09-21,16.03,66.29,15.746330350000001
2004-09-22,13.71,82.41,13.78642855
2004-09-23,11.73,86.54,11.9350631
2004-09-24,12.42,85.13,12.5901128
2004-09-25,13.23,80.25,13.36795375
2004-09-26,15.72,78.75,15.577412500000001
2004-09-27,11.76,87.02,11.9556086
2004-09-28,13.85,84.04,13.907057
2004-09-29,11.99,83.53,12.217368350000001
2004-09-30,10.5,80.03,10.93934
2004-10-01,13.07,83.52,13.1996152
2004-10-02,14.41,69.61,14.42504305
2004-10-03,12.12,82.74,12.3459334
2004-10-04,12.19,84.84,12.382607799999999
2004-10-05,12.56,81.69,12.7553677
2004-10-06,14.63,69.89,14.60847135
2004-10-07,12.79,73.94,13.035094299999999
2004-10-08,12.26,84.83,12.4468944
2004-10-09,12.37,86.52,12.5279182
2004-10-10,17.26,64.84,16.7262712
2004-10-11,17.43,69.24,16.9343026
2004-10-12,20.08,63,18.94447
2004-10-13,14.43,83.63,14.43630245
2004-10-14,11.47,73.74,11.907622900000002
2004-10-15,10.24,74.22,10.8440254
2004-10-16,10.72,70.46,11.3341366
2004-10-17,11.79,78.49,12.11060655
2004-10-18,12.29,80.69,12.524713049999999
2004-10-19,14.87,74.99,14.81910465
2004-10-20,17.05,70.05,16.62995125
2004-10-21,16.72,76.24,16.429890399999998
2004-10-22,16.09,86.26,15.9698437
2004-10-23,13.26,77.62,13.4126316
2004-10-24,12.87,75.21,13.09224235
2004-10-25,14.06,71.16,14.1297928
2004-10-26,16.29,73.54,16.0295013
2004-10-27,11.18,78.29,11.5764246
2004-10-28,11.96,70.41,12.373372300000002
2004-10-29,12.33,76.32,12.6126208
2004-10-30,16.51,66.63,16.14109465
2004-10-31,20.57,60.92,19.2653142
2004-11-01,16.05,78.36,15.865519
2004-11-02,11.47,76.11,11.868126850000001
2004-11-03,11.51,72.19,11.96733545
2004-11-04,12.32,83.38,12.5192738
2004-11-05,13.06,88.17,13.1536936
2004-11-06,12.15,86.89,12.319446750000001
2004-11-07,12.01,89.38,12.1554409
2004-11-08,12.43,81.16,12.6444934
2004-11-09,14.01,83.99,14.05314695
2004-11-10,18.32,74.37,17.7815137
2004-11-11,14.56,89.34,14.5564822
2004-11-12,13.96,77.73,14.0261419
2004-11-13,12.95,78.7,13.131582499999999
2004-11-14,14.63,79.65,14.615449750000002
2004-11-15,12.57,71.35,12.87411975
2004-11-16,14.33,73.87,14.35443155
2004-11-17,19.19,60.86,18.1803837
2004-11-18,16.28,76.77,16.0525783
2004-11-19,13.25,66.03,13.48354375
2004-11-20,12.63,69.19,12.946880850000001
2004-11-21,13.44,72.45,13.6006165
2004-11-22,12.72,72.32,12.990987200000001
2004-11-23,13.67,75.7,13.7809295
2004-11-24,15.42,79.61,15.3168266
2004-11-25,20.77,67.17,19.63785745
2004-11-26,24.42,47.72,21.5676032
2004-11-27,22.55,62.6,20.894115
2004-11-28,17.77,65.4,17.147719
2004-11-29,22.65,59.39,20.829656749999998
2004-11-30,19.89,75.73,19.17051585
2004-12-01,14.32,67.14,14.3525314
2004-12-02,13.97,68.9,14.0606565
2004-12-03,15.74,67.26,15.5167132
2004-12-04,19.26,56.94,18.1326892
2004-12-05,19.27,60.24,18.2268964
2004-12-06,21.2,70.3,20.105555
2004-12-07,18.62,84.25,18.263105
2004-12-08,18.5,89.32,18.26504
2004-12-09,20.59,82.7,20.0105365
2004-12-10,20.92,80.79,20.241694900000002
2004-12-11,19.99,80.11,19.389421449999997
2004-12-12,19.25,81.87,18.77635375
2004-12-13,15.56,86.6,15.481878
2004-12-14,15.35,68.53,15.202877749999999
2004-12-15,15.11,67.98,15.002572899999999
2004-12-16,16.09,70.03,15.82791235
2004-12-17,18.84,66.45,18.0391615
2004-12-18,23.8,52.7,21.380605
2004-12-19,16.26,59.29,15.865927200000002
2004-12-20,15.65,65.71,15.43311575
2004-12-21,16.66,75.85,16.373098
2004-12-22,17.98,73.11,17.4653254
2004-12-23,25.15,52.96,22.394631999999998
2004-12-24,15.73,65.75,15.49829875
2004-12-25,15.81,66.42,15.5680561
2004-12-26,16.23,66,15.90649
2004-12-27,12.76,66.54,13.0802122
2004-12-28,14.67,75.34,14.646942899999999
2004-12-29,15.74,67.01,15.5150082
2004-12-30,19.34,57.56,18.210247199999998
2004-12-31,23.24,53.52,21.005706399999998
2005-01-01,15.37,66.64,15.210372399999999
2005-01-02,14.72,66.04,14.678908400000001
2005-01-03,19.76,64.19,18.7240167
2005-01-04,18.89,69.87,18.16251115
2005-01-05,16.17,71.91,15.911993350000001
2005-01-06,14.67,62.96,14.6353676
2005-01-07,15.26,71.77,15.141998599999999
2005-01-08,17.05,71.75,16.653793750000002
2005-01-09,19.52,65.12,18.5569632
2005-01-10,23.46,52.31,21.1098368
2005-01-11,24.73,51.84,22.0202776
2005-01-12,19.31,63.71,18.34994805
2005-01-13,23.32,54.05,21.0909655
2005-01-14,18.34,67.39,17.651276799999998
2005-01-15,17.95,65.79,17.30086525
2005-01-16,16.7,63.01,16.252421
2005-01-17,17.19,73.94,16.8044423
2005-01-18,19.41,62.86,18.4070343
2005-01-19,22.26,63.93,20.7205324
2005-01-20,18.03,73.85,17.52229775
2005-01-21,17.1,68.08,16.643544000000002
2005-01-22,17.06,69.79,16.6346432
2005-01-23,18.45,70.76,17.814761
2005-01-24,20.35,73.51,19.497684250000002
2005-01-25,27.71,47.82,23.9188621
2005-01-26,24.62,66.93,22.7793238
2005-01-27,22.24,73.95,21.131051499999998
2005-01-28,22.74,73.36,21.532675199999996
2005-01-29,17.07,84.21,16.84680835
2005-01-30,18.32,67.42,17.6354942
2005-01-31,22.2,59.52,20.485671999999997
2005-02-01,17,70.67,16.5967125
2005-02-02,12.96,87.33,13.067314900000001
2005-02-03,14.03,82.75,14.07459125
2005-02-04,15.28,82.03,15.2029087
2005-02-05,16.21,80.91,16.030458550000002
2005-02-06,16.4,77,16.15965
2005-02-07,20.23,75.71,19.464500649999998
2005-02-08,15.5,79.62,15.38791
2005-02-09,16.16,74.41,15.9263633
2005-02-10,15.39,76.1,15.2730095
2005-02-11,16.33,78.62,16.1148103
2005-02-12,15.17,69.85,15.05889725
2005-02-13,16.2,71.9,15.937265
2005-02-14,21.77,65.06,20.3729241
2005-02-15,14.83,74.9,14.7844435
2005-02-16,15.57,66.58,15.373323300000001
2005-02-17,16.64,71.27,16.301847900000002
2005-02-18,20.55,70.81,19.57870275
2005-02-19,16.95,80,16.6805
2005-02-20,17.08,85.11,16.8687109
2005-02-21,19.01,84.28,18.6200654
2005-02-22,19.9,82.18,19.370745999999997
2005-02-23,24.28,56.45,21.9374455
2005-02-24,20.67,70.65,19.67400775
2005-02-25,16.67,74.07,16.36052545
2005-02-26,16.67,73.01,16.34787435
2005-02-27,17.54,69.03,17.0221816
2005-02-28,24.42,53.71,21.8944176
2005-03-01,20.78,65.96,19.6042584
2005-03-02,15.25,69.07,15.12241375
2005-03-03,16.13,70.65,15.86687725
2005-03-04,16.99,72.89,16.61872855
2005-03-05,13.07,73.22,13.2806247
2005-03-06,15.54,71.33,15.3760076
2005-03-07,16.3,78.32,16.085368
2005-03-08,15.52,80.37,15.409875699999999
2005-03-09,15.65,77.98,15.510723500000001
2005-03-10,16.53,79.48,16.300894200000002
2005-03-11,20.95,57,19.424575
2005-03-12,22.45,52.8,20.38618
2005-03-13,21.51,68.56,20.2978308
2005-03-14,19.79,73,19.004434999999997
2005-03-15,16.14,78.19,15.9432738
2005-03-16,14.88,64.64,14.806097600000001
2005-03-17,15.39,72.34,15.2546043
2005-03-18,17.26,65.83,16.741299400000003
2005-03-19,19.62,60.66,18.512185600000002
2005-03-20,19.19,69.78,18.4104751
2005-03-21,17.13,67.96,16.6665414
2005-03-22,16.75,75.87,16.45139125
2005-03-23,15.97,77.97,15.79188745
2005-03-24,15.15,70.01,15.04278575
2005-03-25,12.62,66.5,12.966389999999999
2005-03-26,15.15,65.12,15.025304
2005-03-27,16.42,71.5,16.119040000000002
2005-03-28,14.52,78.89,14.517677899999999
2005-03-29,17.62,64.29,17.0072164
2005-03-30,19.42,55.42,18.2136652
2005-03-31,20.79,49.79,19.05298505
2005-04-01,22.53,42.13,19.97417145
2005-04-02,24.96,40.23,21.5214319
2005-04-03,16.69,61.46,16.2257857
2005-04-04,13.98,70.16,14.0653424
2005-04-05,17.69,59.34,16.9766203
2005-04-06,15.95,77.43,15.77000425
2005-04-07,17.57,73.77,17.12710645
2005-04-08,22.42,54.91,20.4558796
2005-04-09,24.64,47.77,21.7271329
2005-04-10,19.68,75.81,18.9908269
2005-04-11,15.04,76.64,14.970620799999999
2005-04-12,15.57,77.22,15.4359397
2005-04-13,19.93,55.62,18.6045913
2005-04-14,13.41,81.48,13.5210274
2005-04-15,15.33,79.27,15.23536755
2005-04-16,15.29,80.01,15.203143449999999
2005-04-17,18.06,56.57,17.2096406
2005-04-18,14.94,76.26,14.8825492
2005-04-19,14.01,76.88,14.0723084
2005-04-20,13.89,80.68,13.954818600000001
2005-04-21,16.94,66.67,16.4927114
2005-04-22,18.27,61.49,17.47149515
2005-04-23,18.24,65.16,17.523341199999997
2005-04-24,19.21,65.36,18.3126508
2005-04-25,14.11,82.39,14.147773449999999
2005-04-26,14.3,84.15,14.317435000000001
2005-04-27,17.74,57.66,16.985501199999998
2005-04-28,19.06,60.01,18.0570508
2005-04-29,13.08,70.24,13.312425600000001
2005-04-30,15.47,75.53,15.33945255
2005-05-01,12.44,67.98,12.8027866
2005-05-02,14.21,54.33,14.28284365
2005-05-03,16.1,50.6,15.665280000000001
2005-05-04,16.93,53.51,16.30866115
2005-05-05,13.83,76.15,13.91788725
2005-05-06,12.74,75.38,12.978321600000001
2005-05-07,11.99,83.72,12.2147454
2005-05-08,12.27,81.59,12.49579865
2005-05-09,12.25,79.87,12.49910875
2005-05-10,12.69,82.65,12.86271925
2005-05-11,13.62,85.77,13.6888732
2005-05-12,12.35,87.4,12.498994999999999
2005-05-13,12.5,77.79,12.74431
2005-05-14,14.09,77.85,14.13994825
2005-05-15,13.55,86.25,13.62184375
2005-05-16,12.07,86.88,12.2453488
2005-05-17,13.06,79.8,13.219984
2005-05-18,11.4,82.59,11.6968405
2005-05-19,11.31,77.78,11.6998499
2005-05-20,13.77,53.53,13.95657705
2005-05-21,13.92,77.49,13.9918069
2005-05-22,14.19,70.3,14.2406385
2005-05-23,16.23,73.58,15.9786137
2005-05-24,14.97,71.36,14.8959656
2005-05-25,11.49,76.15,11.88483675
2005-05-26,12.02,77.35,12.328946
2005-05-27,11.16,76.48,11.5920624
2005-05-28,11.54,70.49,12.020422799999999
2005-05-29,11.31,81.9,11.6275645
2005-05-30,12.5,84.02,12.67578
2005-05-31,11.66,76.91,12.0206658
2005-06-01,12.06,76.66,12.3732228
2005-06-02,12.27,80.72,12.5064692
2005-06-03,11.35,69.47,11.87893225
2005-06-04,12.99,66.39,13.26913105
2005-06-05,11.4,88.68,11.593006
2005-06-06,12.66,61.3,13.051644
2005-06-07,13.93,66.69,14.03442685
2005-06-08,15.83,68.1,15.5966515
2005-06-09,12.93,86.57,13.045968049999999
2005-06-10,14.99,87.11,14.95526145
2005-06-11,11.79,83.76,12.032057199999999
2005-06-12,11.87,77.53,12.19502855
2005-06-13,11.31,82.56,11.615984800000001
2005-06-14,10.58,72.35,11.176134000000001
2005-06-15,9.58,87.77,9.9109438
2005-06-16,10.27,86.69,10.57965715
2005-06-17,9.66,88.28,9.9719864
2005-06-18,10.29,78.54,10.7869063
2005-06-19,10.58,88.41,10.8298804
2005-06-20,11.52,88.44,11.7094684
2005-06-21,9.98,83.19,10.397896600000001
2005-06-22,9.47,83.39,9.92951565
2005-06-23,10.03,92.3,10.2193045
2005-06-24,8.69,82.07,9.26295315
2005-06-25,9.25,76.61,9.92538625
2005-06-26,10.09,74.89,10.69904305
2005-06-27,9.74,80.69,10.2455358
2005-06-28,9.07,87.23,9.45137605
2005-06-29,8.99,89.76,9.300323200000001
2005-06-30,11.34,92.92,11.4630504
2005-07-01,11.15,91.12,11.313614000000001
2005-07-02,10.31,91.8,10.498969
2005-07-03,10.79,87.72,11.0405734
2005-07-04,8.76,84.1,9.261963
2005-07-05,10.54,80.4,10.966887999999999
2005-07-06,10.55,78.09,11.02599475
2005-07-07,10.03,87.97,10.32575755
2005-07-08,8.79,87.81,9.17282695
2005-07-09,7.78,88.81,8.1935824
2005-07-10,9.35,85.68,9.755614
2005-07-11,9.92,82.35,10.364603500000001
2005-07-12,8.11,83.99,8.67267145
2005-07-13,9.17,88.96,9.493637600000001
2005-07-14,9.65,85.08,10.047991000000001
2005-07-15,8.8,92.26,9.042649
2005-07-16,8.72,82.26,9.283954600000001
2005-07-17,7.75,85.76,8.27866
2005-07-18,9.08,85.19,9.5214861
2005-07-19,10.52,88.76,10.7660436
2005-07-20,9.02,84.84,9.4769224
2005-07-21,9.29,77.28,9.9410416
2005-07-22,11.32,73.6,11.781736
2005-07-23,11.26,70.12,11.7924616
2005-07-24,11.96,81.86,12.213415800000002
2005-07-25,13.02,85.95,13.134367
2005-07-26,11.2,87.29,11.4306865
2005-07-27,11.34,84.92,11.6020904
2005-07-28,11.97,78.86,12.264163100000001
2005-07-29,10.81,80.48,11.206158400000001
2005-07-30,10.64,81.84,11.025536800000001
2005-07-31,10.25,85.06,10.5992225
2005-08-01,10.38,82.66,10.7729244
2005-08-02,11.69,71.32,12.1332494
2005-08-03,11.82,83.97,12.0562822
2005-08-04,8.34,77.94,9.0873928
2005-08-05,9.06,79.48,9.6739584
2005-08-06,10.27,74.45,10.86442075
2005-08-07,9.17,90.1,9.4602185
2005-08-08,10.52,79,10.97969
2005-08-09,8.97,84.8,9.432308
2005-08-10,6.46,85.12,7.1179936
2005-08-11,7.55,84.92,8.126433
2005-08-12,8.76,83.82,9.2708026
2005-08-13,10.44,79.25,10.9033475
2005-08-14,11.17,60.15,11.89985275
2005-08-15,8.29,85.78,8.7756841
2005-08-16,9.41,82.24,9.9071912
2005-08-17,11.5,64.03,12.093505
2005-08-18,13.94,64.61,14.0490012
2005-08-19,12.26,88.35,12.403528
2005-08-20,11.1,78.6,11.50018
2005-08-21,10.67,78.2,11.129217
2005-08-22,9.26,78.39,9.8828002
2005-08-23,10.74,79.69,11.1600108
2005-08-24,10.74,80.13,11.1509116
2005-08-25,10.62,84.37,10.9535442
2005-08-26,8.83,85.92,9.2690848
2005-08-27,12.04,75.1,12.376897
2005-08-28,14.1,65.16,14.176648
2005-08-29,15.79,63.49,15.530961549999999
2005-08-30,13.29,79.76,13.424697199999999
2005-08-31,7.83,75.65,8.72327975
2005-09-01,9.39,72.92,10.151083400000001
2005-09-02,9.72,73.82,10.4082722
2005-09-03,11.58,81.98,11.8694012
2005-09-04,10.54,81.8,10.936396
2005-09-05,10.55,75.12,11.090518000000001
2005-09-06,11.81,72.93,12.21050065
2005-09-07,13.94,71.79,14.0268868
2005-09-08,16.48,71.83,16.1732287
2005-09-09,17.32,85.73,17.0986723
2005-09-10,11.97,81.98,12.2207483
2005-09-11,9.19,86.32,9.5895244
2005-09-12,9.79,85.87,10.15603765
2005-09-13,10.51,76.59,11.02373245
2005-09-14,11.27,79.89,11.62725415
2005-09-15,9.37,74.5,10.089482499999999
2005-09-16,9.81,75.53,10.44120365
2005-09-17,9.54,81.51,10.0444072
2005-09-18,11.53,76.26,11.9177929
2005-09-19,11.63,85.18,11.8639337
2005-09-20,11.49,85.34,11.7326963
2005-09-21,13.53,77.37,13.65073105
2005-09-22,14.15,83.46,14.1818395
2005-09-23,13.9,87.33,13.941811000000001
2005-09-24,11.87,80.48,12.1523568
2005-09-25,12.28,81.06,12.5112574
2005-09-26,11.59,83.54,11.8534423
2005-09-27,12.69,80.24,12.8867108
2005-09-28,13.81,83.06,13.8742873
2005-09-29,12.22,70.64,12.588174400000002
2005-09-30,13.88,68.3,13.988097000000002
2005-10-01,15.54,65.83,15.344547599999999
2005-10-02,16.05,66.11,15.76108775
2005-10-03,12.27,67.5,12.6686125
2005-10-04,14.64,61.03,14.6099931
2005-10-05,12.44,77.74,12.6922058
2005-10-06,11.93,70.97,12.34033905
2005-10-07,10.83,82.98,11.1735487
2005-10-08,11.69,82.58,11.9592261
2005-10-09,11.14,75.81,11.5870312
2005-10-10,13.98,68.25,14.070805
2005-10-11,11.18,72.62,11.6799588
2005-10-12,13.66,66.35,13.815463
2005-10-13,13.53,66.56,13.708402399999999
2005-10-14,12.48,63.01,12.890958900000001
2005-10-15,12.64,74.59,12.899944300000001
2005-10-16,13.7,74.82,13.810792
2005-10-17,13.92,78.12,13.9897972
2005-10-18,17.08,66.56,16.6054864
2005-10-19,16.7,75.42,16.402582
2005-10-20,17.43,85.59,17.19778285
2005-10-21,16.58,83.81,16.394786399999997
2005-10-22,15.75,85.94,15.6533375
2005-10-23,18.02,74.51,17.5265136
2005-10-24,16.04,75.05,15.828673499999999
2005-10-25,16.83,67.22,16.4099243
2005-10-26,15.24,66.72,15.1045504
2005-10-27,14.19,68.06,14.2444577
2005-10-28,19.61,56.84,18.3969882
2005-10-29,17.07,77.53,16.75238655
2005-10-30,15.66,80.82,15.5376316
2005-10-31,19.35,78.35,18.77248625
2005-11-01,23.24,70.19,21.807033299999997
2005-11-02,23.87,67.87,22.21418045
2005-11-03,16.61,62.56,16.1755088
2005-11-04,14.78,68.95,14.732183
2005-11-05,17.23,66.48,16.7266972
2005-11-06,21.82,64.22,20.3794972
2005-11-07,19.28,82.6,18.822554
2005-11-08,19.51,75.19,18.82636045
2005-11-09,17.92,72.75,17.4074275
2005-11-10,13.76,63.95,13.9067235
2005-11-11,14.07,66.35,14.14958225
2005-11-12,14.97,66.29,14.88285965
2005-11-13,15.97,61.09,15.65541265
2005-11-14,17.32,69.87,16.8526837
2005-11-15,13.24,67.14,13.467719800000001
2005-11-16,14.65,69.95,14.62520875
2005-11-17,20.71,53.25,19.113253750000002
2005-11-18,19.62,70.96,18.8022336
2005-11-19,15.11,71.2,15.013376
2005-11-20,14.26,70.14,14.2994152
2005-11-21,15.4,73.04,15.266548
2005-11-22,14.74,73.15,14.704558
2005-11-23,17.68,67.93,17.1190957
2005-11-24,20.59,69.4,19.565053
2005-11-25,21,58.67,19.5224525
2005-11-26,13.8,61.52,13.948148
2005-11-27,14.84,66.38,14.7771306
2005-11-28,16.32,69.16,16.0112916
2005-11-29,19.32,68.11,18.4745961
2005-11-30,20.99,56.77,19.44690515
2005-12-01,24.51,49.23,21.71485765
2005-12-02,15.72,85.21,15.6207591
2005-12-03,15.85,67.49,15.60861325
2005-12-04,18.91,57.86,17.8878943
2005-12-05,21.25,45.58,19.2296575
2005-12-06,17.88,76.32,17.4397888
2005-12-07,18.59,58.77,17.66253115
2005-12-08,16.54,61.43,16.107244599999998
2005-12-09,17.66,60.35,16.970883
2005-12-10,15.7,66.81,15.480946
2005-12-11,21.35,55.87,19.68740225
2005-12-12,19.66,64.63,18.6561994
2005-12-13,17.17,58.08,16.5544048
2005-12-14,18.35,56.53,17.42952275
2005-12-15,21.8,54.36,19.967554
2005-12-16,17.4,59.66,16.756577
2005-12-17,15.02,65.85,14.922331
2005-12-18,15.53,63.25,15.32181125
2005-12-19,16.61,68.72,16.246995599999998
2005-12-20,23.68,46.56,20.981814399999998
2005-12-21,17.18,69.74,16.7339676
2005-12-22,17.24,60.79,16.6491053
2005-12-23,23.32,51.96,20.9895796
2005-12-24,17.04,51.33,16.360080099999998
2005-12-25,17.79,63.55,17.13043725
2005-12-26,19.58,62.41,18.5297354
2005-12-27,25.46,40.17,21.8534476
2005-12-28,19.37,57.13,18.221727050000002
2005-12-29,23.54,50.79,21.0932788
2005-12-30,24.38,54.23,21.8928582
2005-12-31,31.03,35.35,25.15234525
2006-01-01,16.41,73.87,16.13550435
2006-01-02,17.15,63.31,16.61524325
2006-01-03,15.46,64.15,15.270712000000001
2006-01-04,15.14,65.74,15.0194048
2006-01-05,17.77,66.8,17.172898
2006-01-06,17.47,69.76,16.9760296
2006-01-07,18.5,68.68,17.81096
2006-01-08,21.9,58.32,20.203623999999998
2006-01-09,23.48,61.39,21.573052099999998
2006-01-10,19.96,77.97,19.2984391
2006-01-11,16.98,79.29,16.6975156
2006-01-12,17.84,69.34,17.2767758
2006-01-13,15.8,67.56,15.568054
2006-01-14,17.08,68.8,16.637272
2006-01-15,17.66,71.77,17.1693626
2006-01-16,21.29,74.1,20.322764499999998
2006-01-17,18.3,71.39,17.702051
2006-01-18,20.7,61.95,19.402495
2006-01-19,26.44,50.43,23.1847381
2006-01-20,25.33,65.43,23.270837949999997
2006-01-21,28.6,53.87,25.0226185
2006-01-22,26.01,57.03,23.28978415
2006-01-23,18.26,68.27,17.603823600000002
2006-01-24,16.54,63.48,16.1302456
2006-01-25,25.5,43.16,22.06118
2006-01-26,29.44,55.72,25.8015124
2006-01-27,22.45,73.28,21.281668
2006-01-28,21.88,82.35,21.163586499999997
2006-01-29,21.63,80.65,20.87118975
2006-01-30,16.55,69.65,16.20780375
2006-01-31,18.78,74.99,18.1912646
2006-02-01,18.16,82.77,17.8131601
2006-02-02,17.29,70.57,16.83839665
2006-02-03,17.24,71.44,16.8096008
2006-02-04,17.96,74.6,17.476638
2006-02-05,18.31,70.37,17.68910335
2006-02-06,16.53,59.59,16.07882235
2006-02-07,15.87,64.84,15.6050694
2006-02-08,22.56,52.92,20.472943599999997
2006-02-09,15.87,67.27,15.62337945
2006-02-10,16.17,67.99,15.875988150000001
2006-02-11,16.97,68.14,16.5371819
2006-02-12,19.31,59.9,18.2491545
2006-02-13,16.64,66.56,16.2464112
2006-02-14,17.6,77.96,17.224218
2006-02-15,18.88,79,18.374109999999998
2006-02-16,23.57,57.03,21.42644155
2006-02-17,21.29,64.47,19.96313215
2006-02-18,18.53,73.26,17.9373079
2006-02-19,16.97,68.92,16.5477782
2006-02-20,16.68,73.26,16.3593874
2006-02-21,18.41,74.8,17.868074
2006-02-22,19.13,77.74,18.5631491
2006-02-23,26.56,52.03,23.378149899999997
2006-02-24,27.71,54.5,24.4041975
2006-02-25,20.45,76.8,19.69078
2006-02-26,16.82,73.56,16.4826256
2006-02-27,16.85,70.67,16.47090975
2006-02-28,17.68,73.3,17.213017
2006-03-01,18.41,71.01,17.78657005
2006-03-02,24.8,52.08,22.085332
2006-03-03,24.83,51.55,22.077313249999996
2006-03-04,22.11,71.75,20.92759625
2006-03-05,19.79,69.8,18.911331
2006-03-06,17.17,65.41,16.662045850000002
2006-03-07,17.25,67.72,16.761765
2006-03-08,17.77,74.6,17.313181
2006-03-09,19.07,67.48,18.252609800000002
2006-03-10,18.81,77.01,18.26502205
2006-03-11,20.93,62.13,19.59072745
2006-03-12,25.79,53.53,22.90444535
2006-03-13,17.74,64.13,17.1007966
2006-03-14,15.76,73.2,15.574276
2006-03-15,18.87,66.07,18.05449245
2006-03-16,16.61,68.52,16.2446746
2006-03-17,16.09,73.31,15.856595949999999
2006-03-18,16.3,78.01,16.082299
2006-03-19,16.05,75.45,15.84071125
2006-03-20,16.04,76.32,15.8394304
2006-03-21,19.11,71.6,18.389917999999998
2006-03-22,20.41,66.22,19.3119811
2006-03-23,18.69,76.58,18.150286100000002
2006-03-24,21.81,59.14,20.167223699999997
2006-03-25,22.67,53.8,20.594003
2006-03-26,22.43,63.74,20.848520099999998
2006-03-27,17.8,74.34,17.334271
2006-03-28,18.87,72.51,18.20927785
2006-03-29,20.69,65.47,19.514426150000002
2006-03-30,16.56,73.42,16.2588486
2006-03-31,14.7,71.6,14.668759999999999
2006-04-01,13.84,62.22,13.9771414
2006-04-02,14.35,68.25,14.37619375
2006-04-03,14.71,75.58,14.6817949
2006-04-04,15.56,72.29,15.3984507
2006-04-05,12.7,72.69,12.970369
2006-04-06,14.1,72.99,14.159422
2006-04-07,13.46,69.6,13.633888
2006-04-08,14.18,68.49,14.2354576
2006-04-09,13.21,76.68,13.375455400000002
2006-04-10,15.4,60.76,15.205762
2006-04-11,18.51,58.33,17.590968150000002
2006-04-12,15.26,63,15.10534
2006-04-13,17.47,67.85,16.94482975
2006-04-14,14.1,76.34,14.152052
2006-04-15,12.53,70.32,12.8515828
2006-04-16,11.13,76.07,11.57354255
2006-04-17,16.54,48.79,15.9654238
2006-04-18,14.89,57.09,14.79795805
2006-04-19,15.73,64.61,15.490586650000001
2006-04-20,12.74,75.51,12.9770632
2006-04-21,11.05,76.6,11.494015000000001
2006-04-22,12.64,77.89,12.866185300000001
2006-04-23,12.28,77.88,12.5500852
2006-04-24,10.91,84.19,11.22216845
2006-04-25,12.41,76.21,12.68346605
2006-04-26,13.52,77.8,13.639657999999999
2006-04-27,13.81,76.88,13.8977404
2006-04-28,15.38,73.23,15.2504332
2006-04-29,14.77,85.33,14.748215049999999
2006-04-30,13.21,92.99,13.259735950000001
2006-05-01,13.27,89.66,13.3399501
2006-05-02,14.53,78.67,14.526480549999999
2006-05-03,12.55,82.71,12.73543525
2006-05-04,14.41,73.87,14.42293435
2006-05-05,12.01,83.34,12.2381587
2006-05-06,14.57,70.3,14.5585655
2006-05-07,9.4,81.53,9.918083500000002
2006-05-08,11.46,76.79,11.848071200000001
2006-05-09,12.15,81.98,12.382908500000001
2006-05-10,10.63,70.46,11.258758900000002
2006-05-11,10.65,76.57,11.14613025
2006-05-12,12.13,89.01,12.27325465
2006-05-13,12.77,86.34,12.8999749
2006-05-14,12.8,92.42,12.870873000000001
2006-05-15,11.95,89.44,12.098104
2006-05-16,13.13,78.14,13.294715100000001
2006-05-17,13.25,86.67,13.34164375
2006-05-18,12.42,88.32,12.5536192
2006-05-19,13.17,75.09,13.35221665
2006-05-20,9.84,72.53,10.5440561
2006-05-21,10.51,85.65,10.82491075
2006-05-22,9.17,82.46,9.6841851
2006-05-23,10.21,90.4,10.436512
2006-05-24,11.03,87.13,11.27562395
2006-05-25,10.3,87.53,10.588057000000001
2006-05-26,10.02,90.01,10.266153599999999
2006-05-27,10.67,87.13,10.94110655
2006-05-28,11.19,82.14,11.5151413
2006-05-29,8.98,84.24,9.458473600000001
2006-05-30,9.33,89.27,9.63510755
2006-05-31,10.44,74.93,10.999813099999999
2006-06-01,9.79,86.43,10.141530849999999
2006-06-02,10.27,90.07,10.50102145
2006-06-03,9.97,87.95,10.270225750000002
2006-06-04,8.7,89.73,9.027613
2006-06-05,8.59,90.67,8.89327165
2006-06-06,8.42,83.79,8.9620624
2006-06-07,9.1,75.7,9.82171
2006-06-08,8.25,84.43,8.78521875
2006-06-09,9.04,82.8,9.556516
2006-06-10,9.18,77.66,9.8336684
2006-06-11,8.78,80.09,9.4063686
2006-06-12,9.02,87.12,9.408203199999999
2006-06-13,8.34,88.44,8.7316528
2006-06-14,9.29,81.37,9.82384265
2006-06-15,10.97,81.52,11.328789200000001
2006-06-16,9.78,80.03,10.2984212
2006-06-17,10.22,86.37,10.540850200000001
2006-06-18,8.75,89.99,9.066566250000001
2006-06-19,8.79,83,9.323885
2006-06-20,8.17,87.03,8.62155055
2006-06-21,10.38,85.09,10.717860600000002
2006-06-22,11.48,87.9,11.680981000000001
2006-06-23,9.3,91.01,9.557114
2006-06-24,8.82,88.35,9.183946
2006-06-25,8.43,87.33,8.852987950000001
2006-06-26,8.57,78.76,9.262742600000001
2006-06-27,9.08,76.95,9.7671205
2006-06-28,7.89,76.87,8.73089115
2006-06-29,9.63,67.78,10.493012700000001
2006-06-30,10.74,85.47,11.0404804
2006-07-01,10.45,87.33,10.73222425
2006-07-02,9.65,87.87,9.97356775
2006-07-03,8.66,92.93,8.8870884
2006-07-04,9.2,84.72,9.645412
2006-07-05,11.32,75.93,11.740984300000001
2006-07-06,9.65,82.72,10.110944
2006-07-07,9.87,88.78,10.1557173
2006-07-08,9.69,86.97,10.03470865
2006-07-09,9.73,65.73,10.62907345
2006-07-10,11.35,60.2,12.039535
2006-07-11,8.24,82.7,8.835639
2006-07-12,8.79,82.07,9.35309165
2006-07-13,7.65,87.51,8.120560750000001
2006-07-14,9.38,82.93,9.860691200000002
2006-07-15,9.58,96.7,9.669298000000001
2006-07-16,11.34,95.12,11.4248144
2006-07-17,10.7,88.79,10.934289
2006-07-18,7.92,87.99,8.3546419
2006-07-19,6.75,82.8,7.48315
2006-07-20,6.33,86.28,6.9465082
2006-07-21,8.68,77.83,9.3896617
2006-07-22,9.35,88.19,9.68451825
2006-07-23,10.45,86.09,10.75984525
2006-07-24,8.74,92.64,8.973164800000001
2006-07-25,9.85,93.19,10.02416575
2006-07-26,11.28,87.86,11.4949994
2006-07-27,9.64,83.4,10.083718000000001
2006-07-28,9.74,74.04,10.4196328
2006-07-29,9.14,81.84,9.675356800000001
2006-07-30,10.4,76.92,10.920454000000001
2006-07-31,8.84,90.32,9.1413384
2006-08-01,8.33,81.98,8.9415087
2006-08-02,10.13,83.04,10.537633600000001
2006-08-03,9.68,85.88,10.0543212
2006-08-04,10.03,80.02,10.5212083
2006-08-05,10.73,85.49,11.03086485
2006-08-06,8.4,89.66,8.746907
2006-08-07,8.86,73.57,9.679858600000001
2006-08-08,12.27,60.64,12.7527504
2006-08-09,9.9,79.2,10.42624
2006-08-10,8.73,85.32,9.1958698
2006-08-11,9.76,87.99,10.0731007
2006-08-12,9.97,80.43,10.45758655
2006-08-13,11.35,64.26,11.9691955
2006-08-14,10.71,84.28,11.0376834
2006-08-15,9.64,73.95,10.3363165
2006-08-16,12.98,60.48,13.310387200000001
2006-08-17,9.76,75.04,10.4107072
2006-08-18,9.57,83.15,10.02688775
2006-08-19,10.25,69.67,10.95896375
2006-08-20,11.74,65.09,12.2699338
2006-08-21,12.55,68.91,12.883440250000001
2006-08-22,9.49,83.35,9.94879075
2006-08-23,10.89,79.89,11.289284050000001
2006-08-24,8.67,90.19,8.984557650000001
2006-08-25,8.95,86.55,9.36056125
2006-08-26,9.85,73.14,10.5369445
2006-08-27,9.95,83.07,10.37367325
2006-08-28,11.31,82.49,11.61721295
2006-08-29,10.41,81.3,10.8306565
2006-08-30,12.65,68.19,12.97366675
2006-08-31,13.73,69.07,13.86098855
2006-09-01,14.36,77.22,14.3775406
2006-09-02,16.13,71.81,15.877276649999999
2006-09-03,10.65,78.66,11.101874500000001
2006-09-04,9.25,76.43,9.93058375
2006-09-05,11.72,70.83,12.1660093
2006-09-06,10.3,87.23,10.594987000000001
2006-09-07,10,87.26,10.315315
2006-09-08,9.2,85.16,9.632586
2006-09-09,9.51,82.59,9.98781745
2006-09-10,9.63,82.3,10.1040945
2006-09-11,11.01,74.18,11.5056149
2006-09-12,12.47,61.26,12.9025321
2006-09-13,13.79,63.57,13.93225915
2006-09-14,12.87,79.85,13.05064475
2006-09-15,11.92,81.67,12.1801027
2006-09-16,12.09,82.03,12.32819235
2006-09-17,16.95,67.28,16.509097999999998
2006-09-18,17.19,66.01,16.68711795
2006-09-19,16.06,64,15.751119999999998
2006-09-20,13.54,64.96,13.725011199999999
2006-09-21,14.61,53.03,14.58158315
2006-09-22,14.15,57.19,14.23240925
2006-09-23,14.95,57.46,14.8447135
2006-09-24,8.95,74.02,9.7430395
2006-09-25,9.74,59.6,10.797672
2006-09-26,13.33,52.71,13.63431115
2006-09-27,12.35,62.9,12.7887075
2006-09-28,11.84,67.97,12.3085989
2006-09-29,11.91,72.64,12.2997432
2006-09-30,11.28,69.16,11.8261764
2006-10-01,16.17,65.14,15.849810900000001
2006-10-02,12.46,76.88,12.7194064
2006-10-03,12.67,79.02,12.8811637
2006-10-04,19.2,49.74,17.900779
2006-10-05,11.59,72.03,12.03765985
2006-10-06,13.8,60.67,13.951420500000001
2006-10-07,16.15,59.09,15.778741749999998
2006-10-08,10.01,67.53,10.81184665
2006-10-09,11.09,73.25,11.59169625
2006-10-10,15.8,48.87,15.4344205
2006-10-11,20.08,39.83,18.2333827
2006-10-12,20.68,50.63,19.0019137
2006-10-13,16.1,69.23,15.829224000000002
2006-10-14,13.45,62.03,13.66927675
2006-10-15,10.61,67.74,11.3002027
2006-10-16,14.01,58.05,14.12305525
2006-10-17,19.28,54.66,18.0880114
2006-10-18,15.76,64.84,15.5163412
2006-10-19,14.32,73.84,14.3458984
2006-10-20,10.51,67.2,11.229796
2006-10-21,10.37,61.09,11.253840649999999
2006-10-22,11.6,64.92,12.159526
2006-10-23,14.85,58.84,14.770767
2006-10-24,20.26,51.32,18.7178176
2006-10-25,12.12,64.26,12.5878366
2006-10-26,11.62,67.34,12.1373344
2006-10-27,11.11,66.59,11.73292945
2006-10-28,10.32,61.64,11.2018964
2006-10-29,10.88,69.61,11.485064900000001
2006-10-30,12.55,70.14,12.8702485
2006-10-31,12.23,77.5,12.5109125
2006-11-01,16.16,71.83,15.902807899999999
2006-11-02,14.26,84.34,14.2806712
2006-11-03,14.5,72.53,14.5
2006-11-04,14.14,72.86,14.193737200000001
2006-11-05,15.09,76.62,15.0141319
2006-11-06,15.01,72.45,14.93272225
2006-11-07,12.2,65.55,12.635792499999999
2006-11-08,12.36,71.97,12.6899131
2006-11-09,14.4,61.75,14.4210375
2006-11-10,15.66,66.58,15.4467804
2006-11-11,18.22,70.25,17.611314999999998
2006-11-12,17.69,68.54,17.1380343
2006-11-13,11.43,63.76,12.0419124
2006-11-14,12.64,67.86,12.968792200000001
2006-11-15,9.76,71.06,10.5144658
2006-11-16,12.1,68.5,12.5158
2006-11-17,14.54,71.37,14.5337014
2006-11-18,18.88,60.02,17.9168818
2006-11-19,20.96,57.1,19.435763
2006-11-20,24.88,41.02,21.512831799999997
2006-11-21,22.92,49.23,20.568841300000003
2006-11-22,16.93,67.64,16.4975086
2006-11-23,15.48,65.57,15.2944223
2006-11-24,16.68,65.97,16.2719803
2006-11-25,15.19,70.78,15.0791101
2006-11-26,13.28,70.01,13.4812329
2006-11-27,14.32,64.15,14.3554915
2006-11-28,15.66,67.35,15.451693
2006-11-29,13.56,56.68,13.7839644
2006-11-30,22.14,48.99,19.9965598
2006-12-01,18.56,50.98,17.4653834
2006-12-02,13.88,60.62,14.014285800000001
2006-12-03,14.75,59.08,14.693735
2006-12-04,18.61,49.07,17.45872735
2006-12-05,22.5,42.28,19.96032
2006-12-06,13.89,64.92,14.0076934
2006-12-07,15.3,66.66,15.153304
2006-12-08,19.43,58.32,18.2998468
2006-12-09,27.5,26.46,22.241889999999998
2006-12-10,23.35,59.36,21.371848
2006-12-11,14.05,56.53,14.15758825
2006-12-12,13.53,63.76,13.7233404
2006-12-13,20.93,31.55,18.50926575
2006-12-14,17.25,60.71,16.65573875
2006-12-15,13.88,60.97,14.0130923
2006-12-16,14.37,63.5,14.3960975
2006-12-17,17.44,59.93,16.7920681
2006-12-18,17.56,62.77,16.9334191
2006-12-19,16.01,61.67,15.691669350000002
2006-12-20,20.26,54.98,18.833766400000002
2006-12-21,28.3,32.33,23.163846999999997
2006-12-22,19.54,74.02,18.819834399999998
2006-12-23,14.25,59.59,14.30556375
2006-12-24,13.26,65.82,13.4931076
2006-12-25,12.29,65.55,12.70873975
2006-12-26,14.29,77.58,14.315895099999999
2006-12-27,14.62,72.94,14.6021404
2006-12-28,14.86,71.2,14.802976
2006-12-29,17.3,68.71,16.818134
2006-12-30,21.62,58.49,19.994468400000002
2006-12-31,21.57,67.5,20.306237499999998
2007-01-01,20.61,73.07,19.70501735
2007-01-02,22.81,63.02,21.119829099999997
2007-01-03,23.86,56.41,21.615986799999998
2007-01-04,26.26,46.42,22.7944456
2007-01-05,26.88,46.45,23.233780499999998
2007-01-06,24.34,62.51,22.3110412
2007-01-07,16.72,64.08,16.2814168
2007-01-08,15.44,67.12,15.2700104
2007-01-09,20,56.01,18.6693025
2007-01-10,27.96,24.5,22.370735
2007-01-11,20.2,65.2,19.109019999999997
2007-01-12,18.5,65.13,17.73286
2007-01-13,16.87,66.24,16.4299384
2007-01-14,17.75,72.91,17.26576625
2007-01-15,18.7,75.23,18.127813
2007-01-16,30.48,36.94,24.937656599999997
2007-01-17,21.18,70.71,20.1038854
2007-01-18,23.86,74.5,22.547259999999998
2007-01-19,24.17,77.98,22.9988663
2007-01-20,21.85,75.66,20.8660555
2007-01-21,18.46,71.73,17.8442794
2007-01-22,16.83,70.88,16.4568272
2007-01-23,18.93,71.13,18.22658245
2007-01-24,15.8,70.41,15.5884315
2007-01-25,16.33,68.69,16.01486485
2007-01-26,17.68,66.4,17.092336
2007-01-27,15.2,63.09,15.0578965
2007-01-28,17,66.09,16.5337375
2007-01-29,19.56,69.07,18.6992181
2007-01-30,18.05,66.82,17.4021605
2007-01-31,15.1,67.13,14.991529
2007-02-01,20.38,59.7,19.076698
2007-02-02,22.79,60.8,21.002675999999997
2007-02-03,18.6,75.39,18.0450445
2007-02-04,22.09,63.39,20.56171555
2007-02-05,21.52,63.24,20.1006964
2007-02-06,17.66,74.42,17.2154196
2007-02-07,17.18,71.11,16.7541614
2007-02-08,17.43,70.04,16.9471946
2007-02-09,21.41,67.55,20.17673775
2007-02-10,19.94,78.03,19.2826576
2007-02-11,19.8,77.13,19.1333395
2007-02-12,22.51,57.65,20.64427075
2007-02-13,25.07,53.73,22.380093549999998
2007-02-14,22.55,71.03,21.26735325
2007-02-15,26.28,50.21,23.0541059
2007-02-16,27.56,48,23.82484
2007-02-17,28.17,42.44,23.8423514
2007-02-18,25.25,67.62,23.3355325
2007-02-19,21.5,79.07,20.694195
2007-02-20,22.48,75.35,21.3981115
2007-02-21,22.36,73.93,21.2329939
2007-02-22,22.81,74.63,21.650464149999998
2007-02-23,22.53,69.96,21.2032834
2007-02-24,18.61,71.03,17.955133149999998
2007-02-25,19.14,77.55,18.567076
2007-02-26,22.01,62.43,20.458171150000002
2007-02-27,20.1,79.16,19.458128000000002
2007-02-28,21.46,77.24,20.5887472
2007-03-01,20.52,78.35,19.803168499999998
2007-03-02,22.92,66.69,21.3774139
2007-03-03,21.77,66.3,20.4225055
2007-03-04,18.35,64.57,17.59976975
2007-03-05,16.58,62.03,16.1456232
2007-03-06,19.47,57.73,18.31454955
2007-03-07,20.49,66.27,19.37876515
2007-03-08,16.42,66.03,16.0612768
2007-03-09,17.56,74.91,17.1377353
2007-03-10,23.53,42.08,20.6534032
2007-03-11,18.31,63.77,17.55080035
2007-03-12,15.75,67.36,15.5256
2007-03-13,16.74,69.92,16.3694144
2007-03-14,21.77,42.36,19.465264599999998
2007-03-15,24.12,73.07,22.6951337
2007-03-16,17.57,76.76,17.1775926
2007-03-17,15.42,68.06,15.2583836
2007-03-18,15.77,69.54,15.5572369
2007-03-19,18.35,68.07,17.673882250000002
2007-03-20,19.74,76.76,19.070223199999997
2007-03-21,21.28,72.93,20.2705597
2007-03-22,26.01,56.53,23.25813165
2007-03-23,22.67,65.13,21.10311655
2007-03-24,13.88,67.27,13.9916093
2007-03-25,14.19,68.53,14.24365635
2007-03-26,17.96,61.6,17.229248000000002
2007-03-27,19.61,56.15,18.377595749999998
2007-03-28,17.99,73.58,17.482868099999997
2007-03-29,16.06,67.39,15.780206199999999
2007-03-30,15.33,68.4,15.185746
2007-03-31,16.07,76.93,15.87079055
2007-04-01,16.95,78.97,16.66662075
2007-04-02,15.94,80.25,15.783579999999999
2007-04-03,14.29,74.1,14.3199145
2007-04-04,14.83,75.52,14.7855688
2007-04-05,14.9,68.83,14.831426
2007-04-06,14.95,70.5,14.8769875
2007-04-07,14.73,72.92,14.6957438
2007-04-08,18.2,56.5,17.314774999999997
2007-04-09,19,58.52,17.97337
2007-04-10,19.06,65.75,18.20101
2007-04-11,14.84,81.91,14.8061717
2007-04-12,14.71,76.62,14.6829961
2007-04-13,18.08,58.66,17.266015399999997
2007-04-14,19.59,62.56,18.5418672
2007-04-15,17.24,79.59,16.932421299999998
2007-04-16,15.58,78,15.44932
2007-04-17,17.9,64.84,17.242507999999997
2007-04-18,17.18,62.77,16.6312298
2007-04-19,17.49,59.7,16.8272665
2007-04-20,17.91,55.82,17.0814041
2007-04-21,15.57,82.26,15.4656001
2007-04-22,14.87,88.38,14.846353299999999
2007-04-23,14.65,77.41,14.63136325
2007-04-24,14.44,76.02,14.4479134
2007-04-25,14.43,72.72,14.440502799999999
2007-04-26,15.62,66.73,15.415056799999999
2007-04-27,16.42,78.92,16.197395200000003
2007-04-28,15.16,79.95,15.0872185
2007-04-29,15.13,83.72,15.0735898
2007-04-30,15.79,80.78,15.6536341
2007-05-01,17.52,59.18,16.8419798
2007-05-02,16.66,73.53,16.3455364
2007-05-03,15.14,79.86,15.069107200000001
2007-05-04,16.78,68.93,16.3903822
2007-05-05,16.84,80.95,16.5948265
2007-05-06,14.9,74.87,14.844714
2007-05-07,17.12,72.11,16.7181051
2007-05-08,13.89,67.04,14.0005808
2007-05-09,13.09,76.24,13.2742588
2007-05-10,13.54,82.4,13.632928
2007-05-11,13.6,88.93,13.6547965
2007-05-12,14.55,70.97,14.54201675
2007-05-13,15.95,78.76,15.780610999999999
2007-05-14,16.46,79.31,16.2369618
2007-05-15,15.69,87.06,15.6053077
2007-05-16,15.79,85.26,15.685419699999999
2007-05-17,14.7,92.79,14.692069
2007-05-18,13.17,90.61,13.23868785
2007-05-19,13.44,79.66,13.5585822
2007-05-20,12.71,74.37,12.96232735
2007-05-21,11.3,77.72,11.692128
2007-05-22,11.91,81.47,12.173959850000001
2007-05-23,13.37,75.82,13.520278699999999
2007-05-24,13.79,66.49,13.92085655
2007-05-25,13.61,66.72,13.7729056
2007-05-26,12.04,74.75,12.3816325
2007-05-27,14.47,65.25,14.47573375
2007-05-28,15.56,77.95,15.4314485
2007-05-29,12.54,82.05,12.733500999999999
2007-05-30,10.44,75.72,10.9821724
2007-05-31,10.29,83.31,10.676456949999999
2007-06-01,10.31,76.99,10.84026545
2007-06-02,9.45,80.84,9.982168999999999
2007-06-03,10.82,77.28,11.2798528
2007-06-04,10.27,86.35,10.58756725
2007-06-05,11.08,79.47,11.4661693
2007-06-06,11.89,82.25,12.14480125
2007-06-07,10.61,83.03,10.97307315
2007-06-08,10.5,86.39,10.79942
2007-06-09,9.76,90.08,10.0186144
2007-06-10,11.31,83.17,11.605282350000001
2007-06-11,9.75,84.41,10.157288750000001
2007-06-12,10.26,83.45,10.645946
2007-06-13,8.24,79.14,8.9582098
2007-06-14,8.17,88.9,8.5564465
2007-06-15,8.66,93.93,8.8549684
2007-06-16,9.5,92.03,9.719175
2007-06-17,8.32,81.05,8.9641105
2007-06-18,7.32,85.1,7.9084010000000005
2007-06-19,8.88,84.54,9.357868600000002
2007-06-20,9.47,84.83,9.88967805
2007-06-21,7.89,74.27,8.82541415
2007-06-22,10.13,88.87,10.39750955
2007-06-23,9.15,84.27,9.61285525
2007-06-24,7.51,77.06,8.3919283
2007-06-25,8.36,83.28,8.9246344
2007-06-26,10.76,86.38,11.0401634
2007-06-27,11.93,90.79,12.060183349999999
2007-06-28,10.05,91.79,10.25093975
2007-06-29,9.74,86.03,10.1057346
2007-06-30,9.74,84.13,10.1554766
2007-07-01,10.07,88.74,10.344349900000001
2007-07-02,10.76,84.53,11.0782179
2007-07-03,10.87,82.22,11.2249777
2007-07-04,9.9,86.99,10.229153
2007-07-05,7.84,92.31,8.121684700000001
2007-07-06,6.09,94.16,6.360129200000001
2007-07-07,8.33,93.62,8.5465053
2007-07-08,9.38,93.63,9.559379200000002
2007-07-09,7.94,93.36,8.179571200000002
2007-07-10,7.43,88.91,7.86123465
2007-07-11,8.65,86.06,9.0985195
2007-07-12,9.02,90,9.3214
2007-07-13,8.26,86.8,8.713024
2007-07-14,7.74,85.73,8.270558600000001
2007-07-15,7,82.77,7.7107375000000005
2007-07-16,8.68,74.68,9.4904932
2007-07-17,6.07,90.14,6.527158900000001
2007-07-18,7.9,86.49,8.390413
2007-07-19,8.61,88.36,8.9870778
2007-07-20,7.73,90.81,8.07218965
2007-07-21,6.85,81.9,7.6115575
2007-07-22,7.06,84.74,7.684439200000001
2007-07-23,9.36,79.4,9.942362
2007-07-24,9.97,84.9,10.3462165
2007-07-25,11.49,79.85,11.82358325
2007-07-26,11.21,89.29,11.40379745
2007-07-27,9.97,88.84,10.248051400000001
2007-07-28,8.49,87.47,8.904179150000001
2007-07-29,8.88,92.45,9.1133705
2007-07-30,9.35,86.32,9.737486
2007-07-31,10.48,80.07,10.9206523
2007-08-01,10.85,79.68,11.257924
2007-08-02,9.1,86.91,9.488773
2007-08-03,7.47,86.08,8.0082168
2007-08-04,9.6,84.27,10.0239235
2007-08-05,10.61,89.35,10.83785675
2007-08-06,10,88.5,10.284625
2007-08-07,11.24,75.16,11.6853812
2007-08-08,11.81,74.48,12.1875684
2007-08-09,12.27,79.6,12.520206
2007-08-10,13.34,76.01,13.4930562
2007-08-11,10.78,88.95,11.006083
2007-08-12,7.97,83.25,8.57157625
2007-08-13,6.81,88.51,7.29596955
2007-08-14,7.73,86.89,8.21815085
2007-08-15,9.47,81.12,9.9923152
2007-08-16,10.66,89.38,10.8842944
2007-08-17,9.58,87.87,9.9082378
2007-08-18,9.44,89.46,9.7333282
2007-08-19,8.71,88.21,9.085452550000001
2007-08-20,9.66,85.23,10.053177400000001
2007-08-21,8.65,90.74,8.947940500000001
2007-08-22,9.53,81.02,10.0488183
2007-08-23,10.76,77.57,11.221385100000001
2007-08-24,11.58,81.82,11.8719708
2007-08-25,13.09,78.6,13.255957
2007-08-26,13.5,77.5,13.62375
2007-08-27,14.59,68.09,14.57420455
2007-08-28,11.32,82.66,11.6232766
2007-08-29,11.08,79.05,11.4740695
2007-08-30,15.83,61.07,15.54522705
2007-08-31,9.02,78.43,9.6701198
2007-09-01,9.63,75.22,10.2937323
2007-09-02,11.22,77.33,11.6289668
2007-09-03,9.09,74.98,9.8344701
2007-09-04,8.17,77.81,8.94254485
2007-09-05,10.07,72.79,10.73297165
2007-09-06,11.86,72.49,12.2594452
2007-09-07,12.4,73.54,12.705613
2007-09-08,12.18,73.07,12.5236268
2007-09-09,12.97,77.92,13.155803200000001
2007-09-10,13.4,80.41,13.5185195
2007-09-11,11.94,88.39,12.1034688
2007-09-12,10.8,79.56,11.215954000000002
2007-09-13,14.49,66.04,14.4918678
2007-09-14,11.06,77.28,11.4898624
2007-09-15,10.46,68.08,11.169262400000001
2007-09-16,12.51,73.34,12.8017937
2007-09-17,10.72,75.44,11.2306024
2007-09-18,13.61,65.26,13.7800523
2007-09-19,12.1,82.6,12.32968
2007-09-20,11.12,72.45,11.6321545
2007-09-21,11.11,72.84,11.616398199999999
2007-09-22,9.4,72.83,10.1621185
2007-09-23,12.77,70.1,13.0544985
2007-09-24,11.15,75.27,11.60565025
2007-09-25,11.93,78.63,12.23206495
2007-09-26,11.71,84.64,11.945699200000002
2007-09-27,14.11,70.04,14.1742642
2007-09-28,10.08,73.29,10.7293201
2007-09-29,13.28,70.32,13.4791528
2007-09-30,13.48,81.8,13.582102
2007-10-01,12.42,77.41,12.6784296
2007-10-02,16.22,56.31,15.8066926
2007-10-03,11.44,66.47,12.004309899999999
2007-10-04,13.3,74.26,13.469884
2007-10-05,14.03,75.53,14.093254949999999
2007-10-06,9.98,72.26,10.6696164
2007-10-07,10.54,71.37,11.163561399999999
2007-10-08,10.78,73.97,11.3125738
2007-10-09,10.94,75.91,11.4116822
2007-10-10,16.01,60,15.677800000000001
2007-10-11,12.79,81.2,12.966814
2007-10-12,9.77,75.16,10.4162126
2007-10-13,11.64,76.43,12.0107561
2007-10-14,14.83,71.54,14.7783451
2007-10-15,17.27,56.34,16.604839899999998
2007-10-16,11.17,64.56,11.8190836
2007-10-17,11.55,66.9,12.0870475
2007-10-18,17.64,51.12,16.7958424
2007-10-19,12.74,73.39,12.9975848
2007-10-20,17.1,54.67,16.451781
2007-10-21,21.19,56.13,19.57580335
2007-10-22,12.62,82.74,12.798468399999999
2007-10-23,12.06,70.78,12.4521324
2007-10-24,12.18,77.73,12.4641652
2007-10-25,12.06,86.5,12.24117
2007-10-26,14.86,84.88,14.8300624
2007-10-27,21.06,49.88,19.2516704
2007-10-28,16.65,58.76,16.162336999999997
2007-10-29,15.29,58.02,15.107596899999999
2007-10-30,15.46,67.12,15.2863936
2007-10-31,14.69,69.54,14.658169299999999
2007-11-01,17.04,80.14,16.762555799999998
2007-11-02,14.95,78.82,14.897579499999999
2007-11-03,15.32,86.23,15.2578973
2007-11-04,11.3,83.31,11.593744000000001
2007-11-05,12.25,75.38,12.5546725
2007-11-06,13.96,76.66,14.029319800000001
2007-11-07,14.47,75.2,14.474092
2007-11-08,15.35,71.81,15.21821175
2007-11-09,17.79,66.67,17.18689365
2007-11-10,17.73,66.43,17.13362895
2007-11-11,16.45,68.85,16.115916249999998
2007-11-12,14.88,77.65,14.8332885
2007-11-13,16.52,77.77,16.2730247
2007-11-14,15.45,78.15,15.335833749999999
2007-11-15,16.76,68.1,16.363483000000002
2007-11-16,21.84,57.98,20.1436526
2007-11-17,20.17,75.05,19.391934250000002
2007-11-18,22.89,64.34,21.2444693
2007-11-19,25.96,46.61,22.5948283
2007-11-20,19.55,72.79,18.79424225
2007-11-21,13.35,81.79,13.46517825
2007-11-22,14.9,75.79,14.846738
2007-11-23,15.35,73.27,15.22503725
2007-11-24,16.08,74.42,15.857709799999999
2007-11-25,15.63,71.58,15.453369700000001
2007-11-26,15.89,75.64,15.7037678
2007-11-27,23.18,64.68,21.493823199999998
2007-11-28,19.52,77.75,18.9056775
2007-11-29,20.81,75.08,19.945151399999997
2007-11-30,18.82,75.56,18.2393056
2007-12-01,20.46,68.48,19.4267744
2007-12-02,23.55,63.72,21.744163
2007-12-03,17.88,77.65,17.4645135
2007-12-04,17.31,67.31,16.804776049999997
2007-12-05,18.66,69.03,17.9514064
2007-12-06,25.59,51.44,22.628082799999998
2007-12-07,17.36,64.98,16.8091354
2007-12-08,18.4,66.55,17.6824975
2007-12-09,15.78,62.01,15.512550399999999
2007-12-10,15.04,63,14.930109999999999
2007-12-11,16.51,72.55,16.20654025
2007-12-12,18.74,62.35,17.862001999999997
2007-12-13,22.38,53.08,20.3464872
2007-12-14,23.9,52.82,21.460794
2007-12-15,15.4,78.36,15.292882
2007-12-16,16.37,63.9,15.9987115
2007-12-17,19.21,62.03,18.22638715
2007-12-18,22.18,54.83,20.2720192
2007-12-19,24.18,62.15,22.164866
2007-12-20,22.26,76.19,21.243789200000002
2007-12-21,21.15,80.47,20.435690249999997
2007-12-22,13.65,76.93,13.757852250000001
2007-12-23,15.48,75.97,15.3504783
2007-12-24,14.52,65.43,14.5161973
2007-12-25,14.62,72.24,14.601678399999999
2007-12-26,17.23,67.99,16.74936985
2007-12-27,18.95,65.78,18.1124655
2007-12-28,25.68,38.93,21.9248057
2007-12-29,22.16,65.16,20.6921908
2007-12-30,20.86,69.87,19.8060526
2007-12-31,29.23,39.86,24.3577579
2008-01-01,21.08,60.73,19.658818699999998
2008-01-02,18.12,70.13,17.5252883
2008-01-03,22.23,63.3,20.6696995
2008-01-04,26.71,50.41,23.37978355
2008-01-05,27.31,45.83,23.49345265
2008-01-06,17.51,66.66,16.958056300000003
2008-01-07,17.6,65.41,17.010240500000002
2008-01-08,18.28,70.08,17.6579632
2008-01-09,21.19,69.96,20.0846782
2008-01-10,30.5,34.57,24.74216
2008-01-11,19.62,60.93,18.5197888
2008-01-12,18.96,61.88,18.024916400000002
2008-01-13,16.97,57.43,16.39168655
2008-01-14,16.67,64.38,16.2448753
2008-01-15,20.8,58.52,19.362718
2008-01-16,17.21,65.44,16.6948832
2008-01-17,19.01,71.78,18.3100029
2008-01-18,23.29,70.85,21.88074325
2008-01-19,19.44,86.64,19.0770088
2008-01-20,17.38,76.79,17.012353599999997
2008-01-21,17.28,66.77,16.7719133
2008-01-22,17.65,68.78,17.1091135
2008-01-23,20.39,68.29,19.362754550000002
2008-01-24,20.42,72.78,19.5337168
2008-01-25,22.74,66.43,21.2186076
2008-01-26,25.04,60.45,22.747286499999998
2008-01-27,19.63,69.68,18.7745212
2008-01-28,19.45,67.29,18.55947025
2008-01-29,19.66,72.82,18.8886316
2008-01-30,19.66,75.86,18.9749068
2008-01-31,16.23,72.99,15.97299985
2008-02-01,19.57,71.32,18.7702582
2008-02-02,20.78,71.98,19.812189200000002
2008-02-03,21.97,79.69,21.135563649999998
2008-02-04,23.7,71.2,22.24272
2008-02-05,21.06,80.73,20.3647384
2008-02-06,18.97,77.8,18.424212999999998
2008-02-07,15.64,62.49,15.4048123
2008-02-08,15.33,70.7,15.1962455
2008-02-09,16.1,72.53,15.858264000000002
2008-02-10,16.56,70.56,16.2264448
2008-02-11,19.46,67.59,18.5758552
2008-02-12,16.65,66.32,16.251734
2008-02-13,16.76,68.75,16.3715625
2008-02-14,16.96,75.35,16.6264855
2008-02-15,18.97,72.35,18.29022475
2008-02-16,21.33,60.41,19.84280165
2008-02-17,24.43,49.89,21.69324235
2008-02-18,25.07,46.93,21.98477555
2008-02-19,25.34,49.89,22.3524418
2008-02-20,16.43,73.13,16.14477495
2008-02-21,20.85,67.45,19.71319125
2008-02-22,17.44,72.21,16.990635700000002
2008-02-23,16.71,67.86,16.319338300000002
2008-02-24,15.81,66.7,15.570073500000001
2008-02-25,16.79,71.21,16.42738995
2008-02-26,16.95,71,16.559224999999998
2008-02-27,15.98,71.01,15.744021400000001
2008-02-28,14.42,61.18,14.4370808
2008-02-29,13.82,62.67,13.9596142
2008-03-01,15.81,62.41,15.53916405
2008-03-02,21.03,44.13,19.02342895
2008-03-03,22.92,48.69,20.5438339
2008-03-04,16.79,75.11,16.47651045
2008-03-05,21.56,49.55,19.6010265
2008-03-06,16.86,75.95,16.547831
2008-03-07,18.31,55.8,17.383789
2008-03-08,21.91,58.91,20.23537705
2008-03-09,24.84,41.77,21.5284599
2008-03-10,22.09,68.14,20.7600043
2008-03-11,16.29,77.55,16.06897975
2008-03-12,19.43,67.49,18.54849135
2008-03-13,28.71,28.46,23.118791299999998
2008-03-14,24.09,59.37,21.946970649999997
2008-03-15,26.16,44.72,22.6148936
2008-03-16,27.27,43.21,23.281354349999997
2008-03-17,28.77,32.95,23.50758075
2008-03-18,18.91,65.78,18.0799939
2008-03-19,17.34,65.77,16.8053274
2008-03-20,14.91,65.32,14.8317966
2008-03-21,14.52,64.98,14.516147799999999
2008-03-22,20.11,58.02,18.8147071
2008-03-23,22.21,65.06,20.7283693
2008-03-24,21.18,75.97,20.297137799999998
2008-03-25,18.2,63.51,17.4574285
2008-03-26,13.19,77.6,13.351391999999999
2008-03-27,13.19,73.35,13.38201325
2008-03-28,13.6,61.12,13.792456
2008-03-29,13.61,66.5,13.773982499999999
2008-03-30,15.96,68.97,15.7108291
2008-03-31,14.87,71.98,14.812979299999999
2008-04-01,19.14,52.03,17.9158056
2008-04-02,14.81,66.7,14.7532235
2008-04-03,13.2,74.88,13.379608
2008-04-04,16.04,77.46,15.849086199999999
2008-04-05,14.99,76.43,14.92647885
2008-04-06,14.97,79.62,14.9173177
2008-04-07,16.72,69.24,16.344420399999997
2008-04-08,18.35,59.15,17.48500125
2008-04-09,18.08,63.78,17.366828199999997
2008-04-10,19.79,52.92,18.4202074
2008-04-11,19.58,63.9,18.571365999999998
2008-04-12,15.23,70.83,15.11288245
2008-04-13,12.72,79.05,12.925100500000001
2008-04-14,13.95,85.4,13.994164999999999
2008-04-15,13.78,77.71,13.8682684
2008-04-16,14.46,82.02,14.4639556
2008-04-17,14.62,77.53,14.605169799999999
2008-04-18,14.77,75.56,14.7337066
2008-04-19,15.91,65.14,15.6396607
2008-04-20,14.88,73.93,14.8255137
2008-04-21,13.72,84.3,13.787353000000001
2008-04-22,14.07,81.63,14.113445050000001
2008-04-23,14.29,73.69,14.32038805
2008-04-24,16.7,48.21,16.073341
2008-04-25,17.25,64.41,16.71170125
2008-04-26,13.3,72.15,13.48381
2008-04-27,9.96,76.07,10.557532100000001
2008-04-28,10.4,79.99,10.8512255
2008-04-29,10.78,73.95,11.312983
2008-04-30,11.97,64.54,12.4634259
2008-05-01,11.67,85.39,11.89740465
2008-05-02,12.31,78.96,12.5634268
2008-05-03,11.82,77.25,12.155335000000001
2008-05-04,14.02,67.43,14.1059848
2008-05-05,13.28,81.36,13.4050744
2008-05-06,13.46,83.69,13.5532932
2008-05-07,13.39,82.8,13.495006
2008-05-08,13.94,85.52,13.9845984
2008-05-09,13.76,90.25,13.7996825
2008-05-10,13.02,90.25,13.099365
2008-05-11,11.88,76.44,12.2194996
2008-05-12,11.33,78.62,11.7027603
2008-05-13,11.78,78.96,12.0947584
2008-05-14,12.77,74.47,13.01291795
2008-05-15,14.63,71.54,14.6096511
2008-05-16,13.2,75.88,13.372458
2008-05-17,9.79,89.11,10.07210545
2008-05-18,10.76,81.37,11.1432191
2008-05-19,12.29,87.8,12.438291
2008-05-20,12.74,83.44,12.9003008
2008-05-21,9.88,82.79,10.317306100000001
2008-05-22,9.33,80.47,9.88533555
2008-05-23,8.68,82.22,9.2491378
2008-05-24,9.96,72.68,10.6421804
2008-05-25,12.44,81.03,12.6549301
2008-05-26,13.45,88.16,13.518376
2008-05-27,11.63,92.84,11.743020600000001
2008-05-28,11,88.57,11.2200275
2008-05-29,12.24,70.09,12.6117813
2008-05-30,12.27,68.92,12.6511962
2008-05-31,11.93,82.6,12.175949
2008-06-01,10.74,83.07,11.0901124
2008-06-02,10.86,82.05,11.219358999999999
2008-06-03,10.3,92.81,10.466089
2008-06-04,11.62,93.78,11.718524799999999
2008-06-05,11.46,90.64,11.616499200000002
2008-06-06,11.55,88.05,11.743888750000002
2008-06-07,10.89,93.17,11.025609650000002
2008-06-08,12.08,76.34,12.3949146
2008-06-09,14.03,83.7,14.0721355
2008-06-10,13.64,76.89,13.749310300000001
2008-06-11,12.46,72.92,12.7638376
2008-06-12,12.58,74.67,12.8474848
2008-06-13,10.53,78.02,11.0099333
2008-06-14,11.42,81.58,11.732034800000001
2008-06-15,9.74,86.05,10.105211
2008-06-16,10.42,80.33,10.861394800000001
2008-06-17,12.46,79.97,12.6847366
2008-06-18,12.07,85.69,12.26125315
2008-06-19,11.07,91.88,11.223183800000001
2008-06-20,11.1,89.58,11.294854
2008-06-21,11.69,85.21,11.91857945
2008-06-22,11.7,84.38,11.940548
2008-06-23,11.54,90.6,11.693031999999999
2008-06-24,11.65,83.66,11.9061295
2008-06-25,12.43,63.28,12.8480572
2008-06-26,11.14,74.67,11.608098400000001
2008-06-27,11.19,79.88,11.5562846
2008-06-28,11.31,72.64,11.790031200000001
2008-06-29,11.61,59.3,12.2569265
2008-06-30,10.92,74.65,11.4191415
2008-07-01,11.4,71.54,11.885243000000001
2008-07-02,9.9,79.1,10.42877
2008-07-03,9.9,86.49,10.241803
2008-07-04,8.49,77.74,9.2258043
2008-07-05,10.33,78.22,10.829524300000001
2008-07-06,11.16,72.12,11.6721556
2008-07-07,7.95,92.19,8.23135525
2008-07-08,7.47,89.7,7.8682495
2008-07-09,9.85,81.97,10.31111725
2008-07-10,8.93,78.76,9.5806874
2008-07-11,8.23,87.05,8.676580750000001
2008-07-12,8.68,67.45,9.7219255
2008-07-13,8.48,84.97,8.9776433
2008-07-14,10.19,81.29,10.63352055
2008-07-15,10.08,85.55,10.4312795
2008-07-16,10.25,87.06,10.5524725
2008-07-17,9.44,79.96,9.9977132
2008-07-18,7.68,86.49,8.1867601
2008-07-19,10.68,72.97,11.2479003
2008-07-20,9.65,89.56,9.928487
2008-07-21,8.57,76.47,9.33743095
2008-07-22,8.48,86.92,8.913078800000001
2008-07-23,7.55,88.99,7.970857250000001
2008-07-24,8.22,74.19,9.1114774
2008-07-25,8.12,82.27,8.7421457
2008-07-26,8.74,84.72,9.2240704
2008-07-27,7.36,92.66,7.648241800000001
2008-07-28,7.08,89.29,7.5170751000000005
2008-07-29,8.04,78.87,8.7907489
2008-07-30,9.3,75.63,9.996982000000001
2008-07-31,10.57,80.9,10.9828465
2008-08-01,9.1,86.3,9.50689
2008-08-02,8.19,91.18,8.4960981
2008-08-03,9.5,78.39,10.094275
2008-08-04,8.78,87.9,9.160665999999999
2008-08-05,9.05,90.73,9.327868250000002
2008-08-06,9.05,82.44,9.576361000000002
2008-08-07,8.73,83.83,9.243154950000001
2008-08-08,8.35,82.11,8.95512925
2008-08-09,7.56,83.08,8.2058364
2008-08-10,7.81,91.73,8.11429465
2008-08-11,7.7,86.94,8.188444
2008-08-12,7.78,83.26,8.3987104
2008-08-13,8.87,82.09,9.42458315
2008-08-14,10.18,88.59,10.4511016
2008-08-15,9.82,89.94,10.078944400000001
2008-08-16,8.67,81.33,9.26865355
2008-08-17,8.18,85.14,8.6965336
2008-08-18,8.09,88.66,8.4897917
2008-08-19,10.73,74.55,11.257705750000001
2008-08-20,9.38,77.05,10.026272
2008-08-21,7.55,83.85,8.167333750000001
2008-08-22,6.77,83.78,7.4595933
2008-08-23,8.65,90.86,8.9440795
2008-08-24,8.6,85.5,9.070525
2008-08-25,9.58,74.98,10.2570412
2008-08-26,9.2,82.91,9.6981735
2008-08-27,10.29,84.76,10.642882199999999
2008-08-28,9.17,88.35,9.51151975
2008-08-29,10.86,76.4,11.332472
2008-08-30,11.96,82.94,12.1983282
2008-08-31,8.68,87.4,9.083326
2008-09-01,10.69,78.67,11.13697015
2008-09-02,9.25,81.15,9.79429375
2008-09-03,8.33,80.04,9.007342600000001
2008-09-04,10.93,79.02,11.3419423
2008-09-05,12.28,77.03,12.5604637
2008-09-06,11.53,84.25,11.78727625
2008-09-07,10.11,82.5,10.5325375
2008-09-08,9.3,72.96,10.073344
2008-09-09,9.62,74.81,10.2960996
2008-09-10,11.12,64.89,11.7726949
2008-09-11,13.4,56.88,13.660876
2008-09-12,15.41,67.77,15.24868885
2008-09-13,16.1,64.36,15.786368000000001
2008-09-14,12.51,57.83,12.97155065
2008-09-15,10.32,72.4,10.954524000000001
2008-09-16,9.55,71.52,10.325368000000001
2008-09-17,10.56,70.59,11.1973147
2008-09-18,13.26,58.19,13.5451442
2008-09-19,13.44,82.41,13.5425497
2008-09-20,10.53,73.45,11.10971925
2008-09-21,14.48,54.21,14.4850369
2008-09-22,10.19,77.34,10.7271553
2008-09-23,10.48,79.05,10.9432045
2008-09-24,11.83,73.34,12.2215021
2008-09-25,15.68,52.99,15.3749051
2008-09-26,14.87,71.54,14.8120839
2008-09-27,15.42,71.5,15.27579
2008-09-28,12.35,71.48,12.687249
2008-09-29,9.34,73.9,10.080718
2008-09-30,10.97,69.73,11.55769205
2008-10-01,15.65,56.22,15.373091500000001
2008-10-02,15.18,73.93,15.0824982
2008-10-03,13.6,80.16,13.698208
2008-10-04,11.05,60.59,11.797804750000001
2008-10-05,13.03,67.22,13.2950263
2008-10-06,9.42,76.52,10.076031200000001
2008-10-07,11.17,76.27,11.60461495
2008-10-08,10.96,71.73,11.510416900000001
2008-10-09,13.05,68.74,13.2992985
2008-10-10,14.58,71.84,14.5676096
2008-10-11,18.11,51.89,17.15477595
2008-10-12,20.65,47.33,18.86843725
2008-10-13,12.72,63.54,13.076943400000001
2008-10-14,11.82,72.97,12.218422200000001
2008-10-15,13,79.74,13.167145
2008-10-16,14.12,74.5,14.173295
2008-10-17,15.5,71.39,15.342645
2008-10-18,19.93,55.54,18.6022021
2008-10-19,12.16,71.65,12.5248645
2008-10-20,11.96,66.31,12.4306493
2008-10-21,11.89,66.02,12.377782900000001
2008-10-22,10.62,64.54,11.3767164
2008-10-23,14.44,59.33,14.4534211
2008-10-24,17.94,46.04,16.9190768
2008-10-25,20.9,43.46,18.909792
2008-10-26,20.05,59.67,18.81892675
2008-10-27,15.26,68.45,15.128121
2008-10-28,13.21,70.24,13.4211472
2008-10-29,17.02,66.18,16.5512548
2008-10-30,20.12,63.53,18.9927123
2008-10-31,14.57,74.16,14.5600516
2008-11-01,14.55,77.3,14.5437575
2008-11-02,19.04,70.98,18.315370599999998
2008-11-03,13.37,68.45,13.56608325
2008-11-04,12.05,63.8,12.537795000000001
2008-11-05,18.15,59.56,17.338167
2008-11-06,15.88,67.37,15.6323383
2008-11-07,15.37,77.57,15.262672449999998
2008-11-08,14.3,69.52,14.333528000000001
2008-11-09,17.04,71.56,16.6426932
2008-11-10,16.42,73.36,16.1386816
2008-11-11,22.66,51.8,20.496783999999998
2008-11-12,25.14,41.74,21.7306248
2008-11-13,20.01,66.94,19.008116700000002
2008-11-14,14.29,71.22,14.3232409
2008-11-15,14.38,56.99,14.4083866
2008-11-16,12.63,61.4,13.027001
2008-11-17,13.03,71.31,13.26195865
2008-11-18,14.03,80.55,14.08027825
2008-11-19,15.82,86.07,15.7188682
2008-11-20,13.08,72.15,13.2975085
2008-11-21,12.72,72.85,12.985798500000001
2008-11-22,12.51,77.55,12.75571525
2008-11-23,14.21,72.4,14.254022
2008-11-24,13.16,79.75,13.3092425
2008-11-25,17.25,63.23,16.69385375
2008-11-26,22.06,55.55,20.211768999999997
2008-11-27,18.95,70.3,18.2230925
2008-11-28,14.81,83.23,14.78140715
2008-11-29,14,73.58,14.072655
2008-11-30,17.13,61.16,16.568179399999998
2008-12-01,15.29,58.61,15.110160449999999
2008-12-02,15.93,69.55,15.69051075
2008-12-03,14.08,68.26,14.1533194
2008-12-04,19.28,58.66,18.1931714
2008-12-05,20.6,65.03,19.4267565
2008-12-06,16.69,62.24,16.235180800000002
2008-12-07,14.28,63.75,14.323862499999999
2008-12-08,16.01,61.74,15.6922507
2008-12-09,14.19,77.66,14.2280897
2008-12-10,13.69,65.41,13.844098449999999
2008-12-11,17.51,67.49,16.97179695
2008-12-12,17.45,86.75,17.23501875
2008-12-13,14.23,89.36,14.2458004
2008-12-14,14.48,73.71,14.4828919
2008-12-15,15.49,69.24,15.322511800000001
2008-12-16,15.63,80.87,15.511107050000001
2008-12-17,15.21,79.47,15.12983035
2008-12-18,13.65,76.12,13.761639
2008-12-19,13.39,69.19,13.57809505
2008-12-20,15.94,75.77,15.7480984
2008-12-21,22.06,54.54,20.169773199999998
2008-12-22,20.18,69.62,19.2309288
2008-12-23,15.24,69.82,15.1171674
2008-12-24,16.89,66.86,16.4543747
2008-12-25,18.04,69.42,17.4446074
2008-12-26,19.94,70.72,19.063942400000002
2008-12-27,19.03,71.42,18.3179293
2008-12-28,18.94,63.46,18.0476932
2008-12-29,16.74,66.2,16.323584
2008-12-30,16.37,64.25,16.00231125
2008-12-31,16.58,65.06,16.1802864
2009-01-01,13.99,62.1,14.0963095
2009-01-02,13.66,59.9,13.845262
2009-01-03,15.42,62.37,15.229592199999999
2009-01-04,18.41,61.83,17.58915415
2009-01-05,20.2,57.65,18.8723275
2009-01-06,20.01,73.62,19.2105541
2009-01-07,16.01,70.73,15.766912650000002
2009-01-08,14.41,62.71,14.42845855
2009-01-09,15.67,64.73,15.44303755
2009-01-10,16.01,71.64,15.774470200000001
2009-01-11,16.75,71.67,16.39941625
2009-01-12,18.79,70.46,18.093003699999997
2009-01-13,27.6,31.86,22.690513
2009-01-14,19.34,66.58,18.4503596
2009-01-15,17.43,62.09,16.81908035
2009-01-16,16.12,54.24,15.7122784
2009-01-17,15.23,66.05,15.09369075
2009-01-18,18.63,55.08,17.6096422
2009-01-19,25.45,43.82,22.066559499999997
2009-01-20,22.68,57.77,20.7800723
2009-01-21,21.66,58.2,20.013916
2009-01-22,20.18,54.17,18.7482708
2009-01-23,21.44,49.01,19.493711700000002
2009-01-24,16.69,59.47,16.20181615
2009-01-25,17.99,64.73,17.31299235
2009-01-26,18.75,75.14,18.1688975
2009-01-27,26.44,37.21,22.3165807
2009-01-28,33.06,27.24,25.6326592
2009-01-29,32.12,39.17,26.224964699999997
2009-01-30,28.63,56.1,25.2183115
2009-01-31,22.68,76.6,21.627233999999998
2009-02-01,23.26,73.4,21.978412000000002
2009-02-02,21.92,78.62,21.0474822
2009-02-03,22.07,68.6,20.762661
2009-02-04,23.79,66.4,22.073207999999997
2009-02-05,20.52,70.76,19.5518636
2009-02-06,24.08,55.9,21.756370999999998
2009-02-07,26.55,55.24,23.583531
2009-02-08,17.34,64.35,16.783147
2009-02-09,16.18,55.86,15.7721464
2009-02-10,15.56,63.34,15.3462722
2009-02-11,15.67,67.18,15.4588033
2009-02-12,17.04,60.49,16.4880453
2009-02-13,19.61,54.61,18.33431405
2009-02-14,20.39,61.34,19.1376093
2009-02-15,19.93,65.42,18.8972683
2009-02-16,21.71,55.44,19.9429732
2009-02-17,22.15,51.69,20.11735675
2009-02-18,20.86,63.71,19.5905758
2009-02-19,21.72,59.31,20.1042001
2009-02-20,18.51,69.95,17.847247250000002
2009-02-21,18.42,72.52,17.827531200000003
2009-02-22,19.78,72.28,18.9750112
2009-02-23,20.18,53.52,18.7279648
2009-02-24,16.57,65.64,16.1788114
2009-02-25,17.55,74.17,17.11670175
2009-02-26,22.36,52.09,20.288850699999998
2009-02-27,23.52,53.66,21.2210726
2009-02-28,17.23,68.6,16.758529
2009-03-01,16.83,66.4,16.399416
2009-03-02,21.28,49.68,19.4035672
2009-03-03,20.06,60.55,18.853619
2009-03-04,15.69,66.44,15.4703498
2009-03-05,15.23,69.59,15.10790385
2009-03-06,15.88,71.11,15.6607249
2009-03-07,16.06,69.02,15.7941916
2009-03-08,15.24,74.08,15.1345056
2009-03-09,17.94,76.65,17.498218
2009-03-10,19.97,75.92,19.2455532
2009-03-11,21.91,69.39,20.66248945
2009-03-12,19.81,85.32,19.381270599999997
2009-03-13,21.7,75.96,20.748016
2009-03-14,15.48,75.37,15.3472443
2009-03-15,14.9,69.19,14.832218000000001
2009-03-16,15.99,73.91,15.77619245
2009-03-17,15.45,70.72,15.297011999999999
2009-03-18,19.57,50.31,18.184394349999998
2009-03-19,20.21,67.64,19.1937342
2009-03-20,19.53,68.62,18.661872300000002
2009-03-21,24.82,45.45,21.723742
2009-03-22,17.36,74.35,16.956525499999998
2009-03-23,14.92,73.16,14.8579996
2009-03-24,17.3,70.47,16.845238000000002
2009-03-25,18.44,80.51,18.017651700000002
2009-03-26,16.08,69,15.810609999999999
2009-03-27,15.04,69.53,14.949504099999999
2009-03-28,19.09,45.74,17.7202063
2009-03-29,17.16,74.81,16.7914703
2009-03-30,17.89,77.5,17.4704875
2009-03-31,20.48,64.98,19.3281922
2009-04-01,21.45,60.11,19.92520475
2009-04-02,23.66,60.61,21.675531799999998
2009-04-03,14.93,76.24,14.8738076
2009-04-04,14.85,69.77,14.79180725
2009-04-05,13.53,69.79,13.69117035
2009-04-06,14.19,70.26,14.240706699999999
2009-04-07,14.53,81.69,14.526978849999999
2009-04-08,14.44,78.92,14.4469564
2009-04-09,16.21,74.1,15.9664105
2009-04-10,15.62,79.76,15.495321599999999
2009-04-11,16.12,82.76,15.966391600000001
2009-04-12,15.46,74.22,15.3238816
2009-04-13,16.79,60.01,16.28632595
2009-04-14,18.26,59.69,17.4263892
2009-04-15,11.92,65.84,12.4047304
2009-04-16,15.04,73.08,14.9600476
2009-04-17,16.05,77.09,15.854692250000001
2009-04-18,15.4,80.78,15.304861
2009-04-19,13.81,83.38,13.8730729
2009-04-20,14.8,73.83,14.7568195
2009-04-21,15.97,65.7,15.6926845
2009-04-22,16.73,61.53,16.25816545
2009-04-23,17.84,60.37,17.1119969
2009-04-24,14.33,89.63,14.33969595
2009-04-25,12.69,75.46,12.9342957
2009-04-26,10.62,78.9,11.070274
2009-04-27,10.21,80.55,10.668922750000002
2009-04-28,10.7,61.77,11.499006999999999
2009-04-29,8.88,71.14,9.772062600000002
2009-04-30,11.37,59.72,12.0634202
2009-05-01,12.32,81.44,12.542534400000001
2009-05-02,12.73,76.13,12.96237445
2009-05-03,13.1,84.25,13.221275
2009-05-04,11.99,80.29,12.26209655
2009-05-05,12.09,78.02,12.3813449
2009-05-06,12.23,88.96,12.367834400000001
2009-05-07,12.89,82.4,13.045848000000001
2009-05-08,13.86,86.12,13.9088576
2009-05-09,13.56,82.34,13.6513022
2009-05-10,12.53,87.04,12.6704216
2009-05-11,12.51,84.73,12.67713015
2009-05-12,12.01,81.57,12.26239885
2009-05-13,12.38,80.43,12.6081862
2009-05-14,13.68,79.87,13.7707863
2009-05-15,14.41,79.68,14.4200584
2009-05-16,12.05,76.27,12.36976175
2009-05-17,12.6,79.42,12.815061
2009-05-18,10.96,77.26,11.4027478
2009-05-19,13.42,72.99,13.5804394
2009-05-20,12.96,82.4,13.109072000000001
2009-05-21,11.22,84.92,11.492043200000001
2009-05-22,12.93,75.13,13.14475245
2009-05-23,16.68,66.28,16.2756972
2009-05-24,16.08,76.36,15.874568399999998
2009-05-25,13.69,89.15,13.73833675
2009-05-26,11.51,84.64,11.7625952
2009-05-27,11.54,85.15,11.781758
2009-05-28,10.05,88.09,10.341497250000002
2009-05-29,10.16,85.5,10.506115000000001
2009-05-30,10.28,89.43,10.5253297
2009-05-31,11.32,80.44,11.6621044
2009-06-01,11.26,92.46,11.3943628
2009-06-02,11.77,91.36,11.8997296
2009-06-03,13.21,88.22,13.2935791
2009-06-04,12.09,85.58,12.2811371
2009-06-05,10.69,87.44,10.9531948
2009-06-06,9.8,87.12,10.132948
2009-06-07,10.18,88.39,10.4558536
2009-06-08,9.2,87.3,9.570205
2009-06-09,8.44,81.21,9.0662707
2009-06-10,8.54,80.7,9.172654
2009-06-11,8.09,80.28,8.7852286
2009-06-12,8.42,69.71,9.4328976
2009-06-13,9.02,73.73,9.8117778
2009-06-14,10.69,74.67,11.22079015
2009-06-15,9.55,91.85,9.77188375
2009-06-16,9.78,89.19,10.0606276
2009-06-17,8.05,88.85,8.445546250000001
2009-06-18,9.45,77.45,10.07632625
2009-06-19,10.02,82,10.46352
2009-06-20,11.12,90.68,11.293258799999998
2009-06-21,11.81,92.52,11.9206666
2009-06-22,10.78,87.45,11.036773
2009-06-23,10.88,91.31,11.0530179
2009-06-24,10.13,80.63,10.595557950000002
2009-06-25,9.3,87.02,9.671228000000001
2009-06-26,9.97,83.82,10.373124700000002
2009-06-27,10.51,82.3,10.8984265
2009-06-28,11.03,82.03,11.37295745
2009-06-29,13.4,78.96,13.527292000000001
2009-06-30,12.85,77.77,13.05173725
2009-07-01,10.74,81.74,11.1176168
2009-07-02,9.99,87.13,10.309240350000001
2009-07-03,10.68,83.01,11.0369599
2009-07-04,10.94,79.27,11.3458934
2009-07-05,9.76,81.97,10.2300421
2009-07-06,9.13,81.63,9.672557950000002
2009-07-07,7.23,80.52,8.008907800000001
2009-07-08,7.9,79.4,8.647780000000001
2009-07-09,9.39,83.19,9.862445050000002
2009-07-10,11.32,79.06,11.6862406
2009-07-11,11.3,83.89,11.583536
2009-07-12,10.82,84.47,11.134327200000001
2009-07-13,9.41,88.72,9.7257836
2009-07-14,8.41,89.03,8.77744015
2009-07-15,9.47,80.68,10.004487800000001
2009-07-16,9.07,87.87,9.43226245
2009-07-17,8.24,86.26,8.7130682
2009-07-18,10.19,73.82,10.8105969
2009-07-19,11.58,72.97,12.0141018
2009-07-20,11.93,62.25,12.46359625
2009-07-21,11.67,75.24,12.0553894
2009-07-22,9.82,81.83,10.287695800000002
2009-07-23,8.12,82.63,8.7295133
2009-07-24,9.23,67.67,10.16708505
2009-07-25,8.66,68.43,9.674028400000001
2009-07-26,9.43,77.82,10.0484893
2009-07-27,9.04,89.58,9.3529126
2009-07-28,10.71,87.5,10.970562500000002
2009-07-29,10.06,91.21,10.274651800000001
2009-07-30,10.52,88.74,10.7664814
2009-07-31,9.75,87.07,10.08779625
2009-08-01,10.68,86.88,10.9556512
2009-08-02,12.19,70.36,12.5665762
2009-08-03,9.38,73.76,10.118918400000002
2009-08-04,9.33,89.87,9.61804655
2009-08-05,11.6,78.09,11.9494645
2009-08-06,13.38,65.79,13.5907336
2009-08-07,7.66,78.64,8.463563200000001
2009-08-08,8.12,69.97,9.1737527
2009-08-09,8.78,72.02,9.6602508
2009-08-10,8.85,90.19,9.15484575
2009-08-11,10.01,94.26,10.1517493
2009-08-12,10.84,93.98,10.9611826
2009-08-13,10.77,87.67,11.02294995
2009-08-14,10.92,79.72,11.3193132
2009-08-15,14.78,60.46,14.7191084
2009-08-16,11.51,74.78,11.9247429
2009-08-17,9.97,76.3,10.5604855
2009-08-18,10.59,79.18,11.0377341
2009-08-19,11.2,76.83,11.620535499999999
2009-08-20,12.59,85.7,12.7402215
2009-08-21,8.94,77.83,9.6179586
2009-08-22,10.52,77.96,11.0024556
2009-08-23,12.63,70.89,12.929396350000001
2009-08-24,10.14,75.55,10.726311
2009-08-25,9.34,69.99,10.1916838
2009-08-26,11.74,69.52,12.202686400000001
2009-08-27,11.67,78.59,12.00324665
2009-08-28,13.58,76.3,13.699922
2009-08-29,9.96,82.3,10.401969000000001
2009-08-30,10.83,78.96,11.2546924
2009-08-31,9.95,83.12,10.372422
2009-09-01,10.02,75.46,10.6246656
2009-09-02,12.49,72.18,12.7975501
2009-09-03,11.58,79.89,11.902966600000001
2009-09-04,9.14,84.87,9.5860324
2009-09-05,9.9,79.93,10.407771
2009-09-06,10.87,77.11,11.326998849999999
2009-09-07,11.53,84.98,11.7753517
2009-09-08,11.48,83.19,11.759214100000001
2009-09-09,10.98,79.3,11.380752000000001
2009-09-10,9.96,80.98,10.434929400000001
2009-09-11,14.92,56.96,14.8205776
2009-09-12,17.76,57.51,16.9981543
2009-09-13,11.68,73.3,12.094117
2009-09-14,10.78,70.77,11.3780458
2009-09-15,12.53,62.64,12.9347956
2009-09-16,14.93,64.52,14.8460898
2009-09-17,11.8,88.3,11.973745000000001
2009-09-18,12.09,72.8,12.450536
2009-09-19,13.09,80.24,13.2432388
2009-09-20,11.64,78.71,11.9748917
2009-09-21,13.22,78.95,13.368192
2009-09-22,13.62,81.77,13.708233199999999
2009-09-23,12.23,78.28,12.501174200000001
2009-09-24,13.17,77.43,13.33509955
2009-09-25,10.28,87.67,10.5661793
2009-09-26,8.78,82.67,9.3252018
2009-09-27,10.53,83.96,10.8802334
2009-09-28,10.04,82.32,10.473690399999999
2009-09-29,12.45,69.81,12.79039225
2009-09-30,15.18,64.39,15.0468186
2009-10-01,11.59,81.29,11.88945355
2009-10-02,10.93,73.74,11.4456151
2009-10-03,12.01,77.09,12.32375245
2009-10-04,12.34,82.28,12.5505136
2009-10-05,11.36,80.66,11.6940018
2009-10-06,8.68,85.03,9.1591897
2009-10-07,9.58,74.65,10.265971
2009-10-08,9.96,74.41,10.598982300000001
2009-10-09,10.33,77.26,10.8515419
2009-10-10,11.93,75.64,12.2743286
2009-10-11,14.61,67.09,14.590089449999999
2009-10-12,12.46,73.21,12.760583800000001
2009-10-13,11.6,81.07,11.9019335
2009-10-14,11.37,84.71,11.633217349999999
2009-10-15,10.72,82.32,11.0875672
2009-10-16,12.23,82.8,12.444742
2009-10-17,11.18,78.33,11.575694200000001
2009-10-18,12.54,78.5,12.77177
2009-10-19,15.54,65.97,15.345348399999999
2009-10-20,16.4,72.95,16.1173275
2009-10-21,11.77,75.41,12.139218849999999
2009-10-22,12.39,74.79,12.682562050000001
2009-10-23,12.82,72,13.07872
2009-10-24,13.28,71.8,13.469222
2009-10-25,11.36,68.29,11.9076317
2009-10-26,13.05,73.92,13.257988000000001
2009-10-27,14.53,73.88,14.5256902
2009-10-28,14.1,78.73,14.146794
2009-10-29,21.49,66.71,20.210165949999997
2009-10-30,20.92,79.76,20.205325600000002
2009-10-31,20.54,74.46,19.6915612
2009-11-01,14.84,82.84,14.8079108
2009-11-02,19.27,69.35,18.465897249999998
2009-11-03,14.36,70.53,14.3826919
2009-11-04,13.54,65.68,13.7212096
2009-11-05,12.66,70.76,12.9559088
2009-11-06,16.93,70.33,16.53346045
2009-11-07,22.75,57.75,20.83290625
2009-11-08,23.89,53.59,21.49315555
2009-11-09,24.44,50.7,21.744769
2009-11-10,24.39,48.82,21.6060639
2009-11-11,22.28,62.3,20.666817000000002
2009-11-12,18.46,71.48,17.8388344
2009-11-13,20.71,61.92,19.4093776
2009-11-14,18.7,65.88,17.911828
2009-11-15,20.12,55.72,18.7513052
2009-11-16,16.34,70.42,16.0406504
2009-11-17,16.44,72.62,16.1478554
2009-11-18,25.61,39.09,21.88809445
2009-11-19,24.15,49.8,21.485635
2009-11-20,21.44,69.37,20.2708529
2009-11-21,18.78,87.1,18.476334
2009-11-22,14.45,73.95,14.45716375
2009-11-23,16.15,59.93,15.786364749999999
2009-11-24,17.86,57.44,17.0734912
2009-11-25,19,76.53,18.4191175
2009-11-26,20.39,81.78,19.7997631
2009-11-27,20.49,71.23,19.542172349999998
2009-11-28,16.88,73.23,16.5295807
2009-11-29,15.29,80.82,15.2066629
2009-11-30,15.58,63.39,15.3625366
2009-12-01,15.87,63.43,15.59444505
2009-12-02,21.17,48.2,19.269717
2009-12-03,16.9,62.07,16.399324
2009-12-04,15.84,62.68,15.5649516
2009-12-05,16.44,68.37,16.102507900000003
2009-12-06,17.3,69.66,16.832764
2009-12-07,16.56,78.18,16.3127794
2009-12-08,13.35,74.41,13.51185675
2009-12-09,18.68,53.48,17.6105052
2009-12-10,15.08,71.54,14.9892126
2009-12-11,16.27,65.23,15.931514049999999
2009-12-12,17.62,73.16,17.159425600000002
2009-12-13,16.03,68.22,15.762571300000001
2009-12-14,15.24,71.5,15.124005
2009-12-15,21.93,47.19,19.771919349999997
2009-12-16,24.7,54.92,22.171011999999997
2009-12-17,15.12,75.91,15.0378531
2009-12-18,17.77,65.52,17.1498772
2009-12-19,15.82,64.87,15.564956200000001
2009-12-20,15.73,69.12,15.5210968
2009-12-21,18.53,66.79,17.79390035
2009-12-22,19.31,67.61,18.45312255
2009-12-23,27.73,44.74,23.7090061
2009-12-24,16.99,78.41,16.69432495
2009-12-25,15.25,63.53,15.09956125
2009-12-26,16.35,70.87,16.05360225
2009-12-27,18.15,76.71,17.68245325
2009-12-28,18.21,72.8,17.654984
2009-12-29,18.87,70.18,18.1532763
2009-12-30,27.71,42.97,23.56648535
2009-12-31,25.38,68.56,23.4986304
2010-01-01,18.03,83.85,17.71644775
2010-01-02,16.55,60.44,16.103961
2010-01-03,16.35,66.14,16.005474500000002
2010-01-04,19.17,65.27,18.27795995
2010-01-05,18.52,68.92,17.832821199999998
2010-01-06,16.87,66.96,16.4393236
2010-01-07,18.27,63.38,17.5106843
2010-01-08,27.04,38.15,22.7742055
2010-01-09,21.02,65.79,19.7932294
2010-01-10,22.21,65.37,20.74151485
2010-01-11,32.06,33.9,25.676062
2010-01-12,20.06,66.72,19.042297599999998
2010-01-13,17.65,58.5,16.931012499999998
2010-01-14,17.54,65.14,16.957140799999998
2010-01-15,20.59,70.37,19.59754315
2010-01-16,19.53,60.94,18.4494051
2010-01-17,14.73,70.28,14.6924042
2010-01-18,14.74,68.54,14.6984728
2010-01-19,17.06,67.08,16.5964864
2010-01-20,19.31,65.59,18.399683449999998
2010-01-21,23.29,53.49,21.041474049999998
2010-01-22,24.21,50.3,21.5557715
2010-01-23,15.78,65.02,15.533740799999999
2010-01-24,16.02,68.05,15.752898
2010-01-25,18.06,63.78,17.3508124
2010-01-26,18.49,66.08,17.745625599999997
2010-01-27,16.82,71.69,16.4587644
2010-01-28,19.64,74.22,18.9111994
2010-01-29,16.94,70.35,16.542097000000002
2010-01-30,27.18,42.57,23.1748318
2010-01-31,22.3,64.05,20.757745
2010-02-01,20.21,65.36,19.1221308
2010-02-02,26.17,45.06,22.6436761
2010-02-03,27.46,49.11,23.8325608
2010-02-04,21.28,82.17,20.6151193
2010-02-05,17.22,71.97,16.8006712
2010-02-06,20.22,69.75,19.268335
2010-02-07,24.27,62.69,22.265147149999997
2010-02-08,24.85,59.01,22.51664425
2010-02-09,26.32,55.94,23.4556594
2010-02-10,25.71,73.92,24.1020376
2010-02-11,22.04,81.74,21.2827578
2010-02-12,18.7,79.26,18.220906
2010-02-13,19.79,83.25,19.30265875
2010-02-14,20.66,77.94,19.9126072
2010-02-15,19.33,69.88,18.529862199999997
2010-02-16,19.48,69.96,18.6572044
2010-02-17,19.01,72.56,18.3293508
2010-02-18,19.99,69.21,19.060295949999997
2010-02-19,25.17,50.01,22.23633685
2010-02-20,26.75,46.35,23.13533125
2010-02-21,21.28,70.4,20.176216
2010-02-22,19.06,58.22,18.0121576
2010-02-23,17.05,63.41,16.53682525
2010-02-24,16.98,68.33,16.5480212
2010-02-25,19.63,65.99,18.67040785
2010-02-26,25.66,56.17,22.9697146
2010-02-27,17.72,72.49,17.232797899999998
2010-02-28,16.17,60.97,15.81150945
2010-03-01,16.27,67.03,15.94903705
2010-03-02,16.85,72.11,16.48952175
2010-03-03,20.21,67.66,19.1943623
2010-03-04,23.73,57.89,21.59228585
2010-03-05,21.92,84.92,21.304585200000002
2010-03-06,20.26,86.11,19.8199648
2010-03-07,20.9,84.8,20.36496
2010-03-08,18.02,76.53,17.565620799999998
2010-03-09,15.88,65.79,15.6203461
2010-03-10,15.92,65.23,15.6484463
2010-03-11,16.07,71.04,15.8199304
2010-03-12,18.3,70.15,17.676135000000002
2010-03-13,19.06,65.84,18.2032672
2010-03-14,20.81,60.99,19.456157949999998
2010-03-15,22.41,55.15,20.458800749999998
2010-03-16,24.19,52.1,21.6371695
2010-03-17,22.67,67.58,21.2132073
2010-03-18,24.31,54.59,21.859903449999997
2010-03-19,20.33,77.77,19.61719505
2010-03-20,19.22,69.59,18.4305564
2010-03-21,17.03,66.67,16.566213050000002
2010-03-22,15.84,71.81,15.6322397
2010-03-23,17.69,77.35,17.29260575
2010-03-24,17.51,81.77,17.20820235
2010-03-25,22.02,56.48,20.2200128
2010-03-26,19.41,74.7,18.7267735
2010-03-27,18.32,75.06,17.7960106
2010-03-28,20.48,79.89,19.8185821
2010-03-29,16.93,79.83,16.66042795
2010-03-30,15.75,76.07,15.585481249999999
2010-03-31,17.04,76.96,16.7181312
2010-04-01,17.36,79.07,17.0307711
2010-04-02,16.18,78.23,15.9788452
2010-04-03,16.97,74.27,16.62045795
2010-04-04,19.53,65.92,18.5871768
2010-04-05,20.4,63.78,19.224660999999998
2010-04-06,19.41,74.83,18.73028415
2010-04-07,17.97,82.31,17.632386349999997
2010-04-08,17.11,79.08,16.8096934
2010-04-09,16.77,76.12,16.4718582
2010-04-10,16.4,80,16.191
2010-04-11,13.41,72.89,13.57252445
2010-04-12,14.18,74.67,14.2245808
2010-04-13,14.79,76.18,14.752007099999998
2010-04-14,14.86,77.46,14.8153708
2010-04-15,14.96,84.79,14.9215187
2010-04-16,17.58,65.26,16.9915044
2010-04-17,19.21,63.37,18.26109985
2010-04-18,19.53,65.58,18.577770700000002
2010-04-19,20.33,68,19.303919999999998
2010-04-20,19.8,79.89,19.2137935
2010-04-21,18.05,84.35,17.74443375
2010-04-22,20.98,67.04,19.8053056
2010-04-23,19.27,81.86,18.7940971
2010-04-24,15.04,78.19,14.975224299999999
2010-04-25,13.23,76.83,13.39184245
2010-04-26,14.36,65.11,14.3868653
2010-04-27,11.9,77.7,12.21889
2010-04-28,14.76,80.99,14.7328157
2010-04-29,13.88,78.63,13.952871700000001
2010-04-30,12.99,85.99,13.106353050000001
2010-05-01,15.5,67.32,15.32026
2010-05-02,13.05,75.85,13.24259625
2010-05-03,16.07,68.04,15.7940254
2010-05-04,13.38,77.11,13.5210024
2010-05-05,12.52,79.06,12.748036599999999
2010-05-06,12.5,76.12,12.76268
2010-05-07,14.63,87.32,14.620933800000001
2010-05-08,13.94,78.89,14.0050188
2010-05-09,15.51,78.36,15.389789799999999
2010-05-10,14.76,70.37,14.7176291
2010-05-11,10.05,79.1,10.5615275
2010-05-12,11.98,82.86,12.2175604
2010-05-13,12.18,89.85,12.309514
2010-05-14,12.66,85.16,12.8101808
2010-05-15,11.8,85.55,12.014582500000001
2010-05-16,12.13,84.96,12.326046400000001
2010-05-17,12.4,79.19,12.6403555
2010-05-18,12.63,72.52,12.912631800000002
2010-05-19,12.94,83.43,13.0821706
2010-05-20,11.82,86.49,12.0191374
2010-05-21,10.67,77.71,11.139538850000001
2010-05-22,8.7,80.43,9.324283
2010-05-23,11.44,72.25,11.9070325
2010-05-24,12.63,86.28,12.7711102
2010-05-25,12.55,93.33,12.621535750000001
2010-05-26,12.3,88.64,12.437456000000001
2010-05-27,13.26,86.23,13.3539114
2010-05-28,13.26,86.38,13.3528884
2010-05-29,13.03,92.63,13.089586449999999
2010-05-30,12.65,88.45,12.76752125
2010-05-31,11.87,86.11,12.07091885
2010-06-01,12.12,81.6,12.360856
2010-06-02,12,85.97,12.1929125
2010-06-03,10.76,88.29,11.0008747
2010-06-04,11.01,83.01,11.33612305
2010-06-05,10.7,86.2,10.98842
2010-06-06,10.41,82.28,10.8086114
2010-06-07,9.97,80.39,10.45858315
2010-06-08,10.1,74.27,10.722666
2010-06-09,9.89,78.41,10.43741445
2010-06-10,11.06,86.77,11.3103116
2010-06-11,9.94,84.78,10.3217176
2010-06-12,10.38,80.06,10.8318404
2010-06-13,10.43,77.4,10.935901
2010-06-14,8.81,79.24,9.459684200000002
2010-06-15,8.14,82.19,8.7629938
2010-06-16,12.01,84.96,12.2159728
2010-06-17,9.23,87.38,9.5957907
2010-06-18,11.7,84.41,11.940085999999999
2010-06-19,11.7,84.98,11.931308
2010-06-20,10.08,86.51,10.4079419
2010-06-21,9.38,81.35,9.905184000000002
2010-06-22,9.05,87.48,9.425287
2010-06-23,10.87,83.65,11.19642775
2010-06-24,12.98,83.7,13.116268
2010-06-25,10.16,89.7,10.405861
2010-06-26,9.19,84.86,9.6321637
2010-06-27,7.14,81.49,7.8892848
2010-06-28,8.01,71.78,9.0173129
2010-06-29,7.31,86.01,7.86323455
2010-06-30,8.57,90.68,8.8739718
2010-07-01,8.04,91.68,8.3356096
2010-07-02,9.21,87.83,9.564086150000001
2010-07-03,9.18,93.37,9.373993800000001
2010-07-04,10.09,77.81,10.62821845
2010-07-05,9.55,80.34,10.0852435
2010-07-06,8.16,83.9,8.721407000000001
2010-07-07,9.97,89.27,10.23733795
2010-07-08,8.21,90.17,8.55006885
2010-07-09,9.97,81.62,10.427937700000001
2010-07-10,10.95,87.01,11.20362975
2010-07-11,9.8,87.96,10.111234000000001
2010-07-12,9.97,80.2,10.463317
2010-07-13,10.92,85.21,11.2112151
2010-07-14,9.52,86.29,9.8955169
2010-07-15,9.47,87.59,9.813322650000002
2010-07-16,8.9,81.63,9.465796000000001
2010-07-17,9.05,79.99,9.649799750000001
2010-07-18,9.03,86.37,9.44005855
2010-07-19,7.56,80.18,8.3165294
2010-07-20,8.92,90.1,9.223831
2010-07-21,8.9,91.97,9.147324000000001
2010-07-22,10.46,95.56,10.558656800000001
2010-07-23,10.04,86.14,10.3799858
2010-07-24,9.19,87.09,9.56703655
2010-07-25,9.12,91.55,9.3700355
2010-07-26,9.73,85.3,10.115654500000002
2010-07-27,8.74,91.39,9.012764800000001
2010-07-28,9.87,88.17,10.17125095
2010-07-29,10.95,91.77,11.11069075
2010-07-30,11.58,89.41,11.7500754
2010-07-31,11.21,81.63,11.54240515
2010-08-01,9.65,84.64,10.059728
2010-08-02,10.94,83.31,11.266790199999999
2010-08-03,9.65,86.03,10.022649750000001
2010-08-04,8.62,87.65,9.019399
2010-08-05,8.94,87.1,9.334482
2010-08-06,8.32,86.38,8.7829438
2010-08-07,8.21,82.8,8.805034000000001
2010-08-08,8.73,79.77,9.371999050000001
2010-08-09,8.21,87.5,8.642437500000002
2010-08-10,8.72,95.24,8.871320400000002
2010-08-11,9.42,90.2,9.693812
2010-08-12,10.48,87.56,10.7550484
2010-08-13,9.96,84.98,10.3350494
2010-08-14,10.86,83.22,11.1959356
2010-08-15,9.13,88.37,9.47349205
2010-08-16,7.23,82.85,7.9157427500000015
2010-08-17,8.13,79.72,8.840509800000001
2010-08-18,10.09,86.62,10.4145319
2010-08-19,8.7,79.17,9.364476999999999
2010-08-20,8.58,83,9.13352
2010-08-21,8.42,87.18,8.8487008
2010-08-22,8.94,82.12,9.4867704
2010-08-23,9.38,84.2,9.824928000000002
2010-08-24,7.61,84.49,8.19775145
2010-08-25,7.25,88.94,7.691017500000001
2010-08-26,8.79,83.13,9.31980235
2010-08-27,9.23,85.3,9.6560795
2010-08-28,9.62,90.18,9.883568799999999
2010-08-29,9.42,85.38,9.8284828
2010-08-30,10.51,78.25,10.98730375
2010-08-31,11.47,82.25,11.76580375
2010-09-01,10.27,89.73,10.50893155
2010-09-02,8.53,83.37,9.076046049999999
2010-09-03,12.9,85.73,13.025576000000001
2010-09-04,12.37,87.11,12.521006349999999
2010-09-05,9.8,86.93,10.137859500000001
2010-09-06,9.04,90.26,9.332492199999999
2010-09-07,8.59,85.72,9.0541714
2010-09-08,11.44,77.96,11.8109332
2010-09-09,11.4,88.56,11.595052
2010-09-10,9.19,86.68,9.5790106
2010-09-11,10.9,83.78,11.221156
2010-09-12,11.55,83.01,11.825662750000001
2010-09-13,9.3,77.05,9.956370000000001
2010-09-14,8.95,80.85,9.53455375
2010-09-15,9.59,84.43,10.01046785
2010-09-16,9.9,77.46,10.470262
2010-09-17,10.48,80.56,10.9098184
2010-09-18,10.52,87.1,10.802381
2010-09-19,10.94,86.51,11.2041342
2010-09-20,11.61,88.51,11.79263355
2010-09-21,10.81,87.55,11.06267275
2010-09-22,11.1,82.06,11.435478
2010-09-23,9.99,81.81,10.441202950000001
2010-09-24,11.6,80.4,11.91262
2010-09-25,11.41,86.18,11.6448709
2010-09-26,13.17,77.27,13.33626995
2010-09-27,9.47,81.1,9.9928685
2010-09-28,8.76,75.59,9.5306237
2010-09-29,8.93,79.26,9.5653699
2010-09-30,10.23,72.08,10.885701200000002
2010-10-01,10.08,79.5,10.578355
2010-10-02,13.86,77.79,13.938179199999999
2010-10-03,16.09,80.37,15.91833565
2010-10-04,15.53,82.57,15.43125905
2010-10-05,13.37,87.06,13.450422099999999
2010-10-06,13.17,84.44,13.2838214
2010-10-07,11.08,75.77,11.5357663
2010-10-08,11.68,81.1,11.973139
2010-10-09,11.74,85.89,11.9541898
2010-10-10,15.81,77.87,15.650553350000001
2010-10-11,17.04,77.07,16.719667899999997
2010-10-12,16.44,88.81,16.320602700000002
2010-10-13,11.47,90.46,11.6289841
2010-10-14,15.2,81.19,15.1275815
2010-10-15,8.16,80.42,8.842754600000001
2010-10-16,10.5,81.46,10.90788
2010-10-17,11.23,82.77,11.53988155
2010-10-18,11.34,74.63,11.7809306
2010-10-19,11.63,64.33,12.19305095
2010-10-20,12.85,76.29,13.06516825
2010-10-21,16.38,73.79,16.1089886
2010-10-22,17.59,79.61,17.24347195
2010-10-23,11.57,72.67,12.01042295
2010-10-24,10.68,71.86,11.2712214
2010-10-25,14.36,67.4,14.385102
2010-10-26,14.07,75.07,14.12895945
2010-10-27,11.54,74.08,11.961977599999999
2010-10-28,16.36,75.54,16.1097742
2010-10-29,19.28,78,18.701620000000002
2010-10-30,13.87,91.81,13.89837835
2010-10-31,10.89,77.3,11.340708500000002
2010-11-01,11.85,75.9,12.2012575
2010-11-02,12.37,81.44,12.587430399999999
2010-11-03,10.71,74.55,11.240505250000002
2010-11-04,11.78,73.95,12.169708
2010-11-05,13.55,76.45,13.673048750000001
2010-11-06,16.31,72.22,16.0334501
2010-11-07,16.66,81.75,16.44319
2010-11-08,15.35,76.94,15.2421945
2010-11-09,20.12,71.12,19.2273192
2010-11-10,16.29,78.81,16.081384449999998
2010-11-11,21.28,72.89,20.269068100000002
2010-11-12,19.27,85.43,18.88775605
2010-11-13,14.12,91.3,14.138183
2010-11-14,14.72,87.74,14.7051654
2010-11-15,12.71,77.69,12.92964195
2010-11-16,13.07,70.77,13.29989395
2010-11-17,16,72.4,15.7723
2010-11-18,12,74.97,12.3441625
2010-11-19,12.62,72.93,12.899903799999999
2010-11-20,14.64,77.22,14.6224594
2010-11-21,16.42,81.59,16.2255904
2010-11-22,22.37,66.54,20.9216839
2010-11-23,22.63,65.18,21.0730237
2010-11-24,21.47,80.98,20.7408683
2010-11-25,16.09,89.86,16.0013257
2010-11-26,19.2,85.3,18.820005
2010-11-27,15.87,89.99,15.79457465
2010-11-28,14.19,76.67,14.229777649999999
2010-11-29,15.1,77.89,15.027037
2010-11-30,17.74,82.66,17.431001199999997
2010-12-01,19.44,85.14,19.0362538
2010-12-02,19.58,84.63,19.1505622
2010-12-03,21.33,82.87,20.68651155
2010-12-04,20.43,79.99,19.77737385
2010-12-05,20.35,81.66,19.7599105
2010-12-06,22.39,78.81,21.47045995
2010-12-07,21.86,88.8,21.406623999999997
2010-12-08,18.29,89.62,18.0736289
2010-12-09,17.38,78,17.03152
2010-12-10,15.35,66.25,15.19221875
2010-12-11,16.34,73.36,16.0704032
2010-12-12,14.76,71.43,14.7191449
2010-12-13,16.81,69.37,16.42084585
2010-12-14,20.99,66.32,19.787792399999997
2010-12-15,15.91,69.99,15.67727245
2010-12-16,15.75,65.64,15.513775
2010-12-17,15.5,76.46,15.37053
2010-12-18,15.08,71.88,14.9902972
2010-12-19,12.41,82.55,12.61058775
2010-12-20,13.84,77.96,13.9200052
2010-12-21,13.62,65.1,13.788915999999999
2010-12-22,16.16,67.33,15.8617229
2010-12-23,13.63,70.41,13.771588150000001
2010-12-24,16.86,68.2,16.447236
2010-12-25,18.26,71.81,17.6770308
2010-12-26,14.22,70.46,14.2654916
2010-12-27,12.86,64.17,13.183186599999999
2010-12-28,17.04,64.47,16.543645899999998
2010-12-29,17.3,72.21,16.872034
2010-12-30,17.63,73.86,17.1799999
2010-12-31,24.47,60.93,22.32759655
2011-01-01,16.59,70.83,16.25469085
2011-01-02,15.46,65.99,15.2804272
2011-01-03,14.8,66.2,14.74423
2011-01-04,16.36,69.43,16.0472689
2011-01-05,16.63,75.71,16.34544265
2011-01-06,23.45,54.55,21.21272375
2011-01-07,24.54,60.32,22.3488704
2011-01-08,20.83,75.6,19.980514
2011-01-09,19.36,81.11,18.855070299999998
2011-01-10,21.24,89.5,20.850765
2011-01-11,21.84,86.8,21.307116
2011-01-12,24.49,86.19,23.73120955
2011-01-13,23.99,89.77,23.456045149999998
2011-01-14,20.07,84.3,19.5890305
2011-01-15,20.94,78.94,20.1940548
2011-01-16,18.63,80.68,18.1911462
2011-01-17,16.74,72.31,16.398859199999997
2011-01-18,16.17,74.98,15.940191300000002
2011-01-19,15.57,80.12,15.4530062
2011-01-20,22.29,58.78,20.5239291
2011-01-21,19.58,75.77,18.903013799999997
2011-01-22,20.79,79.28,20.073191599999998
2011-01-23,21.55,70.71,20.41428025
2011-01-24,16.02,69.64,15.7661904
2011-01-25,19.13,71.15,18.39533475
2011-01-26,17.88,74.57,17.4072563
2011-01-27,18.42,68.88,17.7490528
2011-01-28,16.35,70.33,16.04810775
2011-01-29,22.51,54.05,20.48567275
2011-01-30,25.46,63.44,23.2561632
2011-01-31,28.2,56.48,24.920768
2011-02-01,21.58,68.46,20.3518324
2011-02-02,22.44,74,21.30458
2011-02-03,20.07,79.58,19.4444333
2011-02-04,22.03,92.82,21.7326403
2011-02-05,15.57,80.55,15.45553675
2011-02-06,14.26,66.38,14.3043784
2011-02-07,16.29,74.81,16.04200445
2011-02-08,15.3,75.37,15.191628
2011-02-09,20.6,79.3,19.905515
2011-02-10,23.31,85.28,22.596742399999997
2011-02-11,18.07,80.93,17.69556055
2011-02-12,14.78,73.06,14.7385124
2011-02-13,16.63,75.51,16.34309965
2011-02-14,19.24,77.24,18.6466468
2011-02-15,22.48,72.18,21.2589802
2011-02-16,22.26,80.83,21.4418244
2011-02-17,20.56,83.48,20.0093884
2011-02-18,22.74,81.87,21.9183484
2011-02-19,19.7,78.88,19.095968
2011-02-20,15.03,68.75,14.938906249999999
2011-02-21,14.91,69.51,14.84124505
2011-02-22,16.36,76.48,16.1193904
2011-02-23,16.64,78.88,16.3914176
2011-02-24,17.48,77.8,17.116142
2011-02-25,17.79,77.06,17.374900699999998
2011-02-26,20.91,79.03,20.17070265
2011-02-27,16.51,83.76,16.3304668
2011-02-28,15.46,81.22,15.3608416
2011-03-01,13.72,67.69,13.858609900000001
2011-03-02,15.16,73.56,15.0640228
2011-03-03,15.09,69.37,14.99060565
2011-03-04,13.28,67.97,13.4949213
2011-03-05,15.97,69.08,15.7200118
2011-03-06,19.19,65.3,18.2949135
2011-03-07,21.31,61.3,19.8604915
2011-03-08,21.24,74.49,20.2943443
2011-03-09,18.94,86.56,18.6117952
2011-03-10,16.35,86.9,16.216707500000002
2011-03-11,20.91,80.13,20.20948315
2011-03-12,23.52,74.7,22.264867
2011-03-13,18.61,77.54,18.1022917
2011-03-14,16.04,74.14,15.8209658
2011-03-15,17.81,70.68,17.2762294
2011-03-16,14.93,72,14.86378
2011-03-17,14.88,70.96,14.8193064
2011-03-18,14.64,76.12,14.6216124
2011-03-19,18.51,75.66,17.9731813
2011-03-20,21.83,68.6,20.564109
2011-03-21,20.46,80.86,19.832590800000002
2011-03-22,17.81,85.9,17.553309499999997
2011-03-23,17.18,75.87,16.8243238
2011-03-24,16.35,80.43,16.150875250000002
2011-03-25,15.49,68.86,15.320442700000001
2011-03-26,15.39,76.7,15.2759465
2011-03-27,15.39,78.11,15.282848450000001
2011-03-28,16.96,73.77,16.6051081
2011-03-29,19.85,68.36,18.918993
2011-03-30,15,65.36,14.90474
2011-03-31,13.77,68.18,13.8977573
2011-04-01,15.29,70.8,15.163125999999998
2011-04-02,13.71,73.35,13.825794250000001
2011-04-03,15,79.48,14.94357
2011-04-04,14.34,82.31,14.3555672
2011-04-05,16,77.34,15.813055
2011-04-06,17.98,68.44,17.3759416
2011-04-07,18.31,64.16,17.5589728
2011-04-08,18.54,64.39,17.7487458
2011-04-09,16.55,79.04,16.313676
2011-04-10,11.67,75.59,12.049941650000001
2011-04-11,13.48,79.5,13.595005
2011-04-12,13.59,90.45,13.63779775
2011-04-13,13.81,86.2,13.862371000000001
2011-04-14,14.08,89.45,14.1043705
2011-04-15,13.61,85.03,13.68327815
2011-04-16,13.52,81.22,13.6212242
2011-04-17,13.17,74.68,13.3552158
2011-04-18,16.37,66.78,16.028332300000002
2011-04-19,16.54,78.1,16.294282
2011-04-20,14.38,86.69,14.388784600000001
2011-04-21,14.61,79.33,14.59749465
2011-04-22,12.45,81.88,12.654302999999999
2011-04-23,13.64,82.44,13.7230588
2011-04-24,13.54,87.3,13.607056
2011-04-25,13.33,86.67,13.41577855
2011-04-26,13.55,86.16,13.622314000000001
2011-04-27,14.4,83.65,14.4089925
2011-04-28,15.37,75.88,15.2545858
2011-04-29,15.56,78.49,15.4345967
2011-04-30,16.81,74.33,16.48386265
2011-05-01,14.4,84.53,14.4085085
2011-05-02,12.84,85.01,12.9768587
2011-05-03,11.97,86.26,12.161192100000001
2011-05-04,12.79,78.46,12.992583699999999
2011-05-05,11.75,74.91,12.12948625
2011-05-06,11.41,77.4,11.794087000000001
2011-05-07,11.36,81.54,11.6788042
2011-05-08,11.14,77.3,11.559496000000001
2011-05-09,10.3,68.3,11.03227
2011-05-10,10.27,77.99,10.78206265
2011-05-11,8.59,85.45,9.062947750000001
2011-05-12,11.65,92.36,11.769757
2011-05-13,10.79,78.36,11.2315642
2011-05-14,10.9,80.52,11.285704
2011-05-15,11.09,84.21,11.38614145
2011-05-16,11.31,87.32,11.532470600000002
2011-05-17,10.9,88.03,11.137006000000001
2011-05-18,10.5,80.89,10.92042
2011-05-19,11.76,72.93,12.1679449
2011-05-20,11.95,72.01,12.34255975
2011-05-21,15.69,74.11,15.52054995
2011-05-22,13.76,89.34,13.8033862
2011-05-23,11.43,90.69,11.58719935
2011-05-24,9.55,81.88,10.043317000000002
2011-05-25,11,83.75,11.3128125
2011-05-26,10.42,90.84,10.6255504
2011-05-27,10.76,91.7,10.930731
2011-05-28,10.81,86.41,11.085809050000002
2011-05-29,10.19,86.9,10.5005355
2011-05-30,9.47,90.88,9.722304800000002
2011-05-31,8.88,87.24,9.2744116
2011-06-01,10.98,85.86,11.253750400000001
2011-06-02,12.48,80.7,12.694423
2011-06-03,12.24,85.52,12.4199864
2011-06-04,9.79,77.24,10.379597799999999
2011-06-05,9.44,75.41,10.1243397
2011-06-06,8.53,77.52,9.2681308
2011-06-07,8.11,80.52,8.7946246
2011-06-08,10.15,79.54,10.6395055
2011-06-09,10,86.51,10.3338775
2011-06-10,9.45,89.9,9.730527499999999
2011-06-11,10.79,90.7,10.9797665
2011-06-12,9.03,94.38,9.1990777
2011-06-13,8.95,90.91,9.22747225
2011-06-14,8.41,92.73,8.653508650000001
2011-06-15,7.76,89.9,8.134407
2011-06-16,9.81,86.87,10.14868835
2011-06-17,10.14,85.94,10.477158800000002
2011-06-18,10.13,94.68,10.2578662
2011-06-19,11.57,86.05,11.79480425
2011-06-20,11.8,78.1,12.125215
2011-06-21,8.34,87,8.78044
2011-06-22,10.9,88.2,11.13364
2011-06-23,10.1,91.45,10.30691
2011-06-24,10.95,89.95,11.14622625
2011-06-25,10.35,84.06,10.7138305
2011-06-26,9.94,86.64,10.2750688
2011-06-27,10.77,88.33,11.00941005
2011-06-28,8.74,91.01,9.024803200000001
2011-06-29,9.86,86.78,10.1973744
2011-06-30,10.76,83.88,11.091588400000001
2011-07-01,9.81,84.52,10.209306600000001
2011-07-02,12.01,72.51,12.38647555
2011-07-03,9.12,91.96,9.3579036
2011-07-04,10.03,78.76,10.552185399999999
2011-07-05,9.43,87.7,9.7729855
2011-07-06,9.23,86.59,9.618688850000002
2011-07-07,8.48,84.84,8.981947600000002
2011-07-08,9.18,88.31,9.5220494
2011-07-09,8.94,80.37,9.5402854
2011-07-10,8.83,83.36,9.3489184
2011-07-11,10.08,84.23,10.4633687
2011-07-12,10.24,86.21,10.5630997
2011-07-13,9.3,85.31,9.720134000000002
2011-07-14,8.6,88.39,8.9767445
2011-07-15,6.97,87.78,7.4760913
2011-07-16,9.8,83.13,10.236089500000002
2011-07-17,9.27,91.71,9.50846185
2011-07-18,9.6,93.43,9.7770615
2011-07-19,9.93,92.66,10.1144909
2011-07-20,8.76,89.86,9.0801198
2011-07-21,9.18,94.33,9.3459042
2011-07-22,8.12,92.46,8.3845786
2011-07-23,8.87,85.68,9.313418799999999
2011-07-24,8.51,93.56,8.722165799999999
2011-07-25,9.53,92.36,9.7388394
2011-07-26,8.22,88.72,8.609611200000002
2011-07-27,7.3,83.05,7.971220000000001
2011-07-28,8.82,76.39,9.5575764
2011-07-29,9.61,73.93,10.31115265
2011-07-30,9.73,84.54,10.135593100000001
2011-07-31,11.17,86.43,11.41853455
2011-08-01,12.62,75.3,12.875397999999999
2011-08-02,13.03,80.03,13.19145745
2011-08-03,15.04,71.37,14.954968899999999
2011-08-04,13.37,76.59,13.51549315
2011-08-05,11.3,85.67,11.552208
2011-08-06,9.73,84.82,10.128247300000002
2011-08-07,8.88,86.72,9.290484800000002
2011-08-08,8.48,90.28,8.8018292
2011-08-09,9.19,93.02,9.3938509
2011-08-10,10.46,91.22,10.6550916
2011-08-11,8.5,89.94,8.831980000000001
2011-08-12,8.22,83.79,8.7798934
2011-08-13,9.74,85.18,10.1279876
2011-08-14,10.84,81.75,11.2073725
2011-08-15,11.21,89.66,11.3971023
2011-08-16,13.44,79.6,13.558932
2011-08-17,10.12,88.27,10.4025757
2011-08-18,11.17,91.17,11.33172145
2011-08-19,11.3,93.51,11.414224
2011-08-20,10.73,83,11.082495000000002
2011-08-21,11.79,73.03,12.19198785
2011-08-22,10.83,79.56,11.2425814
2011-08-23,10.99,81.81,11.34115795
2011-08-24,11.78,77.54,12.116001599999999
2011-08-25,10.77,83.35,11.11157475
2011-08-26,10.23,72.4,10.878186000000001
2011-08-27,10.54,77.99,11.019377799999999
2011-08-28,12.47,70.12,12.803610200000001
2011-08-29,8.73,77.59,9.44118135
2011-08-30,10.38,83.22,10.760234800000001
2011-08-31,11.01,87.75,11.24513875
2011-09-01,10.05,88.86,10.322651500000001
2011-09-02,12.59,76.74,12.8343463
2011-09-03,15.49,68.33,15.31755685
2011-09-04,13.08,85.61,13.1923859
2011-09-05,14.14,73.22,14.1930244
2011-09-06,9.8,75.39,10.4361685
2011-09-07,10.15,69.83,10.871817250000001
2011-09-08,9.5,77.96,10.106100000000001
2011-09-09,9.94,76.93,10.5185956
2011-09-10,10.57,88.48,10.8190048
2011-09-11,9.31,73.88,10.055595400000001
2011-09-12,9.99,77.86,10.5391827
2011-09-13,12.73,68.85,13.03324525
2011-09-14,10.37,80,10.8243
2011-09-15,11.93,72.38,12.3204087
2011-09-16,12.75,83.69,12.90698375
2011-09-17,14.68,77.4,14.657626
2011-09-18,12.25,80.82,12.4873525
2011-09-19,15.41,72.47,15.27221235
2011-09-20,10.79,74.73,11.30563435
2011-09-21,13.7,74.14,13.813784
2011-09-22,16.18,56.92,15.7819408
2011-09-23,10.35,67.98,11.0808565
2011-09-24,9.68,74.36,10.3597164
2011-09-25,11.4,72.62,11.866829000000001
2011-09-26,13.71,67.7,13.850343500000001
2011-09-27,16.4,66.08,16.045536
2011-09-28,14.1,89.65,14.12277
2011-09-29,10.46,84.5,10.80441
2011-09-30,10.51,83.17,10.87933435
2011-10-01,9.14,87.7,9.502604000000002
2011-10-02,9.25,78.55,9.869368750000001
2011-10-03,11.51,78.98,11.8556739
2011-10-04,14.21,72.41,14.254006050000001
2011-10-05,14.45,78.33,14.45595925
2011-10-06,14.13,85.72,14.159059800000001
2011-10-07,14.27,84.38,14.2897593
2011-10-08,13.26,86.14,13.3545252
2011-10-09,10.18,72.17,10.8412408
2011-10-10,11.19,79.61,11.561199949999999
2011-10-11,11.4,75.46,11.818407
2011-10-12,11.48,78.24,11.8414336
2011-10-13,14.6,78.76,14.588318
2011-10-14,17.73,76.75,17.31696375
2011-10-15,13.26,74.43,13.4343874
2011-10-16,11.55,66.17,12.09889175
2011-10-17,12.15,71.92,12.512934000000001
2011-10-18,16.35,64.46,15.988380500000002
2011-10-19,20.44,55.21,18.9767107
2011-10-20,18.21,75.73,17.714770650000002
2011-10-21,13.48,87.24,13.5515836
2011-10-22,13.9,89.37,13.935079
2011-10-23,20.26,71.79,19.3663072
2011-10-24,11.02,88.1,11.247766
2011-10-25,11.96,73.87,12.3250361
2011-10-26,14.4,70.81,14.4160545
2011-10-27,18.35,66.23,17.63492025
2011-10-28,18.65,84.01,18.28502825
2011-10-29,13.72,79.98,13.8058858
2011-10-30,12.25,75.99,12.54712375
2011-10-31,13.3,77.32,13.449688
2011-11-01,14.39,79.26,14.402547700000001
2011-11-02,13.08,81.05,13.227999500000001
2011-11-03,13.58,78.05,13.691067
2011-11-04,15.45,77.97,15.334893249999999
2011-11-05,21.94,57.12,20.1853504
2011-11-06,17.79,79.13,17.41235735
2011-11-07,21.4,68.08,20.188636
2011-11-08,20.19,81.1,19.5985245
2011-11-09,18.26,78.74,17.8203432
2011-11-10,15.56,67.49,15.3704667
2011-11-11,17.66,63.56,17.0266728
2011-11-12,16.94,77.6,16.639392
2011-11-13,18.45,76.43,17.93794175
2011-11-14,16.78,74.66,16.462236400000002
2011-11-15,17.64,69.95,17.1210365
2011-11-16,14.09,68.33,14.16141585
2011-11-17,21.75,60.19,20.16257625
2011-11-18,23.24,75.46,22.060362199999997
2011-11-19,15.02,84.01,14.9742686
2011-11-20,15.1,62.84,14.977371999999999
2011-11-21,16.3,65.68,15.960232000000001
2011-11-22,14.59,69.71,14.57500645
2011-11-23,13.8,68.13,13.9226995
2011-11-24,17.5,66.44,16.94626
2011-11-25,19.03,80.61,18.54689815
2011-11-26,16.14,87.67,16.028783400000002
2011-11-27,17.49,78.34,17.1338013
2011-11-28,21.95,68.76,20.669940999999998
2011-11-29,21.54,65.52,20.2049344
2011-11-30,13.34,69.14,13.5368868
2011-12-01,13.14,67.14,13.3857928
2011-12-02,14.25,71.87,14.28867875
2011-12-03,14.4,67.15,14.418067500000001
2011-12-04,12.33,64.57,12.752857050000001
2011-12-05,14.64,67.49,14.6149673
2011-12-06,17.23,68,16.74952
2011-12-07,20.16,62.14,18.9814182
2011-12-08,23.03,58.78,21.0961637
2011-12-09,22.02,69.79,20.7705144
2011-12-10,20.13,76.67,19.407586549999998
2011-12-11,14.22,70.82,14.2649372
2011-12-12,15.38,68.76,15.2287984
2011-12-13,14.42,61.6,14.436895999999999
2011-12-14,14.79,72.34,14.7458823
2011-12-15,16.47,77.3,16.2240455
2011-12-16,20.39,65.81,19.28241495
2011-12-17,23.29,61.08,21.4084126
2011-12-18,20.3,79.95,19.660405
2011-12-19,17.95,71.92,17.417182
2011-12-20,16.67,73.56,16.3544386
2011-12-21,18.16,75.25,17.6617825
2011-12-22,20.44,73.39,19.5706513
2011-12-23,22.28,70.77,21.0292483
2011-12-24,22.04,77.39,21.1023633
2011-12-25,22.01,74.25,20.94639625
2011-12-26,16.72,71.05,16.3665205
2011-12-27,16.94,67.4,16.502508000000002
2011-12-28,16.65,68.73,16.280232249999997
2011-12-29,17.58,76.16,17.176150399999997
2011-12-30,21.28,64.64,19.961425600000002
2011-12-31,23.63,63.03,21.77355145
2012-01-01,25.83,54.86,23.0171009
2012-01-02,29.39,42.38,24.6712101
2012-01-03,24.33,61.01,22.22200565
2012-01-04,16.69,62.49,16.238192050000002
2012-01-05,16.4,62.5,16.008125
2012-01-06,18.16,59.87,17.3521831
2012-01-07,23.11,63.76,21.3938548
2012-01-08,19.32,62.76,18.3327676
2012-01-09,18.09,63.16,17.3625942
2012-01-10,15.55,67.25,15.36086875
2012-01-11,14.71,64.3,14.6687665
2012-01-12,16.54,73.69,16.244801799999998
2012-01-13,16.42,69.95,16.102672000000002
2012-01-14,16.1,66.81,15.807928
2012-01-15,18.4,68.12,17.716174
2012-01-16,25.11,49.88,22.185247399999998
2012-01-17,26.16,52.39,23.1067707
2012-01-18,17.51,74.76,17.0921518
2012-01-19,17.6,70.89,17.1036745
2012-01-20,18.43,72.92,17.844665799999998
2012-01-21,21.05,72.19,20.04814475
2012-01-22,24.07,54.66,21.6835291
2012-01-23,25,49.53,22.0853575
2012-01-24,24.13,60.9,22.0590685
2012-01-25,19.04,68.95,18.2646815
2012-01-26,18.97,73.32,18.3140722
2012-01-27,23.72,65.55,21.9730405
2012-01-28,24.42,67.15,22.627704
2012-01-29,27.36,58.33,24.412680899999998
2012-01-30,19.98,64.98,18.9244972
2012-01-31,15.89,62.75,15.60522375
2012-02-01,17.91,66.3,17.2779565
2012-02-02,19.78,65.49,18.7778296
2012-02-03,20.75,68.08,19.65275
2012-02-04,26.28,45.08,22.7217332
2012-02-05,19.14,61.4,18.154928
2012-02-06,17.87,61.39,17.15436365
2012-02-07,16.22,60.73,15.848505799999998
2012-02-08,16.94,64.94,16.4694948
2012-02-09,19.82,70.31,18.9512706
2012-02-10,18.9,78.64,18.383087999999997
2012-02-11,17.3,85.76,17.080704
2012-02-12,18.32,75.8,17.811558
2012-02-13,19.07,76.42,18.4773167
2012-02-14,21.73,67.04,20.4193456
2012-02-15,26.59,46.02,23.000599899999997
2012-02-16,20.82,75.32,19.9621232
2012-02-17,18.66,77.79,18.1518352
2012-02-18,21.55,72.08,20.467402
2012-02-19,21.78,74.08,20.7421632
2012-02-20,19.14,75.35,18.510932
2012-02-21,18.99,73.91,18.34570745
2012-02-22,19.89,69.4,18.982863000000002
2012-02-23,19.63,71.28,18.8196652
2012-02-24,26.91,38.4,22.705492
2012-02-25,27.65,42.27,23.474677749999998
2012-02-26,25.47,71.57,23.75467595
2012-02-27,19.19,89.65,18.92302175
2012-02-28,18.13,71.38,17.558601699999997
2012-02-29,18.53,83.67,18.168045550000002
2012-03-01,16.42,82.55,16.235728
2012-03-02,17.84,71.12,17.3094744
2012-03-03,17.56,90.86,17.406173799999998
2012-03-04,18.9,73.04,18.247567999999998
2012-03-05,16.67,77.82,16.4052817
2012-03-06,16.5,75.06,16.22566
2012-03-07,16.42,75.06,16.156633600000003
2012-03-08,17.24,84.11,17.0005377
2012-03-09,17.67,72.37,17.18827095
2012-03-10,15.13,68.83,15.02199595
2012-03-11,15.82,73.93,15.6307318
2012-03-12,17.48,71.74,17.0168186
2012-03-13,21.69,67.23,20.394110350000002
2012-03-14,23.52,73.93,22.2266673
2012-03-15,22.43,77.6,21.453024
2012-03-16,16.6,78.18,16.347979000000002
2012-03-17,17.3,71.45,16.86033
2012-03-18,16.98,78.85,16.691514
2012-03-19,20.07,67.36,19.0700736
2012-03-20,22.4,66.31,20.9361695
2012-03-21,14.82,68.46,14.764489600000001
2012-03-22,15.13,67.04,15.0157936
2012-03-23,13.3,73.06,13.477804
2012-03-24,14.59,69.93,14.575115349999999
2012-03-25,14.76,73.96,14.7227628
2012-03-26,15.04,75.55,14.967383499999999
2012-03-27,15.54,77.21,15.4096412
2012-03-28,16.74,71.05,16.383336
2012-03-29,18.25,75.6,17.74675
2012-03-30,21.04,62.05,19.6749385
2012-03-31,18.36,70.05,17.7241615
2012-04-01,15.49,75.55,15.35686975
2012-04-02,20.06,61.91,18.895207799999998
2012-04-03,18.5,75.47,17.96034
2012-04-04,18.72,72.59,18.0838139
2012-04-05,20.17,73.61,19.34702785
2012-04-06,18.63,65.81,17.85337415
2012-04-07,14.09,65.11,14.16867695
2012-04-08,14.48,71.54,14.4831306
2012-04-09,11.66,72.77,12.085332600000001
2012-04-10,13.64,69.45,13.784501500000001
2012-04-11,14.34,71.98,14.3646576
2012-04-12,16.04,61.46,15.713566199999999
2012-04-13,16.5,62.02,16.08222
2012-04-14,18.19,65,17.479675
2012-04-15,18.24,68.94,17.6010958
2012-04-16,14.42,79.48,14.4290288
2012-04-17,16.74,77.83,16.4668656
2012-04-18,18.76,80.21,18.2963203
2012-04-19,18.96,78.92,18.4429076
2012-04-20,17.22,87.88,17.0386848
2012-04-21,18.94,74.57,18.3189994
2012-04-22,16.23,75.59,15.997738850000001
2012-04-23,12.46,79.06,12.6949468
2012-04-24,12.09,85.98,12.2758351
2012-04-25,13.34,85.83,13.4304046
2012-04-26,13.27,88.44,13.3482034
2012-04-27,13.82,81.36,13.8897136
2012-04-28,14.25,72.38,14.2879775
2012-04-29,11.24,72.78,11.7280546
2012-04-30,13.26,76.79,13.4182922
2012-05-01,15.93,73.8,15.723937
2012-05-02,10.64,79.74,11.0701198
2012-05-03,10.91,90.78,11.0920489
2012-05-04,11.99,84.53,12.20356335
2012-05-05,11.92,85.23,12.1295863
2012-05-06,11.82,76.67,12.1638842
2012-05-07,13.28,80.78,13.4089662
2012-05-08,15.91,69.62,15.6744031
2012-05-09,14.04,83.51,14.081719699999999
2012-05-10,13.81,70.27,13.92282535
2012-05-11,11.31,75.65,11.73722075
2012-05-12,11.68,80.1,11.988649
2012-05-13,11.86,75.27,12.2190796
2012-05-14,12.21,88.14,12.3593767
2012-05-15,12.19,88.44,12.3368698
2012-05-16,10.93,80.75,11.30797375
2012-05-17,11.91,73.36,12.2894868
2012-05-18,12.4,77.27,12.6625315
2012-05-19,10.7,82.56,11.064496
2012-05-20,10.19,80.3,10.6569885
2012-05-21,11.06,70.73,11.6137884
2012-05-22,13.16,71.08,13.3731404
2012-05-23,13.53,60.14,13.7426531
2012-05-24,11.35,85.33,11.60415775
2012-05-25,10.24,88.68,10.5052276
2012-05-26,11.8,85.64,12.013246
2012-05-27,12.18,84.69,12.3753556
2012-05-28,11.78,86.81,11.9773224
2012-05-29,11.34,92.22,11.4752164
2012-05-30,10.61,94.14,10.7353747
2012-05-31,10.46,85.78,10.775968400000002
2012-06-01,10.62,85.35,10.932631
2012-06-02,10.22,89.94,10.4568124
2012-06-03,10.87,93.96,10.9905886
2012-06-04,11.76,87.59,11.9470187
2012-06-05,9.47,83.49,9.926749150000001
2012-06-06,10.61,79.99,11.03811395
2012-06-07,10.76,82.93,11.1111299
2012-06-08,10.91,90.22,11.1031061
2012-06-09,10.12,88.84,10.3888444
2012-06-10,8.93,90.93,9.20785945
2012-06-11,8.16,88.97,8.5446161
2012-06-12,9.28,85.25,9.7034725
2012-06-13,10.24,89.42,10.4878894
2012-06-14,11.1,88.55,11.314115
2012-06-15,9.69,82.71,10.14740695
2012-06-16,10.81,84.53,11.12396365
2012-06-17,10.84,91.53,11.0105011
2012-06-18,10.94,84.55,11.242511
2012-06-19,7.19,78.8,8.042346
2012-06-20,10.12,78.3,10.642752999999999
2012-06-21,8.45,92.47,8.70056075
2012-06-22,7.28,88.33,7.743415700000001
2012-06-23,9.92,88.19,10.217493900000001
2012-06-24,10.85,89.23,11.06620775
2012-06-25,8.29,81.18,8.9327971
2012-06-26,6.42,82.44,7.200366400000001
2012-06-27,8.09,89.2,8.470754
2012-06-28,10.99,84.98,11.279961100000001
2012-06-29,9.17,86.11,9.57718535
2012-06-30,7.65,91.21,7.981163250000001
2012-07-01,9.4,92.77,9.6028015
2012-07-02,9.45,90.81,9.70525225
2012-07-03,8.55,92.62,8.791510500000001
2012-07-04,8.74,91.15,9.020368
2012-07-05,8.99,90.58,9.275473100000001
2012-07-06,7.85,90.64,8.192342
2012-07-07,6.18,81.32,7.0347968000000005
2012-07-08,8.27,82.48,8.8703228
2012-07-09,10.13,87.01,10.44221465
2012-07-10,10.76,91.14,10.9422502
2012-07-11,10.13,86.61,10.451828650000001
2012-07-12,10.81,93.87,10.93440835
2012-07-13,9.65,92.21,9.857798250000002
2012-07-14,8.86,88.48,9.217350399999999
2012-07-15,10.08,89.41,10.337442900000001
2012-07-16,11.11,86.49,11.36189395
2012-07-17,10.2,77.28,10.737328
2012-07-18,7.57,88.26,8.0174701
2012-07-19,9.5,86.3,9.876750000000001
2012-07-20,10.23,92.73,10.400735950000001
2012-07-21,10.69,91.52,10.8676984
2012-07-22,10.01,92.63,10.19200215
2012-07-23,9.88,79.09,10.4113231
2012-07-24,9.83,84.67,10.22375105
2012-07-25,10.13,87.13,10.439330450000002
2012-07-26,9.4,91.5,9.638425000000002
2012-07-27,9.31,93.54,9.4944007
2012-07-28,9.04,89.31,9.3610207
2012-07-29,8.61,88.08,8.9961484
2012-07-30,8.7,87.84,9.087904
2012-07-31,8.61,81.75,9.20120875
2012-08-01,7.59,88.59,8.02363705
2012-08-02,8.16,84.9,8.686537
2012-08-03,10.33,81.06,10.7643889
2012-08-04,9.43,76.51,10.08501865
2012-08-05,8.84,80.5,9.447035
2012-08-06,7.36,88.52,7.810819600000001
2012-08-07,10.14,73.59,10.7733118
2012-08-08,9.09,86.54,9.4905023
2012-08-09,9.39,83.86,9.843614700000002
2012-08-10,10.27,89.38,10.517074299999999
2012-08-11,9.98,91.57,10.189569800000001
2012-08-12,9.14,92,9.37584
2012-08-13,10.11,81.32,10.5610286
2012-08-14,8.13,90.84,8.450920600000002
2012-08-15,8.05,88.13,8.471088250000001
2012-08-16,9.48,84.27,9.9143053
2012-08-17,8.94,89.68,9.2555856
2012-08-18,8.54,87.02,8.9654844
2012-08-19,8.4,89.16,8.763682000000001
2012-08-20,8.71,82.29,9.273974950000001
2012-08-21,11.87,76.01,12.217015349999999
2012-08-22,13.15,82.78,13.2778585
2012-08-23,10.03,79.3,10.538909499999999
2012-08-24,8.76,83.99,9.265435700000001
2012-08-25,9.81,83.2,10.243356
2012-08-26,8.58,85.06,9.0664464
2012-08-27,9.74,77.86,10.3196252
2012-08-28,11.6,71.81,12.0496305
2012-08-29,10.67,80.44,11.0820314
2012-08-30,8.44,85.43,8.9256181
2012-08-31,9.24,75.34,9.9534138
2012-09-01,8.66,80.98,9.2709224
2012-09-02,10.62,76.92,11.112527199999999
2012-09-03,13.52,73.9,13.660679
2012-09-04,14.78,59.55,14.717706999999999
2012-09-05,12.97,74.62,13.183572700000001
2012-09-06,11.14,79.91,11.5112632
2012-09-07,10.55,82,10.94105
2012-09-08,11.1,82.65,11.424445
2012-09-09,10.39,81.28,10.813165600000001
2012-09-10,11.21,83.64,11.5060342
2012-09-11,12.74,74.21,12.9896472
2012-09-12,12.08,79.71,12.3500599
2012-09-13,8.63,83.45,9.164316750000001
2012-09-14,10.79,87.57,11.043634149999999
2012-09-15,10.65,81.93,11.03263225
2012-09-16,10.8,90.19,10.999633500000002
2012-09-17,11.23,87.36,11.4573304
2012-09-18,11.63,91.48,11.7644882
2012-09-19,12.4,87.53,12.5440285
2012-09-20,14.91,83.76,14.8733788
2012-09-21,12.74,84.08,12.8941056
2012-09-22,13.04,77.97,13.216900899999999
2012-09-23,10.53,77.87,11.01320855
2012-09-24,9.55,77.09,10.173724750000002
2012-09-25,10.83,77.23,11.28961245
2012-09-26,15.67,58.82,15.4050067
2012-09-27,15.87,77.75,15.70234625
2012-09-28,10.17,81.42,10.612482700000001
2012-09-29,8.72,81.64,9.3036644
2012-09-30,10.17,84.68,10.5348458
2012-10-01,11.03,87.69,11.26493635
2012-10-02,13.12,85.74,13.228233399999999
2012-10-03,16.26,66.31,15.9338808
2012-10-04,15.69,77.77,15.54450465
2012-10-05,10.96,77.65,11.3951545
2012-10-06,9.28,85.75,9.6891175
2012-10-07,10.75,78.5,11.1934375
2012-10-08,10.54,78.4,11.010447999999998
2012-10-09,11.05,77.25,11.481681250000001
2012-10-10,10.2,75.05,10.7900675
2012-10-11,10.78,83.26,11.1225004
2012-10-12,10.82,84.73,11.1290648
2012-10-13,11.83,82.76,12.083169400000001
2012-10-14,15.13,67.64,15.0178726
2012-10-15,15.43,78.35,15.31926025
2012-10-16,12.43,82.56,12.6285544
2012-10-17,11.91,75.38,12.2607119
2012-10-18,14.3,79.98,14.322022
2012-10-19,15.51,81.35,15.40639925
2012-10-20,13.81,76.61,13.89876505
2012-10-21,11.35,75.17,11.78017975
2012-10-22,12.1,73.8,12.44584
2012-10-23,15.15,60.03,15.00710725
2012-10-24,16.9,62.94,16.410808
2012-10-25,12.71,76.89,12.93751795
2012-10-26,11.31,77.78,11.6998499
2012-10-27,12.46,70.7,12.788746000000002
2012-10-28,12.48,76.79,12.7378631
2012-10-29,18.17,65.76,17.478865600000002
2012-10-30,21.01,53.38,19.340770900000003
2012-10-31,18.47,70.77,17.831762949999998
2012-11-01,12.35,75.84,12.635692
2012-11-02,12.18,77.06,12.4727144
2012-11-03,15.88,73.81,15.6812179
2012-11-04,21.16,55.38,19.5255694
2012-11-05,21.6,60.1,20.041905
2012-11-06,16.19,82.44,16.0267798
2012-11-07,15.64,76.59,15.4932193
2012-11-08,15.19,72.3,15.0848785
2012-11-09,12.68,72.98,12.9504702
2012-11-10,13.88,65.84,13.996485600000002
2012-11-11,19.11,51.27,17.87445085
2012-11-12,14.63,66.01,14.605697150000001
2012-11-13,12.97,62.79,13.28312215
2012-11-14,14.33,63.11,14.36449215
2012-11-15,13.86,71.51,13.9602848
2012-11-16,13.18,73.2,13.374568
2012-11-17,13.25,72.81,13.43693125
2012-11-18,12.99,76.03,13.18907085
2012-11-19,16.39,68.88,16.0665076
2012-11-20,20.85,48.54,19.0527595
2012-11-21,14.28,65.29,14.3219991
2012-11-22,15.14,73.37,15.0462624
2012-11-23,17.2,69.47,16.746629499999997
2012-11-24,21.17,63.24,19.821459400000002
2012-11-25,15.22,73.4,15.114664000000001
2012-11-26,16.62,73.5,16.31101
2012-11-27,17.21,81.61,16.93589705
2012-11-28,21.78,70.46,20.5972184
2012-11-29,26.99,59.64,24.217469799999996
2012-11-30,20.86,79.62,20.1471076
2012-12-01,17.68,66.35,17.0914615
2012-12-02,15.42,69.79,15.2671374
2012-12-03,15.04,68.49,14.9464153
2012-12-04,13.63,66.09,13.79225935
2012-12-05,14.59,68.35,14.57433325
2012-12-06,16.5,69.79,16.16769
2012-12-07,23,45.12,20.434359999999998
2012-12-08,19.9,58.87,18.678438999999997
2012-12-09,14.62,64.52,14.5965832
2012-12-10,16.51,69.63,16.17425965
2012-12-11,19.97,58.43,18.71936655
2012-12-12,26.13,44.32,22.5684288
2012-12-13,21.14,75.86,20.2584072
2012-12-14,20.38,87.59,19.978660599999998
2012-12-15,18.19,73.55,17.65319725
2012-12-16,15.71,61.24,15.4520522
2012-12-17,15.78,58.17,15.4855168
2012-12-18,20.89,55.04,19.309880800000002
2012-12-19,20.77,67.31,19.64268535
2012-12-20,16.15,64.11,15.824298249999998
2012-12-21,15.77,65.61,15.52978585
2012-12-22,20.7,56.94,19.231654
2012-12-23,27.19,41.65,23.11746175
2012-12-24,17.69,65.89,17.09154005
2012-12-25,16.31,60.2,15.913791
2012-12-26,18.48,60.81,17.622130900000002
2012-12-27,18.95,65.65,18.10928375
2012-12-28,16.55,66.95,16.17736125
2012-12-29,16.45,67.52,16.101651999999998
2012-12-30,15.79,64.52,15.538269399999999
2012-12-31,18.33,67.61,17.647704649999998
2013-01-01,17.99,64.04,17.2997478
2013-01-02,17.46,52.5,16.686700000000002
2013-01-03,28.01,37.34,23.3540487
2013-01-04,28.69,41.65,24.13607425
2013-01-05,19.37,64.26,18.4127041
2013-01-06,19.56,69.5,18.711185
2013-01-07,23.09,64.57,21.41610965
2013-01-08,17.92,61.92,17.2037152
2013-01-09,16.04,59.98,15.7010306
2013-01-10,21.45,47.54,19.4447165
2013-01-11,21.61,60.96,20.0833408
2013-01-12,17.86,63.9,17.192871999999998
2013-01-13,16.09,62.4,15.761188
2013-01-14,16.79,59.69,16.28229555
2013-01-15,19.48,56.99,18.301956099999998
2013-01-16,19.7,57.71,18.490506
2013-01-17,29.01,31.96,23.580067800000002
2013-01-18,18.56,64.58,17.769071399999998
2013-01-19,17.31,67.51,16.80786705
2013-01-20,18.6,71.38,17.954619
2013-01-21,19.31,68.42,18.4745511
2013-01-22,18.61,64.63,17.81046115
2013-01-23,18.51,61.94,17.6705867
2013-01-24,27.38,30.92,22.486372799999998
2013-01-25,17.54,61.72,16.8999584
2013-01-26,17.67,69.6,17.139976
2013-01-27,18.01,71.26,17.4551743
2013-01-28,17.74,69.21,17.1913222
2013-01-29,16.28,58.85,15.8771415
2013-01-30,21.16,55.55,19.5317965
2013-01-31,16.44,72.43,16.145828100000003
2013-02-01,14.92,63.09,14.8347379
2013-02-02,17.2,75.71,16.8392935
2013-02-03,17.85,72.98,17.3521565
2013-02-04,17.41,72.18,16.9647409
2013-02-05,22.23,54.83,20.30959745
2013-02-06,25.58,45.65,22.267910999999998
2013-02-07,22.08,60.28,20.4240732
2013-02-08,21.13,62.33,19.75636345
2013-02-09,20.63,62.39,19.36197885
2013-02-10,17.02,63.74,16.5174364
2013-02-11,18.99,66.49,18.16247055
2013-02-12,19.41,65.4,18.475627
2013-02-13,23.59,56.86,21.433215699999998
2013-02-14,23.29,64.57,21.57713665
2013-02-15,23.85,61.61,21.875794250000002
2013-02-16,25.73,47.91,22.51266115
2013-02-17,26,40.13,22.2132225
2013-02-18,26.5,50.32,23.22112
2013-02-19,17.3,67.77,16.803658
2013-02-20,20.9,70.83,19.873216
2013-02-21,22.56,73.92,21.403873599999997
2013-02-22,24.14,58.55,21.942321
2013-02-23,24.57,55.44,22.1020444
2013-02-24,25.78,53.73,22.9094092
2013-02-25,21.1,77.93,20.298859
2013-02-26,21.71,85.2,21.123106
2013-02-27,18.63,75.9,18.0825685
2013-02-28,16.2,64.51,15.8681685
2013-03-01,17.34,63.75,16.773775
2013-03-02,19.05,64.93,18.17237325
2013-03-03,21.43,58.78,19.8588997
2013-03-04,22.94,56.26,20.9095892
2013-03-05,24.4,50.66,21.713437
2013-03-06,25.82,56.14,23.0892764
2013-03-07,25.24,66.57,23.2652899
2013-03-08,26.74,54.4,23.670208
2013-03-09,26.6,59.74,23.920697
2013-03-10,25.26,64.84,23.1792312
2013-03-11,27.05,52.5,23.7713125
2013-03-12,27.71,48.23,23.94865065
2013-03-13,19.41,59.67,18.32088835
2013-03-14,18.53,65.89,17.77395185
2013-03-15,18.49,65.93,17.742333849999998
2013-03-16,15.84,71.13,15.6272281
2013-03-17,15.5,71.93,15.345615
2013-03-18,15.9,74.25,15.701725
2013-03-19,17.65,64.22,17.0301115
2013-03-20,22.5,60.03,20.741319999999998
2013-03-21,18.64,66.94,17.8872238
2013-03-22,17.15,62.07,16.597170249999998
2013-03-23,19.38,61.99,18.3598116
2013-03-24,18.45,70.37,17.806288249999998
2013-03-25,18.7,64.79,17.886649
2013-03-26,22.92,50.69,20.6364539
2013-03-27,22.9,63.02,21.191523999999998
2013-03-28,14.64,65.82,14.6136814
2013-03-29,15.9,67.15,15.647055
2013-03-30,17.35,76.6,16.983205
2013-03-31,14.32,72.55,14.3471755
2013-04-01,17.12,71.6,16.710756
2013-04-02,15.18,72.39,15.0767386
2013-04-03,13.46,70.14,13.6307992
2013-04-04,14.7,72.01,14.669210999999999
2013-04-05,16.83,74.38,16.501679699999997
2013-04-06,19.85,60.13,18.67682525
2013-04-07,18.58,78.61,18.100008399999997
2013-04-08,16.73,82.49,16.51523985
2013-04-09,16.46,79.88,16.243106400000002
2013-04-10,18.42,68.99,17.7514244
2013-04-11,15.04,81.35,14.9846095
2013-04-12,20.09,60.14,18.8645043
2013-04-13,18.38,68.25,17.702455
2013-04-14,16.2,77.76,15.992056
2013-04-15,12.88,80.53,13.0534777
2013-04-16,13.88,71.07,13.978651300000001
2013-04-17,13.38,79.69,13.5051096
2013-04-18,13.12,69.28,13.3531648
2013-04-19,11.36,77.24,11.7530652
2013-04-20,11.6,77.15,11.9644575
2013-04-21,15.35,68.26,15.201615499999999
2013-04-22,14.89,76.42,14.8394209
2013-04-23,13.68,71.42,13.8088958
2013-04-24,14.15,80.28,14.187961
2013-04-25,15.52,74.98,15.3796378
2013-04-26,16.46,72.26,16.1609628
2013-04-27,19.63,48.99,18.19075285
2013-04-28,13.92,72.55,14.0075655
2013-04-29,13.2,70.34,13.412068999999999
2013-04-30,14.08,64.88,14.1611272
2013-05-01,12.03,74.68,12.373972199999999
2013-05-02,12.07,60.22,12.6016597
2013-05-03,15.27,52.2,15.067567
2013-05-04,12.27,64.55,12.704794249999999
2013-05-05,11,75.74,11.467005
2013-05-06,12.05,66.9,12.4960225
2013-05-07,12.91,82.8,13.060414
2013-05-08,16.31,70.14,16.012743699999998
2013-05-09,17.33,65.16,16.7877154
2013-05-10,16.69,65.08,16.2693886
2013-05-11,16.69,57.4,16.176883
2013-05-12,15.62,76.9,15.477704
2013-05-13,10.63,83.02,10.9914193
2013-05-14,11.33,72.55,11.80859075
2013-05-15,12,85.14,12.204325
2013-05-16,11.99,86.64,12.1744348
2013-05-17,12.13,82.61,12.356678650000001
2013-05-18,10.46,87.03,10.748193400000002
2013-05-19,11.12,79.49,11.5012809
2013-05-20,11.6,86.59,11.8138895
2013-05-21,9.97,85.86,10.322298100000001
2013-05-22,10.51,84.42,10.8519031
2013-05-23,10.67,81.98,11.0495913
2013-05-24,11.72,85.26,11.945374600000001
2013-05-25,13.31,79.75,13.44253625
2013-05-26,12.71,83.84,12.8690952
2013-05-27,11.03,85.16,11.3132214
2013-05-28,11.81,80.84,12.0934722
2013-05-29,14.27,74.69,14.30201715
2013-05-30,13.06,92.63,13.1183704
2013-05-31,14.94,88.82,14.912944399999999
2013-06-01,12.18,90.75,12.29803
2013-06-02,11.46,88.93,11.6450904
2013-06-03,11.8,92.59,11.9100385
2013-06-04,11.92,85.01,12.1327081
2013-06-05,11.57,83.31,11.83895935
2013-06-06,12.99,76.92,13.1816794
2013-06-07,9.03,83.06,9.5396399
2013-06-08,8.56,80.04,9.2120932
2013-06-09,8.57,82.21,9.15022085
2013-06-10,11.67,76.5,12.0357775
2013-06-11,11.9,83.96,12.129372
2013-06-12,11.22,94.8,11.313808000000002
2013-06-13,10.72,92.62,10.873430200000001
2013-06-14,9.93,80.1,10.4301865
2013-06-15,9.14,88.44,9.480788800000001
2013-06-16,8.72,89.71,9.047119100000002
2013-06-17,8.85,93.29,9.05851325
2013-06-18,8.57,92.73,8.807111050000001
2013-06-19,7.77,88.29,8.203445649999999
2013-06-20,7.95,83.06,8.560263500000001
2013-06-21,7.56,85.23,8.1237709
2013-06-22,7.22,89.05,7.658438
2013-06-23,7.5,90.15,7.879225
2013-06-24,8.75,95.93,8.87871375
2013-06-25,8.57,91.28,8.8544028
2013-06-26,9.65,81.92,10.132284
2013-06-27,10.79,82.8,11.140965999999999
2013-06-28,10.95,88.77,11.16926575
2013-06-29,8.98,88.87,9.317906800000001
2013-06-30,10.85,89.04,11.070022
2013-07-01,11.85,88.98,12.0106165
2013-07-02,10.81,85.52,11.103871600000002
2013-07-03,10.79,73.83,11.323998849999999
2013-07-04,11.17,74.56,11.6359336
2013-07-05,9.91,75.2,10.536076000000001
2013-07-06,8.8,88.95,9.146417500000002
2013-07-07,8.17,90.57,8.49830545
2013-07-08,8.56,86.13,9.0131329
2013-07-09,7.72,81.92,8.3942032
2013-07-10,8.36,82.79,8.9411817
2013-07-11,8.73,89.2,9.072738000000001
2013-07-12,10.29,86.82,10.5951829
2013-07-13,11.83,92.76,11.9363194
2013-07-14,12.05,92.35,12.15308375
2013-07-15,11.52,90.25,11.6798025
2013-07-16,11.33,89.27,11.51707755
2013-07-17,12.34,88.81,12.4729372
2013-07-18,14.82,84.8,14.793248
2013-07-19,10.34,88,10.61456
2013-07-20,6.47,91.5,6.8454025000000005
2013-07-21,7.02,89.67,7.4449762
2013-07-22,9.21,86.23,9.610638150000002
2013-07-23,10.83,83.09,11.17132835
2013-07-24,9.69,83.64,10.1228038
2013-07-25,8.22,86.8,8.675928
2013-07-26,8.94,88.38,9.2953396
2013-07-27,10.36,78.8,10.842724
2013-07-28,11.36,85.66,11.6076518
2013-07-29,11.63,85.34,11.8614081
2013-07-30,9.31,79.85,9.885181750000001
2013-07-31,8.4,80.38,9.058251
2013-08-01,8.31,77.44,9.078055200000001
2013-08-02,8.3,83.56,8.860604
2013-08-03,8.96,88.04,9.324421200000002
2013-08-04,10.03,87.62,10.334362299999999
2013-08-05,12.07,84.17,12.281567950000001
2013-08-06,9.37,85.18,9.7881463
2013-08-07,9.14,85.86,9.5568472
2013-08-08,9.26,79.86,9.8404348
2013-08-09,9.6,90.19,9.8643795
2013-08-10,9.61,82.42,10.0828141
2013-08-11,11.76,83,12.01619
2013-08-12,9.28,79.61,9.8653969
2013-08-13,11.32,74.03,11.7742153
2013-08-14,9.14,84.5,9.59694
2013-08-15,9.83,78.88,10.372467200000001
2013-08-16,11.11,73.12,11.6111776
2013-08-17,10.81,79.91,11.21772655
2013-08-18,9.99,79.31,10.50321545
2013-08-19,7.08,85,7.692150000000001
2013-08-20,8.15,87.83,8.575037250000001
2013-08-21,9.79,81.87,10.25965765
2013-08-22,11.07,84.97,11.353540950000001
2013-08-23,11.31,91.59,11.45755345
2013-08-24,11.41,88.91,11.59847455
2013-08-25,10.96,88.05,11.192666500000001
2013-08-26,12.2,82.77,12.4179595
2013-08-27,12.84,87.23,12.9565901
2013-08-28,14.25,84.1,14.2718625
2013-08-29,14.43,81.95,14.43694925
2013-08-30,12.23,87.42,12.387061300000001
2013-08-31,14.17,76.35,14.212924749999999
2013-09-01,14.98,84.2,14.938288
2013-09-02,13.92,88.25,13.9574825
2013-09-03,16.65,82.97,16.448620249999998
2013-09-04,17.26,72.29,16.8393622
2013-09-05,13.08,93.03,13.134435700000001
2013-09-06,11.49,87.42,11.6982619
2013-09-07,11.59,81.55,11.885292250000001
2013-09-08,12.65,75.37,12.90061025
2013-09-09,14.84,74.84,14.7929508
2013-09-10,10.96,78.55,11.377631500000001
2013-09-11,10.17,81.96,10.5996226
2013-09-12,7.15,77.74,8.049860500000001
2013-09-13,10.26,74.49,10.854893200000001
2013-09-14,12.3,77.63,12.570677000000002
2013-09-15,13.6,83.67,13.6808335
2013-09-16,12.44,92.14,12.5290538
2013-09-17,12.81,92.49,12.879805450000001
2013-09-18,11.79,85.25,12.00984875
2013-09-19,11.72,80.63,12.016167300000001
2013-09-20,10.69,85.11,11.00201995
2013-09-21,12.85,80.42,13.0276885
2013-09-22,12.82,88.89,12.922656400000001
2013-09-23,16.48,74.33,16.2004537
2013-09-24,16.16,74.97,15.9314761
2013-09-25,14.03,77.66,14.0877489
2013-09-26,9.82,77.02,10.4115052
2013-09-27,12.48,73.62,12.7730818
2013-09-28,10.21,80.05,10.68072025
2013-09-29,16.12,62.52,15.786053200000001
2013-09-30,16.08,77.88,15.887777199999999
2013-10-01,10.59,75.3,11.1211735
2013-10-02,11.3,79.95,11.652880000000001
2013-10-03,10.02,76.05,10.610128
2013-10-04,13.8,71.11,13.911226500000001
2013-10-05,14.87,78.04,14.825311399999999
2013-10-06,11.03,82.05,11.37257575
2013-10-07,12.17,77.75,12.45513375
2013-10-08,14.68,71.14,14.6514286
2013-10-09,18.48,64.19,17.6961191
2013-10-10,11.8,83.37,12.046955500000001
2013-10-11,13.45,74.67,13.59628075
2013-10-12,15.44,72.54,15.2980318
2013-10-13,10.06,77.92,10.599193600000001
2013-10-14,10.41,79.68,10.8670984
2013-10-15,13.43,67.47,13.62143905
2013-10-16,15.87,59.71,15.56641485
2013-10-17,9.66,71.88,10.4085544
2013-10-18,14.78,52.61,14.7070194
2013-10-19,16.89,57.99,16.33777855
2013-10-20,18.28,73.26,17.7240754
2013-10-21,12.78,87.63,12.8970202
2013-10-22,14.21,91.21,14.22402005
2013-10-23,11.23,78.92,11.6091238
2013-10-24,9.79,76.45,10.40006275
2013-10-25,11.65,79.87,11.965537750000001
2013-10-26,12.43,80.76,12.6490474
2013-10-27,12.12,79.11,12.393450099999999
2013-10-28,13.2,80.69,13.3380665
2013-10-29,12.67,74.94,12.9222289
2013-10-30,12.9,77.06,13.101872
2013-10-31,12.28,74.71,12.5887909
2013-11-01,15.74,71.67,15.5467894
2013-11-02,16.31,71.28,16.024092399999997
2013-11-03,11.85,67.36,12.325728
2013-11-04,11.81,72.43,12.21789815
2013-11-05,16.53,63.81,16.125938650000002
2013-11-06,20.02,53.32,18.6027952
2013-11-07,15.8,78.77,15.648205500000001
2013-11-08,13.8,82.65,13.8667975
2013-11-09,11.99,71.79,12.37943905
2013-11-10,12.43,74.41,12.72134215
2013-11-11,13.78,77.06,13.870842399999999
2013-11-12,12.38,86.54,12.5369436
2013-11-13,12.69,88.31,12.80637395
2013-11-14,12.65,77.47,12.87924275
2013-11-15,12.95,79.35,13.12604125
2013-11-16,13.49,80.37,13.59904465
2013-11-17,14.11,78.58,14.155945899999999
2013-11-18,19.18,60.66,18.1673884
2013-11-19,17.04,69.3,16.611121
2013-11-20,14.19,83,14.218985
2013-11-21,16.5,73.28,16.20608
2013-11-22,14.92,77.83,14.8687873
2013-11-23,14.94,82.87,14.8985454
2013-11-24,14.13,79.06,14.1726129
2013-11-25,14.89,70.08,14.825821600000001
2013-11-26,19.67,59.73,18.52492255
2013-11-27,23.91,44.65,21.04536075
2013-11-28,15.01,81.65,14.95852825
2013-11-29,14.17,66.54,14.2307299
2013-11-30,14.64,72.6,14.618902
2013-12-01,22.19,50.72,20.105702400000002
2013-12-02,22.41,62.33,20.771166649999998
2013-12-03,21.14,69.09,20.0111668
2013-12-04,13.33,75.86,13.4853409
2013-12-05,11.47,74.05,11.90245675
2013-12-06,14.36,68.16,14.3845168
2013-12-07,18.39,58.63,17.50488885
2013-12-08,20.38,70.23,19.4172382
2013-12-09,14.37,78.35,14.38547975
2013-12-10,14.94,67.07,14.8603094
2013-12-11,14.52,70.17,14.5167187
2013-12-12,16.83,70.87,16.456699049999997
2013-12-13,15.62,72.12,15.448259199999999
2013-12-14,14.51,67.72,14.5082246
2013-12-15,16.08,74.39,15.857449099999998
2013-12-16,15.58,77.62,15.4470628
2013-12-17,15.64,78.41,15.5046307
2013-12-18,21.14,69.69,20.0330788
2013-12-19,26.22,52,23.125919999999997
2013-12-20,17.75,72.96,17.266659999999998
2013-12-21,18.92,79.66,18.425534600000002
2013-12-22,19.88,78.59,19.246478099999997
2013-12-23,15.25,69.43,15.12389875
2013-12-24,17.03,65.72,16.5529938
2013-12-25,23.39,43.01,20.60347395
2013-12-26,18.6,71.01,17.946275500000002
2013-12-27,17.8,69.62,17.248603
2013-12-28,19.34,54.16,18.119739199999998
2013-12-29,14.55,63.69,14.540014750000001
2013-12-30,15.64,64.67,15.4184809
2013-12-31,18.95,51.8,17.770305
2014-01-01,19.81,67.86,18.871351299999997
2014-01-02,16.22,68.88,15.925604799999999
2014-01-03,17.22,61.78,16.6482288
2014-01-04,16.25,60.8,15.8727
2014-01-05,17.14,58.58,16.5385816
2014-01-06,15.23,57.87,15.06084805
2014-01-07,14.45,67.87,14.458835749999999
2014-01-08,18.75,59.02,17.7920925
2014-01-09,24.69,52.21,22.01160945
2014-01-10,24.94,54.48,22.3262416
2014-01-11,17.77,73,17.284405
2014-01-12,17.55,73.15,17.09959125
2014-01-13,25.48,43.93,22.0939327
2014-01-14,31.73,36.02,25.6669353
2014-01-15,29.03,46.62,24.7641373
2014-01-16,31.51,37.04,25.6197772
2014-01-17,27.15,53.07,23.884845249999998
2014-01-18,18.58,68.21,17.866632399999997
2014-01-19,18.4,72.49,17.809910499999997
2014-01-20,18.55,67.33,17.82227575
2014-01-21,18.2,63.85,17.4643475
2014-01-22,17.19,61.35,16.61817325
2014-01-23,23.64,60.2,21.639254
2014-01-24,17.22,69.18,16.7589328
2014-01-25,15.89,63.16,15.6083582
2014-01-26,21.48,49.78,19.5520542
2014-01-27,27.52,39.18,23.1646798
2014-01-28,25.78,53.19,22.875907599999998
2014-01-29,17.76,64.37,17.121154100000002
2014-01-30,22.33,69.74,21.026853099999997
2014-01-31,20.78,76.13,19.955530200000002
2014-02-01,23.56,67.88,21.959460399999998
2014-02-02,29.67,33.99,24.162455650000002
2014-02-03,19.46,59.36,18.3513408
2014-02-04,18.87,53.17,17.74444095
2014-02-05,22.88,48.48,20.5054432
2014-02-06,27.79,38.59,23.30123605
2014-02-07,23.28,67.09,21.6907761
2014-02-08,31.01,27.51,24.42754555
2014-02-09,21.13,52.2,19.386972999999998
2014-02-10,17.91,64.14,17.2374457
2014-02-11,20.3,70.95,19.373305000000002
2014-02-12,21.6,71.57,20.489808500000002
2014-02-13,22.44,65.38,20.9281446
2014-02-14,23.36,60.69,21.444423699999998
2014-02-15,22.07,72.01,20.90463635
2014-02-16,17.83,67.55,17.23567825
2014-02-17,18.5,67.44,17.78368
2014-02-18,21.19,64.35,19.878258250000002
2014-02-19,16.81,68.17,16.405599849999998
2014-02-20,16.4,62.48,16.007915999999998
2014-02-21,16.12,68.48,15.839156800000001
2014-02-22,16.09,71.03,15.83665735
2014-02-23,17.1,69.85,16.668855
2014-02-24,19.52,65.2,18.559172
2014-02-25,20.59,65.44,19.432412799999998
2014-02-26,16.15,67.12,15.851613999999998
2014-02-27,15.2,65.87,15.0685995
2014-02-28,17.63,72.91,17.16364565
2014-03-01,18.64,73.68,18.0406936
2014-03-02,17.04,73.89,16.675243299999998
2014-03-03,20.73,70.74,19.7274061
2014-03-04,25.52,54.89,22.785882899999997
2014-03-05,15.62,66.61,15.414317599999999
2014-03-06,16.53,68.92,16.1829918
2014-03-07,18.77,79.03,18.27751955
2014-03-08,21.29,68.11,20.09906795
2014-03-09,25.1,41.72,21.702276
2014-03-10,23.78,51.25,21.291800000000002
2014-03-11,21.27,71.96,20.225930599999998
2014-03-12,16.33,64.39,15.971585349999998
2014-03-13,17.49,71.93,17.02838885
2014-03-14,22.27,48.45,20.06701075
2014-03-15,18.41,70.14,17.7678607
2014-03-16,16.05,64.93,15.751028250000001
2014-03-17,18.49,70.77,17.848547649999997
2014-03-18,17.96,66.62,17.324778600000002
2014-03-19,16.61,67.11,16.22831155
2014-03-20,21.93,46.74,19.7535301
2014-03-21,16.27,73.65,16.013482749999998
2014-03-22,14.73,70.66,14.692884900000001
2014-03-23,14.3,73.82,14.328798
2014-03-24,15,76.44,14.93521
2014-03-25,18.6,73.77,18.0085135
2014-03-26,19.77,79.07,19.163343949999998
2014-03-27,18.59,85.65,18.26719675
2014-03-28,16.68,83.22,16.4788078
2014-03-29,17.39,80.7,17.0832265
2014-03-30,20.04,70.87,19.152408899999998
2014-03-31,23.25,54.96,21.08245
2014-04-01,24.4,53.77,21.8827765
2014-04-02,17.47,80.04,17.143953399999997
2014-04-03,15.92,72.49,15.705146899999999
2014-04-04,16.39,83.06,16.2139087
2014-04-05,17.39,76.75,17.02044125
2014-04-06,17.98,70.55,17.416327
2014-04-07,19.51,64.81,18.540339550000002
2014-04-08,17.54,88.64,17.350060799999998
2014-04-09,17.48,91.33,17.3378987
2014-04-10,17.55,93.53,17.44146575
2014-04-11,15.94,91.95,15.876244
2014-04-12,15.84,84.53,15.7259861
2014-04-13,14.82,76.53,14.7786928
2014-04-14,14.62,75.14,14.6035924
2014-04-15,14.78,78.52,14.7469208
2014-04-16,16.12,73.77,15.8862907
2014-04-17,17.6,66.86,17.034963
2014-04-18,14.15,70.33,14.20711475
2014-04-19,13.05,69.51,13.29315775
2014-04-20,14.18,66,14.23984
2014-04-21,16.31,66.58,15.977303899999999
2014-04-22,14.66,83.53,14.6455064
2014-04-23,14.4,65.37,14.4190465
2014-04-24,11.59,66.96,12.1188052
2014-04-25,15.2,58.4,15.03984
2014-04-26,12.46,69.18,12.8058004
2014-04-27,11.62,72.48,12.0559168
2014-04-28,17.9,72.85,17.392294999999997
2014-04-29,13.21,87.84,13.2962752
2014-04-30,11.52,73.79,11.9495819
2014-05-01,12.02,67.74,12.4600264
2014-05-02,10.62,86.74,10.902968399999999
2014-05-03,11.77,77.96,12.1009306
2014-05-04,11.7,83.04,11.961184
2014-05-05,11.96,83.73,12.187291900000002
2014-05-06,11.93,77.66,12.2457759
2014-05-07,9.45,76.5,10.102712499999999
2014-05-08,11.01,66.31,11.65667955
2014-05-09,13.36,80.03,13.4852119
2014-05-10,12.8,89.96,12.893874
2014-05-11,13.33,83.63,13.43534095
2014-05-12,12.31,80.73,12.542107150000001
2014-05-13,13.08,82.28,13.2183932
2014-05-14,14.88,74.64,14.8269976
2014-05-15,16.95,64.14,16.466786499999998
2014-05-16,17.05,64.29,16.54916725
2014-05-17,17.16,71.98,16.7500674
2014-05-18,16.44,76.48,16.1890416
2014-05-19,16.58,82.85,16.383803999999998
2014-05-20,14.75,85.03,14.72941625
2014-05-21,16.26,76.91,16.0364888
2014-05-22,17.07,82.09,16.81684215
2014-05-23,13.36,90.42,13.4200666
2014-05-24,13.3,86.18,13.391212000000001
2014-05-25,14.69,90.53,14.68010385
2014-05-26,16.71,82.39,16.495950450000002
2014-05-27,13.67,90.24,13.7145544
2014-05-28,12.53,88.72,12.6522188
2014-05-29,11.11,83.01,11.42677855
2014-05-30,11.86,80.23,12.147060399999999
2014-05-31,13.28,85.76,13.3755504
2014-06-01,12.41,91.16,12.5116158
2014-06-02,13.08,88.63,13.168799700000001
2014-06-03,12.44,93.24,12.5165908
2014-06-04,13,87.91,13.0997425
2014-06-05,11.07,84.59,11.36070965
2014-06-06,11.58,90.07,11.739475800000001
2014-06-07,11.84,82.88,12.0904656
2014-06-08,9.4,82.38,9.894241000000001
2014-06-09,10.2,91.71,10.3960585
2014-06-10,11.23,87.86,11.4483379
2014-06-11,11.23,84.87,11.50211305
2014-06-12,12.02,84.91,12.2258276
2014-06-13,12.42,92.96,12.5005376
2014-06-14,12.06,91.94,12.1681652
2014-06-15,10.13,91.66,10.330451900000002
2014-06-16,11.63,88.8,11.806792000000002
2014-06-17,11.38,89.51,11.560008400000001
2014-06-18,10.18,85.85,10.516204
2014-06-19,9.49,86.72,9.8559304
2014-06-20,11.29,85.6,11.544232
2014-06-21,10.36,93,10.51939
2014-06-22,12.38,78.14,12.6348876
2014-06-23,9.19,83.43,9.673926849999999
2014-06-24,10.97,85.23,11.25675955
2014-06-25,11.95,80.92,12.217597
2014-06-26,10.61,80.93,11.01800265
2014-06-27,10.79,73.13,11.33828235
2014-06-28,10.11,86.67,10.43185285
2014-06-29,8.75,87.62,9.1415175
2014-06-30,10.15,89.47,10.401930250000001
2014-07-01,10.52,93.38,10.6649118
2014-07-02,10.07,87.8,10.367253000000002
2014-07-03,8.98,85.91,9.4077724
2014-07-04,10.08,84.01,10.4687169
2014-07-05,10.8,89.92,11.005128000000001
2014-07-06,9.59,94.14,9.7482493
2014-07-07,9.75,85.15,10.13795625
2014-07-08,10.15,77.13,10.69716475
2014-07-09,8.04,90.78,8.3675866
2014-07-10,9.5,92.3,9.71175
2014-07-11,9.83,87,10.163905
2014-07-12,7.9,84.94,8.446678
2014-07-13,8.88,91.17,9.152935300000001
2014-07-14,8.31,85.73,8.795822150000001
2014-07-15,9.37,90.1,9.6493285
2014-07-16,10.03,84.94,10.4002501
2014-07-17,8.61,80.9,9.2287445
2014-07-18,9.61,82.55,10.07931775
2014-07-19,9.49,91.63,9.72063535
2014-07-20,9.35,88.45,9.67715375
2014-07-21,8.42,84.27,8.946011200000001
2014-07-22,7.08,88.94,7.531358600000001
2014-07-23,8.22,86.89,8.672819400000002
2014-07-24,9.62,92.25,9.828009999999999
2014-07-25,10.74,90.32,10.940182400000001
2014-07-26,9.78,93.76,9.9419904
2014-07-27,10.8,80.36,11.199674000000002
2014-07-28,11.46,80.17,11.7915576
2014-07-29,12.57,85.42,12.7247667
2014-07-30,13.34,80.58,13.4638996
2014-07-31,9.24,79.63,9.829304100000002
2014-08-01,7.34,83.26,7.9992212
2014-08-02,7.11,72.73,8.21838915
2014-08-03,7.25,71.11,8.401988750000001
2014-08-04,8.28,75.3,9.124987
2014-08-05,10.26,87.2,10.558496
2014-08-06,10.42,86.5,10.72294
2014-08-07,10.04,92.63,10.2207861
2014-08-08,9.76,82.04,10.2282172
2014-08-09,11.01,79.27,11.40791235
2014-08-10,7.87,78.25,8.66311375
2014-08-11,7.45,77.71,8.31429475
2014-08-12,8.77,83.36,9.2944096
2014-08-13,10.01,84.86,10.3838823
2014-08-14,8.81,87.77,9.19273785
2014-08-15,9.51,84.04,9.9480222
2014-08-16,8.87,90.08,9.1771728
2014-08-17,10,82.76,10.42669
2014-08-18,9.39,88.87,9.702808650000001
2014-08-19,9.56,79.1,10.127853000000002
2014-08-20,8.48,87.12,8.9064568
2014-08-21,10.72,83.22,11.0688562
2014-08-22,11.65,79.19,11.97619675
2014-08-23,13,81.76,13.15048
2014-08-24,11.16,85.21,11.4316923
2014-08-25,10.31,92.47,10.48352885
2014-08-26,11.53,90.56,11.6842024
2014-08-27,11.96,87.97,12.128059100000002
2014-08-28,12.14,82.12,12.3720824
2014-08-29,9.87,90.08,10.122612799999999
2014-08-30,12.58,80.3,12.788032000000001
2014-08-31,14.55,65.34,14.540468500000001
2014-09-01,10.28,87.85,10.5620015
2014-09-02,9.78,76.38,10.3931752
2014-09-03,9.61,78.28,10.1941594
2014-09-04,9.17,86.94,9.5528539
2014-09-05,9.99,84.82,10.366539900000001
2014-09-06,11.02,79.84,11.4058624
2014-09-07,12.59,76.11,12.84096445
2014-09-08,16.08,68.21,15.803744899999998
2014-09-09,12.84,85.22,12.9749414
2014-09-10,12.85,75.46,13.0727005
2014-09-11,9.56,78.32,10.149045600000001
2014-09-12,10.92,68.5,11.540235000000001
2014-09-13,11.23,79.11,11.60570665
2014-09-14,11.63,85.34,11.8614081
2014-09-15,12.63,89.55,12.73747825
2014-09-16,10.41,89.58,10.644397900000001
2014-09-17,9.91,75.42,10.5305221
2014-09-18,10.19,76.78,10.7404301
2014-09-19,11.09,80.78,11.4504711
2014-09-20,11.07,79.15,11.46333525
2014-09-21,10.28,79.13,10.7643927
2014-09-22,13.96,70.08,14.0488624
2014-09-23,16.33,65.92,15.986984799999998
2014-09-24,15.31,85.87,15.24705085
2014-09-25,11.67,85.13,11.90145155
2014-09-26,13.14,76.76,13.3138352
2014-09-27,16.34,72.48,16.0614976
2014-09-28,17.04,68.81,16.6042757
2014-09-29,15.06,69.72,14.9667376
2014-09-30,12.56,70.59,12.8738047
2014-10-01,11.19,76.96,11.6094432
2014-10-02,12.23,84.35,12.425390250000001
2014-10-03,12.77,80.6,12.954591
2014-10-04,16.99,67.11,16.539571449999997
2014-10-05,12.3,77.74,12.569346000000001
2014-10-06,16.74,72.9,16.406128
2014-10-07,11.94,77.45,12.257503999999999
2014-10-08,12.89,81.94,13.049921300000001
2014-10-09,15.54,66.09,15.3460348
2014-10-10,16.12,68.46,15.8389786
2014-10-11,13.85,80.02,13.9214285
2014-10-12,15.67,72.08,15.4903348
2014-10-13,10.68,76.93,11.1647007
2014-10-14,10.36,70.38,11.0344474
2014-10-15,11.61,74.48,12.015640399999999
2014-10-16,11.22,74.65,11.677314
2014-10-17,12.27,70.16,12.6359876
2014-10-18,17.33,56.85,16.658370249999997
2014-10-19,15.52,63.11,15.3130471
2014-10-20,13.34,70.28,13.5296136
2014-10-21,19.05,65.85,18.19539625
2014-10-22,19.41,71.23,18.63306615
2014-10-23,16.96,81.25,16.7063125
2014-10-24,18.25,71.04,17.6527
2014-10-25,13.87,79.72,13.940270199999999
2014-10-26,17.7,71.44,17.197343999999998
2014-10-27,13.15,67.03,13.39480225
2014-10-28,13.39,68.06,13.5849937
2014-10-29,15.3,71.35,15.17394
2014-10-30,15.03,73.92,14.9539768
2014-10-31,19.64,60.05,18.5106135
2014-11-01,11.69,66.58,12.2065061
2014-11-02,12.44,63.58,12.8526386
2014-11-03,16.95,56.73,16.36693675
2014-11-04,18.09,59.05,17.28144225
2014-11-05,12.98,66.8,13.257552
2014-11-06,16.02,58.9,15.676404
2014-11-07,23.13,47.64,20.644732599999998
2014-11-08,17.93,63.77,17.24652105
2014-11-09,13.51,70.43,13.67100865
2014-11-10,14.42,63.66,14.4359896
2014-11-11,12.28,66.86,12.6846394
2014-11-12,16.64,60.43,16.1742611
2014-11-13,23.54,43.76,20.743747199999998
2014-11-14,13.42,69.26,13.6025956
2014-11-15,13.4,78.07,13.532676500000001
2014-11-16,14.28,71.54,14.314436599999999
2014-11-17,14.19,65.71,14.24846445
2014-11-18,14.47,72.3,14.4745705
2014-11-19,21.54,44.6,19.394911999999998
2014-11-20,19.19,73.82,18.5146869
2014-11-21,17.23,62.27,16.66348405
2014-11-22,19.99,66.97,18.992659149999998
2014-11-23,18.65,67.52,17.908644
2014-11-24,14.43,82.16,14.4368684
2014-11-25,15.09,65.96,14.9795402
2014-11-26,14.51,69.69,14.50833295
2014-11-27,13.44,71.06,13.6087202
2014-11-28,13.91,73.24,13.9968362
2014-11-29,19.1,68.6,18.30558
2014-11-30,25.64,57.91,23.0611457
2014-12-01,20.19,68.22,19.195444900000002
2014-12-02,18.57,72.96,17.9647096
2014-12-03,18.35,83.56,18.001883
2014-12-04,19.71,78.3,19.0881865
2014-12-05,16.91,84.4,16.703222
2014-12-06,16.7,83.29,16.497809
2014-12-07,15.05,88.62,15.0155755
2014-12-08,15.79,75.37,15.61525015
2014-12-09,15.95,74.91,15.74990725
2014-12-10,17.43,82.68,17.1508882
2014-12-11,16.69,80.05,16.44970225
2014-12-12,19.18,63.96,18.252330399999998
2014-12-13,23.08,46.79,20.5690201
2014-12-14,19.12,68.52,18.320093200000002
2014-12-15,18.7,74.53,18.111643
2014-12-16,18.14,55.5,17.24911
2014-12-17,16.48,57.38,16.0158682
2014-12-18,15.5,67.74,15.32257
2014-12-19,15.4,64.97,15.226601500000001
2014-12-20,17.77,69.49,17.221277649999998
2014-12-21,21.61,64.08,20.2053484
2014-12-22,22.62,69.81,21.2717146
2014-12-23,18.13,70.12,17.5334458
2014-12-24,16.77,68.84,16.3809674
2014-12-25,15.77,67.72,15.5445242
2014-12-26,14.81,62.13,14.74543165
2014-12-27,16.89,59.21,16.35381545
2014-12-28,22.79,47.68,20.4044696
2014-12-29,17.36,59.9,16.729226999999998
2014-12-30,16.7,56.7,16.17607
2014-12-31,17.76,59.72,17.0377796
2015-01-01,18.9,69.75,18.167949999999998
2015-01-02,30.01,31.06,24.1290733
2015-01-03,24.52,60.32,22.3332352
2015-01-04,16.93,67.08,16.4900242
2015-01-05,17.67,69.74,17.1424169
2015-01-06,21.49,74.22,20.4988879
2015-01-07,28.73,53.61,25.09928665
2015-01-08,21.11,80.28,20.393079399999998
2015-01-09,15.45,79.57,15.34325325
2015-01-10,17.52,81.82,17.218030199999998
2015-01-11,21.03,67.34,19.8570161
2015-01-12,24.13,57.35,21.87104275
2015-01-13,21.33,81.33,20.62866145
2015-01-14,18.14,78.02,17.6999604
2015-01-15,16.43,71.58,16.1283217
2015-01-16,19.81,61.1,18.6739255
2015-01-17,18.53,57.63,17.59086895
2015-01-18,15.57,61.32,15.342368200000001
2015-01-19,17.38,62.99,16.7937616
2015-01-20,22.57,66.15,21.06756775
2015-01-21,23.7,64.42,21.899652
2015-01-22,25.07,66.18,23.1038743
2015-01-23,18.51,73.41,17.92355755
2015-01-24,19.87,65.02,18.8368657
2015-01-25,15.74,59.9,15.466518
2015-01-26,15.68,62.72,15.4380528
2015-01-27,16.31,63.08,15.9424614
2015-01-28,17.74,60.8,17.041456
2015-01-29,16.46,70.03,16.1369234
2015-01-30,16.85,68.18,16.4387265
2015-01-31,17.3,73.88,16.897752
2015-02-01,16.74,76.27,16.4476464
2015-02-02,17.49,69.05,16.981027249999997
2015-02-03,17.2,67.85,16.7225725
2015-02-04,16.45,72.91,16.15945975
2015-02-05,18.87,68.78,18.1196273
2015-02-06,26.39,43.41,22.68929695
2015-02-07,24.05,59.11,21.90225275
2015-02-08,17.62,67.76,17.0667616
2015-02-09,20.77,67.84,19.6609624
2015-02-10,23.6,66.51,21.9238255
2015-02-11,21.36,66.77,20.1062321
2015-02-12,20.11,68.93,19.15133515
2015-02-13,23.91,73.34,22.5302117
2015-02-14,20.3,76.86,19.561834
2015-02-15,23.46,59.66,21.4720448
2015-02-16,18.35,73.02,17.7786985
2015-02-17,17.98,74.9,17.499586
2015-02-18,18.31,80.03,17.891528649999998
2015-02-19,21.85,75.97,20.87858725
2015-02-20,21.51,76.14,20.590077700000002
2015-02-21,27,57.61,24.0856875
2015-02-22,26.55,54.88,23.559672
2015-02-23,17.39,72.26,16.949072700000002
2015-02-24,16.83,76,16.52244
2015-02-25,21.11,69.85,20.013896749999997
2015-02-26,18.4,74.48,17.852596
2015-02-27,19.27,72.74,18.5548339
2015-02-28,21.57,69.69,20.39139565
2015-03-01,15.96,68.88,15.7101064
2015-03-02,18.1,60.33,17.314534000000002
2015-03-03,17.22,72.03,16.8015688
2015-03-04,17.97,62.91,17.26213735
2015-03-05,16.1,63.37,15.777656
2015-03-06,16.65,82.91,16.44791075
2015-03-07,18.02,75.36,17.5429696
2015-03-08,18.55,72.43,17.935878250000002
2015-03-09,16.84,71.5,16.473205
2015-03-10,16.91,64.86,16.4442193
2015-03-11,17.96,67.86,17.3483758
2015-03-12,15.91,65.19,15.64004845
2015-03-13,15.19,69.15,15.07292425
2015-03-14,18.5,62.65,17.6783
2015-03-15,14.83,71.58,14.7784177
2015-03-16,19.86,54.57,18.5207236
2015-03-17,21.04,61.49,19.6547953
2015-03-18,20.19,69.66,19.2405097
2015-03-19,19.67,64.61,18.66368535
2015-03-20,14.83,62.61,14.76213715
2015-03-21,15.88,66.97,15.6293023
2015-03-22,21.9,54.67,20.055069
2015-03-23,17.54,73.07,17.0897304
2015-03-24,14.22,66.3,14.271898
2015-03-25,15.07,60.91,14.94745285
2015-03-26,14.43,71.77,14.44086855
2015-03-27,15.01,73.61,14.935976049999999
2015-03-28,14.84,72.46,14.7885002
2015-03-29,16.45,70.32,16.131681999999998
2015-03-30,16.79,73.93,16.46164835
2015-03-31,18.7,59.84,17.772304
2015-04-01,20.07,59.07,18.81610945
2015-04-02,13.37,62.01,13.606107849999999
2015-04-03,13.97,68.44,14.061997400000001
2015-04-04,16.55,73.23,16.24816825
2015-04-05,13.92,75.06,13.9995586
2015-04-06,13.18,71.99,13.3833526
2015-04-07,13.64,81.62,13.7269374
2015-04-08,13.96,71.19,14.045565700000001
2015-04-09,14.16,71.97,14.2124161
2015-04-10,14.38,75.98,14.395853200000001
2015-04-11,15.64,71.82,15.4633114
2015-04-12,13.2,75.47,13.375389499999999
2015-04-13,15.16,70.28,15.052116400000001
2015-04-14,18.06,69.99,17.4724042
2015-04-15,18.45,78.13,17.97487425
2015-04-16,13.9,73.27,13.988209000000001
2015-04-17,14.23,82.57,14.25588355
2015-04-18,14.25,74.67,14.28482875
2015-04-19,11.16,66.98,11.766577400000001
2015-04-20,11.87,71.89,12.276611149999999
2015-04-21,13.01,74.17,13.22167685
2015-04-22,14.47,87.89,14.471998150000001
2015-04-23,15.16,87.55,15.1148065
2015-04-24,14.34,84.63,14.3535256
2015-04-25,12.94,86.55,13.055401
2015-04-26,12.38,83.19,12.576004600000001
2015-04-27,12.41,82.59,12.61012795
2015-04-28,12.8,73.74,13.045531
2015-04-29,11.59,79.78,11.9136211
2015-04-30,12.64,79.34,12.8513518
2015-05-01,15.93,65.82,15.661174299999999
2015-05-02,14.98,79.32,14.9254048
2015-05-03,13.25,84.44,13.356975
2015-05-04,16.27,61.75,15.89763625
2015-05-05,12.12,69.73,12.516234299999999
2015-05-06,11.55,78.36,11.901109000000002
2015-05-07,11.52,79.88,11.8497668
2015-05-08,13.37,78,13.50673
2015-05-09,14.48,78.42,14.4823738
2015-05-10,12.69,78.76,12.9014442
2015-05-11,12.63,81.62,12.8190383
2015-05-12,10.41,74.81,10.97664905
2015-05-13,10.79,79.34,11.211567299999999
2015-05-14,12.22,90.77,12.3357442
2015-05-15,11.84,82.01,12.1031937
2015-05-16,11.48,81.19,11.792434100000001
2015-05-17,12.36,76.09,12.6414207
2015-05-18,13.64,70.45,13.7797715
2015-05-19,12.71,92.25,12.78629875
2015-05-20,12.59,82.77,12.77100115
2015-05-21,10.79,94.26,10.907124699999999
2015-05-22,11.18,78.67,11.5694858
2015-05-23,9.97,81.63,10.427688550000001
2015-05-24,9.79,79,10.334005
2015-05-25,10.33,78.57,10.821497050000001
2015-05-26,12,76.27,12.3262875
2015-05-27,13.52,85.83,13.5963763
2015-05-28,12.75,79.28,12.94943
2015-05-29,10.69,80.92,11.0898214
2015-05-30,12,79.54,12.281325
2015-05-31,9.48,80.56,10.016738400000001
2015-06-01,9.1,78.59,9.735877
2015-06-02,9.33,80.28,9.890738200000001
2015-06-03,7.93,79.72,8.662817800000001
2015-06-04,7.36,89.94,7.755056200000001
2015-06-05,10.75,88.42,10.9888375
2015-06-06,11.69,83.27,11.948562149999999
2015-06-07,11.51,73.19,11.95089045
2015-06-08,13.14,75.22,13.3253544
2015-06-09,9.42,77.89,10.0377534
2015-06-10,10.14,77.91,10.6697182
2015-06-11,9.44,87.05,9.8003985
2015-06-12,9.19,84.59,9.64004905
2015-06-13,11.28,76.81,11.6906949
2015-06-14,11.15,84.59,11.43392925
2015-06-15,11.11,89.72,11.3016706
2015-06-16,11.67,94.2,11.760277
2015-06-17,10.83,93.11,10.969074650000001
2015-06-18,8.62,85.03,9.104129799999999
2015-06-19,7.57,83.96,8.181364600000002
2015-06-20,8.92,82.43,9.4592233
2015-06-21,6.64,80.63,7.4773651
2015-06-22,10.48,70.1,11.141089000000001
2015-06-23,11.53,80.48,11.8488592
2015-06-24,10.94,87.62,11.182400399999999
2015-06-25,10.03,90.28,10.2689662
2015-06-26,9.36,86.33,9.7464509
2015-06-27,10.05,84.86,10.4205515
2015-06-28,9.94,88.48,10.2289216
2015-06-29,10.52,84.79,10.8529469
2015-06-30,9.43,87.8,9.770197
2015-07-01,10.82,73.86,11.3490736
2015-07-02,8.45,78.29,9.172400249999999
2015-07-03,8.07,72.67,9.036525450000001
2015-07-04,9.06,81.55,9.612024000000002
2015-07-05,9,72.86,9.820985
2015-07-06,8.02,90.59,8.3553724
2015-07-07,8.33,92.8,8.574332
2015-07-08,9.16,81.41,9.705988300000001
2015-07-09,9.4,80.24,9.954268
2015-07-10,11.34,78.86,11.7074132
2015-07-11,6.86,89.69,7.293226200000001
2015-07-12,9.85,91.94,10.0561345
2015-07-13,8.5,86.79,8.93593
2015-07-14,6,88.25,6.549312500000001
2015-07-15,6.83,90.68,7.2231642
2015-07-16,8.22,86.24,8.695270400000002
2015-07-17,8.28,82.59,8.8755961
2015-07-18,6.52,77.09,7.5255199
2015-07-19,6.69,75.07,7.760868150000001
2015-07-20,8.15,77.89,8.922191750000001
2015-07-21,12.52,72.89,12.8152279
2015-07-22,9.25,82.3,9.7610875
2015-07-23,9.78,82.47,10.2350788
2015-07-24,10.14,83.92,10.525598400000002
2015-07-25,9.65,76.84,10.267793000000001
2015-07-26,7.38,80.5,8.14362
2015-07-27,8.32,90.25,8.651402500000001
2015-07-28,8.47,90.9,8.7718015
2015-07-29,8.13,78.17,8.89481405
2015-07-30,8,81.63,8.6567275
2015-07-31,8.83,72.95,9.67355425
2015-08-01,7.63,76.53,8.51681395
2015-08-02,9.25,79.3,9.8477125
2015-08-03,6.01,78.6,7.009273
2015-08-04,8.59,78.53,9.28788235
2015-08-05,8.22,83.09,8.804071400000002
2015-08-06,9.27,92.58,9.483436300000001
2015-08-07,9.07,93,9.279055000000001
2015-08-08,9,85.2,9.447700000000001
2015-08-09,8.65,79.78,9.3005785
2015-08-10,9.24,81.26,9.7821482
2015-08-11,9.6,72.75,10.3343875
2015-08-12,9.03,87.08,9.4186982
2015-08-13,9.15,84.09,9.6181517500000009
2015-08-14,10.69,88.88,10.9230196
2015-08-15,9.2,87.59,9.5617515
2015-08-16,11.44,75.33,11.8551961
2015-08-17,7.47,79.28,8.271138800000001
2015-08-18,8.44,76.44,9.2252548
2015-08-19,8.02,77.06,8.8375816
2015-08-20,12.01,66.7,12.4660435
2015-08-21,11.9,76.23,12.239911000000001
2015-08-22,11.25,82.77,11.55798625
2015-08-23,9.95,84.89,10.32812775
2015-08-24,9.91,81.66,10.372993300000001
2015-08-25,9.11,81.03,9.67236565
2015-08-26,10.18,79.26,10.6727824
2015-08-27,9.71,93.37,9.88466735
2015-08-28,8.53,77.04,9.2838916
2015-08-29,9.66,84.72,10.0667536
2015-08-30,8.65,75.92,9.424774000000001
2015-08-31,8.86,69.83,9.7958734
2015-09-01,9.73,71.8,10.469827
2015-09-02,11.84,79.53,12.1394761
2015-09-03,9.45,80.95,9.97911375
2015-09-04,10.04,80.03,10.5298641
2015-09-05,9.02,87.85,9.386201
2015-09-06,10.38,78.47,10.867869800000001
2015-09-07,8.74,84.91,9.218051200000001
2015-09-08,9.97,85.09,10.341482650000001
2015-09-09,10.33,87.13,10.62517345
2015-09-10,10.35,84.96,10.693288
2015-09-11,12.65,71.99,12.935001750000001
2015-09-12,14.25,70.6,14.290425
2015-09-13,15.97,69.93,15.72688405
2015-09-14,15.95,73.9,15.7418525
2015-09-15,10.35,83.29,10.73140575
2015-09-16,10.27,83.02,10.6650397
2015-09-17,11,84.14,11.305305
2015-09-18,10.4,85.62,10.724269000000001
2015-09-19,13.51,73.31,13.65532705
2015-09-20,15.19,69.34,15.073645299999999
2015-09-21,10.58,76.97,11.0765268
2015-09-22,8.92,66.82,9.938294200000001
2015-09-23,9.12,75.67,9.8399247
2015-09-24,10.56,79.58,11.0025014
2015-09-25,11.41,79.49,11.758567450000001
2015-09-26,12.29,80.72,12.5243484
2015-09-27,13.08,70.18,13.3128942
2015-09-28,12.51,71.1,12.8263105
2015-09-29,12.03,76.73,12.34612295
2015-09-30,10.85,72.82,11.3956385
2015-10-01,13.95,72.99,14.03170525
2015-10-02,18.52,53.77,17.497854699999998
2015-10-03,20.4,47.81,18.7064345
2015-10-04,17.46,71.02,16.9882056
2015-10-05,23.21,41.69,20.41665945
2015-10-06,17,55.37,16.3863375
2015-10-07,11.7,63.68,12.259328
2015-10-08,15.04,72.79,14.959186299999999
2015-10-09,20.27,61.05,19.033921749999998
2015-10-10,19.29,76.44,18.6693118
2015-10-11,14.83,79.89,14.79350035
2015-10-12,11.77,80.15,12.06804775
2015-10-13,14.06,80.7,14.106706
2015-10-14,19.92,61.15,18.7618815
2015-10-15,22.08,49.95,19.993415499999998
2015-10-16,15.1,77.6,15.02608
2015-10-17,14.34,66.48,14.3694976
2015-10-18,12.95,67.97,13.22305575
2015-10-19,17.5,54.76,16.75354
2015-10-20,20.8,64.41,19.5668065
2015-10-21,13.89,82.77,13.94780665
2015-10-22,11.86,80.9,12.137331999999999
2015-10-23,12.03,71.44,12.4179876
2015-10-24,14.26,65.89,14.3050252
2015-10-25,20.82,58.43,19.3750268
2015-10-26,12.76,73.41,13.0144663
2015-10-27,16.23,54.53,15.79735295
2015-10-28,18.07,57.46,17.2347271
2015-10-29,18.04,59.39,17.2493233
2015-10-30,19.36,63.64,18.3880972
2015-10-31,21.2,75.34,20.291279
2015-11-01,16.95,77.12,16.641692
2015-11-02,12.31,71.76,12.6501508
2015-11-03,15.53,71,15.365715
2015-11-04,19.97,75.72,19.2395362
2015-11-05,18.45,85.01,18.124342249999998
2015-11-06,14.68,81.03,14.6612197
2015-11-07,12.46,69.39,12.803444200000001
2015-11-08,18.53,46.19,17.33730135
2015-11-09,21.25,60.61,19.787646249999998
2015-11-10,12.36,79.85,12.5971655
2015-11-11,16.14,79.33,15.9535566
2015-11-12,16.97,73.98,16.6165183
2015-11-13,14.16,71.57,14.2131641
2015-11-14,14.53,71.33,14.52526945
2015-11-15,15.38,74.06,15.254450400000001
2015-11-16,20.37,55.32,18.9275062
2015-11-17,19.91,55.15,18.57548825
2015-11-18,22.98,50.72,20.6815808
2015-11-19,18.94,69.5,18.19519
2015-11-20,15.7,73.53,15.525298
2015-11-21,14.68,66.11,14.6464489
2015-11-22,15.83,69.21,15.60477115
2015-11-23,16.23,70.26,15.9470239
2015-11-24,18.69,59.44,17.7552948
2015-11-25,20.68,49.18,18.9526282
2015-11-26,12.56,57.82,13.010060600000001
2015-11-27,14.87,63.28,14.7952748
2015-11-28,16.13,67.33,15.837113449999999
2015-11-29,15.37,70.28,15.2277898
2015-11-30,21.44,58.7,19.863579
2015-12-01,14.74,58.79,14.6856028
2015-12-02,14.58,60.98,14.5628312
2015-12-03,16.22,72.09,15.9559714
2015-12-04,21.82,57.25,20.098885
2015-12-05,20.24,68.07,19.2319699
2015-12-06,22.76,63.03,21.0804529
2015-12-07,23.75,63.79,21.90781625
2015-12-08,22.08,61.01,20.4545069
2015-12-09,17.72,64.54,17.0920034
2015-12-10,17.98,60.81,17.2299034
2015-12-11,14.08,61.19,14.1696511
2015-12-12,14.8,59.86,14.733769
2015-12-13,18.66,58.92,17.7200896
2015-12-14,17.78,65.27,17.1534708
2015-12-15,19.71,64.6,18.695613
2015-12-16,22.04,63.36,20.520539199999998
2015-12-17,27.61,36.07,23.00032735
2015-12-18,28.82,38.12,23.9463312
2015-12-19,31.81,31.89,25.325587449999997
2015-12-20,21.39,64.5,20.0447275
2015-12-21,15.72,63.29,15.4736759
2015-12-22,19.09,68.25,18.28847125
2015-12-23,21.38,63.49,19.9984616
2015-12-24,26.43,37.1,22.3028165
2015-12-25,24.47,49.05,21.676156749999997
2015-12-26,15.09,66.59,14.981584549999999
2015-12-27,15.88,61.84,15.5903656
2015-12-28,16.81,62.7,16.3361035
2015-12-29,18.62,61.02,17.7367132
2015-12-30,26.25,40.28,22.390594999999998
2015-12-31,26.27,50.63,23.07403305
2016-01-01,19.88,69.42,18.9751378
2016-01-02,19.86,71.32,19.0145136
2016-01-03,19.24,72.31,18.5181217
2016-01-04,18.8,75.6,18.22294
2016-01-05,20.19,74.03,19.37726885
2016-01-06,19.63,72.81,18.862834149999998
2016-01-07,17.73,64.09,17.09205885
2016-01-08,17.78,71.21,17.2606284
2016-01-09,17.43,70.51,16.95476865
2016-01-10,22.99,52.23,20.75937985
2016-01-11,22.28,67.16,20.874776400000002
2016-01-12,21.51,63.24,20.0927182
2016-01-13,26.91,51.86,23.6242043
2016-01-14,16.31,57.56,15.887509799999998
2016-01-15,15.89,61.02,15.5919979
2016-01-16,18.44,60.62,17.586635400000002
2016-01-17,25.36,40.4,21.800092
2016-01-18,23.76,54.54,21.4447222
2016-01-19,22.63,60.51,20.864204649999998
2016-01-20,21.01,77.75,20.213338750000002
2016-01-21,19.45,77.8,18.845605
2016-01-22,18.29,86.84,18.015679799999997
2016-01-23,18.32,75.01,17.7949601
2016-01-24,18.08,75.75,17.602517499999998
2016-01-25,18.69,78.07,18.18462315
2016-01-26,21.82,70.69,20.639979399999998
2016-01-27,22.78,75.87,21.6811198
2016-01-28,19.22,78.93,18.6730228
2016-01-29,14.15,82.79,14.18312925
2016-01-30,18.32,78.33,17.8647133
2016-01-31,17.01,73.67,16.64651435
2016-02-01,19.29,76.83,18.679586349999997
2016-02-02,22.31,69.55,21.002020249999998
2016-02-03,17.89,70.63,17.34239635
2016-02-04,18.11,75.05,17.61461775
2016-02-05,20.9,66.12,19.707424
2016-02-06,24.02,60.15,21.933453999999998
2016-02-07,22.64,69.3,21.265560999999998
2016-02-08,18.76,72.33,18.1116919
2016-02-09,18.57,75.72,18.0264922
2016-02-10,18.39,75.07,17.85662265
2016-02-11,18.68,72.38,18.0450162
2016-02-12,21.45,63.05,20.03758625
2016-02-13,21.75,65.26,20.3647425
2016-02-14,18.69,63.89,17.85784505
2016-02-15,18.96,62.54,18.0411062
2016-02-16,16.14,66.12,15.8344024
2016-02-17,17.17,82.8,16.917418
2016-02-18,17.94,77.27,17.509948400000003
2016-02-19,15.7,74.07,15.528862
2016-02-20,16.37,71.34,16.075231900000002
2016-02-21,20.26,68.83,19.2725344
2016-02-22,23.16,59.96,21.2528948
2016-02-23,26.95,53.99,23.799465249999997
2016-02-24,22.36,75.76,21.3121048
2016-02-25,20.54,67.18,19.449719599999998
2016-02-26,18.86,65.47,18.0319706
2016-02-27,18.79,72.68,18.1453846
2016-02-28,18.22,72.42,17.655713199999997
2016-02-29,19.52,75.82,18.8523902
2016-03-01,24.72,40.22,21.3597662
2016-03-02,21.94,65.12,20.5127104
2016-03-03,19.98,68.37,19.0266718
2016-03-04,24.34,67.7,22.591924
2016-03-05,18.32,80.43,17.9088343
2016-03-06,20.3,79.29,19.639351
2016-03-07,21.34,80.1,20.591362
2016-03-08,29.57,37.12,24.3581912
2016-03-09,20.59,75.96,19.7847802
2016-03-10,19.28,89.91,19.0147339
2016-03-11,21.8,80.77,21.0279155
2016-03-12,19.89,81.47,19.34067815
2016-03-13,19.15,78.19,18.59220925
2016-03-14,17.42,75,17.018500000000003
2016-03-15,19.67,70.15,18.82121525
2016-03-16,24.07,54.86,21.6940561
2016-03-17,24.4,58.8,22.15666
2016-03-18,14.76,73.67,14.7223481
2016-03-19,14.7,64.97,14.661467
2016-03-20,16,67.78,15.734185
2016-03-21,16.41,74.73,16.14453865
2016-03-22,18.48,61.97,17.6475233
2016-03-23,19.69,70.48,18.8473516
2016-03-24,17.08,76.62,16.7482378
2016-03-25,16.71,72.43,16.37488665
2016-03-26,16.33,75.05,16.07887825
2016-03-27,14.91,66.56,14.8345928
2016-03-28,15.02,68.64,14.9303104
2016-03-29,15.59,66.78,15.3908461
2016-03-30,15.29,70.19,15.16047555
2016-03-31,17.93,70.45,17.37253925
2016-04-01,19.47,58.08,18.3241168
2016-04-02,15.26,62.61,15.103709799999999
2016-04-03,14.22,71.18,14.2643828
2016-04-04,16.06,63.9,15.750262
2016-04-05,19.22,67.58,18.378376799999998
2016-04-06,12.81,80.24,12.993669200000001
2016-04-07,15.13,68.39,15.020471350000001
2016-04-08,15.7,68.13,15.489657999999999
2016-04-09,16.97,71.39,16.58133315
2016-04-10,16.91,73.86,16.5635143
2016-04-11,15.64,80.78,15.519490600000001
2016-04-12,14.5,83.92,14.5
2016-04-13,14.58,79.79,14.5711076
2016-04-14,17.43,68.94,16.9294681
2016-04-15,17.86,74.56,17.3898688
2016-04-16,14.33,75.58,14.3528327
2016-04-17,14.09,78.26,14.1390237
2016-04-18,17.89,66.39,17.26334155
2016-04-19,18.74,63.37,17.8857884
2016-04-20,20.27,55.46,18.8565231
2016-04-21,16.25,83.62,16.0923425
2016-04-22,14.43,70.32,14.4414268
2016-04-23,14,79.33,14.0568425
2016-04-24,13.98,72.02,14.0600228
2016-04-25,16.23,64.54,15.8925981
2016-04-26,17.42,54.22,16.684773200000002
2016-04-27,20.63,50.38,18.9570617
2016-04-28,19.67,64.07,18.64833045
2016-04-29,16.64,91.04,16.534540800000002
2016-04-30,18.28,72.81,17.714719900000002
2016-05-01,11.53,74.33,11.949319449999999
2016-05-02,14.84,57.56,14.7606372
2016-05-03,12.8,78.35,13.002427500000001
2016-05-04,13.41,68.77,13.59722385
2016-05-05,16.39,65.86,16.0351147
2016-05-06,16.24,71.11,15.963522699999999
2016-05-07,17.11,62.09,16.56580195
2016-05-08,16.32,91.72,16.2371172
2016-05-09,15.24,79.4,15.156158
2016-05-10,13.31,74.51,13.47683205
2016-05-11,14.82,80.66,14.7859616
2016-05-12,16.27,78.15,16.05729025
2016-05-13,14.94,74.98,14.8794516
2016-05-14,15.58,68.98,15.3957412
2016-05-15,13.04,78.61,13.211761699999998
2016-05-16,15.36,75.37,15.2435001
2016-05-17,13.21,75.23,13.385743150000001
2016-05-18,14.25,71.75,14.28884375
2016-05-19,14.44,82.47,14.4457849
2016-05-20,12.6,76.8,12.84244
2016-05-21,13.07,77.56,13.2464906
2016-05-22,15.95,68.75,15.700781249999999
2016-05-23,12.23,80.05,12.47907575
2016-05-24,11.77,79.87,12.07225195
2016-05-25,12.03,76.01,12.355904149999999
2016-05-26,9.91,87.95,10.214202250000001
2016-05-27,10.12,81.21,10.5726511
2016-05-28,11.04,77.8,11.462466
2016-05-29,11.01,75.57,11.47893385
2016-05-30,9.38,71.48,10.1831232
2016-05-31,10.69,70.93,11.299161849999999
2016-06-01,10.67,82.04,11.0483274
2016-06-02,9.81,90.39,10.057889950000002
2016-06-03,11.85,88.15,12.02271375
2016-06-04,12.43,95.99,12.47565385
2016-06-05,10.37,92.9,10.531276499999999
2016-06-06,10.26,89.88,10.4959984
2016-06-07,11.6,92.02,11.727281
2016-06-08,11.75,89.55,11.90805625
2016-06-09,10.85,89.85,11.05376125
2016-06-10,10.65,86.01,10.94623825
2016-06-11,8.94,80.3,9.542426
2016-06-12,8.77,76.54,9.509341899999999
2016-06-13,7.88,82.1,8.531739
2016-06-14,8.99,86.85,9.38851075
2016-06-15,9.42,83.25,9.887995
2016-06-16,11.3,85.82,11.549568
2016-06-17,11.79,92.78,11.897614099999998
2016-06-18,9.33,87.11,9.696527150000001
2016-06-19,11.15,92.93,11.28026475
2016-06-20,10.59,92.55,10.75021225
2016-06-21,10.41,87.08,10.700635400000001
2016-06-22,10.09,84.33,10.47007585
2016-06-23,8.56,85.81,9.0235873
2016-06-24,6.66,86.11,7.258936800000001
2016-06-25,7.4,87.3,7.895935000000001
2016-06-26,6.68,83.48,7.3905252
2016-06-27,7.36,87.06,7.868153800000001
2016-06-28,9.7,89.85,9.96796
2016-06-29,9.99,76.25,10.579118750000001
2016-06-30,8.6,88.46,8.974473
2016-07-01,10.31,86.85,10.61304175
2016-07-02,10.46,88.8,10.708864000000002
2016-07-03,10.29,85.04,10.636398799999998
2016-07-04,9.07,87.37,9.44719495
2016-07-05,10.82,93.96,10.9422496
2016-07-06,10.4,90.49,10.6144505
2016-07-07,9.5,95.69,9.618525
2016-07-08,10.65,90.23,10.856879750000001
2016-07-09,9.25,88.36,9.586105
2016-07-10,11.11,86.54,11.360961699999999
2016-07-11,11.34,78.66,11.7108892
2016-07-12,7.39,80.11,8.16779845
2016-07-13,7.9,83.65,8.493505
2016-07-14,9.77,85.46,10.1482581
2016-07-15,9.71,86.05,10.07751275
2016-07-16,8.14,85.35,8.652457000000002
2016-07-17,10.81,83.35,11.14791175
2016-07-18,11.93,88.34,12.0948141
2016-07-19,11.36,85.78,11.6055794
2016-07-20,9.89,91.39,10.10830655
2016-07-21,13.47,86.61,13.54585435
2016-07-22,10.44,84.06,10.7959402
2016-07-23,6.45,82.33,7.232339250000001
2016-07-24,8.13,85.91,8.623643150000001
2016-07-25,8.58,77.85,9.301204
2016-07-26,8.3,79.35,9.004165
2016-07-27,8.62,81.47,9.219260199999999
2016-07-28,10.8,84.74,11.110541000000001
2016-07-29,10.06,92.01,10.2551158
2016-07-30,11.1,84.84,11.383492
2016-07-31,11.72,80.39,12.019836900000001
2016-08-01,10.03,86.12,10.3712398
2016-08-02,9.71,87.23,10.046425650000002
2016-08-03,8.17,90.67,8.49482395
2016-08-04,7.92,86.35,8.4139935
2016-08-05,8.93,79.68,9.5525032
2016-08-06,8.99,76.95,9.68853025
2016-08-07,8.94,72.76,9.7729992
2016-08-08,10.4,76.41,10.931954500000002
2016-08-09,11.86,79.42,12.1588216
2016-08-10,9.36,82.61,9.8516153
2016-08-11,8.82,80.42,9.431679200000001
2016-08-12,9.57,83.43,10.01929555
2016-08-13,10.32,84.98,10.665309800000001
2016-08-14,10.46,83.38,10.8292964
2016-08-15,10.36,83.78,10.7293294
2016-08-16,12.26,77.22,12.5406496
2016-08-17,9.67,89.47,9.94972945
2016-08-18,15.16,69.12,15.0479056
2016-08-19,8.3,89.06,8.673054
2016-08-20,9.64,82.28,10.113655600000001
2016-08-21,9.58,87.24,9.9252856
2016-08-22,9.56,82.76,10.0284108
2016-08-23,8.69,82.88,9.2370696
2016-08-24,8.35,85.39,8.84418325
2016-08-25,8.13,87.46,8.569338900000002
2016-08-26,8.84,83.15,9.3645405
2016-08-27,10.55,73.05,11.13548875
2016-08-28,11.53,74.41,11.948012649999999
2016-08-29,11.64,75.95,12.018306500000001
2016-08-30,12.53,85.22,12.690141299999999
2016-08-31,12.2,87.16,12.362426
2016-09-01,10.43,90.02,10.6534023
2016-09-02,10.85,88.32,11.084476
2016-09-03,10.64,83.03,11.000273100000001
2016-09-04,11.75,83.97,11.992453750000001
2016-09-05,12.49,84.44,12.6620158
2016-09-06,12.67,85.71,12.81382885
2016-09-07,14.11,80.41,14.15202055
2016-09-08,16.33,76.2,16.090453
2016-09-09,12.95,90.99,13.026810249999999
2016-09-10,10.31,85.47,10.644843850000001
2016-09-11,11.29,84.35,11.56630075
2016-09-12,8.56,91.53,8.8367149
2016-09-13,11.92,91.44,12.041466400000001
2016-09-14,10.11,83.32,10.5127386
2016-09-15,9.61,88.34,9.9235957
2016-09-16,11.34,76.78,11.7435636
2016-09-17,13.29,79.62,13.4256289
2016-09-18,9.41,85.46,9.8170473
2016-09-19,10.25,79.57,10.727551250000001
2016-09-20,12.3,78.83,12.556157
2016-09-21,11.3,86.31,11.540944000000001
2016-09-22,10.23,85.67,10.56654005
2016-09-23,12.27,83.72,12.4696742
2016-09-24,12.48,78.86,12.7148654
2016-09-25,10.47,71.35,11.105027250000001
2016-09-26,10.63,79.01,11.07677215
2016-09-27,11.02,76.76,11.4648136
2016-09-28,13.7,74.17,13.813652
2016-09-29,9.52,80.61,10.0510921
2016-09-30,11.52,82.05,11.8142005
2016-10-01,12.01,79.04,12.2970472
2016-10-02,14.41,75.19,14.42228095
2016-10-03,10.71,80.41,11.118353550000002
2016-10-04,10.07,80.59,10.54292465
2016-10-05,12.04,83.66,12.2610802
2016-10-06,18.18,64.52,17.4618848
2016-10-07,13.3,76.31,13.456354000000001
2016-10-08,12.29,69.03,12.66644035
2016-10-09,14.93,73.12,14.8664288
2016-10-10,10.36,74.28,10.945644399999999
2016-10-11,10.76,79.22,11.1874446
2016-10-12,9.82,75.45,10.451917
2016-10-13,10.09,71.32,10.7856334
2016-10-14,14.12,68.54,14.1857514
2016-10-15,17.8,57.8,17.03407
2016-10-16,12.79,82.27,12.95675065
2016-10-17,12.93,74.11,13.15356015
2016-10-18,9.73,76.85,10.33734025
2016-10-19,11.44,63.26,12.0583342
2016-10-20,16.41,55.91,15.94683455
2016-10-21,9.68,84.6,10.088254000000001
2016-10-22,10,81.93,10.4472325
2016-10-23,10.97,72.25,11.50876625
2016-10-24,13.03,73.77,13.24206955
2016-10-25,16.86,67.24,16.4347752
2016-10-26,12.1,81.37,12.345915999999999
2016-10-27,10.74,71,11.33972
2016-10-28,11.89,74.32,12.2586364
2016-10-29,17.61,64.18,16.9972989
2016-10-30,13.04,64.79,13.322736299999999
2016-10-31,12.24,69.07,12.6244599
2016-11-01,12.25,75.69,12.55083625
2016-11-02,13.05,75.77,13.24323425
2016-11-03,14.59,71.88,14.5760806
2016-11-04,16.06,59.71,15.714311799999999
2016-11-05,12.91,67.92,13.190539600000001
2016-11-06,16.54,64.58,16.1425876
2016-11-07,14.17,71.82,14.2211467
2016-11-08,12.39,75.28,12.6768756
2016-11-09,13.12,73.53,13.3209073
2016-11-10,12.59,74.22,12.8608189
2016-11-11,15.43,76.39,15.30923485
2016-11-12,15.89,71.06,15.6687537
2016-11-13,13.25,84.48,13.3567
2016-11-14,13.1,76.45,13.281335
2016-11-15,14.37,79.58,14.384600299999999
2016-11-16,15.67,77.73,15.52669255
2016-11-17,20.82,61.6,19.485216
2016-11-18,14.25,75.11,14.28422375
2016-11-19,15.44,72.01,15.2952917
2016-11-20,24.32,57.46,22.022414599999998
2016-11-21,21.3,71.72,20.242328
2016-11-22,12.75,85.37,12.89081375
2016-11-23,12.58,76.35,12.829744
2016-11-24,13.44,70.37,13.612742899999999
2016-11-25,13.72,70.14,13.8480994
2016-11-26,14.13,72.35,14.18626775
2016-11-27,14.07,79.71,14.11798585
2016-11-28,14.16,77.36,14.2023368
2016-11-29,14.86,76.9,14.814262
2016-11-30,15.42,77.9,15.308174
2016-12-01,16.69,71.23,16.343465350000002
2016-12-02,14.45,68.5,14.458662499999999
2016-12-03,17.09,62.74,16.5592313
2016-12-04,22.47,71.41,21.216757349999998
2016-12-05,15.6,67.8,15.40519
2016-12-06,14.95,65.91,14.86562725
2016-12-07,21.27,46.49,19.277555149999998
2016-12-08,15,68.68,14.91387
2016-12-09,13.92,67.28,14.0243768
2016-12-10,14.88,70.79,14.818951100000001
2016-12-11,15.39,68.65,15.23654175
2016-12-12,24.25,40.08,21.03679
2016-12-13,22.76,55.39,20.733367700000002
2016-12-14,14.4,59.57,14.4222365
2016-12-15,14.43,69.93,14.44157695
2016-12-16,18.82,73,18.17848
2016-12-17,14.13,59.04,14.213353600000001
2016-12-18,14.22,60.47,14.2808762
2016-12-19,20.84,49.89,19.0926643
2016-12-20,16.2,64.01,15.863493499999999
2016-12-21,15.68,70.25,15.4869225
2016-12-22,16.58,75.88,16.3040672
2016-12-23,23.07,56.02,20.9970027
2016-12-24,25.41,54.69,22.69117345
2016-12-25,28.15,41.7,23.773127499999998
2016-12-26,18.94,83.39,18.5343838
2016-12-27,24.13,73.98,22.7518507
2016-12-28,27.17,63.95,24.65785575
2016-12-29,23.78,79.63,22.7403152
2016-12-30,20.15,70.6,19.236394999999998
2016-12-31,18.78,72.66,18.1364164
2017-01-01,16.97,77.12,16.6591752
2017-01-02,16.28,71.37,15.9997123
2017-01-03,17.13,74.77,16.765048049999997
2017-01-04,22.98,66.45,21.415228
2017-01-05,23.74,66.67,22.046169399999997
2017-01-06,25.8,53.13,22.8870295
2017-01-07,28.78,45.03,24.4626562
2017-01-08,21.02,69.12,19.912643199999998
2017-01-09,19.21,72.98,18.5100469
2017-01-10,20.27,67.76,19.2468636
2017-01-11,18.1,66.42,17.435116
2017-01-12,21.53,48.01,19.51980665
2017-01-13,19.39,66.77,18.49627915
2017-01-14,17.56,62.46,16.9282018
2017-01-15,17.04,70.33,16.6255101
2017-01-16,24.41,46.36,21.4863518
2017-01-17,22.86,58.25,20.940334999999997
2017-01-18,16.01,61.9,15.693579500000002
2017-01-19,19.47,60.91,18.40147485
2017-01-20,16.8,70.79,16.4304935
2017-01-21,17.21,71.4,16.783717
2017-01-22,22.49,59.09,20.69221005
2017-01-23,24.66,60.94,22.477327199999998
2017-01-24,16.81,62.7,16.3361035
2017-01-25,17.4,67.76,16.885772
2017-01-26,18.02,73.88,17.5143168
2017-01-27,19.86,70.39,18.9870972
2017-01-28,19.84,71.72,19.0094164
2017-01-29,21.87,61.05,20.29116175
2017-01-30,20.96,71.64,19.9523692
2017-01-31,17.13,62.06,16.5811979
2017-02-01,17.79,63.23,17.124646849999998
2017-02-02,18.54,66.29,17.7909638
2017-02-03,19.93,63.02,18.8255923
2017-02-04,24.57,58.61,22.27761485
2017-02-05,20.96,83.32,20.3673596
2017-02-06,15.34,71.89,15.2101318
2017-02-07,21.13,70.91,20.06923315
2017-02-08,27.89,53.52,24.4669804
2017-02-09,22.37,74.35,21.25973975
2017-02-10,21.24,76.05,20.3521735
2017-02-11,18.24,72.08,17.6656856
2017-02-12,16.06,65.39,15.763046199999998
2017-02-13,16.71,75.84,16.4163352
2017-02-14,15.87,70.69,15.64914915
2017-02-15,21.41,63.56,20.0250978
2017-02-16,17.56,74.39,17.1289837
2017-02-17,17.69,64.83,17.07294235
2017-02-18,14.48,66.9,14.483641
2017-02-19,13.78,76.94,13.8713176
2017-02-20,15.14,74.01,15.0485152
2017-02-21,17.66,58.03,16.9305614
2017-02-22,22.95,49.48,20.602083
2017-02-23,18.73,72.34,18.0864901
2017-02-24,16.2,68.01,15.900893499999999
2017-02-25,16.85,75.21,16.52958925
2017-02-26,21.22,62.69,19.8410224
2017-02-27,23.38,57.77,21.317486799999998
2017-02-28,23.98,46.56,21.1936384
2017-03-01,21.72,67.59,20.432998899999998
2017-03-02,20.38,78.53,19.685660199999997
2017-03-03,21.2,75.4,20.29349
2017-03-04,21.32,76.9,20.453519
2017-03-05,19.41,78,18.81589
2017-03-06,19.53,67.04,18.6181616
2017-03-07,19.86,60.76,18.703204799999998
2017-03-08,21.73,55.98,19.979544699999998
2017-03-09,22.95,51.34,20.6885265
2017-03-10,20.42,72.81,19.5346936
2017-03-11,21.05,70.64,19.992306
2017-03-12,21.86,59.07,20.2031536
2017-03-13,20.44,77.32,19.699044400000002
2017-03-14,24.62,52.53,21.9778198
2017-03-15,25.89,54.04,23.0108358
2017-03-16,18.84,64.99,18.004311299999998
2017-03-17,18.27,67.49,17.59590515
2017-03-18,22.2,49.53,20.0625955
2017-03-19,24.17,51.76,21.6043556
2017-03-20,21.26,85.55,20.722749
2017-03-21,20.97,88.07,20.54547095
2017-03-22,17.82,78.9,17.434714
2017-03-23,18.32,75.23,17.7995823
2017-03-24,20.32,70.57,19.377945699999998
2017-03-25,21.39,79.15,20.59988925
2017-03-26,22.78,71.45,21.479833
2017-03-27,18.22,67.5,17.555049999999998
2017-03-28,18.47,61.07,17.61996345
2017-03-29,16.65,69.31,16.287090749999997
2017-03-30,13.46,70.04,13.6313712
2017-03-31,14.46,67.94,14.4670532
2017-04-01,15.06,64.13,14.9495204
2017-04-02,13.76,70.73,13.8791289
2017-04-03,15.81,69.71,15.59176055
2017-04-04,17.71,62.87,17.05446985
2017-04-05,18.55,59.08,17.638507
2017-04-06,18.56,55.28,17.5614024
2017-04-07,20.03,56.26,18.699647900000002
2017-04-08,19.4,67.42,18.521969
2017-04-09,13.59,84.93,13.66542535
2017-04-10,14.61,80.24,14.5980452
2017-04-11,15.05,78.84,14.985991
2017-04-12,15.43,79.44,15.3248356
2017-04-13,16.27,80.16,16.0768576
2017-04-14,13.7,73.44,13.816863999999999
2017-04-15,13.12,70.79,13.341703899999999
2017-04-16,15.34,75.02,15.2245924
2017-04-17,14.06,82.67,14.1019386
2017-04-18,14.79,82.1,14.7614495
2017-04-19,19,63.69,18.1013275
2017-04-20,19.23,65.43,18.33066145
2017-04-21,16.66,89.36,16.5335968
2017-04-22,17.55,84.44,17.288981
2017-04-23,16.7,85.6,16.52576
2017-04-24,18.57,79.28,18.1061828
2017-04-25,14.37,82.9,14.3822265
2017-04-26,11.34,71.72,11.8315064
2017-04-27,12.51,81.66,12.710731299999999
2017-04-28,15.47,85.79,15.394189650000001
2017-04-29,14.31,83.59,14.327148450000001
2017-04-30,14.32,77.2,14.342572
2017-05-01,13.52,78.74,13.6345914
2017-05-02,11.06,73.6,11.559488
2017-05-03,12.24,65.15,12.6731855
2017-05-04,11.44,69.85,11.9474245
2017-05-05,13.83,81.05,13.89983075
2017-05-06,12.49,74.48,12.7721236
2017-05-07,12.33,74.98,12.6286137
2017-05-08,13.47,79.3,13.587265500000001
2017-05-09,12.77,81.24,12.9485014
2017-05-10,12.18,82.2,12.407128
2017-05-11,11.91,82.83,12.15458665
2017-05-12,13.38,77.9,13.516136000000001
2017-05-13,11.04,85.69,11.312319299999999
2017-05-14,11.1,85.78,11.365914
2017-05-15,11.26,88.21,11.4700978
2017-05-16,12.73,73.75,12.98554375
2017-05-17,12.97,79.94,13.1388049
2017-05-18,14.3,77.08,14.325212
2017-05-19,13.17,89.81,13.24453985
2017-05-20,12.91,85.87,13.03356685
2017-05-21,13.44,80.01,13.5565417
2017-05-22,14.89,69.32,14.8241914
2017-05-23,13.98,80.15,14.036771
2017-05-24,12.82,78.1,13.022356
2017-05-25,13.69,80.7,13.7759815
2017-05-26,12.53,81.06,12.735214899999999
2017-05-27,13.68,76.31,13.7868419
2017-05-28,9.27,87.29,9.63560315
2017-05-29,11.3,75.54,11.730496
2017-05-30,9.62,78.97,10.184445199999999
2017-05-31,10.83,76.8,11.298292
2017-06-01,11.4,75.59,11.816190500000001
2017-06-02,12.07,81.21,12.32112835
2017-06-03,10.85,83.51,11.18103675
2017-06-04,10.25,74.68,10.841855
2017-06-05,11.84,83.18,12.0860766
2017-06-06,10.29,75.2,10.864244
2017-06-07,9.99,75.92,10.5873044
2017-06-08,10.65,84.29,10.982659250000001
2017-06-09,11.45,84.09,11.716890249999999
2017-06-10,10.07,87.73,10.36895855
2017-06-11,10.68,85.43,10.9861157
2017-06-12,12.1,89.11,12.243748
2017-06-13,9.86,89.1,10.138168
2017-06-14,11.06,79.66,11.4448328
2017-06-15,10.83,82.63,11.180613450000001
2017-06-16,10.82,80.53,11.2140728
2017-06-17,10.5,84.29,10.84562
2017-06-18,11.48,88.89,11.6645371
2017-06-19,10.91,83.4,11.237767
2017-06-20,10.86,81.91,11.2221618
2017-06-21,10.01,80.75,10.48537875
2017-06-22,9.75,83.28,10.18681
2017-06-23,10.79,74.4,11.312368
2017-06-24,8.04,78.74,8.7953678
2017-06-25,9.83,85.85,10.193442750000001
2017-06-26,8.97,87.28,9.3568788
2017-06-27,8.99,83.42,9.4924569
2017-06-28,9.91,82.55,10.35052525
2017-06-29,9.46,78.95,10.043506
2017-06-30,7.7,69.25,8.850050000000001
2017-07-01,6,73.3,7.248225000000001
2017-07-02,7,62.73,8.537387500000001
2017-07-03,9.5,83.65,9.949625000000001
2017-07-04,10.35,88.83,10.60495525
2017-07-05,8.33,90.87,8.63982655
2017-07-06,8.73,83.02,9.2688603
2017-07-07,7.76,82.94,8.392414200000001
2017-07-08,8.66,84,9.17392
2017-07-09,8.18,86.37,8.6537788
2017-07-10,9.68,85.84,10.0553816
2017-07-11,8.18,88.96,8.5637504
2017-07-12,7.87,82.64,8.5030324
2017-07-13,11.11,69.59,11.67699445
2017-07-14,8.59,84.78,9.084726100000001
2017-07-15,7.07,79.31,7.91549685
2017-07-16,8.81,65.87,9.87809835
2017-07-17,10.75,75.47,11.25593125
2017-07-18,9.38,91.25,9.6264
2017-07-19,9.67,82.25,10.14152875
2017-07-20,8.38,81.01,9.0192034
2017-07-21,7.18,77.88,8.0705512
2017-07-22,9.89,61.11,10.876055950000001
2017-07-23,9.21,89.51,9.51520655
2017-07-24,9.86,84.03,10.2675544
2017-07-25,11.65,78.58,11.985758500000001
2017-07-26,8.44,89.24,8.7986308
2017-07-27,10.04,81.71,10.4886537
2017-07-28,9.47,73.94,10.190949900000001
2017-07-29,12.67,67.89,12.99318715
2017-07-30,10.13,79.09,10.632571850000001
2017-07-31,9.68,82.72,10.1380928
2017-08-01,8.54,87.75,8.941555
2017-08-02,7.15,83.07,7.834395250000001
2017-08-03,8.17,88.11,8.58395035
2017-08-04,8.66,84.37,9.162035600000001
2017-08-05,9.68,72.56,10.4074344
2017-08-06,8.48,84.88,8.980623200000002
2017-08-07,8.24,90.04,8.5829228
2017-08-08,10.49,89.55,10.720474750000001
2017-08-09,11.99,72.91,12.36397745
2017-08-10,12.39,68.65,12.75381675
2017-08-11,11.73,71.83,12.15916995
2017-08-12,10.37,86.83,10.66915655
2017-08-13,12.69,58.07,13.10741315
2017-08-14,12.8,76.67,13.018135500000001
2017-08-15,13.56,83.51,13.6452533
2017-08-16,11.7,73.55,12.10733
2017-08-17,9.72,81.1,10.216881
2017-08-18,8.11,83.67,8.68391785
2017-08-19,8.2,74.35,9.088772500000001
2017-08-20,8.64,67.69,9.681351300000001
2017-08-21,7.44,88.2,7.898194000000001
2017-08-22,10.76,79.92,11.1730456
2017-08-23,9.94,85.53,10.3029076
2017-08-24,8.11,86.35,8.58972925
2017-08-25,9.93,80.5,10.4201325
2017-08-26,10.4,75.38,10.955181000000001
2017-08-27,7.42,74.74,8.4036244
2017-08-28,8.31,81.39,8.943577450000001
2017-08-29,8.66,84.01,9.1735988
2017-08-30,8.88,72.19,9.7396071
2017-08-31,8.31,75.59,9.14103845
2017-09-01,10.71,64.61,11.447704550000001
2017-09-02,14.24,60.83,14.2960131
2017-09-03,10.79,74.44,11.3115518
2017-09-04,7.86,77.54,8.6802392
2017-09-05,8.11,83.75,8.68110625
2017-09-06,9.76,86.28,10.1176804
2017-09-07,9.99,80.84,10.4652638
2017-09-08,9.29,79.32,9.8825854
2017-09-09,9.79,85.19,10.17365305
2017-09-10,11.14,70.41,11.686823200000001
2017-09-11,14.36,71.99,14.3815677
2017-09-12,13.46,85.5,13.542940000000002
2017-09-13,9.28,79.44,9.8702776
2017-09-14,10.77,83.74,11.1035739
2017-09-15,11.19,83.3,11.494023499999999
2017-09-16,8.89,74.08,9.6897616
2017-09-17,11.13,57.5,11.917737500000001
2017-09-18,12.38,69.41,12.736679400000002
2017-09-19,9.9,73.54,10.569438
2017-09-20,12.73,66.65,13.05466225
2017-09-21,13.71,76.65,13.81145575
2017-09-22,16.23,62.86,15.8766129
2017-09-23,16.38,66.84,16.0371256
2017-09-24,13.17,70.47,13.38601195
2017-09-25,9.42,79.54,9.9916524
2017-09-26,11.2,66.2,11.813469999999999
2017-09-27,14.43,68.89,14.44197735
2017-09-28,11.09,75.24,11.5543738
2017-09-29,12.78,67.7,13.085557999999999
2017-09-30,11.16,72.71,11.6613173
2017-10-01,11.86,82.36,12.116132799999999
2017-10-02,11.87,79.01,12.17362035
2017-10-03,13.68,75.83,13.7890067
2017-10-04,18.12,60.34,17.330369400000002
2017-10-05,13.18,75.49,13.3579426
2017-10-06,11.31,79.56,11.6686198
2017-10-07,15.81,53.57,15.47547185
2017-10-08,16.96,79.69,16.6852057
2017-10-09,12.36,68.05,12.7360515
2017-10-10,13.72,62.92,13.8790732
2017-10-11,15.63,68.22,15.4324873
2017-10-12,13.7,69.99,13.832044
2017-10-13,12.58,76.29,12.8303776
2017-10-14,12.22,78.63,12.487979800000002
2017-10-15,13.38,78.01,13.5154584
2017-10-16,19.54,62.67,18.505212399999998
2017-10-17,20.39,52.75,18.85933625
2017-10-18,21.89,55.8,20.093491
2017-10-19,15.36,75.9,15.246006999999999
2017-10-20,12.44,66.17,12.8232939
2017-10-21,12.55,78.74,12.7780135
2017-10-22,13.15,83.89,13.26961675
2017-10-23,14.85,75.43,14.80270275
2017-10-24,14.87,81.78,14.8329223
2017-10-25,12.91,83.6,13.053418
2017-10-26,13.81,80.31,13.88472355
2017-10-27,19.52,57.11,18.3358071
2017-10-28,15.08,76.74,15.0058006
2017-10-29,16.03,63.82,15.7255453
2017-10-30,10.97,72.22,11.5093487
2017-10-31,13.24,76,13.406320000000001
2017-11-01,13.43,79.87,13.548465049999999
2017-11-02,11.61,74.74,12.0115077
2017-11-03,10.84,64.68,11.5509916
2017-11-04,12.08,66.15,12.5305435
2017-11-05,12.31,69.78,12.6739999
2017-11-06,12.51,71.83,12.81832065
2017-11-07,12.89,63.6,13.212322
2017-11-08,13.42,74.83,13.5695098
2017-11-09,15.09,72.22,14.9998539
2017-11-10,18.27,65.04,17.5451044
2017-11-11,18.1,68.64,17.479072000000002
2017-11-12,18.39,68.12,17.7079274
2017-11-13,22.48,53.12,20.4224368
2017-11-14,24.95,45.86,21.8383035
2017-11-15,19.79,76.33,19.10132135
2017-11-16,18.41,86.43,18.11817715
2017-11-17,20.14,66.23,19.0924546
2017-11-18,20.97,73.15,20.01454275
2017-11-19,21.7,62.85,20.228859999999997
2017-11-20,22.99,57.3,20.9961235
2017-11-21,23.99,53.51,21.56345445
2017-11-22,22.49,50.32,20.3068124
2017-11-23,24.01,55.02,21.6573211
2017-11-24,21.97,75.16,20.949448599999997
2017-11-25,23.23,73.27,21.94655905
2017-11-26,19.32,82.96,18.8682696
2017-11-27,16.98,75.67,16.6481388
2017-11-28,23.39,63.68,21.6141336
2017-11-29,27.18,51.84,23.821321599999997
2017-11-30,26.04,60.56,23.5367432
2017-12-01,16.76,86.55,16.5928165
2017-12-02,14.7,87.31,14.686041
2017-12-03,14.37,75.39,14.387596149999998
2017-12-04,14.31,79.46,14.3314643
2017-12-05,16.11,79.81,15.93121755
2017-12-06,15.98,76.62,15.7896868
2017-12-07,15.28,76.2,15.177897999999999
2017-12-08,15.4,68.58,15.244471
2017-12-09,17.27,75.41,16.895371349999998
2017-12-10,17.17,75.88,16.815797800000002
2017-12-11,16.77,74.68,16.4538798
2017-12-12,19.58,68.46,18.6987724
2017-12-13,24.11,59.5,21.9693725
2017-12-14,17.35,72.23,16.91470525
2017-12-15,18.29,68.89,17.64151205
2017-12-16,18.03,75.96,17.5632634
2017-12-17,19.54,76.6,18.891351999999998
2017-12-18,25.76,54.07,22.9155551
2017-12-19,21.63,74.45,20.62805675
2017-12-20,17.28,68.05,16.7914845
2017-12-21,18.18,70.8,17.588992
2017-12-22,19.78,68.89,18.8765656
2017-12-23,21.08,61.33,19.680532699999997
2017-12-24,16.23,62.91,15.877088650000001
2017-12-25,16.74,69.75,16.36732
2017-12-26,22.6,57.47,20.7052885
2017-12-27,26.47,55.98,23.571943299999997
2017-12-28,22,74.04,20.92915
2017-12-29,18.35,86.14,18.056514500000002
2017-12-30,16.83,65.76,16.3912144
2017-12-31,18.81,68,18.05144
2018-01-01,18.26,71.77,17.6762036
2018-01-02,17.47,67.57,16.940255949999997
2018-01-03,17.57,64.49,16.97041365
2018-01-04,18.83,71.68,18.1555592
2018-01-05,23.32,55.89,21.1802239
2018-01-06,24.13,58.96,21.9563164
2018-01-07,17.88,69.06,17.3048254
2018-01-08,17.98,73.64,17.4754696
2018-01-09,17.06,66.15,16.583392
2018-01-10,20.65,65.3,19.476272499999997
2018-01-11,26.91,47,23.292485
2018-01-12,19.71,73.81,18.959525550000002
2018-01-13,15.29,69.52,15.1575644
2018-01-14,16.92,68.08,16.495144800000002
2018-01-15,17.92,71.87,17.3908747
2018-01-16,19.34,60.12,18.2783944
2018-01-17,23.03,44.46,20.4243409
2018-01-18,29.6,28.73,23.6810265
2018-01-19,25.64,59.23,23.1420221
2018-01-20,21.33,76.38,20.442714699999996
2018-01-21,24.3,70.76,22.723964000000002
2018-01-22,20.04,72.28,19.195371599999998
2018-01-23,18.83,72.67,18.179136049999997
2018-01-24,19.38,73.05,18.656661999999997
2018-01-25,22.79,74.83,21.64237385
2018-01-26,22.64,81.21,21.7987717
2018-01-27,26.63,69.16,24.572509399999998
2018-01-28,30,54.23,26.098107499999998
2018-01-29,21.06,77.68,20.254694399999998
2018-01-30,16.57,63.19,16.15091815
2018-01-31,15.54,61,15.31692
2018-02-01,17.12,68.68,16.668678800000002
2018-02-02,18.75,71.01,18.07235875
2018-02-03,20.9,65.98,19.702496
2018-02-04,19.92,69.61,19.014074100000002
2018-02-05,19.83,69.88,18.9470322
2018-02-06,23.67,59.03,21.60367805
2018-02-07,27.24,52.66,23.922886199999997
2018-02-08,21.58,78.38,20.738117199999998
2018-02-09,22.48,70.42,21.1817338
2018-02-10,23.23,61.44,21.3785416
2018-02-11,17.51,64.43,16.92113865
2018-02-12,18.65,68.22,17.924621499999997
2018-02-13,22.66,48.77,20.360797599999998
2018-02-14,17.58,54.24,16.804825599999997
2018-02-15,17.82,70.83,17.2873558
2018-02-16,17.36,63.27,16.7822371
2018-02-17,19.76,65.92,18.7740656
2018-02-18,19.53,77.33,18.90283445
2018-02-19,19.39,67.95,18.52801525
2018-02-20,21.35,51.06,19.5061855
2018-02-21,23.89,50.21,21.31859545
2018-02-22,23.83,60.83,21.819991449999996
2018-02-23,26.84,52.22,23.5971714
2018-02-24,18.78,69.91,18.0716814
2018-02-25,17.04,66.97,16.5785709
2018-02-26,20.52,59.71,19.1859981
2018-02-27,24.75,41.05,21.42669375
2018-02-28,20.57,63.19,19.34109815
2018-03-01,17.55,73.21,17.10059775
2018-03-02,19.58,64.82,18.597070799999997
2018-03-03,20.68,63.65,19.444463499999998
2018-03-04,17.08,60.87,16.5247453
2018-03-05,16.8,67.23,16.3854595
2018-03-06,19.2,62.68,18.235278
2018-03-07,21.74,54.9,19.944118
2018-03-08,21.41,55.5,19.718777499999998
2018-03-09,21.66,53.6,19.832768
2018-03-10,25.97,36.48,21.9628408
2018-03-11,17.88,70.87,17.3384733
2018-03-12,17.72,68.06,17.1543426
2018-03-13,17.74,69.61,17.1984502
2018-03-14,17.3,69.36,16.828144
2018-03-15,17.06,74.19,16.696595199999997
2018-03-16,20.91,51.28,19.1923764
2018-03-17,25.86,40.99,22.1730552
2018-03-18,17.46,48.21,16.6168588
2018-03-19,19.05,66.21,18.20440525
2018-03-20,15.7,59.22,15.430852
2018-03-21,18.54,57.54,17.596538799999998
2018-03-22,21.36,51.9,19.545187
2018-03-23,23,54.68,20.88129
2018-03-24,19.82,85.96,19.4091896
2018-03-25,15.81,65.15,15.558905750000001
2018-03-26,14.05,75.83,14.10982075
2018-03-27,18.57,56.41,17.59423785
2018-03-28,19.18,72.38,18.4690612
2018-03-29,16.64,76.52,16.3636404
2018-03-30,16.87,69.94,16.4781679
2018-03-31,16.93,64.63,16.45727995
2018-04-01,18.94,69.08,18.1849336
2018-04-02,16.66,70.44,16.3088272
2018-04-03,15.67,74.28,15.5044918
2018-04-04,16.18,79.1,15.986884
2018-04-05,15.84,80.31,15.6948847
2018-04-06,15.71,74.9,15.5429595
2018-04-07,16.63,65.85,16.22993275
2018-04-08,20.7,62.28,19.413748
2018-04-09,18.55,67.69,17.83029475
2018-04-10,22.79,61.21,21.02136995
2018-04-11,19.8,65.56,18.796074
2018-04-12,18.51,67.87,17.80137285
2018-04-13,18.72,54.79,17.6706759
2018-04-14,13.42,75.37,13.5663022
2018-04-15,15.64,84.52,15.5429404
2018-04-16,14.61,69.05,14.591275249999999
2018-04-17,12.32,75.06,12.6190306
2018-04-18,15.95,63.22,15.6566795
2018-04-19,15.72,71.95,15.5317845
2018-04-20,14.48,79.07,14.4823023
2018-04-21,15.78,81.9,15.652576
2018-04-22,15.96,80.34,15.8021302
2018-04-23,19.76,53.23,18.4069439
2018-04-24,18.2,73.49,17.660521499999998
2018-04-25,15.62,74.45,15.462612
2018-04-26,14.11,71.77,14.170553349999999
2018-04-27,13.28,76.88,13.4351352
2018-04-28,14.27,75.95,14.30042325
2018-04-29,14.11,80.44,14.151956199999999
2018-04-30,14,63.09,14.1015025
2018-05-01,16.39,49.31,15.86307745
2018-05-02,16.46,60.62,16.0354836
2018-05-03,17.03,69,16.598635
2018-05-04,13.08,73.04,13.2905576
2018-05-05,14.44,78.53,14.447085099999999
2018-05-06,15.19,69.9,15.075770499999999
2018-05-07,15.15,62.9,15.0173675
2018-05-08,13.04,73.9,13.249583
2018-05-09,13.36,72.92,13.5297916
2018-05-10,9.96,85.74,10.3160722
2018-05-11,12.79,82.28,12.956656599999999
2018-05-12,13.83,82.54,13.8943401
2018-05-13,12.32,84.26,12.5087226
2018-05-14,12.55,83.66,12.7252465
2018-05-15,12.02,73.26,12.3847336
2018-05-16,11.64,73.96,12.0496092
2018-05-17,12.57,85.78,12.7209453
2018-05-18,12.81,84.39,12.955094950000001
2018-05-19,12.18,83.24,12.3938576
2018-05-20,13.67,85.51,13.73614685
2018-05-21,13.5,84.34,13.58613
2018-05-22,13,92.7,13.060225
2018-05-23,13.24,80.73,13.3735411
2018-05-24,12.57,74.82,12.8372857
2018-05-25,10.4,80.14,10.847843000000001
2018-05-26,12.89,73.86,13.1214697
2018-05-27,14.46,72.19,14.4661182
2018-05-28,15.59,66.63,15.38994685
2018-05-29,11.3,75.51,11.731024000000001
2018-05-30,11.62,74.78,12.019484799999999
2018-05-31,10.16,73.97,10.7813361
2018-06-01,10.11,77.23,10.65978165
2018-06-02,9.94,89.85,10.194562
2018-06-03,10.61,85.62,10.917660099999999
2018-06-04,11.25,88.51,11.45538375
2018-06-05,9.66,89.58,9.9373804
2018-06-06,12.66,72.85,12.934758
2018-06-07,13.92,70.57,14.0138817
2018-06-08,11.57,85.68,11.8007668
2018-06-09,11.01,88.18,11.2368849
2018-06-10,9.93,81.63,10.39172995
2018-06-11,12.31,76.34,12.594984700000001
2018-06-12,10.74,88.23,10.9834036
2018-06-13,9.92,84.71,10.3051551
2018-06-14,10.88,77.89,11.3202101
2018-06-15,8.88,86.25,9.3050125
2018-06-16,9.26,88.75,9.584225
2018-06-17,10.86,85.17,11.1568966
2018-06-18,8.16,88.91,8.5467083
2018-06-19,8.1,83.81,8.669888
2018-06-20,8.01,84.1,8.577550500000001
2018-06-21,9.67,84.08,10.0929148
2018-06-22,8.61,78.82,9.2961261
2018-06-23,9.73,86.35,10.08810775
2018-06-24,9.98,82.55,10.413807
2018-06-25,10.14,87.77,10.433275400000001
2018-06-26,8.93,90.63,9.21704995
2018-06-27,7.96,87.39,8.4135817
2018-06-28,7.5,89.06,7.92119
2018-06-29,9.85,77.04,10.437202
2018-06-30,8.43,86.99,8.864338850000001
2018-07-01,8.87,78.78,9.5270773
2018-07-02,8.43,73.53,9.31370095
2018-07-03,9.77,79.1,10.3137135
2018-07-04,12.35,66.75,12.74318125
2018-07-05,12.92,73.3,13.152023
2018-07-06,10.2,72.86,10.841861
2018-07-07,10.17,82.24,10.5929544
2018-07-08,10.74,86.08,11.0278656
2018-07-09,9.81,87.19,10.14043395
2018-07-10,8.13,84.93,8.65797745
2018-07-11,7.62,81.81,8.308309600000001
2018-07-12,9.1,84.94,9.547282
2018-07-13,9.51,80.94,10.0331017
2018-07-14,7.88,76.45,8.7374555
2018-07-15,8.89,64.42,9.987820900000001
2018-07-16,9.33,77.85,9.959835250000001
2018-07-17,9.92,79.39,10.4391659
2018-07-18,10.07,66.54,10.885252900000001
2018-07-19,8.6,81.67,9.1948085
2018-07-20,8,88.99,8.3936075
2018-07-21,8.57,76.08,9.350150800000002
2018-07-22,8.2,69.43,9.2592505
2018-07-23,9.85,74.99,10.48963075
2018-07-24,9.8,84.54,10.199641000000002
2018-07-25,8.52,84.77,9.0209147
2018-07-26,9.26,83.95,9.722561
2018-07-27,11.66,77.23,12.0156674
2018-07-28,12.46,79.95,12.684961000000001
2018-07-29,8.99,80.39,9.584281050000001
2018-07-30,9.8,73.11,10.4951065
2018-07-31,10.45,79.69,10.90240525
2018-08-01,8.64,80.62,9.2646174
2018-08-02,11.57,59.13,12.22862005
2018-08-03,9.83,79.34,10.360652100000001
2018-08-04,11.28,68.14,11.8442406
2018-08-05,11.71,62.46,12.2860513
2018-08-06,8.36,83.71,8.9101133
2018-08-07,9.85,76.97,10.43899225
2018-08-08,8.48,84.09,9.0067801
2018-08-09,9.8,72.43,10.5126845
2018-08-10,11.81,62.43,12.365848150000001
2018-08-11,7.73,83.09,8.359643850000001
2018-08-12,10.56,83.13,10.9255729
2018-08-13,10.1,86.85,10.41823
2018-08-14,12.98,59.88,13.3154032
2018-08-15,10.03,78.5,10.5585775
2018-08-16,9.02,80.61,9.6044146
2018-08-17,10.64,69.56,11.286241200000001
2018-08-18,8.87,81.1,9.4552385
2018-08-19,8.5,76.48,9.27616
2018-08-20,9.01,85.82,9.4381651
2018-08-21,9.22,86.22,9.620171200000001
2018-08-22,8.88,81.48,9.4524532
2018-08-23,9.88,69.88,10.645349200000002
2018-08-24,10.14,70.03,10.858680600000001
2018-08-25,9.75,79.2,10.2934
2018-08-26,9.17,77.7,9.8237245
2018-08-27,7.81,72.75,8.81266375
2018-08-28,6.92,71.32,8.115669200000001
2018-08-29,7.97,64.67,9.23887695
2018-08-30,10.61,59.32,11.4803486
2018-08-31,9.99,88.21,10.282450950000001
2018-09-01,8.21,82.03,8.831672150000001
2018-09-02,8.39,80.28,9.0526906
2018-09-03,8.07,81.24,8.733447400000001
2018-09-04,11.62,69.26,12.1069216
2018-09-05,14.38,65.15,14.403001000000001
2018-09-06,11.73,84.73,11.96263845
2018-09-07,9.69,75.86,10.3286237
2018-09-08,11.42,71.25,11.907025
2018-09-09,12.05,84.13,12.26384825
2018-09-10,12.47,81.02,12.6819117
2018-09-11,15.19,60.38,15.0396421
2018-09-12,11.25,70.9,11.7701625
2018-09-13,12.5,66.52,12.86828
2018-09-14,15.63,50.16,15.3202444
2018-09-15,8.2,75.79,9.038876499999999
2018-09-16,9.49,74.31,10.19788795
2018-09-17,12.57,50.71,13.093213350000001
2018-09-18,11.63,71.75,12.07592625
2018-09-19,9.15,76.35,9.84590125
2018-09-20,11.64,76.64,12.007452800000001
2018-09-21,12.39,75.91,12.669564450000001
2018-09-22,12.58,78.91,12.8027104
2018-09-23,9.96,69.86,10.7125958
2018-09-24,11.08,72.55,11.596334500000001
2018-09-25,9.04,78.02,9.7000594
2018-09-26,12.36,58.56,12.8477488
2018-09-27,14.18,70.4,14.232096
2018-09-28,8.85,81.34,9.4298595
2018-09-29,10.51,73.83,11.08430065
2018-09-30,10.99,73.13,11.50872535
2018-10-01,14.96,56.45,14.849818500000001
2018-10-02,16.98,56.6,16.388024
2018-10-03,12.06,75.63,12.3870454
2018-10-04,12.03,77.91,12.33009265
2018-10-05,12.95,73.38,13.176935499999999
2018-10-06,15.54,62.85,15.327501999999999
2018-10-07,17.23,57.31,16.58900965
2018-10-08,17.99,67.53,17.36673835
2018-10-09,12.19,86.76,12.358214199999999
2018-10-10,11.2,68.08,11.779347999999999
2018-10-11,13.13,68.46,13.3676539
2018-10-12,15.26,63.51,15.107471799999999
2018-10-13,17.45,57.8,16.765304999999998
2018-10-14,19.77,57.64,18.5421954
2018-10-15,20.68,59.66,19.3088434
2018-10-16,17.04,89.26,16.8899622
2018-10-17,16.11,79.08,15.9247534
2018-10-18,15.96,77.98,15.7831794
2018-10-19,18.77,57.59,17.77400115
2018-10-20,11.77,80.23,12.06684655
2018-10-21,14.09,70.91,14.15559795
2018-10-22,18.13,57.98,17.2910707
2018-10-23,12.18,67.58,12.5936792
2018-10-24,11.87,66.68,12.3519738
2018-10-25,13.26,70.18,13.463372399999999
2018-10-26,13.29,74.62,13.4589039
2018-10-27,12.67,66.16,13.0105996
2018-10-28,11.47,68.75,11.990781250000001
2018-10-29,13.37,65.5,13.584417499999999
2018-10-30,16.35,67.69,16.021245750000002
2018-10-31,16.26,77.53,16.042490400000002
2018-11-01,23.95,49.27,21.31330825
2018-11-02,18.68,57.64,17.7061436
2018-11-03,14.48,66.12,14.483726800000001
2018-11-04,17.96,67,17.33201
2018-11-05,19.9,73.94,19.126018
2018-11-06,14.23,80.79,14.25852685
2018-11-07,11.69,66.68,12.2049606
2018-11-08,13.16,64.17,13.4240671
2018-11-09,15.01,62.92,14.905990599999999
2018-11-10,14.72,71.87,14.685962700000001
2018-11-11,15.26,70.89,15.138320199999999
2018-11-12,21.75,48.42,19.6932475
2018-11-13,19.86,73.44,19.077011199999998
2018-11-14,14.5,79.38,14.5
2018-11-15,13.2,68.73,13.4235805
2018-11-16,13.54,65.69,13.7211568
2018-11-17,14.3,70.87,14.332043
2018-11-18,19.59,53.18,18.2792741
2018-11-19,23.46,46.69,20.8328832
2018-11-20,18.26,80.27,17.8519836
2018-11-21,14.8,68.11,14.747381500000001
2018-11-22,12.28,78.17,12.546544299999999
2018-11-23,13.38,86.67,13.462112800000002
2018-11-24,14.28,78.6,14.305894
2018-11-25,15,79.41,14.9433775
2018-11-26,15.15,77.93,15.07109975
2018-11-27,15.92,80.71,15.769345099999999
2018-11-28,16.21,77.87,16.00186735
2018-11-29,15.29,77.98,15.1943231
2018-11-30,15.61,69.61,15.424469049999999
2018-12-01,21.33,54.19,19.609147349999997
2018-12-02,15.26,63.02,15.1054236
2018-12-03,16.04,75.2,15.829944
2018-12-04,15.39,76.77,15.27628915
2018-12-05,18.34,69.96,17.7055552
2018-12-06,26.46,46.17,22.9190626
2018-12-07,26.1,62.37,23.699206
2018-12-08,19.71,71.73,18.89992315
2018-12-09,16.5,75.8,16.2338
2018-12-10,16.27,70.74,15.9851539
2018-12-11,19.02,69.75,18.267985
2018-12-12,23.9,66.8,22.183559999999996
2018-12-13,17.6,90.92,17.445186
2018-12-14,19.82,88.56,19.485265599999998
2018-12-15,19.89,71.71,19.05134295
2018-12-16,18.48,77.78,17.9936042
2018-12-17,17.53,77.84,17.1607036
2018-12-18,17.75,78.12,17.358895
2018-12-19,20.77,72.42,19.8189037
2018-12-20,17.01,80.31,16.73817955
2018-12-21,16.42,78.96,16.1978176
2018-12-22,15.68,68.62,15.4763438
2018-12-23,19.52,58.66,18.3786026
2018-12-24,23.13,56.65,21.07239225
2018-12-25,18.67,71.05,18.006031750000002
2018-12-26,20.5,62.76,19.271079999999998
2018-12-27,27.06,49.34,23.5604072
2018-12-28,24.39,60.3,22.2305185
2018-12-29,19.71,81.34,19.1752977
2018-12-30,17.06,78.18,16.7527744
2018-12-31,18.61,74.92,18.0430666
2019-01-01,19.51,70.09,18.685829950000002
2019-01-02,18.31,75.51,17.79681205
2019-01-03,23.16,60.59,21.2829017
2019-01-04,22.79,61.57,21.03778415
2019-01-05,16.86,68.37,16.4494426
2019-01-06,17.92,68.48,17.3271088
2019-01-07,18.31,73.32,17.750920599999997
2019-01-08,18.71,70.23,18.02067565
2019-01-09,16.13,61.21,15.782247649999999
2019-01-10,17.11,67.41,16.64217055
2019-01-11,23.92,42.24,20.927454400000002
2019-01-12,18.68,65.27,17.8815573
2019-01-13,22.35,63.98,20.794836500000002
2019-01-14,25.37,65.11,23.28410135
2019-01-15,26.27,57.34,23.5084049
2019-01-16,23.49,61.69,21.595762049999998
2019-01-17,25.84,64.3,23.613391
2019-01-18,20.78,66.51,19.6232554
2019-01-19,18.95,63.8,18.064004999999998
2019-01-20,19.95,77,19.260575
2019-01-21,20.9,73.89,19.980928
2019-01-22,22.24,68.1,20.882016999999998
2019-01-23,20.96,72.93,19.9982029
2019-01-24,32.37,34.29,25.911692649999996
2019-01-25,24.98,61.39,22.7545196
2019-01-26,20.93,64.55,19.67631075
2019-01-27,20.89,58.22,19.4216419
2019-01-28,23.75,58.16,21.621389999999998
2019-01-29,24.43,60.13,22.25249995
2019-01-30,26.22,53.09,23.1961814
2019-01-31,16.74,57.45,16.215784
2019-02-01,19.59,57.59,18.40273205
2019-02-02,26.52,54.44,23.5080284
2019-02-03,24.48,59.14,22.2371946
2019-02-04,19.23,70.67,18.46698005
2019-02-05,22.83,70.34,21.471127099999997
2019-02-06,25.64,69.73,23.7853571
2019-02-07,22.66,71.15,21.365212
2019-02-08,18.42,63.58,17.634784800000002
2019-02-09,15.97,62.74,15.668752900000001
2019-02-10,18.81,67,18.027735
2019-02-11,21.94,63.31,20.4386452
2019-02-12,14.65,61,14.617825
2019-02-13,15.39,60.8,15.198116
2019-02-14,18.26,67.97,17.5976196
2019-02-15,18.48,77.12,17.9791568
2019-02-16,19.74,72.81,18.9563842
2019-02-17,23.27,54.32,21.066625199999997
2019-02-18,18.31,63.85,17.55247675
2019-02-19,16.41,60.56,15.9956828
2019-02-20,18.12,63.7,17.397267
2019-02-21,17.35,67.55,16.84134625
2019-02-22,17.76,71.2,17.243616000000003
2019-02-23,19.88,63.68,18.8052912
2019-02-24,24.77,40.08,21.3854188
2019-02-25,25.66,39.66,21.9563308
2019-02-26,17.52,73.93,17.0869773
2019-02-27,23.81,50.71,21.28610555
2019-02-28,28.84,36.33,23.818347099999997
2019-03-01,29.13,36.84,24.047830599999998
2019-03-02,28.77,35.45,23.70379325
2019-03-03,24.9,56.73,22.424955999999998
2019-03-04,20.16,71.28,19.2659464
2019-03-05,19.2,68.39,18.3828815
2019-03-06,14.48,60.05,14.4843945
2019-03-07,18.24,41.84,17.0436488
2019-03-08,20,47.79,18.4206475
2019-03-09,20.18,63.38,19.035991199999998
2019-03-10,20.19,66.27,19.13441965
2019-03-11,18.22,69.84,17.602926399999998
2019-03-12,15.33,61.84,15.1557996
2019-03-13,15.25,64.89,15.10517125
2019-03-14,16.46,68.48,16.120214400000002
2019-03-15,17.12,76.83,16.7861203
2019-03-16,21.11,67.39,19.924463449999998
2019-03-17,20.19,75.98,19.4382941
2019-03-18,21.01,74.76,20.1062818
2019-03-19,19.95,83.98,19.469800499999998
2019-03-20,20.28,83.34,19.7503786
2019-03-21,20.72,83.36,20.150745599999997
2019-03-22,23.75,61.82,21.8075925
2019-03-23,21.54,69.75,20.36872
2019-03-24,21.74,60.72,20.175870399999997
2019-03-25,14.41,57.12,14.4312256
2019-03-26,15.72,61.65,15.4626715
2019-03-27,17.2,54.57,16.5253645
2019-03-28,21.36,40.95,19.132043499999998
2019-03-29,16.92,65.15,16.456146500000003
2019-03-30,12.82,78.95,13.014502
2019-03-31,14.27,76.82,14.2993227
2019-04-01,13.84,72.16,13.9410592
2019-04-02,18.82,57.74,17.8159024
2019-04-03,15.94,74.5,15.73804
2019-04-04,18.58,69.71,17.900292399999998
2019-04-05,21.89,57.3,20.1544585
2019-04-06,15.61,69.15,15.42166075
2019-04-07,18.2,61.74,17.421409
2019-04-08,16.1,73.14,15.863632
2019-04-09,12.5,72.08,12.80712
2019-04-10,13.15,70.57,13.36851775
2019-04-11,12.91,76.28,13.117431400000001
2019-04-12,16.76,62.37,16.292259100000003
2019-04-13,14.99,82.05,14.94162475
2019-04-14,17.11,74.05,16.73748775
2019-04-15,20.35,59.55,19.04852125
2019-04-16,22.19,47.19,19.95640105
2019-04-17,20.6,53.36,19.035228
2019-04-18,14.11,68.45,14.17767475
2019-04-19,16.04,63.66,15.7322002
2019-04-20,21.33,47.51,19.358213149999997
2019-04-21,18.37,71.74,17.7684859
2019-04-22,14.26,77.64,14.2895152
2019-04-23,14.69,78.52,14.6675534
2019-04-24,15.02,82.08,14.9687488
2019-04-25,16.39,62.59,16.00112305
2019-04-26,12.05,64.46,12.5289015
2019-04-27,13.82,72.22,13.9238972
2019-04-28,13.85,75.9,13.9361575
2019-04-29,12.47,68.53,12.82136255
2019-04-30,18,51.23,17.0611775
2019-05-01,18.78,72.63,18.135710200000002
2019-05-02,16.08,74.49,15.858318099999998
2019-05-03,14.86,68.95,14.798521
2019-05-04,13.71,78.87,13.801809850000001
2019-05-05,13.5,79.53,13.612585
2019-05-06,12.26,76.78,12.5460704
2019-05-07,14.08,70.28,14.1486532
2019-05-08,12.02,75.18,12.358544799999999
2019-05-09,12.82,72.69,13.0723444
2019-05-10,11.34,82.8,11.638936
2019-05-11,12.29,88.18,12.433672099999999
2019-05-12,12.8,80.69,12.980548500000001
2019-05-13,13.04,75.18,13.239304599999999
2019-05-14,13.85,82.26,13.913420499999999
2019-05-15,12.59,78.82,12.8124959
2019-05-16,11.32,82.14,11.6323714
2019-05-17,13.1,70.16,13.329768
2019-05-18,13.74,70.48,13.8633936
2019-05-19,14.97,69.24,14.890485400000001
2019-05-20,13.82,82.81,13.8842906
2019-05-21,13.03,84.73,13.15345795
2019-05-22,13.92,70.73,14.0133713
2019-05-23,16.4,56.81,15.9486645
2019-05-24,14.91,82.58,14.8707179
2019-05-25,13.04,80.05,13.200198499999999
2019-05-26,11.18,77.01,11.5997974
2019-05-27,9.45,83.76,9.901066
2019-05-28,10.86,84.89,11.1625022
2019-05-29,8.8,84.15,9.296897500000002
2019-05-30,11.46,85.78,11.697758400000001
2019-05-31,12.35,88.12,12.490480999999999
2019-06-01,12.16,84.56,12.358712800000001
2019-06-02,10.8,86.81,11.068416500000001
2019-06-03,9.19,83.96,9.6584482
2019-06-04,10.4,77.68,10.903316
2019-06-05,11.12,82.93,11.4373313
2019-06-06,11.79,92.29,11.904917549999999
2019-06-07,10.25,80.89,10.69669625
2019-06-08,10.82,80.92,11.206179200000001
2019-06-09,13.8,79.69,13.8781935
2019-06-10,11.64,83.89,11.893410300000001
2019-06-11,13,74.04,13.21417
2019-06-12,11.73,91.8,11.854927
2019-06-13,11.3,86.85,11.531440000000002
2019-06-14,10.55,89.71,10.773550250000001
2019-06-15,10.44,85.64,10.7606588
2019-06-16,11.07,83.75,11.37655625
2019-06-17,10.92,75.99,11.3927569
2019-06-18,8.66,86.03,9.1087164
2019-06-19,8.36,83.14,8.9293622
2019-06-20,8.42,86.94,8.8567264
2019-06-21,8.73,86.7,9.1520755
2019-06-22,8.67,85.58,9.1323773
2019-06-23,6.96,83.68,7.6367904
2019-06-24,7.03,80.82,7.818010300000001
2019-06-25,9.28,81.17,9.8206093
2019-06-26,9.6,83,10.05815
2019-06-27,10.56,82.57,10.9377081
2019-06-28,13.74,76.99,13.8361818
2019-06-29,10.86,85.74,11.1454852
2019-06-30,9.41,77.72,10.0337286
2019-07-01,9.48,69.49,10.322381100000001
2019-07-02,10.31,88.17,10.582622350000001
2019-07-03,9.26,88.34,9.5960412
2019-07-04,8.02,89.5,8.39422
2019-07-05,10.43,82.33,10.825542950000001
2019-07-06,11,83.99,11.3081925
2019-07-07,11.79,87.31,11.97914445
2019-07-08,9.23,91.64,9.4723146
2019-07-09,10.03,85.11,10.39607065
2019-07-10,10.88,74,11.39766
2019-07-11,11.23,80.72,11.576750800000001
2019-07-12,9,83.15,9.509712500000001
2019-07-13,7.79,86.25,8.297443750000001
2019-07-14,10.1,85.44,10.452352
2019-07-15,11.28,88.58,11.482248199999999
2019-07-16,9.97,88.26,10.2625021
2019-07-17,10.07,87.29,10.379679150000001
2019-07-18,10.4,80.61,10.8372445
2019-07-19,9.2,86.55,9.592067499999999
2019-07-20,11.47,69.9,11.971616500000001
2019-07-21,9.04,78.93,9.6727321
2019-07-22,11.08,67.07,11.6994133
2019-07-23,9.19,84.19,9.65173105
2019-07-24,9.94,86.86,10.2695512
2019-07-25,11.19,77.05,11.60780475
2019-07-26,10.26,91.31,10.4626508
2019-07-27,9.92,85.76,10.2787056
2019-07-28,10.24,80.61,10.694307700000001
2019-07-29,9.67,82.55,10.133559250000001
2019-07-30,7.79,82.44,8.4380518
2019-07-31,9.1,81.25,9.656875
2019-08-01,9.88,86.97,10.2110923
2019-08-02,9.43,84.78,9.8544097
2019-08-03,10.23,87.98,10.5122897
2019-08-04,9.31,84.11,9.763580050000002
2019-08-05,9.7,75.86,10.337296
2019-08-06,9.98,71.51,10.6882614
2019-08-07,9.29,86.45,9.678275249999999
2019-08-08,8.89,79.45,9.524070250000001
2019-08-09,6.71,88.07,7.221140850000001
2019-08-10,8.06,86.98,8.5211684
2019-08-11,9.79,86.66,10.135572699999999
2019-08-12,8.65,86.95,9.06988375
2019-08-13,9.97,90.4,10.209184
2019-08-14,8.98,77.51,9.662796400000001
2019-08-15,11.99,61.12,12.526738400000001
2019-08-16,9.42,86.28,9.8033368
2019-08-17,9.78,75.57,10.4142028
2019-08-18,9.24,82.99,9.732099300000002
2019-08-19,8.97,82.75,9.494658750000001
2019-08-20,12.08,82.19,12.3170511
2019-08-21,11.19,79.51,11.56302045
2019-08-22,8.32,78.88,9.0378688
2019-08-23,9.18,71.88,10.0027912
2019-08-24,10.66,76.98,11.1461824
2019-08-25,8.71,82.56,9.2653768
2019-08-26,9.25,82.45,9.75675625
2019-08-27,9.77,83.8,10.191443
2019-08-28,8.07,83.08,8.668375800000002
2019-08-29,7.4,82.34,8.089623000000001
2019-08-30,8.84,70.85,9.7474395
2019-08-31,11.22,70.2,11.757592
2019-09-01,11.16,86.93,11.4000959
2019-09-02,11.72,76.76,12.075339600000001
2019-09-03,11.91,81.47,12.173959850000001
2019-09-04,12.33,82.13,12.54327845
2019-09-05,13.29,83.63,13.398942349999999
2019-09-06,10.22,82.89,10.622769400000001
2019-09-07,9.22,81.61,9.754045600000001
2019-09-08,9.74,80.27,10.2565314
2019-09-09,9.2,80.03,9.7821255
2019-09-10,9.75,80.31,10.26440125
2019-09-11,13.24,64.82,13.4837974
2019-09-12,11.26,81.4,11.591452
2019-09-13,11.77,78.18,12.0976273
2019-09-14,13.29,70.6,13.485657
2019-09-15,13.04,82.29,13.182211299999999
2019-09-16,8.5,71.24,9.44908
2019-09-17,8.67,76.77,9.41486995
2019-09-18,11.93,69.02,12.3679023
2019-09-19,17.58,64.6,16.980324
2019-09-20,18.06,68.34,17.4400972
2019-09-21,11.47,79.78,11.806966300000001
2019-09-22,10.89,71.97,11.446535650000001
2019-09-23,9.78,84.27,10.1883508
2019-09-24,10.75,81.86,11.1241375
2019-09-25,11.67,80.71,11.97024885
2019-09-26,13.77,65.62,13.9080357
2019-09-27,10.87,74.66,11.3759131
2019-09-28,10.48,72.34,11.0915626
2019-09-29,11.02,75.19,11.4948634
2019-09-30,9.6,73.54,10.313096999999999
2019-10-01,13.96,63.27,14.0690881
2019-10-02,17.16,58.93,16.5591459
2019-10-03,15.99,73.76,15.7749632
2019-10-04,10.97,81.3,11.3330605
2019-10-05,17.78,68.44,17.2106576
2019-10-06,14.74,76.07,14.7084124
2019-10-07,12.33,76.86,12.6061759
2019-10-08,10.09,79.6,10.584802
2019-10-09,11.48,78.76,11.832796400000001
2019-10-10,11.2,80.46,11.554651
2019-10-11,12.55,74.39,12.824667250000001
2019-10-12,13.83,68.83,13.94486145
2019-10-13,16.63,62.39,16.18939885
2019-10-14,15.18,74.94,15.0862756
2019-10-15,13.44,77.78,13.5695426
2019-10-16,12.97,85.11,13.095299350000001
2019-10-17,10.57,80.09,11.00035465
2019-10-18,13,71.39,13.2360325
2019-10-19,11.13,75.32,11.5874438
2019-10-20,12.76,74.9,13.000207
2019-10-21,12.67,78.73,12.88408255
2019-10-22,14.58,60.86,14.562778400000001
2019-10-23,19.28,49.29,17.9468341
2019-10-24,23.43,41.36,20.5498964
2019-10-25,15.46,62.17,15.260257600000001
2019-10-26,11.52,72.73,11.9669553
2019-10-27,12.42,76.99,12.6832344
2019-10-28,15.39,56.2,15.175599
2019-10-29,20.09,48.5,18.5066325
2019-10-30,20.17,50.68,18.6319558
2019-10-31,23.42,45.73,20.7575138
2019-11-01,23.23,54.69,21.05444035
2019-11-02,15.61,84.6,15.515982999999999
2019-11-03,14.64,73.8,14.619826
2019-11-04,11.17,78.93,11.55589705
2019-11-05,14.99,58.69,14.87866955
2019-11-06,15.21,59.62,15.0523161
2019-11-07,13.47,77.38,13.598142300000001
2019-11-08,10.01,76.07,10.60095135
2019-11-09,12.52,79.98,12.7380178
2019-11-10,14.07,77.54,14.1231179
2019-11-11,19.22,46.4,17.828543999999997
2019-11-12,11.79,68.66,12.2571227
2019-11-13,13.76,76.61,13.8551973
2019-11-14,15.63,69.54,15.4406911
2019-11-15,13.02,69.98,13.264362799999999
2019-11-16,13.15,67.12,13.394134000000001
2019-11-17,12.88,64.31,13.1979979
2019-11-18,17.2,65.23,16.6836655
2019-11-19,13.63,77.02,13.7399593
2019-11-20,25.41,34.34,21.4700717
2019-11-21,19.19,61.34,18.1927653
2019-11-22,14.67,65.86,14.6380791
2019-11-23,15.17,63.08,15.0339498
2019-11-24,16.51,57.07,16.03540885
2019-11-25,17.74,64.7,17.110954
2019-11-26,12.13,66.97,12.560546050000001
2019-11-27,16.27,61.6,15.896175999999999
2019-11-28,15.33,69.45,15.19053925
2019-11-29,14.1,75,14.155
2019-11-30,13.61,65.79,13.777457949999999
2019-12-01,11.84,79.78,12.1358186
2019-12-02,12.37,69.93,12.722270049999999
2019-12-03,14.78,68.68,14.7317672
2019-12-04,15.4,69.1,15.247045
2019-12-05,16.06,66.33,15.771111399999999
2019-12-06,14.45,64.46,14.459773499999999
2019-12-07,15.3,69.06,15.163864
2019-12-08,19.99,53.67,18.591065649999997
2019-12-09,20.45,63.67,19.261100749999997
2019-12-10,14.17,69.67,14.22504895
2019-12-11,15.17,73.38,15.0719053
2019-12-12,14.28,67.38,14.3194702
2019-12-13,16.39,73.89,16.11858655
2019-12-14,16.33,74.64,16.0747516
2019-12-15,16.34,70.08,16.0372096
2019-12-16,17.21,65.45,16.69503225
2019-12-17,21.24,52.9,19.494003
2019-12-18,25.01,48.58,22.0376669
2019-12-19,19.16,53.88,17.9779444
2019-12-20,28.35,43.56,24.050683
2019-12-21,15.15,62.14,15.0146505
2019-12-22,15.2,67.37,15.0743745
2019-12-23,15.98,69.54,15.7320556
2019-12-24,18.79,66.72,18.0047584
2019-12-25,19.95,67.52,18.976412
2019-12-26,16.36,71.82,16.0717186
2019-12-27,22.41,51.07,20.28130035
2019-12-28,23.1,57.01,21.066573000000002
2019-12-29,25.96,55.46,23.1526438
2019-12-30,25.23,56.42,22.6581263
2019-12-31,16.96,56.21,16.3675213
2020-01-01,18.72,60.79,17.8099359
2020-01-02,18.67,67.92,17.9342452
2020-01-03,25.53,34.29,21.54370285
2020-01-04,16.59,66.99,16.21055005
2020-01-05,14.67,70.84,14.6427354
2020-01-06,16.08,83.01,15.932356899999998
2020-01-07,18.61,77.91,18.11065555
2020-01-08,19.68,70.51,18.839829899999998
2020-01-09,26.09,51.34,22.988168299999998
2020-01-10,17.59,71.76,17.1100612
2020-01-11,16.05,67.94,15.7766885
2020-01-12,16.97,70.78,16.573046299999998
2020-01-13,23.08,62.94,21.3311386
2020-01-14,24.64,51.99,21.9624823
2020-01-15,22.19,73.66,21.0759497
2020-01-16,16.31,70.52,16.0165266
2020-01-17,18.26,72.93,17.700192400000002
2020-01-18,21.82,69.65,20.598109
2020-01-19,21.81,77.41,20.90176905
2020-01-20,16.49,89.91,16.37956495
2020-01-21,18.13,67.45,17.48013925
2020-01-22,20.46,69.34,19.4549652
2020-01-23,16.12,64.72,15.8056552
2020-01-24,19.25,62.99,18.28311375
2020-01-25,19.84,72.55,19.033793499999998
2020-01-26,18.4,75.8,17.88091
2020-01-27,17.82,73.56,17.3372056
2020-01-28,18.81,72.62,18.160957099999997
2020-01-29,22.22,56.32,20.3653472
2020-01-30,28.57,38.02,23.7736777
2020-01-31,29.5,67.44,26.8138
2020-02-01,17.88,83,17.563969999999998
2020-02-02,17.72,65.56,17.1100676
2020-02-03,14.33,62.5,14.3650625
2020-02-04,14.92,68.62,14.8475122
2020-02-05,15.89,75.86,15.7054497
2020-02-06,20.78,79,20.054660000000002
2020-02-07,20.49,82.22,19.9042379
2020-02-08,22.03,69.11,20.75069065
2020-02-09,20.81,74.25,19.91634625
2020-02-10,21.89,79.52,21.0575904
2020-02-11,20.66,83.69,20.1074172
2020-02-12,21.6,80.49,20.8381345
2020-02-13,24.12,72.31,22.6549221
2020-02-14,23.53,80.75,22.57394875
2020-02-15,17.77,86.33,17.524145049999998
2020-02-16,19.26,75.9,18.629062
2020-02-17,21.22,76.81,20.3628976
2020-02-18,17.51,85.4,17.268297
2020-02-19,15.73,77.04,15.5746756
2020-02-20,15.36,77.43,15.2532439
2020-02-21,15.21,73.53,15.10663465
2020-02-22,16.74,77.35,16.460952
2020-02-23,21.95,72.76,20.833841
2020-02-24,21.77,78.2,20.898327
2020-02-25,19.46,78.91,18.8846648
2020-02-26,13.86,68.25,13.97176
2020-02-27,16.43,73.97,16.153691549999998
2020-02-28,16.18,77.14,15.9687736
2020-02-29,17.96,79.21,17.5643663
2020-03-01,20.32,71.6,19.410916
2020-03-02,14.61,69.41,14.591493049999999
2020-03-03,15.61,76.07,15.46390735
2020-03-04,19.79,86.15,19.38703425
2020-03-05,17.13,90.72,16.9957648
2020-03-06,16,79.52,15.83104
2020-03-07,16.16,85.64,16.0288932
2020-03-08,15.36,79.98,15.265305399999999
2020-03-09,14.75,79.04,14.72118
2020-03-10,16.88,81.41,16.6366569
2020-03-11,21.03,69.29,19.927050350000002
2020-03-12,20.74,70.56,19.7296192
2020-03-13,15.8,69.72,15.583498
2020-03-14,13.88,75.01,13.9652159
2020-03-15,14.21,82.64,14.2376892
2020-03-16,17.8,71.21,17.2774615
2020-03-17,20.55,67.23,19.45957825
2020-03-18,21.57,71.13,20.44739005
2020-03-19,20.46,74.1,19.610998
2020-03-20,16.45,74.24,16.173724
2020-03-21,14.94,75.23,14.8800566
2020-03-22,13.95,75.06,14.0254435
2020-03-23,13.6,72.22,13.737511
2020-03-24,14.33,74.18,14.3541417
2020-03-25,14.55,77.09,14.54369975
2020-03-26,15.3,82.14,15.221416000000001
2020-03-27,19.98,67.03,18.9862842
2020-03-28,20.34,66.31,19.2578772
2020-03-29,17.94,82.48,17.6085216
2020-03-30,15.99,76.8,15.799876
2020-03-31,15.35,78.28,15.248459
2020-04-01,17.95,77.75,17.527806249999998
2020-04-02,15.91,90.41,15.83562955
2020-04-03,16.82,81.94,16.5895544
2020-04-04,10.88,83.04,11.217673600000001
2020-04-05,12.57,87.33,12.70449205
2020-04-06,13.4,74.3,13.555485000000001
2020-04-07,13.24,82.83,13.3589881
2020-04-08,13.08,90.01,13.1580219
2020-04-09,15.54,86.18,15.4609496
2020-04-10,15.8,82.03,15.6715145
2020-04-11,12.51,79.83,12.73076065
2020-04-12,12.36,80.9,12.584807
2020-04-13,13.85,81.07,13.91767475
2020-04-14,16.11,77.05,15.90677775
2020-04-15,17.52,75.48,17.1127228
2020-04-16,13.06,83.32,13.192105600000001
2020-04-17,13.47,80.17,13.58233695
2020-04-18,11.85,84.53,12.07547525
2020-04-19,13.82,75.79,13.9105454
2020-04-20,13.25,76.79,13.40956875
2020-04-21,14.06,80.16,14.108012800000001
2020-04-22,12.77,79.76,12.9625836
2020-04-23,14.97,84.67,14.930371950000001
2020-04-24,13.87,77.33,13.94855155
2020-04-25,15.98,81.58,15.8300612
2020-04-26,11.8,80.75,12.085862500000001
2020-04-27,11.18,78.04,11.5809896
2020-04-28,15.05,80.91,14.99225275
2020-04-29,12.32,88.13,12.462321300000001
2020-04-30,9.92,85.94,10.2741714
2020-05-01,10.36,85.52,10.6897096
2020-05-02,11.31,81,11.643355000000001
2020-05-03,11.34,85,11.6007
2020-05-04,11.52,90.34,11.6783274
2020-05-05,12.81,82.75,12.97033875
2020-05-06,14.66,76.67,14.6394696
2020-05-07,13.9,83.13,13.955671
2020-05-08,13.2,81.06,13.335421
2020-05-09,9.2,86.01,9.607808499999999
2020-05-10,9.85,88.97,10.13209225
2020-05-11,11.58,82.97,11.8535018
2020-05-12,10.96,81.82,11.313964600000002
2020-05-13,10.26,74.04,10.8653872
2020-05-14,10.72,74.75,11.2449475
2020-05-15,9.35,85.04,9.773742
2020-05-16,10.43,83.28,10.8042772
2020-05-17,10.07,83.54,10.4710479
2020-05-18,11.58,86.73,11.7931162
2020-05-19,13.72,86.56,13.777657600000001
2020-05-20,10.89,80.57,11.27578265
2020-05-21,10.02,82.49,10.4514464
2020-05-22,9.88,84.92,10.263182800000001
2020-05-23,11.4,90.9,11.555155000000001
2020-05-24,9.71,90.15,9.969498250000001
2020-05-25,9.11,90.2,9.400521
2020-05-26,11.2,85.22,11.468257
2020-05-27,11.21,90.87,11.37520735
2020-05-28,10.95,89.17,11.16145575
2020-05-29,10.54,87.31,10.816388199999999
2020-05-30,12.28,76.06,12.5723074
2020-05-31,11.95,79.36,12.239476
2020-06-01,9.21,87.76,9.5661228
2020-06-02,11.57,85.6,11.802056
2020-06-03,10.08,76.6,10.648854
2020-06-04,9.05,82.96,9.560774
2020-06-05,9.76,82.15,10.2253495
2020-06-06,9.21,86.33,9.60772865
2020-06-07,8.96,79.05,9.598346500000002
2020-06-08,8.8,84.06,9.299719000000001
2020-06-09,8.29,83.69,8.847068049999999
2020-06-10,9.72,87.36,10.0523056
2020-06-11,9.72,79,10.27209
2020-06-12,9.5,88.23,9.823675
2020-06-13,11.88,85.49,12.0890891
2020-06-14,12.24,85.11,12.4250827
2020-06-15,13.14,85.86,13.245767200000001
2020-06-16,11.5,81.89,11.798815
2020-06-17,8.24,83.89,8.7946673
2020-06-18,10.14,90.54,10.3668508
2020-06-19,12.5,87.86,12.63354
2020-06-20,10.42,89.72,10.6506832
2020-06-21,9.25,92.7,9.4607875
2020-06-22,9.96,93.67,10.118060100000001
2020-06-23,11.1,95.08,11.192004
2020-06-24,11.15,89.72,11.339409
2020-06-25,9.38,89.56,9.673990400000001
2020-06-26,9.85,75.92,10.465845999999999
2020-06-27,8.36,86.96,8.8003608
2020-06-28,7.62,85.55,8.166788
2020-06-29,7.84,86.44,8.336702800000001
2020-06-30,9.88,87.88,10.187969200000001
2020-07-01,11.4,78.62,11.764529
2020-07-02,8.9,84.77,9.369084
2020-07-03,7.86,90.39,8.210957200000001
2020-07-04,10.91,91.79,11.07210645
2020-07-05,10.23,92.13,10.41482695
2020-07-06,9.89,93.65,10.051004250000002
2020-07-07,8.83,94.1,9.013991500000001
2020-07-08,8.19,91.85,8.47284575
2020-07-09,9.27,87.51,9.62927485
2020-07-10,10.08,94.13,10.2226997
2020-07-11,9.95,93.25,10.118918749999999
2020-07-12,9.55,95.49,9.672784750000002
2020-07-13,9.53,93.85,9.69811025
2020-07-14,9.03,91.29,9.29204035
2020-07-15,8.88,91.15,9.153553500000001
2020-07-16,8.19,92.89,8.43675255
2020-07-17,6.88,88.97,7.3422673000000005
2020-07-18,9.01,78.6,9.656173
2020-07-19,9.49,85.2,9.897814
2020-07-20,9.55,88.89,9.852469750000001
2020-07-21,9.02,93.13,9.2270618
2020-07-22,8.84,88.47,9.1989289
2020-07-23,7.89,84.34,8.4593193
2020-07-24,6.34,86.59,6.9418408000000005
2020-07-25,7.42,90.03,7.808231800000001
2020-07-26,9.51,92.84,9.7065062
2020-07-27,10.18,90.86,10.3971664
2020-07-28,9.35,94.07,9.51796725
2020-07-29,10.13,86.54,10.4535111
2020-07-30,9.38,80.83,9.9198272
2020-07-31,9.73,77.59,10.31792635
2020-08-01,9.66,79.03,10.218221400000001
2020-08-02,9.78,83.05,10.220022
2020-08-03,7.89,85.39,8.42114655
2020-08-04,7.47,83.7,8.1002395
2020-08-05,8.35,81.66,8.9703505
2020-08-06,7.19,89.59,7.608534050000001
2020-08-07,9.46,88.08,9.7904224
2020-08-08,9.79,93.08,9.9692626
2020-08-09,8.97,90.55,9.25742175
2020-08-10,8.72,80.21,9.349124100000001
2020-08-11,9.97,80.39,10.45858315
2020-08-12,11.28,88.36,11.486144399999999
2020-08-13,11.59,91.27,11.72972365
2020-08-14,11.15,92.43,11.289477250000001
2020-08-15,10.52,92.47,10.6848317
2020-08-16,10.17,92.08,10.3586148
2020-08-17,10.34,83.79,10.7108848
2020-08-18,10.16,83.97,10.542636100000001
2020-08-19,8.88,90.24,9.181681600000001
2020-08-20,9.3,84.32,9.748448000000002
2020-08-21,7.9,82.68,8.528716000000001
2020-08-22,8.83,88.38,9.1923697
2020-08-23,8.15,84.78,8.681558500000001
2020-08-24,7.37,85.65,7.93273525
2020-08-25,7.98,88.36,8.3974104
2020-08-26,9.36,75.2,10.061096
2020-08-27,10.54,77.91,11.0211202
2020-08-28,9.25,80.39,9.81623875
2020-08-29,12.45,67.72,12.813957
2020-08-30,10.44,79.35,10.9011145
2020-08-31,8.38,76.57,9.168653800000001
2020-09-01,9.82,75,10.4635
2020-09-02,13.15,76.49,13.32456175
2020-09-03,11.06,77.77,11.4805916
2020-09-04,10.7,81.73,11.081843
2020-09-05,10.25,78.16,10.76051
2020-09-06,11.73,72.7,12.145915500000001
2020-09-07,16.49,67.38,16.1329741
2020-09-08,11.79,86.08,11.9974776
2020-09-09,8.73,84.42,9.2244313000000009
2020-09-10,13.07,76.74,13.252939900000001
2020-09-11,14.07,69.29,14.14262915
2020-09-12,12.08,90.88,12.201387200000001
2020-09-13,11.33,82.37,11.63737905
2020-09-14,10.55,82.34,10.933663500000002
2020-09-15,10.91,80.69,11.291275950000001
2020-09-16,13.79,79.12,13.8715364
2020-09-17,10.49,88.51,10.74341195
2020-09-18,14.91,86.96,14.8805948
2020-09-19,17.47,79.03,17.12745505
2020-09-20,15.83,77.77,15.66738755
2020-09-21,12.53,71.07,12.843456549999999
2020-09-22,11.68,77.07,12.0356443
2020-09-23,9.62,81.37,10.1200292
2020-09-24,9.61,76.04,10.2544042
2020-09-25,8.15,85.24,8.665493000000001
2020-09-26,9.79,78.83,10.33840885
2020-09-27,9.34,72.59,10.1178958
2020-09-28,8.8,81.95,9.3658675
2020-09-29,13.49,71.13,13.65037285
2020-09-30,12.54,81.96,12.7344712
2020-10-01,12.38,66.34,12.7724756
2020-10-02,19.57,56.91,18.36843535
2020-10-03,17.95,70.01,17.38093975
2020-10-04,14.09,84.28,14.1254486
2020-10-05,9.67,80.97,10.17553195
2020-10-06,11.01,80.74,11.3796957
2020-10-07,15.56,86.85,15.4833355
2020-10-08,12.83,83.07,12.985502050000001
2020-10-09,11.05,84.27,11.348476750000001
2020-10-10,12.49,79.94,12.711763300000001
2020-10-11,10.6,80.44,11.019562
2020-10-12,16.14,76.86,15.9312772
2020-10-13,12.1,85.55,12.29074
2020-10-14,16.3,73.73,16.039927000000002
2020-10-15,13.24,82.47,13.3614829
2020-10-16,14.4,80.09,14.4109505
2020-10-17,12.27,86.36,12.4372946
2020-10-18,10.6,83.42,10.955641
2020-10-19,11.33,81.78,11.647665700000001
2020-10-20,12.07,80.63,12.32888005
2020-10-21,12,81.99,12.2476375
2020-10-22,14.03,80.65,14.08001975
2020-10-23,15.88,88.24,15.7907416
2020-10-24,10.7,76.26,11.196166
2020-10-25,10.36,78.38,10.8522874
2020-10-26,12.38,76.28,12.6565752
2020-10-27,12.93,83.84,13.069541599999999
2020-10-28,15.07,82.56,15.0153256
2020-10-29,15.19,82.67,15.12423265
2020-10-30,14.74,86.58,14.7222856
2020-10-31,12.59,83.08,12.7677446
2020-11-01,13.26,84.33,13.3668694
2020-11-02,19.35,64.11,18.39263425
2020-11-03,20.89,62.48,19.5713596
2020-11-04,12.82,83.16,12.975601600000001
2020-11-05,11.69,74.37,12.08611165
2020-11-06,12.05,78.4,12.34106
2020-11-07,11.33,73.17,11.797781050000001
2020-11-08,14.66,76.43,14.6392584
2020-11-09,19.81,65.74,18.8094367
2020-11-10,22.29,61.85,20.65546325
2020-11-11,20.21,79.19,19.55646195
2020-11-12,16.7,75.85,16.407785
2020-11-13,15.25,74.99,15.14683375
2020-11-14,15.87,71.64,15.6563074
2020-11-15,22.88,52.31,20.6819679
2020-11-16,15,67.48,14.91057
2020-11-17,14.92,70.54,14.8519474
2020-11-18,20.47,56.28,19.034453799999998
2020-11-19,21.43,61.14,19.9488511
2020-11-20,16.4,79.79,16.188805499999997
2020-11-21,21.44,67.06,20.1826802
2020-11-22,19.28,85.08,18.887753200000002
2020-11-23,15.26,80.82,15.1798276
2020-11-24,16.66,74.48,16.3568224
2020-11-25,19.94,70.53,19.0582576
2020-11-26,14.68,73.07,14.653339299999999
2020-11-27,22.38,65.39,20.880002599999997
2020-11-28,17.68,81.52,17.3567848
2020-11-29,14.55,76.52,14.543543000000001
2020-11-30,20,61.53,18.8362825
2020-12-01,16.12,62.38,15.784805800000001
2020-12-02,13.84,62.77,13.9751449
2020-12-03,15.8,66.66,15.561619
2020-12-04,16.6,68.55,16.2367525
2020-12-05,16.85,67.83,16.43420275
2020-12-06,14.96,65.49,14.8726897
2020-12-07,12.96,73.14,13.187504200000001
2020-12-08,14.48,70.99,14.4831911
2020-12-09,16.31,73.7,16.0481835
2020-12-10,13.54,63.14,13.7346208
2020-12-11,16,65.19,15.7128175
2020-12-12,20.46,57.16,19.0557048
2020-12-13,22.15,57.43,20.35886725
2020-12-14,24.81,47.91,21.85623655
2020-12-15,19.3,72.39,18.571096
2020-12-16,19.35,77.12,18.739676
2020-12-17,18.95,75.08,18.340083
2020-12-18,14.67,67.17,14.63930395
2020-12-19,14.43,68.75,14.44203125
2020-12-20,15.03,69.96,14.942433399999999
2020-12-21,17.84,75.74,17.394343799999998
2020-12-22,15.21,81.1,15.136195500000001
2020-12-23,15.78,72.63,15.587315199999999
2020-12-24,15.15,62.93,15.01747475
2020-12-25,15.39,67.67,15.23174465
2020-12-26,22.29,47.47,20.03935215
2020-12-27,17.79,61.22,17.0882759
2020-12-28,13.95,62.16,14.064466
2020-12-29,16.83,72.48,16.4773312
2020-12-30,17.03,74.47,16.67475005
2020-12-31,18.49,78.83,18.025424349999998
2021-01-01,20.28,75.21,19.491925900000002
2021-01-02,18.91,85.86,18.5670343
2021-01-03,18.69,83.88,18.3185146
2021-01-04,16.41,87.67,16.28047335
2021-01-05,16.05,84.61,15.91880025
2021-01-06,16.84,75.9,16.529833
2021-01-07,18.32,69.54,17.6800354
2021-01-08,18.94,73.05,18.281881000000002
2021-01-09,20.26,71.17,19.3466656
2021-01-10,24.33,53.57,21.819762049999998
2021-01-11,25.03,57.86,22.5894619
2021-01-12,16.89,74.2,16.550859
2021-01-13,21.8,60.82,20.226923
2021-01-14,16.75,69.5,16.3725625
2021-01-15,14.88,71.07,14.819536300000001
2021-01-16,15.48,70.79,15.3225581
2021-01-17,16.13,71.27,15.872435549999999
2021-01-18,16.85,67.64,16.431747
2021-01-19,14.51,65.65,14.50811075
2021-01-20,17.25,64.02,16.7058025
2021-01-21,22.17,59.12,20.4454772
2021-01-22,18.59,69.1,17.8949045
2021-01-23,20.91,65.47,19.69264485
2021-01-24,27.69,46.01,23.77329545
2021-01-25,22.94,72.9,21.682018
2021-01-26,15.66,74.02,15.4942476
2021-01-27,19.34,66.43,18.4463666
2021-01-28,21.43,75.12,20.4816988
2021-01-29,19.71,88.48,19.3798944
2021-01-30,17.03,76.94,16.7091201
2021-01-31,16.67,76.83,16.39346605
2021-02-01,17.05,74.33,16.68997825
2021-02-02,16.07,69.08,15.8030058
2021-02-03,18.15,69.37,17.53510275
2021-02-04,23.2,68.45,21.6903325
2021-02-05,19.85,75.2,19.120260000000002
2021-02-06,18.49,71.83,17.87180935
2021-02-07,15.41,72.67,15.27321335
2021-02-08,16.09,72.89,15.85292305
2021-02-09,18.65,71.52,17.999944
2021-02-10,22.67,67.34,21.202422900000002
2021-02-11,23.79,65.47,22.02568965
2021-02-12,17.48,71.24,17.0086236
2021-02-13,16.44,72.25,16.1439075
2021-02-14,16.74,72.8,16.404895999999997
2021-02-15,20.52,66.48,19.4101528
2021-02-16,23.17,64.58,21.480997300000002
2021-02-17,22.88,61.04,21.084333599999997
2021-02-18,23.89,56.91,21.66461695
2021-02-19,25.02,58.26,22.6049236
2021-02-20,20.95,75.56,20.082991
2021-02-21,16.96,79.69,16.6852057
2021-02-22,16.35,62.14,15.9647745
2021-02-23,15.47,61.04,15.262148400000001
2021-02-24,15.96,65.31,15.681439300000001
2021-02-25,16.62,68.03,16.2472298
2021-02-26,14.7,70.16,14.667176
2021-02-27,16.2,70.12,15.920622
2021-02-28,19.16,69.25,18.3718775
2021-03-01,16,61.99,15.6864175
2021-03-02,14.94,62.67,14.849661399999999
2021-03-03,15.05,71.81,14.96472525
2021-03-04,16.2,75.84,15.974103999999999
2021-03-05,14.86,66.34,14.7933532
2021-03-06,16.02,70.22,15.771039199999999
2021-03-07,19.37,70,18.56645
2021-03-08,15.44,87.14,15.3735138
2021-03-09,15.75,76.96,15.5916
2021-03-10,16.15,77.83,15.948807249999998
2021-03-11,19.32,76.43,18.6951593
2021-03-12,23.57,59.28,21.5386828
2021-03-13,15.41,73.57,15.27771785
2021-03-14,14.4,62.27,14.4207515
2021-03-15,16.62,77.39,16.3563674
2021-03-16,17.35,79.18,17.0236465
2021-03-17,19.78,68.3,18.859432
2021-03-18,19.1,75.23,18.473319
2021-03-19,19.95,73.11,19.143972249999997
2021-03-20,19.63,75.87,18.949172049999998
2021-03-21,18.69,86.86,18.3871887
2021-03-22,18.91,87.04,18.5956552
2021-03-23,17.85,90.99,17.68399075
2021-03-24,17.27,88.23,17.09068405
2021-03-25,15.39,78.45,15.284512750000001
2021-03-26,17.45,70.89,16.97769025
2021-03-27,15,75.79,14.9334225
2021-03-28,15.8,78.96,15.649564
2021-03-29,13.91,73.3,13.9966415
2021-03-30,16.06,78.85,15.878533
2021-03-31,17.63,72.59,17.158136849999998
2021-04-01,20.3,58.15,18.964985
2021-04-02,21.86,54.73,20.0274704
2021-04-03,21.77,62.14,20.256167899999998
2021-04-04,17.53,76.37,17.136206050000002
2021-04-05,15.26,76.48,15.1616864
2021-04-06,15.29,81.5,15.209617499999998
2021-04-07,17.77,84.63,17.493570549999998
2021-04-08,19.44,67.57,18.5588769
2021-04-09,13.91,72.33,13.99978915
2021-04-10,12.69,72.01,12.968640449999999
2021-04-11,12.95,73.04,13.179834
2021-04-12,12.81,77.78,13.0165349
2021-04-13,16.6,57.1,16.104505
2021-04-14,14.88,72.16,14.821814400000001
2021-04-15,13.72,75.99,13.8230029
2021-04-16,12.33,69.73,12.69127245
2021-04-17,13.79,77.11,13.87938545
2021-04-18,14.47,81.16,14.4731086
2021-04-19,15.4,69.33,15.2481835
2021-04-20,10.88,77.48,11.328373200000001
2021-04-21,11.96,62.09,12.4896027
2021-04-22,13.82,77.75,13.903215
2021-04-23,12.84,78.85,13.0330995
2021-04-24,13.11,84.16,13.2310968
2021-04-25,13.08,85.09,13.1964471
2021-04-26,13.72,86.61,13.777443100000001
2021-04-27,12.77,81.39,12.94707415
2021-04-28,13.22,82.75,13.34144
2021-04-29,14.64,74.25,14.6201725
2021-04-30,16.3,59.01,15.894199
2021-05-01,17.46,65.32,16.8954096
2021-05-02,17.58,74.49,17.147860599999998
2021-05-03,13.93,87.16,13.970253399999999
2021-05-04,11.92,82.15,12.1732915
2021-05-05,11.8,81.68,12.072052000000001
2021-05-06,15.23,84.12,15.1662418
2021-05-07,16.19,62.75,15.84376125
2021-05-08,14.6,81.34,14.589737
2021-05-09,14.7,76.93,14.674622999999999
2021-05-10,12.75,86.05,12.88426875
2021-05-11,10.42,86.44,10.7242864
2021-05-12,12.55,78.8,12.777370000000001
2021-05-13,11.07,81.66,11.415984100000001
2021-05-14,10.93,77.06,11.3804269
2021-05-15,9.38,75.61,10.066822400000001
2021-05-16,11.98,83.14,12.2136796
2021-05-17,10.98,85.7,11.256848
2021-05-18,11.67,83.15,11.93227025
2021-05-19,12.65,72.2,12.932865
2021-05-20,12.58,80.26,12.788454400000001
2021-05-21,10.56,67.3,11.268609000000001
2021-05-22,11.12,70.51,11.6682191
2021-05-23,12.01,69.58,12.4266019
2021-05-24,14.21,72.02,14.254628100000001
2021-05-25,13.23,79.87,13.370608050000001
2021-05-26,10.72,82.72,11.079251200000002
2021-05-27,11.17,83.83,11.46615355
2021-05-28,9.62,72.94,10.346290399999999
2021-05-29,8.97,79.32,9.598982200000002
2021-05-30,8.55,72.02,9.4656455
2021-05-31,9.22,70.5,10.076680000000001
2021-06-01,10.58,77.91,11.056260400000001
2021-06-02,12.53,82.71,12.717337149999999
2021-06-03,12.33,85.83,12.49911895
2021-06-04,8.06,77.08,8.871826400000002
2021-06-05,10.35,80.87,10.78664225
2021-06-06,12.34,85.68,12.5101216
2021-06-07,12.21,66.29,12.63457745
2021-06-08,9.24,86.62,9.6270834
2021-06-09,12.15,88.02,12.3048415
2021-06-10,10.34,96.92,10.4104704
2021-06-11,11.76,91.77,11.8840261
2021-06-12,10.97,91.61,11.132891850000002
2021-06-13,11.11,85.19,11.38613245
2021-06-14,10.26,83.68,10.6405824
2021-06-15,10.53,79.66,10.9741239
2021-06-16,9.04,88.49,9.3856453
2021-06-17,9.72,84.67,10.123025700000001
2021-06-18,10.24,95.07,10.355509900000001
2021-06-19,9.73,93.54,9.899478100000001
2021-06-20,9.11,92.15,9.34271325
2021-06-21,8.42,84.5,8.938320000000001
2021-06-22,9.9,81.88,10.358436000000001
2021-06-23,10.81,91.2,10.988596000000001
2021-06-24,11.11,84.31,11.402540049999999
2021-06-25,10.44,92.34,10.6110478
2021-06-26,9.92,85.52,10.2847512
2021-06-27,10.63,88.52,10.874351800000001
2021-06-28,8.6,86.8,9.02834
2021-06-29,9.26,89.25,9.569815
2021-06-30,11.01,90.95,11.18371475
2021-07-01,11.23,91.71,11.379095650000002
2021-07-02,9.46,87.91,9.795134800000001
2021-07-03,7.26,90.67,7.6315206
2021-07-04,8.45,92.8,8.68958
2021-07-05,8.36,90.62,8.6767626
2021-07-06,7.72,83.87,8.3214877
2021-07-07,7.94,78.2,8.726544
2021-07-08,7.71,73.88,8.6854514
2021-07-09,8.53,83.36,9.0763744
2021-07-10,8.16,90.04,8.507305200000001
2021-07-11,8.73,86.9,9.1457285
2021-07-12,9.86,82.5,10.3066
2021-07-13,9.55,90.95,9.796386250000001
2021-07-14,9.74,89.93,10.0036326
2021-07-15,10.59,88.5,10.8373075
2021-07-16,9.28,86.47,9.6684463
2021-07-17,9.68,89.9,9.947751
2021-07-18,9.16,87.01,9.5415163
2021-07-19,9.61,85.73,9.99379165
2021-07-20,8.04,84.67,8.5846749
2021-07-21,7.78,90.61,8.1270544
2021-07-22,7.21,84.07,7.848713350000001
2021-07-23,6.97,87.42,7.491000700000001
2021-07-24,7.74,86.1,8.256802
2021-07-25,9.07,85.86,9.492291100000001
2021-07-26,10.79,85.11,11.093830449999999
2021-07-27,12.32,66.58,12.720705800000001
2021-07-28,9.2,83.32,9.686222
2021-07-29,8.77,79.93,9.40250605
2021-07-30,10.76,66.46,11.4499178
2021-07-31,10.75,84.84,11.062675
2021-08-01,8.26,81.98,8.8784464
2021-08-02,9.09,77.32,9.7648434
2021-08-03,9.41,84.3,9.8495215
2021-08-04,11.02,89.63,11.2184818
2021-08-05,10.36,91.46,10.5544558
2021-08-06,10.11,89.24,10.3698002
2021-08-07,9.87,91.83,10.078049049999999
2021-08-08,9.81,82.56,10.2598648
2021-08-09,9.72,87.03,10.060981300000002
2021-08-10,12.75,62.03,13.11546125
2021-08-11,10.36,82.73,10.7532379
2021-08-12,9.96,86.88,10.287606400000001
2021-08-13,10.1,84.1,10.48478
2021-08-14,10.4,81.24,10.823038
2021-08-15,12.13,75.62,12.4477933
2021-08-16,10.37,87.89,10.64507865
2021-08-17,9.7,91.12,9.934432
2021-08-18,10.03,87.98,10.3255117
2021-08-19,10.83,81.56,11.2022114
2021-08-20,12.17,81.46,12.4075901
2021-08-21,11.74,83.55,11.989711
2021-08-22,13.59,74.1,13.7196295
2021-08-23,9.22,79.04,9.828678400000001
2021-08-24,9.13,81.95,9.66310675
2021-08-25,8.78,78.32,9.4620528
2021-08-26,7.74,87.01,8.2229682
2021-08-27,8.55,88.7,8.919792500000002
2021-08-28,10.6,74.67,11.143328499999999
2021-08-29,9.57,82.09,10.05562965
2021-08-30,11.33,72.37,11.81172905
2021-08-31,13.3,75.08,13.464472
2021-09-01,15.54,67.57,15.3545004
2021-09-02,18.06,61.02,17.2967716
2021-09-03,11.74,90.49,11.8843618
2021-09-04,10.27,82.67,10.67318245
2021-09-05,10.43,82.08,10.8311392
2021-09-06,10.61,81.03,11.01586315
2021-09-07,9.94,88.63,10.2251596
2021-09-08,12.42,78.03,12.6713368
2021-09-09,14.24,72.56,14.279239200000001
2021-09-10,12.94,68.82,13.2075244
2021-09-11,13.01,78.08,13.1896344
2021-09-12,9.4,79.74,9.968293000000001
2021-09-13,9.14,78.95,9.760554
2021-09-14,10.1,78.52,10.619816
2021-09-15,9.4,83.91,9.8513245
2021-09-16,10.87,76.89,11.33139115
2021-09-17,14.2,76.51,14.2387585
2021-09-18,10.19,74.79,10.78760305
2021-09-19,12.32,76.52,12.601525200000001
2021-09-20,8.9,81.05,9.48366
2021-09-21,10.87,82.06,11.2281721
2021-09-22,11.83,88.15,12.00401725
2021-09-23,12.92,77.62,13.1144822
2021-09-24,10.68,72.79,11.2516821
2021-09-25,8.95,73.02,9.773564499999999
2021-09-26,9.24,76.33,9.924773100000001
2021-09-27,11.86,74.17,12.2350516
2021-09-28,14.09,73.46,14.1498477
2021-09-29,13.62,87.03,13.682774799999999
2021-09-30,14.33,91.6,14.337854
2021-10-01,14.47,88.32,14.471927200000001
2021-10-02,13.25,91.88,13.305825
2021-10-03,14.21,82.37,14.23811985
2021-10-04,11.96,77.39,12.2758617
2021-10-05,11.29,78.3,11.6731135
2021-10-06,13.72,72.66,13.8372886
2021-10-07,11.34,72.32,11.821078400000001
2021-10-08,13.74,70.69,13.8625158
2021-10-09,14.33,72.1,14.3560865
2021-10-10,10.21,75.49,10.78831345
2021-10-11,9.53,77.99,10.13164335
2021-10-12,14.24,70.36,14.2823852
2021-10-13,13.74,81,13.819420000000001
2021-10-14,12.34,77.8,12.603736
2021-10-15,12.42,83.39,12.6100184
2021-10-16,11.33,84.06,11.6079139
2021-10-17,12.82,76.3,13.038988
2021-10-18,12.25,81.73,12.47609125
2021-10-19,12.25,84.4,12.44305
2021-10-20,16.58,74.24,16.285305599999997
2021-10-21,17.61,76.04,17.2001642
2021-10-22,16.99,82.13,16.74527035
2021-10-23,11.64,82.49,11.9154323
2021-10-24,11.64,71.41,12.0897207
2021-10-25,10.61,71.73,11.214836649999999
2021-10-26,13.4,76.96,13.539392000000001
2021-10-27,17.97,61.73,17.23961705
2021-10-28,17.46,73.22,17.0240216
2021-10-29,10.57,72.28,11.1691678
2021-10-30,11.33,73.28,11.7958632
2021-10-31,13.44,71.32,13.6072044
2021-11-01,15.33,77.31,15.22642015
2021-11-02,20.69,64.23,19.47221035
2021-11-03,15.9,89.53,15.819381
2021-11-04,14.17,84.71,14.19775135
2021-11-05,18.5,80.14,18.06308
2021-11-06,17.13,83.48,16.8910382
2021-11-07,12.22,78.5,12.48961
2021-11-08,12.42,72.89,12.7301384
2021-11-09,14.61,76.67,14.59588535
2021-11-10,11.11,79.05,11.50061275
2021-11-11,12.13,76.53,12.43593145
2021-11-12,11.44,90.23,11.604429099999999
2021-11-13,10.35,80.13,10.80353275
2021-11-14,10.55,76.24,11.066186
2021-11-15,10.63,72.79,11.20916485
2021-11-16,12.05,70.23,12.45115075
2021-11-17,14.16,74.1,14.208433
2021-11-18,17.44,69.88,16.9529596
2021-11-19,12.89,75.4,13.107833000000001
2021-11-20,12.65,72.63,12.92848975
2021-11-21,13.52,80.36,13.6258596
2021-11-22,16.49,77.64,16.2452698
2021-11-23,18.93,80.46,18.4539079
2021-11-24,17.7,84.54,17.427903999999998
2021-11-25,14.45,81.62,14.4550545
2021-11-26,14.58,69.31,14.5664964
2021-11-27,14.81,68.23,14.75583215
2021-11-28,15.71,72.82,15.5291171
2021-11-29,19.66,63.95,18.636901
2021-11-30,23.2,56.84,21.134794
2021-12-01,22.61,68.21,21.192007049999997
2021-12-02,18.44,73.81,17.8724627
2021-12-03,14.61,73.09,14.59371945
2021-12-04,13.86,66.86,13.9766528
2021-12-05,16.18,68.84,15.8920816
2021-12-06,18.88,71.61,18.1960849
2021-12-07,12.72,73.39,12.9805119
2021-12-08,13.56,80.05,13.6631415
2021-12-09,14.75,75.66,14.7165325
2021-12-10,14.96,75.8,14.898774000000001
2021-12-11,16.57,69.04,16.2175204
2021-12-12,20.35,61.3,19.1048275
2021-12-13,21.33,62.46,19.919809899999997
2021-12-14,17.02,80.04,16.7433544
2021-12-15,14.9,79.87,14.855714
2021-12-16,15.36,65.56,15.1970988
2021-12-17,24.41,44.77,21.39968885
2021-12-18,19.47,73.09,18.73441515
2021-12-19,15.14,67.46,15.0254592
2021-12-20,18.96,68.93,18.1978529
2021-12-21,18.02,71.91,17.4761776
2021-12-22,15.53,70.52,15.3629958
2021-12-23,15.78,69.64,15.5662656
2021-12-24,19.25,67.22,18.3936225
2021-12-25,16.35,69.7,16.0416975
2021-12-26,15.42,64,15.23784
2021-12-27,16.18,67.11,15.8760964
2021-12-28,17.14,70.55,16.712386
2021-12-29,17.51,71.91,17.04497005
2021-12-30,24.17,49.49,21.48362565
2021-12-31,27.87,38.03,23.31303605
2022-01-01,24.73,51.26,21.9876439
2022-01-02,20.39,66.65,19.30962675
2022-01-03,17.53,69.59,17.02321735
2022-01-04,20.45,77.67,19.71925075
2022-01-05,21.9,75.58,20.906105999999998
2022-01-06,24.42,73.04,22.949062400000003
2022-01-07,20.9,79.93,20.193535999999998
2022-01-08,17.44,80.43,17.123553100000002
2022-01-09,18.01,78.52,17.595328600000002
2022-01-10,21.5,72.05,20.423925
2022-01-11,21.86,70.94,20.6836512
2022-01-12,23.23,65.3,21.5638795
2022-01-13,25.69,62.72,23.3956024
2022-01-14,22.83,77.63,21.80511845
2022-01-15,19.52,73.65,18.7924765
2022-01-16,23.6,60.98,21.647049
2022-01-17,18.58,67.34,17.8471096
2022-01-18,18.12,70.42,17.5310622
2022-01-19,19.97,62.23,18.83368955
2022-01-20,22.28,55.59,20.3796961
2022-01-21,23.17,56.92,21.1157302
2022-01-22,24.8,54.36,22.214494
2022-01-23,25.52,54.66,22.7719426
2022-01-24,24.8,62.95,22.7011175
2022-01-25,24.65,65.74,22.737435499999997
2022-01-26,27.67,59.32,24.7233442
2022-01-27,26.8,67.35,24.5912275
2022-01-28,21.35,83.31,20.72120425
2022-01-29,20.02,80.49,19.4276764
2022-01-30,22.96,78.11,21.9414583
2022-01-31,25.58,58.4,23.044895999999998
2022-02-01,17.73,63.91,17.08886115
2022-02-02,16.1,67.32,15.812416
2022-02-03,16.17,71.37,15.907033450000002
2022-02-04,18.75,67.58,17.9921825
2022-02-05,20.46,61.52,19.1986256
2022-02-06,21.19,59.57,19.70237815
2022-02-07,21.85,58.7,20.1804475
2022-02-08,23.58,51.9,21.177885999999997
2022-02-09,20.4,74.65,19.5773925
2022-02-10,18.67,63.63,17.835854050000002
2022-02-11,17.76,70.83,17.2369819
2022-02-12,22.61,58.31,20.750417549999998
2022-02-13,25.14,59.04,22.7430208
2022-02-14,21.89,66.83,20.54180535
2022-02-15,18.77,71.72,18.1058442
2022-02-16,19.39,82.62,18.9225649
2022-02-17,18.8,66.42,18.005833
2022-02-18,17.39,61.3,16.7748635
2022-02-19,17.71,65.77,17.10566935
2022-02-20,18.86,64.31,18.0041538
2022-02-21,16.22,61.44,15.855222399999999
2022-02-22,18.92,71.49,18.2269219
2022-02-23,23.67,71.43,22.229072050000003
2022-02-24,19.35,75.09,18.68552575
2022-02-25,19.67,75.19,18.96452765
2022-02-26,21.68,72.76,20.6042924
2022-02-27,20.71,79.39,20.00606545
2022-02-28,20.35,81.14,19.7431795
2022-03-01,22.27,78.57,21.354188949999998
2022-03-02,22.82,70.65,21.476944
2022-03-03,23.5,66.1,21.821949999999998
2022-03-04,22.86,76.49,21.7790102
2022-03-05,18.54,87.06,18.252473199999997
2022-03-06,17.91,80.19,17.53846345
2022-03-07,18.9,81.63,18.455446
2022-03-08,17.24,74,16.84818
2022-03-09,16.34,69.47,16.0310364
2022-03-10,16.46,72.86,16.1674308
2022-03-11,15.88,72.79,15.6734761
2022-03-12,17.49,75.63,17.08923535
2022-03-13,22.44,66.97,20.9975799
2022-03-14,22.32,70.74,21.0615274
2022-03-15,20.65,82.84,20.069563
2022-03-16,19.13,82.26,18.6782509
2022-03-17,20.99,78.8,20.233265999999997
2022-03-18,17.32,78.4,16.984984
2022-03-19,22.66,63.84,21.0371392
2022-03-20,19.21,80.42,18.702780100000002
2022-03-21,20.32,75.01,19.5200701
2022-03-22,17.1,82.25,16.846175000000002
2022-03-23,16.01,65.71,15.72522155
2022-03-24,16.04,72.92,15.8106324
2022-03-25,16.37,77.06,16.1340621
2022-03-26,18.11,76.92,17.6517466
2022-03-27,21.88,57.14,20.140312599999998
2022-03-28,18.15,77.9,17.706342499999998
2022-03-29,16.65,74.56,16.349172
2022-03-30,16.7,74.79,16.394959
2022-03-31,16.12,65.48,15.8124268
2022-04-01,15.86,69.12,15.6290176
2022-04-02,15.58,86.8,15.501592
2022-04-03,15.56,87.53,15.4872999
2022-04-04,15.44,79.67,15.334893899999999
2022-04-05,16.1,80.11,15.924968000000002
2022-04-06,16.21,81.54,16.036383700000002
2022-04-07,16.91,77.82,16.6160041
2022-04-08,18.37,76.05,17.86022425
2022-04-09,19.21,75.36,18.571700800000002
2022-04-10,19.75,69.05,18.85631875
2022-04-11,14.76,65.57,14.7107651
2022-04-12,14.72,74.63,14.689302300000001
2022-04-13,15.31,81.87,15.22923085
2022-04-14,18.56,64.61,17.7697413
2022-04-15,18.39,66.32,17.6694164
2022-04-16,19.84,56.67,18.5673979
2022-04-17,20.28,70.07,19.3285253
2022-04-18,15.43,92.65,15.392404749999999
2022-04-19,12.49,90.98,12.5897161
2022-04-20,14.51,79.88,14.5088934
2022-04-21,13.05,68.83,13.298580750000001
2022-04-22,12.93,72.53,13.16720345
2022-04-23,13.56,78.92,13.6689836
2022-04-24,13.15,83.69,13.27110175
2022-04-25,15.99,76.43,15.79684385
2022-04-26,17.4,73.68,16.980196
2022-04-27,17.29,76.64,16.9315408
2022-04-28,16.96,85.98,16.770309400000002
2022-04-29,16.73,82.33,16.51327745
2022-04-30,13.49,73.83,13.635374350000001
2022-05-01,15.39,77.54,15.2800583
2022-05-02,15.4,76.85,15.2854075
2022-05-03,15.1,71.74,15.006742
2022-05-04,10.65,82.88,11.012516000000002
2022-05-05,10.01,77.24,10.5720582
2022-05-06,11.39,77.14,11.781020300000002
2022-05-07,12.21,88.88,12.350056400000001
2022-05-08,12.97,76.26,13.169772100000001
2022-05-09,11.65,77.96,11.995477000000001
2022-05-10,13.84,81.68,13.9065016
2022-05-11,15.8,73.23,15.6085945
2022-05-12,15.34,83.62,15.2643244
2022-05-13,15.96,90.03,15.879940900000001
2022-05-14,14.5,89.07,14.5
2022-05-15,14.87,77.14,14.823479899999999
2022-05-16,11.23,81.98,11.5540897
2022-05-17,11.96,77.5,12.274325000000001
2022-05-18,11.26,79.24,11.6299432
2022-05-19,12.37,74.75,12.66580375
2022-05-20,10.96,80.03,11.348815900000002
2022-05-21,10.31,88.44,10.5764002
2022-05-22,9.23,87.51,9.59202265
2022-05-23,10.76,80.74,11.1561782
2022-05-24,11.73,76.46,12.088631900000001
2022-05-25,13.73,78.01,13.82312765
2022-05-26,13.1,91.3,13.16699
2022-05-27,11.5,88.06,11.69701
2022-05-28,11.05,78.29,11.461947250000001
2022-05-29,10.66,83.27,11.0133376
2022-05-30,9.33,88.55,9.65558075
2022-05-31,8.13,89.38,8.502071700000002
2022-06-01,9.35,86.38,9.7357865
2022-06-02,8.48,75.57,9.288877300000001
2022-06-03,8.85,81.38,9.4286165
2022-06-04,11.27,81.43,11.59989605
2022-06-05,9.44,86.42,9.817931399999999
2022-06-06,8.88,85.76,9.3201584
2022-06-07,9.25,83.56,9.724705
2022-06-08,10.29,87.22,10.5859209
2022-06-09,10.74,89.6,10.955072000000001
2022-06-10,10.07,83.72,10.4666622
2022-06-11,11.12,83.87,11.419856699999999
2022-06-12,10.7,87.7,10.95707
2022-06-13,9.64,88.17,9.9562159
2022-06-14,9.77,76.44,10.3829134
2022-06-15,10.46,88.23,10.721529400000001
2022-06-16,10.9,94.46,11.009692000000001
2022-06-17,10.45,92.81,10.61015725
2022-06-18,9.53,89.86,9.8071769
2022-06-19,10.79,82.47,11.14769965
2022-06-20,12.62,82.03,12.805809799999999
2022-06-21,10.29,84.44,10.6502918
2022-06-22,11.74,88.7,11.911534
2022-06-23,13.35,79.68,13.478524
2022-06-24,10.36,83.43,10.737298899999999
2022-06-25,11.24,81.08,11.5792356
2022-06-26,8.89,87.05,9.28957225
2022-06-27,8.71,82.74,9.2596447
2022-06-28,7.75,82.4,8.4034
2022-06-29,7.15,83.13,7.831969750000001
2022-06-30,9.45,85.97,9.83968325
2022-07-01,9,89.67,9.3124825
2022-07-02,8.97,87.72,9.3434962
2022-07-03,8.19,79.82,8.8903469
2022-07-04,9.42,90.76,9.6781656
2022-07-05,7.96,88.49,8.3740147
2022-07-06,9.73,79.69,10.26283285
2022-07-07,10.06,84.16,10.4468128
2022-07-08,9.26,90.06,9.5464708
2022-07-09,8.51,94.45,8.69284475
2022-07-10,8.92,81.94,9.4742614
2022-07-11,9.13,86.28,9.535220200000001
2022-07-12,8.23,88.77,8.61726655
2022-07-13,8.48,86.3,8.933607
2022-07-14,8.78,89.87,9.098689799999999
2022-07-15,9.55,80.66,10.076531500000002
2022-07-16,10.31,69.8,11.005959
2022-07-17,8.93,86.18,9.353375699999999
2022-07-18,7.41,82.74,8.0830537
2022-07-19,5.78,85.68,6.466787200000001
2022-07-20,6.41,84.05,7.119695250000001
2022-07-21,8.26,85.13,8.7703384
2022-07-22,11.11,77.69,11.52596995
2022-07-23,11.08,89.95,11.269040500000001
2022-07-24,11.26,91.34,11.4143212
2022-07-25,10.35,90.11,10.57573925
2022-07-26,9.67,87.4,10.004719
2022-07-27,10.44,88.35,10.7001445
2022-07-28,8.6,86.36,9.042618000000001
2022-07-29,6.95,82.54,7.6750265
2022-07-30,9.07,68.95,9.99730825
2022-07-31,9.13,85.69,9.552645850000001
2022-08-01,10.28,83.59,10.6608761
2022-08-02,12.22,68.71,12.612376600000001
2022-08-03,13.25,75.35,13.41946875
2022-08-04,12.63,71.72,12.9208598
2022-08-05,9.72,89.52,9.9955192
2022-08-06,9.82,85.59,10.190913400000001
2022-08-07,9.63,86.16,10.000704400000002
2022-08-08,9.31,80.49,9.866912950000001
2022-08-09,7.58,85.22,8.1425268
2022-08-10,9.87,77.58,10.4409253
2022-08-11,9.6,89.77,9.8756985
2022-08-12,9.84,88.63,10.1314131
2022-08-13,10.79,86.61,11.06322295
2022-08-14,10.61,89.9,10.8260895
2022-08-15,10.67,86.46,10.9552201
2022-08-16,10.04,89.29,10.3027163
2022-08-17,11.5,82.21,11.793535
2022-08-18,10.52,86.5,10.815515
2022-08-19,11.19,78.8,11.575946
2022-08-20,8.83,73.73,9.64922995
2022-08-21,9.59,71.8,10.351541000000001
2022-08-22,9.19,83.71,9.66574945
2022-08-23,8.45,84.06,8.9804035
2022-08-24,10.55,91.24,10.740311000000002
2022-08-25,10.77,93.1,10.9115535
2022-08-26,9.96,91.66,10.168249800000002
2022-08-27,12.14,80.64,12.3912928
2022-08-28,14.11,78.6,14.155903
2022-08-29,12.08,89.84,12.2152296
2022-08-30,9.55,88.23,9.870438250000001
2022-08-31,9.86,79.19,10.391071199999999
2022-09-01,10.25,81.76,10.67636
2022-09-02,8.86,84.41,9.3436018
2022-09-03,9.77,87.05,10.10689425
2022-09-04,9.65,83.58,10.088003500000001
2022-09-05,8.95,82.62,9.4805245
2022-09-06,11.28,78.65,11.658108499999999
2022-09-07,13.52,79.1,13.632651
2022-09-08,12.87,88.84,12.970049399999999
2022-09-09,13.35,84.9,13.4455075
2022-09-10,10.8,81.48,11.176882
2022-09-11,10.57,83.72,10.9218922
2022-09-12,8.81,77.24,9.522274200000002
2022-09-13,8.05,79.97,8.760564250000002
2022-09-14,12.38,75.76,12.6626384
2022-09-15,11.39,90.68,11.549418600000001
2022-09-16,11.29,85.13,11.552529849999999
2022-09-17,10.91,85.37,11.19886935
2022-09-18,10.87,86.1,11.1475135
2022-09-19,11.41,80.81,11.73613405
2022-09-20,13.36,76.84,13.5052132
2022-09-21,13.6,87.02,13.664251
2022-09-22,13.7,87.16,13.756496
2022-09-23,11.32,88.24,11.5256824
2022-09-24,10.22,78.3,10.730818000000001
2022-09-25,12.5,75.48,12.76972
2022-09-26,12.04,90.2,12.172594
2022-09-27,13.19,91.06,13.2544127
2022-09-28,11.6,85.63,11.8292015
2022-09-29,12.01,86.31,12.19748455
2022-09-30,12.2,82.22,12.424916999999999
2022-10-01,12.12,80.72,12.372375199999999
2022-10-02,11.73,79.25,12.04612625
2022-10-03,13.57,80.43,13.67010055
2022-10-04,12.09,79.29,12.36451105
2022-10-05,12.7,88.62,12.812662
2022-10-06,16.48,88.42,16.3538938
2022-10-07,12.82,87.1,12.939196
2022-10-08,10.1,74.43,10.718793999999999
2022-10-09,10.68,67.06,11.3720694
2022-10-10,11.57,76.19,11.953698150000001
2022-10-11,15.1,81.26,15.038158
2022-10-12,15.97,90.33,15.891818050000001
2022-10-13,12.85,89.94,12.9412945
2022-10-14,12.07,83.93,12.28477555
2022-10-15,13.29,81.94,13.410189299999999
2022-10-16,11.47,76.89,11.85512815
2022-10-17,11.04,80.82,11.404995399999999
2022-10-18,14.46,71.55,14.466259
2022-10-19,14.09,80.35,14.13431075
2022-10-20,15.86,84.93,15.747276399999999
2022-10-21,18.68,89.25,18.4328575
2022-10-22,14.62,92.93,14.615333799999998
2022-10-23,15.02,85.68,14.979044799999999
2022-10-24,16.63,89.15,16.50289225
2022-10-25,17.23,86.18,17.0224927
2022-10-26,15.61,89.21,15.54412705
2022-10-27,13.76,87.88,13.8093284
2022-10-28,11.43,87.19,11.64629685
2022-10-29,12.43,79.2,12.666808
2022-10-30,16.93,77.94,16.635168099999998
2022-10-31,11.72,84.71,11.9537841
2022-11-01,8.99,83.28,9.496699600000001
2022-11-02,11.19,80.6,11.543177
2022-11-03,11.98,82.84,12.217837600000001
2022-11-04,13.08,82.78,13.2144882
2022-11-05,17.24,76.37,16.8838959
2022-11-06,18.95,77.28,18.393928
2022-11-07,19.03,80.13,18.53493895
2022-11-08,19.89,78.65,19.25707925
2022-11-09,20.89,77.58,20.1020491
2022-11-10,18.93,86.82,18.6088693
2022-11-11,15.72,86.94,15.6323674
2022-11-12,16.29,86.67,16.158766149999998
2022-11-13,17.52,87.84,17.3180224
2022-11-14,12.18,79.2,12.445408
2022-11-15,9.99,77.53,10.547368350000001
2022-11-16,11.6,76.85,11.9692425
2022-11-17,12.21,79.78,12.464670900000002
2022-11-18,16.69,73.32,16.3686394
2022-11-19,15.86,84.11,15.741142799999999
2022-11-20,12.12,76.44,12.4284004
2022-11-21,10.1,81.42,10.549636
2022-11-22,13.25,84.6,13.355875
2022-11-23,13.48,82.88,13.5760432
2022-11-24,13.73,79.81,13.815504650000001
2022-11-25,14.94,78.08,14.8869536
2022-11-26,18.07,81.45,17.70577075
2022-11-27,12.89,76.78,13.095613100000001
2022-11-28,13.98,79.68,14.0381152
2022-11-29,13.67,73.9,13.7891465
2022-11-30,14.3,82.08,14.319712000000001
2022-12-01,14.06,79.77,14.1089566
2022-12-02,17.2,80.69,16.9132465
2022-12-03,21.48,71.1,20.370529
2022-12-04,21.61,71.07,20.47869235
2022-12-05,14.42,85.41,14.4264196
2022-12-06,15.27,71.89,15.15095415
2022-12-07,13.18,75.69,13.356490599999999
2022-12-08,12.27,70.77,12.62850595
2022-12-09,12.72,69.64,13.0172244
2022-12-10,19.03,64.9,18.1554835
2022-12-11,16.99,82.09,16.74472255
2022-12-12,12.96,79.56,13.133126800000001
2022-12-13,12.38,76.6,12.652844000000002
2022-12-14,12.69,76.06,12.928322699999999
2022-12-15,12.99,75.77,13.19123015
2022-12-16,14.44,76.44,14.4477748
2022-12-17,15.07,74.67,14.990590450000001
2022-12-18,15.53,72.72,15.375458799999999
2022-12-19,16.05,68.84,15.784361
2022-12-20,17.92,70,17.355700000000002
2022-12-21,20.73,67.95,19.63180675
2022-12-22,19.61,77.07,18.96555235
2022-12-23,18.55,78.26,18.0657415
2022-12-24,17.14,73.4,16.753768
2022-12-25,21.77,67.37,20.46528945
2022-12-26,23.29,74.89,22.07605705
2022-12-27,27.2,54.77,24.040684499999998
2022-12-28,16.63,70.9,16.2890935
2022-12-29,16.88,69.78,16.4844202
2022-12-30,21.39,72.39,20.34371905
2022-12-31,23.18,73.31,21.9058194
2023-01-01,27.32,55.22,24.1625622
2023-01-02,20.08,74.67,19.3026223
2023-01-03,15.88,71.59,15.6643681
2023-01-04,15.74,79.43,15.5997126
2023-01-05,17.38,70.66,16.9152544
2023-01-06,19.05,62.85,18.12032125
2023-01-07,21.47,58.12,19.864530199999997
2023-01-08,24.31,50.63,21.64624165
2023-01-09,19.49,72.27,18.72895015
2023-01-10,19.52,74.92,18.8275412
2023-01-11,22.77,68.51,21.33767735
2023-01-12,20.44,79.08,19.7565436
2023-01-13,21.51,79.84,20.7327312
2023-01-14,25.37,54.86,22.6713051
2023-01-15,17.13,67.01,16.65279965
2023-01-16,22.87,68.1,21.4014835
2023-01-17,25.87,64.89,23.67439615
2023-01-18,15.99,68.13,15.72882535
2023-01-19,16.25,61.76,15.88194
2023-01-20,17.95,64.54,17.2771465
2023-01-21,19.59,73.1,18.836934499999998
2023-01-22,19.64,78.15,19.0223005
2023-01-23,21.77,66.43,20.42770355
2023-01-24,20.94,76.59,20.1108178
2023-01-25,21.14,66.41,19.9132932
2023-01-26,16.87,67.16,16.4419306
2023-01-27,21.88,47.64,19.7547076
2023-01-28,23.13,64.64,21.451637599999998
2023-01-29,18.59,77.19,18.07688905
2023-01-30,18.03,71.05,17.467935750000002
2023-01-31,17.75,68.86,17.1933725
2023-02-01,15.69,66.9,15.4733605
2023-02-02,14.22,73.42,14.2609332
2023-02-03,13.8,78.25,13.8837375
2023-02-04,16.45,70.82,16.1370445
2023-02-05,16.38,74.59,16.117260599999998
2023-02-06,17.33,76.1,16.957996499999997
2023-02-07,16.87,73.34,16.5224869
2023-02-08,17.32,75.77,16.9441927
2023-02-09,21.06,71.85,20.044348
2023-02-10,21.75,68.8,20.5059
2023-02-11,20.93,69.65,19.85667225
2023-02-12,16.66,62.56,16.2152128
2023-02-13,16.87,68.84,16.4638294
2023-02-14,17.58,67.87,17.035717799999997
2023-02-15,24.75,57.21,22.33771375
2023-02-16,27.39,49.81,23.83177995
2023-02-17,22.16,66.02,20.7284226
2023-02-18,18.78,70.35,18.082039
2023-02-19,19.48,71.06,18.6873334
2023-02-20,19.82,70.36,18.9527336
2023-02-21,17.98,67.37,17.3554618
2023-02-22,23.09,54.78,20.9535811
2023-02-23,24.5,47.66,21.621299999999998
2023-02-24,25.59,42.89,22.10657555
2023-02-25,20.08,72.16,19.225590399999998
2023-02-26,19.12,73.39,18.4438399
2023-02-27,17.73,76.08,17.3050612
2023-02-28,15.9,79.51,15.742227
2023-03-01,17.14,71.28,16.7229856
2023-03-02,17.22,73.8,16.828048
2023-03-03,17.72,78.47,17.3387037
2023-03-04,23.07,49.79,20.70335165
2023-03-05,21.82,62.42,20.3070292
2023-03-06,19.25,57.47,18.13890375
2023-03-07,17.24,60.14,16.6393098
2023-03-08,15.31,64.28,15.150867400000001
2023-03-09,17.45,72.36,17.001541
2023-03-10,18.23,73.34,17.683070100000002
2023-03-11,17.93,71,17.382915
2023-03-12,16.3,75.24,16.054876
2023-03-13,18.07,71.73,17.51491855
2023-03-14,22.06,68.84,20.7643672
2023-03-15,20.81,62.96,19.524526799999997
2023-03-16,19.78,73.94,19.023217600000002
2023-03-17,19.56,54.02,18.2803766
2023-03-18,22.05,64.68,20.583337
2023-03-19,16.05,72.56,15.816074
2023-03-20,16.44,62.23,16.0369941
2023-03-21,18.06,83.74,17.7416292
2023-03-22,18.03,85.16,17.7418814
2023-03-23,17.95,82.13,17.610916749999998
2023-03-24,15.65,75.04,15.492128000000001
2023-03-25,15.15,75.05,15.06080375
2023-03-26,16.11,77.77,15.91315335
2023-03-27,17.17,86.96,16.9785076
2023-03-28,17.45,81.05,17.14253625
2023-03-29,14.83,82.23,14.79774745
2023-03-30,15.11,80.6,15.044913
2023-03-31,14.01,77.41,14.07088005
2023-04-01,14.45,65.06,14.4596085
2023-04-02,13.91,75,13.991125
2023-04-03,17.75,71.82,17.2462825
2023-04-04,17.47,78.77,17.123207949999998
2023-04-05,15.43,81.21,15.33388915
2023-04-06,18.35,77.06,17.864245500000003
2023-04-07,16.17,88.07,16.060422950000003
2023-04-08,13.69,74.7,13.8027115
2023-04-09,13.42,73.01,13.5803206
2023-04-10,13.25,79.56,13.390525
2023-04-11,15.67,70.06,15.4773361
2023-04-12,15.07,83.98,15.0197773
2023-04-13,15.51,85.09,15.42717495
2023-04-14,17.82,66.5,17.20829
2023-04-15,15.01,86.78,14.9729179
2023-04-16,12.7,80.55,12.892555
2023-04-17,16.44,76.1,16.184987
2023-04-18,17.01,73.75,16.64761875
2023-04-19,13.11,70.78,13.333386899999999
2023-04-20,15.13,79.62,15.0593833
2023-04-21,16.18,82.71,16.0202404
2023-04-22,15.73,82.9,15.6143185
2023-04-23,14.43,84.1,14.4361215
2023-04-24,17.42,77.04,17.051262400000002
2023-04-25,18.02,66.52,17.3718272
2023-04-26,18.12,67.81,17.4790971
2023-04-27,18.09,76.76,17.6311262
2023-04-28,13.02,75.65,13.218209
2023-04-29,12.05,70.53,12.447108250000001
2023-04-30,12.91,62.1,13.2414355
2023-05-01,14.26,77.77,14.2893436
2023-05-02,14.53,75.82,14.5260103
2023-05-03,12.79,76.02,13.0155319
2023-05-04,12.07,67.5,12.504362500000001
2023-05-05,12.85,76.97,13.058997249999999
2023-05-06,9.97,75.17,10.58863945
2023-05-07,10.46,75.17,11.0117226
2023-05-08,12.6,83.32,12.774306
2023-05-09,12.52,87.02,12.6613522
2023-05-10,12.03,85,12.233775
2023-05-11,12.01,80.3,12.2797915
2023-05-12,12.84,83.96,12.9864452
2023-05-13,11.78,81.07,12.0631928
2023-05-14,13.63,72.85,13.759912750000002
2023-05-15,14.25,72.41,14.28793625
2023-05-16,9.88,75.21,10.5099139
2023-05-17,10.7,71.89,11.287499
2023-05-18,10.89,80.37,11.27975365
2023-05-19,10.82,87.37,11.0756312
2023-05-20,11.84,81.49,12.1108013
2023-05-21,10.43,79.92,10.8794908
2023-05-22,10.92,83.39,11.2470509
2023-05-23,10.6,83.71,10.9494205
2023-05-24,13.15,63.5,13.4210125
2023-05-25,10.45,82.97,10.829343249999999
2023-05-26,10.53,88.61,10.77870065
2023-05-27,11.76,76.52,12.1138436
2023-05-28,10.96,90.1,11.152753
2023-05-29,12.56,85.09,12.719089700000001
2023-05-30,14.38,82.57,14.3915038
2023-05-31,14.12,79.81,14.1621971
2023-06-01,10.81,68.8,11.443204000000001
2023-06-02,10.98,74.75,11.46884
2023-06-03,10.48,94.64,10.5985096
2023-06-04,12.57,88.12,12.696106200000001
2023-06-05,14.12,82.82,14.155906199999999
2023-06-06,13.51,90.63,13.56101965
2023-06-07,14.74,91.22,14.7284104
2023-06-08,11.89,81.33,12.15800785
2023-06-09,9.53,80.46,10.0641259
2023-06-10,11.02,84.61,11.3145646
2023-06-11,10.89,79.17,11.303579650000001
2023-06-12,10.36,82.56,10.7571088
2023-06-13,10.87,86.58,11.137930299999999
2023-06-14,10.62,80.46,11.0369836
2023-06-15,11.35,86.46,11.5845805
2023-06-16,11.9,66.76,12.375332
2023-06-17,10.55,77.69,11.03468475
2023-06-18,10.17,76.14,10.7382259
2023-06-19,7.64,85.79,8.1761433
2023-06-20,8.37,77.23,9.13769055
2023-06-21,7.84,76.88,8.6868856
2023-06-22,8.38,79.2,9.080128000000002
2023-06-23,7.87,89.91,8.23793185
2023-06-24,8.97,80.7,9.557009500000001
2023-06-25,10.55,84.56,10.885434
2023-06-26,9.44,91.02,9.6899134
2023-06-27,10.3,86.47,10.612543
2023-06-28,9.01,85.39,9.45114895
2023-06-29,10.29,88,10.56786
2023-06-30,10.68,90.82,10.8728718
2023-07-01,10.67,87.07,10.94237045
2023-07-02,10.04,86.69,10.3664943
2023-07-03,9.86,85.62,10.2269776
2023-07-04,10.48,94.06,10.611333400000001
2023-07-05,9.82,86.07,10.178558200000001
2023-07-06,10.05,83.5,10.4538375
2023-07-07,10.85,75.84,11.335011999999999
2023-07-08,10.83,79.77,11.23834255
2023-07-09,10.8,87.64,11.051526
2023-07-10,11.72,82.64,11.9854344
2023-07-11,11.56,85.33,11.797213900000001
2023-07-12,10.8,78.94,11.228571
2023-07-13,11.61,71.27,12.066663349999999
2023-07-14,10.19,70.23,10.89569785
2023-07-15,8.19,88.12,8.6022954
2023-07-16,8.51,88.52,8.8882086
2023-07-17,8.38,80.61,9.032667400000001
2023-07-18,9.65,80.46,10.1712295
2023-07-19,9.03,74.5,9.7971675
2023-07-20,8.91,83.74,9.4099137
2023-07-21,8.64,85.16,9.1182932
2023-07-22,9.62,86.61,9.979387599999999
2023-07-23,9.32,86.18,9.7137318
2023-07-24,10.63,92.49,10.789850350000002
2023-07-25,9.72,87.68,10.0438928
2023-07-26,8.68,86.73,9.1047727
2023-07-27,12.5,76.79,12.75531
2023-07-28,12.26,85.51,12.4385168
2023-07-29,11.69,82.46,11.9610807
2023-07-30,11.22,83.66,11.514773600000002
2023-07-31,11.95,81.38,12.211145499999999
2023-08-01,10.07,82.22,10.503209700000001
2023-08-02,10.19,84.91,10.54770845
2023-08-03,13.83,63.22,13.9655343
2023-08-04,11.88,80.38,12.162724200000001
2023-08-05,10.2,85.79,10.536066499999999
2023-08-06,10.42,85.91,10.7361796
2023-08-07,9.55,90.6,9.805915
2023-08-08,9.12,84.75,9.5712475
2023-08-09,12.78,71.76,13.0471504
2023-08-10,10.24,84.75,10.597307500000001
2023-08-11,11.15,76.34,11.5859355
2023-08-12,10.59,83.24,10.9504238
2023-08-13,8.43,83.62,8.9768463
2023-08-14,8.56,78.48,9.2630584
2023-08-15,8.25,79.25,8.963281250000001
2023-08-16,8.73,72.25,9.61064625
2023-08-17,9.78,74.88,10.4321152
2023-08-18,9.23,82.08,9.7494112
2023-08-19,12.73,89.09,12.83620885
2023-08-20,12.52,86.24,12.669846399999999
2023-08-21,13.99,82.63,14.038722850000001
2023-08-22,9.47,89.79,9.75245965
2023-08-23,11.06,81.53,11.409452400000001
2023-08-24,12.21,72.51,12.556236550000001
2023-08-25,12.62,77.95,12.847997
2023-08-26,11.1,84.09,11.397517
2023-08-27,11.37,87.23,11.58983555
2023-08-28,13.61,78.59,13.71480195
2023-08-29,15.16,75.52,15.0711376
2023-08-30,10.31,86.11,10.630095050000001
2023-08-31,11.78,83.08,12.0331232
2023-09-01,9.85,84.03,10.25843275
2023-09-02,10.88,78.82,11.3016938
2023-09-03,12.61,69.02,12.9320371
2023-09-04,11.7,76.49,12.062054
2023-09-05,9.44,71.32,10.2381644
2023-09-06,13.59,62.06,13.7798897
2023-09-07,12.95,71.05,13.19679875
2023-09-08,8.56,81.07,9.1784431
2023-09-09,10.39,81.12,10.816782400000001
2023-09-10,11.38,82.49,11.6804716
2023-09-11,12.42,76.14,12.6929584
2023-09-12,14.7,65.5,14.662049999999999
2023-09-13,16.33,55.13,15.87838345
2023-09-14,16.99,63.54,16.490680299999998
2023-09-15,15.37,64.93,15.202190049999999
2023-09-16,16.49,65.44,16.1117408
2023-09-17,15.17,78.27,15.08992495
2023-09-18,16.17,80.8,15.993648000000002
2023-09-19,17.83,61.8,17.130367
2023-09-20,11.95,74.1,12.3132475
2023-09-21,10.82,73.21,11.362229600000001
2023-09-22,10.66,75.44,11.1787072
2023-09-23,12.03,76.86,12.3443569
2023-09-24,16.33,59.28,15.920153199999998
2023-09-25,13.78,73.59,13.8845836
2023-09-26,12.89,79.95,13.067542750000001
2023-09-27,12.39,75.57,12.67351015
2023-09-28,14.55,62.18,14.539599500000001
2023-09-29,19.06,47.28,17.7377824
2023-09-30,21,40.17,18.8610775
2023-10-01,13.08,69.58,13.3175802
2023-10-02,20.65,56.61,19.18233325
2023-10-03,12.78,90.08,12.8738432
2023-10-04,10.75,83.8,11.084125
2023-10-05,12.37,76.33,12.64729405
2023-10-06,11.39,68.02,11.9370179
2023-10-07,11.11,73.26,11.608567299999999
2023-10-08,11.65,74.61,12.047988250000001
2023-10-09,11.64,76.41,12.011070700000001
2023-10-10,12.44,78.51,12.6834817
2023-10-11,18,58.62,17.203435
2023-10-12,12.29,82.27,12.505508149999999
2023-10-13,13.5,85.21,13.581345
2023-10-14,12.47,77.14,12.7252319
2023-10-15,12.35,80.33,12.58259775
2023-10-16,11.46,72.64,11.917459200000001
2023-10-17,12.41,76.59,12.679097950000001
2023-10-18,16.74,63.94,16.295740799999997
2023-10-19,19.03,62.58,18.0976807
2023-10-20,20.71,61.47,19.39400785
2023-10-21,15.64,67.02,15.4332154
2023-10-22,12.65,78.1,12.872832500000001
2023-10-23,14.36,64.87,14.3870501
2023-10-24,14.2,61.99,14.2627165
2023-10-25,10.61,71.22,11.2257481
2023-10-26,12.03,67.97,12.46512755
2023-10-27,14.19,65.95,14.24805525
2023-10-28,15.35,65.95,15.19081625
2023-10-29,15.75,68.09,15.53061875
2023-10-30,14.49,67.89,14.49176605
2023-10-31,12.82,66.27,13.1316652
2023-11-01,13.33,69.48,13.5263962
2023-11-02,13.42,72.93,13.5807958
2023-11-03,13.49,70.74,13.6525393
2023-11-04,14.63,72.98,14.610680700000001
2023-11-05,17.67,68.85,17.12689975
2023-11-06,21.55,64.77,20.18395675
2023-11-07,22.43,62.75,20.805341249999998
2023-11-08,18.11,76.99,17.653136449999998
2023-11-09,18.06,74.98,17.5701084
2023-11-10,24.41,43.23,21.31575115
2023-11-11,14.15,68.69,14.21027175
2023-11-12,14.68,64.53,14.6448847
2023-11-13,14.59,67.57,14.57394715
2023-11-14,13.85,74.75,13.94026875
2023-11-15,14.3,73.08,14.329612000000001
2023-11-16,13.89,65.77,14.004841650000001
2023-11-17,14.43,69.99,14.44155385
2023-11-18,14.79,75.55,14.751002249999999
2023-11-19,16.43,74.43,16.15857445
2023-11-20,15.54,75.52,15.3999744
2023-11-21,16.09,71.45,15.84033025
2023-11-22,15.96,75.46,15.7629438
2023-11-23,19.54,71.59,18.752474799999998
2023-11-24,21.07,75.93,20.20023055
2023-11-25,18.41,79.01,17.95861005
2023-11-26,16.01,83.7,15.874628500000002
2023-11-27,16.04,80.76,15.877037199999998
2023-11-28,18.94,78.15,18.406423
2023-11-29,15.44,86.49,15.3701533
2023-11-30,15.23,85.83,15.17310745
2023-12-01,17.24,84.99,17.0137993
2023-12-02,15.15,88.74,15.1097455
2023-12-03,17.77,76,17.338359999999998
2023-12-04,21.61,59.88,20.041107399999998
2023-12-05,18.28,68,17.614720000000002
2023-12-06,16.7,68.12,16.314252
2023-12-07,21.46,63.97,20.0807716
2023-12-08,23.45,76.66,22.3010885
2023-12-09,14.88,83.28,14.845055200000001
2023-12-10,17.61,84.91,17.35188555
2023-12-11,18.62,92.6,18.452316
2023-12-12,26,69.99,24.101867499999997
2023-12-13,22.91,67.95,21.42752725
2023-12-14,18.21,68.46,17.5664263
2023-12-15,16.89,65.6,16.437812
2023-12-16,16.91,65.72,16.4556186
2023-12-17,19.1,60.27,18.094831
2023-12-18,20.76,69.45,19.7081635
2023-12-19,14.9,67.01,14.827422
2023-12-20,16.86,70.7,16.479686
2023-12-21,18.37,62.66,17.5752181
2023-12-22,17.51,63.37,16.90359035
2023-12-23,17.07,71.85,16.67209975
2023-12-24,17.9,79.2,17.511039999999998
2023-12-25,18.88,86.67,18.5588803
2023-12-26,19.36,89.12,19.0691776
2023-12-27,19.07,86.94,18.7417369
2023-12-28,16.65,78.37,16.394225249999998
2023-12-29,15.83,72.18,15.6264967
2023-12-30,15.53,65.63,15.335293949999999
2023-12-31,16.44,73.22,16.154257400000002
2024-01-01,18.99,78.85,18.46770075
2024-01-02,22.12,83.89,21.444829900000002
2024-01-03,20.17,86.55,19.750561750000003
2024-01-04,19.74,82.16,19.225851199999997
2024-01-05,21.15,74.3,20.210022499999997
2024-01-06,24.78,68.98,23.0261292
2024-01-07,21.28,90.53,20.926863700000002
2024-01-08,18.73,89.43,18.48408895
2024-01-09,19.71,79.16,19.1128298
2024-01-10,18.85,80.27,18.377959750000002
2024-01-11,18.65,81.71,18.23253075
2024-01-12,22.32,79.81,21.4516281
2024-01-13,16.84,76.87,16.5423169
2024-01-14,18.88,77.77,18.3444793
2024-01-15,22.06,74.37,20.9943046
2024-01-16,23.37,73.75,22.08939375
2024-01-17,16.68,75.65,16.3880435
2024-01-18,16.94,74.02,16.5913484
2024-01-19,17.45,78.16,17.095646
2024-01-20,20.35,69.73,19.376062750000003
2024-01-21,16.99,71.93,16.605581349999998
2024-01-22,16.12,76.64,15.9118624
2024-01-23,23.63,57.92,21.5169528
2024-01-24,19.77,74.47,19.03001295
2024-01-25,19.82,74.62,19.0773812
2024-01-26,17.21,67.13,16.72007265
2024-01-27,18.23,72.45,17.66481175
2024-01-28,20.24,70.02,19.2935314
2024-01-29,19.9,73.95,19.126314999999998
2024-01-30,17.79,70.69,17.25963555
2024-01-31,17.88,75.17,17.418410299999998
2024-02-01,19.46,69.33,18.6233224
2024-02-02,17.29,65.77,16.76474065
2024-02-03,22.6,57.4,20.702170000000002
2024-02-04,25.28,56.5,22.700885
2024-02-05,17.1,70.15,16.673145
2024-02-06,16.59,67.98,16.2219301
2024-02-07,17.56,72.21,17.0922943
2024-02-08,17.45,74.14,17.0304215
2024-02-09,17.86,71.72,17.337385599999998
2024-02-10,21.48,65.71,20.163606899999998
2024-02-11,24.48,62.84,22.440287599999998
2024-02-12,25.7,61.91,23.353655999999997
2024-02-13,22.17,59.94,20.4800689
2024-02-14,15.93,61.81,15.629635649999999
2024-02-15,17.04,65.42,16.5569174
2024-02-16,17.74,76.13,17.3146366
2024-02-17,18.58,76.04,18.0423376
2024-02-18,18.17,72.88,17.6225828
2024-02-19,18.67,77.88,18.1626778
2024-02-20,23.66,68.99,22.0977162
2024-02-21,26.27,50.46,23.0630281
2024-02-22,23.73,62.21,21.81159065
2024-02-23,17.98,59.18,17.1987052
2024-02-24,17.74,68.15,17.172432999999998
2024-02-25,20.99,63.52,19.687846399999998
2024-02-26,17,67.72,16.55615
2024-02-27,24.28,44.93,21.3177847
2024-02-28,25.22,53.92,22.503123199999997
2024-02-29,19.28,71.84,18.5396736
2024-03-01,20.09,66.4,19.056968
2024-03-02,16.24,65.42,15.909069399999998
2024-03-03,16.22,63.61,15.875750599999998
2024-03-04,17.3,59.58,16.677532
2024-03-05,23.28,44.12,20.5815548
2024-03-06,20.36,64.64,19.2203472
2024-03-07,17.37,73.36,16.9494876
2024-03-08,22.51,68.41,21.11830255
2024-03-09,30.24,36.97,24.7834929
2024-03-10,29.39,36.04,24.151995799999998
2024-03-11,28.3,38.79,23.654161000000002
2024-03-12,18.5,78.9,18.0358
2024-03-13,18.42,76.66,17.9167896
2024-03-14,18.32,77.97,17.8571497
2024-03-15,20.54,56.2,19.084964
2024-03-16,22.33,46.24,20.014825599999998
2024-03-17,22.52,52.57,20.4278627
2024-03-18,24.95,48.3,21.9785425
2024-03-19,19.6,71.03,18.787391500000002
2024-03-20,14.57,59.98,14.5545923
2024-03-21,15.86,66.35,15.608298
2024-03-22,16.96,70.01,16.554235300000002
2024-03-23,14.95,71.43,14.87928925
2024-03-24,16.57,71.8,16.248943
2024-03-25,17.22,71.23,16.7896008
2024-03-26,17,70.04,16.58805
2024-03-27,16.2,72.08,15.938948
2024-03-28,15.97,72.24,15.7455604
2024-03-29,19.22,68.77,18.409269199999997
2024-03-30,17.71,76.9,17.3021695
2024-03-31,18.72,63.67,17.876780699999998
2024-04-01,19.86,77.13,19.1857924
2024-04-02,15.42,81.56,15.3266936
2024-04-03,13.56,80.74,13.6595742
2024-04-04,13.9,74.58,13.983886
2024-04-05,16.22,84.18,16.0703428
2024-04-06,16.68,89.23,16.5508677
2024-04-07,15.74,85.53,15.6413146
2024-04-08,14.37,79.1,14.384943499999999
2024-04-09,14.1,73.97,14.157266
2024-04-10,14.93,83.9,14.891923499999999
2024-04-11,14.66,77.23,14.6399624
2024-04-12,14.11,77.34,14.158605699999999
2024-04-13,15.16,76.42,15.0744046
2024-04-14,15.22,79.92,15.1404832
2024-04-15,15.22,82.14,15.149274400000001
2024-04-16,14.72,79.31,14.694965100000001
2024-04-17,13.65,82.07,13.73382275
2024-04-18,13.86,84.59,13.9142432
2024-04-19,14.08,81.55,14.1226195
2024-04-20,13.33,76.62,13.4804503
2024-04-21,13.28,78.17,13.426479299999999
2024-04-22,15.69,60.33,15.43035985
2024-04-23,16.34,66.7,16.003004
2024-04-24,12.91,77.73,13.10475115
2024-04-25,13.39,78.02,13.524187900000001
2024-04-26,13.66,72.52,13.786957600000001
2024-04-27,13.28,69.54,13.484386599999999
2024-04-28,15.39,63.18,15.2097661
2024-04-29,12.76,71.48,13.0329364
2024-04-30,12.41,76.82,12.6764541
2024-05-01,12.22,82.14,12.4439644
2024-05-02,11.68,82.45,11.9522005
2024-05-03,12.55,80.93,12.75452575
2024-05-04,12.95,87.58,13.055880499999999
2024-05-05,13.38,88.76,13.4492384
2024-05-06,12.67,84.77,12.82328995
2024-05-07,12.77,85.6,12.907016
2024-05-08,13.42,81.98,13.5270388
2024-05-09,14.41,86.19,14.41683595
2024-05-10,14.27,94.52,14.2769322
2024-05-11,13.29,90.38,13.354021099999999
2024-05-12,14.89,79.43,14.84587735
2024-05-13,13.87,79.9,13.939646499999998
2024-05-14,12.29,74.58,12.5989801
2024-05-15,12.75,71.4,13.025275
2024-05-16,12.99,73.93,13.20651135
2024-05-17,11.09,77.4,11.513863
2024-05-18,10.07,71.43,10.76610805
2024-05-19,12.86,83.99,13.004410199999999
2024-05-20,11.8,80.23,12.0935845
2024-05-21,11.62,76.79,11.9876464
2024-05-22,12.41,85.82,12.5729991
2024-05-23,11.85,78.16,12.168318
2024-05-24,12.26,90.16,12.3812288
2024-05-25,11.43,88.65,11.62164475
2024-05-26,11.37,75.2,11.796932
2024-05-27,12.45,66.16,12.831546
2024-05-28,11.82,69.47,12.2700122
2024-05-29,14.55,65.09,14.54039975
2024-05-30,15.23,79.35,15.14709025
2024-05-31,11.42,77.81,11.795898600000001
2024-06-01,10.62,79.13,11.0653658
2024-06-02,10.45,75.75,10.99016875
2024-06-03,10.31,79.88,10.7736654
2024-06-04,10.75,77.49,11.21426875
2024-06-05,11.45,89.26,11.6301635
2024-06-06,11.79,87.28,11.9795916
2024-06-07,11.6,89.15,11.7730575
2024-06-08,11.78,87.51,11.9668504
2024-06-09,10.13,83.98,10.5150407
2024-06-10,11.46,73.99,11.894887200000001
2024-06-11,11.9,81.1,12.17027
2024-06-12,10.41,75.68,10.9570784
2024-06-13,9.67,86.48,10.0291588
2024-06-14,9.41,89.42,9.706187100000001
2024-06-15,9.71,82.03,10.183419650000001
2024-06-16,10.36,78.31,10.8538813
2024-06-17,9.19,79.71,9.78256945
2024-06-18,8.56,79.92,9.2160136
2024-06-19,7.16,78.75,8.0178625
2024-06-20,8.84,82.37,9.3888219
2024-06-21,9.21,89.16,9.525389800000001
2024-06-22,9.9,79.01,10.431047
2024-06-23,7.87,81.92,8.5292872
2024-06-24,9.12,80.41,9.6996681
2024-06-25,10.42,75.03,10.9803268
2024-06-26,9.42,84.59,9.850555400000001
2024-06-27,9.65,80.55,10.168828750000001
2024-06-28,12.92,60.74,13.2611694
2024-06-29,9.25,83.61,9.72326125
2024-06-30,8.85,79.56,9.485173
2024-07-01,8.51,77.67,9.24566185
2024-07-02,6.98,81.61,7.740610400000001
2024-07-03,7.07,88.41,7.543625350000001
2024-07-04,8.49,94.03,8.687338350000001
2024-07-05,8.09,84.68,8.6301066
2024-07-06,6.39,87.21,6.960497950000001
2024-07-07,8.89,77.33,9.589482850000001
2024-07-08,11.63,89.62,11.7938483
2024-07-09,11.22,95.44,11.302262400000002
2024-07-10,8.61,81.97,9.19408185
2024-07-11,9.72,83.38,10.156939800000002
2024-07-12,9.98,83.81,10.3824834
2024-07-13,8.61,87,9.031134999999999
2024-07-14,8.9,86.78,9.307176
2024-07-15,10.49,90.7,10.695111500000001
2024-07-16,10.3,94.77,10.420813
2024-07-17,9.97,86.69,10.301618650000002
2024-07-18,8.19,82.58,8.7945611
2024-07-19,10.05,79.99,10.53974475
2024-07-20,9.07,89.72,9.377012200000001
2024-07-21,11.47,86.53,11.69447755
2024-07-22,11.61,83,11.880215
2024-07-23,10.74,70.7,11.345924
2024-07-24,12.09,67.69,12.51826905
2024-07-25,8.62,87.63,9.0200458
2024-07-26,10.26,78.16,10.769308800000001
2024-07-27,7.92,87.59,8.3691179000000009
2024-07-28,8.21,81.63,8.84551015
2024-07-29,9.42,91.33,9.6622398
2024-07-30,7.32,90.19,7.707396900000001
2024-07-31,7.34,88.72,7.7842064
2024-08-01,8.08,81.09,8.747712100000001
2024-08-02,9.47,76.75,10.11321125
2024-08-03,9.19,83.96,9.6584482
2024-08-04,9.54,74.44,10.2372768
2024-08-05,8.58,77.78,9.3034832
2024-08-06,10.21,81.75,10.64060875
2024-08-07,10.16,80.75,10.6194975
2024-08-08,10.79,77.85,11.24197075
2024-08-09,11.63,72.31,12.06708665
2024-08-10,11.5,77.42,11.87257
2024-08-11,11.1,76.28,11.543564
2024-08-12,11.95,81.82,12.2049745
2024-08-13,13.26,78.78,13.4047204
2024-08-14,13.73,77.87,13.823720550000001
2024-08-15,14.18,79.36,14.2163264
2024-08-16,11.35,90.11,11.52134425
2024-08-17,10.72,91.31,10.900665100000001
2024-08-18,10.25,86.43,10.56719875
2024-08-19,12.54,80.03,12.7552766
2024-08-20,12.16,86.43,12.3346459
2024-08-21,12.64,81.14,12.8329378
2024-08-22,11.65,77.07,12.00942775
2024-08-23,14.19,77.84,14.2277828
2024-08-24,13.92,75.38,13.9985378
2024-08-25,14.58,81.95,14.572058
2024-08-26,12.59,80.05,12.79957475
2024-08-27,15.42,60.39,15.2195734
2024-08-28,11.67,67.98,12.1683913
2024-08-29,14.2,63.96,14.259466
2024-08-30,13.52,66.7,13.699487
2024-08-31,13.89,68.01,13.997326450000001
2024-09-01,14.06,69.17,14.1346086
2024-09-02,10.06,71.57,10.7542606
2024-09-03,11.3,73.4,11.76816
2024-09-04,14.55,55.46,14.5377515
2024-09-05,17.17,60.74,16.593466900000003
2024-09-06,13.51,82.44,13.6056142
2024-09-07,12.3,73.71,12.618109
2024-09-08,12.86,80.03,13.0401294
2024-09-09,11.32,79.36,11.6809936
2024-09-10,13.82,74.94,13.9137244
2024-09-11,11.92,75.59,12.2663779
2024-09-12,11.37,77.86,11.751140099999999
2024-09-13,11.96,80.38,12.2340914
2024-09-14,8.85,73.49,9.67379825
2024-09-15,10.07,70.43,10.790473050000001
2024-09-16,10.24,87.18,10.5403726
2024-09-17,10.34,72.33,10.9730896
2024-09-18,12.51,73.16,12.8037638
2024-09-19,10.99,78.25,11.40988375
2024-09-20,11.85,80.21,12.13843925
2024-09-21,12.34,77.74,12.6044488
2024-09-22,13.55,73.39,13.68903725
2024-09-23,13.96,80.8,14.017024000000001
2024-09-24,15.9,67.18,15.647286000000001
2024-09-25,9.72,78.26,10.291544600000002
2024-09-26,10,66.56,10.82764
2024-09-27,10.93,70.73,11.50471645
2024-09-28,16.02,56.26,15.6543336
2024-09-29,12.09,79.46,12.3622577
2024-09-30,13.46,75.51,13.600082800000001
2024-10-01,12.22,77.18,12.5061628
2024-10-02,12.3,73.54,12.620166000000001
2024-10-03,18.69,60.08,17.7700436
2024-10-04,15.52,79.19,15.4032559
2024-10-05,13.77,82.91,13.83861635
2024-10-06,15.49,68.67,15.319408150000001
2024-10-07,11.04,74.36,11.527929199999999
2024-10-08,9.85,64.39,10.76072575
2024-10-09,14.15,58.77,14.22936775
2024-10-10,12.29,70.33,12.65063885
2024-10-11,12.93,66.72,13.2173728
2024-10-12,12.25,70.74,12.6120925
2024-10-13,16.83,67.69,16.41594735
2024-10-14,15.17,72.8,15.069768
2024-10-15,18.57,67.02,17.8317427
2024-10-16,18.82,69.93,18.1055368
2024-10-17,19.69,77.69,19.05316105
2024-10-18,16.16,84.35,16.0171155
2024-10-19,14.27,76.96,14.2991456
2024-10-20,13.81,83.04,13.874363200000001
2024-10-21,19.43,60.6,18.361669
2024-10-22,16.87,69.01,16.46604535
2024-10-23,13.97,67.72,14.0640962
2024-10-24,12.52,67.59,12.8729449
2024-10-25,11.3,67.02,11.880448000000001
2024-10-26,16.77,50.27,16.14912095
2024-10-27,16.48,66.44,16.1145316
2024-10-28,13.25,71.16,13.448275
2024-10-29,14.22,74.35,14.259501
2024-10-30,14.79,74.35,14.74908825
2024-10-31,13.23,69.23,13.44492845
2024-11-01,12.42,70.74,12.7547344
2024-11-02,20.71,42.19,18.73549945
2024-11-03,15.5,65.51,15.310305
2024-11-04,14.15,70.61,14.20657575
2024-11-05,20.37,48.93,18.721205050000002
2024-11-06,18.31,67.16,17.621837799999998
2024-11-07,15.76,64.07,15.5110051
2024-11-08,13.96,61.82,14.0733946
2024-11-09,15.34,64.81,15.1774222
2024-11-10,14.82,71.57,14.7699632
2024-11-11,17,73.24,16.63205
2024-11-12,19.19,75.71,18.56343945
2024-11-13,14.51,75.53,14.50865415
2024-11-14,13.88,69.84,13.982845600000001
2024-11-15,16.27,61.92,15.8992912
2024-11-16,25.02,49.91,22.1217926
2024-11-17,17.05,59.17,16.47735925
2024-11-18,15.26,60.96,15.0968128
2024-11-19,14.17,65.75,14.23216375
2024-11-20,14.95,72.98,14.8831255
2024-11-21,21.83,55.61,20.04041715
2024-11-22,26.92,38.88,22.744892800000002
2024-11-23,22.72,69.97,21.362343699999997
2024-11-24,17.61,86.13,17.37275365
2024-11-25,16.92,85.36,16.7251416
2024-11-26,22.12,80.79,21.3149089
2024-11-27,19.59,79.98,19.0295401
2024-11-28,19.42,77.53,18.811961800000002
2024-11-29,22.43,74.04,21.2977546
2024-11-30,19.3,86.51,18.943864
2024-12-01,19.77,73.02,18.9879847
2024-12-02,23.93,66.88,22.212231199999998
2024-12-03,18.25,70.92,17.650225
2024-12-04,18.25,66.92,17.567725
2024-12-05,24.43,52.35,21.827595249999998
2024-12-06,21.8,72.74,20.705511
2024-12-07,19.37,69.48,18.5525218
2024-12-08,16.28,61.63,15.9043577
2024-12-09,17.1,65.78,16.610654
2024-12-10,16.44,70.01,16.1200067
2024-12-11,18.47,66.61,17.74092935
2024-12-12,19.82,73.51,19.0449026
2024-12-13,16.8,73.65,16.4666725
2024-12-14,17.58,71.81,17.1024614
2024-12-15,24.32,54.18,21.8452618
2024-12-16,24.67,57.81,22.31010235
2024-12-17,18.12,57.84,17.280594400000002
2024-12-18,17.1,63.97,16.584771
2024-12-19,22.53,50.81,20.35752365
2024-12-20,22.06,58.41,20.3306878
2024-12-21,16.31,64.76,15.959185799999998
2024-12-22,15.6,68.15,15.4073075
2024-12-23,15.54,66.56,15.348723199999998
2024-12-24,18.17,71.74,17.5995719
2024-12-25,25.42,46.16,22.1863696
2024-12-26,23,53.32,20.817709999999998
2024-12-27,16.84,60.96,16.3375552
2024-12-28,17.74,67.2,17.155503999999997
2024-12-29,19.25,68.82,18.4354225
2024-12-30,20.03,69.54,19.103559100000002
2024-12-31,18.42,68.22,17.7348232
2025-01-01,17.53,62.7,16.9083955
2025-01-02,16.2,64.87,15.8715345
2025-01-03,22.95,56.89,20.94646275
2025-01-04,27.55,40.25,23.261443749999998
2025-01-05,25.75,58.46,23.1797125
2025-01-06,16.34,73.5,16.07182
2025-01-07,19.56,64.64,18.5759312
2025-01-08,23.48,52.49,21.1334811
2025-01-09,23.59,56.05,21.392719749999998
2025-01-10,23.25,66.18,21.6224125
2025-01-11,25.88,63.02,23.5654218
2025-01-12,20.56,84.25,20.0350525
2025-01-13,20.52,76.8,19.751848
2025-01-14,21.79,67.04,20.4684688
2025-01-15,17.66,68.81,17.1179178
2025-01-16,17.75,74.42,17.2927575
2025-01-17,18.81,67.96,18.0504918
2025-01-18,22.76,55.92,20.7574456
2025-01-19,25.38,49.19,22.3395296
2025-01-20,24.77,52.48,22.0858328
2025-01-21,22.62,66.72,21.1337152
2025-01-22,17.42,65.24,16.861754400000002
2025-01-23,16.76,73.39,16.4292377
2025-01-24,18.97,64.55,18.09846175
2025-01-25,19.9,68.47,18.963558999999997
2025-01-26,21.52,64.62,20.1539782
2025-01-27,24.74,58.72,22.415110399999996
2025-01-28,17.99,59.81,17.21855295
2025-01-29,17.02,64,16.52104
2025-01-30,18.05,64.67,17.36018175
2025-01-31,18.66,69.8,17.969024
2025-02-01,25.87,51.81,22.85643835
2025-02-02,28.29,55.88,24.943718599999997
2025-02-03,29.4,48.16,25.151711999999996
2025-02-04,21.85,63.84,20.388232000000002
2025-02-05,20.32,68.88,19.3238488
2025-02-06,25.39,60.2,23.006179
2025-02-07,19.5,73.06,18.759149999999998
2025-02-08,19.29,76.02,18.658246899999998
2025-02-09,20.65,70.73,19.65994225
2025-02-10,21.3,73.91,20.324234
2025-02-11,24.17,67.7,22.4521245
2025-02-12,27.56,48.8,23.882303999999998
2025-02-13,23.62,65.87,21.9080392
2025-02-14,17.29,70.37,16.83532765
2025-02-15,14.43,65.81,14.44316315
2025-02-16,15.54,61.5,15.31978
2025-02-17,17.08,62.71,16.550854899999997
2025-02-18,16.36,67.6,16.028548
2025-02-19,16.5,66.46,16.13106
2025-02-20,15.79,69.71,15.57509245
2025-02-21,25.06,45.1,21.871408
2025-02-22,28.91,45.54,24.5937727
2025-02-23,21.24,61.83,19.825038099999997
2025-02-24,17.96,69.05,17.3710215
2025-02-25,20.79,62.33,19.48680635
2025-02-26,22.33,64.07,20.78267455
2025-02-27,20.95,65.9,19.7403025
2025-02-28,19.9,70.66,19.028602
2025-03-01,19.61,68.54,18.7258167
2025-03-02,16.99,67.17,16.54039315
2025-03-03,16.88,71.42,16.5058878
2025-03-04,24.58,47.51,21.669954399999998
2025-03-05,22.22,69.61,20.9296406
2025-03-06,20.74,75.16,19.8874912
2025-03-07,22.56,59.29,20.7553257
2025-03-08,24.89,45.04,21.7493108
2025-03-09,27.18,57.84,24.2397616
2025-03-10,24.92,60.25,22.6419275
2025-03-11,25.96,59.22,23.3896366
2025-03-12,22.65,71.93,21.39176225
2025-03-13,19.2,75.88,18.576497999999997
2025-03-14,22.31,60.05,20.593947749999998
2025-03-15,26.29,53.06,23.2461757
2025-03-16,14.68,71.91,14.652190899999999
2025-03-17,15.7,65.01,15.469066
2025-03-18,18.46,60.8,17.606224
2025-03-19,24.22,54.3,21.776878
2025-03-20,20,81.53,19.4412825
2025-03-21,16.02,71.62,15.782743199999999
2025-03-22,16.84,75.1,16.519537
2025-03-23,18.01,76.76,17.5613518
2025-03-24,16.23,80.35,16.04303025
2025-03-25,17.45,78.45,17.10035125
2025-03-26,16.98,77.97,16.6795108
2025-03-27,18.33,79.14,17.890584099999998
2025-03-28,22.46,73.36,21.2937008
2025-03-29,18.21,78.17,17.76455885
2025-03-30,17.25,66.64,16.74543
2025-03-31,16.52,72.12,16.2102532
2025-04-01,16.65,71.32,16.310858999999997
2025-04-02,17.68,70.41,17.1624709
2025-04-03,15.56,73.1,15.403173
2025-04-04,14.6,70.11,14.583560499999999
2025-04-05,13.9,60.13,14.031571
2025-04-06,15.84,71.14,15.6273018
2025-04-07,15.19,70.8,15.079186
2025-04-08,14.74,72.8,14.704096
2025-04-09,17.02,65.42,16.5407212
2025-04-10,20.28,59.86,19.0039494
2025-04-11,16.28,81.28,16.0967312
2025-04-12,21.92,54.39,20.0586559
2025-04-13,22.07,61.33,20.45997455
2025-04-14,16.92,81.49,16.6736319
2025-04-15,19.55,69.55,18.70425125
2025-04-16,21.18,57.81,19.629939399999998
2025-04-17,22.26,55.14,20.3453752
2025-04-18,21.16,65.26,19.8874738
2025-04-19,21.22,59.49,19.7227504
2025-04-20,17.43,69.57,16.93962055
2025-04-21,16.86,75.08,16.536538399999998
2025-04-22,15.89,83.48,15.7637046
2025-04-23,18.06,75.35,17.577353
2025-04-24,20.16,61.37,18.9574481
2025-04-25,19.04,82.16,18.5945352
2025-04-26,16.06,86.21,15.941681799999998
2025-04-27,14.78,81.35,14.751279
2025-04-28,14.75,85.92,14.73064
2025-04-29,14.52,81.02,14.5179122
2025-04-30,13.35,73.92,13.514956
2025-05-01,13.67,72.61,13.79503535
2025-05-02,13.63,65.48,13.7951782
2025-05-03,14.54,57.42,14.5306324
2025-05-04,16.73,65.02,16.3009703
2025-05-05,19.56,53.84,18.275367199999998
2025-05-06,18.27,67.1,17.5878185
2025-05-07,13.58,67.61,13.7438934
2025-05-08,13.54,70.64,13.6950208
2025-05-09,13.98,76.21,14.0480394
2025-05-10,13.97,75.54,14.041300900000001
2025-05-11,15.85,65.15,15.59123875
2025-05-12,14.82,79.38,14.7837088
2025-05-13,15.49,63.55,15.29152975
2025-05-14,14.6,82.25,14.590237499999999
2025-05-15,13.49,78.76,13.6079882
2025-05-16,13.78,79.81,13.8599524
2025-05-17,10.31,76.42,10.853401100000001
2025-05-18,9.38,69.47,10.239724800000001
2025-05-19,9.67,67.8,10.525393000000001
2025-05-20,10.81,64.12,11.538184600000001
2025-05-21,11.09,77.29,11.515926050000001
2025-05-22,12.65,87.75,12.774643750000001
2025-05-23,14.16,90.23,14.1782699
2025-05-24,13.26,62.94,13.5127492
2025-05-25,14.98,55,14.8612
2025-05-26,13.81,62.53,13.95219865
2025-05-27,12.55,85.37,12.70690675
2025-05-28,13.07,85.25,13.186008750000001
2025-05-29,12.65,83.48,12.818091
2025-05-30,12.67,83.29,12.83818615
2025-05-31,11.14,85.4,11.409808
2025-06-01,12.65,62.87,13.027797750000001
2025-06-02,13.19,77.56,13.351680199999999
2025-06-03,10.25,74.3,10.850737500000001
2025-06-04,10.58,72.29,11.1774276
2025-06-05,10.5,66.16,11.24448
2025-06-06,10.76,74.7,11.280421
2025-06-07,9.58,85.58,9.9702052
2025-06-08,10.43,91.69,10.61601935
2025-06-09,10.45,89.8,10.677204999999999
2025-06-10,9.52,87.91,9.8511451
2025-06-11,9.94,82.44,10.3804048
2025-06-12,9.82,84.52,10.218455200000001
2025-06-13,9.01,82.06,9.5516983
2025-06-14,9.18,74.23,9.9340302
2025-06-15,9.57,82.35,10.04857975
2025-06-16,10.66,77.45,11.136256
2025-06-17,9.28,83.37,9.757447299999999
2025-06-18,8.68,75.23,9.4728877
2025-06-19,8.29,81.67,8.916061149999999
2025-06-20,9.84,76.53,10.4415361
2025-06-21,7.45,82.34,8.134766500000001
2025-06-22,10.74,68.91,11.382941200000001
2025-06-23,13.74,79.65,13.825063
2025-06-24,9.4,82.31,9.896204500000001
2025-06-25,8.35,83.21,8.91792175
2025-06-26,9.49,87.55,9.83305975
2025-06-27,10.48,91.13,10.6761157
2025-06-28,10.1,82.65,10.51987
2025-06-29,9.67,86.1,10.039253500000001
2025-06-30,9.65,87.1,9.9941075
2025-07-01,9.94,85.05,10.314946
2025-07-02,8.87,92.16,9.1127656
2025-07-03,8.99,91.01,9.262441950000001
2025-07-04,9.91,82.35,10.35557425
2025-07-05,10.65,71.32,11.257299000000001
2025-07-06,9.55,87.8,9.882145000000001
2025-07-07,10.95,79.58,11.3487005
2025-07-08,9.16,83.14,9.6551782
2025-07-09,9.15,78.44,9.784403000000001
2025-07-10,9.17,87.48,9.5370238
2025-07-11,10.26,86.74,10.5692232
2025-07-12,11.21,82.48,11.5270244
2025-07-13,10.44,78.06,10.9299202
2025-07-14,9.2,81.63,9.7354855
2025-07-15,9.13,81.67,9.671376550000002
2025-07-16,9.81,87.37,10.135790850000001
2025-07-17,8.77,84.19,9.26825215
2025-07-18,8.52,77.21,9.269563100000001
2025-07-19,8.47,81.33,9.089190550000001
2025-07-20,8.7,75.78,9.472617999999999
2025-07-21,12.5,67.48,12.85772
2025-07-22,9.75,81.48,10.233835000000001
2025-07-23,8.28,82.82,8.8677278
2025-07-24,8.55,79.04,9.235916000000001
2025-07-25,9.07,78.21,9.72075835
2025-07-26,9.12,90.08,9.4135328
2025-07-27,9.82,92.21,10.0205146
2025-07-28,9.27,89.74,9.5651289
2025-07-29,8.98,86.41,9.392592400000002
2025-07-30,8.64,87.89,9.0303053
2025-07-31,8.94,86.71,9.3464082
2025-08-01,8.81,88.59,9.167075950000001
2025-08-02,8.9,90.98,9.177816
2025-08-03,10.92,70.77,11.495538700000001
2025-08-04,12.65,76.65,12.88758625
2025-08-05,10.68,77.4,11.154826
2025-08-06,9.05,76.4,9.75741
2025-08-07,9.88,82.71,10.319338900000002
2025-08-08,9.29,89.93,9.578555849999999
2025-08-09,9.89,84.02,10.2951729
2025-08-10,10.05,79.41,10.55394025
2025-08-11,10.83,73.37,11.367526550000001
2025-08-12,10.39,88.18,10.6571911
2025-08-13,10.1,85.12,10.460096
2025-08-14,11.42,68.5,11.95361
2025-08-15,9.55,83.42,10.001390500000001
2025-08-16,7.47,80.11,8.239046850000001
2025-08-17,9.36,78.1,9.979113
2025-08-18,7.58,79.34,8.3663196
2025-08-19,9.79,60.01,10.82594095
2025-08-20,9.88,74.31,10.5327829
2025-08-21,13.38,71.87,13.553280800000001
2025-08-22,11.77,84.53,12.00228205
2025-08-23,9.54,81.34,10.049044799999999
2025-08-24,9.31,82.81,9.80068855
2025-08-25,13.13,61.67,13.41881655
2025-08-26,11.64,83.17,11.9047359
2025-08-27,10.18,82.08,10.6057792
2025-08-28,9.86,84.62,10.2524976
2025-08-29,9.11,80.21,9.69667455
2025-08-30,9.68,82.09,10.1547941
2025-08-31,10.51,87.18,10.7913349
2025-09-01,11.33,83.66,11.614887900000001
2025-09-02,12.95,68.46,13.218878499999999
2025-09-03,12.05,76.79,12.36275475
2025-09-04,8.76,76.51,9.5015793
2025-09-05,8.71,76.53,9.457402150000002
2025-09-06,15.41,66.41,15.24188205
2025-09-07,14.77,81.34,14.7422899
2025-09-08,12.89,77.74,13.087112300000001
2025-09-09,10.64,76.77,11.1331729
2025-09-10,10.26,79.15,10.746222
2025-09-11,10.3,83.58,10.679302000000002
2025-09-12,11.95,84.98,12.160655499999999
2025-09-13,12.82,80.88,12.9966688
2025-09-14,15.58,57.57,15.3279658
2025-09-15,17.51,53.62,16.7421791
2025-09-16,11.53,79.03,11.87254495
2025-09-17,10.98,65.83,11.641531200000001
2025-09-18,14.57,55.79,14.55297915
2025-09-19,13.36,64.92,13.5799516
2025-09-20,12.02,70.05,12.428518
2025-09-21,10.93,82.7,11.2696855
2025-09-22,10.58,77.4,11.067256
2025-09-23,13.57,77.14,13.6869289
2025-09-24,12.66,79.91,12.8633108
2025-09-25,13.76,72,13.87396
2025-09-26,13.41,75.83,13.55489915
2025-09-27,12.73,71.08,13.0115362
2025-09-28,11.02,69.87,11.5966882
2025-09-29,16.11,60.21,15.75765955
2025-09-30,13.27,76.67,13.42782745
2025-10-01,12.87,69.59,13.14262565
2025-10-02,12.01,77.12,12.3233416
2025-10-03,12.9,84.56,13.035872000000001
2025-10-04,17.42,59.61,16.7713366
2025-10-05,16.87,63.59,16.39539565
2025-10-06,11.32,68.08,11.8782808
2025-10-07,13.22,61.89,13.488294400000001
2025-10-08,14.8,69.53,14.749724500000001
2025-10-09,14.87,61.27,14.79118445
2025-10-10,15.61,63.27,15.38576335
2025-10-11,13.94,74.26,14.0192792
2025-10-12,11.72,72.73,12.1369583
2025-10-13,12.58,62.18,12.9793792
2025-10-14,13.91,70.72,14.0050136
2025-10-15,15.33,64.52,15.1680338
2025-10-16,18.95,64.48,18.080648
2025-10-17,13.43,69.38,13.6101987
2025-10-18,16.36,53.75,15.8868625
2025-10-19,18.78,68.96,18.0493184
2025-10-20,13.44,70.94,13.6094198
2025-10-21,17.46,61.27,16.829475600000002
2025-10-22,13.41,73.3,13.5700665
2025-10-23,12.63,72.59,12.911911850000001
2025-10-24,12.69,71.56,12.9731202
2025-10-25,14.95,76.82,14.8926295
2025-10-26,13.25,88.89,13.32638125
2025-10-27,9.6,65.85,10.5203425
2025-10-28,12.1,71.75,12.4729
2025-10-29,13.77,71.08,13.8861138
2025-10-30,18.73,53.01,17.63677765
2025-10-31,15.75,82.88,15.6323
2025-11-01,16.73,79.17,16.47452005
2025-11-02,18.94,73.48,18.292381600000002
2025-11-03,11.8,83,12.05245
2025-11-04,11.97,79.48,12.2555358
2025-11-05,14.37,70.72,14.3909352
2025-11-06,17.61,67.44,17.0530612
2025-11-07,16.77,74.84,16.4558774
2025-11-08,11.2,83.78,11.494392999999999
2025-11-09,12.47,78.38,12.7113873
2025-11-10,11.95,82.79,12.19137025
2025-11-11,9.85,72.03,10.56533275
2025-11-12,14.45,59.62,14.4611045
2025-11-13,14.45,68.35,14.45870375
2025-11-14,13.71,74.2,13.822101
2025-11-15,15.84,79.2,15.686704
2025-11-16,13.5,79.58,13.61231
2025-11-17,14.14,80.28,14.1790456
2025-11-18,15.66,82.4,15.547712
2025-11-19,14.37,69.71,14.39165735
2025-11-20,11.98,67.01,12.4372414
2025-11-21,13.68,72.11,13.8057839
2025-11-22,17.39,77.87,17.038243650000002
2025-11-23,16.37,84.26,16.2081141
2025-11-24,20.49,73.21,19.60740345
2025-11-25,17.88,67.11,17.268574899999997
2025-11-26,15.38,66.61,15.2183924
2025-11-27,14.02,71.1,14.096295999999999
2025-11-28,16.35,78.16,16.127778
2025-11-29,13.06,77.61,13.2373288
2025-11-30,12.41,77.76,12.6656488
2025-12-01,12.01,80.62,12.2754091
2025-12-02,14.89,70.26,14.826207700000001
2025-12-03,21.51,53.89,19.73222895
2025-12-04,18.84,64.77,17.9990599
2025-12-05,16.91,74.23,16.56841865
2025-12-06,13.43,76.53,13.568120949999999
2025-12-07,15.71,55.71,15.415250050000001
2025-12-08,19.38,64.25,18.420469999999998
2025-12-09,14.74,68.45,14.698354
2025-12-10,13.91,74.06,13.9941753
2025-12-11,16.81,70.71,16.43787055
2025-12-12,24.06,56.44,21.769615199999997
2025-12-13,19.2,71.03,18.4511255
2025-12-14,14.72,60.64,14.6723744
2025-12-15,14.16,65.4,14.224702
2025-12-16,15.47,74.88,15.3359848
2025-12-17,23.2,54.11,21.004163499999997
2025-12-18,25.95,44.15,22.432846249999997
2025-12-19,23.49,64.89,21.753986049999998
2025-12-20,15.73,74.35,15.55647775
2025-12-21,15.73,78.33,15.58340245
2025-12-22,15.71,68.38,15.4995689
2025-12-23,15.93,65.09,15.65543285
2025-12-24,15.32,58.95,15.1348645
2025-12-25,13.87,59.74,14.009500899999999
2025-12-26,13.73,63.83,13.88317995
2025-12-27,16.13,65.44,15.8201696
2025-12-28,20.78,55.22,19.2332988
2025-12-29,24.99,45.2,21.828314
2025-12-30,17.21,67.97,16.73259285
2025-12-31,15.55,69.99,15.37669225
