date,T2M,RH2M,THI
1984-01-01,24.97,89.35,24.356719749999996
1984-01-02,24.75,90.53,24.21612875
1984-01-03,24.12,90.54,23.619471400000002
1984-01-04,24.6,91.67,24.1372685
1984-01-05,24.91,90.3,24.3546265
1984-01-06,25.09,90.12,24.5145394
1984-01-07,24.74,93.09,24.3508288
1984-01-08,25.06,91.43,24.562254399999997
1984-01-09,24.66,91.63,24.1922844
1984-01-10,24.82,91.85,24.357405999999997
1984-01-11,24.6,93,24.21115
1984-01-12,24.6,91.75,24.1417125
1984-01-13,24.9,90.3,24.345159999999996
1984-01-14,25.06,90.15,24.487911999999998
1984-01-15,25.39,88.28,24.6880306
1984-01-16,25.53,88.72,24.8456988
1984-01-17,25.4,87.84,24.671007999999997
1984-01-18,25.77,85.88,24.894771799999997
1984-01-19,25.44,87.86,24.709536200000002
1984-01-20,24.67,88.94,24.0513589
1984-01-21,26.04,82.73,24.943873099999998
1984-01-22,25.46,88.07,24.7408596
1984-01-23,25.66,88.08,24.9283504
1984-01-24,25.04,88.76,24.3884172
1984-01-25,24.57,89.11,23.966857349999998
1984-01-26,24.59,91.27,24.10552865
1984-01-27,24.58,92.61,24.170298399999997
1984-01-28,24.67,90.19,24.12127765
1984-01-29,24.25,90.96,23.76523
1984-01-30,24.52,89.78,23.9567758
1984-01-31,24.71,90.99,24.20404345
1984-02-01,24.94,88.87,24.3009154
1984-02-02,24.51,90.37,23.97982035
1984-02-03,24.73,92.39,24.30182335
1984-02-04,24.89,90.26,24.3334077
1984-02-05,24.43,91.39,23.95976485
1984-02-06,25.28,89.74,24.6716846
1984-02-07,24.53,92.89,24.13777685
1984-02-08,24.11,92.59,23.71834445
1984-02-09,23.98,91.69,23.5467166
1984-02-10,25.27,88.91,24.61308385
1984-02-11,25.31,89.24,24.6702642
1984-02-12,24.99,91.21,24.48286095
1984-02-13,24.68,89.75,24.1061025
1984-02-14,24.68,88.63,24.0433937
1984-02-15,24.68,90.81,24.1654519
1984-02-16,24.91,89.59,24.31397545
1984-02-17,24.81,87.64,24.1091262
1984-02-18,24.74,86.91,24.002771199999998
1984-02-19,23.77,92.09,23.36670865
1984-02-20,24.89,87.42,24.1711159
1984-02-21,25.15,87.12,24.395553999999997
1984-02-22,25.07,88.48,24.4002848
1984-02-23,24.99,87.74,24.2826593
1984-02-24,25.91,84.92,24.963654599999998
1984-02-25,25.99,87.41,25.194374949999997
1984-02-26,25.48,88.98,24.8145022
1984-02-27,25.55,89.22,24.8948455
1984-02-28,25.19,88.75,24.52855625
1984-02-29,25.21,90.56,24.6539368
1984-03-01,25.35,90.79,24.80039325
1984-03-02,24.97,90.5,24.422942499999998
1984-03-03,25.12,90.95,24.591389500000002
1984-03-04,25.36,91.08,24.8272084
1984-03-05,25.11,90.15,24.53520325
1984-03-06,25.09,89.32,24.4679434
1984-03-07,25.55,88.03,24.82252325
1984-03-08,25.69,86.83,24.87945235
1984-03-09,25.93,85.59,25.02411535
1984-03-10,26.18,82.69,25.0680056
1984-03-11,26.37,82.02,25.1961757
1984-03-12,26.7,81.91,25.486161
1984-03-13,26.44,82.08,25.2631936
1984-03-14,26.88,81.52,25.6216968
1984-03-15,27.38,79.17,25.9044028
1984-03-16,27.12,81.62,25.8442442
1984-03-17,26.48,84.62,25.4666118
1984-03-18,25.51,84.58,24.5762419
1984-03-19,27.8,75.48,26.006362
1984-03-20,27.32,81.7,26.029667
1984-03-21,26.33,85.06,25.357928899999997
1984-03-22,26.33,84.95,25.350771749999996
1984-03-23,26.38,85.5,25.43257
1984-03-24,26.31,85.39,25.36100745
1984-03-25,26.46,86.45,25.568681
1984-03-26,26.11,88.76,25.392269799999998
1984-03-27,26.28,87.45,25.4668855
1984-03-28,27.34,78.47,25.819551399999998
1984-03-29,26.81,83.82,25.714533099999997
1984-03-30,26.61,85.89,25.67020345
1984-03-31,26.5,84.47,25.47502
1984-04-01,26.85,84.68,25.809389
1984-04-02,26.27,87.75,25.47699625
1984-04-03,27.12,82.3,25.891443
1984-04-04,27.34,82.67,26.1161554
1984-04-05,27.34,81.76,26.0518912
1984-04-06,27.87,78.84,26.3139994
1984-04-07,27.14,82.65,25.933828
1984-04-08,27.27,82.79,26.06125565
1984-04-09,26.57,86.21,25.65455085
1984-04-10,27.27,78.34,25.748709899999998
1984-04-11,27.08,82.54,25.871942599999997
1984-04-12,26.73,84.54,25.6900831
1984-04-13,26.83,83.12,25.6852828
1984-04-14,27.66,78.19,26.0813922
1984-04-15,27.58,81.67,26.2613398
1984-04-16,26.71,85.71,25.75035505
1984-04-17,26.81,85.06,25.798487299999998
1984-04-18,26.28,85.51,25.3411929
1984-04-19,26.32,88.04,25.5424804
1984-04-20,26.57,85.73,25.62268605
1984-04-21,26.72,85.62,25.753520199999997
1984-04-22,26.46,88.75,25.719975
1984-04-23,26.46,87.58,25.6430124
1984-04-24,26.98,84.77,25.9346128
1984-04-25,28.16,78.93,26.5770109
1984-04-26,27.36,84.73,26.279952899999998
1984-04-27,26.7,81.76,25.476096
1984-04-28,26.38,83.3,25.288821999999996
1984-04-29,27.57,80.12,26.1409262
1984-04-30,27.2,84.09,26.088686499999998
1984-05-01,27.52,82.46,26.263960599999997
1984-05-02,27.44,81.3,26.109121
1984-05-03,27.45,81.48,26.130913
1984-05-04,26.87,85.79,25.90322265
1984-05-05,26.97,86.33,26.032443049999998
1984-05-06,26.76,82.35,25.5698605
1984-05-07,26.45,83.17,25.343848249999997
1984-05-08,27.15,78.76,25.672227
1984-05-09,27.26,80.25,25.873945
1984-05-10,27.1,79.59,25.685587
1984-05-11,27.18,81.76,25.9079424
1984-05-12,26.87,84.17,25.79300595
1984-05-13,26.92,80.69,25.6009339
1984-05-14,27.33,80.05,25.922228249999996
1984-05-15,26.84,85.96,25.887105199999997
1984-05-16,27.21,83.89,26.08383045
1984-05-17,27.02,85.21,26.001560599999998
1984-05-18,26.71,80.81,25.42129555
1984-05-19,27.95,75.53,26.13983175
1984-05-20,27.57,82.76,26.3307026
1984-05-21,27.02,84.23,25.934077799999997
1984-05-22,27.41,81.47,26.09427735
1984-05-23,27.28,82.47,26.0478163
1984-05-24,26.78,85.23,25.7824342
1984-05-25,26.45,85.1,25.4706975
1984-05-26,26.96,86.26,26.0183978
1984-05-27,26.72,84.98,25.710505799999996
1984-05-28,26.76,84.22,25.6959546
1984-05-29,27.12,85.24,26.0955084
1984-05-30,26.72,85.34,25.7347014
1984-05-31,27.21,82.32,25.9740796
1984-06-01,26.62,87.05,25.756753
1984-06-02,26.28,84.31,25.2634449
1984-06-03,26.83,85.77,25.864992549999997
1984-06-04,26.6,88.64,25.843992
1984-06-05,26.33,89.2,25.627297999999996
1984-06-06,26.47,88.28,25.698413799999997
1984-06-07,26.53,83.14,25.4144581
1984-06-08,27.49,77.11,25.854623949999997
1984-06-09,26.56,86,25.631379999999996
1984-06-10,26.44,85.44,25.4838448
1984-06-11,26.86,82.79,25.6900642
1984-06-12,27.08,81.99,25.833888099999996
1984-06-13,26.94,84.07,25.8500694
1984-06-14,27.08,81.99,25.833888099999996
1984-06-15,26.66,85.78,25.708966399999998
1984-06-16,26.52,85.66,25.5719826
1984-06-17,26.75,85.37,25.76430375
1984-06-18,26.8,85.37,25.8102805
1984-06-19,26.45,85.18,25.475955499999998
1984-06-20,26.67,85.76,25.7168456
1984-06-21,26.55,85.37,25.58039675
1984-06-22,26.62,85.53,25.6554298
1984-06-23,26.43,87.17,25.58815955
1984-06-24,26.43,84.49,25.41231135
1984-06-25,27.05,82.9,25.8696725
1984-06-26,26.62,84.93,25.6154338
1984-06-27,26.44,87.89,25.6447363
1984-06-28,26.96,83.8,25.849814
1984-06-29,26.64,85.15,25.6484655
1984-06-30,26.58,85.53,25.6186132
1984-07-01,26.31,85.11,25.342820049999997
1984-07-02,27.04,78.37,25.5481789
1984-07-03,27.08,82.75,25.886472499999996
1984-07-04,26.36,85.32,25.4024236
1984-07-05,26.46,83.46,25.3719988
1984-07-06,26.76,84.31,25.7020233
1984-07-07,26.52,84.63,25.503889299999997
1984-07-08,26.12,86.51,25.2578541
1984-07-09,25.88,87.08,25.0713372
1984-07-10,26.22,85.32,25.273727199999996
1984-07-11,26.45,83.59,25.37145275
1984-07-12,26.42,81.65,25.216974
1984-07-13,26.78,79.95,25.425823
1984-07-14,27.14,80.63,25.7933976
1984-07-15,26.7,82.79,25.545209
1984-07-16,26.21,82.86,25.1060983
1984-07-17,25.35,88.41,24.65836675
1984-07-18,24.88,88.8,24.240592
1984-07-19,25.5,86.41,24.677805
1984-07-20,25.07,87.67,24.35319545
1984-07-21,25.22,86.5,24.424039999999998
1984-07-22,25.9,82.91,24.828456999999997
1984-07-23,26.07,83.49,25.01938615
1984-07-24,26.16,84.41,25.1602133
1984-07-25,26,86.52,25.147389999999998
1984-07-26,26.32,85.02,25.3461502
1984-07-27,25.77,86.2,24.914607
1984-07-28,26.24,84.6,25.245621999999997
1984-07-29,27.02,82.92,25.8438712
1984-07-30,26.52,85.18,25.540249799999998
1984-07-31,26.92,85.74,25.945899400000002
1984-08-01,26.78,85.68,25.8128272
1984-08-02,26.76,83.89,25.6737027
1984-08-03,26.23,84.59,25.23582385
1984-08-04,26.62,82.73,25.468781800000002
1984-08-05,26.11,88,25.34374
1984-08-06,26,87.14,25.186605
1984-08-07,26.17,85.56,25.2431686
1984-08-08,26.39,84.89,25.40188155
1984-08-09,26.44,84.87,25.446412900000002
1984-08-10,26.82,84.35,25.759556
1984-08-11,26.3,86.28,25.409572
1984-08-12,26.27,81.8,25.091822999999998
1984-08-13,26.83,83.4,25.704271
1984-08-14,26.62,85.78,25.6720948
1984-08-15,26.81,85.92,25.8567136
1984-08-16,26.64,84.86,25.6291022
1984-08-17,27.06,84.5,25.989259999999998
1984-08-18,26.71,87.27,25.855116849999998
1984-08-19,26.35,85.35,25.39518625
1984-08-20,26.51,85.9,25.5786245
1984-08-21,26.13,84.69,25.150695849999998
1984-08-22,26.28,83.16,25.1889364
1984-08-23,26.16,84.94,25.1942022
1984-08-24,26.09,83.7,25.050956499999998
1984-08-25,26.25,84.04,25.218585
1984-08-26,26.1,85.48,25.173624
1984-08-27,26.43,83.83,25.36900545
1984-08-28,26.75,84.58,25.7110775
1984-08-29,26.52,84.15,25.4721565
1984-08-30,26.4,85.13,25.4267585
1984-08-31,26.11,86.18,25.227523899999998
1984-09-01,26.82,83.03,25.6701128
1984-09-02,26.67,84.89,25.65861215
1984-09-03,27.07,76.51,25.446018849999998
1984-09-04,27.24,78.75,25.751012499999998
1984-09-05,26.68,83.16,25.5518884
1984-09-06,26.43,83.04,25.3171696
1984-09-07,26.14,82.32,25.0081264
1984-09-08,26.21,79.9,24.9154595
1984-09-09,26.41,82.5,25.2636625
1984-09-10,25.22,85.55,24.368028
1984-09-11,24.75,84.9,23.8987375
1984-09-12,26.16,79.69,24.857519699999997
1984-09-13,25.49,83.95,24.519857749999996
1984-09-14,27.08,75.61,25.392455899999998
1984-09-15,26.86,77.81,25.3515238
1984-09-16,26.42,81.39,25.1999284
1984-09-17,25.84,88.86,25.1451982
1984-09-18,26.02,84.13,25.014476799999997
1984-09-19,25.52,84.55,24.5835755
1984-09-20,26.47,82.46,25.315254099999997
1984-09-21,25.94,85.41,25.0219972
1984-09-22,26.23,84.58,25.2351787
1984-09-23,26.17,84.73,25.18989505
1984-09-24,26.45,84.7,25.444407499999997
1984-09-25,26.45,85.75,25.51341875
1984-09-26,26.71,84.87,25.69394485
1984-09-27,26.45,87.74,25.644211499999997
1984-09-28,26.04,88.39,25.3031133
1984-09-29,27.09,84.59,26.02293455
1984-09-30,26.25,85.91,25.339433749999998
1984-10-01,26.36,83.71,25.2974033
1984-10-02,26.7,82.28,25.510987999999998
1984-10-03,26.43,83.41,25.34144715
1984-10-04,26.72,82.12,25.518285199999998
1984-10-05,26,87.25,25.1935625
1984-10-06,26.67,82.7,25.512024500000003
1984-10-07,26.82,83.54,25.704670399999998
1984-10-08,26.37,85.87,25.44752295
1984-10-09,26.93,79.68,25.5408232
1984-10-10,26.98,81.31,25.6971184
1984-10-11,25.81,84.56,24.8495548
1984-10-12,26.45,82.11,25.27417975
1984-10-13,26.7,81.2,25.438519999999997
1984-10-14,26.95,79.45,25.542838749999998
1984-10-15,27.06,80.51,25.713630799999997
1984-10-16,27.16,79.12,25.7061256
1984-10-17,26.95,78.24,25.459984
1984-10-18,27.04,77.91,25.5164527
1984-10-19,27.21,79.56,25.7811418
1984-10-20,26.06,86.85,25.223923
1984-10-21,26.86,80.32,25.5221536
1984-10-22,26.63,84.32,25.583908799999996
1984-10-23,26.04,85.66,25.129840199999997
1984-10-24,26.27,84.64,25.2756704
1984-10-25,26.3,84.38,25.286262
1984-10-26,26.09,86.95,25.25812775
1984-10-27,25.93,87.68,25.1555032
1984-10-28,25.61,88.96,24.935400799999996
1984-10-29,25.57,87.93,24.83511805
1984-10-30,26.62,80.21,25.3007986
1984-10-31,26.72,79.93,25.3710953
1984-11-01,26.72,79.65,25.3522765
1984-11-02,26.28,83.95,25.2401205
1984-11-03,25.82,86.68,24.9906968
1984-11-04,25.99,84.93,25.037651349999997
1984-11-05,26.62,81.77,25.4047882
1984-11-06,26.78,80.21,25.443383400000002
1984-11-07,26.55,79.86,25.2152215
1984-11-08,26.55,83.09,25.42928975
1984-11-09,26.18,83.02,25.089204799999997
1984-11-10,27.08,79.67,25.6733673
1984-11-11,26.53,83.57,25.44290905
1984-11-12,26.7,83.04,25.561984
1984-11-13,26.9,81.55,25.641709999999996
1984-11-14,27.01,79.91,25.62770755
1984-11-15,27.34,77.81,25.7729422
1984-11-16,27.16,81.95,25.9031785
1984-11-17,26.35,86.56,25.474048
1984-11-18,26.46,84.87,25.4647486
1984-11-19,27.11,78.93,25.64869015
1984-11-20,26.98,80.69,25.654561599999997
1984-11-21,26.49,85.46,25.531159699999996
1984-11-22,26.13,85.95,25.231291749999997
1984-11-23,26.46,84.64,25.4496192
1984-11-24,26.42,85.75,25.485770000000002
1984-11-25,25.55,88.27,24.83710925
1984-11-26,25.62,87.9,24.879964
1984-11-27,25.5,90.8,24.9434
1984-11-28,26.19,84.44,25.1895698
1984-11-29,26.03,83.3,24.9709695
1984-11-30,26.54,79.58,25.1877876
1984-12-01,26.6,82.4,25.428720000000002
1984-12-02,26.29,85.76,25.366607199999997
1984-12-03,26.16,86.02,25.2634626
1984-12-04,25.57,88.7,24.8819995
1984-12-05,25.54,89.99,24.9321928
1984-12-06,25.37,88.19,24.66393915
1984-12-07,25.3,90.66,24.745204
1984-12-08,24.98,90.47,24.4306908
1984-12-09,25.01,89.76,24.4180768
1984-12-10,25.38,84.4,24.446496
1984-12-11,25.62,85.41,24.7276756
1984-12-12,25.03,89.95,24.44795425
1984-12-13,25.51,85.76,24.647696800000002
1984-12-14,25.4,88.93,24.7363535
1984-12-15,25.55,87.9,24.8146225
1984-12-16,25.95,86.01,25.06897975
1984-12-17,24.26,89.58,23.7006544
1984-12-18,25.75,86.04,24.886225
1984-12-19,25.53,90.2,24.935483
1984-12-20,25.63,86.29,24.79074235
1984-12-21,25.83,85.71,24.939518649999997
1984-12-22,25.75,87.95,25.00440625
1984-12-23,25.97,89.28,25.293728799999997
1984-12-24,25.61,89,24.937845
1984-12-25,26.08,85.47,25.154584299999996
1984-12-26,26.05,87.47,25.25403175
1984-12-27,25.7,89.6,25.059359999999998
1984-12-28,25.12,91.56,24.6270196
1984-12-29,24.67,91.88,24.2158078
1984-12-30,25.23,87.86,24.5135579
1984-12-31,25.62,86.42,24.7894472
1985-01-01,25.8,87.8,25.04177
1985-01-02,25.36,91.72,24.865435599999998
1985-01-03,25.18,89.59,24.5685166
1985-01-04,25.87,84.66,24.9107131
1985-01-05,25.5,87.12,24.72076
1985-01-06,25.45,86.6,24.642985
1985-01-07,25.57,86.42,24.7431817
1985-01-08,25.76,85.64,24.8706852
1985-01-09,25.63,86.59,24.80910685
1985-01-10,24.59,90.65,24.07112175
1985-01-11,24.81,83.4,23.868696999999997
1985-01-12,25.36,85.44,24.4903312
1985-01-13,25.23,85.62,24.3813643
1985-01-14,24.94,84.72,24.062622400000002
1985-01-15,24.75,84.79,23.89253625
1985-01-16,24.73,83.6,23.807254
1985-01-17,25.75,83.2,24.7105
1985-01-18,25.95,85.45,25.033713749999997
1985-01-19,25.19,84.96,24.3057232
1985-01-20,25.82,83.51,24.7933326
1985-01-21,25.59,84.47,24.64274765
1985-01-22,25.76,84.52,24.8013236
1985-01-23,25.95,83.85,24.93295375
1985-01-24,25.79,84.47,24.825664649999997
1985-01-25,26.11,84.45,25.117054749999998
1985-01-26,25.86,85.74,24.969035199999997
1985-01-27,25.96,85.61,25.0529983
1985-01-28,26.14,85.98,25.2424396
1985-01-29,25.13,91.2,24.615508
1985-01-30,25.35,87.71,24.61659425
1985-01-31,25.07,90.15,24.49737025
1985-02-01,25.01,91.41,24.51345505
1985-02-02,25.18,87.62,24.4527988
1985-02-03,25.65,86.13,24.79942225
1985-02-04,26.06,86.41,25.1959478
1985-02-05,26.45,84.87,25.45558075
1985-02-06,26.34,85.72,25.4100864
1985-02-07,26.42,83.94,25.3671064
1985-02-08,26.28,85.43,25.3360097
1985-02-09,26.56,85.64,25.607501199999998
1985-02-10,26.42,82.01,25.2405756
1985-02-11,26.29,82.31,25.14289195
1985-02-12,25.96,83.57,24.9244171
1985-02-13,25.67,85.83,24.79946605
1985-02-14,25.23,87.32,24.481689799999998
1985-02-15,26.05,84.61,25.07235025
1985-02-16,26.35,85.68,25.416694
1985-02-17,26.18,85.87,25.2722888
1985-02-18,27.05,82.73,25.85793825
1985-02-19,27.2,83.48,26.046077999999998
1985-02-20,27.61,80.32,26.1909736
1985-02-21,26.88,85.64,25.9022276
1985-02-22,27.11,84.41,26.02875555
1985-02-23,27.15,84.15,26.047236249999997
1985-02-24,26.64,86.01,25.7058877
1985-02-25,27.04,81.68,25.7764696
1985-02-26,27.19,81.41,25.892510950000002
1985-02-27,27.73,80.48,26.3096272
1985-02-28,27.05,84.54,25.9828735
1985-03-01,25.63,85.08,24.716672199999998
1985-03-02,25.1,85.78,24.270974000000002
1985-03-03,24.79,88.61,24.14538295
1985-03-04,25.81,87.45,25.029327249999998
1985-03-05,25.62,88.32,24.9056512
1985-03-06,25.71,85.35,24.80675425
1985-03-07,26.04,81.87,24.889288899999997
1985-03-08,26.19,83.43,25.12463185
1985-03-09,26.25,85.81,25.33297125
1985-03-10,26.84,85.1,25.828737
1985-03-11,26.36,87.29,25.5309267
1985-03-12,26.37,84.52,25.359388199999998
1985-03-13,26.41,84.84,25.4169442
1985-03-14,26.6,84.58,25.573799
1985-03-15,26.49,86.53,25.60172085
1985-03-16,26.15,86.08,25.258076
1985-03-17,26.4,85.27,25.435921499999996
1985-03-18,26.44,85.62,25.4956654
1985-03-19,26.82,84.33,25.7582008
1985-03-20,26.97,84.48,25.9055608
1985-03-21,26.85,85.75,25.882068750000002
1985-03-22,26.64,85.58,25.6771766
1985-03-23,27.16,83.62,26.0194606
1985-03-24,27.14,83.5,25.992919999999998
1985-03-25,26.61,85.83,25.666207149999998
1985-03-26,27.34,81.82,26.0561284
1985-03-27,27.31,81.81,26.02842355
1985-03-28,27.18,81.26,25.873072399999998
1985-03-29,27.55,82.21,26.27312275
1985-03-30,26.92,83.95,25.8236245
1985-03-31,26.84,82.14,25.6278418
1985-04-01,26.72,83.88,25.636574799999998
1985-04-02,26.87,83.29,25.733135150000003
1985-04-03,26.7,83.45,25.589495
1985-04-04,27.16,82.54,25.9442602
1985-04-05,27.11,83.35,25.955239249999998
1985-04-06,27.91,76.65,26.18782075
1985-04-07,28.26,76.31,26.4671408
1985-04-08,27.49,80.58,26.102538099999997
1985-04-09,27.56,82.85,26.3281155
1985-04-10,28.28,77.4,26.567146
1985-04-11,26.87,87.38,26.0113983
1985-04-12,26.79,89.06,26.050510699999997
1985-04-13,27.4,84.64,26.310208
1985-04-14,25.93,87.67,25.15487455
1985-04-15,26.88,84.8,25.845032
1985-04-16,27.43,75.58,25.6933717
1985-04-17,27.22,79.7,25.799812
1985-04-18,27.12,82.23,25.8865843
1985-04-19,26.97,81.5,25.7011775
1985-04-20,27.38,79.54,25.930613599999997
1985-04-21,27.19,84.17,26.08514515
1985-04-22,26.99,83.91,25.884697449999997
1985-04-23,26.84,84.16,25.7649392
1985-04-24,26.75,84.18,25.6841275
1985-04-25,26.87,82.74,25.6957159
1985-04-26,27.46,80.97,26.1035416
1985-04-27,27.12,83.96,26.0066636
1985-04-28,26.56,87.33,25.719598899999998
1985-04-29,26.87,82.76,25.6970766
1985-04-30,26.77,84.95,25.75435075
1985-05-01,26.98,81.84,25.7334976
1985-05-02,27.46,81.53,26.1434584
1985-05-03,27.45,82.19,26.181482749999997
1985-05-04,27.6,82.29,26.3239945
1985-05-05,27.66,82.72,26.4092736
1985-05-06,27.8,78.69,26.2411735
1985-05-07,27.8,78.29,26.2119135
1985-05-08,27.58,79.27,26.0886838
1985-05-09,27.66,79.36,26.1660768
1985-05-10,27.2,81.58,25.913362999999997
1985-05-11,27.61,81.55,26.27966275
1985-05-12,27.61,79.69,26.14554745
1985-05-13,27.04,81.43,25.7592271
1985-05-14,27.66,77.68,26.0444784
1985-05-15,27.53,82.55,26.27944575
1985-05-16,26.64,86.21,25.719241699999998
1985-05-17,28.08,78.61,26.4823809
1985-05-18,29.01,75.07,27.02046135
1985-05-19,27.61,83.19,26.397914949999997
1985-05-20,26.99,85.17,25.97125315
1985-05-21,27.08,82.04,25.837347599999998
1985-05-22,27.52,81.41,26.1887701
1985-05-23,26.71,83.94,25.6314907
1985-05-24,27.4,80.21,25.995899499999997
1985-05-25,27.39,82.66,26.1606807
1985-05-26,27.16,86.01,26.1858763
1985-05-27,27.35,85.32,26.312491
1985-05-28,27.56,85.57,26.523493099999996
1985-05-29,27.75,85.47,26.69112625
1985-05-30,27.46,85.84,26.4506752
1985-05-31,26.59,81.58,25.3651621
1985-06-01,28.21,74.13,26.25927265
1985-06-02,28.24,76.5,26.464104999999996
1985-06-03,27.61,80.29,26.18881045
1985-06-04,27.45,81.71,26.147294749999997
1985-06-05,27.37,81.9,26.0887915
1985-06-06,26.76,82.36,25.5705348
1985-06-07,27.19,78.62,25.6977829
1985-06-08,27.42,81.15,26.080519000000002
1985-06-09,27.35,79.18,25.8785465
1985-06-10,27.11,82.93,25.92611015
1985-06-11,26.77,82.83,25.61128255
1985-06-12,26.71,82.58,25.5401599
1985-06-13,27.19,81.85,25.92322075
1985-06-14,26.93,82.76,25.7513874
1985-06-15,26.7,84.16,25.637135999999998
1985-06-16,26.88,79.27,25.468494299999996
1985-06-17,26.92,80.87,25.6132297
1985-06-18,27.23,79.57,25.799593549999997
1985-06-19,27.33,77.66,25.753577899999996
1985-06-20,27.16,80.03,25.7694889
1985-06-21,27.43,79.13,25.94582995
1985-06-22,27.05,73.89,25.24775725
1985-06-23,27.64,76.91,25.9712857
1985-06-24,27,82.96,25.8285
1985-06-25,28.01,78.57,26.41764385
1985-06-26,27.43,81.74,26.1314401
1985-06-27,27.26,79.59,25.8276262
1985-06-28,27.45,77.91,25.87663975
1985-06-29,27.12,78.24,25.609638399999998
1985-06-30,27.1,77.07,25.510951
1985-07-01,27.74,75.27,25.939161399999996
1985-07-02,27.16,80.28,25.7868964
1985-07-03,26.48,81.78,25.2794842
1985-07-04,26.93,80.3,25.5832095
1985-07-05,26.52,80.83,25.2526713
1985-07-06,27.05,78.19,25.54456475
1985-07-07,26.57,82,25.37507
1985-07-08,26.74,81.5,25.49458
1985-07-09,25.99,77.45,24.564952749999996
1985-07-10,26.97,76.4,25.351394
1985-07-11,27.04,78.83,25.579905099999998
1985-07-12,27.24,78.85,25.758019499999996
1985-07-13,26.75,81.18,25.4820025
1985-07-14,26.16,80.96,24.9389648
1985-07-15,26.87,78.45,25.403845750000002
1985-07-16,26.84,79.76,25.4663112
1985-07-17,26.38,85.29,25.418848599999997
1985-07-18,25.85,84.5,24.8824125
1985-07-19,26.34,81.72,25.1496064
1985-07-20,26.49,81.07,25.24166115
1985-07-21,25.36,83.8,24.392374
1985-07-22,25.85,80.77,24.64956725
1985-07-23,26.06,79.66,24.766782799999998
1985-07-24,26.4,80.75,25.1400875
1985-07-25,26.24,83.23,25.157161099999996
1985-07-26,26.24,83.15,25.151995499999998
1985-07-27,26.42,81.55,25.210418
1985-07-28,26.56,78.73,25.1491609
1985-07-29,26.43,79.22,25.0665203
1985-07-30,26.86,80.17,25.511956599999998
1985-07-31,26.45,83.58,25.3707955
1985-08-01,26.1,80.29,24.842502
1985-08-02,26.52,78.26,25.082768599999998
1985-08-03,27.11,77.11,25.52246405
1985-08-04,26.47,81.52,25.253369199999998
1985-08-05,26.39,82.5,25.2455875
1985-08-06,26.24,83.42,25.1694294
1985-08-07,26.52,83.29,25.4153019
1985-08-08,26.36,83.91,25.3104493
1985-08-09,26.59,83.05,25.462909749999998
1985-08-10,26.74,81.22,25.475730399999996
1985-08-11,26.71,79.46,25.3306363
1985-08-12,27.14,79.65,25.725268
1985-08-13,26.12,85.08,25.1664628
1985-08-14,26.47,84.02,25.417956699999998
1985-08-15,26.28,84.85,25.2984315
1985-08-16,26.44,85.29,25.4739943
1985-08-17,26.49,85.65,25.54368925
1985-08-18,26.45,83.51,25.36619475
1985-08-19,26.49,83.63,25.410480349999997
1985-08-20,26.45,84.47,25.42929075
1985-08-21,25.89,85.38,24.9741301
1985-08-22,26.86,81.71,25.616645799999997
1985-08-23,26.78,81.96,25.5615784
1985-08-24,27.08,80.92,25.7598548
1985-08-25,26.46,82.75,25.325295
1985-08-26,27.08,79.65,25.671983499999996
1985-08-27,27.22,77.8,25.666887999999997
1985-08-28,27.39,77.86,25.820384699999998
1985-08-29,26.99,81.63,25.728072849999997
1985-08-30,27.41,78.89,25.91108445
1985-08-31,26.15,84.09,25.13056675
1985-09-01,26.55,76.43,24.98789825
1985-09-02,26.51,80.89,25.24768895
1985-09-03,26.78,79.94,25.4251476
1985-09-04,27.1,76.64,25.481152
1985-09-05,26.87,79.03,25.44330605
1985-09-06,27.18,79.47,25.7482378
1985-09-07,27.21,80.79,25.86712495
1985-09-08,26.55,83.13,25.43194075
1985-09-09,26.75,80.19,25.41530125
1985-09-10,26.6,83.76,25.519228000000002
1985-09-11,26.86,80.86,25.5588628
1985-09-12,26.33,80.43,25.056677949999997
1985-09-13,27.2,78.08,25.668888
1985-09-14,26.39,82.96,25.2756692
1985-09-15,26.64,82.13,25.4468201
1985-09-16,26.29,84.76,25.3017622
1985-09-17,25.66,86.18,24.8117284
1985-09-18,26.42,80.5,25.14158
1985-09-19,26.48,80.22,25.1766958
1985-09-20,26.34,84.28,25.316313599999997
1985-09-21,26.88,81.15,25.596503499999997
1985-09-22,26.65,81.92,25.441803999999998
1985-09-23,27.28,76.83,25.6513807
1985-09-24,27.07,77.87,25.54004245
1985-09-25,27.2,81.77,25.9266345
1985-09-26,25.4,86.09,24.5660955
1985-09-27,26.79,80.89,25.49825955
1985-09-28,26.03,83.5,24.9836525
1985-09-29,25.95,84.18,24.9537355
1985-09-30,26.51,82.4,25.347432
1985-10-01,26.07,83.62,25.0276587
1985-10-02,26.76,81.4,25.505802
1985-10-03,25.91,86.38,25.0552769
1985-10-04,26.96,78,25.45234
1985-10-05,27.02,81.07,25.7164802
1985-10-06,26.97,81.41,25.695004849999997
1985-10-07,26.64,81.61,25.4120997
1985-10-08,26.74,81.9,25.521507999999997
1985-10-09,25.89,87.49,25.10631105
1985-10-10,26.44,83.98,25.387966600000002
1985-10-11,25.81,85.14,24.8856337
1985-10-12,26.88,79.93,25.5134337
1985-10-13,26.48,82.53,25.3289017
1985-10-14,26.99,78.53,25.515118349999998
1985-10-15,27.33,77.75,25.759928749999997
1985-10-16,27.26,80.51,25.8921918
1985-10-17,26.62,81.3,25.373458
1985-10-18,27.2,76.54,25.561318999999997
1985-10-19,27.13,79.36,25.6962424
1985-10-20,26.49,83.11,25.37618895
1985-10-21,27.04,80.75,25.712327499999997
1985-10-22,26.6,83.89,25.5278795
1985-10-23,25.95,83.66,24.920988499999996
1985-10-24,26.7,81.36,25.449256
1985-10-25,27.2,80.05,25.806492499999997
1985-10-26,27.13,81.29,25.83030985
1985-10-27,27.17,79.34,25.7303079
1985-10-28,26.97,78.83,25.51805555
1985-10-29,27.1,78.87,25.635691
1985-10-30,26.52,80.74,25.2467214
1985-10-31,26.82,79.32,25.4187232
1985-11-01,26.74,81.68,25.5066976
1985-11-02,26.33,86.63,25.46008095
1985-11-03,26.02,86.42,25.1595712
1985-11-04,25.75,86.02,24.884987499999998
1985-11-05,27.5,77.74,25.90841
1985-11-06,26.39,85.1,25.4156145
1985-11-07,25.4,83.99,24.440200499999996
1985-11-08,27.08,81.95,25.831120499999997
1985-11-09,27.06,82.57,25.8559356
1985-11-10,25.73,90.08,25.1172912
1985-11-11,26.67,81.73,25.447097550000002
1985-11-12,27.17,83.13,25.99441405
1985-11-13,26.25,85.61,25.32004625
1985-11-14,25.91,84.81,24.95675155
1985-11-15,26.33,81.25,25.11003125
1985-11-16,26.21,83.91,25.17372355
1985-11-17,26.74,83.62,25.6372984
1985-11-18,25.93,87.82,25.164304299999998
1985-11-19,25.68,86.19,24.8308231
1985-11-20,26.2,84.58,25.207722999999998
1985-11-21,26.02,85.03,25.0715008
1985-11-22,26.04,83.12,24.968626399999998
1985-11-23,26.12,81.99,24.9689809
1985-11-24,25.94,87.33,25.1428036
1985-11-25,25.75,86.8,24.933249999999997
1985-11-26,26.34,84.5,25.33064
1985-11-27,26.75,82.59,25.57700125
1985-11-28,25.89,85.05,24.95345725
1985-11-29,25.9,86.16,25.032231999999997
1985-11-30,25.28,90.58,24.7214882
1985-12-01,25.24,89.88,24.642211599999996
1985-12-02,25.93,87.41,25.13852965
1985-12-03,26.16,86.21,25.2756473
1985-12-04,25.25,90.62,24.695407499999998
1985-12-05,26.03,86.77,25.19101955
1985-12-06,25.63,87.86,24.886849899999998
1985-12-07,25.78,86.54,24.9449416
1985-12-08,26.39,83,25.278285
1985-12-09,25,86.82,24.238854999999997
1985-12-10,26.06,77.07,24.602110599999996
1985-12-11,26.22,83.62,25.1641452
1985-12-12,26.6,84.58,25.573799
1985-12-13,26.04,87.85,25.2688395
1985-12-14,25.73,88.39,25.01290835
1985-12-15,25.07,90.11,24.49504485
1985-12-16,25.77,86.04,24.9046894
1985-12-17,25.64,86.42,24.8079534
1985-12-18,25.93,86.97,25.110869049999998
1985-12-19,25.56,87.08,24.7740764
1985-12-20,25.83,85.92,24.952604799999996
1985-12-21,26.3,84.43,25.289507
1985-12-22,26.61,84.72,25.592275599999997
1985-12-23,25.02,92.54,24.5883644
1985-12-24,25.15,87.64,24.426012999999998
1985-12-25,25.88,87.35,25.088236499999997
1985-12-26,26.06,87.05,25.236638999999997
1985-12-27,25.37,91.24,24.8462834
1985-12-28,25.23,89.16,24.590277399999998
1985-12-29,25.7,86.55,24.87148
1985-12-30,26.06,87.69,25.277330199999998
1985-12-31,25.58,89.78,24.9571932
1986-01-01,25.75,88.21,25.02049375
1986-01-02,25.77,87.45,24.99208825
1986-01-03,25.39,90.84,24.8413618
1986-01-04,25.75,89.82,25.120112499999998
1986-01-05,25.3,90.67,24.745798
1986-01-06,25.06,90.87,24.5297296
1986-01-07,25.22,89.32,24.590307199999998
1986-01-08,25.51,90.31,24.92322205
1986-01-09,24.84,93.64,24.4783068
1986-01-10,24.78,91.77,24.3146758
1986-01-11,24.18,91.96,23.7519504
1986-01-12,24.42,91.96,23.9813376
1986-01-13,24.52,90.15,23.9771665
1986-01-14,25.2,87.81,24.482618499999997
1986-01-15,25.05,90.3,24.4871575
1986-01-16,24.61,90.47,24.08008435
1986-01-17,24.83,87.83,24.138561449999997
1986-01-18,25.01,87.34,24.2781887
1986-01-19,24.77,88.53,24.12211705
1986-01-20,24.67,88.47,24.02506945
1986-01-21,24.67,87.21,23.95459135
1986-01-22,24.94,86.12,24.1430104
1986-01-23,25.24,87.91,24.5258437
1986-01-24,24.93,87.4,24.207200999999998
1986-01-25,25.08,86.93,24.319456699999996
1986-01-26,25.09,87.41,24.35669545
1986-01-27,25,86.77,24.2359675
1986-01-28,24.83,86.23,24.04765745
1986-01-29,24.87,85.05,24.01732675
1986-01-30,25.55,84.95,24.63533625
1986-01-31,25.69,85.8,24.816061
1986-02-01,25.57,85.64,24.6956914
1986-02-02,25.3,85.95,24.46543
1986-02-03,25.32,86.68,24.5273268
1986-02-04,25.57,84.27,24.61227895
1986-02-05,25.84,85.96,24.964325199999998
1986-02-06,25.4,85.54,24.533123
1986-02-07,25.72,86.17,24.866550699999998
1986-02-08,25.56,85.79,24.695605699999998
1986-02-09,25.39,84.9,24.4855855
1986-02-10,25.26,85.51,24.4024818
1986-02-11,25.12,86.71,24.3437311
1986-02-12,25.25,86.11,24.42875375
1986-02-13,25.69,85.84,24.8185228
1986-02-14,26.04,85.39,25.1127033
1986-02-15,25.72,86.19,24.867784899999997
1986-02-16,25.69,85.77,24.81421465
1986-02-17,25.78,84.03,24.7892212
1986-02-18,26.33,83.93,25.284405449999998
1986-02-19,26.32,84.65,25.3220965
1986-02-20,26.1,83.73,25.061974
1986-02-21,25.21,85.26,24.3417403
1986-02-22,25.42,83.47,24.4272082
1986-02-23,25.97,82.58,24.8710593
1986-02-24,25.89,80.14,24.6458703
1986-02-25,25.14,80.77,24.0146604
1986-02-26,25.6,82.14,24.509647
1986-02-27,25.81,85.52,24.909271599999997
1986-02-28,26.1,85.5,25.1749
1986-03-01,25.77,86.55,24.93630175
1986-03-02,25.37,87.61,24.62926385
1986-03-03,24.62,87.54,23.926476400000002
1986-03-04,24.36,88.49,23.735812699999997
1986-03-05,24.84,88.43,24.1820141
1986-03-06,24.86,92.65,24.441197
1986-03-07,25.05,92.68,24.625257
1986-03-08,25.29,91.38,24.7784461
1986-03-09,25.13,90.83,24.593875949999997
1986-03-10,25.65,89.47,25.004247749999998
1986-03-11,25.81,86.82,24.990138099999996
1986-03-12,25.9,87.57,25.120638999999997
1986-03-13,26.16,87.2,25.339136
1986-03-14,26.23,87.15,25.40098225
1986-03-15,26.47,84.32,25.4377072
1986-03-16,26.53,83.3,25.4250445
1986-03-17,26.58,83.73,25.499021199999998
1986-03-18,26.81,83.59,25.69896095
1986-03-19,27.33,81.81,26.046422649999997
1986-03-20,27.38,82.08,26.1105472
1986-03-21,27.13,83.84,26.007445599999997
1986-03-22,27,83.84,25.889
1986-03-23,26.9,84.4,25.83608
1986-03-24,26.59,84.53,25.561322349999998
1986-03-25,26.25,82.39,25.111953749999998
1986-03-26,26.49,78.84,25.094603799999998
1986-03-27,27.05,81.45,25.76958625
1986-03-28,27.42,79.74,25.9803244
1986-03-29,26.95,77.97,25.441495749999998
1986-03-30,26.37,85.51,25.42402035
1986-03-31,27.19,83.43,26.033496850000002
1986-04-01,27.72,80.72,26.3181512
1986-04-02,26.02,83.06,24.946681599999998
1986-04-03,27.26,82.43,26.0269374
1986-04-04,26.7,83.84,25.615664
1986-04-05,26.99,82.63,25.79676785
1986-04-06,27.11,84.33,26.023207149999998
1986-04-07,26.82,86.25,25.8883
1986-04-08,27.07,84.03,25.96591405
1986-04-09,27.33,81.89,26.052067849999997
1986-04-10,28.15,77.82,26.484836499999997
1986-04-11,28.55,78.62,26.8978605
1986-04-12,26.74,81.06,25.4649592
1986-04-13,26.64,83.9,25.565003
1986-04-14,27.46,79.65,26.009452
1986-04-15,27.21,84.33,26.11458865
1986-04-16,26.65,85.84,25.703757999999997
1986-04-17,25.5,91.47,24.983935
1986-04-18,27.68,79.06,26.1620594
1986-04-19,27.28,81.13,25.9536277
1986-04-20,27.6,79.89,26.1510745
1986-04-21,27.61,81.86,26.302015299999997
1986-04-22,27.42,83.12,26.2205072
1986-04-23,27.5,82.67,26.260905
1986-04-24,27.37,83.17,26.17868845
1986-04-25,27.71,79.91,26.25036105
1986-04-26,27.24,80.89,25.900962299999996
1986-04-27,27.61,82.15,26.32292575
1986-04-28,27.63,82.62,26.3749033
1986-04-29,27.5,83.52,26.321679999999997
1986-04-30,27.66,82.52,26.394797599999997
1986-05-01,27.68,81.32,26.3258868
1986-05-02,28.39,77.65,26.68257175
1986-05-03,28.21,79.78,26.6853109
1986-05-04,27.8,83.78,26.613507
1986-05-05,27.31,85.67,26.30037985
1986-05-06,27.4,85.68,26.383995999999996
1986-05-07,27.63,86.19,26.63271085
1986-05-08,27.55,85.8,26.530794999999998
1986-05-09,27.14,86.01,26.1674152
1986-05-10,27.22,84.92,26.165003199999997
1986-05-11,27.16,84.32,26.0682016
1986-05-12,27.55,82.63,26.30326825
1986-05-13,27.51,80.45,26.11109975
1986-05-14,27.82,78.69,26.2588294
1986-05-15,27.48,82.91,26.2599449
1986-05-16,27.1,83.27,25.940611
1986-05-17,26.9,83.98,25.807436
1986-05-18,26.9,84.67,25.854494
1986-05-19,27.42,83.58,26.2531948
1986-05-20,27.42,84.47,26.3164382
1986-05-21,27.48,80.98,26.122162199999998
1986-05-22,27.39,83.19,26.19825505
1986-05-23,27.6,83.09,26.3816345
1986-05-24,27.31,84.86,26.2433113
1986-05-25,27.16,85.18,26.1280834
1986-05-26,27.32,82.94,26.1170994
1986-05-27,26.33,86.81,25.471792649999998
1986-05-28,27,83.84,25.889
1986-05-29,26.66,84.14,25.5992832
1986-05-30,26.69,82.89,25.54286005
1986-05-31,27.24,80.97,25.9065679
1986-06-01,27.24,81.12,25.917078399999998
1986-06-02,26.99,81.68,25.731507599999997
1986-06-03,27.55,80.31,26.13675025
1986-06-04,27.04,83.37,25.893028899999997
1986-06-05,26.88,85.14,25.868182599999997
1986-06-06,26.98,83.36,25.837830399999998
1986-06-07,26.99,84.51,25.925914449999997
1986-06-08,26.94,85.2,25.927384
1986-06-09,26.98,84.34,25.9050976
1986-06-10,27.37,80.79,26.01022015
1986-06-11,26.61,84.32,25.565633599999998
1986-06-12,27.68,76.41,25.969960899999997
1986-06-13,27.45,82.71,26.21851975
1986-06-14,27.44,81.94,26.1546698
1986-06-15,27.32,82.35,26.0754985
1986-06-16,27.46,80.09,26.0408152
1986-06-17,27.23,83.4,26.067751
1986-06-18,26.59,86.35,25.68234325
1986-06-19,27.25,82.22,26.0031775
1986-06-20,27.46,80.94,26.1014032
1986-06-21,27.3,80.23,25.908192
1986-06-22,26.87,82.82,25.7011587
1986-06-23,27.16,83.33,25.9992679
1986-06-24,27.3,81.93,26.027872
1986-06-25,27.55,79.7,26.0929675
1986-06-26,27.31,82.69,26.090423949999998
1986-06-27,27.23,82.99,26.03904485
1986-06-28,27.42,79.36,25.953321600000002
1986-06-29,28.01,78.3,26.3975815
1986-06-30,27.18,84.24,26.0808976
1986-07-01,26.65,85.73,25.69640725
1986-07-02,27.1,80.88,25.774984
1986-07-03,26.09,87.45,25.29000025
1986-07-04,26.91,83.76,25.8015388
1986-07-05,26.81,85.25,25.811351249999998
1986-07-06,27.35,83.65,26.19446375
1986-07-07,27.4,82.88,26.185336
1986-07-08,27.21,84.56,26.1306668
1986-07-09,27.06,83.06,25.889784799999997
1986-07-10,26.99,82.6,25.794706999999995
1986-07-11,25.73,85.25,24.81896625
1986-07-12,26.94,81.2,25.653704
1986-07-13,26.46,83.75,25.391075
1986-07-14,26.63,82.87,25.487172049999998
1986-07-15,26.23,86.19,25.33904785
1986-07-16,26.48,85.57,25.5292073
1986-07-17,26.93,84.14,25.8457311
1986-07-18,27.06,82.68,25.8635344
1986-07-19,27.22,83.06,26.034877599999998
1986-07-20,27.43,79.47,25.970009049999998
1986-07-21,27.31,80.2,25.914990999999997
1986-07-22,27.25,80.79,25.90289875
1986-07-23,27.89,78.08,26.275701599999998
1986-07-24,26.29,83.52,25.2213544
1986-07-25,25.52,83.1,24.495690999999997
1986-07-26,27.17,73.42,25.317772700000003
1986-07-27,26.83,78.58,25.377402699999998
1986-07-28,26.41,81.97,25.228944849999998
1986-07-29,26.49,82.92,25.363659399999996
1986-07-30,26.43,82.26,25.2659899
1986-07-31,26.3,82.19,25.144131
1986-08-01,26.51,81.76,25.305156800000002
1986-08-02,26.12,83.95,25.094244500000002
1986-08-03,26.94,79.47,25.5353374
1986-08-04,26.45,82.07,25.27155075
1986-08-05,26.74,84.36,25.687115199999997
1986-08-06,26.58,84.63,25.558817199999996
1986-08-07,26.91,82.86,25.7401093
1986-08-08,26.77,83.35,25.64637475
1986-08-09,26.77,86.94,25.8886459
1986-08-10,26.97,84.54,25.9096759
1986-08-11,27.1,83.58,25.962094
1986-08-12,27.29,81.74,26.005500299999998
1986-08-13,27.52,79.2,26.030511999999998
1986-08-14,27.35,84.04,26.222027
1986-08-15,26.74,85.71,25.777997199999998
1986-08-16,27.16,79.99,25.766703699999997
1986-08-17,26.78,84.02,25.7007108
1986-08-18,26.6,84.03,25.5371965
1986-08-19,26.63,83.7,25.5425455
1986-08-20,26.44,86.26,25.5376942
1986-08-21,26.22,88.56,25.4825776
1986-08-22,26.42,87.77,25.6182012
1986-08-23,26.56,87.18,25.7096494
1986-08-24,26.89,84.3,25.8201235
1986-08-25,26.81,82.57,25.629901849999996
1986-08-26,26.88,82.2,25.667997999999997
1986-08-27,27.12,82.93,25.9351713
1986-08-28,26.72,83.5,25.611034999999998
1986-08-29,26.26,82.47,25.1261596
1986-08-30,26.02,83.53,24.976460799999998
1986-08-31,26.87,79.7,25.4888895
1986-09-01,26.52,82.89,25.388857899999998
1986-09-02,26.42,81.42,25.201895200000003
1986-09-03,25.74,84.62,24.7892084
1986-09-04,26.94,81.37,25.6653354
1986-09-05,26.95,81.47,25.68115825
1986-09-06,26.57,83.55,25.47796675
1986-09-07,25.65,88.45,24.94169625
1986-09-08,25.28,85.89,24.4434181
1986-09-09,25.12,87.02,24.3618382
1986-09-10,26.94,77.98,25.4333916
1986-09-11,26.12,83.47,25.0635677
1986-09-12,25.89,81.88,24.7548726
1986-09-13,27.64,71.8,25.601986
1986-09-14,27.14,80.64,25.7940928
1986-09-15,25.88,85.31,24.9605529
1986-09-16,26.43,82.79,25.300765849999998
1986-09-17,26.98,81.66,25.721142399999998
1986-09-18,26.91,83.65,25.79403075
1986-09-19,26.09,85.78,25.1835461
1986-09-20,26.01,87.3,25.2060265
1986-09-21,26.74,86.65,25.841278
1986-09-22,26.56,87.89,25.756743699999998
1986-09-23,26.67,84.66,25.6432171
1986-09-24,26.87,82.57,25.68414995
1986-09-25,26.98,83.15,25.823415999999998
1986-09-26,26.79,86.87,25.902477649999998
1986-09-27,26.05,87.2,25.23688
1986-09-28,26.84,81.61,25.591870699999998
1986-09-29,26.38,86.51,25.4985634
1986-09-30,26.48,84.2,25.438938
1986-10-01,26.67,84.46,25.6298301
1986-10-02,26.58,81.16,25.328270399999997
1986-10-03,27.36,76.77,25.716942099999997
1986-10-04,26.7,79.71,25.338541
1986-10-05,25.63,86.37,24.795639549999997
1986-10-06,26.26,83.79,25.211537200000002
1986-10-07,25.64,85,24.72095
1986-10-08,26.18,82.51,25.056442399999998
1986-10-09,26.26,84.01,25.225766800000002
1986-10-10,26.69,83.51,25.584427950000002
1986-10-11,26.12,85.6,25.199696
1986-10-12,26.47,83.56,25.3876726
1986-10-13,26.52,82.36,25.353819599999998
1986-10-14,26.85,80.45,25.52206625
1986-10-15,27.13,82.25,25.896996249999997
1986-10-16,26.91,82.43,25.71075965
1986-10-17,27.15,80.7,25.8072025
1986-10-18,27.44,80.38,26.0436446
1986-10-19,27.17,82.12,25.9240322
1986-10-20,26.33,86.24,25.434705599999997
1986-10-21,26.29,84.81,25.30500445
1986-10-22,26.95,83.28,25.805097999999997
1986-10-23,26.02,85.33,25.0905088
1986-10-24,26.95,82.31,25.73867725
1986-10-25,26.86,83.92,25.766881599999998
1986-10-26,26.58,83.82,25.505000799999998
1986-10-27,27.27,77.83,25.71289005
1986-10-28,26.96,83.29,25.8148637
1986-10-29,26.94,82.23,25.7241766
1986-10-30,27.19,80.22,25.8094549
1986-10-31,27.53,78.96,26.022168399999998
1986-11-01,26.65,84.13,25.589487249999998
1986-11-02,25.91,87.85,25.14752675
1986-11-03,26.55,85.86,25.6128715
1986-11-04,26.52,85.08,25.5336388
1986-11-05,26.53,83.07,25.40982655
1986-11-06,26.6,83.93,25.530541500000002
1986-11-07,25.83,84.96,24.892782399999998
1986-11-08,26.23,80.5,24.9719575
1986-11-09,26.71,82.88,25.560306399999998
1986-11-10,26.79,80.86,25.4962317
1986-11-11,26.34,86.38,25.4530656
1986-11-12,25.96,86.03,25.0794709
1986-11-13,26.14,85.77,25.2289954
1986-11-14,26.14,86.44,25.2718888
1986-11-15,26.91,81.59,25.65342545
1986-11-16,26.63,82.03,25.43113145
1986-11-17,25.89,87.22,25.0893969
1986-11-18,26.49,81.36,25.260785199999997
1986-11-19,26.28,84.74,25.2913046
1986-11-20,26.61,82.34,25.4337557
1986-11-21,26.71,83.86,25.6261183
1986-11-22,26.08,87.3,25.271136999999996
1986-11-23,25.88,86.87,25.0581933
1986-11-24,26.09,85.73,25.18035885
1986-11-25,25.99,88.6,25.269576999999998
1986-11-26,26.15,85.91,25.24718325
1986-11-27,26.33,85.62,25.394365299999997
1986-11-28,26.18,88.87,25.4650088
1986-11-29,25.56,90.13,24.959607899999998
1986-11-30,25.55,90.42,24.9677755
1986-12-01,25.69,88.12,24.9588454
1986-12-02,26.68,83.21,25.555237899999998
1986-12-03,26.27,85.89,25.356589149999998
1986-12-04,26.3,85.81,25.379069
1986-12-05,26.43,86.33,25.53304295
1986-12-06,26.45,86.89,25.58834525
1986-12-07,26.47,86.85,25.604269749999997
1986-12-08,26.56,87.41,25.724905299999996
1986-12-09,25.68,91.78,25.174552199999997
1986-12-10,25.57,90.38,24.984286299999997
1986-12-11,25.59,89.7,24.9617515
1986-12-12,25.76,88.57,25.0521401
1986-12-13,25.42,87.58,24.6740548
1986-12-14,25.47,87.03,24.687455049999997
1986-12-15,25.1,88.44,24.426052000000002
1986-12-16,25.44,90.26,24.8539442
1986-12-17,25.59,87.51,24.82817245
1986-12-18,26,85.99,25.113867499999998
1986-12-19,25.92,87.76,25.1512056
1986-12-20,25.67,89.57,25.02923295
1986-12-21,25.02,90.06,24.4448716
1986-12-22,25.32,87.2,24.558272
1986-12-23,25.41,86.79,24.61733395
1986-12-24,25.82,87.62,25.049221199999998
1986-12-25,25.99,87.98,25.230396099999997
1986-12-26,26.26,88.02,25.4851336
1986-12-27,25.74,89.52,25.092126399999998
1986-12-28,25.61,89.68,24.9793964
1986-12-29,25.47,88.52,24.777354199999998
1986-12-30,25.62,87.55,24.858558
1986-12-31,25.85,86.83,25.02786275
1987-01-01,25.84,86.7,25.010479
1987-01-02,25.23,85.03,24.34654545
1987-01-03,24.94,85.46,24.1051132
1987-01-04,25.92,84.88,24.9703128
1987-01-05,26.14,86.08,25.2488416
1987-01-06,25.58,88.95,24.906612999999997
1987-01-07,25.35,90.23,24.76697525
1987-01-08,25.3,88.2,24.59908
1987-01-09,25.09,88.83,24.43940335
1987-01-10,25.32,90.67,24.7647717
1987-01-11,24.99,93.03,24.587865849999996
1987-01-12,24.89,93.56,24.5219862
1987-01-13,24.98,93.3,24.593812
1987-01-14,24.54,91.92,24.0938224
1987-01-15,24.8,91.46,24.316209
1987-01-16,24.94,89.1,24.314122
1987-01-17,25.14,90.72,24.5969344
1987-01-18,25.23,89.94,24.6363091
1987-01-19,25.24,89.81,24.6380767
1987-01-20,25.62,90.05,25.011458
1987-01-21,25.61,89.44,24.9647312
1987-01-22,25.06,90.28,24.495462399999997
1987-01-23,25.48,90.02,24.8773078
1987-01-24,25.09,91.37,24.58734565
1987-01-25,24.67,93.48,24.3053038
1987-01-26,24.32,92.05,23.8906205
1987-01-27,25.03,88.43,24.35992345
1987-01-28,25.19,90.31,24.620276450000002
1987-01-29,24.92,90.89,24.3979059
1987-01-30,25.26,88.54,24.5817972
1987-01-31,25.28,88.26,24.5839354
1987-02-01,24.95,87.36,24.223516
1987-02-02,25.08,86.35,24.285706499999996
1987-02-03,25.15,87.06,24.3920395
1987-02-04,25.04,87.24,24.300302799999997
1987-02-05,25.26,87.61,24.5267598
1987-02-06,25.32,87.31,24.5648181
1987-02-07,25.34,86.58,24.5398996
1987-02-08,25.14,85.74,24.305504799999998
1987-02-09,25.51,86.68,24.7034074
1987-02-10,25.47,86.52,24.656684199999997
1987-02-11,25.7,85.7,24.819119999999998
1987-02-12,25.34,86.25,24.520225
1987-02-13,25.52,86.48,24.7005528
1987-02-14,25.54,85.39,24.6528808
1987-02-15,25.79,85.49,24.889001549999996
1987-02-16,25.5,85.69,24.634245
1987-02-17,25.24,82.78,24.2228146
1987-02-18,25.9,84.24,24.911848
1987-02-19,25.97,84.06,24.9644251
1987-02-20,26.04,84.39,25.049233299999997
1987-02-21,25.77,85.4,24.865019
1987-02-22,25.72,83.3,24.689442999999997
1987-02-23,25.92,84.45,24.9433045
1987-02-24,26.21,83.49,25.14667345
1987-02-25,25.97,86.24,25.1019504
1987-02-26,26.26,85.71,25.3357228
1987-02-27,26.21,86.51,25.34117655
1987-02-28,26.3,84.75,25.310275
1987-03-01,26.42,84.42,25.3985752
1987-03-02,26.25,85.71,25.32650875
1987-03-03,25.66,87.47,24.8909086
1987-03-04,26.11,86.49,25.247318949999997
1987-03-05,26.02,86.59,25.1703424
1987-03-06,26.32,85.04,25.3474504
1987-03-07,26.72,85.26,25.729324599999998
1987-03-08,26.86,83.57,25.7430886
1987-03-09,26.86,83.52,25.7396896
1987-03-10,26.75,83.47,25.63629125
1987-03-11,26.83,81.11,25.548974649999998
1987-03-12,27,82.55,25.8003125
1987-03-13,26.89,82.09,25.66952305
1987-03-14,27.04,81.39,25.756468299999998
1987-03-15,26.98,81.75,25.72732
1987-03-16,27.78,78.2,26.187728
1987-03-17,27.91,80.36,26.4614518
1987-03-18,27.77,81.1,26.390583499999998
1987-03-19,27.43,82.2,26.164153
1987-03-20,26.59,85.71,25.63978645
1987-03-21,27.13,81.23,25.82614195
1987-03-22,26.77,80.63,25.46281555
1987-03-23,27.48,80.22,26.0679058
1987-03-24,27.04,84.56,25.9751032
1987-03-25,27.57,82.64,26.3220764
1987-03-26,27.77,82.51,26.49349235
1987-03-27,27.42,82.67,26.188530200000002
1987-03-28,26.94,81.56,25.6783352
1987-03-29,26.61,82.62,25.4524051
1987-03-30,26.99,84.28,25.910114599999996
1987-03-31,27.16,84.11,26.0535793
1987-04-01,27.32,84.11,26.1995961
1987-04-02,26.84,86.22,25.9047514
1987-04-03,27.64,83.84,26.4721168
1987-04-04,27.47,84.13,26.337913549999996
1987-04-05,27.98,79.2,26.437888
1987-04-06,28.01,80.76,26.580371800000002
1987-04-07,27.6,82.83,26.3629015
1987-04-08,27.49,82.21,26.218993449999996
1987-04-09,27.37,83.97,26.23531645
1987-04-10,27.36,82.37,26.1130301
1987-04-11,27.52,80.05,26.0913805
1987-04-12,28.4,75.12,26.497923999999998
1987-04-13,28.19,77.81,26.51920395
1987-04-14,28.54,76.7,26.740774
1987-04-15,27.4,82.64,26.168307999999996
1987-04-16,27.86,79.19,26.330881199999997
1987-04-17,27.82,78,26.20828
1987-04-18,27.56,82.6,26.310157999999998
1987-04-19,26.56,83.3,25.452288999999997
1987-04-20,27.9,76.72,26.184264
1987-04-21,27.6,79.33,26.1107265
1987-04-22,27.5,82.33,26.236594999999998
1987-04-23,27.29,84.87,26.22568015
1987-04-24,27.46,82.57,26.2175896
1987-04-25,28.48,75.55,26.6000395
1987-04-26,28.05,80.82,26.620610499999998
1987-04-27,27.55,82.32,26.281018
1987-04-28,27.44,81.45,26.1197965
1987-04-29,27.58,82.48,26.319611199999997
1987-04-30,27.21,84.1,26.0985105
1987-05-01,27.35,81.99,26.07714325
1987-05-02,27.29,81.76,26.0069072
1987-05-03,27.43,79.57,25.97712055
1987-05-04,26.93,84.43,25.86555695
1987-05-05,26.57,86.89,25.69969265
1987-05-06,27.2,84.54,26.120119
1987-05-07,27.63,83.99,26.47383785
1987-05-08,27.94,81.68,26.5857856
1987-05-09,27.29,81.56,25.992838199999998
1987-05-10,27.47,79.86,26.033313099999997
1987-05-11,27.48,78.91,25.9743849
1987-05-12,27.67,79.37,26.175665950000003
1987-05-13,27.86,78.39,26.272097199999997
1987-05-14,27.05,83.66,25.9221315
1987-05-15,26.54,83.65,25.457303
1987-05-16,27.92,79.84,26.4319904
1987-05-17,27.14,85.5,26.13196
1987-05-18,27.46,83.88,26.310966399999998
1987-05-19,27.21,85.02,26.1628231
1987-05-20,27.26,82.54,26.0346572
1987-05-21,27.03,83.67,25.90461805
1987-05-22,27.62,82.42,26.3514272
1987-05-23,27.57,82.39,26.304105149999998
1987-05-24,27.44,83.31,26.2521727
1987-05-25,27.53,81.64,26.2142306
1987-05-26,26.45,85.59,25.502902749999997
1987-05-27,27.53,80.68,26.145432200000002
1987-05-28,27.11,84.44,26.0308362
1987-05-29,27.05,85,26.014625
1987-05-30,27.38,84.61,26.289772399999997
1987-05-31,27.98,80.79,26.5557706
1987-06-01,28.28,78.38,26.6414202
1987-06-02,27.94,81.29,26.556956800000002
1987-06-03,27.92,78.03,26.298394300000002
1987-06-04,27.42,81.68,26.1181808
1987-06-05,27.04,85.05,26.008898499999997
1987-06-06,27.79,79.89,26.32005955
1987-06-07,27.9,81.25,26.518124999999998
1987-06-08,27.51,84.33,26.38873315
1987-06-09,27.75,83.91,26.57744125
1987-06-10,27.71,84.13,26.55696515
1987-06-11,27.35,87.29,26.45172075
1987-06-12,27.46,86.46,26.4948688
1987-06-13,27.66,83.77,26.4852726
1987-06-14,27.57,85.57,26.53269945
1987-06-15,27.64,85.67,26.6043709
1987-06-16,27.46,84.14,26.3294992
1987-06-17,27.53,83.28,26.3317612
1987-06-18,27.3,84.03,26.175712
1987-06-19,26.77,87.65,25.93656025
1987-06-20,26.97,89.65,26.260145249999997
1987-06-21,27.21,86.21,26.24601005
1987-06-22,27.45,85.09,26.388035249999998
1987-06-23,27.4,82.35,26.147732499999996
1987-06-24,27.56,83.29,26.359720699999997
1987-06-25,27.58,83.14,26.3670916
1987-06-26,27.24,85.45,26.220481499999998
1987-06-27,26.75,84.37,25.696928749999998
1987-06-28,26.92,84.62,25.8693922
1987-06-29,27.31,84.8,26.239084
1987-06-30,26.81,86,25.862129999999997
1987-07-01,26.81,85.46,25.825569299999998
1987-07-02,26.65,83.59,25.55340175
1987-07-03,26.82,83.42,25.6965392
1987-07-04,26.98,84.46,25.9133344
1987-07-05,27.01,86.08,26.0522344
1987-07-06,27.17,84.3,26.0759455
1987-07-07,27.07,83.81,25.95070435
1987-07-08,27.35,82.5,26.113187500000002
1987-07-09,27.23,81.64,25.9445246
1987-07-10,26.99,82.69,25.800889549999997
1987-07-11,27.33,81.17,26.001261049999997
1987-07-12,26.43,86.36,25.5350114
1987-07-13,26.96,84.87,25.9231411
1987-07-14,26.22,86.23,25.332385799999997
1987-07-15,27.03,83.29,25.878430350000002
1987-07-16,27.14,83.72,26.0082144
1987-07-17,27.31,82.65,26.087605749999998
1987-07-18,27.42,82.64,26.1863984
1987-07-19,27.36,83.23,26.173857899999998
1987-07-20,27.43,83.73,26.27295895
1987-07-21,27.34,83.51,26.1754762
1987-07-22,27.46,83.41,26.2774648
1987-07-23,27.17,84.9,26.117756500000002
1987-07-24,26.72,87,25.846269999999997
1987-07-25,26.72,86.77,25.830811699999998
1987-07-26,26.82,85.24,25.819862399999998
1987-07-27,27.37,80.58,25.9953553
1987-07-28,27.43,79.55,25.975698249999997
1987-07-29,27.32,79.81,25.8964031
1987-07-30,27.02,84.22,25.933389199999997
1987-07-31,26.92,84.1,25.833871000000002
1987-08-01,26.57,85.56,25.6114006
1987-08-02,26.73,82.59,25.55891635
1987-08-03,26.6,83.3,25.488615
1987-08-04,26.82,82.11,25.607773599999998
1987-08-05,26.47,85.06,25.486425099999998
1987-08-06,26.4,86.59,25.522315499999998
1987-08-07,25.89,88.5,25.1695825
1987-08-08,25.95,88,25.1943
1987-08-09,26.42,87.44,25.5965664
1987-08-10,26.22,88.72,25.4928912
1987-08-11,26.75,85.52,25.77441
1987-08-12,26.86,84.21,25.786595799999997
1987-08-13,26.55,84.33,25.51147075
1987-08-14,26.55,87.42,25.7162605
1987-08-15,26.69,85.92,25.7460064
1987-08-16,26.47,84.48,25.448240799999997
1987-08-17,26.95,81.43,25.678419249999997
1987-08-18,27.09,86.13,26.129571849999998
1987-08-19,27.06,86.08,26.0984064
1987-08-20,26.79,86.85,25.90112575
1987-08-21,26.98,84.9,25.943536
1987-08-22,26.86,85.5,25.87429
1987-08-23,26.64,80.22,25.3192894
1987-08-24,26.68,81.76,25.4581024
1987-08-25,27.43,80.82,26.0660143
1987-08-26,26.82,82.04,25.6030304
1987-08-27,26.91,81.34,25.6363617
1987-08-28,27.01,81.27,25.72128235
1987-08-29,27.03,83.58,25.8984157
1987-08-30,27.15,82.31,25.919218249999997
1987-08-31,27.38,80.86,26.0241224
1987-09-01,27.62,80.01,26.177521600000002
1987-09-02,27.61,80.09,26.17438945
1987-09-03,27.03,82.37,25.81502855
1987-09-04,27.44,82.18,26.1717506
1987-09-05,27.15,83.25,25.98461875
1987-09-06,27.36,83.09,26.1639557
1987-09-07,26.62,86.76,25.7374216
1987-09-08,27.2,81.78,25.927332999999997
1987-09-09,27,83.72,25.88075
1987-09-10,27.03,82.67,25.83570305
1987-09-11,26.75,84.08,25.67739
1987-09-12,27.08,82.85,25.893391499999996
1987-09-13,27.18,84.07,26.069041799999997
1987-09-14,26.67,86.32,25.7543292
1987-09-15,26.57,85.37,25.59878745
1987-09-16,26.99,84.91,25.953392449999996
1987-09-17,27.28,83.34,26.1089686
1987-09-18,26.98,87.28,26.1068992
1987-09-19,27.12,82.29,25.890748900000002
1987-09-20,27.32,80.49,25.9443499
1987-09-21,27.19,81.01,25.86459295
1987-09-22,26.51,82.87,25.37847785
1987-09-23,26.84,82.35,25.6420945
1987-09-24,27.32,79.51,25.8752501
1987-09-25,27.61,80.27,26.18736835
1987-09-26,27.56,81.94,26.2627502
1987-09-27,26.3,82.67,25.175283
1987-09-28,26.59,81.58,25.3651621
1987-09-29,27.39,78.7,25.8799365
1987-09-30,27.38,81.12,26.042540799999998
1987-10-01,27.41,83.22,26.218536099999998
1987-10-02,27.21,82.25,25.96918625
1987-10-03,26.83,81.68,25.5876292
1987-10-04,27.35,83.19,26.16195325
1987-10-05,27.36,84.42,26.258026599999997
1987-10-06,27.34,82,26.068839999999998
1987-10-07,27.49,79.41,26.01894745
1987-10-08,27.32,82.07,26.0557557
1987-10-09,27.74,79.32,26.2340824
1987-10-10,27.22,82.68,26.0082928
1987-10-11,27.33,83.09,26.136745849999997
1987-10-12,27.78,81.5,26.42876
1987-10-13,27.57,84.48,26.4543448
1987-10-14,27.32,83.34,26.1453034
1987-10-15,26.55,85.07,25.56051425
1987-10-16,28.13,76.76,26.3878134
1987-10-17,27.41,82.28,26.1517914
1987-10-18,27.84,81.01,26.4467037
1987-10-19,27.77,80.76,26.3657686
1987-10-20,27.48,83.68,26.3149152
1987-10-21,27.08,83.32,25.925910799999997
1987-10-22,28.11,74.19,26.177992449999998
1987-10-23,28.06,77.93,26.414019399999997
1987-10-24,28.04,79.92,26.544642399999997
1987-10-25,27.85,80.9,26.4475825
1987-10-26,27.05,86.48,26.116782
1987-10-27,27.95,80.35,26.49639125
1987-10-28,27.44,81.63,26.1326071
1987-10-29,27.45,80.98,26.0953005
1987-10-30,27.78,80.04,26.3221216
1987-10-31,28.17,78.3,26.5384855
1987-11-01,27.93,79.61,26.42389265
1987-11-02,27.8,78.75,26.2455625
1987-11-03,27.64,79.98,26.1931546
1987-11-04,27.39,82.2,26.128069
1987-11-05,27.44,82.02,26.1603634
1987-11-06,27.18,84.51,26.0997274
1987-11-07,27.7,82.89,26.457814
1987-11-08,27.17,84.71,26.10451635
1987-11-09,26.39,90.04,25.7386658
1987-11-10,26.92,86.02,25.9650262
1987-11-11,27.23,81.94,25.965529099999998
1987-11-12,27.27,84.62,26.189785699999998
1987-11-13,27.71,81.86,26.3920383
1987-11-14,27.05,84.4,25.97321
1987-11-15,27.07,80.59,25.72808965
1987-11-16,27.6,77.97,26.0127385
1987-11-17,28.02,74.66,26.1357176
1987-11-18,27.58,82.04,26.2879576
1987-11-19,26.87,81.74,25.6276809
1987-11-20,26.86,84.51,25.8069898
1987-11-21,27.33,83.24,26.147330599999997
1987-11-22,26.98,85.17,25.9620688
1987-11-23,26.75,86.08,25.81214
1987-11-24,27.15,84.63,26.080632249999997
1987-11-25,26.8,83.49,25.6830985
1987-11-26,26.44,85.81,25.5081427
1987-11-27,26.38,87.28,25.548875199999998
1987-11-28,26.69,84.11,25.62465495
1987-11-29,27.09,85.45,26.082485249999998
1987-11-30,27.06,86.04,26.095643199999998
1987-12-01,26.08,91.55,25.5418195
1987-12-02,26.2,91.37,25.6446595
1987-12-03,26.63,88.86,25.886794899999998
1987-12-04,26.9,85.54,25.913828
1987-12-05,26.17,88.72,25.4459932
1987-12-06,26.35,87.83,25.55682025
1987-12-07,26.65,89.71,25.962370749999998
1987-12-08,26.06,90.52,25.4572616
1987-12-09,25.71,88.73,25.01514815
1987-12-10,26.34,88.99,25.6230288
1987-12-11,25.76,88.28,25.0341804
1987-12-12,26.23,87.83,25.44485245
1987-12-13,25.83,91.22,25.282874299999996
1987-12-14,25.9,88.71,25.192116999999996
1987-12-15,25.99,85.45,25.07051275
1987-12-16,26.58,84.29,25.536227599999997
1987-12-17,25.84,88.47,25.1208739
1987-12-18,26.05,86.02,25.1619205
1987-12-19,26.35,84.9,25.3658575
1987-12-20,26.66,84.32,25.6113216
1987-12-21,26.15,87.07,25.321510249999996
1987-12-22,26.5,85.43,25.53838
1987-12-23,26.53,83.94,25.4673901
1987-12-24,26.68,84.94,25.671130599999998
1987-12-25,26.45,86.68,25.574543
1987-12-26,26.17,87.41,25.36191085
1987-12-27,26.31,88.21,25.544180549999997
1987-12-28,25.63,90.5,25.048457499999998
1987-12-29,26.58,84.9,25.576756
1987-12-30,26.64,84.65,25.6150805
1987-12-31,26.88,85.61,25.9001849
1988-01-01,26.81,86.42,25.890566099999997
1988-01-02,26.83,85.25,25.829728749999997
1988-01-03,26.7,86.2,25.77402
1988-01-04,26.78,87.09,25.9080586
1988-01-05,26.88,86.38,25.9526142
1988-01-06,25.49,88.55,24.797904749999997
1988-01-07,25.88,85.04,24.943653599999998
1988-01-08,25.75,84.42,24.7859875
1988-01-09,26.36,85.17,25.3926391
1988-01-10,26.63,85.72,25.6773098
1988-01-11,26.56,87.02,25.699036599999996
1988-01-12,26.07,90.02,25.434922699999998
1988-01-13,26.03,89.5,25.3641425
1988-01-14,25.52,91.72,25.0181492
1988-01-15,26.17,89.98,25.526866300000002
1988-01-16,26.08,89.82,25.4316358
1988-01-17,26.02,87.44,25.2241984
1988-01-18,25.81,85.92,24.9341536
1988-01-19,25.92,86.57,25.0764617
1988-01-20,25.63,85.13,24.719732949999997
1988-01-21,26.06,86.4,25.195311999999998
1988-01-22,26.22,87.09,25.3878214
1988-01-23,26.49,86.81,25.620185449999997
1988-01-24,26.39,87.56,25.5764862
1988-01-25,26.03,88.02,25.2702883
1988-01-26,25.83,87.89,25.07536535
1988-01-27,26.49,87.81,25.686130449999997
1988-01-28,26.12,87.37,25.3128167
1988-01-29,26.15,85.28,25.206815999999996
1988-01-30,26.48,87.13,25.6319957
1988-01-31,25.81,90.36,25.210343799999997
1988-02-01,25.88,91.55,25.351114499999998
1988-02-02,26.02,89.94,25.3825984
1988-02-03,25.98,90.91,25.406057399999998
1988-02-04,26.33,86.88,25.476347199999996
1988-02-05,26.8,83.92,25.712188
1988-02-06,26.82,87.2,25.952672
1988-02-07,26.92,88.73,26.1501463
1988-02-08,26.01,87.58,25.2237519
1988-02-09,26.28,87.85,25.4928015
1988-02-10,25.55,91.05,25.00606375
1988-02-11,25.96,86.54,25.1116162
1988-02-12,26.01,85.69,25.10410545
1988-02-13,26.64,84.89,25.631105299999998
1988-02-14,26.2,88.38,25.452253
1988-02-15,26.59,86.92,25.7202454
1988-02-16,26.22,86.24,25.3330304
1988-02-17,26.18,84.25,25.168219999999998
1988-02-18,26.4,84.62,25.393379
1988-02-19,26.52,85.54,25.5640494
1988-02-20,26.69,85.52,25.7191884
1988-02-21,26.7,87.34,25.850513999999997
1988-02-22,26.66,87.69,25.8367072
1988-02-23,26.48,87.57,25.6609873
1988-02-24,26.94,84.24,25.8617008
1988-02-25,26.92,83.21,25.7730751
1988-02-26,27.08,85.38,26.068442199999996
1988-02-27,27.17,85.05,26.12820925
1988-02-28,27.23,84.27,26.128664049999998
1988-02-29,27.28,84.16,26.1666064
1988-03-01,27.22,83.17,26.0425732
1988-03-02,27.58,85.05,26.504496999999997
1988-03-03,27.24,86.26,26.2772382
1988-03-04,26.73,85.86,25.7788729
1988-03-05,26.39,88.98,25.6693471
1988-03-06,26.59,88.76,25.8425962
1988-03-07,26.62,88.25,25.836745
1988-03-08,26.23,89.56,25.5564634
1988-03-09,26.52,88.67,25.7709737
1988-03-10,26.4,89.73,25.727828499999998
1988-03-11,26.62,88.7,25.866742000000002
1988-03-12,26.99,85.62,26.002165899999998
1988-03-13,27.21,85.58,26.201969899999998
1988-03-14,27.54,85.65,26.510818
1988-03-15,27.04,87.07,26.1482179
1988-03-16,27.52,84.33,26.3978713
1988-03-17,27.8,84.5,26.666175
1988-03-18,27.66,86.42,26.6770796
1988-03-19,27.77,85.88,26.739451799999998
1988-03-20,27.36,86.49,26.4044377
1988-03-21,27.61,85.93,26.595482649999997
1988-03-22,27.38,87.74,26.5115016
1988-03-23,26.9,88.85,26.139569999999996
1988-03-24,26.09,87.33,25.28235085
1988-03-25,26.58,84.97,25.581406799999996
1988-03-26,26.67,80.3,25.3513805
1988-03-27,27.72,80.78,26.3225138
1988-03-28,27.68,83.38,26.4752162
1988-03-29,28.41,80.77,26.938808849999997
1988-03-30,28.37,79.99,26.84353715
1988-03-31,28.06,83.48,26.827938399999997
1988-04-01,27.12,85.91,26.1420131
1988-04-02,27.6,81.31,26.2533855
1988-04-03,27.83,79.25,26.308713749999995
1988-04-04,27.46,83.94,26.3152432
1988-04-05,27.07,83.08,25.9002358
1988-04-06,28.1,79.95,26.60026
1988-04-07,27.68,82.26,26.3940274
1988-04-08,28.11,79.12,26.5470276
1988-04-09,27.12,87.72,26.2676452
1988-04-10,27.29,86.07,26.310094149999998
1988-04-11,27.21,85.95,26.22783475
1988-04-12,27.44,83.29,26.250749300000003
1988-04-13,27.31,84.7,26.232038499999998
1988-04-14,27.39,80.74,26.0245623
1988-04-15,27.66,81.22,26.3007036
1988-04-16,27.83,84.21,26.672356149999995
1988-04-17,27.65,85.82,26.624431499999996
1988-04-18,28.03,80.91,26.60941765
1988-04-19,27.72,83.75,26.538462499999998
1988-04-20,27.49,85.57,26.459048649999996
1988-04-21,28.23,81.92,26.8646888
1988-04-22,27.74,85.64,26.694304799999998
1988-04-23,27.69,84.01,26.53000545
1988-04-24,27.82,84.27,26.667620199999998
1988-04-25,27.43,86.37,26.46070255
1988-04-26,27.31,85.94,26.319402699999998
1988-04-27,28.23,81.19,26.80956285
1988-04-28,28.49,77.16,26.732576199999997
1988-04-29,28.79,78.54,27.1033513
1988-04-30,27.67,84.79,26.568263650000002
1988-05-01,27.6,86,26.5913
1988-05-02,27.59,87.46,26.687182699999997
1988-05-03,26.53,86.32,25.6248628
1988-05-04,28.49,78.58,26.841838099999997
1988-05-05,28.48,82.43,27.1290427
1988-05-06,28.19,82.99,26.90923205
1988-05-07,28.1,84.65,26.95182
1988-05-08,28.03,83.21,26.780572149999998
1988-05-09,28.43,79.31,26.84483565
1988-05-10,28.63,79.63,27.04694545
1988-05-11,27.03,89.81,26.32775615
1988-05-12,27.33,88.32,26.505800799999996
1988-05-13,27.72,83.04,26.4868384
1988-05-14,28.01,83.37,26.77430785
1988-05-15,27.29,87.61,26.418425449999997
1988-05-16,28.02,82.8,26.741007999999997
1988-05-17,27.54,84.67,26.4405324
1988-05-18,26.7,89.06,25.965926
1988-05-19,26.89,86.59,25.97617555
1988-05-20,27.38,85.17,26.3294428
1988-05-21,27.73,83.6,26.536654
1988-05-22,28.06,82.67,26.7675286
1988-05-23,28.14,80.71,26.6928642
1988-05-24,27.94,84.19,26.771324800000002
1988-05-25,28.12,85.15,27.0075865
1988-05-26,27.44,85.07,26.3774319
1988-05-27,27.87,82.05,26.55004675
1988-05-28,28.07,84.9,26.9430115
1988-05-29,27.78,84.76,26.6668704
1988-05-30,27.32,86.91,26.3970241
1988-05-31,27.29,86.05,26.30868725
1988-06-01,27.13,88.07,26.301282549999996
1988-06-02,26.85,88.34,26.0579945
1988-06-03,27.22,86.09,26.2468564
1988-06-04,27.05,84.45,25.97666125
1988-06-05,27.2,84.6,26.124309999999998
1988-06-06,26.62,88.25,25.836745
1988-06-07,27.46,84.36,26.3451808
1988-06-08,27.86,81.96,26.5344208
1988-06-09,28.12,80.44,26.6547604
1988-06-10,27.96,84.39,26.8043917
1988-06-11,27.04,86.09,26.0806273
1988-06-12,26.94,86.77,26.0348034
1988-06-13,27.31,81.66,26.017855299999997
1988-06-14,27.4,80.74,26.033502999999996
1988-06-15,27.82,83.83,26.635385799999998
1988-06-16,27.41,83.94,26.2696597
1988-06-17,27.07,85.22,26.0481847
1988-06-18,27.44,81.92,26.1532464
1988-06-19,27.22,85.51,26.2062796
1988-06-20,27.43,86.16,26.4457684
1988-06-21,27.39,82.85,26.17415075
1988-06-22,26.98,83.84,25.8707776
1988-06-23,27.26,82.62,26.0402716
1988-06-24,27.33,84.26,26.2193069
1988-06-25,27.44,85.77,26.4272509
1988-06-26,27.56,82.98,26.337453399999998
1988-06-27,27.24,84.76,26.172133199999998
1988-06-28,26.71,86.45,25.80004975
1988-06-29,26.72,88.56,25.951117599999996
1988-06-30,26.39,89.01,25.67130895
1988-07-01,26.24,87.08,25.4057556
1988-07-02,26.69,83.07,25.55492815
1988-07-03,26.74,83.69,25.642010799999998
1988-07-04,26.64,86.41,25.732595699999997
1988-07-05,25.86,88.62,25.1489776
1988-07-06,26.43,84.92,25.4405258
1988-07-07,26.55,86.53,25.65727575
1988-07-08,26.45,88.98,25.725710499999998
1988-07-09,26.78,86.36,25.8587544
1988-07-10,26.51,88.13,25.72592715
1988-07-11,26.68,88.5,25.909615
1988-07-12,26.42,89.96,25.761777600000002
1988-07-13,26.76,85.45,25.778893500000002
1988-07-14,27.13,84.85,26.077605249999998
1988-07-15,27.01,86.74,26.0976457
1988-07-16,27.02,86.92,26.1193112
1988-07-17,27.14,83.32,25.9804064
1988-07-18,26.99,87.47,26.129251649999997
1988-07-19,27.02,86.53,26.0924558
1988-07-20,27.13,85.52,26.1241468
1988-07-21,27.07,85.56,26.0716906
1988-07-22,27.19,84.28,26.0928226
1988-07-23,26.38,87.13,25.539074199999998
1988-07-24,26.55,85.6,25.59564
1988-07-25,26.69,86.91,25.81238095
1988-07-26,26.55,86.65,25.66522875
1988-07-27,27,85.13,25.9776875
1988-07-28,26.85,88.81,26.08991925
1988-07-29,27.19,86.21,26.22752695
1988-07-30,26.84,84.53,25.7900511
1988-07-31,26.95,84.85,25.91260375
1988-08-01,26.39,87.97,25.60329815
1988-08-02,26.39,88.09,25.61114555
1988-08-03,26.79,86.23,25.85921685
1988-08-04,26.92,85.84,25.9527304
1988-08-05,26.5,87.94,25.70404
1988-08-06,26.72,84.69,25.6910149
1988-08-07,27.14,87.04,26.2390208
1988-08-08,27.14,86.65,26.211908
1988-08-09,27.24,84.91,26.182643699999996
1988-08-10,27.11,86.61,26.181336549999997
1988-08-11,26.42,88.42,25.660815200000002
1988-08-12,26.18,86.34,25.3024816
1988-08-13,26.66,85.66,25.700940799999998
1988-08-14,26.21,85.61,25.28321205
1988-08-15,26.68,85.34,25.6979266
1988-08-16,26.72,85.22,25.726636199999998
1988-08-17,26.68,86.58,25.7809942
1988-08-18,26.66,83.62,25.5645056
1988-08-19,26.24,86.43,25.363785099999998
1988-08-20,26.75,86.07,25.81146625
1988-08-21,26.71,83.94,25.6314907
1988-08-22,26.82,81.94,25.5962544
1988-08-23,26.33,81.86,25.1497209
1988-08-24,27.04,79.85,25.6502545
1988-08-25,27.06,81.32,25.7695856
1988-08-26,26.58,85.38,25.608647199999997
1988-08-27,26.31,86.44,25.429210199999996
1988-08-28,26.55,85.93,25.61751075
1988-08-29,26.6,85.75,25.6516625
1988-08-30,26.13,85.9,25.2280935
1988-08-31,26.76,83.79,25.6669597
1988-09-01,26.67,84.11,25.606402850000002
1988-09-02,27.18,82.15,25.935140999999998
1988-09-03,26.15,85.87,25.244620249999997
1988-09-04,26.98,83.12,25.8213568
1988-09-05,27.13,86.24,26.174161599999998
1988-09-06,26.72,86.91,25.840221099999997
1988-09-07,26.7,85.08,25.698867999999997
1988-09-08,26.26,86.93,25.414632400000002
1988-09-09,26.8,84.85,25.7751025
1988-09-10,26.74,84.99,25.7295268
1988-09-11,26.3,88.65,25.563385
1988-09-12,26.09,87.29,25.27980105
1988-09-13,26.66,85.98,25.7223424
1988-09-14,27.1,84.13,26.000208999999998
1988-09-15,27.06,83.83,25.9429764
1988-09-16,26.61,87.26,25.7614523
1988-09-17,26.81,88.7,26.0449335
1988-09-18,26.46,90.4,25.828512
1988-09-19,26.97,83.38,25.830117299999998
1988-09-20,26.99,84.42,25.9197319
1988-09-21,26.98,88.02,26.1576928
1988-09-22,26.19,88.32,25.4390344
1988-09-23,26.75,85.84,25.79597
1988-09-24,27.18,85.8,26.189691999999997
1988-09-25,26.88,87.82,26.0506638
1988-09-26,27.25,84.89,26.19041125
1988-09-27,26.86,85.39,25.8668122
1988-09-28,26.35,87.28,25.520974
1988-09-29,27.21,81.94,25.9475157
1988-09-30,27.41,83.59,26.24480795
1988-10-01,27.3,82.98,26.101792
1988-10-02,27.25,81.98,25.9863475
1988-10-03,26.38,86.89,25.523392599999998
1988-10-04,26.69,85.29,25.70376805
1988-10-05,27.11,82.7,25.910158499999998
1988-10-06,27.14,80.66,25.7954832
1988-10-07,27.39,78.9,25.8941155
1988-10-08,27.38,79.42,25.922112799999997
1988-10-09,27.57,83.79,26.40474415
1988-10-10,27.11,84.94,26.065513699999997
1988-10-11,26.96,83.86,25.8539258
1988-10-12,27,83.99,25.899312499999997
1988-10-13,26.86,85.57,25.879048599999997
1988-10-14,26.86,83.57,25.7430886
1988-10-15,26.76,86.21,25.8301403
1988-10-16,26.32,86.96,25.472269599999997
1988-10-17,26.55,83.95,25.48628625
1988-10-18,26.93,79.88,25.5544962
1988-10-19,26.67,85.06,25.6699911
1988-10-20,26.14,87.25,25.323745
1988-10-21,26.84,85.29,25.8416323
1988-10-22,26.83,85.48,25.8453262
1988-10-23,26.83,84.44,25.774798599999997
1988-10-24,26.64,86.32,25.7265864
1988-10-25,27.13,79.26,25.689295899999998
1988-10-26,26.8,83.51,25.6844515
1988-10-27,26.92,85.46,25.9267726
1988-10-28,26.65,86.86,25.7719195
1988-10-29,27.34,81.01,25.9989262
1988-10-30,27.09,80.63,25.74872435
1988-10-31,26.78,84.99,25.7662246
1988-11-01,26.77,86.99,25.892020149999997
1988-11-02,26.94,88.12,26.1271704
1988-11-03,26.52,89.49,25.8251839
1988-11-04,26.01,90.23,25.391510150000002
1988-11-05,26.44,89.01,25.7182867
1988-11-06,26.88,84.24,25.806901599999996
1988-11-07,27.02,82.56,25.819081599999997
1988-11-08,26.88,85.44,25.8886096
1988-11-09,26.96,84.11,25.8710583
1988-11-10,26.46,86.9,25.598282
1988-11-11,26.87,81.05,25.58073675
1988-11-12,27.03,82.9,25.8515535
1988-11-13,27.31,83.19,26.12565145
1988-11-14,26.61,88.81,25.86469005
1988-11-15,26.36,90.47,25.7383581
1988-11-16,26.87,89.41,26.14950935
1988-11-17,26.45,91.62,25.8992245
1988-11-18,26.04,92.87,25.587458899999998
1988-11-19,25.5,93.03,25.078315
1988-11-20,25.39,90.31,24.80961745
1988-11-21,25.69,88.3,24.9699235
1988-11-22,25.48,89.28,24.8326192
1988-11-23,26.55,87.31,25.70897025
1988-11-24,26.27,85.38,25.323574299999997
1988-11-25,25.59,91.25,25.05629375
1988-11-26,25.7,89.71,25.066135999999997
1988-11-27,25.33,91.4,24.817740999999998
1988-11-28,25.21,90.31,24.63921055
1988-11-29,25.23,90.75,24.68411125
1988-11-30,25.59,90.12,24.9873694
1988-12-01,26.04,86.71,25.196483699999998
1988-12-02,26.02,85.44,25.0974784
1988-12-03,25.46,91.79,24.9651012
1988-12-04,25.71,89.98,25.0922169
1988-12-05,25.15,91.26,24.6380545
1988-12-06,25.32,87.83,24.595763299999998
1988-12-07,25.62,85.03,24.7044348
1988-12-08,25.88,85.36,24.9636824
1988-12-09,25.41,87.44,24.6563372
1988-12-10,25.04,85.87,24.2208839
1988-12-11,25.02,86.58,24.243518799999997
1988-12-12,24.83,86.58,24.067542699999997
1988-12-13,25.02,84.8,24.140528
1988-12-14,24.62,86.86,23.8886276
1988-12-15,24.04,87.83,23.4014401
1988-12-16,24.69,85.84,23.8964028
1988-12-17,24.92,86.76,24.161215600000002
1988-12-18,25.19,87.91,24.47916845
1988-12-19,25.36,89.58,24.737613399999997
1988-12-20,25.45,89.87,24.839920749999997
1988-12-21,25.67,87.73,24.91619255
1988-12-22,25.76,87.56,24.989590800000002
1988-12-23,25.77,88.5,25.0571725
1988-12-24,25.47,89.17,24.816571949999997
1988-12-25,25.36,87.22,24.5966506
1988-12-26,25.08,85.22,24.219951799999997
1988-12-27,25.4,85.39,24.5241305
1988-12-28,25.69,86.94,24.8862223
1988-12-29,25.46,85.09,24.5612252
1988-12-30,25.71,84.92,24.7802426
1988-12-31,25.96,86.77,25.1261131
1989-01-01,25.83,87.73,25.065394949999998
1989-01-02,25.7,88.7,25.003919999999997
1989-01-03,25.69,89.52,25.0450084
1989-01-04,26.2,86.95,25.3602325
1989-01-05,25.86,88.83,25.162098399999998
1989-01-06,26.29,88.09,25.517696049999998
1989-01-07,26.3,86.27,25.408922999999998
1989-01-08,26.19,84.93,25.221074350000002
1989-01-09,26.24,86.56,25.372179199999998
1989-01-10,25.89,88.43,25.16519735
1989-01-11,25.37,91.12,24.8391092
1989-01-12,25.84,89.08,25.1589196
1989-01-13,26.03,88.41,25.29502015
1989-01-14,26.01,89.28,25.3313704
1989-01-15,25.89,89.31,25.22032495
1989-01-16,25.74,90.87,25.175583399999997
1989-01-17,25.89,87.95,25.13512775
1989-01-18,25.7,88.18,24.971888
1989-01-19,26.1,87.06,25.274428
1989-01-20,26.34,87.26,25.510371199999998
1989-01-21,26.53,87.28,25.6883812
1989-01-22,26.2,88.86,25.483141
1989-01-23,26.23,88.35,25.47840025
1989-01-24,26.2,86.65,25.3409275
1989-01-25,26.23,85.75,25.31066125
1989-01-26,26.15,85.21,25.202330749999998
1989-01-27,25.88,84.55,24.912984499999997
1989-01-28,25.79,83.61,24.77226295
1989-01-29,25.76,82.93,24.702854900000002
1989-01-30,25.61,83.57,24.60604485
1989-01-31,26.01,84.71,25.04206655
1989-02-01,26.16,84.65,25.1756045
1989-02-02,26.06,83.85,25.033182999999998
1989-02-03,25.77,83.65,24.75654525
1989-02-04,25.33,82.69,24.298929849999997
1989-02-05,25.3,83.66,24.329404
1989-02-06,25.34,82.58,24.3014196
1989-02-07,25.44,82.43,24.3828131
1989-02-08,25.7,84.02,24.715632
1989-02-09,25.78,83.46,24.7538584
1989-02-10,25.75,82.08,24.641199999999998
1989-02-11,25.49,80.75,24.32643375
1989-02-12,25.57,80.65,24.39187525
1989-02-13,24.86,81.19,23.788206199999998
1989-02-14,25.15,80.34,23.998415499999997
1989-02-15,25.59,82.51,24.523197449999998
1989-02-16,26.38,82.62,25.244390799999998
1989-02-17,26.14,85.14,25.1886628
1989-02-18,25.87,87.64,25.0970674
1989-02-19,25.7,88.39,24.984824
1989-02-20,25.99,83.54,24.9498103
1989-02-21,26.3,84.86,25.317414
1989-02-22,26.15,84.85,25.179263749999997
1989-02-23,26.06,86.49,25.2010342
1989-02-24,25.71,88.48,24.9997344
1989-02-25,25.33,86.25,24.510981249999997
1989-02-26,26.01,82.8,24.921154
1989-02-27,25.69,87.01,24.89053045
1989-02-28,26.24,85.17,25.282426899999997
1989-03-01,26.38,83.82,25.322798799999997
1989-03-02,26.41,84.12,25.3697806
1989-03-03,26.75,82.52,25.572284999999997
1989-03-04,26.67,84.26,25.6164431
1989-03-05,26.08,87.18,25.263494199999997
1989-03-06,25.83,87.58,25.056047699999997
1989-03-07,25.93,87.36,25.135386399999998
1989-03-08,25.93,87.97,25.17373405
1989-03-09,25.69,87.39,24.91391755
1989-03-10,25.67,82.64,24.6034884
1989-03-11,25.57,83.34,24.5556559
1989-03-12,25.93,83.69,24.90467185
1989-03-13,26.4,83.18,25.299131
1989-03-14,26.59,82.94,25.4555953
1989-03-15,26.58,84.57,25.554830799999998
1989-03-16,27.07,82.2,25.839396999999998
1989-03-17,27.18,80.76,25.8382024
1989-03-18,26.4,84.62,25.393379
1989-03-19,26.28,86.08,25.3781232
1989-03-20,26.48,82.09,25.299910099999998
1989-03-21,25.68,88.76,24.9888524
1989-03-22,26.89,80.92,25.5897934
1989-03-23,26.04,86.54,25.1856938
1989-03-24,27.05,80.97,25.73645425
1989-03-25,26.72,84.54,25.680933399999997
1989-03-26,26.27,85.6,25.337815999999997
1989-03-27,26.41,86.33,25.51454665
1989-03-28,26.56,83.32,25.4536156
1989-03-29,26.47,85.52,25.516709199999998
1989-03-30,25.76,87.65,24.9951645
1989-03-31,26.56,82.77,25.4171341
1989-04-01,27.52,78.02,25.9460122
1989-04-02,27.11,82.53,25.89836815
1989-04-03,26.87,82.08,25.6508128
1989-04-04,27.48,79.75,26.0343525
1989-04-05,27.17,84.15,26.06549275
1989-04-06,26.88,87.52,26.030236799999997
1989-04-07,27.07,83.34,25.9182109
1989-04-08,27.11,81.84,25.850513199999998
1989-04-09,27.67,75.63,25.90475905
1989-04-10,27.26,81.59,25.967986200000002
1989-04-11,26.68,83.84,25.5974416
1989-04-12,26.81,82.28,25.610267399999998
1989-04-13,25.55,83.73,24.56119075
1989-04-14,27.46,79.05,25.966684
1989-04-15,27.14,83.18,25.9706736
1989-04-16,26.26,84.76,25.2742768
1989-04-17,27.69,81.37,26.33848665
1989-04-18,27.52,82.97,26.3004817
1989-04-19,28.16,71.91,26.0495983
1989-04-20,28.28,78.2,26.627778
1989-04-21,28.11,82.78,26.820996899999997
1989-04-22,27.32,85.04,26.2651704
1989-04-23,27.48,83.11,26.274222899999998
1989-04-24,28.19,79.1,26.6163345
1989-04-25,27.83,81.72,26.4898018
1989-04-26,26.64,85.12,25.6464624
1989-04-27,27.47,82.42,26.215930699999998
1989-04-28,27.94,81.08,26.5414336
1989-04-29,27.45,81.76,26.150855999999997
1989-04-30,27.37,83.9,26.2303615
1989-05-01,27.46,82.07,26.1819496
1989-05-02,27.49,80.17,26.073245649999997
1989-05-03,27.26,83.77,26.1209786
1989-05-04,27.02,86.54,26.0931444
1989-05-05,26.91,84.93,25.881397149999998
1989-05-06,27.05,84.1,25.9525025
1989-05-07,27.69,75.67,25.92498015
1989-05-08,27.89,78.06,26.2742287
1989-05-09,28.1,78.86,26.518728
1989-05-10,27.31,85.09,26.259515949999997
1989-05-11,27.33,82.13,26.069003449999997
1989-05-12,27.79,80.44,26.3602618
1989-05-13,27.93,80.12,26.4615638
1989-05-14,27.77,81.01,26.38401485
1989-05-15,27.85,83.3,26.6238025
1989-05-16,26.31,89.36,25.618878799999997
1989-05-17,26.83,84.23,25.760557449999997
1989-05-18,27.23,83.7,26.088755499999998
1989-05-19,27.46,84.65,26.365852
1989-05-20,27.15,83.78,26.0214935
1989-05-21,27.27,85.85,26.27617475
1989-05-22,27.35,85.46,26.3223855
1989-05-23,27.43,82.04,26.1527746
1989-05-24,26.68,86.34,25.7649166
1989-05-25,27.21,85.83,26.21944615
1989-05-26,27.07,86.17,26.113862949999998
1989-05-27,27.29,84,26.164479999999998
1989-05-28,27.22,86.9,26.303524
1989-05-29,27.53,84.57,26.424209049999998
1989-05-30,27.24,86.96,26.326287199999996
1989-05-31,28.26,76.26,26.4633568
1989-06-01,27.4,82.24,26.139927999999998
1989-06-02,27.32,82.69,26.099471899999998
1989-06-03,27.09,83.68,25.9599216
1989-06-04,25.89,88.7,25.1821115
1989-06-05,26.79,82.01,25.573965949999998
1989-06-06,27.9,78.31,26.301447
1989-06-07,27.52,81.15,26.1701515
1989-06-08,27.51,82.25,26.239898750000002
1989-06-09,27.45,82.5,26.203562499999997
1989-06-10,26.91,83.96,25.8151898
1989-06-11,27.29,81.77,26.007610649999997
1989-06-12,27.54,81.82,26.236130399999997
1989-06-13,27.71,79.1,26.1915105
1989-06-14,27.86,78.84,26.3051632
1989-06-15,26.5,80.22,25.19452
1989-06-16,27.62,77.31,25.9826896
1989-06-17,27.55,77.53,25.93721575
1989-06-18,27.93,76.87,26.22150255
1989-06-19,26.44,83.35,25.3465945
1989-06-20,27.63,76.78,25.953167699999998
1989-06-21,27.25,80.96,25.91482
1989-06-22,27.13,83.89,26.01091885
1989-06-23,26.14,86.87,25.2994174
1989-06-24,26.89,80.06,25.5311887
1989-06-25,26.52,85.04,25.5309944
1989-06-26,26.81,84.47,25.758541349999998
1989-06-27,27.15,83.65,26.012448749999997
1989-06-28,26.52,84,25.462239999999998
1989-06-29,27.6,75.53,25.8369365
1989-06-30,27.24,81.75,25.961222499999998
1989-07-01,26.81,83.33,25.68135765
1989-07-02,26.85,82.46,25.6585955
1989-07-03,27.42,79.82,25.9860092
1989-07-04,27.28,83.83,26.1434107
1989-07-05,26.69,88.69,25.93172105
1989-07-06,26.33,88.07,25.553774549999996
1989-07-07,26.26,87.08,25.4243344
1989-07-08,26.4,86.04,25.486317999999997
1989-07-09,26.14,88.18,25.3832836
1989-07-10,26.03,84.57,25.05150655
1989-07-11,26.65,86.1,25.721132499999996
1989-07-12,26.52,86.84,25.6499924
1989-07-13,26.38,84.03,25.3365202
1989-07-14,26.77,82.88,25.6146568
1989-07-15,26.13,88.64,25.4033576
1989-07-16,26.1,84.32,25.099616
1989-07-17,26.75,84.91,25.73331125
1989-07-18,26.45,88.16,25.671816
1989-07-19,26.54,83.74,25.4632628
1989-07-20,27.01,82.54,25.8086647
1989-07-21,27.45,81.39,26.124502749999998
1989-07-22,27.53,79.44,26.0565676
1989-07-23,27.47,81.53,26.152442549999996
1989-07-24,27.47,81.55,26.15386925
1989-07-25,27.31,81.41,26.00024155
1989-07-26,27.55,81.05,26.18986375
1989-07-27,27.05,82.25,25.824806249999998
1989-07-28,27.24,80.99,25.907969299999998
1989-07-29,26.52,84.15,25.4721565
1989-07-30,26.7,83.65,25.602915
1989-07-31,26.13,85.37,25.194192049999998
1989-08-01,26.34,85.92,25.4231104
1989-08-02,25.44,86.83,24.6475611
1989-08-03,26.06,87.05,25.236638999999997
1989-08-04,25.87,86.26,25.0107691
1989-08-05,26.38,84.79,25.386178599999997
1989-08-06,26.17,82.12,25.0223722
1989-08-07,27.11,80.67,25.76936785
1989-08-08,26.32,86.76,25.4592676
1989-08-09,25.77,88.68,25.0683298
1989-08-10,26.38,87.22,25.5449548
1989-08-11,26.16,84.83,25.1871479
1989-08-12,26.53,86.42,25.6314793
1989-08-13,26.17,87.45,25.36447825
1989-08-14,25.67,84.41,24.71222835
1989-08-15,26.45,83.12,25.340562
1989-08-16,26.28,86.21,25.3865459
1989-08-17,25.68,84.44,24.7232156
1989-08-18,26.68,80.86,25.3978114
1989-08-19,26.47,85.46,25.512759099999997
1989-08-20,26.75,84.88,25.731289999999998
1989-08-21,26.75,84.64,25.71512
1989-08-22,27.02,83.81,25.905156599999998
1989-08-23,27.09,83.3,25.9336085
1989-08-24,27.22,84.86,26.1608056
1989-08-25,27.2,82.29,25.9629565
1989-08-26,26.87,85.32,25.8712462
1989-08-27,26.96,85.28,25.9512384
1989-08-28,26.43,87.55,25.61309325
1989-08-29,25.73,88.18,24.9999377
1989-08-30,26.62,83.61,25.5274426
1989-08-31,27.06,82.01,25.817250799999997
1989-09-01,26.84,83.79,25.739827299999998
1989-09-02,26.44,85.28,25.4733376
1989-09-03,25.86,86.08,24.990278399999998
1989-09-04,25.78,85.22,24.8630488
1989-09-05,25.22,87.64,24.4912544
1989-09-06,25.86,84.61,24.8984328
1989-09-07,26.68,84.82,25.663091799999997
1989-09-08,27.18,84.53,26.1011222
1989-09-09,26.92,86.37,25.9889347
1989-09-10,26.05,87.61,25.26292525
1989-09-11,26.44,85.55,25.4910685
1989-09-12,26.52,86.54,25.6301594
1989-09-13,26.65,85.96,25.711776999999998
1989-09-14,25.94,86.44,25.0868048
1989-09-15,27.05,82.25,25.824806249999998
1989-09-16,27.11,84.04,26.0030942
1989-09-17,27.09,85.18,26.0637891
1989-09-18,26.7,85.88,25.752547999999997
1989-09-19,26.55,83.5,25.4564625
1989-09-20,26.89,82.16,25.6742932
1989-09-21,27.19,80.29,25.81434055
1989-09-22,26.62,84.49,25.5861034
1989-09-23,26.23,86.85,25.38162775
1989-09-24,26.69,80.14,25.3584863
1989-09-25,26.84,80.07,25.4873509
1989-09-26,27.81,75.7,26.031118499999998
1989-09-27,26.51,84.57,25.49077135
1989-09-28,26.7,83.91,25.620361
1989-09-29,26.84,82.92,25.6807804
1989-09-30,27.34,82.14,26.0787268
1989-10-01,26.9,82.81,25.727642
1989-10-02,26.11,88.65,25.38524575
1989-10-03,26.1,89.05,25.40139
1989-10-04,26.26,87.68,25.463142400000002
1989-10-05,27.14,84.7,26.076344
1989-10-06,26.69,82.67,25.52811015
1989-10-07,27.06,83.32,25.9077456
1989-10-08,26.54,86.58,25.6513276
1989-10-09,27.05,82.77,25.86069925
1989-10-10,27.3,80.59,25.933536
1989-10-11,27.22,81.1,25.897755999999998
1989-10-12,27.11,82.6,25.903222999999997
1989-10-13,26.74,85.85,25.787421999999996
1989-10-14,27.34,78.63,25.830850599999998
1989-10-15,26.09,87.19,25.27342655
1989-10-16,27.56,77.68,25.956754399999998
1989-10-17,27.55,80.84,26.174791
1989-10-18,27.11,83.24,25.9476102
1989-10-19,27.2,83.19,26.0258215
1989-10-20,27.36,80.95,26.012593499999998
1989-10-21,27.38,81.68,26.0822112
1989-10-22,26.85,85.02,25.832483500000002
1989-10-23,27,84.23,25.915812499999998
1989-10-24,27.35,82.97,26.146404750000002
1989-10-25,26.9,83.75,25.791749999999997
1989-10-26,26.41,85.12,25.4352856
1989-10-27,26.21,85.04,25.2465012
1989-10-28,25.94,86.57,25.0949844
1989-10-29,26.02,87.48,25.2267328
1989-10-30,26.35,84.68,25.351519
1989-10-31,26.47,85.52,25.516709199999998
1989-11-01,26.66,86.4,25.750432
1989-11-02,26.29,85.92,25.3769824
1989-11-03,27.08,82.4,25.862256
1989-11-04,27.34,81.05,26.001751
1989-11-05,26.84,84.86,25.8124482
1989-11-06,26.75,85.99,25.80607625
1989-11-07,26.6,85.28,25.620384
1989-11-08,26.84,79.91,25.4764917
1989-11-09,26.76,82.03,25.5482829
1989-11-10,26.63,83.87,25.55388705
1989-11-11,26.75,84.52,25.707034999999998
1989-11-12,26.8,85.59,25.8251635
1989-11-13,26.74,85.2,25.743664
1989-11-14,26.91,85.04,25.8889052
1989-11-15,26.4,88.93,25.675468499999997
1989-11-16,26.03,90.21,25.409167150000002
1989-11-17,26.22,89.48,25.541880799999998
1989-11-18,26.42,92.12,25.9033872
1989-11-19,26.39,91.78,25.852453099999998
1989-11-20,26.53,90.75,25.91797375
1989-11-21,26.04,90.68,25.4484596
1989-11-22,26.11,87.61,25.31883655
1989-11-23,26.43,86.04,25.5140146
1989-11-24,26.09,86.82,25.2498409
1989-11-25,26.53,86.96,25.6672084
1989-11-26,26.41,85.9,25.486379499999998
1989-11-27,26.39,86.93,25.53528735
1989-11-28,25.96,89.37,25.2899911
1989-11-29,26.19,89.48,25.5136166
1989-11-30,26.1,90.64,25.502832
1989-12-01,25.67,92.84,25.230125400000002
1989-12-02,25.57,91.65,25.06161025
1989-12-03,25.5,89.67,24.875035
1989-12-04,25.87,88.75,25.16648125
1989-12-05,25.71,87.44,24.9356132
1989-12-06,25.62,86.44,24.7906704
1989-12-07,25.95,86.36,25.091020999999998
1989-12-08,25.35,87.69,24.61540075
1989-12-09,25.47,87.27,24.701935449999997
1989-12-10,25.74,87.34,24.957358799999998
1989-12-11,25.88,86.98,25.0650782
1989-12-12,26.11,86.43,25.24348765
1989-12-13,25.78,87.12,24.9809248
1989-12-14,25.28,87.95,24.5655555
1989-12-15,25.5,86.06,24.65663
1989-12-16,25.74,85.66,24.853501199999997
1989-12-17,25.76,87.21,24.9679153
1989-12-18,26.11,88.05,25.346932749999997
1989-12-19,25.97,89.63,25.315808549999996
1989-12-20,26.19,88.25,25.43453375
1989-12-21,26.26,88.29,25.5025972
1989-12-22,26.7,86.41,25.788110999999997
1989-12-23,26.81,86.07,25.866869349999998
1989-12-24,26.76,86.28,25.8348604
1989-12-25,26.57,87.53,25.74217905
1989-12-26,26.01,89.42,25.3402331
1989-12-27,25.89,89.45,25.22909525
1989-12-28,25.98,89.53,25.3189242
1989-12-29,25.96,90.33,25.3504999
1989-12-30,25.67,90.4,25.080224
1989-12-31,25.82,88.41,25.0984066
1990-01-01,25.84,88.43,25.1183791
1990-01-02,25.63,85.3,24.730139499999996
1990-01-03,25.28,84.24,24.3455896
1990-01-04,25.62,85.84,24.7539744
1990-01-05,25.1,89.77,24.503591
1990-01-06,24.94,87.03,24.1952626
1990-01-07,25.56,86.18,24.7193294
1990-01-08,25.08,90.74,24.541160599999998
1990-01-09,25.56,87.47,24.797800099999996
1990-01-10,25.56,89.01,24.8914783
1990-01-11,25.62,88.63,24.9246108
1990-01-12,25.49,88.49,24.794278049999996
1990-01-13,25.45,90.24,24.862204
1990-01-14,25.82,88.03,25.0747478
1990-01-15,25.83,90.32,25.226790799999996
1990-01-16,25.1,92.25,24.648175000000002
1990-01-17,25.15,92.03,24.683157249999997
1990-01-18,25.4,89.54,24.772923
1990-01-19,25.72,86.05,24.859145499999997
1990-01-20,25.74,85.56,24.847319199999998
1990-01-21,25.54,89.96,24.9303712
1990-01-22,25.66,89.13,24.9927994
1990-01-23,25.46,88.05,24.739654
1990-01-24,25.28,86.09,24.4552761
1990-01-25,25.45,85.74,24.591191499999997
1990-01-26,25.32,86.69,24.5279219
1990-01-27,25.48,87.16,24.7045924
1990-01-28,25.87,86.85,25.04766475
1990-01-29,25.88,86.52,25.0362868
1990-01-30,26.27,85.6,25.337815999999997
1990-01-31,26.55,85.55,25.59232625
1990-02-01,26.04,84.69,25.0682743
1990-02-02,26.41,86.47,25.52371735
1990-02-03,25.85,89.88,25.218259
1990-02-04,25.93,88.33,25.19636545
1990-02-05,26.21,86.59,25.34632895
1990-02-06,26.23,87.15,25.40098225
1990-02-07,26.2,86.81,25.3512235
1990-02-08,26.13,85.71,25.215940149999998
1990-02-09,26.27,86.4,25.389604
1990-02-10,26.26,86.39,25.3797052
1990-02-11,26.17,85.82,25.2598567
1990-02-12,26.07,85.29,25.13392915
1990-02-13,26.32,83.96,25.277239599999998
1990-02-14,26.3,83.83,25.250567
1990-02-15,26.56,84.16,25.5093328
1990-02-16,26.76,85.43,25.777544900000002
1990-02-17,26.84,85.31,25.8429897
1990-02-18,26.98,84.17,25.8934288
1990-02-19,26.79,84.54,25.7449813
1990-02-20,26.91,83.24,25.766046199999998
1990-02-21,26.81,81.97,25.58927885
1990-02-22,27.01,82.49,25.80522445
1990-02-23,27.04,82.32,25.8206104
1990-02-24,26.96,82.48,25.7593544
1990-02-25,26.79,81.68,25.5516596
1990-02-26,26.65,80.16,25.324191999999996
1990-02-27,26.23,80.61,24.97905415
1990-02-28,26.1,80.77,24.873126
1990-03-01,26.74,80.17,25.405044399999998
1990-03-02,26.71,79.23,25.31519065
1990-03-03,26.41,79.93,25.09531465
1990-03-04,26.38,78.6,24.981724
1990-03-05,26.43,77.91,24.980564649999998
1990-03-06,27.41,75.34,25.6590167
1990-03-07,25.99,82.78,24.9017821
1990-03-08,26.7,83.48,25.591507999999997
1990-03-09,25.81,89.34,25.146894699999997
1990-03-10,26.7,84.49,25.659278999999998
1990-03-11,26.57,85.6,25.614055999999998
1990-03-12,26.8,85.05,25.7886325
1990-03-13,27.08,82.21,25.8491099
1990-03-14,27.16,80.77,25.8210151
1990-03-15,26.97,80.62,25.640822699999998
1990-03-16,27.14,82.16,25.8997632
1990-03-17,27.21,83.36,26.0467808
1990-03-18,26.8,83.5,25.683775
1990-03-19,27.03,81.53,25.75713995
1990-03-20,27.35,81.01,26.00788175
1990-03-21,27.78,80.85,26.381284
1990-03-22,27.87,80.04,26.4022414
1990-03-23,27.71,80.6,26.300493
1990-03-24,27.24,82.3,25.999760999999996
1990-03-25,28.08,79.5,26.548854999999996
1990-03-26,27.71,80.77,26.31284435
1990-03-27,27.38,78.96,25.889526399999998
1990-03-28,28.09,76.04,26.2991098
1990-03-29,28.59,75.97,26.72779515
1990-03-30,28.57,73.07,26.486021949999998
1990-03-31,28.75,75.87,26.85881125
1990-04-01,28.47,77.75,26.760421249999997
1990-04-02,28.16,79.19,26.5965447
1990-04-03,28.3,78.87,26.696233
1990-04-04,28.05,80.09,26.566207249999998
1990-04-05,27.29,85.3,26.2559285
1990-04-06,27.03,85.96,26.0624334
1990-04-07,27.04,83.33,25.8902701
1990-04-08,27.61,83.81,26.44262005
1990-04-09,27.81,82.03,26.49450615
1990-04-10,28.48,78.63,26.8368607
1990-04-11,28.71,78.7,27.0452985
1990-04-12,28.08,81.18,26.674334199999997
1990-04-13,28.04,82.25,26.718157499999997
1990-04-14,27.43,84.2,26.306383
1990-04-15,28.08,82.11,26.7437959
1990-04-16,28.75,76.48,26.90662
1990-04-17,28.49,78.37,26.825679649999998
1990-04-18,28.21,78.39,26.58049795
1990-04-19,28.81,78.28,27.100527399999997
1990-04-20,29.44,73.41,27.2550997
1990-04-21,28.07,79.4,26.532519
1990-04-22,28.16,78.76,26.5642388
1990-04-23,28.62,76.14,26.7670324
1990-04-24,29.24,72.25,26.990307499999997
1990-04-25,29.14,74.72,27.1044544
1990-04-26,28.63,77.63,26.891515449999996
1990-04-27,28.74,76.49,26.898696799999996
1990-04-28,27.59,81.97,26.29193015
1990-04-29,27.98,79.31,26.4460434
1990-04-30,28.71,75.49,26.79442095
1990-05-01,28.41,77.72,26.7054686
1990-05-02,28.29,79.97,26.770824649999998
1990-05-03,27.19,85.56,26.182160200000002
1990-05-04,26.55,88.48,25.786512000000002
1990-05-05,27.61,81.85,26.301294249999998
1990-05-06,27.92,80.35,26.4696335
1990-05-07,27.75,81.92,26.43242
1990-05-08,28.26,77.94,26.5904992
1990-05-09,28.45,78.77,26.821128249999997
1990-05-10,28.3,81.05,26.861695
1990-05-11,28.57,79.18,26.9588443
1990-05-12,28.79,77.15,26.99410425
1990-05-13,28.76,78.57,27.0792451
1990-05-14,27.44,84.15,26.3119555
1990-05-15,28.23,78.9,26.6366335
1990-05-16,28.35,82.26,26.9986555
1990-05-17,28.47,81.09,27.01705015
1990-05-18,28.16,82.46,26.8422198
1990-05-19,27.96,83.24,26.7192572
1990-05-20,27.61,77.13,25.96095865
1990-05-21,28.6,77.32,26.841166
1990-05-22,29.13,76.63,27.24953295
1990-05-23,28.66,79.14,27.0354232
1990-05-24,29,77.33,27.1920675
1990-05-25,28.59,79.49,27.00057755
1990-05-26,28.16,80.46,26.6919598
1990-05-27,29.02,73.4,26.895723999999998
1990-05-28,28.65,79.41,27.04758325
1990-05-29,28.16,82.26,26.8271938
1990-05-30,28.17,80.48,26.7023888
1990-05-31,28.32,78.96,26.720749599999998
1990-06-01,26.62,85.48,25.6520968
1990-06-02,28.11,80.64,26.660807199999997
1990-06-03,28.38,82.07,27.011223799999996
1990-06-04,28.66,80.4,27.133551999999998
1990-06-05,28.16,80.01,26.6581513
1990-06-06,27.94,80.18,26.4749056
1990-06-07,27.44,84.04,26.304126800000002
1990-06-08,26.61,85.36,25.6349028
1990-06-09,27.9,77,26.2049
1990-06-10,27.64,80.82,26.253861399999998
1990-06-11,27.84,80.73,26.4261601
1990-06-12,27.97,78.82,26.400879699999997
1990-06-13,26.77,83.24,25.6389514
1990-06-14,27.25,81.18,25.9302475
1990-06-15,27.93,80.8,26.511792
1990-06-16,27.96,79.62,26.4512686
1990-06-17,27.49,81.6,26.175411999999998
1990-06-18,27.67,82.33,26.39007355
1990-06-19,26.57,84.22,25.522444699999998
1990-06-20,27.66,80.65,26.259446999999998
1990-06-21,27.21,83.3,26.0425865
1990-06-22,26.8,83.57,25.6885105
1990-06-23,27.37,83,26.166655
1990-06-24,27.69,83.69,26.50679105
1990-06-25,26.75,84.55,25.70905625
1990-06-26,26.15,81.74,24.9799905
1990-06-27,27.27,76.34,25.6082399
1990-06-28,28.1,77.56,26.421488
1990-06-29,27.59,83.33,26.38984335
1990-06-30,27.48,81.37,26.1500043
1990-07-01,27.81,79.47,26.307101349999996
1990-07-02,28.09,77.94,26.4411253
1990-07-03,28.03,76.06,26.2485049
1990-07-04,28.03,76.64,26.2916656
1990-07-05,26.64,84.35,25.5950495
1990-07-06,27.55,78.23,25.98745825
1990-07-07,28.41,71,26.191354999999998
1990-07-08,26.8,83.57,25.6885105
1990-07-09,27,85.18,25.981125
1990-07-10,26.23,89.11,25.52743165
1990-07-11,26.7,83.15,25.569364999999998
1990-07-12,25.68,85.58,24.793314199999998
1990-07-13,26.73,82,25.51923
1990-07-14,27.12,81.66,25.8470206
1990-07-15,26.55,81.02,25.2921005
1990-07-16,25.87,76.93,24.42731755
1990-07-17,27.33,78.71,25.827671149999997
1990-07-18,27.37,80.99,26.02437715
1990-07-19,27.24,79.49,25.802864299999996
1990-07-20,26.82,81.34,25.5555984
1990-07-21,27.53,76.84,25.8702386
1990-07-22,27.04,82.79,25.8530263
1990-07-23,27,81.28,25.713
1990-07-24,27.12,81.09,25.8074569
1990-07-25,26.93,83.22,25.7828353
1990-07-26,26.92,84.97,25.8933007
1990-07-27,26.67,87.52,25.8346512
1990-07-28,26.36,86.29,25.4656967
1990-07-29,26.16,86.89,25.3192557
1990-07-30,26.06,89.14,25.369521199999998
1990-07-31,26.25,86.59,25.38337875
1990-08-01,26.73,86.39,25.814523349999998
1990-08-02,26.55,83.94,25.4856235
1990-08-03,26.18,87.87,25.400768799999998
1990-08-04,26.74,83.03,25.5975796
1990-08-05,27.11,83.28,25.950384399999997
1990-08-06,27.13,85.54,26.125536099999998
1990-08-07,27.34,82.31,26.090732199999998
1990-08-08,26.97,84.72,25.9220212
1990-08-09,26.67,83.52,25.5669112
1990-08-10,25.93,78.86,24.601033899999997
1990-08-11,27.57,74.36,25.7268686
1990-08-12,27.19,83.61,26.04605995
1990-08-13,27.22,84.05,26.104138
1990-08-14,26.63,84.6,25.602589
1990-08-15,26.5,85.97,25.574019999999997
1990-08-16,26.64,86.1,25.711897
1990-08-17,26.53,85.07,25.54215655
1990-08-18,26.88,83.7,25.770132999999998
1990-08-19,27.34,82.36,26.0942632
1990-08-20,26.91,83.96,25.8151898
1990-08-21,27.92,77.06,26.226798600000002
1990-08-22,27.53,82.54,26.2787291
1990-08-23,27.7,83.23,26.482498
1990-08-24,28.04,81.22,26.641453399999996
1990-08-25,27.15,83.73,26.01801475
1990-08-26,27.05,81.64,25.782701
1990-08-27,27.37,81.53,26.062601049999998
1990-08-28,27.84,80.23,26.3894751
1990-08-29,27.52,82.42,26.261096199999997
1990-08-30,26.62,84.98,25.6187668
1990-08-31,27.83,79.32,26.313845799999996
1990-09-01,28,80.27,26.535047499999997
1990-09-02,27.14,84.35,26.052011999999998
1990-09-03,25.93,88.31,25.19510815
1990-09-04,26.09,84.95,25.130637749999998
1990-09-05,26.6,83.38,25.493939
1990-09-06,26.71,84.32,25.6570096
1990-09-07,27.01,83.88,25.9008634
1990-09-08,27.23,82.43,25.99983645
1990-09-09,27.12,84.76,26.0621916
1990-09-10,27.11,84.35,26.024594249999996
1990-09-11,27.3,84.48,26.207392
1990-09-12,27.48,82.65,26.2413835
1990-09-13,27.49,81.11,26.140403949999996
1990-09-14,27.84,80.29,26.3938773
1990-09-15,27.45,78.94,25.9500015
1990-09-16,27.61,78.21,26.03883205
1990-09-17,27.47,79.37,25.99835895
1990-09-18,27.44,82.12,26.167480400000002
1990-09-19,26.89,84.84,25.8569218
1990-09-20,26.77,84.85,25.74760225
1990-09-21,27.03,82.01,25.79021915
1990-09-22,26.31,83.43,25.233695649999998
1990-09-23,26.03,85.65,25.11999475
1990-09-24,26.5,83.6,25.4176
1990-09-25,27.73,79.87,26.265240549999998
1990-09-26,27.06,82.78,25.870442399999998
1990-09-27,26.36,84.21,25.3300183
1990-09-28,26.95,79.29,25.531882749999998
1990-09-29,26.42,81.77,25.2248412
1990-09-30,27.03,81.5,25.7550725
1990-10-01,26.4,81.77,25.206846499999997
1990-10-02,26.65,81.64,25.423092999999998
1990-10-03,26.3,83.62,25.236938
1990-10-04,26.45,85.83,25.518676749999997
1990-10-05,26.44,85.14,25.4641438
1990-10-06,27.45,79.48,25.988463
1990-10-07,27.69,78.25,26.11214625
1990-10-08,27.36,82.15,26.0974695
1990-10-09,27.46,83.32,26.271049599999998
1990-10-10,27.44,82.04,26.1617868
1990-10-11,27.87,78.31,26.27502585
1990-10-12,28.2,74.87,26.306454499999997
1990-10-13,27.62,81.16,26.2605056
1990-10-14,27.5,82.66,26.260189999999998
1990-10-15,27.25,81.99,25.98704875
1990-10-16,26.97,84.71,25.92133535
1990-10-17,27.29,82.74,26.075845299999997
1990-10-18,27.06,81.66,25.793072799999997
1990-10-19,27.45,80.19,26.039032749999997
1990-10-20,27.42,80.37,26.0250922
1990-10-21,26.79,81.99,25.57261405
1990-10-22,27.33,80.04,25.9215226
1990-10-23,28.23,75.56,26.3844134
1990-10-24,27.84,79.86,26.3623282
1990-10-25,27.77,81.82,26.4431327
1990-10-26,27.54,79.82,26.0926904
1990-10-27,27.78,77.78,26.1570512
1990-10-28,27.49,80.13,26.070387849999996
1990-10-29,27.77,78.62,26.2095807
1990-10-30,27.11,83.35,25.955239249999998
1990-10-31,27.16,85.4,26.143402
1990-11-01,27.15,81.13,25.83711975
1990-11-02,26.08,87.4,25.277506
1990-11-03,27.24,81.11,25.916377699999998
1990-11-04,27.48,81.88,26.1864132
1990-11-05,26.96,81.06,25.6620418
1990-11-06,27.89,76.24,26.1401948
1990-11-07,27.74,74.99,25.9187718
1990-11-08,27.27,78.6,25.766970999999998
1990-11-09,26.37,85.41,25.41749185
1990-11-10,27.03,83.07,25.86326905
1990-11-11,27.02,83.59,25.8900074
1990-11-12,26.76,83.83,25.6696569
1990-11-13,26.68,83.22,25.5559078
1990-11-14,27.06,82.53,25.8531724
1990-11-15,26.59,84.2,25.539379
1990-11-16,26.83,83.52,25.7124088
1990-11-17,27.48,81.9,26.187841
1990-11-18,26.64,85.71,25.6858567
1990-11-19,25.91,86.31,25.05088405
1990-11-20,27.14,84.92,26.0916384
1990-11-21,27.27,82.2,26.019817
1990-11-22,27.49,82.57,26.244713649999998
1990-11-23,26.92,86.28,25.9827868
1990-11-24,26.71,87.95,25.90078225
1990-11-25,25.72,91.12,25.1720152
1990-11-26,26.47,88.75,25.72935625
1990-11-27,26.75,86.58,25.8458275
1990-11-28,26.65,84.94,25.6436155
1990-11-29,26.7,84.91,25.687461
1990-11-30,26.33,83.77,25.273995049999996
1990-12-01,25.65,83.8,24.656534999999998
1990-12-02,26.09,82.36,24.965538199999997
1990-12-03,26.05,83.66,25.0120015
1990-12-04,26.48,83.44,25.3888616
1990-12-05,26.18,86.1,25.287063999999997
1990-12-06,25.83,87.15,25.02925225
1990-12-07,25.66,91.32,25.1272216
1990-12-08,25.7,90.61,25.121575999999997
1990-12-09,26.22,87.47,25.4123162
1990-12-10,25.74,90.93,25.179292599999997
1990-12-11,26.13,89.99,25.48971035
1990-12-12,25.89,89.26,25.2171927
1990-12-13,26.26,85.4,25.315672
1990-12-14,26.02,89.01,25.3236736
1990-12-15,25.8,90.97,25.2387855
1990-12-16,25.44,90.79,24.8858343
1990-12-17,26.03,86.46,25.1713609
1990-12-18,25.76,88.94,25.0750542
1990-12-19,25.86,88.68,25.1527264
1990-12-20,26.33,86.22,25.433404299999996
1990-12-21,26.22,88.28,25.464528799999997
1990-12-22,25.9,87.56,25.120012
1990-12-23,25.55,83.93,24.57334575
1990-12-24,25.77,83.54,24.7497269
1990-12-25,26.25,84.75,25.26446875
1990-12-26,25.99,87.3,25.187423499999998
1990-12-27,26.03,86.51,25.17453165
1990-12-28,25.94,86.34,25.0805128
1990-12-29,26.13,86.02,25.235769299999998
1990-12-30,25.89,88.61,25.17647345
1990-12-31,25.69,90.08,25.0794736
1991-01-01,26,88.38,25.265034999999997
1991-01-02,26.07,87.81,25.29428935
1991-01-03,26.03,86.22,25.1561413
1991-01-04,26.37,85.54,25.4259789
1991-01-05,25.63,85.6,24.748503999999997
1991-01-06,25.84,83.64,24.819626799999998
1991-01-07,25.89,82.01,24.76301645
1991-01-08,25.86,83.12,24.805337599999998
1991-01-09,26.02,83.34,24.9644224
1991-01-10,26.08,84.86,25.115733399999996
1991-01-11,26.27,85.45,25.32810575
1991-01-12,26.74,86.1,25.804251999999998
1991-01-13,26.51,87.19,25.66383545
1991-01-14,26.09,89.15,25.39836675
1991-01-15,26.29,87.56,25.4833282
1991-01-16,26.05,88.89,25.34423725
1991-01-17,26.22,87.2,25.394911999999998
1991-01-18,26.1,86.31,25.226578
1991-01-19,26.06,86.15,25.179416999999997
1991-01-20,25.83,87.46,25.048569899999997
1991-01-21,25.63,89.68,24.998261199999998
1991-01-22,25.57,87.2,24.790672
1991-01-23,25.24,88.67,24.570736899999996
1991-01-24,26.75,84.49,25.70501375
1991-01-25,26.03,88.83,25.32165445
1991-01-26,25.59,93.1,25.1691345
1991-01-27,25.42,90.86,24.8710516
1991-01-28,25.24,91.13,24.7160491
1991-01-29,25.17,90.11,24.58960535
1991-01-30,25.91,86.99,25.09355745
1991-01-31,25.57,88.26,24.8552101
1991-02-01,26.04,86.06,25.1552282
1991-02-02,26,86.09,25.120192499999998
1991-02-03,26.23,86.45,25.35582175
1991-02-04,26.01,87.13,25.19526465
1991-02-05,25.75,88.4,25.03225
1991-02-06,25.57,88.57,24.874084449999998
1991-02-07,26.12,86.83,25.2783053
1991-02-08,26.38,83.63,25.310384199999998
1991-02-09,26.31,83.62,25.2460371
1991-02-10,26.52,81.87,25.3214257
1991-02-11,26.49,82.77,25.353767649999998
1991-02-12,26.2,82.2,25.05457
1991-02-13,26.63,84.13,25.57123295
1991-02-14,26.63,86.04,25.698658599999998
1991-02-15,27.24,81.08,25.914275599999996
1991-02-16,27.28,82.22,26.0302438
1991-02-17,26.91,83.85,25.80768175
1991-02-18,26.61,83.36,25.501692799999997
1991-02-19,26.49,85.02,25.502143899999997
1991-02-20,26.6,79.64,25.245042
1991-02-21,26.6,80.76,25.319578
1991-02-22,26.79,81.14,25.5151583
1991-02-23,26.74,80.12,25.401678399999998
1991-02-24,26.47,80.93,25.21452655
1991-02-25,26.75,82.69,25.58373875
1991-02-26,26.35,86.27,25.45514725
1991-02-27,26.43,87.32,25.5980018
1991-02-28,26.47,86.74,25.597027899999997
1991-03-01,26.7,84.57,25.664647
1991-03-02,26.84,84.24,25.7703688
1991-03-03,26.52,78.51,25.0992961
1991-03-04,26.32,76.73,24.807217299999998
1991-03-05,26.97,78.59,25.50159515
1991-03-06,27.2,82.15,25.9531775
1991-03-07,27.19,80.69,25.84225855
1991-03-08,26.88,80.68,25.5645012
1991-03-09,26.33,81.96,25.1562274
1991-03-10,26.43,79.56,25.088829399999998
1991-03-11,27.37,77.91,25.80635935
1991-03-12,27.31,78.98,25.829035899999997
1991-03-13,27.39,80.48,26.0061296
1991-03-14,27.13,78.77,25.655258049999997
1991-03-15,27.28,79.68,25.8517072
1991-03-16,27.94,75.11,26.1001312
1991-03-17,28.5,75.37,26.60349
1991-03-18,27.75,82.23,26.45501125
1991-03-19,27.02,83.35,25.873480999999998
1991-03-20,27.9,77.57,26.246909
1991-03-21,27.97,80.73,26.542382049999997
1991-03-22,27.37,83.05,26.170194249999998
1991-03-23,27.93,78.79,26.363323349999998
1991-03-24,27.17,81.75,25.89824875
1991-03-25,27.32,80.72,25.9605672
1991-03-26,27.94,80.59,26.5052128
1991-03-27,27.74,81.55,26.396471
1991-03-28,27.39,84.14,26.2656053
1991-03-29,26.36,89.71,25.688783299999997
1991-03-30,26.3,86.92,25.451108
1991-03-31,27.54,78.45,25.994434
1991-04-01,26.8,86.2,25.86643
1991-04-02,26.95,84.18,25.866725499999998
1991-04-03,26.99,85.28,25.978809599999998
1991-04-04,26.54,85.17,25.5579574
1991-04-05,27.52,78.76,25.999003599999998
1991-04-06,27.75,79.71,26.27136625
1991-04-07,27.64,80.78,26.2509706
1991-04-08,27.45,82.95,26.23561375
1991-04-09,28.37,78.61,26.73826385
1991-04-10,28.44,75.69,26.5761523
1991-04-11,28.53,76.9,26.7474885
1991-04-12,28.61,75.77,26.72963085
1991-04-13,28.07,79.48,26.5384898
1991-04-14,28.03,78.88,26.4583552
1991-04-15,27.86,80.2,26.405096
1991-04-16,27.3,84.61,26.216544
1991-04-17,27.15,83.47,25.999925249999997
1991-04-18,27.55,81.99,26.257332249999997
1991-04-19,27.9,81.28,26.520335999999997
1991-04-20,28.48,79.22,26.8822258
1991-04-21,27.85,83.81,26.66124925
1991-04-22,26.67,86.41,25.76035335
1991-04-23,27.18,84.25,26.081595
1991-04-24,27.24,87.83,26.387248099999997
1991-04-25,26.93,89.02,26.179352299999998
1991-04-26,26.47,87.15,25.624020249999997
1991-04-27,27.44,81.44,26.1190848
1991-04-28,27.99,82.6,26.699006999999998
1991-04-29,28.37,82.91,27.066289349999998
1991-04-30,27.44,86.52,26.4806284
1991-05-01,27.57,83.33,26.37167705
1991-05-02,27.74,82.75,26.483855
1991-05-03,27.45,86.8,26.509829999999997
1991-05-04,27.58,85.25,26.518884999999997
1991-05-05,26.74,88.57,25.970532399999996
1991-05-06,26.84,85.23,25.837560099999997
1991-05-07,26.66,84.26,25.6073088
1991-05-08,27.45,83.17,26.25128325
1991-05-09,27.67,84.43,26.542187050000003
1991-05-10,27.32,84.61,26.2348511
1991-05-11,27.67,81.59,26.33647165
1991-05-12,27.61,82.61,26.35609405
1991-05-13,27.11,83.03,25.93304565
1991-05-14,27.66,83.78,26.485996399999998
1991-05-15,28.36,80.64,26.8841872
1991-05-16,27.54,85.97,26.5337684
1991-05-17,27.64,86.67,26.6766409
1991-05-18,28.25,82.43,26.92126875
1991-05-19,28.12,82.66,26.8210606
1991-05-20,27.28,85.5,26.260795
1991-05-21,27.07,80.32,25.7094232
1991-05-22,27.3,79.73,25.872992
1991-05-23,26.92,84.37,25.8523147
1991-05-24,27.73,83.86,26.555572899999998
1991-05-25,27.72,85.07,26.634439699999998
1991-05-26,27.69,85.67,26.65043015
1991-05-27,27.66,87.61,26.7632118
1991-05-28,27.3,88.22,26.470688
1991-05-29,27.54,85.51,26.500777199999998
1991-05-30,27.43,85.98,26.4329677
1991-05-31,27.72,86.73,26.7551383
1991-06-01,27.04,87.08,26.148907599999998
1991-06-02,28.05,82.96,26.780094
1991-06-03,27.13,88.2,26.310312999999997
1991-06-04,26.18,90.76,25.5864224
1991-06-05,26.95,85.52,25.958481999999997
1991-06-06,27.93,84.56,26.789524399999998
1991-06-07,27.81,81.45,26.45204725
1991-06-08,27.61,81.2,26.254426
1991-06-09,28.04,82.17,26.712199899999998
1991-06-10,27.9,83.73,26.700900999999998
1991-06-11,27.92,82.77,26.6482537
1991-06-12,27.94,82.41,26.6397472
1991-06-13,28.37,77.89,26.68333865
1991-06-14,28.29,77.1,26.553149499999996
1991-06-15,28.23,80.7,26.7725605
1991-06-16,27.82,83.74,26.6287924
1991-06-17,27.8,83.83,26.6171645
1991-06-18,27.36,85.19,26.3124887
1991-06-19,27.63,82.3,26.351794499999997
1991-06-20,27.85,81.15,26.46593875
1991-06-21,27.85,81.06,26.4593305
1991-06-22,27.74,80.68,26.333117599999998
1991-06-23,27.72,79.67,26.241805699999997
1991-06-24,27.37,82.67,26.14329595
1991-06-25,27.38,84.35,26.271354
1991-06-26,27.48,83.42,26.2963538
1991-06-27,26.88,86.46,25.9580614
1991-06-28,27.02,84.64,25.9623104
1991-06-29,26.64,86.39,25.7312603
1991-06-30,27.03,83.2,25.872228
1991-07-01,26.67,81.4,25.425009
1991-07-02,26.53,83.23,25.42041295
1991-07-03,26.69,85.24,25.700415800000002
1991-07-04,26.75,83.32,25.626185
1991-07-05,26.75,83.26,25.6221425
1991-07-06,26.55,81.95,25.35373625
1991-07-07,25.73,87.39,24.95114335
1991-07-08,26.1,84.51,25.111738000000003
1991-07-09,26.96,82.6,25.767578
1991-07-10,27.01,82.31,25.79283955
1991-07-11,26.42,83.5,25.338260000000002
1991-07-12,26.84,79.81,25.469704699999998
1991-07-13,27.12,81.32,25.8234212
1991-07-14,27.14,80.88,25.810777599999998
1991-07-15,27.2,81.21,25.8875185
1991-07-16,27.35,79.09,25.87218575
1991-07-17,27.41,80.15,26.00055075
1991-07-18,27.2,82.92,26.006961999999998
1991-07-19,27.66,82.77,26.4128926
1991-07-20,26.32,88.09,25.5457309
1991-07-21,26.9,84.06,25.812891999999998
1991-07-22,27.13,84.56,26.0574604
1991-07-23,26.95,85.95,25.987926249999997
1991-07-24,27.01,84.08,25.9146244
1991-07-25,26.85,83.97,25.761162249999998
1991-07-26,27.26,83.95,26.133611000000002
1991-07-27,27.37,83.69,26.21549665
1991-07-28,26.98,85.71,25.9991344
1991-07-29,27.21,84.03,26.09361715
1991-07-30,27.24,82.53,26.015877099999997
1991-07-31,27.3,82.4,26.06096
1991-08-01,27.12,84.81,26.0656621
1991-08-02,26.76,85.31,25.769453300000002
1991-08-03,27.21,80.93,25.87691165
1991-08-04,27.47,73.38,25.571062299999998
1991-08-05,27.2,73.38,25.340593
1991-08-06,27.42,76.14,25.7245084
1991-08-07,26.96,81.63,25.7011039
1991-08-08,27,80.7,25.673125
1991-08-09,26.85,83.62,25.7373885
1991-08-10,27.52,76.95,25.8693895
1991-08-11,27.38,79.85,25.952574
1991-08-12,27.49,78.87,25.98036715
1991-08-13,27.08,81.44,25.795833599999998
1991-08-14,27.1,81.45,25.814485
1991-08-15,27.32,79.44,25.870314399999998
1991-08-16,27.56,77.51,25.9445433
1991-08-17,27.05,79.09,25.60668725
1991-08-18,26.66,82.23,25.4715424
1991-08-19,27.07,81.36,25.7813236
1991-08-20,27.36,79.11,25.8824503
1991-08-21,27.47,80.14,26.0532869
1991-08-22,26.47,85.51,25.51605085
1991-08-23,26.68,85.08,25.6805092
1991-08-24,26.87,83.82,25.7691937
1991-08-25,27.3,84.99,26.243296
1991-08-26,26.99,86.81,26.08391295
1991-08-27,26.8,85.98,25.851547
1991-08-28,26.87,85.01,25.85015535
1991-08-29,27.19,85.2,26.157034
1991-08-30,27.22,83.33,26.0537668
1991-08-31,26.95,82.94,25.781816499999998
1991-09-01,26.59,85.72,25.6404514
1991-09-02,26.51,84.91,25.51323005
1991-09-03,27.07,84.45,25.99495075
1991-09-04,26.55,85.64,25.598291
1991-09-05,26.67,84.25,25.615773750000002
1991-09-06,26.87,83.15,25.72361025
1991-09-07,26.59,81.53,25.36183735
1991-09-08,27.24,82.19,25.9920533
1991-09-09,26.96,82.29,25.7463337
1991-09-10,26.56,86.03,25.633369899999998
1991-09-11,26.68,86.41,25.7696059
1991-09-12,26.92,81.7,25.669927
1991-09-13,26.78,83,25.63182
1991-09-14,26.75,82.13,25.54600875
1991-09-15,27.02,81.85,25.770190999999997
1991-09-16,26.81,84.5,25.7605725
1991-09-17,26.67,85.3,25.686055500000002
1991-09-18,26.59,83.45,25.489507749999998
1991-09-19,26.68,84.2,25.621558
1991-09-20,26.34,85.43,25.3912016
1991-09-21,26.85,84.42,25.7917285
1991-09-22,26.8,83.08,25.655362
1991-09-23,26.89,83.64,25.7751478
1991-09-24,26.67,85.96,25.7302326
1991-09-25,26.43,83.18,25.3263557
1991-09-26,26.95,80.05,25.583923749999997
1991-09-27,26.75,84.28,25.690865
1991-09-28,26.48,85.56,25.5285484
1991-09-29,26.52,85.63,25.5699993
1991-09-30,27.05,82.18,25.8199745
1991-10-01,26.94,84.18,25.8575956
1991-10-02,26.72,84.2,25.658082
1991-10-03,26.75,84.17,25.683453749999998
1991-10-04,27.17,82.96,25.9825676
1991-10-05,27.48,82.22,26.2106858
1991-10-06,27.1,80.81,25.770133
1991-10-07,26.99,77.07,25.41482365
1991-10-08,26.8,75.95,25.1730175
1991-10-09,26.87,80.12,25.5174642
1991-10-10,27.46,81.04,26.1085312
1991-10-11,26.72,85.31,25.732685099999998
1991-10-12,26.62,82.2,25.433452
1991-10-13,26.13,83.93,25.102082449999997
1991-10-14,26.19,80.33,24.92531735
1991-10-15,26.5,77.6,25.0216
1991-10-16,26.69,77.62,25.1895329
1991-10-17,26.74,78.75,25.30945
1991-10-18,26.86,77.74,25.3467652
1991-10-19,26.79,79.27,25.388755649999997
1991-10-20,26.53,81.2,25.286098
1991-10-21,26.65,76.88,25.105005999999996
1991-10-22,26.88,76.82,25.301673799999996
1991-10-23,26.8,79.79,25.4327935
1991-10-24,27.02,79.33,25.596663799999998
1991-10-25,27.09,79.84,25.6940208
1991-10-26,27.12,79.52,25.6984832
1991-10-27,27.29,78.37,25.76843765
1991-10-28,27.45,76.17,25.752708249999998
1991-10-29,27.34,79.62,25.9007644
1991-10-30,26.63,83.37,25.52052955
1991-10-31,27.49,79.08,25.995370599999998
1991-11-01,27.12,80.4,25.759564
1991-11-02,27.06,81.79,25.8020532
1991-11-03,26.95,81.82,25.705124499999997
1991-11-04,26.43,84.67,25.424122049999998
1991-11-05,26.32,84.88,25.337048799999998
1991-11-06,26.21,84.69,25.22395945
1991-11-07,25.42,87.87,24.6914722
1991-11-08,25.44,87.35,24.6788495
1991-11-09,25.7,84.08,24.719327999999997
1991-11-10,26.18,83.76,25.1367424
1991-11-11,26.41,83.37,25.32065185
1991-11-12,26.19,86.79,25.34066305
1991-11-13,25.81,90.6,25.225272999999998
1991-11-14,25.38,88.22,24.675084799999997
1991-11-15,25.91,86.69,25.07473095
1991-11-16,26.15,88.67,25.424030249999998
1991-11-17,25.73,90.1,25.118526499999998
1991-11-18,26.61,84.31,25.56496755
1991-11-19,26.16,87.8,25.377613999999998
1991-11-20,26.49,86.33,25.58853185
1991-11-21,26.55,87.95,25.75138625
1991-11-22,26.37,88.14,25.5957199
1991-11-23,25.95,87.74,25.177926499999998
1991-11-24,26.17,87.15,25.34522275
1991-11-25,26.85,84.98,25.8297665
1991-11-26,26.04,89.51,25.3741997
1991-11-27,26.21,87.58,25.4100899
1991-11-28,26.29,88.73,25.55919685
1991-11-29,25.81,90.67,25.229627349999998
1991-11-30,26.17,89.2,25.476802
1991-12-01,26.06,89.42,25.3873236
1991-12-02,25.74,91.2,25.195983999999996
1991-12-03,25.52,90.69,24.9557209
1991-12-04,25.15,90.42,24.588851499999997
1991-12-05,25.65,89.82,25.025711499999996
1991-12-06,25.44,92.55,24.9917335
1991-12-07,25.07,92.35,24.62526725
1991-12-08,25.24,92.37,24.7892959
1991-12-09,25.12,91.4,24.617674
1991-12-10,25.39,88.63,24.70899385
1991-12-11,25.85,87.44,25.065942
1991-12-12,25.27,89.96,24.675280599999997
1991-12-13,25.95,87.47,25.16092325
1991-12-14,26.02,90,25.3864
1991-12-15,25.37,92.77,24.93775445
1991-12-16,25.83,90.26,25.223051899999998
1991-12-17,26.12,89.45,25.4457495
1991-12-18,25.98,90.04,25.3511256
1991-12-19,26.06,89.1,25.366977999999996
1991-12-20,25.51,90.48,24.933516400000002
1991-12-21,25.7,88.76,25.007616
1991-12-22,25.76,89.7,25.122121
1991-12-23,25.4,91.53,24.892223499999997
1991-12-24,25.75,90.38,25.154762499999997
1991-12-25,25.5,89.69,24.876245
1991-12-26,25.78,89.7,25.140988
1991-12-27,26.02,87.48,25.2267328
1991-12-28,26.03,87.74,25.2525321
1991-12-29,25.64,90.61,25.0646747
1991-12-30,25.27,90.12,24.684758199999997
1991-12-31,25.86,87.26,25.0640048
1992-01-01,25.36,91.16,24.8319868
1992-01-02,25.72,90.41,25.1282011
1992-01-03,25.96,88.92,25.2616276
1992-01-04,25.87,89.51,25.21400785
1992-01-05,26.06,88.86,25.351718799999997
1992-01-06,26.12,89.53,25.4508623
1992-01-07,26,86.55,25.1492875
1992-01-08,25.73,85.37,24.82637805
1992-01-09,25.9,86.12,25.029723999999998
1992-01-10,25.94,84.95,24.993054
1992-01-11,25.86,85.47,24.952165599999997
1992-01-12,25.45,85.76,24.592395999999997
1992-01-13,25.65,85.75,24.77611875
1992-01-14,26.06,85.89,25.1628862
1992-01-15,25.82,85.89,24.9415114
1992-01-16,25.59,85.7,24.717771499999998
1992-01-17,25.34,86.46,24.532745199999997
1992-01-18,25.23,85.72,24.3872658
1992-01-19,25.01,83.69,24.06720045
1992-01-20,24.94,82.48,23.934001600000002
1992-01-21,25.07,83.07,24.08577445
1992-01-22,25.56,84.45,24.6140935
1992-01-23,25.82,84.11,24.8306886
1992-01-24,25.89,85.01,24.95095145
1992-01-25,25.8,87.05,24.9951575
1992-01-26,26.02,87.02,25.197587199999997
1992-01-27,25.99,87.52,25.2013264
1992-01-28,25.65,86.94,24.849095499999997
1992-01-29,25.95,86.16,25.078425999999997
1992-01-30,26.04,86.11,25.1584017
1992-01-31,26.1,85,25.143
1992-02-01,26.19,84.2,25.174139
1992-02-02,25.95,86.25,25.084093749999997
1992-02-03,25.68,88.72,24.986392799999997
1992-02-04,25.8,89.21,25.1294015
1992-02-05,26.1,86.09,25.212542
1992-02-06,26.57,85.91,25.63463535
1992-02-07,26.32,87.13,25.4833213
1992-02-08,26.13,87.46,25.327878899999998
1992-02-09,26.16,86.93,25.3218209
1992-02-10,25.96,87.78,25.1897734
1992-02-11,26.09,86.08,25.2026696
1992-02-12,26.54,84.57,25.5182254
1992-02-13,27.14,84.37,26.0534024
1992-02-14,26.72,84.48,25.6769008
1992-02-15,27.19,82.76,25.9867342
1992-02-16,26.94,84.53,25.8815426
1992-02-17,26.17,86.67,25.314413950000002
1992-02-18,26.99,78.99,25.54671805
1992-02-19,26.96,80.8,25.644224
1992-02-20,26.28,86.6,25.411814
1992-02-21,26.44,82.68,25.3025956
1992-02-22,26.11,81.47,24.92676685
1992-02-23,26.37,80.33,25.08584405
1992-02-24,26.26,80.57,25.0032676
1992-02-25,26.34,82.19,25.1802128
1992-02-26,26.02,85.25,25.08544
1992-02-27,26.75,84.02,25.6733475
1992-02-28,26.84,84.68,25.8002316
1992-02-29,27.2,84.04,26.085193999999998
1992-03-01,27.24,82.4,26.006767999999997
1992-03-02,27.26,82.62,26.0402716
1992-03-03,27.21,83,26.021615
1992-03-04,27.28,84.63,26.1996427
1992-03-05,27.25,82.95,26.05436875
1992-03-06,26.43,86.66,25.5546959
1992-03-07,26.64,86.1,25.711897
1992-03-08,25.94,88.1,25.191252
1992-03-09,26.78,82.68,25.6102072
1992-03-10,26.61,83.17,25.48903785
1992-03-11,26.74,83.11,25.602965199999996
1992-03-12,26.94,83.68,25.8233856
1992-03-13,27.18,81.94,25.9204956
1992-03-14,26.97,83.43,25.833546549999998
1992-03-15,27.32,82.51,26.0867801
1992-03-16,27.73,81.99,26.41950235
1992-03-17,27.34,82.03,26.070958599999997
1992-03-18,27.63,82.33,26.353960949999998
1992-03-19,27.82,81.23,26.4449098
1992-03-20,27.69,80.8,26.297136000000002
1992-03-21,27.61,82.71,26.36330455
1992-03-22,27.69,83.28,26.4770476
1992-03-23,27.05,85.55,26.052588749999998
1992-03-24,27.49,84.9,26.411180499999997
1992-03-25,27.84,83.62,26.638199399999998
1992-03-26,28.02,81.88,26.672596799999997
1992-03-27,28.3,80.09,26.788831
1992-03-28,28.37,79.67,26.81912595
1992-03-29,27.35,84.16,26.230508
1992-03-30,27.81,82.79,26.550141949999997
1992-03-31,27.54,80.44,26.1371568
1992-04-01,27.88,79.01,26.3353459
1992-04-02,28.05,79.71,26.53788775
1992-04-03,28.38,78.43,26.7333462
1992-04-04,27.1,82.93,25.917049000000002
1992-04-05,27.93,80.18,26.4659957
1992-04-06,27.48,85.26,26.4277114
1992-04-07,27.7,83.65,26.51299
1992-04-08,28.01,82.36,26.6992598
1992-04-09,27.13,84.63,26.06232295
1992-04-10,27.87,81,26.472835
1992-04-11,28.2,79.86,26.682450999999997
1992-04-12,28.64,77.04,26.8544008
1992-04-13,28.05,80.2,26.574405
1992-04-14,28.36,80.59,26.8803757
1992-04-15,27.87,79.57,26.36767995
1992-04-16,28.14,79.09,26.5713318
1992-04-17,28.13,81.04,26.708663599999998
1992-04-18,28.03,80.55,26.58262825
1992-04-19,27.95,82.46,26.652478499999997
1992-04-20,28.07,80.6,26.622080999999998
1992-04-21,28.3,79.85,26.770615
1992-04-22,28.34,80.26,26.8373912
1992-04-23,27.73,80.48,26.3096272
1992-04-24,28.45,78.18,26.7758605
1992-04-25,28.1,83.22,26.844856
1992-04-26,27.49,86.13,26.499057849999996
1992-04-27,28.56,78.27,26.8796191
1992-04-28,28.12,82.17,26.7843547
1992-04-29,27.65,83.64,26.466762999999997
1992-04-30,28.31,80.76,26.848625799999997
1992-05-01,27.94,84.25,26.775760000000002
1992-05-02,28.49,78.5,26.835682499999997
1992-05-03,28.6,79.24,26.990061999999998
1992-05-04,28.16,82.14,26.8181782
1992-05-05,27.85,82.8,26.58709
1992-05-06,27.7,83.58,26.507908
1992-05-07,27.56,85.2,26.496916
1992-05-08,27.66,84.96,26.5714048
1992-05-09,26.89,85.94,25.9318813
1992-05-10,27.7,83.31,26.488305999999998
1992-05-11,28.54,79.87,26.985561399999998
1992-05-12,28.22,79.83,26.697971799999998
1992-05-13,27.71,84.12,26.5562386
1992-05-14,27.88,80.17,26.4207103
1992-05-15,27.61,81.92,26.3063416
1992-05-16,27.62,84.1,26.472656
1992-05-17,27.71,83.66,26.5228173
1992-05-18,27.92,85.09,26.8194929
1992-05-19,28.07,82.96,26.7982196
1992-05-20,28.27,82.5,26.9446375
1992-05-21,28.14,83.66,26.9141732
1992-05-22,27.65,86.76,26.692417
1992-05-23,27.45,84.33,26.33390425
1992-05-24,28.39,78.19,26.72382505
1992-05-25,28.4,79.01,26.7953145
1992-05-26,27.98,82.98,26.7181372
1992-05-27,28.24,80.84,26.7920788
1992-05-28,28.58,78.98,26.952211199999997
1992-05-29,28.29,79.57,26.740486649999998
1992-05-30,28.53,78.36,26.8601494
1992-05-31,28.22,82.25,26.880584999999996
1992-06-01,27.82,85.24,26.7386824
1992-06-02,27.8,85.88,26.767122
1992-06-03,27.67,87.91,26.79426085
1992-06-04,27.76,86.17,26.7513781
1992-06-05,27.57,85.41,26.52119785
1992-06-06,27.41,82,26.131909999999998
1992-06-07,27.99,78.99,26.43116305
1992-06-08,27.3,86.76,26.367904
1992-06-09,27.58,85.19,26.514568599999997
1992-06-10,27.81,86.35,26.810751749999998
1992-06-11,27.36,86.46,26.402315799999997
1992-06-12,26.66,85.23,25.6721824
1992-06-13,27.3,84.56,26.213024
1992-06-14,27.35,82.75,26.13085625
1992-06-15,27.34,84.36,26.2355032
1992-06-16,27.17,85.66,26.1707171
1992-06-17,27.16,88.08,26.3300104
1992-06-18,26.62,87.95,25.816747
1992-06-19,26.7,84.44,25.655924
1992-06-20,27.41,85.36,26.3704868
1992-06-21,27.84,86.69,26.8634453
1992-06-22,27.79,83.08,26.553232599999998
1992-06-23,27.86,82.26,26.5564648
1992-06-24,27.47,80.98,26.1132083
1992-06-25,27.35,80.6,25.978905
1992-06-26,27.28,82.28,26.0344612
1992-06-27,27.04,85.62,26.0482114
1992-06-28,27.6,82.18,26.316069000000002
1992-06-29,27.67,82.53,26.40456055
1992-06-30,27.5,86.02,26.500429999999998
1992-07-01,27.1,86.62,26.172766
1992-07-02,26.96,85.47,25.9642591
1992-07-03,26.82,84.7,25.783272
1992-07-04,26.92,84.08,25.832504800000002
1992-07-05,27.31,84.36,26.208083799999997
1992-07-06,27.08,84.87,26.033155299999997
1992-07-07,27.44,81.32,26.1105444
1992-07-08,27.19,82.73,25.98464035
1992-07-09,26.77,85.85,25.815087249999998
1992-07-10,26.41,85.99,25.49227495
1992-07-11,26.73,83.03,25.58851295
1992-07-12,25.66,84.7,24.720886
1992-07-13,25.34,88.13,24.6323106
1992-07-14,26.75,84.7,25.7191625
1992-07-15,26.66,86.63,25.7658144
1992-07-16,26.13,86.59,25.27222935
1992-07-17,26.35,86.21,25.45123675
1992-07-18,25.99,89.46,25.323924699999996
1992-07-19,25.66,89.61,25.0222618
1992-07-20,26.47,86.14,25.5575269
1992-07-21,26.84,84.94,25.817877799999998
1992-07-22,26.79,85.55,25.813252249999998
1992-07-23,26.2,86.9,25.357014999999997
1992-07-24,27.03,84.39,25.95423685
1992-07-25,26.83,87.07,25.953152049999996
1992-07-26,26.88,88.77,26.1153493
1992-07-27,26.95,86.17,26.00299075
1992-07-28,26.48,88.13,25.6978857
1992-07-29,26.5,88.51,25.74166
1992-07-30,26.62,86.48,25.7187568
1992-07-31,26.88,85.99,25.926059099999996
1992-08-01,26.43,87.6,25.616374
1992-08-02,26.78,87.56,25.9398024
1992-08-03,26.61,85.9,25.6708695
1992-08-04,26.01,90.1,25.3832805
1992-08-05,27.03,84.31,25.94872365
1992-08-06,26.89,83.47,25.76356315
1992-08-07,27.06,81.51,25.782710799999997
1992-08-08,27.04,82.14,25.808195799999996
1992-08-09,27.06,83.87,25.9457396
1992-08-10,26.45,82.32,25.287982
1992-08-11,26.85,84.58,25.8025965
1992-08-12,26.92,82.82,25.7464342
1992-08-13,26.62,85.96,25.6840936
1992-08-14,25.61,88.45,24.904237249999998
1992-08-15,26.38,88.21,25.609641399999997
1992-08-16,26.27,88.86,25.548852099999998
1992-08-17,26.04,87.18,25.2263146
1992-08-18,26.51,85.58,25.5574869
1992-08-19,27,83.83,25.888312499999998
1992-08-20,26.8,86.07,25.8576355
1992-08-21,26.6,86.05,25.6716275
1992-08-22,26.54,85.76,25.5970272
1992-08-23,26.56,85.11,25.5723463
1992-08-24,26.49,86.65,25.60963425
1992-08-25,26.94,83.63,25.8199646
1992-08-26,26.7,85.45,25.723695
1992-08-27,27.08,85.32,26.0642908
1992-08-28,27.49,81.59,26.174697549999998
1992-08-29,27.37,81.83,26.08383655
1992-08-30,26.99,81.37,25.710212149999997
1992-08-31,27,85.17,25.9804375
1992-09-01,27.62,77.48,25.9949568
1992-09-02,27.03,84.49,25.96112835
1992-09-03,26.72,84.49,25.677572899999998
1992-09-04,27.4,77.47,25.8014965
1992-09-05,27.49,77.47,25.88034415
1992-09-06,27.18,82.55,25.963037
1992-09-07,27.31,78.95,25.82692225
1992-09-08,26.96,83.59,25.8354227
1992-09-09,26.48,86.12,25.5654468
1992-09-10,26.58,82.32,25.405340799999998
1992-09-11,26.59,84.27,25.54403365
1992-09-12,26.38,84.11,25.3417474
1992-09-13,26.86,83.19,25.717256199999998
1992-09-14,26.22,85.21,25.266636599999998
1992-09-15,26.42,81.87,25.2313972
1992-09-16,26.16,85.79,25.2487127
1992-09-17,26.85,80.25,25.50848125
1992-09-18,27.04,79.83,25.648875099999998
1992-09-19,27.03,81.58,25.7605857
1992-09-20,26.97,81.61,25.708721849999996
1992-09-21,27.05,85.84,26.072606
1992-09-22,27.47,86.19,26.484863649999998
1992-09-23,26.74,87.82,25.920042399999996
1992-09-24,26.66,84.6,25.630048
1992-09-25,26.32,85.34,25.3669534
1992-09-26,27,82.72,25.811999999999998
1992-09-27,26.49,83.92,25.4296044
1992-09-28,27.18,80.96,25.8521504
1992-09-29,26.78,74.68,25.0698872
1992-09-30,27.42,78.2,25.870892
1992-10-01,27.28,82.96,26.0822584
1992-10-02,26.69,85.09,25.69035905
1992-10-03,26.4,83.36,25.310912
1992-10-04,26.97,84.19,25.885671149999997
1992-10-05,26.5,83.42,25.40572
1992-10-06,26.74,81.55,25.497946
1992-10-07,27.09,82.53,25.880289849999997
1992-10-08,27.31,82.89,26.10451495
1992-10-09,26.8,84.89,25.7778085
1992-10-10,26.52,85.6,25.568016
1992-10-11,26.66,86.27,25.7417376
1992-10-12,27.23,78.91,25.75338365
1992-10-13,26.98,84.44,25.911961599999998
1992-10-14,27.34,81.99,26.0681338
1992-10-15,27.56,76.85,25.897135499999997
1992-10-16,26.89,86.27,25.954369149999998
1992-10-17,26.47,84.76,25.466674599999997
1992-10-18,26.19,85.2,25.238434
1992-10-19,26.82,84.25,25.75278
1992-10-20,27.19,81.33,25.88692735
1992-10-21,26.42,87.72,25.6149232
1992-10-22,27.33,82.62,26.103580299999997
1992-10-23,26.94,86.9,26.043698
1992-10-24,26.44,85.63,25.4963221
1992-10-25,26.39,84.87,25.40057365
1992-10-26,25.98,86.34,25.1175076
1992-10-27,26.18,87.44,25.373145599999997
1992-10-28,25.87,87.86,25.1108251
1992-10-29,25.92,87.08,25.108494800000003
1992-10-30,26.33,83.62,25.2642353
1992-10-31,26.86,84.08,25.7777584
1992-11-01,26.17,86.01,25.27205185
1992-11-02,26.54,86.52,25.647354399999998
1992-11-03,26.23,89.05,25.523560749999998
1992-11-04,26.81,85.73,25.84384965
1992-11-05,26.18,88.15,25.418756
1992-11-06,26.43,87.5,25.6098125
1992-11-07,26.25,87.18,25.4215075
1992-11-08,26.9,80.33,25.558505999999998
1992-11-09,26.15,86.84,25.306773
1992-11-10,26.16,88.09,25.3962117
1992-11-11,25.84,92.85,25.3940545
1992-11-12,26.27,87.85,25.483469749999998
1992-11-13,25.95,88.82,25.2459395
1992-11-14,26.38,87.69,25.5756646
1992-11-15,26.6,87.23,25.7501565
1992-11-16,25.89,90.1,25.2698145
1992-11-17,26.08,87.76,25.300434399999997
1992-11-18,26.22,88.11,25.4535706
1992-11-19,26.31,88.24,25.546129199999996
1992-11-20,25.93,89.82,25.2900343
1992-11-21,25.69,89.47,25.04193115
1992-11-22,25.53,90.89,24.977341850000002
1992-11-23,25.61,91.1,25.066165499999997
1992-11-24,25.74,89.52,25.092126399999998
1992-11-25,25.67,90.98,25.1158563
1992-11-26,25.21,89.83,24.61093615
1992-11-27,25.35,88.25,24.64881875
1992-11-28,25.86,88.16,25.120236799999997
1992-11-29,25.5,87.86,24.76553
1992-11-30,25.41,87.14,24.6383357
1992-12-01,25.33,88,24.615219999999997
1992-12-02,25.39,88.21,24.68383795
1992-12-03,25.48,89.62,24.8531518
1992-12-04,25.43,91.32,24.908201799999997
1992-12-05,25.53,92.32,25.0640928
1992-12-06,24.8,93.94,24.456701
1992-12-07,25.86,90.19,25.247071199999997
1992-12-08,25.28,91.93,24.8015297
1992-12-09,25.01,93.31,24.62328455
1992-12-10,26,90.71,25.4124075
1992-12-11,25.66,91.76,25.1542288
1992-12-12,25.47,90.67,24.90707445
1992-12-13,25.7,89.26,25.038415999999998
1992-12-14,25.69,88.59,24.98777155
1992-12-15,25.23,88.58,24.556048699999998
1992-12-16,25.23,88.76,24.5666714
1992-12-17,25.11,90.26,24.5416223
1992-12-18,25.08,90.04,24.5004276
1992-12-19,25.33,90.34,24.754602099999996
1992-12-20,25.59,90.92,25.036165399999998
1992-12-21,25.79,89.92,25.164082399999998
1992-12-22,25.58,89.83,24.960240199999998
1992-12-23,25.95,89.12,25.264832
1992-12-24,25.72,89.34,25.062171399999997
1992-12-25,26.19,86.89,25.34709255
1992-12-26,26.06,90.4,25.449631999999998
1992-12-27,25.85,90.12,25.233241
1992-12-28,25.45,91.91,24.96277975
1992-12-29,25.49,91.53,24.978030849999996
1992-12-30,25.8,90.09,25.1840935
1992-12-31,25.67,89.76,25.040905600000002
1993-01-01,25.34,88.67,24.6645054
1993-01-02,25.54,87.98,24.8101456
1993-01-03,25.7,88.98,25.021168
1993-01-04,25.95,88.67,25.23649325
1993-01-05,25.78,89.57,25.1329228
1993-01-06,25.67,88.05,24.93585175
1993-01-07,24.92,85.91,24.1125021
1993-01-08,25.4,84.99,24.500150499999997
1993-01-09,25.86,87.44,25.075251199999997
1993-01-10,26.13,88.17,25.37329405
1993-01-11,25.71,88.2,24.982471
1993-01-12,25.8,85.72,24.912498
1993-01-13,26.13,88.4,25.388005999999997
1993-01-14,25.82,90.44,25.2247944
1993-01-15,25.86,89.75,25.21958
1993-01-16,26.06,88.04,25.299583199999997
1993-01-17,25.63,89.63,24.99520045
1993-01-18,25.61,90.64,25.038057199999997
1993-01-19,25.04,92.7,24.616819
1993-01-20,25.41,91.04,24.8723552
1993-01-21,25.65,90.35,25.058213749999997
1993-01-22,25.43,88.84,24.7591166
1993-01-23,25.83,87,25.019904999999998
1993-01-24,25.21,88.87,24.55438735
1993-01-25,25.61,84.46,24.6604283
1993-01-26,25.56,83.64,24.564821199999997
1993-01-27,25.72,84.86,24.785710599999998
1993-01-28,25.39,86.02,24.5526679
1993-01-29,25.09,85.15,24.22506175
1993-01-30,24.2,84.9,23.394415
1993-01-31,24.73,84.06,23.8331359
1993-02-01,25.43,87.05,24.65151075
1993-02-02,25.5,87.18,24.72439
1993-02-03,25.33,87.71,24.59794615
1993-02-04,25.43,86.64,24.6268636
1993-02-05,25.32,85.39,24.4505589
1993-02-06,25.44,85.43,24.5633231
1993-02-07,25.45,85.7,24.588782499999997
1993-02-08,25.63,85.71,24.755237649999998
1993-02-09,25.83,85.91,24.951981649999997
1993-02-10,26.25,85.81,25.33297125
1993-02-11,25.64,88.27,24.9213029
1993-02-12,25.67,86.19,24.82158265
1993-02-13,25.38,84.21,24.435126399999998
1993-02-14,25.34,82.82,24.315728399999998
1993-02-15,25.7,82.7,24.63432
1993-02-16,25.78,84.83,24.8388532
1993-02-17,26.03,82.35,24.91072525
1993-02-18,25.9,82.91,24.828456999999997
1993-02-19,25.77,81.96,24.651790599999998
1993-02-20,26.16,81.47,24.9716711
1993-02-21,25.21,83.63,24.24572515
1993-02-22,25.71,82.1,24.6063755
1993-02-23,25.59,81.87,24.48416065
1993-02-24,25.92,84,24.91504
1993-02-25,25.57,88.49,24.86921365
1993-02-26,26.15,86.86,25.308054499999997
1993-02-27,25.99,87.49,25.19943055
1993-02-28,26.03,87.58,25.2423857
1993-03-01,25.7,88.3,24.97928
1993-03-02,25.51,89.22,24.8572171
1993-03-03,25.53,85.76,24.6661304
1993-03-04,25.32,82.62,24.2857162
1993-03-05,26.09,86.57,25.23390465
1993-03-06,26.13,88.55,25.39760075
1993-03-07,26.26,85.91,25.3486588
1993-03-08,26.2,86.99,25.362806499999998
1993-03-09,26.29,87.29,25.465820049999998
1993-03-10,25.56,90.8,25.000363999999998
1993-03-11,25.67,90.45,25.08329575
1993-03-12,25.7,91.34,25.166544
1993-03-13,26.27,88.31,25.51324785
1993-03-14,26.4,87.46,25.579257
1993-03-15,26.43,87.92,25.6373708
1993-03-16,26,88.5,25.272624999999998
1993-03-17,26.71,88.68,25.9498054
1993-03-18,26.39,89.51,25.70400645
1993-03-19,26.24,89.78,25.5800946
1993-03-20,26.48,86.7,25.603663
1993-03-21,26.64,82.46,25.4688542
1993-03-22,26.47,83.32,25.3718722
1993-03-23,26.68,84.42,25.6362958
1993-03-24,26.3,85.14,25.335586
1993-03-25,26.6,83.29,25.487949500000003
1993-03-26,26.75,83.92,25.66661
1993-03-27,27.02,84.12,25.9265032
1993-03-28,26.63,86.09,25.70199435
1993-03-29,26,79.29,24.6900925
1993-03-30,27.07,73.19,25.21649065
1993-03-31,26.57,83.15,25.45141275
1993-04-01,27.31,82.74,26.093946699999996
1993-04-02,27.3,84.9,26.23696
1993-04-03,26.22,84.3,25.207977999999997
1993-04-04,27.75,79.91,26.28594125
1993-04-05,27.53,83.97,26.38121005
1993-04-06,26.74,85.61,25.7712652
1993-04-07,27.2,85.02,26.153647
1993-04-08,26.58,86.84,25.705649599999997
1993-04-09,25.94,88.94,25.2441048
1993-04-10,26.62,85.41,25.6474306
1993-04-11,26.89,86.07,25.94074015
1993-04-12,26.46,85.81,25.5265818
1993-04-13,27.07,85.77,26.08620895
1993-04-14,27.19,85.25,26.16052375
1993-04-15,26.9,83.94,25.804707999999998
1993-04-16,27.51,79,26.007345
1993-04-17,27.61,82.15,26.32292575
1993-04-18,27.71,81.91,26.39567105
1993-04-19,27.68,83.96,26.517260399999998
1993-04-20,27.7,83.93,26.533317999999998
1993-04-21,27.75,83,26.511125
1993-04-22,27.42,84.75,26.336335000000002
1993-04-23,27.55,81.3,26.207807499999998
1993-04-24,28.22,80.41,26.741738599999998
1993-04-25,27.84,84.36,26.692493199999998
1993-04-26,27.98,83.12,26.7285168
1993-04-27,28.18,81.93,26.820413199999997
1993-04-28,28.09,82,26.74459
1993-04-29,27.99,82.94,26.724233299999998
1993-04-30,27.72,83.67,26.532645699999996
1993-05-01,28.12,78.97,26.5446427
1993-05-02,28,81.73,26.6434525
1993-05-03,27.91,83.1,26.6635405
1993-05-04,28.09,81.88,26.735620599999997
1993-05-05,27.66,82.8,26.415064
1993-05-06,28.16,74.88,26.272734399999997
1993-05-07,28.23,76.18,26.4312327
1993-05-08,28.13,81.36,26.7326524
1993-05-09,27.59,85.03,26.51223485
1993-05-10,27.56,84.49,26.445916699999998
1993-05-11,27.43,82.58,26.1911767
1993-05-12,27.83,81.96,26.5073974
1993-05-13,28.21,80.28,26.7230134
1993-05-14,27.91,81.87,26.57282185
1993-05-15,27.51,84.63,26.41019965
1993-05-16,27.16,85.71,26.1649873
1993-05-17,26.79,82.43,25.60235585
1993-05-18,27.31,85.09,26.259515949999997
1993-05-19,27.05,86.88,26.144392
1993-05-20,27.26,85.17,26.2192306
1993-05-21,27.4,83.47,26.227196499999998
1993-05-22,27.84,82.39,26.5479543
1993-05-23,27.64,83.85,26.4728395
1993-05-24,27.72,85.15,26.6402565
1993-05-25,27.46,87.22,26.5490416
1993-05-26,27.48,86.65,26.5269435
1993-05-27,27.98,83.95,26.790053
1993-05-28,28.36,81.8,26.972614
1993-05-29,26.5,87.75,25.691499999999998
1993-05-30,27.87,81.37,26.50004295
1993-05-31,27.61,85.99,26.599808949999996
1993-06-01,27.93,85.59,26.86560535
1993-06-02,27.37,87.96,26.5177486
1993-06-03,26.99,89.47,26.266641649999997
1993-06-04,27.17,87.68,26.311480800000002
1993-06-05,27.35,85.03,26.29199525
1993-06-06,27.36,87.53,26.477996899999997
1993-06-07,27.08,86.51,26.146626899999998
1993-06-08,27.62,82.59,26.3636944
1993-06-09,27.48,84.52,26.374882799999998
1993-06-10,27.88,84.54,26.742298599999998
1993-06-11,27.6,84.39,26.475299500000002
1993-06-12,27.8,81.31,26.4328265
1993-06-13,27.78,82.98,26.536859200000002
1993-06-14,27.74,83.06,26.506429199999996
1993-06-15,28,77.47,26.3271475
1993-06-16,27.43,83.41,26.25020215
1993-06-17,27.59,82.08,26.299849599999998
1993-06-18,27.2,84.02,26.083796999999997
1993-06-19,26.85,87.17,25.97852225
1993-06-20,26.66,84.52,25.624697599999998
1993-06-21,26.89,87.66,26.0490907
1993-06-22,26.98,88.31,26.1775984
1993-06-23,26.8,87.8,25.97467
1993-06-24,26.22,88.24,25.4619504
1993-06-25,27.16,85.95,26.1816985
1993-06-26,27.56,83.2,26.353256
1993-06-27,27.93,84.29,26.76958085
1993-06-28,27.76,87.08,26.817744400000002
1993-06-29,26.94,88.31,26.1401702
1993-06-30,26.8,84.68,25.763602
1993-07-01,27.08,84.78,26.026928199999997
1993-07-02,27.25,81.77,25.97162125
1993-07-03,26.93,83.81,25.823170649999998
1993-07-04,27.42,82.84,26.200610400000002
1993-07-05,26.69,89.28,25.9712776
1993-07-06,25.45,85.2,24.55867
1993-07-07,26.63,83.5,25.529202499999997
1993-07-08,26.74,86.1,25.804251999999998
1993-07-09,26.69,84.15,25.62733675
1993-07-10,26.89,85.5,25.9018975
1993-07-11,26.87,86.67,25.96309345
1993-07-12,26.99,87.04,26.0997128
1993-07-13,26.96,85.6,25.973168
1993-07-14,27.31,85.25,26.270788749999998
1993-07-15,27.4,84.24,26.281827999999997
1993-07-16,27.25,84.18,26.1406225
1993-07-17,26.99,84.33,25.913549349999997
1993-07-18,27.08,85.34,26.065674599999998
1993-07-19,26.99,85.4,25.987053
1993-07-20,26.81,85.62,25.836402099999997
1993-07-21,27.09,86.82,26.177350899999997
1993-07-22,26.32,88.7,25.585387
1993-07-23,26.62,84.27,25.5714382
1993-07-24,26.46,86.88,25.5969664
1993-07-25,26.64,86.23,25.7205771
1993-07-26,27.31,84.01,26.183424549999998
1993-07-27,26.39,88.98,25.6693471
1993-07-28,26.63,86.27,25.71400305
1993-07-29,26.47,88.26,25.697097099999997
1993-07-30,26.68,88.22,25.8908578
1993-07-31,26.91,88.28,26.1100514
1993-08-01,26.58,88.29,25.801987599999997
1993-08-02,26.59,86.96,25.7229052
1993-08-03,26.96,87.03,26.0711659
1993-08-04,27.13,86.34,26.1811081
1993-08-05,27.07,86.33,26.12492455
1993-08-06,27.22,80.4,25.848784
1993-08-07,27.5,80.76,26.12434
1993-08-08,27.14,85.54,26.1347408
1993-08-09,26.47,83.85,25.406764749999997
1993-08-10,26.48,84.27,25.4435503
1993-08-11,26.83,83.56,25.715121399999997
1993-08-12,26.93,84.17,25.84778205
1993-08-13,27.12,86.46,26.1801886
1993-08-14,27.4,87.39,26.505320499999996
1993-08-15,27.14,84.89,26.0895528
1993-08-16,26.97,85.94,26.005694899999998
1993-08-17,26.77,85.54,25.7941669
1993-08-18,26.75,82.88,25.596539999999997
1993-08-19,26.98,81.81,25.7314384
1993-08-20,27.12,82.74,25.9219834
1993-08-21,26.89,81.99,25.662708549999998
1993-08-22,26.51,81.88,25.3130834
1993-08-23,26.61,82.98,25.476382899999997
1993-08-24,26.53,85.95,25.60038175
1993-08-25,26.27,86.96,25.4258556
1993-08-26,26.33,86.71,25.465286149999997
1993-08-27,26.71,82.41,25.52874355
1993-08-28,26.64,83.48,25.5369596
1993-08-29,26.74,85.28,25.7490496
1993-08-30,26.66,85.41,25.6842208
1993-08-31,26.41,85.24,25.443146199999997
1993-09-01,26.35,85.01,25.37302675
1993-09-02,27.05,81.23,25.754400750000002
1993-09-03,27.06,82.93,25.8808044
1993-09-04,26.96,83.45,25.8258285
1993-09-05,26.45,82.55,25.303098749999997
1993-09-06,26.57,83,25.441454999999998
1993-09-07,26.78,84.32,25.7209728
1993-09-08,25.91,87.33,25.114894149999998
1993-09-09,26.83,84.01,25.745638149999998
1993-09-10,26.86,80.05,25.503798999999997
1993-09-11,26.95,82.98,25.7845555
1993-09-12,26.39,85.95,25.47120025
1993-09-13,25.39,86.48,24.5802196
1993-09-14,26.99,77.5,25.444362499999997
1993-09-15,27.28,78.68,25.7814172
1993-09-16,27.07,81.3,25.7771755
1993-09-17,26.98,82.97,25.8110608
1993-09-18,26.87,83.21,25.727692349999998
1993-09-19,26.86,84.67,25.8178666
1993-09-20,26.38,84.76,25.384218399999998
1993-09-21,26.53,84.09,25.47731485
1993-09-22,26.92,83.58,25.7983498
1993-09-23,26.92,85.02,25.8967162
1993-09-24,27.03,84.18,25.9397647
1993-09-25,27.02,81.29,25.7316294
1993-09-26,27.09,84.42,26.0111629
1993-09-27,26.32,87.85,25.5301285
1993-09-28,26.23,86.98,25.3900147
1993-09-29,26.79,84.15,25.71861925
1993-09-30,26.82,83.61,25.709413599999998
1993-10-01,26.93,82.35,25.723357749999998
1993-10-02,26.87,84.33,25.80389155
1993-10-03,26.64,86.02,25.7065554
1993-10-04,27.21,83.02,26.0230131
1993-10-05,27.43,82.33,26.17339795
1993-10-06,27.35,84.42,26.2488835
1993-10-07,26.99,87.05,26.100399749999998
1993-10-08,27.1,87,26.1991
1993-10-09,27.21,85.95,26.22783475
1993-10-10,26.18,86.39,25.305693599999998
1993-10-11,26.12,87.02,25.2904482
1993-10-12,26.43,81.27,25.201031049999997
1993-10-13,26.44,81.17,25.2034339
1993-10-14,26.9,81.67,25.649894
1993-10-15,26.15,85.83,25.24205725
1993-10-16,26.23,85.6,25.300984
1993-10-17,26.97,82.65,25.78005025
1993-10-18,26.41,82.34,25.2531817
1993-10-19,27.04,79.45,25.622666499999998
1993-10-20,26.86,82.07,25.6411186
1993-10-21,27.08,82.23,25.850493699999998
1993-10-22,27.33,80.3,25.939869499999997
1993-10-23,26.97,82.41,25.76358985
1993-10-24,26.96,85.18,25.9443854
1993-10-25,27.07,83.08,25.9002358
1993-10-26,26.92,83.39,25.7853709
1993-10-27,26.99,83.42,25.851036899999997
1993-10-28,27.3,82.42,26.062368
1993-10-29,26.54,87.28,25.6976816
1993-10-30,25.94,88.4,25.210128
1993-10-31,26.53,84.44,25.5004726
1993-11-01,26.7,84.75,25.676724999999998
1993-11-02,27.15,83.15,25.977661249999997
1993-11-03,26.48,88.52,25.7235828
1993-11-04,26.96,82.69,25.7737457
1993-11-05,26.6,87.71,25.7821005
1993-11-06,26.42,89.33,25.7204748
1993-11-07,26.82,86.98,25.9377648
1993-11-08,26.04,90.04,25.4078388
1993-11-09,26.69,84.4,25.644098
1993-11-10,26.55,87.42,25.7162605
1993-11-11,27.24,83.35,26.073334499999998
1993-11-12,26.2,87.44,25.391764
1993-11-13,26.44,87.42,25.6138714
1993-11-14,26,89.73,25.3504225
1993-11-15,26.34,86.01,25.4289712
1993-11-16,26.56,84.73,25.5471409
1993-11-17,26.72,84.47,25.6762287
1993-11-18,27.34,77.83,25.7743546
1993-11-19,27.04,84.29,25.9564813
1993-11-20,26.95,85.4,25.950264999999998
1993-11-21,27.07,85.02,26.0343577
1993-11-22,27.08,84.1,25.979878999999997
1993-11-23,26.97,85.04,25.9439684
1993-11-24,27.05,86.22,26.0988355
1993-11-25,26.83,83.96,25.742247399999997
1993-11-26,27.19,84.07,26.07816565
1993-11-27,27.34,85.63,26.3251906
1993-11-28,26.4,85.26,25.435267
1993-11-29,27.65,80.87,26.266422749999997
1993-11-30,26.45,89.16,25.737540999999997
1993-12-01,26.65,87.73,25.83005725
1993-12-02,26.53,89.13,25.81078645
1993-12-03,26.74,87.26,25.882343199999998
1993-12-04,27.44,85.86,26.4336562
1993-12-05,26.82,87.92,26.0014592
1993-12-06,27.35,84.44,26.250297
1993-12-07,26.69,89.8,26.006141
1993-12-08,26.32,88.89,25.5977389
1993-12-09,27.17,82.39,25.942847150000002
1993-12-10,27.09,85.52,26.087332399999998
1993-12-11,26.39,89.02,25.6719629
1993-12-12,26.39,90.31,25.75632245
1993-12-13,26.16,89.37,25.4782981
1993-12-14,26.87,85.65,25.89369775
1993-12-15,27.52,82.83,26.2904563
1993-12-16,26.27,89.13,25.56633055
1993-12-17,26.57,86.98,25.705667299999998
1993-12-18,26.15,90.45,25.53808375
1993-12-19,25.7,91.2,25.157919999999997
1993-12-20,25.74,91.08,25.188565599999997
1993-12-21,26.24,90.09,25.6001113
1993-12-22,25.17,92.1,24.7063885
1993-12-23,25.38,92.28,24.9180352
1993-12-24,25.4,92.24,24.934787999999998
1993-12-25,25.39,91.02,24.8521429
1993-12-26,25.34,88.44,24.650792799999998
1993-12-27,25.32,88.01,24.6064751
1993-12-28,25.33,86.55,24.528850749999997
1993-12-29,24.97,88.13,24.286466049999998
1993-12-30,25.25,86.18,24.4328925
1993-12-31,25.52,87.01,24.7326761
1994-01-01,25.89,87.96,25.1357542
1994-01-02,26.02,88.26,25.276153599999997
1994-01-03,26.29,87.99,25.51121155
1994-01-04,25.57,91.42,25.0476067
1994-01-05,26.15,88.13,25.389429749999998
1994-01-06,25.94,88.82,25.2365544
1994-01-07,25.58,87.83,24.838360199999997
1994-01-08,25.75,86.93,24.94129375
1994-01-09,26.07,86.75,25.226836249999998
1994-01-10,26.34,87.44,25.5220928
1994-01-11,25.87,89.38,25.2058783
1994-01-12,25.89,89.85,25.254153249999998
1994-01-13,26.01,87.53,25.22058665
1994-01-14,25.9,85.36,24.982072
1994-01-15,25.48,84.57,24.5481823
1994-01-16,25.19,84.19,24.26045105
1994-01-17,24.89,83.28,23.9345356
1994-01-18,25.69,83.66,24.6843547
1994-01-19,25.61,84.32,24.6518736
1994-01-20,25.92,85.07,24.9822467
1994-01-21,25.8,83.99,24.8049785
1994-01-22,25.42,87.29,24.6566374
1994-01-23,25.12,86.01,24.3028441
1994-01-24,25.39,85.66,24.531105699999998
1994-01-25,24.96,84.8,24.085544
1994-01-26,25.88,85.77,24.9893443
1994-01-27,26.12,88.35,25.3754485
1994-01-28,25.95,89.24,25.272388999999997
1994-01-29,25.84,89.16,25.1639092
1994-01-30,25.96,88.02,25.2049006
1994-01-31,26.08,86.83,25.2412027
1994-02-01,25.89,86.5,25.0442925
1994-02-02,26.2,86.69,25.3435015
1994-02-03,25.96,88.63,25.2433489
1994-02-04,26.01,88.67,25.29275435
1994-02-05,26.19,87.67,25.39724265
1994-02-06,25.36,90.84,24.8128732
1994-02-07,25.88,88.09,25.134553099999998
1994-02-08,26.24,87.85,25.455474499999998
1994-02-09,26.27,86.99,25.42779765
1994-02-10,26.51,87.23,25.66647765
1994-02-11,26.1,86.84,25.260392
1994-02-12,26.42,84.17,25.382185200000002
1994-02-13,26.76,83.7,25.660891
1994-02-14,26.06,89.04,25.3631632
1994-02-15,26.53,87.47,25.70095255
1994-02-16,26.52,86.68,25.639414799999997
1994-02-17,25.98,89.21,25.2987194
1994-02-18,26.44,87.25,25.6027075
1994-02-19,25.95,87.42,25.1577745
1994-02-20,26.82,81.8,25.586768
1994-02-21,26.48,85.01,25.4923089
1994-02-22,26.88,82.89,25.7149801
1994-02-23,26.54,82.27,25.3659194
1994-02-24,25.79,80.95,24.60709025
1994-02-25,26.08,80.64,24.846961599999997
1994-02-26,26.16,80.18,24.8889434
1994-02-27,26.61,83.6,25.517677999999997
1994-02-28,26.66,84.04,25.592595199999998
1994-03-01,26.43,82.06,25.2528669
1994-03-02,26.67,82.89,25.52474215
1994-03-03,26.82,85.28,25.8225728
1994-03-04,25.96,89.62,25.3057486
1994-03-05,25.67,91.47,25.14595945
1994-03-06,25.99,89.34,25.316341299999998
1994-03-07,26.91,83.8,25.804268999999998
1994-03-08,26.88,84.76,25.842308399999997
1994-03-09,26.97,84.9,25.9343665
1994-03-10,26.58,85.75,25.633229999999998
1994-03-11,26.7,86.2,25.77402
1994-03-12,26.29,84.64,25.2939808
1994-03-13,26.14,86.82,25.2962164
1994-03-14,26.3,86.97,25.454353
1994-03-15,25.67,88.56,24.967183600000002
1994-03-16,25.08,90.74,24.541160599999998
1994-03-17,26.48,86.3,25.577306999999998
1994-03-18,26.43,88.5,25.675427499999998
1994-03-19,26.36,87.97,25.5752831
1994-03-20,26.64,86.39,25.7312603
1994-03-21,26.78,85.43,25.795942200000002
1994-03-22,26.29,86.62,25.4223739
1994-03-23,26.7,86.7,25.80757
1994-03-24,25.87,90.63,25.284047049999998
1994-03-25,25.28,90.03,24.6888787
1994-03-26,26.25,88.61,25.51392125
1994-03-27,25.83,90.67,25.248601049999998
1994-03-28,26.12,88.57,25.3895087
1994-03-29,26.34,90.89,25.7467568
1994-03-30,26.48,88.43,25.7176527
1994-03-31,26.51,88.83,25.77216565
1994-04-01,26.16,87.73,25.3731249
1994-04-02,26.87,84.28,25.8004898
1994-04-03,26.9,85.51,25.911782
1994-04-04,27.2,85.43,26.1822855
1994-04-05,26.95,85.55,25.960536249999997
1994-04-06,28.31,78.17,26.65190235
1994-04-07,28.18,80.63,26.7226012
1994-04-08,27.97,80.37,26.515711449999998
1994-04-09,28.08,81.26,26.6803094
1994-04-10,28.16,79.27,26.6025551
1994-04-11,28.03,82.92,26.7589918
1994-04-12,27.49,84.2,26.361168999999997
1994-04-13,27.33,83.72,26.181201799999997
1994-04-14,27.4,82.72,26.173983999999997
1994-04-15,27.13,85.38,26.114421699999998
1994-04-16,27.12,86.66,26.1940706
1994-04-17,27.22,84.59,26.1419164
1994-04-18,27.4,83.77,26.248481499999997
1994-04-19,27.04,84.59,25.9771723
1994-04-20,26.51,87.27,25.66911985
1994-04-21,27.46,82.46,26.2097488
1994-04-22,27.4,85.99,26.405990499999998
1994-04-23,27.59,84.7,26.488476499999997
1994-04-24,26.99,87.81,26.152607949999997
1994-04-25,27,87.12,26.1145
1994-04-26,27.26,86.41,26.3062538
1994-04-27,27.22,88.12,26.388875199999998
1994-04-28,27.17,88.62,26.3769847
1994-04-29,27.52,85.94,26.5131634
1994-04-30,27.71,86.45,26.725524749999998
1994-05-01,27.57,87.26,26.6541851
1994-05-02,26.73,89.67,26.03515255
1994-05-03,27.23,86.6,26.291798999999997
1994-05-04,27.04,87.43,26.173047099999998
1994-05-05,27.29,85.25,26.252411249999998
1994-05-06,26.78,89.52,26.0721808
1994-05-07,26.54,89.09,25.8175398
1994-05-08,26.92,86.43,25.9930333
1994-05-09,26.55,88.97,25.81898675
1994-05-10,27.85,79,26.308075000000002
1994-05-11,27.48,85.67,26.4569813
1994-05-12,27.21,89.41,26.46970605
1994-05-13,27.04,88.26,26.230292199999997
1994-05-14,27.05,87.3,26.1733825
1994-05-15,27.42,86.42,26.455005200000002
1994-05-16,27.58,87.9,26.709525999999997
1994-05-17,27.39,88.54,26.5775433
1994-05-18,26.57,90.28,25.9247378
1994-05-19,26.74,86.1,25.804251999999998
1994-05-20,26.98,87.96,26.1535744
1994-05-21,26.68,86.85,25.7990815
1994-05-22,27.84,81.26,26.4650462
1994-05-23,27.41,84.8,26.330724
1994-05-24,27.36,86.59,26.411510699999997
1994-05-25,27.3,87.71,26.434784
1994-05-26,26.88,88.18,26.075176199999998
1994-05-27,27.01,88.13,26.19328465
1994-05-28,27.27,87.13,26.366075549999998
1994-05-29,27.73,85.8,26.696737
1994-05-30,27.37,86.67,26.42643595
1994-05-31,27.43,85.05,26.36683075
1994-06-01,27.42,85.44,26.3853664
1994-06-02,27.55,85.23,26.48988325
1994-06-03,27.21,87.77,26.35506185
1994-06-04,26.84,87.87,26.016736899999998
1994-06-05,27.43,88.78,26.632089699999998
1994-06-06,27.55,86.18,26.558069500000002
1994-06-07,26.97,88.48,26.1799008
1994-06-08,26.83,88.08,26.0216452
1994-06-09,26.79,87.98,25.977508099999998
1994-06-10,27.3,87.5,26.419999999999998
1994-06-11,27.25,85.79,26.25352375
1994-06-12,27.01,87,26.115535
1994-06-13,26.84,88.05,26.0289535
1994-06-14,27.41,85.95,26.41237975
1994-06-15,27.25,86.7,26.3173375
1994-06-16,27.14,85.3,26.118056
1994-06-17,26.75,86.89,25.86671375
1994-06-18,26.65,86.98,25.779938499999997
1994-06-19,26.34,88.19,25.570932799999998
1994-06-20,26.86,87.05,25.979658999999998
1994-06-21,26.46,88.87,25.7278686
1994-06-22,26.78,87.2,25.915488
1994-06-23,26.5,89.52,25.80832
1994-06-24,26.67,87.8,25.853393
1994-06-25,26.71,87.87,25.89540985
1994-06-26,26.6,87.2,25.74816
1994-06-27,26.86,86.98,25.9749004
1994-06-28,26.58,88.73,25.831221199999998
1994-06-29,26.26,89.34,25.570511200000002
1994-06-30,25.71,88.82,25.0206971
1994-07-01,26.36,86.79,25.4983117
1994-07-02,26.86,85.26,25.8579748
1994-07-03,26.34,86.57,25.4654384
1994-07-04,26.62,88.57,25.8580762
1994-07-05,26.77,86.82,25.880547699999997
1994-07-06,26.75,88.11,25.94891125
1994-07-07,26.84,86.38,25.915610599999997
1994-07-08,26.68,84.4,25.634956
1994-07-09,26.42,84.94,25.432666400000002
1994-07-10,26.22,84.35,25.211201
1994-07-11,26.75,84.68,25.717814999999998
1994-07-12,26.82,85.46,25.834769599999998
1994-07-13,26.9,85.57,25.915874
1994-07-14,27.17,85.61,26.16723285
1994-07-15,26.82,86.31,25.892365599999998
1994-07-16,27.07,84.64,26.0080864
1994-07-17,27.08,82.72,25.884396799999998
1994-07-18,26.82,82.37,25.6253912
1994-07-19,26.81,82.55,25.62854775
1994-07-20,26.51,82.9,25.3804595
1994-07-21,26.57,83.61,25.48194985
1994-07-22,26.81,80.73,25.50532465
1994-07-23,26.71,82.14,25.5106117
1994-07-24,26.85,83.87,25.754369750000002
1994-07-25,26.52,80.46,25.228210599999997
1994-07-26,26.52,77.61,25.039797099999998
1994-07-27,26.45,78.73,25.052029249999997
1994-07-28,26.25,79.75,24.941343749999998
1994-07-29,26.11,81.23,24.91144165
1994-07-30,26.41,81.56,25.2020878
1994-07-31,26.85,82.62,25.6694635
1994-08-01,26.72,82.78,25.562643799999996
1994-08-02,26.91,83,25.749665
1994-08-03,26.7,85.6,25.733759999999997
1994-08-04,26.31,84.98,25.334375899999998
1994-08-05,26.88,82.61,25.6959149
1994-08-06,26.8,84.61,25.7588665
1994-08-07,26.69,86.37,25.77617665
1994-08-08,26.27,86.72,25.4103192
1994-08-09,26.51,86.26,25.6024043
1994-08-10,26.36,84.16,25.3267568
1994-08-11,26.66,84.17,25.6012896
1994-08-12,26.93,84.33,25.85872045
1994-08-13,26.75,81.87,25.52849125
1994-08-14,26.89,82.31,25.68451495
1994-08-15,26.37,85.13,25.39921205
1994-08-16,26.79,82.87,25.63209765
1994-08-17,27.06,83.7,25.933995999999997
1994-08-18,26.32,85.14,25.3539514
1994-08-19,26.52,83.32,25.4172852
1994-08-20,26.61,79.54,25.2472617
1994-08-21,26.98,81.91,25.7383024
1994-08-22,27.2,83.32,26.034902
1994-08-23,27.21,83.39,26.04887795
1994-08-24,26.96,84.58,25.9032674
1994-08-25,26.72,83.94,25.640607399999997
1994-08-26,26.58,80.89,25.310331599999998
1994-08-27,27.08,79.69,25.674751099999998
1994-08-28,26.51,82.66,25.364606300000002
1994-08-29,26.35,83.89,25.30003075
1994-08-30,26.61,84.51,25.57828855
1994-08-31,26.71,83.89,25.62813295
1994-09-01,26.04,85.8,25.138726
1994-09-02,26.7,80.31,25.378801
1994-09-03,26.46,81.26,25.2272828
1994-09-04,26.8,82.02,25.583652999999998
1994-09-05,26.99,82.62,25.796080899999996
1994-09-06,26.88,84.12,25.798730799999998
1994-09-07,27.15,82.5,25.9324375
1994-09-08,27.07,83.58,25.9348033
1994-09-09,26.9,83.22,25.755603999999998
1994-09-10,27.21,82.27,25.97058435
1994-09-11,27.1,81.7,25.83181
1994-09-12,27.29,79.17,25.82471365
1994-09-13,27.23,78.44,25.720476599999998
1994-09-14,27.06,81.43,25.7771844
1994-09-15,27.06,84.16,25.965772799999996
1994-09-16,26.99,85.07,25.96438365
1994-09-17,26.31,87.67,25.509104849999996
1994-09-18,25.41,84.62,24.487123099999998
1994-09-19,27.3,78.26,25.769504
1994-09-20,26.86,82.62,25.6785076
1994-09-21,27.18,83.53,26.0313822
1994-09-22,27.57,82.41,26.30554285
1994-09-23,27.02,82.74,25.8314764
1994-09-24,26.75,84.51,25.70636125
1994-09-25,26.48,82.47,25.3249483
1994-09-26,26.6,80.73,25.3175815
1994-09-27,26.57,80.7,25.2887695
1994-09-28,26.75,80.97,25.46785375
1994-09-29,26.92,80.34,25.5770254
1994-09-30,27.09,81.54,25.8117373
1994-10-01,27.29,79.69,25.861293049999997
1994-10-02,27.32,79.56,25.8787756
1994-10-03,26.91,79.98,25.5435349
1994-10-04,27.16,80.17,25.7792371
1994-10-05,26.62,83.68,25.5321088
1994-10-06,26.93,81.39,25.65772735
1994-10-07,27.18,80.07,25.7900818
1994-10-08,27.91,75.32,26.0897266
1994-10-09,27.52,78,25.94458
1994-10-10,27.43,78.33,25.88893795
1994-10-11,27.35,79.05,25.86935875
1994-10-12,26.38,85.29,25.418848599999997
1994-10-13,26.21,83.61,25.15440205
1994-10-14,27.24,77.56,25.667629199999997
1994-10-15,27.35,77.36,25.749918
1994-10-16,27.15,79.56,25.727887
1994-10-17,26.66,82.05,25.459504
1994-10-18,27.35,77.85,25.78454875
1994-10-19,27.43,78.32,25.888226799999998
1994-10-20,26.87,82.81,25.70047835
1994-10-21,27.42,78.35,25.881551
1994-10-22,27.28,78.17,25.7455693
1994-10-23,27.1,81.96,25.849828
1994-10-24,27.38,77.84,25.810185599999997
1994-10-25,27.63,78.96,26.1105964
1994-10-26,27.64,78,26.05006
1994-10-27,27.44,79.82,26.0037894
1994-10-28,27.12,80.89,25.7935749
1994-10-29,27.09,79.71,25.68501895
1994-10-30,27.27,78.65,25.77048275
1994-10-31,27.27,79.5,25.8301825
1994-11-01,25.67,87.43,24.89776205
1994-11-02,25.72,88.67,25.0208257
1994-11-03,25.93,86.69,25.09326685
1994-11-04,26.19,87.09,25.35995155
1994-11-05,26.22,87.05,25.385243
1994-11-06,26.36,86.71,25.493093299999998
1994-11-07,25.98,88.9,25.279146
1994-11-08,26.29,88.54,25.546876299999997
1994-11-09,26.28,89.76,25.6165504
1994-11-10,26.14,90.48,25.5305296
1994-11-11,26.18,90.83,25.5909192
1994-11-12,25.93,90.47,25.33089655
1994-11-13,26.54,88.26,25.7625772
1994-11-14,26.48,87.96,25.6866844
1994-11-15,26.36,88.58,25.6150734
1994-11-16,26.01,91.09,25.44595245
1994-11-17,25.87,89.44,25.209630400000002
1994-11-18,26.05,89.8,25.402045
1994-11-19,26.74,83.14,25.604984799999997
1994-11-20,26.68,85.91,25.7361109
1994-11-21,26.38,87.93,25.5913462
1994-11-22,26.24,87.6,25.439331999999997
1994-11-23,26.21,87,25.372735
1994-11-24,26.37,88.95,25.64860075
1994-11-25,26.43,88.36,25.666241399999997
1994-11-26,26.97,87.3,26.098970499999997
1994-11-27,26.32,90.12,25.6777012
1994-11-28,26.46,88.85,25.726553
1994-11-29,26.1,88.6,25.37268
1994-11-30,26.49,85.78,25.552262099999997
1994-12-01,26.27,88.22,25.5074217
1994-12-02,26.33,88.06,25.5531239
1994-12-03,25.66,91.39,25.1315182
1994-12-04,25.76,88.91,25.0731963
1994-12-05,26.24,86.18,25.347642599999997
1994-12-06,26.44,88.65,25.6946455
1994-12-07,26.19,90,25.547050000000002
1994-12-08,26.27,88.8,25.544967999999997
1994-12-09,26.91,83.14,25.7592207
1994-12-10,26.8,80.4,25.47406
1994-12-11,26.52,85,25.52835
1994-12-12,26.67,85.13,25.67467655
1994-12-13,26.32,86.39,25.4352139
1994-12-14,26.33,85.2,25.367037999999997
1994-12-15,26.33,87.26,25.5010719
1994-12-16,26.67,88.14,25.876150900000003
1994-12-17,25.57,91.96,25.0804846
1994-12-18,25.41,91.43,24.89575715
1994-12-19,25.6,93.24,25.187302
1994-12-20,25.55,90.41,24.967167749999998
1994-12-21,25.96,87.57,25.1765371
1994-12-22,25.84,87.82,25.080333399999997
1994-12-23,25.76,86.39,24.9171327
1994-12-24,25.85,86.5,25.0072625
1994-12-25,26.36,86.75,25.4957025
1994-12-26,26.5,87.82,25.69612
1994-12-27,26.38,89.9,25.720066
1994-12-28,26.14,90.82,25.5522964
1994-12-29,26.11,88.16,25.3539568
1994-12-30,26.29,87.74,25.495000299999997
1994-12-31,26.24,87.81,25.4528917
1995-01-01,26.34,88.87,25.6152144
1995-01-02,26.08,89.23,25.3940587
1995-01-03,26.3,88.62,25.561438
1995-01-04,26.24,89.04,25.5323128
1995-01-05,26.14,90.2,25.512604
1995-01-06,25.62,89.1,24.953356
1995-01-07,25.44,88.2,24.729994
1995-01-08,25.46,90.79,24.9048212
1995-01-09,25.92,89.94,25.2881314
1995-01-10,25.84,90.94,25.2749278
1995-01-11,25.63,91.37,25.101714549999997
1995-01-12,25.6,90.41,25.0145305
1995-01-13,25.78,87.01,24.9741004
1995-01-14,25.31,85.37,24.44017335
1995-01-15,25.86,85.34,24.9440432
1995-01-16,25.97,87.71,25.194685349999997
1995-01-17,25.56,87.86,24.821523799999998
1995-01-18,25.87,89.24,25.1971234
1995-01-19,24.98,93.23,24.5897772
1995-01-20,25.18,90.73,24.6354802
1995-01-21,25.3,91.46,24.792724
1995-01-22,25.76,89.62,25.1171666
1995-01-23,25.41,91.05,24.87295525
1995-01-24,25.72,87.29,24.9356659
1995-01-25,26.67,86.85,25.789804750000002
1995-01-26,25.93,89.56,25.2736894
1995-01-27,25.96,87.87,25.1954461
1995-01-28,25.83,88.33,25.102783949999996
1995-01-29,25.83,86.73,25.003079949999997
1995-01-30,26.04,87.13,25.2231411
1995-01-31,26.03,88.5,25.3007275
1995-02-01,25.79,87.8,25.032441
1995-02-02,25.63,87.67,24.87521905
1995-02-03,24.99,91.51,24.500169449999998
1995-02-04,25.08,90.7,24.538832999999997
1995-02-05,25.43,88.38,24.7314637
1995-02-06,25.16,88.75,24.5004125
1995-02-07,25.38,87.46,24.629606399999997
1995-02-08,25.44,86.24,24.612060800000002
1995-02-09,25.76,87.2,24.967296
1995-02-10,25.9,87.45,25.113114999999997
1995-02-11,25.98,87.74,25.2059036
1995-02-12,26.05,89.14,25.3601185
1995-02-13,25.48,92.26,25.012581400000002
1995-02-14,26.23,88.71,25.501625649999998
1995-02-15,26.17,88.63,25.44021655
1995-02-16,25.71,90.42,25.1193451
1995-02-17,25.32,91,24.784409999999998
1995-02-18,25.84,88.28,25.1090236
1995-02-19,25.94,88.34,25.2063528
1995-02-20,25.51,90.09,24.90989995
1995-02-21,25.28,90,24.6871
1995-02-22,25.3,90.91,24.760054
1995-02-23,25.9,89.16,25.220332
1995-02-24,25.7,90.24,25.098784
1995-02-25,25.3,89.35,24.66739
1995-02-26,25.32,89.84,24.7153784
1995-02-27,26.1,89.18,25.409684000000002
1995-02-28,25.9,89.91,25.267356999999997
1995-03-01,25.56,89.54,24.9237182
1995-03-02,25.77,87.53,24.99704705
1995-03-03,26.03,88.22,25.2829713
1995-03-04,25.8,89.52,25.148668
1995-03-05,25.81,87.44,25.028705199999997
1995-03-06,25.98,87.03,25.161074199999998
1995-03-07,26.36,85.04,25.3841592
1995-03-08,25.91,83.49,24.87391495
1995-03-09,26.29,80.83,25.046921349999998
1995-03-10,26.76,81.75,25.5294025
1995-03-11,26.71,85.51,25.73692405
1995-03-12,26.3,85.52,25.360248
1995-03-13,26.41,82.06,25.2348403
1995-03-14,26.3,81.78,25.117522
1995-03-15,27.09,83.38,25.939148099999997
1995-03-16,27.31,83.83,26.170742649999998
1995-03-17,27.23,84.02,26.111160299999998
1995-03-18,26.6,87.08,25.740174
1995-03-19,26.7,84.06,25.630426
1995-03-20,26.64,86.65,25.7486205
1995-03-21,27.08,85.75,26.094042499999997
1995-03-22,26.89,85.89,25.92847405
1995-03-23,27.59,83.19,26.37976405
1995-03-24,27.6,84.15,26.4580075
1995-03-25,27.2,85.51,26.1878735
1995-03-26,27.06,86.54,26.130183199999998
1995-03-27,26.52,87.15,25.6704865
1995-03-28,27.67,81.59,26.33647165
1995-03-29,27.6,84.33,26.4709765
1995-03-30,27.02,87.25,26.142035
1995-03-31,27.72,84.32,26.579907199999997
1995-04-01,26.92,87.25,26.0490475
1995-04-02,27.47,83.62,26.3015327
1995-04-03,27.59,84.02,26.4395199
1995-04-04,26.41,87.78,25.6095289
1995-04-05,27.08,87.19,26.193676099999998
1995-04-06,26.47,88.47,25.710922449999998
1995-04-07,26.64,84.81,25.6257637
1995-04-08,27.3,80.67,25.939168
1995-04-09,27.66,82.84,26.4179592
1995-04-10,27.29,85.41,26.26366645
1995-04-11,27.19,86.57,26.25265315
1995-04-12,27.52,81.27,26.1787447
1995-04-13,28.12,79.9,26.614309
1995-04-14,27.28,85.73,26.2769617
1995-04-15,27.57,83.04,26.3508304
1995-04-16,28.14,80.97,26.7123694
1995-04-17,27.92,82.7,26.643087
1995-04-18,27.8,84.19,26.6434985
1995-04-19,27.42,86.49,26.4599794
1995-04-20,27.39,85.73,26.37832835
1995-04-21,27.08,87.38,26.206822199999998
1995-04-22,27.69,83.38,26.4843021
1995-04-23,28,82.41,26.6939425
1995-04-24,27.18,87.02,26.2747748
1995-04-25,27.57,84.67,26.46800295
1995-04-26,27.23,86.75,26.30230125
1995-04-27,27.62,86.14,26.6198624
1995-04-28,27.14,86.51,26.2021752
1995-04-29,27.74,83.46,26.535557199999996
1995-04-30,27.55,85.57,26.51428675
1995-05-01,27.57,84.85,26.48094225
1995-05-02,27.62,86.84,26.6703744
1995-05-03,27.2,88.15,26.3722775
1995-05-04,26.97,86.75,26.061248749999997
1995-05-05,27.38,85.53,26.3549452
1995-05-06,27.62,85.94,26.6054304
1995-05-07,27.38,87.49,26.493791599999998
1995-05-08,27.66,86.58,26.6886604
1995-05-09,27.99,83.56,26.770234199999997
1995-05-10,26.02,90.62,25.425683199999998
1995-05-11,26.89,86.73,25.98571585
1995-05-12,27.25,87.79,26.39377375
1995-05-13,27.51,86.89,26.57191395
1995-05-14,27.08,85.8,26.097502
1995-05-15,27.92,84.02,26.740516200000002
1995-05-16,28.13,82.85,26.844350249999998
1995-05-17,28.06,84.34,26.8920772
1995-05-18,28.07,83.33,26.82583455
1995-05-19,28.29,78.24,26.6396128
1995-05-20,27.63,83.75,26.456506249999997
1995-05-21,27.25,84.72,26.17849
1995-05-22,27.54,85.94,26.5316168
1995-05-23,27.4,88.12,26.557114
1995-05-24,27.09,85.84,26.1094908
1995-05-25,27.44,84.47,26.3347299
1995-05-26,27.65,85.48,26.599840999999998
1995-05-27,27.41,87.97,26.55580985
1995-05-28,27.33,88.23,26.49944995
1995-05-29,27.68,82.31,26.3976519
1995-05-30,27.53,82.24,26.2572296
1995-05-31,27.66,84.01,26.5026438
1995-06-01,27.7,84.84,26.599383999999997
1995-06-02,27.84,85.44,26.7717328
1995-06-03,28.1,84.03,26.905444
1995-06-04,27.95,85.69,26.89141775
1995-06-05,27.61,85.3,26.550056499999997
1995-06-06,27.89,84.53,26.75071185
1995-06-07,27.97,85.05,26.862429249999998
1995-06-08,27.85,86.24,26.839672
1995-06-09,27.74,86.37,26.747463399999997
1995-06-10,27.78,84.8,26.669792
1995-06-11,27.76,85.08,26.6718844
1995-06-12,27.83,87.01,26.87763815
1995-06-13,28.07,84.39,26.90494765
1995-06-14,28.61,78.99,26.97951895
1995-06-15,27.43,84.91,26.356874649999998
1995-06-16,27.62,83.65,26.440184000000002
1995-06-17,27.94,86.58,26.9479936
1995-06-18,27.54,84.24,26.4096928
1995-06-19,27.43,85,26.363274999999998
1995-06-20,26.82,86.64,25.9147264
1995-06-21,27.32,80.22,25.9253122
1995-06-22,27.23,84.02,26.111160299999998
1995-06-23,27.38,83.57,26.216098799999997
1995-06-24,27.47,85.78,26.4556163
1995-06-25,26.86,85.17,25.851856599999998
1995-06-26,27.7,80.89,26.312614
1995-06-27,27.62,84.16,26.4769856
1995-06-28,26.72,87.17,25.857695699999997
1995-06-29,27.11,86.32,26.1612236
1995-06-30,27.07,87.9,26.2334665
1995-07-01,26.48,88.71,25.736101899999998
1995-07-02,25.86,89.53,25.2058344
1995-07-03,26.52,88.73,25.774940299999997
1995-07-04,26.74,88.37,25.957068399999997
1995-07-05,26.51,81.65,25.29789075
1995-07-06,27.33,82.78,26.114870699999997
1995-07-07,27.34,84.08,26.2157296
1995-07-08,27.79,84.1,26.6277895
1995-07-09,27.24,86.76,26.312273199999996
1995-07-10,26.61,86.24,25.6935152
1995-07-11,26.9,84.85,25.86677
1995-07-12,26.84,86.22,25.9047514
1995-07-13,27.41,85.72,26.3960486
1995-07-14,27.26,84.28,26.1567704
1995-07-15,27.29,82.58,26.064590099999997
1995-07-16,27.21,86.82,26.2886521
1995-07-17,26.88,88.87,26.1221583
1995-07-18,26.06,87.92,25.2919536
1995-07-19,26.1,85.09,25.148742000000002
1995-07-20,26.71,84.47,25.66708285
1995-07-21,27,84.95,25.9653125
1995-07-22,27.13,85.74,26.139429099999997
1995-07-23,26.84,87.36,25.9821232
1995-07-24,25.92,88.67,25.208362700000002
1995-07-25,26.78,82.95,25.628443
1995-07-26,26.58,85.97,25.647846799999996
1995-07-27,25.97,89.3,25.294990499999997
1995-07-28,26.57,85.97,25.63861845
1995-07-29,26.7,83.77,25.610967
1995-07-30,26.83,82.21,25.623571149999997
1995-07-31,27.17,83.58,26.0257723
1995-08-01,26.54,84.46,25.510941199999998
1995-08-02,26.02,85.71,25.114585599999998
1995-08-03,26.36,86.87,25.5035301
1995-08-04,26.82,86.84,25.9282784
1995-08-05,26.68,86.86,25.799751399999998
1995-08-06,26.35,87.52,25.536616
1995-08-07,26.59,87.92,25.7867404
1995-08-08,26.42,84.87,25.4280772
1995-08-09,27.07,83.01,25.89539635
1995-08-10,26.76,86.42,25.8443006
1995-08-11,26.06,88.33,25.3180214
1995-08-12,26.17,87.42,25.362552700000002
1995-08-13,26.47,88.11,25.687221849999997
1995-08-14,26.42,87.94,25.6293464
1995-08-15,26.25,88.54,25.5093975
1995-08-16,25.95,89.34,25.2786865
1995-08-17,26.41,88.43,25.65210715
1995-08-18,26.69,87.27,25.83651715
1995-08-19,26.7,88.17,25.906207
1995-08-20,26.52,88.35,25.7498185
1995-08-21,26.63,88.62,25.8707833
1995-08-22,26.93,88.41,26.13764965
1995-08-23,27.15,84.79,26.091764249999997
1995-08-24,27.33,85.57,26.311747049999997
1995-08-25,26.79,90.12,26.1221614
1995-08-26,26.56,88.25,25.780622499999996
1995-08-27,27.1,83.81,25.978033
1995-08-28,27.27,82.25,26.023328749999997
1995-08-29,26.83,84.29,25.764626349999997
1995-08-30,27.23,86.45,26.28129675
1995-08-31,26.68,89.83,25.998711699999998
1995-09-01,26.46,88.61,25.7107658
1995-09-02,27.31,83.66,26.1587653
1995-09-03,27.18,84.25,26.081595
1995-09-04,27.04,84.96,26.002691199999997
1995-09-05,26.84,87.81,26.0126647
1995-09-06,26.04,86.75,25.199022499999998
1995-09-07,26.91,85.89,25.94692195
1995-09-08,26.39,86.62,25.5150149
1995-09-09,26.29,88.23,25.52677435
1995-09-10,26.91,85.09,25.89231795
1995-09-11,27.06,84.56,25.993404799999997
1995-09-12,26.98,84.66,25.9270624
1995-09-13,27.11,84.87,26.06065885
1995-09-14,27,87.94,26.170875
1995-09-15,26.82,84.68,25.7819168
1995-09-16,26.99,84.24,25.9073668
1995-09-17,27.17,82.2,25.929607
1995-09-18,26.99,83.86,25.881262699999997
1995-09-19,27.03,84.65,25.97215475
1995-09-20,26.57,86.78,25.6923903
1995-09-21,27.1,85.2,26.07436
1995-09-22,27.34,81.75,26.051185
1995-09-23,27.47,82.59,26.228057649999997
1995-09-24,26.46,89.45,25.766021
1995-09-25,26.94,84.55,25.882911
1995-09-26,26.83,85.19,25.825659849999997
1995-09-27,27.54,80.08,26.1113376
1995-09-28,27.55,84.03,26.40375325
1995-09-29,26.49,87.12,25.640628399999997
1995-09-30,27.41,84.42,26.3037421
1995-10-01,27.44,83.08,26.2358036
1995-10-02,27,87.21,26.1206875
1995-10-03,26.8,88.19,26.0010535
1995-10-04,26.82,87.67,25.9845192
1995-10-05,26.77,87.71,25.94060935
1995-10-06,26.99,84.56,25.929349199999997
1995-10-07,27.47,81.44,26.1460224
1995-10-08,27.84,79.78,26.3564586
1995-10-09,27.63,81.71,26.30918765
1995-10-10,27.21,84.55,26.12996775
1995-10-11,26.64,86.54,25.7412758
1995-10-12,26.91,86.27,25.972858849999998
1995-10-13,26.93,85.8,25.959217
1995-10-14,26.86,85.31,25.8613738
1995-10-15,27.36,82.4,26.115152
1995-10-16,27.45,84.76,26.364531
1995-10-17,27.12,84.56,26.0483096
1995-10-18,27.62,80.23,26.193396800000002
1995-10-19,27.9,80.26,26.445161999999996
1995-10-20,26.89,79.87,25.51824115
1995-10-21,27.31,84.53,26.22006115
1995-10-22,27.05,84.33,25.96837825
1995-10-23,27.06,87.53,26.198572399999996
1995-10-24,26.89,87.12,26.0122924
1995-10-25,27.1,85.81,26.116633
1995-10-26,27.7,83.43,26.497018
1995-10-27,27.65,83.49,26.45591425
1995-10-28,27.36,84.55,26.267221499999998
1995-10-29,26.56,88.7,25.810471
1995-10-30,27.22,87.24,26.327310399999998
1995-10-31,27.36,86.04,26.3726092
1995-11-01,27.23,85.07,26.18467605
1995-11-02,27.06,84.83,26.0120564
1995-11-03,27.78,82.12,26.4740448
1995-11-04,27.25,85.2,26.212149999999998
1995-11-05,27.05,85.04,26.017386000000002
1995-11-06,26.94,83.32,25.7987544
1995-11-07,27.64,79.89,26.1866503
1995-11-08,26.95,85.75,25.97423125
1995-11-09,27.24,82.67,26.025686899999997
1995-11-10,27.14,85.05,26.100676
1995-11-11,27.15,83.09,25.97348675
1995-11-12,26.86,84.89,25.8328222
1995-11-13,27.25,86.55,26.306818749999998
1995-11-14,26.81,87.89,25.99009245
1995-11-15,26.6,89.46,25.898563
1995-11-16,26.26,90.64,25.6545952
1995-11-17,26.13,91.61,25.593333649999998
1995-11-18,26.25,90.39,25.628953749999997
1995-11-19,26.81,84.42,25.755156099999997
1995-11-20,27.1,84.38,26.017534
1995-11-21,27.36,84.4,26.256612
1995-11-22,26.72,85.92,25.773683199999997
1995-11-23,26.95,87.32,26.081736999999997
1995-11-24,25.59,92.25,25.11728875
1995-11-25,25.63,91.09,25.084574349999997
1995-11-26,25.42,90.66,24.8590396
1995-11-27,25.78,90.02,25.1608408
1995-11-28,26.86,86.49,25.941590199999997
1995-11-29,25.98,90.25,25.364385
1995-11-30,26.34,89.36,25.6471232
1995-12-01,26.38,89.51,25.6945834
1995-12-02,25.95,89.96,25.317731
1995-12-03,26.06,91.29,25.5062182
1995-12-04,25.35,93.6,24.96808
1995-12-05,25.03,91.59,24.54293485
1995-12-06,25.24,89.4,24.613857999999997
1995-12-07,25.69,86.56,24.8628352
1995-12-08,25.38,89.17,24.7319328
1995-12-09,24.99,90.69,24.452859549999996
1995-12-10,25.56,88.36,24.8519388
1995-12-11,25.7,87.16,24.909056
1995-12-12,26.09,87.61,25.30019945
1995-12-13,26.34,87.47,25.5240464
1995-12-14,26.26,88.43,25.511652400000003
1995-12-15,26.24,85.75,25.319877499999997
1995-12-16,26.42,86.61,25.5421516
1995-12-17,26.17,88.56,25.4357236
1995-12-18,26.53,86.94,25.6658851
1995-12-19,26.07,89.53,25.40374155
1995-12-20,26.01,87.77,25.23577985
1995-12-21,25.86,89.11,25.179592799999998
1995-12-22,25.8,90.24,25.193416
1995-12-23,25.61,89.43,24.96412015
1995-12-24,25.25,92.27,24.79296375
1995-12-25,25.28,92.03,24.8074587
1995-12-26,25.59,89.35,24.94040325
1995-12-27,25.56,90.71,24.994889299999997
1995-12-28,25.53,92.84,25.0956386
1995-12-29,25.21,90.46,24.6480463
1995-12-30,24.71,87.15,23.98840825
1995-12-31,24.26,84.98,23.4537264
1996-01-01,23.95,84.16,23.126716
1996-01-02,24.2,83.91,23.3415985
1996-01-03,24.01,83.04,23.1229072
1996-01-04,24.3,83.79,23.426281
1996-01-05,24.78,87.06,24.0483724
1996-01-06,25.09,87.76,24.3770812
1996-01-07,25.28,87.85,24.5596265
1996-01-08,25.26,89.21,24.621447800000002
1996-01-09,25.14,89.77,24.5413404
1996-01-10,25.39,89.21,24.74373295
1996-01-11,25.32,89.5,24.695145
1996-01-12,25.31,87.45,24.56383975
1996-01-13,25.09,87.78,24.3782461
1996-01-14,25.07,86.8,24.302618
1996-01-15,24.67,85.19,23.84160265
1996-01-16,24.49,84.83,23.656484349999996
1996-01-17,24.48,84.52,23.6303028
1996-01-18,25.01,84.21,24.09725905
1996-01-19,25.49,86.08,24.648605599999996
1996-01-20,25.26,88.98,24.6078364
1996-01-21,25.51,87.72,24.766384600000002
1996-01-22,25.04,88.84,24.393054799999998
1996-01-23,25.65,88.37,24.936790249999998
1996-01-24,25.72,89.17,25.0516807
1996-01-25,25.5,90.12,24.90226
1996-01-26,25.89,87.38,25.0994201
1996-01-27,25.67,87.79,24.91987865
1996-01-28,25.2,90.75,24.655637499999997
1996-01-29,25.17,90.94,24.6383139
1996-01-30,25.2,89.92,24.606792
1996-01-31,25.42,89.64,24.797778400000002
1996-02-01,24.76,92.03,24.310252900000002
1996-02-02,25.52,89.77,24.899959699999997
1996-02-03,25.42,89.18,24.7701508
1996-02-04,25.57,88.31,24.85825435
1996-02-05,25.55,88.24,24.835286
1996-02-06,25.43,87.96,24.706215399999998
1996-02-07,25.28,88.59,24.6035011
1996-02-08,25.21,87.11,24.45071455
1996-02-09,25.4,86.96,24.618252
1996-02-10,24.75,86.93,24.013178749999998
1996-02-11,25,88.04,24.30931
1996-02-12,25.3,88.78,24.633532
1996-02-13,25.99,87.67,25.210805649999998
1996-02-14,25.8,88.28,25.071602
1996-02-15,26.02,88.99,25.3224064
1996-02-16,26.26,87.71,25.4650828
1996-02-17,26.31,88.04,25.5331382
1996-02-18,26.4,87.11,25.556349499999996
1996-02-19,25.72,88.65,25.019591499999997
1996-02-20,25.58,87.7,24.830437999999997
1996-02-21,25.2,87.45,24.461432499999997
1996-02-22,25.31,87.49,24.56621795
1996-02-23,25.34,87.06,24.5685172
1996-02-24,25.01,86.69,24.24061545
1996-02-25,25.26,85.08,24.3770344
1996-02-26,25.25,84.83,24.35307375
1996-02-27,25.05,82.47,24.03282175
1996-02-28,24.87,82.59,23.877020650000002
1996-02-29,24.89,83.14,23.9265353
1996-03-01,25.18,82.94,24.1778956
1996-03-02,25.29,84.43,24.365998349999998
1996-03-03,24.95,83.39,23.995340249999998
1996-03-04,24.69,81.35,23.64476075
1996-03-05,24.93,82.12,23.9043138
1996-03-06,25.44,81.53,24.3286601
1996-03-07,25.6,84.96,24.681808
1996-03-08,25.79,86,24.920669999999998
1996-03-09,25.93,84.88,24.9794812
1996-03-10,25.86,85.84,24.9752832
1996-03-11,26.18,85.49,25.2478776
1996-03-12,25.68,83.83,24.685706699999997
1996-03-13,25.84,83.27,24.7965499
1996-03-14,26.55,83.56,25.460439
1996-03-15,26.71,85.62,25.7443111
1996-03-16,27.09,85.24,26.0679438
1996-03-17,27.29,83.96,26.1616662
1996-03-18,27.6,82.89,26.3672245
1996-03-19,26.98,85.46,25.9819744
1996-03-20,27.71,81.68,26.3789604
1996-03-21,26.78,86.54,25.8709116
1996-03-22,26.99,84.67,25.936905649999996
1996-03-23,26.79,87.11,25.91870045
1996-03-24,27,86.35,26.061562499999997
1996-03-25,27.36,85.35,26.3238055
1996-03-26,27.3,85.38,26.270751999999998
1996-03-27,26.92,86.4,25.990984
1996-03-28,26.66,88.14,25.8668032
1996-03-29,26.93,88.09,26.11577285
1996-03-30,27.28,86.87,26.3570923
1996-03-31,27.67,85.43,26.61462205
1996-04-01,26.57,89.17,25.85105045
1996-04-02,28.42,76,26.58256
1996-04-03,27.39,85.16,26.3379182
1996-04-04,26.6,87.65,25.7781075
1996-04-05,26.87,84.75,25.83246625
1996-04-06,27.1,82.19,25.865767
1996-04-07,27.39,79.7,25.9508315
1996-04-08,28.32,73.91,26.3368991
1996-04-09,28.05,77.45,26.36946125
1996-04-10,28.06,80.58,26.611656399999998
1996-04-11,27.58,82.44,26.316733599999996
1996-04-12,27.34,83.12,26.1479344
1996-04-13,27.44,80.79,26.0728243
1996-04-14,27.9,80.15,26.437054999999997
1996-04-15,27.4,83.89,26.2569955
1996-04-16,28.38,77.91,26.693649399999998
1996-04-17,27.69,83.65,26.50388925
1996-04-18,28.26,79.98,26.744886400000002
1996-04-19,27.74,82.81,26.488224199999998
1996-04-20,27.48,84.57,26.3784523
1996-04-21,27.07,85.82,26.089665699999998
1996-04-22,27.46,83.43,26.2788904
1996-04-23,26.85,88.08,26.040334
1996-04-24,26.93,86.79,26.02689835
1996-04-25,27.51,85.25,26.454563750000002
1996-04-26,27.29,87.07,26.380439149999997
1996-04-27,27.35,86.21,26.37539175
1996-04-28,28.05,82.4,26.73836
1996-04-29,27.42,87.42,26.5260652
1996-04-30,27.19,87.47,26.31546865
1996-05-01,26.81,88.15,26.00769575
1996-05-02,26.77,88.91,26.021591349999998
1996-05-03,27.77,86.51,26.785432349999997
1996-05-04,27.32,85.58,26.3032458
1996-05-05,27.6,86.38,26.618679
1996-05-06,27.47,86.45,26.503410749999997
1996-05-07,27.62,85.88,26.601100799999998
1996-05-08,27.46,86.95,26.529796
1996-05-09,27.46,85.43,26.4214504
1996-05-10,27.36,85.04,26.3018792
1996-05-11,27.33,83.05,26.133923249999995
1996-05-12,27.35,84.2,26.233335
1996-05-13,27.04,84.14,25.946135799999997
1996-05-14,27.71,80.44,26.2888682
1996-05-15,27.43,84.61,26.33554015
1996-05-16,27.3,83.56,26.142624
1996-05-17,28.02,78.5,26.42126
1996-05-18,28.24,79.45,26.687036499999998
1996-05-19,28.28,81.89,26.907443100000002
1996-05-20,28.22,83.57,26.980192199999998
1996-05-21,27.67,86.65,26.70299275
1996-05-22,27.13,88.95,26.36241175
1996-05-23,27.23,85.56,26.2189834
1996-05-24,27.08,85.72,26.091966799999998
1996-05-25,27.88,80.59,26.451618099999997
1996-05-26,27.9,81.45,26.532864999999997
1996-05-27,27.78,84,26.61136
1996-05-28,27.6,84.38,26.474579
1996-05-29,27.26,85.62,26.250811600000002
1996-05-30,27.28,86.2,26.309998
1996-05-31,27.69,84.52,26.5670034
1996-06-01,27.6,84.09,26.4536845
1996-06-02,27.54,85.6,26.507232
1996-06-03,27.27,86.23,26.30286405
1996-06-04,27.72,82.57,26.452664699999996
1996-06-05,27.36,85.08,26.3047084
1996-06-06,27.66,85.66,26.6220708
1996-06-07,27.31,85.86,26.313766299999997
1996-06-08,26.48,87.88,25.681413199999998
1996-06-09,26.95,86.68,26.037913
1996-06-10,27.13,86.52,26.1936118
1996-06-11,27.19,84.62,26.116552900000002
1996-06-12,27.48,85.48,26.4434172
1996-06-13,27.39,87.56,26.508066200000002
1996-06-14,25.6,85.53,24.7166065
1996-06-15,26.79,84.79,25.76188005
1996-06-16,27.24,89.25,26.486747499999996
1996-06-17,26.67,90.14,26.0100209
1996-06-18,26.65,86.6,25.754544999999997
1996-06-19,27.47,86.16,26.482723599999996
1996-06-20,27.48,87.93,26.6183227
1996-06-21,27.34,84.87,26.2715194
1996-06-22,27.67,84.18,26.5240783
1996-06-23,27.36,86.09,26.3761457
1996-06-24,27,86.92,26.100749999999998
1996-06-25,27.2,85.06,26.156440999999997
1996-06-26,27.29,84.7,26.2137215
1996-06-27,27.26,83.47,26.0999246
1996-06-28,27.58,80.35,26.166379
1996-06-29,27.29,84.15,26.17503175
1996-06-30,26.98,85.44,25.9806016
1996-07-01,26.71,84.96,25.6999888
1996-07-02,27.16,85.82,26.1726466
1996-07-03,26.93,87.55,26.07885575
1996-07-04,26.88,84.45,25.8212005
1996-07-05,26.64,86.57,25.7432789
1996-07-06,26.41,89.07,25.69403035
1996-07-07,26.22,87.73,25.4290758
1996-07-08,26.55,88.33,25.776570749999998
1996-07-09,26.4,90.36,25.769061999999998
1996-07-10,26.62,90.06,25.9573996
1996-07-11,26.27,90.41,25.64919135
1996-07-12,26.52,89.73,25.8410503
1996-07-13,26.65,83.41,25.54137325
1996-07-14,26.92,83.57,25.7976667
1996-07-15,26.86,85.39,25.8668122
1996-07-16,26.77,83.75,25.673368749999998
1996-07-17,27.28,85.05,26.2291645
1996-07-18,27.56,85.79,26.539295699999997
1996-07-19,27.58,83.88,26.4203272
1996-07-20,27.52,84.21,26.3892781
1996-07-21,27.46,83.43,26.2788904
1996-07-22,27.55,82.62,26.3025505
1996-07-23,27.22,82.16,25.971913599999997
1996-07-24,27.51,81.4,26.179077
1996-07-25,27.47,83.56,26.297252599999997
1996-07-26,27.18,84.2,26.078108
1996-07-27,26.67,86.66,25.7770871
1996-07-28,27.01,84.44,25.9393942
1996-07-29,27.16,86.1,26.192142999999998
1996-07-30,27.1,85.08,26.066044
1996-07-31,27.25,83.76,26.111169999999998
1996-08-01,26.76,85.37,25.773499100000002
1996-08-02,27.64,82.47,26.3731069
1996-08-03,26.43,83.8,25.367037
1996-08-04,27.24,83.6,26.090851999999998
1996-08-05,27.31,84.29,26.20315195
1996-08-06,26.77,86.26,25.8427561
1996-08-07,26.89,86.69,25.982990049999998
1996-08-08,26.28,88.79,25.5537041
1996-08-09,26.47,85.53,25.51736755
1996-08-10,26,89.71,25.349157499999997
1996-08-11,26.02,89.93,25.3819648
1996-08-12,26.04,89.72,25.387528399999997
1996-08-13,26.32,89.72,25.6516972
1996-08-14,26.41,88.42,25.6514521
1996-08-15,26.58,87.03,25.7182732
1996-08-16,26.1,86.5,25.2387
1996-08-17,26.26,84.15,25.234822
1996-08-18,26.3,83.71,25.242779
1996-08-19,25.58,83.9,24.598865999999997
1996-08-20,25.96,87.24,25.1557372
1996-08-21,25.67,88.41,24.95796835
1996-08-22,26.52,84.1,25.468850999999997
1996-08-23,26.68,86.22,25.756877799999998
1996-08-24,26.33,87.46,25.514084899999997
1996-08-25,26.65,84.74,25.6302505
1996-08-26,25.95,88.17,25.205005749999998
1996-08-27,26.13,87.14,25.3074101
1996-08-28,25.86,87.07,25.052133599999998
1996-08-29,26.02,87.05,25.199488
1996-08-30,26.14,88.29,25.3903258
1996-08-31,26.07,85.17,25.12629295
1996-09-01,26.15,87.55,25.35226625
1996-09-02,25.33,90.38,24.756984699999997
1996-09-03,25.59,90.92,25.036165399999998
1996-09-04,26.41,84.27,25.37960635
1996-09-05,26.13,87.17,25.30932905
1996-09-06,26.19,85.45,25.254507750000002
1996-09-07,26.24,86.9,25.394132999999997
1996-09-08,26.26,87.1,25.425628
1996-09-09,26.49,86.54,25.602380299999997
1996-09-10,26.54,87.06,25.683113199999998
1996-09-11,26.16,87.65,25.367994499999998
1996-09-12,26.64,87.24,25.7880148
1996-09-13,26.93,88.48,26.142435199999998
1996-09-14,27.36,87.78,26.4956794
1996-09-15,27.49,87.47,26.59479415
1996-09-16,26.82,89.54,26.1112304
1996-09-17,26.22,91.1,25.646305999999996
1996-09-18,26.18,88.79,25.4598696
1996-09-19,26.6,84.53,25.5704715
1996-09-20,26.75,86.84,25.863345
1996-09-21,27.2,85.52,26.188571999999997
1996-09-22,26.84,86.61,25.931220699999997
1996-09-23,27.18,85.3,26.154822
1996-09-24,27.23,84.15,26.12026225
1996-09-25,26.94,82.12,25.7166504
1996-09-26,27.35,81.58,26.0481665
1996-09-27,27.08,84.7,26.021392999999996
1996-09-28,26.61,83.6,25.517677999999997
1996-09-29,26.92,84.73,25.8769063
1996-09-30,27.03,85.32,26.0183278
1996-10-01,27.15,83.44,25.997837999999998
1996-10-02,26.15,89.75,25.493231249999997
1996-10-03,26.47,83.59,25.389647649999997
1996-10-04,27.24,82.52,26.015176399999998
1996-10-05,27.87,79.75,26.38091625
1996-10-06,26.97,84.37,25.898016449999997
1996-10-07,26.25,86.53,25.37950125
1996-10-08,26.47,82.65,25.327762749999998
1996-10-09,26.78,85.46,25.7979684
1996-10-10,27.2,81.66,25.918951
1996-10-11,26.85,84.42,25.7917285
1996-10-12,26.57,88.06,25.7773631
1996-10-13,26.95,86.58,26.031065499999997
1996-10-14,26.98,85.71,25.9991344
1996-10-15,26.75,85.77,25.79125375
1996-10-16,26.5,88.38,25.733079999999998
1996-10-17,26.04,87.89,25.2713783
1996-10-18,26.56,87.93,25.7593969
1996-10-19,26.96,85.65,25.9765945
1996-10-20,26.55,87.91,25.74873525
1996-10-21,25.81,87.41,25.026839049999996
1996-10-22,26.62,86.33,25.7087578
1996-10-23,26.89,86.51,25.97072395
1996-10-24,27.08,86.46,26.143167399999996
1996-10-25,26.87,85.98,25.9161493
1996-10-26,26.21,89.73,25.54856065
1996-10-27,25.41,90.82,24.859154099999998
1996-10-28,26.51,88.05,25.72064275
1996-10-29,26.5,88.02,25.709319999999998
1996-10-30,26.95,82.79,25.77154525
1996-10-31,26.44,82.5,25.290775
1996-11-01,26.73,82.45,25.54949925
1996-11-02,27.1,79.46,25.676578
1996-11-03,26.93,82.35,25.723357749999998
1996-11-04,26.93,83.56,25.806079399999998
1996-11-05,27.16,83.74,26.0278162
1996-11-06,26.75,86.84,25.863345
1996-11-07,25.01,86.88,24.2515984
1996-11-08,26.7,85.2,25.706919999999997
1996-11-09,26.17,89.6,25.502476
1996-11-10,26.21,86.7,25.353413500000002
1996-11-11,26.69,86.91,25.81238095
1996-11-12,26.12,89.47,25.4470277
1996-11-13,26.03,86.98,25.2043367
1996-11-14,27,81.68,25.7405
1996-11-15,26.55,85.25,25.57244375
1996-11-16,26.95,83.97,25.852345749999998
1996-11-17,26.83,82.24,25.625605599999997
1996-11-18,26.44,87.13,25.5948271
1996-11-19,26.04,88.2,25.291054
1996-11-20,26.23,88.14,25.464852099999998
1996-11-21,25.86,88.12,25.117737599999998
1996-11-22,26.92,84.42,25.8557302
1996-11-23,26.74,85.65,25.773957999999997
1996-11-24,27.36,82.19,26.1002987
1996-11-25,26.78,85.54,25.803371600000002
1996-11-26,26.52,88.38,25.7518018
1996-11-27,26.8,86.13,25.8616945
1996-11-28,26.45,86.99,25.594917749999997
1996-11-29,27.39,81.78,26.0982931
1996-11-30,26.68,88.04,25.8787996
1996-12-01,26.9,82.74,25.722868
1996-12-02,26.78,86.57,25.8729378
1996-12-03,26.67,87.58,25.8386673
1996-12-04,26.8,86.42,25.881313
1996-12-05,26.41,86.75,25.54205875
1996-12-06,26.24,86.66,25.3786362
1996-12-07,25.68,90.38,25.0884662
1996-12-08,26.22,86.89,25.3749294
1996-12-09,25.4,90.54,24.832873
1996-12-10,25.18,90.7,24.633718
1996-12-11,25.59,90.03,24.98187985
1996-12-12,25.27,91.98,24.7949353
1996-12-13,25.37,91.79,24.87916515
1996-12-14,25.19,92.01,24.72022795
1996-12-15,25.38,89.46,24.7492864
1996-12-16,24.88,88.69,24.234312099999997
1996-12-17,25.49,89.07,24.829336149999996
1996-12-18,25.35,88.83,24.68343025
1996-12-19,25.59,89.1,24.925154499999998
1996-12-20,26.4,87.24,25.564857999999997
1996-12-21,25.9,89.17,25.220958999999997
1996-12-22,25.95,88.49,25.225157749999997
1996-12-23,25.42,89.61,24.7959766
1996-12-24,25.28,90.27,24.7031083
1996-12-25,25.61,86.78,24.8021919
1996-12-26,25.17,88.04,24.4681274
1996-12-27,24.58,89.25,23.984019999999997
1996-12-28,24.91,85.55,24.082665249999998
1996-12-29,24.73,84.99,23.88546235
1996-12-30,24.56,84.48,23.7012784
1996-12-31,24.88,85.26,24.0384934
1997-01-01,24.53,83.6,23.625294
1997-01-02,24.38,82.75,23.442635
1997-01-03,24.65,83.65,23.73726125
1997-01-04,24.98,84.39,24.0802396
1997-01-05,25.13,85.02,24.254194299999998
1997-01-06,24.92,86.06,24.1210986
1997-01-07,25.16,85.35,24.301070499999998
1997-01-08,25.38,86.19,24.553609599999998
1997-01-09,25.17,85.29,24.30674365
1997-01-10,24.87,84.76,24.0007866
1997-01-11,25.35,85.11,24.46143925
1997-01-12,25.06,86.46,24.273596799999996
1997-01-13,25.2,86.11,24.3825735
1997-01-14,24.91,86.21,24.12045355
1997-01-15,25.18,86.33,24.377024199999997
1997-01-16,25.11,87.92,24.4050716
1997-01-17,25.68,87.46,24.908915399999998
1997-01-18,25.6,86.32,24.764836
1997-01-19,25.6,85.4,24.70867
1997-01-20,25.61,83.2,24.583436
1997-01-21,25.95,84.72,24.987741999999997
1997-01-22,25.97,84.15,24.97010275
1997-01-23,26.3,81.81,25.119469
1997-01-24,26.25,83.94,25.2121225
1997-01-25,25.79,81.36,24.6325492
1997-01-26,25.61,83.42,24.5968791
1997-01-27,25.71,82.82,24.6507671
1997-01-28,25.39,84.52,24.4628254
1997-01-29,25.89,83.73,24.87076585
1997-01-30,25.75,85.86,24.8750875
1997-01-31,26.25,85.26,25.2974275
1997-02-01,26.22,86.88,25.374284799999998
1997-02-02,26.78,85.24,25.7831096
1997-02-03,25.6,88.54,24.900367000000003
1997-02-04,25.98,85.64,25.073309599999998
1997-02-05,26.35,84.01,25.30785175
1997-02-06,26.73,85.23,25.73649595
1997-02-07,26.41,82.51,25.26431755
1997-02-08,26.04,85.81,25.139360699999997
1997-02-09,26.35,85.76,25.421908000000002
1997-02-10,27.05,81.79,25.79305475
1997-02-11,27.11,82.96,25.9281908
1997-02-12,27.15,82.66,25.9435695
1997-02-13,26.67,86.96,25.7971676
1997-02-14,26.16,88.31,25.4103203
1997-02-15,26.47,85.81,25.535801349999996
1997-02-16,26.3,86.4,25.41736
1997-02-17,26.15,86.45,25.28178375
1997-02-18,25.03,85.05,24.16417075
1997-02-19,25.47,86.1,24.631343499999996
1997-02-20,25.31,86.41,24.502006549999997
1997-02-21,25.73,87.65,24.96720225
1997-02-22,25.72,88.55,25.0134205
1997-02-23,25.56,89.04,24.8933032
1997-02-24,26.15,84.89,25.18182675
1997-02-25,25.62,88.81,24.9356196
1997-02-26,26.04,84.65,25.0657355
1997-02-27,26.11,84.08,25.093428399999997
1997-02-28,26.28,82.85,25.1688515
1997-03-01,26.37,82.29,25.21380265
1997-03-02,26.19,82.62,25.0725529
1997-03-03,25.81,80.88,24.6206404
1997-03-04,26.07,80.9,24.8545715
1997-03-05,26.19,80.93,24.96389435
1997-03-06,26.39,82.11,25.22008345
1997-03-07,26.76,84.02,25.6824686
1997-03-08,26.34,82.67,25.2114704
1997-03-09,26.52,82.83,25.3848913
1997-03-10,26.67,82.89,25.52474215
1997-03-11,27.16,82.5,25.941475
1997-03-12,26.84,83.67,25.7316829
1997-03-13,27.16,82.77,25.9602751
1997-03-14,27.19,81.55,25.90228225
1997-03-15,27.38,81.41,26.063084399999997
1997-03-16,27.05,81.78,25.792364499999998
1997-03-17,26.97,83.73,25.854122049999997
1997-03-18,26.63,81.21,25.376425149999996
1997-03-19,27.81,75.9,26.0457595
1997-03-20,27.63,80.02,26.187144299999996
1997-03-21,27.75,80.81,26.35152875
1997-03-22,27.84,79.9,26.365263
1997-03-23,27.14,83.65,26.003348
1997-03-24,27.27,83.86,26.1364071
1997-03-25,27.57,82.61,26.319919849999998
1997-03-26,26.92,81.04,25.624842400000002
1997-03-27,27.71,80.72,26.3092116
1997-03-28,27.38,82.82,26.162968799999998
1997-03-29,27.56,80.7,26.173681
1997-03-30,27.52,81.39,26.1873379
1997-03-31,27.32,83.34,26.1453034
1997-04-01,26.35,86.58,25.4753515
1997-04-02,28.28,75.65,26.4345135
1997-04-03,27.65,80.74,26.257020499999996
1997-04-04,27.72,81.31,26.361050099999996
1997-04-05,27.2,83.95,26.0789075
1997-04-06,27.18,84.41,26.0927534
1997-04-07,27.41,82.18,26.1446909
1997-04-08,26.86,85.79,25.894004199999998
1997-04-09,27.48,82.84,26.2549476
1997-04-10,26.92,85.35,25.9192585
1997-04-11,27.25,82.78,26.042447499999998
1997-04-12,27.32,83.4,26.149534
1997-04-13,26.75,83.67,25.64976625
1997-04-14,27.66,80.45,26.244971
1997-04-15,27.72,81.21,26.353779099999997
1997-04-16,27.4,81.06,26.056206999999997
1997-04-17,27.43,80.67,26.055347049999998
1997-04-18,27.2,81.28,25.892408
1997-04-19,27.74,81.07,26.361517399999997
1997-04-20,28.36,77.01,26.607472299999998
1997-04-21,28.24,79.65,26.7021505
1997-04-22,28.27,76.59,26.49704365
1997-04-23,28.29,78.31,26.644921949999997
1997-04-24,27.82,83.45,26.607547
1997-04-25,27.77,82.54,26.495681899999997
1997-04-26,27.66,84.2,26.516396
1997-04-27,27.49,85.03,26.420468349999997
1997-04-28,27.8,82.95,26.5527925
1997-04-29,27.79,82.19,26.48817805
1997-04-30,28.19,79.81,26.66979395
1997-05-01,28.22,80.48,26.747020799999998
1997-05-02,28.8,77.93,27.0641945
1997-05-03,28.38,77.77,26.682961799999998
1997-05-04,28.52,77.39,26.7765429
1997-05-05,28.45,79.83,26.90245675
1997-05-06,28.58,81.3,27.131871999999998
1997-05-07,28.16,83.3,26.905329
1997-05-08,27.89,82.72,26.6174144
1997-05-09,28.63,77.31,26.86664665
1997-05-10,28.18,79.9,26.667676
1997-05-11,28.11,81.76,26.7446448
1997-05-12,27.9,83.14,26.657417999999996
1997-05-13,27.83,83.34,26.608572099999996
1997-05-14,27.47,88.89,26.67746815
1997-05-15,27.05,88.04,26.224461
1997-05-16,27.58,81.27,26.232563799999998
1997-05-17,27.33,85.24,26.288460599999997
1997-05-18,27.52,84.23,26.3907103
1997-05-19,27.82,79.62,26.3269612
1997-05-20,27.44,81.29,26.1084093
1997-05-21,28.17,76.61,26.41142285
1997-05-22,28.08,79.39,26.540639099999996
1997-05-23,28.15,82.69,26.850451749999998
1997-05-24,27.79,84.57,26.662144149999996
1997-05-25,27.66,84.25,26.520015
1997-05-26,27.99,83.22,26.745007899999997
1997-05-27,28.15,80.21,26.66426575
1997-05-28,28.03,83.13,26.77461895
1997-05-29,27.71,82.91,26.468326049999998
1997-05-30,28.33,79.81,26.79424765
1997-05-31,28.63,79.24,27.016636599999998
1997-06-01,28.63,78.54,26.9622361
1997-06-02,28.25,76.88,26.501549999999998
1997-06-03,28.32,75.96,26.492719599999997
1997-06-04,28.02,79.94,26.5283384
1997-06-05,28.08,79.54,26.551842599999997
1997-06-06,27.94,81.09,26.5421728
1997-06-07,27.78,83.18,26.5514672
1997-06-08,27.67,84.31,26.53349485
1997-06-09,27.59,81.18,26.2350541
1997-06-10,27.73,80.98,26.3460097
1997-06-11,27.6,83.8,26.43279
1997-06-12,27.71,83.16,26.4864898
1997-06-13,27.33,82.37,26.085939049999997
1997-06-14,27.82,79.63,26.3276938
1997-06-15,28.19,78.58,26.5771811
1997-06-16,28.3,78.18,26.643862000000002
1997-06-17,28.2,79.01,26.6184035
1997-06-18,28.04,78.25,26.420277499999997
1997-06-19,28.3,76.55,26.520145
1997-06-20,28.25,78.63,26.63389375
1997-06-21,28,79.63,26.4875275
1997-06-22,28.03,80.58,26.5848607
1997-06-23,28.14,79.93,26.6343486
1997-06-24,27.96,80.12,26.4882836
1997-06-25,27.94,79.71,26.4401632
1997-06-26,27.7,83.43,26.497018
1997-06-27,27.68,78.71,26.1366879
1997-06-28,28.15,77.51,26.461563249999998
1997-06-29,28,80.97,26.5870225
1997-06-30,27.47,83.34,26.281558899999997
1997-07-01,26.83,86.34,25.903647099999997
1997-07-02,27.11,82.3,25.882416499999998
1997-07-03,26.61,82.61,25.451739049999997
1997-07-04,26.79,83.49,25.674006549999998
1997-07-05,26.68,86.35,25.765586499999998
1997-07-06,26.96,83.91,25.8573523
1997-07-07,27.02,81.56,25.7502216
1997-07-08,27.94,73.94,26.0136448
1997-07-09,27.68,72.5,25.686525
1997-07-10,27.52,76.37,25.8278557
1997-07-11,27.53,80.41,26.12608265
1997-07-12,27.84,77.74,26.2067838
1997-07-13,27.86,78.08,26.2493184
1997-07-14,28.07,78.43,26.46012305
1997-07-15,27.94,78.92,26.3817664
1997-07-16,27.91,80.23,26.45186365
1997-07-17,28.05,80.74,26.6146485
1997-07-18,28.06,80.82,26.629555599999996
1997-07-19,28.32,79.93,26.7944793
1997-07-20,27.94,79.12,26.3965504
1997-07-21,28.17,75.43,26.32270455
1997-07-22,28.07,71.14,25.9160339
1997-07-23,28.68,69.14,26.2732286
1997-07-24,28.1,72.23,26.022804
1997-07-25,27.45,78.53,25.920799249999998
1997-07-26,28.17,77.03,26.44300055
1997-07-27,28.54,74.81,26.5948282
1997-07-28,28.61,74.53,26.63340065
1997-07-29,28.54,76.69,26.740001799999998
1997-07-30,28.67,74.2,26.659277000000003
1997-07-31,28.91,72.32,26.716221599999997
1997-08-01,28.84,73.8,26.773606
1997-08-02,28.11,75.46,26.2730583
1997-08-03,28.13,76.4,26.360826
1997-08-04,28.31,77.57,26.606329349999996
1997-08-05,27.03,85.25,26.01350375
1997-08-06,25.95,88.43,25.22137925
1997-08-07,27.01,84.67,25.95521935
1997-08-08,27.54,81.86,26.2389992
1997-08-09,27.83,80.62,26.4091553
1997-08-10,28.06,78.35,26.445342999999998
1997-08-11,27.98,78.99,26.4223186
1997-08-12,28.01,78.65,26.42358825
1997-08-13,28.01,78.01,26.37603305
1997-08-14,27.9,78.31,26.301447
1997-08-15,27.87,78.53,26.29120355
1997-08-16,27.78,78.22,26.1891888
1997-08-17,27.78,77.07,26.1051928
1997-08-18,27.49,76.05,25.77889225
1997-08-19,28.08,77.46,26.396487399999998
1997-08-20,27.92,78.61,26.341204100000002
1997-08-21,26.7,83.85,25.616335
1997-08-22,26.84,83.59,25.7262533
1997-08-23,26.16,89.59,25.4924067
1997-08-24,27.05,84.18,25.9580245
1997-08-25,27.31,84.42,26.212311099999997
1997-08-26,27.33,82.97,26.12827805
1997-08-27,26.86,84.6,25.813108
1997-08-28,27.18,85.9,26.196666
1997-08-29,26.87,84.66,25.8263431
1997-08-30,27.24,82.82,26.036197399999995
1997-08-31,26.44,86.69,25.5659323
1997-09-01,26.74,85.03,25.732219599999997
1997-09-02,27.81,77.22,26.142390099999997
1997-09-03,28.27,76.89,26.51976415
1997-09-04,27.64,79.49,26.1577423
1997-09-05,27.64,79.42,26.1526834
1997-09-06,27.17,80.64,25.8208984
1997-09-07,27.82,77.01,26.1357526
1997-09-08,27.83,78.93,26.285252949999997
1997-09-09,27.35,80.68,25.984559
1997-09-10,27.47,74.99,25.685911649999998
1997-09-11,27.91,74.09,25.99900795
1997-09-12,28.22,75.89,26.4006594
1997-09-13,28.14,77.09,26.4212918
1997-09-14,27.59,82.01,26.294809949999998
1997-09-15,27,80.5,25.659375
1997-09-16,27.65,75.21,25.857063249999996
1997-09-17,27.46,74.47,25.6402216
1997-09-18,27.73,75.36,25.9370704
1997-09-19,27.41,77.1,25.7839855
1997-09-20,27.57,77.77,25.97199645
1997-09-21,26.61,85.03,25.61292315
1997-09-22,27.33,72.82,25.412043299999997
1997-09-23,27.6,75.17,25.8109985
1997-09-24,28.13,75.55,26.29710575
1997-09-25,27.47,77.71,25.87994285
1997-09-26,27.94,76.28,26.1866176
1997-09-27,27.33,80.94,25.985031099999997
1997-09-28,27.38,81.9,26.097796
1997-09-29,27.07,82.1,25.8324835
1997-09-30,27.12,82.34,25.8942194
1997-10-01,27.76,75.77,25.9929061
1997-10-02,27.15,81.8,25.883734999999998
1997-10-03,26.47,82.56,25.3218376
1997-10-04,26.78,82.94,25.6277676
1997-10-05,26.45,85.19,25.476612749999997
1997-10-06,26.28,84.64,25.2848256
1997-10-07,26.51,84.68,25.4980374
1997-10-08,26.67,82.54,25.5013149
1997-10-09,27.09,81.83,25.83181835
1997-10-10,27.19,78.43,25.68452185
1997-10-11,27.42,77.69,25.834651400000002
1997-10-12,26.57,80.76,25.2927526
1997-10-13,27.2,81.84,25.931524
1997-10-14,28.4,75.5,26.526974999999997
1997-10-15,28.46,76.62,26.6648836
1997-10-16,28.33,78.94,26.728071099999998
1997-10-17,28.13,78.79,26.53999235
1997-10-18,28.34,75.23,26.4545076
1997-10-19,28.23,77.1,26.5007065
1997-10-20,27.92,79.08,26.3758948
1997-10-21,28.51,76.49,26.69843695
1997-10-22,28.16,76.77,26.4147301
1997-10-23,28.03,75.57,26.21204155
1997-10-24,28.13,77.11,26.41405115
1997-10-25,27.78,77.76,26.1555904
1997-10-26,28.23,76.22,26.434253299999998
1997-10-27,28.04,78.98,26.474640599999997
1997-10-28,27.59,83.69,26.41576155
1997-10-29,27.26,84.63,26.1813334
1997-10-30,27.83,79.17,26.302848549999997
1997-10-31,27.92,76.57,26.1906317
1997-11-01,27.48,81.73,26.1757047
1997-11-02,27.66,78.88,26.1313344
1997-11-03,27.9,80.84,26.487907999999997
1997-11-04,28.07,80.95,26.648203249999998
1997-11-05,27.28,83.95,26.1518455
1997-11-06,27.59,80.59,26.19257705
1997-11-07,27.91,78.88,26.352294399999998
1997-11-08,28.55,76.16,26.707764
1997-11-09,27.6,81.44,26.262752
1997-11-10,27.22,83.54,26.068458399999997
1997-11-11,27.47,79.51,26.008345849999998
1997-11-12,26.99,82.53,25.789898349999998
1997-11-13,27.54,81.02,26.1787544
1997-11-14,27.13,82.64,25.9240876
1997-11-15,27.96,77.05,26.2610115
1997-11-16,27.19,84.16,26.0844472
1997-11-17,26.93,85.82,25.960584299999997
1997-11-18,25.98,87.37,25.1825418
1997-11-19,26.04,85.87,25.1431689
1997-11-20,26.5,87.42,25.669719999999998
1997-11-21,25.98,87.44,25.1869616
1997-11-22,26.5,84.19,25.45654
1997-11-23,26.79,84.11,25.715915449999997
1997-11-24,27.03,82.99,25.85775585
1997-11-25,27.85,79.43,26.33964775
1997-11-26,27.38,83.29,26.196263599999998
1997-11-27,27.05,84.28,25.964927
1997-11-28,26.91,84.3,25.838396499999998
1997-11-29,26.58,86.35,25.673093999999995
1997-11-30,26.9,85.27,25.895414
1997-12-01,27.09,85.84,26.1094908
1997-12-02,26.93,88.76,26.1615774
1997-12-03,26.74,88.18,25.9442776
1997-12-04,26.69,88.59,25.925016550000002
1997-12-05,26.54,87.25,25.695694999999997
1997-12-06,26.53,88.71,25.78299715
1997-12-07,27,88.94,26.239625
1997-12-08,26.75,87.23,25.889621249999998
1997-12-09,26.86,87.76,26.027924799999997
1997-12-10,27.04,87.32,26.165460399999997
1997-12-11,26.53,90.68,25.913342200000002
1997-12-12,26.57,90.36,25.9300486
1997-12-13,27.01,88.15,26.19466075
1997-12-14,26.92,88.84,26.1576604
1997-12-15,27.1,90.94,26.472142
1997-12-16,26.81,90.3,26.1532615
1997-12-17,26.5,88.99,25.773339999999997
1997-12-18,26.35,91.7,25.809047500000002
1997-12-19,26.07,92.39,25.58573765
1997-12-20,25.92,91.93,25.413123300000002
1997-12-21,26.17,89.55,25.49926675
1997-12-22,25.75,89.97,25.12939375
1997-12-23,26.67,86.67,25.777756450000002
1997-12-24,26.23,90.55,25.620333249999998
1997-12-25,26.27,90.7,25.6679645
1997-12-26,26.14,85.44,25.2078688
1997-12-27,26.17,82.63,25.05510655
1997-12-28,26.6,87.02,25.736181
1997-12-29,26.02,88.32,25.279955199999996
1997-12-30,25.95,88.42,25.220749499999997
1997-12-31,26.43,89.35,25.731200249999997
1998-01-01,26.05,91.8,25.529094999999998
1998-01-02,26.51,89.59,25.82236745
1998-01-03,26.41,89.19,25.70189095
1998-01-04,26.11,90.8,25.522533999999997
1998-01-05,26.27,89.89,25.61552915
1998-01-06,26.11,90.53,25.50529315
1998-01-07,26.27,92.38,25.7767193
1998-01-08,26.91,89.16,26.170115799999998
1998-01-09,26.5,90.01,25.84066
1998-01-10,26.94,87.5,26.08475
1998-01-11,27.17,87.84,26.3226304
1998-01-12,26.74,88.48,25.964473599999998
1998-01-13,26.82,84.89,25.796146399999998
1998-01-14,26.96,85.75,25.9834475
1998-01-15,27.47,86.63,26.516251049999997
1998-01-16,27.72,85.99,26.701332899999997
1998-01-17,27.51,84.59,26.40733745
1998-01-18,27.7,84.4,26.567439999999998
1998-01-19,27.37,83.85,26.226822249999998
1998-01-20,27.14,82.39,25.9157528
1998-01-21,26.81,80.16,25.4667328
1998-01-22,26.71,81.81,25.48845055
1998-01-23,27.06,83.32,25.9077456
1998-01-24,27.3,84.01,26.174304
1998-01-25,27.12,84.22,26.0247102
1998-01-26,27.15,83.5,26.0020125
1998-01-27,27.46,83.49,26.2831672
1998-01-28,27.46,85.97,26.4599416
1998-01-29,26.79,87.92,25.9734524
1998-01-30,26.92,88.24,26.1166744
1998-01-31,26.6,88.2,25.81471
1998-02-01,27.18,87.15,26.283841
1998-02-02,26.88,86.67,25.9723603
1998-02-03,26.93,86.78,26.0262147
1998-02-04,26.8,87.16,25.931373999999998
1998-02-05,26.35,87.23,25.517715250000002
1998-02-06,26.4,84.04,25.355418
1998-02-07,26.62,80.94,25.349460399999998
1998-02-08,26.83,80.27,25.492010049999998
1998-02-09,26.74,80.55,25.430625999999997
1998-02-10,26.97,76.26,25.3417921
1998-02-11,27.22,80.12,25.829195199999997
1998-02-12,27.26,85.38,26.233968400000002
1998-02-13,27.56,84.89,26.474648699999996
1998-02-14,27.3,84.13,26.182752
1998-02-15,27.78,85.01,26.685130400000002
1998-02-16,27.72,84.41,26.586451099999998
1998-02-17,27.48,84.75,26.3913025
1998-02-18,27.2,81.25,25.890312499999997
1998-02-19,27.38,82.38,26.131799199999996
1998-02-20,28.03,81.55,26.65704325
1998-02-21,28.26,81.59,26.8667312
1998-02-22,27.54,86.08,26.541657599999997
1998-02-23,27.66,84.6,26.545347999999997
1998-02-24,28.23,80.17,26.73253755
1998-02-25,28.09,81.21,26.68554145
1998-02-26,27.84,80.62,26.4180894
1998-02-27,27.46,80.61,26.0778808
1998-02-28,27.56,78.98,26.0501334
1998-03-01,27.29,78.06,25.746630699999997
1998-03-02,27.94,78.59,26.3573728
1998-03-03,27.19,85.6,26.184952
1998-03-04,27.4,83.23,26.210168499999998
1998-03-05,28.14,81.32,26.738626399999998
1998-03-06,28.3,81.66,26.907994
1998-03-07,28.29,83.84,27.064344799999997
1998-03-08,28.53,81.4,27.094731
1998-03-09,27.76,84.94,26.6616742
1998-03-10,28.21,82.53,26.89267465
1998-03-11,28.84,81.11,27.3501457
1998-03-12,27.36,83.12,26.166077599999998
1998-03-13,27.85,85.23,26.76551275
1998-03-14,27.97,82.14,26.6468419
1998-03-15,28.04,80.69,26.601984299999998
1998-03-16,28.11,81.68,26.7386564
1998-03-17,28.45,80.32,26.940051999999998
1998-03-18,28.3,79.33,26.731147
1998-03-19,28.41,79,26.803395
1998-03-20,28.39,80.92,26.9323834
1998-03-21,28.22,81.1,26.793805999999996
1998-03-22,28.51,78.9,26.8841395
1998-03-23,28.91,78.49,27.205224949999998
1998-03-24,28.55,77.19,26.78735725
1998-03-25,28.62,77.05,26.837703
1998-03-26,28.9,79.56,27.281152
1998-03-27,28.47,82.8,27.148438
1998-03-28,28.64,77.9,26.921283
1998-03-29,28.61,79.31,27.00435255
1998-03-30,27.98,84.47,26.8286058
1998-03-31,27.98,82.58,26.6884812
1998-04-01,28.6,81.59,27.1723045
1998-04-02,28.43,83.52,27.167384799999997
1998-04-03,27.71,86.45,26.725524749999998
1998-04-04,27.58,84.71,26.480037399999997
1998-04-05,27.9,86.25,26.886625
1998-04-06,27.83,83.05,26.587310749999997
1998-04-07,28.13,80.39,26.65993635
1998-04-08,28.58,79.02,26.955308799999997
1998-04-09,28.94,79.42,27.3055364
1998-04-10,29.06,81.39,27.569711199999997
1998-04-11,28.82,81.15,27.335374
1998-04-12,28.62,83.16,27.3122056
1998-04-13,29.24,78.14,27.467809799999998
1998-04-14,28.78,80.5,27.24847
1998-04-15,29.27,77.61,27.451148349999997
1998-04-16,28.58,83.2,27.279007999999997
1998-04-17,28.29,83.69,27.052968049999997
1998-04-18,28.46,77.61,26.7408958
1998-04-19,28.1,76.65,26.35342
1998-04-20,28.41,74.51,26.45988755
1998-04-21,29.46,78.88,27.7222464
1998-04-22,28.68,84.42,27.4649158
1998-04-23,28.47,84.2,27.256006999999997
1998-04-24,28.9,81.15,27.407079999999997
1998-04-25,29.13,78.33,27.38632345
1998-04-26,29.07,77.44,27.2621544
1998-04-27,29.14,77.2,27.304144
1998-04-28,29.89,74.05,27.69346225
1998-04-29,29.62,75.83,27.6100228
1998-04-30,29.16,78.21,27.403072299999998
1998-05-01,29.3,77.71,27.485594
1998-05-02,28.84,80.42,27.2957254
1998-05-03,29.13,78.63,27.410462949999996
1998-05-04,29.05,78.77,27.35106925
1998-05-05,28.63,82.8,27.293301999999997
1998-05-06,28.47,83.96,27.237566599999997
1998-05-07,28.23,85.58,27.1410737
1998-05-08,28.52,85.71,27.418098099999998
1998-05-09,27.82,87.9,26.933554
1998-05-10,27.92,87.83,27.0217323
1998-05-11,28.39,86.01,27.32123395
1998-05-12,28.36,84.58,27.1845334
1998-05-13,28.54,84.74,27.3616228
1998-05-14,28.79,81.2,27.312413999999997
1998-05-15,28.9,80.12,27.325504
1998-05-16,29.18,80.81,27.630599399999998
1998-05-17,28.82,83.31,27.5054956
1998-05-18,28.82,83.05,27.485018
1998-05-19,28.72,84.43,27.5022703
1998-05-20,28.71,86.22,27.6330241
1998-05-21,29.06,84.98,27.857198399999998
1998-05-22,29.29,83.55,27.951874749999998
1998-05-23,28.95,85.55,27.80158625
1998-05-24,28.02,85.49,26.941036399999998
1998-05-25,29.36,78.11,27.570930299999997
1998-05-26,29.02,84.57,27.787760199999997
1998-05-27,29.62,83.3,28.231227999999998
1998-05-28,29.17,86.16,28.053319600000002
1998-05-29,28.72,84.87,27.5366827
1998-05-30,28.75,82.62,27.387842499999998
1998-05-31,28.25,87.94,27.3379625
1998-06-01,27.61,89.08,26.822613399999998
1998-06-02,28.43,83.55,27.16968325
1998-06-03,28.26,85.08,27.1308544
1998-06-04,28.47,82.95,27.159963249999997
1998-06-05,27.8,85.93,26.7707795
1998-06-06,27.97,84.61,26.829831849999998
1998-06-07,28.2,83.99,26.993646499999997
1998-06-08,27.88,81.76,26.5377184
1998-06-09,27.88,87.22,26.9395198
1998-06-10,28.05,77.87,26.40076175
1998-06-11,28.38,79.42,26.808922799999998
1998-06-12,29.36,75.75,27.378047499999997
1998-06-13,28.72,78.71,27.054909099999996
1998-06-14,28.9,77.63,27.128296
1998-06-15,27.87,83.21,26.63534735
1998-06-16,27.76,82.17,26.4596581
1998-06-17,28.08,84.38,26.913342199999995
1998-06-18,27.56,84.53,26.448789899999998
1998-06-19,27.18,85.23,26.1499402
1998-06-20,27.64,85.62,26.6007574
1998-06-21,26.83,87.31,25.969427649999997
1998-06-22,27.53,81.19,26.18198135
1998-06-23,28.02,84.11,26.838419599999998
1998-06-24,27.52,84.7,26.424367
1998-06-25,27.54,84.93,26.4591796
1998-06-26,26.61,88.74,25.8600277
1998-06-27,27.4,85.92,26.401024
1998-06-28,27.96,84.42,26.8066126
1998-06-29,28.14,81.61,26.7603822
1998-06-30,28.34,82.71,27.0238852
1998-07-01,28.16,83.73,26.9376349
1998-07-02,27.88,85.29,26.7974911
1998-07-03,27.46,85.81,26.4485368
1998-07-04,27.89,80.67,26.46644215
1998-07-05,27.48,85.5,26.444845
1998-07-06,27.2,83.13,26.021630499999997
1998-07-07,27.49,82.79,26.26043155
1998-07-08,27.08,85.7,26.090583
1998-07-09,26.74,88.3,25.952355999999998
1998-07-10,27.42,83.64,26.2574584
1998-07-11,26.53,88.63,25.77770395
1998-07-12,26.62,88.41,25.8474106
1998-07-13,27.4,83.39,26.221520499999997
1998-07-14,27.22,85.89,26.232864399999997
1998-07-15,27.76,81.77,26.4304861
1998-07-16,27.62,82.83,26.3810128
1998-07-17,27.71,82.74,26.4559747
1998-07-18,27.91,84.24,26.747621199999998
1998-07-19,27.32,87.57,26.4435607
1998-07-20,26.5,87.94,25.70404
1998-07-21,26.3,89.76,25.635424
1998-07-22,27.02,84.45,25.949227
1998-07-23,26.7,86.18,25.772678
1998-07-24,26.9,87.87,26.072733999999997
1998-07-25,27.29,87.65,26.42123925
1998-07-26,26.8,87.95,25.9848175
1998-07-27,26.17,86.73,25.31826505
1998-07-28,26.54,82.38,25.373203599999997
1998-07-29,28.6,70.85,26.3394175
1998-07-30,28,81.07,26.594447499999998
1998-07-31,27.13,87.18,26.2394587
1998-08-01,26.57,85.27,25.59214895
1998-08-02,27.11,80.76,25.775609799999998
1998-08-03,27.15,83.07,25.97209525
1998-08-04,27.01,84.39,25.935953950000002
1998-08-05,26.87,84.68,25.827703800000002
1998-08-06,27.18,85.98,26.2022452
1998-08-07,27.27,87.21,26.37169435
1998-08-08,26.61,89.18,25.889333899999997
1998-08-09,27.05,86.69,26.13127725
1998-08-10,27.49,82.91,26.269004949999996
1998-08-11,27.57,84.14,26.4299039
1998-08-12,27.73,84.21,26.58104065
1998-08-13,26.86,88.24,26.0605552
1998-08-14,26.62,86.79,25.7394214
1998-08-15,27.28,84.08,26.1609832
1998-08-16,27.35,84.32,26.241816
1998-08-17,26.93,86.95,26.03783675
1998-08-18,27.29,88.89,26.508467049999997
1998-08-19,26.73,89.83,26.04591495
1998-08-20,26.56,89.69,25.876137699999997
1998-08-21,26.48,88.95,25.7519155
1998-08-22,26.77,88.36,25.9844746
1998-08-23,26.62,84.42,25.5814372
1998-08-24,26.89,85.74,25.9182523
1998-08-25,26.41,87.36,25.582016799999998
1998-08-26,26.19,86.38,25.3143021
1998-08-27,27.02,85.17,25.998806199999997
1998-08-28,26.34,89.29,25.6425648
1998-08-29,27.06,87.86,26.221368799999997
1998-08-30,26.34,86.37,25.4524144
1998-08-31,26.28,88.28,25.5206612
1998-09-01,26.2,88.26,25.444530999999998
1998-09-02,26.87,86.19,25.93043665
1998-09-03,26.06,88.9,25.354262
1998-09-04,26.86,86.43,25.937511399999998
1998-09-05,27.22,85.96,26.2377616
1998-09-06,27.32,84.21,26.206647099999998
1998-09-07,27.25,83.92,26.12239
1998-09-08,26.46,85.88,25.5311864
1998-09-09,27.19,83.57,26.04326815
1998-09-10,27.38,82.17,26.116922799999998
1998-09-11,27.4,83.4,26.22223
1998-09-12,27.67,81.99,26.36544565
1998-09-13,27.17,84.33,26.07803605
1998-09-14,27.52,84.55,26.4136255
1998-09-15,27.47,85.96,26.468456599999996
1998-09-16,26.83,88.35,26.03995525
1998-09-17,26.61,88.43,25.83938015
1998-09-18,27.4,86.89,26.469845499999998
1998-09-19,27.28,87.83,26.4245707
1998-09-20,27.05,90.48,26.392882
1998-09-21,26.94,88.46,26.150433200000002
1998-09-22,27.24,87.13,26.338199099999997
1998-09-23,27.2,87.47,26.324779499999998
1998-09-24,26.65,87.09,25.787289249999997
1998-09-25,26.04,89.27,25.3589669
1998-09-26,27.05,85.88,26.075367
1998-09-27,26.71,87.18,25.8490729
1998-09-28,26.97,88.54,26.1840159
1998-09-29,27.25,88.55,26.44706875
1998-09-30,27.02,86.47,26.0883242
1998-10-01,27.29,85.04,26.2376388
1998-10-02,27.01,88.58,26.2242469
1998-10-03,27.37,85.83,26.36697655
1998-10-04,27.24,87.99,26.3984593
1998-10-05,27.22,88.28,26.4000688
1998-10-06,26.45,84.81,25.451637249999997
1998-10-07,26.53,85,25.537525
1998-10-08,27.31,85.66,26.299675299999997
1998-10-09,27.27,88.11,26.43490585
1998-10-10,27.8,86.83,26.8366145
1998-10-11,27.75,85.59,26.699871249999998
1998-10-12,27.51,84.32,26.3880176
1998-10-13,27.96,81.44,26.5860032
1998-10-14,27.3,85.38,26.270751999999998
1998-10-15,26.31,86.26,25.417518299999998
1998-10-16,26.18,87.43,25.3725032
1998-10-17,27.35,85.62,26.333693500000003
1998-10-18,27.19,87.43,26.31267685
1998-10-19,27.34,86.37,26.3774494
1998-10-20,27.73,84.06,26.5701259
1998-10-21,27.35,87.82,26.4891785
1998-10-22,27.14,84.81,26.0839912
1998-10-23,27.83,85.33,26.754468949999996
1998-10-24,26.82,88.9,26.067864
1998-10-25,26.81,88.73,26.04696465
1998-10-26,26.79,88.06,25.9829157
1998-10-27,26.6,84.11,25.542520500000002
1998-10-28,26.88,84.82,25.846393799999998
1998-10-29,26.49,88.1,25.7052545
1998-10-30,26.83,83.75,25.728006249999996
1998-10-31,27.42,85.97,26.4230282
1998-11-01,27.04,85.15,26.0157955
1998-11-02,26.97,87.04,26.081138399999997
1998-11-03,26.64,88.4,25.865468
1998-11-04,26.83,88.83,26.07250645
1998-11-05,26.62,91.12,26.0280592
1998-11-06,26.35,87.96,25.565293
1998-11-07,26.04,86.68,25.194579599999997
1998-11-08,27.07,78.67,25.595350449999998
1998-11-09,28.17,77.5,26.478337500000002
1998-11-10,26.34,84.53,25.3325936
1998-11-11,26.83,86.21,25.894831149999998
1998-11-12,25.91,90.26,25.2987663
1998-11-13,26.45,87.65,25.63829625
1998-11-14,27.57,81.2,26.218562
1998-11-15,27.25,82.16,25.99897
1998-11-16,26.82,85.78,25.8564528
1998-11-17,26.87,85.4,25.876689
1998-11-18,26.87,85.01,25.85015535
1998-11-19,26.96,83.48,25.8278844
1998-11-20,27.02,86.55,26.093833
1998-11-21,26.44,89,25.71763
1998-11-22,26.72,87.33,25.868449299999998
1998-11-23,27.39,84.39,26.28332905
1998-11-24,27.06,88.33,26.253836399999997
1998-11-25,26.75,89.36,26.03313
1998-11-26,26.67,87.4,25.826619
1998-11-27,27.82,73.8,25.900588
1998-11-28,27.17,85.31,26.14632735
1998-11-29,26.71,87.68,25.8826504
1998-11-30,27.26,81.85,25.986233
1998-12-01,26.5,87.35,25.6651
1998-12-02,26.56,87.84,25.753427199999997
1998-12-03,26.05,90.09,25.42046725
1998-12-04,26.4,89.95,25.7422275
1998-12-05,26.63,88.46,25.860108899999997
1998-12-06,26.61,90.48,25.9759204
1998-12-07,26.36,90.91,25.7670593
1998-12-08,25.76,91.36,25.2249248
1998-12-09,26.72,82.31,25.5310551
1998-12-10,27.23,82.79,26.02504185
1998-12-11,26.6,88.27,25.8193685
1998-12-12,26.47,85.77,25.53316795
1998-12-13,26.99,84.08,25.8963756
1998-12-14,26.8,84.05,25.720982499999998
1998-12-15,26.33,88.64,25.590861599999997
1998-12-16,26.23,88.91,25.51452865
1998-12-17,26.59,85.49,25.625157549999997
1998-12-18,25.82,91.64,25.2995064
1998-12-19,26.04,90.1,25.411647
1998-12-20,26.17,88.55,25.435081750000002
1998-12-21,26.42,88.28,25.651636800000002
1998-12-22,25.93,91.49,25.39501885
1998-12-23,25.74,90.41,25.147146199999998
1998-12-24,25.91,89.97,25.28056735
1998-12-25,25.71,89.51,25.06323905
1998-12-26,25.75,90.92,25.188174999999998
1998-12-27,25.62,92.82,25.1808712
1998-12-28,25.37,93.17,24.96166845
1998-12-29,25.47,91.52,24.958359199999997
1998-12-30,25.58,93.27,25.169873799999998
1998-12-31,25.75,93.82,25.3676125
1999-01-01,25.04,93.16,24.643485199999997
1999-01-02,25.1,93.16,24.701228
1999-01-03,25.54,90.88,24.9862336
1999-01-04,25.7,90.38,25.107408
1999-01-05,25.58,90.12,24.9779128
1999-01-06,25.22,89.46,24.598561599999996
1999-01-07,25.06,88.49,24.3914992
1999-01-08,25.6,88.74,24.912577
1999-01-09,25.74,89.22,25.073580399999997
1999-01-10,25.59,89.78,24.966631099999997
1999-01-11,25.78,88.62,25.0739848
1999-01-12,26.18,88.66,25.451518399999998
1999-01-13,26.16,88.36,25.4135268
1999-01-14,26.25,89.27,25.55657375
1999-01-15,25.88,90.15,25.263488499999998
1999-01-16,26.03,90.64,25.4364356
1999-01-17,26.01,90.71,25.42189655
1999-01-18,26.09,90.34,25.4742233
1999-01-19,25.96,89.88,25.322136399999998
1999-01-20,26.1,89.5,25.4301
1999-01-21,26.09,89.61,25.42768945
1999-01-22,26.22,88.82,25.4993372
1999-01-23,26.63,88.71,25.876787649999997
1999-01-24,26.42,91.22,25.8443832
1999-01-25,25.63,93.31,25.22047165
1999-01-26,25.83,91.02,25.2704113
1999-01-27,26.2,88.57,25.4644795
1999-01-28,26.88,82.25,25.6714025
1999-01-29,26.66,86.43,25.7524384
1999-01-30,26.85,85.52,25.866446
1999-01-31,27.02,83.19,25.8624634
1999-02-01,26.81,84.66,25.771405299999998
1999-02-02,25.92,90.09,25.2975529
1999-02-03,25.63,85.53,24.744218949999997
1999-02-04,25.55,87.82,24.8097605
1999-02-05,25.55,87.53,24.79213575
1999-02-06,25.71,88.06,24.9738393
1999-02-07,25.44,89.49,24.8076133
1999-02-08,25.62,88.69,24.9282804
1999-02-09,25.15,91.04,24.625168
1999-02-10,26.28,87.75,25.4863225
1999-02-11,26.45,86.62,25.5705995
1999-02-12,26.48,88.16,25.6998624
1999-02-13,25.32,92.66,24.883196599999998
1999-02-14,25.69,91.32,25.1557894
1999-02-15,25.66,89.53,25.0173514
1999-02-16,26.11,86.84,25.269668199999998
1999-02-17,26.14,85.43,25.2072286
1999-02-18,25.92,85.77,25.0262137
1999-02-19,25.54,85.29,24.6468088
1999-02-20,25.69,84.58,24.7409761
1999-02-21,25.82,84.78,24.8724028
1999-02-22,25.97,86.3,25.105735499999998
1999-02-23,25.98,87.33,25.1800162
1999-02-24,25.96,88.1,25.209943
1999-02-25,26.3,87.82,25.509518
1999-02-26,26.23,88.36,25.4790454
1999-02-27,26.33,84.76,25.338409399999996
1999-02-28,26.41,86.26,25.5099613
1999-03-01,25.48,90.49,24.9056911
1999-03-02,26.14,87.58,25.3448716
1999-03-03,26.29,86.38,25.4068111
1999-03-04,26.53,82.64,25.3813756
1999-03-05,27.44,80.59,26.0585903
1999-03-06,27.18,83.18,26.0069732
1999-03-07,26.62,86.33,25.7087578
1999-03-08,27.09,84.79,26.03678355
1999-03-09,27.39,84.24,26.2726948
1999-03-10,27.07,85.76,26.0855176
1999-03-11,27.12,85.14,26.0885674
1999-03-12,26.25,88.39,25.49970375
1999-03-13,27.14,80.39,25.7767128
1999-03-14,27.48,80.65,26.0986035
1999-03-15,27.08,82.67,25.8809373
1999-03-16,26.79,84.24,25.7247028
1999-03-17,27.03,86.83,26.12238945
1999-03-18,27.59,82.18,26.3070491
1999-03-19,27.89,81.41,26.52093945
1999-03-20,26.27,87.71,25.474406849999998
1999-03-21,28.07,77.73,26.40787855
1999-03-22,26.29,90.33,25.66294885
1999-03-23,26.38,90.04,25.729213599999998
1999-03-24,26.79,85.64,25.819335799999998
1999-03-25,27.38,83.6,26.218224
1999-03-26,27.03,83.92,25.9218468
1999-03-27,27.45,82.9,26.232052499999998
1999-03-28,26.26,85.07,25.2943276
1999-03-29,26.65,87.04,25.783948
1999-03-30,27.54,81.06,26.181623199999997
1999-03-31,27.52,83.99,26.3735239
1999-04-01,26.81,83.86,25.717241299999998
1999-04-02,28.33,77.6,26.626143999999996
1999-04-03,28.44,80.05,26.9104335
1999-04-04,27.61,81.68,26.2890364
1999-04-05,27.34,84.24,26.2270288
1999-04-06,27.12,88.16,26.2981856
1999-04-07,27.3,84.85,26.233439999999998
1999-04-08,27.06,86.08,26.0984064
1999-04-09,27.4,86.55,26.4457225
1999-04-10,27.05,86.79,26.13817975
1999-04-11,27.06,86.26,26.1108408
1999-04-12,27.88,80.01,26.4089359
1999-04-13,27.84,81.25,26.4643125
1999-04-14,27.33,83.4,26.158620999999997
1999-04-15,28.3,75.48,26.438932
1999-04-16,26.87,87.43,26.01480005
1999-04-17,26.95,82.99,25.785240249999998
1999-04-18,26.59,88.79,25.84459105
1999-04-19,27.44,82.47,26.1923899
1999-04-20,27.61,82.59,26.354651949999997
1999-04-21,27.8,83.02,26.557913
1999-04-22,26.84,86.14,25.8993218
1999-04-23,27.27,82.5,26.0408875
1999-04-24,28.62,76.64,26.8058624
1999-04-25,27.79,82.61,26.518877949999997
1999-04-26,27.87,83.31,26.64270085
1999-04-27,27.34,86.11,26.3590882
1999-04-28,27.12,87.5,26.252375
1999-04-29,26.77,88.94,26.0236159
1999-04-30,26.92,86.81,26.0189911
1999-05-01,26.83,86.06,25.884658899999998
1999-05-02,27.19,83.22,26.0188399
1999-05-03,27.42,82.54,26.1792924
1999-05-04,28.07,77.66,26.4026541
1999-05-05,27.95,78.63,26.369154249999998
1999-05-06,27.75,78.92,26.213795
1999-05-07,27.62,83.76,26.4481216
1999-05-08,27.56,84.05,26.414311499999997
1999-05-09,26.93,85.96,25.9701554
1999-05-10,27.02,85.57,26.0263502
1999-05-11,26.84,82.23,25.6339501
1999-05-12,27.66,80.42,26.242799599999998
1999-05-13,28.27,78.73,26.65911655
1999-05-14,27.87,82.34,26.5713719
1999-05-15,26.67,87.27,25.81791745
1999-05-16,26.73,87.36,25.879770399999998
1999-05-17,27.12,85.18,26.0913438
1999-05-18,27.07,86.19,26.11524565
1999-05-19,27.09,85.78,26.1053361
1999-05-20,26.64,87.98,25.8374246
1999-05-21,26.9,86.31,25.966341999999997
1999-05-22,26.94,84.85,25.903437
1999-05-23,27.01,88.09,26.19053245
1999-05-24,26.3,87.22,25.470578
1999-05-25,26.43,87.55,25.61309325
1999-05-26,26.53,83.61,25.44555565
1999-05-27,27.41,83.14,26.2128557
1999-05-28,27.47,84.54,26.3671609
1999-05-29,27.73,82.48,26.4551572
1999-05-30,27.97,81.57,26.60461345
1999-05-31,27.77,81.01,26.38401485
1999-06-01,27.03,80.62,25.6944273
1999-06-02,27.36,85.22,26.314610599999998
1999-06-03,26.78,84.57,25.7378578
1999-06-04,27.23,81.89,25.96202835
1999-06-05,26.68,81.95,25.470830499999998
1999-06-06,27.28,83.04,26.0878816
1999-06-07,27.17,86.74,26.2459769
1999-06-08,27.21,87.91,26.36484855
1999-06-09,27.1,87.77,26.252461
1999-06-10,27.4,85.13,26.3449735
1999-06-11,27.21,87.07,26.306128349999998
1999-06-12,25.98,88.97,25.283565799999998
1999-06-13,26.59,86.93,25.72091035
1999-06-14,26.52,86.81,25.6480091
1999-06-15,26.68,85.6,25.715343999999998
1999-06-16,26.54,83.99,25.4798178
1999-06-17,26.64,85.55,25.6751735
1999-06-18,27.37,85.52,26.3450332
1999-06-19,27.25,83.77,26.11187125
1999-06-20,27.34,83.98,26.2086676
1999-06-21,27.71,82.96,26.4719588
1999-06-22,27.61,81.04,26.2428892
1999-06-23,26.71,84.52,25.6704406
1999-06-24,26.84,84.38,25.7798706
1999-06-25,26.58,85.17,25.5946948
1999-06-26,26.17,87.21,25.34907385
1999-06-27,26.44,86.77,25.5711859
1999-06-28,26.77,85.4,25.784719
1999-06-29,26.34,87.2,25.506463999999998
1999-06-30,25.69,88.08,24.9563836
1999-07-01,26.19,86.38,25.3143021
1999-07-02,26.58,86,25.649839999999998
1999-07-03,26.24,89.3,25.549100999999997
1999-07-04,26.45,87.69,25.64092525
1999-07-05,26.06,87.67,25.2760586
1999-07-06,26.06,88.17,25.3078486
1999-07-07,26.48,83.51,25.3934739
1999-07-08,26.57,84.01,25.50850385
1999-07-09,26.44,86.52,25.5547684
1999-07-10,26.78,84.51,25.7338054
1999-07-11,26.43,84.51,25.413623649999998
1999-07-12,26.21,87.49,25.40429345
1999-07-13,26.47,87.75,25.66352125
1999-07-14,26.03,89.45,25.36097175
1999-07-15,26.3,88.56,25.557544
1999-07-16,26.7,77.5,25.19025
1999-07-17,26.15,87.11,25.324073249999998
1999-07-18,26.53,87.1,25.676471499999998
1999-07-19,26.95,86.01,25.99203475
1999-07-20,26.96,85.54,25.9690562
1999-07-21,26.99,84.47,25.92316665
1999-07-22,27.23,82.42,25.9991363
1999-07-23,26.97,83.4,25.831488999999998
1999-07-24,27,84.61,25.941937499999998
1999-07-25,26.62,84.96,25.6174336
1999-07-26,26.5,83.69,25.42354
1999-07-27,27.07,81.81,25.81243435
1999-07-28,27.3,83.14,26.113056
1999-07-29,26.37,88.5,25.6192225
1999-07-30,26.05,88.13,25.295958249999998
1999-07-31,26.43,85,25.445774999999998
1999-08-01,26.73,80.31,25.40555215
1999-08-02,26.68,82.42,25.502315799999998
1999-08-03,26.63,85.59,25.66863685
1999-08-04,26.51,86.05,25.58853275
1999-08-05,26.4,87.86,25.605437
1999-08-06,26.72,85.61,25.752848099999998
1999-08-07,26.32,89.51,25.6380451
1999-08-08,26.12,86.89,25.2821399
1999-08-09,26.82,85.37,25.8286712
1999-08-10,27.05,85.69,26.06225225
1999-08-11,26.13,85.8,25.221697
1999-08-12,26.21,86.73,25.35534565
1999-08-13,26.77,85.98,25.8238603
1999-08-14,26.86,83.23,25.7199754
1999-08-15,26.43,84.63,25.42149745
1999-08-16,26.75,84.07,25.67671625
1999-08-17,26.89,82.02,25.6647529
1999-08-18,26.66,84.08,25.5952704
1999-08-19,26.76,85.33,25.770801900000002
1999-08-20,26.59,86.02,25.660399899999998
1999-08-21,26.49,86.25,25.583256249999998
1999-08-22,26.13,87.34,25.320203099999997
1999-08-23,26.55,87.33,25.71029575
1999-08-24,26.52,86.3,25.614293
1999-08-25,26.2,86.44,25.327413999999997
1999-08-26,26.86,82.2,25.649956
1999-08-27,26.82,83.02,25.6694352
1999-08-28,26.91,83.24,25.766046199999998
1999-08-29,26.57,85.75,25.62401375
1999-08-30,26.37,86.06,25.4599271
1999-08-31,26.7,84.72,25.674712
1999-09-01,27.04,81.05,25.7330185
1999-09-02,27.26,81.59,25.967986200000002
1999-09-03,26.83,84.67,25.79039605
1999-09-04,25.91,88.91,25.214047049999998
1999-09-05,25.65,86.92,24.847869
1999-09-06,26.18,86,25.280639999999998
1999-09-07,26.44,87.71,25.632915699999998
1999-09-08,26.72,87,25.846269999999997
1999-09-09,25.92,88.81,25.2171561
1999-09-10,25.73,88.73,25.03390845
1999-09-11,26.83,80.77,25.525917549999996
1999-09-12,27.21,79.45,25.773452250000002
1999-09-13,27.2,81.7,25.921744999999998
1999-09-14,26.72,86.72,25.8274512
1999-09-15,26.36,83.77,25.3013171
1999-09-16,26.92,85.37,25.9206247
1999-09-17,27.2,84.26,26.100561
1999-09-18,26.97,80.08,25.603786799999998
1999-09-19,26.39,86.22,25.4888569
1999-09-20,27.18,82.85,25.983959
1999-09-21,27.36,81.43,26.0465439
1999-09-22,27.11,83.89,25.99269095
1999-09-23,26.78,85.72,25.8155288
1999-09-24,26.85,85.11,25.83859675
1999-09-25,26.94,85.03,25.9157526
1999-09-26,26.87,81.62,25.6195167
1999-09-27,26.38,85.28,25.4181952
1999-09-28,26.95,80.55,25.61816125
1999-09-29,26.79,83.35,25.664543249999998
1999-09-30,27.01,83.85,25.89879925
1999-10-01,26.76,85.52,25.7836136
1999-10-02,26.7,85.65,25.737115
1999-10-03,26.67,84.59,25.63853165
1999-10-04,26.6,83.59,25.507914500000002
1999-10-05,27.12,81.32,25.8234212
1999-10-06,26.68,85.51,25.7093149
1999-10-07,26.49,86.75,25.616228749999998
1999-10-08,27.11,83.72,25.9809006
1999-10-09,26.78,84.2,25.712868
1999-10-10,26.95,84.29,25.874257749999998
1999-10-11,26.61,84.95,25.60759475
1999-10-12,27.45,80.99,26.096012749999996
1999-10-13,25.95,88.95,25.25412625
1999-10-14,26.62,84.95,25.616767
1999-10-15,26.59,85.74,25.641781299999998
1999-10-16,27.39,81.51,26.07915145
1999-10-17,27.15,82.38,25.924088499999996
1999-10-18,27.29,83.45,26.125790249999998
1999-10-19,26.92,85.18,25.9076458
1999-10-20,26.71,84.4,25.662382
1999-10-21,26.26,85.18,25.301442400000003
1999-10-22,26.03,86.97,25.20370255
1999-10-23,26.19,89.59,25.52068905
1999-10-24,26.21,84.39,25.20463795
1999-10-25,26.86,82.74,25.686665199999997
1999-10-26,26.78,84.78,25.7520412
1999-10-27,26.62,89.11,25.8940726
1999-10-28,25.78,87.42,24.9995368
1999-10-29,25.97,88.74,25.2596629
1999-10-30,25.69,90.15,25.08378175
1999-10-31,25.61,87.99,24.87612895
1999-11-01,26.75,82.17,25.548703749999998
1999-11-02,25.9,88.68,25.190236
1999-11-03,26.57,83.48,25.4733198
1999-11-04,27.07,81.28,25.775792799999998
1999-11-05,27.12,82.04,25.8733964
1999-11-06,26.29,83.48,25.2187606
1999-11-07,27.4,82.23,26.1392185
1999-11-08,26.83,84.8,25.799211999999997
1999-11-09,26.11,86.64,25.256897199999997
1999-11-10,26.98,83.55,25.850872
1999-11-11,26.71,85.79,25.755727450000002
1999-11-12,26.91,86.25,25.97149375
1999-11-13,26.57,87.7,25.7534645
1999-11-14,27.13,81.77,25.863653049999996
1999-11-15,25.64,89.65,25.0058555
1999-11-16,26.14,87.44,25.3359088
1999-11-17,25.92,87.83,25.1556023
1999-11-18,26,89.23,25.3187975
1999-11-19,26.44,87.46,25.6164982
1999-11-20,25.84,86.94,25.0254478
1999-11-21,25.6,89.59,24.9644695
1999-11-22,26.8,82.92,25.644538
1999-11-23,26.47,87.12,25.6220452
1999-11-24,26,90.69,25.4111425
1999-11-25,25.96,90.42,25.3561726
1999-11-26,25.88,91.03,25.3185677
1999-11-27,25.73,90.21,25.12532065
1999-11-28,26,89.09,25.3099425
1999-11-29,26.23,89.51,25.55323765
1999-11-30,26.34,90.52,25.722662399999997
1999-12-01,25.81,90.01,25.188572049999998
1999-12-02,26.57,85.34,25.5967959
1999-12-03,26.3,90.72,25.697727999999998
1999-12-04,26.32,87.71,25.521027099999998
1999-12-05,25.75,91.85,25.245718749999998
1999-12-06,25.45,91.15,24.91700875
1999-12-07,25.96,91.67,25.4349601
1999-12-08,25.25,91.34,24.7379775
1999-12-09,25.65,91.96,25.156946999999995
1999-12-10,25.88,88.24,25.143941599999998
1999-12-11,26.28,88.42,25.5297318
1999-12-12,26.33,89.38,25.6390097
1999-12-13,25.95,89.45,25.28561375
1999-12-14,26.1,90.16,25.472208
1999-12-15,26.43,88.57,25.68002055
1999-12-16,26.63,87.37,25.787389549999997
1999-12-17,26.31,90.65,25.70267075
1999-12-18,26.28,88.63,25.5433377
1999-12-19,25.3,92.17,24.834898
1999-12-20,25.5,91.51,24.986355
1999-12-21,25.5,90.59,24.930695
1999-12-22,25.47,89,24.806314999999998
1999-12-23,25.24,88.4,24.554788
1999-12-24,25.01,87.45,24.28454725
1999-12-25,24.94,87.03,24.1952626
1999-12-26,24.82,86.08,24.0299008
1999-12-27,25.19,86.93,24.42154935
1999-12-28,25.87,87.28,25.0745548
1999-12-29,25.8,89.41,25.1418315
1999-12-30,25.92,88.54,25.2001974
1999-12-31,25.98,88.56,25.2576784
2000-01-01,25.91,88.68,25.1996134
2000-01-02,25.62,91.75,25.11543
2000-01-03,26.01,88.85,25.30414925
2000-01-04,25.88,90.31,25.273502899999997
2000-01-05,25.07,92.15,24.61364025
2000-01-06,25.11,88.56,24.4424188
2000-01-07,25.71,88.4,24.994802
2000-01-08,25.83,89.04,25.147027599999998
2000-01-09,25.81,87.14,25.010043699999997
2000-01-10,25.21,91.46,24.7069513
2000-01-11,26.28,86.91,25.4318989
2000-01-12,26.17,88.21,25.413258850000002
2000-01-13,25.86,88.78,25.158974399999998
2000-01-14,25.71,86.96,24.9060188
2000-01-15,25.79,85.11,24.865405449999997
2000-01-16,25.8,86.86,24.983349
2000-01-17,25.17,90.3,24.600755500000002
2000-01-18,24.82,91.05,24.311998
2000-01-19,25.6,88.95,24.9253975
2000-01-20,25.48,87.95,24.7523005
2000-01-21,24.79,86.56,24.0293632
2000-01-22,25.33,87.61,24.59198965
2000-01-23,25.54,86.91,24.7451752
2000-01-24,25.63,89.61,24.993976149999998
2000-01-25,25.43,91.64,24.9274386
2000-01-26,25.36,88.63,24.680869899999998
2000-01-27,25.08,86.4,24.288615999999998
2000-01-28,25.48,86.87,24.6870793
2000-01-29,24.97,91.25,24.466131249999997
2000-01-30,25.07,91.14,24.5549239
2000-01-31,25.58,87.54,24.8206876
2000-02-01,25.52,87.82,24.781770199999997
2000-02-02,25.47,88.08,24.7508068
2000-02-03,25.16,87.3,24.415399
2000-02-04,25.33,84.94,24.432951099999997
2000-02-05,25.52,85.1,24.616910999999998
2000-02-06,24.86,88.96,24.2309408
2000-02-07,25.86,88.49,25.140855199999997
2000-02-08,25.11,89.55,24.50019025
2000-02-09,25.57,87.66,24.8186791
2000-02-10,25.65,87.77,24.899995249999996
2000-02-11,25.69,87.24,24.9046858
2000-02-12,25.43,87.45,24.67555675
2000-02-13,26.09,87.11,25.26832695
2000-02-14,25.87,90.41,25.27028935
2000-02-15,25.34,91.23,24.8171326
2000-02-16,25.89,88.2,25.150789
2000-02-17,26.35,86.3,25.4571025
2000-02-18,26.08,88.75,25.363487499999998
2000-02-19,25.52,89.12,24.860563199999998
2000-02-20,26.59,84.38,25.5513481
2000-02-21,26.44,85.96,25.5179932
2000-02-22,25.88,89.61,25.229689899999997
2000-02-23,26.08,87.57,25.288333299999998
2000-02-24,26.15,87.85,25.371488749999997
2000-02-25,25.22,89.9,24.624503999999998
2000-02-26,25.48,89.29,24.8332231
2000-02-27,24.94,92.92,24.533466400000002
2000-02-28,25.79,90.74,25.2150003
2000-02-29,26.61,86.82,25.732146099999998
2000-03-01,26.17,89.47,25.49413195
2000-03-02,26.3,89.08,25.591292
2000-03-03,26.29,88.5,25.544282499999998
2000-03-04,26.65,86.43,25.743184749999998
2000-03-05,26.72,84.91,25.7058011
2000-03-06,27.21,81.75,25.93423375
2000-03-07,27.27,79.86,25.8554671
2000-03-08,27.66,80.22,26.2283236
2000-03-09,27.03,85.07,26.00109905
2000-03-10,27.35,83.53,26.18598275
2000-03-11,27.13,85.82,26.1449863
2000-03-12,25.58,88.26,24.8645644
2000-03-13,26.71,84.65,25.67917075
2000-03-14,26.69,85.89,25.74399505
2000-03-15,26.63,87.48,25.794728199999998
2000-03-16,26.26,91.29,25.6966372
2000-03-17,25.93,87.68,25.1555032
2000-03-18,26.07,89.15,25.37956025
2000-03-19,26.47,87.7,25.6602295
2000-03-20,26.31,87.85,25.52079675
2000-03-21,26.4,85.68,25.462756
2000-03-22,26.66,84.12,25.5979456
2000-03-23,26.43,86.74,25.5599451
2000-03-24,26.31,86.64,25.4422012
2000-03-25,25.97,88.74,25.2596629
2000-03-26,26.16,87.25,25.3423425
2000-03-27,26.84,84.2,25.767654
2000-03-28,25.81,90.24,25.202879199999998
2000-03-29,25.81,88.35,25.08531175
2000-03-30,26.13,86.71,25.279905149999998
2000-03-31,26.68,84.83,25.6637617
2000-04-01,27.31,83.18,26.124946899999998
2000-04-02,27.25,85.37,26.224071249999998
2000-04-03,26.39,87.92,25.6000284
2000-04-04,26.94,84.47,25.8774374
2000-04-05,27.16,84.43,26.0758609
2000-04-06,26.63,85.91,25.689985649999997
2000-04-07,26.99,84.86,25.9499577
2000-04-08,26.29,87.07,25.45155415
2000-04-09,27.57,80.76,26.1869326
2000-04-10,26.64,84.92,25.6331084
2000-04-11,26.67,86.87,25.79114345
2000-04-12,27.53,83.74,26.3647271
2000-04-13,27.39,85.02,26.327992899999998
2000-04-14,27.45,86.81,26.510542249999997
2000-04-15,27.61,82.96,26.381330799999997
2000-04-16,28.53,71.45,26.326939250000002
2000-04-17,27.67,81.73,26.34661255
2000-04-18,27.51,83.89,26.357248950000002
2000-04-19,28.03,81.86,26.6801119
2000-04-20,27.73,84.64,26.6123296
2000-04-21,27.36,86.36,26.3952428
2000-04-22,27.55,83.17,26.34202675
2000-04-23,28.1,79.73,26.583804
2000-04-24,27.68,81.89,26.3672061
2000-04-25,27.3,85.22,26.259488
2000-04-26,27.77,82.09,26.46283865
2000-04-27,27.64,83.13,26.4208051
2000-04-28,27.56,84.5,26.446634999999997
2000-04-29,27.67,83.01,26.43932935
2000-04-30,27.07,87.36,26.1961336
2000-05-01,27.03,85.82,26.0527853
2000-05-02,27.25,85.69,26.246511249999998
2000-05-03,27.57,80.29,26.15314665
2000-05-04,27.4,81.15,26.062592499999997
2000-05-05,27.17,84.73,26.105910050000002
2000-05-06,28.11,75.06,26.243116299999997
2000-05-07,27.87,79.21,26.34120735
2000-05-08,27.96,80.62,26.5252986
2000-05-09,27.46,85.8,26.447824
2000-05-10,27.85,83.8,26.660515
2000-05-11,27.63,84.59,26.51716685
2000-05-12,27.18,86.08,26.2092192
2000-05-13,27.53,84.38,26.4105927
2000-05-14,28.18,84.3,26.998731999999997
2000-05-15,27.91,87.89,27.01682695
2000-05-16,27.43,86.06,26.438656899999998
2000-05-17,28,82.26,26.682805
2000-05-18,27.9,85.71,26.846826999999998
2000-05-19,27.65,86.65,26.68446125
2000-05-20,27.66,86.26,26.665498799999998
2000-05-21,28.26,84.81,27.1104208
2000-05-22,27.95,85.42,26.8714445
2000-05-23,28.05,84.19,26.87175975
2000-05-24,27.96,81.97,26.6252391
2000-05-25,27.61,83.42,26.4144991
2000-05-26,27.69,82.58,26.4262661
2000-05-27,28.54,78.62,26.8890364
2000-05-28,28.02,80.88,26.5982368
2000-05-29,28.13,80.71,26.683925149999997
2000-05-30,27.31,85.95,26.32010725
2000-05-31,27.42,81.77,26.1245762
2000-06-01,27.41,85.39,26.37261695
2000-06-02,26.52,86.09,25.6004099
2000-06-03,27.37,82.18,26.1086113
2000-06-04,27.66,85.59,26.6170042
2000-06-05,26.64,89.79,25.9582783
2000-06-06,26.65,87.7,25.8280525
2000-06-07,26.65,88.09,25.85411425
2000-06-08,26.52,83.52,25.430507199999997
2000-06-09,26.02,85.81,25.1209216
2000-06-10,27.4,83.77,26.248481499999997
2000-06-11,27.27,84.09,26.15256115
2000-06-12,27.02,84.19,25.9313234
2000-06-13,27.12,83.8,25.995558
2000-06-14,27.81,82.25,26.510611249999997
2000-06-15,26.91,85.9,25.9476045
2000-06-16,26.45,87.36,25.619235999999997
2000-06-17,26.84,87.86,26.0160582
2000-06-18,26.08,87.45,25.2806905
2000-06-19,26.74,83.5,25.629219999999997
2000-06-20,27.4,82.11,26.130704499999997
2000-06-21,26.33,87.99,25.548569349999998
2000-06-22,26.7,85.24,25.709604
2000-06-23,26.65,86.47,25.74585775
2000-06-24,26.64,87.02,25.773325399999997
2000-06-25,26.69,87.13,25.82713085
2000-06-26,26.49,86.5,25.599742499999998
2000-06-27,26.98,84.62,25.9243168
2000-06-28,26.24,86.76,25.385093199999996
2000-06-29,25.85,86.78,25.0247415
2000-06-30,27.15,82.03,25.899737249999998
2000-07-01,26.57,86.73,25.68907105
2000-07-02,26.77,87.88,25.9520818
2000-07-03,26.9,86.88,26.005215999999997
2000-07-04,26.45,88.29,25.68036025
2000-07-05,26.57,87.01,25.70765885
2000-07-06,26.9,87.82,26.069323999999998
2000-07-07,26.88,88.89,26.123520099999997
2000-07-08,26.78,87.08,25.9073832
2000-07-09,27.01,86.27,26.06530735
2000-07-10,27.08,87.01,26.181221899999997
2000-07-11,26.6,87.45,25.7647975
2000-07-12,27.28,84.36,26.1806644
2000-07-13,26.88,86.03,25.9287827
2000-07-14,27.13,84.07,26.02342255
2000-07-15,26.88,86.91,25.9887019
2000-07-16,27.03,86.13,26.07414895
2000-07-17,27.32,85.18,26.2750418
2000-07-18,27.02,86.42,26.084881199999998
2000-07-19,26.43,87.2,25.590128
2000-07-20,26.86,86.7,25.955866
2000-07-21,26.89,85.65,25.91211925
2000-07-22,26.66,85.76,25.7076288
2000-07-23,26.75,84.68,25.717814999999998
2000-07-24,26.31,85.79,25.386989449999998
2000-07-25,25.55,88.27,24.83710925
2000-07-26,25.63,87.23,24.848284449999998
2000-07-27,26.1,85.16,25.153208
2000-07-28,26.17,88.17,25.41069145
2000-07-29,26.14,88.01,25.3724002
2000-07-30,26.48,87.89,25.6820721
2000-07-31,26.93,86.35,25.996817749999998
2000-08-01,25.09,86.78,24.3200011
2000-08-02,25.69,88.08,24.9563836
2000-08-03,25.8,85.22,24.881422999999998
2000-08-04,26.19,86.64,25.3310188
2000-08-05,25.81,88.69,25.106461449999998
2000-08-06,26.48,86.21,25.5713769
2000-08-07,26.25,88.41,25.50099625
2000-08-08,26.49,86.07,25.57138615
2000-08-09,26.36,84.8,25.368503999999998
2000-08-10,26.82,80.92,25.5271392
2000-08-11,26.35,86.63,25.47861025
2000-08-12,26.26,87.55,25.454734000000002
2000-08-13,25.95,87.96,25.191781
2000-08-14,26.63,82,25.429129999999997
2000-08-15,25.73,88.96,25.0481144
2000-08-16,25.93,83.51,24.89335615
2000-08-17,26.6,82.57,25.4400335
2000-08-18,26.39,85.57,25.44635015
2000-08-19,26.58,85.5,25.616619999999998
2000-08-20,25.9,86.31,25.041636999999998
2000-08-21,26.28,86.22,25.3871938
2000-08-22,26.59,83.98,25.5247501
2000-08-23,26.5,84.76,25.49416
2000-08-24,26.49,86.61,25.606996449999997
2000-08-25,27.14,84.96,26.094419199999997
2000-08-26,27.19,84.13,26.082353349999998
2000-08-27,26.55,87.25,25.70499375
2000-08-28,26.9,81.86,25.662851999999997
2000-08-29,26.79,85.62,25.817983899999998
2000-08-30,26.86,84.52,25.807669599999997
2000-08-31,27.15,85.2,26.120289999999997
2000-09-01,27.43,84.18,26.3049607
2000-09-02,26.87,85.23,25.86512305
2000-09-03,27.23,88.06,26.3940209
2000-09-04,26.93,83.27,25.786253549999998
2000-09-05,27.02,81.73,25.7619278
2000-09-06,27.15,81.67,25.874690249999997
2000-09-07,27.23,82.85,26.029242749999998
2000-09-08,26.74,85.03,25.732219599999997
2000-09-09,26.81,84.74,25.7768217
2000-09-10,26.87,83.52,25.7487832
2000-09-11,26.83,82.16,25.6201804
2000-09-12,27.12,82.21,25.885196099999998
2000-09-13,26.51,85.79,25.57135845
2000-09-14,26.97,84.45,25.903503249999996
2000-09-15,26.88,84.72,25.839584799999997
2000-09-16,27.04,84.92,25.9999324
2000-09-17,26.53,86.72,25.651328799999998
2000-09-18,26.27,84.62,25.2743757
2000-09-19,26.2,85.03,25.2366805
2000-09-20,26.74,83.99,25.662206799999996
2000-09-21,26.99,81.38,25.7108991
2000-09-22,26.99,81.13,25.693725349999998
2000-09-23,26.41,85.15,25.43725075
2000-09-24,26.72,84.03,25.646656299999997
2000-09-25,27.14,78.51,25.6460152
2000-09-26,26.66,83.26,25.5404288
2000-09-27,26.87,83.45,25.74402075
2000-09-28,26.62,87.38,25.7787508
2000-09-29,26.34,87.14,25.5025568
2000-09-30,26.99,81.92,25.747994399999996
2000-10-01,26.36,83.63,25.2921849
2000-10-02,25.94,88.08,25.1899936
2000-10-03,27.23,79.61,25.80239415
2000-10-04,27.06,81.62,25.790309599999997
2000-10-05,26.51,80.8,25.241744
2000-10-06,26.83,80.59,25.51371085
2000-10-07,27.15,79.9,25.7515425
2000-10-08,27.55,79.4,26.071435
2000-10-09,27.1,83.29,25.941997
2000-10-10,27.02,85.03,25.9891658
2000-10-11,26.9,85.23,25.892685999999998
2000-10-12,27.07,83.49,25.92858115
2000-10-13,26.93,84.5,25.8703425
2000-10-14,26.44,87.27,25.6040209
2000-10-15,28.14,71.94,26.0349388
2000-10-16,28.12,78.85,26.5356535
2000-10-17,27.54,83.62,26.365226399999997
2000-10-18,27.04,87.36,26.1682192
2000-10-19,26.84,84.7,25.801589
2000-10-20,26.64,87.26,25.7893502
2000-10-21,26.41,88.87,25.68092935
2000-10-22,26.41,85.42,25.4549371
2000-10-23,26.35,86.44,25.466227
2000-10-24,26.99,84.05,25.894314749999996
2000-10-25,27.1,84.54,26.028622000000002
2000-10-26,26.2,88.58,25.465123
2000-10-27,26.18,89.38,25.4977712
2000-10-28,26.28,89.13,25.5757327
2000-10-29,26.72,87.54,25.8825634
2000-10-30,26.75,87.46,25.9051175
2000-10-31,27.2,84,26.0824
2000-11-01,27.34,84.3,26.231265999999998
2000-11-02,26.81,87.13,25.93863665
2000-11-03,26.9,84.68,25.855175999999997
2000-11-04,27.06,83.95,25.951265999999997
2000-11-05,27.28,78.68,25.7814172
2000-11-06,27.04,83.13,25.876476099999998
2000-11-07,26.62,87.52,25.7880832
2000-11-08,27.06,85.34,26.0472872
2000-11-09,26.37,90.44,25.7458754
2000-11-10,26.25,89.8,25.590825
2000-11-11,26.3,89.6,25.62504
2000-11-12,26.32,89.3,25.624392999999998
2000-11-13,26.78,88.85,26.026929
2000-11-14,27.07,88.18,26.2528243
2000-11-15,26.47,90.12,25.8195502
2000-11-16,26.32,89.77,25.654947699999997
2000-11-17,27.11,85.18,26.0821589
2000-11-18,27.45,84.59,26.35242275
2000-11-19,27.39,86.22,26.4130669
2000-11-20,26.87,89.38,26.1474683
2000-11-21,26.67,87.8,25.853393
2000-11-22,26.56,84.34,25.5212722
2000-11-23,26.65,85.26,25.664999499999997
2000-11-24,26.85,88.78,26.0878815
2000-11-25,27.39,82.32,26.1365764
2000-11-26,27.86,81.36,26.490332799999997
2000-11-27,26.46,90,25.8022
2000-11-28,26.21,91.14,25.6393717
2000-11-29,26.06,88.37,25.320564599999997
2000-11-30,26.43,88.81,25.69576815
2000-12-01,26.45,88.2,25.674445
2000-12-02,26.27,86.42,25.390898699999997
2000-12-03,26.73,85.2,25.734478
2000-12-04,26.85,86.67,25.94455975
2000-12-05,26.81,87.29,25.94946945
2000-12-06,26.46,88.68,25.7153704
2000-12-07,26.68,87.89,25.868751099999997
2000-12-08,26.66,86.72,25.771833599999997
2000-12-09,27.24,84.11,26.126587699999998
2000-12-10,27.08,86.55,26.149394499999996
2000-12-11,26.44,88.25,25.6683775
2000-12-12,26.69,88.6,25.925687
2000-12-13,27.18,83.77,26.0481198
2000-12-14,26.3,92.41,25.807409
2000-12-15,25.81,90.4,25.212832
2000-12-16,26.26,89.93,25.6086724
2000-12-17,26.21,90.15,25.57561075
2000-12-18,26,90.46,25.396594999999998
2000-12-19,26.59,88.45,25.82198275
2000-12-20,25.84,89.86,25.207568199999997
2000-12-21,26.38,89.09,25.6671406
2000-12-22,25.77,91.9,25.2679215
2000-12-23,25.55,93.09,25.13004475
2000-12-24,25.74,90.18,25.1329276
2000-12-25,26.06,87.98,25.295768399999996
2000-12-26,26.27,87.57,25.465343949999998
2000-12-27,26.33,88.26,25.566136899999997
2000-12-28,27.2,83.03,26.0146455
2000-12-29,26.89,85.82,25.9237039
2000-12-30,26.74,85.97,25.795500399999998
2000-12-31,26.11,88.68,25.3871614
2001-01-01,25.25,90.59,24.69363375
2001-01-02,25.62,87.74,24.8701784
2001-01-03,25.67,86.7,24.8529145
2001-01-04,25.07,88.22,24.3851697
2001-01-05,26.2,84.55,25.205792499999998
2001-01-06,26.15,88.46,25.4105745
2001-01-07,26.18,86.85,25.335244
2001-01-08,26.21,86.89,25.36565045
2001-01-09,25.61,88.36,24.8987378
2001-01-10,25.33,85.85,24.487155249999997
2001-01-11,25.89,85.74,24.9966823
2001-01-12,26.19,83.81,25.149063950000002
2001-01-13,27.03,81.92,25.7840168
2001-01-14,25.79,90.61,25.206927949999997
2001-01-15,25.36,90.61,24.7991353
2001-01-16,25.16,92.51,24.7208613
2001-01-17,25.28,93.63,24.9023227
2001-01-18,25.65,92.73,25.204167249999998
2001-01-19,25.36,92.02,24.883354599999997
2001-01-20,25.8,91.79,25.2897485
2001-01-21,26.28,89.08,25.5724932
2001-01-22,25.81,91.1,25.256375499999997
2001-01-23,26.09,88.58,25.3620321
2001-01-24,26.13,89.61,25.46540365
2001-01-25,26.45,87.97,25.659328249999998
2001-01-26,26.48,88.82,25.7433498
2001-01-27,26.37,88.95,25.64860075
2001-01-28,25.9,90.06,25.276761999999998
2001-01-29,25.78,90.37,25.182554800000002
2001-01-30,25.36,91.13,24.8301949
2001-01-31,24.86,90.9,24.341482
2001-02-01,25.14,88.87,24.4886724
2001-02-02,25.87,89.34,25.2033769
2001-02-03,25.39,90.39,24.81440905
2001-02-04,25.63,89.54,24.989691099999998
2001-02-05,25.58,90.84,25.021789599999998
2001-02-06,25.64,91.38,25.1118526
2001-02-07,25.64,89.5,24.996665
2001-02-08,24.42,89.76,23.8613056
2001-02-09,24.81,91.47,24.32630635
2001-02-10,25.2,90.95,24.6674075
2001-02-11,25.7,89.14,25.031024
2001-02-12,25.88,89.5,25.222804999999997
2001-02-13,25.86,90.02,25.236449599999997
2001-02-14,25.53,90.53,24.95550245
2001-02-15,25.76,88.86,25.0700998
2001-02-16,25.49,87.5,24.7344375
2001-02-17,25.31,85.8,24.465739
2001-02-18,25.86,85.66,24.9640368
2001-02-19,26.29,86.94,25.443124299999997
2001-02-20,26.06,85.46,25.135546799999997
2001-02-21,25.47,85.74,24.609622899999998
2001-02-22,26.22,83.84,25.1783264
2001-02-23,26.57,80.72,25.290097199999998
2001-02-24,26.27,85.1,25.305448499999997
2001-02-25,24.37,87.12,23.6708092
2001-02-26,26.32,84.86,25.3357486
2001-02-27,25.96,84.71,24.9962713
2001-02-28,25.7,83.97,24.712552
2001-03-01,25.95,82.78,24.865570499999997
2001-03-02,26.73,84.17,25.66519505
2001-03-03,26.28,88.06,25.5064074
2001-03-04,26.31,84.23,25.28565965
2001-03-05,26.12,88.44,25.3812004
2001-03-06,26.15,89.12,25.452863999999998
2001-03-07,26.55,87.62,25.7295155
2001-03-08,26.46,87.17,25.6160426
2001-03-09,26.78,83.92,25.6939568
2001-03-10,26.61,83.29,25.49703045
2001-03-11,26.78,83.59,25.6716686
2001-03-12,26.19,85.39,25.25065005
2001-03-13,27.08,82.73,25.885088699999997
2001-03-14,27.2,83.81,26.069128499999998
2001-03-15,26.79,86.26,25.8612447
2001-03-16,27.15,85.54,26.143945499999997
2001-03-17,27.41,83.76,26.2568788
2001-03-18,26.93,86.26,25.9906649
2001-03-19,27.28,84.04,26.1581716
2001-03-20,27.19,83.61,26.04605995
2001-03-21,26.82,78.01,25.3299576
2001-03-22,27.39,81.47,26.076315649999998
2001-03-23,26.86,83.81,25.759403799999998
2001-03-24,26.67,84.73,25.64790255
2001-03-25,26.73,87,25.855555
2001-03-26,26.67,85.13,25.67467655
2001-03-27,27.08,82.8,25.889931999999998
2001-03-28,26.82,85.11,25.8110536
2001-03-29,27.25,80.29,25.86783625
2001-03-30,27.28,86.14,26.3057806
2001-03-31,26.99,86.25,26.045443749999997
2001-04-01,27.18,85.18,26.1464532
2001-04-02,27.67,83.52,26.4762712
2001-04-03,27.69,84.24,26.5466908
2001-04-04,26.99,87.61,26.13886895
2001-04-05,27.08,85.31,26.0635989
2001-04-06,27.84,82.44,26.551622799999997
2001-04-07,27.14,84.83,26.085381599999998
2001-04-08,27.89,82.05,26.56807225
2001-04-09,28.19,80.55,26.72551225
2001-04-10,28.01,81.63,26.64501715
2001-04-11,27.39,82,26.113889999999998
2001-04-12,26.76,87.22,25.8982446
2001-04-13,26.57,86.76,25.6910626
2001-04-14,27.21,83.29,26.04188745
2001-04-15,27.62,82.05,26.324728
2001-04-16,27.83,81.67,26.48613605
2001-04-17,27.73,82.47,26.45442955
2001-04-18,28.67,78.06,26.9601061
2001-04-19,27.2,86.75,26.2744875
2001-04-20,27.04,89.89,26.3427133
2001-04-21,26.74,89.93,26.062087599999998
2001-04-22,27.88,86.03,26.851947699999997
2001-04-23,27.63,86.7,26.6695405
2001-04-24,27.18,87.21,26.2880254
2001-04-25,27.28,87.5,26.401375
2001-04-26,28.2,84.99,27.068996499999997
2001-04-27,27.13,89.39,26.392976349999998
2001-04-28,27.66,84.98,26.5728524
2001-04-29,27.14,88.41,26.3342632
2001-04-30,27.4,86.19,26.420180499999997
2001-05-01,27.75,84.28,26.604405
2001-05-02,27.81,83.99,26.637987949999996
2001-05-03,27.7,86.05,26.68723
2001-05-04,27.96,84.61,26.8206783
2001-05-05,28.04,83.99,26.847735299999997
2001-05-06,28.31,84.03,27.09699865
2001-05-07,27.74,85.9,26.713237999999997
2001-05-08,27.88,84,26.70256
2001-05-09,27.98,83.84,26.7818976
2001-05-10,27.42,85.09,26.3604954
2001-05-11,29.17,73.1,26.9995735
2001-05-12,28.03,83.14,26.7753631
2001-05-13,27.84,81.85,26.508334499999997
2001-05-14,27.86,86.21,26.846710799999997
2001-05-15,28.01,87.6,27.088618
2001-05-16,27.91,87.61,26.99617555
2001-05-17,27.56,88.09,26.704504699999998
2001-05-18,27.14,88.24,26.3224448
2001-05-19,27.42,86.2,26.439372
2001-05-20,27.78,83.9,26.604056
2001-05-21,28.03,84.48,26.875079200000002
2001-05-22,27.96,84.99,26.8488097
2001-05-23,28.31,82.97,27.016486349999997
2001-05-24,28.04,84.48,26.884225599999997
2001-05-25,27.97,85.38,26.8868773
2001-05-26,27.92,85.71,26.8652551
2001-05-27,27.09,87,26.189815
2001-05-28,27,85.87,26.0285625
2001-05-29,27.82,80.2,26.369452
2001-05-30,27.15,85.5,26.141162499999997
2001-05-31,27.77,84.27,26.621945949999997
2001-06-01,27.83,82.68,26.5601842
2001-06-02,28.36,79.01,26.7599323
2001-06-03,27.67,83.85,26.50017475
2001-06-04,27.44,82.94,26.2258398
2001-06-05,27.03,85.66,26.0417589
2001-06-06,26.56,86.92,25.6924036
2001-06-07,26.47,88.46,25.710264099999996
2001-06-08,26.93,77.85,25.415715249999998
2001-06-09,28.4,73.67,26.387071499999998
2001-06-10,27.89,81.97,26.56218065
2001-06-11,27.73,81.64,26.394034599999998
2001-06-12,27.6,81.74,26.284367
2001-06-13,28.37,78.48,26.7283468
2001-06-14,27.21,84.51,26.12717155
2001-06-15,26.47,83.35,25.373847249999997
2001-06-16,26.47,85.97,25.54633495
2001-06-17,26.83,84.6,25.785648999999996
2001-06-18,26.9,82.08,25.677856
2001-06-19,26.76,84.98,25.7472014
2001-06-20,26.65,83.97,25.57879525
2001-06-21,26.99,85.19,25.972627049999996
2001-06-22,26.66,89.07,25.9290016
2001-06-23,27.05,88.12,26.229983
2001-06-24,26.94,88.34,26.1422228
2001-06-25,26.87,86.94,25.9814629
2001-06-26,26.02,86.21,25.1462656
2001-06-27,26.57,86.48,25.6724748
2001-06-28,26.75,87.26,25.8916425
2001-06-29,26.15,81.09,24.93834175
2001-06-30,26.91,85.09,25.89231795
2001-07-01,27.19,83.92,26.0676964
2001-07-02,27.09,85.45,26.082485249999998
2001-07-03,27.23,80.83,25.88781245
2001-07-04,27.09,83.07,25.917682149999997
2001-07-05,27.03,81.64,25.7647206
2001-07-06,27.01,80.29,25.65385345
2001-07-07,26.6,79.58,25.241049
2001-07-08,27.34,80.12,25.9360744
2001-07-09,27.74,81.58,26.398655599999998
2001-07-10,27.93,82.4,26.629976
2001-07-11,27.33,84.32,26.2235408
2001-07-12,27.33,83.38,26.157209699999996
2001-07-13,27.25,84.81,26.18480125
2001-07-14,27.55,84.18,26.4145195
2001-07-15,27.48,85.67,26.4569813
2001-07-16,26.77,87.9,25.9534315
2001-07-17,26.82,84.74,25.785982399999998
2001-07-18,27.24,80.03,25.840702099999998
2001-07-19,27.4,82.85,26.183207499999998
2001-07-20,27.07,85.25,26.05025875
2001-07-21,26.66,85.26,25.6741888
2001-07-22,26.96,84.85,25.9217705
2001-07-23,27.1,83.91,25.984963
2001-07-24,27.31,82.86,26.102401299999997
2001-07-25,26.56,87.29,25.716945699999997
2001-07-26,26.21,86.76,25.3572778
2001-07-27,27.12,84.67,26.0559447
2001-07-28,26.66,88.14,25.8668032
2001-07-29,26.99,88.32,26.187642399999998
2001-07-30,26.81,88.64,26.040871199999998
2001-07-31,26.54,88.61,25.7857542
2001-08-01,26.58,83.11,25.457828399999997
2001-08-02,26.33,82.85,25.214135249999998
2001-08-03,26.96,77.64,25.4276692
2001-08-04,26.7,86,25.7606
2001-08-05,26.81,88.59,26.037485949999997
2001-08-06,26.74,87.55,25.901866
2001-08-07,27.17,85.19,26.13796515
2001-08-08,26.92,86.38,25.9896178
2001-08-09,26.64,86.56,25.7426112
2001-08-10,26.63,86.59,25.735351849999997
2001-08-11,26.92,86.37,25.9889347
2001-08-12,27.26,83.46,26.0992228
2001-08-13,27.53,81.84,26.2285636
2001-08-14,27.55,84.59,26.44394725
2001-08-15,27.52,85.2,26.460172
2001-08-16,27.19,86.82,26.2701019
2001-08-17,26.54,89.93,25.8731646
2001-08-18,26.88,87.06,25.998915399999998
2001-08-19,27.09,87.73,26.240363849999998
2001-08-20,26.06,90.55,25.459169
2001-08-21,26.14,87.86,25.3627972
2001-08-22,26.98,86.07,26.0238448
2001-08-23,27.21,84.89,26.15373545
2001-08-24,27.1,85.37,26.086141
2001-08-25,27.28,84.83,26.2137007
2001-08-26,27.26,85.42,26.2367756
2001-08-27,25.79,88.74,25.090810299999998
2001-08-28,26.87,84.94,25.8453929
2001-08-29,27.16,87.54,26.2924102
2001-08-30,26.28,89,25.56731
2001-08-31,27.41,81.77,26.11557885
2001-09-01,27.28,85.63,26.2699327
2001-09-02,27.62,80.36,26.2027776
2001-09-03,27.22,85.67,26.217473199999997
2001-09-04,26.99,84.74,25.941714299999997
2001-09-05,26.61,88.59,25.85003695
2001-09-06,26.49,89.84,25.819998799999997
2001-09-07,26,89.98,25.366235
2001-09-08,26.45,86.49,25.562055249999997
2001-09-09,27.29,82.32,26.046300399999996
2001-09-10,27.37,82.79,26.15179015
2001-09-11,26.64,85.33,25.6604841
2001-09-12,26.83,83.6,25.717833999999996
2001-09-13,26.57,85.81,25.62799685
2001-09-14,26.76,87.47,25.915102100000002
2001-09-15,27.04,83.66,25.913030199999998
2001-09-16,26.95,84.55,25.892061249999998
2001-09-17,26.02,88.76,25.3078336
2001-09-18,26.45,83.67,25.376710749999997
2001-09-19,26.45,84.37,25.42271825
2001-09-20,26.76,83.54,25.6501022
2001-09-21,26.56,85.44,25.594235199999996
2001-09-22,26.69,84.93,25.67963185
2001-09-23,26.93,84.33,25.85872045
2001-09-24,26.82,84.88,25.7954688
2001-09-25,26.86,85.87,25.8994426
2001-09-26,26.37,88.57,25.62379245
2001-09-27,26.76,84.14,25.6905602
2001-09-28,27,85.97,26.0354375
2001-09-29,26.35,84.58,25.3450015
2001-09-30,27.49,80.24,26.0782468
2001-10-01,26.53,87.34,25.6923511
2001-10-02,26.71,85.36,25.7268508
2001-10-03,26.71,84.61,25.67648455
2001-10-04,26.75,86.54,25.8431325
2001-10-05,26.71,82.53,25.53680215
2001-10-06,26.98,84.15,25.892056
2001-10-07,26.13,85.87,25.22617455
2001-10-08,26.78,82.27,25.5825158
2001-10-09,27.23,81.46,25.9319219
2001-10-10,27.63,82.04,26.3330186
2001-10-11,27.73,80.99,26.346737349999998
2001-10-12,27.14,86,26.166719999999998
2001-10-13,27.41,84.02,26.275340099999998
2001-10-14,27.94,82.05,26.613136
2001-10-15,28.02,83.2,26.770751999999998
2001-10-16,26.06,87.35,25.255712999999997
2001-10-17,27.08,85.25,26.059447499999997
2001-10-18,26.33,89.37,25.63835905
2001-10-19,26.85,81.93,25.62259525
2001-10-20,27.68,79.55,26.1975795
2001-10-21,27.15,84.08,26.042365999999998
2001-10-22,27.05,81.96,25.804789
2001-10-23,27.79,81.6,26.445051999999997
2001-10-24,27.44,83.9,26.294163
2001-10-25,26.2,89.66,25.534620999999998
2001-10-26,27.89,81.52,26.5290404
2001-10-27,27.34,86.15,26.361912999999998
2001-10-28,26.99,86.94,26.0928433
2001-10-29,26.99,86.83,26.085286849999996
2001-10-30,26.63,84.27,25.580573049999998
2001-10-31,27.07,82.64,25.869816399999998
2001-11-01,27.47,79.08,25.977671799999996
2001-11-02,26.71,82.97,25.56635035
2001-11-03,26.71,84.29,25.654994950000003
2001-11-04,27.51,84.27,26.38443985
2001-11-05,26.17,90.25,25.54419625
2001-11-06,26.59,86.7,25.705616499999998
2001-11-07,27.12,84.88,26.0705208
2001-11-08,26.87,86.37,25.942682950000002
2001-11-09,26.67,86.57,25.77106295
2001-11-10,27.19,83.83,26.06141485
2001-11-11,27.5,84.48,26.39032
2001-11-12,27.23,86.49,26.28409735
2001-11-13,27.73,82.31,26.44278715
2001-11-14,26.74,85.96,25.794827199999997
2001-11-15,25.87,91.43,25.33407505
2001-11-16,26.09,90.7,25.4971715
2001-11-17,26.02,93.4,25.601824
2001-11-18,25.77,91.87,25.266061949999997
2001-11-19,25.73,92.59,25.27232135
2001-11-20,25.83,91.74,25.315278099999997
2001-11-21,26.32,89.7,25.650396999999998
2001-11-22,26.37,87.89,25.57939865
2001-11-23,26.4,87.45,25.5786025
2001-11-24,25.72,88.08,24.984416799999998
2001-11-25,25.73,87.07,24.931378549999998
2001-11-26,25.38,88.11,24.668502399999998
2001-11-27,25.77,86.55,24.93630175
2001-11-28,26.14,87.64,25.348712799999998
2001-11-29,26.11,88.56,25.379498799999997
2001-11-30,26.2,84.62,25.210296999999997
2001-12-01,27.2,81.83,25.930825499999997
2001-12-02,25.12,89.04,24.4798264
2001-12-03,26.03,84.95,25.07560425
2001-12-04,26.74,83.53,25.631239599999997
2001-12-05,26.67,86.83,25.78846605
2001-12-06,26.29,88.32,25.5326104
2001-12-07,26.04,89.26,25.3583322
2001-12-08,26.65,87.05,25.78461625
2001-12-09,26.95,85.17,25.93451575
2001-12-10,26.4,86.64,25.525588
2001-12-11,26.2,88.55,25.463192499999998
2001-12-12,26.4,86.77,25.534096499999997
2001-12-13,26.56,86.65,25.674494499999998
2001-12-14,26.62,88.3,25.840078
2001-12-15,26.55,89.1,25.827602499999998
2001-12-16,26.48,82.65,25.3368085
2001-12-17,26.74,86.54,25.833872799999998
2001-12-18,26.37,90.27,25.73477695
2001-12-19,25.73,91.1,25.1802915
2001-12-20,25.95,89.3,25.2761675
2001-12-21,25.78,91.87,25.2756148
2001-12-22,25.02,92.42,24.581421199999998
2001-12-23,25.38,92.52,24.9323968
2001-12-24,25.24,93.29,24.843640299999997
2001-12-25,25.29,92.05,24.818207249999997
2001-12-26,25.62,91.01,25.070171600000002
2001-12-27,25.73,94.11,25.36620415
2001-12-28,25.45,93.22,25.0416745
2001-12-29,25.31,91.47,24.802848849999997
2001-12-30,25.04,88.99,24.4017503
2001-12-31,25.07,88.41,24.39621535
2002-01-01,24.97,86.58,24.197209299999997
2002-01-02,25.29,85.47,24.42771715
2002-01-03,25.15,84.49,24.241501749999998
2002-01-04,25.65,86.17,24.80187525
2002-01-05,26.11,87.85,25.33416175
2002-01-06,26,88,25.241
2002-01-07,25.9,87.01,25.085527
2002-01-08,25.68,88.39,24.9661011
2002-01-09,25.64,89.33,24.9862491
2002-01-10,25.52,88.53,24.8248033
2002-01-11,25.86,88.24,25.1252352
2002-01-12,25.91,88.16,25.1669808
2002-01-13,25.43,89.55,24.801798249999997
2002-01-14,25.4,87.86,24.672206999999997
2002-01-15,25.55,86.64,24.738046
2002-01-16,25.91,87.13,25.10234315
2002-01-17,26.02,87.59,25.2337024
2002-01-18,26.03,88.04,25.2715566
2002-01-19,26.41,87.47,25.58922235
2002-01-20,25.87,89.12,25.1896192
2002-01-21,26.16,87.89,25.383385699999998
2002-01-22,25.63,90.47,25.04662105
2002-01-23,25.58,89.65,24.949270999999996
2002-01-24,25.48,91.86,24.9884254
2002-01-25,25.56,91.68,25.053894399999997
2002-01-26,25.66,88.39,24.9473782
2002-01-27,25.73,87.16,24.936937399999998
2002-01-28,25.52,87.8,24.780558
2002-01-29,25.52,86.56,24.7054016
2002-01-30,25.4,86.48,24.589475999999998
2002-01-31,25.03,85.73,24.203552950000002
2002-02-01,24.89,87.04,24.1494008
2002-02-02,25.24,85.87,24.4053409
2002-02-03,25.17,86.05,24.35134425
2002-02-04,25.38,86.5,24.572159999999997
2002-02-05,25.6,84.64,24.662272
2002-02-06,24.64,85.07,23.8073539
2002-02-07,25.37,83.99,24.41284215
2002-02-08,25.21,84.28,24.2840134
2002-02-09,25.54,82.53,24.4792216
2002-02-10,25.45,85.34,24.5671015
2002-02-11,25.84,86.12,24.974304399999998
2002-02-12,25.62,86.85,24.815746
2002-02-13,25.43,87.69,24.68998435
2002-02-14,25.31,86.17,24.48773735
2002-02-15,25.6,85.54,24.717217
2002-02-16,25.5,85.17,24.602785
2002-02-17,25.77,85.44,24.8674984
2002-02-18,25.9,85.92,25.017183999999997
2002-02-19,25.95,86.55,25.102986249999997
2002-02-20,25.43,87.81,24.69719815
2002-02-21,25.29,89.57,24.671031649999996
2002-02-22,25.3,90.25,24.72085
2002-02-23,25.32,90.53,24.7564403
2002-02-24,25.75,88.81,25.05761875
2002-02-25,26.14,87.18,25.3192636
2002-02-26,26,89.96,25.36497
2002-02-27,26.4,88.78,25.665650999999997
2002-02-28,26.26,88.28,25.501950400000002
2002-03-01,26.39,86.83,25.52874785
2002-03-02,26.45,86.59,25.568627749999997
2002-03-03,26.05,84.56,25.069174
2002-03-04,25.68,81.85,24.5639565
2002-03-05,26.48,83.31,25.3802959
2002-03-06,26.16,84.17,25.1448221
2002-03-07,25.84,82.8,24.767236
2002-03-08,26.03,82.06,24.8923349
2002-03-09,26.32,81.77,25.134867699999997
2002-03-10,26.46,82.41,25.3029298
2002-03-11,26.49,82.65,25.34585425
2002-03-12,26.59,82.32,25.414368399999997
2002-03-13,27.04,82.57,25.837852899999998
2002-03-14,27.01,84.34,25.9325137
2002-03-15,26.91,86.2,25.968080999999998
2002-03-16,27.34,83.69,26.188187799999998
2002-03-17,27.17,81.23,25.862012550000003
2002-03-18,26.77,84.56,25.728031599999998
2002-03-19,26.72,87.22,25.861056199999997
2002-03-20,26.5,88.75,25.7575
2002-03-21,26.6,87.7,25.781435000000002
2002-03-22,26.86,87.31,25.9973338
2002-03-23,27.47,84.57,26.369300949999996
2002-03-24,27.88,83.95,26.698880499999998
2002-03-25,27.62,83.89,26.4575024
2002-03-26,27.07,81.94,25.8214219
2002-03-27,27.24,81.48,25.9423036
2002-03-28,27.75,81.76,26.42076
2002-03-29,27.8,83.32,26.579857999999998
2002-03-30,27.47,83.26,26.275852099999998
2002-03-31,26.59,89.77,25.90975615
2002-04-01,26.73,80.78,25.4371667
2002-04-02,27.08,79.77,25.6802863
2002-04-03,27.63,78.54,26.0802661
2002-04-04,28.01,79.3,26.4718865
2002-04-05,27.54,84.12,26.4010864
2002-04-06,27.58,82.1,26.292274
2002-04-07,27.21,84.12,26.0999086
2002-04-08,26.59,86.42,25.686997899999998
2002-04-09,26.77,84.6,25.730731
2002-04-10,27.64,78.34,26.0746318
2002-04-11,28.26,78.56,26.6374208
2002-04-12,27.22,82.84,26.019486399999998
2002-04-13,27.87,82.36,26.5728426
2002-04-14,26.53,84.81,25.52495365
2002-04-15,27.75,78.98,26.2181675
2002-04-16,27.06,84.82,26.011365599999998
2002-04-17,28.14,78.97,26.5623294
2002-04-18,27.92,81.6,26.561896
2002-04-19,28.02,80.97,26.604929199999997
2002-04-20,27.87,83.92,26.6875572
2002-04-21,27.94,82.86,26.6730112
2002-04-22,27.52,84.66,26.421502599999997
2002-04-23,28.11,81.76,26.7446448
2002-04-24,27.88,82.78,26.6127802
2002-04-25,28.14,82.09,26.7963918
2002-04-26,27.86,83.75,26.66595
2002-04-27,27.92,82.33,26.6157773
2002-04-28,28.24,82.76,26.937173199999997
2002-04-29,27.75,85.29,26.67800875
2002-04-30,27.75,85.04,26.65979
2002-05-01,26.96,89.41,26.2342673
2002-05-02,27.79,85.41,26.72354395
2002-05-03,28.13,84.25,26.949301249999998
2002-05-04,28,87,27.03475
2002-05-05,27.42,87.7,26.545962
2002-05-06,27.8,84.29,26.6508135
2002-05-07,28.07,83.52,26.8400152
2002-05-08,27.62,87.72,26.7338752
2002-05-09,27.52,86.92,26.5833412
2002-05-10,28.2,79.59,26.6621065
2002-05-11,28.46,80.69,26.9773782
2002-05-12,28.32,81.96,26.948779599999998
2002-05-13,28.21,83.08,26.9341474
2002-05-14,28.45,82.32,27.093501999999997
2002-05-15,28.51,81.44,27.0798592
2002-05-16,28.24,83.38,26.984026599999996
2002-05-17,28.25,84.29,27.06193125
2002-05-18,28.33,83.28,27.058193199999998
2002-05-19,28.43,80.41,26.929112149999998
2002-05-20,28.19,80.83,26.74659485
2002-05-21,27.89,82.82,26.6247789
2002-05-22,27.77,86.79,26.80586815
2002-05-23,27.86,82.23,26.554260399999997
2002-05-24,28.09,82.45,26.77822525
2002-05-25,27.94,84.53,26.7964576
2002-05-26,27.16,85.68,26.1628984
2002-05-27,26.72,82.67,25.5552507
2002-05-28,27.12,83.27,25.9587707
2002-05-29,27.42,86.09,26.4315554
2002-05-30,27.6,85.97,26.5891385
2002-05-31,27.54,85.76,26.518707199999998
2002-06-01,27.66,86.09,26.653194199999998
2002-06-02,27.69,85.37,26.62866665
2002-06-03,27.68,81.79,26.3599571
2002-06-04,27.42,83.81,26.2695386
2002-06-05,27.8,84.93,26.6976295
2002-06-06,27.83,83.1,26.590976499999996
2002-06-07,27.76,82.6,26.491018
2002-06-08,27.55,86.65,26.59180375
2002-06-09,27.58,87.51,26.681469399999997
2002-06-10,27.34,87.62,26.4657244
2002-06-11,26.59,87.86,25.782750699999998
2002-06-12,27.26,81.4,25.954652
2002-06-13,26.76,85.03,25.7505729
2002-06-14,27.16,81.42,25.8662746
2002-06-15,26.67,83.37,25.55687095
2002-06-16,27.21,85.67,26.20826135
2002-06-17,26.69,85.36,25.7084612
2002-06-18,27.27,85.2,26.230521999999997
2002-06-19,27.32,84.25,26.2094675
2002-06-20,27.38,83.91,26.240184399999997
2002-06-21,27.4,85.52,26.372643999999998
2002-06-22,27.24,86.05,26.262523499999997
2002-06-23,27.67,83.82,26.4980017
2002-06-24,27.39,85.52,26.363440399999998
2002-06-25,27.41,86.6,26.458533
2002-06-26,27.74,87.43,26.824652599999997
2002-06-27,27.72,87.66,26.822758599999997
2002-06-28,27.9,82.24,26.591088
2002-06-29,27.4,86.37,26.432951499999998
2002-06-30,27.57,83.82,26.406900699999998
2002-07-01,26.47,87.71,25.660887849999998
2002-07-02,26.92,87.11,26.0394841
2002-07-03,26.71,90.05,26.04180775
2002-07-04,27.33,85.18,26.284226699999998
2002-07-05,27.62,83.99,26.4647184
2002-07-06,27.73,85.14,26.6487121
2002-07-07,28.15,83.42,26.905256499999997
2002-07-08,27.87,85.32,26.7905062
2002-07-09,28.21,84.65,27.05253325
2002-07-10,27.78,86.52,26.7954208
2002-07-11,27.46,88.19,26.6181832
2002-07-12,26.79,87.44,25.941006799999997
2002-07-13,27.53,85.67,26.50304055
2002-07-14,27.13,85.5,26.1227575
2002-07-15,27.2,86.38,26.248642999999998
2002-07-16,27.12,87.02,26.2190582
2002-07-17,27.03,87.06,26.1382399
2002-07-18,26.74,85.89,25.790114799999998
2002-07-19,27.33,82.98,26.1289837
2002-07-20,27.32,84.46,26.224274599999998
2002-07-21,27.09,85.1,26.0582495
2002-07-22,26.84,84.92,25.816520399999998
2002-07-23,26.01,86.17,25.13449185
2002-07-24,26.8,85.93,25.8481645
2002-07-25,26.5,88.71,25.754859999999997
2002-07-26,27.04,85.64,26.049590799999997
2002-07-27,27,88.03,26.177062499999998
2002-07-28,27.15,87.33,26.26848475
2002-07-29,26.63,79.61,25.269681149999997
2002-07-30,26.68,84.11,25.615528899999997
2002-07-31,27.07,86.14,26.1117889
2002-08-01,27.04,86.79,26.1289063
2002-08-02,26.92,85.36,25.9199416
2002-08-03,26.84,85.26,25.8395962
2002-08-04,26.9,85.59,25.917237999999998
2002-08-05,27.01,84.32,25.9311376
2002-08-06,27.01,83.38,25.8664609
2002-08-07,27.42,81.17,26.081940200000002
2002-08-08,26.88,81.51,25.6210159
2002-08-09,26.58,81,25.317639999999997
2002-08-10,26.62,83.97,25.5514402
2002-08-11,27,84.94,25.964624999999998
2002-08-12,27.03,84.52,25.9631958
2002-08-13,26.93,83,25.767795
2002-08-14,27.33,83.89,26.193197849999997
2002-08-15,26.9,78.37,25.424833999999997
2002-08-16,27.1,78.97,25.642621000000002
2002-08-17,27.2,80.02,25.804396999999998
2002-08-18,26.69,83.79,25.60320055
2002-08-19,27.04,83.7,25.915788999999997
2002-08-20,26.85,81.82,25.6151235
2002-08-21,27.23,83.88,26.1013582
2002-08-22,27.11,85,26.069675
2002-08-23,27.43,84.03,26.294293449999998
2002-08-24,26.88,86.29,25.946486099999998
2002-08-25,27.24,85.22,26.204365399999997
2002-08-26,27.05,83.55,25.91453875
2002-08-27,26.98,83.28,25.8323392
2002-08-28,26.81,85.72,25.8431726
2002-08-29,26.76,85.15,25.758664500000002
2002-08-30,27.06,84.85,26.013437999999997
2002-08-31,27.04,83.9,25.929582999999997
2002-09-01,27.27,85,26.216475
2002-09-02,26.9,86.06,25.949291999999996
2002-09-03,26.91,84.47,25.84999985
2002-09-04,26.9,83.5,25.7747
2002-09-05,26.87,83.01,25.71408535
2002-09-06,27.13,85.13,26.09705545
2002-09-07,27.11,85.24,26.0863202
2002-09-08,26.46,85.29,25.4923762
2002-09-09,26.81,83.86,25.717241299999998
2002-09-10,25.77,86.51,24.93382235
2002-09-11,25.58,85.27,24.682353799999998
2002-09-12,26.83,83.47,25.709018049999997
2002-09-13,27.19,82.11,25.94136745
2002-09-14,27.25,82.19,26.00107375
2002-09-15,27.04,85.28,26.024761599999998
2002-09-16,27.21,82.57,25.99155585
2002-09-17,27.23,78.86,25.7498829
2002-09-18,27.03,80.03,25.65376745
2002-09-19,27.13,81.42,25.8393403
2002-09-20,27.03,84.79,25.98180285
2002-09-21,26.72,86.23,25.7945183
2002-09-22,26.97,84.8,25.927508
2002-09-23,26.58,85.93,25.645189199999997
2002-09-24,26.31,89.31,25.615631049999998
2002-09-25,26.54,88.94,25.8076068
2002-09-26,26.78,87.08,25.9073832
2002-09-27,26.35,86.54,25.4727445
2002-09-28,26.81,82.97,25.65698385
2002-09-29,26.24,82.89,25.135207299999998
2002-09-30,26.84,80.86,25.5409682
2002-10-01,27.19,79.85,25.78363075
2002-10-02,27.45,79.46,25.987038499999997
2002-10-03,27.46,82.75,26.23042
2002-10-04,27.29,82.68,26.0716246
2002-10-05,27.26,85.78,26.2620404
2002-10-06,27.16,83.36,26.0013568
2002-10-07,26.77,84.41,25.71790885
2002-10-08,27.2,81.94,25.938509
2002-10-09,27.47,78.98,25.970538299999998
2002-10-10,27.29,83.28,26.113831599999997
2002-10-11,27.36,82.98,26.1561754
2002-10-12,27.25,80.18,25.8601225
2002-10-13,27.68,79.67,26.206278299999997
2002-10-14,27.26,79,25.78622
2002-10-15,27.24,82.33,26.001863099999998
2002-10-16,26.97,85.89,26.00226565
2002-10-17,26.71,86.25,25.78661875
2002-10-18,26.91,83.23,25.765363649999998
2002-10-19,27.79,77.95,26.17825525
2002-10-20,27.21,82.71,26.00134255
2002-10-21,26.59,84.54,25.5619873
2002-10-22,28.43,69.64,26.103968599999998
2002-10-23,28.45,71.84,26.289423999999997
2002-10-24,27.48,82.21,26.2099719
2002-10-25,27.8,79.37,26.2909155
2002-10-26,27.87,80.06,26.4037121
2002-10-27,27.37,81.41,26.05410685
2002-10-28,27.42,78.02,25.8581012
2002-10-29,27.96,77.23,26.2743369
2002-10-30,28.17,76.16,26.3775896
2002-10-31,28.33,77.37,26.608649049999997
2002-11-01,28.09,76.76,26.3529262
2002-11-02,27.14,82.38,25.9150576
2002-11-03,26.2,87.1,25.369884999999996
2002-11-04,26.3,87.67,25.499783
2002-11-05,26.04,88.55,25.3132685
2002-11-06,26.56,85.98,25.630053399999998
2002-11-07,26.69,83.71,25.59783695
2002-11-08,27.06,83.38,25.911890399999997
2002-11-09,27.49,82.04,26.2068478
2002-11-10,26.43,83.94,25.376223099999997
2002-11-11,27.39,81.67,26.09049465
2002-11-12,27.2,83.1,26.019534999999998
2002-11-13,27.34,81.83,26.0568346
2002-11-14,27.29,83.12,26.1025764
2002-11-15,27.04,84.72,25.986138399999998
2002-11-16,27.51,83.39,26.32147145
2002-11-17,27.26,85.63,26.2515134
2002-11-18,26.17,89.56,25.4999086
2002-11-19,26.33,84.61,25.32864965
2002-11-20,26.92,81.51,25.6569481
2002-11-21,26,87.8,25.22835
2002-11-22,26.33,85.15,25.363784749999997
2002-11-23,26.82,84.1,25.742615999999998
2002-11-24,26.27,88.59,25.53137365
2002-11-25,25.94,87.73,25.1679716
2002-11-26,25.76,84.02,24.7703586
2002-11-27,26.35,87.31,25.52292925
2002-11-28,27.33,79.34,25.872127099999997
2002-11-29,27.42,77.52,25.8225712
2002-11-30,27.4,80.16,25.992351999999997
2002-12-01,27.3,80.06,25.896224
2002-12-02,27.31,83.85,26.172151749999998
2002-12-03,26.97,85.06,25.9453401
2002-12-04,27.12,84.03,26.0115223
2002-12-05,26.64,86.43,25.7339311
2002-12-06,26.84,86.38,25.915610599999997
2002-12-07,26.09,90.18,25.4640241
2002-12-08,26.84,86.79,25.9434373
2002-12-09,26.37,89.26,25.6688391
2002-12-10,26.46,88.52,25.7048456
2002-12-11,26.37,89.47,25.68254895
2002-12-12,26,91.86,25.485145
2002-12-13,25.75,91.64,25.232725
2002-12-14,26.2,89.19,25.5043765
2002-12-15,25.88,92.44,25.4068196
2002-12-16,26.25,91.66,25.7110275
2002-12-17,26.5,89.45,25.8037
2002-12-18,27.11,85.58,26.1099009
2002-12-19,26.93,88.79,26.16362835
2002-12-20,26.79,89.04,26.049158799999997
2002-12-21,26.4,89.44,25.708847999999996
2002-12-22,26.65,89.79,25.967716749999997
2002-12-23,26.44,90.68,25.8279556
2002-12-24,26.57,89.14,25.8490589
2002-12-25,26.59,88.99,25.857890049999998
2002-12-26,26.11,91.65,25.57681075
2002-12-27,25.68,88.47,24.9710203
2002-12-28,27.05,83.25,25.893831249999998
2002-12-29,27.06,82.96,25.8828768
2002-12-30,26.95,84.76,25.906440999999997
2002-12-31,26.46,83.65,25.384497
2003-01-01,26.48,89.08,25.7604812
2003-01-02,25.93,91.28,25.381817199999997
2003-01-03,25.87,91.45,25.33532575
2003-01-04,25.53,91.48,25.0131342
2003-01-05,26.09,90.81,25.50418345
2003-01-06,26.47,89.45,25.775440749999998
2003-01-07,26.65,90.04,25.984423
2003-01-08,25.98,91,25.411739999999998
2003-01-09,25.58,88.65,24.888330999999997
2003-01-10,25.82,88.02,25.074125199999997
2003-01-11,25.37,91.1,24.8379135
2003-01-12,25.46,91.25,24.93255
2003-01-13,25.71,87.79,24.95719245
2003-01-14,25.87,88.1,25.1258335
2003-01-15,26.44,87.24,25.6020508
2003-01-16,26.16,86.06,25.2660278
2003-01-17,26.36,87.55,25.547886499999997
2003-01-18,25.99,90.82,25.409869899999997
2003-01-19,25.69,91.75,25.18225375
2003-01-20,26.17,89.23,25.478727550000002
2003-01-21,26.12,88.4,25.378644
2003-01-22,26.32,86.95,25.4716195
2003-01-23,25.92,88.85,25.2196685
2003-01-24,26.04,87.04,25.217428799999997
2003-01-25,25.81,89.01,25.12636705
2003-01-26,25.91,86.09,25.03707795
2003-01-27,25.93,86.33,25.070635449999997
2003-01-28,26.14,87.71,25.353194199999997
2003-01-29,25.9,88.68,25.190236
2003-01-30,26.03,90.5,25.4275575
2003-01-31,25.45,93.49,25.05793525
2003-02-01,25.13,92.03,24.664033949999997
2003-02-02,25.78,90.54,25.193101600000002
2003-02-03,25.88,87.89,25.122035099999998
2003-02-04,25.8,88.11,25.0610365
2003-02-05,25.15,90.29,24.58123675
2003-02-06,25.64,88.03,24.9065981
2003-02-07,25.79,87.68,25.024989599999998
2003-02-08,26.25,88,25.4745
2003-02-09,26.54,88.28,25.763901599999997
2003-02-10,26.27,89.75,25.60646625
2003-02-11,26.75,88.59,25.98125125
2003-02-12,26.67,88.89,25.92635215
2003-02-13,26.2,87.31,25.3833985
2003-02-14,25.94,89.98,25.3095416
2003-02-15,25.6,89.72,24.972406
2003-02-16,25.69,90.17,25.08501265
2003-02-17,25.81,90.53,25.220918649999998
2003-02-18,25.58,91.21,25.044337399999996
2003-02-19,26.11,88.82,25.3961011
2003-02-20,25.21,90.93,24.67573165
2003-02-21,25.66,85.74,24.7847212
2003-02-22,26.45,83.71,25.37933975
2003-02-23,26.14,84.87,25.1713774
2003-02-24,26.27,85.59,25.33716865
2003-02-25,26.71,85.67,25.74766885
2003-02-26,26.81,86.04,25.864838199999998
2003-02-27,25.94,86.07,25.0635244
2003-02-28,26.07,86.58,25.216018299999998
2003-03-01,26.48,84.48,25.4573872
2003-03-02,26.88,85.75,25.9097175
2003-03-03,27.25,84.45,26.159556249999998
2003-03-04,28.25,78,26.58625
2003-03-05,27.97,80.8,26.547568
2003-03-06,28.26,79.54,26.7115872
2003-03-07,27.8,84.36,26.655934
2003-03-08,26.47,89.83,25.80045805
2003-03-09,26.44,85.87,25.5120829
2003-03-10,27,85.24,25.98525
2003-03-11,26.79,87.76,25.9626372
2003-03-12,26.44,88.46,25.6821682
2003-03-13,26.06,89.54,25.3949532
2003-03-14,25.88,87.92,25.1239128
2003-03-15,26.72,81.19,25.4557799
2003-03-16,26.76,81.41,25.5064763
2003-03-17,26.94,83.75,25.828175
2003-03-18,27,85.79,26.023062499999998
2003-03-19,26.79,86.56,25.8815232
2003-03-20,26.55,87.86,25.7454215
2003-03-21,26.6,84.91,25.5957605
2003-03-22,27.44,84.81,26.358927700000002
2003-03-23,27.13,86.04,26.1602686
2003-03-24,27.01,86.86,26.1059023
2003-03-25,26.9,87.74,26.063867999999996
2003-03-26,26.62,89.01,25.887406600000002
2003-03-27,25.9,89.9,25.26673
2003-03-28,26.43,88.38,25.6675537
2003-03-29,26.95,85.26,25.940678499999997
2003-03-30,27.5,83.9,26.34885
2003-03-31,27.65,84.93,26.560062249999998
2003-04-01,27.62,83.54,26.4322464
2003-04-02,28.29,78.85,26.68587825
2003-04-03,27.65,84,26.4928
2003-04-04,27.28,86.06,26.3001574
2003-04-05,28.22,81.16,26.7983336
2003-04-06,27.48,85.34,26.4334226
2003-04-07,27.85,82.68,26.578279000000002
2003-04-08,27.28,87.95,26.4330055
2003-04-09,27.48,85.86,26.4705454
2003-04-10,27.14,85.58,26.1375216
2003-04-11,26.92,86.48,25.9964488
2003-04-12,27.12,85.2,26.092731999999998
2003-04-13,27.63,82.8,26.387901999999997
2003-04-14,27.44,84.44,26.3325948
2003-04-15,27.78,82.76,26.5207904
2003-04-16,27.93,82.95,26.67060175
2003-04-17,26.85,86.64,25.942522
2003-04-18,27.21,85.9,26.2243395
2003-04-19,27.82,81.75,26.483005
2003-04-20,27.73,84.88,26.629793199999998
2003-04-21,27.49,85.56,26.4583342
2003-04-22,27.33,83.88,26.192492199999997
2003-04-23,27.87,73.71,25.93676485
2003-04-24,28.43,78.59,26.78967285
2003-04-25,28.06,82.4,26.747391999999998
2003-04-26,28.26,81.37,26.850081600000003
2003-04-27,28.13,82.45,26.814364249999997
2003-04-28,27.95,85.02,26.841854499999997
2003-04-29,28.18,83.6,26.946064
2003-04-30,28.22,81.35,26.812670999999998
2003-05-01,27.49,86.78,26.5454971
2003-05-02,27.61,87.13,26.682008649999997
2003-05-03,27.4,88.56,26.588331999999998
2003-05-04,27.7,88.47,26.862921999999998
2003-05-05,27.72,88.25,26.865657499999998
2003-05-06,28.22,86.29,27.185443399999997
2003-05-07,28.71,82.76,27.3626078
2003-05-08,27.86,86.42,26.862141599999998
2003-05-09,26.99,89.19,26.247407049999996
2003-05-10,27.99,77.69,26.33470955
2003-05-11,28.19,79.49,26.64569955
2003-05-12,27.91,79.82,26.4216241
2003-05-13,27.54,85.53,26.5022116
2003-05-14,27.05,80.62,25.7122955
2003-05-15,27.66,75.41,25.8801758
2003-05-16,28.06,83.06,26.796614799999997
2003-05-17,28.73,80.7,27.219485499999998
2003-05-18,27.87,78.35,26.27796725
2003-05-19,28.93,73.64,26.837938599999998
2003-05-20,28.79,80.22,27.2353909
2003-05-21,28.22,83.39,26.9666094
2003-05-22,28.07,83.71,26.85419585
2003-05-23,28.44,81.06,26.9878702
2003-05-24,28.32,81.23,26.8932923
2003-05-25,28.39,80.93,26.93314735
2003-05-26,28.33,81.69,26.937249849999997
2003-05-27,27.91,82.3,26.6045365
2003-05-28,28.07,81.45,26.68552075
2003-05-29,28.13,80.32,26.6546888
2003-05-30,27.97,83.56,26.7520426
2003-05-31,27.81,83.58,26.607973899999998
2003-06-01,27.61,83.6,26.427477999999997
2003-06-02,28.05,79.95,26.55577375
2003-06-03,28.21,79.06,26.6310193
2003-06-04,28.17,79.61,26.63697785
2003-06-05,28.17,81.38,26.7700553
2003-06-06,27.82,84.31,26.6705506
2003-06-07,27.96,81.47,26.588224099999998
2003-06-08,27.9,80.26,26.445161999999996
2003-06-09,28.28,79.54,26.7293366
2003-06-10,27.94,81.55,26.576176
2003-06-11,27.43,84.93,26.35829695
2003-06-12,26.93,87.7,26.0891105
2003-06-13,27.69,82.6,26.427717
2003-06-14,27.53,83.77,26.36687705
2003-06-15,27.94,78.86,26.3773312
2003-06-16,27.57,82.09,26.28253965
2003-06-17,27.08,82.97,25.9016943
2003-06-18,27.68,78.02,26.0866698
2003-06-19,27.99,76.68,26.259772599999998
2003-06-20,27.95,78.91,26.389867249999998
2003-06-21,27.34,82.69,26.1175678
2003-06-22,27.53,81.5,26.2041975
2003-06-23,27.22,82.47,25.993601199999997
2003-06-24,26.57,85.83,25.62932455
2003-06-25,26.27,86.79,25.414850649999998
2003-06-26,26.7,85.68,25.739127999999997
2003-06-27,26.61,83.4,25.504357
2003-06-28,27,83.21,25.845687499999997
2003-06-29,27.06,82.2,25.830375999999998
2003-06-30,27.11,82.94,25.926803699999997
2003-07-01,27.07,83.36,25.9195936
2003-07-02,26.81,83.64,25.702346199999997
2003-07-03,27.41,80.39,26.01759195
2003-07-04,25.66,89.34,25.0056892
2003-07-05,26.81,83.2,25.672556
2003-07-06,27.19,81.53,25.90088635
2003-07-07,27.42,82.49,26.1757394
2003-07-08,26.62,85.44,25.6494304
2003-07-09,27.25,84.89,26.19041125
2003-07-10,26.99,86.62,26.0708609
2003-07-11,26.81,88.49,26.03071545
2003-07-12,26.07,88.62,25.3458337
2003-07-13,26.66,81.61,25.4300768
2003-07-14,27.02,84.01,25.918928599999997
2003-07-15,27.06,85.59,26.0645572
2003-07-16,27.26,84.99,26.206598200000002
2003-07-17,26.68,88.29,25.895547099999998
2003-07-18,26.8,86.31,25.8738715
2003-07-19,26.6,87.49,25.7674595
2003-07-20,26.84,82.4,25.645488
2003-07-21,26.94,80.63,25.6147046
2003-07-22,26.83,80.89,25.53405535
2003-07-23,27.14,80.2,25.763504
2003-07-24,27.56,81.36,26.221088799999997
2003-07-25,27.04,84.58,25.976482599999997
2003-07-26,27.15,85.12,26.114724
2003-07-27,27.02,88.33,26.2164038
2003-07-28,27.14,86.22,26.1820144
2003-07-29,27.13,85.73,26.138734449999998
2003-07-30,27.14,79.74,25.7315248
2003-07-31,27.07,81.34,25.7799409
2003-08-01,27.44,81.9,26.151823
2003-08-02,27.34,83.46,26.1719452
2003-08-03,27.16,83.55,26.0145865
2003-08-04,27.05,87.28,26.172002
2003-08-05,26.6,88.1,25.808055
2003-08-06,26.95,86.05,25.994773749999997
2003-08-07,27.14,85.69,26.1451688
2003-08-08,27.5,83.11,26.292365
2003-08-09,27.49,85.87,26.480482149999997
2003-08-10,27.49,86.47,26.523349149999998
2003-08-11,27.45,85.01,26.38233725
2003-08-12,27.3,83.99,26.172895999999998
2003-08-13,27.12,85.1,26.085791
2003-08-14,26.94,84.69,25.8924898
2003-08-15,26.79,86.62,25.8855789
2003-08-16,26.92,87.8,26.086618
2003-08-17,26.24,86.94,25.3967158
2003-08-18,26.93,84.58,25.8758117
2003-08-19,27.27,84.1,26.153263499999998
2003-08-20,27.58,81.77,26.268533799999997
2003-08-21,27.02,83.86,25.9085996
2003-08-22,27.19,85.67,26.18983765
2003-08-23,27.05,86.47,26.11609175
2003-08-24,26.96,85.24,25.9484972
2003-08-25,26.9,86.2,25.95884
2003-08-26,27.14,86.05,26.170196
2003-08-27,26.59,88.63,25.83395185
2003-08-28,26.29,85.45,25.34650525
2003-08-29,26.16,86.88,25.318614399999998
2003-08-30,26.51,86.19,25.597780450000002
2003-08-31,26.03,84.4,25.040726
2003-09-01,26.75,85.15,25.74948125
2003-09-02,26.12,86.58,25.2623278
2003-09-03,26.98,80.43,25.6367152
2003-09-04,26.76,85.6,25.789008
2003-09-05,26.73,87.44,25.8851516
2003-09-06,26.92,86.6,26.004646
2003-09-07,27.13,84.85,26.077605249999998
2003-09-08,27.21,84.55,26.12996775
2003-09-09,26.28,83.47,25.2090213
2003-09-10,26.72,84.58,25.683621799999997
2003-09-11,26.85,84.96,25.828408
2003-09-12,26.75,86.95,25.87075625
2003-09-13,26.8,86.62,25.894843
2003-09-14,26.57,85.91,25.63463535
2003-09-15,25.88,83.59,24.852898099999997
2003-09-16,26.81,81.39,25.550009949999996
2003-09-17,26.69,85.09,25.69035905
2003-09-18,27.03,82.41,25.81778515
2003-09-19,26.7,85.73,25.742483
2003-09-20,26.18,87.24,25.3602976
2003-09-21,26.84,86.44,25.9196828
2003-09-22,26.92,86.61,26.0053291
2003-09-23,27.15,85.65,26.151598749999998
2003-09-24,27.07,87.97,26.23830595
2003-09-25,26.45,89.71,25.77368975
2003-09-26,26.95,84.7,25.9023325
2003-09-27,27.22,84.47,26.133521199999997
2003-09-28,27.33,83.28,26.1501532
2003-09-29,27.29,85.44,26.265776799999998
2003-09-30,26.89,85.66,25.9128007
2003-10-01,27.5,83.91,26.349565
2003-10-02,27.88,82.81,26.6149879
2003-10-03,27.63,83.7,26.452895499999997
2003-10-04,27.16,85.75,26.167772499999998
2003-10-05,27.44,85.71,26.4229807
2003-10-06,26.41,89.4,25.715647
2003-10-07,26.9,87.58,26.052956
2003-10-08,25.96,88.13,25.2118339
2003-10-09,26.86,86.18,25.9205164
2003-10-10,26.4,86.61,25.523624499999997
2003-10-11,26.4,86.53,25.518388499999997
2003-10-12,26.04,85.29,25.106356299999998
2003-10-13,26.13,86.7,25.279265499999998
2003-10-14,26.6,85.69,25.6476695
2003-10-15,26.29,88.68,25.5559546
2003-10-16,26.96,83.46,25.8265138
2003-10-17,26.9,79.68,25.514176
2003-10-18,27.02,83.95,25.914797
2003-10-19,27.07,85.64,26.0772214
2003-10-20,26.33,86.94,25.480251099999997
2003-10-21,26.56,85.67,25.6094911
2003-10-22,27.56,80.92,26.1894836
2003-10-23,27.3,83.87,26.164448
2003-10-24,27.37,86.01,26.37971785
2003-10-25,26.26,85.18,25.301442400000003
2003-10-26,26.76,84.24,25.6973032
2003-10-27,26.2,89.35,25.5146725
2003-10-28,26.53,88.14,25.7452831
2003-10-29,27.42,83.06,26.216243600000002
2003-10-30,26.5,88.32,25.729119999999998
2003-10-31,26.22,89.73,25.557995799999997
2003-11-01,26.1,87.63,25.310794
2003-11-02,26.63,87.18,25.7747137
2003-11-03,27,85.03,25.9708125
2003-11-04,26.65,85.69,25.69373425
2003-11-05,26.31,90.64,25.702021199999997
2003-11-06,26.39,88.14,25.6144153
2003-11-07,26.67,84.4,25.625814000000002
2003-11-08,27,85.36,25.993499999999997
2003-11-09,26.9,85.15,25.88723
2003-11-10,26.69,88,25.885460000000002
2003-11-11,27.01,87.55,26.15337775
2003-11-12,26.74,87.42,25.893114399999998
2003-11-13,27.22,85.32,26.192987199999997
2003-11-14,27.15,87.34,26.269180499999997
2003-11-15,26.84,89.97,26.1592639
2003-11-16,26.62,89.96,25.9507336
2003-11-17,26.75,85.13,25.748133749999997
2003-11-18,27.46,83.5,26.28388
2003-11-19,26.09,89.7,25.4334265
2003-11-20,26.85,85.39,25.85761575
2003-11-21,26.03,91.56,25.4947774
2003-11-22,26.05,87.88,25.280077
2003-11-23,27.3,81.25,25.98
2003-11-24,26.53,88.5,25.7691025
2003-11-25,25.84,89.92,25.2113104
2003-11-26,25.44,90.81,24.8870377
2003-11-27,25.78,90.78,25.2079912
2003-11-28,26.09,89.18,25.4002791
2003-11-29,25.2,92.1,24.735084999999998
2003-11-30,26.06,89.29,25.3790582
2003-12-01,25.99,90.99,25.420613049999996
2003-12-02,25.68,91.82,25.1770118
2003-12-03,26.23,88.62,25.4958193
2003-12-04,26.04,88.99,25.3411953
2003-12-05,26.37,88.34,25.6087769
2003-12-06,26.14,90.36,25.5228472
2003-12-07,26.31,91.16,25.735797799999997
2003-12-08,25.86,92.18,25.371406399999998
2003-12-09,26.05,89.83,25.40395075
2003-12-10,25.97,88.12,25.220550199999998
2003-12-11,25.72,92.6,25.263346
2003-12-12,25.66,91.03,25.1094214
2003-12-13,25.26,92.19,24.7978042
2003-12-14,25.56,90.44,24.9784652
2003-12-15,25.71,89.27,25.04844185
2003-12-16,26.01,89.03,25.31554415
2003-12-17,25.62,88.14,24.8946424
2003-12-18,25.77,90.31,25.16936535
2003-12-19,25.88,87.89,25.122035099999998
2003-12-20,25.48,90.77,24.9226003
2003-12-21,25.02,90.87,24.4917382
2003-12-22,25.45,90.56,24.881476
2003-12-23,25.71,87.79,24.95719245
2003-12-24,26.03,87.18,25.2170197
2003-12-25,25.97,88.15,25.22244275
2003-12-26,25.67,87.29,24.88916115
2003-12-27,25.41,86.53,24.60173265
2003-12-28,25.2,88.3,24.511454999999998
2003-12-29,25.87,87.97,25.11770395
2003-12-30,25.95,88.12,25.201856999999997
2003-12-31,26.09,88.19,25.337171549999997
2004-01-01,25.86,87.18,25.059006399999998
2004-01-02,26.13,88.07,25.366897549999997
2004-01-03,26.23,88.34,25.4777551
2004-01-04,25.93,89.09,25.24414285
2004-01-05,25.55,91.62,25.0407055
2004-01-06,25.56,89.09,24.8963447
2004-01-07,26.15,87.5,25.3490625
2004-01-08,26.23,88.36,25.4790454
2004-01-09,26.22,89.37,25.5347902
2004-01-10,26.13,89.29,25.44493485
2004-01-11,25.7,90.58,25.119728
2004-01-12,26,88.64,25.28148
2004-01-13,25.81,86.95,24.99822475
2004-01-14,26.15,87.31,25.336888249999998
2004-01-15,26.1,87.56,25.306328
2004-01-16,26.37,87.35,25.54414475
2004-01-17,25.93,87.75,25.159903749999998
2004-01-18,26.24,87.98,25.463868599999998
2004-01-19,25.89,90.08,25.268561599999998
2004-01-20,25.91,87.87,25.14878185
2004-01-21,26.09,85.82,25.186095899999998
2004-01-22,25.92,85.45,25.006114500000002
2004-01-23,25.85,88.81,25.15146425
2004-01-24,25.63,90.34,25.038663099999997
2004-01-25,25.19,91.36,24.6820112
2004-01-26,25.6,89.97,24.9876685
2004-01-27,25.72,91.09,25.1701639
2004-01-28,25.53,93.1,25.1114115
2004-01-29,25.46,92.4,25.001872
2004-01-30,25.48,92.26,25.012581400000002
2004-01-31,25.63,91.54,25.1121211
2004-02-01,26.3,88.77,25.571172999999998
2004-02-02,25.49,90.02,24.886758899999997
2004-02-03,25.99,88.87,25.286639649999998
2004-02-04,26.41,89.1,25.6959955
2004-02-05,25.83,90.89,25.262310349999996
2004-02-06,26.25,88,25.4745
2004-02-07,25.28,90.88,24.7392752
2004-02-08,25.81,87.79,25.05047695
2004-02-09,25.87,87.66,25.0983181
2004-02-10,26.02,87.88,25.252076799999998
2004-02-11,26.02,87.72,25.241939199999997
2004-02-12,25.87,87.34,25.0783069
2004-02-13,25.52,87.93,24.7884373
2004-02-14,25.68,86.45,24.8468105
2004-02-15,25.7,85.21,24.788936
2004-02-16,25.29,85.88,24.452048599999998
2004-02-17,25.72,86.07,24.8603797
2004-02-18,25.82,87.2,25.023072
2004-02-19,25.94,85.98,25.0578616
2004-02-20,25.73,85.64,24.8430546
2004-02-21,25.87,85,24.931975
2004-02-22,25.85,82.94,24.7850295
2004-02-23,25.83,84.37,24.856016549999996
2004-02-24,26.19,83.74,25.1445633
2004-02-25,26.35,84.7,25.352822500000002
2004-02-26,26.24,85.95,25.3327915
2004-02-27,25.71,85.88,24.8394314
2004-02-28,26.61,86.02,25.6788621
2004-02-29,26.19,87.87,25.41010165
2004-03-01,26.57,86.29,25.65986165
2004-03-02,27,86.41,26.0656875
2004-03-03,27.05,86.64,26.127826
2004-03-04,26.74,88.03,25.934179599999997
2004-03-05,26.16,88.43,25.4180159
2004-03-06,25.62,90.9,25.063444
2004-03-07,25.89,88.17,25.14890965
2004-03-08,25.77,93.2,25.348502
2004-03-09,25.7,90.79,25.132664
2004-03-10,25.96,91.23,25.4072269
2004-03-11,25.89,90.67,25.30552215
2004-03-12,26.7,87.65,25.871315
2004-03-13,26.55,89.96,25.884598999999998
2004-03-14,26.4,88.82,25.668269
2004-03-15,26.84,86.85,25.9475095
2004-03-16,25.61,92.29,25.13888045
2004-03-17,26.23,87.97,25.453884549999998
2004-03-18,26.79,84.01,25.70915595
2004-03-19,26.77,88.36,25.9844746
2004-03-20,26.42,88.62,25.6739272
2004-03-21,27.09,86.12,26.1288794
2004-03-22,26.67,88.04,25.8694574
2004-03-23,26.68,88.32,25.897556799999997
2004-03-24,27.24,84.58,26.159520599999997
2004-03-25,27.63,84.41,26.504168149999998
2004-03-26,27.84,84.69,26.716705299999997
2004-03-27,27.92,82.29,26.6128249
2004-03-28,27.96,81.97,26.6252391
2004-03-29,27.34,84.45,26.241858999999998
2004-03-30,26.86,85.85,25.898083
2004-03-31,26.86,87.05,25.979658999999998
2004-04-01,26.95,86.86,26.0502385
2004-04-02,26.89,85.27,25.88622415
2004-04-03,27.41,82.86,26.1929743
2004-04-04,27.54,83.03,26.322911599999998
2004-04-05,26.73,84.64,25.696809599999998
2004-04-06,26.94,86.65,26.026593000000002
2004-04-07,27.39,84.53,26.293254349999998
2004-04-08,28.16,79.36,26.6093168
2004-04-09,28.06,80.27,26.588536599999998
2004-04-10,27.86,81.33,26.488128399999997
2004-04-11,28.16,77.08,26.4380204
2004-04-12,28.45,77.22,26.702204499999997
2004-04-13,28.34,81.96,26.9667952
2004-04-14,28.01,83.35,26.77282175
2004-04-15,28.25,81.66,26.863037499999997
2004-04-16,27.9,83.36,26.673631999999998
2004-04-17,28.31,80.28,26.8121674
2004-04-18,28.35,78.42,26.7061435
2004-04-19,28.26,79.26,26.690396800000002
2004-04-20,28.12,77.95,26.4682345
2004-04-21,28.09,80.66,26.6444317
2004-04-22,27.66,83.95,26.498300999999998
2004-04-23,27.81,81.16,26.430817799999996
2004-04-24,28.21,75.99,26.39952595
2004-04-25,28.15,81.16,26.735587
2004-04-26,27.83,83.99,26.656226849999996
2004-04-27,27.82,83.84,26.6361184
2004-04-28,28.19,83.22,26.9265499
2004-04-29,27.5,86.07,26.504005
2004-04-30,28.16,80.92,26.7265196
2004-05-01,28,83.48,26.77339
2004-05-02,28.05,82.5,26.7458125
2004-05-03,28.13,84.66,26.980036899999998
2004-05-04,28.18,85.73,27.1063252
2004-05-05,27.31,89.34,26.5589497
2004-05-06,27.31,87.31,26.41592605
2004-05-07,27.36,83.64,26.202857199999997
2004-05-08,27.4,83.86,26.254866999999997
2004-05-09,28.49,82.05,27.108837249999997
2004-05-10,28.5,83.97,27.26569
2004-05-11,28.6,80.06,27.053653
2004-05-12,28.35,81.48,26.939239
2004-05-13,28.38,79.98,26.851673199999997
2004-05-14,29.45,71.39,27.09754275
2004-05-15,29.73,74.41,27.58645365
2004-05-16,29.06,80.16,27.471212799999996
2004-05-17,28.66,80.49,27.1405612
2004-05-18,29.04,77,27.200689999999998
2004-05-19,28,85.74,26.941194999999997
2004-05-20,27.98,88.86,27.154080399999998
2004-05-21,28.02,85.96,26.975985599999998
2004-05-22,28.02,84.54,26.8703944
2004-05-23,27.82,85.2,26.735751999999998
2004-05-24,26.64,87.52,25.8067104
2004-05-25,26.92,83.65,25.803131500000003
2004-05-26,27.32,80.46,25.9422346
2004-05-27,26.99,81.44,25.715020799999998
2004-05-28,28.49,73.6,26.458651999999997
2004-05-29,27.74,80.58,26.325835599999998
2004-05-30,27.22,83.32,26.053067199999997
2004-05-31,26.88,85.67,25.904270299999997
2004-06-01,27.02,86,26.05596
2004-06-02,27.26,85.7,26.256426
2004-06-03,27.22,83.49,26.064960399999997
2004-06-04,27.02,85.9,26.049073999999997
2004-06-05,27.1,85.4,26.08822
2004-06-06,27.23,86.23,26.26589345
2004-06-07,26.96,87.48,26.102004400000002
2004-06-08,27.33,85.89,26.334327849999998
2004-06-09,26.88,86.19,25.939677099999997
2004-06-10,27.19,85.98,26.2114741
2004-06-11,27.62,84.82,26.5246112
2004-06-12,27.84,84.23,26.6829551
2004-06-13,27.82,83.68,26.6243968
2004-06-14,27.81,83.67,26.614562349999996
2004-06-15,27.92,82.92,26.6593252
2004-06-16,27.95,83.31,26.715357249999997
2004-06-17,27.71,83.15,26.48576325
2004-06-18,27.76,81.12,26.3830816
2004-06-19,27.78,82.47,26.4996088
2004-06-20,27.7,83.55,26.50573
2004-06-21,27.53,83.31,26.33391115
2004-06-22,27.4,83.74,26.246352999999996
2004-06-23,26.8,86.87,25.9117555
2004-06-24,27.2,84.22,26.097766999999997
2004-06-25,27.07,85.45,26.06408575
2004-06-26,26.76,85.35,25.7721505
2004-06-27,27.08,79.71,25.676134899999997
2004-06-28,27.6,81.57,26.2721185
2004-06-29,27.64,82.78,26.395510599999998
2004-06-30,26.96,86.9,26.062257
2004-07-01,26.87,84.75,25.83246625
2004-07-02,26.76,85.9,25.809237
2004-07-03,27.16,82.79,25.9616677
2004-07-04,26.51,86.51,25.61891805
2004-07-05,26.62,84.99,25.6194334
2004-07-06,26.43,85.02,25.4470873
2004-07-07,26.6,86.01,25.668965500000002
2004-07-08,25.8,88.02,25.055443
2004-07-09,25.73,85.44,24.830701599999998
2004-07-10,26.32,85.83,25.3988083
2004-07-11,26.77,80.59,25.460116149999998
2004-07-12,26.62,83.66,25.5307756
2004-07-13,26.96,81.56,25.6963068
2004-07-14,26.86,81.59,25.6084882
2004-07-15,25.92,87.95,25.1631395
2004-07-16,26.11,88.35,25.366089249999998
2004-07-17,26.01,84.89,25.05346145
2004-07-18,26.88,85.12,25.8668208
2004-07-19,26.64,85.61,25.6791797
2004-07-20,26.89,84.43,25.82898235
2004-07-21,26.23,86.68,25.3706602
2004-07-22,26.94,86,25.982120000000002
2004-07-23,26.61,86.67,25.722155349999998
2004-07-24,26.05,85.61,25.135875249999998
2004-07-25,25.96,88.92,25.2616276
2004-07-26,26.23,88.41,25.48227115
2004-07-27,26.13,82.88,25.034919199999997
2004-07-28,26.05,88.22,25.301675499999998
2004-07-29,26.04,88.79,25.3285013
2004-07-30,25.86,87.63,25.0871224
2004-07-31,25.79,88.35,25.066593249999997
2004-08-01,26.16,90.21,25.532167299999998
2004-08-02,25.84,87.5,25.060375
2004-08-03,26.96,83.08,25.8004724
2004-08-04,26.83,82.17,25.620858549999998
2004-08-05,26.65,82.38,25.472543499999997
2004-08-06,26.88,80.8,25.572671999999997
2004-08-07,26.71,80.69,25.413236949999998
2004-08-08,26.79,80.41,25.465813949999998
2004-08-09,26.82,82.54,25.636910399999998
2004-08-10,26.76,82.43,25.5752549
2004-08-11,26.66,82.16,25.4668608
2004-08-12,26.77,82.63,25.597785549999998
2004-08-13,26.91,83.77,25.80222135
2004-08-14,26.54,86.06,25.6168932
2004-08-15,26.88,85.26,25.8763534
2004-08-16,26.62,83.95,25.550107
2004-08-17,26.86,85.34,25.8634132
2004-08-18,27.04,85.7,26.053728999999997
2004-08-19,26.99,85.9,26.0214005
2004-08-20,26.78,86.3,25.854702
2004-08-21,27.51,84.18,26.377999900000002
2004-08-22,27.41,84.21,26.28883105
2004-08-23,27.16,86.45,26.216513499999998
2004-08-24,26.95,85.45,25.953688749999998
2004-08-25,26.22,88.61,25.485800599999997
2004-08-26,26.71,85.74,25.7523697
2004-08-27,26.76,87.55,25.920496500000002
2004-08-28,27.06,85.31,26.045214799999997
2004-08-29,27.03,83.87,25.91840105
2004-08-30,27.34,80.94,25.993982799999998
2004-08-31,27.58,82.04,26.2879576
2004-09-01,27.38,84.39,26.274187599999998
2004-09-02,27.32,86.01,26.3335651
2004-09-03,27.1,84.18,26.003674
2004-09-04,26.87,83.47,25.74538145
2004-09-05,26.19,88.11,25.42553245
2004-09-06,26.21,87.46,25.4023613
2004-09-07,26.67,81.83,25.45379105
2004-09-08,26.97,81.25,25.684031249999997
2004-09-09,27,84.23,25.915812499999998
2004-09-10,26.75,85.14,25.748807499999998
2004-09-11,26.53,86.18,25.6155997
2004-09-12,26.7,85.44,25.723024
2004-09-13,26.72,85.16,25.7226036
2004-09-14,26.79,85.8,25.830150999999997
2004-09-15,26.32,87.42,25.5021742
2004-09-16,26.16,85.41,25.2243433
2004-09-17,26.55,86.69,25.66787975
2004-09-18,26.83,86.19,25.893474849999997
2004-09-19,26.53,85.87,25.59508855
2004-09-20,26.8,85.37,25.8102805
2004-09-21,26.27,87.37,25.45239695
2004-09-22,26.97,83.68,25.850692799999997
2004-09-23,27.89,80.3,26.4391935
2004-09-24,27.41,83.4,26.231317
2004-09-25,27.48,82.88,26.257803199999998
2004-09-26,27.11,81.04,25.7950292
2004-09-27,27.27,83.04,26.0788144
2004-09-28,27.2,84.49,26.1166265
2004-09-29,26.74,84.04,25.6655728
2004-09-30,25.97,84.36,24.983350599999998
2004-10-01,26.39,81.71,25.19392545
2004-10-02,27.6,76.92,25.937086
2004-10-03,27.13,81.11,25.81780615
2004-10-04,26.77,82.94,25.6187059
2004-10-05,27,81.56,25.73225
2004-10-06,27.58,80.25,26.159184999999997
2004-10-07,27.6,81.27,26.2505035
2004-10-08,27.11,83.66,25.9767393
2004-10-09,26.91,79.64,25.520328199999998
2004-10-10,27.29,81.91,26.017458949999998
2004-10-11,27.02,84.71,25.967130599999997
2004-10-12,26.81,85.31,25.81541355
2004-10-13,27.18,81.35,25.879348999999998
2004-10-14,26.96,82.18,25.7387954
2004-10-15,27.04,81.94,25.7944018
2004-10-16,27.54,79.28,26.053961599999997
2004-10-17,27.83,77.8,26.202406999999997
2004-10-18,27.43,81.69,26.12788435
2004-10-19,25.75,86.78,24.9320125
2004-10-20,27.58,80.49,26.176450599999995
2004-10-21,26.87,86.88,25.9773808
2004-10-22,26.64,88.31,25.8594587
2004-10-23,25.91,87.5,25.1255625
2004-10-24,26.47,85.1,25.4890585
2004-10-25,26.45,89.2,25.74017
2004-10-26,26.68,90.18,26.0221582
2004-10-27,26.44,89.97,25.7813299
2004-10-28,26.31,89.05,25.59874275
2004-10-29,26.65,86.46,25.7451895
2004-10-30,26.75,84.64,25.71512
2004-10-31,26.72,85.45,25.742094499999997
2004-11-01,26.4,86.21,25.497444499999997
2004-11-02,26.99,84.56,25.929349199999997
2004-11-03,26.81,87.64,25.973166199999998
2004-11-04,26.29,88.2,25.524828999999997
2004-11-05,26.29,90.76,25.6908322
2004-11-06,26.53,86.27,25.62155455
2004-11-07,26.51,87.87,25.70875285
2004-11-08,26.79,85.79,25.82947505
2004-11-09,26.4,86.68,25.528205999999997
2004-11-10,27.02,84.87,25.9781482
2004-11-11,27.05,86.16,26.094694
2004-11-12,26.78,88.7,26.016798
2004-11-13,26.92,88.4,26.127604
2004-11-14,27.11,84.34,26.0239007
2004-11-15,26.68,87.23,25.8245377
2004-11-16,26.34,89.64,25.665356799999998
2004-11-17,26.31,87.64,25.507156199999997
2004-11-18,26.81,83.54,25.6955757
2004-11-19,26.55,88.83,25.80970825
2004-11-20,26.29,86.39,25.40745955
2004-11-21,26.61,85.53,25.646225649999998
2004-11-22,25.84,87.68,25.0716016
2004-11-23,26.27,87.7,25.4737595
2004-11-24,26.71,86.51,25.80407905
2004-11-25,27.15,85.18,26.1188985
2004-11-26,26.55,87.73,25.73680575
2004-11-27,26.55,89.13,25.82959075
2004-11-28,26.1,89.35,25.42053
2004-11-29,26.04,91.13,25.477021099999998
2004-11-30,26.11,89.33,25.42866715
2004-12-01,26.57,86.12,25.6485762
2004-12-02,26.83,84.77,25.797177549999997
2004-12-03,27.1,85.44,26.090992
2004-12-04,26.27,89.71,25.60387685
2004-12-05,26.34,90.16,25.699219199999998
2004-12-06,26.03,91.27,25.47638705
2004-12-07,25.63,92.45,25.16782675
2004-12-08,25.63,92.17,25.15068655
2004-12-09,25.78,91.31,25.2408724
2004-12-10,26.01,91.74,25.4871007
2004-12-11,25.95,92.46,25.4751685
2004-12-12,26.02,90.27,25.4035072
2004-12-13,26.04,88.22,25.292323399999997
2004-12-14,26,85.99,25.113867499999998
2004-12-15,26.42,86.74,25.550674400000002
2004-12-16,26.41,88.67,25.66782835
2004-12-17,26.12,90.8,25.532028
2004-12-18,25.59,91.61,25.07825195
2004-12-19,25.98,87.74,25.2059036
2004-12-20,25.51,86.09,24.66767995
2004-12-21,25.36,86.29,24.5411017
2004-12-22,25.36,86.83,24.5733559
2004-12-23,25.7,86.36,24.859775999999997
2004-12-24,25.69,87.53,24.92253385
2004-12-25,25.96,87.98,25.2023794
2004-12-26,25.54,86.42,24.715422399999998
2004-12-27,25.55,88.78,24.8681045
2004-12-28,25.22,91.91,24.743013599999998
2004-12-29,25.24,93.01,24.8271007
2004-12-30,25.65,91.42,25.123831499999998
2004-12-31,25.72,92.2,25.238661999999998
2005-01-01,25.51,90.57,24.93896635
2005-01-02,25.12,90.85,24.585548499999998
2005-01-03,25.61,88.95,24.93478975
2005-01-04,25.85,89.89,25.21888325
2005-01-05,25.54,88.53,24.843541599999998
2005-01-06,25.26,87.97,24.5480646
2005-01-07,25.76,90.15,25.1499895
2005-01-08,25.05,93.05,24.64672625
2005-01-09,25.63,89.82,25.006831299999998
2005-01-10,25.46,90.64,24.8957792
2005-01-11,25.59,90.65,25.019696749999998
2005-01-12,25.86,89.11,25.179592799999998
2005-01-13,25.99,87.96,25.2291322
2005-01-14,25.86,86.25,25.000899999999998
2005-01-15,25.59,84.2,24.626279
2005-01-16,25.51,84.91,24.59622505
2005-01-17,25.05,85.54,24.2109585
2005-01-18,25,84,24.076
2005-01-19,25.04,84.57,24.145522899999996
2005-01-20,24.75,83.8,23.836724999999998
2005-01-21,25.5,84.9,24.58645
2005-01-22,25.44,85.42,24.5627214
2005-01-23,25.56,84.41,24.611660299999997
2005-01-24,25.2,81.05,24.0847925
2005-01-25,24.87,78.61,23.65002135
2005-01-26,25.45,78.67,24.16540075
2005-01-27,25.91,82.64,24.8205732
2005-01-28,25.93,85,24.987025
2005-01-29,24.87,83.1,23.9061085
2005-01-30,25.57,86.62,24.7553587
2005-01-31,24.98,88.08,24.292931199999998
2005-02-01,25.62,85.75,24.74847
2005-02-02,26.35,85.14,25.3814995
2005-02-03,26.24,88.06,25.4690342
2005-02-04,26.25,87.24,25.425385
2005-02-05,26.06,84.63,25.0827754
2005-02-06,25.55,79.21,24.28648775
2005-02-07,26.16,82.11,25.0127143
2005-02-08,26.34,83.09,25.2388208
2005-02-09,26.65,83.16,25.524666999999997
2005-02-10,26.89,84.17,25.81126465
2005-02-11,26.58,84.03,25.5189532
2005-02-12,26.46,85.74,25.5219772
2005-02-13,26.36,85.47,25.412208099999997
2005-02-14,26.92,84.16,25.8379696
2005-02-15,27.32,84.03,26.1939553
2005-02-16,27.32,84.75,26.244722499999998
2005-02-17,27.09,85.21,26.065866449999998
2005-02-18,26.8,84.75,25.7683375
2005-02-19,26.91,79.8,25.531249
2005-02-20,27.51,79.77,26.06244235
2005-02-21,26.71,77.48,25.1976694
2005-02-22,26.87,79.24,25.4575934
2005-02-23,27.11,80.72,25.772835599999997
2005-02-24,27.56,83.13,26.348227899999998
2005-02-25,27.77,84.75,26.656978749999997
2005-02-26,27.33,87.97,26.481103049999998
2005-02-27,27.28,86.79,26.3514691
2005-02-28,26.71,84.94,25.6986457
2005-03-01,27.11,86.17,26.15082035
2005-03-02,27,87.55,26.1440625
2005-03-03,26.44,88.54,25.6874218
2005-03-04,26.77,81.27,25.50600595
2005-03-05,27.02,79.48,25.6069928
2005-03-06,26.58,82.38,25.409327199999996
2005-03-07,26.13,81.11,24.921701149999997
2005-03-08,26.16,79.62,24.8530306
2005-03-09,26.73,80.78,25.4371667
2005-03-10,26.99,81.83,25.741811849999998
2005-03-11,27.21,81.88,25.9433214
2005-03-12,27.69,81.01,26.31237045
2005-03-13,27.07,81.04,25.7592004
2005-03-14,27.23,84.35,26.13426525
2005-03-15,26.8,85.54,25.821781
2005-03-16,27.08,83.3,25.924526999999998
2005-03-17,27.13,83,25.949095
2005-03-18,27.18,81.59,25.8960866
2005-03-19,26.94,80.38,25.5975996
2005-03-20,27.82,78.58,26.250770799999998
2005-03-21,27.38,81.54,26.0722936
2005-03-22,27.77,79.61,26.28183585
2005-03-23,27.96,80.76,26.5356628
2005-03-24,27.88,80.68,26.4582412
2005-03-25,28.13,79.98,26.6292007
2005-03-26,27.26,85.72,26.2578296
2005-03-27,26.74,87.81,25.9193692
2005-03-28,27.74,82.29,26.4503578
2005-03-29,28.35,81.34,26.9285745
2005-03-30,27.96,81.59,26.5971077
2005-03-31,26.98,85.06,25.954518399999998
2005-04-01,28.24,81.76,26.861603199999998
2005-04-02,27.49,85.3,26.439758499999996
2005-04-03,26.68,90.09,26.0161291
2005-04-04,26.4,86.79,25.5354055
2005-04-05,26.36,89.07,25.647036099999998
2005-04-06,26.26,86.72,25.4010496
2005-04-07,27.55,82.94,26.3255185
2005-04-08,27.54,79.56,26.0740432
2005-04-09,27.16,81.61,25.8795043
2005-04-10,28.34,78.6,26.711032
2005-04-11,27.85,80.41,26.41160425
2005-04-12,27.71,82.05,26.40584275
2005-04-13,27.32,83.45,26.153059499999998
2005-04-14,27.38,83.98,26.245143199999998
2005-04-15,27.3,82.99,26.102496
2005-04-16,27.43,82.49,26.18477635
2005-04-17,27.27,83.76,26.129383599999997
2005-04-18,26.68,85.27,25.6932373
2005-04-19,27.41,79.15,25.92954575
2005-04-20,27.66,80.98,26.2833324
2005-04-21,27.85,80.26,26.4005905
2005-04-22,28.2,80.29,26.714851499999998
2005-04-23,27.83,81.58,26.479537699999998
2005-04-24,27.96,85.73,26.903591900000002
2005-04-25,27.88,82.72,26.608364799999997
2005-04-26,28.55,81.01,27.08254775
2005-04-27,28.3,81.16,26.870044
2005-04-28,27.9,84.2,26.735539999999997
2005-04-29,28.59,80.18,27.0540491
2005-04-30,28.66,80.18,27.1164184
2005-05-01,28.67,79.26,27.0536281
2005-05-02,29.04,75.02,27.0423494
2005-05-03,29.06,74.42,27.0115536
2005-05-04,29.02,75.47,27.061034199999998
2005-05-05,28.86,78.81,27.186413799999997
2005-05-06,28.27,82.26,26.926461099999997
2005-05-07,27.18,89.61,26.4554014
2005-05-08,27.17,89.44,26.4341264
2005-05-09,27.64,86.24,26.6455648
2005-05-10,27.09,89.42,26.3573879
2005-05-11,27.52,86.05,26.521040499999998
2005-05-12,27.36,86.06,26.3740238
2005-05-13,27.97,85.53,26.897990049999997
2005-05-14,28.01,86.63,27.01654215
2005-05-15,27.69,86.95,26.74328775
2005-05-16,27.61,86.75,26.654608749999998
2005-05-17,27.28,88.83,26.4948607
2005-05-18,27.53,88.21,26.68506965
2005-05-19,27.26,88.38,26.4445084
2005-05-20,28.1,84.75,26.9593
2005-05-21,27.92,84.93,26.8076833
2005-05-22,27.99,83.9,26.795460499999997
2005-05-23,28.09,85.5,27.0061975
2005-05-24,27.31,87.56,26.4335398
2005-05-25,26.55,86.18,25.6340795
2005-05-26,26.92,85.08,25.9008148
2005-05-27,27.35,83.9,26.212132500000003
2005-05-28,27.88,83.3,26.651047
2005-05-29,27.53,86.17,26.53887305
2005-05-30,27.75,84.84,26.645215
2005-05-31,27.88,83.88,26.6937292
2005-06-01,27.7,85.13,26.620437999999996
2005-06-02,28.23,83.33,26.97116495
2005-06-03,28.21,84.46,27.0382063
2005-06-04,28.04,84.38,26.876778599999998
2005-06-05,27.83,83.3,26.6056395
2005-06-06,27.82,84.13,26.6573638
2005-06-07,27.65,86.88,26.701095999999996
2005-06-08,27.63,86.82,26.6782063
2005-06-09,28,85.67,26.9359975
2005-06-10,28.08,85.15,26.970853499999997
2005-06-11,28.43,82.07,27.056293049999997
2005-06-12,27.27,89.05,26.500926749999998
2005-06-13,27.56,83.17,26.351101099999998
2005-06-14,27.47,85.09,26.406395149999998
2005-06-15,27.16,85.68,26.1628984
2005-06-16,27.55,83.38,26.3570995
2005-06-17,27.93,81.81,26.58639565
2005-06-18,28.78,78.33,27.078038199999998
2005-06-19,28.72,78.19,27.014239899999996
2005-06-20,27.19,85.24,26.1598258
2005-06-21,27.21,77.74,25.6539147
2005-06-22,27.3,81.25,25.98
2005-06-23,27.83,83.68,26.6334992
2005-06-24,27.47,85.23,26.41638205
2005-06-25,26.89,86.33,25.95845785
2005-06-26,27.09,84.98,26.0499401
2005-06-27,27.04,86.29,26.094421299999997
2005-06-28,26.6,87.32,25.756146
2005-06-29,27.01,85.28,25.9971904
2005-06-30,26.92,84.59,25.8673429
2005-07-01,27.49,84.32,26.369742399999996
2005-07-02,27.02,84.83,25.9753938
2005-07-03,27.29,83.78,26.1490041
2005-07-04,26.95,84.31,25.875627249999997
2005-07-05,27.45,83.25,26.25698125
2005-07-06,27.76,81.09,26.3808937
2005-07-07,27.42,84.13,26.2922778
2005-07-08,27.06,86.19,26.1060052
2005-07-09,27.67,82.76,26.4212206
2005-07-10,27.66,80.86,26.2746468
2005-07-11,27.42,83.05,26.215533
2005-07-12,27.08,85.6,26.083664
2005-07-13,27.13,84.71,26.067880149999997
2005-07-14,27.32,83.36,26.146713599999998
2005-07-15,27.63,80.48,26.220363199999998
2005-07-16,26.23,88.41,25.48227115
2005-07-17,26.26,86.41,25.3809988
2005-07-18,26.67,86.34,25.755667900000002
2005-07-19,26.19,88,25.41846
2005-07-20,26.51,85.43,25.547578650000002
2005-07-21,26.37,85.15,25.40051775
2005-07-22,27.32,84.23,26.2080573
2005-07-23,26.65,87.52,25.816024
2005-07-24,27.12,87,26.217670000000002
2005-07-25,27.35,87.81,26.48847175
2005-07-26,25.5,84.79,24.579795
2005-07-27,26.98,85.12,25.9586368
2005-07-28,27.42,86.94,26.4919564
2005-07-29,27.25,87.73,26.389566249999998
2005-07-30,27.03,88,26.20302
2005-07-31,27.35,81.25,26.02484375
2005-08-01,27.29,84.48,26.1982456
2005-08-02,26.99,86.26,26.0461307
2005-08-03,26.79,88.95,26.043075249999998
2005-08-04,26.48,87.78,25.6748242
2005-08-05,26.93,85.59,25.94486035
2005-08-06,26.86,85.45,25.870891
2005-08-07,27.44,84.9,26.365333
2005-08-08,26.98,87.01,26.088366399999998
2005-08-09,26.8,86.79,25.906343500000002
2005-08-10,26.54,88.04,25.748008799999997
2005-08-11,26.73,89.34,26.0129551
2005-08-12,26.29,89.69,25.621448049999998
2005-08-13,26.63,88.52,25.864111799999996
2005-08-14,26.81,87.27,25.94811535
2005-08-15,27.08,86.81,26.167383899999997
2005-08-16,27.86,81.78,26.5211944
2005-08-17,28,82.69,26.7147325
2005-08-18,26.22,89.76,25.559929599999997
2005-08-19,26.83,87.57,25.987059549999998
2005-08-20,26.42,85.19,25.4490564
2005-08-21,26.2,87.02,25.364736999999998
2005-08-22,26.36,87.77,25.562237099999997
2005-08-23,26.6,83,25.46865
2005-08-24,27.31,81.16,25.982627799999996
2005-08-25,27.26,82.93,26.0620274
2005-08-26,26.59,86.51,25.69298245
2005-08-27,26.07,84.69,25.09574815
2005-08-28,27.08,82.81,25.890623899999998
2005-08-29,27.12,86.2,26.162142
2005-08-30,27.3,84.32,26.196127999999998
2005-08-31,27.66,83.37,26.4563206
2005-09-01,27.91,83.84,26.7181192
2005-09-02,27.08,89.27,26.337591299999996
2005-09-03,27.07,88.74,26.2915399
2005-09-04,26.91,89.44,26.189227199999998
2005-09-05,27.5,85.47,26.461105
2005-09-06,27.44,85.56,26.4123052
2005-09-07,26.89,87.43,26.03341735
2005-09-08,26.88,83.8,25.776942
2005-09-09,27.53,84.95,26.45144175
2005-09-10,27.38,85.01,26.3181084
2005-09-11,27.63,79.78,26.169812699999998
2005-09-12,28.12,79.75,26.6030725
2005-09-13,26.81,87.89,25.99009245
2005-09-14,27.3,83.43,26.133472
2005-09-15,27.69,81.75,26.36605375
2005-09-16,27.39,84.67,26.30317965
2005-09-17,27.17,84.2,26.068977
2005-09-18,27,87.44,26.136499999999998
2005-09-19,26.73,81.43,25.48088895
2005-09-20,27.41,81.97,26.12977985
2005-09-21,26.63,84.79,25.61526485
2005-09-22,26.73,86.06,25.792325899999998
2005-09-23,27.72,81.98,26.4097658
2005-09-24,27.44,83.76,26.2841992
2005-09-25,26.54,85.71,25.5937162
2005-09-26,26.56,86.11,25.638676299999997
2005-09-27,27.15,85.58,26.1467285
2005-09-28,26.96,86.32,26.0225096
2005-09-29,27.05,83.98,25.9442195
2005-09-30,27.8,79.06,26.268239
2005-10-01,27.68,79.27,26.177282299999998
2005-10-02,27.24,81.29,25.9289903
2005-10-03,27.11,84.01,26.00101355
2005-10-04,26.35,85.77,25.42255975
2005-10-05,26.87,82.1,25.6521735
2005-10-06,27.02,84.77,25.971262199999998
2005-10-07,27.52,85.38,26.4730618
2005-10-08,27.29,87.29,26.39591505
2005-10-09,27.18,86.86,26.2636164
2005-10-10,27.44,86.09,26.4500253
2005-10-11,27.56,86.18,26.5673094
2005-10-12,27.74,84.55,26.614931
2005-10-13,26.69,86.23,25.76679035
2005-10-14,26.91,84.37,25.843174349999998
2005-10-15,27.47,81.41,26.14388235
2005-10-16,26.18,87.81,25.3969144
2005-10-17,26.32,84.82,25.3331482
2005-10-18,27.38,82.37,26.1310908
2005-10-19,26.33,88.39,25.57459535
2005-10-20,26.49,86.85,25.622823249999996
2005-10-21,26.88,85.32,25.880438799999997
2005-10-22,27.08,84.29,25.993025099999997
2005-10-23,26.39,86.86,25.5307097
2005-10-24,27.16,85.06,26.1197278
2005-10-25,26.77,89.82,26.083002699999998
2005-10-26,25.85,89.42,25.1895435
2005-10-27,26.14,87.92,25.3666384
2005-10-28,26.57,84.63,25.54966255
2005-10-29,27.15,84.93,26.101504749999997
2005-10-30,27.5,83.94,26.35171
2005-10-31,26.99,86.83,26.085286849999996
2005-11-01,27.04,85.4,26.033037999999998
2005-11-02,26.59,88.48,25.8239776
2005-11-03,26.17,87.6,25.374106
2005-11-04,25.81,86.83,24.990760149999996
2005-11-05,27.02,81.3,25.732318
2005-11-06,26.97,84.84,25.9302514
2005-11-07,26.86,88.15,26.054437
2005-11-08,26.23,87.86,25.4467879
2005-11-09,26.59,86.79,25.71160105
2005-11-10,26.77,86.03,25.82723455
2005-11-11,26.83,85.55,25.850073249999998
2005-11-12,26.54,87.38,25.7043036
2005-11-13,27.08,86.02,26.112723799999998
2005-11-14,27.04,85.91,26.068212699999997
2005-11-15,27.02,83.69,25.8968934
2005-11-16,27.54,82.82,26.307850399999996
2005-11-17,27.1,82.42,25.881706
2005-11-18,27.42,84.1,26.290146
2005-11-19,26.39,87.33,25.56144535
2005-11-20,25.76,91.49,25.2329757
2005-11-21,26.07,93.55,25.65955425
2005-11-22,25.93,93.79,25.539608349999998
2005-11-23,25.65,90.98,25.096848499999997
2005-11-24,26.39,89.22,25.685041899999998
2005-11-25,26.81,80.33,25.47824265
2005-11-26,26.71,85.72,25.7510266
2005-11-27,26.43,88.42,25.6701783
2005-11-28,25.73,89.85,25.10308525
2005-11-29,26.15,90.73,25.55602475
2005-11-30,25.77,92,25.27412
2005-12-01,25.73,90.95,25.17102675
2005-12-02,25.5,90.7,24.93735
2005-12-03,26.55,86.39,25.64799725
2005-12-04,27.05,81.21,25.75302025
2005-12-05,26.47,87.67,25.658254449999998
2005-12-06,27.06,84.67,26.001003599999997
2005-12-07,27.37,80.63,25.99889455
2005-12-08,27.31,81.21,25.986150549999998
2005-12-09,26.79,86.1,25.850429499999997
2005-12-10,26.32,89.87,25.6614487
2005-12-11,26.36,85.85,25.4369955
2005-12-12,26.82,85.63,25.8462888
2005-12-13,26.25,90.31,25.62378375
2005-12-14,26.12,90.2,25.493682
2005-12-15,26.21,88.79,25.48801995
2005-12-16,27.01,86.07,26.05154635
2005-12-17,25.69,91.13,25.14409585
2005-12-18,25.22,89.84,24.620966399999997
2005-12-19,25.68,89.52,25.0355848
2005-12-20,26.12,87.83,25.3422153
2005-12-21,26.35,86.09,25.44341575
2005-12-22,26.75,81.02,25.4712225
2005-12-23,25.59,91.04,25.0434848
2005-12-24,25.7,90.23,25.098167999999998
2005-12-25,25.51,85.37,24.62408035
2005-12-26,25.86,90.23,25.2495704
2005-12-27,25.95,91.52,25.415971999999996
2005-12-28,25.72,89.15,25.0504465
2005-12-29,25.46,89.75,24.84213
2005-12-30,25.97,86.46,25.1158291
2005-12-31,25.78,89.58,25.1335432
2006-01-01,26.01,89.14,25.3225077
2006-01-02,25.46,90.47,24.8855316
2006-01-03,25.55,91.43,25.029158250000002
2006-01-04,25.67,91.99,25.17790565
2006-01-05,25.91,90.86,25.3364193
2006-01-06,25.62,91.92,25.1258272
2006-01-07,25.43,92.66,24.988755899999997
2006-01-08,25.14,93.33,24.7496716
2006-01-09,25.48,92.01,24.9974839
2006-01-10,24.94,93.66,24.5759572
2006-01-11,25.45,92.23,24.98205175
2006-01-12,25.47,91.8,24.975253
2006-01-13,25.89,90.15,25.27294675
2006-01-14,25.79,90.38,25.192646099999997
2006-01-15,25.86,89.53,25.2058344
2006-01-16,25.73,90.4,25.137056
2006-01-17,25.57,91.3,25.0403005
2006-01-18,25.57,90.66,25.0013341
2006-01-19,26.24,88.41,25.491633699999998
2006-01-20,26.51,88.06,25.721303300000002
2006-01-21,26.52,88.46,25.757090599999998
2006-01-22,26.3,86.66,25.434234
2006-01-23,25.85,86.96,25.035978
2006-01-24,25.57,85.86,24.7090861
2006-01-25,24.97,86.78,24.2087263
2006-01-26,25.58,86.66,24.7670604
2006-01-27,25.82,86.86,25.0019036
2006-01-28,25.94,87.23,25.136511600000002
2006-01-29,25.91,86.69,25.07473095
2006-01-30,25.59,87.66,24.8373217
2006-01-31,25.95,87.24,25.146438999999997
2006-02-01,26.22,88.98,25.5096508
2006-02-02,26.17,88.78,25.449844300000002
2006-02-03,26.13,87.25,25.31444625
2006-02-04,26.04,88.31,25.2980357
2006-02-05,25.73,88.43,25.01537895
2006-02-06,25.35,90.04,24.755637
2006-02-07,25.85,88.36,25.123373
2006-02-08,26.03,86.93,25.20116595
2006-02-09,25.7,90.13,25.092008
2006-02-10,25.55,92.27,25.08020925
2006-02-11,25.44,92.58,24.9935386
2006-02-12,26.71,84.94,25.6986457
2006-02-13,26.5,89.16,25.78456
2006-02-14,26.41,88.51,25.65734755
2006-02-15,26.16,86.89,25.3192557
2006-02-16,26.69,85.96,25.7486882
2006-02-17,26.5,85.96,25.573359999999997
2006-02-18,26.8,85.6,25.82584
2006-02-19,26.71,87.71,25.88466505
2006-02-20,26.53,88.98,25.8008617
2006-02-21,26.37,88.22,25.6009427
2006-02-22,26.78,87.02,25.9033308
2006-02-23,26.22,89.87,25.567020199999998
2006-02-24,26.34,88.17,25.5696304
2006-02-25,26.36,87.54,25.5472342
2006-02-26,26.68,86.23,25.7575477
2006-02-27,26.51,87.82,25.7054501
2006-02-28,26.9,86.43,25.974525999999997
2006-03-01,26.52,86.14,25.6037154
2006-03-02,26.59,83.21,25.473548949999998
2006-03-03,26.46,84.97,25.4713266
2006-03-04,26.38,84.82,25.388138799999997
2006-03-05,26.55,83.65,25.46640375
2006-03-06,26.44,83.77,25.3741759
2006-03-07,26.89,83.8,25.786051
2006-03-08,26.07,82.94,24.9843869
2006-03-09,26.23,84.14,25.2067921
2006-03-10,27.33,82.41,26.08876165
2006-03-11,27.16,84.6,26.087698
2006-03-12,26.91,82.36,25.7059818
2006-03-13,27.31,80.07,25.90583185
2006-03-14,26.61,81.44,25.3738112
2006-03-15,26.23,83.21,25.14679315
2006-03-16,26.76,83.58,25.6527994
2006-03-17,27.04,83.13,25.876476099999998
2006-03-18,27.32,83.29,26.1417779
2006-03-19,27.59,82.56,26.334407199999998
2006-03-20,26.92,86.05,25.9670755
2006-03-21,26.55,87.89,25.74740975
2006-03-22,27.05,86.05,26.08710125
2006-03-23,26.97,86.58,26.049589299999997
2006-03-24,27.17,85.28,26.1442368
2006-03-25,27.47,84.96,26.3971216
2006-03-26,27.86,80.42,26.421261599999998
2006-03-27,26.76,86.75,25.8665525
2006-03-28,27.44,78.85,25.9347545
2006-03-29,27.93,81.46,26.560542899999998
2006-03-30,27.23,85.9,26.2427885
2006-03-31,26.98,85.75,26.00188
2006-04-01,27.61,80.66,26.215489299999998
2006-04-02,27.23,81.63,25.94382445
2006-04-03,27.28,84.2,26.169418
2006-04-04,27.42,82.82,26.1991892
2006-04-05,27.3,85.78,26.298912
2006-04-06,27.41,84.9,26.3378245
2006-04-07,28.16,75.12,26.2907656
2006-04-08,27.1,85.96,26.127028
2006-04-09,27,80.92,25.68825
2006-04-10,27.69,81.07,26.316723149999998
2006-04-11,27.49,82.68,26.252572599999997
2006-04-12,27.93,79.51,26.41650615
2006-04-13,26.82,86.09,25.8774584
2006-04-14,27.15,80.43,25.78841725
2006-04-15,26.8,83.08,25.655362
2006-04-16,27.02,83.19,25.8624634
2006-04-17,26.9,85.29,25.896777999999998
2006-04-18,27.17,86.27,26.21322495
2006-04-19,27.46,82.61,26.2204408
2006-04-20,27.05,86.86,26.1430115
2006-04-21,27.44,85.77,26.4272509
2006-04-22,27.74,80.72,26.3360304
2006-04-23,28.06,82.14,26.728001199999998
2006-04-24,27.2,84.09,26.088686499999998
2006-04-25,27.53,81.96,26.2371634
2006-04-26,27.58,85.42,26.531114799999997
2006-04-27,27.86,82.17,26.5498516
2006-04-28,28.35,78.7,26.7274725
2006-04-29,28.91,78.39,27.19729945
2006-04-30,28.68,80.08,27.1264392
2006-05-01,28.27,83.8,27.043093
2006-05-02,26.95,85.21,25.937254749999997
2006-05-03,27.72,82.19,26.425034899999996
2006-05-04,28.37,79.4,26.798529000000002
2006-05-05,27.45,84.41,26.33960225
2006-05-06,26.54,88.26,25.7625772
2006-05-07,27.42,80.26,26.0172756
2006-05-08,27.98,82.44,26.678101599999998
2006-05-09,27.64,84.92,26.5501684
2006-05-10,27.94,79.03,26.3898976
2006-05-11,28.72,75.96,26.839831599999997
2006-05-12,28.23,82.22,26.887343299999998
2006-05-13,27.51,82.87,26.28426285
2006-05-14,27.82,82.08,26.5071808
2006-05-15,27.32,85.22,26.277862199999998
2006-05-16,27.69,83.42,26.4872039
2006-05-17,27.58,81.42,26.2433548
2006-05-18,28.18,81.27,26.7707548
2006-05-19,27.64,83.67,26.4598309
2006-05-20,27.72,84.68,26.6060828
2006-05-21,26.76,84.6,25.721578
2006-05-22,26.77,84.62,25.732080699999997
2006-05-23,27.33,82.14,26.069709099999997
2006-05-24,27.27,84.88,26.208046799999998
2006-05-25,27.64,83.27,26.4309229
2006-05-26,27.66,81.71,26.3361698
2006-05-27,27.81,80.88,26.410320399999996
2006-05-28,26.7,86.4,25.78744
2006-05-29,27.73,82.03,26.42241295
2006-05-30,27.6,85.67,26.5675235
2006-05-31,27.75,85.89,26.72173375
2006-06-01,26.81,87.31,25.95082355
2006-06-02,27.1,82.82,25.909426
2006-06-03,27.26,84.67,26.1841406
2006-06-04,26.84,86.55,25.927148499999998
2006-06-05,26.97,90.02,26.285521699999997
2006-06-06,26.52,85.98,25.593137799999997
2006-06-07,27.12,84.09,26.0156869
2006-06-08,26.54,89.95,25.874488999999997
2006-06-09,26.27,88.72,25.539789199999998
2006-06-10,26.54,87.72,25.7268184
2006-06-11,26.32,84.42,25.3071442
2006-06-12,27.02,86.1,26.062845999999997
2006-06-13,26.93,86.45,26.00365425
2006-06-14,27.2,84.8,26.138279999999998
2006-06-15,27.09,86.38,26.1468831
2006-06-16,27.02,85.88,26.047696799999997
2006-06-17,27.07,87.12,26.1795412
2006-06-18,27.27,88.33,26.45035755
2006-06-19,26.7,89.37,25.986727
2006-06-20,26.39,89.48,25.7020446
2006-06-21,27.1,82.76,25.905268
2006-06-22,27.81,83,26.565514999999998
2006-06-23,26.84,88.08,26.030989599999998
2006-06-24,26.73,87.24,25.8716986
2006-06-25,26.75,86.71,25.854586249999997
2006-06-26,26.95,87.05,26.06324875
2006-06-27,27.48,84.51,26.3741689
2006-06-28,27.16,84.19,26.0591497
2006-06-29,27.35,84.95,26.28634125
2006-06-30,27.15,85.49,26.140466749999998
2006-07-01,27.19,85.18,26.1556381
2006-07-02,27.03,86.95,26.13065925
2006-07-03,27.3,85.66,26.290464
2006-07-04,27.78,84.69,26.6617576
2006-07-05,27.68,86.07,26.670214299999998
2006-07-06,27.3,88.19,26.468576
2006-07-07,27.59,87.12,26.6627044
2006-07-08,27.59,87.43,26.68502285
2006-07-09,26.85,90.4,26.19792
2006-07-10,26.5,89.75,25.8235
2006-07-11,26.65,89.78,25.967048499999997
2006-07-12,26.33,88.17,25.560281049999997
2006-07-13,26.74,88.42,25.960434399999997
2006-07-14,27.08,88.72,26.2995368
2006-07-15,27.35,86.81,26.41779675
2006-07-16,27.2,89.24,26.448413999999996
2006-07-17,27.06,90.43,26.3989044
2006-07-18,26.81,87.08,25.9352514
2006-07-19,26.28,88.19,25.5148301
2006-07-20,26.75,85.54,25.7757575
2006-07-21,26.88,88.63,26.1058167
2006-07-22,27.09,86.32,26.1427284
2006-07-23,27.1,87.31,26.220583
2006-07-24,27.09,88,26.259059999999998
2006-07-25,26.91,86.63,25.99743065
2006-07-26,26.77,84.13,25.699013049999998
2006-07-27,27.09,83.45,25.94399525
2006-07-28,27.02,84.8,25.973328
2006-07-29,26.57,88.04,25.776035399999998
2006-07-30,26.56,88.69,25.809807699999997
2006-07-31,25.73,86.48,24.8949372
2006-08-01,26.55,85.25,25.57244375
2006-08-02,26.84,84.11,25.7615457
2006-08-03,26.95,84.01,25.85508475
2006-08-04,26.6,83.7,25.515235
2006-08-05,26.98,82.21,25.7588944
2006-08-06,27.13,83.31,25.970629149999997
2006-08-07,26.64,85.92,25.6998784
2006-08-08,26.06,84.5,25.074509999999997
2006-08-09,26.11,84.44,25.1164162
2006-08-10,26.22,84.31,25.208622599999998
2006-08-11,26.72,84.97,25.709833699999997
2006-08-12,26.74,85.41,25.7578012
2006-08-13,27.01,85.36,26.0026948
2006-08-14,26.91,85.61,25.92781055
2006-08-15,26.71,86.39,25.79602045
2006-08-16,26.99,84.45,25.921792749999998
2006-08-17,27.95,82.25,26.636943749999997
2006-08-18,27.36,83.96,26.2254908
2006-08-19,26.94,86.25,25.999225
2006-08-20,26.93,84.31,25.857353149999998
2006-08-21,27.51,81.5,26.1862325
2006-08-22,27.27,83.13,26.085135549999997
2006-08-23,27.23,83.06,26.0439459
2006-08-24,27.42,83.63,26.2567478
2006-08-25,27.62,81.78,26.3052448
2006-08-26,27.12,84.81,26.0656621
2006-08-27,26.75,83.39,25.63090125
2006-08-28,27.09,84.48,26.0153176
2006-08-29,26.98,85.09,25.9565776
2006-08-30,26.56,87.51,25.731538299999997
2006-08-31,26.09,86.32,25.2179684
2006-09-01,26.28,85.93,25.3684047
2006-09-02,27,81.84,25.7515
2006-09-03,27.31,81.98,26.040400899999998
2006-09-04,27.32,82.96,26.1185096
2006-09-05,26.64,86.75,25.7552975
2006-09-06,27.08,85.21,26.0566799
2006-09-07,27.22,83.44,26.061462399999996
2006-09-08,26.78,86.76,25.885770400000002
2006-09-09,27.36,84.29,26.2488317
2006-09-10,26.92,84,25.82704
2006-09-11,26.98,84.78,25.9352992
2006-09-12,27.01,82.73,25.82173765
2006-09-13,26.83,84.06,25.7490289
2006-09-14,26.67,85.91,25.726885850000002
2006-09-15,25.95,89.61,25.295689749999998
2006-09-16,26.09,85.36,25.1567732
2006-09-17,26.44,85.2,25.468084
2006-09-18,26.69,85.11,25.69169995
2006-09-19,26.48,83.33,25.3816137
2006-09-20,27.3,82.93,26.098272
2006-09-21,27.45,82.13,26.177209249999997
2006-09-22,27.16,84.98,26.1141574
2006-09-23,26.65,87.28,25.799985999999997
2006-09-24,26.9,85.55,25.914509999999996
2006-09-25,26.09,88.27,25.34227115
2006-09-26,27.16,83.69,26.024334699999997
2006-09-27,26.88,85.6,25.899503999999997
2006-09-28,27.23,84.02,26.111160299999998
2006-09-29,27.08,85.98,26.1099562
2006-09-30,26.49,86.75,25.616228749999998
2006-10-01,26.58,84.48,25.548851199999998
2006-10-02,26.55,86.56,25.659264
2006-10-03,26.93,84.81,25.891535649999998
2006-10-04,27.09,85.13,26.06032685
2006-10-05,27.11,84.6,26.041932999999997
2006-10-06,27.04,85.02,26.006829399999997
2006-10-07,26.83,87.65,25.99248475
2006-10-08,27.34,85.36,26.3061232
2006-10-09,27.18,85.52,26.1701648
2006-10-10,26.69,87.24,25.8345058
2006-10-11,26.97,83.36,25.828745599999998
2006-10-12,26.81,84.02,25.728074099999997
2006-10-13,27.12,83.43,25.9698763
2006-10-14,26.68,83.8,25.594762
2006-10-15,26.75,85.87,25.79799125
2006-10-16,26.89,85.43,25.89712735
2006-10-17,27.04,81.27,25.7481919
2006-10-18,27.45,79.88,26.016952999999997
2006-10-19,27.62,83.11,26.4012176
2006-10-20,27.36,85.81,26.356341299999997
2006-10-21,27.29,83.31,26.11594195
2006-10-22,27.02,83.43,25.8789898
2006-10-23,27.1,84.23,26.007139000000002
2006-10-24,27.11,85.27,26.08840085
2006-10-25,26.15,87.5,25.3490625
2006-10-26,26.27,85.94,25.359825899999997
2006-10-27,27.24,81.4,25.936697999999996
2006-10-28,27.89,79.03,26.34566435
2006-10-29,28.16,77.42,26.463564599999998
2006-10-30,28.29,77.54,26.586521299999998
2006-10-31,27.83,81.35,26.462675249999997
2006-11-01,26.56,86.99,25.697046699999998
2006-11-02,26.58,86.39,25.675751599999998
2006-11-03,26.74,87.42,25.893114399999998
2006-11-04,26.57,86.91,25.70102035
2006-11-05,26.85,85.37,25.85625725
2006-11-06,26.23,89.14,25.529367099999998
2006-11-07,26.33,85.59,25.392413349999998
2006-11-08,26.7,84.81,25.680751
2006-11-09,26.59,86.69,25.70495155
2006-11-10,26.22,88.87,25.502560199999998
2006-11-11,25.84,86.23,24.9811651
2006-11-12,26.58,84.06,25.520946399999996
2006-11-13,26.8,82.44,25.612066
2006-11-14,27.37,81.85,26.08525225
2006-11-15,26.15,87.62,25.356751499999998
2006-11-16,26.74,85.4,25.757127999999998
2006-11-17,26.71,88.95,25.96793725
2006-11-18,26.83,87.49,25.981634349999997
2006-11-19,26.77,86.31,25.84613035
2006-11-20,26.73,83.83,25.64232495
2006-11-21,27.1,82.79,25.907347
2006-11-22,26.99,83.68,25.868897599999997
2006-11-23,27.33,82.66,26.1064029
2006-11-24,26.1,87.23,25.285274
2006-11-25,26.64,86.29,25.7245833
2006-11-26,26.98,86.95,26.084248
2006-11-27,26.66,87.23,25.8059424
2006-11-28,26.44,88.96,25.715003199999998
2006-11-29,26.87,86.45,25.94812575
2006-11-30,26.57,88.8,25.826487999999998
2006-12-01,26.65,88.87,25.90623775
2006-12-02,26.42,90.6,25.803736
2006-12-03,26.05,89.66,25.3931515
2006-12-04,26.36,87.61,25.5518003
2006-12-05,26.9,82.15,25.68263
2006-12-06,26.7,87.58,25.866618
2006-12-07,26.56,86.5,25.664544999999997
2006-12-08,26.73,86.04,25.7909806
2006-12-09,26.36,88.48,25.6085504
2006-12-10,26.45,88.24,25.677073999999998
2006-12-11,27.64,84.93,26.5508911
2006-12-12,26.47,92.8,25.995987999999997
2006-12-13,26.45,90.01,25.793407249999998
2006-12-14,26.49,90.23,25.845717349999997
2006-12-15,26.83,89.26,26.101666899999998
2006-12-16,27.24,89.01,26.4699307
2006-12-17,26.63,92.57,26.134307549999996
2006-12-18,26.57,92.84,26.0946834
2006-12-19,26.32,93.47,25.8954847
2006-12-20,26.44,93.45,26.0098615
2006-12-21,26.41,92.02,25.8872701
2006-12-22,26.11,91.03,25.53722065
2006-12-23,26.06,90.56,25.459804799999997
2006-12-24,26.04,90.95,25.4655965
2006-12-25,26.41,91.37,25.84469185
2006-12-26,26.06,93.24,25.630199199999996
2006-12-27,25.99,91.52,25.454106399999997
2006-12-28,25.47,92.5,25.017487499999998
2006-12-29,25.18,89.5,24.563229999999997
2006-12-30,25.67,89.83,25.04520605
2006-12-31,26.01,88.9,25.3073145
2007-01-01,25.59,90.94,25.0373853
2007-01-02,25.69,91.42,25.1619439
2007-01-03,25.84,91.62,25.317339399999998
2007-01-04,26.06,86.51,25.202305799999998
2007-01-05,26.19,88.22,25.4326049
2007-01-06,26.01,90.79,25.42696095
2007-01-07,26.4,90.29,25.764480499999998
2007-01-08,26.55,90.05,25.89056375
2007-01-09,25.28,93.05,24.8679345
2007-01-10,25.95,91.68,25.426047999999998
2007-01-11,25.98,92.01,25.475511400000002
2007-01-12,25.53,93.88,25.1587302
2007-01-13,25.36,93.88,24.994452399999997
2007-01-14,25.49,91.55,24.979239749999998
2007-01-15,25.41,92.52,24.961162599999998
2007-01-16,26.18,90.38,25.562011199999997
2007-01-17,26.59,90.24,25.9410088
2007-01-18,26.1,91.46,25.555148
2007-01-19,26.54,89.72,25.859258399999998
2007-01-20,26.43,92.01,25.90573615
2007-01-21,26.43,90.13,25.78237995
2007-01-22,26.04,88.54,25.3126338
2007-01-23,25.98,90.17,25.359333799999998
2007-01-24,25.85,90.56,25.260708
2007-01-25,25.5,91.11,24.962155
2007-01-26,25.93,90.34,25.3227241
2007-01-27,25.71,89.92,25.0885176
2007-01-28,24.91,86.59,24.14221045
2007-01-29,24.39,84.11,23.52566345
2007-01-30,24.11,83.32,23.2283786
2007-01-31,24.08,84.54,23.265412599999998
2007-02-01,24.36,84.45,23.516723499999998
2007-02-02,24.67,84.9,23.825381500000002
2007-02-03,24.82,86.16,24.0344416
2007-02-04,24.93,86.02,24.1280373
2007-02-05,25.25,86.85,24.47250625
2007-02-06,25.52,87.37,24.7544957
2007-02-07,25.51,86.32,24.6816076
2007-02-08,25.62,86.7,24.806572
2007-02-09,25.52,86.68,24.7126748
2007-02-10,25.51,86.27,24.67857985
2007-02-11,26.05,86.85,25.21464625
2007-02-12,26.36,86.97,25.510053099999997
2007-02-13,26.33,86.44,25.447718599999998
2007-02-14,26.53,85.87,25.59508855
2007-02-15,26.51,85.56,25.556165800000002
2007-02-16,26.38,87.74,25.578931599999997
2007-02-17,26.17,88.58,25.4370073
2007-02-18,26.14,87.15,25.317343
2007-02-19,25.83,86.73,25.003079949999997
2007-02-20,26.19,84.74,25.2088583
2007-02-21,26.59,81.59,25.36582705
2007-02-22,27.07,79.21,25.63268335
2007-02-23,26.65,84.31,25.601515749999997
2007-02-24,26.34,87.39,25.5188368
2007-02-25,26.67,84.36,25.623136600000002
2007-02-26,25.78,89.13,25.1056252
2007-02-27,26.21,85.96,25.305753799999998
2007-02-28,25.94,90.3,25.329676
2007-03-01,25.87,88.81,25.17023335
2007-03-02,25.38,90.81,24.830070399999997
2007-03-03,26.07,88,25.30638
2007-03-04,26.52,85.08,25.5336388
2007-03-05,26.52,85.36,25.5521496
2007-03-06,26.72,85.58,25.750831799999997
2007-03-07,26.5,83.56,25.41496
2007-03-08,26.59,84.18,25.5380491
2007-03-09,26.46,83.85,25.397653
2007-03-10,26.66,83.61,25.5638368
2007-03-11,27.08,84.41,26.001327899999996
2007-03-12,27.13,85.47,26.12067355
2007-03-13,26.36,88.06,25.5811538
2007-03-14,26.77,86.83,25.881222549999997
2007-03-15,27.33,83.44,26.1614436
2007-03-16,27.15,83.31,25.988793249999997
2007-03-17,26.78,85.02,25.7682508
2007-03-18,27.6,82.44,26.334802
2007-03-19,26.98,87.08,26.0931712
2007-03-20,26.85,84.09,25.76931325
2007-03-21,26.17,88.72,25.4459932
2007-03-22,26.57,84.87,25.56559495
2007-03-23,26.45,84.03,25.400371749999998
2007-03-24,27.75,80.47,26.326751249999997
2007-03-25,27.21,82.96,26.0188188
2007-03-26,27.5,82.2,26.2273
2007-03-27,28.08,80.79,26.6452051
2007-03-28,27.84,83,26.59271
2007-03-29,26.83,87.68,25.9945192
2007-03-30,26.82,87.71,25.9872296
2007-03-31,26.95,86.96,26.057085999999998
2007-04-01,27.15,82.74,25.949135499999997
2007-04-02,27.78,80.64,26.3659456
2007-04-03,27.42,84.41,26.312174600000002
2007-04-04,27.35,83.11,26.15629925
2007-04-05,27.05,83.25,25.893831249999998
2007-04-06,27.27,82.6,26.047911
2007-04-07,27.45,83.84,26.299004
2007-04-08,27.45,84.91,26.375214749999998
2007-04-09,27.48,85.58,26.450556199999998
2007-04-10,27.73,84.26,26.5846789
2007-04-11,27.72,83.92,26.550823199999996
2007-04-12,27.25,86.13,26.27736625
2007-04-13,27.07,86.84,26.1601834
2007-04-14,27.87,81.83,26.53386905
2007-04-15,27.86,83.1,26.618188
2007-04-16,28.34,79.72,26.7962864
2007-04-17,28.38,80.48,26.889843199999998
2007-04-18,27.44,85.66,26.4194222
2007-04-19,27.77,79.68,26.2869448
2007-04-20,27.54,84.13,26.401803599999997
2007-04-21,27.77,83.24,26.546771399999997
2007-04-22,28.33,79.39,26.762300349999997
2007-04-23,27.84,82.08,26.5252096
2007-04-24,27.67,80.86,26.283594100000002
2007-04-25,27.75,80.33,26.31654875
2007-04-26,27.56,82.7,26.317341
2007-04-27,27.35,84.39,26.24676325
2007-04-28,27.63,83.16,26.4138994
2007-04-29,26.81,86.7,25.9095235
2007-04-30,27.49,85.4,26.446903
2007-05-01,27.03,89.34,26.2953661
2007-05-02,26.59,89.22,25.8731839
2007-05-03,27.17,88.12,26.3421422
2007-05-04,27.77,85.28,26.6956608
2007-05-05,27.1,88.41,26.296813
2007-05-06,27.68,83.96,26.517260399999998
2007-05-07,28.17,84.07,26.97230295
2007-05-08,28.04,86.91,27.0651877
2007-05-09,27.59,88.36,26.7519782
2007-05-10,27.33,87.56,26.452171399999997
2007-05-11,27.5,85.71,26.478265
2007-05-12,28.18,83.92,26.9701408
2007-05-13,27.29,89.25,26.533791249999997
2007-05-14,27.41,89.07,26.63391535
2007-05-15,26.82,89.04,26.0773504
2007-05-16,27.31,80.31,25.92274105
2007-05-17,28.23,78.94,26.639654099999998
2007-05-18,27.82,81.08,26.4339208
2007-05-19,27.97,81.9,26.6290615
2007-05-20,27.91,83.66,26.7048433
2007-05-21,27.61,85.94,26.5962037
2007-05-22,27.58,87.04,26.6476576
2007-05-23,27.55,88.02,26.6901355
2007-05-24,27.51,87.45,26.61198475
2007-05-25,27.84,87.29,26.9074673
2007-05-26,27.69,86.39,26.70266255
2007-05-27,27.71,87.03,26.76766465
2007-05-28,27.73,85.12,26.6472568
2007-05-29,27.44,83.19,26.2436323
2007-05-30,27.42,84.27,26.3022262
2007-05-31,27.49,85.95,26.48619775
2007-06-01,27.56,83.44,26.370495199999997
2007-06-02,27.44,85.48,26.4066116
2007-06-03,27.6,86.28,26.611474
2007-06-04,27.97,80.08,26.494226799999996
2007-06-05,28.01,82.48,26.7081764
2007-06-06,26.73,86.54,25.8246131
2007-06-07,27.77,82.44,26.488383399999996
2007-06-08,27.56,83.77,26.394199099999998
2007-06-09,27.8,83.9,26.622285
2007-06-10,27.32,88.27,26.4929177
2007-06-11,27.46,83.67,26.2959976
2007-06-12,26.72,89.67,26.025720699999997
2007-06-13,27.15,88.72,26.365194
2007-06-14,27.42,86.15,26.435819000000002
2007-06-15,27.19,85.23,26.15912785
2007-06-16,27.14,83.01,25.9588552
2007-06-17,26.59,90.19,25.937684049999998
2007-06-18,27.54,83.11,26.328649199999997
2007-06-19,26.84,88.46,26.0567802
2007-06-20,27.02,80.29,25.6627694
2007-06-21,27.54,82.62,26.2935064
2007-06-22,27.83,83.14,26.593909099999998
2007-06-23,27.69,85.51,26.63882295
2007-06-24,27.92,88.16,27.046089600000002
2007-06-25,27.51,89.56,26.7629658
2007-06-26,27.33,85.23,26.287754949999997
2007-06-27,27.3,83.66,26.149663999999998
2007-06-28,27.37,83.54,26.2048789
2007-06-29,27.3,83.55,26.14192
2007-06-30,28.71,71,26.443505
2007-07-01,27.62,86.3,26.631408
2007-07-02,27.7,84.28,26.558728
2007-07-03,27.68,85.96,26.662240399999998
2007-07-04,27.64,86.12,26.6368924
2007-07-05,27.75,84.13,26.593473749999998
2007-07-06,27.49,87.39,26.589078549999996
2007-07-07,26.37,88.6,25.625751
2007-07-08,27,87.13,26.115187499999998
2007-07-09,26.19,89.02,25.4840409
2007-07-10,27.09,86.84,26.1787358
2007-07-11,27.06,88.06,26.2351848
2007-07-12,27.04,85.58,26.045452599999997
2007-07-13,27.05,83.15,25.88692875
2007-07-14,27.39,85.18,26.3393361
2007-07-15,27.48,86.18,26.4933902
2007-07-16,27.44,86.06,26.4478902
2007-07-17,27.29,86.79,26.360742549999998
2007-07-18,26.85,88.32,26.056636
2007-07-19,27.08,84.83,26.0303877
2007-07-20,27.33,84.07,26.205899549999998
2007-07-21,26.6,84.95,25.5984225
2007-07-22,26.28,86.65,25.4150535
2007-07-23,25.5,90.61,24.931905
2007-07-24,25.04,86.59,24.262622299999997
2007-07-25,26.37,80.7,25.1099995
2007-07-26,26.32,86.41,25.4365141
2007-07-27,25.98,88.59,25.2595726
2007-07-28,26.52,85.6,25.568016
2007-07-29,26.55,85.87,25.61353425
2007-07-30,26.6,88.2,25.81471
2007-07-31,26.24,85.71,25.317294699999998
2007-08-01,26.78,84.16,25.7101664
2007-08-02,26.55,82.46,25.3875365
2007-08-03,27.11,79.97,25.72081935
2007-08-04,26.69,81.57,25.454360649999998
2007-08-05,27.07,82.67,25.87189045
2007-08-06,27.1,82.18,25.865074
2007-08-07,27.45,81.97,26.16581325
2007-08-08,27.13,85,26.088025
2007-08-09,26.97,85.72,25.9906062
2007-08-10,26.93,87.26,26.0590299
2007-08-11,27.07,86.93,26.16640555
2007-08-12,26.75,88.71,25.989336249999997
2007-08-13,27.04,84.18,25.9488946
2007-08-14,26.6,88.08,25.806724
2007-08-15,26.66,88.11,25.8647968
2007-08-16,26.77,85.5,25.7914675
2007-08-17,26.84,85.24,25.8382388
2007-08-18,26.8,85.68,25.831252
2007-08-19,26.48,88.83,25.7440087
2007-08-20,25.84,87.45,25.057256499999998
2007-08-21,25.91,87.11,25.101088049999998
2007-08-22,25.58,87.47,24.816421799999997
2007-08-23,26.14,87.47,25.3378294
2007-08-24,26.5,86.81,25.629459999999998
2007-08-25,26.66,85.54,25.692915199999998
2007-08-26,26.73,84.72,25.7021908
2007-08-27,26.61,85.84,25.666873199999998
2007-08-28,26.23,88.86,25.5113029
2007-08-29,26.78,85.82,25.8222828
2007-08-30,26.31,90.16,25.6708428
2007-08-31,26.71,86.98,25.8356419
2007-09-01,26.99,87.27,26.115512649999996
2007-09-02,26.97,85.68,25.9878628
2007-09-03,25.93,88.17,25.18630705
2007-09-04,25.42,84.93,24.5148958
2007-09-05,26.51,84.86,25.5099273
2007-09-06,26.8,88.32,26.009847999999998
2007-09-07,27.02,84.13,25.9271918
2007-09-08,26.83,80.83,25.52998645
2007-09-09,27,83.2,25.845
2007-09-10,26.24,86.86,25.391550199999998
2007-09-11,26.78,85.11,25.7743294
2007-09-12,26.24,88.42,25.492279399999997
2007-09-13,27.07,84.43,25.99356805
2007-09-14,26.79,87.24,25.927487799999998
2007-09-15,26.59,88.15,25.80203425
2007-09-16,26.5,86.11,25.58326
2007-09-17,25.76,87.34,24.975966200000002
2007-09-18,26.76,85.8,25.802494
2007-09-19,27.13,85.44,26.118589599999996
2007-09-20,27.03,88.11,26.21060065
2007-09-21,26.56,86.04,25.634033199999998
2007-09-22,27.34,83.46,26.1719452
2007-09-23,27.34,83.35,26.164177
2007-09-24,27.44,81.59,26.1297603
2007-09-25,27.24,85.13,26.1980591
2007-09-26,26.92,86.28,25.9827868
2007-09-27,26.64,86.53,25.7406081
2007-09-28,27.19,82.7,25.9825465
2007-09-29,27.26,80.72,25.9069296
2007-09-30,27.4,80.46,26.013636999999996
2007-10-01,27.14,82.41,25.917143199999998
2007-10-02,27.34,81.38,26.025055599999998
2007-10-03,27.16,83.01,25.9769863
2007-10-04,27.41,84.79,26.33001395
2007-10-05,27.08,86.36,26.136248399999996
2007-10-06,27.24,84.33,26.142003099999997
2007-10-07,26.79,85.09,25.78215855
2007-10-08,26.81,82.45,25.621777249999997
2007-10-09,26.55,83.59,25.46242725
2007-10-10,26.66,85.3,25.676864
2007-10-11,27.12,82.66,25.916430599999998
2007-10-12,27.2,81.42,25.902186999999998
2007-10-13,27.08,82.44,25.865023599999997
2007-10-14,27.3,81.2,25.97648
2007-10-15,26.76,84.86,25.7391098
2007-10-16,26.56,83.16,25.4430028
2007-10-17,26.99,81.53,25.721203349999996
2007-10-18,27.3,81.03,25.964512
2007-10-19,26.76,85.5,25.782265
2007-10-20,26.8,83.28,25.668892
2007-10-21,26.84,85.55,25.8592785
2007-10-22,26.08,88.63,25.3558447
2007-10-23,25.74,88.83,25.0494706
2007-10-24,25.8,88.47,25.0834105
2007-10-25,27.3,79.37,25.847648
2007-10-26,27.56,82.45,26.299383499999998
2007-10-27,27.29,82.05,26.02730725
2007-10-28,27.27,83.96,26.1434306
2007-10-29,26.01,88.12,25.2579366
2007-10-30,26.39,85.4,25.435233
2007-10-31,26.18,83.99,25.1515176
2007-11-01,26.7,80.27,25.376116999999997
2007-11-02,27.19,81.05,25.86738475
2007-11-03,26.55,86.95,25.68511125
2007-11-04,26.51,87.83,25.70611065
2007-11-05,25.77,89.67,25.129694949999998
2007-11-06,26.1,87.22,25.284636
2007-11-07,26.79,84.02,25.709831899999998
2007-11-08,26.27,84.95,25.29573825
2007-11-09,26.06,87.17,25.244268599999998
2007-11-10,26.33,86.16,25.4295004
2007-11-11,26.11,87.58,25.3169209
2007-11-12,26.14,88.51,25.4044102
2007-11-13,26.96,85.44,25.9622032
2007-11-14,26.5,84.32,25.46512
2007-11-15,26.51,86.88,25.6433584
2007-11-16,26.63,84.83,25.61793345
2007-11-17,26.94,84.47,25.8774374
2007-11-18,26.99,85.14,25.969192299999996
2007-11-19,26.61,89.93,25.93928765
2007-11-20,25.76,92.5,25.295525
2007-11-21,25.3,90.2,24.71788
2007-11-22,26.33,86.39,25.444465349999998
2007-11-23,27.09,86.83,26.17804335
2007-11-24,26.99,86.97,26.094904149999998
2007-11-25,27.12,85.73,26.129519300000002
2007-11-26,27.11,85.49,26.103658949999996
2007-11-27,25.73,90.84,25.1642326
2007-11-28,25.71,89.91,25.08790105
2007-11-29,25.89,88.25,25.15392125
2007-11-30,25.36,85.13,24.4718149
2007-12-01,25.05,84.46,24.1482915
2007-12-02,25.39,84.64,24.4700128
2007-12-03,25.65,84.34,24.6896505
2007-12-04,25.63,86.96,24.831756399999996
2007-12-05,25.77,91.86,25.265442099999998
2007-12-06,25.38,92.92,24.9563328
2007-12-07,25.7,91.31,25.164696
2007-12-08,25.82,92.42,25.348069199999998
2007-12-09,25.91,92.85,25.46130175
2007-12-10,25.6,93.92,25.228816000000002
2007-12-11,25.85,91.43,25.315017750000003
2007-12-12,25.88,91.73,25.3623807
2007-12-13,25.65,91.83,25.148974749999997
2007-12-14,26.02,90.88,25.4421568
2007-12-15,26.07,91.15,25.50683025
2007-12-16,25.91,91.62,25.3841131
2007-12-17,25.43,91.89,24.942467349999998
2007-12-18,25.49,89.88,24.8782966
2007-12-19,25.78,89.68,25.139747200000002
2007-12-20,25.82,87.01,25.0112426
2007-12-21,25.47,90.9,24.920951499999997
2007-12-22,25.91,90.2,25.295001
2007-12-23,26.06,90.02,25.425471599999998
2007-12-24,25.3,90.51,24.736294
2007-12-25,25.99,88.23,25.24619485
2007-12-26,25.06,91.36,24.558188799999996
2007-12-27,25.28,86.66,24.4890714
2007-12-28,26.13,87.32,25.318923799999997
2007-12-29,25.92,87.82,25.1549742
2007-12-30,26.05,88.1,25.2940525
2007-12-31,25.98,89.52,25.3182928
2008-01-01,25.14,92.1,24.677692
2008-01-02,25.47,91.03,24.928795049999998
2008-01-03,24.93,91.95,24.46821175
2008-01-04,24.98,93.57,24.609374799999998
2008-01-05,25.28,90.37,24.709037300000002
2008-01-06,25.26,92.05,24.789519
2008-01-07,25.59,91.49,25.07093255
2008-01-08,25.73,92.47,25.26490955
2008-01-09,25.46,91.07,24.9216996
2008-01-10,25.86,89.09,25.1783432
2008-01-11,25.97,88.96,25.273541599999998
2008-01-12,25.69,87.59,24.92622655
2008-01-13,26.19,86.74,25.3374483
2008-01-14,25.87,87.36,25.0795576
2008-01-15,25.65,86.62,24.829471499999997
2008-01-16,26.06,83.14,24.988041199999998
2008-01-17,26.43,86.76,25.5612574
2008-01-18,25.77,88.3,25.0447755
2008-01-19,25.68,88.01,24.942734899999998
2008-01-20,25.8,88.61,25.0921115
2008-01-21,26.13,88.77,25.411673049999997
2008-01-22,26.16,87.9,25.384027
2008-01-23,26.17,88.3,25.4190355
2008-01-24,26.46,88.07,25.6752446
2008-01-25,26.54,87.76,25.7294672
2008-01-26,26.39,88.12,25.6131074
2008-01-27,26.29,90.82,25.6947229
2008-01-28,26.26,88.53,25.5181204
2008-01-29,26.53,87.32,25.6910278
2008-01-30,26.34,87.79,25.5448848
2008-01-31,26.35,88.36,25.591363
2008-02-01,25.92,90.33,25.3126273
2008-02-02,25.69,91.29,25.15394305
2008-02-03,25.34,90.85,24.794476999999997
2008-02-04,25.43,92.08,24.9538892
2008-02-05,25.48,91.41,24.9612499
2008-02-06,25.77,86.24,24.9170864
2008-02-07,25.88,86.72,25.0488048
2008-02-08,26.01,87.54,25.221219700000002
2008-02-09,25.37,85.36,24.4947476
2008-02-10,25.38,84.97,24.4806048
2008-02-11,25.54,83.93,24.564229599999997
2008-02-12,25.26,84.56,24.3462608
2008-02-13,25.81,84.87,24.868838349999997
2008-02-14,26.09,83.85,25.060518249999998
2008-02-15,25.41,86.91,24.62453455
2008-02-16,25.74,84.03,24.752734599999997
2008-02-17,25.47,83.9,24.498606499999998
2008-02-18,25.6,83.98,24.621979
2008-02-19,25.77,83.67,24.757784949999998
2008-02-20,25.61,82.67,24.55105035
2008-02-21,25.72,83.91,24.727086099999998
2008-02-22,25.91,83.07,24.847557849999998
2008-02-23,27.13,79.95,25.737226749999998
2008-02-24,26.64,83.88,25.5636676
2008-02-25,26.41,86.85,25.54860925
2008-02-26,26.16,88.75,25.4385375
2008-02-27,26.01,86.92,25.1819706
2008-02-28,26.29,86.58,25.419780099999997
2008-02-29,25.91,88.02,25.1581951
2008-03-01,25.31,92.57,24.868249349999996
2008-03-02,26.01,89.21,25.32693905
2008-03-03,25.12,90.59,24.5703619
2008-03-04,25.28,91.02,24.7475758
2008-03-05,25.64,89.69,25.0083063
2008-03-06,25.76,88.42,25.0428506
2008-03-07,26.34,86.18,25.4400416
2008-03-08,26.25,86.89,25.40276625
2008-03-09,26.09,88.34,25.3467333
2008-03-10,25.82,90.32,25.2173232
2008-03-11,25.51,92.96,25.0836928
2008-03-12,25.4,92.03,24.922198499999997
2008-03-13,25.11,91.94,24.6396587
2008-03-14,26.02,89.94,25.3825984
2008-03-15,25.97,89.81,25.327163849999998
2008-03-16,25.99,90.15,25.367529249999997
2008-03-17,26.47,88.41,25.706972349999997
2008-03-18,26.75,86.6,25.847175
2008-03-19,25.91,90.04,25.2849602
2008-03-20,26.18,86.45,25.309548
2008-03-21,26.63,85.39,25.65529385
2008-03-22,26.75,84.78,25.724552499999998
2008-03-23,26.1,88.56,25.370128
2008-03-24,26.23,89.49,25.55194735
2008-03-25,26.34,84.78,25.348873599999997
2008-03-26,27.23,81.17,25.91161755
2008-03-27,26.84,86.85,25.9475095
2008-03-28,26.87,86.81,25.97261835
2008-03-29,26.8,86.6,25.89349
2008-03-30,27.71,83.89,26.53952795
2008-03-31,25.75,84.06,24.7637125
2008-04-01,27.18,81.44,25.885625599999997
2008-04-02,27.9,79.53,26.391360999999996
2008-04-03,26.58,86.24,25.665785599999996
2008-04-04,27.04,82.39,25.8254383
2008-04-05,27.55,82.28,26.278147
2008-04-06,27.2,83.74,26.064238999999997
2008-04-07,27.33,83.5,26.165677499999997
2008-04-08,26.96,85.29,25.951923700000002
2008-04-09,28.15,78.3,26.5208725
2008-04-10,27.9,81.01,26.500436999999998
2008-04-11,27.32,81.76,26.0338976
2008-04-12,27.25,83.43,26.08802875
2008-04-13,26.98,84.24,25.898233599999998
2008-04-14,27.22,81.86,25.950925599999998
2008-04-15,27.9,79.69,26.403152999999996
2008-04-16,28.19,77.72,26.5124274
2008-04-17,27.81,83.84,26.627007199999998
2008-04-18,27.23,87.14,26.3296071
2008-04-19,26.95,86.36,26.016001
2008-04-20,27.11,86.08,26.1445784
2008-04-21,27.66,85.33,26.5981854
2008-04-22,26.96,88.76,26.189722800000002
2008-04-23,27.19,87.17,26.29453015
2008-04-24,27.01,85.23,25.99375015
2008-04-25,27.31,82.38,26.0685829
2008-04-26,27.36,85.6,26.341488
2008-04-27,27.7,85.96,26.680695999999998
2008-04-28,27.8,84.92,26.696898
2008-04-29,27.91,83.02,26.6576401
2008-04-30,27.9,81.62,26.545393999999998
2008-05-01,28.05,81.08,26.639986999999998
2008-05-02,27.68,84.56,26.5607544
2008-05-03,27.93,84.17,26.76071705
2008-05-04,27.95,85.98,26.912870499999997
2008-05-05,27.45,85.65,26.42792125
2008-05-06,27.83,81.98,26.5088637
2008-05-07,27,84.67,25.9460625
2008-05-08,27.39,84.28,26.2755306
2008-05-09,27.38,85.75,26.37053
2008-05-10,26.29,88.85,25.56697825
2008-05-11,26.97,83.13,25.812971049999998
2008-05-12,26.92,83.37,25.7840047
2008-05-13,27.14,83.9,26.020728000000002
2008-05-14,26.62,86.01,25.687426600000002
2008-05-15,27.57,82.27,26.29547895
2008-05-16,27.82,82.26,26.5203676
2008-05-17,27.96,83.46,26.7355438
2008-05-18,27.89,83.51,26.67559395
2008-05-19,27.93,83.63,26.72082995
2008-05-20,27.88,83.81,26.6885779
2008-05-21,27.82,83.64,26.6214664
2008-05-22,27.7,84.15,26.54929
2008-05-23,27.56,83.94,26.406410199999996
2008-05-24,27.37,83.14,26.1765649
2008-05-25,27.3,84.99,26.243296
2008-05-26,27.28,83.99,26.1546571
2008-05-27,26.75,87.13,25.882883749999998
2008-05-28,26.78,87.58,25.9411532
2008-05-29,26.94,88.52,26.1545384
2008-05-30,26.61,86.59,25.716826949999998
2008-05-31,26.68,85.4,25.701946
2008-06-01,26.98,86.21,26.0334544
2008-06-02,27.14,84.81,26.0839912
2008-06-03,26.73,85.7,25.7681105
2008-06-04,27.77,77.11,26.099373349999997
2008-06-05,28.02,80.08,26.538748799999997
2008-06-06,27.13,86.65,26.20264225
2008-06-07,26.57,88.58,25.811883299999998
2008-06-08,26.81,81.86,25.581831299999997
2008-06-09,27.22,84.3,26.121627999999998
2008-06-10,26.94,87.02,26.0519084
2008-06-11,26.95,87.48,26.092693
2008-06-12,27.06,86.6,26.134327999999996
2008-06-13,27.31,85.04,26.2559932
2008-06-14,27.28,86.22,26.3114038
2008-06-15,27.31,86.18,26.3363119
2008-06-16,27.07,87.22,26.1864547
2008-06-17,27.72,84.11,26.5646381
2008-06-18,26.79,84.93,25.77134335
2008-06-19,27.11,83.5,25.965642499999998
2008-06-20,26.84,86.8,25.944115999999998
2008-06-21,27.21,86.33,26.25439865
2008-06-22,26.33,87.28,25.502373199999997
2008-06-23,27.21,82.07,25.956603349999998
2008-06-24,27.16,84.38,26.0723794
2008-06-25,27.02,86.87,26.115868199999998
2008-06-26,27.36,84.72,26.2792456
2008-06-27,27.1,84.91,26.054263
2008-06-28,27.35,87,26.431225
2008-06-29,27.32,85.09,26.2686959
2008-06-30,26.98,85.54,25.9874656
2008-07-01,26.44,87,25.58629
2008-07-02,26.96,85.26,25.9498678
2008-07-03,27.03,82.03,25.79159745
2008-07-04,26.87,83.49,25.74674215
2008-07-05,27.2,85.12,26.160632
2008-07-06,27.21,85.44,26.1921832
2008-07-07,27.16,87.68,26.3021584
2008-07-08,26.32,89.83,25.6588483
2008-07-09,26.5,86.74,25.62484
2008-07-10,26.54,85.3,25.566565999999998
2008-07-11,26.49,84.37,25.45927965
2008-07-12,26.95,85.43,25.95231925
2008-07-13,27.04,87.38,26.169598599999997
2008-07-14,26.59,89.33,25.88049835
2008-07-15,25.98,89.06,25.289248399999998
2008-07-16,26.7,86.61,25.801530999999997
2008-07-17,26.73,86.81,25.84277465
2008-07-18,26.68,88.54,25.9122946
2008-07-19,26.16,89.4,25.480222
2008-07-20,26.13,86.15,25.24408475
2008-07-21,26.29,87.27,25.464523149999998
2008-07-22,26.3,87.6,25.49524
2008-07-23,26.06,87.44,25.261435199999998
2008-07-24,26.34,86.39,25.4537168
2008-07-25,25.79,90.01,25.16967095
2008-07-26,25.94,87.69,25.1654548
2008-07-27,26.56,83.88,25.4907604
2008-07-28,26.76,85.7,25.795751
2008-07-29,26.68,87.06,25.8131494
2008-07-30,26.83,86.41,25.908394149999996
2008-07-31,27,87.52,26.142
2008-08-01,27.08,85.47,26.074669299999996
2008-08-02,27.09,85.26,26.0693287
2008-08-03,26.76,86.64,25.8591352
2008-08-04,26.98,85.77,26.0032528
2008-08-05,26.98,82.85,25.802823999999998
2008-08-06,27.08,84.47,26.005479299999998
2008-08-07,26.42,89.02,25.7001512
2008-08-08,26.37,89.23,25.666880550000002
2008-08-09,26.83,85.94,25.876521099999998
2008-08-10,26.36,86.39,25.4722197
2008-08-11,26.82,88.06,26.0109456
2008-08-12,26.35,86.48,25.468834
2008-08-13,27.04,80.55,25.698533499999996
2008-08-14,27.03,84.86,25.9866269
2008-08-15,26.98,86.74,26.0698336
2008-08-16,26.71,87.17,25.84840135
2008-08-17,26.93,85.87,25.96400255
2008-08-18,27.02,84.05,25.921682999999998
2008-08-19,26.42,85.87,25.493637200000002
2008-08-20,26.61,86,25.677529999999997
2008-08-21,26.92,86.29,25.9834699
2008-08-22,26.44,86.19,25.5330973
2008-08-23,25.95,89.22,25.271129499999997
2008-08-24,26.27,88.72,25.539789199999998
2008-08-25,26.5,85.09,25.51594
2008-08-26,26.84,83.23,25.7018201
2008-08-27,27.12,82.74,25.9219834
2008-08-28,26.64,86.88,25.7639776
2008-08-29,26.22,86.53,25.3517238
2008-08-30,27.42,80.91,26.0634646
2008-08-31,27.48,82.39,26.2228221
2008-09-01,26.65,86.34,25.737170499999998
2008-09-02,26.33,89.42,25.6416123
2008-09-03,26.19,91.29,25.62999055
2008-09-04,25.72,87.1,24.923941
2008-09-05,26.18,85.77,25.2658648
2008-09-06,26.37,86.99,25.52064215
2008-09-07,26.83,81.38,25.5672847
2008-09-08,26.65,85.65,25.691061249999997
2008-09-09,26.48,85.13,25.5002157
2008-09-10,26.45,86.95,25.592288749999998
2008-09-11,26.31,86.65,25.442850749999998
2008-09-12,26.68,86.43,25.7709457
2008-09-13,26.75,85.7,25.786537499999998
2008-09-14,26.72,85.29,25.7313409
2008-09-15,26.91,82.96,25.7469348
2008-09-16,26.82,83.84,25.7249984
2008-09-17,26.83,85.74,25.862958099999997
2008-09-18,27.16,85.1,26.122512999999998
2008-09-19,27.08,84.58,26.013090199999997
2008-09-20,27.15,85.67,26.15299025
2008-09-21,27.24,84.19,26.132193299999997
2008-09-22,26.49,83.78,25.420372099999998
2008-09-23,27.2,86.46,26.254230999999997
2008-09-24,26.98,84.47,25.9140208
2008-09-25,27.67,82.63,26.41180405
2008-09-26,26.39,84.46,25.3737617
2008-09-27,27.28,81.86,26.0049394
2008-09-28,27.21,85.52,26.1977756
2008-09-29,26.99,86.31,26.04956545
2008-09-30,26.6,86.37,25.6929235
2008-10-01,26.09,85.09,25.13956205
2008-10-02,26.88,85.06,25.8627354
2008-10-03,27.48,81.12,26.1321568
2008-10-04,27.35,81.21,26.02201675
2008-10-05,27.22,82.46,25.992901599999996
2008-10-06,26.6,84.95,25.5984225
2008-10-07,26.58,84.59,25.556159599999997
2008-10-08,26.71,84.32,25.6570096
2008-10-09,27.17,82.4,25.943544
2008-10-10,28.12,78.65,26.5206715
2008-10-11,28.02,79.9,26.525364
2008-10-12,27.57,81.82,26.263130699999998
2008-10-13,27.74,80.1,26.290881999999996
2008-10-14,27.54,83.88,26.383873599999998
2008-10-15,27.52,82.36,26.2567996
2008-10-16,27.82,79.71,26.3335546
2008-10-17,27.68,83.15,26.458543499999998
2008-10-18,27.57,84,26.41984
2008-10-19,28.06,82.42,26.7488836
2008-10-20,27.68,82.92,26.4418708
2008-10-21,28.08,80.48,26.622051199999998
2008-10-22,27,87.61,26.1481875
2008-10-23,26.33,89.24,25.629900599999996
2008-10-24,26.18,86.61,25.3198264
2008-10-25,26.39,84.56,25.380301199999998
2008-10-26,27.65,76.89,25.978569249999996
2008-10-27,27.54,82.08,26.254777599999997
2008-10-28,28.25,75.31,26.38281875
2008-10-29,28.52,77.76,26.8050736
2008-10-30,26.63,82.87,25.487172049999998
2008-10-31,27.96,79.61,26.4505283
2008-11-01,27.58,81.76,26.2678144
2008-11-02,27.99,82.13,26.664135349999995
2008-11-03,27.68,77.78,26.0692722
2008-11-04,27.46,82.08,26.182662399999998
2008-11-05,27.82,81.68,26.4778768
2008-11-06,27.03,86.09,26.07139235
2008-11-07,27.59,83.93,26.43304035
2008-11-08,27.28,85.24,26.2425196
2008-11-09,27.32,81.43,26.0106293
2008-11-10,27.25,85.78,26.2528225
2008-11-11,27.26,80.76,25.9097368
2008-11-12,26.97,88.03,26.14903755
2008-11-13,26.52,91.18,25.9369098
2008-11-14,27.48,85.3,26.430567
2008-11-15,26.85,85.78,25.8841065
2008-11-16,27.27,84.85,26.20593975
2008-11-17,26.94,86.51,26.017014200000002
2008-11-18,27.37,79.45,25.91536825
2008-11-19,26.52,89.11,25.800062099999998
2008-11-20,26.32,86.34,25.4319634
2008-11-21,26.4,86.32,25.504644
2008-11-22,26.71,89.83,26.02703365
2008-11-23,27.07,89.98,26.3772673
2008-11-24,26.74,87.24,25.8809968
2008-11-25,26.59,89.04,25.8612148
2008-11-26,26.61,89.92,25.938621599999998
2008-11-27,26.17,88.75,25.44791875
2008-11-28,27.35,83.94,26.2149595
2008-11-29,26.9,87.49,26.046818
2008-11-30,27.33,84.97,26.269408049999996
2008-12-01,26.6,89.88,25.926514
2008-12-02,26.45,89.8,25.779604999999997
2008-12-03,26.39,91.5,25.8341425
2008-12-04,26.32,89.83,25.6588483
2008-12-05,26.8,87.51,25.9550515
2008-12-06,26.09,92.05,25.58322725
2008-12-07,26.12,90.83,25.5339453
2008-12-08,25.24,93.5,24.856044999999998
2008-12-09,25.89,88.76,25.1858702
2008-12-10,26.13,87.5,25.3304375
2008-12-11,26.17,88.97,25.46203945
2008-12-12,26.03,90.41,25.42185015
2008-12-13,26.32,90.16,25.6803016
2008-12-14,25.73,89.24,25.065408599999998
2008-12-15,25.77,89.44,25.1154384
2008-12-16,25.53,90.33,24.94336945
2008-12-17,25.74,88.2,25.010523999999997
2008-12-18,25.93,87.86,25.1668189
2008-12-19,25.77,87.86,25.017502099999998
2008-12-20,25.75,85.84,24.87385
2008-12-21,26,87.94,25.237205
2008-12-22,25.9,90.54,25.306858
2008-12-23,26.25,88.5,25.5068125
2008-12-24,24.8,93.38,24.424977
2008-12-25,24.9,91.77,24.429243999999997
2008-12-26,25.24,90.66,24.688286199999997
2008-12-27,26.33,87.06,25.4880589
2008-12-28,26.47,88.22,25.694463699999996
2008-12-29,25.32,89.98,24.723709799999998
2008-12-30,26.44,86.06,25.5245602
2008-12-31,26.39,89.45,25.70008275
2009-01-01,26.12,90.83,25.5339453
2009-01-02,25.75,91.53,25.225918749999998
2009-01-03,25.21,90.26,24.6362653
2009-01-04,25.37,90.68,24.8128038
2009-01-05,25.86,89.75,25.21958
2009-01-06,25.87,88.89,25.17523615
2009-01-07,25.67,89.98,25.0544213
2009-01-08,25.35,89.1,24.6995425
2009-01-09,24.92,87.79,24.2202449
2009-01-10,24.82,85.22,23.9810872
2009-01-11,25.04,86.6,24.263202
2009-01-12,25.54,85.77,24.6759544
2009-01-13,25.17,87.28,24.4235268
2009-01-14,25.05,85.67,24.21850175
2009-01-15,24.9,86.11,24.105491999999998
2009-01-16,24.64,87.55,23.9456635
2009-01-17,25.02,85.96,24.2076456
2009-01-18,25.09,84.35,24.178465749999997
2009-01-19,24.79,85.29,23.95748755
2009-01-20,25.23,84.94,24.3412341
2009-01-21,25.34,86.07,24.5094934
2009-01-22,25.65,86.52,24.823338999999997
2009-01-23,26.17,86.73,25.31826505
2009-01-24,26.47,87.69,25.659571149999998
2009-01-25,25.49,91.57,24.980448649999996
2009-01-26,25.46,88.21,24.7492988
2009-01-27,25.74,85.97,24.8726654
2009-01-28,25.32,84.59,24.4029509
2009-01-29,25.15,85.55,24.303591249999997
2009-01-30,25.58,86.14,24.735371599999997
2009-01-31,25.43,86.72,24.631672799999997
2009-02-01,25.61,84.54,24.665316699999998
2009-02-02,25.66,84.24,24.6926512
2009-02-03,25.69,85.61,24.80436745
2009-02-04,25.85,85.59,24.95045575
2009-02-05,25.53,85.82,24.6697703
2009-02-06,25.6,84.49,24.6531145
2009-02-07,25.5,85.19,24.603994999999998
2009-02-08,25.79,85.07,24.862921649999997
2009-02-09,25.8,85.35,24.8895025
2009-02-10,26.31,85.26,25.3525633
2009-02-11,26.33,85.6,25.393063999999995
2009-02-12,26.71,83.39,25.59455545
2009-02-13,26.83,82.57,25.647984549999997
2009-02-14,26.87,82.38,25.6712233
2009-02-15,27.21,81.41,25.91046605
2009-02-16,27,86.08,26.043
2009-02-17,26.48,86.55,25.5937795
2009-02-18,26.15,83.92,25.119673999999996
2009-02-19,26.6,82.2,25.41541
2009-02-20,26.83,84.42,25.7734423
2009-02-21,26.27,86.39,25.388956649999997
2009-02-22,25.78,89.49,25.1279596
2009-02-23,26.14,88.23,25.3864846
2009-02-24,25.88,88.39,25.153330099999998
2009-02-25,26.32,87.61,25.514526099999998
2009-02-26,26.14,88.84,25.4255368
2009-02-27,26.27,86.58,25.4012563
2009-02-28,25.99,89.65,25.335931749999997
2009-03-01,26.29,90.28,25.6597066
2009-03-02,26.39,89.55,25.70662225
2009-03-03,25.81,91.41,25.275659049999998
2009-03-04,27.36,84.11,26.2361003
2009-03-05,26.05,89.25,25.36710625
2009-03-06,27.97,78.74,26.394952899999996
2009-03-07,26.92,83.86,25.8174766
2009-03-08,27.8,81.98,26.481837
2009-03-09,26.14,88.21,25.3852042
2009-03-10,26.48,84.85,25.4817665
2009-03-11,26.6,83.71,25.5159005
2009-03-12,27.14,83.19,25.9713688
2009-03-13,27.01,83.81,25.89604705
2009-03-14,25.86,87.6,25.085248
2009-03-15,26.56,86.74,25.680464199999996
2009-03-16,25.66,88.55,24.957199
2009-03-17,26.96,79.73,25.5708969
2009-03-18,27.6,80.45,26.1914225
2009-03-19,27.33,83.7,26.1797905
2009-03-20,27.66,81.13,26.2941894
2009-03-21,27.26,82.14,26.0065852
2009-03-22,26.99,79.9,25.6092305
2009-03-23,27.25,84.94,26.193917499999998
2009-03-24,26.81,79.58,25.4274639
2009-03-25,27.65,78.78,26.115263499999998
2009-03-26,27.12,83.7,25.988617
2009-03-27,27.56,80.16,26.134892799999996
2009-03-28,27.38,80.36,25.988702399999998
2009-03-29,27.84,81.67,26.4951279
2009-03-30,26.73,89.12,25.9981568
2009-03-31,27.31,80.25,25.91851375
2009-04-01,27.35,84.14,26.2290945
2009-04-02,27.99,81.13,26.58994035
2009-04-03,27.65,84.74,26.546320499999997
2009-04-04,26.81,88.32,26.019205599999996
2009-04-05,27.06,86.42,26.121893599999996
2009-04-06,27.7,81.12,26.329311999999998
2009-04-07,27.53,82.9,26.3045285
2009-04-08,27.26,85.63,26.2515134
2009-04-09,27.28,86.43,26.3261647
2009-04-10,26.95,86.69,26.038597749999997
2009-04-11,27.28,85.78,26.2804762
2009-04-12,27,84.31,25.9213125
2009-04-13,27.78,80.75,26.37398
2009-04-14,27.7,86.03,26.685778
2009-04-15,27.24,86.83,26.317178099999996
2009-04-16,26.7,87.81,25.882050999999997
2009-04-17,27.88,84.91,26.7695269
2009-04-18,28.1,86.46,27.087208
2009-04-19,28.03,83.41,26.79545515
2009-04-20,27.51,86.82,26.5669051
2009-04-21,27.15,84.32,26.059064
2009-04-22,27.54,85.72,26.5158384
2009-04-23,27.78,86.07,26.762552799999998
2009-04-24,27.47,84.56,26.368587599999998
2009-04-25,28.52,79.62,26.9484982
2009-04-26,28.26,82.45,26.931816
2009-04-27,28.36,79.14,26.7698422
2009-04-28,27.57,85.05,26.495319249999998
2009-04-29,27.85,84.07,26.68033975
2009-04-30,27.75,81.41,26.39525375
2009-05-01,28.11,80.15,26.62412825
2009-05-02,27.44,84.44,26.3325948
2009-05-03,27.49,82.96,26.272577199999997
2009-05-04,27.44,82.79,26.2151643
2009-05-05,28.02,81.21,26.622775599999997
2009-05-06,27.3,86.01,26.315104
2009-05-07,28.28,79.99,26.7634421
2009-05-08,28.13,84.26,26.950050899999997
2009-05-09,27.68,83.5,26.483915
2009-05-10,28.09,79.89,26.58687805
2009-05-11,27.79,82.71,26.52618745
2009-05-12,27.59,84.57,26.479117149999997
2009-05-13,27.79,85.22,26.709655899999998
2009-05-14,28.26,78.94,26.6661792
2009-05-15,28.09,80.83,26.65713835
2009-05-16,27.89,80.15,26.42814675
2009-05-17,28,81.99,26.662757499999998
2009-05-18,27.98,75.79,26.1850706
2009-05-19,28.32,78.89,26.7154289
2009-05-20,28.43,81.57,27.01798555
2009-05-21,28.18,84.03,26.9784172
2009-05-22,28.16,83.62,26.9293706
2009-05-23,28.05,83.79,26.84194975
2009-05-24,28.26,84.14,27.0597152
2009-05-25,28.29,85.45,27.186455249999998
2009-05-26,27.99,85.42,26.9082369
2009-05-27,27.81,84.83,26.69948015
2009-05-28,27.65,87.85,26.77125125
2009-05-29,27.99,85.87,26.941624649999998
2009-05-30,28.31,84,27.09472
2009-05-31,27.72,86.24,26.719510399999997
2009-06-01,28.23,80.8,26.780112
2009-06-02,28.11,85.19,27.00139745
2009-06-03,26.83,87.4,25.975530999999997
2009-06-04,26.98,85.63,25.9936432
2009-06-05,27.69,83.94,26.5249273
2009-06-06,28.02,83.75,26.81165
2009-06-07,28.26,80.29,26.7683472
2009-06-08,27.13,83.5,25.983827499999997
2009-06-09,27.72,84.52,26.594449199999996
2009-06-10,28.14,83.22,26.8811644
2009-06-11,28.18,82.9,26.893396
2009-06-12,28.01,83.82,26.807745099999998
2009-06-13,27.48,86.13,26.4898207
2009-06-14,27.45,84.58,26.3517105
2009-06-15,27.64,83.49,26.4468223
2009-06-16,27.1,82.91,25.915663
2009-06-17,27.7,84.28,26.558728
2009-06-18,27.47,86.43,26.501984049999997
2009-06-19,27.64,86.38,26.6556826
2009-06-20,27.89,84.59,26.75513055
2009-06-21,27.85,86.39,26.85068575
2009-06-22,27.3,88.1,26.462239999999998
2009-06-23,27.42,82.79,26.197057400000002
2009-06-24,26.31,81.75,25.12457125
2009-06-25,27.58,78.88,26.0606272
2009-06-26,27.79,84.52,26.658489399999997
2009-06-27,27.33,84.77,26.255295049999997
2009-06-28,27.32,83.83,26.179853299999998
2009-06-29,27.41,82.16,26.1432708
2009-06-30,27.57,81.32,26.2271882
2009-07-01,28.07,80.76,26.6340226
2009-07-02,27.24,83.58,26.0894506
2009-07-03,26.71,87.65,25.88063575
2009-07-04,27.3,86.03,26.316512
2009-07-05,26.18,88.77,25.4585848
2009-07-06,26.85,83.19,25.70818075
2009-07-07,26.82,84.26,25.7534576
2009-07-08,27.55,81.92,26.252308
2009-07-09,27.49,84.79,26.403321549999998
2009-07-10,27.59,83.15,26.37688425
2009-07-11,26.8,87.63,25.9631695
2009-07-12,26.49,85.61,25.541051449999998
2009-07-13,27.18,80.58,25.825649199999997
2009-07-14,26.92,83.62,25.8010822
2009-07-15,26.48,87.68,25.6682352
2009-07-16,27.11,88.27,26.296465849999997
2009-07-17,27.29,87.95,26.442342749999998
2009-07-18,27.05,87.4,26.180285
2009-07-19,27.36,85.98,26.3683654
2009-07-20,27.77,86.37,26.77521445
2009-07-21,27.63,87.14,26.7013151
2009-07-22,26.33,87.31,25.504325149999996
2009-07-23,27.22,85.36,26.195785599999997
2009-07-24,26.88,87.94,26.058834599999997
2009-07-25,27.17,85.23,26.140752550000002
2009-07-26,27,86.72,26.087
2009-07-27,26.64,88.41,25.8661357
2009-07-28,27.15,86.41,26.204475749999997
2009-07-29,26.82,80.07,25.469543199999997
2009-07-30,26.79,82.12,25.581401399999997
2009-07-31,27.18,79.1,25.722434
2009-08-01,27.09,79.82,25.6926359
2009-08-02,27.24,81.83,25.966828099999997
2009-08-03,27.37,81.91,26.08949935
2009-08-04,27.45,82.17,26.18005825
2009-08-05,26.88,84.66,25.835499399999996
2009-08-06,27.54,84.53,26.4304916
2009-08-07,27.34,85.94,26.3470828
2009-08-08,27.23,85.32,26.2021798
2009-08-09,27.26,87.55,26.386259
2009-08-10,26.53,86.83,25.65860695
2009-08-11,27.36,84.55,26.267221499999998
2009-08-12,27.52,86.72,26.5690192
2009-08-13,27.66,85.83,26.6343754
2009-08-14,27.4,85.97,26.404571499999996
2009-08-15,27.2,84.38,26.108942999999996
2009-08-16,27.4,81.02,26.053368999999996
2009-08-17,27.8,78.24,26.208256
2009-08-18,27.45,82.52,26.204987
2009-08-19,27.13,81.9,25.872683499999997
2009-08-20,26.98,83.37,25.8385168
2009-08-21,26.91,84.62,25.8602381
2009-08-22,27.64,80.28,26.2148356
2009-08-23,27.25,82.34,26.0115925
2009-08-24,26.89,85.23,25.88349835
2009-08-25,27.22,80.68,25.8683728
2009-08-26,27.04,85.92,26.0689024
2009-08-27,25.84,90.59,25.253098299999998
2009-08-28,25.72,86.4,24.880744
2009-08-29,27.29,84.32,26.1869904
2009-08-30,27,87.57,26.1454375
2009-08-31,27.11,86.43,26.168852649999998
2009-09-01,26.86,85.27,25.858654599999998
2009-09-02,27.37,81.88,26.0873758
2009-09-03,27.63,83.67,26.45072905
2009-09-04,27.51,84.2,26.379431
2009-09-05,27.1,83.77,25.975261
2009-09-06,27.17,84.76,26.1080006
2009-09-07,27.26,85.86,26.2676548
2009-09-08,27.42,85,26.3541
2009-09-09,27.46,84.7,26.369416
2009-09-10,27.65,85.85,26.626601249999997
2009-09-11,27.3,86.75,26.3672
2009-09-12,27.69,86.26,26.693231700000002
2009-09-13,27.59,85.99,26.581350049999998
2009-09-14,27.45,84.36,26.336040999999998
2009-09-15,27.1,87.66,26.244838
2009-09-16,27.09,86.83,26.17804335
2009-09-17,26.61,87.39,25.77011095
2009-09-18,26.71,86.28,25.7886334
2009-09-19,26.51,84.63,25.49473465
2009-09-20,27.65,81.05,26.279441249999998
2009-09-21,27.82,80.92,26.4221992
2009-09-22,27.67,77.36,26.0300716
2009-09-23,28.17,77.24,26.4587894
2009-09-24,27.44,84.67,26.3489639
2009-09-25,27.52,83.54,26.3412994
2009-09-26,27.32,85.76,26.315937599999998
2009-09-27,27.7,80.92,26.314791999999997
2009-09-28,27.06,84.25,25.971989999999998
2009-09-29,27.5,80.08,26.075719999999997
2009-09-30,27.87,80.91,26.46621685
2009-10-01,26.58,87.28,25.7348832
2009-10-02,27.1,87.39,26.226127
2009-10-03,27.55,83.37,26.35638175
2009-10-04,27.47,84.06,26.3329201
2009-10-05,27.01,84.93,25.97310865
2009-10-06,26.72,81.11,25.4504031
2009-10-07,26.86,85.22,25.8552556
2009-10-08,26.95,87.22,26.074889499999998
2009-10-09,27.61,84.18,26.4692989
2009-10-10,27.13,86.93,26.222092449999998
2009-10-11,27.5,83.85,26.345274999999997
2009-10-12,27.16,85.87,26.1761281
2009-10-13,26.47,85.9,25.5417265
2009-10-14,26.65,85.58,25.686383499999998
2009-10-15,27.68,79.31,26.1801819
2009-10-16,27.82,78.73,26.2617598
2009-10-17,27.77,78.17,26.176737449999997
2009-10-18,28.13,77.34,26.431293099999998
2009-10-19,28.37,78.26,26.7115641
2009-10-20,27.79,81.59,26.44432105
2009-10-21,27.43,82.9,26.2139335
2009-10-22,27.32,83.78,26.1763278
2009-10-23,27.96,78.01,26.3320803
2009-10-24,28.26,75.15,26.379352
2009-10-25,27.71,79.43,26.21548665
2009-10-26,28.31,76.93,26.55771815
2009-10-27,27.84,80.25,26.390942499999998
2009-10-28,27.43,83.33,26.244512949999997
2009-10-29,27.05,87.24,26.169241
2009-10-30,26.8,87.87,25.9794055
2009-10-31,26.37,89.2,25.664922
2009-11-01,26.71,86.68,25.8154954
2009-11-02,27.45,83.56,26.279061
2009-11-03,27.61,83.49,26.41954645
2009-11-04,27.49,88.43,26.663381349999998
2009-11-05,26.93,89.64,26.2217386
2009-11-06,27.24,85.15,26.199460499999997
2009-11-07,27.79,83.19,26.561273049999997
2009-11-08,27.65,85.01,26.56584825
2009-11-09,27.46,79.62,26.0073136
2009-11-10,27.97,78.77,26.39717545
2009-11-11,28.42,77.99,26.7349144
2009-11-12,27.4,83.09,26.200235499999998
2009-11-13,26.82,83.12,25.6762112
2009-11-14,26.09,85.9,25.1911955
2009-11-15,25.95,86.88,25.123768
2009-11-16,26.79,84.07,25.713211649999998
2009-11-17,27.11,83.8,25.986449
2009-11-18,26.13,86.42,25.261355299999998
2009-11-19,26,90.07,25.371927499999998
2009-11-20,25.81,91.12,25.257619599999998
2009-11-21,25.97,89.44,25.303822399999998
2009-11-22,26.32,89.49,25.6367449
2009-11-23,25.7,88.6,24.99776
2009-11-24,26.24,88.02,25.466451399999997
2009-11-25,27.26,83.66,26.1132588
2009-11-26,27.39,82.83,26.17273285
2009-11-27,26.77,88.1,25.966928499999998
2009-11-28,26.34,88.76,25.6080512
2009-11-29,26.22,88.56,25.4825776
2009-11-30,25.82,89.26,25.1513276
2009-12-01,26.26,87.03,25.4211004
2009-12-02,26.17,88.26,25.4164681
2009-12-03,26.33,88.73,25.596717449999996
2009-12-04,25.89,91.98,25.3875871
2009-12-05,26.08,90.12,25.450742799999997
2009-12-06,25.8,88.48,25.084032
2009-12-07,26.44,86.75,25.5698725
2009-12-08,26.53,87.57,25.70756905
2009-12-09,26.46,87.71,25.651563799999998
2009-12-10,26.17,87.97,25.39785445
2009-12-11,25.82,86.08,24.9533408
2009-12-12,26.21,86.14,25.3173467
2009-12-13,26.77,87.14,25.902142899999998
2009-12-14,26.11,90.76,25.519979799999998
2009-12-15,26.27,88.67,25.53655245
2009-12-16,26.23,89.34,25.5422701
2009-12-17,26.1,89.41,25.424358
2009-12-18,25.48,90.56,24.9099184
2009-12-19,25.19,90.97,24.65908115
2009-12-20,25.73,90.82,25.1629973
2009-12-21,26.06,88.71,25.3421818
2009-12-22,26.5,88.76,25.75816
2009-12-23,26.34,90.48,25.7200576
2009-12-24,26.05,90.49,25.44587725
2009-12-25,26.36,88.99,25.641817699999997
2009-12-26,25.83,91.31,25.28848265
2009-12-27,25.67,90.9,25.110941500000003
2009-12-28,25.78,90.05,25.162702
2009-12-29,25.85,89.9,25.219507500000002
2009-12-30,25.84,90.25,25.231892499999997
2009-12-31,25.66,89.64,25.0241032
2010-01-01,26.43,88.15,25.65246225
2010-01-02,26.68,87.87,25.8674113
2010-01-03,26.73,88.6,25.963179
2010-01-04,26.66,84.91,25.6507808
2010-01-05,26.46,85.52,25.507505599999998
2010-01-06,26.66,86.17,25.7350496
2010-01-07,25.98,86.87,25.1509718
2010-01-08,26,89.94,25.363705
2010-01-09,25.94,85.17,25.006896400000002
2010-01-10,25.8,85.49,24.8982035
2010-01-11,26.18,84.79,25.202909599999998
2010-01-12,26.28,85.44,25.3366576
2010-01-13,26.12,84.58,25.134507799999998
2010-01-14,25.48,85.22,24.587435799999998
2010-01-15,25.45,85.17,24.55686325
2010-01-16,25.83,84.75,24.87969625
2010-01-17,26.31,86.03,25.40257865
2010-01-18,25.57,89.09,24.90574465
2010-01-19,25.97,83.87,24.952438949999998
2010-01-20,26.45,84.63,25.43980675
2010-01-21,26.64,85.63,25.6805151
2010-01-22,26.95,83.43,25.81536925
2010-01-23,26.43,87.43,25.60521945
2010-01-24,26.35,85.66,25.4153905
2010-01-25,26.58,85.46,25.6139624
2010-01-26,26.5,86.95,25.6387
2010-01-27,26.29,87.59,25.48527355
2010-01-28,26.41,86.27,25.51061635
2010-01-29,26.38,86.83,25.5194722
2010-01-30,26.72,85.87,25.770322699999998
2010-01-31,26.3,85.41,25.353109
2010-02-01,26.14,83.03,25.0535806
2010-02-02,26.95,82.84,25.774969
2010-02-03,26.96,84.88,25.9238264
2010-02-04,26.99,84.71,25.939653449999998
2010-02-05,27.1,84.44,26.021692
2010-02-06,27.15,83.61,26.009665749999996
2010-02-07,26.8,86.06,25.856959
2010-02-08,27.04,86.23,26.090283099999997
2010-02-09,26.99,87.69,26.14436455
2010-02-10,27.13,85.97,26.155406049999996
2010-02-11,26.98,83.85,25.871464
2010-02-12,27.22,83.57,26.070557199999996
2010-02-13,27.23,83.93,26.10485895
2010-02-14,27.1,82.5,25.88725
2010-02-15,26.87,82.37,25.67054295
2010-02-16,27.16,85.35,26.1399205
2010-02-17,27.41,85.81,26.402439049999998
2010-02-18,26.79,83.02,25.642236899999997
2010-02-19,27.2,80.5,25.837925
2010-02-20,26.63,85.56,25.666635399999997
2010-02-21,27.16,82.7,25.955401
2010-02-22,27.42,82.05,26.144473
2010-02-23,27.91,80.6,26.479152999999997
2010-02-24,27.75,82.37,26.46521375
2010-02-25,27.5,83.88,26.34742
2010-02-26,27.54,82.13,26.2583636
2010-02-27,28.01,80.05,26.52761525
2010-02-28,28.18,80.29,26.6970196
2010-03-01,27.43,82.16,26.1613084
2010-03-02,27.68,83.5,26.483915
2010-03-03,27.64,79.34,26.1469018
2010-03-04,27.76,78.81,26.2146133
2010-03-05,27.5,80.85,26.130775
2010-03-06,28.02,79.76,26.5149536
2010-03-07,27.85,79.48,26.343319
2010-03-08,27.6,78.9,26.079745
2010-03-09,27.9,81.38,26.527706
2010-03-10,26.67,82.2,25.478557000000002
2010-03-11,27.17,81.2,25.859922
2010-03-12,27.2,83.33,26.035600499999997
2010-03-13,27.03,86.38,26.0913777
2010-03-14,27.52,84.89,26.4379729
2010-03-15,27.59,85.33,26.53383335
2010-03-16,26.77,83.03,25.62477955
2010-03-17,27.46,81.54,26.144171200000002
2010-03-18,26.9,86.53,25.981346
2010-03-19,27.02,88.09,26.1998774
2010-03-20,26.25,89.05,25.542356249999997
2010-03-21,27.07,84.59,26.00462965
2010-03-22,27.56,85.61,26.5263663
2010-03-23,27.65,83.44,26.452298
2010-03-24,28.46,78.73,26.8268894
2010-03-25,27.46,87.27,26.5526056
2010-03-26,27.95,83.51,26.73015225
2010-03-27,27.04,85.32,26.027520399999997
2010-03-28,27.52,82.24,26.248206399999997
2010-03-29,27.78,81.3,26.414152
2010-03-30,27.59,81.75,26.27609125
2010-03-31,27.92,80.09,26.4504429
2010-04-01,27.48,84.22,26.3534658
2010-04-02,28.02,81.9,26.674084
2010-04-03,27.25,86.6,26.310325
2010-04-04,27.53,83.25,26.32961125
2010-04-05,27.63,83.74,26.4557841
2010-04-06,28.28,82.04,26.9188116
2010-04-07,28.4,81.15,26.9589175
2010-04-08,28.27,81.46,26.865873099999998
2010-04-09,28.39,83.25,27.11038375
2010-04-10,28.4,80.5,26.909225
2010-04-11,28.83,81.01,27.33330315
2010-04-12,28.57,82.69,27.23046565
2010-04-13,28.57,84.11,27.34035235
2010-04-14,28.56,81.19,27.1054227
2010-04-15,28.77,80.54,27.2426819
2010-04-16,28.49,80.11,26.959563949999996
2010-04-17,28.07,84.25,26.89449875
2010-04-18,27.89,83.35,26.66381075
2010-04-19,26.98,87.69,26.1350416
2010-04-20,27.56,84.92,26.476803599999997
2010-04-21,28.47,82,27.086969999999997
2010-04-22,28.62,79.5,27.02797
2010-04-23,28.79,80.21,27.234604949999998
2010-04-24,27.94,85.37,26.8585504
2010-04-25,28.19,86.1,27.1433995
2010-04-26,27.7,86.55,26.723529999999997
2010-04-27,28.04,80.41,26.581132699999998
2010-04-28,28.44,81.65,27.0331055
2010-04-29,28.04,84.54,26.8886938
2010-04-30,28.33,82.26,26.980606899999998
2010-05-01,28.51,78.27,26.83559485
2010-05-02,28.81,77.34,27.0265447
2010-05-03,29.08,78.07,27.3214333
2010-05-04,29.28,77.54,27.454226600000002
2010-05-05,29.08,78.76,27.3767644
2010-05-06,29.29,79.22,27.599650899999997
2010-05-07,29.58,76.54,27.6342276
2010-05-08,30.07,75.32,27.956528199999997
2010-05-09,29.13,79.58,27.486904699999997
2010-05-10,29.71,73.76,27.5148928
2010-05-11,29.33,79.15,27.62936975
2010-05-12,29.54,76.38,27.5861536
2010-05-13,28.71,83.67,27.43372885
2010-05-14,28.65,83.02,27.328531499999997
2010-05-15,29.22,78.91,27.512553599999997
2010-05-16,29.16,82.35,27.736880499999998
2010-05-17,27.97,88.01,27.08172085
2010-05-18,28.19,86.92,27.2051414
2010-05-19,27.24,88.21,26.413874699999997
2010-05-20,28.49,81.62,27.0757509
2010-05-21,28.47,84.04,27.243713399999997
2010-05-22,27.8,84.92,26.696898
2010-05-23,28.67,77.86,26.9445191
2010-05-24,28.96,79.75,27.3495175
2010-05-25,28.74,83.87,27.476698399999997
2010-05-26,28.33,85.35,27.215647749999995
2010-05-27,27.96,86.87,26.9879861
2010-05-28,28.52,83.81,27.2715891
2010-05-29,28.15,84.46,26.983334499999998
2010-05-30,27.92,81.49,26.5537769
2010-05-31,28.37,80.21,26.86031985
2010-06-01,28.51,80.64,27.0182152
2010-06-02,27.89,84.32,26.735246399999998
2010-06-03,28.4,82.3,27.046834999999998
2010-06-04,28.11,83.52,26.8763896
2010-06-05,28.27,81.32,26.8552702
2010-06-06,28.37,80.24,26.8626084
2010-06-07,27.72,85.45,26.662069499999998
2010-06-08,26.75,86.16,25.817529999999998
2010-06-09,27.96,76.14,26.1936442
2010-06-10,27.73,82.08,26.4260512
2010-06-11,28.24,82.21,26.895609699999998
2010-06-12,28.56,80.94,27.086090199999997
2010-06-13,27.91,85.78,26.8612039
2010-06-14,28.04,84.03,26.850714099999998
2010-06-15,27.85,79.24,26.325696999999998
2010-06-16,26.44,85.07,25.4595469
2010-06-17,27.65,75.13,25.85127725
2010-06-18,27.52,81.67,26.2073887
2010-06-19,28.21,77.31,26.49906055
2010-06-20,27.9,83.7,26.69869
2010-06-21,27.81,88,26.93154
2010-06-22,27.3,88.41,26.484064
2010-06-23,26.98,86.59,26.0595376
2010-06-24,26.77,84.15,25.70036275
2010-06-25,26.8,83.49,25.6830985
2010-06-26,27.5,85.26,26.446089999999998
2010-06-27,27.45,84.53,26.34814925
2010-06-28,27.15,85.9,26.168992499999998
2010-06-29,27.52,82.82,26.289740199999997
2010-06-30,27.68,83.94,26.5158106
2010-07-01,28.02,81.35,26.633186
2010-07-02,26.9,88.79,26.135478
2010-07-03,26.53,86.28,25.6222162
2010-07-04,26.53,79.81,25.19412865
2010-07-05,27.61,80.46,26.2010683
2010-07-06,27.68,82.31,26.3976519
2010-07-07,28.17,77.31,26.46405235
2010-07-08,26.88,82.13,25.663231699999997
2010-07-09,27.75,79.78,26.2764675
2010-07-10,27.68,81.38,26.330236199999998
2010-07-11,27.84,81.41,26.4760517
2010-07-12,27.56,83.72,26.3906076
2010-07-13,27.4,83.57,26.234291499999998
2010-07-14,27.58,84.26,26.447664399999997
2010-07-15,27.84,83.43,26.6242591
2010-07-16,27.22,86.73,26.291630799999997
2010-07-17,25.72,89.3,25.059703
2010-07-18,26.25,87.31,25.42990875
2010-07-19,27.47,80.45,26.07540075
2010-07-20,27.12,84.48,26.0427568
2010-07-21,27.96,79.87,26.4697761
2010-07-22,26.76,86.91,25.8773413
2010-07-23,27.39,85.18,26.3393361
2010-07-24,27.73,78.34,26.1539101
2010-07-25,27.91,79.67,26.41056085
2010-07-26,26.31,84.91,25.329829049999997
2010-07-27,27.06,83.61,25.9277788
2010-07-28,26.17,83.87,25.13469595
2010-07-29,27.31,85.31,26.275016049999998
2010-07-30,28,76.18,26.231365
2010-07-31,27.37,84.49,26.27212465
2010-08-01,25.98,86.82,25.1478148
2010-08-02,26.67,80.29,25.350711150000002
2010-08-03,26.98,83.66,25.8584224
2010-08-04,27.19,82.44,25.9643998
2010-08-05,26.78,85.21,25.7810834
2010-08-06,27.52,85.38,26.4730618
2010-08-07,26.73,88.23,25.93829095
2010-08-08,27.01,83.52,25.8760936
2010-08-09,26.96,87.2,26.082816
2010-08-10,27.45,86.9,26.5169525
2010-08-11,27.09,87.92,26.2535204
2010-08-12,27.55,85.61,26.51715775
2010-08-13,27.63,84.51,26.511389649999998
2010-08-14,28.22,79.06,26.6398676
2010-08-15,27.3,82.23,26.048992
2010-08-16,27.67,81.98,26.3647213
2010-08-17,27.43,82.35,26.17482025
2010-08-18,26.89,86.65,25.98026425
2010-08-19,26.28,87.08,25.4429132
2010-08-20,25.25,88.83,24.58957375
2010-08-21,26.26,80.14,24.9754552
2010-08-22,27.85,80.12,26.390311
2010-08-23,27.27,87.6,26.399085999999997
2010-08-24,27.45,87.59,26.566097749999997
2010-08-25,27.23,83.78,26.0943567
2010-08-26,27.86,81.87,26.5278076
2010-08-27,27.03,85.85,26.05485275
2010-08-28,27.08,85.68,26.0891992
2010-08-29,27,85.35,25.9928125
2010-08-30,26.72,84.76,25.695719599999997
2010-08-31,27.36,80.84,26.0048132
2010-09-01,27.36,84.68,26.2764164
2010-09-02,27.36,86.46,26.402315799999997
2010-09-03,26.91,84.77,25.87047635
2010-09-04,27.27,77.36,25.6798796
2010-09-05,26.73,82.3,25.539409499999998
2010-09-06,26.48,81.01,25.2287489
2010-09-07,28.02,70.92,25.857611199999997
2010-09-08,27.09,82.97,25.91075765
2010-09-09,27.41,79.81,25.97640905
2010-09-10,26.71,83.24,25.5844822
2010-09-11,28.13,77.33,26.43054345
2010-09-12,27.63,81.47,26.29185605
2010-09-13,27.65,82.09,26.354659249999997
2010-09-14,27.99,79.59,26.475680049999998
2010-09-15,27.08,82.7,25.883013
2010-09-16,26.74,82.37,25.553148399999998
2010-09-17,26.48,85.53,25.526571699999998
2010-09-18,28.08,76.59,26.331507099999996
2010-09-19,27.9,79.12,26.361144
2010-09-20,27.56,82.67,26.3151861
2010-09-21,27.54,82.74,26.302112799999996
2010-09-22,27.92,78.99,26.369251900000002
2010-09-23,27.37,81.38,26.0519833
2010-09-24,27.96,78.47,26.3661341
2010-09-25,28.4,76.75,26.622537499999996
2010-09-26,27.51,82.53,26.25993415
2010-09-27,27.34,82.09,26.0751958
2010-09-28,26.19,86.11,25.29694245
2010-09-29,28.15,76.27,26.368470249999998
2010-09-30,28.14,77.11,26.4227922
2010-10-01,27.74,82.87,26.492593399999997
2010-10-02,27.63,85.69,26.59660335
2010-10-03,26.86,86.45,25.938871
2010-10-04,27.25,85.8,26.254224999999998
2010-10-05,27.76,82.48,26.4822664
2010-10-06,28.31,78.92,26.7088686
2010-10-07,27.44,80.87,26.0785179
2010-10-08,28.33,77.62,26.627665299999997
2010-10-09,27.96,82.28,26.6481884
2010-10-10,28.01,76.97,26.29875585
2010-10-11,28.39,79.79,26.84605705
2010-10-12,27.96,80.79,26.537883700000002
2010-10-13,26.66,83.55,25.559824
2010-10-14,27.53,80.59,26.13898235
2010-10-15,28.38,79.06,26.781440399999997
2010-10-16,28.23,79.35,26.670615249999997
2010-10-17,27.8,83.44,26.588636
2010-10-18,28.31,76.75,26.544046249999997
2010-10-19,28.11,77.31,26.41154005
2010-10-20,28.12,79.9,26.614309
2010-10-21,27.23,83.65,26.08525475
2010-10-22,27.92,78.36,26.3227516
2010-10-23,27.27,83.54,26.113931899999997
2010-10-24,26.22,87.03,25.383953799999997
2010-10-25,25.81,87.77,25.04923285
2010-10-26,26.14,86.54,25.2782908
2010-10-27,25.14,84.18,24.2142136
2010-10-28,27.39,80.18,25.9848611
2010-10-29,26.37,88.46,25.6166111
2010-10-30,26.32,88.62,25.5801862
2010-10-31,26.47,89.09,25.75174015
2010-11-01,26.94,86.21,25.996488199999998
2010-11-02,26.95,84.19,25.86741025
2010-11-03,27.29,83.31,26.11594195
2010-11-04,26.96,85.37,25.9574061
2010-11-05,27,84.7,25.948124999999997
2010-11-06,26.2,88.04,25.430373999999997
2010-11-07,26.21,87.91,25.43134355
2010-11-08,26.56,85.76,25.615460799999997
2010-11-09,25.69,87.92,24.9465364
2010-11-10,27.52,78.64,25.9904104
2010-11-11,26.49,86.48,25.598423599999997
2010-11-12,26.63,87.24,25.7787166
2010-11-13,26.76,84.35,25.7047205
2010-11-14,26.95,84.7,25.9023325
2010-11-15,26.25,87.5,25.4421875
2010-11-16,26.53,84.8,25.524292
2010-11-17,27.26,80.68,25.904122400000002
2010-11-18,26.97,82.12,25.7437002
2010-11-19,26.96,84.61,25.9053233
2010-11-20,27.31,80.21,25.91569555
2010-11-21,27.95,78.28,26.343263
2010-11-22,27.49,82.86,26.265432699999998
2010-11-23,27.62,81.21,26.264113599999998
2010-11-24,27.55,83.49,26.36499475
2010-11-25,25.96,88.59,25.2408277
2010-11-26,26.82,82.22,25.6152272
2010-11-27,27.4,79.91,25.974614499999998
2010-11-28,27.2,83.3,26.033504999999998
2010-11-29,26.8,84.37,25.7426305
2010-11-30,26.76,84.64,25.7242752
2010-12-01,26.36,86.15,25.4565645
2010-12-02,26.54,88.04,25.748008799999997
2010-12-03,25.95,90.94,25.3794465
2010-12-04,25.43,91.19,24.900386849999997
2010-12-05,26.55,81.3,25.310657499999998
2010-12-06,26.86,83.84,25.7614432
2010-12-07,26.28,88.65,25.5446335
2010-12-08,25.55,89.59,24.91733225
2010-12-09,25.1,90.22,24.529826
2010-12-10,25.91,87.29,25.112383949999998
2010-12-11,25.84,85.83,24.9562171
2010-12-12,26.48,84.89,25.4844021
2010-12-13,26.49,84.59,25.473787549999997
2010-12-14,26.46,84.48,25.439094400000002
2010-12-15,26,88.14,25.249855
2010-12-16,25.71,84.61,24.76112955
2010-12-17,25.62,86.72,24.8077952
2010-12-18,25.03,90.63,24.48733645
2010-12-19,25.55,90.7,24.9847925
2010-12-20,25.5,88.35,24.795175
2010-12-21,25.45,89.17,24.79776325
2010-12-22,25.64,90.39,25.0511953
2010-12-23,25.67,88.74,24.9782419
2010-12-24,25.65,89.74,25.020805499999998
2010-12-25,25.81,87.43,25.028083149999997
2010-12-26,25.69,87.51,24.92130295
2010-12-27,25.93,86.83,25.10206795
2010-12-28,25.18,91.03,24.6531022
2010-12-29,25.38,91.61,24.8779424
2010-12-30,24.95,92.56,24.522385999999997
2010-12-31,25.5,90.47,24.923434999999998
2011-01-01,25.63,91.64,25.1182426
2011-01-02,25.56,91.89,25.066668699999997
2011-01-03,25.42,90.85,24.870451
2011-01-04,25.76,88.61,25.0546173
2011-01-05,25.67,89.47,25.02308945
2011-01-06,25.19,91.88,24.7125846
2011-01-07,24.37,92.05,23.93843425
2011-01-08,25.2,92.06,24.732730999999998
2011-01-09,25.71,91.32,25.1748346
2011-01-10,24.96,93.08,24.5618924
2011-01-11,24.51,89.11,23.91045105
2011-01-12,25.84,88.14,25.1002918
2011-01-13,25.33,90.05,24.737328249999997
2011-01-14,25.21,89.22,24.5750041
2011-01-15,25.49,88.11,24.771308949999998
2011-01-16,25.02,88.46,24.352295599999998
2011-01-17,24.85,89.09,24.228948250000002
2011-01-18,24.87,86.54,24.1023089
2011-01-19,25.12,83.74,24.1702534
2011-01-20,25.14,84.34,24.2235768
2011-01-21,25.27,84.26,24.3376411
2011-01-22,25.62,88.35,24.907486
2011-01-23,25.53,89.28,24.8796712
2011-01-24,25.36,89.11,24.709540299999997
2011-01-25,25.47,89.64,24.844929399999998
2011-01-26,25.52,90.91,24.9690551
2011-01-27,25.43,90.91,24.883554649999997
2011-01-28,25.27,90.55,24.710229249999998
2011-01-29,24.98,93.82,24.6237848
2011-01-30,24.81,93.21,24.42497305
2011-01-31,24.63,93.15,24.24835225
2011-02-01,24.77,91.52,24.2910072
2011-02-02,25.18,90.02,24.5937748
2011-02-03,25.15,89.65,24.54374875
2011-02-04,25.02,88.29,24.3424594
2011-02-05,24.97,87.1,24.227153499999996
2011-02-06,24.86,87.12,24.126097599999998
2011-02-07,24.92,86.25,24.1319875
2011-02-08,26.12,83.5,25.065485
2011-02-09,26.46,83.68,25.3864704
2011-02-10,26.7,83.07,25.563996999999997
2011-02-11,26.38,86.73,25.512938199999997
2011-02-12,26.19,87.01,25.35480795
2011-02-13,26.1,85.82,25.195316
2011-02-14,26.22,85.52,25.286619199999997
2011-02-15,26.22,87.09,25.3878214
2011-02-16,26.17,86.89,25.32853465
2011-02-17,26.03,87.38,25.2297027
2011-02-18,25.87,87.3,25.0758055
2011-02-19,25.67,87.37,24.89407595
2011-02-20,25.54,85.65,24.668668
2011-02-21,24.93,84.41,24.03567965
2011-02-22,25.71,89.04,25.0342612
2011-02-23,25.89,88.43,25.16519735
2011-02-24,25.92,88.32,25.1863792
2011-02-25,26.23,87.17,25.40227255
2011-02-26,26.19,87.12,25.3618804
2011-02-27,25.33,86.06,24.499663899999998
2011-02-28,25.9,83.72,24.879243999999996
2011-03-01,26.46,82.41,25.3029298
2011-03-02,26.49,83.93,25.43026385
2011-03-03,26.21,85.03,25.24585715
2011-03-04,26.5,85.52,25.54432
2011-03-05,26.61,83.78,25.5296669
2011-03-06,26.81,83.84,25.715887199999997
2011-03-07,27.57,78.95,26.05682075
2011-03-08,26.84,82.56,25.6563472
2011-03-09,26.09,89.88,25.4449006
2011-03-10,25.53,92.35,25.06591275
2011-03-11,25.35,89.64,24.731767
2011-03-12,25.9,88.9,25.20403
2011-03-13,26.45,84.94,25.460181499999997
2011-03-14,25.85,87.93,25.09653025
2011-03-15,26.02,90.07,25.390835199999998
2011-03-16,25.87,90,25.24465
2011-03-17,26.33,86.78,25.4698407
2011-03-18,26.15,89.77,25.49451275
2011-03-19,26.36,88.17,25.5883291
2011-03-20,26.58,85.57,25.621270799999998
2011-03-21,26.09,87.32,25.281713399999997
2011-03-22,25.79,90.45,25.19699275
2011-03-23,26.26,87.55,25.454734000000002
2011-03-24,26.32,85.02,25.3461502
2011-03-25,27.19,80.38,25.8206221
2011-03-26,26.79,84.49,25.74160155
2011-03-27,27.2,85.64,26.196953999999998
2011-03-28,26.21,87.88,25.4294114
2011-03-29,26.69,85.99,25.75069955
2011-03-30,26.75,86.24,25.82292
2011-03-31,26.35,88.57,25.60504975
2011-04-01,26.8,85.57,25.8238105
2011-04-02,26.84,86.34,25.9128958
2011-04-03,26.46,88.71,25.7173438
2011-04-04,26.61,85.93,25.67286765
2011-04-05,26.84,85.43,25.8511341
2011-04-06,26.25,88.12,25.482255
2011-04-07,26.69,84.16,25.6280072
2011-04-08,26.72,84.11,25.652033099999997
2011-04-09,26.92,84.37,25.8523147
2011-04-10,26.53,86.23,25.61890795
2011-04-11,25.97,89.03,25.277957549999996
2011-04-12,26.45,87.29,25.61463525
2011-04-13,26.44,86.05,25.5239035
2011-04-14,26.7,86.55,25.797504999999997
2011-04-15,26.65,87.32,25.802659
2011-04-16,27.5,82.62,26.25733
2011-04-17,27.69,81.69,26.36170105
2011-04-18,26.96,84.32,25.8854496
2011-04-19,27.93,80.22,26.4689503
2011-04-20,26.27,90.18,25.634302299999998
2011-04-21,27.89,81.5,26.5275675
2011-04-22,27.5,85.09,26.433934999999998
2011-04-23,27.42,84.07,26.2880142
2011-04-24,27.06,85.06,26.027944799999997
2011-04-25,27.15,84.76,26.089677
2011-04-26,27.39,84.45,26.28758275
2011-04-27,27.21,85.83,26.21944615
2011-04-28,27.63,83.33,26.426175949999998
2011-04-29,27.61,81.07,26.245052349999998
2011-04-30,28.52,76.6,26.715625999999997
2011-05-01,27.45,83.55,26.27834875
2011-05-02,26.16,87.84,25.3801792
2011-05-03,26.73,82.54,25.5555531
2011-05-04,28,81.14,26.599645
2011-05-05,28.22,80.65,26.759849
2011-05-06,28.43,81.19,26.98887185
2011-05-07,28.57,79.28,26.966582799999998
2011-05-08,28.48,80.72,26.9975608
2011-05-09,27.83,87.43,26.908430449999997
2011-05-10,28.27,83.05,26.98629175
2011-05-11,28.65,80.58,27.1386385
2011-05-12,28.34,80.12,26.8267344
2011-05-13,28.22,82.7,26.914541999999997
2011-05-14,27.57,86.01,26.56432885
2011-05-15,26.85,87.25,25.983956250000002
2011-05-16,27.64,82.72,26.3911744
2011-05-17,28.27,77.79,26.58792565
2011-05-18,27.83,82.76,26.566049399999997
2011-05-19,27.88,81.45,26.514905499999998
2011-05-20,27.77,83.38,26.556989299999998
2011-05-21,26.94,86.98,26.0491716
2011-05-22,27.59,83.18,26.379044099999998
2011-05-23,27.56,86.25,26.5723375
2011-05-24,28.02,84.69,26.8815484
2011-05-25,27.36,86.62,26.4136326
2011-05-26,27.58,81.41,26.242635399999998
2011-05-27,27.52,83.98,26.3728078
2011-05-28,27.83,83.96,26.654027399999997
2011-05-29,27.68,85.42,26.623095799999998
2011-05-30,27.64,86.42,26.658573399999998
2011-05-31,27.8,86.74,26.830030999999998
2011-06-01,27.9,84.3,26.74291
2011-06-02,27.84,84.58,26.7086346
2011-06-03,28.37,79.96,26.8412486
2011-06-04,28.48,82.1,27.103669
2011-06-05,26.86,88.95,26.108821
2011-06-06,26.95,80.82,25.636649499999997
2011-06-07,28.06,81.17,26.6556586
2011-06-08,28.16,83.53,26.9226089
2011-06-09,27.46,84.3,26.340904
2011-06-10,28.01,78.33,26.39981065
2011-06-11,27.91,80,26.4349
2011-06-12,27.7,83.08,26.471608
2011-06-13,27.69,82.78,26.4407751
2011-06-14,27.63,82.46,26.3633489
2011-06-15,27.5,85.81,26.485415
2011-06-16,27.55,81.71,26.237235249999998
2011-06-17,27.4,86.33,26.430113499999997
2011-06-18,26.79,87.79,25.96466505
2011-06-19,27.18,87.05,26.276867
2011-06-20,27.49,86.71,26.540495949999997
2011-06-21,27.45,87.44,26.555414
2011-06-22,27.57,85.03,26.49388155
2011-06-23,26.9,86.49,25.978617999999997
2011-06-24,27.58,85.13,26.510252199999996
2011-06-25,27.28,88.22,26.4519838
2011-06-26,27.21,84.23,26.10759815
2011-06-27,27.4,83.75,26.2470625
2011-06-28,27,85.57,26.007937499999997
2011-06-29,27.27,85.35,26.241057249999997
2011-06-30,26.93,84.07,25.840945549999997
2011-07-01,27.25,81.33,25.94076625
2011-07-02,27.14,83.64,26.0026528
2011-07-03,27.32,82.36,26.0762036
2011-07-04,27.34,85.15,26.291293
2011-07-05,27.22,86.15,26.251054
2011-07-06,27.63,84.05,26.478170749999997
2011-07-07,27.58,84.28,26.449103199999996
2011-07-08,27.65,84.15,26.503648749999996
2011-07-09,27.48,84.6,26.380594
2011-07-10,27.35,83.92,26.213546
2011-07-11,27.27,83.7,26.1251695
2011-07-12,27.17,83.95,26.051555750000002
2011-07-13,27.47,84.37,26.35503395
2011-07-14,27.29,85.41,26.26366645
2011-07-15,26.49,88.51,25.732291949999997
2011-07-16,26.31,84.97,25.33372635
2011-07-17,26.61,85.97,25.67553185
2011-07-18,26.93,85.06,25.908626899999998
2011-07-19,27.21,85.57,26.20127085
2011-07-20,27.29,85.41,26.26366645
2011-07-21,27.33,84.65,26.24682725
2011-07-22,27.23,83.23,26.05584845
2011-07-23,27.07,85.37,26.05855495
2011-07-24,27.18,85.97,26.2015478
2011-07-25,26.96,85.32,25.9539796
2011-07-26,27.29,85.32,26.2573354
2011-07-27,27.17,85.05,26.12820925
2011-07-28,27.18,84.7,26.112978
2011-07-29,27.25,84.57,26.167971249999997
2011-07-30,27.22,82.39,25.988004399999998
2011-07-31,26.96,81.83,25.7148099
2011-08-01,27.43,81.63,26.123617449999998
2011-08-02,27.42,85.57,26.3946042
2011-08-03,26.83,88.96,26.081322399999998
2011-08-04,26.22,85.29,25.2717934
2011-08-05,27.42,78.42,25.8865252
2011-08-06,27.17,87.51,26.29963435
2011-08-07,26.86,86.09,25.914398199999997
2011-08-08,27.13,80.66,25.786546899999998
2011-08-09,27.08,85.46,26.073977399999997
2011-08-10,27.48,83.03,26.2685117
2011-08-11,27.38,83.71,26.2260164
2011-08-12,27.24,83.52,26.085246399999996
2011-08-13,27.11,83.43,25.96078765
2011-08-14,27.22,84.1,26.107636
2011-08-15,26.58,86.65,25.693026
2011-08-16,26.61,85.68,25.656216399999998
2011-08-17,26.6,84.32,25.556496
2011-08-18,27.33,82.81,26.11698765
2011-08-19,27.13,85.72,26.138039799999998
2011-08-20,26.88,82.4,25.681615999999998
2011-08-21,27.08,82.2,25.848418
2011-08-22,27.2,82.41,25.971338499999998
2011-08-23,27.35,82.23,26.094105250000002
2011-08-24,27.68,82.12,26.383878799999998
2011-08-25,27.56,82.15,26.277834499999997
2011-08-26,26.55,86.28,25.640707
2011-08-27,26.78,85.01,25.767575400000002
2011-08-28,27.42,81.92,26.1352352
2011-08-29,25.98,86.82,25.1478148
2011-08-30,26.9,84.09,25.814937999999998
2011-08-31,26.99,84.42,25.9197319
2011-09-01,27.46,84.57,26.3601496
2011-09-02,27.36,82.1,26.093933
2011-09-03,26.89,85.27,25.88622415
2011-09-04,27.33,84.08,26.2066052
2011-09-05,27.22,84.75,26.153109999999998
2011-09-06,27.42,83.35,26.236851
2011-09-07,27.22,84.07,26.105537199999997
2011-09-08,27.18,83.72,26.0446328
2011-09-09,27.34,84.67,26.2573954
2011-09-10,26.94,85.34,25.9369628
2011-09-11,26.74,86.48,25.829833599999997
2011-09-12,27.01,88.29,26.20429345
2011-09-13,26.96,87.17,26.0807601
2011-09-14,27.72,80.82,26.3254222
2011-09-15,27.04,81.71,25.7785387
2011-09-16,27.18,80.2,25.799148
2011-09-17,27.89,78.78,26.3272531
2011-09-18,27.15,83.84,26.025667999999996
2011-09-19,27.1,81.54,25.820722
2011-09-20,26.52,84.4,25.488684
2011-09-21,26.9,83.39,25.767197999999997
2011-09-22,27.13,78.33,25.62469345
2011-09-23,27.55,81.17,26.19847675
2011-09-24,27.87,81.95,26.54269325
2011-09-25,27.67,82.54,26.4052849
2011-09-26,26.54,89.53,25.8466766
2011-09-27,27.11,83.09,25.93720695
2011-09-28,26.67,82.92,25.526750200000002
2011-09-29,27.69,82.45,26.416835250000002
2011-09-30,26.86,81.68,25.6146064
2011-10-01,27.67,81.45,26.32633075
2011-10-02,26.37,85.24,25.4063934
2011-10-03,27.76,82.23,26.4640339
2011-10-04,25.93,88.82,25.2271693
2011-10-05,26.48,82.93,25.3552577
2011-10-06,27.11,82.39,25.888658449999998
2011-10-07,26.89,86.07,25.94074015
2011-10-08,26.59,83.45,25.489507749999998
2011-10-09,26.69,83.79,25.60320055
2011-10-10,27.06,83.73,25.9360684
2011-10-11,26.04,87.8,25.265666
2011-10-12,26.15,85.44,25.217067999999998
2011-10-13,27.64,81.75,26.3210725
2011-10-14,27.23,85.52,26.2161828
2011-10-15,27.37,85.73,26.35989805
2011-10-16,27.24,84.37,26.144805899999998
2011-10-17,27.16,84.23,26.0619349
2011-10-18,26.6,86.35,25.6915925
2011-10-19,26.32,83.24,25.230432399999998
2011-10-20,27.28,79.42,25.8334318
2011-10-21,26.86,82.89,25.696862199999998
2011-10-22,26.5,84.59,25.48294
2011-10-23,26.79,83.66,25.6854977
2011-10-24,27.08,83.49,25.937673099999998
2011-10-25,26.73,83.3,25.6066745
2011-10-26,26.59,85.96,25.6564102
2011-10-27,26.2,85.68,25.278508
2011-10-28,26.55,85.75,25.60558125
2011-10-29,27.06,83.38,25.911890399999997
2011-10-30,27.44,83.18,26.2429206
2011-10-31,26.59,88.78,25.8439261
2011-11-01,26.61,88.85,25.867354249999998
2011-11-02,26.3,87.61,25.495889
2011-11-03,26.47,85.93,25.543701549999998
2011-11-04,25.73,83.65,24.72014225
2011-11-05,26.85,84.72,25.812106
2011-11-06,26.09,86.14,25.2064943
2011-11-07,26.85,84.18,25.775426500000002
2011-11-08,26.47,87.63,25.655621049999997
2011-11-09,26.72,85.75,25.762257499999997
2011-11-10,27.19,83.89,26.06560255
2011-11-11,26.89,87.35,26.02796575
2011-11-12,26.51,86.97,25.64930335
2011-11-13,26.85,81.69,25.60629325
2011-11-14,26.42,86.35,25.525106
2011-11-15,26.07,89.17,25.38083295
2011-11-16,25.91,87.93,25.15254715
2011-11-17,26.32,88.26,25.5567826
2011-11-18,27.01,83.24,25.8568282
2011-11-19,26.81,86.46,25.893274299999998
2011-11-20,26.29,90.66,25.684347699999996
2011-11-21,26.28,89.28,25.5854512
2011-11-22,26.7,88.95,25.958544999999997
2011-11-23,25.77,90.39,25.174324149999997
2011-11-24,26.44,89.89,25.7760763
2011-11-25,26.88,90.22,26.214079799999997
2011-11-26,27.02,89.3,26.283198
2011-11-27,26.85,90.04,26.173467000000002
2011-11-28,26.76,89.54,26.054682200000002
2011-11-29,27.25,85.56,26.237395
2011-11-30,26.6,91.32,26.022346
2011-12-01,26.22,92.82,25.757177199999997
2011-12-02,25.23,90.16,24.6492924
2011-12-03,25.67,85,24.748475
2011-12-04,26.58,85.72,25.631236799999996
2011-12-05,26.46,82.9,25.335162
2011-12-06,26.81,81.95,25.58792475
2011-12-07,26.54,87.11,25.686424199999998
2011-12-08,26.96,84.47,25.8957291
2011-12-09,26.52,88.81,25.7802291
2011-12-10,26.45,89.51,25.760544749999998
2011-12-11,25.84,92.33,25.361622099999998
2011-12-12,25.38,92.5,24.931199999999997
2011-12-13,25.84,89.53,25.1869861
2011-12-14,26.24,87.91,25.459348699999996
2011-12-15,26.04,89.11,25.3488117
2011-12-16,25.94,91.46,25.4026632
2011-12-17,25.83,93.14,25.4025191
2011-12-18,25.85,93.08,25.418019
2011-12-19,25.41,94.74,25.0943737
2011-12-20,25.55,92.08,25.068662
2011-12-21,25.94,90.76,25.3586192
2011-12-22,25.63,92.19,25.151910849999997
2011-12-23,25.9,94.28,25.541355999999997
2011-12-24,25.89,94.06,25.5178887
2011-12-25,25.26,92.31,24.8049058
2011-12-26,25.72,90.27,25.1195617
2011-12-27,26.21,90.14,25.5749667
2011-12-28,25.37,91.67,24.87199095
2011-12-29,25.24,91.62,24.7449934
2011-12-30,26.19,88.99,25.48211205
2011-12-31,26.14,85.86,25.2347572
2012-01-01,27.21,83.04,26.0244112
2012-01-02,26.27,89.76,25.607113599999998
2012-01-03,26.16,88.99,25.4539287
2012-01-04,25.63,88.88,24.9492892
2012-01-05,25.8,89.58,25.152397
2012-01-06,25.92,88.4,25.191404000000002
2012-01-07,25.8,89.01,25.116971500000002
2012-01-08,24.9,91.99,24.441827999999997
2012-01-09,24.96,91.33,24.4612149
2012-01-10,25.17,93.11,24.76566035
2012-01-11,25.69,91.43,25.162559350000002
2012-01-12,24.45,90.66,23.938868499999998
2012-01-13,25.35,89.35,24.71446125
2012-01-14,26.32,86.34,25.4319634
2012-01-15,26.83,82.91,25.671041649999996
2012-01-16,27.31,81.27,25.990377849999998
2012-01-17,27.15,83.27,25.98601025
2012-01-18,27.05,82.47,25.83999175
2012-01-19,26.98,84.12,25.8899968
2012-01-20,26.45,85.69,25.509475249999998
2012-01-21,26.9,81.76,25.656032
2012-01-22,26.61,83.54,25.5136817
2012-01-23,25.1,90.95,24.572385
2012-01-24,25.59,87.49,24.826952549999998
2012-01-25,25.55,89.36,24.903354
2012-01-26,25.31,88.1,24.602485499999997
2012-01-27,25.78,88.41,25.0609564
2012-01-28,25.77,88.86,25.079487099999998
2012-01-29,26.09,88.14,25.333984299999997
2012-01-30,25.99,87.91,25.225972449999997
2012-01-31,25.78,89.53,25.1304412
2012-02-01,25.68,90.21,25.078012899999997
2012-02-02,25.94,89.29,25.266126800000002
2012-02-03,24.76,91.5,24.280345
2012-02-04,25.9,87.95,25.144464999999997
2012-02-05,26.25,87.38,25.4344325
2012-02-06,26.23,87.42,25.4184013
2012-02-07,26.37,84.51,25.35873535
2012-02-08,26.12,83.69,25.0776279
2012-02-09,25.93,83.91,24.91850215
2012-02-10,26.49,84.88,25.492911599999996
2012-02-11,26.35,88.03,25.56985525
2012-02-12,26.33,89.35,25.637057749999997
2012-02-13,26.13,89.06,25.430222899999997
2012-02-14,26.36,86.81,25.4996163
2012-02-15,26.73,84.34,25.6766301
2012-02-16,26.53,84.17,25.48260805
2012-02-17,26.28,86.59,25.4111661
2012-02-18,26.55,83.98,25.4882745
2012-02-19,25.62,89.32,24.9668112
2012-02-20,26.55,85.58,25.5943145
2012-02-21,26.02,87.74,25.2432064
2012-02-22,26.78,86.39,25.860780600000002
2012-02-23,27.09,84.67,26.028474149999997
2012-02-24,27.06,84.96,26.021036799999997
2012-02-25,26.95,83.8,25.840705
2012-02-26,26.78,83.23,25.6473542
2012-02-27,26.88,81.86,25.6448474
2012-02-28,26.9,85.02,25.878363999999998
2012-02-29,26.83,86.1,25.887371499999997
2012-03-01,26.06,90.66,25.4661628
2012-03-02,25.56,89.9,24.945617
2012-03-03,27.39,78.84,25.8898618
2012-03-04,27.49,76.05,25.77889225
2012-03-05,27.13,81.14,25.8198901
2012-03-06,28.14,77.24,26.4325448
2012-03-07,27.35,84.08,26.224854
2012-03-08,26.83,80.97,25.539480549999997
2012-03-09,26.74,85.87,25.7887684
2012-03-10,26.66,84.92,25.6514496
2012-03-11,25.91,91.12,25.3527356
2012-03-12,25.44,89.06,24.7817402
2012-03-13,25.65,87.08,24.857681
2012-03-14,24.95,87.36,24.223516
2012-03-15,25.76,88.45,25.044708500000002
2012-03-16,26.91,84.18,25.8302059
2012-03-17,27.16,84.15,26.0563645
2012-03-18,26.72,86.32,25.800567199999996
2012-03-19,27.42,80.86,26.0599116
2012-03-20,27.07,84.81,26.019839349999998
2012-03-21,27.51,82.95,26.28998725
2012-03-22,28.29,79.27,26.717733149999997
2012-03-23,28.21,78.72,26.6053816
2012-03-24,27.97,80.83,26.549790549999997
2012-03-25,27.55,83.25,26.34776875
2012-03-26,27.17,86.57,26.23413045
2012-03-27,26.86,86.04,25.9109992
2012-03-28,26.99,84.45,25.921792749999998
2012-03-29,27.77,79.99,26.30957015
2012-03-30,26.78,87,25.901980000000002
2012-03-31,26.24,87.44,25.429000799999997
2012-04-01,27.48,82.14,26.2049746
2012-04-02,26.9,85.44,25.907007999999998
2012-04-03,27.32,81.42,26.0099242
2012-04-04,26.54,83.54,25.4500188
2012-04-05,27.62,79.95,26.173192
2012-04-06,27.46,81.15,26.116372000000002
2012-04-07,27.38,80.99,26.033331599999997
2012-04-08,27.27,83.83,26.13430005
2012-04-09,27.64,80.8,26.252416
2012-04-10,27.83,80.74,26.4179531
2012-04-11,27.31,81.91,26.035469049999996
2012-04-12,28.19,78.96,26.6057932
2012-04-13,28.14,80.92,26.7086184
2012-04-14,27.81,82.72,26.545017599999998
2012-04-15,28.21,79.07,26.63177335
2012-04-16,28.7,77.37,26.932596999999998
2012-04-17,28.57,76.23,26.730558549999998
2012-04-18,28.34,80.05,26.821406
2012-04-19,28.01,80.42,26.555108100000002
2012-04-20,28.64,76.39,26.8038503
2012-04-21,27.55,86.41,26.57457775
2012-04-22,27.45,83.15,26.249858749999998
2012-04-23,28.92,79.6,27.302076
2012-04-24,27.9,84.51,26.758387
2012-04-25,27.66,81.18,26.2978084
2012-04-26,28.07,80.38,26.605661299999998
2012-04-27,28.26,78.34,26.6207712
2012-04-28,29.19,68.5,26.6449575
2012-04-29,28.81,76.91,26.99270155
2012-04-30,28.4,79.53,26.8350685
2012-05-01,28.37,81.32,26.9449962
2012-05-02,27.51,86.95,26.57620725
2012-05-03,27.52,83.36,26.328409599999997
2012-05-04,28.01,81.88,26.6635934
2012-05-05,27.67,81.83,26.35385605
2012-05-06,27.66,83.91,26.4954058
2012-05-07,27.38,81.75,26.087169999999997
2012-05-08,28.64,77.57,26.8956189
2012-05-09,28.32,80.94,26.8712494
2012-05-10,28.67,78.9,27.0255715
2012-05-11,28.3,81.24,26.876116
2012-05-12,27.78,84.17,26.6237768
2012-05-13,27.61,81.13,26.249378649999997
2012-05-14,28.35,79.51,26.789174250000002
2012-05-15,28.6,78.13,26.9039815
2012-05-16,27.86,83.06,26.6152488
2012-05-17,27.35,83.42,26.1782085
2012-05-18,28.2,84.01,26.995153499999997
2012-05-19,28.56,83.6,27.291787999999997
2012-05-20,28.2,81.73,26.823355499999998
2012-05-21,28.22,83.42,26.968873199999997
2012-05-22,28.25,81.95,26.88496875
2012-05-23,26.95,86.87,26.05092325
2012-05-24,28.06,82.38,26.745900399999996
2012-05-25,27.27,87.85,26.41664475
2012-05-26,27.89,87.01,26.93335145
2012-05-27,27.61,84.16,26.4678568
2012-05-28,28.22,80.8,26.771168
2012-05-29,27.47,84.96,26.3971216
2012-05-30,28.2,81.66,26.818081
2012-05-31,27.99,82.2,26.669328999999998
2012-06-01,28.03,79.63,26.51416645
2012-06-02,28.17,82.69,26.86854765
2012-06-03,27.58,87.26,26.663484399999998
2012-06-04,27.99,86.05,26.954979749999996
2012-06-05,28,85.7,26.938225
2012-06-06,27.36,82.58,26.127883399999998
2012-06-07,28.02,81.2,26.622031999999997
2012-06-08,27.41,88.68,26.6062234
2012-06-09,26.06,84.01,25.043355799999997
2012-06-10,27.5,82.01,26.213715
2012-06-11,27.9,86.01,26.868937
2012-06-12,27.71,85.53,26.65868215
2012-06-13,28.03,82.88,26.7560152
2012-06-14,28.17,81.37,26.769303450000002
2012-06-15,28.21,81.52,26.8165156
2012-06-16,27.93,80.06,26.4571319
2012-06-17,27.9,80.12,26.434844
2012-06-18,28.08,80.37,26.613835299999998
2012-06-19,28.04,82.37,26.7270939
2012-06-20,27.73,83.84,26.554117599999998
2012-06-21,27.21,87.46,26.3333913
2012-06-22,28.19,79.67,26.65925265
2012-06-23,27.66,82.9,26.422302
2012-06-24,27.66,83.26,26.4483588
2012-06-25,27.61,82.58,26.353930899999998
2012-06-26,27.57,82.37,26.30266745
2012-06-27,27.14,85.19,26.1104088
2012-06-28,27.36,82.15,26.0974695
2012-06-29,27.71,81.98,26.4007569
2012-06-30,27.43,83.75,26.274381249999998
2012-07-01,27.32,85.76,26.315937599999998
2012-07-02,26.9,87.15,26.023629999999997
2012-07-03,26.2,87.17,25.3743895
2012-07-04,26.67,87,25.799845
2012-07-05,26.59,87.06,25.729554699999998
2012-07-06,26.6,86.88,25.726864
2012-07-07,26.75,87.11,25.88153625
2012-07-08,26.96,83.31,25.8162343
2012-07-09,27.06,82.73,25.866988399999997
2012-07-10,27.17,83.54,26.0229849
2012-07-11,26.72,86.66,25.823418599999997
2012-07-12,26.9,86.75,25.996349999999996
2012-07-13,26.66,87.54,25.8266752
2012-07-14,26.36,89.87,25.699220099999998
2012-07-15,26.64,86.31,25.7259187
2012-07-16,26.63,85.83,25.684648449999997
2012-07-17,26.37,86.25,25.47233125
2012-07-18,26.89,81.4,25.622503
2012-07-19,26.93,82.89,25.76027485
2012-07-20,27.19,82.58,25.9741711
2012-07-21,27.22,86.22,26.2559512
2012-07-22,27.48,84.73,26.3898747
2012-07-23,27.21,82.37,25.97757485
2012-07-24,27.27,79.1,25.802088499999996
2012-07-25,27.5,81.66,26.188689999999998
2012-07-26,27.44,84.34,26.3254778
2012-07-27,27.24,86.55,26.297558499999997
2012-07-28,27.25,86.58,26.308922499999998
2012-07-29,27.17,85.31,26.14632735
2012-07-30,27.2,83.16,26.023725999999996
2012-07-31,27.39,81.14,26.0529203
2012-08-01,27.06,83.52,25.921561599999997
2012-08-02,27.22,84.03,26.102738799999997
2012-08-03,27.08,85.37,26.067750299999997
2012-08-04,27.06,86.23,26.1087684
2012-08-05,27.16,86.12,26.1935356
2012-08-06,26.93,86.4,26.000236
2012-08-07,27.25,84.26,26.1462325
2012-08-08,27.13,82.27,25.898385549999997
2012-08-09,27.24,79.28,25.788149599999997
2012-08-10,27.68,79.21,26.1729329
2012-08-11,27.28,85.2,26.239708
2012-08-12,27.23,84.14,26.1195621
2012-08-13,27.3,82.44,26.063776
2012-08-14,27.83,81.64,26.483936599999996
2012-08-15,27.61,81.61,26.28398905
2012-08-16,27.53,80.02,26.0981333
2012-08-17,26.77,84.72,25.738829199999998
2012-08-18,27.09,83.83,25.97030835
2012-08-19,27.36,83.74,26.2099302
2012-08-20,27.61,82.29,26.33302045
2012-08-21,27.07,84.64,26.0080864
2012-08-22,27.4,82.74,26.175402999999996
2012-08-23,27.2,82.04,25.945494
2012-08-24,27.18,84.49,26.0983326
2012-08-25,27.45,85.75,26.43504375
2012-08-26,27.6,82.12,26.311746
2012-08-27,26.63,85.9,25.6893185
2012-08-28,26.29,84.35,25.27517575
2012-08-29,26.92,84.99,25.8946669
2012-08-30,26.56,86.52,25.6658716
2012-08-31,26.94,84.57,25.8842794
2012-09-01,27.25,83.78,26.1125725
2012-09-02,27.38,84.75,26.29969
2012-09-03,27.63,83.56,26.442785399999998
2012-09-04,27.31,85.24,26.2700842
2012-09-05,25.98,88.75,25.269675
2012-09-06,26.5,86.49,25.60834
2012-09-07,26.68,88.94,25.9390906
2012-09-08,26.51,87.81,25.70478955
2012-09-09,26.64,82.04,25.4408108
2012-09-10,26.6,84.52,25.569806
2012-09-11,27,84.73,25.9501875
2012-09-12,27.54,78.86,26.023839199999998
2012-09-13,27.24,78.67,25.7454069
2012-09-14,27.53,76.3,25.831539499999998
2012-09-15,27.37,83.96,26.234608599999998
2012-09-16,27.26,85.08,26.2129144
2012-09-17,27.04,86.13,26.0833861
2012-09-18,27.35,86.17,26.372564750000002
2012-09-19,27.53,85.37,26.48154105
2012-09-20,27.98,79.65,26.471251
2012-09-21,27.24,82.75,26.031292499999996
2012-09-22,27.33,80.78,25.973740699999997
2012-09-23,27.85,79.89,26.373423250000002
2012-09-24,27.06,82.8,25.871823999999997
2012-09-25,27.19,82.73,25.98464035
2012-09-26,25.9,83.38,24.857926
2012-09-27,27.55,81.34,26.2106785
2012-09-28,27.37,81.66,26.0718031
2012-09-29,27.1,79.45,25.675885
2012-09-30,27.15,82.97,25.965137749999997
2012-10-01,28.28,77.9,26.605041
2012-10-02,27.54,80.38,26.132853599999997
2012-10-03,28.26,76.97,26.5170896
2012-10-04,27.46,83.07,26.2532296
2012-10-05,27.12,81.65,25.8463265
2012-10-06,27.65,78.68,26.108030999999997
2012-10-07,26.84,82.4,25.645488
2012-10-08,27.86,77.16,26.1817168
2012-10-09,28.07,76.63,26.32578005
2012-10-10,28.03,79.81,26.52756115
2012-10-11,27.98,77.17,26.2873838
2012-10-12,27.79,80.85,26.390230749999997
2012-10-13,27.33,83.47,26.163560549999996
2012-10-14,27.47,76.95,25.825728249999997
2012-10-15,28.5,73.53,26.46181
2012-10-16,27.64,80.83,26.2545841
2012-10-17,27.62,79.95,26.173192
2012-10-18,26.91,83.62,25.7919831
2012-10-19,27.37,80.64,25.9996024
2012-10-20,27.11,83.64,25.9753522
2012-10-21,26.4,84.78,25.403851
2012-10-22,26.72,80.41,25.403356099999996
2012-10-23,27.9,77.8,26.263859999999998
2012-10-24,28.27,78.53,26.643969549999998
2012-10-25,27.86,81.71,26.5160508
2012-10-26,27.61,80.78,26.2241419
2012-10-27,27.76,77.95,26.1518935
2012-10-28,27.72,79.17,26.205450699999997
2012-10-29,27.69,81.04,26.314546800000002
2012-10-30,26.53,86.63,25.64537395
2012-10-31,26.54,86.56,25.6500032
2012-11-01,27.43,82.15,26.16059725
2012-11-02,27.53,80.65,26.14328225
2012-11-03,26.08,87.99,25.3150831
2012-11-04,26.59,84.7,25.5726265
2012-11-05,26.66,81.12,25.3973056
2012-11-06,26.36,86.94,25.508096199999997
2012-11-07,27.54,81.75,26.231109999999997
2012-11-08,27.64,82.39,26.3673253
2012-11-09,27.53,86.03,26.528839950000002
2012-11-10,27.35,84.17,26.23121475
2012-11-11,27.28,83.08,26.0906932
2012-11-12,26.93,84.49,25.86965885
2012-11-13,25.95,87.85,25.18485375
2012-11-14,27.1,81.35,25.807555
2012-11-15,28.1,77.45,26.41326
2012-11-16,28.11,81.27,26.707965849999997
2012-11-17,28.13,80.79,26.68992235
2012-11-18,26.82,81.47,25.564407199999998
2012-11-19,26.88,83.92,25.785112799999997
2012-11-20,27.67,77.78,26.060494300000002
2012-11-21,27.74,81.14,26.366614799999997
2012-11-22,27.73,83.55,26.53301575
2012-11-23,27.4,83.92,26.259123999999996
2012-11-24,27.08,84.99,26.041458099999996
2012-11-25,27.18,82.62,25.9679188
2012-11-26,27.87,80.38,26.4272433
2012-11-27,27.34,85.46,26.3131852
2012-11-28,28.07,79.76,26.5593876
2012-11-29,27.24,85.38,26.2155766
2012-11-30,27.86,80.72,26.4433056
2012-12-01,27.69,82.79,26.44150055
2012-12-02,26.97,85.02,25.9425967
2012-12-03,25.91,88.09,25.16258795
2012-12-04,26.51,84.2,25.466331
2012-12-05,26.6,84.04,25.537862
2012-12-06,27.1,87.38,26.225434
2012-12-07,26.69,87.19,25.83115355
2012-12-08,26.89,84.47,25.83170815
2012-12-09,27.01,82.6,25.812793
2012-12-10,26.37,87.55,25.55720175
2012-12-11,26.39,85.8,25.461391
2012-12-12,26.53,88.47,25.767117550000002
2012-12-13,25.92,88.35,25.1882635
2012-12-14,26.63,90.08,25.9681872
2012-12-15,26.6,88.74,25.850647
2012-12-16,26.56,86.51,25.665208299999996
2012-12-17,26.39,88.67,25.64907465
2012-12-18,26.13,87.13,25.30677045
2012-12-19,25.94,86.66,25.1006472
2012-12-20,26.59,87.92,25.7867404
2012-12-21,26.34,89.23,25.6386576
2012-12-22,26.36,88.58,25.6150734
2012-12-23,26.32,90.09,25.6757509
2012-12-24,25.58,90.79,25.018742599999996
2012-12-25,25.74,86.99,24.935721799999996
2012-12-26,26.12,87.54,25.3236814
2012-12-27,26.47,90.2,25.824817
2012-12-28,26.65,90.49,26.01449425
2012-12-29,26.55,90.49,25.91972475
2012-12-30,27.46,81.26,26.1242128
2012-12-31,25.85,93.45,25.44111625
2013-01-01,26.72,85.72,25.7602412
2013-01-02,26.77,85.93,25.82048605
2013-01-03,26.18,91.54,25.6365296
2013-01-04,26.32,85.78,25.3955578
2013-01-05,25.3,89.2,24.65848
2013-01-06,26.93,84.43,25.86555695
2013-01-07,27.15,88.13,26.32414475
2013-01-08,26.53,90.96,25.9318684
2013-01-09,25.82,89.56,25.1700056
2013-01-10,25.66,90.67,25.0873246
2013-01-11,26.04,89.64,25.382450799999997
2013-01-12,26.1,89.32,25.418616
2013-01-13,25.93,89.81,25.28940565
2013-01-14,26.19,87.68,25.397885600000002
2013-01-15,26.22,86.72,25.363971199999998
2013-01-16,26.04,86.07,25.1558629
2013-01-17,26.12,85.76,25.2099216
2013-01-18,26.32,89.49,25.6367449
2013-01-19,25.15,92.86,24.731774499999997
2013-01-20,25.62,93.45,25.219402
2013-01-21,25.91,90.18,25.2937459
2013-01-22,25.26,93.25,24.860535000000002
2013-01-23,25.72,91.67,25.205955699999997
2013-01-24,25.87,89.37,25.205252950000002
2013-01-25,25.48,86.91,24.6894949
2013-01-26,25.73,84.63,24.78067195
2013-01-27,26.14,85.97,25.241799399999998
2013-01-28,25.8,85.04,24.870236000000002
2013-01-29,25.94,85.86,25.0503112
2013-01-30,26.17,85.24,25.2226294
2013-01-31,26.64,86.54,25.7412758
2013-02-01,26.49,86.14,25.5760023
2013-02-02,26.66,86.48,25.7557824
2013-02-03,25.89,93.69,25.49471005
2013-02-04,25.73,92.36,25.2581154
2013-02-05,25.77,91.11,25.21895335
2013-02-06,25.64,88.65,24.9445855
2013-02-07,26.41,86.25,25.509306249999998
2013-02-08,26.46,86.32,25.5601296
2013-02-09,26.3,87.85,25.511465
2013-02-10,25.6,91.21,25.0633705
2013-02-11,25.67,92.07,25.18282045
2013-02-12,26,90.08,25.37256
2013-02-13,26.3,89.07,25.590643
2013-02-14,25.58,89.49,24.939520599999998
2013-02-15,25.69,91.21,25.14901945
2013-02-16,25.53,90.08,24.9282032
2013-02-17,25.07,90.34,24.5084159
2013-02-18,26.02,89.44,25.350918399999998
2013-02-19,25.22,92.74,24.791950399999998
2013-02-20,26,87.19,25.1897675
2013-02-21,25.38,90.03,24.783395199999998
2013-02-22,25.71,87.97,24.96829035
2013-02-23,26.56,85.71,25.612144299999997
2013-02-24,26.26,91.73,25.7250964
2013-02-25,26.26,90.44,25.6416592
2013-02-26,26.42,91.29,25.8489724
2013-02-27,26.63,87.18,25.7747137
2013-02-28,25.77,87.91,25.02060135
2013-03-01,27.39,86.66,26.4442607
2013-03-02,27.25,89.24,26.495455
2013-03-03,26.63,89.91,25.956845649999998
2013-03-04,26.23,85.33,25.28356495
2013-03-05,26.45,86.24,25.545623999999997
2013-03-06,26.76,85.52,25.7836136
2013-03-07,26.98,85.66,25.9957024
2013-03-08,26.69,87.17,25.82981265
2013-03-09,27.01,84.09,25.915312450000002
2013-03-10,27.23,84.58,26.150368699999998
2013-03-11,26.46,85.62,25.5140836
2013-03-12,26.77,81.64,25.5309754
2013-03-13,27.26,81.76,25.9799168
2013-03-14,26.79,85.84,25.8328548
2013-03-15,27.09,83.95,25.978617749999998
2013-03-16,27.66,83.74,26.4831012
2013-03-17,26.88,86.42,25.9553378
2013-03-18,27.18,80.93,25.8500582
2013-03-19,27.32,81.03,25.9824253
2013-03-20,28,78.49,26.402882499999997
2013-03-21,27.27,83.45,26.10761075
2013-03-22,27.57,83.5,26.3838975
2013-03-23,28.1,81.36,26.705728
2013-03-24,27.99,81.01,26.581036949999998
2013-03-25,28.4,80.48,26.907695999999998
2013-03-26,28.62,74.87,26.6684042
2013-03-27,29,76.78,27.148205
2013-03-28,28.13,83.13,26.865340449999998
2013-03-29,28.49,79.37,26.90262465
2013-03-30,28.79,80.85,27.284905749999997
2013-03-31,28.27,82.5,26.9446375
2013-04-01,28.58,80.64,27.0807616
2013-04-02,28.43,80.2,26.913023
2013-04-03,28.86,77.59,27.090058199999998
2013-04-04,28.19,83.36,26.9370912
2013-04-05,28.21,85.52,27.1181356
2013-04-06,27.01,88.6,26.225623
2013-04-07,27.18,83.23,26.010460199999997
2013-04-08,27.94,80.14,26.4719488
2013-04-09,27.22,83.83,26.0887468
2013-04-10,27.17,86.76,26.2473706
2013-04-11,26.99,84.43,25.920418849999997
2013-04-12,28.64,78.88,26.9974976
2013-04-13,28.15,86.71,27.152253249999998
2013-04-14,27.51,86.16,26.5196788
2013-04-15,29.2,76.75,27.320237499999998
2013-04-16,28.96,78.91,27.2827123
2013-04-17,27.56,85.38,26.509845399999996
2013-04-18,28.66,77.08,26.874990399999998
2013-04-19,27.51,82.46,26.2549253
2013-04-20,28.47,81.29,27.032417149999997
2013-04-21,27.95,83.37,26.71979575
2013-04-22,28.75,78.65,27.07669375
2013-04-23,27.83,84.17,26.669423549999998
2013-04-24,28.87,74.61,26.86330135
2013-04-25,28.37,82.81,27.05866085
2013-04-26,27.43,84.28,26.3120722
2013-04-27,28.21,79.51,26.66495155
2013-04-28,27.95,81.89,26.61031275
2013-04-29,28,83.46,26.771904999999997
2013-04-30,28.39,82.1,27.022529499999997
2013-05-01,27.96,83.2,26.716296
2013-05-02,27.88,84.69,26.7533371
2013-05-03,27.82,84.96,26.7181696
2013-05-04,28.18,84.34,27.0017416
2013-05-05,28.34,81.18,26.9074216
2013-05-06,28.62,80.29,27.0893214
2013-05-07,27.57,85.07,26.496756949999998
2013-05-08,28.16,83.96,26.954914799999997
2013-05-09,28.09,84.09,26.900807049999997
2013-05-10,27.74,88.04,26.869072799999998
2013-05-11,27.47,84.8,26.385707999999997
2013-05-12,28.2,84.27,27.0147445
2013-05-13,28.94,82.46,27.5469732
2013-05-14,29.11,81.75,27.64352125
2013-05-15,28.56,85.23,27.417835899999996
2013-05-16,27.99,81.94,26.6500383
2013-05-17,28.78,79.32,27.1557928
2013-05-18,27.46,87.28,26.5533184
2013-05-19,28.33,81.27,26.90530255
2013-05-20,28.18,83.58,26.9445592
2013-05-21,28.84,68.39,26.3469193
2013-05-22,28.39,78.99,26.78494105
2013-05-23,28.3,81.99,26.933041
2013-05-24,28.31,80.72,26.845587599999998
2013-05-25,28.8,72.94,26.671731
2013-05-26,28.77,75.11,26.81650835
2013-05-27,28.44,78.17,26.7662939
2013-05-28,28.57,76.98,26.7885973
2013-05-29,26.52,84.01,25.4629011
2013-05-30,26.97,84.71,25.92133535
2013-05-31,27.83,82.91,26.577046649999996
2013-06-01,27.93,80.94,26.522133099999998
2013-06-02,28.58,81.04,27.111737599999998
2013-06-03,28.4,80.4,26.90158
2013-06-04,27.99,82.55,26.695297249999996
2013-06-05,28.1,80.07,26.609236
2013-06-06,27.35,85.87,26.35136225
2013-06-07,29.07,74.51,27.02735885
2013-06-08,28.01,84.31,26.84415455
2013-06-09,27.06,88.35,26.255218
2013-06-10,27.89,82.5,26.6012125
2013-06-11,26.84,84.62,25.7961594
2013-06-12,27.74,76.53,26.0309146
2013-06-13,28.44,77.17,26.6896239
2013-06-14,28.23,81.95,26.86695425
2013-06-15,28.1,82.52,26.792496
2013-06-16,27.58,82.42,26.315294799999997
2013-06-17,27.51,78.01,25.93650555
2013-06-18,28.4,80.01,26.871764499999998
2013-06-19,28.28,80.72,26.8187688
2013-06-20,28.03,74.15,26.10637225
2013-06-21,27.94,78.43,26.3455456
2013-06-22,28.35,79.75,26.80745625
2013-06-23,28.48,81.7,27.072913
2013-06-24,28.77,81.89,27.34863665
2013-06-25,28.43,83.18,27.1413357
2013-06-26,28.48,74.89,26.5492921
2013-06-27,28.06,72.45,26.005321
2013-06-28,28.58,73.88,26.5572672
2013-06-29,28.63,77.91,26.91327565
2013-06-30,27.68,81.99,26.3744551
2013-07-01,27.73,83.56,26.5337434
2013-07-02,27.79,82.43,26.50572085
2013-07-03,27.52,82.02,26.232452199999997
2013-07-04,27.04,85.88,26.066143599999997
2013-07-05,26.93,76.85,25.347350249999998
2013-07-06,27.61,80.62,26.212605099999998
2013-07-07,27.98,82.17,26.6580838
2013-07-08,27.69,82.55,26.42408975
2013-07-09,26.52,87.58,25.6989138
2013-07-10,27.1,82.7,25.90111
2013-07-11,27.81,80.44,26.3781102
2013-07-12,27.62,80.25,26.19484
2013-07-13,26.44,78.2,25.008394
2013-07-14,26.79,82.97,25.63885715
2013-07-15,26.75,79.89,25.39508875
2013-07-16,27.69,78.52,26.1317334
2013-07-17,27.26,82.59,26.0381662
2013-07-18,25.83,87.13,25.028005949999997
2013-07-19,27.07,84.04,25.9666054
2013-07-20,27.53,83.14,26.3217281
2013-07-21,27.58,82.9,26.349825999999997
2013-07-22,27.58,82.76,26.339754399999997
2013-07-23,27.79,84.87,26.684072649999997
2013-07-24,27.65,85.8,26.622984999999996
2013-07-25,27.01,84.18,25.921504900000002
2013-07-26,27.6,81.85,26.2922925
2013-07-27,27.15,82.39,25.92478425
2013-07-28,27.7,82.03,26.395377999999997
2013-07-29,26.91,84.84,25.8752542
2013-07-30,27.08,85.32,26.0642908
2013-07-31,27.31,86.56,26.3630848
2013-08-01,26.37,86.47,25.48669395
2013-08-02,26.82,83.09,25.6741784
2013-08-03,27.22,85.34,26.1943864
2013-08-04,27.13,86.07,26.162352549999998
2013-08-05,26.55,86.55,25.65860125
2013-08-06,27.56,82.19,26.280707699999997
2013-08-07,26.9,86.7,25.992939999999997
2013-08-08,26.11,86.58,25.2530659
2013-08-09,26.94,85.11,25.9212262
2013-08-10,27.12,82.16,25.8817256
2013-08-11,26.31,88.06,25.534437299999997
2013-08-12,27,85.7,26.016875
2013-08-13,26.7,88.63,25.937072999999998
2013-08-14,26.98,86.27,26.0375728
2013-08-15,27.02,83.29,25.8693494
2013-08-16,27.46,84.2,26.333776
2013-08-17,27.16,84.69,26.0939647
2013-08-18,27.19,84.64,26.1179488
2013-08-19,27.6,78.4,26.04372
2013-08-20,26.87,84.33,25.80389155
2013-08-21,27.09,86.2,26.134418999999998
2013-08-22,27.6,82.81,26.3614605
2013-08-23,27.27,82.12,26.0141982
2013-08-24,27.48,83.02,26.2677978
2013-08-25,27.83,82.93,26.578512949999997
2013-08-26,27.35,81.78,26.0623015
2013-08-27,27.55,83.64,26.375761
2013-08-28,27.12,84.01,26.010134100000002
2013-08-29,27.38,82.72,26.1558848
2013-08-30,27.21,84.78,26.1460459
2013-08-31,27.81,81.45,26.45204725
2013-09-01,27.92,78.36,26.3227516
2013-09-02,27.86,80.06,26.3948088
2013-09-03,27.13,82.68,25.9268662
2013-09-04,27.26,81.9,25.989742
2013-09-05,26.47,86.63,25.589786049999997
2013-09-06,25.94,86.64,25.0993888
2013-09-07,26.56,81.41,25.3269253
2013-09-08,26.37,84.57,25.36265245
2013-09-09,26.32,85.77,25.3949077
2013-09-10,25.89,88.71,25.18273795
2013-09-11,27.01,83.75,25.891918750000002
2013-09-12,27.36,85.01,26.2997573
2013-09-13,26.85,87.25,25.983956250000002
2013-09-14,27.21,84.47,26.12437535
2013-09-15,26,84.31,25.0076075
2013-09-16,27.38,81.02,26.0354568
2013-09-17,26.81,85.89,25.85468245
2013-09-18,27.49,77.81,25.904635449999997
2013-09-19,27.53,86.02,26.5281233
2013-09-20,27.38,85.53,26.3549452
2013-09-21,27.06,84.17,25.966463599999997
2013-09-22,27.56,82.68,26.315904399999997
2013-09-23,27.69,83.05,26.46036225
2013-09-24,27.75,84.81,26.64302875
2013-09-25,27.28,87.51,26.402077900000002
2013-09-26,26.91,87.86,26.0813843
2013-09-27,27.82,78.68,26.2580968
2013-09-28,28.02,78.75,26.43985
2013-09-29,27.4,83.73,26.2456435
2013-09-30,27.05,79.85,25.65914625
2013-10-01,27.58,86.97,26.642621799999997
2013-10-02,26.8,87.43,25.9496395
2013-10-03,26.9,84.61,25.850402
2013-10-04,27.47,82.19,26.19952365
2013-10-05,27.13,82.18,25.8921337
2013-10-06,26.92,80.65,25.598201500000002
2013-10-07,27.39,76.96,25.756579199999997
2013-10-08,27.34,81.42,26.0278804
2013-10-09,27.37,83.54,26.2048789
2013-10-10,27.51,83.65,26.34007575
2013-10-11,26.87,79.17,25.45283095
2013-10-12,27.35,80.45,25.96830375
2013-10-13,27.49,84.23,26.363312349999998
2013-10-14,26.5,88.05,25.711299999999998
2013-10-15,26.71,87.42,25.8651901
2013-10-16,27.69,84.5,26.5655525
2013-10-17,27.67,85.74,26.6370769
2013-10-18,27.66,85,26.5743
2013-10-19,27.29,84.2,26.178549
2013-10-20,26.99,84.29,25.91080155
2013-10-21,26.99,84.19,25.903932049999998
2013-10-22,27.32,78.22,25.7842922
2013-10-23,27.45,80.62,26.0696595
2013-10-24,27.25,82.35,26.012293749999998
2013-10-25,27.19,85.26,26.161221700000002
2013-10-26,27.4,84.06,26.269056999999997
2013-10-27,27.46,83.01,26.2489528
2013-10-28,27.59,78.82,26.065145899999997
2013-10-29,27.51,81.32,26.1733526
2013-10-30,27.04,83,25.86751
2013-10-31,27.7,79.29,26.196454
2013-11-01,27.36,80.74,25.9977402
2013-11-02,27.82,79.99,26.354067399999998
2013-11-03,27.31,83.33,26.135515149999996
2013-11-04,27.07,82.71,25.87465585
2013-11-05,26.89,84.42,25.8283009
2013-11-06,27.31,81.43,26.00165065
2013-11-07,27.67,81.84,26.3545804
2013-11-08,27.99,80.33,26.530584349999998
2013-11-09,27.51,84.7,26.415208500000002
2013-11-10,27.03,86.93,26.129280950000002
2013-11-11,26.66,88.81,25.9116128
2013-11-12,26.4,87.38,25.574021
2013-11-13,27.9,81.04,26.502647999999997
2013-11-14,26.63,85.42,25.657295299999998
2013-11-15,27.17,79.6,25.748426000000002
2013-11-16,27.29,82.33,26.04700385
2013-11-17,25.96,85.77,25.0630831
2013-11-18,26.27,84.42,25.2614287
2013-11-19,26.88,84.71,25.8389039
2013-11-20,26.34,87.73,25.540977599999998
2013-11-21,27.54,83.22,26.3365384
2013-11-22,27.5,86.33,26.522595
2013-11-23,27.16,85.56,26.154542799999998
2013-11-24,27.44,84.25,26.3190725
2013-11-25,27.12,85.16,26.0899556
2013-11-26,27.25,84.17,26.13992125
2013-11-27,27.81,79.95,26.342239749999997
2013-11-28,27.44,83.47,26.2635599
2013-11-29,27.24,84.35,26.143404499999995
2013-11-30,26.81,89.69,26.11196145
2013-12-01,26.41,92.91,25.94556955
2013-12-02,26.07,93.81,25.676099349999998
2013-12-03,26.01,91.46,25.4693753
2013-12-04,26.32,87.69,25.5197269
2013-12-05,26.48,88.47,25.7202883
2013-12-06,26.35,91.17,25.774504750000002
2013-12-07,26.87,88.62,26.0957617
2013-12-08,25.62,92.46,25.1588536
2013-12-09,26.76,83.48,25.6460564
2013-12-10,27.22,83.22,26.046071199999997
2013-12-11,26.77,88.57,25.99864645
2013-12-12,26.69,88.77,25.93708465
2013-12-13,26.26,88.88,25.5407584
2013-12-14,26.6,88.9,25.861295000000002
2013-12-15,27.19,86.43,26.24288185
2013-12-16,26.93,85.16,25.9154634
2013-12-17,27.38,80.08,25.9688672
2013-12-18,26.53,88.85,25.792260249999998
2013-12-19,25.83,92.05,25.33459575
2013-12-20,25.57,91.12,25.0293412
2013-12-21,25.54,90.74,24.9777328
2013-12-22,25.84,89.83,25.2056971
2013-12-23,25.53,92.63,25.08289895
2013-12-24,25.42,91.62,24.9166972
2013-12-25,25.67,89.95,25.05257825
2013-12-26,25.79,88.81,25.09515695
2013-12-27,25.95,89.13,25.26546175
2013-12-28,25.61,88.73,24.92134665
2013-12-29,25.3,87.81,24.575914
2013-12-30,25.58,90.35,24.991929
2013-12-31,25.26,93.35,24.866453
2014-01-01,25.87,89.88,25.2371458
2014-01-02,26.02,90.27,25.4035072
2014-01-03,26.19,89.15,25.492399250000002
2014-01-04,26,89.3,25.323225
2014-01-05,25.09,92.66,24.662481699999997
2014-01-06,25.43,91.53,24.920825949999998
2014-01-07,25.78,88.12,25.0429648
2014-01-08,25.67,89.94,25.0519639
2014-01-09,26.01,88.05,25.25350525
2014-01-10,26.47,86.96,25.611511599999996
2014-01-11,25.99,91.33,25.442099349999996
2014-01-12,25.46,92.16,24.9874048
2014-01-13,25.55,88.32,24.840148
2014-01-14,25.37,85.41,24.49773685
2014-01-15,25.06,84.79,24.1766032
2014-01-16,24.88,85.31,24.041347899999998
2014-01-17,24.87,84.39,23.97968365
2014-01-18,24.73,83.79,23.81794435
2014-01-19,24.66,83.29,23.7262452
2014-01-20,24.48,84.77,23.6440253
2014-01-21,24.61,83.34,23.6836207
2014-01-22,24.26,84.3,23.417224
2014-01-23,24.34,82.87,23.412924399999998
2014-01-24,24.52,84.7,23.676817
2014-01-25,24.6,83.04,23.657872
2014-01-26,24.52,84.19,23.648710899999998
2014-01-27,24.7,84.64,23.838303999999997
2014-01-28,24.9,84.65,24.02198
2014-01-29,24.47,85.02,23.648571699999998
2014-01-30,24.48,85.11,23.6626879
2014-01-31,24.13,83.37,23.249192049999998
2014-02-01,24.35,80.52,23.294671
2014-02-02,24.61,82.38,23.6302399
2014-02-03,25.14,81.83,24.0766916
2014-02-04,25.24,84.3,24.312600999999997
2014-02-05,24.9,83.58,23.960776
2014-02-06,25.38,83.56,24.3962304
2014-02-07,25.83,84.52,24.865363799999997
2014-02-08,26.35,84.89,25.36520575
2014-02-09,26.9,84.11,25.816301999999997
2014-02-10,27.22,82.56,25.999897599999997
2014-02-11,26.35,84.87,25.363902250000002
2014-02-12,26.27,84.96,25.296385599999997
2014-02-13,26.06,86.7,25.214385999999998
2014-02-14,25.98,86.42,25.1225588
2014-02-15,26.21,83.44,25.1434532
2014-02-16,26.18,84.26,25.1688624
2014-02-17,26,86.1,25.120825
2014-02-18,26.39,86,25.47447
2014-02-19,26.39,84.6,25.382917
2014-02-20,26.4,83.39,25.312875499999997
2014-02-21,26.06,84.11,25.0497138
2014-02-22,25.97,82.56,24.8697976
2014-02-23,26.03,81.6,24.863164
2014-02-24,25.55,80.42,24.3600255
2014-02-25,25.76,81.15,24.5926195
2014-02-26,25.96,81.92,24.8204176
2014-02-27,26.27,82.62,25.1449057
2014-02-28,26.33,82.1,25.1653365
2014-03-01,26.42,81.61,25.2143516
2014-03-02,26.67,79.93,25.326614550000002
2014-03-03,26.68,81.48,25.439345199999998
2014-03-04,26.3,79.79,24.988371
2014-03-05,26.25,78.67,24.87154875
2014-03-06,26.11,78.98,24.7677679
2014-03-07,26.77,80.23,25.43582155
2014-03-08,26.52,79.73,25.179950299999998
2014-03-09,26.43,78.63,25.027807449999997
2014-03-10,26.45,77.75,24.98761875
2014-03-11,27.05,76.27,25.41203675
2014-03-12,27.1,76.79,25.491547
2014-03-13,27.34,79.23,25.8732226
2014-03-14,27.73,78.13,26.13862945
2014-03-15,27.81,81.2,26.433746
2014-03-16,26.55,88.44,25.783860999999998
2014-03-17,26.54,88.45,25.775159
2014-03-18,26.98,85.16,25.961382399999998
2014-03-19,27.04,83.92,25.9309624
2014-03-20,27.32,83.72,26.1720972
2014-03-21,27.06,83.09,25.891857199999997
2014-03-22,26.56,81.48,25.3315684
2014-03-23,26.75,77.54,25.2367575
2014-03-24,27.37,79.55,25.92244675
2014-03-25,27.95,79.39,26.42537525
2014-03-26,27.74,81.21,26.371712199999997
2014-03-27,28.37,80.3,26.867185499999998
2014-03-28,27.84,82.54,26.5589598
2014-03-29,28.37,79.83,26.83133155
2014-03-30,28.37,77.46,26.6505361
2014-03-31,28.78,76.16,26.9076064
2014-04-01,28.64,76.11,26.7820747
2014-04-02,29.11,73.1,26.9484505
2014-04-03,29.07,72.97,26.90395095
2014-04-04,28.72,76.92,26.914913199999997
2014-04-05,27.37,83.21,26.18151985
2014-04-06,27.08,82.11,25.8421909
2014-04-07,28.7,75.27,26.768586999999997
2014-04-08,27.88,78.44,26.293399599999997
2014-04-09,28.39,77.11,26.64131845
2014-04-10,28.34,75.8,26.497895999999997
2014-04-11,28.29,76.74,26.525845299999997
2014-04-12,27.53,78.83,26.01285195
2014-04-13,28.23,78.9,26.6366335
2014-04-14,28.04,77.09,26.3338923
2014-04-15,28.65,75.95,26.778308749999997
2014-04-16,28.38,70.23,26.1073582
2014-04-17,28.85,76.95,27.03077875
2014-04-18,27.81,82.81,26.551606049999997
2014-04-19,28.7,75.95,26.821695
2014-04-20,28.23,81.16,26.8072974
2014-04-21,27.63,82.41,26.35973815
2014-04-22,28.98,75.75,27.04873
2014-04-23,28.95,78.21,27.21823975
2014-04-24,28.72,79.16,27.0901036
2014-04-25,29.15,75.45,27.17188375
2014-04-26,29.22,76.42,27.310963199999996
2014-04-27,29.66,75.61,27.626361799999998
2014-04-28,29.19,75.13,27.18062835
2014-04-29,29.79,72.19,27.451318049999998
2014-04-30,28.9,79.11,27.245511999999998
2014-05-01,28.6,79.79,27.0327145
2014-05-02,28.94,79.13,27.2825046
2014-05-03,28.92,79.92,27.327455200000003
2014-05-04,29.04,78.06,27.285458199999997
2014-05-05,28.94,79.7,27.327774
2014-05-06,29.46,76.45,27.522306
2014-05-07,28.84,78.86,27.1726882
2014-05-08,28.98,72.82,26.815384799999997
2014-05-09,29.4,76.42,27.467619
2014-05-10,29.71,74.49,27.57596095
2014-05-11,29.16,79.83,27.5336929
2014-05-12,28.48,82.39,27.1259671
2014-05-13,29.2,77.04,27.343684
2014-05-14,27.78,83.9,26.604056
2014-05-15,28.87,77.84,27.1185844
2014-05-16,28.3,85.88,27.228292
2014-05-17,27.73,85.45,26.671269249999998
2014-05-18,28.01,82.5,26.7096625
2014-05-19,27.83,84.11,26.66502465
2014-05-20,27.95,80.14,26.480856499999998
2014-05-21,28.85,77.87,27.10338975
2014-05-22,28.58,82.52,27.226348799999997
2014-05-23,27.73,86.67,26.760042549999998
2014-05-24,28.3,83.25,27.028675
2014-05-25,29.11,77.66,27.314869299999998
2014-05-26,29.01,77.04,27.1776772
2014-05-27,28.09,82.96,26.816345199999997
2014-05-28,28.87,79.5,27.2497825
2014-05-29,29.03,79.4,27.383751
2014-05-30,28.45,81.81,27.05437225
2014-05-31,28.5,81.75,27.094749999999998
2014-06-01,28.33,84.46,27.147949899999997
2014-06-02,28.51,76.33,26.68610815
2014-06-03,28.39,82.37,27.04315615
2014-06-04,28.32,84.53,27.1441253
2014-06-05,27.37,88.41,26.54960185
2014-06-06,27.96,85.17,26.8621351
2014-06-07,28.35,85.42,27.2393685
2014-06-08,28.85,83.44,27.543002
2014-06-09,29.08,80.72,27.533936799999996
2014-06-10,29.02,81.2,27.518632
2014-06-11,28.86,85.32,27.7005736
2014-06-12,28.44,82.28,27.081407600000002
2014-06-13,28.31,78.84,26.702792199999998
2014-06-14,27.4,85.66,26.382576999999998
2014-06-15,28.25,81.34,26.8388375
2014-06-16,28.6,82.58,27.249079000000002
2014-06-17,28.47,86.95,27.467303249999997
2014-06-18,27.84,82.99,26.5919763
2014-06-19,28.15,76.76,26.405257
2014-06-20,28.65,84.06,27.409469499999997
2014-06-21,28.72,83.42,27.4232782
2014-06-22,28.45,79.19,26.85335275
2014-06-23,28.82,76.38,26.9596888
2014-06-24,28.34,82.86,27.035303199999998
2014-06-25,27.87,85.31,26.78977085
2014-06-26,28.22,82.19,26.876057399999997
2014-06-27,26.97,81.05,25.670314249999997
2014-06-28,27.84,77.86,26.2155882
2014-06-29,28.48,78.11,26.7968779
2014-06-30,27.35,86.57,26.40083475
2014-07-01,28.15,80.21,26.66426575
2014-07-02,27.93,83.59,26.71787535
2014-07-03,28.18,81.37,26.7782788
2014-07-04,27.64,86.46,26.661464199999998
2014-07-05,27.58,85.64,26.546941599999997
2014-07-06,27.99,83.18,26.742040099999997
2014-07-07,27.64,81.92,26.333358399999998
2014-07-08,27.29,83.27,26.113128149999998
2014-07-09,27.17,82.92,25.9797802
2014-07-10,28.02,82.42,26.7127512
2014-07-11,28.71,81.3,27.2485015
2014-07-12,26.99,84.38,25.916984099999997
2014-07-13,27.79,78.01,26.18264095
2014-07-14,27.98,79.72,26.4764408
2014-07-15,27.84,82.3,26.541351
2014-07-16,28.21,83.47,26.96355535
2014-07-17,27.4,87.87,26.5393765
2014-07-18,27.62,85.6,26.580896
2014-07-19,27.52,85.86,26.5074346
2014-07-20,27.91,82.27,26.602323849999998
2014-07-21,27.91,83.79,26.71443145
2014-07-22,27.9,85.35,26.820294999999998
2014-07-23,27.58,82.79,26.341912599999997
2014-07-24,28.02,83.47,26.790829199999997
2014-07-25,28.19,82.44,26.8678198
2014-07-26,28.04,84.94,26.9184818
2014-07-27,27.19,84.13,26.082353349999998
2014-07-28,28.04,81.73,26.679433099999997
2014-07-29,27.56,86.66,26.601787799999997
2014-07-30,27.83,86.95,26.873239249999997
2014-07-31,26.96,85.47,25.9642591
2014-08-01,27.09,80.88,25.7660356
2014-08-02,27.27,84.49,26.18065515
2014-08-03,27.73,80.8,26.332912
2014-08-04,27.6,85.35,26.5444675
2014-08-05,26.6,88.9,25.861295000000002
2014-08-06,26.92,87.53,26.068174300000003
2014-08-07,26.45,82.83,25.32150175
2014-08-08,26.86,80.38,25.526232399999998
2014-08-09,27.51,83.71,26.34436905
2014-08-10,27.19,83.63,26.04745585
2014-08-11,26.92,84.72,25.876223200000002
2014-08-12,26.69,84.31,25.63806395
2014-08-13,27.39,79.71,25.95154045
2014-08-14,26.51,85.69,25.56475295
2014-08-15,26.53,84.04,25.4740066
2014-08-16,27.41,79.56,25.958657799999997
2014-08-17,27.34,82.51,26.1048562
2014-08-18,27.61,82.36,26.338067799999997
2014-08-19,27.61,83.27,26.403683349999998
2014-08-20,27.08,85.22,26.0573718
2014-08-21,27.32,84.18,26.204531799999998
2014-08-22,27.43,84.72,26.343362799999998
2014-08-23,27.67,81.57,26.33502295
2014-08-24,27.25,80.38,25.8741475
2014-08-25,27.03,83.69,25.90599635
2014-08-26,27.03,82.78,25.8432837
2014-08-27,26.91,84.15,25.828158249999998
2014-08-28,26.81,84.47,25.758541349999998
2014-08-29,27.53,80.45,26.12894925
2014-08-30,27.18,83.99,26.063462599999998
2014-08-31,27.52,82.26,26.249638599999997
2014-09-01,27.61,80.63,26.213326149999997
2014-09-02,27.74,80.77,26.339671399999997
2014-09-03,26.62,84.96,25.6174336
2014-09-04,27.33,79.56,25.887651399999996
2014-09-05,27.26,82.56,26.0360608
2014-09-06,25.99,75.87,24.465104649999997
2014-09-07,27.33,74.03,25.497426949999998
2014-09-08,27.8,80.96,26.407224
2014-09-09,27.43,83.63,26.26584745
2014-09-10,27.5,84.67,26.403904999999998
2014-09-11,27.17,85.83,26.18256355
2014-09-12,27.53,84.1,26.3905265
2014-09-13,27.75,83.21,26.526428749999997
2014-09-14,27.58,83.12,26.3656528
2014-09-15,27.68,80.1,26.237448999999998
2014-09-16,27.65,79.37,26.157935249999998
2014-09-17,27.74,83.94,26.570510799999997
2014-09-18,27.45,83.28,26.259117999999997
2014-09-19,27.83,81.75,26.492001249999998
2014-09-20,27.3,83.43,26.133472
2014-09-21,27.05,80.98,25.7371445
2014-09-22,27.34,79.77,25.9113574
2014-09-23,27.74,80.98,26.354963599999998
2014-09-24,27.55,84.35,26.42672125
2014-09-25,26.62,79.36,25.244137600000002
2014-09-26,28.17,75.2,26.305412
2014-09-27,27.72,80.47,26.2999737
2014-09-28,27.86,81.31,26.486658799999997
2014-09-29,27.87,81.41,26.50298435
2014-09-30,27.9,81.74,26.554237999999998
2014-10-01,28.13,80.51,26.66893215
2014-10-02,27.93,78.78,26.3625847
2014-10-03,27.97,80.16,26.500153599999997
2014-10-04,27.1,85.77,26.113861
2014-10-05,27.42,78.75,25.909975
2014-10-06,27.76,77.7,26.133661
2014-10-07,27.46,83.39,26.2760392
2014-10-08,27.98,82.57,26.6877398
2014-10-09,27.62,83.65,26.440184000000002
2014-10-10,27.96,81.96,26.624498799999998
2014-10-11,27.5,85.52,26.464679999999998
2014-10-12,27.88,77.88,26.252189199999997
2014-10-13,28.16,79.04,26.585275199999998
2014-10-14,28.03,79.5,26.5044925
2014-10-15,28.02,76.98,26.3082328
2014-10-16,27.69,82.66,26.4320697
2014-10-17,27.97,80.23,26.50533955
2014-10-18,27.56,80.38,26.150695399999996
2014-10-19,27.45,81.06,26.1009985
2014-10-20,27.77,79.54,26.2767269
2014-10-21,27.56,80.21,26.1384843
2014-10-22,27.48,78.53,25.9472567
2014-10-23,28.77,72.2,26.588117
2014-10-24,27.89,79.05,26.34713725
2014-10-25,28.23,77.65,26.54223975
2014-10-26,28.22,79.66,26.685143599999996
2014-10-27,27.54,82.39,26.2770108
2014-10-28,29.07,71.22,26.763714699999998
2014-10-29,28.31,77.98,26.637470899999997
2014-10-30,28.6,77.07,26.8217785
2014-10-31,28.73,74.41,26.72719865
2014-11-01,28.28,78.48,26.648999200000002
2014-11-02,28.38,79.55,26.818846999999998
2014-11-03,28.92,76.57,27.0617667
2014-11-04,28.18,79.03,26.6022172
2014-11-05,27.78,82.39,26.4937656
2014-11-06,26.58,86.09,25.655819599999997
2014-11-07,27.53,82.44,26.2715626
2014-11-08,26.47,88.93,25.741206549999998
2014-11-09,27.14,82.55,25.926876
2014-11-10,26.9,83.77,25.793113999999996
2014-11-11,27.91,78.01,26.28812755
2014-11-12,27.16,80.34,25.7910742
2014-11-13,27.37,83.89,26.22965365
2014-11-14,26.27,90.42,25.6498387
2014-11-15,26.07,90.74,25.4807399
2014-11-16,26.92,85,25.89535
2014-11-17,26.26,90.01,25.6138468
2014-11-18,26.38,88.79,25.647538599999997
2014-11-19,27.07,84.42,25.9928767
2014-11-20,26.88,87.16,26.0057244
2014-11-21,27.75,82.76,26.493635
2014-11-22,27.8,82.82,26.543283
2014-11-23,27.43,84.35,26.317050249999998
2014-11-24,26.53,86.17,25.61493805
2014-11-25,27.68,82.15,26.3860535
2014-11-26,27.51,83.29,26.31431595
2014-11-27,27.6,83.01,26.3758705
2014-11-28,27.23,85.63,26.22388445
2014-11-29,27.12,82.51,25.9060191
2014-11-30,26.13,85.1,25.1769215
2014-12-01,26.23,82.23,25.08356845
2014-12-02,26.83,81.8,25.595767
2014-12-03,27.39,81.63,26.08765885
2014-12-04,26.25,83.61,25.190796249999998
2014-12-05,27.96,75.9,26.175877
2014-12-06,27.48,81.78,26.1792742
2014-12-07,26.82,87.25,25.95606
2014-12-08,26.43,85.15,25.45561725
2014-12-09,26.82,85.58,25.8429008
2014-12-10,26.98,83.25,25.83028
2014-12-11,27.08,83.8,25.959121999999997
2014-12-12,26.82,86.69,25.9181144
2014-12-13,27.1,86.33,26.152669
2014-12-14,26.8,88.78,26.040967000000002
2014-12-15,26.29,90.38,25.6661911
2014-12-16,26.11,90.39,25.496353449999997
2014-12-17,26.4,90.56,25.782151999999996
2014-12-18,26.63,92.32,26.1176288
2014-12-19,25.86,92.8,25.410144
2014-12-20,26.51,89.84,25.8388812
2014-12-21,26.45,91.66,25.901853499999998
2014-12-22,26.32,91.01,25.7355601
2014-12-23,26.36,92.84,25.892953199999997
2014-12-24,26.96,86.53,26.0369009
2014-12-25,27.28,86.32,26.3184328
2014-12-26,25.75,91.38,25.2166375
2014-12-27,25.77,91.69,25.254904649999997
2014-12-28,25.7,92.37,25.229992
2014-12-29,25.18,92.51,24.7400374
2014-12-30,25.47,90.05,24.869666749999997
2014-12-31,25.59,91.56,25.0752022
2015-01-01,25.11,92.8,24.689843999999997
2015-01-02,24.93,89.41,24.32250465
2015-01-03,25.67,88.9,24.9880715
2015-01-04,26.11,87.42,25.306704099999997
2015-01-05,25.81,86.79,24.988271949999998
2015-01-06,25.96,92.11,25.4626933
2015-01-07,25.59,91.19,25.052634049999998
2015-01-08,25.4,92.42,24.945579
2015-01-09,24.66,92.55,24.243693999999998
2015-01-10,26.18,87.62,25.3847088
2015-01-11,25.72,90.08,25.107836799999998
2015-01-12,26.02,87.82,25.2482752
2015-01-13,25.98,87.34,25.1806476
2015-01-14,25.96,87.09,25.1462827
2015-01-15,25.76,85.82,24.8818326
2015-01-16,25.42,85.79,24.5665474
2015-01-17,25.21,84.87,24.31876735
2015-01-18,25.5,85.07,24.596735
2015-01-19,25.27,84.58,24.3565963
2015-01-20,25.42,85.53,24.5509318
2015-01-21,25.28,87.84,24.5590336
2015-01-22,24.91,87.53,24.19603015
2015-01-23,25.33,86.02,24.497281299999997
2015-01-24,25.37,84.76,24.4588766
2015-01-25,25.38,85.35,24.503344
2015-01-26,25.67,84.08,24.6919548
2015-01-27,25.46,84.6,24.531688
2015-01-28,25.88,84.73,24.924250699999998
2015-01-29,25.78,89.1,25.103763999999998
2015-01-30,25.54,89.23,24.8860456
2015-01-31,25.19,84.86,24.2998437
2015-02-01,25.32,83.31,24.3267781
2015-02-02,25.31,86.39,24.50081745
2015-02-03,25.01,91.32,24.5082526
2015-02-04,25.24,89.86,24.641030199999996
2015-02-05,25.62,86.62,24.8016792
2015-02-06,25.46,86.65,24.655262
2015-02-07,25.47,84.58,24.5396343
2015-02-08,25.44,84.67,24.5175939
2015-02-09,25.31,83.52,24.330181599999996
2015-02-10,24.77,81.62,23.7318057
2015-02-11,25.09,82.89,24.09342805
2015-02-12,25.06,83.07,24.076705599999997
2015-02-13,25.25,83.69,24.28567125
2015-02-14,25.64,83.2,24.610664
2015-02-15,25.71,84.45,24.75126475
2015-02-16,26.17,84.77,25.19246245
2015-02-17,26.2,84.28,25.188418
2015-02-18,26.43,84.6,25.419528999999997
2015-02-19,25.5,86.77,24.699585
2015-02-20,25.94,85.56,25.0314352
2015-02-21,25.89,83.28,24.8425756
2015-02-22,26.32,83.5,25.247335
2015-02-23,26.38,83.5,25.30189
2015-02-24,26.13,84.85,25.16093025
2015-02-25,26.45,83.05,25.335961249999997
2015-02-26,26.59,82.41,25.420352949999998
2015-02-27,26.56,83.13,25.441012899999997
2015-02-28,26.96,83.43,25.8244579
2015-03-01,26.81,83.04,25.661723199999997
2015-03-02,26.67,82.85,25.52206475
2015-03-03,26.82,83.2,25.681632
2015-03-04,27.11,80.3,25.7437065
2015-03-05,26.81,79.59,25.42814095
2015-03-06,27.06,79.12,25.617609599999998
2015-03-07,27.01,80.43,25.66348615
2015-03-08,27.03,82.61,25.83156815
2015-03-09,26.42,87.03,25.5696868
2015-03-10,26.66,85.65,25.700272
2015-03-11,25.74,89.24,25.074816799999997
2015-03-12,25.67,82.27,24.58075745
2015-03-13,26.01,80.71,24.78884655
2015-03-14,26.84,80.88,25.542325599999998
2015-03-15,26.69,81.68,25.4617356
2015-03-16,27.15,81.38,25.854513499999996
2015-03-17,27.61,81.67,26.288315349999998
2015-03-18,27.78,81.48,26.4272992
2015-03-19,27.13,83.49,25.983132849999997
2015-03-20,27.96,78.62,26.377238600000002
2015-03-21,27.78,79.39,26.2746456
2015-03-22,27.41,80.96,26.0580648
2015-03-23,27.26,80.64,25.9013152
2015-03-24,27.25,80.71,25.897288749999998
2015-03-25,27.37,83.33,26.19001405
2015-03-26,26.97,84.73,25.92270705
2015-03-27,27.36,83.67,26.2049791
2015-03-28,27.19,84.74,26.1249283
2015-03-29,27.44,84.64,26.3468288
2015-03-30,27.29,84.93,26.22990085
2015-03-31,27.12,86.97,26.2155877
2015-04-01,27.63,85.25,26.564828749999997
2015-04-02,27.58,83.09,26.3634946
2015-04-03,28.22,76.79,26.4685734
2015-04-04,28.11,82.19,26.776832449999997
2015-04-05,27.86,81.67,26.5131116
2015-04-06,28.21,80.79,26.76146995
2015-04-07,27.67,83.77,26.49437995
2015-04-08,27.47,85.87,26.46203645
2015-04-09,27.34,86.21,26.3661502
2015-04-10,27.79,82.59,26.517416049999998
2015-04-11,27.76,81.81,26.433403300000002
2015-04-12,28.06,80.15,26.579587
2015-04-13,27.56,82.01,26.267778299999996
2015-04-14,27.99,79.12,26.440808399999998
2015-04-15,28.18,77.2,26.464527999999998
2015-04-16,28.48,78.01,26.7891889
2015-04-17,28.01,80.34,26.5491637
2015-04-18,28.08,77.28,26.383043199999996
2015-04-19,28.05,79.57,26.527454249999998
2015-04-20,28.26,76.19,26.4580592
2015-04-21,29.09,74.88,27.074245599999998
2015-04-22,28.18,79.65,26.648865999999998
2015-04-23,28.18,76.31,26.3975644
2015-04-24,27.4,82.41,26.1519895
2015-04-25,26.94,85.5,25.94791
2015-04-26,27.03,85.21,26.01074715
2015-04-27,27.91,78.37,26.31467935
2015-04-28,27.92,77.48,26.2577988
2015-04-29,28.39,78.03,26.71160185
2015-04-30,27.5,84.13,26.365295
2015-05-01,28.15,74.8,26.25811
2015-05-02,27.96,80.56,26.5208568
2015-05-03,26.68,83.34,25.563946599999998
2015-05-04,27.55,82.43,26.28891325
2015-05-05,28.42,79.78,26.8719568
2015-05-06,29.02,78.87,27.332558199999998
2015-05-07,28.31,85,27.170675
2015-05-08,28.14,84.73,26.9944446
2015-05-09,27.93,84.18,26.7614557
2015-05-10,28.09,84.95,26.96508775
2015-05-11,28.21,82.2,26.867791
2015-05-12,28.32,82.73,27.0073073
2015-05-13,28.52,80.05,26.9816555
2015-05-14,28.52,79.34,26.926907399999997
2015-05-15,28.32,80.95,26.8720095
2015-05-16,27.9,84.2,26.735539999999997
2015-05-17,28.36,80.69,26.887998699999997
2015-05-18,28.79,81.06,27.301410699999998
2015-05-19,28.18,86.04,27.1296496
2015-05-20,28.18,87.1,27.209404
2015-05-21,28.2,84.1,27.001935
2015-05-22,27.97,85.17,26.871319449999998
2015-05-23,27.31,85.5,26.288402499999997
2015-05-24,27.72,83.86,26.5464606
2015-05-25,27.75,84.69,26.634283749999998
2015-05-26,27.66,86.19,26.6604322
2015-05-27,27.8,82.27,26.5030505
2015-05-28,28.33,80.92,26.878679799999997
2015-05-29,28.35,82.76,27.036743
2015-05-30,28.32,81.59,26.9206559
2015-05-31,28.45,78.94,26.834171499999997
2015-06-01,27.92,80.89,26.5094909
2015-06-02,28.35,78.47,26.70995225
2015-06-03,28.11,82.44,26.795546199999997
2015-06-04,28.07,82.2,26.741497
2015-06-05,28.59,78.21,26.90138395
2015-06-06,28.39,79.45,26.82008275
2015-06-07,27.69,84.57,26.57063065
2015-06-08,27.92,82.63,26.6379203
2015-06-09,27.89,80.75,26.47233375
2015-06-10,28.09,81.64,26.717681799999998
2015-06-11,27.67,85.9,26.6486665
2015-06-12,26.84,87.59,25.9977333
2015-06-13,27.04,82.73,25.8488881
2015-06-14,26.62,87.02,25.7547532
2015-06-15,26.94,87.23,26.066276600000002
2015-06-16,26.97,84.43,25.90213155
2015-06-17,27.28,84.35,26.1799615
2015-06-18,27.76,83.81,26.5792633
2015-06-19,27.75,84.01,26.58472875
2015-06-20,27.74,85.69,26.697945799999996
2015-06-21,27.92,85.07,26.8180167
2015-06-22,27.95,84.78,26.8241005
2015-06-23,27.8,85.51,26.7400565
2015-06-24,27.83,84.84,26.718544599999998
2015-06-25,28.19,81.16,26.7714422
2015-06-26,28.17,80.34,26.6918629
2015-06-27,27.9,82.3,26.595509999999997
2015-06-28,27.53,83.65,26.35827725
2015-06-29,27.66,82.72,26.4092736
2015-06-30,28.01,81.72,26.651704600000002
2015-07-01,27.71,82.72,26.4545216
2015-07-02,27.57,84.75,26.47375375
2015-07-03,27.7,83.3,26.487579999999998
2015-07-04,26.39,85.53,25.44373435
2015-07-05,27.85,80.47,26.41600975
2015-07-06,27.99,82.67,26.704200649999997
2015-07-07,27.66,85.58,26.616280399999997
2015-07-08,27.56,85.63,26.527802899999998
2015-07-09,28.06,81.69,26.6944402
2015-07-10,27.52,86.51,26.553981099999998
2015-07-11,27.37,87.04,26.4526264
2015-07-12,27.65,85.67,26.61358275
2015-07-13,27.58,87.24,26.6620456
2015-07-14,26.92,87.28,26.0510968
2015-07-15,27.52,85.34,26.4701974
2015-07-16,27.57,87.99,26.70666115
2015-07-17,27.68,87.51,26.7745999
2015-07-18,27.57,87.13,26.64484005
2015-07-19,27.46,85.56,26.4307168
2015-07-20,27.17,86.43,26.22437455
2015-07-21,27.56,82.71,26.318059299999998
2015-07-22,27.47,84.72,26.3800012
2015-07-23,27.58,81.98,26.283641199999998
2015-07-24,27.83,80.13,26.373230949999996
2015-07-25,27.89,81.57,26.53272265
2015-07-26,27.4,81.54,26.090263
2015-07-27,27.05,82.67,25.85379675
2015-07-28,27.36,81.71,26.066348299999998
2015-07-29,27.37,81.71,26.07534235
2015-07-30,27.43,81.08,26.084504199999998
2015-07-31,27.12,83.92,26.0038872
2015-08-01,26.55,84.57,25.52737675
2015-08-02,27.33,83.2,26.144508
2015-08-03,26.16,85,25.19805
2015-08-04,26.67,82.62,25.5066697
2015-08-05,27.04,83.37,25.893028899999997
2015-08-06,26.92,86.38,25.9896178
2015-08-07,27,86.45,26.068437499999998
2015-08-08,26.72,88.3,25.933642999999996
2015-08-09,26.58,88.45,25.812617999999997
2015-08-10,27.44,86.96,26.5119432
2015-08-11,27.24,86.14,26.2688298
2015-08-12,26.79,87.28,25.930191599999997
2015-08-13,27.35,83.77,26.20294475
2015-08-14,27.72,82.21,26.426489099999998
2015-08-15,27.35,83.28,26.168314000000002
2015-08-16,27.67,82.86,26.4284641
2015-08-17,27.39,82.03,26.11601685
2015-08-18,27.55,77.88,25.962336999999998
2015-08-19,27.51,81.01,26.15117055
2015-08-20,27.92,81.46,26.5515626
2015-08-21,27.67,82.16,26.3777596
2015-08-22,27.66,83.25,26.447635
2015-08-23,27.33,81.8,26.045716999999996
2015-08-24,27.55,80.91,26.17981525
2015-08-25,27.17,85.51,26.160264350000002
2015-08-26,26.83,85.43,25.841935449999998
2015-08-27,27.08,84.5,26.007554999999996
2015-08-28,27.06,85.05,26.027254
2015-08-29,27.7,83.51,26.502826
2015-08-30,27.73,80.67,26.32345255
2015-08-31,27.41,80.46,26.022562299999997
2015-09-01,27.82,79.05,26.285203
2015-09-02,27.69,80.66,26.2869797
2015-09-03,27.76,81.94,26.4428842
2015-09-04,27.32,85.71,26.3124121
2015-09-05,27.39,84.15,26.26631425
2015-09-06,27.47,79.26,25.990512099999997
2015-09-07,27.67,78.48,26.1111988
2015-09-08,27.68,82.17,26.3875033
2015-09-09,26.5,84.02,25.44532
2015-09-10,27.04,80.01,25.661289699999998
2015-09-11,27.4,80.65,26.0271175
2015-09-12,27.32,80.91,25.9739641
2015-09-13,27.6,83.9,26.439995
2015-09-14,27.38,86.08,26.393907199999997
2015-09-15,26.36,89.81,25.6953063
2015-09-16,26.86,88.93,26.1074614
2015-09-17,26.92,84.56,25.8652936
2015-09-18,27.39,83.08,26.1904566
2015-09-19,27.35,84.18,26.231921500000002
2015-09-20,28.02,80.11,26.5409796
2015-09-21,28.32,79.48,26.760274799999998
2015-09-22,27.52,84.48,26.4086128
2015-09-23,27.23,84.79,26.16507185
2015-09-24,27.47,83.3,26.278705499999997
2015-09-25,26.96,83.37,25.820346100000002
2015-09-26,27.39,82.08,26.1195616
2015-09-27,27.83,82.58,26.5528527
2015-09-28,27.23,83.18,26.0523477
2015-09-29,27.2,85.8,26.208129999999997
2015-09-30,27.25,84.77,26.181996249999997
2015-10-01,27.51,84.9,26.4295195
2015-10-02,27.56,80.46,26.156441799999996
2015-10-03,27.48,83.68,26.3149152
2015-10-04,27.65,83.16,26.432046999999997
2015-10-05,27.1,84.78,26.045254
2015-10-06,27.15,83.83,26.024972249999998
2015-10-07,27.93,78.28,26.3256522
2015-10-08,28.13,76.73,26.385564449999997
2015-10-09,27.72,76.63,26.020767299999996
2015-10-10,27.75,80.32,26.31582
2015-10-11,27.64,79.01,26.1230527
2015-10-12,27.76,80.58,26.343699400000002
2015-10-13,27.91,80.25,26.45333875
2015-10-14,27.93,79.08,26.3847442
2015-10-15,28.07,78.27,26.44818145
2015-10-16,28.18,75.13,26.3087812
2015-10-17,28.14,77.84,26.4775568
2015-10-18,28.02,82.71,26.7343156
2015-10-19,27.45,81.11,26.10455975
2015-10-20,27.19,79.59,25.76548405
2015-10-21,27.78,78.93,26.2410472
2015-10-22,27.94,78.96,26.3847232
2015-10-23,28.15,81.69,26.775376749999996
2015-10-24,27.97,82.94,26.706109899999998
2015-10-25,27.55,83.66,26.3771965
2015-10-26,27.65,80.49,26.238939249999998
2015-10-27,28.03,79.02,26.4687733
2015-10-28,26.62,84.94,25.6161004
2015-10-29,27.57,78.4,26.017284
2015-10-30,26.39,85.63,25.45027385
2015-10-31,26.6,85.83,25.6569865
2015-11-01,26.88,85.03,25.860692699999998
2015-11-02,27.61,81.01,26.24072605
2015-11-03,27.98,80.38,26.525373199999997
2015-11-04,28.05,78.38,26.4387695
2015-11-05,28.31,77.12,26.5721496
2015-11-06,28.2,77.91,26.5355185
2015-11-07,27.04,81.28,25.748881599999997
2015-11-08,28.05,75.39,26.21593975
2015-11-09,27.9,79.24,26.369987999999996
2015-11-10,28.16,80.03,26.6596539
2015-11-11,27.51,81.87,26.21270785
2015-11-12,28.19,78.88,26.5997696
2015-11-13,28.23,78.79,26.62832685
2015-11-14,27.91,82.19,26.59642345
2015-11-15,27.82,82.66,26.5496716
2015-11-16,27.33,81.9,26.052773499999997
2015-11-17,27.36,82.3,26.108078999999996
2015-11-18,28.07,80.34,26.6026759
2015-11-19,27.97,81.93,26.631284049999998
2015-11-20,27.55,82.79,26.31475225
2015-11-21,27.46,84.3,26.340904
2015-11-22,27.27,83.52,26.1125272
2015-11-23,28.47,78.89,26.84801315
2015-11-24,27.71,82.15,26.41310825
2015-11-25,26.92,87.58,26.0715898
2015-11-26,26.83,87.62,25.9904503
2015-11-27,26.79,87.73,25.96060935
2015-11-28,27,85.55,26.006562499999998
2015-11-29,27.02,84.87,25.9781482
2015-11-30,27.35,82.51,26.11389425
2015-12-01,26.42,86.12,25.5100272
2015-12-02,27.67,81.44,26.3256064
2015-12-03,27.68,84.13,26.5295837
2015-12-04,27.94,82.69,26.6604448
2015-12-05,27.62,85.42,26.5679072
2015-12-06,27.11,88.17,26.28953035
2015-12-07,26.84,88.44,26.0554228
2015-12-08,27.43,84.64,26.3376736
2015-12-09,27.99,81.99,26.653748049999997
2015-12-10,27.57,85.68,26.5406068
2015-12-11,27.14,86.6,26.208432
2015-12-12,27.04,86.47,26.1068359
2015-12-13,26.66,86.83,25.779190399999997
2015-12-14,26.9,85.7,25.924739999999996
2015-12-15,26.48,87.04,25.6260656
2015-12-16,26.51,87.57,25.68893635
2015-12-17,26.17,89.94,25.5242989
2015-12-18,26.18,87.5,25.377
2015-12-19,26.68,84.08,25.6135192
2015-12-20,26.26,85.09,25.2956212
2015-12-21,27.33,81.43,26.019607949999997
2015-12-22,27.66,79.41,26.1696958
2015-12-23,27.54,85.25,26.482129999999998
2015-12-24,27.22,86.26,26.258749599999998
2015-12-25,26.92,87.85,26.0900335
2015-12-26,26.92,83.97,25.8249907
2015-12-27,27.3,85.32,26.266528
2015-12-28,27,88.34,26.198375
2015-12-29,26.8,86,25.852899999999998
2015-12-30,26.65,86.67,25.75922275
2015-12-31,26.78,87.71,25.9499334
2016-01-01,26.74,88.55,25.969185999999997
2016-01-02,26.61,88.74,25.8600277
2016-01-03,26.58,90.51,25.9494844
2016-01-04,27.07,87.6,26.212726
2016-01-05,27.27,87.56,26.3962766
2016-01-06,27.33,86.98,26.411243699999996
2016-01-07,27.04,84.18,25.9488946
2016-01-08,27.26,85.35,26.231863
2016-01-09,27.24,85.67,26.235896899999997
2016-01-10,27.25,85.75,26.250718749999997
2016-01-11,27.54,84.63,26.437663599999997
2016-01-12,27.6,85.22,26.535101
2016-01-13,27.57,85.61,26.53557485
2016-01-14,27.23,88.56,26.4290284
2016-01-15,27.38,86.71,26.438536399999997
2016-01-16,27.68,84.46,26.5535054
2016-01-17,27.7,84.6,26.58196
2016-01-18,27.87,83.19,26.63387665
2016-01-19,27.2,86.64,26.266804
2016-01-20,27.02,83.85,25.907911
2016-01-21,26.86,85.93,25.9035214
2016-01-22,27.41,88,26.55794
2016-01-23,26.85,91.24,26.254977
2016-01-24,26.89,87.91,26.06612695
2016-01-25,26.93,85.94,25.968788099999998
2016-01-26,27.05,87.74,26.203753499999998
2016-01-27,27.48,87.36,26.5776304
2016-01-28,27.48,87.06,26.5562134
2016-01-29,27.05,88.4,26.24931
2016-01-30,26.96,86.87,26.0602011
2016-01-31,27.01,87.32,26.1375526
2016-02-01,26.84,86.6,25.930542
2016-02-02,26.95,84.82,25.9105495
2016-02-03,27.28,85.36,26.2509544
2016-02-04,27.05,89.33,26.31350325
2016-02-05,27.21,90.35,26.53541675
2016-02-06,27.41,87.87,26.54870935
2016-02-07,25.99,89.57,25.330876149999998
2016-02-08,25.61,88.48,24.9060704
2016-02-09,26.12,87.99,25.3524409
2016-02-10,26.13,90.98,25.5530357
2016-02-11,26.95,87.63,26.10296425
2016-02-12,27.17,87.9,26.3268115
2016-02-13,27.1,88.84,26.326612
2016-02-14,26.97,88.77,26.19979045
2016-02-15,27.21,87.5,26.3361875
2016-02-16,26.62,84.27,25.5714382
2016-02-17,26.31,81.92,25.1356136
2016-02-18,27.04,85.61,26.047521699999997
2016-02-19,26.59,88.55,25.82863225
2016-02-20,26.35,87.17,25.513804750000002
2016-02-21,26.31,85.62,25.375947099999998
2016-02-22,26.73,84.67,25.69882755
2016-02-23,27.18,85.51,26.1694674
2016-02-24,26.18,90.9,25.595416
2016-02-25,26.29,85.23,25.33223935
2016-02-26,26.45,84.65,25.44112125
2016-02-27,26.82,85.78,25.8564528
2016-02-28,27.08,85.85,26.100961499999997
2016-02-29,26.98,85.67,25.9963888
2016-03-01,26.89,85.97,25.93392565
2016-03-02,27.1,85.67,26.106931
2016-03-03,27.18,85.5,26.16877
2016-03-04,27.06,86.95,26.158506
2016-03-05,27.36,86.2,26.383926
2016-03-06,27.31,86.29,26.344061949999997
2016-03-07,26.96,87.87,26.1287311
2016-03-08,27.45,85.76,26.435755999999998
2016-03-09,27.76,85.95,26.7353335
2016-03-10,27.47,85.26,26.418522099999997
2016-03-11,27.27,85.44,26.2473784
2016-03-12,27.39,85.44,26.3577688
2016-03-13,27.4,86.68,26.454946
2016-03-14,27.76,85.34,26.690846200000003
2016-03-15,27.08,83.26,25.9217594
2016-03-16,27.3,80.45,25.92368
2016-03-17,27.43,81.81,26.136418149999997
2016-03-18,27.24,81.43,25.938800099999998
2016-03-19,27.61,83.29,26.40512545
2016-03-20,27.93,83.83,26.735602949999997
2016-03-21,28.22,84.35,27.039050999999997
2016-03-22,28.09,82.33,26.76925585
2016-03-23,28.3,81.96,26.930764
2016-03-24,28.04,81.88,26.6906036
2016-03-25,27.5,82.02,26.21443
2016-03-26,27.71,82.2,26.416741000000002
2016-03-27,27.73,81.95,26.41659175
2016-03-28,27.8,80.86,26.399909
2016-03-29,27.66,80.11,26.2203618
2016-03-30,27.69,80.6,26.282626999999998
2016-03-31,27.84,80.93,26.4408341
2016-04-01,27.77,81.22,26.399341699999997
2016-04-02,28.34,81.5,26.93178
2016-04-03,27.65,86.19,26.65119175
2016-04-04,27.99,84.23,26.81994485
2016-04-05,27.8,84.38,26.657397
2016-04-06,27.91,80.46,26.468827299999997
2016-04-07,28.25,78.17,26.59910625
2016-04-08,28.52,80.03,26.9801133
2016-04-09,28.54,82.22,27.1670284
2016-04-10,28.4,84.03,27.179093499999997
2016-04-11,28.81,83.35,27.499561749999998
2016-04-12,28.76,82.4,27.379632
2016-04-13,28.93,82.74,27.560160099999997
2016-04-14,28.55,82.29,27.181459750000002
2016-04-15,28.59,81.64,27.167191799999998
2016-04-16,29.03,80.1,27.4396915
2016-04-17,28.94,81.08,27.4373736
2016-04-18,28.54,80.68,27.0481096
2016-04-19,29.04,80.31,27.4653907
2016-04-20,28.88,79.97,27.2958273
2016-04-21,29.05,76.59,27.17661475
2016-04-22,28.82,80.36,27.2731536
2016-04-23,28.57,81.63,27.148437549999997
2016-04-24,28.53,82.38,27.1703527
2016-04-25,28.59,81.11,27.126119449999997
2016-04-26,28.72,79.95,27.1518895
2016-04-27,29.09,78.53,27.36713985
2016-04-28,29.5,76.65,27.573625
2016-04-29,28.67,81.08,27.1954698
2016-04-30,29.11,75.29,27.124427949999998
2016-05-01,29.2,75.97,27.257174499999998
2016-05-02,28.84,78.84,27.1711108
2016-05-03,28.87,80.4,27.320914
2016-05-04,29.26,78.13,27.4845934
2016-05-05,28.92,78.78,27.2370418
2016-05-06,28.93,80.31,27.367303149999998
2016-05-07,28.97,79.86,27.367158099999997
2016-05-08,29.69,72.27,27.37329715
2016-05-09,29.11,78.28,27.3646894
2016-05-10,29.66,77.18,27.7572684
2016-05-11,29.36,78.24,27.581555199999997
2016-05-12,29.21,79.27,27.53283935
2016-05-13,29.01,79.29,27.35723845
2016-05-14,28.67,79.2,27.048952
2016-05-15,29.93,72.29,27.578390849999998
2016-05-16,29.92,73.38,27.6623578
2016-05-17,29.6,78.48,27.812764
2016-05-18,28.98,80.28,27.4094992
2016-05-19,28.95,80.47,27.397853249999997
2016-05-20,29.16,79.15,27.4788645
2016-05-21,27.56,86.44,26.585985199999996
2016-05-22,29.09,74.73,27.062208849999998
2016-05-23,29.09,80.3,27.5091735
2016-05-24,28.4,83.55,27.142397499999998
2016-05-25,29.02,82.74,27.641616399999997
2016-05-26,28.17,84.26,26.986588100000002
2016-05-27,27.99,84.66,26.851848699999998
2016-05-28,27.71,84.72,26.5998316
2016-05-29,28.43,80.6,26.943668999999996
2016-05-30,27.4,80.91,26.045564499999998
2016-05-31,28.79,74.3,26.7701085
2016-06-01,28.06,81.06,26.6474548
2016-06-02,28.83,78.05,27.100010749999996
2016-06-03,28.2,81.2,26.78342
2016-06-04,28.09,78.83,26.50764835
2016-06-05,28.57,77.76,26.8489576
2016-06-06,28.37,80.71,26.89846235
2016-06-07,28.42,82.24,27.0602944
2016-06-08,27.9,82.83,26.634570999999998
2016-06-09,28.29,81.48,26.8853506
2016-06-10,28.22,80.05,26.714572999999998
2016-06-11,27.18,86.76,26.2566424
2016-06-12,27.23,83.68,26.0873552
2016-06-13,27.85,81.15,26.46593875
2016-06-14,27.95,83.54,26.7323715
2016-06-15,27.57,84.93,26.48669305
2016-06-16,27.4,87.59,26.5195105
2016-06-17,26.29,87.54,25.4820313
2016-06-18,26.95,78.16,25.454506
2016-06-19,26.19,82.32,25.0532644
2016-06-20,27.55,78.15,25.98171625
2016-06-21,27.79,82.02,26.4757519
2016-06-22,26.67,85.56,25.7034586
2016-06-23,27.91,83.95,26.72623225
2016-06-24,27.34,83.05,26.142991
2016-06-25,27.69,84.41,26.55902345
2016-06-26,27.62,83.11,26.4012176
2016-06-27,27.28,80.82,25.9318378
2016-06-28,28.16,78.43,26.5394459
2016-06-29,28.32,81.48,26.912294799999998
2016-06-30,28.55,82.01,27.15982275
2016-07-01,28.31,81.7,26.9200235
2016-07-02,28.01,84.69,26.87239045
2016-07-03,28.17,82.72,26.8708032
2016-07-04,28.19,82.53,26.87459635
2016-07-05,28.25,83.39,26.993868749999997
2016-07-06,28.06,83.73,26.8465834
2016-07-07,28.12,82.6,26.816565999999998
2016-07-08,27.92,82.31,26.6143011
2016-07-09,28.17,80.45,26.70013325
2016-07-10,28.05,83.47,26.81810175
2016-07-11,27.65,84.64,26.539088
2016-07-12,27.89,84.09,26.71830805
2016-07-13,27.49,84.12,26.3554534
2016-07-14,26.88,82.73,25.7040857
2016-07-15,27.47,82.21,26.200950349999996
2016-07-16,27.94,77.85,26.302672
2016-07-17,27.95,77.87,26.31293325
2016-07-18,26.95,85.49,25.956427749999996
2016-07-19,27.45,81.65,26.14302125
2016-07-20,26.4,84.15,25.3626175
2016-07-21,27.38,82.97,26.1735948
2016-07-22,26.43,87.79,25.62884085
2016-07-23,26.88,84.72,25.839584799999997
2016-07-24,27.2,82.14,25.952478999999997
2016-07-25,26.43,80.44,25.1465706
2016-07-26,26.15,83.79,25.11134425
2016-07-27,27.66,81.32,26.3079416
2016-07-28,27.15,83.95,26.033321249999997
2016-07-29,27.55,82.48,26.292502
2016-07-30,27.73,78.89,26.19393085
2016-07-31,28.06,79.09,26.5005322
2016-08-01,27.3,84.63,26.217952
2016-08-02,27.37,83.61,26.20983385
2016-08-03,27.24,83.39,26.0761373
2016-08-04,26.52,85.62,25.5693382
2016-08-05,27.21,83,26.021615
2016-08-06,27.74,84.57,26.616387399999997
2016-08-07,27.59,85.04,26.5129548
2016-08-08,28.07,81.28,26.6728328
2016-08-09,28.04,80.14,26.5610258
2016-08-10,27.84,83.39,26.621324299999998
2016-08-11,27.46,83.61,26.2917208
2016-08-12,28.04,82.22,26.715923399999998
2016-08-13,27.89,81.71,26.54303295
2016-08-14,27.75,81.76,26.42076
2016-08-15,27.58,85.03,26.503058199999998
2016-08-16,27.44,87.37,26.5411229
2016-08-17,27.52,88.16,26.6721376
2016-08-18,27.81,86.59,26.82832095
2016-08-19,27.33,86.57,26.382312049999996
2016-08-20,27.53,84.84,26.4435586
2016-08-21,26.46,86.25,25.555525
2016-08-22,27.89,80.54,26.4568683
2016-08-23,27.79,82.43,26.50572085
2016-08-24,26.88,86.77,25.9791693
2016-08-25,27.94,81.14,26.5458688
2016-08-26,28.13,80.22,26.647192299999997
2016-08-27,28.23,75.62,26.3889443
2016-08-28,28.14,79.68,26.6155936
2016-08-29,27.58,86.08,26.5785952
2016-08-30,27.21,87.77,26.35506185
2016-08-31,27.42,85.29,26.374707400000002
2016-09-01,27.12,86.61,26.1906001
2016-09-02,27.68,74.23,25.8119327
2016-09-03,28.54,71.79,26.361623799999997
2016-09-04,28.86,74.7,26.861805999999998
2016-09-05,27.64,81.88,26.3304676
2016-09-06,27.63,83.64,26.4485626
2016-09-07,26.57,85.15,25.58418275
2016-09-08,27.72,81.83,26.398859299999998
2016-09-09,27.57,83.73,26.400431049999998
2016-09-10,27.4,84.94,26.331493
2016-09-11,27.18,83.16,26.005578399999997
2016-09-12,26.89,86.19,25.94891755
2016-09-13,27.61,82.87,26.374841349999997
2016-09-14,26.89,84.24,25.8160348
2016-09-15,27.47,80.58,26.0846743
2016-09-16,28.1,79.41,26.559868
2016-09-17,27.44,83.55,26.2692535
2016-09-18,27.19,83.87,26.06420665
2016-09-19,26.98,86.09,26.0252176
2016-09-20,27.13,84.1,26.0255065
2016-09-21,27.53,79.42,26.0551343
2016-09-22,27.21,82.11,25.95939955
2016-09-23,28.44,74.28,26.4680476
2016-09-24,28.2,78.42,26.573946999999997
2016-09-25,28.68,75.82,26.7942018
2016-09-26,28.74,71.8,26.531375999999998
2016-09-27,27.25,82.73,26.03894125
2016-09-28,28.1,79.39,26.558372000000002
2016-09-29,27.56,82.03,26.269214899999998
2016-09-30,28.02,79.85,26.521645999999997
2016-10-01,27.32,82.23,26.0670373
2016-10-02,28.04,82.03,26.701774099999998
2016-10-03,27.02,86.39,26.082815399999998
2016-10-04,28.7,75.41,26.779521
2016-10-05,27.38,83.24,26.1927216
2016-10-06,26.82,85.24,25.819862399999998
2016-10-07,26.09,86.59,25.235179549999998
2016-10-08,26.95,83.49,25.819477749999997
2016-10-09,26.97,83.71,25.852750349999997
2016-10-10,27.83,83.33,26.607838949999998
2016-10-11,27.9,83.13,26.656681
2016-10-12,27.7,84,26.5384
2016-10-13,27.27,84.04,26.1490494
2016-10-14,27.05,78.84,25.589431
2016-10-15,27.7,81.11,26.328585999999998
2016-10-16,27.11,86.08,26.1445784
2016-10-17,27.77,81.51,26.420507349999998
2016-10-18,27.92,81.4,26.547134
2016-10-19,27.06,84.67,26.001003599999997
2016-10-20,27.9,80.39,26.454742999999997
2016-10-21,27.61,82.94,26.3798887
2016-10-22,27.13,82.12,25.8879658
2016-10-23,26.36,85.08,25.386768399999998
2016-10-24,27.3,79.88,25.883551999999998
2016-10-25,27.25,81.81,25.97442625
2016-10-26,27.34,80.55,25.966441
2016-10-27,26.01,89.67,25.356059350000002
2016-10-28,27.08,81.78,25.819358199999996
2016-10-29,27.09,85.67,26.09771915
2016-10-30,26.5,82.01,25.31266
2016-10-31,27.34,81.13,26.0074006
2016-11-01,26.99,81.34,25.708151299999997
2016-11-02,27.4,81.79,26.1080005
2016-11-03,26.54,89.67,25.855947399999998
2016-11-04,27.1,83.79,25.976647
2016-11-05,26.37,89.46,25.6818961
2016-11-06,27.35,83.72,26.199411
2016-11-07,27.46,83.71,26.2988488
2016-11-08,28.01,81.43,26.63015615
2016-11-09,27.8,79.39,26.2923785
2016-11-10,27.29,82.6,26.065996999999996
2016-11-11,27.07,83.2,25.908532
2016-11-12,27.23,82.66,26.0159399
2016-11-13,27.48,84.94,26.4048666
2016-11-14,27.45,83.6,26.281909999999996
2016-11-15,26.57,87.09,25.712969649999998
2016-11-16,27.24,79.97,25.836497899999998
2016-11-17,27.56,83.92,26.404973599999998
2016-11-18,28.03,79.25,26.48588875
2016-11-19,28.09,81.42,26.7012379
2016-11-20,27.23,87.14,26.3296071
2016-11-21,27.21,85.04,26.1642212
2016-11-22,26.9,86.44,25.975208
2016-11-23,26.82,86.26,25.8889776
2016-11-24,26.57,84.91,25.56825035
2016-11-25,27.8,81.9,26.475985
2016-11-26,27.72,83.18,26.4970178
2016-11-27,27.36,85.54,26.3372442
2016-11-28,26.39,90.19,25.74847505
2016-11-29,26.12,88.87,25.4086817
2016-11-30,26.23,90.04,25.5874306
2016-12-01,25.88,88.9,25.185250999999997
2016-12-02,26.86,85.3,25.860694
2016-12-03,27.51,80.75,26.13256625
2016-12-04,27.61,83.84,26.4447832
2016-12-05,27.24,81.87,25.9696309
2016-12-06,27.84,83.87,26.6565419
2016-12-07,27.24,81.36,25.9338952
2016-12-08,27.02,85.75,26.038745
2016-12-09,26.59,86.13,25.667714349999997
2016-12-10,26.81,82.95,25.65562975
2016-12-11,25.85,87.77,25.08654225
2016-12-12,26.54,86.46,25.643381199999997
2016-12-13,26.81,85.03,25.796456149999997
2016-12-14,26.6,87.68,25.780104
2016-12-15,27.49,81.94,26.199703299999996
2016-12-16,27.11,84.97,26.067594349999997
2016-12-17,26.83,87.99,26.015541849999998
2016-12-18,26.83,88.64,26.059621599999996
2016-12-19,26.74,89.9,26.060067999999998
2016-12-20,26.24,88.22,25.4793654
2016-12-21,26.81,88.64,26.040871199999998
2016-12-22,27.49,83.23,26.291867349999997
2016-12-23,27.11,87.37,26.23404635
2016-12-24,26.31,91.8,25.777368999999997
2016-12-25,26.15,91.41,25.59959575
2016-12-26,25.96,90.41,25.3555423
2016-12-27,25.56,91.18,25.0234794
2016-12-28,25.62,89.8,24.996168
2016-12-29,26.03,87.97,25.267117550000002
2016-12-30,26.7,88.48,25.927008
2016-12-31,26.13,91.02,25.5555943
2017-01-01,26.51,90.29,25.868605950000003
2017-01-02,26.31,89.33,25.616930149999998
2017-01-03,26.64,86.73,25.7539621
2017-01-04,26.3,87.87,25.512763
2017-01-05,27.14,80.68,25.7968736
2017-01-06,27.53,78.21,25.96841965
2017-01-07,27.9,80.94,26.495278
2017-01-08,27.94,77,26.23984
2017-01-09,27.22,86.96,26.307721599999997
2017-01-10,26.97,87.75,26.12983375
2017-01-11,26.86,88.21,26.0585158
2017-01-12,27.42,80.89,26.0620434
2017-01-13,26.59,86.36,25.6830082
2017-01-14,27.14,82.64,25.9331328
2017-01-15,26.97,84.4,25.900074
2017-01-16,26.35,87.49,25.53466075
2017-01-17,26.83,78.43,25.367230449999997
2017-01-18,27.21,83.14,26.0314017
2017-01-19,26.75,86.39,25.83302625
2017-01-20,26.85,85.73,25.88071025
2017-01-21,26.4,90.96,25.808331999999996
2017-01-22,26.22,91.93,25.6998078
2017-01-23,25.92,92.45,25.445784500000002
2017-01-24,25.32,92.78,24.8903378
2017-01-25,25.42,91.04,24.881862400000003
2017-01-26,25.73,90.16,25.122232399999998
2017-01-27,25.56,91.83,25.0630189
2017-01-28,25.62,91.08,25.0744528
2017-01-29,25.47,92.36,25.0090406
2017-01-30,26.07,89.56,25.405650599999998
2017-01-31,25.98,87.43,25.1863302
2017-02-01,26.06,85.58,25.143176399999998
2017-02-02,25.69,84.73,24.750207850000002
2017-02-03,26.19,88.14,25.4274613
2017-02-04,26.35,88.98,25.6317715
2017-02-05,26.63,88.7,25.8761205
2017-02-06,26.8,87.43,25.9496395
2017-02-07,25.76,87.47,24.9840171
2017-02-08,26.21,84.62,25.2194511
2017-02-09,26.02,86.32,25.153235199999997
2017-02-10,26.16,86.73,25.3089949
2017-02-11,26.03,86.26,25.1586779
2017-02-12,25.8,87.9,25.047985
2017-02-13,25.96,87.59,25.1777977
2017-02-14,25.69,88.64,24.990848800000002
2017-02-15,25.54,87.43,24.7767496
2017-02-16,25.76,85.75,24.8774975
2017-02-17,26.24,86.58,25.373470599999997
2017-02-18,26.15,88.68,25.424670999999996
2017-02-19,26.53,87.73,25.71815545
2017-02-20,26.58,87.71,25.7634524
2017-02-21,26.73,85.68,25.7667652
2017-02-22,27.05,82.67,25.85379675
2017-02-23,27.14,82.2,25.902544
2017-02-24,26.81,83.84,25.715887199999997
2017-02-25,26.33,88.28,25.567438199999998
2017-02-26,26.42,87.83,25.6221348
2017-02-27,26.29,87.76,25.496297199999997
2017-02-28,26.01,88.87,25.30541535
2017-03-01,25.37,91.41,24.85644685
2017-03-02,25.57,91.46,25.0500421
2017-03-03,26.22,88.94,25.5070724
2017-03-04,25.81,90.12,25.1954146
2017-03-05,26.49,87.9,25.692065499999998
2017-03-06,26.19,85.6,25.264152
2017-03-07,26.47,83.25,25.36726375
2017-03-08,26.17,85.57,25.24381045
2017-03-09,26.32,84.05,25.2830905
2017-03-10,26.47,84.63,25.458116049999997
2017-03-11,26.88,85.59,25.898823099999998
2017-03-12,26.21,85.85,25.29866925
2017-03-13,27.16,84.82,26.1030166
2017-03-14,26.75,84.59,25.71175125
2017-03-15,27.74,79.93,26.2785026
2017-03-16,27.34,84.21,26.224910199999997
2017-03-17,27.35,82.86,26.1386305
2017-03-18,27.43,82.87,26.21180005
2017-03-19,27.15,82,25.89765
2017-03-20,26.18,83.66,25.1303184
2017-03-21,27.32,85.02,26.2637602
2017-03-22,27,86.62,26.080125
2017-03-23,27.6,83.08,26.380914
2017-03-24,27.91,79.41,26.391384549999998
2017-03-25,27.73,82.36,26.4464254
2017-03-26,27.5,85.54,26.46611
2017-03-27,27.74,84.47,26.609105399999997
2017-03-28,26.65,87.96,25.845426999999997
2017-03-29,27.73,77.96,26.1262594
2017-03-30,26.52,87.43,25.6889973
2017-03-31,27.99,78.18,26.3710651
2017-04-01,27.42,84.89,26.3462834
2017-04-02,26.16,86.12,25.2698756
2017-04-03,26.77,85.35,25.78134475
2017-04-04,27.42,84.94,26.3498364
2017-04-05,27.47,84.29,26.34932715
2017-04-06,27.8,82.21,26.498661499999997
2017-04-07,27.78,82.34,26.4901136
2017-04-08,27.38,85.71,26.3676964
2017-04-09,27.77,82.63,26.50225055
2017-04-10,27.48,82.08,26.200691199999998
2017-04-11,27.72,84.67,26.605355699999997
2017-04-12,27.66,86.12,26.6553656
2017-04-13,26.99,84.9,25.952705499999997
2017-04-14,27.85,81.07,26.46006475
2017-04-15,27.66,83.45,26.462111
2017-04-16,28.24,80.73,26.783766099999998
2017-04-17,28.48,79.37,26.8937593
2017-04-18,28.35,78.41,26.70538175
2017-04-19,28.8,76.34,26.939141
2017-04-20,28.22,80.88,26.777204799999996
2017-04-21,27.63,85.46,26.579993899999998
2017-04-22,27.42,82.85,26.201321
2017-04-23,27.98,82.17,26.6580838
2017-04-24,28.56,80.11,27.021906299999998
2017-04-25,27.78,86,26.75744
2017-04-26,26.94,85.01,25.9143842
2017-04-27,27.71,82.81,26.46106055
2017-04-28,26.92,84.8,25.881688
2017-04-29,27.39,82.89,26.17698655
2017-04-30,28.23,80.73,26.77482595
2017-05-01,28.37,79.91,26.83743435
2017-05-02,28.13,82.84,26.8436006
2017-05-03,28.01,83.87,26.81146035
2017-05-04,28.01,82.4,26.702232000000002
2017-05-05,28.41,81.05,26.96023025
2017-05-06,28,82.6,26.70805
2017-05-07,26.75,89.78,26.0614275
2017-05-08,28.24,81.29,26.8260853
2017-05-09,28.07,85.97,27.022870949999998
2017-05-10,27.73,86.79,26.76877435
2017-05-11,27.46,86.47,26.4955816
2017-05-12,27.87,82.64,26.5934324
2017-05-13,28.14,84.61,26.985442199999998
2017-05-14,27.92,87.94,27.0298514
2017-05-15,27.95,87.29,27.009777749999998
2017-05-16,28.01,87.5,27.0811875
2017-05-17,28.35,86.87,27.349822250000003
2017-05-18,28.07,87.76,27.1564676
2017-05-19,27.86,87.84,26.9664832
2017-05-20,28.07,85.83,27.012422049999998
2017-05-21,28.09,86.13,27.05328685
2017-05-22,27.56,86.16,26.565872799999998
2017-05-23,28.17,87.38,27.2211653
2017-05-24,27.87,88.28,27.0081698
2017-05-25,27.96,89.35,27.1715805
2017-05-26,27.65,87.6,26.753169999999997
2017-05-27,27.81,88.21,26.94691305
2017-05-28,27.9,86.81,26.927896999999998
2017-05-29,27.92,87.3,26.982613
2017-05-30,27.63,85.23,26.563384449999997
2017-05-31,28.1,83.45,26.86206
2017-06-01,27.23,81.42,25.9291213
2017-06-02,27.77,81.92,26.450431199999997
2017-06-03,28.19,83.49,26.94687955
2017-06-04,27.86,87.5,26.941499999999998
2017-06-05,28.04,87.51,27.109869699999997
2017-06-06,28.15,86.52,27.137988999999997
2017-06-07,28.19,83.5,26.9476325
2017-06-08,27.9,85.54,26.834297999999997
2017-06-09,28.3,83.89,27.077251
2017-06-10,28.02,85.91,26.9722676
2017-06-11,27.69,83.6,26.500262
2017-06-12,28.17,82.23,26.83396255
2017-06-13,28.04,85.74,26.9780578
2017-06-14,27.8,81.21,26.4255115
2017-06-15,28.04,82.53,26.739009099999997
2017-06-16,27.54,83.11,26.328649199999997
2017-06-17,28.02,80,26.532799999999998
2017-06-18,26.72,86.78,25.831483799999997
2017-06-19,27.35,79.73,25.917417750000002
2017-06-20,27.79,81.73,26.45455435
2017-06-21,27.41,85.21,26.35983605
2017-06-22,27.64,85.16,26.5675132
2017-06-23,26.99,85.67,26.005600649999998
2017-06-24,27.77,79.83,26.29789255
2017-06-25,27.84,80.34,26.3975458
2017-06-26,27.93,78.66,26.3537209
2017-06-27,27.7,82.09,26.399734
2017-06-28,28.23,80.52,26.7589678
2017-06-29,27.54,82.38,26.2762936
2017-06-30,27.75,82.44,26.470315
2017-07-01,27.41,85.76,26.398888799999998
2017-07-02,27.77,85.29,26.696390649999998
2017-07-03,27.26,86.95,26.344151
2017-07-04,27.41,86.22,26.4315511
2017-07-05,26.63,86.54,25.7320161
2017-07-06,27.09,84.42,26.0111629
2017-07-07,27.05,84.57,25.984944249999998
2017-07-08,26.99,85.16,25.970566199999997
2017-07-09,26.59,86.37,25.68367315
2017-07-10,27.5,80.67,26.117905
2017-07-11,26.73,87.98,25.9214747
2017-07-12,26.13,87.41,25.324680649999998
2017-07-13,26.71,86.05,25.773187749999998
2017-07-14,26.04,85.9,25.145073
2017-07-15,26.47,83.71,25.39754785
2017-07-16,26.73,83.58,25.6255087
2017-07-17,26.97,85.7,25.9892345
2017-07-18,26.69,87.71,25.86601695
2017-07-19,27.12,85.69,26.1267429
2017-07-20,27.2,87.2,26.305919999999997
2017-07-21,27.4,86.79,26.4627505
2017-07-22,27.8,84.75,26.6844625
2017-07-23,27.78,84.69,26.6617576
2017-07-24,27.47,85.95,26.467743249999998
2017-07-25,27.73,85.25,26.65671625
2017-07-26,27.5,85.87,26.489705
2017-07-27,27.4,84.28,26.284665999999998
2017-07-28,27.43,83.27,26.24024605
2017-07-29,27.66,86.29,26.6676702
2017-07-30,27.6,87.6,26.70658
2017-07-31,27.72,86.62,26.747140199999997
2017-08-01,27.66,86.13,26.6560894
2017-08-02,27.53,82.56,26.280162400000002
2017-08-03,27.39,80.02,25.973517899999997
2017-08-04,27.7,81.31,26.343106
2017-08-05,27.91,84.32,26.7535216
2017-08-06,27.43,86.76,26.4884374
2017-08-07,27.04,88.45,26.2433965
2017-08-08,26.79,89.1,26.0532145
2017-08-09,26.83,83.97,25.742925549999995
2017-08-10,27.31,82.83,26.10028765
2017-08-11,26.84,84.47,25.7859789
2017-08-12,26.49,83.68,25.4137776
2017-08-13,26,86.18,25.125885
2017-08-14,26.9,83.95,25.80539
2017-08-15,26.65,82.48,25.479225999999997
2017-08-16,27.39,81.17,26.05504715
2017-08-17,26.9,85.81,25.932242
2017-08-18,27.34,83.64,26.1846568
2017-08-19,27.3,85.78,26.298912
2017-08-20,27.51,85.82,26.4953501
2017-08-21,27.25,85.59,26.23949875
2017-08-22,26.62,87.46,25.7840836
2017-08-23,27.57,83.41,26.37742785
2017-08-24,27.61,85.07,26.533472349999997
2017-08-25,27.11,86.35,26.16330425
2017-08-26,27.17,85.42,26.1539927
2017-08-27,27.13,85.64,26.1324826
2017-08-28,27.47,82.74,26.238757899999996
2017-08-29,26.97,85.14,25.9508269
2017-08-30,26.92,82.13,25.6993003
2017-08-31,27.56,83.51,26.375523299999998
2017-09-01,27.67,84.08,26.5168348
2017-09-02,27.69,84.14,26.5394363
2017-09-03,27.56,83.61,26.3827063
2017-09-04,27.56,83.12,26.3475096
2017-09-05,27.25,84.56,26.16727
2017-09-06,27.17,85.44,26.1553864
2017-09-07,27.54,83.81,26.378853199999998
2017-09-08,27.55,84.29,26.42241475
2017-09-09,27.66,81.98,26.3557124
2017-09-10,27.34,83.06,26.1436972
2017-09-11,27.1,80.04,25.716772
2017-09-12,27.58,82.77,26.340473799999998
2017-09-13,27.91,81.39,26.537419449999998
2017-09-14,27.65,82.6,26.391544999999997
2017-09-15,27.37,84.9,26.3011465
2017-09-16,27.09,85.7,26.0997965
2017-09-17,27.3,84.64,26.218656
2017-09-18,26.6,85.98,25.666969
2017-09-19,28.03,77.84,26.3809636
2017-09-20,27.04,84.03,25.9385491
2017-09-21,27.12,77.62,25.5666042
2017-09-22,27.44,83.14,26.2400738
2017-09-23,27.07,83.94,25.9596919
2017-09-24,27.73,77.13,26.06586445
2017-09-25,27.72,82.4,26.440303999999998
2017-09-26,28.52,75.93,26.663962299999998
2017-09-27,27.87,80.42,26.4301847
2017-09-28,27.78,79.33,26.2702632
2017-09-29,27.35,80.81,25.99374675
2017-09-30,27.64,81.48,26.3015596
2017-10-01,27.13,84.51,26.053987149999998
2017-10-02,27.51,82.01,26.22272555
2017-10-03,27.19,84.92,26.137491400000002
2017-10-04,27.06,83.4,25.913272
2017-10-05,27.57,82.53,26.31416905
2017-10-06,28.38,78.85,26.765409
2017-10-07,29,75.34,27.033365
2017-10-08,27.42,83.08,26.2176648
2017-10-09,27.86,82.4,26.566751999999997
2017-10-10,26.91,85.53,25.92235015
2017-10-11,27.57,83.42,26.3781467
2017-10-12,26.48,85.87,25.5489743
2017-10-13,26.85,79.67,25.46908475
2017-10-14,27.76,81.23,26.3911039
2017-10-15,28.37,78.58,26.7359753
2017-10-16,27.75,76.87,26.06440125
2017-10-17,28.52,75.6,26.638516
2017-10-18,28.84,75.93,26.941599099999998
2017-10-19,28.38,80.73,26.9089282
2017-10-20,28.69,75.34,26.7654103
2017-10-21,28.84,78.31,27.1293097
2017-10-22,27.93,81.54,26.5664521
2017-10-23,28.21,80.15,26.713210750000002
2017-10-24,28.26,79.69,26.7229392
2017-10-25,28.45,78.34,26.7881365
2017-10-26,28.02,82.22,26.6978792
2017-10-27,27.25,84.84,26.186905
2017-10-28,27.76,82.7,26.498311
2017-10-29,27.29,84.72,26.215128399999998
2017-10-30,26.9,85.35,25.900869999999998
2017-10-31,26.18,91.55,25.637172
2017-11-01,27.39,83.17,26.19683715
2017-11-02,27.5,83.68,26.33312
2017-11-03,26.58,84.4,25.543536
2017-11-04,27.18,84.56,26.1032144
2017-11-05,27.5,83.91,26.349565
2017-11-06,27.9,81.42,26.530654
2017-11-07,27.8,82.64,26.530116
2017-11-08,26.79,86.47,25.875439649999997
2017-11-09,26.6,85.96,25.665638
2017-11-10,27.68,77.6,26.056224
2017-11-11,26.93,84.94,25.900423099999998
2017-11-12,27.17,86.36,26.2194966
2017-11-13,28.12,79.08,26.5528828
2017-11-14,26.14,88.7,25.416574
2017-11-15,27.59,82.28,26.3142486
2017-11-16,27.9,80.93,26.494540999999998
2017-11-17,27.64,81.11,26.2748197
2017-11-18,27.43,84.59,26.33411785
2017-11-19,27.57,81.3,26.2257505
2017-11-20,27.16,84.92,26.1099796
2017-11-21,26.96,86.4,26.027992
2017-11-22,27.74,82.47,26.463465399999997
2017-11-23,26.48,90.47,25.8520683
2017-11-24,26.25,89.75,25.58759375
2017-11-25,26.48,88.48,25.7209472
2017-11-26,26.22,89.49,25.5425254
2017-11-27,25.76,90.72,25.1852896
2017-11-28,26.67,87.15,25.80988525
2017-11-29,26.28,90.96,25.6942984
2017-11-30,26.79,88.22,25.9937309
2017-12-01,27.08,86.4,26.139015999999998
2017-12-02,26.98,88.76,26.208486399999998
2017-12-03,27.93,81.07,26.531735549999997
2017-12-04,28.1,81.19,26.693012
2017-12-05,27.38,82.41,26.133924399999998
2017-12-06,27.17,85.59,26.16583915
2017-12-07,26.68,88.47,25.9076053
2017-12-08,26.29,91.07,25.710934149999996
2017-12-09,25.61,88.5,24.907292499999997
2017-12-10,26.83,84.84,25.801924599999996
2017-12-11,26.39,88.1,25.6117995
2017-12-12,26.44,87.16,25.5967972
2017-12-13,26.51,87.95,25.71403725
2017-12-14,26.99,85.03,25.961635849999997
2017-12-15,27.01,85.55,26.015767750000002
2017-12-16,26.64,86.21,25.719241699999998
2017-12-17,25.99,89.57,25.330876149999998
2017-12-18,26.22,85.14,25.262124399999998
2017-12-19,26.02,87.09,25.2020224
2017-12-20,26.07,86.85,25.23319975
2017-12-21,26.14,86.99,25.3070998
2017-12-22,27.1,84.28,26.010604
2017-12-23,26.5,91.03,25.90798
2017-12-24,25.73,92.28,25.2531742
2017-12-25,26.83,85.73,25.862279949999998
2017-12-26,26.85,83.7,25.7428225
2017-12-27,26.76,84.25,25.6979775
2017-12-28,26.82,88.23,26.022464799999998
2017-12-29,26.74,90.25,26.083629999999996
2017-12-30,26.27,90.84,25.6770274
2017-12-31,25.69,92.38,25.2210271
2018-01-01,25.63,93.04,25.2039436
2018-01-02,25.83,91.33,25.289728949999997
2018-01-03,25.96,91.96,25.453238799999998
2018-01-04,26.07,89.58,25.4069233
2018-01-05,26.43,85.92,25.506140799999997
2018-01-06,27.31,82.66,26.088310299999996
2018-01-07,26.84,86.84,25.9468308
2018-01-08,26.92,83.25,25.7758075
2018-01-09,26.29,88.44,25.5403918
2018-01-10,25.13,90.55,24.577505749999997
2018-01-11,24.4,92.64,23.999247999999998
2018-01-12,23.91,92.92,23.5435746
2018-01-13,23.98,93.02,23.616062799999998
2018-01-14,24,93.13,23.6410425
2018-01-15,24.38,89.41,23.8045394
2018-01-16,25.03,92.83,24.61474945
2018-01-17,25.55,91.89,25.05711475
2018-01-18,25.75,89.79,25.118256249999998
2018-01-19,26.13,89.21,25.43981765
2018-01-20,26.08,89.19,25.3915111
2018-01-21,26,90.19,25.3795175
2018-01-22,26.29,88.78,25.5624391
2018-01-23,25.97,90.48,25.369430799999996
2018-01-24,25.72,91.72,25.209041199999998
2018-01-25,26,89.69,25.3478925
2018-01-26,25.87,89.89,25.23777115
2018-01-27,26.25,88.73,25.52167625
2018-01-28,26.1,89.74,25.445412
2018-01-29,26.68,84.3,25.628256999999998
2018-01-30,26.19,89.8,25.534191
2018-01-31,26.32,90.64,25.711506399999998
2018-02-01,26.33,90.4,25.705375999999998
2018-02-02,25.88,91.13,25.3248267
2018-02-03,25.84,88,25.091559999999998
2018-02-04,25.56,86.45,24.735753499999998
2018-02-05,25.16,86.23,24.3526649
2018-02-06,25.07,84.35,24.16018725
2018-02-07,25.05,84.53,24.15235325
2018-02-08,24.71,82.81,23.74469555
2018-02-09,24.92,80.98,23.8299638
2018-02-10,24.81,82.96,23.843746799999998
2018-02-11,25.14,82.73,24.1293596
2018-02-12,25.35,84.74,24.4393595
2018-02-13,25.83,85.84,24.9476196
2018-02-14,25.89,86.97,25.07373565
2018-02-15,25.93,86.57,25.08572305
2018-02-16,26.31,85.48,25.366853399999997
2018-02-17,26.32,84.9,25.338349
2018-02-18,26.2,83.28,25.124067999999998
2018-02-19,26.27,84.97,25.29703295
2018-02-20,26.35,83.98,25.305896500000003
2018-02-21,26.55,84.69,25.53532975
2018-02-22,26.86,85.56,25.8783688
2018-02-23,26.44,87.89,25.6447363
2018-02-24,25.59,90.2,24.992248999999997
2018-02-25,26.25,87.56,25.446065
2018-02-26,26.22,85.41,25.2795286
2018-02-27,26.45,87.28,25.613978
2018-02-28,27.03,85.34,26.0197061
2018-03-01,26.91,85.5,25.9203025
2018-03-02,27.17,85.35,26.14911475
2018-03-03,26.51,86.67,25.62948685
2018-03-04,27.44,82.69,26.2080473
2018-03-05,27.28,84.52,26.1919108
2018-03-06,27.26,83.88,26.1286984
2018-03-07,26.37,89.01,25.652517850000002
2018-03-08,26.65,88,25.8481
2018-03-09,27.09,84.93,26.04647785
2018-03-10,26.17,86.56,25.307353600000003
2018-03-11,26.54,86.87,25.670531399999998
2018-03-12,26.67,86.34,25.755667900000002
2018-03-13,26.64,86.39,25.7312603
2018-03-14,26.71,84.92,25.6973026
2018-03-15,27.61,81.01,26.24072605
2018-03-16,27.17,85.36,26.1498116
2018-03-17,27.32,83.84,26.1805584
2018-03-18,26.92,85.29,25.9151599
2018-03-19,27.5,81.86,26.20299
2018-03-20,27.46,82.06,26.1812368
2018-03-21,27.34,83.32,26.1620584
2018-03-22,26.98,83.87,25.872836799999998
2018-03-23,27,82.03,25.7645625
2018-03-24,27.36,82.22,26.1024206
2018-03-25,26.95,84.94,25.918766499999997
2018-03-26,26.77,87.4,25.919688999999998
2018-03-27,26.42,88.01,25.6339356
2018-03-28,27.33,83.27,26.149447549999998
2018-03-29,27.46,82.46,26.2097488
2018-03-30,27.46,80.67,26.0821576
2018-03-31,27.72,80.98,26.337055799999998
2018-04-01,27.15,84.23,26.05280225
2018-04-02,27.34,82.48,26.102737599999998
2018-04-03,27.29,80.63,25.92741735
2018-04-04,27.31,80.73,25.952332149999997
2018-04-05,27.66,80.3,26.234113999999998
2018-04-06,27.52,81.82,26.218130199999997
2018-04-07,27.43,80.57,26.048235549999998
2018-04-08,27.47,83.2,26.271572
2018-04-09,27.23,85.81,26.23648715
2018-04-10,27.88,80.65,26.456033499999997
2018-04-11,27.68,82.46,26.4085254
2018-04-12,28.03,82.17,26.70318055
2018-04-13,27.91,85.22,26.8199011
2018-04-14,27.43,85.08,26.368964199999997
2018-04-15,27.68,82.47,26.4092503
2018-04-16,27.4,81.85,26.1122575
2018-04-17,27.65,82.58,26.390098499999997
2018-04-18,27.18,87.18,26.2859332
2018-04-19,27.56,86.32,26.577365599999997
2018-04-20,27.57,85.13,26.50107005
2018-04-21,27.4,84.61,26.308079499999998
2018-04-22,28.29,81.97,26.922514649999997
2018-04-23,28.13,83.07,26.860842549999997
2018-04-24,28.08,82.59,26.7796471
2018-04-25,28.84,75.58,26.9139946
2018-04-26,28.21,82.77,26.91077185
2018-04-27,28.11,78.87,26.52831385
2018-04-28,28.28,82.69,26.9680751
2018-04-29,28.32,85.57,27.2231757
2018-04-30,28.01,86.25,26.98830625
2018-05-01,27.58,84.81,26.4872314
2018-05-02,28.39,77.19,26.64743005
2018-05-03,28.55,76.77,26.75490175
2018-05-04,28.82,76.23,26.9478748
2018-05-05,28.03,82.21,26.70615715
2018-05-06,28.24,82.4,26.909968
2018-05-07,28.37,79.32,26.792426199999998
2018-05-08,28.35,78.6,26.719855
2018-05-09,28.39,80.09,26.86897555
2018-05-10,28.11,81,26.687755
2018-05-11,28.78,74.12,26.7473848
2018-05-12,28.25,78.03,26.58851875
2018-05-13,28.06,82.52,26.7563416
2018-05-14,28.39,80.9,26.9308555
2018-05-15,28.02,83.12,26.7648032
2018-05-16,28.34,78.67,26.7163604
2018-05-17,28.69,77.36,26.9230612
2018-05-18,28.57,77.36,26.8180036
2018-05-19,28.6,76.12,26.748106
2018-05-20,28.63,76.2,26.780382999999997
2018-05-21,28.72,77.68,26.9743528
2018-05-22,28.6,79.38,27.000919
2018-05-23,27.14,83.48,25.9915296
2018-05-24,28.43,78.01,26.74523615
2018-05-25,28.57,79.1,26.9526535
2018-05-26,28.18,78.28,26.5457872
2018-05-27,28.52,79.1,26.908400999999998
2018-05-28,27.64,85.68,26.6050936
2018-05-29,28.47,80.92,27.0039882
2018-05-30,27.82,83.58,26.6170708
2018-05-31,27.39,85.37,26.35280615
2018-06-01,27.7,80.56,26.288656
2018-06-02,27.31,79.59,25.872013449999997
2018-06-03,28.35,82.21,26.99484675
2018-06-04,28.46,82.05,27.081799
2018-06-05,28.36,85.28,27.2378944
2018-06-06,28.65,84.02,27.406356499999998
2018-06-07,28.63,82.91,27.30185065
2018-06-08,28,81.39,26.6182075
2018-06-09,28.32,80.55,26.8416055
2018-06-10,28.04,86.23,27.0145481
2018-06-11,27.89,85.67,26.834667149999998
2018-06-12,27.96,85.26,26.8687978
2018-06-13,27.88,84.71,26.754808899999997
2018-06-14,27.79,86.39,26.79517705
2018-06-15,26.94,87.51,26.0854342
2018-06-16,27.94,83.5,26.72032
2018-06-17,27.88,84.62,26.748185799999998
2018-06-18,27.4,87.28,26.497515999999997
2018-06-19,27.18,87.5,26.308249999999997
2018-06-20,27.26,86.95,26.344151
2018-06-21,27.64,85.19,26.5696813
2018-06-22,27.56,84.84,26.471057199999997
2018-06-23,27.31,83.85,26.172151749999998
2018-06-24,26.2,84.55,25.205792499999998
2018-06-25,26.14,86.62,25.2834124
2018-06-26,26.6,84.8,25.588440000000002
2018-06-27,25.96,87.19,25.1525857
2018-06-28,26.76,85.22,25.763384600000002
2018-06-29,25.88,89.29,25.209661099999998
2018-06-30,26.78,86.09,25.8405186
2018-07-01,26.52,88.48,25.7584128
2018-07-02,26.84,83.81,25.741184699999998
2018-07-03,26.77,85.11,25.76514835
2018-07-04,27.2,83.36,26.037695999999997
2018-07-05,27.08,85.04,26.044917599999998
2018-07-06,27.03,85.42,26.0252193
2018-07-07,27.32,84.01,26.1925451
2018-07-08,27.3,85.89,26.306656
2018-07-09,26.8,87.87,25.9794055
2018-07-10,26.31,85.78,25.3863399
2018-07-11,27.13,83.28,25.968545199999998
2018-07-12,27.12,86.94,26.2135054
2018-07-13,27.34,87.08,26.427589599999997
2018-07-14,27.33,84.69,26.249649849999997
2018-07-15,26.59,87.99,25.79139505
2018-07-16,27.15,85.01,26.10707075
2018-07-17,27.4,86.9,26.470554999999997
2018-07-18,27.31,88.9,26.5279495
2018-07-19,27.4,87.78,26.532991
2018-07-20,27.34,85.5,26.31601
2018-07-21,27.24,85.27,26.207868899999998
2018-07-22,27.35,86.33,26.383872750000002
2018-07-23,27.34,87.68,26.469961599999998
2018-07-24,27.55,87.36,26.642764
2018-07-25,27.02,86.37,26.081438199999997
2018-07-26,27.43,84.86,26.353318899999998
2018-07-27,27.95,81.06,26.548913499999998
2018-07-28,27.92,82.25,26.6098725
2018-07-29,27.54,84.93,26.4591796
2018-07-30,26.59,87.31,25.74617845
2018-07-31,26.88,79.43,25.479388699999998
2018-08-01,27.05,81.59,25.77924975
2018-08-02,26.68,83.41,25.5686359
2018-08-03,27.11,85.2,26.083546
2018-08-04,27,86.15,26.0478125
2018-08-05,27.1,86.28,26.149204
2018-08-06,27.06,86.47,26.125347599999998
2018-08-07,26.79,87.04,25.9139688
2018-08-08,26.65,88.06,25.852109499999997
2018-08-09,26.78,87.32,25.923592799999998
2018-08-10,27.18,88.12,26.3514888
2018-08-11,27.07,87.95,26.23692325
2018-08-12,27.49,85.75,26.471908749999997
2018-08-13,27.7,86.05,26.68723
2018-08-14,27.74,85.29,26.6688178
2018-08-15,27.67,84.57,26.55232795
2018-08-16,27.83,82.87,26.57411405
2018-08-17,27.6,84.67,26.4954735
2018-08-18,27.53,85.92,26.5209568
2018-08-19,27.69,83.69,26.50679105
2018-08-20,27.8,82.49,26.5191435
2018-08-21,27.8,83.59,26.5996085
2018-08-22,27.36,87,26.44051
2018-08-23,27.19,81.66,25.9099597
2018-08-24,26.92,85.93,25.958878300000002
2018-08-25,26.64,84.32,25.5930464
2018-08-26,27.51,84.3,26.3865865
2018-08-27,27.23,87.25,26.33730875
2018-08-28,27.21,86.21,26.24601005
2018-08-29,26.81,85.17,25.80593485
2018-08-30,27.37,81.9,26.0887915
2018-08-31,27.09,82.98,25.9114501
2018-09-01,27.28,80.17,25.8861493
2018-09-02,26.98,81.52,25.7115328
2018-09-03,27.01,84.54,25.9462747
2018-09-04,26.7,81.96,25.489516
2018-09-05,27.46,79.81,26.0208568
2018-09-06,27.29,82,26.023789999999998
2018-09-07,26.4,87.53,25.5838385
2018-09-08,26.65,84.79,25.633591749999997
2018-09-09,26.75,86.54,25.8431325
2018-09-10,26.79,83.88,25.700368599999997
2018-09-11,26.18,86.65,25.322396
2018-09-12,26.75,84.51,25.70636125
2018-09-13,27.54,77.96,25.9592912
2018-09-14,27.61,80.32,26.1909736
2018-09-15,27.36,78.64,25.8492072
2018-09-16,26.86,80.64,25.5439072
2018-09-17,27.4,78.53,25.876703499999998
2018-09-18,26.69,83.19,25.56297355
2018-09-19,27.09,80.35,25.729335749999997
2018-09-20,27.56,79.56,26.0917948
2018-09-21,26.87,82.93,25.70864255
2018-09-22,26.83,83.5,25.711052499999997
2018-09-23,27.72,80.41,26.2956111
2018-09-24,27.52,81.14,26.169435399999998
2018-09-25,27.52,84.16,26.3856976
2018-09-26,27.59,81.99,26.29337005
2018-09-27,27.85,81.56,26.496043
2018-09-28,27.56,81.39,26.223243699999998
2018-09-29,27.97,79.23,26.43125455
2018-09-30,28.1,81.79,26.737892000000002
2018-10-01,27.97,79.52,26.452739199999996
2018-10-02,28.35,77.02,26.5994985
2018-10-03,28.19,78.99,26.60805205
2018-10-04,28.07,82.25,26.74522875
2018-10-05,28.01,82.99,26.74607195
2018-10-06,27,84.09,25.906187499999998
2018-10-07,26.87,82.99,25.71272465
2018-10-08,27.45,79.29,25.97493025
2018-10-09,27.46,78.56,25.9317568
2018-10-10,27.13,80.64,25.785157599999998
2018-10-11,26.79,83.64,25.6841458
2018-10-12,27.38,78.51,25.8576484
2018-10-13,26.36,84.38,25.3411074
2018-10-14,26.8,80.78,25.499767
2018-10-15,27.72,76.58,26.017131799999998
2018-10-16,27.71,78.11,26.119582049999998
2018-10-17,27.99,76.51,26.247159449999998
2018-10-18,26.42,82.85,25.295646
2018-10-19,27.6,78.52,26.052366
2018-10-20,27.89,80.86,26.4804347
2018-10-21,27.66,81.7,26.335445999999997
2018-10-22,27.86,81.05,26.467554
2018-10-23,27.93,74.33,26.03388545
2018-10-24,27.94,77.05,26.243536
2018-10-25,27.84,78.79,26.2838223
2018-10-26,27.95,80.36,26.497131
2018-10-27,27.54,82.34,26.273424799999997
2018-10-28,27.91,79.92,26.4289996
2018-10-29,27.95,83,26.692425
2018-10-30,27.4,83.86,26.254866999999997
2018-10-31,27.13,84.82,26.0755213
2018-11-01,27.04,86.45,26.1054565
2018-11-02,27.05,83.82,25.933175499999997
2018-11-03,27.36,81.52,26.0529096
2018-11-04,27.09,84.63,26.025704349999998
2018-11-05,26.96,83.44,25.8251432
2018-11-06,26.3,87.61,25.495889
2018-11-07,27.58,78.72,26.049116799999997
2018-11-08,27.77,82.71,26.50808935
2018-11-09,28.01,79.26,26.4689143
2018-11-10,27.82,82.55,26.541612999999998
2018-11-11,27.08,84.92,26.0366148
2018-11-12,27.51,82.58,26.2635119
2018-11-13,26.98,79.44,25.5687616
2018-11-14,27.67,79.35,26.17421725
2018-11-15,27.42,82.56,26.1807136
2018-11-16,27.38,83.92,26.240892799999997
2018-11-17,27.35,85.21,26.30471675
2018-11-18,27.21,83.6,26.063558
2018-11-19,26.99,81.79,25.73906405
2018-11-20,27.5,82.42,26.243029999999997
2018-11-21,27.19,83.02,26.0048809
2018-11-22,26.2,83.19,25.1182765
2018-11-23,26.5,82.25,25.3285
2018-11-24,28.05,79.3,26.5073325
2018-11-25,27.28,82.6,26.056954
2018-11-26,27.29,84.33,26.18769385
2018-11-27,27.2,83,26.012549999999997
2018-11-28,27.62,85.03,26.5397648
2018-11-29,27.44,86.27,26.462835899999998
2018-11-30,26.6,89.97,25.9325035
2018-12-01,26.54,88.74,25.7943628
2018-12-02,26.61,87.32,25.7654486
2018-12-03,27.03,87.99,26.20233085
2018-12-04,27.2,85.87,26.213019499999998
2018-12-05,27.15,86.06,26.180124499999998
2018-12-06,27.45,83.16,26.250570999999997
2018-12-07,26.8,86.01,25.8535765
2018-12-08,27.23,83.07,26.044646049999997
2018-12-09,27.77,82.36,26.482544599999997
2018-12-10,27.56,83.88,26.4021004
2018-12-11,27.11,85.91,26.13278805
2018-12-12,26.66,87.33,25.8126304
2018-12-13,26.32,87.29,25.493722899999998
2018-12-14,26.2,92.59,25.723166499999998
2018-12-15,27.19,81.85,25.92322075
2018-12-16,27.02,86.03,26.0580258
2018-12-17,27.81,81.11,26.427157549999997
2018-12-18,27.76,82.07,26.4523651
2018-12-19,27.93,80.69,26.50366685
2018-12-20,26.78,86.01,25.8351154
2018-12-21,26.64,87.59,25.8113843
2018-12-22,26.46,87.75,25.654195
2018-12-23,27.12,80.93,25.7963513
2018-12-24,27.68,80.67,26.2787683
2018-12-25,27.21,86.28,26.2509034
2018-12-26,26.81,87.15,25.93999075
2018-12-27,26.28,88.68,25.5465772
2018-12-28,27.54,83.31,26.3429932
2018-12-29,26.87,86.86,25.9760201
2018-12-30,27.15,88.5,26.349887499999998
2018-12-31,26.7,89.29,25.981358999999998
2019-01-01,26.81,85.64,25.837756199999998
2019-01-02,27.45,84.91,26.375214749999998
2019-01-03,27.4,86.67,26.454236499999997
2019-01-04,27.12,85.13,26.0878733
2019-01-05,27.63,83.37,26.42906455
2019-01-06,27.05,87.39,26.17959475
2019-01-07,27.38,86.54,26.426493599999997
2019-01-08,26.95,87.56,26.098171
2019-01-09,27.03,87.41,26.16236015
2019-01-10,27.14,85.23,26.1131896
2019-01-11,26.66,84.36,25.6139968
2019-01-12,26.97,84.44,25.902817399999996
2019-01-13,26.86,86.45,25.938871
2019-01-14,26.53,88.22,25.7505763
2019-01-15,26.8,85.86,25.843429
2019-01-16,26.65,88.32,25.869483999999996
2019-01-17,26.31,91.18,25.737096899999997
2019-01-18,25.92,89.06,25.2328586
2019-01-19,26.64,86.72,25.753294399999998
2019-01-20,26.82,86.23,25.8869448
2019-01-21,26.54,86.5,25.64603
2019-01-22,26.35,87.08,25.507939
2019-01-23,26.4,85.27,25.435921499999996
2019-01-24,26.17,82.32,25.0352092
2019-01-25,25.92,84.05,24.918180500000002
2019-01-26,26.22,85.57,25.2898422
2019-01-27,26.67,87.76,25.8507156
2019-01-28,26.25,90.03,25.60568875
2019-01-29,26.32,89.17,25.6159417
2019-01-30,26.19,88.36,25.4416062
2019-01-31,26.15,87.73,25.36379975
2019-02-01,26.78,86.23,25.849974200000002
2019-02-02,26.97,86.53,26.046160049999997
2019-02-03,27.1,86.85,26.188705
2019-02-04,26.96,84.41,25.8916173
2019-02-05,26.5,83,25.378
2019-02-06,26.29,82.88,25.179853599999998
2019-02-07,26.66,83.71,25.570524799999998
2019-02-08,27.11,83.6,25.972578
2019-02-09,27.15,84.5,26.0715875
2019-02-10,26.5,82.96,25.37536
2019-02-11,26.06,80.08,24.7934864
2019-02-12,27.29,82.36,26.049114199999998
2019-02-13,26.81,87.43,25.958948149999998
2019-02-14,26.85,82.87,25.68644475
2019-02-15,26.62,81.89,25.4127874
2019-02-16,26.66,83.26,25.5404288
2019-02-17,27.1,83.71,25.971103
2019-02-18,27.18,82.53,25.9616422
2019-02-19,27.05,84.44,25.975971
2019-02-20,27.3,82.61,26.075744
2019-02-21,27.2,83.35,26.0369975
2019-02-22,27.27,81.56,25.9748666
2019-02-23,26.77,79.76,25.4041036
2019-02-24,26.97,80.83,25.655225549999997
2019-02-25,27.5,82.65,26.259475
2019-02-26,27.52,83.73,26.3549053
2019-02-27,27.09,82.56,25.882367199999997
2019-02-28,27.04,81.36,25.754399199999998
2019-03-01,26.84,80.15,25.4927805
2019-03-02,26.62,78.01,25.1541466
2019-03-03,26.87,79.54,25.4780039
2019-03-04,26.68,78.61,25.2470839
2019-03-05,27.73,79.04,26.2048456
2019-03-06,27.12,82.1,25.877561
2019-03-07,27.67,81.43,26.32488205
2019-03-08,27.32,82.04,26.0536404
2019-03-09,27.8,80.58,26.379427
2019-03-10,27.94,79.26,26.4068992
2019-03-11,27.93,77.44,26.263605599999998
2019-03-12,27.78,80.27,26.3389208
2019-03-13,27.33,83.91,26.194609149999998
2019-03-14,27.23,78.95,25.75618425
2019-03-15,27.06,77.07,25.475995599999997
2019-03-16,27.6,79.22,26.102801
2019-03-17,27.15,76.32,25.502463999999996
2019-03-18,27.39,74.66,25.5935207
2019-03-19,27.88,76.34,26.138860599999997
2019-03-20,27.92,78.99,26.369251900000002
2019-03-21,27.99,80.64,26.553584799999996
2019-03-22,28.14,78.4,26.519568
2019-03-23,28.33,78.32,26.680910799999996
2019-03-24,28.67,77.63,26.92659405
2019-03-25,27.88,81.75,26.536982499999997
2019-03-26,27.82,82.62,26.5467412
2019-03-27,28.48,79.31,26.8891459
2019-03-28,28.27,79.52,26.7189472
2019-03-29,29.08,75.76,27.136194399999997
2019-03-30,28.53,77.79,26.816165350000002
2019-03-31,28.52,77.7,26.800447
2019-04-01,27.13,80.4,25.768486
2019-04-02,28.11,79.29,26.55975295
2019-04-03,28.02,79.07,26.4636452
2019-04-04,28,81.07,26.594447499999998
2019-04-05,27.54,77.39,25.9184108
2019-04-06,27.5,76.03,25.786144999999998
2019-04-07,28.41,74.63,26.46906815
2019-04-08,28.41,79.92,26.8737796
2019-04-09,28.49,79.08,26.880310599999998
2019-04-10,29.17,75.79,27.21661615
2019-04-11,28.65,78.8,27.000109999999996
2019-04-12,28.43,78.94,26.816488099999997
2019-04-13,28.29,80.88,26.8398436
2019-04-14,28.17,83.5,26.929447500000002
2019-04-15,28.98,76.92,27.1419088
2019-04-16,29.11,74.83,27.087464649999998
2019-04-17,28.91,75.87,26.99757685
2019-04-18,29.33,74.41,27.24275165
2019-04-19,29.64,77.28,27.7481056
2019-04-20,28.72,82.99,27.389647899999996
2019-04-21,29.31,77.52,27.478891599999997
2019-04-22,28.66,80.74,27.1600312
2019-04-23,29.14,79.87,27.5191324
2019-04-24,28.54,78.09,26.8481098
2019-04-25,29.66,77.13,27.7530994
2019-04-26,28.41,84.12,27.1951006
2019-04-27,27.67,81.15,26.30460025
2019-04-28,29.39,73.99,27.25991105
2019-04-29,28.93,82.17,27.51492205
2019-04-30,29.58,76.48,27.6292512
2019-05-01,29.2,77.6,27.388959999999997
2019-05-02,29.67,75.07,27.58996545
2019-05-03,29.56,76.92,27.6482836
2019-05-04,29.17,77.94,27.3900889
2019-05-05,28.09,84.42,26.9254729
2019-05-06,28.49,76.23,26.661017349999998
2019-05-07,29.31,78.02,27.519619099999996
2019-05-08,28.47,83.43,27.19684405
2019-05-09,28.6,81.41,27.1583455
2019-05-10,28.85,78.77,27.17442225
2019-05-11,29.45,74.24,27.331884
2019-05-12,29.27,75.11,27.248060849999998
2019-05-13,28.69,81.21,27.22353445
2019-05-14,28.33,83.88,27.103832199999996
2019-05-15,28.85,79.69,27.24703325
2019-05-16,28.37,77.36,26.6429076
2019-05-17,27.7,83.64,26.512264
2019-05-18,28.27,78.94,26.6750209
2019-05-19,27.74,85.51,26.684838199999998
2019-05-20,28.17,83.51,26.930199350000002
2019-05-21,27.78,85.59,26.7274936
2019-05-22,27.88,85.55,26.8166245
2019-05-23,28.21,84.28,27.0246334
2019-05-24,28.7,80.78,27.198918
2019-05-25,28.27,85.14,27.144577899999998
2019-05-26,28.28,85.59,27.1878661
2019-05-27,28.5,83.98,27.26646
2019-05-28,28.56,83.11,27.253896299999997
2019-05-29,28.6,81.2,27.14206
2019-05-30,28.39,79.34,26.811679299999998
2019-05-31,28.57,78.5,26.9062225
2019-06-01,28.13,81.74,26.761139099999998
2019-06-02,28.09,80.98,26.668350099999998
2019-06-03,27.84,81.97,26.5171389
2019-06-04,28.72,78.31,27.023625099999997
2019-06-05,28.53,82.01,27.14180165
2019-06-06,27.52,84.09,26.3806849
2019-06-07,27.11,83.23,25.94691665
2019-06-08,27.63,84.62,26.5193333
2019-06-09,28.18,83.55,26.942301999999998
2019-06-10,28.47,83.39,27.193770649999998
2019-06-11,28.44,85,27.28995
2019-06-12,27.65,87.89,26.77414425
2019-06-13,27.54,86.08,26.541657599999997
2019-06-14,28.29,83.29,27.02263005
2019-06-15,27.75,84.66,26.632097499999997
2019-06-16,27.88,86.85,26.9122915
2019-06-17,27.83,87.47,26.91136305
2019-06-18,27.81,82.19,26.506218949999997
2019-06-19,27.52,86.64,26.5632904
2019-06-20,27.83,85.95,26.799924249999997
2019-06-21,28.05,83.98,26.8561095
2019-06-22,27.19,87.27,26.30150965
2019-06-23,27.64,84.88,26.547277599999997
2019-06-24,27.78,87.21,26.8458184
2019-06-25,28.06,84.34,26.8920772
2019-06-26,27.57,84.75,26.47375375
2019-06-27,28,83.55,26.7785875
2019-06-28,27.91,86.57,26.919470349999997
2019-06-29,27.75,87.49,26.838333749999997
2019-06-30,27.86,85.56,26.798948799999998
2019-07-01,27.85,83.81,26.66124925
2019-07-02,27.84,86.3,26.834830999999998
2019-07-03,27.73,85.5,26.6749075
2019-07-04,27.7,85.61,26.655285999999997
2019-07-05,27.8,84.35,26.655202499999998
2019-07-06,27.9,83.14,26.657417999999996
2019-07-07,27.95,82.66,26.6672735
2019-07-08,27.57,86.72,26.615367199999998
2019-07-09,26.54,79.57,25.1871254
2019-07-10,27.5,82.72,26.26448
2019-07-11,27.73,81.04,26.3503756
2019-07-12,27.92,81.95,26.587729500000002
2019-07-13,27.65,84.1,26.500032499999996
2019-07-14,27.86,82.37,26.564547599999997
2019-07-15,27.17,84.81,26.11148485
2019-07-16,27.39,82.3,26.1351585
2019-07-17,27.65,80.44,26.235322999999998
2019-07-18,27.6,78.86,26.076863
2019-07-19,27.5,80.97,26.139355
2019-07-20,27.66,82.68,26.4063784
2019-07-21,27.94,81.07,26.5406944
2019-07-22,27.41,83.02,26.204335099999998
2019-07-23,27.41,81.6,26.103507999999998
2019-07-24,27.51,82.63,26.26708965
2019-07-25,27.52,79.02,26.017622199999998
2019-07-26,27.6,80.14,26.169087
2019-07-27,27.47,82.99,26.256591649999997
2019-07-28,27.35,84.23,26.23545525
2019-07-29,27.77,82.39,26.484734149999998
2019-07-30,27.52,83.18,26.3155198
2019-07-31,27.4,78.66,25.885927
2019-08-01,27.54,77.78,25.9463816
2019-08-02,27.76,79.65,26.2758745
2019-08-03,27.73,81.44,26.3794816
2019-08-04,27.52,82.73,26.2832953
2019-08-05,27.49,82.44,26.235425799999998
2019-08-06,27.49,82.37,26.23042465
2019-08-07,27.42,81.29,26.0904674
2019-08-08,27.65,80.24,26.220857999999996
2019-08-09,27.91,82.68,26.6325634
2019-08-10,27.61,83.97,26.454156849999997
2019-08-11,27.91,83.08,26.6620654
2019-08-12,27.87,82.83,26.60740405
2019-08-13,27.96,83.22,26.7177766
2019-08-14,27.53,83.83,26.37117695
2019-08-15,27.76,81.74,26.4282982
2019-08-16,27.86,81.24,26.481515199999997
2019-08-17,27.37,85.76,26.3620216
2019-08-18,27.65,79.67,26.17963275
2019-08-19,27.91,78.68,26.3375434
2019-08-20,27.79,81.09,26.407773549999998
2019-08-21,27.94,78.91,26.3810272
2019-08-22,27.78,81.41,26.4221864
2019-08-23,27.65,79.91,26.196990749999998
2019-08-24,27.94,79.13,26.3972896
2019-08-25,27.76,80.61,26.3458873
2019-08-26,27.74,80.7,26.334573999999996
2019-08-27,27.3,83.39,26.130656
2019-08-28,26.79,85.41,25.803788949999998
2019-08-29,27.81,81.47,26.45351135
2019-08-30,27.33,79.23,25.86436495
2019-08-31,27.49,74.93,25.69887385
2019-09-01,28.09,78.4,26.475507999999998
2019-09-02,27.71,84.67,26.59619885
2019-09-03,27.65,84.33,26.516667249999998
2019-09-04,27.57,81.75,26.25809875
2019-09-05,27.76,80.23,26.3181739
2019-09-06,27.87,80.79,26.45739265
2019-09-07,27.95,78.49,26.358797749999997
2019-09-08,27.82,77.64,26.1819064
2019-09-09,27.88,78.91,26.3279869
2019-09-10,27.4,81.79,26.1080005
2019-09-11,27.92,77.94,26.2917514
2019-09-12,27.62,77.3,25.981968
2019-09-13,27.91,79.67,26.41056085
2019-09-14,27.42,81.04,26.0727024
2019-09-15,27.47,77.94,25.896349899999997
2019-09-16,27.72,77.48,26.0825708
2019-09-17,28.04,78.46,26.435916199999998
2019-09-18,27.68,80.93,26.2976157
2019-09-19,27.87,79,26.325765
2019-09-20,27.71,75.86,25.9561083
2019-09-21,27.67,73.55,25.75409425
2019-09-22,28.24,77.27,26.522293899999998
2019-09-23,27.53,82.99,26.31097835
2019-09-24,27.91,82.53,26.62150015
2019-09-25,27.17,82.12,25.9240322
2019-09-26,28.02,74.64,26.1342304
2019-09-27,28.61,75.18,26.6838439
2019-09-28,28.37,75.68,26.5147488
2019-09-29,28.39,74.92,26.4740134
2019-09-30,27.17,81.11,25.853650350000002
2019-10-01,27.26,81.06,25.9307908
2019-10-02,26.64,82.39,25.4641803
2019-10-03,27.51,74.08,25.6552944
2019-10-04,27.38,79.49,25.927071599999998
2019-10-05,27.49,79.4,26.018233
2019-10-06,27.61,80.1,26.1751105
2019-10-07,27.13,81.08,25.815722199999996
2019-10-08,28.02,74.92,26.1550512
2019-10-09,28.22,74.96,26.3304816
2019-10-10,28.44,74,26.44658
2019-10-11,28.6,73.18,26.520109
2019-10-12,28.56,74.67,26.6012311
2019-10-13,28.4,77.4,26.67223
2019-10-14,27.95,78.06,26.3269885
2019-10-15,27.97,77.11,26.27419435
2019-10-16,28.5,76.6,26.6982
2019-10-17,28.31,77.75,26.620001249999998
2019-10-18,28.38,76.82,26.610438799999997
2019-10-19,28.32,76.72,26.5504872
2019-10-20,28.21,79.41,26.65741105
2019-10-21,28.14,80.54,26.6801108
2019-10-22,27.28,80.38,25.9009102
2019-10-23,28.05,76.7,26.3135675
2019-10-24,28.38,76.74,26.6043316
2019-10-25,28.4,75.64,26.537678
2019-10-26,26.8,84.24,25.733836
2019-10-27,27.35,81.97,26.07572975
2019-10-28,27.67,79.45,26.18146075
2019-10-29,28.36,77.1,26.614333
2019-10-30,28.27,76.96,26.525065599999998
2019-10-31,27.73,80.03,26.27688295
2019-11-01,27.89,75.07,26.05403015
2019-11-02,28.38,75.3,26.494401999999997
2019-11-03,27.69,77.62,26.066442900000002
2019-11-04,27.87,76.96,26.1757536
2019-11-05,27.96,79.28,26.4260984
2019-11-06,28.21,80.07,26.70717835
2019-11-07,28.43,79.16,26.833343399999997
2019-11-08,27.53,78.04,25.9562366
2019-11-09,28.7,69.43,26.312483
2019-11-10,28.45,73.5,26.416787499999998
2019-11-11,27.66,80.43,26.2435234
2019-11-12,28.01,79.71,26.50235155
2019-11-13,27.88,83.03,26.6311777
2019-11-14,26.96,84.58,25.9032674
2019-11-15,27.04,81.84,25.7875048
2019-11-16,27.64,80.57,26.235793899999997
2019-11-17,28.18,77.09,26.456251599999998
2019-11-18,27.75,80.01,26.29322875
2019-11-19,27.6,81.92,26.297336
2019-11-20,26.47,87.73,25.66220455
2019-11-21,26.47,88.98,25.744498299999997
2019-11-22,26.82,85.08,25.8090208
2019-11-23,26.83,85.43,25.841935449999998
2019-11-24,27.28,82.4,26.042896
2019-11-25,27.24,85.14,26.198759799999998
2019-11-26,27.51,84.69,26.41449295
2019-11-27,27.44,85.86,26.4336562
2019-11-28,27.49,85.62,26.462620899999997
2019-11-29,27.18,89.61,26.4554014
2019-11-30,27.47,87.11,26.550491849999997
2019-12-01,27.32,87.58,26.4442658
2019-12-02,26.33,90.77,25.729450049999997
2019-12-03,26.52,84.86,25.5190946
2019-12-04,26.85,83.63,25.73806775
2019-12-05,26.65,86.2,25.727814999999996
2019-12-06,26.92,83.69,25.805863900000002
2019-12-07,26.24,87.39,25.4257723
2019-12-08,26.81,87.88,25.9894154
2019-12-09,25.89,90.91,25.32055695
2019-12-10,26.02,90.46,25.415545599999998
2019-12-11,25.66,91.31,25.1266078
2019-12-12,26.22,87.66,25.4245636
2019-12-13,26.25,88.53,25.50875125
2019-12-14,25.51,93,25.086115
2019-12-15,25.64,91.62,25.1265574
2019-12-16,25.69,88.59,24.98777155
2019-12-17,25.95,87.74,25.177926499999998
2019-12-18,26.5,88.19,25.72054
2019-12-19,26.06,91.05,25.490958999999997
2019-12-20,26.29,89.77,25.626635649999997
2019-12-21,26.55,88.94,25.8169985
2019-12-22,26.12,90.4,25.506464
2019-12-23,26.55,88.24,25.770606
2019-12-24,26.6,88.33,25.8233615
2019-12-25,26.22,86.81,25.369772599999997
2019-12-26,26.18,86.27,25.2979848
2019-12-27,26.32,85.74,25.3929574
2019-12-28,26.44,86.51,25.5541117
2019-12-29,26.59,86.22,25.673698899999998
2019-12-30,26.71,86.4,25.796692
2019-12-31,26.39,88.03,25.60722185
2020-01-01,26.65,86.39,25.74051175
2020-01-02,26.2,89.9,25.550065
2020-01-03,26.59,87.85,25.78208575
2020-01-04,26.14,87.89,25.3647178
2020-01-05,26.31,87.7,25.5110535
2020-01-06,26.33,87.73,25.531652449999996
2020-01-07,26.24,89.52,25.5633064
2020-01-08,26.68,88.32,25.897556799999997
2020-01-09,26.57,88.09,25.77935465
2020-01-10,26.25,87.87,25.46609875
2020-01-11,26.43,85.9,25.5048285
2020-01-12,26.09,87.76,25.3097612
2020-01-13,26.2,85.94,25.295239
2020-01-14,26.73,86.36,25.8125054
2020-01-15,26.7,86.35,25.784084999999997
2020-01-16,26.52,87.07,25.6651977
2020-01-17,26.77,85.67,25.80293995
2020-01-18,27.07,87.21,26.18576335
2020-01-19,27.26,87.58,26.3883644
2020-01-20,26.86,88.12,26.0523976
2020-01-21,26.66,87.47,25.8219936
2020-01-22,26.92,86.6,26.004646
2020-01-23,26.93,86.12,25.9810938
2020-01-24,26.06,82.98,24.9778684
2020-01-25,26.7,81.17,25.436507
2020-01-26,27.27,83.12,26.0844332
2020-01-27,27.33,85.05,26.275053249999996
2020-01-28,27.67,84.81,26.56971235
2020-01-29,26.57,87.51,25.74085135
2020-01-30,27.05,83.34,25.9000435
2020-01-31,26.94,83.98,25.843911600000002
2020-02-01,26.95,86.31,26.01257725
2020-02-02,26.53,84.26,25.4885629
2020-02-03,26.22,83.05,25.127402999999997
2020-02-04,26.4,83.3,25.306984999999997
2020-02-05,26.8,83.1,25.656715
2020-02-06,26.91,83.49,25.78310995
2020-02-07,26.34,81.55,25.138536
2020-02-08,26.69,82.94,25.5462123
2020-02-09,26.86,87.02,25.977619599999997
2020-02-10,26.51,87.25,25.66779875
2020-02-11,26.72,88.43,25.9423803
2020-02-12,27.08,87.34,26.2040546
2020-02-13,26.94,85.7,25.961594
2020-02-14,27.09,83.84,25.9710008
2020-02-15,27.23,82.13,25.97883195
2020-02-16,27.2,81.59,25.9140615
2020-02-17,27.26,82.23,26.0129014
2020-02-18,26.32,87.62,25.5151762
2020-02-19,26.95,85.18,25.9352005
2020-02-20,26.83,86.1,25.887371499999997
2020-02-21,26.87,86.03,25.91955105
2020-02-22,26.7,84.28,25.645187999999997
2020-02-23,26.79,84.04,25.7111838
2020-02-24,26.74,86.05,25.800886
2020-02-25,27,84.56,25.938499999999998
2020-02-26,27.27,84.12,26.1546682
2020-02-27,27.21,84.33,26.11458865
2020-02-28,26.89,83.66,25.7765107
2020-02-29,26.56,81.99,25.365396699999998
2020-03-01,26.77,81.5,25.521527499999998
2020-03-02,27.32,83.68,26.1692768
2020-03-03,27.47,83.76,26.311519599999997
2020-03-04,27.71,82.31,26.42473305
2020-03-05,27.16,84.95,26.1120685
2020-03-06,27.08,85.52,26.078128799999998
2020-03-07,27.39,84.73,26.30743335
2020-03-08,27.54,82.16,26.260515199999997
2020-03-09,28.09,82.04,26.7475798
2020-03-10,28.33,82.37,26.98897405
2020-03-11,27.89,83.21,26.65350045
2020-03-12,27.7,82.84,26.454183999999998
2020-03-13,28.23,81.5,26.8329725
2020-03-14,27.7,85.01,26.611725999999997
2020-03-15,28.11,83.22,26.8539331
2020-03-16,27.36,82.4,26.115152
2020-03-17,27.61,79.62,26.1405001
2020-03-18,27.45,80.17,26.037608249999998
2020-03-19,26.9,79.53,25.503946
2020-03-20,27.62,79.08,26.1104128
2020-03-21,27.38,83.78,26.2309752
2020-03-22,27.77,84.28,26.6226758
2020-03-23,27.07,85.62,26.0758387
2020-03-24,27.56,83.72,26.3906076
2020-03-25,27.94,81.26,26.5547392
2020-03-26,27.9,83.81,26.706796999999998
2020-03-27,27.9,84.29,26.742172999999998
2020-03-28,27.88,82.42,26.586287799999997
2020-03-29,27.8,78.69,26.2411735
2020-03-30,27.88,78.03,26.263227699999998
2020-03-31,28.02,78.92,26.452491199999997
2020-04-01,28.78,78.68,27.1055272
2020-04-02,28.59,80.57,27.084272149999997
2020-04-03,28.24,83.16,26.967401199999998
2020-04-04,28.02,84.19,26.8443684
2020-04-05,28.44,82.29,27.082174300000002
2020-04-06,28.06,81.96,26.714576799999996
2020-04-07,27.98,79.89,26.4890446
2020-04-08,28.55,79.29,26.94963475
2020-04-09,27.82,82.37,26.5284262
2020-04-10,28.45,77.32,26.709877
2020-04-11,28.21,80.07,26.70717835
2020-04-12,28.29,83.62,27.0476589
2020-04-13,27.63,86.44,26.6507646
2020-04-14,27.5,81.3,26.16295
2020-04-15,28.15,78.69,26.550151749999998
2020-04-16,28.1,77.64,26.427472
2020-04-17,28.77,76.38,26.916184299999998
2020-04-18,28.41,79.21,26.819461049999997
2020-04-19,28.29,80.3,26.795853499999996
2020-04-20,28.73,79.97,27.16235205
2020-04-21,28.42,82.44,27.0756064
2020-04-22,28.61,80.52,27.098254599999997
2020-04-23,28.54,79.48,26.955445599999997
2020-04-24,28.07,81.52,26.6907452
2020-04-25,27.44,82.66,26.2059122
2020-04-26,27.74,82.69,26.4794858
2020-04-27,27.56,82.55,26.3065665
2020-04-28,27.4,84.08,26.270476
2020-04-29,28.08,82.68,26.7863692
2020-04-30,27.66,86.24,26.6640512
2020-05-01,27.49,86.51,26.52620695
2020-05-02,27.33,86.43,26.372432949999997
2020-05-03,27.83,83.21,26.599041149999998
2020-05-04,28.59,79.54,27.0044523
2020-05-05,29.15,77.12,27.306444
2020-05-06,28.81,81.68,27.3681244
2020-05-07,28.52,84.67,27.3379037
2020-05-08,28.34,86.76,27.332171199999998
2020-05-09,28.4,84.35,27.203557499999995
2020-05-10,28.36,87.15,27.3804445
2020-05-11,28.48,86.67,27.4550563
2020-05-12,28.26,87.44,27.3094592
2020-05-13,27.76,83.61,26.5646773
2020-05-14,28.71,80.44,27.1812882
2020-05-15,29.06,80.09,27.465607199999997
2020-05-16,29.09,81.89,27.63676305
2020-05-17,28.97,82.35,27.56532475
2020-05-18,28.79,81.16,27.309270199999997
2020-05-19,28.66,85.49,27.5299612
2020-05-20,28.53,83.92,27.2891868
2020-05-21,29.9,75.21,27.800286999999997
2020-05-22,29.06,79.33,27.404746399999997
2020-05-23,28.16,83.38,26.9113394
2020-05-24,28.81,80.33,27.261872649999997
2020-05-25,28.76,82.25,27.3678675
2020-05-26,29.22,77.06,27.362777599999998
2020-05-27,28.41,80.27,26.90055635
2020-05-28,28.37,83.23,27.09070055
2020-05-29,28.47,82.36,27.114630599999998
2020-05-30,28.34,81.96,26.9667952
2020-05-31,28.89,79.48,27.2659446
2020-06-01,27.57,85.14,26.5017889
2020-06-02,28.03,82.73,26.744852950000002
2020-06-03,28.38,83.48,27.1188632
2020-06-04,27.52,86.64,26.5632904
2020-06-05,27.07,85.43,26.06270305
2020-06-06,27.62,81.76,26.3038016
2020-06-07,28.66,78.89,27.0159532
2020-06-08,28.32,80.87,26.865928699999998
2020-06-09,28.43,83.25,27.14669875
2020-06-10,28.35,83.5,27.0931125
2020-06-11,27.88,85.89,26.841645099999997
2020-06-12,28.39,81.13,26.94842635
2020-06-13,27,89.41,26.2719375
2020-06-14,28.02,85.59,26.9484724
2020-06-15,28.13,86.41,27.111225649999998
2020-06-16,27.5,84.41,26.385315
2020-06-17,27.97,79.5,26.451257499999997
2020-06-18,27.85,81.78,26.5121965
2020-06-19,27.37,86.29,26.39953765
2020-06-20,26.97,88.47,26.17921495
2020-06-21,26.76,91.46,26.1841478
2020-06-22,26.66,90.75,26.04136
2020-06-23,26.34,88.85,25.613912
2020-06-24,26.17,86.52,25.3047862
2020-06-25,27.72,83.05,26.4875655
2020-06-26,27.37,85.41,26.33724685
2020-06-27,27.19,86.01,26.21356795
2020-06-28,27.6,86.16,26.602828
2020-06-29,27.49,85.29,26.439044049999996
2020-06-30,27.61,85.13,26.53779865
2020-07-01,27.32,85.95,26.329334499999998
2020-07-02,27.54,83.9,26.385308
2020-07-03,27.61,84.67,26.50463035
2020-07-04,27.52,84.48,26.4086128
2020-07-05,27.45,83.14,26.2491465
2020-07-06,27.43,84.73,26.34407395
2020-07-07,27.03,85.29,26.01626035
2020-07-08,26.86,83.09,25.710458199999998
2020-07-09,25.93,86.72,25.095152799999997
2020-07-10,27.23,80.66,25.8759099
2020-07-11,26.55,88.33,25.776570749999998
2020-07-12,26.97,87.03,26.080452549999997
2020-07-13,26.19,86.44,25.3181598
2020-07-14,26.21,87.49,25.40429345
2020-07-15,27.42,83.21,26.2269026
2020-07-16,27.44,84.53,26.3390001
2020-07-17,27.85,79.76,26.363878
2020-07-18,26.97,85.07,25.94602595
2020-07-19,27.58,81.79,26.2699726
2020-07-20,27.57,83.99,26.41912115
2020-07-21,27.69,82.05,26.38781725
2020-07-22,26.9,83,25.740599999999997
2020-07-23,26.93,84.6,25.877178999999998
2020-07-24,26.69,84.92,25.6789614
2020-07-25,26.95,86.53,26.027641749999997
2020-07-26,27.11,86.82,26.195901099999997
2020-07-27,26.89,87.16,26.0150182
2020-07-28,26.83,87.42,25.976887299999998
2020-07-29,26.18,86.77,25.330104799999997
2020-07-30,27.45,83.23,26.255556749999997
2020-07-31,27.35,84.95,26.28634125
2020-08-01,27.2,86.09,26.2283865
2020-08-02,27.18,84.89,26.126228599999997
2020-08-03,27.31,86.35,26.348289249999997
2020-08-04,27.34,85.02,26.2821124
2020-08-05,27.08,88.82,26.3064558
2020-08-06,27.84,84.79,26.7240423
2020-08-07,27.91,86.94,26.946759699999998
2020-08-08,27.86,87.3,26.926803999999997
2020-08-09,27.91,88.88,27.089844399999997
2020-08-10,27.6,88.19,26.7490895
2020-08-11,27.59,86.55,26.621667249999998
2020-08-12,27.33,87.28,26.4324132
2020-08-13,27.48,84.9,26.402011
2020-08-14,27.49,79.21,26.004658449999997
2020-08-15,27.53,82.96,26.3088284
2020-08-16,26.89,85.49,25.90121605
2020-08-17,27.03,84.04,25.9301166
2020-08-18,26.97,85.33,25.96385805
2020-08-19,27.27,84.94,26.212260899999997
2020-08-20,27.36,85.99,26.369072699999997
2020-08-21,27.43,83.72,26.2722478
2020-08-22,27.13,84.94,26.0838571
2020-08-23,26.22,86.55,25.353012999999997
2020-08-24,27.28,83.64,26.1300556
2020-08-25,27.05,85.36,26.039474
2020-08-26,26.87,85.43,25.87873005
2020-08-27,26.71,86.79,25.82288245
2020-08-28,27.47,82.75,26.239471249999998
2020-08-29,26.66,88.4,25.884192
2020-08-30,27.34,86.21,26.3661502
2020-08-31,27.51,85.12,26.445261600000002
2020-09-01,27.3,87.79,26.440416
2020-09-02,27.07,85.22,26.0481847
2020-09-03,26.92,85.69,25.9424839
2020-09-04,26.81,85.59,25.834370949999997
2020-09-05,26.15,89.23,25.45991225
2020-09-06,27.17,84.09,26.06131165
2020-09-07,27.19,84.29,26.09352055
2020-09-08,27.15,85.34,26.130030499999997
2020-09-09,27.18,85.84,26.1924816
2020-09-10,26.95,84.86,25.9132885
2020-09-11,26.34,85.63,25.4042256
2020-09-12,26.66,84.52,25.624697599999998
2020-09-13,26.03,85.82,25.1307753
2020-09-14,26.28,84.89,25.3010231
2020-09-15,27.02,85.42,26.016021199999997
2020-09-16,26.53,83.7,25.4515105
2020-09-17,27.46,83.04,26.2510912
2020-09-18,27.13,85.89,26.149848849999998
2020-09-19,27.53,86.57,26.56753905
2020-09-20,26.87,87.69,26.03248915
2020-09-21,26.86,81.8,25.622764
2020-09-22,27.28,84.17,26.1673093
2020-09-23,28.06,81.55,26.683998999999996
2020-09-24,27.18,84.62,26.1073988
2020-09-25,27.11,81.11,25.79988405
2020-09-26,26.17,85.17,25.21813645
2020-09-27,26.36,85.08,25.386768399999998
2020-09-28,27.03,85.29,26.01626035
2020-09-29,27.04,87.94,26.208221799999997
2020-09-30,27.16,86.28,26.2046764
2020-10-01,27.09,85.42,26.0804079
2020-10-02,26.69,86.53,25.78690385
2020-10-03,27.07,84.88,26.0246788
2020-10-04,27.33,81.65,26.035132249999997
2020-10-05,27.86,79.57,26.358803599999998
2020-10-06,28.04,81.13,26.6347511
2020-10-07,26.96,86.89,26.0615717
2020-10-08,26.78,86.82,25.8898228
2020-10-09,26.83,86.25,25.897543749999997
2020-10-10,26.64,87.3,25.792021
2020-10-11,26.7,88.04,25.897484
2020-10-12,26.71,87.46,25.8678763
2020-10-13,27.16,84.5,26.080735
2020-10-14,27.37,85.01,26.30893285
2020-10-15,27.05,89.02,26.292105499999998
2020-10-16,27.37,85.3,26.3294605
2020-10-17,27.81,86.09,26.791718449999998
2020-10-18,27.1,84.4,26.01892
2020-10-19,27.73,83.03,26.49517795
2020-10-20,28.3,76.88,26.545192
2020-10-21,27.93,81.89,26.592304849999998
2020-10-22,26.46,86.99,25.6042022
2020-10-23,27.48,80.98,26.122162199999998
2020-10-24,27.35,83.61,26.19163675
2020-10-25,26.72,85.93,25.7743553
2020-10-26,26.45,85.01,25.46478225
2020-10-27,27.91,81.6,26.552908
2020-10-28,27.38,86.08,26.393907199999997
2020-10-29,27.31,86.15,26.33419825
2020-10-30,28.08,80.62,26.6325078
2020-10-31,27.61,82.49,26.347441449999998
2020-11-01,26.64,84.87,25.6297699
2020-11-02,26.76,87.08,25.8888044
2020-11-03,27.4,83.05,26.197397499999997
2020-11-04,25.98,88.64,25.2627296
2020-11-05,27.78,79.47,26.2804888
2020-11-06,27.53,83.52,26.3489608
2020-11-07,26.93,87.56,26.079539399999998
2020-11-08,27.07,84.05,25.96729675
2020-11-09,26.33,87.68,25.5283992
2020-11-10,26.63,85.13,25.637947949999997
2020-11-11,27.36,85.55,26.3379515
2020-11-12,27.6,85.34,26.543747
2020-11-13,27.65,85.89,26.629494249999997
2020-11-14,27.16,87.65,26.3000695
2020-11-15,27,86.76,26.08975
2020-11-16,26.95,88.48,26.161168
2020-11-17,26.21,87.28,25.3907684
2020-11-18,28.21,79.89,26.69360545
2020-11-19,27.35,84.75,26.27220625
2020-11-20,27.47,83.68,26.305812799999998
2020-11-21,26.36,88.66,25.620291799999997
2020-11-22,26.66,87.01,25.7912288
2020-11-23,26.02,88.37,25.2831232
2020-11-24,26.04,88.14,25.287245799999997
2020-11-25,26.08,88.57,25.352023299999995
2020-11-26,26.59,87.76,25.7761012
2020-11-27,26.21,90.96,25.627778799999998
2020-11-28,26.33,85.42,25.3813523
2020-11-29,26.93,84.4,25.863506
2020-11-30,26.99,84.66,25.936218699999998
2020-12-01,27.53,83.55,26.35111075
2020-12-02,27.25,85.42,26.2275775
2020-12-03,26.57,89.06,25.8437481
2020-12-04,26.07,92.3,25.5800105
2020-12-05,25.88,92.13,25.3874167
2020-12-06,26.65,88.25,25.864806249999997
2020-12-07,26.85,88.99,26.102145750000002
2020-12-08,26.37,90.74,25.7654609
2020-12-09,26.17,90.08,25.5332848
2020-12-10,26.68,88.21,25.890187899999997
2020-12-11,26.47,86.25,25.56476875
2020-12-12,25.55,90.1,24.948327499999998
2020-12-13,26.37,86.41,25.48277685
2020-12-14,26.31,88.87,25.587050849999997
2020-12-15,26.4,88.87,25.671541499999996
2020-12-16,26.01,88.62,25.2895891
2020-12-17,25.75,91.11,25.19993125
2020-12-18,25.8,89.58,25.152397
2020-12-19,25.77,89.07,25.092503949999998
2020-12-20,26.04,89.86,25.3964142
2020-12-21,26.23,87.44,25.4196916
2020-12-22,26.66,86.39,25.7497632
2020-12-23,27.07,85.46,26.0647771
2020-12-24,26.94,83.53,25.8131226
2020-12-25,27.26,83.74,26.1188732
2020-12-26,26.72,87.15,25.8563515
2020-12-27,26.43,88.65,25.68526975
2020-12-28,26.55,87.99,25.75403725
2020-12-29,26.4,87.65,25.591692499999997
2020-12-30,26.03,88.65,25.31023975
2020-12-31,26.11,89.99,25.47081145
2021-01-01,25.57,92.48,25.1121448
2021-01-02,25.48,92.6,25.033114
2021-01-03,25.45,93.66,25.0681735
2021-01-04,25.91,90.71,25.327006049999998
2021-01-05,26.17,92.23,25.67128255
2021-01-06,26.01,91.24,25.4554482
2021-01-07,25.6,91.67,25.0914535
2021-01-08,25.65,92.37,25.182090249999998
2021-01-09,25.78,92.63,25.3227652
2021-01-10,25.21,94.39,24.87954295
2021-01-11,25.34,93.22,24.935776399999998
2021-01-12,25.15,90.65,24.602323749999996
2021-01-13,24.73,91.35,24.24330775
2021-01-14,25.08,90.31,24.516138899999998
2021-01-15,25.67,87.49,24.90144815
2021-01-16,26.28,86.24,25.3884896
2021-01-17,25.6,87.8,24.85519
2021-01-18,24.28,88.5,23.661415
2021-01-19,24.84,88.31,24.1751897
2021-01-20,25.11,89.71,24.50952705
2021-01-21,25.41,88.76,24.7355438
2021-01-22,25.98,87.07,25.1635998
2021-01-23,25.33,89.49,24.70397185
2021-01-24,25.81,88.4,25.088421999999998
2021-01-25,25.91,87.48,25.1243074
2021-01-26,25.69,87.28,24.907147600000002
2021-01-27,26.06,88.33,25.3180214
2021-01-28,25.5,89.77,24.881085
2021-01-29,25.74,87.66,24.9771412
2021-01-30,25.21,89.32,24.5808946
2021-01-31,25.92,88.61,25.2045941
2021-02-01,25.71,90.36,25.1156458
2021-02-02,25.64,88.59,24.9409093
2021-02-03,24.99,88.73,24.33977735
2021-02-04,25.2,87.29,24.4520165
2021-02-05,26.04,88.17,25.289149899999998
2021-02-06,25.94,87.9,25.178668000000002
2021-02-07,26.27,87.64,25.4698754
2021-02-08,26.09,87.51,25.293824949999998
2021-02-09,26.32,86.64,25.4514664
2021-02-10,26.38,86.23,25.480268199999998
2021-02-11,26.44,87.24,25.6020508
2021-02-12,26.22,87.23,25.396845799999998
2021-02-13,26.2,85.7,25.279795
2021-02-14,25.53,85.64,24.6588506
2021-02-15,25.1,84.47,24.194601
2021-02-16,24.76,83.8,23.845834
2021-02-17,24.4,83.72,23.513554
2021-02-18,25.09,84.29,24.17497105
2021-02-19,25.42,84.96,24.5166976
2021-02-20,25.55,86.5,24.7295375
2021-02-21,25.16,87.63,24.4347469
2021-02-22,25.1,85.32,24.244156
2021-02-23,25.58,83.39,24.567786599999998
2021-02-24,25.67,85.04,24.7509324
2021-02-25,26.31,86.09,25.406475949999997
2021-02-26,27.22,82.93,26.025782799999998
2021-02-27,27.51,80.22,26.0946421
2021-02-28,26.98,82.18,25.7568352
2021-03-01,26.75,83.89,25.66458875
2021-03-02,26.25,84.38,25.240557499999998
2021-03-03,26.64,83.72,25.5529844
2021-03-04,26.26,87.89,25.4767252
2021-03-05,26.87,86.64,25.9610524
2021-03-06,26.79,86.52,25.878819399999998
2021-03-07,26.47,84.12,25.4245402
2021-03-08,25.96,84.71,24.9962713
2021-03-09,26.01,84.59,25.034469950000002
2021-03-10,26.54,83.96,25.477831199999997
2021-03-11,26.4,85.3,25.437884999999998
2021-03-12,26.26,86.28,25.3725904
2021-03-13,26.11,87.58,25.3169209
2021-03-14,26.17,88.38,25.4241703
2021-03-15,26.21,88.7,25.4822235
2021-03-16,26.49,87.94,25.694703299999997
2021-03-17,26.55,86.64,25.664566
2021-03-18,26.67,86.55,25.76972425
2021-03-19,27.17,83.06,25.989536100000002
2021-03-20,27.24,83.26,26.0670282
2021-03-21,27.28,84.1,26.162389
2021-03-22,27.16,85.6,26.157328
2021-03-23,26.21,90.73,25.61296565
2021-03-24,26.18,90.66,25.579998399999997
2021-03-25,26.04,88.49,25.309460299999998
2021-03-26,27.23,84.22,26.1251633
2021-03-27,26.94,84.78,25.8986476
2021-03-28,27.88,81.25,26.5001875
2021-03-29,27.93,79,26.378835
2021-03-30,28.55,80.15,27.01609125
2021-03-31,27.76,84.47,26.6273971
2021-04-01,27.58,85.08,26.506655199999997
2021-04-02,27.5,85.45,26.459675
2021-04-03,27.18,84.41,26.0927534
2021-04-04,27.33,84.18,26.2136617
2021-04-05,27.19,86.3,26.2338085
2021-04-06,27.39,84.89,26.31877655
2021-04-07,27.52,83.28,26.3226808
2021-04-08,27.03,85.98,26.0638117
2021-04-09,27.26,84.93,26.2023874
2021-04-10,27.76,81.83,26.4348619
2021-04-11,27.53,83.73,26.364010450000002
2021-04-12,27.73,79.09,26.20848385
2021-04-13,27.82,80.15,26.365789
2021-04-14,28.22,75.3,26.356137999999998
2021-04-15,28.22,77.01,26.485174599999997
2021-04-16,27.97,79.4,26.443849
2021-04-17,27.18,83.55,26.032777
2021-04-18,28.01,76.46,26.2608603
2021-04-19,28.56,74.38,26.578805399999997
2021-04-20,28.29,77.46,26.5804537
2021-04-21,28.12,81.28,26.7176848
2021-04-22,27.45,84.72,26.361682
2021-04-23,27.54,80.38,26.132853599999997
2021-04-24,27.3,83.21,26.117984
2021-04-25,27.87,82.13,26.55592955
2021-04-26,27.92,82,26.59142
2021-04-27,28.53,77.07,26.76060655
2021-04-28,28.42,78.36,26.7632416
2021-04-29,28.34,78.78,26.7247336
2021-04-30,28.09,78.96,26.517365199999997
2021-05-01,28.17,80.51,26.704644350000002
2021-05-02,28.02,82.97,26.753649199999998
2021-05-03,27.73,84.77,26.62178905
2021-05-04,27.4,85.43,26.366258499999997
2021-05-05,27.25,85.01,26.19882625
2021-05-06,28.32,78.52,26.687305199999997
2021-05-07,27.61,84.43,26.48732515
2021-05-08,28.15,80.73,26.703304749999997
2021-05-09,28.44,81.35,27.0101045
2021-05-10,28.84,81.86,27.4092982
2021-05-11,28.28,85.68,27.1946872
2021-05-12,28.41,83.96,27.1828598
2021-05-13,28.57,83.08,27.2606458
2021-05-14,28.37,85.22,27.2425077
2021-05-15,27.97,85.66,26.907621099999997
2021-05-16,28.93,80.85,27.410160249999997
2021-05-17,28.06,85.72,26.994997599999998
2021-05-18,27.19,85.27,26.16191965
2021-05-19,28.3,75.68,26.454112
2021-05-20,28.89,78.33,27.17492785
2021-05-21,28.06,85.47,26.9763526
2021-05-22,27.2,84,26.0824
2021-05-23,28.29,81.19,26.863355549999998
2021-05-24,28.25,84.6,27.085375
2021-05-25,28.01,85.38,26.9236609
2021-05-26,28.23,84.47,27.05725205
2021-05-27,28.64,79.83,27.0713791
2021-05-28,28.6,79.94,27.044347
2021-05-29,27.94,84.8,26.816416
2021-05-30,28.18,83.21,26.9167204
2021-05-31,27.78,86.04,26.7603616
2021-06-01,28.07,84.86,26.9400261
2021-06-02,28.14,87.01,27.1654902
2021-06-03,28.33,85.93,27.259765449999996
2021-06-04,28.37,85.06,27.2303021
2021-06-05,27.71,83.08,26.4806774
2021-06-06,28.15,83.1,26.881232499999996
2021-06-07,27.86,85.76,26.8136448
2021-06-08,27.65,82.69,26.398054249999998
2021-06-09,27.69,83.34,26.4814003
2021-06-10,27.4,83.2,26.208039999999997
2021-06-11,27.7,80.66,26.295916
2021-06-12,27.78,85.53,26.7231112
2021-06-13,27.43,86.92,26.4998158
2021-06-14,27.79,84.16,26.6321752
2021-06-15,27.77,83.12,26.538013199999998
2021-06-16,27.49,82.86,26.265432699999998
2021-06-17,27.29,86.4,26.333308
2021-06-18,27.33,81.14,25.9991441
2021-06-19,27.73,76.47,26.017839549999998
2021-06-20,27.56,80.97,26.193075099999998
2021-06-21,27.31,83.9,26.1756745
2021-06-22,27.1,84.58,26.031394
2021-06-23,27.31,80.43,25.93119565
2021-06-24,27.76,80.75,26.3560975
2021-06-25,27.37,83.66,26.2133731
2021-06-26,27.16,85.24,26.1322612
2021-06-27,26.87,86.4,25.944724
2021-06-28,27.18,82.39,25.9518786
2021-06-29,26.74,85.01,25.730873199999998
2021-06-30,26.94,85.19,25.9266998
2021-07-01,27.06,86.54,26.130183199999998
2021-07-02,27.74,80.67,26.332389399999997
2021-07-03,27.17,85.07,26.12960295
2021-07-04,26.94,87.37,26.075855400000002
2021-07-05,26.66,89.23,25.939702399999998
2021-07-06,27.08,85.53,26.078820699999998
2021-07-07,27.19,86.34,26.2366003
2021-07-08,27.12,86.96,26.2148936
2021-07-09,27.49,86.53,26.52763585
2021-07-10,26.43,88.31,25.66296065
2021-07-11,26.39,89.48,25.7020446
2021-07-12,26.45,85.31,25.484499749999998
2021-07-13,25.54,86.69,24.731816799999997
2021-07-14,26.44,84.3,25.408981
2021-07-15,27.24,84.39,26.146207299999997
2021-07-16,27.51,85.1,26.4438305
2021-07-17,27.56,84.68,26.459564399999998
2021-07-18,27.66,83.67,26.478034599999997
2021-07-19,27.72,85.29,26.650435899999998
2021-07-20,27.25,86.56,26.30752
2021-07-21,27.46,87.65,26.579692
2021-07-22,27.39,87.53,26.50593935
2021-07-23,27.92,85.65,26.8608265
2021-07-24,27.24,88.2,26.413173999999998
2021-07-25,27.72,85.54,26.668613399999998
2021-07-26,27.37,85.89,26.37122365
2021-07-27,27.24,85.69,26.2372983
2021-07-28,27.24,85.16,26.200161199999997
2021-07-29,27.03,86.27,26.08379705
2021-07-30,27.5,84.77,26.411054999999998
2021-07-31,27.24,86.29,26.279340299999998
2021-08-01,26.35,88.12,25.575721
2021-08-02,26.81,88.06,26.0016023
2021-08-03,27.4,85.6,26.37832
2021-08-04,27.16,87.3,26.275699
2021-08-05,26.73,89.44,26.0196816
2021-08-06,27.11,88.78,26.3318369
2021-08-07,27.49,88.22,26.648377899999996
2021-08-08,27.38,86.48,26.422243199999997
2021-08-09,27.62,84.22,26.4813152
2021-08-10,27.6,86.26,26.610033
2021-08-11,27.62,84.22,26.4813152
2021-08-12,27.43,83.45,26.25304675
2021-08-13,27.18,86.03,26.2057322
2021-08-14,26.84,86.44,25.9196828
2021-08-15,27.23,82.83,26.027842449999998
2021-08-16,27.23,81.97,25.967629549999998
2021-08-17,26.94,81.71,25.6885982
2021-08-18,26.03,86.39,25.16692185
2021-08-19,26.22,83.6,25.162855999999998
2021-08-20,25.93,86.98,25.111497699999997
2021-08-21,26.18,87.21,25.3583704
2021-08-22,26.14,87.12,25.3154224
2021-08-23,26.66,85.19,25.669507199999998
2021-08-24,26.19,88.13,25.42681835
2021-08-25,26.11,88.36,25.3667278
2021-08-26,26.63,87.18,25.7747137
2021-08-27,26.58,87.59,25.755479599999997
2021-08-28,27.24,85.37,26.2148759
2021-08-29,26.53,87.44,25.6989676
2021-08-30,26.45,87.38,25.620550499999997
2021-08-31,26.86,86.44,25.9381912
2021-09-01,26.59,85.94,25.655080299999998
2021-09-02,26.07,88.51,25.33883385
2021-09-03,26.83,84.86,25.803280899999997
2021-09-04,26.95,84.31,25.875627249999997
2021-09-05,27.08,81.35,25.789606499999998
2021-09-06,26.99,84.52,25.926601399999996
2021-09-07,26.99,84.93,25.95476635
2021-09-08,26.71,85.53,25.73826715
2021-09-09,27.33,83.05,26.133923249999995
2021-09-10,26.75,86.79,25.85997625
2021-09-11,27.23,85.49,26.214082349999998
2021-09-12,27.45,87.48,26.558263
2021-09-13,25.67,85.47,24.77734945
2021-09-14,26.48,82.99,25.3592111
2021-09-15,27.12,85.88,26.1399308
2021-09-16,27.37,85.2,26.322382
2021-09-17,27.65,83.16,26.432046999999997
2021-09-18,27.55,82.5,26.2939375
2021-09-19,26.98,87.49,26.1213136
2021-09-20,27.15,83.35,25.991576249999998
2021-09-21,27.77,84.89,26.667196649999998
2021-09-22,27.91,83.47,26.69082985
2021-09-23,27.21,85.68,26.2089604
2021-09-24,27.84,83.43,26.6242591
2021-09-25,28.52,79.03,26.903003299999998
2021-09-26,27.37,86.57,26.41935745
2021-09-27,27.52,80.18,26.100689799999998
2021-09-28,28.01,80.23,26.540990150000003
2021-09-29,27.91,82.96,26.6532148
2021-09-30,26.23,86.99,25.39065985
2021-10-01,26.33,86.11,25.42624715
2021-10-02,26.46,82.64,25.3180592
2021-10-03,27.94,74.5,26.05504
2021-10-04,28.22,79.47,26.670806199999998
2021-10-05,26.85,84.9,25.8243325
2021-10-06,27.74,85.15,26.658623
2021-10-07,27.18,84.64,26.1087936
2021-10-08,27.51,87.09,26.586224950000002
2021-10-09,27.58,86.13,26.582192199999998
2021-10-10,27.46,85.19,26.4043432
2021-10-11,27.83,77.47,26.178213049999997
2021-10-12,27.87,83.89,26.68535115
2021-10-13,27.89,86.55,26.89947475
2021-10-14,27.39,86.7,26.4470965
2021-10-15,27.79,85.17,26.70600115
2021-10-16,27.43,85.58,26.404521699999997
2021-10-17,27.72,81.86,26.401040599999998
2021-10-18,26.89,84.27,25.81807915
2021-10-19,27.1,85.02,26.061886
2021-10-20,26.62,83.76,25.5374416
2021-10-21,26.74,82.9,25.588828
2021-10-22,27.52,80.14,26.097825399999998
2021-10-23,28.09,79.6,26.565202
2021-10-24,28.2,78.42,26.573946999999997
2021-10-25,27.93,82.64,26.6477036
2021-10-26,28.52,81.64,27.104260399999998
2021-10-27,27.42,80.53,26.0364618
2021-10-28,27.63,83.25,26.420398749999997
2021-10-29,27.74,82.76,26.4845832
2021-10-30,27.84,82.83,26.580237099999998
2021-10-31,27.83,82.12,26.5191278
2021-11-01,26.99,85.46,25.9911747
2021-11-02,26.17,89.41,25.49028085
2021-11-03,26.52,86.29,25.613631899999998
2021-11-04,27.33,82.37,26.085939049999997
2021-11-05,27.85,82.45,26.56139125
2021-11-06,28.45,79.56,26.881740999999998
2021-11-07,27.1,84.93,26.055649000000003
2021-11-08,28.35,78.09,26.68100575
2021-11-09,27.51,87.55,26.61914025
2021-11-10,26.26,89.98,25.611906400000002
2021-11-11,26.59,86.3,25.679018499999998
2021-11-12,27.25,85.47,26.23108375
2021-11-13,27.4,86.02,26.408119
2021-11-14,28.02,82.62,26.7276232
2021-11-15,27.8,79.99,26.3362685
2021-11-16,28.14,80.16,26.6516032
2021-11-17,27.8,81.64,26.456966
2021-11-18,27.11,81.63,25.83594865
2021-11-19,27.54,85.72,26.5158384
2021-11-20,27.09,87.53,26.226514849999997
2021-11-21,27.81,80.54,26.385430699999997
2021-11-22,28.09,79.03,26.522597349999998
2021-11-23,27.83,81.28,26.457543199999996
2021-11-24,26.72,84.19,25.657409899999998
2021-11-25,27.23,81.33,25.92281995
2021-11-26,26.52,87.85,25.7167635
2021-11-27,26.67,84.2,25.612427
2021-11-28,27.18,84.58,26.1046092
2021-11-29,27.01,83.84,25.8981112
2021-11-30,27.76,81.87,26.4377791
2021-12-01,28.1,79.74,26.584552
2021-12-02,26.48,89.83,25.809898699999998
2021-12-03,26.08,90.81,25.494688899999996
2021-12-04,26.23,90.01,25.58549515
2021-12-05,25.75,90.99,25.192506249999997
2021-12-06,26.1,87.76,25.319088
2021-12-07,26.52,89.01,25.7934511
2021-12-08,26.36,86.91,25.506139299999997
2021-12-09,26.9,86.69,25.992257999999996
2021-12-10,26.66,89.16,25.9350208
2021-12-11,26.26,91.66,25.720568800000002
2021-12-12,26.17,92.19,25.66871515
2021-12-13,26.32,89.4,25.630894
2021-12-14,26.6,88.46,25.832013
2021-12-15,26.43,90.71,25.820436649999998
2021-12-16,27.2,88.83,26.4197755
2021-12-17,26.52,89.78,25.8443558
2021-12-18,26.86,82.58,25.6757884
2021-12-19,26.19,88.36,25.4416062
2021-12-20,26.13,86.87,25.29013955
2021-12-21,26.87,85.93,25.91274755
2021-12-22,27.31,83.91,26.176379049999998
2021-12-23,27.27,83,26.076005
2021-12-24,27.03,87.51,26.16925165
2021-12-25,26.64,89.5,25.938914999999998
2021-12-26,26.67,89.2,25.947102
2021-12-27,26.61,87.21,25.758122049999997
2021-12-28,26.39,88.5,25.6379575
2021-12-29,26.7,87.94,25.890773999999997
2021-12-30,26.35,90.19,25.71063325
2021-12-31,25.73,92.7,25.2791155
2022-01-01,25.49,91.02,24.947203899999998
2022-01-02,25.92,89.55,25.2636355
2022-01-03,25.46,91.04,24.919891200000002
2022-01-04,26.45,89.62,25.767774499999998
2022-01-05,26.43,89.5,25.7410425
2022-01-06,26.38,90,25.726599999999998
2022-01-07,26.51,89.35,25.80651425
2022-01-08,26.13,91.49,25.585657849999997
2022-01-09,26.28,89.32,25.5880428
2022-01-10,25.92,87.47,25.1329907
2022-01-11,26.18,88.2,25.421968
2022-01-12,25.65,88.22,24.9275915
2022-01-13,25.77,86.66,24.943120099999998
2022-01-14,25.26,87.57,24.5243926
2022-01-15,25.92,88.13,25.174445300000002
2022-01-16,26.24,89.46,25.559432199999996
2022-01-17,25.91,89.25,25.23538375
2022-01-18,25.99,88.51,25.263889449999997
2022-01-19,25.56,89.35,24.9121605
2022-01-20,25.61,87.7,24.8584085
2022-01-21,26.09,87.19,25.27342655
2022-01-22,26.36,84.62,25.3567626
2022-01-23,26.14,85.41,25.205948199999998
2022-01-24,26.69,83.33,25.57235985
2022-01-25,26.47,86.09,25.554235149999997
2022-01-26,26.12,85.34,25.1830794
2022-01-27,26.02,84.75,25.053759999999997
2022-01-28,26.42,83.92,25.3657952
2022-01-29,26.49,84.36,25.4586202
2022-01-30,26.59,86.27,25.67702365
2022-01-31,26.48,85.37,25.5160293
2022-02-01,26.3,86.12,25.399188
2022-02-02,26.86,84.64,25.815827199999998
2022-02-03,26.8,87.05,25.9239325
2022-02-04,26.54,88.06,25.7493332
2022-02-05,26.46,88.56,25.7074768
2022-02-06,26.06,92.04,25.553903199999997
2022-02-07,24.99,90.22,24.4257429
2022-02-08,25.36,89.58,24.737613399999997
2022-02-09,25.6,89.24,24.943102
2022-02-10,25.03,91.82,24.5562553
2022-02-11,24.92,90.39,24.3692509
2022-02-12,25.89,86.37,25.03614865
2022-02-13,27.11,83.99,25.999626449999997
2022-02-14,26.98,87.51,26.1226864
2022-02-15,26.35,89.02,25.6343785
2022-02-16,26.51,85.4,25.545597
2022-02-17,27.24,82.22,25.994155399999997
2022-02-18,27.02,87.09,26.131017399999998
2022-02-19,26.42,88.04,25.6359024
2022-02-20,26.52,89.19,25.805350899999997
2022-02-21,26.65,86.42,25.742516499999997
2022-02-22,26.5,87.24,25.65784
2022-02-23,26.01,91.46,25.4693753
2022-02-24,25.47,91.93,24.98309655
2022-02-25,26.14,88.93,25.4312986
2022-02-26,26.63,85.77,25.680645549999998
2022-02-27,26.4,90.66,25.788697
2022-02-28,26.47,89.76,25.795849599999997
2022-03-01,26.61,86.98,25.742802899999997
2022-03-02,26.71,88.18,25.9162279
2022-03-03,26.33,89.86,25.670240899999996
2022-03-04,26.13,89.41,25.452610649999997
2022-03-05,25.93,89.6,25.276204
2022-03-06,26.55,83.86,25.4803215
2022-03-07,26.63,87.92,25.8240828
2022-03-08,27.32,83.31,26.1431881
2022-03-09,26.94,88.4,26.146328
2022-03-10,26.63,88.85,25.886127749999996
2022-03-11,27.09,85.15,26.06171175
2022-03-12,26.97,86.53,26.046160049999997
2022-03-13,28.17,83.72,26.945988200000002
2022-03-14,28.75,82.98,27.4160575
2022-03-15,27.39,86.95,26.46482025
2022-03-16,27.76,84.08,26.5989544
2022-03-17,27.79,85.34,26.7184273
2022-03-18,26.91,84.31,25.83907905
2022-03-19,27.8,81.24,26.427706
2022-03-20,27.4,85.93,26.4017335
2022-03-21,27.81,81.85,26.481329249999998
2022-03-22,27.59,86.09,26.58854955
2022-03-23,28.18,82.66,26.8753384
2022-03-24,28.22,82.66,26.9115236
2022-03-25,27.69,84.96,26.598923199999998
2022-03-26,27.96,81.08,26.559352399999998
2022-03-27,28,81.92,26.65756
2022-03-28,28.15,84.03,26.951052249999996
2022-03-29,27.67,84.46,26.5443601
2022-03-30,28.16,81.84,26.7956392
2022-03-31,27.53,84.33,26.40700945
2022-04-01,28.49,77.51,26.75950695
2022-04-02,28.14,79.55,26.605840999999998
2022-04-03,27.25,83.95,26.12449375
2022-04-04,27.4,83.03,26.1959785
2022-04-05,26.85,86.71,25.94727675
2022-04-06,27.08,86.17,26.1231023
2022-04-07,26.32,84.27,25.2973927
2022-04-08,27.43,83.85,26.281492749999998
2022-04-09,27.06,83.72,25.9353776
2022-04-10,27.63,83.19,26.41606585
2022-04-11,27.97,79.27,26.434217949999997
2022-04-12,28.99,74.77,26.97929515
2022-04-13,27.94,80.4,26.491168000000002
2022-04-14,28.35,81.44,26.936192000000002
2022-04-15,27.75,84.96,26.653959999999998
2022-04-16,28.09,81.46,26.704227699999997
2022-04-17,28.72,81.76,27.2934496
2022-04-18,27.73,83.75,26.54756875
2022-04-19,27.74,83.96,26.571967199999996
2022-04-20,28.37,80.01,26.84506285
2022-04-21,27.8,81.49,26.4459935
2022-04-22,28.04,84.87,26.9132689
2022-04-23,28.27,82.43,26.939336049999998
2022-04-24,28.67,80.26,27.1315631
2022-04-25,27.69,84.4,26.558298
2022-04-26,28.31,78.65,26.688360749999998
2022-04-27,28.51,82.14,27.1337977
2022-04-28,29,82.08,27.57088
2022-04-29,28.76,79.42,27.1459106
2022-04-30,28.41,82.57,27.07651785
2022-05-01,28.13,84.69,26.982285849999997
2022-05-02,27.49,87.35,26.586220749999995
2022-05-03,27.62,85.85,26.598936
2022-05-04,27.66,86.38,26.674184399999998
2022-05-05,27.93,85.93,26.89071945
2022-05-06,28.15,88.34,27.2746255
2022-05-07,27.46,88.93,26.6709304
2022-05-08,27.73,86.74,26.7651361
2022-05-09,27.82,89.37,27.0412462
2022-05-10,28.37,87.04,27.381346399999998
2022-05-11,28.19,85.86,27.1253287
2022-05-12,28.35,82.24,26.997132
2022-05-13,29.33,79.65,27.670152249999997
2022-05-14,28.7,89.67,27.893227
2022-05-15,28.34,85.17,27.211140399999998
2022-05-16,27.4,86.71,26.457074499999997
2022-05-17,28.25,80.23,26.75489375
2022-05-18,28.25,84.98,27.114112499999997
2022-05-19,28.29,83.11,27.00897795
2022-05-20,28.78,78.81,27.1157374
2022-05-21,27.76,84.82,26.6529226
2022-05-22,27.93,85.38,26.8500937
2022-05-23,28.63,83.37,27.33759955
2022-05-24,28.77,84.08,27.520518799999998
2022-05-25,27.48,86.05,26.4841095
2022-05-26,28.3,78.26,26.649934
2022-05-27,28.24,78.49,26.614489299999995
2022-05-28,27.91,81.82,26.5691341
2022-05-29,28.34,79.04,26.7445248
2022-05-30,29.06,75.42,27.091633599999998
2022-05-31,28.57,79.9,27.0145615
2022-06-01,28.52,80.33,27.003246299999997
2022-06-02,27.6,83.84,26.435672
2022-06-03,27.44,81.74,26.1404358
2022-06-04,27.39,82.37,26.14012115
2022-06-05,27.44,83,26.23011
2022-06-06,27.26,86.09,26.2837962
2022-06-07,27.79,81.72,26.453823399999997
2022-06-08,28.41,77.22,26.667216099999997
2022-06-09,27.47,80.52,26.080394199999997
2022-06-10,27.68,78.11,26.0931939
2022-06-11,27.7,84.06,26.542755999999997
2022-06-12,27.05,80.9,25.7316225
2022-06-13,28.98,77.17,27.1618188
2022-06-14,27.55,85.48,26.507827
2022-06-15,27.23,84.53,26.14686795
2022-06-16,27.31,82.35,26.066469249999997
2022-06-17,27.4,80.02,25.982418999999997
2022-06-18,28.16,78.56,26.5492128
2022-06-19,28.48,79.29,26.8876081
2022-06-20,26.75,89.51,26.04323625
2022-06-21,27.12,87.66,26.2634806
2022-06-22,26.62,88.98,25.885406800000002
2022-06-23,26.58,88.09,25.788699599999998
2022-06-24,26.76,87.34,25.906336200000002
2022-06-25,26.94,87.05,26.053961
2022-06-26,27.41,87.06,26.491195299999998
2022-06-27,28.16,80.04,26.6604052
2022-06-28,27.37,87.84,26.5092544
2022-06-29,27.11,86.77,26.192433349999998
2022-06-30,26.54,86.87,25.670531399999998
2022-07-01,27.4,85.28,26.355615999999998
2022-07-02,27.64,84.3,26.505361
2022-07-03,27.58,85.79,26.557732599999998
2022-07-04,28.11,86.37,27.08972635
2022-07-05,27.52,85.91,26.511015099999998
2022-07-06,28.85,75.54,26.9194945
2022-07-07,27.95,85.27,26.860348249999998
2022-07-08,27.43,84.57,26.332695549999997
2022-07-09,27.62,85.76,26.5924416
2022-07-10,27.45,85.46,26.414388499999998
2022-07-11,27.7,84.26,26.557275999999998
2022-07-12,27.91,82.23,26.59937365
2022-07-13,27.51,85.88,26.4996434
2022-07-14,27.93,84.3,26.7703195
2022-07-15,27.66,85.29,26.5952902
2022-07-16,27.22,86.82,26.297927199999997
2022-07-17,27.78,85.38,26.712155199999998
2022-07-18,27.88,86.27,26.869609299999997
2022-07-19,28.04,86.43,27.0294421
2022-07-20,27.26,88.73,26.4690714
2022-07-21,27.62,86.35,26.635016
2022-07-22,27.38,86.41,26.417284399999996
2022-07-23,28.08,81.28,26.681803199999997
2022-07-24,27.96,81.02,26.5549106
2022-07-25,27.17,84.67,26.101728950000002
2022-07-26,26.51,88.81,25.77084455
2022-07-27,27.55,87.05,26.62051375
2022-07-28,27.75,88.79,26.93307125
2022-07-29,27.18,87.35,26.297788999999998
2022-07-30,27.16,84.85,26.1051055
2022-07-31,27.62,84.7,26.515952
2022-08-01,27.98,83.71,26.7722594
2022-08-02,27,85.29,25.988687499999997
2022-08-03,26.59,86.29,25.67835355
2022-08-04,26.3,85.56,25.362844
2022-08-05,27.36,79.22,25.8902306
2022-08-06,28,77.7,26.344224999999998
2022-08-07,27.15,87.09,26.251786749999997
2022-08-08,27.63,83.75,26.456506249999997
2022-08-09,27.79,83.85,26.609515749999996
2022-08-10,27.46,86.67,26.5098376
2022-08-11,27.79,85.38,26.7213511
2022-08-12,27.82,87.32,26.891063199999998
2022-08-13,27.29,82,26.023789999999998
2022-08-14,28.07,78.6,26.472811
2022-08-15,27.61,85.54,26.5673617
2022-08-16,27.76,82.46,26.4808078
2022-08-17,27.78,86.44,26.7895776
2022-08-18,27.59,84.14,26.4481593
2022-08-19,27.75,84.9,26.6495875
2022-08-20,27.46,83.97,26.3173816
2022-08-21,27.22,84.07,26.105537199999997
2022-08-22,27.14,85.43,26.127093600000002
2022-08-23,27.08,85.72,26.091966799999998
2022-08-24,27.2,86.58,26.262612999999998
2022-08-25,26.85,89.21,26.11708925
2022-08-26,26.8,86.97,25.9185205
2022-08-27,26.63,81.2,25.375757999999998
2022-08-28,27.26,81.62,25.9700916
2022-08-29,26.74,85.2,25.743664
2022-08-30,26.74,87.34,25.887728799999998
2022-08-31,27.48,83.49,26.301351099999998
2022-09-01,27.46,82.55,26.216164
2022-09-02,27.27,84.1,26.153263499999998
2022-09-03,27.22,85.22,26.185991199999997
2022-09-04,27.61,83.25,26.40224125
2022-09-05,27.95,79.92,26.464582
2022-09-06,28.03,80.5,26.5789075
2022-09-07,26.82,86.12,25.8794912
2022-09-08,26.44,84.45,25.4188315
2022-09-09,26.33,86.23,25.434054949999997
2022-09-10,27.41,84.13,26.28315065
2022-09-11,26.49,82.9,25.3623405
2022-09-12,27.65,72.56,25.665401999999997
2022-09-13,26.44,84.87,25.446412900000002
2022-09-14,25.91,87.12,25.1017156
2022-09-15,26.91,85.33,25.90869915
2022-09-16,27.42,84.66,26.3299396
2022-09-17,26.94,88.21,26.1333282
2022-09-18,26.18,88.64,25.450233599999997
2022-09-19,26.87,83.03,25.71544605
2022-09-20,27.08,83.22,25.918991799999997
2022-09-21,27.48,83.43,26.2970677
2022-09-22,25.95,87.57,25.16722075
2022-09-23,26.75,86.58,25.8458275
2022-09-24,26.7,86.69,25.806898999999998
2022-09-25,26.61,86.72,25.7254856
2022-09-26,27.02,86.32,26.0779952
2022-09-27,27.4,81.02,26.053368999999996
2022-09-28,27.71,79.49,26.21984595
2022-09-29,27,85.68,26.0155
2022-09-30,27.49,83.28,26.295439599999998
2022-10-01,27.5,84.08,26.36172
2022-10-02,27.15,83.62,26.0103615
2022-10-03,27.58,80.5,26.177169999999997
2022-10-04,27.83,79.84,26.351969599999997
2022-10-05,26.88,83.53,25.758557699999997
2022-10-06,27.05,82.69,25.85517725
2022-10-07,26.04,87.96,25.2758212
2022-10-08,26.93,84.42,25.8648733
2022-10-09,27.45,82.31,26.190029749999997
2022-10-10,26.83,82.52,25.644593799999996
2022-10-11,27.53,79.59,26.06731735
2022-10-12,26.6,84.74,25.584447
2022-10-13,27.43,82.39,26.17766485
2022-10-14,26.48,87.29,25.6425381
2022-10-15,27.36,86.7,26.419290999999998
2022-10-16,27.19,84.35,26.09770825
2022-10-17,27.68,80.39,26.258471099999998
2022-10-18,27.9,81.25,26.518124999999998
2022-10-19,27.51,81.49,26.18551695
2022-10-20,27.34,81.7,26.047653999999998
2022-10-21,27.89,80.88,26.4819076
2022-10-22,26.85,87.95,26.03150375
2022-10-23,26.91,86.31,25.97558905
2022-10-24,26.68,86.62,25.7836738
2022-10-25,26.62,86.78,25.7387548
2022-10-26,25.69,91.39,25.16009755
2022-10-27,26.83,86.98,25.947048699999996
2022-10-28,27.11,87.74,26.2597077
2022-10-29,26.85,86.84,25.956107
2022-10-30,27.16,86.85,26.2443655
2022-10-31,27.25,85.21,26.21285125
2022-11-01,26.67,81.93,25.46048455
2022-11-02,27.58,79.45,26.101633
2022-11-03,27.57,80.89,26.19627765
2022-11-04,27.31,84.44,26.213720199999997
2022-11-05,26.83,87.07,25.953152049999996
2022-11-06,26.9,84.14,25.818347999999997
2022-11-07,27.1,85.71,26.109703
2022-11-08,26.09,89.59,25.42641455
2022-11-09,26.21,91.31,25.65032055
2022-11-10,26.39,85.93,25.46989235
2022-11-11,26.69,85.44,25.7138248
2022-11-12,26.31,91.04,25.7280032
2022-11-13,26.9,88.66,26.126611999999998
2022-11-14,26.65,84.47,25.612207749999996
2022-11-15,27.06,86.37,26.1184396
2022-11-16,27.24,86.97,26.3269879
2022-11-17,26.43,88.38,25.6675537
2022-11-18,26.87,88.89,26.11413115
2022-11-19,26.44,90.88,25.8410896
2022-11-20,27.13,89.46,26.397838899999996
2022-11-21,27.19,88.04,26.3552518
2022-11-22,27.3,86.62,26.358048
2022-11-23,26.85,85.73,25.88071025
2022-11-24,27.22,83.65,26.076154
2022-11-25,26.95,82.36,25.742100999999998
2022-11-26,28.03,78.82,26.4538903
2022-11-27,27.58,80.01,26.1419194
2022-11-28,27.23,84.21,26.12446315
2022-11-29,27.15,84.81,26.093155749999998
2022-11-30,26.71,85.4,25.729537
2022-12-01,26.63,87.03,25.76470645
2022-12-02,26.48,86.47,25.5885083
2022-12-03,26.51,86.95,25.647982250000002
2022-12-04,27.04,82.94,25.8633718
2022-12-05,27.12,84.18,26.0219338
2022-12-06,27.02,84.39,25.9450954
2022-12-07,26.93,87.4,26.068601
2022-12-08,26.07,90.25,25.449558749999998
2022-12-09,26.17,87.15,25.34522275
2022-12-10,26.42,84.05,25.374318
2022-12-11,25.98,87.46,25.1882244
2022-12-12,25.96,89.75,25.3139425
2022-12-13,26.13,91.86,25.609324899999997
2022-12-14,25.74,92.96,25.304787199999996
2022-12-15,25.32,89.12,24.672531199999998
2022-12-16,26.73,86.73,25.83739345
2022-12-17,26.34,89.44,25.6523328
2022-12-18,27.02,86.18,26.068354799999998
2022-12-19,26.07,91.59,25.53482965
2022-12-20,26.38,89.69,25.706344599999998
2022-12-21,26.3,90.53,25.685397000000002
2022-12-22,25.59,91.3,25.0593435
2022-12-23,25.75,89.17,25.07989375
2022-12-24,25.67,85.15,24.75769025
2022-12-25,25.97,85.44,25.051482399999998
2022-12-26,25.91,86.04,25.0339402
2022-12-27,25.59,87.78,24.8446411
2022-12-28,25.91,85.67,25.01072085
2022-12-29,25.52,87.59,24.7678299
2022-12-30,26.14,85.81,25.2315562
2022-12-31,25.49,89.71,24.86802095
2023-01-01,25.92,87.22,25.1172882
2023-01-02,26.17,88.18,25.411333300000003
2023-01-03,25.64,89.78,25.0138206
2023-01-04,25.51,89.25,24.859033750000002
2023-01-05,25.75,87.94,25.003787499999998
2023-01-06,25.4,85.89,24.5541055
2023-01-07,26.37,85.71,25.43707735
2023-01-08,26.42,88.05,25.636558
2023-01-09,26.6,83.97,25.5332035
2023-01-10,27.01,80.96,25.699952800000002
2023-01-11,26.8,83.45,25.6803925
2023-01-12,27.23,83.81,26.09645715
2023-01-13,27.21,79.02,25.7433931
2023-01-14,27.39,77.1,25.7665045
2023-01-15,27.5,80.22,26.085729999999998
2023-01-16,25.51,88.21,24.79605655
2023-01-17,26.29,85.46,25.3471537
2023-01-18,25.86,87.03,25.0496344
2023-01-19,25.92,89.67,25.2711727
2023-01-20,25.95,91.74,25.429826499999997
2023-01-21,26.07,87.98,25.3051073
2023-01-22,26.1,88.53,25.368214000000002
2023-01-23,26.16,89.17,25.4654721
2023-01-24,25,93.63,24.632132499999997
2023-01-25,24.84,92.63,24.4208681
2023-01-26,25.06,92.85,24.644727999999997
2023-01-27,25.72,91.43,25.1911453
2023-01-28,25.06,93.83,24.701646399999998
2023-01-29,24.99,93.66,24.6242137
2023-01-30,25.39,93.9,25.0246405
2023-01-31,25.21,93.85,24.84773425
2023-02-01,25.86,91.34,25.3189232
2023-02-02,25.87,91.58,25.3434553
2023-02-03,25.86,92.95,25.419515999999998
2023-02-04,25.43,92.49,24.97853635
2023-02-05,25.61,90.77,25.04600085
2023-02-06,25.57,90.92,25.0171642
2023-02-07,25.8,90.06,25.182229
2023-02-08,26.2,89.07,25.496654499999998
2023-02-09,26.17,89.31,25.483862350000003
2023-02-10,26.47,88.87,25.737256449999997
2023-02-11,26.47,89.39,25.771490649999997
2023-02-12,26.13,88.21,25.37585265
2023-02-13,26.17,87.27,25.352924950000002
2023-02-14,26.27,89.61,25.59740335
2023-02-15,25.71,89.11,25.03857705
2023-02-16,25.94,86.45,25.087434000000002
2023-02-17,26.15,88.65,25.422748749999997
2023-02-18,26.42,88.49,25.6654044
2023-02-19,26.65,87.21,25.795308249999998
2023-02-20,26.06,88.89,25.353626199999997
2023-02-21,26.05,88.2,25.300405
2023-02-22,26.1,89.16,25.408408
2023-02-23,25.69,89.31,25.03208395
2023-02-24,25.9,85.59,24.996492999999997
2023-02-25,25.81,88.06,25.0672723
2023-02-26,25.86,89.57,25.2083336
2023-02-27,25.67,90.26,25.0716231
2023-02-28,25.2,93.74,24.831598999999997
2023-03-01,24.63,93,24.239994999999997
2023-03-02,25.5,91.46,24.98333
2023-03-03,25.51,94.17,25.156964350000003
2023-03-04,24.81,92.89,24.406827449999998
2023-03-05,25.3,90.17,24.716098
2023-03-06,25.56,89.69,24.9328427
2023-03-07,25.79,89.53,25.139865349999997
2023-03-08,26.11,89.22,25.421643099999997
2023-03-09,26.44,88.8,25.704496
2023-03-10,26.39,88.81,25.65822995
2023-03-11,26.35,88.01,25.56855175
2023-03-12,26.2,87.78,25.413643
2023-03-13,25.41,86,24.56993
2023-03-14,25.59,87.01,24.79767495
2023-03-15,25.86,86.18,24.9965264
2023-03-16,26.3,87.86,25.512114
2023-03-17,26.24,88.89,25.522627299999996
2023-03-18,26.88,87.49,26.028194099999997
2023-03-19,26.76,89.03,26.0202929
2023-03-20,26.49,89.28,25.783069599999997
2023-03-21,27.11,83.9,25.993384499999998
2023-03-22,26.9,86.12,25.953383999999996
2023-03-23,26.75,86.11,25.814161249999998
2023-03-24,27.5,84.44,26.387459999999997
2023-03-25,27.07,84.67,26.01016045
2023-03-26,27.89,81.57,26.53272265
2023-03-27,27.09,84.79,26.03678355
2023-03-28,27.09,84.47,26.01462515
2023-03-29,27.49,86.84,26.549783799999997
2023-03-30,26.88,86.39,25.9532951
2023-03-31,27.55,79.16,26.054209
2023-04-01,27.62,82.2,26.335552
2023-04-02,27.91,81.77,26.56544635
2023-04-03,26.02,88.61,25.2983296
2023-04-04,27.94,79.19,26.4017248
2023-04-05,26.93,86.51,26.00775615
2023-04-06,28.31,81.18,26.8805269
2023-04-07,28.03,81.89,26.68234435
2023-04-08,27.28,87.33,26.3894257
2023-04-09,27.18,85.51,26.1694674
2023-04-10,27.93,80.63,26.499234949999998
2023-04-11,27.46,83.06,26.2525168
2023-04-12,28.96,75.7,27.027421
2023-04-13,28.93,79,27.263334999999998
2023-04-14,28.61,82.64,27.2627772
2023-04-15,28.55,87.27,27.56628925
2023-04-16,27.83,85.55,26.77059825
2023-04-17,28.8,79.4,27.17981
2023-04-18,28.34,83.32,27.070318399999998
2023-04-19,28.35,81.5,26.9407625
2023-04-20,27.86,85.42,26.788661599999998
2023-04-21,28.42,83.41,27.1498696
2023-04-22,28.02,85.99,26.978216399999997
2023-04-23,28.56,85.66,27.451087799999996
2023-04-24,28,80.3,26.537274999999998
2023-04-25,28.34,80.96,26.890675199999997
2023-04-26,28.5,78.4,26.8368
2023-04-27,28.55,80.57,27.04854675
2023-04-28,28.7,83.45,27.407445
2023-04-29,28.48,82.41,27.127504899999998
2023-04-30,28.7,82.42,27.327002
2023-05-01,28.5,84.16,27.28032
2023-05-02,28.6,84.78,27.419689
2023-05-03,28.64,81.07,27.1678139
2023-05-04,29.3,77.92,27.502688
2023-05-05,28.89,81.82,27.451143899999998
2023-05-06,28.71,85.53,27.57909715
2023-05-07,27.73,86.81,26.77022965
2023-05-08,28.45,84.17,27.23544325
2023-05-09,29.03,79.04,27.354981600000002
2023-05-10,28.97,84.46,27.7332491
2023-05-11,28.5,85.52,27.38504
2023-05-12,28.72,78.92,27.071333199999998
2023-05-13,29.68,75.52,27.6361648
2023-05-14,28.41,83.06,27.1140053
2023-05-15,28.63,83.38,27.338376699999998
2023-05-16,28.53,83.67,27.26989555
2023-05-17,28.78,80.25,27.228835
2023-05-18,29.32,79.32,27.6343732
2023-05-19,27.99,84.05,26.806589749999997
2023-05-20,28.96,77.84,27.1976152
2023-05-21,27.57,85.38,26.519041299999998
2023-05-22,28.58,79.48,26.9909312
2023-05-23,28.36,82.53,27.028261899999997
2023-05-24,28.38,85.25,27.253985
2023-05-25,28.18,86.96,27.198870399999997
2023-05-26,28.25,85.37,27.143606249999998
2023-05-27,28.32,83.99,27.103079899999997
2023-05-28,28.21,83.84,26.9914552
2023-05-29,28.55,80.42,27.0369555
2023-05-30,28.63,81.33,27.179060949999997
2023-05-31,28.26,83.35,26.999928
2023-06-01,27.83,86.99,26.87617185
2023-06-02,28.67,81.07,27.19469045
2023-06-03,28.64,84.59,27.4415643
2023-06-04,27.78,84.85,26.673444
2023-06-05,28.69,79.27,27.07212715
2023-06-06,28.13,81.52,26.744646799999998
2023-06-07,27.94,85.28,26.8518976
2023-06-08,27.75,86.34,26.7545275
2023-06-09,28.22,86.1,27.171105999999998
2023-06-10,28.11,85.04,26.9901692
2023-06-11,28.29,82.58,26.9687801
2023-06-12,27.89,86.11,26.86707095
2023-06-13,27.94,87.65,27.027088
2023-06-14,27.86,85.75,26.81291
2023-06-15,28.19,83.03,26.91224385
2023-06-16,28.31,85.28,27.1919424
2023-06-17,28.23,85.46,27.1320119
2023-06-18,28.87,77.13,27.06246955
2023-06-19,28.2,85.27,27.0900945
2023-06-20,28.17,84.59,27.01139915
2023-06-21,28.2,84.67,27.0448845
2023-06-22,28.3,82.22,26.950498
2023-06-23,28.11,82.46,26.7970433
2023-06-24,28.51,78.64,26.8641052
2023-06-25,28.39,79.58,26.8300141
2023-06-26,27.23,85.76,26.2329864
2023-06-27,27.85,80.83,26.44244275
2023-06-28,27.8,82.74,26.537430999999998
2023-06-29,28.13,86.45,27.11422425
2023-06-30,28.17,87.21,27.20838385
2023-07-01,26.99,87.45,26.127877749999996
2023-07-02,27.75,85.37,26.68383875
2023-07-03,28.36,84.93,27.211213899999997
2023-07-04,28.27,83.15,26.99386525
2023-07-05,28.03,79.06,26.4717499
2023-07-06,28.2,75.11,26.3245385
2023-07-07,27.89,82.52,26.6026854
2023-07-08,28,86.27,26.9805475
2023-07-09,27.59,87.18,26.6670241
2023-07-10,27.55,86.27,26.56452925
2023-07-11,26.58,88.16,25.793350399999998
2023-07-12,27.8,84.43,26.6610545
2023-07-13,28.49,82.11,27.113453949999997
2023-07-14,26.89,88.59,26.11246555
2023-07-15,27.82,81.13,26.4375838
2023-07-16,27.9,87.57,26.983908999999997
2023-07-17,27.95,87.4,27.017915
2023-07-18,27.43,90.3,26.740184499999998
2023-07-19,27.12,90.51,26.4612991
2023-07-20,26.52,89.07,25.797417699999997
2023-07-21,27.33,87.77,26.466990049999996
2023-07-22,27.99,86.44,26.9839158
2023-07-23,27.91,87.83,27.012401649999997
2023-07-24,28.04,85.52,26.9616744
2023-07-25,27.85,87.88,26.960089
2023-07-26,28.26,88.43,27.3843824
2023-07-27,28.25,89.21,27.43400625
2023-07-28,28.53,89.75,27.73905875
2023-07-29,28.01,87.59,27.08787495
2023-07-30,27.71,84.85,26.60927675
2023-07-31,27.96,82.72,26.6807616
2023-08-01,28.15,84.06,26.953304499999998
2023-08-02,28.16,87.92,27.2524296
2023-08-03,27.18,88.83,26.4010042
2023-08-04,28.04,86.99,27.071145299999998
2023-08-05,27.81,85.38,26.739742899999996
2023-08-06,28.08,83.76,26.867034399999998
2023-08-07,27.99,84.79,26.861494049999997
2023-08-08,27.8,86.78,26.832957
2023-08-09,27.59,86.98,26.652625099999998
2023-08-10,27.74,82.7,26.480213999999997
2023-08-11,27.89,83.34,26.663074299999998
2023-08-12,27.83,84.94,26.725876099999997
2023-08-13,27.89,84.77,26.76838665
2023-08-14,27.57,86,26.56361
2023-08-15,27.61,85.35,26.553661749999996
2023-08-16,27.74,86.61,26.764940199999998
2023-08-17,27.99,84.38,26.8310741
2023-08-18,27.4,88.2,26.562789999999996
2023-08-19,27.4,89.7,26.669214999999998
2023-08-20,27.54,87.45,26.639913999999997
2023-08-21,27.14,87.39,26.2633528
2023-08-22,27.66,83.5,26.46573
2023-08-23,27.74,85.59,26.690663799999996
2023-08-24,27.74,87.03,26.795524599999997
2023-08-25,27.27,87.81,26.41383535
2023-08-26,27.44,85.84,26.4322328
2023-08-27,27.83,83.89,26.648895349999997
2023-08-28,27.64,86.97,26.6983219
2023-08-29,27.66,85.23,26.5909474
2023-08-30,28.07,84.2,26.890767
2023-08-31,27.94,84.03,26.7594976
2023-09-01,27.78,83.54,26.5777616
2023-09-02,28,80.69,26.566232499999998
2023-09-03,27.99,83.78,26.786557099999996
2023-09-04,27.61,81.54,26.2789417
2023-09-05,27.49,84.13,26.35616785
2023-09-06,26.88,86.45,25.9573805
2023-09-07,28.48,81.88,27.0867532
2023-09-08,28.03,86.1,26.995631499999998
2023-09-09,27.71,84.49,26.58312095
2023-09-10,27.11,87.61,26.25069155
2023-09-11,27.23,85.98,26.2483897
2023-09-12,27.87,85.45,26.80006575
2023-09-13,27.76,86.3,26.760859
2023-09-14,27.65,83.88,26.484121
2023-09-15,27.85,84.76,26.731003
2023-09-16,28.01,86,26.969730000000002
2023-09-17,27.54,87.5,26.6435
2023-09-18,27.29,87.43,26.405763349999997
2023-09-19,28.07,84.25,26.89449875
2023-09-20,27.99,82.93,26.723491349999996
2023-09-21,28.08,84.98,26.958156199999998
2023-09-22,26.7,84.28,25.645187999999997
2023-09-23,28.06,82.91,26.785427799999997
2023-09-24,27.51,85.43,26.46744365
2023-09-25,27.76,87.42,26.8425406
2023-09-26,27.76,85.64,26.7127252
2023-09-27,27.97,84,26.78464
2023-09-28,28.12,84.24,26.9394184
2023-09-29,27.72,87.51,26.8118521
2023-09-30,27.99,85.63,26.92381785
2023-10-01,27.88,83.82,26.689313799999997
2023-10-02,28.09,85.9,27.0360955
2023-10-03,27.61,85.76,26.5832248
2023-10-04,28.36,84.65,27.1898695
2023-10-05,28.72,85.89,27.6164569
2023-10-06,28.46,86.52,27.4250056
2023-10-07,27.98,86.49,26.9783686
2023-10-08,27.97,85.3,26.880950499999997
2023-10-09,28.98,79.75,27.36729
2023-10-10,28.77,81.96,27.354130599999998
2023-10-11,28.51,79.9,26.9611945
2023-10-12,28.62,78.8,26.973608
2023-10-13,28.76,82.43,27.381984900000003
2023-10-14,28.7,82.3,27.317629999999998
2023-10-15,28.6,83.94,27.354547
2023-10-16,28.41,83.97,27.183624849999998
2023-10-17,28.52,84.06,27.290866599999998
2023-10-18,28.24,79.36,26.6802352
2023-10-19,28.26,81.7,26.875056
2023-10-20,28.13,79.55,26.59696575
2023-10-21,28.73,76.27,26.87277155
2023-10-22,27.97,80.57,26.53052845
2023-10-23,28.5,77.7,26.782899999999998
2023-10-24,28.6,77.82,26.879941
2023-10-25,28.08,81.64,26.708691599999998
2023-10-26,28.41,82.46,27.0681023
2023-10-27,28.91,81.82,27.469144099999998
2023-10-28,27.64,83.53,26.4497131
2023-10-29,29.2,78.17,27.4350445
2023-10-30,28.87,77.38,27.0822283
2023-10-31,28.45,79.84,26.903223999999998
2023-11-01,28.8,78.54,27.112171
2023-11-02,29.25,78.37,27.49526625
2023-11-03,28.53,82.56,27.1842424
2023-11-04,29.07,78.02,27.308632699999997
2023-11-05,28.82,78.7,27.142412
2023-11-06,28.28,82.64,26.9642856
2023-11-07,28.28,82.86,26.9809594
2023-11-08,28.04,84.08,26.854437599999997
2023-11-09,28.23,84.76,27.0791514
2023-11-10,28.26,82.67,26.948465600000002
2023-11-11,29.18,81.01,27.6467474
2023-11-12,28.81,82.09,27.40039345
2023-11-13,28.52,85.46,27.398820599999997
2023-11-14,28.61,82.1,27.220870499999997
2023-11-15,28.46,82.84,27.1424552
2023-11-16,28.02,83.9,26.822803999999998
2023-11-17,28.1,84.63,26.950324000000002
2023-11-18,27.47,88.98,26.6838883
2023-11-19,26.89,91.08,26.2821466
2023-11-20,27.87,86.34,26.8655119
2023-11-21,28.09,86.28,27.0644986
2023-11-22,27.04,88.92,26.2758124
2023-11-23,27.23,87.3,26.3408095
2023-11-24,27.13,88.71,26.345740149999997
2023-11-25,27.39,86.56,26.4371712
2023-11-26,26.86,88.1,26.051038
2023-11-27,26.64,89.54,25.9415858
2023-11-28,26.95,90.95,26.330301249999998
2023-11-29,28.03,86.36,27.0149794
2023-11-30,27.69,89.35,26.91739575
2023-12-01,26.68,91.38,26.1025462
2023-12-02,27.21,89.1,26.4480355
2023-12-03,27.25,87.81,26.39517625
2023-12-04,27.28,85.68,26.2734472
2023-12-05,27.38,85.88,26.379739199999996
2023-12-06,26.69,87.08,25.8237786
2023-12-07,27.21,88.91,26.43475355
2023-12-08,27.67,90.26,26.964483100000002
2023-12-09,27.25,90.11,26.55646375
2023-12-10,27.15,89.36,26.409722
2023-12-11,27.32,88.97,26.5422747
2023-12-12,26.75,89.82,26.0641225
2023-12-13,27.56,87.06,26.6305198
2023-12-14,27.56,89.63,26.8151229
2023-12-15,27.45,88.79,26.651567749999998
2023-12-16,27.34,90.54,26.6719348
2023-12-17,27.53,91.71,26.93589715
2023-12-18,26.88,91.41,26.295106899999997
2023-12-19,26.86,89.11,26.119697799999997
2023-12-20,27.24,91.3,26.630390999999996
2023-12-21,27.25,90.72,26.599239999999998
2023-12-22,26.85,92.15,26.31678875
2023-12-23,27.45,89.85,26.727066249999996
2023-12-24,27.22,91.25,26.60785
2023-12-25,26.91,91.6,26.336658
2023-12-26,26.53,90.35,25.89150775
2023-12-27,26.77,91.45,26.193003249999997
2023-12-28,27.2,89.17,26.4435245
2023-12-29,27.29,90.2,26.600619
2023-12-30,27.4,90.94,26.757192999999997
2023-12-31,26.83,92.26,26.3051119
2024-01-01,26.94,91.7,26.372114
2024-01-02,26.78,92.67,26.2849318
2024-01-03,26.99,92.07,26.445248649999996
2024-01-04,26.64,93.38,26.1979826
2024-01-05,26.78,93.69,26.3538226
2024-01-06,26.88,91.66,26.312129399999996
2024-01-07,25.96,92.34,25.477190200000003
2024-01-08,26.7,91.16,26.106835999999998
2024-01-09,26.56,92.14,26.0386462
2024-01-10,26.74,91.53,26.169799599999997
2024-01-11,26.88,92.6,26.376133999999997
2024-01-12,25.71,93.15,25.28766325
2024-01-13,26.06,92.19,25.5634402
2024-01-14,26.59,92.86,26.1152257
2024-01-15,26.86,91.48,26.2808104
2024-01-16,26.59,91.27,26.009498649999998
2024-01-17,26.69,90.41,26.04703845
2024-01-18,26.62,91.24,26.036058399999998
2024-01-19,26.42,91.52,25.8640512
2024-01-20,24.89,90.82,24.3654089
2024-01-21,26.33,88.51,25.582403149999998
2024-01-22,27.33,87.38,26.439469699999997
2024-01-23,26.84,91.64,26.2726068
2024-01-24,26.67,92.97,26.199446950000002
2024-01-25,26.92,93.68,26.488280800000002
2024-01-26,26.79,92.88,26.308723599999997
2024-01-27,26.78,91.6,26.212664
2024-01-28,26.66,90.36,26.0152768
2024-01-29,26.7,88.78,25.947138
2024-01-30,26.56,87.64,25.7401612
2024-01-31,26.95,89.19,26.20978525
2024-02-01,26.76,91.65,26.196959500000002
2024-02-02,27.27,89.9,26.560626499999998
2024-02-03,26.53,89.23,25.81740295
2024-02-04,27.17,87.7,26.3128745
2024-02-05,26.99,88.4,26.193137999999998
2024-02-06,27.2,88.57,26.401614499999997
2024-02-07,27.17,89.81,26.459909850000003
2024-02-08,27.99,88.32,27.123402399999996
2024-02-09,26.73,89.11,25.99748415
2024-02-10,26.87,88.9,26.114811500000002
2024-02-11,26.91,88.32,26.112781599999998
2024-02-12,26.92,89.31,26.1897661
2024-02-13,26.95,92.43,26.431644249999998
2024-02-14,27.44,90.02,26.7297234
2024-02-15,27.09,90.51,26.43286495
2024-02-16,27.13,89.09,26.372136849999997
2024-02-17,26.87,86.57,25.95628995
2024-02-18,27.78,88.07,26.9086328
2024-02-19,27.63,87.81,26.749699149999998
2024-02-20,27.5,86.35,26.524024999999998
2024-02-21,27.48,84.73,26.3898747
2024-02-22,27.86,83.84,26.6725632
2024-02-23,27.32,85.59,26.3039509
2024-02-24,27.13,84.2,26.032453
2024-02-25,27.43,86.94,26.5012381
2024-02-26,27.25,89.55,26.517193749999997
2024-02-27,27.31,88.48,26.498358399999997
2024-02-28,27.14,86.28,26.186185599999998
2024-02-29,27.59,88.04,26.7289398
2024-03-01,27.47,88.95,26.68174825
2024-03-02,27.26,90.5,26.59329
2024-03-03,27.06,91.03,26.4403524
2024-03-04,27.28,90.49,26.6115421
2024-03-05,27.2,89.52,26.467972
2024-03-06,28.42,83.92,27.1889152
2024-03-07,28.56,88.44,27.6660652
2024-03-08,26.96,85.46,25.9635738
2024-03-09,27.9,83.34,26.672158
2024-03-10,27.52,86.66,26.5647226
2024-03-11,27.78,85.05,26.688052
2024-03-12,27.06,88.65,26.275941999999997
2024-03-13,27.8,87.63,26.895134499999998
2024-03-14,27.39,87.51,26.50452145
2024-03-15,27.18,85.5,26.16877
2024-03-16,27.41,86.01,26.416640049999998
2024-03-17,27.33,86.75,26.395013749999997
2024-03-18,27.99,86.5,26.988367499999995
2024-03-19,27.72,86.62,26.747140199999997
2024-03-20,27.58,86.11,26.580753399999995
2024-03-21,27.64,85.45,26.5884715
2024-03-22,27.59,83.75,26.42008125
2024-03-23,28.14,82.43,26.8218986
2024-03-24,28.12,83.88,26.9124508
2024-03-25,28.35,84.75,27.18833125
2024-03-26,27.9,86.92,26.936003999999997
2024-03-27,28.53,84.65,27.34551725
2024-03-28,27.84,87.96,26.956625199999998
2024-03-29,28.19,85.38,27.0891871
2024-03-30,28.16,83.03,26.8850439
2024-03-31,28.97,76.24,27.0790604
2024-04-01,29.52,78.57,27.749667699999996
2024-04-02,29.48,78.25,27.6880175
2024-04-03,28.8,83.4,27.49441
2024-04-04,29.2,83.42,27.859506999999997
2024-04-05,29.02,84.3,27.766198
2024-04-06,28.83,84.7,27.624130499999996
2024-04-07,29.13,84.74,27.9021041
2024-04-08,29.2,83.19,27.840911499999997
2024-04-09,29.01,85.93,27.887143650000002
2024-04-10,28.31,89.02,27.476014099999997
2024-04-11,28.63,87.27,27.640688049999998
2024-04-12,27.61,90.09,26.895439449999998
2024-04-13,28.27,87.38,27.3142243
2024-04-14,28.17,87.33,27.21740605
2024-04-15,28.38,87.52,27.427276799999998
2024-04-16,28.47,87.96,27.544906599999997
2024-04-17,28.9,82.83,27.540135999999997
2024-04-18,28.87,81.91,27.44025685
2024-04-19,29.2,81.12,27.673551999999997
2024-04-20,28.88,84.46,27.650941399999997
2024-04-21,29.61,80.86,28.0193703
2024-04-22,29.35,83.22,27.9794935
2024-04-23,29.81,81.65,28.264838249999997
2024-04-24,28.92,82.68,27.546350800000003
2024-04-25,29.52,78.66,27.7571026
2024-04-26,29.23,76.97,27.36422455
2024-04-27,29.82,76.98,27.8803348
2024-04-28,29.18,85.43,28.0036182
2024-04-29,29.41,83.86,28.0864393
2024-04-30,29.6,84.02,28.272861
2024-05-01,28.86,86.14,27.765337199999998
2024-05-02,28.8,87.4,27.80901
2024-05-03,29.2,85.62,28.037377
2024-05-04,27.75,88.04,26.878415
2024-05-05,29.04,84.23,27.7788731
2024-05-06,29.15,84.39,27.892224249999998
2024-05-07,29.33,81.16,27.793315399999997
2024-05-08,29.06,80.68,27.5128544
2024-05-09,29.27,80.09,27.65261115
2024-05-10,28.87,85.59,27.73110565
2024-05-11,28.69,84.89,27.51074005
2024-05-12,28.98,82.69,27.601431599999998
2024-05-13,29.77,82.31,28.284305349999997
2024-05-14,28.25,89.49,27.45518125
2024-05-15,29.22,85.48,28.0444608
2024-05-16,28.6,88.64,27.719032
2024-05-17,29.21,85.76,28.0579128
2024-05-18,28.88,87.23,27.870020699999998
2024-05-19,28.52,90.81,27.811359099999997
2024-05-20,28.49,88.58,27.611288099999996
2024-05-21,28.79,87.99,27.84607405
2024-05-22,29.3,84.54,28.041556
2024-05-23,29.48,83.83,28.1477537
2024-05-24,29.28,83.63,27.9492827
2024-05-25,28.32,88.71,27.4618471
2024-05-26,29.49,84.6,28.220346999999997
2024-05-27,29.1,88.64,28.187792
2024-05-28,28.94,87.71,27.963928199999998
2024-05-29,29.04,86.61,27.9692017
2024-05-30,28.25,89.17,27.43098125
2024-05-31,28.83,88.59,27.930720849999997
2024-06-01,27.9,87.49,26.978012999999997
2024-06-02,27.22,88.17,26.392373199999998
2024-06-03,28.73,79.74,27.144351099999998
2024-06-04,28.64,82.44,27.274358799999998
2024-06-05,28.99,83.48,27.673438599999997
2024-06-06,28.79,83.07,27.45938665
2024-06-07,29.54,76.21,27.5720912
2024-06-08,28.81,85.48,27.667203399999998
2024-06-09,28.94,82.45,27.546179000000002
2024-06-10,29.18,81.95,27.722642999999998
2024-06-11,29.07,80.57,27.51297695
2024-06-12,28.81,82.21,27.409838049999998
2024-06-13,28.86,81.9,27.430462
2024-06-14,29.03,83.46,27.7082059
2024-06-15,29.03,82.32,27.617102799999998
2024-06-16,28.19,86.74,27.1915883
2024-06-17,27.67,85.8,26.641423
2024-06-18,28.17,86.18,27.130943300000002
2024-06-19,28.18,84.32,27.0002368
2024-06-20,28.5,83.82,27.25414
2024-06-21,26.84,89.13,26.1022531
2024-06-22,26.71,86.08,25.7752024
2024-06-23,28.1,85.13,26.987724
2024-06-24,28.49,85.08,27.341980599999996
2024-06-25,28.28,85.96,27.2159084
2024-06-26,28.41,84.38,27.214991899999998
2024-06-27,28.38,83.09,27.0890906
2024-06-28,28.63,81.12,27.162740799999998
2024-06-29,27.99,85.55,26.917882249999998
2024-06-30,27.44,86.38,26.4706646
2024-07-01,27.89,81.43,26.52241235
2024-07-02,27.97,83.6,26.755005999999998
2024-07-03,28.11,87.88,27.2027574
2024-07-04,28.29,80.2,26.788269
2024-07-05,28.55,78.28,26.871586999999998
2024-07-06,27.96,84.77,26.8325231
2024-07-07,27.87,85.98,26.8390393
2024-07-08,27.3,86.39,26.341856
2024-07-09,27.46,86.32,26.4848896
2024-07-10,27.43,84.77,26.346918549999998
2024-07-11,27.86,86.15,26.842302
2024-07-12,27.68,85.47,26.6267203
2024-07-13,28.18,85.43,27.0837532
2024-07-14,27.49,84.71,26.39760595
2024-07-15,28.09,84.3,26.916503499999997
2024-07-16,27.72,85.76,26.684609599999998
2024-07-17,28,88.04,27.11197
2024-07-18,27.96,90,27.2197
2024-07-19,28.14,89.01,27.3155302
2024-07-20,28.49,87.37,27.51818465
2024-07-21,28.09,89.17,27.280511649999998
2024-07-22,28.04,89.31,27.2439157
2024-07-23,28.01,89.17,27.20527685
2024-07-24,28.33,87,27.341154999999997
2024-07-25,28.46,85.06,27.3129068
2024-07-26,28.45,84.97,27.29682325
2024-07-27,28.5,85.05,27.34885
2024-07-28,28.1,84.71,26.956308
2024-07-29,28.08,84.93,26.954421699999997
2024-07-30,28.31,86.19,27.261061449999996
2024-07-31,28,87.87,27.0993475
2024-08-01,27.89,87.21,26.94808045
2024-08-02,27.69,87.38,26.7744821
2024-08-03,27.89,85.52,26.8236204
2024-08-04,27.25,87.3,26.359412499999998
2024-08-05,27.83,84.5,26.6936175
2024-08-06,27.72,84.63,26.602447299999998
2024-08-07,27.59,85.33,26.53383335
2024-08-08,28.04,85.46,26.957206199999998
2024-08-09,27.82,86.92,26.861759199999998
2024-08-10,27.84,88.18,26.9727666
2024-08-11,27.48,86.08,26.486251199999998
2024-08-12,27.88,85.58,26.8188322
2024-08-13,27.79,87.39,26.868272049999998
2024-08-14,27.56,87.61,26.670026299999996
2024-08-15,27.8,86.08,26.781752
2024-08-16,27.33,87.46,26.445114899999997
2024-08-17,27.78,87.65,26.877956
2024-08-18,27.96,88.45,27.1049535
2024-08-19,28.03,84.42,26.8706143
2024-08-20,27.59,85.81,26.568390949999998
2024-08-21,27.3,85.38,26.270751999999998
2024-08-22,27.72,84.69,26.6068099
2024-08-23,27.95,83.41,26.72275475
2024-08-24,27.04,84.57,25.9757929
2024-08-25,26.91,86.49,25.98787495
2024-08-26,27.85,84.26,26.6942905
2024-08-27,27.43,87.29,26.52612835
2024-08-28,27.09,86.27,26.139266149999997
2024-08-29,27.52,84.65,26.4207865
2024-08-30,27.7,85.17,26.623341999999997
2024-08-31,27.94,86.69,26.9561248
2024-09-01,28.18,87.17,27.2146708
2024-09-02,28.22,87.08,27.245056799999997
2024-09-03,28.02,87.19,27.067448399999996
2024-09-04,27.31,88.12,26.472994599999996
2024-09-05,28.27,83.7,27.0355195
2024-09-06,28.32,87.73,27.387357299999998
2024-09-07,28.29,85.49,27.18948905
2024-09-08,28.01,87.15,27.05518075
2024-09-09,27.47,87.38,26.569752299999998
2024-09-10,27.46,80.97,26.1035416
2024-09-11,28.32,82.63,26.9997063
2024-09-12,27.81,85.76,26.7675608
2024-09-13,27.92,84.86,26.8025166
2024-09-14,27.23,87.84,26.3786176
2024-09-15,27.36,85.47,26.332293099999998
2024-09-16,27.66,86.58,26.6886604
2024-09-17,27.89,84.9,26.7779605
2024-09-18,28.29,84.24,27.094682799999998
2024-09-19,27.89,87.73,26.986375849999998
2024-09-20,27.67,87.64,26.7747034
2024-09-21,27.65,83.35,26.44578875
2024-09-22,28.62,84.03,27.379769800000002
2024-09-23,27.73,87.29,26.80515685
2024-09-24,28.98,76.17,27.0821788
2024-09-25,27.75,83.39,26.53954625
2024-09-26,28.32,78.51,26.6865451
2024-09-27,28.03,85.76,26.9703304
2024-09-28,28.16,85.21,27.0488273
2024-09-29,27.97,85.1,26.866133499999997
2024-09-30,27.53,86.4,26.555356
2024-10-01,27.96,79.57,26.4475671
2024-10-02,27.91,81.99,26.58167245
2024-10-03,28.47,79.36,26.884125599999997
2024-10-04,27.44,82.75,26.2123175
2024-10-05,27.71,81.76,26.3847728
2024-10-06,27.5,79.83,26.057845
2024-10-07,28.14,83.47,26.899919399999998
2024-10-08,27.44,85.21,26.3873957
2024-10-09,28.04,84.74,26.903587799999997
2024-10-10,28.14,83.9,26.932178
2024-10-11,28.52,81.92,27.1258512
2024-10-12,28.32,84.79,27.1638879
2024-10-13,27.31,88.53,26.50188115
2024-10-14,26.8,85.77,25.8373405
2024-10-15,27.71,84.19,26.56132445
2024-10-16,27.78,86.05,26.761091999999998
2024-10-17,27.47,86.8,26.528377999999996
2024-10-18,28.29,83.38,27.029456099999997
2024-10-19,28.09,84.24,26.9120188
2024-10-20,27.51,81.52,26.1876636
2024-10-21,28.99,71.67,26.732240649999998
2024-10-22,28.72,80,27.1558
2024-10-23,28.8,84.81,27.6053065
2024-10-24,28.43,84.86,27.2700489
2024-10-25,27.71,86.12,26.7015486
2024-10-26,28.19,84.73,27.04024535
2024-10-27,28.1,84.86,26.967528
2024-10-28,28.39,84.38,27.1967101
2024-10-29,28.3,86.37,27.265483
2024-10-30,28.39,84.28,27.1890706
2024-10-31,28.27,83.27,27.00295345
2024-11-01,28.23,85.59,27.14182885
2024-11-02,27.48,84.74,26.390588599999997
2024-11-03,27.89,82.16,26.5761732
2024-11-04,27.89,81.12,26.4995824
2024-11-05,28.58,82.71,27.241062399999997
2024-11-06,27.17,86.82,26.2515517
2024-11-07,27.96,83.01,26.7022303
2024-11-08,27.67,83.26,26.4574381
2024-11-09,28.19,83.53,26.94989135
2024-11-10,28.29,83.56,27.0431082
2024-11-11,28.23,81.79,26.85487185
2024-11-12,28.62,79.38,27.0186508
2024-11-13,28.73,80.46,27.2007019
2024-11-14,27.97,83.09,26.717222649999997
2024-11-15,28.64,80.21,27.1009317
2024-11-16,27.89,85.52,26.8236204
2024-11-17,27.76,87.6,26.855668
2024-11-18,26.97,89.55,26.253286749999997
2024-11-19,26.62,87.62,25.794749200000002
2024-11-20,26.55,87.96,25.752049
2024-11-21,27.28,84.85,26.2151065
2024-11-22,26.33,91.27,25.761982549999995
2024-11-23,27.72,83.73,26.5370083
2024-11-24,27.5,84.58,26.39747
2024-11-25,27.58,86,26.57284
2024-11-26,26.89,89.18,26.1526711
2024-11-27,26.87,88.04,26.0563014
2024-11-28,27.37,87.16,26.4611206
2024-11-29,26.44,87.9,25.645393000000002
2024-11-30,27.34,89.14,26.5730668
2024-12-01,27.52,85.61,26.489532099999998
2024-12-02,27.41,85.01,26.34563505
2024-12-03,26.08,84.64,25.101721599999998
2024-12-04,26.72,86.23,25.7945183
2024-12-05,27.35,81.65,26.05311375
2024-12-06,27.97,80.82,26.549049699999998
2024-12-07,27.77,84.32,26.6255952
2024-12-08,27.16,91.05,26.5368115
2024-12-09,26.68,90.7,26.056993
2024-12-10,26.36,90.91,25.7670593
2024-12-11,27.31,87.98,26.4631309
2024-12-12,27.36,89.7,26.631481
2024-12-13,26.65,85.53,25.683042249999996
2024-12-14,27.74,84.71,26.626582199999998
2024-12-15,27.9,83.61,26.692057
2024-12-16,27.4,89.23,26.635868499999997
2024-12-17,26.78,92.42,26.2680468
2024-12-18,26.84,91.35,26.2529245
2024-12-19,26.39,91.57,25.83872015
2024-12-20,26.33,90.88,25.736607199999998
2024-12-21,26.78,90.05,26.107977
2024-12-22,26.84,88.66,26.070354199999997
2024-12-23,26.81,86.53,25.89801365
2024-12-24,26.97,81.98,25.7340983
2024-12-25,26.68,85.87,25.7334313
2024-12-26,26.23,81.38,25.0287307
2024-12-27,26.67,86.48,25.765038800000003
2024-12-28,26.78,90.08,26.1100032
2024-12-29,26.91,90.33,26.24997415
2024-12-30,26.53,90.98,25.933191700000002
2024-12-31,26.18,92.71,25.7116904
2025-01-01,26.52,89.16,25.803367599999998
2025-01-02,27.05,89.01,26.29141525
2025-01-03,26.97,88.64,26.1908744
2025-01-04,26.59,91.27,26.009498649999998
2025-01-05,26.82,91.06,26.2142256
2025-01-06,26.56,89.97,25.894710099999998
2025-01-07,26.62,89.45,25.916737
2025-01-08,26.5,90.4,25.8664
2025-01-09,26.24,88.67,25.5084219
2025-01-10,25.91,93.72,25.5158986
2025-01-11,25.71,94.25,25.355483749999998
2025-01-12,25.95,92.43,25.473279249999997
2025-01-13,25.4,92.96,24.977952
2025-01-14,25.93,92.17,25.437767049999998
2025-01-15,26.2,91.74,25.668468999999998
2025-01-16,26.22,92,25.70432
2025-01-17,25.98,92.72,25.5203408
2025-01-18,25.98,92.81,25.5260234
2025-01-19,25.5,93.37,25.098885
2025-01-20,25.67,91.46,25.1453451
2025-01-21,25.62,94.15,25.262214
2025-01-22,25.22,92.85,24.798436
2025-01-23,25.69,92.6,25.234567000000002
2025-01-24,25.74,91.32,25.203402399999998
2025-01-25,26.24,90.28,25.612379599999997
2025-01-26,26.31,91.24,25.740994199999996
2025-01-27,25.62,93.33,25.212062800000002
2025-01-28,25.29,90.6,24.732156999999997
2025-01-29,24.86,91.33,24.365983399999998
2025-01-30,25.22,88.17,24.5225032
2025-01-31,25.58,88.15,24.857861
2025-02-01,25.51,86.76,24.7082518
2025-02-02,26.28,86.13,25.3813627
2025-02-03,26.08,86.78,25.2380182
2025-02-04,25.76,92.3,25.283139
2025-02-05,25.39,91.64,24.889277800000002
2025-02-06,25.97,88.91,25.270387349999996
2025-02-07,26.2,87.35,25.385972499999998
2025-02-08,26.19,87.56,25.3901702
2025-02-09,25.61,87.77,24.86268585
2025-02-10,26.02,87.07,25.2007552
2025-02-11,26.26,85.66,25.3324888
2025-02-12,26.49,84.68,25.4797226
2025-02-13,27.11,84.85,26.059271749999997
2025-02-14,27.16,86.2,26.199106
2025-02-15,26.92,87.33,26.0545123
2025-02-16,26.78,84.38,25.7250252
2025-02-17,26.83,88.86,26.0745409
2025-02-18,25.99,90.73,25.40418235
2025-02-19,26.23,88.14,25.464852099999998
2025-02-20,26.53,88.55,25.77241075
2025-02-21,26.63,89.28,25.9148152
2025-02-22,26.76,87.81,25.9380283
2025-02-23,26.82,88.59,26.046858399999998
2025-02-24,26.91,88.31,26.11209905
2025-02-25,26.39,88.85,25.66084575
2025-02-26,26.48,89.02,25.7565278
2025-02-27,26.84,87.32,25.979408399999997
2025-02-28,26.73,90.35,26.08089275
2025-03-01,26.97,88.02,26.1483517
2025-03-02,26.57,88.43,25.80192555
2025-03-03,27.03,84.53,25.96388495
2025-03-04,27.52,85.27,26.4651847
2025-03-05,27.45,86.56,26.492735999999997
2025-03-06,27.29,84.63,26.208797349999998
2025-03-07,27.76,86.1,26.746273
2025-03-08,26.91,90.98,26.2943399
2025-03-09,26.5,91.68,25.950879999999998
2025-03-10,27.19,90.69,26.54020855
2025-03-11,27.6,89.64,26.853562
2025-03-12,26.74,91.81,26.188649199999997
2025-03-13,27.31,87.9,26.4574945
2025-03-14,27.07,88.54,26.2777129
2025-03-15,27.53,88.74,26.7230521
2025-03-16,27.26,88.95,26.484511
2025-03-17,27.1,87.93,26.263549
2025-03-18,27.34,87.85,26.481966999999997
2025-03-19,26.32,94.07,25.934490699999998
2025-03-20,25.99,94.08,25.6158856
2025-03-21,26.37,92.85,25.90321225
2025-03-22,26.69,90.39,26.04569755
2025-03-23,26.48,91.14,25.8962146
2025-03-24,26.64,91.08,26.0444116
2025-03-25,27.33,86.35,26.366787749999997
2025-03-26,27.62,86.43,26.6407888
2025-03-27,28.1,86.61,27.098428000000002
2025-03-28,27.66,86.71,26.6980698
2025-03-29,27.57,87.41,26.66496785
2025-03-30,27.65,87.13,26.719177249999998
2025-03-31,26.81,88.19,26.010403949999997
2025-04-01,28.3,83.06,27.014254
2025-04-02,27.71,87.1,26.7727505
2025-04-03,27.34,88.29,26.513039799999998
2025-04-04,26.74,91.61,26.175185199999998
2025-04-05,27.68,86.19,26.6789131
2025-04-06,27.3,89.33,26.548832
2025-04-07,26.93,85.8,25.959217
2025-04-08,27.49,84.03,26.34902335
2025-04-09,28.53,79.21,26.92573965
2025-04-10,28.14,85.06,27.019201199999998
2025-04-11,27.03,88.24,26.2195596
2025-04-12,28.15,86.86,27.163514499999998
2025-04-13,26.66,90.81,26.0453728
2025-04-14,27.65,84.94,26.560785499999998
2025-04-15,27.62,82.48,26.3557568
2025-04-16,28.47,81.68,27.062382799999998
2025-04-17,27.94,85,26.8312
2025-04-18,28.53,85.64,27.4219106
2025-04-19,28,86.09,26.9671825
2025-04-20,28.46,79.78,26.9075084
2025-04-21,28.03,80.23,26.55881545
2025-04-22,28.28,73.75,26.2905125
2025-04-23,27.69,79.6,26.210082
2025-04-24,28.57,76.35,26.73984475
2025-04-25,28.41,84.77,27.244828849999998
2025-04-26,27.76,84.64,26.639795200000002
2025-04-27,28.49,82.42,27.1373069
2025-04-28,28.4,83.97,27.174506499999996
2025-04-29,28.08,87.48,27.144881199999997
2025-04-30,28.11,83.31,26.86067005
2025-05-01,28.35,82.34,27.0047495
2025-05-02,28.72,81.66,27.2856286
2025-05-03,28.48,83.53,27.213621699999997
2025-05-04,28.06,85.11,26.9495038
2025-05-05,27.72,87.01,26.7754971
2025-05-06,28.55,86.5,27.506787499999998
2025-05-07,28.63,85.85,27.53033275
2025-05-08,29.27,79.73,27.62336655
2025-05-09,28.66,84.32,27.4388416
2025-05-10,29,81.91,27.557322499999998
2025-05-11,28.29,87.3,27.326768499999996
2025-05-12,28.92,81.68,27.4670408
2025-05-13,27.81,84.6,26.682643
2025-05-14,27.56,79.01,26.052288299999997
2025-05-15,28.15,80.43,26.68078225
2025-05-16,28.78,82.12,27.3757048
2025-05-17,28.84,83.29,27.5220823
2025-05-18,28.34,87.03,27.352723599999997
2025-05-19,28.35,85,27.207375
2025-05-20,28.67,85.96,27.5757926
2025-05-21,28.66,85.45,27.526846
2025-05-22,28.42,86.19,27.3627064
2025-05-23,28.12,82.34,26.7970894
2025-05-24,28.84,82.92,27.4929004
2025-05-25,28.85,83.3,27.5319525
2025-05-26,28.64,83.53,27.3591281
2025-05-27,29.21,77,27.349185
2025-05-28,29.5,80.84,27.9193
2025-05-29,27.84,88.62,27.0050494
2025-05-30,29.13,82.64,27.7331276
2025-05-31,28.61,87.37,27.62984885
2025-06-01,28.89,87.63,27.91097635
2025-06-02,29.07,84.99,27.867173649999998
2025-06-03,28.88,86.61,27.8209849
2025-06-04,28.4,85.24,27.271597999999997
2025-06-05,28.15,85.53,27.063664749999997
2025-06-06,27.49,87.42,26.591221899999997
2025-06-07,28.31,85,27.170675
2025-06-08,28.4,82.36,27.051422
2025-06-09,28.3,86.03,27.239677
2025-06-10,27.03,87.69,26.18165635
2025-06-11,27.98,81.32,26.5950648
2025-06-12,28.69,84.02,27.4428409
2025-06-13,28.43,86.8,27.418681999999997
2025-06-14,28.21,85.66,27.1286923
2025-06-15,28.43,84.44,27.237870599999997
2025-06-16,28.81,79.17,27.170574849999998
2025-06-17,26.94,87.47,26.0826974
2025-06-18,27.76,80.78,26.3582854
2025-06-19,28.01,78.65,26.42358825
2025-06-20,27.68,85.16,26.6042484
2025-06-21,28.16,85.09,27.039811699999998
2025-06-22,28.12,84.85,26.9851135
2025-06-23,27.68,86.14,26.6752886
2025-06-24,27.92,83.63,26.7117303
2025-06-25,28.13,87.44,27.1884396
2025-06-26,28.23,87.19,27.26265285
2025-06-27,28.21,86.43,27.186754150000002
2025-06-28,27.31,85.58,26.294038899999997
2025-06-29,28.8,74.6,26.80229
2025-06-30,28.2,81.6,26.81356
2025-07-01,28.02,85.47,26.9395492
2025-07-02,27.35,89.17,26.58458975
2025-07-03,28.03,82.79,26.74931785
2025-07-04,27.95,83.4,26.722015
2025-07-05,27.56,80.83,26.183018899999997
2025-07-06,28.02,83.65,26.804213999999998
2025-07-07,28.11,86.49,27.09870895
2025-07-08,27.91,80.99,26.507917449999997
2025-07-09,27.97,83.94,26.780194899999998
2025-07-10,28.08,82.8,26.795332
2025-07-11,28.09,84.39,26.92323055
2025-07-12,27.29,90.24,26.603432799999997
2025-07-13,27.77,87.41,26.85111885
2025-07-14,27.63,88.21,26.778585149999998
2025-07-15,27.42,88.42,26.5971252
2025-07-16,28.23,89.33,27.424254949999998
2025-07-17,28.08,87.33,27.133677699999996
2025-07-18,28.44,88.37,27.5483279
2025-07-19,27.97,87.34,27.032083899999996
2025-07-20,28.09,86.11,27.05179195
2025-07-21,27.79,85.9,26.7593605
2025-07-22,27.63,85.47,26.58071605
2025-07-23,27.87,82.83,26.60740405
2025-07-24,28.1,84.93,26.972764
2025-07-25,27.99,85.52,26.915656399999996
2025-07-26,27.86,87.31,26.927538799999997
2025-07-27,27.94,87.26,26.9982592
2025-07-28,28.14,87.9,27.232258
2025-07-29,28.45,87.62,27.500144499999998
2025-07-30,28.33,86,27.265089999999997
2025-07-31,28.06,88.54,27.2053132
2025-08-01,27.94,87.94,27.0485248
2025-08-02,28.44,87.48,27.4800916
2025-08-03,27.63,88.77,26.81902555
2025-08-04,27.44,85.07,26.3774319
2025-08-05,27.15,86.26,26.1940395
2025-08-06,27.96,84.24,26.793287199999998
2025-08-07,27.87,83.73,26.67358555
2025-08-08,27.79,84.97,26.69138215
2025-08-09,28.42,82.51,27.080965600000003
2025-08-10,27.05,87.49,26.18649725
2025-08-11,26.34,86.8,25.480415999999998
2025-08-12,27.21,86.48,26.2648844
2025-08-13,26.63,79.47,25.260341049999997
2025-08-14,27.06,84.24,25.971299199999997
2025-08-15,26.42,87.39,25.593288400000002
2025-08-16,27.37,85.6,26.350696
2025-08-17,27.78,85.58,26.7267632
2025-08-18,27.11,82.56,25.9004488
2025-08-19,26.69,85.47,25.71583615
2025-08-20,27.26,82.65,26.042377000000002
2025-08-21,28.29,78.14,26.632028299999998
2025-08-22,28.1,84.92,26.972016
2025-08-23,27.71,83.01,26.47559155
2025-08-24,26.84,87.1,25.964477
2025-08-25,27.46,84.99,26.3900872
2025-08-26,27.91,86.14,26.8877557
2025-08-27,27.64,85.61,26.6000347
2025-08-28,27.57,82.3,26.2976355
2025-08-29,27.81,85.21,26.727298049999998
2025-08-30,27.2,86.24,26.238864
2025-08-31,27.97,85.05,26.862429249999998
2025-09-01,26.38,88.78,25.6468852
2025-09-02,26.55,87.54,25.7242135
2025-09-03,27.29,87.25,26.393101249999997
2025-09-04,26.38,88.17,25.607027799999997
2025-09-05,26.89,88.41,26.100199449999998
2025-09-06,27.31,87.07,26.39901685
2025-09-07,26.83,87.11,25.95586465
2025-09-08,27.08,86.36,26.136248399999996
2025-09-09,26.76,86.09,25.8220487
2025-09-10,27.73,84.03,26.56794295
2025-09-11,26.73,89.61,26.03111665
2025-09-12,26.2,89.67,25.5352645
2025-09-13,26.26,85.6,25.328608
2025-09-14,27.78,83.77,26.5945608
2025-09-15,27.22,85.08,26.1761968
2025-09-16,26.79,88.42,26.007249899999998
2025-09-17,26.42,88.63,25.6745828
2025-09-18,27.64,87.93,26.7677011
2025-09-19,27.55,87.07,26.62194925
2025-09-20,27.94,84.75,26.81272
2025-09-21,27.62,85.75,26.59172
2025-09-22,28.1,83.84,26.891232
2025-09-23,29.02,80.9,27.494674
2025-09-24,27.54,86.27,26.555284399999998
2025-09-25,27.78,84.97,26.682208799999998
2025-09-26,27.67,83.68,26.4878608
2025-09-27,28.38,82.14,27.0165676
2025-09-28,27.32,85.25,26.2799775
2025-09-29,27.11,82.58,25.9018359
2025-09-30,28.04,80.59,26.5945373
2025-10-01,27.45,84.64,26.355984
2025-10-02,27.48,86.35,26.5055265
2025-10-03,26.79,87.97,25.97683215
2025-10-04,27.49,73.81,25.618855449999998
2025-10-05,27.74,80.17,26.295979399999997
2025-10-06,27.59,83.61,26.410001949999998
2025-10-07,27.3,87.64,26.429856
2025-10-08,27.46,86.14,26.4720592
2025-10-09,27.26,87.57,26.3876626
2025-10-10,27.4,85.21,26.350649499999996
2025-10-11,28.06,85.12,26.9502496
2025-10-12,27.78,84.4,26.640576
2025-10-13,28.04,88.15,27.1575305
2025-10-14,27.85,88.53,27.00781525
2025-10-15,27.86,87.72,26.9576656
2025-10-16,28.08,81.29,26.682550099999997
2025-10-17,28.58,79.21,26.970022399999998
2025-10-18,28.33,78.41,26.687756649999997
2025-10-19,28.77,76.83,26.951502549999997
2025-10-20,27.57,88.02,26.708817699999997
2025-10-21,27.4,87.62,26.521638999999997
2025-10-22,26.62,89.46,25.9174036
2025-10-23,27.2,87.12,26.300331999999997
2025-10-24,27.39,86.67,26.44496965
2025-10-25,27.13,85.1,26.0949715
2025-10-26,28.27,77.84,26.5917124
2025-10-27,27.44,80.45,26.0486265
2025-10-28,28.06,84.15,26.877906999999997
2025-10-29,27.62,86.09,26.6162544
2025-10-30,28.77,79.78,27.183033299999998
2025-10-31,28.5,86.51,27.46127
2025-11-01,28.47,87.3,27.494195499999996
2025-11-02,28.52,83.25,27.2284075
2025-11-03,27.8,82.61,26.527921499999998
2025-11-04,27.15,87.33,26.26848475
2025-11-05,28.04,83.24,26.791882799999996
2025-11-06,27.97,84.73,26.838722049999998
2025-11-07,27.95,83,26.692425
2025-11-08,28.19,82.88,26.9009496
2025-11-09,28.02,84.47,26.8651892
2025-11-10,27.19,86.01,26.21356795
2025-11-11,27.27,86.89,26.34921915
2025-11-12,26.54,88.7,25.791714
2025-11-13,26.68,88.89,25.935741099999998
2025-11-14,26.94,89.32,26.209274399999998
2025-11-15,27.16,88.03,26.3265289
2025-11-16,26.83,89.62,26.126080299999998
2025-11-17,27.02,86.64,26.100030399999998
2025-11-18,27.18,88.13,26.3521862
2025-11-19,27.11,87.74,26.2597077
2025-11-20,26.89,88.11,26.07975595
2025-11-21,27.32,88.09,26.4802259
2025-11-22,27.07,86.63,26.145665049999998
2025-11-23,27.57,85.47,26.525510949999997
2025-11-24,27.4,83,26.193849999999998
2025-11-25,27.52,81.95,26.2274395
2025-11-26,28.07,80.17,26.589987949999998
2025-11-27,27.55,87.05,26.62051375
2025-11-28,26.33,89.7,25.659830499999998
2025-11-29,27.22,80.92,25.885163199999997
2025-11-30,27.99,79.31,26.45490545
2025-12-01,28.24,81.58,26.8480006
2025-12-02,27.35,85.57,26.33015975
2025-12-03,28.05,83.21,26.79872525
2025-12-04,27.18,84.05,26.067646999999997
2025-12-05,27.24,85.92,26.253414399999997
2025-12-06,26.64,90.73,26.0210421
2025-12-07,26.58,87.83,25.771425199999996
2025-12-08,26,86.59,25.1518175
2025-12-09,26.56,85.68,25.6101544
2025-12-10,27.16,86.97,26.2527211
2025-12-11,26.64,85.8,25.691865999999997
2025-12-12,26.76,89.1,26.025013
2025-12-13,26.7,87.49,25.860578999999998
2025-12-14,26.04,91.72,25.5144684
2025-12-15,25.53,91.45,25.01131425
2025-12-16,25.86,92.06,25.363908799999997
2025-12-17,25.73,92.87,25.28961555
2025-12-18,26.18,92.83,25.719399199999998
2025-12-19,25.99,93.93,25.60640635
2025-12-20,26.79,89.96,26.111346199999996
2025-12-21,26.36,90.57,25.744881099999997
2025-12-22,26.6,89.85,25.9245175
2025-12-23,26.76,90.94,26.1490842
2025-12-24,27,91.56,26.41975
2025-12-25,27.1,90.71,26.456203
2025-12-26,26.7,94.04,26.300084
2025-12-27,26.83,93.19,26.368179849999997
2025-12-28,26.34,91.15,25.763688
2025-12-29,26.1,92.66,25.631708
2025-12-30,25.94,89.04,25.2503968
2025-12-31,26.22,87.37,25.4058702
