date,T2M,RH2M,THI
1984-01-01,-40.11,99.61,-39.992861549999994
1984-01-02,-37.96,99.48,-37.8099644
1984-01-03,-32.75,99.95,-32.73700625
1984-01-04,-32.43,99.18,-32.2183457
1984-01-05,-31.3,99.51,-31.176569
1984-01-06,-29.39,99.61,-29.295855949999996
1984-01-07,-29.79,98.19,-29.349093049999997
1984-01-08,-29.77,97.09,-29.06145865
1984-01-09,-29.66,98.4,-29.271392
1984-01-10,-32.98,98.16,-32.49950239999999
1984-01-11,-38.19,98.72,-37.81906239999999
1984-01-12,-40.39,96.5,-39.333367499999994
1984-01-13,-43.69,97.94,-43.030707299999996
1984-01-14,-37.01,97.5,-36.301737499999994
1984-01-15,-39.33,97.25,-38.515821249999995
1984-01-16,-38.06,96.39,-37.016421199999996
1984-01-17,-39.01,96.83,-38.07705314999999
1984-01-18,-42.99,96.7,-41.94655649999999
1984-01-19,-35.91,97.93,-35.33608214999999
1984-01-20,-31.76,97.49,-31.1213807
1984-01-21,-29.14,97.43,-28.5231486
1984-01-22,-28.57,98.18,-28.138869299999996
1984-01-23,-24.09,97.79,-23.620938549999998
1984-01-24,-24.92,98.1,-24.508060999999998
1984-01-25,-29.49,97.42,-28.865781899999998
1984-01-26,-30.83,98.29,-30.40367135
1984-01-27,-28.07,98.41,-27.697725349999995
1984-01-28,-28.72,98.75,-28.422862499999997
1984-01-29,-39.7,96.99,-38.802718999999996
1984-01-30,-44,99.04,-43.69112
1984-01-31,-45.55,97.1,-44.59220249999999
1984-02-01,-44.92,95.02,-43.29248619999999
1984-02-02,-47.72,92.59,-45.18422389999999
1984-02-03,-41.44,96.14,-40.25239379999999
1984-02-04,-37.51,96.97,-36.643253349999995
1984-02-05,-38.75,98.05,-38.17889374999999
1984-02-06,-35.65,97.61,-34.99077825
1984-02-07,-33.09,97.16,-32.3466442
1984-02-08,-31.42,97.47,-30.781023199999996
1984-02-09,-35.53,97.52,-34.8475908
1984-02-10,-35.4,97.45,-34.700152499999994
1984-02-11,-35.08,97.84,-34.4909896
1984-02-12,-35.44,97.93,-34.87143309999999
1984-02-13,-37.13,98.51,-36.70689215
1984-02-14,-32.52,98.15,-32.0415715
1984-02-15,-31.52,98.88,-31.236516799999997
1984-02-16,-30.85,98.56,-30.490828
1984-02-17,-28.39,98.75,-28.095131249999998
1984-02-18,-25.34,98.8,-25.077056
1984-02-19,-21.71,98.84,-21.4789802
1984-02-20,-22.1,98.33,-21.763828999999998
1984-02-21,-29.98,98.78,-29.681539199999996
1984-02-22,-35.69,99.61,-35.58234244999999
1984-02-23,-34.98,98.95,-34.69425299999999
1984-02-24,-31.92,97.33,-31.2383223
1984-02-25,-33.38,99.03,-33.1245602
1984-02-26,-32.81,97.56,-32.1750998
1984-02-27,-32.33,97.21,-31.61139364999999
1984-02-28,-34.13,99.28,-33.9374252
1984-02-29,-30.1,98.68,-29.776204
1984-03-01,-24.24,96.24,-23.438856799999993
1984-03-02,-23.22,96.55,-22.504262999999995
1984-03-03,-23.3,98.03,-22.890437
1984-03-04,-19.62,97.01,-19.0588966
1984-03-05,-21.22,98.34,-20.893876399999996
1984-03-06,-21.86,97.52,-21.364049599999994
1984-03-07,-23.82,97.59,-23.3120684
1984-03-08,-23.3,97.95,-22.873805
1984-03-09,-19.75,96.74,-19.135897499999995
1984-03-10,-18.92,96.88,-18.3465128
1984-03-11,-19.99,98.09,-19.627682549999996
1984-03-12,-19.73,96.64,-19.097429599999998
1984-03-13,-21.71,97.62,-21.2360111
1984-03-14,-18.92,95.6,-18.111235999999998
1984-03-15,-17.19,93.85,-16.11808575
1984-03-16,-18.09,94.28,-17.0647186
1984-03-17,-17.7,94.96,-16.807415999999996
1984-03-18,-17.6,95.69,-16.839069499999997
1984-03-19,-19.62,96.44,-18.9519304
1984-03-20,-21.84,96.08,-21.056509599999995
1984-03-21,-22.13,96.59,-21.443004349999995
1984-03-22,-21.55,96.85,-20.925433749999996
1984-03-23,-26.57,95.75,-25.60998875
1984-03-24,-24.37,95.41,-23.388726849999998
1984-03-25,-22.38,96.28,-21.6254352
1984-03-26,-17.05,96.15,-16.38192875
1984-03-27,-12.38,97.02,-11.939436799999998
1984-03-28,-14.32,97.44,-13.914214399999997
1984-03-29,-24.55,97.04,-23.914265999999998
1984-03-30,-18.99,97.35,-18.501883249999995
1984-03-31,-17.42,96.05,-16.726537999999998
1984-04-01,-11.29,97.48,-10.932550599999997
1984-04-02,-8.13,98.26,-7.913430899999999
1984-04-03,-8.42,98.96,-8.288897599999999
1984-04-04,-20.22,97.93,-19.824712799999997
1984-04-05,-17.19,95.82,-16.4614469
1984-04-06,-11.4,97.43,-11.033903500000001
1984-04-07,-10.16,94.58,-9.424885399999997
1984-04-08,-3.58,96.57,-3.2389207999999976
1984-04-09,-9.97,98.48,-9.765430799999999
1984-04-10,-8.97,95.86,-8.435588099999999
1984-04-11,-5.75,97.09,-5.425898749999999
1984-04-12,-2.85,98.28,-2.685869
1984-04-13,-1.66,98.32,-1.5106815999999976
1984-04-14,-0.34,98.31,-0.20206219999999925
1984-04-15,-3.97,96.01,-3.5646758500000004
1984-04-16,-11.14,97.88,-10.841037599999998
1984-04-17,-7.8,96.2,-7.333929999999999
1984-04-18,-8.1,98.53,-7.917278999999997
1984-04-19,-6.74,96.81,-6.3673442
1984-04-20,-1.92,98.3,-1.7664729999999986
1984-04-21,-12.17,99.02,-12.026248699999996
1984-04-22,-6.76,96.12,-6.306311599999999
1984-04-23,-6.11,97.17,-5.78920535
1984-04-24,-0.48,98.83,-0.38360369999999877
1984-04-25,-3.26,98.65,-3.1281319999999995
1984-04-26,-8.33,97.76,-8.0487344
1984-04-27,-0.09,98.47,0.032774850000000896
1984-04-28,-1.24,96.16,-0.9075711999999978
1984-04-29,-1,96.35,-0.688837499999999
1984-04-30,0.91,85.87,1.9661468500000003
1984-05-01,5.24,75.28,6.498989600000001
1984-05-02,6.98,74.07,8.052464800000001
1984-05-03,8.72,72.38,9.5980398
1984-05-04,7.33,72.67,8.40775855
1984-05-05,1.79,73.22,3.6620559000000013
1984-05-06,1.85,72.05,3.794621250000001
1984-05-07,5.53,61.31,7.438771150000001
1984-05-08,9.95,49.37,11.21701575
1984-05-09,10.09,60.06,11.0587447
1984-05-10,11.83,64.65,12.34911475
1984-05-11,10.64,82.19,11.018106300000001
1984-05-12,8.65,83.34,9.186035500000001
1984-05-13,8.81,79.91,9.43871655
1984-05-14,4.27,76.3,5.6034805
1984-05-15,1.93,59.62,4.721671300000001
1984-05-16,7.18,67.49,8.488852600000001
1984-05-17,4.52,83.2,5.442152
1984-05-18,5.59,65.67,7.27234165
1984-05-19,6.27,69.42,7.6542037
1984-05-20,6.44,80.08,7.3230536000000015
1984-05-21,7.87,69.54,8.980723900000001
1984-05-22,8.44,75.65,9.2515855
1984-05-23,10.95,87.3,11.197967499999999
1984-05-24,9.54,90.94,9.7871568
1984-05-25,13.52,67.75,13.6938275
1984-05-26,15.22,75.89,15.1245244
1984-05-27,11.29,76.18,11.7105421
1984-05-28,9.63,85.82,10.0098113
1984-05-29,13.09,84.02,13.2139249
1984-05-30,13.16,87.1,13.255073
1984-05-31,12.21,75.55,12.517947750000001
1984-06-01,8.66,92.53,8.8999364
1984-06-02,9.28,86.55,9.6661495
1984-06-03,10.49,80.61,10.917646450000001
1984-06-04,11.89,71.42,12.300265900000001
1984-06-05,11.89,74.43,12.25705735
1984-06-06,11.29,73.49,11.75803405
1984-06-07,8.87,94.47,9.04123645
1984-06-08,4.92,95.81,5.140771100000001
1984-06-09,8.82,78.22,9.500407200000001
1984-06-10,10.54,79.2,10.993024
1984-06-11,12.66,77.33,12.8894204
1984-06-12,12.4,81.5,12.613675
1984-06-13,16.72,77.37,16.443687699999998
1984-06-14,17.1,67.75,16.638825
1984-06-15,12.11,62.93,12.59728515
1984-06-16,11.07,65.64,11.7182014
1984-06-17,11.31,78.35,11.68984925
1984-06-18,12.7,74.69,12.950569
1984-06-19,15.37,65.68,15.2057788
1984-06-20,17.77,70.31,17.23602535
1984-06-21,19.83,62.55,18.73215325
1984-06-22,18.22,72.95,17.666556999999997
1984-06-23,12.86,77.72,13.0609656
1984-06-24,16.84,74.57,16.5127159
1984-06-25,10.46,71.16,11.100824800000002
1984-06-26,11.92,74.95,12.2754595
1984-06-27,9.42,92.41,9.632064600000001
1984-06-28,9.08,90.19,9.3724361
1984-06-29,10.51,89.81,10.73361955
1984-06-30,12.79,86.55,12.916497249999999
1984-07-01,12.9,67.95,13.18204
1984-07-02,11.02,67.18,11.6481748
1984-07-03,17.67,71.98,17.181471300000002
1984-07-04,18.32,81.31,17.9273231
1984-07-05,16.71,77.36,16.4348108
1984-07-06,15.76,80.73,15.6264589
1984-07-07,14,88.76,14.03091
1984-07-08,15.88,95.53,15.8460727
1984-07-09,20.79,88.24,20.383162799999997
1984-07-10,22.06,81.11,21.2745538
1984-07-11,22.82,78.42,21.8324992
1984-07-12,23.92,73.57,22.5506617
1984-07-13,24.56,65.58,22.655541399999997
1984-07-14,20.12,74.34,19.3268494
1984-07-15,18.03,72.92,17.5042418
1984-07-16,17.07,77.09,16.74616715
1984-07-17,19.37,73.37,18.65671545
1984-07-18,22.44,66.28,20.9674476
1984-07-19,24.49,63.07,22.46088115
1984-07-20,23.93,57.77,21.73974105
1984-07-21,25.03,49.29,22.09313035
1984-07-22,23.76,54.36,21.4355548
1984-07-23,20.18,58.33,18.8782292
1984-07-24,15.31,57.25,15.11954875
1984-07-25,13.35,54.59,13.63721825
1984-07-26,13.64,52.63,13.8640601
1984-07-27,14.13,48.53,14.234741450000001
1984-07-28,12.91,50.41,13.34366455
1984-07-29,14.37,47.27,14.40770195
1984-07-30,16.97,47.81,16.26099885
1984-07-31,17.26,51.89,16.5296902
1984-08-01,10.61,69.91,11.25377555
1984-08-02,10.89,54.59,11.791615550000001
1984-08-03,9.18,56.06,10.4656844
1984-08-04,9.77,57.64,10.8719954
1984-08-05,9.91,52.48,11.1096424
1984-08-06,9.64,56.1,10.813447
1984-08-07,11.44,52.77,12.2348809
1984-08-08,10.72,61.16,11.5274836
1984-08-09,8.44,69.42,9.4592314
1984-08-10,8.48,70.74,9.4487986
1984-08-11,11.11,46.58,12.1060159
1984-08-12,12.06,58.16,12.6214928
1984-08-13,10.34,71.17,10.999630400000001
1984-08-14,16.19,79.92,16.0033564
1984-08-15,17.95,75.86,17.491943499999998
1984-08-16,16.97,73.46,16.609454099999997
1984-08-17,14.94,73.84,14.876692799999999
1984-08-18,12.71,51.44,13.188073200000002
1984-08-19,13.68,56.73,13.8751477
1984-08-20,16.25,56.77,15.83391125
1984-08-21,17,55.01,16.3813875
1984-08-22,17.84,56.43,17.0396191
1984-08-23,17.97,57.02,17.1497267
1984-08-24,17.75,69.52,17.20517
1984-08-25,11.19,61.09,11.898356549999999
1984-08-26,14.42,57.11,14.4388716
1984-08-27,13.82,61.38,13.9644388
1984-08-28,9.35,86.27,9.73890225
1984-08-29,11.23,66.5,11.8324975
1984-08-30,12.66,77.76,12.8850688
1984-08-31,11.48,73.47,11.920663300000001
1984-09-01,13.9,56.15,14.044705
1984-09-02,14.17,56.66,14.2486621
1984-09-03,10.01,56.11,11.09386355
1984-09-04,8.15,54.91,9.72476825
1984-09-05,7.46,52.88,9.2844864
1984-09-06,8.36,57.74,9.7871202
1984-09-07,9.65,59.87,10.720467750000001
1984-09-08,9,89.48,9.31823
1984-09-09,11.57,63.89,12.15191265
1984-09-10,12.07,76.49,12.38421115
1984-09-11,14.97,72.49,14.89888665
1984-09-12,7.57,79.89,8.33649265
1984-09-13,2.39,67.1,4.581304500000002
1984-09-14,1.38,68.05,3.685512000000001
1984-09-15,2.64,70.62,4.556457400000001
1984-09-16,1.81,89.61,2.5351700500000005
1984-09-17,1.32,92.75,1.8455525000000015
1984-09-18,-1.51,76.25,0.581306250000001
1984-09-19,-3.05,66.26,0.20675350000000048
1984-09-20,-1.15,58.17,2.450517250000001
1984-09-21,-1,72.04,1.3835900000000003
1984-09-22,-1.48,89.1,-0.5219989999999981
1984-09-23,-2.3,65.36,0.9007360000000015
1984-09-24,-3.24,68.27,-0.1441038999999984
1984-09-25,-0.82,69.91,1.7153834000000012
1984-09-26,-1.66,82.18,-0.0761583999999993
1984-09-27,-3.73,65.2,-0.24077799999999883
1984-09-28,-6.12,65.48,-2.2050867999999992
1984-09-29,-4.8,62.78,-0.8490969999999987
1984-09-30,-4,67.84,-0.7277199999999993
1984-10-01,-2.6,73.67,-0.12366349999999837
1984-10-02,-2.96,77.87,-0.8348560999999997
1984-10-03,-4.6,74.45,-1.9159724999999983
1984-10-04,-5.03,75.39,-2.386516849999999
1984-10-05,-6.48,77.91,-3.931034899999999
1984-10-06,-6.23,79.93,-3.9417189500000003
1984-10-07,-6.72,81.99,-4.618052899999997
1984-10-08,-7.82,77.64,-5.075086399999998
1984-10-09,-7.26,75.26,-4.2991168
1984-10-10,-10.13,67.09,-5.67184685
1984-10-11,-9.65,63.66,-4.823139499999998
1984-10-12,-11.55,89.76,-10.082863999999999
1984-10-13,-12.52,89.81,-11.005664099999997
1984-10-14,-12.02,86.93,-10.113609799999999
1984-10-15,-11.46,80.77,-8.714340599999998
1984-10-16,-13.93,89.55,-12.295985749999996
1984-10-17,-12.22,81.06,-9.4365776
1984-10-18,-12.68,81.23,-9.8740727
1984-10-19,-14.7,91.99,-13.413593999999998
1984-10-20,-15.28,87.79,-13.280124099999998
1984-10-21,-14.35,93.94,-13.388429499999997
1984-10-22,-10.27,94.43,-9.511171049999998
1984-10-23,-12.86,96.95,-12.401035999999998
1984-10-24,-15.27,91.42,-13.865153699999997
1984-10-25,-16.78,87.68,-14.6604672
1984-10-26,-19.59,92.98,-18.273785099999998
1984-10-27,-20.02,96.93,-19.437129799999997
1984-10-28,-19.1,92.46,-17.706607999999996
1984-10-29,-17.1,95.86,-16.380468
1984-10-30,-13.47,98.75,-13.277706249999998
1984-10-31,-15.2,96.07,-14.558034499999994
1984-11-01,-17.66,93.24,-16.464291199999998
1984-11-02,-19.42,90.03,-17.5599968
1984-11-03,-22.14,91.09,-20.344456799999996
1984-11-04,-24.62,91.84,-22.8642944
1984-11-05,-25.26,94.92,-24.1491056
1984-11-06,-25.44,94.76,-24.2889292
1984-11-07,-24.14,94.13,-22.892507599999995
1984-11-08,-25.93,92.84,-24.337866599999998
1984-11-09,-26.94,88.26,-24.2642192
1984-11-10,-29.81,91.19,-27.662958949999993
1984-11-11,-32.16,95.55,-31.01799649999999
1984-11-12,-26.02,96.23,-25.1798178
1984-11-13,-26.48,96.8,-25.758751999999998
1984-11-14,-27.54,96.79,-26.797783799999994
1984-11-15,-28.36,95.86,-27.384077799999996
1984-11-16,-30.01,95.7,-28.9573385
1984-11-17,-32.06,96.01,-31.038240800000004
1984-11-18,-31.21,97.45,-30.56891725
1984-11-19,-26.59,98.91,-26.343665449999996
1984-11-20,-25.24,99.43,-25.1154151
1984-11-21,-22.63,98.98,-22.4217007
1984-11-22,-20.9,98.93,-20.691670999999996
1984-11-23,-27.55,98.82,-27.277095499999998
1984-11-24,-26.42,98.56,-26.0959136
1984-11-25,-21.45,97.41,-20.937892249999997
1984-11-26,-38.68,99.34,-38.4869566
1984-11-27,-39.4,99.12,-39.139123999999995
1984-11-28,-43.17,97.76,-42.4595056
1984-11-29,-45.82,85.58,-41.036020799999996
1984-11-30,-43.21,95.53,-41.791199649999996
1984-12-01,-26.78,99.1,-26.575663999999996
1984-12-02,-30.28,97.62,-29.6938298
1984-12-03,-41.33,97.85,-40.66981024999999
1984-12-04,-38.82,99.78,-38.755482799999996
1984-12-05,-34.22,99.83,-34.17444679999999
1984-12-06,-33.2,99.77,-33.1396595
1984-12-07,-29.87,99.95,-29.85779825
1984-12-08,-27.02,97.62,-26.476503199999996
1984-12-09,-25.43,99.19,-25.252111849999995
1984-12-10,-34.27,95.28,-33.0039308
1984-12-11,-38.17,97.21,-37.36177884999999
1984-12-12,-36.38,99.49,-36.2372816
1984-12-13,-48.85,97.46,-47.965000499999995
1984-12-14,-40.12,99.43,-39.948766299999996
1984-12-15,-27.73,97.17,-27.07269005
1984-12-16,-36.36,97.01,-35.523607299999995
1984-12-17,-53.36,89.59,-49.4746757
1984-12-18,-51.94,96.57,-50.68660939999999
1984-12-19,-46.84,93.43,-44.623479100000004
1984-12-20,-39.99,98.57,-39.56143615
1984-12-21,-52.54,93.91,-50.29449519999999
1984-12-22,-45.08,95.67,-43.661102299999996
1984-12-23,-41.32,96.06,-40.1103806
1984-12-24,-47.5,95.94,-46.115539999999996
1984-12-25,-41.35,95.21,-39.87863175
1984-12-26,-37.64,96.02,-36.4986554
1984-12-27,-38.26,98.1,-37.70865799999999
1984-12-28,-39.53,96.89,-38.60581685
1984-12-29,-35.91,97.6,-35.24458799999999
1984-12-30,-35.34,97.91,-34.767089199999994
1984-12-31,-35.51,98.35,-35.05615924999999
1985-01-01,-38.32,98.45,-37.8697095
1985-01-02,-35.8,97.2,-35.02537999999999
1985-01-03,-35.8,97.11,-35.00048149999999
1985-01-04,-36.05,97.74,-35.421663499999994
1985-01-05,-36.22,98.05,-35.676027999999995
1985-01-06,-36.81,98.44,-36.369760199999995
1985-01-07,-40.21,98.3,-39.69846149999999
1985-01-08,-39.79,98.39,-39.309262049999994
1985-01-09,-41.73,98.16,-41.16095239999999
1985-01-10,-49.91,93.19,-47.49752344999999
1985-01-11,-44.72,95.79,-43.348760899999995
1985-01-12,-45,97.61,-44.2178725
1985-01-13,-44.88,93.25,-42.6755175
1985-01-14,-47.25,97.11,-46.268483749999994
1985-01-15,-47.75,96.83,-46.66467125
1985-01-16,-51.68,99.63,-51.54532369999999
1985-01-17,-46.28,96.8,-45.210271999999996
1985-01-18,-41.12,94.49,-39.43443589999999
1985-01-19,-43.38,96.34,-42.2148756
1985-01-20,-44.21,98.03,-43.57387715
1985-01-21,-46.51,94.8,-44.765114
1985-01-22,-45.48,94.79,-43.7612731
1985-01-23,-49.73,97.5,-48.84683749999999
1985-01-24,-49.74,95.39,-48.1111948
1985-01-25,-38.71,95.89,-37.507187949999995
1985-01-26,-37.9,94.39,-36.28319799999999
1985-01-27,-38.84,94.03,-37.0885811
1985-01-28,-38.53,97.45,-37.78625425
1985-01-29,-43.6,98.34,-43.069547
1985-01-30,-43.64,98.5,-43.16034499999999
1985-01-31,-36.81,96.6,-35.850502999999996
1985-02-01,-37,95.56,-35.742369999999994
1985-02-02,-35.59,98.19,-35.09135405
1985-02-03,-36.93,97.69,-36.27658184999999
1985-02-04,-39.69,98.36,-39.201206199999994
1985-02-05,-41.71,98.3,-41.1844365
1985-02-06,-36.47,96.06,-35.36548009999999
1985-02-07,-34.04,95.95,-32.9587715
1985-02-08,-39.6,98.87,-39.2637685
1985-02-09,-43.01,98.53,-42.54503164999999
1985-02-10,-40.3,95.99,-39.091385999999986
1985-02-11,-36.48,94.03,-34.8060717
1985-02-12,-39.93,96.87,-38.992987549999995
1985-02-13,-34.48,95.3,-33.21386699999999
1985-02-14,-33.71,95.6,-32.54331799999999
1985-02-15,-32.69,88.6,-29.731186999999995
1985-02-16,-27.71,94.88,-26.521366399999998
1985-02-17,-25.93,97.95,-25.474151749999997
1985-02-18,-29.12,98.45,-28.7481395
1985-02-19,-29.39,98.49,-29.025493549999997
1985-02-20,-27.9,98.35,-27.515219999999996
1985-02-21,-33.87,97.93,-33.31930754999999
1985-02-22,-31.36,94.26,-29.912199799999996
1985-02-23,-29.51,98.17,-29.067039349999998
1985-02-24,-29.14,97.36,-28.506347199999997
1985-02-25,-28.31,98.54,-27.966235699999995
1985-02-26,-29.3,98.22,-28.871197999999996
1985-02-27,-27.16,97.98,-26.6971574
1985-02-28,-28.27,98.32,-27.874805199999994
1985-03-01,-30.7,98.02,-30.207771999999995
1985-03-02,-25.5,97.81,-25.018199999999997
1985-03-03,-18.55,96,-17.8229
1985-03-04,-21.76,97.16,-21.1936188
1985-03-05,-24.56,95.09,-23.505184699999997
1985-03-06,-34.6,98.37,-34.1598185
1985-03-07,-39.4,96.84,-38.463218
1985-03-08,-37.59,96.04,-36.4554798
1985-03-09,-37.61,97.33,-36.844764649999995
1985-03-10,-36.75,96.71,-35.82263124999999
1985-03-11,-29.47,95.69,-28.427691149999994
1985-03-12,-21.6,96.4,-20.88522
1985-03-13,-16.59,99.97,-16.584870149999997
1985-03-14,-11.74,98.3,-11.494655999999997
1985-03-15,-14.97,99.53,-14.893820049999999
1985-03-16,-15.04,98.19,-14.745929299999998
1985-03-17,-14.73,98.56,-14.498498399999999
1985-03-18,-12.32,98.94,-12.163639399999997
1985-03-19,-13.02,98.28,-12.759660799999999
1985-03-20,-19.19,97.16,-18.663762199999997
1985-03-21,-21.32,96.86,-20.701388599999994
1985-03-22,-12.72,98.69,-12.523879899999997
1985-03-23,-8.15,98.2,-7.925765
1985-03-24,-14.6,98.71,-14.393535499999997
1985-03-25,-25.35,97.12,-24.718776
1985-03-26,-20.49,95.15,-19.556641749999997
1985-03-27,-19.58,97.4,-19.092655999999995
1985-03-28,-16.33,97.37,-15.884044049999996
1985-03-29,-13.88,96.31,-13.3040279
1985-03-30,-11.84,93.1,-10.840396999999996
1985-03-31,-8.57,97.29,-8.226141649999999
1985-04-01,-21.24,96.29,-20.510725299999997
1985-04-02,-17.48,97.38,-17.019168199999996
1985-04-03,-8.69,99.12,-8.577760399999997
1985-04-04,-12.79,94.95,-12.032020249999997
1985-04-05,-14.07,96.01,-13.44303135
1985-04-06,-11.08,98.92,-10.928054799999998
1985-04-07,-18.03,98.18,-17.7043747
1985-04-08,-19.21,96.83,-18.622266149999998
1985-04-09,-21.84,96.95,-21.230396499999998
1985-04-10,-15.6,94.58,-14.702718999999997
1985-04-11,-11.28,97.94,-10.987912599999998
1985-04-12,-7.27,97.21,-6.935939349999996
1985-04-13,-6.05,97.09,-5.721097249999999
1985-04-14,-0.6,98.58,-0.4820689999999985
1985-04-15,0.16,98.05,0.31379650000000137
1985-04-16,-1.67,99.32,-1.6095241999999987
1985-04-17,-1.1,98.02,-0.930115999999999
1985-04-18,-4.33,98.93,-4.2191854499999994
1985-04-19,-4.32,97.94,-4.106769399999999
1985-04-20,-2.11,94.18,-1.5783139000000002
1985-04-21,-0.11,84.79,1.1121995500000004
1985-04-22,-0.87,80.94,0.7412371000000012
1985-04-23,-1.45,83.67,-0.017450749999998516
1985-04-24,-2.09,92.1,-1.3691644999999983
1985-04-25,-1.44,91.97,-0.736009899999998
1985-04-26,-1.31,82.5,0.21171250000000086
1985-04-27,0.47,77.63,2.1961810500000016
1985-04-28,0.94,75.78,2.7463276000000008
1985-04-29,2.03,75.55,3.7069032500000008
1985-04-30,3.33,69.7,5.191480500000001
1985-05-01,2.92,64.99,5.1497869000000005
1985-05-02,4.64,68.32,6.358006400000001
1985-05-03,3.08,62.61,5.428465900000001
1985-05-04,5.78,59.37,7.728614800000001
1985-05-05,7.78,56.88,9.3737152
1985-05-06,7.93,70.61,8.99200765
1985-05-07,6.49,71.77,7.733672650000001
1985-05-08,7.93,61.96,9.304575400000001
1985-05-09,2.98,68.87,4.952396800000001
1985-05-10,4.88,70.56,6.437670400000001
1985-05-11,1.37,78.35,2.933454750000001
1985-05-12,2.24,79.88,3.5966916000000015
1985-05-13,0.33,68.5,2.784952500000001
1985-05-14,2.81,65.21,5.046823050000001
1985-05-15,4.51,87.54,5.1946147
1985-05-16,3.09,75.65,4.61808425
1985-05-17,3.8,62.43,6.010994500000001
1985-05-18,6.76,76.11,7.776997300000001
1985-05-19,12.22,76.03,12.5205838
1985-05-20,6.5,80.64,7.351840000000001
1985-05-21,4.53,74.1,5.950226500000001
1985-05-22,2.91,71.2,4.745856000000001
1985-05-23,4.45,65.8,6.340405000000001
1985-05-24,4.71,59.45,6.89341475
1985-05-25,2.87,82.67,3.9785134500000003
1985-05-26,2.05,84.23,3.1298507500000006
1985-05-27,6,84.5,6.7246250000000005
1985-05-28,12.69,66.74,13.0211033
1985-05-29,13.84,67.73,13.9571401
1985-05-30,16.07,61.38,15.7365163
1985-05-31,16.54,58.87,16.0785214
1985-06-01,15.64,69.89,15.4512103
1985-06-02,12.07,66.89,12.51251515
1985-06-03,11.66,61.93,12.2546534
1985-06-04,9.9,75.78,10.512766000000001
1985-06-05,10.38,75.95,10.924973000000001
1985-06-06,14.7,49.69,14.644658999999999
1985-06-07,13.81,63.62,13.948062100000001
1985-06-08,13.42,59.86,13.6584316
1985-06-09,12.76,68.11,13.0651873
1985-06-10,15.03,70.14,14.9429581
1985-06-11,16.2,84.34,16.053579
1985-06-12,13.54,91.76,13.5835072
1985-06-13,14.83,76.57,14.78747455
1985-06-14,15.92,70.77,15.6917137
1985-06-15,16.19,77.88,15.984394600000002
1985-06-16,14.53,71.65,14.52532225
1985-06-17,15.95,70.43,15.714179249999999
1985-06-18,17.38,68.51,16.8811984
1985-06-19,11.3,65.48,11.907552
1985-06-20,6.51,83.98,7.2139989
1985-06-21,9.83,74.21,10.49241615
1985-06-22,13.74,71.08,13.8608856
1985-06-23,12.49,75.24,12.7637218
1985-06-24,15.5,77.92,15.37856
1985-06-25,21.97,63.76,20.481079599999997
1985-06-26,16.3,62.44,15.928156
1985-06-27,16.3,59.27,15.896773000000001
1985-06-28,18.94,57.19,17.894579800000002
1985-06-29,16.75,64.69,16.31303875
1985-06-30,18.22,76.75,17.744304999999997
1985-07-01,21.79,66.58,20.450025099999998
1985-07-02,25.12,58.17,22.6767097
1985-07-03,15.95,53.68,15.580598
1985-07-04,11.42,52.37,12.2268522
1985-07-05,14.17,51.39,14.25822715
1985-07-06,15.34,51.33,15.1151446
1985-07-07,18.77,44.83,17.47433255
1985-07-08,16.23,73.56,15.9784234
1985-07-09,16.5,55.76,16.01336
1985-07-10,18.64,54.89,17.6128453
1985-07-11,18.74,82.56,18.3332992
1985-07-12,20.89,64.95,19.65816775
1985-07-13,17.38,72.3,16.941232
1985-07-14,17.24,57.1,16.593497
1985-07-15,20.59,58.84,19.2113458
1985-07-16,21,58.7,19.523525
1985-07-17,20.57,55.1,19.0710135
1985-07-18,20.29,59.39,18.996774549999998
1985-07-19,19.72,71.21,18.8934391
1985-07-20,16.91,73.54,16.5592727
1985-07-21,18.47,62.64,17.6542444
1985-07-22,15.96,72.6,15.739978
1985-07-23,18.93,59.6,17.945654
1985-07-24,19.24,60.71,18.215709699999998
1985-07-25,17.25,76.14,16.8891175
1985-07-26,14.58,62.07,14.5633108
1985-07-27,13.1,65.73,13.363878999999999
1985-07-28,12.27,59.07,12.77200645
1985-07-29,15.44,61.49,15.2409033
1985-07-30,8.75,85.2,9.21805
1985-07-31,9.53,72.05,10.294013249999999
1985-08-01,11.78,63.66,12.3236464
1985-08-02,14.55,55.33,14.53771575
1985-08-03,17.31,52.78,16.580214899999998
1985-08-04,17.89,55.38,17.0580601
1985-08-05,18.54,50.17,17.4327774
1985-08-06,16.97,62.41,16.45933985
1985-08-07,18.63,57.31,17.66029665
1985-08-08,20.67,47.61,18.89214535
1985-08-09,19.6,55.21,18.3436405
1985-08-10,11.87,61.38,12.4286383
1985-08-11,11.1,55.33,11.935329
1985-08-12,12.07,60.33,12.60018955
1985-08-13,14.87,51.66,14.7716281
1985-08-14,16.09,55.14,15.6976993
1985-08-15,17.84,63.22,17.1643514
1985-08-16,16,63.6,15.6997
1985-08-17,15.29,70.16,15.1603452
1985-08-18,18.83,53.16,17.7145054
1985-08-19,19.37,56.32,18.2000312
1985-08-20,19.15,63.37,18.21318775
1985-08-21,12.1,96.28,12.149104
1985-08-22,9.92,95.67,10.0290727
1985-08-23,11.38,77.41,11.767644400000002
1985-08-24,13.48,61.6,13.695424000000001
1985-08-25,14.74,60.66,14.6880712
1985-08-26,14.1,59.75,14.18855
1985-08-27,11.28,66.73,11.8692117
1985-08-28,13.39,63.71,13.611550450000001
1985-08-29,15.29,59.26,15.1129847
1985-08-30,13.61,76.52,13.7249346
1985-08-31,9.76,58.71,10.8364303
1985-09-01,9.93,70.31,10.67625815
1985-09-02,8.69,58.28,10.0231626
1985-09-03,7.81,64.22,9.1265251
1985-09-04,8.9,64.9,9.98108
1985-09-05,10.04,71.83,10.731010099999999
1985-09-06,9.91,96.89,9.98851195
1985-09-07,10.91,82.43,11.25691965
1985-09-08,12.72,69.57,13.0179097
1985-09-09,12.04,71.87,12.4205989
1985-09-10,11.26,65.48,11.8751464
1985-09-11,10.76,71.62,11.3437766
1985-09-12,10.23,75.69,10.80092035
1985-09-13,5.62,84.42,6.3809272
1985-09-14,3.82,78.84,5.0629384
1985-09-15,4.31,86.77,5.0514753500000005
1985-09-16,4.51,84.14,5.381427700000001
1985-09-17,2.5,90.71,3.1131400000000014
1985-09-18,-1.93,94.99,-1.4772713499999983
1985-09-19,0.25,93.07,0.7931387500000018
1985-09-20,2.04,92.62,2.5457514000000003
1985-09-21,2.38,89.38,3.087929200000001
1985-09-22,1.35,92.2,1.9141350000000008
1985-09-23,0.84,93.3,1.3433710000000008
1985-09-24,2.14,82.7,3.316054000000001
1985-09-25,2.37,84.83,3.382066550000001
1985-09-26,1.32,82.64,2.5784264000000006
1985-09-27,1.95,76.8,3.5513800000000013
1985-09-28,1.79,80.26,3.169924700000001
1985-09-29,2.86,83.25,3.932335000000001
1985-09-30,0.15,92.69,0.7269417500000007
1985-10-01,-1.01,84.33,0.32672935000000103
1985-10-02,-0.9,90.87,-0.12668899999999905
1985-10-03,-1.05,91.16,-0.2939589999999983
1985-10-04,-0.69,79.92,0.9875836000000007
1985-10-05,-0.99,92.11,-0.3178114499999989
1985-10-06,-3.33,89.29,-2.2797238499999994
1985-10-07,-1.21,88.52,-0.21807059999999856
1985-10-08,-2.83,92.02,-2.0693862999999983
1985-10-09,-2.95,89.55,-1.9470612499999984
1985-10-10,-6.97,81.2,-4.7500019999999985
1985-10-11,-6.85,84.46,-5.025215499999997
1985-10-12,-5.7,87.5,-4.3112499999999985
1985-10-13,-4.85,87.63,-3.5335227499999973
1985-10-14,-4.54,80.9,-2.5398479999999997
1985-10-15,-6.21,88.81,-4.935403049999998
1985-10-16,-6.16,87.27,-4.713490099999998
1985-10-17,-9.89,86.35,-8.058920749999999
1985-10-18,-13.61,88.03,-11.759378149999996
1985-10-19,-14,81.2,-11.053099999999999
1985-10-20,-14.39,84.85,-11.982740749999998
1985-10-21,-14.5,78.79,-11.117004999999999
1985-10-22,-14.62,73.69,-10.406190399999996
1985-10-23,-14.57,80.42,-11.4394517
1985-10-24,-14.6,82.3,-11.767114999999997
1985-10-25,-12.68,88.74,-10.996742599999997
1985-10-26,-12.51,92.24,-11.357213199999999
1985-10-27,-12.67,94.07,-11.783850449999997
1985-10-28,-12.57,90.22,-11.113904699999999
1985-10-29,-12.31,92.66,-11.227680299999998
1985-10-30,-14.87,91.63,-13.517952049999998
1985-10-31,-17.42,91.75,-15.97163
1985-11-01,-14.82,97.38,-14.397498799999996
1985-11-02,-10.94,99.29,-10.840656799999998
1985-11-03,-14.38,98.53,-14.146505199999996
1985-11-04,-18.33,94.79,-17.38925635
1985-11-05,-20.32,95.47,-19.452459699999995
1985-11-06,-21.38,97.24,-20.835341599999996
1985-11-07,-15.93,98.82,-15.732509299999997
1985-11-08,-15.19,99.66,-15.134479699999995
1985-11-09,-21.93,99.19,-21.767704349999995
1985-11-10,-22.08,99.32,-21.943190799999996
1985-11-11,-24.08,99.06,-23.880541399999995
1985-11-12,-26.5,99.45,-26.375974999999997
1985-11-13,-26.91,99.07,-26.698187849999997
1985-11-14,-22.48,99.35,-22.347796499999998
1985-11-15,-26.6,99.34,-26.450807
1985-11-16,-25.41,99.9,-25.388049499999997
1985-11-17,-24.62,99.8,-24.576967999999997
1985-11-18,-24.85,99.2,-24.676859999999998
1985-11-19,-24.12,98.42,-23.7843922
1985-11-20,-27.13,98.97,-26.89416605
1985-11-21,-24.64,98.24,-24.261124799999994
1985-11-22,-25.78,98.83,-25.520798199999998
1985-11-23,-27.3,98.49,-26.952850999999995
1985-11-24,-29.14,98.39,-28.7535678
1985-11-25,-31.45,98.9,-31.172002499999998
1985-11-26,-28.39,98.79,-28.104567049999996
1985-11-27,-30.8,98.04,-30.311666
1985-11-28,-31.87,96.91,-31.081941849999996
1985-11-29,-30.57,96.33,-29.660262049999996
1985-11-30,-31.99,97.8,-31.427470999999993
1985-12-01,-34.95,98.58,-34.5637955
1985-12-02,-39.84,99.04,-39.5530848
1985-12-03,-33.43,96.89,-32.610157349999994
1985-12-04,-34.83,97.79,-34.23039385
1985-12-05,-37.05,98.24,-36.55099599999999
1985-12-06,-31.28,98.72,-30.9577088
1985-12-07,-34.74,99,-34.46918
1985-12-08,-32.06,99.07,-31.8218456
1985-12-09,-37.32,98.52,-36.89818519999999
1985-12-10,-37.13,97.55,-36.434285749999994
1985-12-11,-44.08,95.65,-42.678473499999996
1985-12-12,-39.19,97.59,-38.478339049999995
1985-12-13,-33.74,97.06,-32.9599592
1985-12-14,-34.4,96.71,-33.515154499999994
1985-12-15,-32.13,97.7,-31.5401305
1985-12-16,-31.35,95.36,-30.179907999999998
1985-12-17,-32.44,99.1,-32.207646999999994
1985-12-18,-35.08,98.46,-34.66005739999999
1985-12-19,-41.62,98.36,-41.1137976
1985-12-20,-41.73,98.14,-41.154767099999994
1985-12-21,-42.18,98.49,-41.70927259999999
1985-12-22,-40.1,97.1,-39.22913
1985-12-23,-44.84,93.61,-42.7544957
1985-12-24,-46.52,92.21,-43.90559809999999
1985-12-25,-44.59,98.35,-44.05375825
1985-12-26,-42.9,97.12,-41.99078399999999
1985-12-27,-42.78,96.7,-41.740368
1985-12-28,-36.42,98.7,-36.055921999999995
1985-12-29,-37.79,97.23,-36.99336185
1985-12-30,-36.64,95.81,-35.461478699999994
1985-12-31,-35.35,95.52,-34.12169599999999
1986-01-01,-37.15,95.4,-35.843255
1986-01-02,-36.79,96.76,-35.8760122
1986-01-03,-34.88,96.88,-34.0326392
1986-01-04,-37.1,95.09,-35.706542
1986-01-05,-43.72,89.13,-40.239317299999996
1986-01-06,-37.22,96.17,-36.13051819999999
1986-01-07,-36.64,97.17,-35.8440059
1986-01-08,-40.05,97.59,-39.326939749999994
1986-01-09,-33.89,99.75,-33.823463749999995
1986-01-10,-33.37,97.54,-32.7223189
1986-01-11,-31.91,98.49,-31.524564949999995
1986-01-12,-32.03,98.73,-31.70498795
1986-01-13,-32.41,98.94,-32.13651469999999
1986-01-14,-35.64,98.57,-35.24564889999999
1986-01-15,-42.33,93.64,-40.342086599999995
1986-01-16,-46.06,95.63,-44.604440399999994
1986-01-17,-49.85,97.13,-48.83423525
1986-01-18,-51.64,97.93,-50.8869961
1986-01-19,-48.27,97.33,-47.34822255
1986-01-20,-53.95,80.43,-46.582384250000004
1986-01-21,-47.22,94.6,-45.38691599999999
1986-01-22,-42.15,99,-41.838424999999994
1986-01-23,-41.26,99.06,-40.97172079999999
1986-01-24,-40.38,99.21,-40.141546399999996
1986-01-25,-41.61,99.21,-41.36620204999999
1986-01-26,-46.51,93.97,-44.48660334999999
1986-01-27,-48.37,94.8,-46.571918
1986-01-28,-42.61,97.95,-41.96608475
1986-01-29,-41.9,96.91,-40.94148199999999
1986-01-30,-38.38,96.4,-37.332976
1986-01-31,-36.01,95.79,-34.840440949999994
1986-02-01,-35.58,95.57,-34.359800799999995
1986-02-02,-36.22,98.87,-35.904775199999996
1986-02-03,-34.08,98.24,-33.60974559999999
1986-02-04,-33.29,98.94,-33.011384299999996
1986-02-05,-23.23,98.73,-22.96645595
1986-02-06,-23,99.54,-22.905124999999998
1986-02-07,-30.24,98.86,-29.959480199999994
1986-02-08,-34.15,99.49,-34.01353674999999
1986-02-09,-28.39,99.94,-28.3758463
1986-02-10,-33.56,100,-33.559999999999995
1986-02-11,-41.66,99.29,-41.44069519999999
1986-02-12,-37.74,97.13,-36.9153916
1986-02-13,-33.26,98.42,-32.844965599999995
1986-02-14,-34.71,99.14,-34.47723669999999
1986-02-15,-35.23,99.39,-35.063155849999994
1986-02-16,-33.86,98.65,-33.500927
1986-02-17,-37.09,99.85,-37.04743825
1986-02-18,-35.52,99.34,-35.3384274
1986-02-19,-35.92,99.56,-35.797983599999995
1986-02-20,-29.97,99.65,-29.884395249999997
1986-02-21,-28.47,97.47,-27.872072449999994
1986-02-22,-33.53,98.66,-33.176018899999995
1986-02-23,-32.29,96.8,-31.466495999999996
1986-02-24,-25.64,96.25,-24.812112499999994
1986-02-25,-24.72,96.11,-23.880888099999996
1986-02-26,-26.75,97.61,-26.207768749999996
1986-02-27,-17.19,98.14,-16.865811299999997
1986-02-28,-13.82,96.21,-13.229669599999998
1986-03-01,-31.19,95.83,-30.14209985
1986-03-02,-33.29,98.17,-32.80899364999999
1986-03-03,-28.94,97.37,-28.311640399999998
1986-03-04,-30.11,98.87,-29.832748849999994
1986-03-05,-23.44,98.26,-23.076914199999997
1986-03-06,-22.47,96.79,-21.817294649999997
1986-03-07,-24.55,93.18,-23.0852345
1986-03-08,-19.62,99.38,-19.503650799999996
1986-03-09,-18.51,97.47,-18.050665849999998
1986-03-10,-30.59,94.47,-29.218587649999996
1986-03-11,-32.44,96.07,-31.42539189999999
1986-03-12,-29.53,97.5,-28.924587499999998
1986-03-13,-26.17,98.6,-25.856840999999996
1986-03-14,-20.79,99.02,-20.599786899999994
1986-03-15,-15.22,95.7,-14.517121999999999
1986-03-16,-13.44,97.44,-13.046604799999997
1986-03-17,-9.79,97.65,-9.476051749999998
1986-03-18,-12.57,96.61,-12.065279849999996
1986-03-19,-15.16,99,-14.996869999999998
1986-03-20,-11.54,99.07,-11.406805399999996
1986-03-21,-10.02,95.81,-9.454936599999996
1986-03-22,-20.77,96.87,-20.162826949999996
1986-03-23,-21.22,96.17,-20.467558199999996
1986-03-24,-15.64,97.11,-15.160924699999997
1986-03-25,-22.33,96.77,-21.675715049999994
1986-03-26,-16.83,98.26,-16.530171899999996
1986-03-27,-10.81,97.72,-10.492612599999998
1986-03-28,-9.25,98.74,-9.085412499999997
1986-03-29,-17.73,92.59,-16.416466349999997
1986-03-30,-16.06,97.99,-15.722159199999995
1986-03-31,-18.4,93.31,-17.189444499999997
1986-04-01,-11.69,98.36,-11.453766199999999
1986-04-02,-14.44,98.82,-14.252179399999996
1986-04-03,-13.68,96.97,-13.210380299999999
1986-04-04,-8.27,96.42,-7.821658699999998
1986-04-05,-7.17,97,-6.8124449999999985
1986-04-06,-7.18,98.85,-7.042873999999997
1986-04-07,-4.62,97.74,-4.382338399999999
1986-04-08,-15.33,96.42,-14.742647299999998
1986-04-09,-11.41,95.72,-10.800078599999997
1986-04-10,-9.99,95.86,-9.432362699999999
1986-04-11,-10.57,96.6,-10.101190999999996
1986-04-12,-9.25,96.04,-8.732725
1986-04-13,-9.03,97.88,-8.755640199999997
1986-04-14,-15.45,96.6,-14.889934999999994
1986-04-15,-17.72,96.14,-17.035969399999995
1986-04-16,-16.02,96.77,-15.477812199999995
1986-04-17,-7.07,99.03,-6.954924049999998
1986-04-18,-8.4,97.65,-8.1040175
1986-04-19,-7.66,97.79,-7.3906452
1986-04-20,-7.26,96.86,-6.884204799999997
1986-04-21,-4.29,96.81,-3.9603294499999993
1986-04-22,-6.16,98.71,-6.013417299999999
1986-04-23,-4.35,98.2,-4.163384999999999
1986-04-24,-2.71,98.41,-2.559498549999998
1986-04-25,-1.66,99.02,-1.5728975999999981
1986-04-26,-5.33,97.4,-5.046430999999998
1986-04-27,-3.8,96.08,-3.4054519999999973
1986-04-28,-3.75,97.8,-3.529174999999998
1986-04-29,-2.14,96.91,-1.8572031999999985
1986-04-30,0.99,90.93,1.663946350000001
1986-05-01,0.87,90.58,1.5761703000000011
1986-05-02,1.48,82.14,2.758954600000001
1986-05-03,1.2,74.56,3.0609360000000008
1986-05-04,-1.29,56.83,2.459098650000001
1986-05-05,-6.75,72.69,-3.558143749999998
1986-05-06,-7.4,79.2,-4.894639999999999
1986-05-07,-5.85,75.68,-3.1279839999999983
1986-05-08,-3.93,75.24,-1.4202025999999988
1986-05-09,-2.26,81.98,-0.5989163999999993
1986-05-10,-2.33,84.06,-0.8545138999999988
1986-05-11,-0.83,78.23,1.0055375500000006
1986-05-12,-3.25,73.64,-0.676604999999999
1986-05-13,-4.08,68.65,-0.8763434999999995
1986-05-14,1.24,72.24,3.264536800000001
1986-05-15,3.99,82.59,4.996385050000001
1986-05-16,6.58,76.55,7.601482000000001
1986-05-17,9.15,72.72,9.952714
1986-05-18,7.42,72.97,8.4725482
1986-05-19,5.18,76.9,6.3641060000000005
1986-05-20,5.55,73.26,6.8662765
1986-05-21,3.47,70.42,5.2644707
1986-05-22,3.31,69.93,5.16065815
1986-05-23,3.28,67.69,5.273850100000001
1986-05-24,2.71,60.67,5.2603538499999996
1986-05-25,5.78,48.49,8.2504196
1986-05-26,9,60.57,10.1927575
1986-05-27,12.57,54.08,13.0574408
1986-05-28,14.11,66.77,14.18127835
1986-05-29,10.8,73.82,11.332763000000002
1986-05-30,7.49,78.37,8.323944650000001
1986-05-31,11.71,75.43,12.08702665
1986-06-01,19.15,68.18,18.3362035
1986-06-02,20.67,66.89,19.546412150000002
1986-06-03,12.16,75.77,12.4718401
1986-06-04,10.28,63.2,11.134128
1986-06-05,11.15,62.37,11.84333275
1986-06-06,8.72,80.08,9.3532568
1986-06-07,8.67,74.04,9.5024074
1986-06-08,11.04,71.6,11.580452
1986-06-09,15.55,68.88,15.370282000000001
1986-06-10,14.76,72.31,14.7204033
1986-06-11,15.25,67.74,15.1169275
1986-06-12,15.62,92.15,15.571644
1986-06-13,18.16,86.27,17.8836151
1986-06-14,19.19,68.01,18.364817950000003
1986-06-15,10.08,71.02,10.7845038
1986-06-16,15.9,57.71,15.574367
1986-06-17,19,54.05,17.8627375
1986-06-18,19,55.46,17.897635
1986-06-19,15.19,67.38,15.0662071
1986-06-20,15.08,63.56,14.9637564
1986-06-21,19.35,58.72,18.248856
1986-06-22,20.3,56.21,18.903099
1986-06-23,21.54,51.23,19.6516256
1986-06-24,21.98,54.41,20.1044274
1986-06-25,18.75,82.52,18.341404999999998
1986-06-26,16.68,59.17,16.1904483
1986-06-27,11.38,67.93,11.930321200000002
1986-06-28,15.23,72.5,15.1195875
1986-06-29,13.1,73.98,13.300354
1986-06-30,14.55,61.96,14.539539000000001
1986-07-01,14.63,60.35,14.60165025
1986-07-02,20.06,61.69,18.8884802
1986-07-03,16.22,60.62,15.847465199999998
1986-07-04,20.17,51.21,18.64848385
1986-07-05,22.78,66.45,21.252133
1986-07-06,25.08,58.58,22.6697702
1986-07-07,26.18,51.91,23.090698399999997
1986-07-08,26.41,57.8,23.645688999999997
1986-07-09,26.25,50.21,23.03232125
1986-07-10,23.69,51.16,21.2213822
1986-07-11,22.83,45.11,20.315214649999998
1986-07-12,25.57,41.02,21.9790027
1986-07-13,27.92,44.92,23.8545452
1986-07-14,27.07,53.88,23.8814938
1986-07-15,25.95,61.09,23.49964275
1986-07-16,26.62,53.57,23.5249762
1986-07-17,26,54.16,23.10062
1986-07-18,18.97,57.01,17.91309085
1986-07-19,16.37,46.35,15.818209750000001
1986-07-20,16.66,45.89,16.0171732
1986-07-21,17.79,40.45,16.71244275
1986-07-22,20.13,39.64,18.2609526
1986-07-23,19.98,58.02,18.7147228
1986-07-24,13.54,55.7,13.773904
1986-07-25,16.02,39.81,15.5168116
1986-07-26,9.78,87.86,10.0951544
1986-07-27,14.12,51.86,14.220612599999999
1986-07-28,14.58,47.35,14.556834
1986-07-29,17.19,46.26,16.3949167
1986-07-30,16.14,58.16,15.762603200000001
1986-07-31,14.87,67.6,14.804065999999999
1986-08-01,12.59,87.74,12.7187913
1986-08-02,15.96,62.97,15.662649100000001
1986-08-03,19.59,49.76,18.1835312
1986-08-04,19.83,49.07,18.336987049999998
1986-08-05,22.28,47.86,20.0489294
1986-08-06,23.16,53.42,20.9413946
1986-08-07,25.07,45.47,21.89989845
1986-08-08,27.16,43.96,23.2579348
1986-08-09,25.99,51.6,22.931362
1986-08-10,22.35,67.95,20.96624125
1986-08-11,19.79,89.5,19.484502499999998
1986-08-12,15.6,92.39,15.5539595
1986-08-13,11.69,71.95,12.12351275
1986-08-14,10.13,65.65,10.95560225
1986-08-15,11.46,64.82,12.048209600000002
1986-08-16,13.11,61.21,13.40654955
1986-08-17,14.44,57.66,14.453972199999999
1986-08-18,14.47,50.96,14.4780916
1986-08-19,15.78,59.74,15.496569599999999
1986-08-20,12.83,78.9,13.0238035
1986-08-21,10.03,81.61,10.48211815
1986-08-22,11.58,80.31,11.8962214
1986-08-23,12.31,87.87,12.45610585
1986-08-24,15.38,67.86,15.224442400000001
1986-08-25,14.49,68.91,14.49170995
1986-08-26,14.23,60.17,14.289147550000001
1986-08-27,16.12,62.18,15.7830238
1986-08-28,16.17,58.76,15.791210600000001
1986-08-29,10.63,74.6,11.170639000000001
1986-08-30,9.66,65.28,10.584246400000001
1986-08-31,11.75,68.53,12.225983750000001
1986-09-01,13.03,65.71,13.30723465
1986-09-02,14.39,57.59,14.415658050000001
1986-09-03,15.28,68.65,15.1455085
1986-09-04,16.42,60.54,16.003302400000003
1986-09-05,15.41,60.42,15.2119021
1986-09-06,7.74,63.24,9.1067368
1986-09-07,6.6,65.61,8.0942455
1986-09-08,6.8,65.34,8.267851
1986-09-09,1.2,96.71,1.440663500000001
1986-09-10,4.32,80.52,5.410685200000001
1986-09-11,5.54,98.03,5.6370816
1986-09-12,6.07,91.46,6.465957100000001
1986-09-13,4.43,89.38,5.0181887000000005
1986-09-14,6.53,76.58,7.556615700000001
1986-09-15,9.42,76.74,10.069884400000001
1986-09-16,1.37,90.87,2.029322950000001
1986-09-17,4.04,77.72,5.321768400000002
1986-09-18,4.31,86.22,5.0823001
1986-09-19,2.86,90.53,3.4662694000000007
1986-09-20,6.16,87.08,6.752640400000001
1986-09-21,3.33,93.3,3.7416145000000007
1986-09-22,-0.22,79.42,1.4461568000000011
1986-09-23,0.61,78.45,2.2563122500000006
1986-09-24,3.39,67.69,5.364302550000001
1986-09-25,-1.25,63.59,1.904016250000001
1986-09-26,-2.93,67.26,0.20862010000000097
1986-09-27,-1.28,74.55,0.9288055000000008
1986-09-28,0.83,70.45,3.0517167500000006
1986-09-29,0.67,88.11,1.5744128500000012
1986-09-30,-0.69,84.74,0.5848967000000018
1986-10-01,-2.07,75.21,0.189236650000002
1986-10-02,0.17,75.3,2.1167305000000014
1986-10-03,-0.78,81.12,0.8066752000000006
1986-10-04,-1.24,80.15,0.4784145000000004
1986-10-05,-0.87,86.28,0.2898202000000013
1986-10-06,0.47,84.58,1.6598843000000014
1986-10-07,-3.44,82.58,-1.7211685999999986
1986-10-08,0.67,93.84,1.1385604000000003
1986-10-09,0.77,94.16,1.211007600000002
1986-10-10,0.64,93.87,1.1072899000000007
1986-10-11,-0.89,79.31,0.8613050500000007
1986-10-12,-7.07,70.32,-3.548913199999998
1986-10-13,-8.21,83.33,-6.1278336499999995
1986-10-14,-8.68,77.62,-5.826773799999999
1986-10-15,-7.83,78.25,-5.158773749999998
1986-10-16,-7.76,83.69,-5.7631666999999975
1986-10-17,-7.42,79.44,-4.941286399999998
1986-10-18,-7.44,93.43,-6.6471981
1986-10-19,-5.82,90.52,-4.760515199999999
1986-10-20,-7.56,85.48,-5.798288399999999
1986-10-21,-9.66,88.98,-8.1956624
1986-10-22,-8.89,90.41,-7.656294449999998
1986-10-23,-10.62,92.88,-9.636300799999997
1986-10-24,-10.7,93.68,-9.824048
1986-10-25,-10.44,88.27,-8.830995899999998
1986-10-26,-12.98,83.28,-10.4529392
1986-10-27,-14.31,88.74,-12.525796699999997
1986-10-28,-15.64,76.09,-11.676439299999998
1986-10-29,-14.72,80.47,-11.581333699999998
1986-10-30,-12.03,96.47,-11.514920049999997
1986-10-31,-10.23,95.53,-9.622012949999998
1986-11-01,-12.64,90,-11.1473
1986-11-02,-16.04,83.19,-13.216424299999996
1986-11-03,-17.85,84.44,-15.081486999999997
1986-11-04,-18.81,91.35,-17.225276749999992
1986-11-05,-19.72,89.38,-17.721209799999997
1986-11-06,-23.28,84.38,-20.034320199999996
1986-11-07,-26.88,87.28,-23.985055199999998
1986-11-08,-28.5,92.35,-26.690774999999995
1986-11-09,-27.47,88.19,-24.743838649999994
1986-11-10,-25.2,96.33,-24.398655499999993
1986-11-11,-25.31,96.19,-24.475781449999996
1986-11-12,-27.59,89.88,-25.247270599999997
1986-11-13,-30.45,83.87,-26.46226075
1986-11-14,-32.3,88.2,-29.262679999999996
1986-11-15,-32.86,91.92,-30.7553216
1986-11-16,-30.92,90.97,-28.6642157
1986-11-17,-26.94,88.07,-24.220914399999998
1986-11-18,-29.42,92.86,-27.695261600000002
1986-11-19,-25.79,91.22,-23.8443959
1986-11-20,-22.7,91.06,-20.870875999999996
1986-11-21,-24.19,94.53,-23.02601135
1986-11-22,-20.67,97.87,-20.25798345
1986-11-23,-17.68,98.02,-17.3295598
1986-11-24,-17.8,97.29,-17.318568499999998
1986-11-25,-18.8,97.94,-18.422711
1986-11-26,-20.23,98.4,-19.924376
1986-11-27,-29.68,98.39,-29.288786099999996
1986-11-28,-29.4,98.85,-29.12233249999999
1986-11-29,-26.62,99.71,-26.554413599999997
1986-11-30,-35.97,98.41,-35.52863984999999
1986-12-01,-30.14,99.88,-30.110537599999997
1986-12-02,-25.8,100,-25.799999999999997
1986-12-03,-22.57,99.94,-22.557766899999997
1986-12-04,-20.1,99.87,-20.075261
1986-12-05,-19.51,99.29,-19.37719095
1986-12-06,-17.36,99.98,-17.356495399999996
1986-12-07,-14.94,99.36,-14.836371199999997
1986-12-08,-22.43,98.27,-22.07861105
1986-12-09,-27.93,99.06,-27.710636899999994
1986-12-10,-25.79,98.62,-25.484198899999996
1986-12-11,-25.38,98.64,-25.0816976
1986-12-12,-34.52,99.49,-34.3824989
1986-12-13,-34.77,99.18,-34.547792300000005
1986-12-14,-42.34,96.17,-41.1426654
1986-12-15,-44.47,96.42,-43.308880699999996
1986-12-16,-46.98,97.4,-46.100835999999994
1986-12-17,-41.43,98.44,-40.95012059999999
1986-12-18,-40.85,99.43,-40.676477750000004
1986-12-19,-38.67,99.17,-38.42727895
1986-12-20,-45.04,96.9,-44.024843
1986-12-21,-53.35,92.17,-50.42803975
1986-12-22,-51.98,96.79,-50.80629559999999
1986-12-23,-50.94,97.06,-49.8818352
1986-12-24,-47.2,96.45,-45.9953075
1986-12-25,-47.6,93.24,-45.291121999999994
1986-12-26,-47.42,95.97,-46.04754319999999
1986-12-27,-48.06,96.76,-46.945180799999996
1986-12-28,-45.8,92.16,-43.19986399999999
1986-12-29,-42.69,95.99,-41.42867454999999
1986-12-30,-40.14,96.51,-39.0911852
1986-12-31,-41.42,93.07,-39.288609199999996
1987-01-01,-45.6,99.71,-45.50414049999999
1987-01-02,-50.48,99.23,-50.20480969999999
1987-01-03,-51.87,98.27,-51.238489449999996
1987-01-04,-51.46,96.8,-50.299104
1987-01-05,-54.89,89.11,-50.733885949999994
1987-01-06,-54.69,82.55,-48.04948974999999
1987-01-07,-52.07,97.4,-51.11804899999999
1987-01-08,-46.67,95.23,-45.06520505
1987-01-09,-44.08,93.74,-42.063090599999995
1987-01-10,-45.69,98.81,-45.296056449999995
1987-01-11,-44.32,95.63,-42.90626129999999
1987-01-12,-48.57,94.04,-46.502565399999995
1987-01-13,-45.77,96.77,-44.699303449999995
1987-01-14,-41.24,98.51,-40.7832107
1987-01-15,-40.32,99.44,-40.151154399999996
1987-01-16,-37.87,99.13,-37.619409549999986
1987-01-17,-37.44,98.28,-36.948647599999994
1987-01-18,-44.19,98.19,-43.60574104999999
1987-01-19,-45.02,96.55,-43.890608
1987-01-20,-42.06,97.52,-41.288521599999996
1987-01-21,-32.31,99.96,-32.299701799999994
1987-01-22,-38.26,99.56,-38.132320799999995
1987-01-23,-35.89,98.84,-35.568511799999996
1987-01-24,-36.69,99.41,-36.523888449999994
1987-01-25,-40.16,99.95,-40.1449685
1987-01-26,-42.04,99.72,-41.95292839999999
1987-01-27,-40.54,99.75,-40.464319999999994
1987-01-28,-33.47,96.47,-32.53866245
1987-01-29,-36.67,97.88,-36.0733578
1987-01-30,-36.47,95.84,-35.3038064
1987-01-31,-39.74,99.18,-39.495377600000005
1987-02-01,-38.25,98.56,-37.83222
1987-02-02,-31.46,98.9,-31.181942
1987-02-03,-25.21,97.54,-24.6727237
1987-02-04,-32.79,98.27,-32.34003565
1987-02-05,-39.09,99.81,-39.03399845
1987-02-06,-36.98,99.46,-36.82710439999999
1987-02-07,-32.53,98.42,-32.1213093
1987-02-08,-31.2,97.78,-30.642002999999995
1987-02-09,-36.27,99.06,-36.007519099999996
1987-02-10,-37.77,98.14,-37.2352779
1987-02-11,-36.23,95.63,-35.01070444999999
1987-02-12,-36.36,93.99,-34.6788227
1987-02-13,-35.9,95.09,-34.538948
1987-02-14,-37.24,96.26,-36.175708199999995
1987-02-15,-33.15,95.65,-32.00997374999999
1987-02-16,-32.04,96.7,-31.195298999999995
1987-02-17,-31.76,98.29,-31.3249247
1987-02-18,-31.39,99.52,-31.268850399999998
1987-02-19,-33.58,98.77,-33.25473879999999
1987-02-20,-35.41,99.72,-35.33313859999999
1987-02-21,-36.09,99.57,-35.97035465
1987-02-22,-36.48,97.99,-35.91641609999999
1987-02-23,-31.6,97.2,-30.89006
1987-02-24,-30.3,98.48,-29.925472
1987-02-25,-28.31,98.66,-27.994490299999995
1987-02-26,-21.73,99.1,-21.550661499999997
1987-02-27,-21.32,98.76,-21.075707599999998
1987-02-28,-23.74,98.64,-23.453964799999998
1987-03-01,-18.89,98.46,-18.607186699999996
1987-03-02,-25.85,97.24,-25.237486999999998
1987-03-03,-32.22,95.53,-31.071388799999994
1987-03-04,-27.77,96.85,-27.037672249999993
1987-03-05,-25.09,96.06,-24.232084699999998
1987-03-06,-25.82,97.26,-25.2123776
1987-03-07,-22.41,97.71,-21.945118549999997
1987-03-08,-27.87,98.29,-27.47151015
1987-03-09,-24.06,97.32,-23.491625599999995
1987-03-10,-20.68,97.62,-20.2194938
1987-03-11,-18.57,98.98,-18.3844773
1987-03-12,-21.06,98.03,-20.674707399999996
1987-03-13,-25.34,98.28,-24.9631136
1987-03-14,-17.39,98.76,-17.172510199999998
1987-03-15,-15.75,99.32,-15.636864999999998
1987-03-16,-16.7,98.72,-16.480351999999996
1987-03-17,-15.92,99.06,-15.762728599999996
1987-03-18,-14.69,98.86,-14.506978699999996
1987-03-19,-18.69,97.23,-18.184350350000003
1987-03-20,-19.36,95.64,-18.548037199999996
1987-03-21,-19.97,97.82,-19.556704699999994
1987-03-22,-20.66,98.18,-20.308048399999997
1987-03-23,-17.72,96.36,-17.0749556
1987-03-24,-23.9,96.56,-23.173471999999997
1987-03-25,-27.05,95.78,-26.085624499999998
1987-03-26,-23.66,96.05,-22.830973999999998
1987-03-27,-22.65,95.04,-21.636547999999994
1987-03-28,-23.22,96.07,-22.404682199999993
1987-03-29,-23.71,96.26,-22.9240203
1987-03-30,-21.72,96.23,-20.968978299999996
1987-03-31,-20.97,94.5,-19.897032499999995
1987-04-01,-18.83,93.79,-17.691613849999996
1987-04-02,-17.09,95.32,-16.276873399999996
1987-04-03,-15.47,96.53,-14.89802255
1987-04-04,-13.3,97.28,-12.884111999999998
1987-04-05,-13.19,97.02,-12.736160899999996
1987-04-06,-6.74,97.15,-6.407063
1987-04-07,-6.36,98.08,-6.139718399999998
1987-04-08,-5.14,99.09,-5.041701799999999
1987-04-09,-8.26,98.25,-8.0409349999999975
1987-04-10,-9.9,97.4,-9.551079999999999
1987-04-11,-9.15,96.34,-8.673925499999998
1987-04-12,-6.57,98.62,-6.410078699999998
1987-04-13,-10.96,97.6,-10.623927999999998
1987-04-14,-7.13,96.32,-6.692208799999997
1987-04-15,-5.17,98.11,-4.965530349999999
1987-04-16,-5.94,97.78,-5.6904276
1987-04-17,-7.54,97.6,-7.249071999999998
1987-04-18,-8.81,96.93,-8.41641065
1987-04-19,-12.69,96.55,-12.174069749999997
1987-04-20,-19.39,96.59,-18.754393049999997
1987-04-21,-18.77,96.97,-18.215555449999997
1987-04-22,-12.62,96.93,-12.162078799999998
1987-04-23,-9.49,98.44,-9.284165799999997
1987-04-24,-6.6,91.64,-5.629821999999999
1987-04-25,-3.44,98.88,-3.329489599999999
1987-04-26,-2.33,97.61,-2.108769649999999
1987-04-27,-5.02,99,-4.912639999999999
1987-04-28,-1.28,97.65,-1.0760434999999988
1987-04-29,-3.07,94.76,-2.5636325999999987
1987-04-30,-6.49,90.29,-5.369029049999999
1987-05-01,-7.68,89.22,-6.364947799999999
1987-05-02,-7.36,91,-6.277929999999998
1987-05-03,-5.22,86.52,-3.757959199999998
1987-05-04,-1.51,86.82,-0.3494350999999982
1987-05-05,0.24,87.29,1.2368453000000006
1987-05-06,-2.53,83.59,-0.9929573499999993
1987-05-07,1.91,78.45,3.4022297500000005
1987-05-08,-1.42,71.2,1.101728000000001
1987-05-09,-1.39,77.3,0.5938665000000014
1987-05-10,-2.41,76.09,-0.1862504499999993
1987-05-11,-2.48,74.65,-0.11256349999999937
1987-05-12,-5.96,79.51,-3.654260299999999
1987-05-13,-4.29,68.32,-1.0160303999999978
1987-05-14,-4.49,74.89,-1.8673860499999981
1987-05-15,-3.77,79.15,-1.6748877499999995
1987-05-16,-1.8,66.47,1.205964500000001
1987-05-17,1.68,66.57,4.037149300000001
1987-05-18,4.65,76.18,5.9404485000000005
1987-05-19,5.72,67.7,7.2797670000000005
1987-05-20,7.15,71.54,8.3004955
1987-05-21,6,85.3,6.687225000000001
1987-05-22,5.28,84.94,6.043692600000001
1987-05-23,6.44,72.47,7.6604049000000005
1987-05-24,6.62,72.03,7.832219800000001
1987-05-25,9.13,66.3,10.125329500000001
1987-05-26,7.44,78.76,8.2647492
1987-05-27,5.66,69.45,7.145341
1987-05-28,0.88,72.55,2.936279500000001
1987-05-29,2.95,70.93,4.796671750000001
1987-05-30,6.83,78.49,7.7373993500000005
1987-05-31,5.3,68.18,6.910092000000001
1987-06-01,4.91,64.46,6.784557300000001
1987-06-02,5.05,54.18,7.4314945
1987-06-03,6.97,61.24,8.5752454
1987-06-04,8.22,84.86,8.742935600000001
1987-06-05,5.62,91.52,6.034163200000001
1987-06-06,8.18,82.59,8.7851716
1987-06-07,10.59,60.53,11.43880235
1987-06-08,10.13,61.96,11.0442914
1987-06-09,13.09,64.54,13.3649923
1987-06-10,16.68,70.18,16.3224582
1987-06-11,18.14,70.23,17.5440046
1987-06-12,17.8,74.3,17.333545
1987-06-13,15.64,76.48,15.492529600000001
1987-06-14,10.71,66.18,11.4149779
1987-06-15,14.91,49.89,14.79700195
1987-06-16,15.96,64.53,15.675175900000001
1987-06-17,20.75,58.23,19.31415625
1987-06-18,21.04,74.6,20.126362
1987-06-19,14.52,79.26,14.5177186
1987-06-20,9.09,70.75,9.96033375
1987-06-21,11.87,64.5,12.3835075
1987-06-22,13.94,62.51,14.0554692
1987-06-23,12.12,84.32,12.3252512
1987-06-24,10.67,84.67,10.99292645
1987-06-25,12.01,77.69,12.31553545
1987-06-26,16.93,83.07,16.70373055
1987-06-27,11.37,87.7,11.5817445
1987-06-28,14.2,89.25,14.2177375
1987-06-29,13.3,70.85,13.49239
1987-06-30,15.69,75.1,15.5270295
1987-07-01,15.39,71.53,15.25063935
1987-07-02,16.83,71.1,16.459646499999998
1987-07-03,18.11,71.7,17.5481035
1987-07-04,16.97,83.78,16.7496513
1987-07-05,18.53,70.6,17.878349
1987-07-06,18.74,65.67,17.9394244
1987-07-07,20.19,63.23,19.03928285
1987-07-08,18.17,74.35,17.65225475
1987-07-09,13.87,88.48,13.9099168
1987-07-10,14.3,77.7,14.324530000000001
1987-07-11,12.26,64.78,12.6939104
1987-07-12,12.63,64.67,12.99336905
1987-07-13,11.92,78.75,12.2215375
1987-07-14,14.06,62.03,14.1518874
1987-07-15,14.83,70.39,14.77625785
1987-07-16,15.89,71.43,15.671582350000001
1987-07-17,15.51,79.67,15.39706685
1987-07-18,16.69,74.93,16.38803185
1987-07-19,17.11,66.76,16.6328398
1987-07-20,17.23,66.25,16.72324375
1987-07-21,18.48,73.55,17.9010095
1987-07-22,20.35,61.38,19.1074015
1987-07-23,23.39,56.06,21.2415537
1987-07-24,23.05,58.58,21.1022245
1987-07-25,20.41,73.22,19.5395161
1987-07-26,13.71,78.59,13.80302645
1987-07-27,18.44,50.88,17.375569600000002
1987-07-28,20.89,58.14,19.4188303
1987-07-29,16.43,81.72,16.2359578
1987-07-30,18.63,64.52,17.8240718
1987-07-31,20.16,57.25,18.829192499999998
1987-08-01,20.63,61.83,19.34309845
1987-08-02,20.41,69.05,19.40397025
1987-08-03,14.62,86.36,14.6109976
1987-08-04,14.69,67.48,14.6560166
1987-08-05,16.2,61.18,15.837033
1987-08-06,17.62,56.48,16.873196800000002
1987-08-07,17.68,66.83,17.0998567
1987-08-08,16.32,88.73,16.2071873
1987-08-09,19.62,74.71,18.9078336
1987-08-10,21.44,67.9,20.214743000000002
1987-08-11,18.91,68.15,18.13747825
1987-08-12,20.24,67.47,19.2130279
1987-08-13,20.86,70.65,19.833337
1987-08-14,21.82,69.88,20.6073688
1987-08-15,16.66,69.52,16.2978976
1987-08-16,14.17,58.11,14.24603035
1987-08-17,11.85,50.13,12.57685525
1987-08-18,14.49,52.35,14.49262075
1987-08-19,17.27,51.36,16.5289696
1987-08-20,16.31,58.81,15.89995355
1987-08-21,10.55,72.63,11.14461325
1987-08-22,7.85,66.75,9.066118750000001
1987-08-23,11.07,59.16,11.8404466
1987-08-24,14.05,61.9,14.1442975
1987-08-25,14.97,55.9,14.8560015
1987-08-26,15.74,50.69,15.403705800000001
1987-08-27,16.15,51.55,15.710316249999998
1987-08-28,14.27,64.07,14.31545145
1987-08-29,9.18,65.86,10.1789364
1987-08-30,8.64,58.84,9.9665868
1987-08-31,10.69,57.17,11.58750265
1987-09-01,8.61,58.51,9.95406855
1987-09-02,9,63.2,10.1132
1987-09-03,10.82,64.06,11.5474256
1987-09-04,11.02,59.96,11.7863656
1987-09-05,7.16,96.18,7.314213400000001
1987-09-06,6.27,96.33,6.43612255
1987-09-07,7.6,72.03,8.6614615
1987-09-08,10.46,73.47,11.049496600000001
1987-09-09,6.79,89,7.256455000000001
1987-09-10,7.46,71.35,8.569328
1987-09-11,3.98,61.5,6.207610000000001
1987-09-12,2.11,61.78,4.7145019
1987-09-13,1.54,79.93,2.9705896000000003
1987-09-14,-1.14,88.61,-0.16023219999999894
1987-09-15,1.25,87.5,2.160937500000001
1987-09-16,4.65,68.61,6.350553250000001
1987-09-17,3.06,81.08,4.250446400000001
1987-09-18,-0.24,89.28,0.629070400000001
1987-09-19,0.67,82.02,2.0376487000000014
1987-09-20,2.47,72.11,4.315341850000001
1987-09-21,-0.16,92.78,0.4221486000000003
1987-09-22,0.69,88.16,1.5893072000000008
1987-09-23,2.15,83.01,3.3040457500000007
1987-09-24,-1.22,62.65,2.0092810000000014
1987-09-25,-3.51,60.62,0.3907859000000009
1987-09-26,-4,66.55,-0.596462499999999
1987-09-27,-3.29,75.09,-0.8526810499999993
1987-09-28,-0.55,71.36,1.8206760000000008
1987-09-29,-0.24,79.64,1.4105852000000012
1987-09-30,1.75,89.91,2.457561250000001
1987-10-01,0.5,97.65,0.680950000000001
1987-10-02,0.6,95.53,0.941731500000001
1987-10-03,-0.95,87.78,0.08839450000000082
1987-10-04,-3.19,77.18,-0.9697280999999998
1987-10-05,-5.41,76.49,-2.8355374499999977
1987-10-06,-5.16,80.75,-3.078497499999999
1987-10-07,-4.7,78.33,-2.4116479999999982
1987-10-08,-6.39,78.26,-3.8921826999999984
1987-10-09,-5.64,78.15,-3.219675499999999
1987-10-10,-8.77,77.93,-5.9453710499999985
1987-10-11,-6.91,86.71,-5.345036049999997
1987-10-12,-10.2,78.89,-7.332206499999998
1987-10-13,-11.97,84.67,-9.738181949999998
1987-10-14,-7.42,97.93,-7.170440799999998
1987-10-15,-7.82,96.45,-7.384202
1987-10-16,-11.16,91.73,-9.992854900000001
1987-10-17,-12.59,86.04,-10.5100298
1987-10-18,-11.88,77.07,-8.553086299999999
1987-10-19,-14.07,84.5,-11.634407499999998
1987-10-20,-15.33,82.8,-12.508081999999998
1987-10-21,-16.57,90.57,-14.958554449999998
1987-10-22,-14.16,96.86,-13.665041799999997
1987-10-23,-10.95,98.67,-10.763833249999998
1987-10-24,-10.61,95.83,-10.034102149999999
1987-10-25,-15.87,93.16,-14.727480599999996
1987-10-26,-18.58,91.17,-16.973469799999997
1987-10-27,-18.48,93.83,-17.360823699999997
1987-10-28,-16.19,97.04,-15.6903668
1987-10-29,-14.99,98.27,-14.70940265
1987-10-30,-12.69,98.06,-12.399882699999997
1987-10-31,-14.5,98.78,-14.305409999999997
1987-11-01,-15.26,99.54,-15.184707199999998
1987-11-02,-16.3,99.82,-16.269507999999995
1987-11-03,-16.52,99.68,-16.4654048
1987-11-04,-15.62,99.75,-15.578584999999995
1987-11-05,-15.22,99.25,-15.097404999999998
1987-11-06,-22.68,98.44,-22.360995599999995
1987-11-07,-28.07,97.94,-27.587681899999996
1987-11-08,-34.73,99.15,-34.499849749999996
1987-11-09,-39.32,98.74,-38.947027399999996
1987-11-10,-30.27,97.53,-29.661799549999998
1987-11-11,-35.36,99.07,-35.10496609999999
1987-11-12,-34.11,97.75,-33.50845125
1987-11-13,-28.08,98.37,-27.698270299999997
1987-11-14,-35.91,98.53,-35.50243514999999
1987-11-15,-32.83,99.02,-32.57489129999999
1987-11-16,-35.53,97.67,-34.88886555
1987-11-17,-38.55,98.17,-38.01605174999999
1987-11-18,-38.77,98.69,-38.38618965
1987-11-19,-45.12,99.25,-44.874067499999995
1987-11-20,-45.97,97.62,-45.1784477
1987-11-21,-43.63,97.69,-42.89145835
1987-11-22,-35.36,97.81,-34.7594363
1987-11-23,-34.79,97.46,-34.10141869999999
1987-11-24,-35.96,97.16,-35.1718148
1987-11-25,-33.87,97.95,-33.324628249999996
1987-11-26,-33.12,97,-32.33427
1987-11-27,-34.03,97.92,-33.47481679999999
1987-11-28,-32.83,98.47,-32.43171804999999
1987-11-29,-32.14,98.56,-31.770611199999998
1987-11-30,-28.84,99.6,-28.744651999999995
1987-12-01,-29.17,99.53,-29.057113049999998
1987-12-02,-38.74,99.35,-38.549667
1987-12-03,-39.27,98.35,-38.78203725
1987-12-04,-39.51,96.85,-38.57427674999999
1987-12-05,-33.61,99,-33.345394999999996
1987-12-06,-21.1,99.47,-20.996225999999997
1987-12-07,-20.95,98.89,-20.73357775
1987-12-08,-26.59,99.6,-26.499601999999996
1987-12-09,-28.5,98.93,-28.246945
1987-12-10,-27.6,99.32,-27.442545999999997
1987-12-11,-40.55,97.7,-39.85361749999999
1987-12-12,-43.48,96,-42.20444
1987-12-13,-39.08,97.16,-38.2430804
1987-12-14,-44.84,97.24,-43.9392188
1987-12-15,-51.24,93.92,-49.0416544
1987-12-16,-48.07,95.01,-46.352766349999996
1987-12-17,-51.33,93.83,-49.09605894999999
1987-12-18,-46.69,98.86,-46.30633869999999
1987-12-19,-50.29,94.82,-48.44413289999999
1987-12-20,-51.58,92.23,-48.756071199999994
1987-12-21,-50.76,97.59,-49.894978699999996
1987-12-22,-41.59,95.88,-40.319000599999995
1987-12-23,-40.36,97.85,-39.711280499999994
1987-12-24,-43.61,98.6,-43.16255299999999
1987-12-25,-46.74,95.14,-45.1030548
1987-12-26,-48.9,94.76,-47.07281199999999
1987-12-27,-51.48,94.68,-49.549425199999995
1987-12-28,-51.74,96.45,-50.446664
1987-12-29,-50.09,86.15,-45.16985675
1987-12-30,-50.5,91.68,-47.5256
1987-12-31,-49.77,90.25,-46.32352125
1988-01-01,-44.51,96.03,-43.22151665
1988-01-02,-46,97.55,-45.18476249999999
1988-01-03,-48.82,99.49,-48.6423874
1988-01-04,-45.96,94.67,-44.187615099999995
1988-01-05,-44.41,98.22,-43.83327109999999
1988-01-06,-46.08,96.4,-44.88051599999999
1988-01-07,-45.46,96.92,-44.4442776
1988-01-08,-44.07,100,-44.06999999999999
1988-01-09,-42.86,100,-42.85999999999999
1988-01-10,-42.85,99.38,-42.654436499999996
1988-01-11,-35.1,97.96,-34.543487999999996
1988-01-12,-31.64,97.62,-31.0360274
1988-01-13,-31.49,99.05,-31.24970224999999
1988-01-14,-35.97,99.07,-35.71184595
1988-01-15,-29.79,99.47,-29.660894649999996
1988-01-16,-31.27,98.79,-30.965400649999996
1988-01-17,-32.51,98.71,-32.17646404999999
1988-01-18,-28.1,99.84,-28.062511999999998
1988-01-19,-37.86,99.18,-37.6238564
1988-01-20,-40.99,96.26,-39.848570699999996
1988-01-21,-40.64,97.3,-39.82117099999999
1988-01-22,-46.81,91.46,-43.9302693
1988-01-23,-42.08,97.2,-41.208667999999996
1988-01-24,-41.54,97.27,-40.69855939999999
1988-01-25,-37.89,96.04,-36.7489458
1988-01-26,-32.75,95.7,-31.632537499999998
1988-01-27,-37.45,96.38,-36.4156755
1988-01-28,-37,98.82,-36.66576499999999
1988-01-29,-37.17,98.83,-36.83750355
1988-01-30,-38.84,97.26,-38.036166200000004
1988-01-31,-42.3,97.58,-41.543991999999996
1988-02-01,-41.25,99.78,-41.1825425
1988-02-02,-42.9,99.17,-42.637969
1988-02-03,-39.57,97.72,-38.891962199999995
1988-02-04,-44.67,96.8,-43.628608
1988-02-05,-33.03,98.79,-32.71368785
1988-02-06,-28.42,97.75,-27.888865
1988-02-07,-29.71,96.27,-28.803031849999996
1988-02-08,-32.66,94.97,-31.355318599999993
1988-02-09,-33.47,95.8,-32.361892999999995
1988-02-10,-32.18,95.9,-31.127365999999995
1988-02-11,-32.87,96.01,-31.830465349999997
1988-02-12,-35.28,96.38,-34.288880199999994
1988-02-13,-35.46,97.67,-34.8197626
1988-02-14,-34.18,96.47,-33.2348778
1988-02-15,-36.25,97.76,-35.62476
1988-02-16,-33.35,98.59,-32.97892325
1988-02-17,-34.96,98.2,-34.470346
1988-02-18,-35.1,97.67,-34.464376
1988-02-19,-32.35,97.93,-31.816612749999997
1988-02-20,-31.51,98.58,-31.150661899999996
1988-02-21,-35.56,98.7,-35.202071
1988-02-22,-34.99,96.53,-34.04548335
1988-02-23,-34.17,98.52,-33.773826199999995
1988-02-24,-29.05,96.62,-28.2404055
1988-02-25,-24.69,96.62,-23.961457900000003
1988-02-26,-21.57,95.64,-20.705041399999995
1988-02-27,-15.65,95.74,-14.9435855
1988-02-28,-18.2,96.16,-17.509375999999996
1988-02-29,-22.26,97.26,-21.7060268
1988-03-01,-23.54,97.54,-23.025318799999997
1988-03-02,-23.44,96.9,-22.793123
1988-03-03,-24.96,96.76,-24.2568228
1988-03-04,-30.2,97.73,-29.641920499999994
1988-03-05,-25,98.4,-24.6524
1988-03-06,-31.45,99.03,-31.204856749999994
1988-03-07,-22.85,97.88,-22.414498999999996
1988-03-08,-23.84,95.2,-22.827823999999996
1988-03-09,-27.74,96.01,-26.8130432
1988-03-10,-27.66,98.13,-27.226384399999997
1988-03-11,-25.14,98.69,-24.854393799999997
1988-03-12,-17.41,98.86,-17.209924299999997
1988-03-13,-21.59,97.3,-21.054063499999994
1988-03-14,-27.03,96.32,-26.189432799999995
1988-03-15,-26.14,95.37,-25.105102399999996
1988-03-16,-23.59,92.15,-21.945464249999997
1988-03-17,-24.54,96.2,-23.724064
1988-03-18,-25.87,95.66,-24.906368099999998
1988-03-19,-27.99,97.02,-27.293588899999992
1988-03-20,-19.57,96.43,-18.90103555
1988-03-21,-17.76,95.67,-16.9917281
1988-03-22,-15.47,94.63,-14.584836049999998
1988-03-23,-14.5,96.85,-13.997574999999996
1988-03-24,-12.74,98.57,-12.525757399999996
1988-03-25,-11.28,98.02,-10.999255799999998
1988-03-26,-10.21,95.8,-9.639198999999998
1988-03-27,-11.19,98.73,-11.010555349999999
1988-03-28,-10.22,97.89,-9.933124399999999
1988-03-29,-12.09,97.78,-11.765336099999999
1988-03-30,-8.32,98.41,-8.120439099999997
1988-03-31,-14.55,97.19,-14.101032249999998
1988-04-01,-14.89,96.56,-14.3339412
1988-04-02,-19.34,92.28,-17.9031536
1988-04-03,-16.52,95.92,-15.8239112
1988-04-04,-10.86,98.2,-10.608935999999998
1988-04-05,-10.86,95.38,-10.215602399999996
1988-04-06,-4.3,97.84,-4.076656
1988-04-07,-0.98,96.77,-0.7049977999999978
1988-04-08,-5.84,97.67,-5.579342899999999
1988-04-09,-12.14,96.53,-11.6315756
1988-04-10,-4.79,98.53,-4.634040349999998
1988-04-11,-4.59,98.24,-4.405208799999997
1988-04-12,-9.92,95.38,-9.299487799999996
1988-04-13,-7.01,98.06,-6.780488299999998
1988-04-14,-0.83,98.59,-0.7111158499999989
1988-04-15,-5.64,95.15,-5.102765499999999
1988-04-16,-13.97,95.26,-13.2277871
1988-04-17,-10.87,95.21,-10.201627349999997
1988-04-18,-8.06,95.85,-7.545067999999999
1988-04-19,-1.8,98.06,-1.626078999999999
1988-04-20,-1.85,97.57,-1.631482249999999
1988-04-21,-3.61,95.3,-3.1418564999999994
1988-04-22,-3.17,94.28,-2.6141017999999994
1988-04-23,0.61,87.5,1.5649375000000014
1988-04-24,2.65,71.8,4.487935
1988-04-25,-1.73,70.84,0.8729674000000003
1988-04-26,-1.48,69.32,1.2164652000000018
1988-04-27,-4.21,76.84,-1.8267201999999991
1988-04-28,-8.44,78.74,-5.757625799999998
1988-04-29,-5.98,74.57,-3.115564799999998
1988-04-30,-4.56,74.35,-1.8711104999999977
1988-05-01,-3.37,78.61,-1.2676838499999992
1988-05-02,-1.92,84.29,-0.5012298999999996
1988-05-03,0.72,90.79,1.4180259000000008
1988-05-04,2.53,80.59,3.8078573500000004
1988-05-05,1.74,80.51,3.1078082000000005
1988-05-06,2.63,76.03,4.1948814500000005
1988-05-07,2.44,69.32,4.475004400000001
1988-05-08,4.07,65.62,6.042208700000001
1988-05-09,5.59,75.97,6.76759015
1988-05-10,1.95,83.07,3.1185932500000018
1988-05-11,5.06,66.73,6.787378400000001
1988-05-12,6.37,66.73,7.857668050000001
1988-05-13,6.41,72.18,7.6478509
1988-05-14,3.94,75.55,5.360056000000001
1988-05-15,5.6,74.57,6.844798500000001
1988-05-16,3.59,84.42,4.5248779
1988-05-17,8.44,66.14,9.5685538
1988-05-18,6.05,79.35,7.009708750000001
1988-05-19,7.48,74.49,8.4649411
1988-05-20,7.35,76.6,8.270205
1988-05-21,8.19,69,9.265855
1988-05-22,10.55,68.36,11.237379
1988-05-23,11.92,67.91,12.3753571
1988-05-24,14.21,63.07,14.26890335
1988-05-25,13.06,67.17,13.320013600000001
1988-05-26,10.22,76.95,10.762597000000001
1988-05-27,14.02,70.17,14.098751199999999
1988-05-28,14.35,70.5,14.3743375
1988-05-29,16.4,65.55,16.0399975
1988-05-30,12.45,72.12,12.764346999999999
1988-05-31,13.55,65.48,13.730367000000001
1988-06-01,14.06,60.01,14.1567758
1988-06-02,14.98,61.81,14.8791784
1988-06-03,12.5,63.01,12.90689
1988-06-04,13.44,71.22,13.6077874
1988-06-05,11.48,82.57,11.7695123
1988-06-06,10.33,80.59,10.77516835
1988-06-07,9.33,91.25,9.578806250000001
1988-06-08,9.29,77.03,9.94820535
1988-06-09,11.89,63.73,12.410655850000001
1988-06-10,10.71,79.39,11.13961545
1988-06-11,12.52,75.79,12.783646899999999
1988-06-12,12.59,80.46,12.7952677
1988-06-13,14.34,73.66,14.3631792
1988-06-14,18.05,76.27,17.58667175
1988-06-15,19.57,74.23,18.85140355
1988-06-16,20.92,72.9,19.963099
1988-06-17,21.62,65.52,20.2697632
1988-06-18,18.43,87.46,18.1589479
1988-06-19,17.28,81.61,16.9988169
1988-06-20,13.25,78.32,13.39905
1988-06-21,15.89,58.66,15.5739557
1988-06-22,16.5,67.42,16.14162
1988-06-23,20.23,75.79,19.467021850000002
1988-06-24,21.49,80.19,20.728404549999997
1988-06-25,17.76,64.03,17.1150579
1988-06-26,19.85,58.35,18.62444875
1988-06-27,14.84,86.43,14.8146241
1988-06-28,20.41,66.55,19.32270775
1988-06-29,17.86,86.65,17.613291999999998
1988-06-30,18.97,68.78,18.202456299999998
1988-07-01,21.89,76.56,20.9372812
1988-07-02,23.96,75.34,22.6769402
1988-07-03,18.35,79.74,17.920994500000003
1988-07-04,15.39,83.82,15.3107989
1988-07-05,16.67,77.37,16.399910950000002
1988-07-06,17,75.31,16.6605125
1988-07-07,16.01,93.47,15.955768350000001
1988-07-08,19.02,71.63,18.3147218
1988-07-09,16.97,84.31,16.756851349999998
1988-07-10,18.66,75.59,18.1014992
1988-07-11,18.93,67,18.125955
1988-07-12,17.29,78.82,16.9649929
1988-07-13,12.28,72.26,12.6187054
1988-07-14,16.45,57.69,15.99622525
1988-07-15,17.52,67.65,16.9826665
1988-07-16,14.72,75.99,14.690947900000001
1988-07-17,18.24,61.71,17.4523747
1988-07-18,21.11,87.43,20.65301765
1988-07-19,18.67,74.7,18.089744500000002
1988-07-20,20.1,68.57,19.131956000000002
1988-07-21,23.86,71.78,22.4072344
1988-07-22,26.84,65.97,24.5303839
1988-07-23,27.95,66.12,25.443727
1988-07-24,27.72,64.37,25.1293427
1988-07-25,27.71,63,25.021765
1988-07-26,26.91,58.09,24.04943295
1988-07-27,27.2,58.33,24.289350499999998
1988-07-28,21.7,74.43,20.687428
1988-07-29,21.36,61.69,19.9145637
1988-07-30,18.25,76.82,17.7719125
1988-07-31,14.71,72.83,14.67861865
1988-08-01,19.82,59.38,18.6314588
1988-08-02,19.61,60.99,18.51362395
1988-08-03,11.97,55.47,12.58963495
1988-08-04,13.63,62.92,13.807427800000001
1988-08-05,11.89,80.93,12.16374985
1988-08-06,14.12,69.79,14.1831389
1988-08-07,14.74,63.73,14.6921236
1988-08-08,16.06,57.81,15.6980098
1988-08-09,17.66,60.38,16.9714044
1988-08-10,14.95,81.85,14.90507875
1988-08-11,14.65,67.69,14.62334425
1988-08-12,13.67,75.34,13.7825729
1988-08-13,9.72,61.14,10.7416294
1988-08-14,12.65,61.65,13.04021125
1988-08-15,16.01,62.14,15.695572700000001
1988-08-16,17.27,65.34,16.7419549
1988-08-17,19.13,59.85,18.107580249999998
1988-08-18,14.89,94.08,14.877301600000001
1988-08-19,11.68,76.25,12.0483625
1988-08-20,8.12,65.46,9.3320086
1988-08-21,10.17,61.85,11.07854225
1988-08-22,10.15,79.46,10.641419500000001
1988-08-23,12.32,92.09,12.4148409
1988-08-24,10.33,73.72,10.932731800000001
1988-08-25,10.43,89.48,10.6654902
1988-08-26,10.27,62.09,11.15197615
1988-08-27,10.78,62.84,11.5402936
1988-08-28,12.23,57.7,12.7581155
1988-08-29,11.26,63.61,11.9084698
1988-08-30,11.23,65.03,11.85893545
1988-08-31,10.96,62.71,11.686036300000001
1988-09-01,11.12,64.95,11.7715795
1988-09-02,9.99,70.83,10.71356185
1988-09-03,10.49,89.98,10.710991100000001
1988-09-04,8.08,93.58,8.3066902
1988-09-05,7.5,68.35,8.718525
1988-09-06,8.39,64.58,9.580289100000002
1988-09-07,11.11,68.56,11.6961988
1988-09-08,9.78,81.39,10.263115599999999
1988-09-09,8.36,78.93,9.0715339
1988-09-10,6.88,86.64,7.4399176
1988-09-11,5.64,83.6,6.439172000000001
1988-09-12,6.03,93.32,6.341187800000001
1988-09-13,2.53,85.39,3.4918493500000007
1988-09-14,6.09,82.96,6.878185200000001
1988-09-15,7.45,72.26,8.5256185
1988-09-16,8.93,73,9.757145
1988-09-17,9.89,79.29,10.415102050000002
1988-09-18,10.4,73.75,10.9919375
1988-09-19,7.19,86.46,7.734375700000001
1988-09-20,6.91,88.5,7.390067500000001
1988-09-21,3.42,86.33,4.2530498
1988-09-22,3.2,76.56,4.656796000000001
1988-09-23,8.12,84.72,8.6561752
1988-09-24,11.42,88.5,11.61481
1988-09-25,12.48,87.84,12.6150976
1988-09-26,5.96,82.08,6.801702400000001
1988-09-27,-1.39,82.79,0.1140679500000008
1988-09-28,-0.04,73.8,2.0552140000000008
1988-09-29,1.42,89.52,2.173931200000001
1988-09-30,3.64,90.21,4.224756700000001
1988-10-01,4.55,86.57,5.284956750000001
1988-10-02,4.69,92.49,5.095202050000002
1988-10-03,3.28,94.82,3.599657800000001
1988-10-04,3.76,96.76,3.9513868000000003
1988-10-05,4.71,88.86,5.309833300000001
1988-10-06,-0.23,85.12,0.9755032000000003
1988-10-07,-1.15,84.02,0.22547850000000147
1988-10-08,-1.56,79.67,0.2357489000000006
1988-10-09,-1.66,77.58,0.3326896000000015
1988-10-10,-3.34,78.41,-1.2215891999999982
1988-10-11,-6.36,81.84,-4.2765032000000005
1988-10-12,-5.75,83.42,-3.903402499999999
1988-10-13,-4.9,78.97,-2.656098999999999
1988-10-14,-4.34,78.62,-2.1246043999999995
1988-10-15,-1.86,89.67,-0.9305065999999992
1988-10-16,-1.29,89.41,-0.37031144999999843
1988-10-17,-1.5,90.02,-0.6217599999999983
1988-10-18,-1.19,91.35,-0.44354824999999765
1988-10-19,-6.88,80.57,-4.595226299999998
1988-10-20,-8.89,76.95,-5.92473275
1988-10-21,-9.87,87.67,-8.217348449999998
1988-10-22,-10.54,90.25,-9.197229999999998
1988-10-23,-9.73,89.63,-8.348041949999997
1988-10-24,-8.4,96.74,-7.989402999999998
1988-10-25,-9.15,91.28,-8.015745999999998
1988-10-26,-10.12,89.76,-8.733401599999999
1988-10-27,-13.7,91.43,-12.370792999999999
1988-10-28,-6.72,98.85,-6.585783499999997
1988-10-29,-9.13,98.5,-8.9350525
1988-10-30,-13.63,96.7,-13.119440499999998
1988-10-31,-13.63,96.35,-13.065290249999999
1988-11-01,-14.12,97.04,-13.654066399999998
1988-11-02,-16.98,94.47,-16.022535799999996
1988-11-03,-12.42,98.99,-12.270459399999998
1988-11-04,-15.4,99.23,-15.273373499999998
1988-11-05,-27.3,99.48,-27.180452
1988-11-06,-26.9,98.43,-26.542510999999998
1988-11-07,-32.36,98.7,-32.024950999999994
1988-11-08,-31.41,98.91,-31.134769549999998
1988-11-09,-28.98,99.2,-28.788687999999997
1988-11-10,-24.69,98.52,-24.370993399999996
1988-11-11,-20.04,98.56,-19.766443199999998
1988-11-12,-24.13,97.78,-23.658327699999997
1988-11-13,-28.54,98.03,-28.073661599999998
1988-11-14,-28.11,98.5,-27.758467499999995
1988-11-15,-31.69,97.98,-31.1768291
1988-11-16,-30.44,98.9,-30.168113
1988-11-17,-25.47,99.35,-25.327107249999994
1988-11-18,-24.78,99.27,-24.6222908
1988-11-19,-25.82,99.18,-25.6381568
1988-11-20,-25.4,98.67,-25.108131499999995
1988-11-21,-22.02,98.75,-21.768924999999996
1988-11-22,-26.24,99.25,-26.071947499999997
1988-11-23,-30.02,97.83,-29.488653799999994
1988-11-24,-27.79,98.52,-27.445759399999993
1988-11-25,-22.54,97.48,-22.026625599999996
1988-11-26,-24.08,98.94,-23.855078599999995
1988-11-27,-23.81,99.33,-23.668827649999997
1988-11-28,-17.7,99.56,-17.622075999999996
1988-11-29,-13.56,98.71,-13.3609143
1988-11-30,-23.17,98.27,-22.81156995
1988-12-01,-35.64,99.67,-35.548995899999994
1988-12-02,-39.18,99.16,-38.9319984
1988-12-03,-43.23,96.66,-42.16949989999999
1988-12-04,-39.99,96.47,-38.93207665
1988-12-05,-39.57,98.79,-39.21016415
1988-12-06,-30.89,98.34,-30.475589299999996
1988-12-07,-23.02,97.65,-22.535053999999995
1988-12-08,-23.48,97.23,-22.9013747
1988-12-09,-25.05,97.61,-24.530115249999998
1988-12-10,-23.59,97.99,-23.168915049999995
1988-12-11,-21.71,98.85,-21.480971749999995
1988-12-12,-23.79,98.02,-23.373021899999998
1988-12-13,-27.29,98.63,-26.975112349999996
1988-12-14,-29.11,98.43,-28.733427649999996
1988-12-15,-30.7,98.89,-30.424053999999998
1988-12-16,-26.72,99.28,-26.556768799999997
1988-12-17,-26.83,98.83,-26.564041449999994
1988-12-18,-33.48,99.64,-33.38499959999999
1988-12-19,-30.65,98.76,-30.342076999999996
1988-12-20,-28.19,98.52,-27.842503399999995
1988-12-21,-34.63,98.96,-34.3489764
1988-12-22,-31.29,99.9,-31.264815499999997
1988-12-23,-27.87,99.93,-27.853687549999997
1988-12-24,-28.26,99.74,-28.198853199999995
1988-12-25,-25.67,99.43,-25.544067050000002
1988-12-26,-30.31,99.59,-30.20895345
1988-12-27,-33.63,99.26,-33.4341109
1988-12-28,-33.95,99.1,-33.7101725
1988-12-29,-26.4,99.91,-26.379754499999994
1988-12-30,-19.48,100,-19.479999999999997
1988-12-31,-15.38,99.59,-15.3126206
1989-01-01,-20.12,97.33,-19.611605299999997
1989-01-02,-30.87,99.59,-30.767690650000002
1989-01-03,-35.42,100,-35.419999999999995
1989-01-04,-35.21,98.66,-34.8436373
1989-01-05,-30.59,99.5,-30.4660025
1989-01-06,-28.23,99.1,-28.018486499999995
1989-01-07,-28.37,96.85,-27.627277249999995
1989-01-08,-40.52,96.3,-39.400343
1989-01-09,-46.27,89.76,-42.8474336
1989-01-10,-43.45,99.13,-43.17270925
1989-01-11,-38.63,97.13,-37.79134295
1989-01-12,-37.63,99.75,-37.55832125
1989-01-13,-39.34,99.09,-39.0705308
1989-01-14,-31.46,98.31,-31.032801799999998
1989-01-15,-27.62,99.18,-27.430038800000002
1989-01-16,-35.42,98.57,-35.0273792
1989-01-17,-40.98,96.65,-39.957781
1989-01-18,-43.08,97.54,-42.3009426
1989-01-19,-46.32,97.83,-45.59411329999999
1989-01-20,-44.86,96.49,-43.71405519999999
1989-01-21,-38.59,96.62,-37.603056900000006
1989-01-22,-44.95,99,-44.623025
1989-01-23,-46.13,96.45,-44.94619925
1989-01-24,-43.49,90.77,-40.54613764999999
1989-01-25,-41.06,98.25,-40.525234999999995
1989-01-26,-43.76,98.65,-43.3274195
1989-01-27,-46.84,95.16,-45.2071292
1989-01-28,-36.75,98.39,-36.29618125
1989-01-29,-34.01,98.08,-33.49773439999999
1989-01-30,-31.31,99.54,-31.194100699999996
1989-01-31,-31.59,98.58,-31.230037099999997
1989-02-01,-32.64,99.62,-32.5414774
1989-02-02,-26.84,99.62,-26.7535994
1989-02-03,-22.56,100,-22.559999999999995
1989-02-04,-25.68,99.84,-25.644641599999996
1989-02-05,-31.15,99.68,-31.069656
1989-02-06,-27.3,99.64,-27.217235999999996
1989-02-07,-23.33,99.19,-23.161467349999995
1989-02-08,-25.19,99.21,-25.017546949999996
1989-02-09,-25.78,98.47,-25.4410438
1989-02-10,-23.44,99.16,-23.2647172
1989-02-11,-22.96,99.3,-22.815778999999996
1989-02-12,-20.51,99.27,-20.369434849999998
1989-02-13,-23.66,99.6,-23.576047999999997
1989-02-14,-29.48,96.9,-28.730141
1989-02-15,-33.63,97.32,-32.9205638
1989-02-16,-31.57,96.1,-30.581798499999998
1989-02-17,-27.07,97.05,-26.39552675
1989-02-18,-29.73,97.84,-29.2045476
1989-02-19,-29.75,97.62,-29.170767499999997
1989-02-20,-31.2,97.6,-30.596759999999996
1989-02-21,-26.23,99.34,-26.0821501
1989-02-22,-21.42,99.99,-21.418024399999997
1989-02-23,-23.73,99.76,-23.679536399999996
1989-02-24,-28.85,98.36,-28.458983
1989-02-25,-31.61,99.19,-31.404579949999995
1989-02-26,-29.68,98,-29.194019999999995
1989-02-27,-25.3,98.81,-25.039509
1989-02-28,-21.44,99.47,-21.335234899999996
1989-03-01,-20.32,99.23,-20.1725373
1989-03-02,-18.02,99,-17.84114
1989-03-03,-22.59,98.79,-22.343166049999997
1989-03-04,-23.54,99.14,-23.360070799999995
1989-03-05,-26.98,98.67,-26.676573799999996
1989-03-06,-19.08,97.89,-18.690304099999995
1989-03-07,-20.87,96.24,-20.138548399999998
1989-03-08,-19.89,98.43,-19.593042349999997
1989-03-09,-18.23,98.92,-18.035583799999998
1989-03-10,-13.17,97.89,-12.848889649999997
1989-03-11,-10.34,98.24,-10.099548799999997
1989-03-12,-10.62,98.87,-10.463879199999997
1989-03-13,-10.09,97.81,-9.793813449999998
1989-03-14,-13.39,97.9,-13.0678705
1989-03-15,-15.43,97.99,-15.099123849999994
1989-03-16,-19.12,98.57,-18.855578699999995
1989-03-17,-13.05,98.06,-12.756041499999998
1989-03-18,-11.02,98.17,-10.763141199999996
1989-03-19,-8.69,97.92,-8.424706399999996
1989-03-20,-6.19,97.06,-5.8554427
1989-03-21,-8.99,97.63,-8.683807849999997
1989-03-22,-8.2,92.64,-7.281103999999997
1989-03-23,-6.54,98.42,-6.357162399999998
1989-03-24,-5.27,97.69,-5.018822149999998
1989-03-25,-6.28,97.04,-5.941701599999999
1989-03-26,-4.16,98.02,-3.956792599999999
1989-03-27,-4.07,95.91,-3.6522678499999994
1989-03-28,-1.94,97.44,-1.7085247999999984
1989-03-29,-10.49,96.9,-10.0639205
1989-03-30,-20.46,96.59,-19.804325199999997
1989-03-31,-16.48,96.6,-15.900673999999995
1989-04-01,-13.84,97.06,-13.3817422
1989-04-02,-15.15,97.01,-14.66240575
1989-04-03,-13.32,96.67,-12.810476699999999
1989-04-04,-9.74,97.96,-9.468027199999998
1989-04-05,-4.36,97.73,-4.124532899999998
1989-04-06,-7.46,97.55,-7.164088999999997
1989-04-07,-20.18,96.57,-19.525761799999994
1989-04-08,-18.04,95.75,-17.2793775
1989-04-09,-13.06,98.41,-12.818987799999997
1989-04-10,-6.27,98.39,-6.086081649999999
1989-04-11,-3.69,96.86,-3.3758586999999975
1989-04-12,-11.46,97.39,-11.087344199999997
1989-04-13,-7.28,97.39,-6.967348099999998
1989-04-14,-11.69,95.79,-11.08357055
1989-04-15,-4.85,98.69,-4.710583249999997
1989-04-16,-4.79,99.34,-4.7199773
1989-04-17,-13.08,98.45,-12.8448805
1989-04-18,-13.11,98.18,-12.833623899999997
1989-04-19,-8.67,99.01,-8.543839349999999
1989-04-20,-6.3,98.59,-6.138695999999999
1989-04-21,-5.89,98.16,-5.683653199999997
1989-04-22,-2.73,98.91,-2.6267061499999986
1989-04-23,-2.38,98.63,-2.252809199999999
1989-04-24,-2.1,99.15,-2.0223949999999986
1989-04-25,-1.84,96.9,-1.5614029999999999
1989-04-26,-1.41,96.08,-1.0669803999999978
1989-04-27,-1.98,98.28,-1.8240991999999996
1989-04-28,-3.48,97.88,-3.270353199999998
1989-04-29,-2.65,99.13,-2.5679372499999973
1989-04-30,-1.98,98.41,-1.835882399999998
1989-05-01,-1.31,89.93,-0.4343631499999997
1989-05-02,1.91,77.15,3.4922482500000003
1989-05-03,2.97,81.76,4.126689600000001
1989-05-04,3.03,77.5,4.449412500000001
1989-05-05,2.07,75.93,3.71554555
1989-05-06,5.59,74.37,6.845998150000001
1989-05-07,4.27,76.03,5.61867205
1989-05-08,2.98,77.35,4.415104000000001
1989-05-09,6.02,60.55,7.859948
1989-05-10,4.93,71.53,6.42851845
1989-05-11,4.43,76.03,5.7575784500000005
1989-05-12,3.82,73.73,5.3630998000000005
1989-05-13,5.14,57.77,7.314000399999999
1989-05-14,6.73,65.66,8.197519900000001
1989-05-15,7.85,65.61,9.10781425
1989-05-16,8.31,68.07,9.39705685
1989-05-17,7.69,79.45,8.459700250000001
1989-05-18,7.12,84.55,7.7471155000000005
1989-05-19,4.46,90.96,4.959188800000001
1989-05-20,4.39,86.51,5.14011145
1989-05-21,6.39,71.92,7.6425084000000005
1989-05-22,8.99,67.83,9.96491185
1989-05-23,12.18,68.56,12.5811744
1989-05-24,8.03,81.21,8.69864215
1989-05-25,4.92,72.52,6.367921200000001
1989-05-26,9.8,71.7,10.531555000000001
1989-05-27,7.81,78.05,8.61765025
1989-05-28,7.99,91.97,8.277514150000002
1989-05-29,6.3,76.3,7.36887
1989-05-30,11.34,84.28,11.6132136
1989-05-31,8.09,73.99,9.00698255
1989-06-01,9.24,67.04,10.1935328
1989-06-02,9.93,62.09,10.88286785
1989-06-03,14.22,73,14.26158
1989-06-04,15.23,92.51,15.199927650000001
1989-06-05,12.78,86.61,12.9066694
1989-06-06,15.55,83.09,15.45234475
1989-06-07,16.48,89.26,16.3630414
1989-06-08,16.48,89.44,16.3650016
1989-06-09,17.1,81.37,16.833591000000002
1989-06-10,18.21,73.6,17.671308
1989-06-11,13.59,73.95,13.72038025
1989-06-12,11.57,75.57,11.96368945
1989-06-13,10.99,84.32,11.292702400000001
1989-06-14,12.44,83.76,12.6239992
1989-06-15,17.09,83.53,16.85538485
1989-06-16,19.88,83.2,19.382887999999998
1989-06-17,12.74,76.02,12.9721264
1989-06-18,11.57,66.58,12.1085633
1989-06-19,10.76,71.73,11.3415139
1989-06-20,12.67,74.45,12.92716075
1989-06-21,14.79,80.94,14.7595993
1989-06-22,14.2,78.32,14.235771999999999
1989-06-23,11.02,83.16,11.3423176
1989-06-24,14.62,73.83,14.602727799999998
1989-06-25,16.96,77.73,16.6586869
1989-06-26,17.16,82.95,16.9105585
1989-06-27,9.26,89.94,9.549929200000001
1989-06-28,14.12,66.41,14.1902031
1989-06-29,15.81,90.74,15.7432817
1989-06-30,16.17,91.81,16.09477485
1989-07-01,13.47,77.91,13.59513985
1989-07-02,15.41,83.85,15.32916925
1989-07-03,11.56,87.8,11.757274
1989-07-04,12.89,75.76,13.1046452
1989-07-05,16.5,71.24,16.18364
1989-07-06,18.88,69.66,18.1491094
1989-07-07,20.53,83.06,19.9681849
1989-07-08,23.21,83.85,22.43633425
1989-07-09,15.97,81.11,15.81727435
1989-07-10,16.62,79.96,16.3863336
1989-07-11,19.93,71.92,19.0913908
1989-07-12,21.95,69.64,20.705999
1989-07-13,16.22,79.34,16.024556399999998
1989-07-14,10.12,77.84,10.6538344
1989-07-15,11.52,78.3,11.875663
1989-07-16,14.72,70.22,14.6839662
1989-07-17,16.28,72.92,16.0148868
1989-07-18,18.27,70.65,17.661427749999998
1989-07-19,20.13,80.92,19.5391878
1989-07-20,20.53,75.75,19.72574875
1989-07-21,19.28,85.46,18.8977434
1989-07-22,14.55,94.21,14.54840775
1989-07-23,14.59,77.72,14.5789714
1989-07-24,14.61,71.03,14.59247315
1989-07-25,15.68,74.3,15.513207
1989-07-26,16.96,73.47,16.6010491
1989-07-27,16.37,80.88,16.1733508
1989-07-28,14.83,88.86,14.8097809
1989-07-29,17.77,81.13,17.430623049999998
1989-07-30,21.74,73.56,20.6871592
1989-07-31,17.82,77.97,17.4177322
1989-08-01,15.29,92.99,15.25954155
1989-08-02,13.11,89.64,13.1892022
1989-08-03,12.73,76.11,12.96256915
1989-08-04,11.06,91.12,11.2280096
1989-08-05,10.15,71.83,10.82396725
1989-08-06,12.73,72.89,12.99391585
1989-08-07,16.02,63.35,15.713606
1989-08-08,16.06,67.31,15.7795198
1989-08-09,6.32,86.79,6.9143179
1989-08-10,10.85,73.34,11.3851995
1989-08-11,9.69,85.64,10.0698938
1989-08-12,12.49,73.1,12.7873795
1989-08-13,14.73,65.46,14.6863069
1989-08-14,15.31,74.26,15.1953283
1989-08-15,9.7,93.23,9.878727999999999
1989-08-16,8.08,95.7,8.231833
1989-08-17,11.59,78.5,11.9341075
1989-08-18,12.11,88.54,12.260641699999999
1989-08-19,12,86.25,12.1890625
1989-08-20,13.61,75.9,13.7279695
1989-08-21,15.26,74.79,15.1546222
1989-08-22,15.93,70.02,15.6942073
1989-08-23,17.22,69.59,16.7650664
1989-08-24,17.69,78.27,17.308747150000002
1989-08-25,15.25,92.9,15.2207125
1989-08-26,13.79,79.06,13.871770699999999
1989-08-27,15.41,65.86,15.2391293
1989-08-28,15.43,65.29,15.25245835
1989-08-29,15.6,74.4,15.44512
1989-08-30,12.67,91.85,12.75202975
1989-08-31,13.41,80.16,13.5289408
1989-09-01,13.98,73.1,14.056934
1989-09-02,15.19,78.58,15.108711099999999
1989-09-03,15.56,77.47,15.4286501
1989-09-04,10.14,80.22,10.614324400000001
1989-09-05,8.84,83.12,9.3654744
1989-09-06,9.29,84.08,9.746187599999999
1989-09-07,6.06,89.6,6.542768000000001
1989-09-08,2,89.06,2.752125000000001
1989-09-09,4.12,84.88,4.983200800000001
1989-09-10,4.62,76.59,5.892099400000001
1989-09-11,6.48,78.45,7.430570500000001
1989-09-12,6.43,82.01,7.22848615
1989-09-13,5.56,83.18,6.3870394
1989-09-14,7.48,82.34,8.161852600000001
1989-09-15,6.08,70.45,7.4484605
1989-09-16,3.58,70.25,5.366785000000001
1989-09-17,1.74,73.69,3.586435800000001
1989-09-18,2.66,83.08,3.761830400000001
1989-09-19,5.22,68.6,6.822656
1989-09-20,2.57,58.06,5.3218931000000005
1989-09-21,5.11,71.81,6.565872550000001
1989-09-22,7.89,81.77,8.552751650000001
1989-09-23,0.11,73.68,2.193096400000001
1989-09-24,0.92,76.01,2.7118131000000005
1989-09-25,-1.36,79.59,0.4203643000000006
1989-09-26,1.74,62.82,4.3492924
1989-09-27,0.63,90.86,1.3272449000000013
1989-09-28,-2.28,83.31,-0.7396798999999985
1989-09-29,-1.65,75.81,0.49867675000000133
1989-09-30,1.09,92.64,1.632836800000001
1989-10-01,0.63,89.94,1.3974271000000014
1989-10-02,-0.22,88.39,0.7199456000000009
1989-10-03,-0.47,82.45,0.9749792500000005
1989-10-04,-2.16,88.39,-1.0961756999999992
1989-10-05,-3.57,80.05,-1.5872692499999985
1989-10-06,-0.21,82.14,1.2349633000000015
1989-10-07,0.13,92.78,0.7006327000000003
1989-10-08,-1.16,87.58,-0.0902653999999985
1989-10-09,-3.48,76.26,-1.1323513999999997
1989-10-10,-8.39,78.23,-5.649265849999999
1989-10-11,-5.56,89.79,-4.433530699999999
1989-10-12,-2.92,90.39,-1.9992658999999982
1989-10-13,-9.13,85.28,-7.216915199999999
1989-10-14,-7.77,83.11,-5.701228349999998
1989-10-15,-10.6,88.09,-8.955824499999999
1989-10-16,-15.04,86.42,-12.833657399999996
1989-10-17,-14.48,90.35,-12.941886499999997
1989-10-18,-12.75,86.78,-10.768652499999998
1989-10-19,-12.23,85.76,-10.136506399999998
1989-10-20,-13.93,81.55,-11.045065749999997
1989-10-21,-15.43,85.42,-13.029913299999999
1989-10-22,-16.11,88.7,-14.207588499999998
1989-10-23,-12.33,92.41,-11.209981649999996
1989-10-24,-14.25,92.85,-13.119406249999999
1989-10-25,-11.86,96.16,-11.303276799999995
1989-10-26,-11.9,93.95,-11.021539999999998
1989-10-27,-13.95,87.94,-12.062911499999997
1989-10-28,-16.71,88.66,-14.763432299999998
1989-10-29,-16.91,86.39,-14.558804449999998
1989-10-30,-20.24,92.49,-18.805064299999994
1989-10-31,-17.21,95.9,-16.494939499999997
1989-11-01,-15.51,96.33,-14.904248149999995
1989-11-02,-17.93,96.87,-17.371717549999996
1989-11-03,-21.46,97.12,-20.8903936
1989-11-04,-22.48,98.33,-22.140338699999997
1989-11-05,-26.13,98.25,-25.738936249999995
1989-11-06,-27.42,97.52,-26.848211199999998
1989-11-07,-23.54,94,-22.284679999999998
1989-11-08,-25.48,96.99,-24.818131099999995
1989-11-09,-29.77,99.29,-29.59712565
1989-11-10,-29.1,94.16,-27.699567999999996
1989-11-11,-28.34,97.39,-27.725031799999996
1989-11-12,-22.67,97.08,-22.0730498
1989-11-13,-22.66,97.23,-22.0938674
1989-11-14,-19.05,99.04,-18.872856
1989-11-15,-16.91,99.47,-16.818439849999997
1989-11-16,-19.78,96.85,-19.186098999999995
1989-11-17,-36.2,98.13,-35.6785505
1989-11-18,-36.64,97.6,-35.964952
1989-11-19,-38.92,96.62,-37.9269222
1989-11-20,-39.08,96.89,-38.16351409999999
1989-11-21,-42.91,95.83,-41.593301649999994
1989-11-22,-43.36,95.26,-41.8515898
1989-11-23,-43.12,95.9,-41.820668999999995
1989-11-24,-44.49,93.24,-42.296751799999996
1989-11-25,-35.49,95.71,-34.31048594999999
1989-11-26,-29.1,98.69,-28.785861999999995
1989-11-27,-27.73,99.53,-27.620835449999998
1989-11-28,-24.55,99.51,-24.44476025
1989-11-29,-23.19,98.83,-22.94746485
1989-11-30,-16.56,100,-16.559999999999995
1989-12-01,-14.81,99.47,-14.724561349999997
1989-12-02,-30.38,98.46,-29.999866399999995
1989-12-03,-35.93,98.15,-35.41687475
1989-12-04,-36.32,97.68,-35.6715368
1989-12-05,-32.27,99.48,-32.136237799999996
1989-12-06,-31.85,98.71,-31.52114675
1989-12-07,-32.15,97.53,-31.516259749999996
1989-12-08,-35.45,97.8,-34.845605
1989-12-09,-38.23,96.97,-37.35125454999999
1989-12-10,-35.6,98.1,-35.076454999999996
1989-12-11,-33.04,98.86,-32.74192419999999
1989-12-12,-34.71,98.71,-34.36085505
1989-12-13,-32.22,99.35,-32.052975999999994
1989-12-14,-30.18,98.19,-29.7352106
1989-12-15,-35.43,96.78,-34.54573969999999
1989-12-16,-43.77,96.52,-42.6547122
1989-12-17,-45.98,97.48,-45.14174719999999
1989-12-18,-49.04,95.61,-47.50582669999999
1989-12-19,-44.81,94.66,-43.068065299999994
1989-12-20,-34.38,98.25,-33.90953
1989-12-21,-29.3,96.3,-28.408669999999997
1989-12-22,-27.36,95.16,-26.245686799999994
1989-12-23,-28.28,99.58,-28.181178199999998
1989-12-24,-33.65,99.24,-33.448733
1989-12-25,-31.65,98.82,-31.350486499999995
1989-12-26,-31.33,99.42,-31.183802299999996
1989-12-27,-31.17,99.05,-30.931374249999994
1989-12-28,-30.43,97.38,-29.782558699999992
1989-12-29,-32.44,99.2,-32.233464
1989-12-30,-34.51,99.43,-34.356353649999996
1989-12-31,-29.53,97.79,-28.99481535
1990-01-01,-38.01,97.21,-37.20423404999999
1990-01-02,-39.82,99.64,-39.7124464
1990-01-03,-35.45,99.94,-35.4335165
1990-01-04,-32.56,99.98,-32.5548234
1990-01-05,-29.3,98.96,-29.049463999999997
1990-01-06,-28.01,99.69,-27.937520449999997
1990-01-07,-29.01,98.75,-28.71086875
1990-01-08,-33.92,97.86,-33.3500966
1990-01-09,-42.5,95.45,-41.073575
1990-01-10,-45.88,97,-44.88373
1990-01-11,-42.29,97.49,-41.50601405
1990-01-12,-44.26,97.03,-43.300155399999994
1990-01-13,-40.96,98.14,-40.3926442
1990-01-14,-40.63,98.07,-40.04479505
1990-01-15,-44.51,95.69,-43.111167949999995
1990-01-16,-49.46,96.6,-48.26394799999999
1990-01-17,-52.03,94.35,-49.962580249999995
1990-01-18,-46.9,93.96,-44.86029199999999
1990-01-19,-50.11,97.86,-49.349540299999994
1990-01-20,-47.8,95.77,-46.35059049999999
1990-01-21,-45.7,95.71,-44.27958099999999
1990-01-22,-43.01,93.67,-41.007789349999996
1990-01-23,-42.89,96.56,-41.804181199999995
1990-01-24,-39.34,95.37,-37.9689644
1990-01-25,-42.59,94.87,-40.97920565
1990-01-26,-43.15,97.46,-42.34462949999999
1990-01-27,-45.37,98.34,-44.823386899999996
1990-01-28,-42.29,95.96,-41.02812619999999
1990-01-29,-37.53,97.85,-36.914745249999996
1990-01-30,-38.44,95.35,-37.08605949999999
1990-01-31,-42.48,96.49,-41.38000109999999
1990-02-01,-47.17,96.32,-45.921799199999995
1990-02-02,-46.95,98.17,-46.33150575
1990-02-03,-45.22,98.5,-44.727309999999996
1990-02-04,-41.87,98.29,-41.33984015
1990-02-05,-43.03,99.04,-42.726241599999994
1990-02-06,-40.27,97.16,-39.414492599999996
1990-02-07,-38.59,98.01,-38.008929949999995
1990-02-08,-38.08,98.2,-37.559458
1990-02-09,-37.98,97.26,-37.18912639999999
1990-02-10,-39.56,98.7,-39.173471
1990-02-11,-37.32,98.51,-36.8953351
1990-02-12,-37.96,98.63,-37.564713899999994
1990-02-13,-36.5,99.37,-36.323285
1990-02-14,-36.88,99.4,-36.710446
1990-02-15,-38.6,96.86,-37.682962999999994
1990-02-16,-29.93,97.8,-29.392396999999995
1990-02-17,-20.79,99.46,-20.685188699999994
1990-02-18,-22.57,98.4,-22.243783999999998
1990-02-19,-27.47,98.28,-27.072963799999997
1990-02-20,-31.32,96.18,-30.357321799999998
1990-02-21,-32.7,93.19,-30.932123999999998
1990-02-22,-33.89,97.8,-33.304480999999996
1990-02-23,-33.16,99.6,-33.055147999999996
1990-02-24,-28.36,99.47,-28.235063099999994
1990-02-25,-25.49,99.87,-25.461407149999996
1990-02-26,-21.93,99.04,-21.737649599999997
1990-02-27,-21.01,99.07,-20.82836635
1990-02-28,-15.36,95.65,-14.645599499999998
1990-03-01,-16.75,98.75,-16.535156249999996
1990-03-02,-11.88,98.31,-11.634797899999999
1990-03-03,-12.75,99.08,-12.612114999999998
1990-03-04,-16.82,97.42,-16.375569199999997
1990-03-05,-18.69,97.83,-18.293877349999995
1990-03-06,-14.35,98.22,-14.067558499999997
1990-03-07,-10.37,98.25,-10.130626249999997
1990-03-08,-8.19,97.11,-7.829342449999997
1990-03-09,-15.48,97.03,-14.990276699999997
1990-03-10,-19.21,97.69,-18.78171445
1990-03-11,-16.24,97.95,-15.893406499999998
1990-03-12,-12.1,98.95,-11.946384999999998
1990-03-13,-11.37,96.73,-10.90472805
1990-03-14,-9.9,96.32,-9.406143999999998
1990-03-15,-11.86,98.67,-11.667176599999998
1990-03-16,-9.96,98.37,-9.7407161
1990-03-17,-11.66,98.64,-11.464323199999999
1990-03-18,-7.96,98.93,-7.827822899999999
1990-03-19,-16.82,95.82,-16.099953199999998
1990-03-20,-22.03,96.53,-21.33282495
1990-03-21,-20.58,97.16,-20.032050399999996
1990-03-22,-15.2,97.64,-14.814493999999996
1990-03-23,-10.35,97.8,-10.049314999999996
1990-03-24,-4.31,97.58,-4.059638899999999
1990-03-25,-5.9,98.12,-5.689064
1990-03-26,-1.74,98.28,-1.5863695999999996
1990-03-27,-5.77,96.89,-5.423281649999999
1990-03-28,-2.04,97.82,-1.8416853999999974
1990-03-29,-1.79,98.47,-1.652919649999999
1990-03-30,-12.21,97.26,-11.8074803
1990-03-31,-10.86,93.29,-9.924089199999997
1990-04-01,-14.03,96.57,-13.491781549999995
1990-04-02,-11.43,98.05,-11.151900749999998
1990-04-03,-6.56,97.85,-6.310965499999998
1990-04-04,-6.44,98.47,-6.263789899999999
1990-04-05,-6.29,98.18,-6.081892099999998
1990-04-06,-4.13,97.6,-3.884083999999998
1990-04-07,-8.72,97.24,-8.367520399999998
1990-04-08,-5.74,96.31,-5.3292291999999986
1990-04-09,-11.58,97.73,-11.254391199999999
1990-04-10,-15.13,96.71,-14.593845149999998
1990-04-11,-15.18,93.04,-14.043849599999998
1990-04-12,-4.89,97.36,-4.608457199999998
1990-04-13,-6.78,95.55,-6.259171999999998
1990-04-14,-11.58,96.95,-11.142507999999998
1990-04-15,-9.69,95.5,-9.091297499999998
1990-04-16,-4.6,96.24,-4.205011999999996
1990-04-17,-2.42,96.68,-2.111040799999999
1990-04-18,-4.01,98.67,-3.8745993499999987
1990-04-19,-12.07,97.81,-11.749964349999997
1990-04-20,-13.07,98.19,-12.79554065
1990-04-21,-9.4,97.96,-9.131841999999997
1990-04-22,-3.12,97.63,-2.8903232999999977
1990-04-23,-3.17,97.36,-2.9134315999999982
1990-04-24,-3.28,97.11,-2.9973868999999977
1990-04-25,-7.36,93.72,-6.604955599999998
1990-04-26,-7.42,92.78,-6.5495567999999995
1990-04-27,-7.44,92.31,-6.512047699999998
1990-04-28,-2.34,84.46,-0.9006851999999981
1990-04-29,-1.44,82.81,0.0670473000000007
1990-04-30,2.03,64.37,4.4736835500000005
1990-05-01,2.32,67.03,4.5286603
1990-05-02,4.02,57.35,6.478346
1990-05-03,5.71,73.2,7.0056460000000005
1990-05-04,7.05,83.04,7.744936
1990-05-05,3.22,85.53,4.117718800000001
1990-05-06,6.43,74.75,7.5507212500000005
1990-05-07,7.12,82.74,7.820583400000001
1990-05-08,1.31,87.81,2.194323550000001
1990-05-09,2.04,83.69,3.1577243000000013
1990-05-10,9.39,53.75,10.68985625
1990-05-11,7.47,67.22,8.7374387
1990-05-12,6.26,67.19,7.7469492
1990-05-13,10.75,52.72,11.72515
1990-05-14,10.96,72.78,11.4899734
1990-05-15,12.38,73.15,12.693071000000002
1990-05-16,12.34,78.2,12.598984
1990-05-17,5.31,78.5,6.3967175
1990-05-18,1.15,64.71,3.7411682500000008
1990-05-19,6.18,58.35,8.085904
1990-05-20,8.11,65.62,9.3182851
1990-05-21,11.24,55.35,12.0405745
1990-05-22,13.4,65.12,13.611024
1990-05-23,17.82,77.53,17.4096978
1990-05-24,18.42,76.44,17.9120464
1990-05-25,15.19,73.31,15.08871145
1990-05-26,8.55,62.08,9.790932000000002
1990-05-27,10.72,58.25,11.5879825
1990-05-28,7.03,84.52,7.665995800000001
1990-05-29,12.47,62.69,12.88656615
1990-05-30,8.4,83.08,8.967666000000001
1990-05-31,4.15,64.96,6.144652000000002
1990-06-01,6.98,56.27,8.7886728
1990-06-02,8.68,58.66,10.0032934
1990-06-03,14.67,66.59,14.63876165
1990-06-04,18.51,68.44,17.8139442
1990-06-05,21.55,48.44,19.550761
1990-06-06,20.08,59.46,18.8358274
1990-06-07,18.05,59.06,17.250646500000002
1990-06-08,15.13,61.34,14.996043100000001
1990-06-09,15.92,60.19,15.6090839
1990-06-10,16.94,71.3,16.554846
1990-06-11,13.92,51.7,14.074077
1990-06-12,11.2,57.36,11.973916
1990-06-13,12.31,67.41,12.702546550000001
1990-06-14,16.5,53.52,15.98872
1990-06-15,19.55,54.3,18.2806825
1990-06-16,24.86,53.49,22.209860199999998
1990-06-17,22.18,55.01,20.2796224
1990-06-18,20.53,52.85,18.96627025
1990-06-19,20.67,50.95,19.005488250000003
1990-06-20,21.16,50.3,19.339489
1990-06-21,20.2,58.55,18.9005425
1990-06-22,18.33,65.02,17.593146299999997
1990-06-23,13.29,50.75,13.61775875
1990-06-24,12.93,54.34,13.3242741
1990-06-25,12.61,74.93,12.87060265
1990-06-26,13.8,83.86,13.862139
1990-06-27,13.33,74.42,13.4946073
1990-06-28,16.61,51.6,16.048318
1990-06-29,16.85,56.06,16.2820755
1990-06-30,18.22,57.99,17.3604754
1990-07-01,21.52,69.39,20.3381479
1990-07-02,24.75,66.8,22.878349999999998
1990-07-03,24.55,69.9,22.8862225
1990-07-04,23.76,65.97,22.0268521
1990-07-05,14.59,84.29,14.58222355
1990-07-06,11.83,87.89,12.00783535
1990-07-07,15.73,68.64,15.5178496
1990-07-08,16.93,67.65,16.49764225
1990-07-09,18.39,67.88,17.7027926
1990-07-10,17.25,84.78,17.0197975
1990-07-11,16.97,95.83,16.91335055
1990-07-12,19.76,75.7,19.057001
1990-07-13,20.17,74.76,19.3828906
1990-07-14,19.27,73.48,18.5742478
1990-07-15,17.59,65.54,17.0043523
1990-07-16,15.91,65.1,15.639350499999999
1990-07-17,18.36,65.43,17.6260789
1990-07-18,15.96,70.96,15.7268088
1990-07-19,10.06,60.37,11.027764600000001
1990-07-20,9.52,65.82,10.4561902
1990-07-21,7.54,70.24,8.6792128
1990-07-22,6.61,78.93,7.524332650000001
1990-07-23,10.45,68.65,11.14832125
1990-07-24,12.5,66.74,12.86586
1990-07-25,11.94,72.95,12.320864
1990-07-26,13.61,67.68,13.7682064
1990-07-27,14.46,66.35,14.467403000000001
1990-07-28,11.6,90.46,11.752163
1990-07-29,13.26,68.42,13.4753756
1990-07-30,15.58,59.17,15.3374698
1990-07-31,18.88,50.49,17.6873041
1990-08-01,19.08,51.11,17.8484609
1990-08-02,20.83,53.02,19.1943913
1990-08-03,21.46,55.47,19.7553916
1990-08-04,20.93,56.04,19.375354599999998
1990-08-05,20.69,51.63,19.04324335
1990-08-06,22.77,45.02,20.2692347
1990-08-07,23,59.22,21.093535
1990-08-08,19.69,66.72,18.7400224
1990-08-09,17.52,55.84,16.7865024
1990-08-10,18.24,50.47,17.221167899999998
1990-08-11,20.36,46.38,18.6318274
1990-08-12,20.67,51.55,19.02584925
1990-08-13,21.45,52.67,19.64081075
1990-08-14,18.49,53.26,17.4642907
1990-08-15,17.19,59.33,16.58828735
1990-08-16,10.73,49.9,11.7688235
1990-08-17,11.47,52.71,12.25808785
1990-08-18,13.82,58.8,13.974088
1990-08-19,16.63,54.89,16.10153635
1990-08-20,14.66,82.59,14.6446792
1990-08-21,12.11,70.04,12.5038242
1990-08-22,13.79,56.71,13.95904745
1990-08-23,17.3,55.74,16.618396
1990-08-24,17.07,63.67,16.55647545
1990-08-25,9.5,72.68,10.2513
1990-08-26,14.04,54.17,14.1559499
1990-08-27,16.49,49.98,15.942531099999998
1990-08-28,16.4,47.69,15.853360499999999
1990-08-29,9.26,51.84,10.6479712
1990-08-30,7.48,50.8,9.379612000000002
1990-08-31,6.73,72.08,7.923161200000001
1990-09-01,3.15,93.95,3.5276712500000005
1990-09-02,6.08,63.38,7.7758722
1990-09-03,4.95,57.83,7.164979250000001
1990-09-04,2.45,89.09,3.1730602500000007
1990-09-05,5.09,68.43,6.723905350000001
1990-09-06,5.19,65.86,6.9381387000000005
1990-09-07,8.45,57.06,9.8788285
1990-09-08,3.79,95.67,4.0450586500000005
1990-09-09,3.67,94.05,4.024411750000001
1990-09-10,2.96,92.83,3.415079900000001
1990-09-11,4.55,85.7,5.332567500000001
1990-09-12,6.5,73.2,7.6792
1990-09-13,5.95,72.51,7.24271725
1990-09-14,5.72,68.47,7.242583700000001
1990-09-15,4.89,74.32,6.247316400000001
1990-09-16,4.07,76.6,5.412341000000001
1990-09-17,3.72,65.77,5.749496700000001
1990-09-18,2.59,67.59,4.71301705
1990-09-19,3.27,62.19,5.6053346500000005
1990-09-20,3.46,68.2,5.390896000000001
1990-09-21,3.44,72.47,5.114649900000001
1990-09-22,4.46,71.49,6.034322200000001
1990-09-23,6.86,55.5,8.729890000000001
1990-09-24,6.68,53.31,8.6881369
1990-09-25,5.2,60.03,7.2444655000000004
1990-09-26,4.4,68.99,6.122605500000001
1990-09-27,6.16,67.31,7.659490300000001
1990-09-28,4.55,88.64,5.171676000000001
1990-09-29,1.19,88.65,2.0208767500000007
1990-09-30,-0.25,68.13,2.335453750000001
1990-10-01,0.8,73.06,2.829929000000001
1990-10-02,2.39,82.84,3.532941800000001
1990-10-03,0.25,94.48,0.6826300000000007
1990-10-04,-1.64,81.89,-0.032375299999998886
1990-10-05,-3.21,64.62,0.23618890000000103
1990-10-06,-5.1,70.65,-1.9360699999999986
1990-10-07,-4.48,76.86,-2.0644153999999992
1990-10-08,-1.46,70.91,1.0935202000000017
1990-10-09,-1.97,84.55,-0.5704617499999989
1990-10-10,-1.06,81.05,0.5617410000000012
1990-10-11,-0.87,92.62,-0.24613169999999984
1990-10-12,-0.63,92.25,0.014916250000000408
1990-10-13,0.19,91.23,0.8802428500000004
1990-10-14,1.21,92.46,1.7611363000000015
1990-10-15,-2.97,78.76,-0.9291545999999995
1990-10-16,0.3,86.85,1.3270150000000012
1990-10-17,0.54,94.9,0.9315780000000004
1990-10-18,-3.8,70.51,-0.831831499999999
1990-10-19,-9.77,79.27,-7.002855949999997
1990-10-20,-5.96,84.64,-4.2315391999999985
1990-10-21,-5.29,85.25,-3.684536249999999
1990-10-22,-12.75,84.91,-10.488386249999998
1990-10-23,-13.1,81.36,-10.270447999999998
1990-10-24,-8.9,92.48,-7.932175999999999
1990-10-25,-12.16,94.26,-11.318343799999997
1990-10-26,-11.35,82.12,-8.807910999999999
1990-10-27,-7.97,96.27,-7.509027949999998
1990-10-28,-7.75,96.6,-7.333924999999996
1990-10-29,-13.43,86.99,-11.431468849999998
1990-10-30,-11.93,96.5,-11.421222499999997
1990-10-31,-14.22,92.51,-13.036879599999999
1990-11-01,-15.84,91.98,-14.501702599999998
1990-11-02,-21.24,91.02,-19.474801399999997
1990-11-03,-20.64,92.93,-19.273581099999998
1990-11-04,-21.92,93.48,-20.6139788
1990-11-05,-23.03,94.17,-21.826600550000002
1990-11-06,-28.01,91.74,-26.0787707
1990-11-07,-28.44,93.44,-26.890724799999997
1990-11-08,-30.62,95.38,-29.473500799999993
1990-11-09,-33.71,96.69,-32.83233694999999
1990-11-10,-27.21,97.97,-26.74430785
1990-11-11,-26.46,98.8,-26.189664
1990-11-12,-18.33,99.66,-18.268607899999992
1990-11-13,-16.44,99.01,-16.2715317
1990-11-14,-25.68,97.67,-25.1650933
1990-11-15,-33.19,97.57,-32.552623149999995
1990-11-16,-34.13,98.24,-33.659261599999994
1990-11-17,-34.49,98.64,-34.1235548
1990-11-18,-28.89,99.01,-28.65374145
1990-11-19,-28.91,98.77,-28.616331349999996
1990-11-20,-38.13,99.06,-37.8579029
1990-11-21,-34.04,99.59,-33.9305423
1990-11-22,-27.82,96.9,-27.098444
1990-11-23,-22.67,99.13,-22.492141549999996
1990-11-24,-34.49,97,-33.681664999999995
1990-11-25,-38.62,98.23,-38.1028768
1990-11-26,-28.54,97.88,-28.038153599999994
1990-11-27,-23.83,98.91,-23.600211649999995
1990-11-28,-22.77,97.81,-22.321082849999996
1990-11-29,-33.15,98.51,-32.759508249999996
1990-11-30,-33.49,98.55,-33.10727975
1990-12-01,-28.43,99.34,-28.2741641
1990-12-02,-25.43,98.97,-25.20379655
1990-12-03,-19.6,99.76,-19.554987999999998
1990-12-04,-23.7,99.41,-23.576040999999996
1990-12-05,-21.15,97.83,-20.724517249999995
1990-12-06,-32.97,99.09,-32.73241265
1990-12-07,-42.67,99.19,-42.415307649999995
1990-12-08,-40.4,98.75,-40.02256249999999
1990-12-09,-37.87,99.08,-37.605007799999996
1990-12-10,-32.4,99.99,-32.397420499999996
1990-12-11,-31.3,99.79,-31.247101
1990-12-12,-26.68,99.16,-26.489748399999996
1990-12-13,-31.64,99.76,-31.579095199999998
1990-12-14,-39.94,99.39,-39.75735379999999
1990-12-15,-35.98,99.06,-35.71901839999999
1990-12-16,-31.67,98.03,-31.16974805
1990-12-17,-23.44,99.91,-23.421219699999995
1990-12-18,-17.65,99.85,-17.623476249999996
1990-12-19,-29.72,98.6,-29.379505999999992
1990-12-20,-32.86,99.49,-32.7271552
1990-12-21,-32.45,98.24,-31.995523999999996
1990-12-22,-30.55,96.77,-29.749686749999995
1990-12-23,-33.87,96.44,-32.922915399999994
1990-12-24,-39.8,97.12,-38.939887999999996
1990-12-25,-44.22,95.4,-42.734384
1990-12-26,-44.97,95.89,-43.62568064999999
1990-12-27,-40.63,98.18,-40.0781487
1990-12-28,-42.03,95.43,-40.60911845
1990-12-29,-43.8,95.15,-42.2448475
1990-12-30,-41.51,96.39,-40.39792144999999
1990-12-31,-36.11,95.99,-34.99379644999999
1991-01-01,-34.17,95.59,-32.98950915
1991-01-02,-30.38,96.68,-29.560491199999998
1991-01-03,-30.06,96.72,-29.256137599999995
1991-01-04,-30.67,97.13,-29.956991549999998
1991-01-05,-33.22,97.73,-32.624215799999995
1991-01-06,-39.19,98.21,-38.66142194999999
1991-01-07,-41.67,96.88,-40.706122799999996
1991-01-08,-41.62,98.64,-41.200222399999994
1991-01-09,-37.19,96.59,-36.22055405
1991-01-10,-35.22,97.36,-34.4980656
1991-01-11,-33.62,95.8,-32.508427999999995
1991-01-12,-31.02,95.67,-29.9359412
1991-01-13,-25.99,95.9,-25.076950499999995
1991-01-14,-23.08,97.71,-22.606679899999993
1991-01-15,-26.53,99.18,-26.3449547
1991-01-16,-32.94,96.38,-31.995469599999993
1991-01-17,-30.78,97.45,-30.144948
1991-01-18,-28.28,98.32,-27.884712799999996
1991-01-19,-29,98.01,-28.523892499999995
1991-01-20,-31.92,98.79,-31.6110749
1991-01-21,-32.49,99.11,-32.25998395
1991-01-22,-28.91,99.84,-28.871799199999995
1991-01-23,-32.73,99.75,-32.66505874999999
1991-01-24,-29.37,99.09,-29.15043065
1991-01-25,-21.91,99.85,-21.879961749999996
1991-01-26,-18.43,98.73,-18.19998395
1991-01-27,-18.6,99.03,-18.423411499999997
1991-01-28,-22.82,98.36,-22.4833736
1991-01-29,-21.17,98.21,-20.81882885
1991-01-30,-26.59,97.74,-26.0792513
1991-01-31,-34.73,97.44,-34.036841599999995
1991-02-01,-35.18,98.77,-34.84391479999999
1991-02-02,-33.07,99.55,-32.95226424999999
1991-02-03,-30.44,98.2,-29.995094
1991-02-04,-34,98.44,-33.58386999999999
1991-02-05,-30.05,98.7,-29.731467499999997
1991-02-06,-24.93,98.63,-24.632894949999997
1991-02-07,-28.49,98.98,-28.2488261
1991-02-08,-25.67,99.24,-25.5020894
1991-02-09,-26.85,98.76,-26.567992999999998
1991-02-10,-28.13,98.69,-27.822850849999995
1991-02-11,-31.62,99.11,-31.3942426
1991-02-12,-31.7,99.77,-31.641556999999995
1991-02-13,-34.06,99.16,-33.8356528
1991-02-14,-39.05,98.81,-38.69951525
1991-02-15,-40.47,99.47,-40.309762449999994
1991-02-16,-45.36,96.56,-44.2274488
1991-02-17,-46.45,97.6,-45.64546
1991-02-18,-48.29,98.84,-47.88939979999999
1991-02-19,-45.54,99.06,-45.22959319999999
1991-02-20,-42.72,97.08,-41.801046799999995
1991-02-21,-36.66,94.42,-35.08989959999999
1991-02-22,-39.46,95.16,-38.023584799999995
1991-02-23,-38.18,99.36,-37.9945664
1991-02-24,-31.48,98.59,-31.1234251
1991-02-25,-25.25,96.9,-24.5722625
1991-02-26,-31.19,97.56,-30.576840199999996
1991-02-27,-31.21,98.88,-30.9284264
1991-02-28,-25.27,99.02,-25.055639699999993
1991-03-01,-23.35,97.79,-22.889933250000002
1991-03-02,-25,98.93,-24.767542499999998
1991-03-03,-25.48,98.11,-25.0644079
1991-03-04,-24.01,96.68,-23.3068074
1991-03-05,-22.13,96.71,-21.467180149999997
1991-03-06,-23.58,95.29,-22.593537599999994
1991-03-07,-27.29,96.51,-26.487840949999995
1991-03-08,-31.09,97.71,-30.515793949999996
1991-03-09,-31.84,96.83,-31.032062099999997
1991-03-10,-28.19,96.43,-27.35178185
1991-03-11,-26.36,97.04,-25.694799199999995
1991-03-12,-30.03,97.08,-29.314848199999997
1991-03-13,-28.62,96.94,-27.894290399999996
1991-03-14,-30.04,97.91,-29.528012699999994
1991-03-15,-29.32,98.36,-28.9247436
1991-03-16,-26.8,96.53,-26.0117895
1991-03-17,-24.48,98.06,-24.064083399999998
1991-03-18,-23.4,97.03,-22.780903499999994
1991-03-19,-27.32,97.24,-26.685172399999995
1991-03-20,-27.36,92.57,-25.649391099999992
1991-03-21,-25.48,94.97,-24.373953299999997
1991-03-22,-26.28,97.01,-25.6093729
1991-03-23,-25.59,97.44,-25.025532799999997
1991-03-24,-23.35,97.03,-22.73172025
1991-03-25,-22.1,96.06,-21.306877999999998
1991-03-26,-19.61,96.62,-18.9758951
1991-03-27,-17.03,97.22,-16.547906299999998
1991-03-28,-12.73,96.7,-12.235775499999997
1991-03-29,-10.24,96.8,-9.804575999999999
1991-03-30,-7.01,97.74,-6.7426306999999985
1991-03-31,-4.64,98.37,-4.468409899999999
1991-04-01,-5.27,97.34,-4.980764899999999
1991-04-02,-16.73,97.37,-16.278258049999998
1991-04-03,-12.1,97.93,-11.797158999999997
1991-04-04,-6.39,98.69,-6.239487549999997
1991-04-05,-3.1,98.49,-2.953831999999998
1991-04-06,-1.06,97.49,-0.845194199999999
1991-04-07,-2.75,96.58,-2.425527499999998
1991-04-08,-7.47,97.72,-7.194496199999997
1991-04-09,-12.45,96.52,-11.934176999999998
1991-04-10,-4.89,97.32,-4.604191399999998
1991-04-11,-3.81,96.84,-3.491772199999999
1991-04-12,-2.66,98.62,-2.5297555999999983
1991-04-13,-15.74,97.24,-15.280956799999998
1991-04-14,-11.53,97.14,-11.120548099999999
1991-04-15,-3.16,97.48,-2.9152323999999985
1991-04-16,-8.77,97.08,-8.396283799999997
1991-04-17,-19.43,96.22,-18.724595299999997
1991-04-18,-17.15,94.82,-16.248291499999993
1991-04-19,-13.9,97.67,-13.536054
1991-04-20,-10.44,93.84,-9.595032799999998
1991-04-21,-8.63,97.22,-8.276342299999998
1991-04-22,-5.27,96.25,-4.8622437499999975
1991-04-23,-4.14,97.61,-3.8949771999999983
1991-04-24,-2.46,94.19,-1.9180431999999987
1991-04-25,-1.24,92.27,-0.5708138999999988
1991-04-26,-1.59,85.41,-0.29885794999999904
1991-04-27,2.53,67.86,4.645936900000001
1991-04-28,-0.14,60.15,3.068722000000001
1991-04-29,-7.75,62.03,-3.1034212499999994
1991-04-30,-0.94,61.91,2.2946028000000016
1991-05-01,1.79,74.18,3.5949471000000006
1991-05-02,3.87,76.92,5.2193722000000005
1991-05-03,-1.22,65.65,1.7499010000000002
1991-05-04,-3.4,63,0.24265000000000114
1991-05-05,-2.02,65.2,1.141928000000001
1991-05-06,0.97,62.62,3.751632700000001
1991-05-07,1.74,80.54,3.1057028000000004
1991-05-08,1.46,84.42,2.5773976000000003
1991-05-09,1.19,79.13,2.717788350000001
1991-05-10,3.34,71.26,5.1040612
1991-05-11,6.06,67.34,7.5760772
1991-05-12,3.2,63.6,5.462260000000001
1991-05-13,2.29,73.66,4.0588627000000015
1991-05-14,-0.9,54.82,2.926746000000001
1991-05-15,2.67,70.97,4.558836950000001
1991-05-16,2.41,72.85,4.215339250000001
1991-05-17,0.03,54.34,3.6638511000000005
1991-05-18,4.18,54.86,6.7421464
1991-05-19,5.05,88.07,5.67006175
1991-05-20,1.14,89.69,1.8975788000000007
1991-05-21,3.23,72.58,4.9296287
1991-05-22,5.29,73.19,6.64806055
1991-05-23,7.58,67.59,8.813524600000001
1991-05-24,6.24,86.64,6.846944800000001
1991-05-25,8.19,80.59,8.86362405
1991-05-26,10.5,70.65,11.1457
1991-05-27,12.87,59.04,13.2372064
1991-05-28,14.04,70.68,14.1141796
1991-05-29,14.44,67.4,14.450758
1991-05-30,14.44,72.65,14.4490255
1991-05-31,12.78,91.6,12.859464
1991-06-01,14.32,75.7,14.344057
1991-06-02,16.88,56.11,16.305479899999998
1991-06-03,14.43,72.33,14.44065295
1991-06-04,7.68,66.85,8.9234565
1991-06-05,3.11,64.57,5.329512350000002
1991-06-06,5.91,62.34,7.6892467
1991-06-07,6.93,72.31,8.082873150000001
1991-06-08,5.62,84.17,6.393137200000001
1991-06-09,7.68,61.18,9.136138200000001
1991-06-10,9.67,77.69,10.26266515
1991-06-11,8.68,62.41,9.8832559
1991-06-12,12.48,82.05,12.6794245
1991-06-13,17.6,82.02,17.293441
1991-06-14,15.6,93.13,15.5584365
1991-06-15,11.11,82.81,11.43050755
1991-06-16,7.84,76.77,8.690914900000001
1991-06-17,11.51,65.18,12.0826149
1991-06-18,17.94,70.02,17.3727784
1991-06-19,18.89,69.31,18.14898995
1991-06-20,20.74,66.32,19.5841024
1991-06-21,16.42,71.39,16.117878400000002
1991-06-22,13.67,61.87,13.84406345
1991-06-23,15.53,52.76,15.2623854
1991-06-24,17.87,65.65,17.23332275
1991-06-25,15.07,83.65,15.01874275
1991-06-26,16.41,81.16,16.2120858
1991-06-27,12.45,94.16,12.515846
1991-06-28,11.81,84.47,12.03976635
1991-06-29,14.7,80.93,14.679022999999999
1991-06-30,15.76,81.49,15.6317257
1991-07-01,19.56,76.55,18.907386499999998
1991-07-02,21.76,72.84,20.6755012
1991-07-03,22.35,78.61,21.426486750000002
1991-07-04,24.8,64.17,22.7702305
1991-07-05,25.57,65.82,23.4889507
1991-07-06,25.99,64.16,23.725091199999998
1991-07-07,21.38,61.92,19.9390528
1991-07-08,20.5,56.57,19.06681
1991-07-09,18.13,73.15,17.59393975
1991-07-10,18.73,58.52,17.7649678
1991-07-11,18.54,60.37,17.6594214
1991-07-12,21.6,58.99,19.9985595
1991-07-13,24.53,51.75,21.86828875
1991-07-14,26.6,51.82,23.393621
1991-07-15,27.08,55.47,23.9989693
1991-07-16,27.29,49.01,23.70310845
1991-07-17,26.76,52.35,23.5469605
1991-07-18,24.09,58.58,21.9053021
1991-07-19,20.2,85,19.72975
1991-07-20,19.21,85.94,18.8457757
1991-07-21,13.83,64.02,13.9625863
1991-07-22,12.19,51.99,12.79996705
1991-07-23,12.95,65.14,13.2471815
1991-07-24,11.14,76.03,11.582965600000001
1991-07-25,13.51,55.49,13.75235695
1991-07-26,14.99,80.86,14.9384177
1991-07-27,12.46,92.99,12.538652200000001
1991-07-28,13.9,89.24,13.935508
1991-07-29,15.92,78.84,15.7547404
1991-07-30,18.88,71.7,18.198252999999998
1991-07-31,20.14,72.49,19.2866398
1991-08-01,18.27,71.88,17.6869318
1991-08-02,19.66,65.98,18.6945124
1991-08-03,20.64,77.04,19.8646408
1991-08-04,18.55,76.33,18.02275075
1991-08-05,18.51,71.28,17.8765804
1991-08-06,18.71,63.13,17.856275150000002
1991-08-07,17.72,68.15,17.1559365
1991-08-08,20.13,60.08,18.8938772
1991-08-09,19.93,60.92,18.7628758
1991-08-10,19.8,67.15,18.8424225
1991-08-11,15.85,71.8,15.640615
1991-08-12,19.45,59.42,18.3452095
1991-08-13,19.28,71.36,18.5270544
1991-08-14,17.18,80.71,16.8956654
1991-08-15,17.46,68.99,16.955157200000002
1991-08-16,15.27,77.11,15.173060849999999
1991-08-17,17.18,67.52,16.701244799999998
1991-08-18,18.06,60.49,17.2863942
1991-08-19,19.08,57.44,18.0079136
1991-08-20,21.75,55.29,19.96718875
1991-08-21,17.68,69.54,17.1472546
1991-08-22,12.08,66.14,12.5306766
1991-08-23,13.06,66.04,13.3289632
1991-08-24,8.09,93.04,8.3353748
1991-08-25,13.31,67.04,13.5257232
1991-08-26,13.13,80.23,13.278966950000001
1991-08-27,14.79,69.48,14.7413206
1991-08-28,11.77,80.15,12.06804775
1991-08-29,8,54.74,9.618045
1991-08-30,7.24,68.12,8.5129684
1991-08-31,7.41,77.4,8.291287
1991-09-01,7.49,82.25,8.17435125
1991-09-02,5.33,88.54,5.9079851
1991-09-03,8.18,71.46,9.1720504
1991-09-04,7.75,85.18,8.3001925
1991-09-05,7.03,78.06,7.9314049
1991-09-06,9.24,62.2,10.333554
1991-09-07,7.86,73.14,8.840927200000001
1991-09-08,9.79,76.1,10.4091295
1991-09-09,9.32,75.44,10.019714400000002
1991-09-10,9.1,71.02,9.960706
1991-09-11,9.77,64.92,10.6826062
1991-09-12,8.86,68.73,9.8299954
1991-09-13,8.43,44.6,10.279529
1991-09-14,7.52,69.21,8.7020281
1991-09-15,9.06,66.06,10.075484800000002
1991-09-16,7.18,88,7.66312
1991-09-17,5.9,53.67,8.091409
1991-09-18,6.01,55.37,8.093997850000001
1991-09-19,7.38,54.9,9.146116000000001
1991-09-20,6.73,63.91,8.27230615
1991-09-21,6.94,66.46,8.3345932
1991-09-22,6.08,80.55,6.980729500000001
1991-09-23,-0.79,80.71,0.8321925500000016
1991-09-24,-1.02,82.48,0.4755072000000009
1991-09-25,-0.73,66.53,2.0736145500000007
1991-09-26,-2.16,84.14,-0.7067481999999987
1991-09-27,-1.55,79.89,0.22521025000000106
1991-09-28,-1.42,79.83,0.346085200000001
1991-09-29,-0.99,87.19,0.10134795000000163
1991-09-30,-0.16,78.23,1.5953151000000005
1991-10-01,1.13,81.61,2.482308650000001
1991-10-02,1.4,96.72,1.6363240000000006
1991-10-03,0.39,93.44,0.8990888000000016
1991-10-04,-2.73,74.69,-0.33149784999999854
1991-10-05,-1.99,64.74,1.2079057000000015
1991-10-06,-0.55,90.39,0.24546775000000143
1991-10-07,-6.04,76.29,-3.361481299999999
1991-10-08,-5.28,74.66,-2.523261399999998
1991-10-09,-6.3,70.7,-2.9480799999999983
1991-10-10,-10.15,67.77,-5.780417749999999
1991-10-11,-9.54,74.43,-6.159134599999999
1991-10-12,-9.52,82.84,-7.252992399999998
1991-10-13,-6.46,69.95,-2.9958359999999984
1991-10-14,-2.88,90.18,-1.941306199999999
1991-10-15,-2.35,84.94,-0.9543144999999988
1991-10-16,-3.61,94.66,-3.0781092999999977
1991-10-17,-5.78,88.55,-4.502866999999998
1991-10-18,-9.82,83.63,-7.630348799999998
1991-10-19,-12.41,87.85,-10.611739249999998
1991-10-20,-10.68,90.5,-9.364344999999998
1991-10-21,-8.61,89.03,-7.215658149999998
1991-10-22,-6.35,90.96,-5.313337999999997
1991-10-23,-4.15,95.71,-3.7099532499999976
1991-10-24,-9.22,88.62,-7.7353652
1991-10-25,-20.1,89.69,-18.138006999999998
1991-10-26,-19.76,91.03,-18.0697829
1991-10-27,-15.34,91.23,-13.900667599999998
1991-10-28,-14.51,82.03,-11.642796649999998
1991-10-29,-15.55,90.41,-13.965012749999998
1991-10-30,-13.88,90.59,-12.411193099999998
1991-10-31,-15.99,87.51,-13.895489449999998
1991-11-01,-21.36,86.44,-18.685561199999995
1991-11-02,-20.71,91.09,-18.98453395
1991-11-03,-22.33,89.4,-20.182810999999997
1991-11-04,-22.9,91.52,-21.155663999999994
1991-11-05,-21.02,93.82,-19.812675199999997
1991-11-06,-22.26,94.91,-21.230903799999997
1991-11-07,-20.63,95.3,-19.721889499999996
1991-11-08,-20.51,88.6,-18.314873
1991-11-09,-21.49,94.04,-20.3102478
1991-11-10,-20.46,95.98,-19.687034399999998
1991-11-11,-21.58,95,-20.587799999999994
1991-11-12,-22.3,96.22,-21.534927999999997
1991-11-13,-24.27,97.09,-23.649486149999998
1991-11-14,-29.94,98.83,-29.654028599999997
1991-11-15,-31.42,96.02,-30.4148112
1991-11-16,-27.57,99.18,-27.3802643
1991-11-17,-29.41,99.02,-29.173325099999996
1991-11-18,-29.32,98.16,-28.876541599999996
1991-11-19,-26.53,99.42,-26.3991143
1991-11-20,-23.48,99.28,-23.329599199999997
1991-11-21,-22.73,98.64,-22.451519599999997
1991-11-22,-31.78,99.2,-31.576368
1991-11-23,-33.32,98.35,-32.886033499999996
1991-11-24,-40.04,98.44,-39.57204679999999
1991-11-25,-33.83,99.53,-33.705066949999996
1991-11-26,-29.96,98.38,-29.563861399999997
1991-11-27,-30.45,98.74,-30.138496499999995
1991-11-28,-26.84,98.94,-26.598987799999996
1991-11-29,-26.17,98.4,-25.812104
1991-11-30,-24.35,98.31,-23.98888925
1991-12-01,-25.12,98.66,-24.828000599999996
1991-12-02,-27.22,98.97,-26.9836562
1991-12-03,-35.91,97.54,-35.227952699999996
1991-12-04,-31.51,98.58,-31.150661899999996
1991-12-05,-30.86,97.85,-30.323617999999996
1991-12-06,-32.34,96.12,-31.340434400000003
1991-12-07,-34.69,97.33,-33.96764484999999
1991-12-08,-39.51,97.54,-38.77924469999999
1991-12-09,-37.08,98.8,-36.739571999999995
1991-12-10,-30.27,98.03,-29.784917049999997
1991-12-11,-35.59,99.38,-35.419193099999994
1991-12-12,-37.88,97.47,-37.15113229999999
1991-12-13,-35.12,98.91,-34.82252809999999
1991-12-14,-38.12,99.77,-38.053435699999994
1991-12-15,-36.37,99.44,-36.21332039999999
1991-12-16,-31,97.82,-30.454454999999992
1991-12-17,-32.35,98.01,-31.837226749999996
1991-12-18,-37.83,98.8,-37.484621999999995
1991-12-19,-38.75,96.39,-37.69272125
1991-12-20,-30.79,99.68,-30.7102896
1991-12-21,-29.49,98.06,-29.020626699999994
1991-12-22,-30.96,97.45,-30.3224235
1991-12-23,-34.22,98.89,-33.9225644
1991-12-24,-34.51,98.41,-34.081407549999994
1991-12-25,-28.17,98.66,-27.855522099999998
1991-12-26,-23.94,98.57,-23.637669399999997
1991-12-27,-32.01,99.98,-32.004883899999996
1991-12-28,-28.33,99.93,-28.313510449999995
1991-12-29,-38.58,99.37,-38.39607779999999
1991-12-30,-30.14,99.4,-29.992687999999998
1991-12-31,-26.06,99.94,-26.046615199999998
1992-01-01,-29.83,99.16,-29.625195399999996
1992-01-02,-22.91,99.45,-22.79683475
1992-01-03,-35.79,97.14,-34.9989383
1992-01-04,-34.78,98.21,-34.294838399999996
1992-01-05,-44.58,95.68,-43.1762592
1992-01-06,-42.15,97.94,-41.508155499999994
1992-01-07,-49.48,96.37,-48.202639299999994
1992-01-08,-44.97,98.51,-44.48264335
1992-01-09,-36.63,98.02,-36.0731943
1992-01-10,-33.74,99.23,-33.5357036
1992-01-11,-36.16,98.55,-35.75598649999999
1992-01-12,-36.34,99.14,-36.0995268
1992-01-13,-36.93,99.42,-36.765938299999995
1992-01-14,-35.03,98.38,-34.588687699999994
1992-01-15,-29.57,99.28,-29.395482799999996
1992-01-16,-32.66,97.82,-32.09455159999999
1992-01-17,-42.51,95.54,-41.111544699999996
1992-01-18,-41.31,98.22,-40.7636201
1992-01-19,-36.9,98.81,-36.563587
1992-01-20,-42.37,96.32,-41.21895119999999
1992-01-21,-44.58,98.43,-44.06984419999999
1992-01-22,-46.82,98.47,-46.303992199999996
1992-01-23,-46.47,95.02,-44.80003169999999
1992-01-24,-43.39,97.75,-42.67361125
1992-01-25,-37.8,98.93,-37.492214499999996
1992-01-26,-35.32,98.73,-34.9720073
1992-01-27,-34.45,99.41,-34.29115725
1992-01-28,-31.69,99.34,-31.5223303
1992-01-29,-26.86,99.77,-26.807679599999997
1992-01-30,-24.9,100,-24.899999999999995
1992-01-31,-24.11,99.93,-24.095135149999997
1992-02-01,-26.9,99,-26.672299999999996
1992-02-02,-25.89,99.34,-25.7433843
1992-02-03,-27.57,98.58,-27.241433299999997
1992-02-04,-22.02,99.64,-21.947690399999995
1992-02-05,-29.83,98.67,-29.505726049999996
1992-02-06,-36.94,98.67,-36.5637164
1992-02-07,-38.6,98.6,-38.191129999999994
1992-02-08,-42.57,96.04,-41.3270154
1992-02-09,-40.48,97.06,-39.590973399999996
1992-02-10,-41.52,98.96,-41.1995656
1992-02-11,-41.26,99.22,-41.02078959999999
1992-02-12,-41.98,98.81,-41.610338399999996
1992-02-13,-39.69,98.82,-39.33830689999999
1992-02-14,-34.69,97.54,-34.0244593
1992-02-15,-32.19,96.9,-31.393935499999998
1992-02-16,-35.63,97.6,-34.968284
1992-02-17,-33.56,97.98,-33.0260534
1992-02-18,-34.1,98.88,-33.800624
1992-02-19,-33.18,98.21,-32.710590399999994
1992-02-20,-27.01,99.48,-26.891281399999997
1992-02-21,-22.75,99.02,-22.549222499999996
1992-02-22,-18.53,99.38,-18.417367699999996
1992-02-23,-17.15,99.49,-17.061221749999998
1992-02-24,-19.46,99,-19.27322
1992-02-25,-19.92,98.89,-19.7098659
1992-02-26,-20.62,98.34,-20.2993544
1992-02-27,-17.16,98.92,-16.9719396
1992-02-28,-14.06,99.32,-13.953185599999998
1992-02-29,-25.05,96.37,-24.26038425
1992-03-01,-27.85,96.95,-27.13957875
1992-03-02,-30.42,98.83,-30.130939799999997
1992-03-03,-23.42,98.67,-23.142615199999998
1992-03-04,-30.44,98.5,-30.069245
1992-03-05,-29.93,97.63,-29.350854949999995
1992-03-06,-30.41,99.31,-30.239566549999996
1992-03-07,-27.4,98.97,-27.162636499999998
1992-03-08,-22.6,98.43,-22.2796415
1992-03-09,-20.21,98.79,-19.979004949999997
1992-03-10,-22.21,98.37,-21.88089485
1992-03-11,-25.71,98.8,-25.444613999999998
1992-03-12,-24.24,97.85,-23.781899499999994
1992-03-13,-25.21,96.97,-24.548232849999998
1992-03-14,-27.44,97.49,-26.861018299999998
1992-03-15,-22.64,96.3,-21.884200999999997
1992-03-16,-23.52,97.6,-23.018135999999995
1992-03-17,-23.4,97.53,-22.885128499999997
1992-03-18,-18.46,97.25,-17.961479999999998
1992-03-19,-20.17,97.27,-19.64942995
1992-03-20,-21.78,96.12,-21.0057848
1992-03-21,-20.1,96.49,-19.432046999999997
1992-03-22,-13.97,99.49,-13.890141649999999
1992-03-23,-4.24,98.11,-4.045197699999999
1992-03-24,-4.84,97.46,-4.569820199999997
1992-03-25,-3.69,97.89,-3.4789050499999985
1992-03-26,-12.01,97.2,-11.601745999999999
1992-03-27,-6.47,98.39,-6.284310649999998
1992-03-28,-3.69,97.55,-3.4448897499999975
1992-03-29,-13.82,96.96,-13.346489599999998
1992-03-30,-22.34,96.78,-21.687563599999997
1992-03-31,-17.2,97.19,-16.710076499999996
1992-04-01,-16.63,97.45,-16.193401749999996
1992-04-02,-19.77,95.56,-18.933126599999994
1992-04-03,-20.27,96.53,-19.60641455
1992-04-04,-20.97,96.89,-20.363285649999998
1992-04-05,-20.28,96.91,-19.6889139
1992-04-06,-16.45,97.14,-15.963156499999998
1992-04-07,-12.18,97.89,-11.870378599999997
1992-04-08,-8.14,98.46,-7.948239199999999
1992-04-09,-10.17,96.67,-9.718168949999997
1992-04-10,-8.64,97.91,-8.374005699999998
1992-04-11,-4.91,98.8,-4.781893999999999
1992-04-12,-1.45,98.19,-1.2912177499999993
1992-04-13,-0.51,96.53,-0.2235341499999997
1992-04-14,-1.58,96.53,-1.2731131999999998
1992-04-15,-2.65,98.26,-2.4858744999999987
1992-04-16,-1.27,98.99,-1.1823976499999986
1992-04-17,-1.53,99,-1.441834999999999
1992-04-18,-3.75,97.18,-3.4669424999999996
1992-04-19,-2.93,89.27,-1.9013685499999986
1992-04-20,-0.8,88.99,0.1264915000000012
1992-04-21,-1.38,92.29,-0.7066085999999995
1992-04-22,-0.49,90,0.3344500000000008
1992-04-23,-2.07,85.55,-0.7530992499999987
1992-04-24,0.93,66.16,3.455648400000001
1992-04-25,2.87,72.36,4.6379926000000005
1992-04-26,1.33,69.75,3.5211587500000006
1992-04-27,-0.92,76.02,1.1137438000000017
1992-04-28,-0.86,71.5,1.547680000000001
1992-04-29,-2.43,71.38,0.23495130000000142
1992-04-30,-0.58,67.32,2.1304792000000017
1992-05-01,3.26,62.85,5.5566130000000005
1992-05-02,2.14,84.27,3.2093254000000018
1992-05-03,3.81,76.18,5.2104969
1992-05-04,0.93,89.35,1.7248627500000016
1992-05-05,1.19,72.17,3.2272951500000007
1992-05-06,2.47,67.99,4.587941650000001
1992-05-07,-0.42,73.85,1.7258690000000012
1992-05-08,2.81,67.12,4.924019600000001
1992-05-09,4.04,73.36,5.572599200000001
1992-05-10,4.13,70.59,5.807399350000001
1992-05-11,4.62,72.73,6.1018518
1992-05-12,5.31,64.98,7.0800859
1992-05-13,7.35,65.93,8.68980275
1992-05-14,6.43,60.78,8.1707797
1992-05-15,5.72,84.51,6.4680121
1992-05-16,6.34,77.14,7.3659568
1992-05-17,4.34,68.15,6.119778
1992-05-18,2.27,77.2,3.803642000000001
1992-05-19,2.62,68.34,4.6886644
1992-05-20,7.64,69.13,8.8047251
1992-05-21,11.84,67.25,12.3191325
1992-05-22,14.54,71.23,14.533670599999999
1992-05-23,9.29,77.36,9.9387492
1992-05-24,9.6,69.13,10.4319465
1992-05-25,10.66,55.62,11.5973056
1992-05-26,11.86,59.31,12.4508188
1992-05-27,12.52,62.86,12.9244546
1992-05-28,10.38,68.12,11.102400800000002
1992-05-29,7.82,58.54,9.3432404000000009
1992-05-30,5.1,59.37,7.200571
1992-05-31,6.52,77.08,7.5259588
1992-06-01,8.69,58.6,10.012937
1992-06-02,6.68,77.73,7.637832700000001
1992-06-03,1.65,85.7,2.6606525000000003
1992-06-04,2.87,69.63,4.812617050000001
1992-06-05,7.25,64.69,8.65798625
1992-06-06,12.99,69.47,13.24355165
1992-06-07,16.33,63.92,15.966854799999998
1992-06-08,18.78,62.12,17.8883048
1992-06-09,15.02,76.38,14.952446799999999
1992-06-10,9.21,71.29,10.04531745
1992-06-11,9.93,65.2,10.804698
1992-06-12,14,66.72,14.09152
1992-06-13,11.29,84.18,11.5693021
1992-06-14,15.36,58.58,15.164083399999999
1992-06-15,17.43,51.97,16.65599655
1992-06-16,19.44,55.84,18.2401728
1992-06-17,21.09,53.95,19.42091775
1992-06-18,13.18,60.81,13.4645194
1992-06-19,16.82,64.25,16.36383
1992-06-20,19.65,57.39,18.443071749999998
1992-06-21,20.93,65.65,19.71521225
1992-06-22,25.14,57.42,22.6482184
1992-06-23,26.35,52.27,23.23919725
1992-06-24,24.36,66.05,22.5188915
1992-06-25,22.05,71.22,20.8549105
1992-06-26,21.92,65.79,20.5238899
1992-06-27,19.46,59.14,18.3453392
1992-06-28,21.98,55.58,20.1525612
1992-06-29,20.35,74.92,19.543051000000002
1992-06-30,15.81,66.37,15.56769585
1992-07-01,16.06,52.69,15.6540802
1992-07-02,17.49,59.43,16.82282635
1992-07-03,19.45,55.87,18.24856075
1992-07-04,18.17,65.6,17.475636
1992-07-05,15.7,93.05,15.654129999999999
1992-07-06,14.7,86.53,14.685182999999999
1992-07-07,11.83,90.73,11.966129950000001
1992-07-08,11.83,77.09,12.16643335
1992-07-09,15.25,53.81,15.05946625
1992-07-10,17.37,48.69,16.56007165
1992-07-11,20.46,56.25,19.025875
1992-07-12,20.86,78.26,20.0995348
1992-07-13,18.94,81.12,18.478950400000002
1992-07-14,18.89,70.22,18.170961900000002
1992-07-15,16.68,85.28,16.503507199999998
1992-07-16,16.75,82.61,16.53479875
1992-07-17,18.11,71.15,17.537183249999998
1992-07-18,18.48,77.32,17.9835348
1992-07-19,18,88.83,17.7849775
1992-07-20,18.16,74.05,17.6376265
1992-07-21,18.76,67.63,18.0015709
1992-07-22,21.08,61.47,19.6855993
1992-07-23,21,61.93,19.6389975
1992-07-24,20.11,57.64,18.8029822
1992-07-25,19.18,57.31,18.0811594
1992-07-26,18.96,58.86,17.9508358
1992-07-27,19.56,59.54,18.433998199999998
1992-07-28,18.78,47.38,17.5413252
1992-07-29,19.99,52.45,18.55422775
1992-07-30,18.26,62.72,17.4890496
1992-07-31,12.57,58.03,13.015511550000001
1992-08-01,7.98,72.1,8.980494
1992-08-02,9.23,77.62,9.8786843
1992-08-03,10.06,73.04,10.7183632
1992-08-04,11.95,70.93,12.35770675
1992-08-05,14.96,62.72,14.8656816
1992-08-06,16.95,63.02,16.4516945
1992-08-07,14.43,61.21,14.44493415
1992-08-08,18.08,48.22,17.0604518
1992-08-09,18.98,42.86,17.5720704
1992-08-10,19.7,48.33,18.222237999999997
1992-08-11,22.3,45.11,19.945219
1992-08-12,22.39,45.79,20.03755705
1992-08-13,22.52,39.59,19.8553149
1992-08-14,22.79,42.35,20.16144825
1992-08-15,20.33,51.63,18.779015949999998
1992-08-16,19.67,57.01,18.44757935
1992-08-17,12.49,57.78,12.9567421
1992-08-18,13.6,45.33,13.8706165
1992-08-19,15.81,54.22,15.480155100000001
1992-08-20,17.68,57.01,16.9281049
1992-08-21,10.77,93.75,10.89821875
1992-08-22,9.93,60.01,10.93514865
1992-08-23,8.09,51.68,9.7935216
1992-08-24,6.77,49.88,8.9008518
1992-08-25,4.77,48.13,7.545823050000001
1992-08-26,6.86,44.63,9.1866474
1992-08-27,9.21,44.71,10.81866255
1992-08-28,12.3,43.78,12.980262
1992-08-29,14.67,50.54,14.6237549
1992-08-30,13.44,72.49,13.600383299999999
1992-08-31,12.38,63.8,12.802092
1992-09-01,11.67,73.11,12.08854285
1992-09-02,8.95,95.85,9.07667875
1992-09-03,7.95,88.06,8.380138500000001
1992-09-04,10.57,71.35,11.189269750000001
1992-09-05,12.07,66.92,12.512114200000001
1992-09-06,13.79,55.32,13.9644754
1992-09-07,8.87,86.86,9.2768801
1992-09-08,6.75,86.06,7.3441925
1992-09-09,9.83,77.55,10.40662825
1992-09-10,8.54,85.73,9.007770599999999
1992-09-11,7.1,93.03,7.383679000000001
1992-09-12,7.2,90.65,7.575402500000001
1992-09-13,5.02,72.2,6.469492
1992-09-14,3.41,74.75,4.950123750000001
1992-09-15,3.7,68.72,5.558032000000001
1992-09-16,4.86,67.36,6.590572800000001
1992-09-17,5.71,66.93,7.30876915
1992-09-18,3.91,70.7,5.616578500000001
1992-09-19,2.96,77.12,4.4121936
1992-09-20,4.39,66.11,6.27445345
1992-09-21,7.34,72.35,8.428857
1992-09-22,3.67,92.49,4.117333150000001
1992-09-23,3.51,86.53,4.32419415
1992-09-24,-0.76,85.75,0.4360025000000012
1992-09-25,-1.31,87.16,-0.19349779999999894
1992-09-26,0.77,78.82,2.3694077000000013
1992-09-27,2.7,70.18,4.635318000000001
1992-09-28,3.45,73.88,5.0374430000000014
1992-09-29,-2.63,72.79,-0.06640984999999944
1992-09-30,-3.54,51.87,1.2354586000000012
1992-10-01,-1.69,69.61,1.0160775500000008
1992-10-02,-4.16,73.27,-1.416700099999999
1992-10-03,-3.05,69.79,-0.13397974999999862
1992-10-04,-0.16,91.73,0.5068100999999999
1992-10-05,-3.67,82.16,-1.887159599999998
1992-10-06,-0.12,94.59,0.31501810000000124
1992-10-07,0.62,96.08,0.9192528000000019
1992-10-08,1.36,97.64,1.5305572000000014
1992-10-09,-2.84,79.94,-0.9268777999999982
1992-10-10,-4.26,64.77,-0.6249685999999985
1992-10-11,-0.6,90.23,0.2113985000000005
1992-10-12,-0.21,90.89,0.52704455000000106
1992-10-13,-14.02,63.07,-8.227160199999998
1992-10-14,-9.54,64.32,-4.822390399999997
1992-10-15,-8.27,87.31,-6.680767849999999
1992-10-16,-9.59,71.99,-5.878815049999997
1992-10-17,-6.36,76.7,-3.6867909999999995
1992-10-18,-5.02,77.98,-2.6559327999999987
1992-10-19,-12.38,76.66,-8.929414399999999
1992-10-20,-12.68,85.08,-10.449609199999998
1992-10-21,-9.74,87.48,-8.0708336
1992-10-22,-7.04,87.48,-5.556755599999999
1992-10-23,-4.44,90.1,-3.4087169999999984
1992-10-24,-2.44,91.89,-1.684391299999998
1992-10-25,-2.22,86.41,-0.9702635999999982
1992-10-26,-1.18,96.78,-0.9023071999999981
1992-10-27,-3.93,86.28,-2.5392721999999988
1992-10-28,-6.94,87.04,-5.411756799999999
1992-10-29,-14.81,77.15,-11.12646575
1992-10-30,-16.11,78.39,-12.471848449999998
1992-10-31,-18.17,81.11,-14.77575035
1992-11-01,-16.11,90.61,-14.529146549999998
1992-11-02,-20.68,90.61,-18.8631289
1992-11-03,-31.55,86.78,-28.201704499999998
1992-11-04,-27.55,89.15,-25.04066625
1992-11-05,-27.3,91.18,-25.272281999999997
1992-11-06,-18.08,98.63,-17.834509699999995
1992-11-07,-18.44,96.6,-17.824021999999996
1992-11-08,-22.01,98.84,-21.7770662
1992-11-09,-17.14,99.72,-17.091274399999996
1992-11-10,-26.19,97.45,-25.61932275
1992-11-11,-32.28,98.9,-31.996981
1992-11-12,-33.35,99.6,-33.24473
1992-11-13,-29.83,99.1,-29.610566499999994
1992-11-14,-26.3,98.07,-25.866907999999995
1992-11-15,-32.7,97.63,-32.084748
1992-11-16,-35.37,97.24,-34.612973399999994
1992-11-17,-33.31,98.9,-33.0207495
1992-11-18,-32.33,99.58,-32.2218227
1992-11-19,-42.25,98.52,-41.78805499999999
1992-11-20,-41.87,98.37,-41.36464295
1992-11-21,-37.44,98.31,-36.957217699999994
1992-11-22,-38.33,97.51,-37.60649315
1992-11-23,-36.97,97.28,-36.20000879999999
1992-11-24,-34.36,97.29,-33.6317417
1992-11-25,-39.56,98.19,-39.0218327
1992-11-26,-38.83,97.6,-38.12604399999999
1992-11-27,-42.46,98.23,-41.905494399999995
1992-11-28,-40.08,97.7,-39.389562999999995
1992-11-29,-41.14,98.17,-40.579983399999996
1992-11-30,-39.21,97.53,-38.480349649999994
1992-12-01,-40.37,98.98,-40.0621793
1992-12-02,-39.87,98.88,-39.535080799999996
1992-12-03,-40.73,98.19,-40.180185349999995
1992-12-04,-41.73,96.79,-40.737259349999995
1992-12-05,-41.79,98.54,-41.33799129999999
1992-12-06,-36.55,98.21,-36.04741274999999
1992-12-07,-29.37,99.49,-29.24694465
1992-12-08,-32.9,99.12,-32.670584
1992-12-09,-36.56,99.18,-36.3297194
1992-12-10,-38.82,98.83,-38.4768858
1992-12-11,-37.36,98.02,-36.7952446
1992-12-12,-37.38,97.75,-36.737985
1992-12-13,-35.06,99.37,-34.8882746
1992-12-14,-29.2,99.35,-29.043772499999996
1992-12-15,-26.03,98.53,-25.702314949999995
1992-12-16,-22.12,99.34,-21.9870694
1992-12-17,-23.73,99.76,-23.679536399999996
1992-12-18,-22.1,99.2,-21.938959999999998
1992-12-19,-28.66,98.05,-28.197108999999998
1992-12-20,-25.35,99.04,-25.139592
1992-12-21,-37.92,96.82,-37.0031742
1992-12-22,-42.36,98.06,-41.7533038
1992-12-23,-39.8,98.92,-39.47745799999999
1992-12-24,-39.71,97.84,-39.0659852
1992-12-25,-31.87,97.74,-31.293620899999997
1992-12-26,-34.45,99.17,-34.22654325
1992-12-27,-27.49,99.05,-27.270602249999992
1992-12-28,-24.88,99.86,-24.849677399999997
1992-12-29,-28.18,99.97,-28.172957799999995
1992-12-30,-27.02,99.89,-26.994880399999996
1992-12-31,-24.25,99.54,-24.1519625
1993-01-01,-30.37,99.1,-30.147893499999995
1993-01-02,-29.71,98.5,-29.3452675
1993-01-03,-25.8,99.65,-25.722422499999997
1993-01-04,-27.46,99.33,-27.305377399999998
1993-01-05,-33.74,99.32,-33.5595824
1993-01-06,-33.3,98.66,-32.94771399999999
1993-01-07,-30.3,99.08,-30.073311999999998
1993-01-08,-23.24,97.96,-22.816557199999995
1993-01-09,-26.66,98.51,-26.322693799999996
1993-01-10,-29.46,99.19,-29.264158199999997
1993-01-11,-31.02,99.68,-30.9398848
1993-01-12,-29.44,99.34,-29.2804978
1993-01-13,-27.6,99.02,-27.373080999999996
1993-01-14,-27.26,99.04,-27.0395072
1993-01-15,-23.88,98.81,-23.628802899999997
1993-01-16,-23.31,99.66,-23.23929529999999
1993-01-17,-23.37,99.08,-23.1783778
1993-01-18,-24.89,99.26,-24.7296827
1993-01-19,-29.72,99.2,-29.525431999999995
1993-01-20,-38.65,97.91,-38.03904074999999
1993-01-21,-39.1,96.9,-38.18612
1993-01-22,-44.73,98.79,-44.335824349999996
1993-01-23,-45.95,98.75,-45.534406249999996
1993-01-24,-40.62,97.82,-39.95911119999999
1993-01-25,-31.92,99.87,-31.8868097
1993-01-26,-26.74,98.71,-26.447402199999996
1993-01-27,-16.26,98.22,-15.958859599999998
1993-01-28,-20.52,99.17,-20.3601337
1993-01-29,-16.73,99.54,-16.6509881
1993-01-30,-23.02,96.79,-22.357584399999997
1993-01-31,-37.91,96.47,-36.892459849999995
1993-02-01,-42.19,98.22,-41.63500489999999
1993-02-02,-38.8,97.03,-37.92934449999999
1993-02-03,-42.71,99.06,-42.414224299999994
1993-02-04,-42.52,98.39,-42.0150879
1993-02-05,-37.74,99.62,-37.6308184
1993-02-06,-33.49,98,-32.962109999999996
1993-02-07,-30.96,99.71,-30.887491299999994
1993-02-08,-23.54,100,-23.539999999999996
1993-02-09,-18.08,100,-18.079999999999995
1993-02-10,-16.71,98.87,-16.51602985
1993-02-11,-22.14,98.82,-21.902206399999997
1993-02-12,-26.58,98.91,-26.333725399999995
1993-02-13,-33.19,99.62,-33.0903279
1993-02-14,-35.08,99.26,-34.878209399999996
1993-02-15,-31.82,99.06,-31.580525599999994
1993-02-16,-31.92,98.71,-31.590650099999998
1993-02-17,-32.49,99.23,-32.29099735
1993-02-18,-33.28,99.39,-33.119698099999994
1993-02-19,-25.94,99.36,-25.797651199999997
1993-02-20,-24.59,98.79,-24.329856049999997
1993-02-21,-25.42,98.7,-25.134572
1993-02-22,-27.97,98.1,-27.526188499999996
1993-02-23,-26.29,98.28,-25.904126599999998
1993-02-24,-25.71,97.58,-25.174804899999998
1993-02-25,-24.33,98.51,-24.011788149999997
1993-02-26,-22.92,99.26,-22.7677006
1993-02-27,-23.6,98.58,-23.302438999999996
1993-02-28,-16.06,98.72,-15.844857599999997
1993-03-01,-16.67,97.83,-16.29798605
1993-03-02,-33.73,94.23,-32.19942095
1993-03-03,-37.53,98.15,-37.00059475
1993-03-04,-37.59,98.83,-37.25480085
1993-03-05,-17.78,98.64,-17.5385456
1993-03-06,-17.45,97.47,-17.005415749999994
1993-03-07,-16.47,98.39,-16.195760649999997
1993-03-08,-15.28,99.71,-15.232500899999996
1993-03-09,-24.76,96.33,-23.967536899999995
1993-03-10,-27.94,96.39,-27.097353799999997
1993-03-11,-26.34,98.46,-25.994085199999997
1993-03-12,-24.87,98.95,-24.642638249999997
1993-03-13,-24.3,98.54,-23.988435999999997
1993-03-14,-22.18,98.46,-21.869320399999996
1993-03-15,-19.37,98.55,-19.09988675
1993-03-16,-16.92,98.62,-16.6815222
1993-03-17,-17.68,99.04,-17.510089599999997
1993-03-18,-14.51,98.87,-14.329702849999997
1993-03-19,-13.57,99.28,-13.458842799999998
1993-03-20,-9.75,97.57,-9.425898749999998
1993-03-21,-15.03,97.47,-14.619090049999995
1993-03-22,-22.48,97.9,-22.052881
1993-03-23,-18.13,96.76,-17.548533399999997
1993-03-24,-28.19,96.38,-27.340042099999998
1993-03-25,-29.61,96.31,-28.714787549999997
1993-03-26,-27.43,97.77,-26.915728549999997
1993-03-27,-21.14,97.86,-20.7205172
1993-03-28,-14.46,98.4,-14.205152
1993-03-29,-7.54,98.01,-7.298772199999998
1993-03-30,-21,96.28,-20.27367
1993-03-31,-18.91,96.2,-18.211731
1993-04-01,-20.92,98.13,-20.5557053
1993-04-02,-16.24,95.96,-15.556957199999994
1993-04-03,-11.67,97.1,-11.252588499999996
1993-04-04,-9.02,97.71,-8.723765599999997
1993-04-05,-17.26,97.05,-16.744694
1993-04-06,-21.11,95.18,-20.1659789
1993-04-07,-17.46,91.59,-15.9816902
1993-04-08,-14.58,91.69,-13.250898599999998
1993-04-09,-13.26,97.27,-12.843183599999996
1993-04-10,-7.31,98.4,-7.118071999999999
1993-04-11,-13.32,96.83,-12.834958299999998
1993-04-12,-8.66,96.9,-8.265122
1993-04-13,-13.06,97.12,-12.623449599999999
1993-04-14,-13.54,98.02,-13.234644399999997
1993-04-15,-12.91,95.6,-12.246677999999998
1993-04-16,-9.74,97.74,-9.438696799999999
1993-04-17,-18.35,97.66,-17.9272205
1993-04-18,-15.72,97.34,-15.2778814
1993-04-19,-10.78,97.81,-10.475502399999996
1993-04-20,-7.93,97.85,-7.664765249999998
1993-04-21,-8.26,97.75,-7.978344999999999
1993-04-22,-6.47,97.48,-6.179355799999998
1993-04-23,-9.04,98.69,-8.870394299999996
1993-04-24,-6.01,98.35,-5.823871749999999
1993-04-25,-5.62,97.64,-5.358842399999998
1993-04-26,-3.83,98.28,-3.6565981999999995
1993-04-27,-2.78,97.55,-2.5471519999999974
1993-04-28,-2.92,95.89,-2.5262208999999984
1993-04-29,-4.05,98.18,-3.8643144999999985
1993-04-30,-3.19,98.82,-3.075191899999998
1993-05-01,-1.47,98.79,-1.3637196499999988
1993-05-02,-1.17,93.04,-0.5701523999999984
1993-05-03,2.67,78.31,4.08125985
1993-05-04,4.97,71.29,6.47483465
1993-05-05,3.16,79.2,4.457296000000001
1993-05-06,1.09,79.95,2.568787750000001
1993-05-07,-0.62,85.7,0.5691880000000008
1993-05-08,1.2,66.81,3.6278485000000007
1993-05-09,1.11,82.92,2.3678566000000014
1993-05-10,-1.74,62.71,1.5907428000000012
1993-05-11,-2.38,61.89,1.1581324000000004
1993-05-12,-1.37,64.36,1.7408374000000015
1993-05-13,2,58.14,4.877875
1993-05-14,3.98,80.47,5.110005800000001
1993-05-15,5.52,61.59,7.4170698999999995
1993-05-16,7.68,75.24,8.608747600000001
1993-05-17,3.78,91.33,4.291183200000001
1993-05-18,2.3,79.68,3.663472
1993-05-19,5.08,69.52,6.659168800000001
1993-05-20,8.49,63.76,9.6879132
1993-05-21,5.19,81.93,6.115274350000001
1993-05-22,9.38,72.68,10.1493312
1993-05-23,7.67,86.87,8.16322845
1993-05-24,9.24,78.88,9.8510016
1993-05-25,8.1,78.69,8.850112
1993-05-26,12.07,66.33,12.51999955
1993-05-27,9.2,86.9,9.581865
1993-05-28,4.11,94.51,4.423726050000001
1993-05-29,5.69,82.61,6.532632450000001
1993-05-30,7.09,75.9,8.0721955
1993-05-31,10.36,71.88,11.0002924
1993-06-01,10.36,71.8,11.002114
1993-06-02,7.43,78.26,8.2753599
1993-06-03,10.13,76.19,10.70227335
1993-06-04,10.27,86.39,10.586636649999999
1993-06-05,11.16,76.94,11.583612200000001
1993-06-06,14.87,54.8,14.778018
1993-06-07,14.57,68.51,14.55787635
1993-06-08,13.99,69.8,14.074711
1993-06-09,11.99,68.11,12.43024145
1993-06-10,11.3,63.58,11.940992000000001
1993-06-11,10.39,67.76,11.118785200000001
1993-06-12,5.56,61.46,7.4550118
1993-06-13,6.32,64.51,7.916695100000001
1993-06-14,2.56,83.52,3.642241600000001
1993-06-15,8.93,61.64,10.1051586
1993-06-16,12.96,66.38,13.244761400000002
1993-06-17,12.45,72.01,12.76558725
1993-06-18,17.85,73.81,17.36744925
1993-06-19,19.29,75.02,18.6319019
1993-06-20,13.66,79.71,13.7537398
1993-06-21,14.32,83.76,14.3360776
1993-06-22,10.06,92.82,10.2353356
1993-06-23,15.31,70.89,15.18031495
1993-06-24,18.16,67.61,17.5079893
1993-06-25,21.16,71.23,20.1061549
1993-06-26,21.7,83.85,21.06046
1993-06-27,20.64,78.07,19.8994239
1993-06-28,20.95,71.01,19.92157975
1993-06-29,17.41,83.53,17.14639765
1993-06-30,14.83,78.66,14.7912679
1993-07-01,14.53,70.3,14.5250995
1993-07-02,16.69,64,16.25638
1993-07-03,16.79,67.94,16.3862043
1993-07-04,14.9,62.65,14.81783
1993-07-05,18.42,68.48,17.7404288
1993-07-06,17.63,72.34,17.1538331
1993-07-07,12.09,81.24,12.3386638
1993-07-08,16.52,63.73,16.1170403
1993-07-09,19.84,61.37,18.7054369
1993-07-10,22.75,48.32,20.40502
1993-07-11,23.75,63.39,21.88746625
1993-07-12,17.35,79.01,17.02098175
1993-07-13,19.8,58.33,18.5853195
1993-07-14,22.72,56.59,20.7574339
1993-07-15,22.03,81.73,21.27334795
1993-07-16,13.82,89.07,13.8608782
1993-07-17,11.95,76.77,12.27580075
1993-07-18,16.03,64.13,15.728153950000001
1993-07-19,15.64,73.06,15.4710862
1993-07-20,16.45,87.05,16.31111125
1993-07-21,18.69,76.59,18.150516550000003
1993-07-22,21.07,61.74,19.687474899999998
1993-07-23,21.77,64.15,20.336537749999998
1993-07-24,16.64,61.73,16.1895621
1993-07-25,18.68,47.69,17.4773931
1993-07-26,20.51,53.87,18.98517285
1993-07-27,23.95,58.34,21.7847215
1993-07-28,23.48,75.92,22.290688799999998
1993-07-29,24.58,66.4,22.717215999999997
1993-07-30,19.87,63.08,18.7795678
1993-07-31,12.53,57.36,12.992004399999999
1993-08-01,13.07,55.36,13.4210936
1993-08-02,14.25,54.71,14.31227375
1993-08-03,15.87,53.3,15.518115499999999
1993-08-04,15.16,56.96,15.0037648
1993-08-05,14.49,80.08,14.4910956
1993-08-06,17.56,62.57,16.9300531
1993-08-07,15.57,74.63,15.42069755
1993-08-08,17.89,57.41,17.09590945
1993-08-09,16.86,66.71,16.427895799999998
1993-08-10,19.06,72.1,18.360267999999998
1993-08-11,18.05,63.43,17.33597075
1993-08-12,17.14,58.23,16.5334996
1993-08-13,16.42,60.07,15.998339200000002
1993-08-14,17.81,55.98,17.0086159
1993-08-15,18.83,55.85,17.778567749999997
1993-08-16,18.03,59.03,17.23456745
1993-08-17,14.42,63.84,14.4359104
1993-08-18,13.96,56.59,14.088927700000001
1993-08-19,15.69,52.98,15.382254099999999
1993-08-20,16.89,43.53,16.14770185
1993-08-21,16.74,63.44,16.2895808
1993-08-22,12.63,58.15,13.06042725
1993-08-23,7.73,48.2,9.658773
1993-08-24,10.6,54.72,11.571256
1993-08-25,5.81,86.37,6.4614458500000005
1993-08-26,5.13,47.07,7.857747550000001
1993-08-27,7.38,55.8,9.110872
1993-08-28,8.15,72.12,9.123709
1993-08-29,13.56,64.07,13.7457581
1993-08-30,10.41,56.48,11.3889824
1993-08-31,12.69,64.63,13.04210835
1993-09-01,10.1,68.97,10.850926
1993-09-02,8.44,54.96,9.9411832
1993-09-03,9.55,60.39,10.628382250000001
1993-09-04,12.77,72.15,13.034992749999999
1993-09-05,7.55,93.91,7.782790250000001
1993-09-06,7.15,84.7,7.7685025
1993-09-07,8,83.88,8.57629
1993-09-08,4.51,80.53,5.57977915
1993-09-09,1.68,93.51,2.1376099
1993-09-10,2.92,81.33,4.1090923
1993-09-11,4.96,70.27,6.5199331
1993-09-12,8.68,59.36,9.9808864
1993-09-13,7.82,68.85,8.964451
1993-09-14,8.21,82.12,8.828558600000001
1993-09-15,7.81,80.73,8.51903965
1993-09-16,7.07,63.81,8.54890435
1993-09-17,7.51,67.53,8.75830915
1993-09-18,6.79,97.72,6.886683400000001
1993-09-19,6.26,95.88,6.446718400000001
1993-09-20,3.07,97,3.2585950000000006
1993-09-21,2.73,78.72,4.107560800000001
1993-09-22,1.93,94.3,2.324069500000001
1993-09-23,2.38,92.2,2.8999480000000006
1993-09-24,0.94,97.26,1.1443492000000004
1993-09-25,0.74,87.93,1.6534576000000003
1993-09-26,2.59,77.58,4.058622100000001
1993-09-27,0.08,88.39,1.0007891000000007
1993-09-28,-0.76,78.05,1.0822635000000012
1993-09-29,-0.79,69.61,1.7656470500000006
1993-09-30,0.32,78.44,2.001464400000001
1993-10-01,-0.88,83.1,0.5495710000000015
1993-10-02,-0.42,72.39,1.8456766000000013
1993-10-03,-1.83,84.78,-0.46301569999999925
1993-10-04,-1.27,75.31,0.871487150000001
1993-10-05,0.59,96.05,0.8921947500000014
1993-10-06,-0.47,78.65,1.287852250000001
1993-10-07,-3.07,78.26,-0.9691550999999987
1993-10-08,-5.12,87.1,-3.727960999999998
1993-10-09,-7.55,76.7,-4.724292499999999
1993-10-10,-6.92,72.19,-3.6437038999999984
1993-10-11,-6.82,87.74,-5.382392399999998
1993-10-12,-10.26,84.63,-8.166913399999999
1993-10-13,-7.3,86.38,-5.666961999999998
1993-10-14,-7.54,87.29,-5.9992937999999985
1993-10-15,-8.79,84.25,-6.772503749999998
1993-10-16,-13.44,79.42,-10.277471399999998
1993-10-17,-15.14,82.01,-12.207270199999998
1993-10-18,-13,92.31,-11.836887499999998
1993-10-19,-7.97,98.24,-7.752490399999997
1993-10-20,-9.59,96.96,-9.187215199999999
1993-10-21,-12.7,95.2,-11.981919999999997
1993-10-22,-12.05,96.33,-11.514088249999997
1993-10-23,-11.72,98.48,-11.5008008
1993-10-24,-7.91,97.99,-7.662257449999997
1993-10-25,-18.16,95.67,-17.3822021
1993-10-26,-18.78,85.69,-16.1606976
1993-10-27,-15.82,94.21,-14.854459599999997
1993-10-28,-12.2,96.04,-11.618473999999999
1993-10-29,-8.39,97.97,-8.134433149999998
1993-10-30,-9.09,98.02,-8.833104899999999
1993-10-31,-17.78,96.41,-17.142631399999996
1993-11-01,-18.2,93.5,-17.030974999999998
1993-11-02,-19,98.36,-18.69783
1993-11-03,-25.46,97.29,-24.864396199999998
1993-11-04,-26.13,94.82,-24.972451299999992
1993-11-05,-24.82,97.23,-24.2209598
1993-11-06,-24.39,98.1,-23.983599499999997
1993-11-07,-23.16,92.67,-21.641737099999997
1993-11-08,-22.18,98.15,-21.806780999999997
1993-11-09,-24.17,97.71,-23.682951349999996
1993-11-10,-25.24,97.57,-24.708874899999994
1993-11-11,-23.36,98.12,-22.968527599999998
1993-11-12,-20.33,97.48,-19.847256199999997
1993-11-13,-32.18,98.37,-31.7615138
1993-11-14,-29.07,98.86,-28.796816099999994
1993-11-15,-25.85,98.98,-25.6236365
1993-11-16,-31.71,98.8,-31.405013999999998
1993-11-17,-29.16,98.29,-28.7493777
1993-11-18,-26.38,98.02,-25.934816799999997
1993-11-19,-27.68,98.08,-27.234579199999995
1993-11-20,-26.53,98.33,-26.153139449999998
1993-11-21,-26.33,98.78,-26.056030699999994
1993-11-22,-25.94,98.77,-25.666423399999996
1993-11-23,-27.18,98.97,-26.943882799999997
1993-11-24,-30.18,99,-29.93426
1993-11-25,-28.92,96.93,-28.1868533
1993-11-26,-31.42,98.39,-31.0133784
1993-11-27,-34.43,98.78,-34.10167969999999
1993-11-28,-36.25,98.58,-35.85364249999999
1993-11-29,-41.06,94.76,-39.4587608
1993-11-30,-38.72,99.21,-38.48875909999999
1993-12-01,-39.64,98.04,-39.0563708
1993-12-02,-30.62,99.85,-30.582776
1993-12-03,-37.12,98.58,-36.71684779999999
1993-12-04,-33.33,98.64,-32.97223159999999
1993-12-05,-36.83,99.57,-36.70860455
1993-12-06,-25.22,99.98,-25.215630799999996
1993-12-07,-23.99,99.96,-23.981532199999993
1993-12-08,-39.56,98.89,-39.2299637
1993-12-09,-39.97,99.2,-39.730332
1993-12-10,-38.9,98.57,-38.480008999999995
1993-12-11,-43.54,93.86,-41.57998919999999
1993-12-12,-53.5,89.63,-49.62161999999999
1993-12-13,-54.7,85.95,-49.35257
1993-12-14,-55.48,81.98,-48.5442822
1993-12-15,-52.63,93.53,-50.24117895
1993-12-16,-54.51,78.01,-46.16358554999999
1993-12-17,-52.96,89.89,-49.208886699999994
1993-12-18,-53.06,96.14,-51.625701199999995
1993-12-19,-50.9,96.25,-49.55112499999999
1993-12-20,-47.04,95.88,-45.64550359999999
1993-12-21,-49.05,92.58,-46.456524499999986
1993-12-22,-49.31,94.87,-47.50960085
1993-12-23,-38.43,97.61,-37.734235149999996
1993-12-24,-30.97,99.3,-30.794940499999992
1993-12-25,-32.07,98.07,-31.575659449999993
1993-12-26,-28.59,99.26,-28.4146237
1993-12-27,-30.85,98.82,-30.555678499999996
1993-12-28,-35.38,99.95,-35.366283
1993-12-29,-33.13,99.13,-32.902090449999996
1993-12-30,-34.35,98.93,-34.06251775
1993-12-31,-37.57,98.5,-37.14042249999999
1994-01-01,-38.7,97.39,-37.936313999999996
1994-01-02,-43.68,96.73,-42.6336327
1994-01-03,-46.97,92.91,-44.572977349999995
1994-01-04,-45.11,94.89,-43.434660949999994
1994-01-05,-49.87,99.46,-49.678821099999986
1994-01-06,-49.71,97.41,-48.795328549999994
1994-01-07,-45.18,96.44,-44.011465599999994
1994-01-08,-48.23,95.49,-46.67398234999999
1994-01-09,-51.2,96.5,-49.935275
1994-01-10,-52.85,93.13,-50.30518025
1994-01-11,-49.6,96.93,-48.5176715
1994-01-12,-48.87,97.76,-48.0892816
1994-01-13,-48.88,91.02,-45.7496618
1994-01-14,-51.6,94.39,-49.560484499999994
1994-01-15,-49.37,93.55,-47.10421174999999
1994-01-16,-47.67,95.22,-46.0355507
1994-01-17,-44.29,97.79,-43.575407549999994
1994-01-18,-43.47,96.59,-42.38277264999999
1994-01-19,-45.08,97.02,-44.10348379999999
1994-01-20,-47.91,95.14,-46.24178069999999
1994-01-21,-45.97,97.41,-45.10860484999999
1994-01-22,-46.28,95.73,-44.852581699999995
1994-01-23,-45.71,95.65,-44.26947575
1994-01-24,-42.11,95.25,-40.631063749999996
1994-01-25,-47.03,97.21,-46.08582214999999
1994-01-26,-47.4,92.36,-44.798961999999996
1994-01-27,-39.73,97.24,-38.90678859999999
1994-01-28,-35.2,97.42,-34.494757
1994-01-29,-33.29,97.23,-32.56191935
1994-01-30,-33.62,97,-32.82601999999999
1994-01-31,-36.13,97.96,-35.5619314
1994-02-01,-36.26,98.28,-35.779810399999995
1994-02-02,-42.42,98.63,-41.991107799999995
1994-02-03,-41.38,98.95,-41.057292999999994
1994-02-04,-33.32,98.56,-32.9412656
1994-02-05,-35.93,97.21,-35.15615164999999
1994-02-06,-37.53,96.56,-36.5455924
1994-02-07,-35.66,95.09,-34.30542919999999
1994-02-08,-31.91,95.58,-30.781772899999996
1994-02-09,-33.81,95.19,-32.531958949999996
1994-02-10,-38.55,99.28,-38.339921999999994
1994-02-11,-34.36,97.83,-33.776855899999994
1994-02-12,-30.84,97.62,-30.246499399999998
1994-02-13,-32.36,96.68,-31.504336399999996
1994-02-14,-34.88,94.36,-33.3482324
1994-02-15,-34.43,98.7,-34.080150499999995
1994-02-16,-33.56,98.81,-33.2454473
1994-02-17,-32.29,99.32,-32.115005399999994
1994-02-18,-33.08,99.07,-32.836628299999994
1994-02-19,-36.14,99.45,-35.986813999999995
1994-02-20,-36.79,98.53,-36.375320349999996
1994-02-21,-33.45,98.79,-33.13089275
1994-02-22,-32.81,98.54,-32.4301007
1994-02-23,-27.01,96.67,-26.249744349999997
1994-02-24,-26.09,95.93,-25.18139285
1994-02-25,-28.32,98.94,-28.070359399999994
1994-02-26,-25.5,97.93,-25.044599999999996
1994-02-27,-24.4,97.74,-23.916472999999996
1994-02-28,-26.74,98.04,-26.295432799999997
1994-03-01,-29.73,97.69,-29.168057849999997
1994-03-02,-33.64,98.57,-33.2613789
1994-03-03,-31.09,98.55,-30.726419749999998
1994-03-04,-27.84,98.49,-27.488366299999996
1994-03-05,-23.37,98.78,-23.1158923
1994-03-06,-22.58,93.2,-21.193207999999995
1994-03-07,-26.24,97.86,-25.760490199999996
1994-03-08,-24.9,98.23,-24.516440999999997
1994-03-09,-26.14,98.74,-25.858364799999997
1994-03-10,-24.36,97.63,-23.853459899999994
1994-03-11,-20.1,96.17,-19.371150999999998
1994-03-12,-14.74,97.39,-14.320259799999997
1994-03-13,-13.12,97.55,-12.747820499999996
1994-03-14,-15.58,98.52,-15.335148799999995
1994-03-15,-19.23,97.58,-18.781053699999998
1994-03-16,-21.16,99,-20.963869999999996
1994-03-17,-21.87,99.11,-21.69196885
1994-03-18,-17.15,98.8,-16.94111
1994-03-19,-14.96,99.07,-14.809312099999998
1994-03-20,-13.52,99.04,-13.372054399999998
1994-03-21,-16.18,98.01,-15.844207399999997
1994-03-22,-19.97,97.05,-19.410724249999998
1994-03-23,-20.53,97.84,-20.113843600000003
1994-03-24,-17.02,90.61,-15.392149599999998
1994-03-25,-16.82,98.39,-16.5426614
1994-03-26,-13.7,97.73,-13.347922999999996
1994-03-27,-14.7,98.36,-14.436615999999999
1994-03-28,-17.99,97.57,-17.555771149999995
1994-03-29,-15.81,96.64,-15.2498712
1994-03-30,-15.12,98.31,-14.844682099999998
1994-03-31,-15.48,97.93,-15.138677699999997
1994-04-01,-18.11,97.86,-17.726180299999996
1994-04-02,-15.38,96.84,-14.860685599999998
1994-04-03,-9.11,98.21,-8.877559549999997
1994-04-04,-9.16,97.65,-8.854194499999998
1994-04-05,-13.38,97.22,-12.953714799999997
1994-04-06,-10.67,95.74,-10.080266899999998
1994-04-07,-7.01,97.41,-6.703590049999998
1994-04-08,-16.42,94.21,-15.435352599999998
1994-04-09,-10,97.43,-9.6536925
1994-04-10,-8.04,98.37,-7.837928899999999
1994-04-11,-10.06,97.4,-9.708791999999999
1994-04-12,-5.7,98.43,-5.525572999999999
1994-04-13,-5.5,97.85,-5.263499999999999
1994-04-14,-5.33,96.89,-4.9908078499999995
1994-04-15,-7.62,98.01,-7.377896599999998
1994-04-16,-8.67,97.64,-8.369253399999998
1994-04-17,-9.59,96.87,-9.175290649999997
1994-04-18,-9.71,96.96,-9.305208799999999
1994-04-19,-8.52,97.13,-8.156629299999999
1994-04-20,-7.25,98.1,-7.022712499999998
1994-04-21,-6.68,96.37,-6.2571413
1994-04-22,-4.31,98.07,-4.110331849999997
1994-04-23,-5.37,98.5,-5.2060724999999985
1994-04-24,-5.09,98.53,-4.931614849999997
1994-04-25,-7.81,97.58,-7.513053899999998
1994-04-26,-12.02,97.42,-11.643681199999998
1994-04-27,-8.64,95.4,-8.054558
1994-04-28,-0.97,98.76,-0.8644945999999992
1994-04-29,-1.69,98.07,-1.5181431499999976
1994-04-30,3.45,84.95,4.364663750000001
1994-05-01,3.84,80.49,4.983871300000001
1994-05-02,4.11,71.59,5.73348945
1994-05-03,3.73,83.24,4.722778600000001
1994-05-04,3.2,85.03,4.130385500000001
1994-05-05,2.79,86.06,3.687805700000001
1994-05-06,3.51,91.19,4.042520450000001
1994-05-07,2.71,80.15,3.9971732500000003
1994-05-08,4.46,68.98,6.1729244
1994-05-09,7.19,74.67,8.20839265
1994-05-10,8.24,72.04,9.2026628
1994-05-11,3.42,83.25,4.440745000000001
1994-05-12,1.77,75.05,3.516874250000001
1994-05-13,3.68,72.88,5.293911200000001
1994-05-14,-0.05,84.84,1.163179000000001
1994-05-15,3.09,73.06,4.780619700000001
1994-05-16,2.41,79.16,3.7957558000000016
1994-05-17,4.1,75.1,5.524280000000001
1994-05-18,8.69,51.3,10.2462085
1994-05-19,5.64,78.44,6.6906188
1994-05-20,6.73,72.41,7.90905865
1994-05-21,4.62,83.95,5.492157000000001
1994-05-22,4.46,63.36,6.4832608
1994-05-23,7.29,73.94,8.3234093
1994-05-24,6.87,70.18,8.1213963
1994-05-25,7.45,71.32,8.562067
1994-05-26,8.45,65.97,9.582348249999999
1994-05-27,9.28,66.23,10.2495367
1994-05-28,9.74,64.27,10.675411400000002
1994-05-29,11.41,66.13,11.985620650000001
1994-05-30,11.84,64.95,12.3527815
1994-05-31,12.25,70.32,12.61729
1994-06-01,14.39,65.03,14.411156850000001
1994-06-02,17.26,68.19,16.7771242
1994-06-03,13.44,86.19,13.5205123
1994-06-04,12.18,69.04,12.5750496
1994-06-05,17.72,66.96,17.134861599999997
1994-06-06,9.56,74.66,10.248487800000001
1994-06-07,3.12,58.49,5.7181109
1994-06-08,7.31,48.75,9.33668125
1994-06-09,8.93,54.76,10.3159274
1994-06-10,11.87,45.92,12.652267199999999
1994-06-11,11.19,68.74,11.7590883
1994-06-12,6.91,73.03,8.03586265
1994-06-13,11.29,53.37,12.11325265
1994-06-14,15.15,59.47,15.00510525
1994-06-15,13.31,77.93,13.454448150000001
1994-06-16,9.01,90.75,9.28930375
1994-06-17,6.69,89.43,7.144034350000001
1994-06-18,9.87,82.85,10.306724749999999
1994-06-19,12.02,80.43,12.2869348
1994-06-20,10.79,87.14,11.0524083
1994-06-21,14.16,82.36,14.1929868
1994-06-22,17.27,74.82,16.8863827
1994-06-23,19.36,61.18,18.3223414
1994-06-24,18.21,78.8,17.777414
1994-06-25,16.97,81.48,16.7184058
1994-06-26,15.73,85.94,15.6348841
1994-06-27,14.26,83.21,14.2821628
1994-06-28,11.76,95.4,11.829322
1994-06-29,16.02,76.36,15.8223696
1994-06-30,18.12,67.3,17.468943
1994-07-01,17.64,76.8,17.239336
1994-07-02,17.01,82.04,16.762062200000003
1994-07-03,12.82,86.73,12.942614800000001
1994-07-04,10.76,90.7,10.951301
1994-07-05,12.32,86.34,12.4837834
1994-07-06,12.29,88.98,12.423948099999999
1994-07-07,15.96,78.62,15.7883186
1994-07-08,16.9,76.94,16.595608
1994-07-09,19.29,76.54,18.6719463
1994-07-10,17.85,88.93,17.64603525
1994-07-11,16.95,89.83,16.81295925
1994-07-12,16.08,84,15.940959999999999
1994-07-13,20.12,81.67,19.5534197
1994-07-14,20.44,87.04,20.016596800000002
1994-07-15,20.3,86.86,19.880834
1994-07-16,21.68,74.01,20.6536549
1994-07-17,20.3,86.97,19.884343
1994-07-18,15.1,93.28,15.077824
1994-07-19,11.35,78.32,11.725606
1994-07-20,11.44,77.9,11.811943
1994-07-21,15.45,76.59,15.32768275
1994-07-22,17.49,70.79,17.009641549999998
1994-07-23,19.24,72.3,18.517861
1994-07-24,20.49,88.76,20.1196982
1994-07-25,10.38,87.77,10.657131800000002
1994-07-26,13,69.53,13.2513775
1994-07-27,11.08,74.6,11.557774
1994-07-28,10.36,77.38,10.8750574
1994-07-29,12.06,76.52,12.3751016
1994-07-30,10.99,85.1,11.277644500000001
1994-07-31,7.78,96.55,7.9075120000000005
1994-08-01,10.44,90.26,10.6574942
1994-08-02,11.58,91.2,11.721328
1994-08-03,11.41,75.96,11.818559800000001
1994-08-04,12.69,74.03,12.94853135
1994-08-05,15.01,68.89,14.92273645
1994-08-06,14.52,83.2,14.518151999999999
1994-08-07,14.51,79.73,14.50888515
1994-08-08,13.19,78.45,13.34526775
1994-08-09,9.08,83.66,9.567095400000001
1994-08-10,10.65,79.1,11.092557500000002
1994-08-11,13.77,77.02,13.862264699999999
1994-08-12,9.78,79.2,10.319968
1994-08-13,11.8,75.25,12.1675375
1994-08-14,13.86,75.14,13.9475072
1994-08-15,15.92,74.24,15.7188144
1994-08-16,7.7,75.62,8.611812
1994-08-17,11.31,70.12,11.8342446
1994-08-18,14.11,72.58,14.1688159
1994-08-19,15.73,67.72,15.511625800000001
1994-08-20,13.44,71.25,13.6076125
1994-08-21,11.75,69.38,12.2131275
1994-08-22,15.82,73.62,15.6284812
1994-08-23,17.05,72.33,16.66192825
1994-08-24,18.41,64.71,17.65108855
1994-08-25,18.96,59.82,17.9743846
1994-08-26,18.5,69.83,17.83626
1994-08-27,15.68,83.02,15.5697998
1994-08-28,10.05,95.24,10.166501
1994-08-29,11.16,80.25,11.5228075
1994-08-30,11.22,89.46,11.410141600000001
1994-08-31,9.47,76.77,10.112657950000001
1994-09-01,10.56,70.44,11.2005652
1994-09-02,8.66,76.74,9.407111200000001
1994-09-03,9.85,61.49,10.83489325
1994-09-04,11.15,58.82,11.908741500000001
1994-09-05,10.02,74.37,10.6515232
1994-09-06,9.31,89.41,9.612291550000002
1994-09-07,8.05,96.59,8.170969750000001
1994-09-08,8.7,93.98,8.892038
1994-09-09,8.57,90.1,8.892888500000002
1994-09-10,5.96,94.48,6.219274400000001
1994-09-11,3.43,83.55,4.431558250000001
1994-09-12,2.93,82.02,4.074157300000001
1994-09-13,2.01,86.69,2.9243304500000007
1994-09-14,3.47,74.14,5.038796900000001
1994-09-15,4.75,84.66,5.572607500000001
1994-09-16,1.81,80.54,3.1682107000000004
1994-09-17,3.25,78.13,4.603206250000001
1994-09-18,5.44,71.71,6.849690700000001
1994-09-19,8.07,86.26,8.5559151
1994-09-20,9.15,90.33,9.43453975
1994-09-21,10.22,87.13,10.5229598
1994-09-22,7.86,89.16,8.255876800000001
1994-09-23,7.38,94.6,7.591464
1994-09-24,8.86,87.89,9.2356522
1994-09-25,3.92,81.07,5.021536700000001
1994-09-26,1.27,92.01,1.8513923500000002
1994-09-27,1.26,96.68,1.5017624000000007
1994-09-28,3.97,85.91,4.786022350000001
1994-09-29,5.23,92.47,5.613917050000001
1994-09-30,3.02,86.33,3.883123800000001
1994-10-01,0.33,86.91,1.3501691500000013
1994-10-02,1.15,78.86,2.7022045000000015
1994-10-03,4,86.48,4.78078
1994-10-04,-0.11,85.57,1.0495226500000017
1994-10-05,-2.57,87.96,-1.439624599999998
1994-10-06,-2.36,77.49,-0.27264769999999805
1994-10-07,-3,83.64,-1.425349999999999
1994-10-08,0.43,88.34,1.3323091000000011
1994-10-09,-1.33,87.31,-0.22514514999999924
1994-10-10,-1.39,87.14,-0.26610029999999885
1994-10-11,-1.09,88.86,-0.13480069999999844
1994-10-12,-3.61,95.06,-3.117951299999999
1994-10-13,-5.15,80.83,-3.0782022499999995
1994-10-14,-6.92,81.12,-4.695747199999999
1994-10-15,-5.38,85.26,-3.7683283999999997
1994-10-16,-2.08,96.26,-1.7389493999999988
1994-10-17,-2.28,93.06,-1.6395073999999992
1994-10-18,-8.31,92.84,-7.411742199999998
1994-10-19,-6.7,89.9,-5.52234
1994-10-20,-5.7,93.88,-5.0200679999999975
1994-10-21,-9.45,93.72,-8.622766999999996
1994-10-22,-11.84,95.79,-11.230097299999999
1994-10-23,-5.94,97.07,-5.610609399999999
1994-10-24,-2.96,97.35,-2.7055204999999978
1994-10-25,-7.93,93.1,-7.078781499999996
1994-10-26,-8.55,93.63,-7.742443249999997
1994-10-27,-9.88,92.46,-8.868961399999998
1994-10-28,-18.24,90.08,-16.453705599999996
1994-10-29,-19.79,93.97,-18.652772149999997
1994-10-30,-18.74,85.02,-16.001356399999995
1994-10-31,-18.98,80.43,-15.3763802
1994-11-01,-24.01,88.12,-21.493756599999998
1994-11-02,-24.87,82.43,-21.065480049999998
1994-11-03,-26.93,87.41,-24.061179649999996
1994-11-04,-31.25,92.43,-29.345198749999994
1994-11-05,-31.59,92.12,-29.5924594
1994-11-06,-30.52,93.16,-28.826347599999995
1994-11-07,-32.41,95.95,-31.365079749999996
1994-11-08,-33.56,95.75,-32.4365975
1994-11-09,-29.86,92.61,-28.056987799999998
1994-11-10,-32.93,96.34,-31.975234099999994
1994-11-11,-33.07,95.13,-31.795837549999998
1994-11-12,-28.59,95.44,-27.509302799999997
1994-11-13,-28.47,96.35,-27.607377249999995
1994-11-14,-21.95,97.68,-21.484898
1994-11-15,-17.12,99.86,-17.0956526
1994-11-16,-13.13,96.91,-12.660428149999998
1994-11-17,-19.22,96.2,-18.515251999999997
1994-11-18,-23.37,98.66,-23.090898099999997
1994-11-19,-30.97,97.66,-30.384801099999997
1994-11-20,-37.87,86.48,-33.975766799999995
1994-11-21,-37.8,92.16,-35.54482399999999
1994-11-22,-26.17,98.55,-25.84565675
1994-11-23,-25.82,98.84,-25.5627584
1994-11-24,-20.08,99.37,-19.960180299999998
1994-11-25,-17.28,98.18,-16.961882199999998
1994-11-26,-15.24,98.9,-15.060073000000001
1994-11-27,-15.82,96.13,-15.174638799999997
1994-11-28,-15.5,98.94,-15.325099999999997
1994-11-29,-18.64,98.01,-18.277282699999997
1994-11-30,-22.93,97.77,-22.470921049999998
1994-12-01,-25.48,98.35,-25.117181499999997
1994-12-02,-29.1,99.28,-28.927343999999998
1994-12-03,-36.22,98.81,-35.8880376
1994-12-04,-34.38,98.91,-34.0869644
1994-12-05,-29.9,98.87,-29.624053999999994
1994-12-06,-28.96,99.16,-28.7592148
1994-12-07,-27.89,98.21,-27.472670449999995
1994-12-08,-37.58,97.34,-36.818069599999994
1994-12-09,-39.91,98.24,-39.38331119999999
1994-12-10,-30.83,98.62,-30.485945299999994
1994-12-11,-32.3,97.97,-31.77747799999999
1994-12-12,-34.25,97.45,-33.566281249999996
1994-12-13,-38.6,97.74,-37.939966999999996
1994-12-14,-39.09,98.14,-38.5417743
1994-12-15,-39.11,99.47,-38.953726849999995
1994-12-16,-38.22,99.07,-37.95033719999999
1994-12-17,-33.46,99.18,-33.2437004
1994-12-18,-27.21,98.52,-26.870480599999993
1994-12-19,-40.79,99.41,-40.61058395
1994-12-20,-47.76,98.73,-47.3251139
1994-12-21,-50.63,89.88,-47.0048642
1994-12-22,-49.45,99.47,-49.26358575
1994-12-23,-49.11,98.93,-48.73565515
1994-12-24,-49.58,89.17,-45.76307479999999
1994-12-25,-46.15,95.08,-44.508810999999994
1994-12-26,-46.52,95.87,-45.1339307
1994-12-27,-47.36,95.45,-45.811953499999994
1994-12-28,-50.84,98.23,-50.2039151
1994-12-29,-47.98,95.8,-46.53671199999999
1994-12-30,-44.58,95.48,-43.11127119999999
1994-12-31,-42.15,98.84,-41.78857299999999
1995-01-01,-31.94,98.39,-31.5287738
1995-01-02,-26.47,100,-26.469999999999995
1995-01-03,-28.6,99.52,-28.486216
1995-01-04,-33.96,98.33,-33.514894899999994
1995-01-05,-36.14,97.81,-35.5300412
1995-01-06,-40.07,98.47,-39.610793449999996
1995-01-07,-34.92,99.78,-34.8602018
1995-01-08,-29.07,99.54,-28.9597679
1995-01-09,-38.33,98.69,-37.94935984999999
1995-01-10,-42.49,97.27,-41.63429514999999
1995-01-11,-32.94,96.95,-32.14419399999999
1995-01-12,-33.57,96.81,-32.72661185
1995-01-13,-40.65,99.78,-40.583268499999996
1995-01-14,-40.43,98.56,-39.9949544
1995-01-15,-37.28,98.05,-36.724659499999994
1995-01-16,-34.98,99.28,-34.784059199999994
1995-01-17,-39.11,97.27,-38.30504584999999
1995-01-18,-43.2,96.57,-42.1114895
1995-01-19,-41.48,96.7,-40.46396299999999
1995-01-20,-33.35,98.25,-32.88944375
1995-01-21,-38.43,98.05,-37.86232575
1995-01-22,-42.86,97.7,-42.134395999999995
1995-01-23,-42.1,97.5,-41.32175
1995-01-24,-39.56,97.88,-38.929660399999996
1995-01-25,-39.6,90.75,-36.8476625
1995-01-26,-36.68,96.53,-35.7032297
1995-01-27,-33.83,98.09,-33.322293349999995
1995-01-28,-30.5,98.54,-30.138649999999995
1995-01-29,-28.4,98.62,-28.074388999999993
1995-01-30,-29.02,98.73,-28.716012799999998
1995-01-31,-27.68,98.46,-27.322735399999996
1995-02-01,-24.93,97.89,-24.472414849999996
1995-02-02,-20.98,98.35,-20.658019
1995-02-03,-23.17,99.84,-23.136850399999997
1995-02-04,-25.85,99.57,-25.75457225
1995-02-05,-25.36,98.93,-25.125423899999998
1995-02-06,-23.61,98.57,-23.310264849999996
1995-02-07,-26.7,99.05,-26.484729999999992
1995-02-08,-31.2,99.39,-31.046676499999993
1995-02-09,-27.53,98.37,-27.15320105
1995-02-10,-25.74,97.12,-25.102598399999994
1995-02-11,-24.14,98.54,-23.829720799999997
1995-02-12,-30.42,99.07,-30.1902342
1995-02-13,-27.79,98.17,-27.364351149999994
1995-02-14,-22.99,96.23,-22.212644849999997
1995-02-15,-22.37,98.49,-22.06379465
1995-02-16,-16.06,98.74,-15.848219199999996
1995-02-17,-19.63,98.67,-19.380339049999996
1995-02-18,-20.64,98.29,-20.3095083
1995-02-19,-23.13,98.82,-22.885781299999994
1995-02-20,-24.43,98.22,-24.048875299999995
1995-02-21,-24.6,98.44,-24.264521999999996
1995-02-22,-25.33,98.48,-24.997021199999995
1995-02-23,-23.4,98.5,-23.087324999999996
1995-02-24,-23.62,98.17,-23.236322199999996
1995-02-25,-25.21,98.69,-24.923889449999997
1995-02-26,-26.75,97.71,-26.230456249999996
1995-02-27,-28.72,98.18,-28.287367799999995
1995-02-28,-28.6,99.24,-28.419842
1995-03-01,-23.29,98.52,-22.982389399999995
1995-03-02,-23.3,98.65,-23.019335
1995-03-03,-23.62,98.38,-23.280350799999997
1995-03-04,-18.89,98.49,-18.612696049999997
1995-03-05,-15.88,99.3,-15.763036999999997
1995-03-06,-16.06,99.1,-15.908727999999995
1995-03-07,-17.18,97.21,-16.693870399999994
1995-03-08,-24.11,98.62,-23.816950099999996
1995-03-09,-20.25,99.04,-20.066519999999997
1995-03-10,-17.35,97.85,-16.97337375
1995-03-11,-17.04,97.36,-16.582039199999997
1995-03-12,-23.88,97.96,-23.449376399999995
1995-03-13,-25.99,95.4,-24.965602999999998
1995-03-14,-31.61,95.86,-30.560075299999998
1995-03-15,-29.24,96.41,-28.376353699999992
1995-03-16,-27.47,96.52,-26.6666942
1995-03-17,-27.41,97.03,-26.725400149999995
1995-03-18,-34.83,95.81,-33.69319014999999
1995-03-19,-32.81,95.66,-31.6807103
1995-03-20,-29.39,96.78,-28.612708099999995
1995-03-21,-28.37,95.97,-27.419786449999997
1995-03-22,-27.17,97.56,-26.6107886
1995-03-23,-22.26,98.03,-21.8617054
1995-03-24,-20.44,98.06,-20.0671902
1995-03-25,-18.99,97.6,-18.547931999999996
1995-03-26,-15.78,94.74,-14.903999599999995
1995-03-27,-16.72,95.55,-15.955890499999995
1995-03-28,-14.49,95.6,-13.788441999999996
1995-03-29,-12.16,96.01,-11.5749463
1995-03-30,-13.75,98.14,-13.461002499999998
1995-03-31,-11.62,97.53,-11.265159799999998
1995-04-01,-8.13,98.44,-7.935834599999998
1995-04-02,-12.72,97.88,-12.402614799999997
1995-04-03,-14.42,96.37,-13.8426122
1995-04-04,-15.72,97.51,-15.3061371
1995-04-05,-13.2,97.11,-12.759708499999997
1995-04-06,-14.83,97.24,-14.384770599999998
1995-04-07,-12.93,97.34,-12.528699099999999
1995-04-08,-10.21,97.49,-9.868878449999999
1995-04-09,-11.21,97.32,-10.831034599999999
1995-04-10,-14.39,96.91,-13.899014449999997
1995-04-11,-13.91,97.53,-13.524050149999999
1995-04-12,-11.98,97.87,-11.669786799999999
1995-04-13,-8.93,93.31,-8.06789315
1995-04-14,-6.87,93.59,-6.11660065
1995-04-15,-5.68,97.19,-5.368118099999998
1995-04-16,-3.33,98.13,-3.1466184499999983
1995-04-17,-4.9,97.18,-4.599106
1995-04-18,-3.27,96.92,-2.968976199999999
1995-04-19,-1.03,98.91,-0.9368976499999987
1995-04-20,-4.06,97.45,-3.799695999999998
1995-04-21,-6.56,95.93,-6.0885719
1995-04-22,-4.64,97.04,-4.328400799999998
1995-04-23,-2.59,98.75,-2.4725062499999986
1995-04-24,-3.02,98.5,-2.8754599999999986
1995-04-25,-3.49,98.08,-3.300025599999998
1995-04-26,-1.45,96.95,-1.1824387499999984
1995-04-27,-2.75,98.36,-2.5944049999999996
1995-04-28,-3.78,95.01,-3.278305399999999
1995-04-29,-1,96.09,-0.6666724999999983
1995-04-30,-2.54,96.91,-2.2504051999999986
1995-05-01,-5.07,96.08,-4.6480707999999975
1995-05-02,-7.75,94.23,-7.043896249999999
1995-05-03,-6.07,90.07,-4.9465694499999975
1995-05-04,-5.71,91.49,-4.764070949999998
1995-05-05,0.46,87.05,1.4599990000000014
1995-05-06,4.52,84.7,5.3598170000000005
1995-05-07,2.27,77.58,3.778081300000001
1995-05-08,-0.8,71.63,1.5873355000000016
1995-05-09,-0.65,69.92,1.8564160000000007
1995-05-10,1.97,67.69,4.19664365
1995-05-11,4.79,69.25,6.432203750000001
1995-05-12,4.9,82.47,5.825584000000001
1995-05-13,0.78,69.53,3.079266200000001
1995-05-14,-1.84,58.89,1.8545557000000008
1995-05-15,-2.89,68.39,0.13333845000000055
1995-05-16,0.7,62.58,3.540178000000001
1995-05-17,3.24,61.05,5.652173500000001
1995-05-18,4.53,67.93,6.28855845
1995-05-19,8.27,74.32,9.1499252
1995-05-20,8.41,70.16,9.4094908
1995-05-21,7.81,66.62,9.0382171
1995-05-22,4.56,67.55,6.334041500000001
1995-05-23,3.24,64.73,5.4242711
1995-05-24,5.13,64.66,6.951246900000001
1995-05-25,6.96,66.49,8.3496597
1995-05-26,10.74,64.23,11.4797236
1995-05-27,11.45,73.53,11.894034249999999
1995-05-28,12.83,65.44,13.1474336
1995-05-29,14.29,52.99,14.34429655
1995-05-30,17.75,46.37,16.79136375
1995-05-31,17.02,65.44,16.5409984
1995-06-01,15.85,74.57,15.66118225
1995-06-02,10.4,84.7,10.745015
1995-06-03,9.9,78.86,10.434842000000002
1995-06-04,11,66.26,11.649495
1995-06-05,9.54,77.58,10.1516176
1995-06-06,7.03,84.36,7.672569400000001
1995-06-07,12.9,67.27,13.188024
1995-06-08,11.61,76.64,11.9813072
1995-06-09,15.14,73.16,15.0455232
1995-06-10,17.16,76.98,16.8232174
1995-06-11,11.01,83.06,11.3351633
1995-06-12,13.49,69.97,13.65681665
1995-06-13,15.23,65.87,15.09296805
1995-06-14,12.44,74.4,12.730048
1995-06-15,14.2,67.99,14.2528165
1995-06-16,15.33,78.24,15.2306656
1995-06-17,13.77,70.08,13.8901288
1995-06-18,15.87,68.88,15.635510799999999
1995-06-19,19.77,69.78,18.8940733
1995-06-20,22.13,75.42,21.098500299999998
1995-06-21,24.41,66.66,22.5928033
1995-06-22,25.52,59.58,23.0701438
1995-06-23,24.07,61.11,22.02302485
1995-06-24,21.09,62.39,19.72682555
1995-06-25,21.65,62.9,20.1910425
1995-06-26,23.8,55.67,21.5325205
1995-06-27,25.64,56.43,22.9704661
1995-06-28,24.67,54.03,22.09866805
1995-06-29,23.18,50.8,20.831191999999998
1995-06-30,23.72,49.64,21.1662444
1995-07-01,22.15,47.99,19.96167925
1995-07-02,24.26,44.92,21.3033056
1995-07-03,20.07,55.73,18.71378855
1995-07-04,19.25,51.69,17.98790125
1995-07-05,22.79,55.63,20.76694985
1995-07-06,23.46,58.03,21.391718400000002
1995-07-07,17.34,63.92,16.7764304
1995-07-08,16.81,60.96,16.313996799999998
1995-07-09,15.54,68.07,15.3573604
1995-07-10,10.92,81.56,11.2830836
1995-07-11,12.21,63.92,12.664427600000002
1995-07-12,11.99,64.39,12.48159605
1995-07-13,15.59,52.04,15.3024798
1995-07-14,16.46,52.44,15.9473032
1995-07-15,17.88,67.21,17.2704339
1995-07-16,16.88,58.22,16.3330998
1995-07-17,17.03,55.48,16.410504200000002
1995-07-18,19.25,53.61,18.03806125
1995-07-19,20.55,53.76,19.011364
1995-07-20,22.16,50.62,20.0796206
1995-07-21,20.79,56.39,19.28131205
1995-07-22,18.1,74.72,17.599456
1995-07-23,13.2,90.45,13.2682825
1995-07-24,12.76,76.83,12.9817369
1995-07-25,16.51,65.07,16.12384885
1995-07-26,20.19,50.5,18.6408975
1995-07-27,20.67,51.87,19.03670845
1995-07-28,20.83,55.39,19.27690285
1995-07-29,21.35,56.93,19.72733775
1995-07-30,21.52,54.8,19.774828
1995-07-31,21.08,57.13,19.528534699999998
1995-08-01,23.68,50.79,21.195387099999998
1995-08-02,21.87,56.08,20.0897028
1995-08-03,17.96,46.99,16.9512197
1995-08-04,19.89,44.28,18.2381806
1995-08-05,23.38,49.38,20.9077192
1995-08-06,23.21,53.7,20.9919985
1995-08-07,16.15,40.55,15.610491249999999
1995-08-08,14.52,66.63,14.516329299999999
1995-08-09,14.84,69.77,14.7834699
1995-08-10,10.76,87.32,11.0208276
1995-08-11,11.73,70.6,12.177909000000001
1995-08-12,10.07,69.1,10.822878500000002
1995-08-13,12.79,54.05,13.22215975
1995-08-14,14.57,45.04,14.5488404
1995-08-15,17.36,65.97,16.8247081
1995-08-16,15.4,80.53,15.3036235
1995-08-17,8.09,75.37,8.95833065
1995-08-18,9.36,62.55,10.4187115
1995-08-19,10.67,45.1,11.8264685
1995-08-20,13.14,42.99,13.5664348
1995-08-21,14.42,48.2,14.442792
1995-08-22,15.08,55.44,14.9378536
1995-08-23,16.58,57.49,16.093685599999997
1995-08-24,18.48,54.71,17.4886019
1995-08-25,17.39,53.82,16.6559689
1995-08-26,17.24,55.43,16.568330099999997
1995-08-27,19.88,44.18,18.2282862
1995-08-28,18.79,55.73,17.745449349999998
1995-08-29,15.95,62.06,15.6474285
1995-08-30,14.34,76.36,14.3608032
1995-08-31,12.12,89.52,12.2571832
1995-09-01,7.86,77.42,8.684621600000002
1995-09-02,7.87,75.89,8.74917115
1995-09-03,10.98,60.08,11.7528512
1995-09-04,13.66,64.05,13.826089
1995-09-05,13.1,64.1,13.37643
1995-09-06,15.25,52.37,15.053526249999999
1995-09-07,14.39,57.31,14.41582745
1995-09-08,9.6,64.14,10.566427000000001
1995-09-09,3.8,80.9,4.924035
1995-09-10,7.08,63.03,8.5887457
1995-09-11,4.47,88.99,5.077366650000001
1995-09-12,1.23,75.64,3.0079146000000003
1995-09-13,1.99,54.74,5.104114300000001
1995-09-14,3.5,67.93,5.440235
1995-09-15,3.33,74.26,4.9113369
1995-09-16,6.11,90.93,6.528535150000001
1995-09-17,11.48,82.13,11.7768207
1995-09-18,11.26,72.9,11.742922
1995-09-19,9.99,58.1,11.029329500000001
1995-09-20,3.13,60.95,5.5719917500000005
1995-09-21,2.02,58.34,4.879542400000001
1995-09-22,2.33,84.6,3.3607990000000014
1995-09-23,0.23,69.08,2.656756200000001
1995-09-24,-1.76,72.42,0.7064794000000012
1995-09-25,0.01,51.84,3.848111200000001
1995-09-26,0.14,58.51,3.4168802000000014
1995-09-27,0.1,90.63,0.8421040000000015
1995-09-28,-1.08,96.48,-0.7783711999999994
1995-09-29,-0.87,91.5,-0.151452499999999
1995-09-30,0.12,84.24,1.3664584000000013
1995-10-01,-1.17,80.52,0.5088838000000011
1995-10-02,-0.05,79.9,1.5585025000000006
1995-10-03,-1.36,79.83,0.39942910000000076
1995-10-04,-0.65,78.21,1.1656517500000012
1995-10-05,-1.93,72.61,0.5450973500000014
1995-10-06,-1.9,74.95,0.35951000000000066
1995-10-07,-3.44,71,-0.5785699999999983
1995-10-08,-3.34,70.53,-0.44840359999999935
1995-10-09,-2.49,74.42,-0.09967689999999951
1995-10-10,-2.33,86.85,-1.1127702499999987
1995-10-11,-4.01,68.31,-0.7837995499999995
1995-10-12,-3.45,83.37,-1.8082032499999998
1995-10-13,-7.96,76.04,-5.0002211999999995
1995-10-14,-7.29,78.39,-4.700149549999999
1995-10-15,-4.25,94.51,-3.6838437499999985
1995-10-16,-2.57,95.79,-2.174744149999999
1995-10-17,-3.76,97.38,-3.496873399999997
1995-10-18,-0.42,87.33,0.6197002000000016
1995-10-19,-4.61,84.97,-3.0302718499999983
1995-10-20,-8.49,83.58,-6.4137730999999985
1995-10-21,-8.47,87.71,-6.917342849999998
1995-10-22,-4.14,86.42,-2.747778399999998
1995-10-23,-3.57,95.08,-3.081025799999998
1995-10-24,-9.93,89.99,-8.585006349999997
1995-10-25,-6.07,93.88,-5.377613799999997
1995-10-26,-7.2,96.06,-6.729760999999998
1995-10-27,-6.92,95.93,-6.4405133
1995-10-28,-10.01,95.94,-9.462691699999999
1995-10-29,-13.77,93.49,-12.757792649999997
1995-10-30,-13.66,95.92,-13.0280896
1995-10-31,-20.02,97.71,-19.585220599999996
1995-11-01,-16.39,97.3,-15.931283499999996
1995-11-02,-12.89,97.27,-12.478739149999997
1995-11-03,-20.08,96.79,-19.469490099999994
1995-11-04,-25.17,92.6,-23.555431
1995-11-05,-22.24,93.19,-20.863903299999993
1995-11-06,-20.71,98.41,-20.40208855
1995-11-07,-20.94,96.8,-20.316256
1995-11-08,-23.55,97.16,-22.955658999999997
1995-11-09,-22.71,97.84,-22.2679452
1995-11-10,-20.36,99.2,-20.206615999999997
1995-11-11,-19.44,99.09,-19.2701303
1995-11-12,-21.2,98.75,-20.954562499999998
1995-11-13,-24.63,99.33,-24.485805949999996
1995-11-14,-32.41,98.71,-32.07717354999999
1995-11-15,-30.24,96.83,-29.459958099999994
1995-11-16,-32.4,96.87,-31.592616499999995
1995-11-17,-32.4,90.65,-29.988167499999996
1995-11-18,-27.25,94.99,-26.099578749999996
1995-11-19,-24.44,99.28,-24.2857976
1995-11-20,-25.9,99.11,-25.702241999999995
1995-11-21,-28.84,97.68,-28.2869816
1995-11-22,-27.28,98.63,-26.965187699999998
1995-11-23,-34.57,98.03,-34.03832655
1995-11-24,-37.71,96.63,-36.742287649999994
1995-11-25,-36.71,99.05,-36.44242774999999
1995-11-26,-31.69,99.47,-31.555356149999994
1995-11-27,-26.44,99.37,-26.2981429
1995-11-28,-29.52,98.82,-29.234310199999996
1995-11-29,-29.24,98.64,-28.912824799999996
1995-11-30,-25.24,97.34,-24.658603799999998
1995-12-01,-20.99,99.02,-20.798708899999994
1995-12-02,-30.76,99.41,-30.6131313
1995-12-03,-32.51,99.34,-32.3393537
1995-12-04,-28.23,99.07,-28.011436049999997
1995-12-05,-31.62,99.29,-31.4399014
1995-12-06,-32.51,99.27,-32.321254849999995
1995-12-07,-34.36,98.58,-33.9784034
1995-12-08,-31.77,98.48,-31.383182799999997
1995-12-09,-27.52,98.08,-27.076268799999994
1995-12-10,-27.86,98.91,-27.606051799999996
1995-12-11,-28.52,98.22,-28.098834199999995
1995-12-12,-28.7,98.78,-28.410127999999993
1995-12-13,-36.28,99.3,-36.08449699999999
1995-12-14,-31.87,99.01,-31.617515349999998
1995-12-15,-32.64,98.92,-32.3599884
1995-12-16,-33.84,98.37,-33.4066319
1995-12-17,-33.54,97.77,-32.9507894
1995-12-18,-30.93,99.68,-30.850043200000002
1995-12-19,-32.37,98.51,-31.985900349999994
1995-12-20,-32.64,97.23,-31.9218221
1995-12-21,-33.91,97.23,-33.17247364999999
1995-12-22,-37.66,98.83,-37.32435039999999
1995-12-23,-35.28,98.57,-34.8884803
1995-12-24,-32.83,98.18,-32.35622669999999
1995-12-25,-31.01,98.12,-30.539426600000002
1995-12-26,-27.01,97.87,-26.52371035
1995-12-27,-33.57,99.38,-33.4060813
1995-12-28,-39.65,98.52,-39.20921899999999
1995-12-29,-25.43,98.85,-25.177442749999994
1995-12-30,-31.13,96.95,-30.364556749999995
1995-12-31,-42.18,98.59,-41.7404466
1996-01-01,-35.88,99,-35.60291
1996-01-02,-36.47,96.17,-35.39631694999999
1996-01-03,-45.34,93.21,-43.1052752
1996-01-04,-50.55,96.37,-49.251276749999995
1996-01-05,-45.4,91.08,-42.46130599999999
1996-01-06,-38.25,97.5,-37.5246875
1996-01-07,-39.56,97.14,-38.7096362
1996-01-08,-34.23,99.26,-34.03166889999999
1996-01-09,-25.74,98.4,-25.385887999999998
1996-01-10,-29.58,98.73,-29.272101199999998
1996-01-11,-39.48,97.88,-38.85059319999999
1996-01-12,-37.62,97.31,-36.84888459999999
1996-01-13,-32.05,97.57,-31.427859249999994
1996-01-14,-35.02,99.38,-34.8511368
1996-01-15,-37.41,99.63,-37.30436314999999
1996-01-16,-42.71,98.18,-42.137327899999995
1996-01-17,-44.86,97.35,-43.99482799999999
1996-01-18,-47.57,93.93,-45.49779305
1996-01-19,-44.64,97.09,-43.693464299999995
1996-01-20,-39.12,92.78,-36.990749799999996
1996-01-21,-37.75,95.42,-36.4338225
1996-01-22,-45.83,96.13,-44.54587594999999
1996-01-23,-43.43,97.48,-42.6270902
1996-01-24,-40.81,98.44,-40.335440199999994
1996-01-25,-41.4,97.37,-40.5914065
1996-01-26,-35.45,98.34,-34.993956499999996
1996-01-27,-38.41,98.61,-38.00550304999999
1996-01-28,-37.95,96.31,-36.88552725
1996-01-29,-35.93,95.59,-34.70682035
1996-01-30,-35.44,97.66,-34.797272199999995
1996-01-31,-34.64,98.04,-34.1102708
1996-02-01,-33.42,98.04,-32.903422400000004
1996-02-02,-31.67,97.93,-31.14435455
1996-02-03,-31.86,95.88,-30.809482399999993
1996-02-04,-33.37,98.36,-32.93821259999999
1996-02-05,-36.11,97.95,-35.53937225
1996-02-06,-35.17,98.76,-34.8312506
1996-02-07,-30.4,98.25,-29.967837499999995
1996-02-08,-30.65,98.58,-30.297378499999994
1996-02-09,-24.4,98.75,-24.132562499999995
1996-02-10,-27.06,98.16,-26.63941279999999
1996-02-11,-36.45,96.75,-35.53926875
1996-02-12,-31.29,95.87,-30.249880149999996
1996-02-13,-37.58,96.84,-36.674849599999995
1996-02-14,-39.11,97.39,-38.34042844999999
1996-02-15,-44.04,98.44,-43.53772679999999
1996-02-16,-39.76,98.52,-39.31832359999999
1996-02-17,-29.52,98.89,-29.2512579
1996-02-18,-28.81,98.27,-28.397905349999995
1996-02-19,-22.71,98.65,-22.43371575
1996-02-20,-24.51,99.99,-24.507854449999996
1996-02-21,-22.03,99.14,-21.857213099999996
1996-02-22,-16.85,99.19,-16.71033575
1996-02-23,-25.21,99.25,-25.046196249999998
1996-02-24,-24.75,95.44,-23.765609999999995
1996-02-25,-21.12,96.96,-20.5244336
1996-02-26,-20.7,97.62,-20.239231999999998
1996-02-27,-22.87,98.07,-22.473317449999996
1996-02-28,-28.37,96.52,-27.5494682
1996-02-29,-31.41,97.83,-30.862064149999995
1996-03-01,-36.63,98.14,-36.106940099999996
1996-03-02,-36.95,99.15,-36.70947125
1996-03-03,-30.34,99.28,-30.162433599999996
1996-03-04,-28.34,98.44,-27.972432799999993
1996-03-05,-21.21,99.23,-21.05876815
1996-03-06,-20.36,98.78,-20.126089399999994
1996-03-07,-23.34,98.12,-22.9487344
1996-03-08,-27.46,98.64,-27.1461392
1996-03-09,-26.48,97.63,-25.945825699999997
1996-03-10,-18.14,97.89,-17.7612128
1996-03-11,-14.54,98.62,-14.319586399999997
1996-03-12,-18.39,98.89,-18.189206549999998
1996-03-13,-19.08,97.65,-18.645978499999995
1996-03-14,-25.14,97.83,-24.666896599999994
1996-03-15,-21.68,94.02,-20.490039799999998
1996-03-16,-22.05,98.6,-21.768564999999995
1996-03-17,-22.4,98.25,-22.044837499999996
1996-03-18,-23.8,97.36,-23.243883999999998
1996-03-19,-23.56,97.82,-23.10366059999999
1996-03-20,-21.71,95.64,-20.841684199999996
1996-03-21,-20.66,96.11,-19.9077518
1996-03-22,-17.42,97.21,-16.930187599999996
1996-03-23,-17.34,96.96,-16.807635199999996
1996-03-24,-18.26,97.4,-17.791532
1996-03-25,-16.93,96.6,-16.342258999999995
1996-03-26,-17.3,97.76,-16.908224
1996-03-27,-17.34,97.68,-16.9337216
1996-03-28,-17.74,97.72,-17.335710399999996
1996-03-29,-15.3,98.25,-15.013174999999997
1996-03-30,-13.23,97.74,-12.885316099999999
1996-03-31,-16.23,97.25,-15.76520875
1996-04-01,-14.26,96.35,-13.682642999999999
1996-04-02,-13.75,96.41,-13.192203749999997
1996-04-03,-11.57,97.27,-11.178558949999998
1996-04-04,-11.77,97.86,-11.460802099999999
1996-04-05,-11.98,97.56,-11.624638399999998
1996-04-06,-13.24,97.22,-12.815855399999997
1996-04-07,-13.24,96.54,-12.7121078
1996-04-08,-10.62,96.37,-10.1184792
1996-04-09,-8.36,96.71,-7.946348299999998
1996-04-10,-7.03,89.96,-5.841113399999998
1996-04-11,-7.2,93.7,-6.448094999999999
1996-04-12,-6.86,95.62,-6.3454375999999995
1996-04-13,-4.75,95.16,-4.237564999999998
1996-04-14,-10.63,97.93,-10.34389495
1996-04-15,-7.5,97.01,-7.138209999999999
1996-04-16,-8.26,95.98,-7.756776399999998
1996-04-17,-5.77,95.47,-5.264972949999997
1996-04-18,-6,96.99,-5.660622499999998
1996-04-19,-6.65,97.13,-6.316147249999999
1996-04-20,-5.02,98.08,-4.813868799999997
1996-04-21,-1.95,98.61,-1.8242397499999978
1996-04-22,-5.19,98.53,-5.030806349999998
1996-04-23,-3.03,98.99,-2.9326208499999984
1996-04-24,-1.29,98.29,-1.14149505
1996-04-25,-3.67,98.65,-3.5350877499999998
1996-04-26,-2.07,98.9,-1.9697514999999999
1996-04-27,-0.82,99.21,-0.7534345999999976
1996-04-28,-4.58,98.07,-4.377465799999997
1996-04-29,-1.1,81.09,0.5224780000000009
1996-04-30,-0.04,85.71,1.102771300000001
1996-05-01,0.11,92.87,0.67430385
1996-05-02,1.03,94.71,1.4219096500000012
1996-05-03,2.03,94.46,2.409960900000001
1996-05-04,2.3,80.33,3.6198570000000005
1996-05-05,4.99,59.16,7.126136200000001
1996-05-06,5.76,70.95,7.1564335
1996-05-07,5.82,70.86,7.211143600000001
1996-05-08,7,75.83,7.9970125
1996-05-09,5.41,65.66,7.1268283000000014
1996-05-10,5.1,79.73,6.147959
1996-05-11,8.92,69.77,9.8477587
1996-05-12,9.02,73.38,9.8223268
1996-05-13,2.35,64.14,4.746344500000001
1996-05-14,4.67,59.88,6.8390878
1996-05-15,6.81,73.95,7.91178475
1996-05-16,8.78,80.13,9.4051102
1996-05-17,3.99,83.57,4.939736150000001
1996-05-18,9.86,74.2,10.518416
1996-05-19,2.81,86.39,3.6850549500000005
1996-05-20,1.54,90.35,2.2278520000000013
1996-05-21,3.53,77.97,4.859180050000001
1996-05-22,8.21,81.89,8.83651545
1996-05-23,13.3,81,13.425400000000002
1996-05-24,6.11,82.16,6.933226800000001
1996-05-25,0.22,70.64,2.525934400000001
1996-05-26,3.52,59.75,5.9506975
1996-05-27,2.91,87.94,3.678764700000001
1996-05-28,5.37,73.04,6.7237964
1996-05-29,4.87,75.77,6.153341950000001
1996-05-30,5.35,68.09,6.95587075
1996-05-31,8.06,70.28,9.1126824
1996-06-01,11.14,69.52,11.703270400000001
1996-06-02,2.19,74.05,3.946944750000001
1996-06-03,5.76,61.7,7.601081000000001
1996-06-04,12.26,61.47,12.7346896
1996-06-05,15.69,71.98,15.5066091
1996-06-06,17.51,73.85,17.07708675
1996-06-07,17.41,76.55,17.034682749999998
1996-06-08,17.36,71.85,16.9172005
1996-06-09,16.43,77.32,16.1892518
1996-06-10,14.52,76.89,14.5174579
1996-06-11,7.72,75.85,8.6205535
1996-06-12,14.88,51.2,14.778008
1996-06-13,18.67,61.01,17.775764350000003
1996-06-14,20.44,65.36,19.308311200000002
1996-06-15,21.2,69.84,20.088604
1996-06-16,19.71,64.54,18.6938937
1996-06-17,21.75,58.7,20.1031625
1996-06-18,24.76,57.21,22.3453603
1996-06-19,16.31,71.66,16.027875299999998
1996-06-20,10.66,80.94,11.062547200000001
1996-06-21,9.1,74.71,9.851113
1996-06-22,12.76,85.19,12.9017317
1996-06-23,11.32,89.49,11.5038199
1996-06-24,18.54,79.61,18.086934199999998
1996-06-25,18.94,71.16,18.2357272
1996-06-26,19.79,71.04,18.947408799999998
1996-06-27,20.81,65.08,19.598101399999997
1996-06-28,22.21,57.05,20.38870525
1996-06-29,24.08,53.44,21.626753599999997
1996-06-30,17.54,85.15,17.291708
1996-07-01,16.77,66.47,16.35137795
1996-07-02,16.5,56.03,16.01633
1996-07-03,20.33,48.67,18.68410355
1996-07-04,22.09,58.24,20.3467288
1996-07-05,25.35,47.32,22.206321
1996-07-06,24.11,61.56,22.0782538
1996-07-07,22.2,68.43,20.863010499999998
1996-07-08,24.68,60.07,22.4443193
1996-07-09,26.92,57.15,23.9929165
1996-07-10,26.38,61.35,23.854608999999996
1996-07-11,24.49,69.63,22.821320349999997
1996-07-12,22.67,73.23,21.46709005
1996-07-13,19.6,78.96,19.009828000000002
1996-07-14,19.49,63.35,18.484140749999998
1996-07-15,21.09,60.91,19.673182949999998
1996-07-16,14.93,72.39,14.86470235
1996-07-17,10.78,76.87,11.2532398
1996-07-18,13.85,67.96,13.964542999999999
1996-07-19,20.37,72.18,19.4718313
1996-07-20,22.22,66.06,20.7789076
1996-07-21,18.14,58.16,17.3023632
1996-07-22,19.03,49.01,17.759584150000002
1996-07-23,12.32,60.55,12.7930055
1996-07-24,14.53,61.29,14.52361285
1996-07-25,18.28,52.77,17.2980883
1996-07-26,16.11,62.78,15.780416899999999
1996-07-27,14.96,58.92,14.856067600000001
1996-07-28,15.37,73.9,15.2451115
1996-07-29,11.17,50.51,12.07640935
1996-07-30,9.24,51.91,10.6312437
1996-07-31,13.39,51.8,13.684261000000001
1996-08-01,15.97,44.55,15.52168675
1996-08-02,16.07,49.47,15.63367345
1996-08-03,15.97,52.74,15.5879029
1996-08-04,18.66,46.24,17.4299712
1996-08-05,18.65,57.3,17.675372499999998
1996-08-06,16.89,72.15,16.52391175
1996-08-07,16.83,68.32,16.424020799999997
1996-08-08,10.89,97.15,10.94658675
1996-08-09,16.16,62.53,15.8178989
1996-08-10,17.26,62.12,16.6849816
1996-08-11,19.03,62.92,18.1061518
1996-08-12,15.47,69.55,15.307549250000001
1996-08-13,17.57,61.96,16.9276946
1996-08-14,18.1,67.33,17.453134000000002
1996-08-15,14.94,76.4,14.882888
1996-08-16,16.93,83.03,16.70319595
1996-08-17,12.45,92.61,12.53332225
1996-08-18,12.9,91.69,12.973128
1996-08-19,11.69,91.81,11.81657645
1996-08-20,9.94,94.15,10.086718
1996-08-21,5.43,93.98,5.730307700000001
1996-08-22,7.51,79.7,8.2904335
1996-08-23,9.88,77.79,10.4443561
1996-08-24,11.31,71.37,11.81231335
1996-08-25,10.86,90.13,11.0575974
1996-08-26,8.92,78.05,9.593645500000001
1996-08-27,9.42,77.39,10.0517234
1996-08-28,7.99,72.98,8.9574511
1996-08-29,6.46,88.03,6.9893134
1996-08-30,7.12,70.36,8.323087600000001
1996-08-31,8.92,68.73,9.8796763
1996-09-01,4.7,96.04,4.913444
1996-09-02,4.23,81.25,5.289093750000001
1996-09-03,5.66,69.66,7.135130800000001
1996-09-04,5.29,75.73,6.519396850000001
1996-09-05,5.62,72.28,6.9738448
1996-09-06,4.69,74.87,6.045889150000001
1996-09-07,6.85,76.09,7.85601325
1996-09-08,5.44,93.86,5.745956200000001
1996-09-09,6.31,91.79,6.67981945
1996-09-10,6.51,90.93,6.908581150000001
1996-09-11,9.76,77.88,10.3366684
1996-09-12,11.22,78.82,11.602087200000001
1996-09-13,5.34,68.9,6.906818
1996-09-14,7.5,75.21,8.454415000000001
1996-09-15,7.84,85.64,8.366006800000001
1996-09-16,4.4,74.9,5.794305000000001
1996-09-17,5.32,84.19,6.118246900000001
1996-09-18,1.4,86.31,2.386364500000001
1996-09-19,1.51,82.1,2.7888655000000013
1996-09-20,0.78,87.19,1.7466426000000015
1996-09-21,2.29,97.85,2.434383250000001
1996-09-22,6.74,96.96,6.869747200000001
1996-09-23,5.3,96.46,5.4791240000000005
1996-09-24,2.25,95.23,2.57137875
1996-09-25,1.1,89.35,1.8849050000000014
1996-09-26,2.34,86.27,3.2582624000000013
1996-09-27,1.27,96.25,1.5428687500000016
1996-09-28,-0.95,82.33,0.5515082500000013
1996-09-29,-0.75,75.03,1.3443587500000005
1996-09-30,-0.41,81.35,1.1193932500000012
1996-10-01,-1.37,72.28,1.0495402000000005
1996-10-02,-1.36,86.82,-0.2103085999999983
1996-10-03,0.27,84.21,1.5058043500000018
1996-10-04,-1.68,88.72,-0.6761927999999984
1996-10-05,-1.77,89.03,-0.7883495499999987
1996-10-06,-0.86,91.04,-0.10305920000000013
1996-10-07,-0.44,92.74,0.15655420000000192
1996-10-08,0.24,86.89,1.2682173000000012
1996-10-09,-1.97,92.17,-1.2607194499999999
1996-10-10,-4.32,82.56,-2.514785599999999
1996-10-11,-3.65,77.89,-1.4428692499999989
1996-10-12,-2.73,80.63,-0.8944019499999982
1996-10-13,-3.1,84.27,-1.5773359999999979
1996-10-14,-2.14,89.77,-1.2037503999999981
1996-10-15,-3.28,89.47,-2.250271299999998
1996-10-16,-4.24,90.55,-3.265988499999998
1996-10-17,-4.61,90.83,-3.6461871499999994
1996-10-18,-4.71,88.53,-3.498137149999999
1996-10-19,-4.44,92.19,-3.626432299999999
1996-10-20,-8.23,86.15,-6.498542249999999
1996-10-21,-8.6,86.89,-6.934374499999998
1996-10-22,-7.28,93.95,-6.555270499999999
1996-10-23,-10.01,96.17,-9.493696849999997
1996-10-24,-13.81,94.38,-12.934937899999998
1996-10-25,-14.53,93.44,-13.482597599999997
1996-10-26,-17.48,91.09,-15.912820099999998
1996-10-27,-17.91,86.27,-15.462558849999997
1996-10-28,-16.85,82.87,-13.89635975
1996-10-29,-18.84,93.22,-17.5967514
1996-10-30,-18.35,91.66,-16.8431705
1996-10-31,-20.7,91.6,-19.073759999999993
1996-11-01,-22.66,87.43,-20.090943399999997
1996-11-02,-25.95,88.54,-23.400436499999998
1996-11-03,-30.21,94.04,-28.7444062
1996-11-04,-28.48,95.33,-27.376058699999998
1996-11-05,-25.03,86.31,-22.05358865
1996-11-06,-29.6,91.67,-27.579558499999997
1996-11-07,-29.41,95.38,-28.294246899999994
1996-11-08,-28.07,95.52,-27.021075199999995
1996-11-09,-28.25,97.07,-27.561083749999995
1996-11-10,-29.97,99.18,-29.7694403
1996-11-11,-31.66,99.34,-31.4924392
1996-11-12,-21.42,99.66,-21.352829599999996
1996-11-13,-16.51,99.56,-16.434955799999997
1996-11-14,-18.38,98.7,-18.144907999999997
1996-11-15,-20.93,98.77,-20.690316049999996
1996-11-16,-21.54,98.74,-21.290242799999994
1996-11-17,-22.08,99.59,-21.997512099999998
1996-11-18,-18.8,98.97,-18.6113555
1996-11-19,-13.31,99.79,-13.27787945
1996-11-20,-15.97,99.68,-15.916372800000001
1996-11-21,-17.95,99.43,-17.848269249999998
1996-11-22,-19.27,99.6,-19.195705999999998
1996-11-23,-26.51,99.35,-26.363389249999997
1996-11-24,-27.47,98.94,-27.225314899999994
1996-11-25,-30.73,99.47,-30.598154549999997
1996-11-26,-29.3,97.21,-28.627888999999993
1996-11-27,-26.86,96.99,-26.175285199999994
1996-11-28,-26.92,98.39,-26.5532259
1996-11-29,-26.26,98.06,-25.825090799999998
1996-11-30,-26.87,98.43,-26.512770049999997
1996-12-01,-30.27,98.58,-29.920346299999995
1996-12-02,-32.38,99.07,-32.140208799999996
1996-12-03,-34.16,98.6,-33.78531799999999
1996-12-04,-34.72,99.23,-34.511553299999996
1996-12-05,-41.22,99.18,-40.968702799999996
1996-12-06,-34.97,99.77,-34.90742045
1996-12-07,-33.74,97.82,-33.16160239999999
1996-12-08,-30.34,99.05,-30.105710999999992
1996-12-09,-30.45,97.9,-29.930827499999996
1996-12-10,-32.92,97.65,-32.3070965
1996-12-11,-41.28,97.6,-40.543704
1996-12-12,-47.51,93.94,-45.44320669999999
1996-12-13,-52.02,97.33,-51.0431538
1996-12-14,-51.23,97.13,-50.19245194999999
1996-12-15,-50.56,95.7,-49.021330999999996
1996-12-16,-39.1,98.29,-38.595892
1996-12-17,-45.13,94.38,-43.286836699999995
1996-12-18,-43.45,94.45,-41.681076250000004
1996-12-19,-43.75,95.3,-42.2442375
1996-12-20,-48.2,96.57,-47.01716449999999
1996-12-21,-50.36,92.28,-47.606044399999995
1996-12-22,-46,98.74,-45.580735
1996-12-23,-39.42,97.55,-38.693428
1996-12-24,-44.49,96.56,-43.3739092
1996-12-25,-42.72,97.97,-42.0811387
1996-12-26,-39.75,98.79,-39.388966249999996
1996-12-27,-36.74,98.81,-36.404634200000004
1996-12-28,-35.57,98.99,-35.291861149999995
1996-12-29,-33.17,97.38,-32.483075299999996
1996-12-30,-38.63,97.97,-38.036803549999995
1996-12-31,-32.39,97.99,-31.871631049999994
1997-01-01,-29.71,96.09,-28.759263949999998
1997-01-02,-32.05,98.53,-31.67364324999999
1997-01-03,-35.96,98.05,-35.4188165
1997-01-04,-40.36,97.45,-39.590588499999996
1997-01-05,-39.03,98.02,-38.447058299999995
1997-01-06,-34.66,97.84,-34.0759792
1997-01-07,-22.92,99.66,-22.850024599999998
1997-01-08,-29.89,99.77,-29.833846649999998
1997-01-09,-27.78,97.9,-27.291666
1997-01-10,-21.35,99.57,-21.26521475
1997-01-11,-36.94,98.81,-36.60332519999999
1997-01-12,-46.87,91.56,-44.0212046
1997-01-13,-43.95,89.83,-40.68059925
1997-01-14,-44.57,97.83,-43.86499954999999
1997-01-15,-46.51,98.82,-46.11404509999999
1997-01-16,-45.13,97.06,-44.1657829
1997-01-17,-44.72,98.84,-44.34217639999999
1997-01-18,-45,98.33,-44.453492499999996
1997-01-19,-47.17,98.58,-46.68835729999999
1997-01-20,-47.27,96.44,-46.0605434
1997-01-21,-44.99,97.57,-44.19491615
1997-01-22,-38.81,97.82,-38.1708131
1997-01-23,-38.5,99.12,-38.24348
1997-01-24,-38.94,98.84,-38.599052799999996
1997-01-25,-37.03,96.85,-36.13724274999999
1997-01-26,-39.89,97.88,-39.25581259999999
1997-01-27,-35.94,97.96,-35.374063199999995
1997-01-28,-29.24,97.72,-28.691500399999995
1997-01-29,-27.43,97.5,-26.8534625
1997-01-30,-26.83,96.85,-26.113957749999994
1997-01-31,-24.65,98.19,-24.260261749999998
1997-02-01,-27.55,99.42,-27.4158605
1997-02-02,-29.39,98.93,-29.13170735
1997-02-03,-29.09,98.35,-28.69442075
1997-02-04,-29.37,99.13,-29.160082049999993
1997-02-05,-27.01,98.97,-26.774845850000002
1997-02-06,-29.75,98.98,-29.5017575
1997-02-07,-36.37,99.36,-36.19093759999999
1997-02-08,-30.03,98.21,-29.591602149999996
1997-02-09,-28.8,99.26,-28.623769
1997-02-10,-26.44,98.47,-26.0954899
1997-02-11,-36.29,98.75,-35.94081875
1997-02-12,-35.62,98.51,-35.20926659999999
1997-02-13,-34.56,98.75,-34.2227125
1997-02-14,-32.77,99.54,-32.6504069
1997-02-15,-26.99,98.08,-26.551865599999992
1997-02-16,-33.76,98.6,-33.38839799999999
1997-02-17,-30.89,99.17,-30.682794649999998
1997-02-18,-24.37,98.66,-24.0835281
1997-02-19,-30.74,97.9,-30.217477999999996
1997-02-20,-35.47,97.95,-34.90658825
1997-02-21,-38.1,97.72,-37.44039599999999
1997-02-22,-31.76,97.85,-31.2129755
1997-02-23,-29.47,98.12,-29.015350199999997
1997-02-24,-30.52,97.35,-29.863833499999995
1997-02-25,-36.75,98.38,-36.29336249999999
1997-02-26,-34.84,98.72,-34.4926464
1997-02-27,-35.85,96.47,-34.872454749999996
1997-02-28,-37.73,96.5,-36.724572499999994
1997-03-01,-32.84,97.07,-32.077115899999995
1997-03-02,-34.53,98.15,-34.03111975
1997-03-03,-32.62,98.67,-32.275317199999996
1997-03-04,-31.13,97.57,-30.520155049999996
1997-03-05,-30.08,97.29,-29.415535099999996
1997-03-06,-28.13,97.14,-27.4594301
1997-03-07,-25.76,97.57,-25.2219251
1997-03-08,-28.5,96.19,-27.598934999999997
1997-03-09,-29.2,96.6,-28.382809999999992
1997-03-10,-27.95,98.31,-27.555427249999997
1997-03-11,-25.77,97.29,-25.16977565
1997-03-12,-21.81,93.35,-20.481961749999993
1997-03-13,-21.7,95.83,-20.869753
1997-03-14,-21.39,98.77,-21.147204149999997
1997-03-15,-18.72,98.02,-18.3582342
1997-03-16,-18.26,98.62,-18.011351599999998
1997-03-17,-14.02,98.87,-13.842748199999997
1997-03-18,-7.98,97,-7.609079999999999
1997-03-19,-13.75,97.19,-13.313396249999997
1997-03-20,-13.91,97.66,-13.544363299999999
1997-03-21,-17.75,96.93,-17.20545875
1997-03-22,-18.13,97.22,-17.631087299999994
1997-03-23,-14.24,97.77,-13.887503899999999
1997-03-24,-17.26,96.58,-16.6625944
1997-03-25,-13.2,97.98,-12.892252999999997
1997-03-26,-13.46,97.05,-13.006349
1997-03-27,-22.76,96.24,-21.989463199999996
1997-03-28,-22.26,97.37,-21.728266599999998
1997-03-29,-23.94,98.07,-23.531959399999995
1997-03-30,-20.84,97.69,-20.391005299999996
1997-03-31,-17.69,97.63,-17.27040335
1997-04-01,-12.42,97.82,-12.097229199999996
1997-04-02,-5.26,98.74,-5.123063199999998
1997-04-03,-6.83,98.57,-6.662239549999997
1997-04-04,-7.79,98.1,-7.557069499999998
1997-04-05,-5.21,98.34,-5.030047699999998
1997-04-06,-6.37,98.72,-6.223075199999999
1997-04-07,-6.25,97.52,-5.966969999999998
1997-04-08,-6.35,96.94,-5.999094499999997
1997-04-09,-14.89,97.92,-14.553778399999997
1997-04-10,-16.8,97.24,-16.324865999999997
1997-04-11,-13.18,97.24,-12.759817599999998
1997-04-12,-6.63,97.85,-6.3801377499999985
1997-04-13,-3.04,94.65,-2.5238854999999996
1997-04-14,-3.11,98.99,-3.0121764499999983
1997-04-15,-3.05,96.99,-2.759459749999998
1997-04-16,-0.86,97.47,-0.6462655999999981
1997-04-17,-6.13,96.24,-5.703371599999997
1997-04-18,-7.29,97.38,-6.976006099999997
1997-04-19,-8.53,97.24,-8.180404599999997
1997-04-20,-4.19,97.57,-3.9402081499999992
1997-04-21,-2.96,98.47,-2.813074099999999
1997-04-22,-0.35,92.75,0.24214375000000155
1997-04-23,3.77,80.69,4.909579650000001
1997-04-24,4.16,79.53,5.324128900000001
1997-04-25,-3.86,59.64,0.21555280000000154
1997-04-26,-4.31,69.05,-1.1080677499999987
1997-04-27,-3.49,65.78,-0.10410209999999909
1997-04-28,-1.95,59.9,1.678047500000001
1997-04-29,2.05,67.21,4.295295250000001
1997-04-30,2.41,69.9,4.411499500000001
1997-05-01,4.51,65.4,6.411097
1997-05-02,3.42,74.78,4.9569068000000005
1997-05-03,2.82,76.55,4.326428000000001
1997-05-04,0.83,66.69,3.334412350000001
1997-05-05,0.2,65.08,2.946458000000001
1997-05-06,0.08,68.98,2.5401962000000005
1997-05-07,0.43,73.22,2.5023703000000013
1997-05-08,0.64,77.64,2.344502800000001
1997-05-09,2.71,77.65,4.1592857500000004
1997-05-10,3.34,80.49,4.537523800000001
1997-05-11,4.71,72.43,6.19450665
1997-05-12,7.65,57.23,9.26135975
1997-05-13,8.18,63.87,9.435878800000001
1997-05-14,7.68,69.66,8.8180534
1997-05-15,8.96,70.13,9.8701389
1997-05-16,9.61,75.4,10.271616999999999
1997-05-17,9.85,76.45,10.45229125
1997-05-18,9.39,71.02,10.2044829
1997-05-19,11.64,68.03,12.1428881
1997-05-20,6.68,85.71,7.294612900000001
1997-05-21,10.2,75.71,10.7744585
1997-05-22,12.57,87.67,12.70088295
1997-05-23,16.05,66.89,15.76773725
1997-05-24,13.05,71.36,13.278404
1997-05-25,9.61,72.35,10.35364675
1997-05-26,7.68,69.24,8.8338076
1997-05-27,8.34,65.99,9.4922588
1997-05-28,13.52,72.97,13.6656917
1997-05-29,15.46,74.97,15.327841600000001
1997-05-30,7.16,71.52,8.309737600000002
1997-05-31,6.39,65.06,7.9484987
1997-06-01,10.39,56,11.38462
1997-06-02,14.17,53.02,14.2552687
1997-06-03,15.99,64.96,15.7028472
1997-06-04,17.91,72.74,17.3987387
1997-06-05,17.99,75.2,17.513963999999998
1997-06-06,15.36,74.4,15.238912
1997-06-07,12.8,74.27,13.040575500000001
1997-06-08,15.35,67.3,15.197127499999999
1997-06-09,12.81,89.32,12.909270600000001
1997-06-10,9.04,86.08,9.4580176
1997-06-11,8.85,72.52,9.703941
1997-06-12,7.86,87.73,8.3081004
1997-06-13,11.44,80.27,11.7720559
1997-06-14,14.12,81.52,14.1586232
1997-06-15,12.34,93.13,12.4216156
1997-06-16,13.17,76.77,13.33992745
1997-06-17,11.45,68.82,11.9730445
1997-06-18,12.34,73.96,12.6493552
1997-06-19,15.89,64.91,15.62173695
1997-06-20,16.64,69.4,16.279838
1997-06-21,10.8,80.94,11.187871000000001
1997-06-22,14.96,68.98,14.8815194
1997-06-23,15.97,67.25,15.705216250000001
1997-06-24,15.25,73.95,15.14254375
1997-06-25,16.79,54.57,16.21780915
1997-06-26,18.82,56.72,17.7916672
1997-06-27,18.06,71.27,17.4974666
1997-06-28,16.28,73.59,16.021446100000002
1997-06-29,12.47,89.97,12.58198495
1997-06-30,15.03,83.33,14.98140695
1997-07-01,18.69,66.13,17.90946585
1997-07-02,20.48,70.05,19.4949445
1997-07-03,18.7,72.07,18.054817
1997-07-04,18.1,69.85,17.503030000000003
1997-07-05,17.37,77.62,17.0167317
1997-07-06,16.57,71.39,16.24427515
1997-07-07,17.77,63.49,17.11336765
1997-07-08,18.45,72.13,17.84452425
1997-07-09,17.28,74.06,16.8833774
1997-07-10,17.76,67.14,17.1708202
1997-07-11,18.35,67.06,17.6524955
1997-07-12,17.35,74.26,16.9465255
1997-07-13,18.75,74.5,18.1539375
1997-07-14,22.13,59.59,20.43419435
1997-07-15,21.6,63.88,20.189514
1997-07-16,23.7,61.36,21.744816
1997-07-17,22.58,62.52,20.914388799999998
1997-07-18,17.26,68.36,16.7797048
1997-07-19,18.73,59.41,17.78567365
1997-07-20,24.46,64.49,22.5147622
1997-07-21,22.9,77.53,21.861886
1997-07-22,21.16,79.62,20.4134806
1997-07-23,19.85,82.92,19.347421
1997-07-24,15.03,85.19,14.98682885
1997-07-25,16.62,65.9,16.222394
1997-07-26,19.35,61.02,18.3102085
1997-07-27,19.99,70.04,19.085357799999997
1997-07-28,20.54,71.59,19.5962198
1997-07-29,21.01,73.82,20.0726251
1997-07-30,21.62,64.97,20.2482252
1997-07-31,22.14,63.61,20.6108922
1997-08-01,19.92,74.39,19.1565659
1997-08-02,20.56,71.33,19.6044289
1997-08-03,19.78,52.77,18.4084408
1997-08-04,21.49,45.18,19.382445099999998
1997-08-05,21.01,56.65,19.45785325
1997-08-06,18.65,74.71,18.07275575
1997-08-07,20,69.34,19.072535
1997-08-08,16.26,61.8,15.890224000000002
1997-08-09,14.83,52.63,14.74402345
1997-08-10,18.13,50.05,17.13274825
1997-08-11,20.57,61.32,19.2786682
1997-08-12,21.26,59.35,19.748633
1997-08-13,20.8,70.34,19.772281
1997-08-14,22.98,61.43,21.1810952
1997-08-15,23.57,62.09,21.67885965
1997-08-16,23.03,57.63,21.04221145
1997-08-17,20.26,61.27,19.0330336
1997-08-18,16.88,75.64,16.5611276
1997-08-19,14.61,89.43,14.60360515
1997-08-20,16.14,61.25,15.790475
1997-08-21,17.31,70.72,16.8574776
1997-08-22,17.24,84.33,17.003853099999997
1997-08-23,14.31,85.76,14.3248808
1997-08-24,14.32,72.55,14.3471755
1997-08-25,14.36,63.24,14.3883052
1997-08-26,13.73,68.92,13.8616238
1997-08-27,10.23,77.76,10.7523064
1997-08-28,12.6,62.72,12.989576
1997-08-29,16.72,72.36,16.382515599999998
1997-08-30,15.73,68.03,15.51372295
1997-08-31,13.12,75.18,13.3083838
1997-09-01,7.83,93.87,8.05487905
1997-09-02,7.91,77.8,8.714639
1997-09-03,6.92,84.84,7.5520204
1997-09-04,8.76,90.66,9.0548638
1997-09-05,7.26,91.33,7.6052394
1997-09-06,3.39,89.42,4.0364909
1997-09-07,3.45,85.41,4.336707250000001
1997-09-08,6.3,83.37,7.050013
1997-09-09,0.8,74.24,2.741016000000001
1997-09-10,3.29,77.75,4.661823750000001
1997-09-11,1.8,94.28,2.1995420000000006
1997-09-12,2.54,74.74,4.201602800000002
1997-09-13,2.01,77.06,3.5858633000000006
1997-09-14,5.14,82.31,6.0506812000000005
1997-09-15,2.59,89.73,3.262736350000001
1997-09-16,2.87,84.75,3.845466250000001
1997-09-17,2.19,83.24,3.324735800000001
1997-09-18,2.97,83.62,4.008737700000001
1997-09-19,1.57,94.29,1.9760666500000004
1997-09-20,2.41,92.14,2.9326507000000013
1997-09-21,2.57,87.78,3.3718153000000006
1997-09-22,3.46,82.93,4.496490400000001
1997-09-23,2.75,83.22,3.834407500000001
1997-09-24,2.45,81.48,3.677413000000001
1997-09-25,6.45,84.84,7.121209
1997-09-26,4.45,94.07,4.777780750000001
1997-09-27,4.09,88.89,4.726103050000001
1997-09-28,1.14,85.6,2.198112000000001
1997-09-29,2.22,89.49,2.9298454000000014
1997-09-30,0.33,90.94,1.0360911000000006
1997-10-01,-2.11,79.95,-0.2783322499999987
1997-10-02,-0.61,92.61,0.00414595000000062
1997-10-03,-1.68,88.89,-0.6913210999999987
1997-10-04,-4.24,65.36,-0.6696551999999985
1997-10-05,-3.95,70.04,-0.9098089999999996
1997-10-06,-5.79,75.37,-3.041415149999999
1997-10-07,-6.47,81.56,-4.343222599999999
1997-10-08,-7.71,74.48,-4.592604399999999
1997-10-09,-8.56,80.01,-6.0246683
1997-10-10,-8.76,82.27,-6.491801099999998
1997-10-11,-7.87,84.74,-5.9924858999999975
1997-10-12,-8.1,89.09,-6.743886999999999
1997-10-13,-6.52,91.09,-5.489914899999998
1997-10-14,-3.46,94.04,-2.8712711999999994
1997-10-15,-3.01,90.45,-2.0902872499999994
1997-10-16,-3.71,92.71,-2.979870049999998
1997-10-17,-7.35,96.91,-6.978659249999998
1997-10-18,-5.89,94,-5.217129999999999
1997-10-19,-2.53,98.73,-2.4110454499999996
1997-10-20,-7.11,97.48,-6.810485399999998
1997-10-21,-7.44,94.2,-6.740113999999999
1997-10-22,-8.84,90.81,-7.6602796999999985
1997-10-23,-11.81,93.15,-10.81877075
1997-10-24,-12.21,95.5,-11.5489275
1997-10-25,-6.02,97.07,-5.689320199999997
1997-10-26,-8.23,96.24,-7.759943599999997
1997-10-27,-13.71,97.55,-13.329870249999997
1997-10-28,-13.45,96.03,-12.839711749999998
1997-10-29,-10.83,96.94,-10.403696099999998
1997-10-30,-9.35,96.84,-8.935486999999998
1997-10-31,-5.36,96.06,-4.929633799999999
1997-11-01,-7.9,96.45,-7.46264
1997-11-02,-13.61,94.94,-12.827698699999996
1997-11-03,-10.48,97.4,-10.122785999999998
1997-11-04,-5.72,98.77,-5.583211699999997
1997-11-05,-5.21,99.04,-5.105931199999999
1997-11-06,-12.78,99.28,-12.671971199999998
1997-11-07,-14.96,99.55,-14.887086499999997
1997-11-08,-7.98,99,-7.856359999999999
1997-11-09,-8.85,97.86,-8.575170499999999
1997-11-10,-13.55,98.78,-13.361784499999997
1997-11-11,-21.18,99.48,-21.077955199999998
1997-11-12,-18.7,99.62,-18.630612
1997-11-13,-22.04,98.71,-21.780748699999997
1997-11-14,-27.88,98.67,-27.569990299999997
1997-11-15,-28.59,99.34,-28.4335833
1997-11-16,-27.16,98.82,-26.889626599999996
1997-11-17,-33.5,99.47,-33.360079999999996
1997-11-18,-34.42,99.51,-34.288160600000005
1997-11-19,-34.84,99.4,-34.677178
1997-11-20,-41,91.86,-38.51526499999999
1997-11-21,-46.71,95.1,-45.06039049999999
1997-11-22,-46.34,94.07,-44.3557034
1997-11-23,-34.46,99.02,-34.196105599999996
1997-11-24,-34.62,99,-34.34983999999999
1997-11-25,-43.8,96.71,-42.74506149999999
1997-11-26,-41.65,92.79,-39.42337175
1997-11-27,-42.8,99.08,-42.51006199999999
1997-11-28,-37.78,98.29,-37.2883066
1997-11-29,-46.33,98.62,-45.868300299999994
1997-11-30,-48.23,97.97,-47.52961954999999
1997-12-01,-42.93,98.73,-42.52885145
1997-12-02,-37.63,100,-37.629999999999995
1997-12-03,-40.46,98.33,-39.955192399999994
1997-12-04,-38.1,99.61,-37.987173
1997-12-05,-32,99.97,-31.992327499999995
1997-12-06,-32.31,99.45,-32.16839975
1997-12-07,-31.75,99.14,-31.531237499999996
1997-12-08,-37.47,99.68,-37.3785328
1997-12-09,-43.06,97.88,-42.388850399999995
1997-12-10,-41.74,98.67,-41.328604399999996
1997-12-11,-34.26,99.54,-34.136637199999996
1997-12-12,-31.38,98.21,-30.928311399999995
1997-12-13,-26.38,99.31,-26.224860399999994
1997-12-14,-27.96,98.91,-27.705452299999997
1997-12-15,-43.61,97.5,-42.810987499999996
1997-12-16,-51.44,99.31,-51.189757699999994
1997-12-17,-48.68,97.99,-47.98154509999999
1997-12-18,-50,94.83,-48.16594249999999
1997-12-19,-49.05,96.09,-47.68335724999999
1997-12-20,-42.98,98.49,-42.50262859999999
1997-12-21,-34.86,99.02,-34.593949599999995
1997-12-22,-30.69,99.94,-30.675087299999998
1997-12-23,-30.62,98.62,-30.277539199999996
1997-12-24,-27.16,99.18,-26.972113399999998
1997-12-25,-28.5,96.71,-27.721914999999996
1997-12-26,-42.59,98.7,-42.1818065
1997-12-27,-42.15,95.81,-40.844500749999995
1997-12-28,-46.22,97.44,-45.36506239999999
1997-12-29,-53.38,91.02,-50.0274068
1997-12-30,-52.84,90.85,-49.451114499999996
1997-12-31,-43.13,95.5,-41.7036575
1998-01-01,-48.99,99.03,-48.65128085
1998-01-02,-39.6,96.46,-38.546673
1998-01-03,-39.6,96.75,-38.6329625
1998-01-04,-41.69,97.03,-40.77213634999999
1998-01-05,-43.81,97.59,-43.03710095
1998-01-06,-41.17,99.02,-40.86993869999999
1998-01-07,-40.83,96.55,-39.78011324999999
1998-01-08,-38,95.82,-36.793025
1998-01-09,-38.3,97.42,-37.550768
1998-01-10,-38.86,96.6,-37.86216799999999
1998-01-11,-36.23,97.47,-35.52409204999999
1998-01-12,-39.52,95.88,-38.2959068
1998-01-13,-42.27,95.18,-40.7650273
1998-01-14,-44.43,96.51,-43.29883864999999
1998-01-15,-38.79,96.57,-37.78468414999999
1998-01-16,-37.04,97.17,-36.2377799
1998-01-17,-35.08,96.08,-34.011055199999994
1998-01-18,-40.83,95.67,-39.512316049999995
1998-01-19,-44.77,98.03,-44.12780955
1998-01-20,-34.31,96.86,-33.467051299999994
1998-01-21,-35.5,97.37,-34.77675
1998-01-22,-34.21,97.64,-33.5777442
1998-01-23,-29.66,98.14,-29.2082432
1998-01-24,-33.99,98.15,-33.49661425
1998-01-25,-34.86,98.93,-34.5695164
1998-01-26,-37.96,99.46,-37.80419379999999
1998-01-27,-34.44,99.51,-34.308106699999996
1998-01-28,-36.06,99,-35.78192
1998-01-29,-31.95,99.36,-31.786495999999996
1998-01-30,-30.93,99.13,-30.712617449999993
1998-01-31,-29.59,99.56,-29.483302199999997
1998-02-01,-30.11,97.64,-29.530962199999994
1998-02-02,-37.52,98.25,-37.0193075
1998-02-03,-32.49,98.64,-32.1385148
1998-02-04,-37.93,98.92,-37.6185658
1998-02-05,-37.52,98.9,-37.205279000000004
1998-02-06,-27.35,98.72,-27.055376
1998-02-07,-35.34,99.53,-35.2111636
1998-02-08,-37.85,99.24,-37.631177
1998-02-09,-37.87,99.33,-37.67701655
1998-02-10,-38.52,97.42,-37.7676462
1998-02-11,-35.23,97.71,-34.60365064999999
1998-02-12,-39.27,98.05,-38.69331675
1998-02-13,-37.7,97.69,-37.036799
1998-02-14,-37.68,99.56,-37.55372439999999
1998-02-15,-41.72,99.18,-41.4664478
1998-02-16,-37.18,99.09,-36.9213416
1998-02-17,-17.69,98.49,-17.422662049999996
1998-02-18,-26.7,94.05,-25.351729999999996
1998-02-19,-32.88,95.91,-31.8141869
1998-02-20,-28.63,98.4,-28.250455999999996
1998-02-21,-25.59,99.55,-25.490777249999994
1998-02-22,-26.38,99.08,-26.173147199999995
1998-02-23,-20.17,98.93,-19.96596705
1998-02-24,-15.89,96.32,-15.274906399999995
1998-02-25,-15.19,98.81,-14.995678949999999
1998-02-26,-20.75,97.65,-20.294393749999998
1998-02-27,-11.79,98.86,-11.625161699999996
1998-02-28,-23.51,94,-22.255670000000002
1998-03-01,-33.54,95.58,-32.3721476
1998-03-02,-36.43,98.3,-35.9538045
1998-03-03,-30.25,98.5,-29.880812499999998
1998-03-04,-23.49,97.7,-23.009426499999996
1998-03-05,-22.45,98.22,-22.088259499999996
1998-03-06,-23.39,95.88,-22.531412599999996
1998-03-07,-19.39,98.53,-19.115999349999996
1998-03-08,-14.81,98,-14.487589999999997
1998-03-09,-8.09,96.16,-7.612899199999997
1998-03-10,-13.45,97.13,-13.008809249999999
1998-03-11,-20.6,97.39,-20.096139499999996
1998-03-12,-26.55,95.7,-25.579167499999997
1998-03-13,-30.44,97.08,-29.718263599999997
1998-03-14,-31.07,98.07,-30.586274449999994
1998-03-15,-23.43,97.91,-22.993994649999994
1998-03-16,-23,96.9,-22.360625
1998-03-17,-21.24,96.69,-20.589353299999992
1998-03-18,-20.5,97.82,-20.080349999999996
1998-03-19,-17.86,95.58,-17.073328399999998
1998-03-20,-18.6,96.98,-18.050209000000002
1998-03-21,-18.56,97.14,-18.0399662
1998-03-22,-13.05,97.47,-12.666641749999997
1998-03-23,-13.97,97.68,-13.6067228
1998-03-24,-21.03,95.54,-20.1584491
1998-03-25,-27.53,95.77,-26.552172049999996
1998-03-26,-30.47,94.65,-29.14675775
1998-03-27,-21.56,97.4,-21.044341999999997
1998-03-28,-15.78,98.08,-15.460243199999995
1998-03-29,-16.85,97.74,-16.4603195
1998-03-30,-21.41,96.62,-20.7424331
1998-03-31,-21.14,97.27,-20.604865399999998
1998-04-01,-21.27,97.43,-20.76439105
1998-04-02,-16.5,95.03,-15.652614999999997
1998-04-03,-15.15,97.92,-14.810803999999997
1998-04-04,-6.33,99.25,-6.244076249999999
1998-04-05,-4.7,97.35,-4.420159999999998
1998-04-06,-8.87,96.61,-8.434266349999996
1998-04-07,-9.26,97.13,-8.884948399999999
1998-04-08,-5.91,97.68,-5.649568400000001
1998-04-09,-8.16,97.65,-7.8671194999999985
1998-04-10,-12.13,97.27,-11.730150549999998
1998-04-11,-7.33,96.66,-6.928982899999998
1998-04-12,-5.64,98.59,-5.483814299999998
1998-04-13,-8.76,98.39,-8.554032699999999
1998-04-14,-5.76,95.01,-5.203964299999999
1998-04-15,-5.12,98.93,-5.0045363
1998-04-16,-6.45,98.06,-6.226463499999999
1998-04-17,-6.84,98.2,-6.628734
1998-04-18,-4.34,94.47,-3.7669813999999984
1998-04-19,-4.27,97.28,-3.989200799999998
1998-04-20,-4.16,98.02,-3.956792599999999
1998-04-21,-6.84,97.76,-6.5770912
1998-04-22,-7.94,97.69,-7.654899799999999
1998-04-23,-5.34,95.18,-4.8140415999999995
1998-04-24,-5.3,96.33,-4.900336999999998
1998-04-25,-4.87,96.26,-4.471559099999999
1998-04-26,-3.93,98.38,-3.7657886999999985
1998-04-27,-3.29,98.67,-3.1598661499999987
1998-04-28,-5.5,97.73,-5.250299999999998
1998-04-29,-4.9,96.92,-4.571363999999999
1998-04-30,-3.35,98.37,-3.18997475
1998-05-01,-6.9,98.3,-6.699909999999998
1998-05-02,-5.83,97.09,-5.504618349999999
1998-05-03,-3.34,98.18,-3.1614215999999984
1998-05-04,-0.03,90.54,0.7259959000000002
1998-05-05,-1.55,92.34,-0.8738135
1998-05-06,0.71,74.49,2.6448059500000016
1998-05-07,-0.64,88.62,0.30761260000000057
1998-05-08,0.55,77.38,2.2855195000000013
1998-05-09,1.57,86.71,2.5151183500000016
1998-05-10,0.39,74.96,2.3332292000000017
1998-05-11,2.84,67.97,4.894083900000001
1998-05-12,4.87,70.5,6.4324675000000004
1998-05-13,9.11,73.82,9.8861061
1998-05-14,2.62,73.99,4.319493400000001
1998-05-15,2.3,68.91,4.386139
1998-05-16,5.16,63.25,7.0478475000000005
1998-05-17,2.74,75.12,4.349238400000001
1998-05-18,3.02,67.48,5.0733128
1998-05-19,1.64,67.64,3.9288228000000007
1998-05-20,1.24,63.33,3.914343100000001
1998-05-21,4.85,62.52,6.839251
1998-05-22,3.47,85.22,4.3666287000000015
1998-05-23,4.28,85.42,5.099541800000001
1998-05-24,5.24,88.67,5.817036900000001
1998-05-25,4.29,90.54,4.8212263
1998-05-26,6.01,83.47,6.781868350000001
1998-05-27,7.02,84.16,7.6716576000000005
1998-05-28,9.85,83.05,10.28349625
1998-05-29,9.23,73.55,9.996653250000001
1998-05-30,12.39,72.61,12.70786095
1998-05-31,11.61,74.82,12.0102361
1998-06-01,13.8,76.34,13.891091000000001
1998-06-02,13.17,80.01,13.31622685
1998-06-03,16.92,63.96,16.4403076
1998-06-04,16.7,67.96,16.312316
1998-06-05,16.29,77.35,16.067010749999998
1998-06-06,18.77,68.71,18.03515435
1998-06-07,18.18,72.05,17.614292
1998-06-08,15.74,72.95,15.555519
1998-06-09,17.2,74.13,16.8158305
1998-06-10,16.05,70.8,15.801070000000001
1998-06-11,19.07,53.64,17.9047414
1998-06-12,21.61,61.09,20.088424449999998
1998-06-13,23.64,65.32,21.8966364
1998-06-14,23.92,69.12,22.320107200000002
1998-06-15,18.51,72.17,17.89620935
1998-06-16,18.99,65.19,18.130367049999997
1998-06-17,21.64,76.74,20.7265798
1998-06-18,23.51,68.68,21.957937400000002
1998-06-19,24.46,64.98,22.5416044
1998-06-20,21.37,55.18,19.6764763
1998-06-21,21.48,65.07,20.1390373
1998-06-22,19.52,73.17,18.7792237
1998-06-23,19.14,74.45,18.487964
1998-06-24,19.75,62.93,18.67960375
1998-06-25,20.63,52.09,19.01471435
1998-06-26,19.52,62.32,18.4796552
1998-06-27,19.6,80.46,19.051903
1998-06-28,14.01,84.29,14.05233845
1998-06-29,16.51,71.5,16.1949325
1998-06-30,15.79,75.81,15.618371949999998
1998-07-01,19.03,59.55,18.02218825
1998-07-02,21.4,57.27,19.7783965
1998-07-03,23.59,56.08,21.3942196
1998-07-04,26.38,50.56,23.149590399999997
1998-07-05,27.74,54.38,24.4179516
1998-07-06,27.7,49.89,24.062013999999998
1998-07-07,26.29,58.88,23.6235736
1998-07-08,25.53,60.31,23.12220615
1998-07-09,25.83,63.15,23.533692249999998
1998-07-10,26.85,60.62,24.175113500000002
1998-07-11,24.75,63.08,22.668635
1998-07-12,22.42,56.99,20.5464844
1998-07-13,21.89,52.01,19.93944645
1998-07-14,17.41,73.32,16.9829866
1998-07-15,17.72,69.22,17.1748862
1998-07-16,16.36,69.67,16.0497241
1998-07-17,16.34,48.61,15.8199332
1998-07-18,13.56,48.37,13.8269271
1998-07-19,15.61,49.7,15.302918499999999
1998-07-20,20.07,37.38,18.1516363
1998-07-21,22.78,41.68,20.1241072
1998-07-22,21.53,58.82,19.937775300000002
1998-07-23,21.29,71.23,20.21558435
1998-07-24,26.33,59.24,23.6779506
1998-07-25,27.29,57.41,24.294006449999998
1998-07-26,26.29,56.68,23.4809146
1998-07-27,21,57.99,19.4981425
1998-07-28,22.8,49.04,20.473676
1998-07-29,23.88,52.43,21.425863699999997
1998-07-30,24.51,50.01,21.75780055
1998-07-31,24.92,53.26,22.2413306
1998-08-01,24.82,60.17,22.5592492
1998-08-02,18.98,61.94,18.0422016
1998-08-03,19.61,43.46,18.0209433
1998-08-04,20.33,52.95,18.82134175
1998-08-05,21.7,48.06,19.643176
1998-08-06,23.9,69.94,22.345898
1998-08-07,23.41,55.36,21.222416799999998
1998-08-08,24.03,52.3,21.5298045
1998-08-09,18.82,72.66,18.170401599999998
1998-08-10,14.42,62.5,14.4365
1998-08-11,14.11,54.05,14.20856275
1998-08-12,16.76,60.61,16.2703823
1998-08-13,18.2,47.67,17.135084499999998
1998-08-14,22.25,58.13,20.46529125
1998-08-15,19.38,58.99,18.2792916
1998-08-16,14.7,55.06,14.650566
1998-08-17,16.09,44.39,15.60369055
1998-08-18,21.01,63.56,19.7052658
1998-08-19,21.46,70.02,20.3123656
1998-08-20,16.34,59.01,15.925181199999999
1998-08-21,17.42,55.32,16.7024392
1998-08-22,16.56,61.35,16.1220955
1998-08-23,17.41,53.1,16.6593655
1998-08-24,17.74,54.45,16.928299
1998-08-25,17.71,55.22,16.9194091
1998-08-26,18.57,50.95,17.47201575
1998-08-27,19.53,56.37,18.32297605
1998-08-28,17.61,56.48,16.8655904
1998-08-29,17.52,52.18,16.7257098
1998-08-30,17.78,52.02,16.9144408
1998-08-31,16.15,66.67,15.847530249999998
1998-09-01,18.24,60.18,17.420902599999998
1998-09-02,16.39,75.07,16.13085265
1998-09-03,13.6,86.43,13.6671715
1998-09-04,13.14,61.33,13.4292516
1998-09-05,12.91,58.88,13.2695944
1998-09-06,12.51,71.28,12.8243404
1998-09-07,11.74,86.3,11.947966000000001
1998-09-08,10.55,83.86,10.9006415
1998-09-09,7.27,88.49,7.727695150000001
1998-09-10,6.44,56.05,8.388303500000001
1998-09-11,4.02,64.61,6.0598796
1998-09-12,6.84,71.22,8.0525014
1998-09-13,2.72,73.4,4.443414000000001
1998-09-14,6.23,77.86,7.237037900000001
1998-09-15,8.46,91.82,8.731739600000001
1998-09-16,9.2,86.05,9.6066425
1998-09-17,5.5,80.72,6.454360000000001
1998-09-18,2.69,87.19,3.5220735500000013
1998-09-19,1.02,74.46,2.9135356000000012
1998-09-20,-1.1,75.04,1.0415680000000003
1998-09-21,-2.28,77.35,-0.18963149999999773
1998-09-22,-2.68,76.87,-0.4944462999999999
1998-09-23,-1.83,69.95,0.8689407500000006
1998-09-24,-0.8,76.52,1.1758420000000014
1998-09-25,-1.81,81.72,-0.17019259999999892
1998-09-26,-1.09,70.81,1.4128965500000008
1998-09-27,-4.1,76.27,-1.6724209999999977
1998-09-28,0.4,88.96,1.2561520000000015
1998-09-29,0.61,84.06,1.827736300000001
1998-09-30,-0.76,78.24,1.0663168000000018
1998-10-01,-2.27,61.08,1.3197862000000011
1998-10-02,-2.79,69.29,0.1303674500000005
1998-10-03,-4.97,72.11,-1.9833993499999987
1998-10-04,-2.98,82.94,-1.3398515999999985
1998-10-05,-8.72,71.87,-5.1275177
1998-10-06,-8.54,81.91,-6.247635199999997
1998-10-07,-4.27,81.35,-2.344667249999998
1998-10-08,-4.05,93.98,-3.435809499999998
1998-10-09,-5.73,91.26,-4.757543899999999
1998-10-10,-5.15,87.54,-3.8033855
1998-10-11,-3.38,94.69,-2.8578145999999993
1998-10-12,-2.03,98.7,-1.911810499999998
1998-10-13,-9.28,93.29,-8.402399099999997
1998-10-14,-13.9,94.07,-12.973733999999999
1998-10-15,-13.88,93.95,-12.9356555
1998-10-16,-9.95,93.39,-9.061120249999998
1998-10-17,-11.69,89.89,-10.233705049999998
1998-10-18,-8.96,96.98,-8.5703294
1998-10-19,-9.77,98.4,-9.556423999999998
1998-10-20,-11.22,98.08,-10.948396799999998
1998-10-21,-10.14,97.76,-9.8364352
1998-10-22,-7.43,99.13,-7.325064949999996
1998-10-23,-5.07,99.03,-4.965594049999998
1998-10-24,-11.49,99.13,-11.365637849999997
1998-10-25,-7.52,100,-7.519999999999997
1998-10-26,-12.87,99.01,-12.720970349999998
1998-10-27,-20.9,98.62,-20.631313999999996
1998-10-28,-24.39,99.38,-24.257385099999997
1998-10-29,-28.15,98.95,-27.903696249999996
1998-10-30,-26.35,98.83,-26.087130249999998
1998-10-31,-22.49,98.85,-22.256038249999992
1998-11-01,-17.51,99.6,-17.439577999999997
1998-11-02,-19.14,99.51,-19.0493402
1998-11-03,-21.91,99.43,-21.79585465
1998-11-04,-19.24,98.19,-18.904118299999997
1998-11-05,-18.95,99.34,-18.828576499999997
1998-11-06,-21.81,98.63,-21.536404149999996
1998-11-07,-21.73,99.06,-21.542690899999997
1998-11-08,-25.66,98.66,-25.364020799999995
1998-11-09,-35.29,98.88,-34.983293599999996
1998-11-10,-28.11,98.63,-27.788933649999997
1998-11-11,-26.35,98.63,-26.04219525
1998-11-12,-27.02,98.95,-26.780221999999995
1998-11-13,-26.37,99,-26.145214999999997
1998-11-14,-28.4,98.41,-28.024839499999995
1998-11-15,-35.65,98.77,-35.31073524999999
1998-11-16,-29.45,97.23,-28.78042175
1998-11-17,-28.25,97.83,-27.739778749999996
1998-11-18,-27.92,97.75,-27.395052500000002
1998-11-19,-24.57,98.2,-24.183207
1998-11-20,-28.33,98.24,-27.915405599999993
1998-11-21,-32.02,99.34,-31.8511324
1998-11-22,-33.35,98.53,-32.96313274999999
1998-11-23,-41.19,93.63,-39.238900849999986
1998-11-24,-41.52,96.25,-40.3645875
1998-11-25,-42.91,98.47,-42.42689485
1998-11-26,-37.31,97.03,-36.46368365
1998-11-27,-38.77,97.55,-38.05218675
1998-11-28,-40.74,97.83,-40.080710599999996
1998-11-29,-41.96,95.96,-40.705458799999995
1998-11-30,-39.03,97.4,-38.264520999999995
1998-12-01,-36.95,96.45,-35.94543875
1998-12-02,-38.51,98.33,-38.02310314999999
1998-12-03,-32.7,98.35,-32.27166
1998-12-04,-38.52,98.69,-38.1379909
1998-12-05,-46.06,98.83,-45.6702964
1998-12-06,-46.66,96.44,-45.46248719999999
1998-12-07,-46.18,96.76,-45.098682399999994
1998-12-08,-44.32,98.13,-43.715036299999994
1998-12-09,-41.54,97.42,-40.744792399999994
1998-12-10,-38.3,98.7,-37.92247999999999
1998-12-11,-34.62,97.7,-33.99863199999999
1998-12-12,-37.5,99.32,-37.305519999999994
1998-12-13,-43.55,98.9,-43.1987975
1998-12-14,-45.94,97.2,-45.009223999999996
1998-12-15,-46.66,95.44,-45.12610719999999
1998-12-16,-44.16,97.91,-43.48570329999999
1998-12-17,-48.05,90.9,-44.919372499999994
1998-12-18,-40.87,97.92,-40.23656719999999
1998-12-19,-34.78,97.57,-34.121372799999996
1998-12-20,-36.88,98.55,-36.4702445
1998-12-21,-33.75,96.69,-32.87160874999999
1998-12-22,-28.4,97.99,-27.925740499999993
1998-12-23,-31.35,99.46,-31.213825499999995
1998-12-24,-36.96,98.49,-36.53262469999999
1998-12-25,-38.62,97.79,-37.974326399999995
1998-12-26,-32.51,97.21,-31.78863154999999
1998-12-27,-32.72,97.76,-32.1382496
1998-12-28,-30.33,97.74,-29.772763099999995
1998-12-29,-43.91,98.08,-43.293190399999986
1998-12-30,-44.22,92.21,-41.70414159999999
1998-12-31,-40.65,99.28,-40.431605999999995
1999-01-01,-40.75,95.87,-39.49499625
1999-01-02,-40.62,97.83,-39.96214279999999
1999-01-03,-39.18,98.53,-38.74599719999999
1999-01-04,-38.37,98.07,-37.80878494999999
1999-01-05,-31.32,97.38,-30.659733799999994
1999-01-06,-36.26,96.56,-35.29962079999999
1999-01-07,-36.01,96.82,-35.12658009999999
1999-01-08,-32.47,95.38,-31.27649229999999
1999-01-09,-32.82,98.12,-32.330711199999996
1999-01-10,-30.68,97.96,-30.173080399999993
1999-01-11,-30.11,97.81,-29.572672549999997
1999-01-12,-23.07,98.08,-22.673260799999994
1999-01-13,-26.91,96.94,-26.213069699999995
1999-01-14,-30.45,97.86,-29.9209385
1999-01-15,-28.74,97.52,-28.150206399999995
1999-01-16,-34.63,99.19,-34.41112585
1999-01-17,-39.87,97,-38.972894999999994
1999-01-18,-40.44,99.05,-40.15293849999999
1999-01-19,-34.33,98.95,-34.04800674999999
1999-01-20,-39.24,98,-38.64885999999999
1999-01-21,-44.65,97.42,-43.810661499999995
1999-01-22,-42.98,93.15,-40.814440999999995
1999-01-23,-36.12,98.38,-35.66897579999999
1999-01-24,-33.51,97.55,-32.86306524999999
1999-01-25,-37.76,97.58,-37.0644194
1999-01-26,-30.29,98.53,-29.927872849999993
1999-01-27,-32.07,97.47,-31.421978449999994
1999-01-28,-33.98,96.67,-33.09208879999999
1999-01-29,-27.45,98.52,-27.10852699999999
1999-01-30,-24.79,99.6,-24.703561999999994
1999-01-31,-23.75,98.05,-23.339768749999998
1999-02-01,-29.55,97.17,-28.864361749999997
1999-02-02,-28.27,96.19,-27.37375465
1999-02-03,-30.99,96.75,-30.176866249999996
1999-02-04,-32.65,98.65,-32.29991125
1999-02-05,-33.18,98.18,-32.702723199999994
1999-02-06,-43.11,96.36,-41.9566478
1999-02-07,-49.77,90.98,-46.5815653
1999-02-08,-50.36,95.95,-48.915243499999995
1999-02-09,-47.18,95.45,-45.636458
1999-02-10,-48.52,95.59,-46.9914499
1999-02-11,-45.96,96.24,-44.70968719999999
1999-02-12,-38.74,98.85,-38.403256999999996
1999-02-13,-37.73,98.55,-37.31346574999999
1999-02-14,-28.97,99.85,-28.934137249999996
1999-02-15,-34.32,97.84,-33.7400184
1999-02-16,-43.97,96.41,-42.81550984999999
1999-02-17,-41.43,99.6,-41.306954
1999-02-18,-37.92,98.91,-37.6057421
1999-02-19,-28.4,99.72,-28.333933999999996
1999-02-20,-22.54,100,-22.539999999999996
1999-02-21,-21.92,98.23,-21.5654513
1999-02-22,-18.19,99.39,-18.08032505
1999-02-23,-22.93,99.06,-22.736486899999996
1999-02-24,-27.6,96.35,-26.7548425
1999-02-25,-37.85,97.23,-37.05244775
1999-02-26,-34.15,97.59,-33.50514425
1999-02-27,-33.21,98.31,-32.76653555
1999-02-28,-38.61,98.72,-38.236105599999995
1999-03-01,-38.32,96.32,-37.250923199999995
1999-03-02,-31.39,97.37,-30.726201149999998
1999-03-03,-27.64,97.17,-26.984090899999998
1999-03-04,-29.95,96.92,-29.197016999999995
1999-03-05,-26.62,96.45,-25.817132
1999-03-06,-27.29,96.34,-26.448767299999997
1999-03-07,-28.61,96.2,-27.709000999999997
1999-03-08,-28.72,97.41,-28.104331099999996
1999-03-09,-27.45,97.3,-26.827042499999994
1999-03-10,-25.32,97.42,-24.7549542
1999-03-11,-25.06,96.51,-24.300645799999995
1999-03-12,-25.53,97.02,-24.873908299999997
1999-03-13,-27.52,97.24,-26.882136399999997
1999-03-14,-27.42,97.72,-26.8943232
1999-03-15,-29.84,98.45,-29.4620015
1999-03-16,-26.51,97.66,-25.9822013
1999-03-17,-25.36,96.14,-24.513772199999995
1999-03-18,-25.22,96.63,-24.483789799999997
1999-03-19,-21.13,95.77,-20.301068049999994
1999-03-20,-22.67,97.24,-22.1057594
1999-03-21,-23.03,97.14,-22.4396531
1999-03-22,-22.91,96.93,-22.278332149999997
1999-03-23,-27.56,98.38,-27.185245399999996
1999-03-24,-27.26,98.2,-26.846576
1999-03-25,-26.16,97.44,-25.587507199999997
1999-03-26,-23.63,97.92,-23.193792799999994
1999-03-27,-20.42,96.72,-19.7900432
1999-03-28,-23.28,97.13,-22.6836427
1999-03-29,-21.39,97.3,-20.857033499999996
1999-03-30,-19.56,97.11,-19.018616299999994
1999-03-31,-18.87,96.81,-18.28452335
1999-04-01,-19.87,97.43,-19.38418005
1999-04-02,-17.39,93.42,-16.235900899999997
1999-04-03,-15.82,97.81,-15.454795599999997
1999-04-04,-14.78,98.35,-14.514283999999998
1999-04-05,-9.14,97.82,-8.856556399999997
1999-04-06,-6.24,98.06,-6.018704199999998
1999-04-07,-5.65,97.04,-5.321957999999999
1999-04-08,-10.61,98.68,-10.427701399999998
1999-04-09,-13.61,96.95,-13.138454749999998
1999-04-10,-13.3,95.63,-12.631826999999998
1999-04-11,-12.48,96.13,-11.905730699999998
1999-04-12,-8.04,97.79,-7.766026299999998
1999-04-13,-3.67,98.03,-3.4731280499999992
1999-04-14,-1.7,98.79,-1.5921889999999987
1999-04-15,-2.51,98.33,-2.353763149999998
1999-04-16,-2.28,97.84,-2.0806535999999998
1999-04-17,-1.46,98.58,-1.3353523999999983
1999-04-18,-2.88,98.57,-2.7433062999999978
1999-04-19,-4.11,98.08,-3.913478399999998
1999-04-20,-4.65,97.53,-4.389847249999999
1999-04-21,-4.72,97.91,-4.499066099999997
1999-04-22,-6.03,94.15,-5.369447249999999
1999-04-23,-5.86,96.79,-5.500544199999998
1999-04-24,-5.06,96.49,-4.682394199999997
1999-04-25,-3.03,99.03,-2.936477449999998
1999-04-26,-3.75,98.55,-3.604456249999999
1999-04-27,-1.46,98.72,-1.3476415999999993
1999-04-28,-6.12,97.7,-5.859156999999999
1999-04-29,-2.75,98.71,-2.627611249999999
1999-04-30,-5.36,97.8,-5.119693999999998
1999-05-01,-1.65,98.98,-1.5593985
1999-05-02,-5.91,90.38,-4.830106899999998
1999-05-03,-3.24,96,-2.8497199999999996
1999-05-04,-0.79,98.18,-0.6369470999999989
1999-05-05,-0.89,97.24,-0.6563797999999987
1999-05-06,0,89.85,0.80946250000000175
1999-05-07,0.21,90.73,0.9385756500000008
1999-05-08,5.61,71.88,6.984927400000001
1999-05-09,6.73,74.11,7.836409150000001
1999-05-10,7.77,72.73,8.77939905
1999-05-11,2.71,74.69,4.351226950000001
1999-05-12,4.48,68.54,6.2137606000000005
1999-05-13,4.19,65.64,6.138383800000001
1999-05-14,6.41,61.66,8.1159383
1999-05-15,7.3,64.45,8.70778
1999-05-16,7.06,67.25,8.40013
1999-05-17,7.93,80.05,8.65089325
1999-05-18,4.87,80.14,5.9218849
1999-05-19,7.46,69.43,8.6436704
1999-05-20,7.2,76.89,8.127866500000001
1999-05-21,8.98,71.08,9.8580112
1999-05-22,8.48,68.24,9.531573600000002
1999-05-23,7.86,74.31,8.798198800000002
1999-05-24,3.91,64.96,5.950904800000002
1999-05-25,6.5,65.74,8.00744
1999-05-26,10.17,63.72,11.0340082
1999-05-27,11.5,73.24,11.94154
1999-05-28,8.91,85.93,9.34258215
1999-05-29,12.95,72.74,13.1823915
1999-05-30,10.45,80.52,10.883917
1999-05-31,7.79,69.12,8.9296264
1999-06-01,8.29,73.72,9.187593399999999
1999-06-02,6.14,78.97,7.1069594
1999-06-03,9.55,76.98,10.1767195
1999-06-04,9.11,81.42,9.6608041
1999-06-05,11.69,70.23,12.150095349999999
1999-06-06,15.21,62.94,15.0652807
1999-06-07,18.68,51.41,17.5629159
1999-06-08,19.8,64.57,18.7672155
1999-06-09,13.78,83.42,13.845656799999999
1999-06-10,15.28,75.75,15.175967499999999
1999-06-11,12.53,69.19,12.86382635
1999-06-12,15.66,68.18,15.4569884
1999-06-13,10.23,83.73,10.61210095
1999-06-14,11.22,71.12,11.7409952
1999-06-15,12.82,72.42,13.0748392
1999-06-16,16.48,64.4,16.092316
1999-06-17,18.58,67.71,17.8554124
1999-06-18,20.02,67.86,19.044229599999998
1999-06-19,23.8,55.21,21.5089915
1999-06-20,23.54,62.77,21.688924399999998
1999-06-21,21.42,70.73,20.3059838
1999-06-22,21.11,64.38,19.8150349
1999-06-23,20.68,75.08,19.8329692
1999-06-24,19.96,69.47,19.0431841
1999-06-25,19.64,76.23,18.9680221
1999-06-26,14.59,64.32,14.5723384
1999-06-27,13.39,86.4,13.473028000000001
1999-06-28,14.53,76.96,14.5261984
1999-06-29,13.17,84.23,13.28535755
1999-06-30,17.88,79.95,17.5072705
1999-07-01,11.36,80.65,11.694174499999999
1999-07-02,15.92,69.87,15.6846847
1999-07-03,19.91,73.36,19.1173268
1999-07-04,17.63,79.23,17.27244445
1999-07-05,15.76,92.46,15.7077478
1999-07-06,15.65,82.89,15.541779250000001
1999-07-07,16.37,80.95,16.174070750000002
1999-07-08,17.68,83.16,17.3854684
1999-07-09,20.81,76.42,19.9916561
1999-07-10,21.34,78.02,20.5131124
1999-07-11,21.5,80.84,20.76234
1999-07-12,23.42,71.76,22.0345456
1999-07-13,20,72.19,19.1587475
1999-07-14,19.79,70.1,18.920059499999997
1999-07-15,21.66,68.39,20.4151982
1999-07-16,24.14,50.69,21.5255838
1999-07-17,23.69,65.97,21.96995365
1999-07-18,22.21,85.94,21.6137857
1999-07-19,22.84,83.43,22.0799341
1999-07-20,24.69,62.25,22.57430125
1999-07-21,25.39,63.08,23.1786766
1999-07-22,19.67,63.54,18.633259900000002
1999-07-23,17.85,76.43,17.41572275
1999-07-24,16.58,79.24,16.3425056
1999-07-25,18.15,77.88,17.705941
1999-07-26,16.91,79.09,16.63283795
1999-07-27,15.6,76.8,15.45964
1999-07-28,13.22,86,13.318560000000002
1999-07-29,14.92,73.45,14.8586695
1999-07-30,14.75,74.55,14.71500625
1999-07-31,14.32,77.52,14.3422552
1999-08-01,12.26,92.15,12.356712
1999-08-02,16,76.48,15.80596
1999-08-03,16.67,73.39,16.352409650000002
1999-08-04,14.29,76.26,14.317419699999999
1999-08-05,14.63,65.61,14.60541115
1999-08-06,12.68,79.2,12.888208
1999-08-07,12.39,74.57,12.685115150000001
1999-08-08,13.38,82.63,13.486999200000001
1999-08-09,10.22,87.95,10.503657
1999-08-10,9.43,86.75,9.79947625
1999-08-11,7.42,76.76,8.3249656
1999-08-12,11.26,79.83,11.6194294
1999-08-13,8.26,95.67,8.4086056
1999-08-14,11.83,80.75,12.11268625
1999-08-15,10.44,77.24,10.9482308
1999-08-16,11.08,72.82,11.5912558
1999-08-17,7.58,92.6,7.861644000000001
1999-08-18,7.49,83.36,8.131555200000001
1999-08-19,9.94,77.96,10.4927632
1999-08-20,11.24,64.97,11.8680879
1999-08-21,14.17,54.55,14.25249175
1999-08-22,14.43,53.95,14.44772925
1999-08-23,15.26,51.8,15.058524
1999-08-24,14.96,61.69,14.863075700000001
1999-08-25,14.78,74.39,14.7405606
1999-08-26,14.2,67.95,14.2528825
1999-08-27,14.89,59.35,14.802805750000001
1999-08-28,15.05,65.58,14.9458795
1999-08-29,15.94,69.79,15.7007368
1999-08-30,16.16,78.46,15.9633398
1999-08-31,16.66,78.83,16.4085004
1999-09-01,13.07,83.41,13.200480350000001
1999-09-02,11.61,93.69,11.71029745
1999-09-03,10.55,73.27,11.13070925
1999-09-04,8.08,79.16,8.8158604
1999-09-05,6.49,90.14,6.9243823
1999-09-06,6.1,84.15,6.83227
1999-09-07,8.95,75.57,9.69572575
1999-09-08,6.36,85.1,7.0270730000000015
1999-09-09,7.67,69.54,8.8142299
1999-09-10,7.98,71.38,9.006313200000001
1999-09-11,7.45,73.98,8.458925500000001
1999-09-12,8.02,71.6,9.032176
1999-09-13,6.47,82.96,7.2225716
1999-09-14,2.82,74.43,4.4626168
1999-09-15,3.31,72.82,4.982793100000001
1999-09-16,2.11,70.6,4.113463000000001
1999-09-17,0.88,74.22,2.811179800000001
1999-09-18,1.91,74.25,3.6930587500000005
1999-09-19,2.32,90.49,2.957074900000001
1999-09-20,4.36,95.15,4.630484500000001
1999-09-21,6.32,90.23,6.7595523
1999-09-22,9.32,79.73,9.8974923
1999-09-23,8.44,82.93,9.0089431
1999-09-24,3.45,82.45,4.516601250000001
1999-09-25,2.41,64.36,4.779881800000001
1999-09-26,1.32,92.93,1.832504300000001
1999-09-27,-0.82,86.2,0.3427880000000013
1999-09-28,-0.61,81.98,0.8875521000000005
1999-09-29,-1.04,93.56,-0.48957319999999993
1999-09-30,-2.19,81.76,-0.5156591999999995
1999-10-01,-4,82.48,-2.217339999999999
1999-10-02,-4.8,80.46,-2.7258289999999974
1999-10-03,-3.81,86.77,-2.4776728499999985
1999-10-04,-6.22,78.61,-3.7823955999999987
1999-10-05,-5.44,79.77,-3.221375899999998
1999-10-06,-6.46,78.14,-3.9399791999999985
1999-10-07,-5.77,81.76,-3.736513599999999
1999-10-08,-4.05,88.85,-2.9124212499999973
1999-10-09,-3,90.03,-2.0403874999999987
1999-10-10,-3.54,90.05,-2.5527609999999985
1999-10-11,-5.03,89.37,-3.8881785499999992
1999-10-12,-3.92,98.15,-3.732576499999999
1999-10-13,-11.76,98.26,-11.508691799999998
1999-10-14,-12.3,98.4,-12.06416
1999-10-15,-12.62,98.81,-12.442499599999998
1999-10-16,-15.05,97.65,-14.668066249999999
1999-10-17,-14.09,97.37,-13.676445649999998
1999-10-18,-14.71,99.29,-14.59593495
1999-10-19,-12.61,99.1,-12.475805499999996
1999-10-20,-11.91,99.75,-11.873686249999997
1999-10-21,-12.75,99.81,-12.721523749999998
1999-10-22,-12.25,99.4,-12.161724999999997
1999-10-23,-13.05,98.15,-12.769678749999999
1999-10-24,-14.83,99.83,-14.802576449999997
1999-10-25,-13.19,99.74,-13.150403299999995
1999-10-26,-13.31,99.5,-13.2335225
1999-10-27,-14.68,99.54,-14.6061746
1999-10-28,-18,95.81,-17.251037499999995
1999-10-29,-18.57,99.61,-18.49906485
1999-10-30,-23.56,94.3,-22.366818999999996
1999-10-31,-18.94,99.5,-18.84804
1999-11-01,-14.85,99.22,-14.724088499999995
1999-11-02,-9.1,99.58,-9.045483999999998
1999-11-03,-6.12,99.41,-6.053088099999999
1999-11-04,-16.04,99.09,-15.887147299999999
1999-11-05,-31.91,99.83,-31.866606649999994
1999-11-06,-22.78,99.16,-22.6077664
1999-11-07,-26.77,98.22,-26.365966699999998
1999-11-08,-24.17,99.4,-24.042389
1999-11-09,-14.31,100,-14.309999999999997
1999-11-10,-17.11,99.67,-17.052627849999997
1999-11-11,-26.74,98.64,-26.4315248
1999-11-12,-41.19,98.43,-40.709116849999994
1999-11-13,-41.8,99.18,-41.54608699999999
1999-11-14,-38.45,99.03,-38.167511749999996
1999-11-15,-31.17,99.48,-31.0393838
1999-11-16,-26.1,99.63,-26.017379
1999-11-17,-26.25,99.56,-26.151384999999998
1999-11-18,-28.03,98.16,-27.599596399999996
1999-11-19,-27.45,98.71,-27.152364749999997
1999-11-20,-36.45,98.47,-36.02125575
1999-11-21,-39.54,95.78,-38.2857316
1999-11-22,-40.25,97.96,-39.635704999999994
1999-11-23,-36.38,98.83,-36.0525872
1999-11-24,-32.18,98.65,-31.833401
1999-11-25,-34.75,98.46,-34.332852499999994
1999-11-26,-40.69,98.56,-40.2528952
1999-11-27,-43.16,98.55,-42.70016149999999
1999-11-28,-43.79,95.64,-42.39220579999999
1999-11-29,-41.45,97.82,-40.77915949999999
1999-11-30,-42.29,99.42,-42.1088399
1999-12-01,-46,97.13,-45.0450075
1999-12-02,-40.39,98.39,-39.903949049999994
1999-12-03,-41.33,97.18,-40.4640767
1999-12-04,-42.06,98.84,-41.6991472
1999-12-05,-46.53,97.88,-45.818390199999996
1999-12-06,-45.86,89.5,-42.37421
1999-12-07,-43.61,98.97,-43.28080685
1999-12-08,-41.2,97.93,-40.5658555
1999-12-09,-45.47,96.16,-44.20343359999999
1999-12-10,-44.04,97.8,-43.33166599999999
1999-12-11,-40.7,96.96,-39.777056
1999-12-12,-39.75,97.32,-38.950354999999995
1999-12-13,-35.09,94.38,-33.5571731
1999-12-14,-32.9,96.6,-32.01361999999999
1999-12-15,-29.37,96.81,-28.60030085
1999-12-16,-28.72,97.66,-28.163758599999998
1999-12-17,-32.22,98.18,-31.752332799999994
1999-12-18,-32.34,98.68,-31.9999416
1999-12-19,-31.92,99.06,-31.680008599999997
1999-12-20,-23.82,99.62,-23.739911199999998
1999-12-21,-23.5,98.97,-23.28473
1999-12-22,-27.8,98.27,-27.397515499999997
1999-12-23,-28.6,93.39,-27.0330995
1999-12-24,-28.56,99.36,-28.408428799999996
1999-12-25,-24.04,98.55,-23.7326435
1999-12-26,-23.16,99.8,-23.118573999999995
1999-12-27,-32.1,97.65,-31.497694999999997
1999-12-28,-29.36,97.93,-28.860653899999996
1999-12-29,-30.45,96.63,-29.616851749999995
1999-12-30,-28.52,97.23,-27.8645903
1999-12-31,-29.41,98.43,-29.030837149999996
2000-01-01,-33.22,97.53,-32.571723799999994
2000-01-02,-34.7,97.65,-34.06409
2000-01-03,-31.36,98.88,-31.077502399999997
2000-01-04,-30.8,97.82,-30.256852999999992
2000-01-05,-27.4,97.34,-26.787003
2000-01-06,-30.38,97.34,-29.723405599999996
2000-01-07,-39.84,98.5,-39.391695
2000-01-08,-33.81,98.4,-33.384872
2000-01-09,-32.68,97.18,-31.9482382
2000-01-10,-42.08,97.53,-41.311360699999994
2000-01-11,-45.24,96.14,-43.971719799999995
2000-01-12,-40.21,98.61,-39.791742049999996
2000-01-13,-37.23,98.66,-36.848749899999994
2000-01-14,-30.94,98.59,-30.5876128
2000-01-15,-26.85,99.5,-26.7362875
2000-01-16,-27.9,99.06,-27.680791999999993
2000-01-17,-33.89,98.6,-33.517396999999995
2000-01-18,-32.73,98.34,-32.29879009999999
2000-01-19,-32.69,98.11,-32.19945995
2000-01-20,-38.86,97.67,-38.176191599999996
2000-01-21,-38.5,98.04,-37.92866
2000-01-22,-47.07,94.98,-45.3700523
2000-01-23,-48.09,94.56,-46.2173072
2000-01-24,-33.26,99.73,-33.1890764
2000-01-25,-26.12,98.35,-25.7513735
2000-01-26,-26.61,98.09,-26.178139449999996
2000-01-27,-35.01,99.3,-34.81938649999999
2000-01-28,-35.61,99.15,-35.37573575
2000-01-29,-29.11,99.48,-28.985275399999995
2000-01-30,-23.2,98.94,-22.980208999999995
2000-01-31,-24.92,98.58,-24.612129799999998
2000-02-01,-27.91,97.8,-27.396838999999996
2000-02-02,-29.51,97.96,-29.016207799999997
2000-02-03,-31.25,99.25,-31.061281249999997
2000-02-04,-32.52,98.79,-32.2070819
2000-02-05,-33.33,98.82,-33.019583299999994
2000-02-06,-36.25,99.2,-36.0267
2000-02-07,-31.14,99.28,-30.9592656
2000-02-08,-30.25,97.6,-29.659299999999995
2000-02-09,-28.78,98.66,-28.461026399999998
2000-02-10,-27.69,96.14,-26.7943063
2000-02-11,-28.84,97.19,-28.170180299999995
2000-02-12,-26.52,97.32,-25.915365199999997
2000-02-13,-29.42,96.67,-28.615605199999997
2000-02-14,-29.99,98.16,-29.539761199999994
2000-02-15,-30.97,98.77,-30.66239544999999
2000-02-16,-26.65,98.86,-26.391989499999994
2000-02-17,-26.35,97.52,-25.792806
2000-02-18,-30.4,98.01,-29.908569499999995
2000-02-19,-31.23,98.47,-30.84518205
2000-02-20,-35.45,98.56,-35.054396000000004
2000-02-21,-32.98,98.94,-32.70319159999999
2000-02-22,-30.87,98.43,-30.478230049999997
2000-02-23,-31.89,98.45,-31.49452525
2000-02-24,-34.3,99.18,-34.07991199999999
2000-02-25,-30.65,99.6,-30.550669999999993
2000-02-26,-31.59,99.25,-31.39987875
2000-02-27,-32.96,98.85,-32.65981549999999
2000-02-28,-28,99.23,-27.820012499999997
2000-02-29,-28.73,99.11,-28.518389149999997
2000-03-01,-26.48,97.51,-25.9187789
2000-03-02,-24.27,98.4,-23.928824
2000-03-03,-26.6,99.38,-26.459848999999995
2000-03-04,-30.63,99.47,-30.498446049999995
2000-03-05,-30.59,98.83,-30.299845849999997
2000-03-06,-32.72,97.72,-32.12786119999999
2000-03-07,-34.36,97.07,-33.57262109999999
2000-03-08,-33.79,96.96,-32.982591199999995
2000-03-09,-29.97,97.88,-29.451479799999994
2000-03-10,-26.57,98.13,-26.147595049999996
2000-03-11,-25.03,98.95,-24.801714249999996
2000-03-12,-22.25,97.95,-21.83564375
2000-03-13,-22.7,96.68,-22.020728
2000-03-14,-19.43,97.33,-18.93173795
2000-03-15,-19.33,96.07,-18.59876454999999
2000-03-16,-18.55,98.01,-18.188267749999998
2000-03-17,-21.21,99.24,-21.060732199999997
2000-03-18,-19.04,97.64,-18.604650799999995
2000-03-19,-20.36,97.24,-19.830825199999996
2000-03-20,-17.9,95.97,-17.181853999999994
2000-03-21,-15,95.06,-14.198485
2000-03-22,-14.13,90.08,-12.567947199999997
2000-03-23,-15.02,94.17,-14.0734412
2000-03-24,-13.86,90.05,-12.307998999999997
2000-03-25,-16.11,95.52,-15.355769599999997
2000-03-26,-14.23,97.12,-13.774916799999998
2000-03-27,-14.91,96.17,-14.290478349999997
2000-03-28,-13.8,98.06,-13.498038999999999
2000-03-29,-9.25,98.5,-9.054062499999997
2000-03-30,-8.57,98.43,-8.370790549999999
2000-03-31,-12.86,95.9,-12.243031999999998
2000-04-01,-11.17,95.26,-10.5007831
2000-04-02,-8.87,89.81,-7.560228349999997
2000-04-03,-12.2,96.62,-11.703647
2000-04-04,-9.44,95.4,-8.834318
2000-04-05,-6.03,98.56,-5.8674024
2000-04-06,-7.96,98.53,-7.778410899999997
2000-04-07,-9.54,98.32,-9.317870399999995
2000-04-08,-12.41,97.3,-12.010386499999996
2000-04-09,-12.93,96.45,-12.39442925
2000-04-10,-7.37,96.98,-7.0067393
2000-04-11,-4.13,97.29,-3.852319849999999
2000-04-12,-10.95,95.82,-10.364904499999998
2000-04-13,-5.5,94.16,-4.857599999999997
2000-04-14,-3.02,94.27,-2.4678571999999988
2000-04-15,-1.55,98.97,-1.4590767499999995
2000-04-16,-2.64,98.02,-2.453345399999999
2000-04-17,-1.1,98.03,-0.9309739999999995
2000-04-18,-2.59,98.77,-2.4743861499999977
2000-04-19,-2.26,98.95,-2.163210999999998
2000-04-20,-1.81,99.12,-1.731059599999999
2000-04-21,-2.01,96.79,-1.7185159499999985
2000-04-22,-2.41,83.28,-0.8549563999999994
2000-04-23,0.25,77.52,2.011870000000001
2000-04-24,2.11,87.32,2.9740786000000017
2000-04-25,3.43,83.53,4.432775950000001
2000-04-26,3.79,86.9,4.5616555000000005
2000-04-27,1.63,70.51,3.7174496500000003
2000-04-28,1.84,75.4,3.5528980000000008
2000-04-29,-1.95,81.74,-0.2979264999999989
2000-04-30,-0.16,86.63,0.9180231000000011
2000-05-01,1.89,74.08,3.687681600000001
2000-05-02,0.93,88.73,1.771136450000001
2000-05-03,-0.6,70.58,1.843331000000001
2000-05-04,-0.31,79.41,1.3671584500000014
2000-05-05,1.3,90.39,1.9976860000000012
2000-05-06,1.61,78.96,3.1016308000000015
2000-05-07,1.76,90.63,2.4165559000000014
2000-05-08,2.28,80.91,3.5630389000000013
2000-05-09,4.99,77.22,6.181507900000001
2000-05-10,6.91,76.79,7.878901450000001
2000-05-11,9.61,71.93,10.36494265
2000-05-12,10.47,78.28,10.9514238
2000-05-13,7.2,85.06,7.799841000000001
2000-05-14,5.14,77.57,6.294696400000001
2000-05-15,4.25,66.95,6.113193750000001
2000-05-16,1.32,86.11,2.326886100000001
2000-05-17,3.19,82.29,4.29165055
2000-05-18,3.22,90.32,3.8205472000000014
2000-05-19,6.77,74.18,7.8677373
2000-05-20,8.5,75.48,9.30916
2000-05-21,9.91,87.92,10.2149596
2000-05-22,9.78,80.52,10.285700799999999
2000-05-23,12.61,79.72,12.8208106
2000-05-24,9.62,93.22,9.8019752
2000-05-25,7.94,90.19,8.2939448
2000-05-26,8.99,80.86,9.5700377
2000-05-27,10.72,74.89,11.2420369
2000-05-28,9.36,87,9.72751
2000-05-29,11.14,84.79,11.4210808
2000-05-30,12.16,81.99,12.391788700000001
2000-05-31,11.53,77.59,11.89606735
2000-06-01,13.37,68.11,13.56819635
2000-06-02,15.27,71.69,15.15010715
2000-06-03,12.52,86.6,12.665925999999999
2000-06-04,15.79,71.39,15.587012049999998
2000-06-05,16.66,67.27,16.2711676
2000-06-06,17.63,64.25,17.01456375
2000-06-07,18.31,67.3,17.624771499999998
2000-06-08,20.22,71.6,19.326535999999997
2000-06-09,20.6,72.82,19.688111
2000-06-10,17.51,77.01,17.12940055
2000-06-11,11.26,67.49,11.8393282
2000-06-12,12.09,64.93,12.55485285
2000-06-13,16.12,72,15.87052
2000-06-14,16.81,81.16,16.5706378
2000-06-15,8.7,73.43,9.547583
2000-06-16,11.95,86.17,12.14396575
2000-06-17,15.07,64.95,14.96011825
2000-06-18,19.06,78.15,18.512002
2000-06-19,22.37,76.31,21.34457835
2000-06-20,16.44,78.9,16.214863
2000-06-21,9.07,71.09,9.933397150000001
2000-06-22,8.91,65.69,9.96486095
2000-06-23,13.57,62.98,13.7593573
2000-06-24,13.41,83.41,13.50945705
2000-06-25,13.48,70.42,13.645943800000001
2000-06-26,13.8,79.82,13.877693
2000-06-27,16.72,70.97,16.3655437
2000-06-28,17.76,75.41,17.3191013
2000-06-29,14.42,92.91,14.4231196
2000-06-30,10.31,93.87,10.45126585
2000-07-01,14.68,72.96,14.6532304
2000-07-02,15.65,82.48,15.539186
2000-07-03,15.02,83.98,14.9741828
2000-07-04,13.84,77.83,13.9204771
2000-07-05,14.3,76.86,14.325454
2000-07-06,13.27,73.23,13.45109905
2000-07-07,14.02,67.37,14.1061432
2000-07-08,15.47,73.13,15.32664855
2000-07-09,17.41,74.84,17.0073142
2000-07-10,19.56,73.58,18.824731399999997
2000-07-11,19.95,73.61,19.158959749999998
2000-07-12,17.54,77.72,17.1674784
2000-07-13,17.98,75.18,17.5049452
2000-07-14,15.7,85.73,15.605818
2000-07-15,18.04,76.18,17.5762246
2000-07-16,20.35,68.73,19.34388775
2000-07-17,22.71,69.26,21.3219353
2000-07-18,23.56,74.03,22.2659149
2000-07-19,24.51,63.64,22.5082002
2000-07-20,26.38,60.88,23.8238992
2000-07-21,23.32,59.44,21.3524344
2000-07-22,17.66,66.39,17.0758582
2000-07-23,13.57,89.08,13.6258558
2000-07-24,16.71,79.91,16.46580605
2000-07-25,17.24,78.07,16.909514899999998
2000-07-26,17.37,81.26,17.0741891
2000-07-27,17.43,83.17,17.15878455
2000-07-28,20.26,72.83,19.3992544
2000-07-29,20.98,69.83,19.9047412
2000-07-30,20.89,70.06,19.837758700000002
2000-07-31,21.75,65.74,20.3838825
2000-08-01,19.88,68.29,18.9417011
2000-08-02,19.72,68.06,18.8030026
2000-08-03,18.39,86.75,18.10651625
2000-08-04,15.41,76.78,15.2937839
2000-08-05,16.76,65.28,16.328430400000002
2000-08-06,16.86,64.3,16.396614
2000-08-07,18.79,60.21,17.851154949999998
2000-08-08,19.66,66.11,18.6982018
2000-08-09,19.3,68.08,18.457312
2000-08-10,17.64,69.97,17.1213819
2000-08-11,15.57,68.59,15.38515215
2000-08-12,11.14,66.73,11.7548296
2000-08-13,13.07,57.84,13.4015884
2000-08-14,12.3,66.24,12.708496
2000-08-15,12.78,59.98,13.1585892
2000-08-16,11.4,56.89,12.135025500000001
2000-08-17,10.2,58.26,11.187151
2000-08-18,13.13,59.44,13.4356196
2000-08-19,7.81,93.76,8.0396008
2000-08-20,11.62,69.15,12.108664
2000-08-21,12.76,61.6,13.127488
2000-08-22,11.38,67.26,11.9418184
2000-08-23,13.07,60.11,13.38373485
2000-08-24,13.85,63.88,13.979129
2000-08-25,15.29,59.21,15.11276745
2000-08-26,13.93,74.2,14.010883
2000-08-27,12.69,61.81,13.07018145
2000-08-28,13.04,64.45,13.3254665
2000-08-29,16.34,68.64,16.0226368
2000-08-30,18.33,74.79,17.79895135
2000-08-31,19.2,70.6,18.440009999999997
2000-09-01,11.17,68,11.75608
2000-09-02,7.59,65.35,8.90687325
2000-09-03,10.32,58.32,11.278223200000001
2000-09-04,6.87,68.96,8.1725936
2000-09-05,2.84,71.02,4.698487400000001
2000-09-06,3.46,94.62,3.7866736
2000-09-07,5.75,77.78,6.8193375000000005
2000-09-08,5.31,86.16,6.0095428
2000-09-09,4.12,62.55,6.258020500000001
2000-09-10,9.71,71.8,10.452929000000001
2000-09-11,11.87,85.34,12.0820569
2000-09-12,7.28,72.12,8.3871148
2000-09-13,5.23,82.1,6.142631500000001
2000-09-14,5.62,71.35,7.019266000000001
2000-09-15,2.57,95.73,2.850176050000001
2000-09-16,3.53,94.72,3.8485688000000007
2000-09-17,2.82,80.29,4.0861704
2000-09-18,4.59,75.04,5.9504448
2000-09-19,3.11,95.51,3.39127605
2000-09-20,1.52,89.13,2.296009300000001
2000-09-21,4.4,82.42,5.376569000000001
2000-09-22,3.31,90.13,3.917449150000001
2000-09-23,4.16,79.72,5.313323600000001
2000-09-24,5.44,95.14,5.682173800000001
2000-09-25,4.76,92.26,5.1746318
2000-09-26,0.13,78.14,1.8577051000000009
2000-09-27,-0.6,76.31,1.367454500000001
2000-09-28,0.03,74.33,2.072946950000001
2000-09-29,-0.12,77.24,1.7101316000000018
2000-09-30,1.61,75.74,3.3299127000000013
2000-10-01,1.68,84.88,2.7461112000000014
2000-10-02,2.34,85.84,3.2870208000000005
2000-10-03,1.58,89.65,2.315471000000001
2000-10-04,1.67,88.39,2.4892596500000006
2000-10-05,0.91,90.55,1.6163402500000015
2000-10-06,1.67,85.44,2.6974264000000012
2000-10-07,-1.52,75.38,0.6492682000000012
2000-10-08,-2.71,69.59,0.16845855000000087
2000-10-09,-4.06,75.67,-1.5763935999999985
2000-10-10,-3.28,76.2,-0.9525979999999983
2000-10-11,-1.87,88.57,-0.8408999499999981
2000-10-12,-3.35,83.31,-1.7114592499999988
2000-10-13,-9.55,76.56,-6.449474
2000-10-14,-12.36,70.13,-7.947304899999998
2000-10-15,-13.46,56.11,-6.710595799999998
2000-10-16,-14.96,76.28,-11.116648399999999
2000-10-17,-15.19,75.24,-11.146815799999997
2000-10-18,-17.58,82.23,-14.444661199999995
2000-10-19,-15.9,81.3,-12.773359999999997
2000-10-20,-13.94,78.22,-10.533172399999998
2000-10-21,-14.4,91.52,-13.052103999999996
2000-10-22,-11.99,92.94,-10.9613933
2000-10-23,-15.28,83.19,-12.526690099999998
2000-10-24,-15.23,90,-13.59485
2000-10-25,-12.84,85.61,-10.676175699999998
2000-10-26,-11.28,89.32,-9.765682799999997
2000-10-27,-10.79,96.67,-10.326813649999997
2000-10-28,-11.09,94.48,-10.3130876
2000-10-29,-21.55,87.58,-19.087424499999997
2000-10-30,-22.05,82.54,-18.5401035
2000-10-31,-21.97,85.18,-18.997330299999998
2000-11-01,-21.45,90.48,-19.567657999999998
2000-11-02,-20.77,95.25,-19.84857125
2000-11-03,-20.17,93.04,-18.8428324
2000-11-04,-20.38,95.1,-19.439983999999995
2000-11-05,-21.82,95.19,-20.859154399999994
2000-11-06,-25.13,94.05,-23.833108249999995
2000-11-07,-27.7,93.91,-26.286510999999997
2000-11-08,-24.4,95.24,-23.381597999999997
2000-11-09,-20.81,96.44,-20.1186302
2000-11-10,-21.11,97.48,-20.616445399999996
2000-11-11,-24,96.17,-23.188997499999996
2000-11-12,-26.77,94.66,-25.557900099999994
2000-11-13,-31.39,95.57,-30.271890149999997
2000-11-14,-33.57,94.37,-32.08151245
2000-11-15,-36.07,96.07,-34.97692944999999
2000-11-16,-36.51,94.31,-34.91364204999999
2000-11-17,-35.28,96.87,-34.4230373
2000-11-18,-32.73,96.87,-31.91693554999999
2000-11-19,-30.49,95.84,-29.4606288
2000-11-20,-28.8,92.75,-27.073412499999996
2000-11-21,-33.4,93.86,-31.782416999999995
2000-11-22,-36.64,94.31,-35.0395737
2000-11-23,-36.77,98.42,-36.324463699999995
2000-11-24,-33.7,95.44,-32.491144
2000-11-25,-32.22,95.84,-31.1510464
2000-11-26,-32.35,96.33,-31.404332749999995
2000-11-27,-30.92,88.75,-28.109637499999998
2000-11-28,-34.25,96.14,-33.215037499999994
2000-11-29,-37.77,96.38,-36.729304299999995
2000-11-30,-35.84,98.52,-35.430232399999994
2000-12-01,-39.31,94.99,-37.82726545
2000-12-02,-37.88,97.82,-37.25196379999999
2000-12-03,-41,96.73,-40.0018325
2000-12-04,-39.69,96.48,-38.64088159999999
2000-12-05,-42.53,99.26,-42.2978879
2000-12-06,-41.67,94.88,-40.0882528
2000-12-07,-41.54,98.07,-40.94513539999999
2000-12-08,-42.73,97.26,-41.867543899999994
2000-12-09,-38.56,96.3,-37.480228999999994
2000-12-10,-32.16,96.35,-31.223300499999993
2000-12-11,-39.05,98.34,-38.56108849999999
2000-12-12,-35.27,97.39,-34.55555165
2000-12-13,-36.89,98.08,-36.347321599999994
2000-12-14,-44.61,99.3,-44.382426499999994
2000-12-15,-42.92,97.66,-42.1810046
2000-12-16,-36.01,96.25,-34.968231249999995
2000-12-17,-34.86,96.58,-33.931538399999994
2000-12-18,-35.22,96.92,-34.3777432
2000-12-19,-36.44,95.49,-35.17643329999999
2000-12-20,-37.54,97.82,-36.91604039999999
2000-12-21,-37.86,97.56,-37.157328799999995
2000-12-22,-36.22,97.39,-35.49191439999999
2000-12-23,-36.96,98,-36.39393999999999
2000-12-24,-39.55,97.43,-38.78600324999999
2000-12-25,-40.77,97.47,-40.000917949999995
2000-12-26,-46.34,94.33,-44.4427046
2000-12-27,-43.83,95.78,-42.476160699999994
2000-12-28,-45.92,95.88,-44.5508828
2000-12-29,-45.74,95.27,-44.17285639999999
2000-12-30,-46.22,96.98,-45.2114408
2000-12-31,-46.51,93.61,-44.365803549999995
2001-01-01,-41.61,94.45,-39.89724225
2001-01-02,-41.92,96.85,-40.94252349999999
2001-01-03,-39.28,98.06,-38.7061674
2001-01-04,-39.39,96.11,-38.237023449999995
2001-01-05,-42.45,97.41,-41.63874725
2001-01-06,-47.23,98.61,-46.75807414999999
2001-01-07,-45.28,94.04,-43.3204116
2001-01-08,-46.67,97.85,-45.94666475
2001-01-09,-43.31,96.58,-42.22259389999999
2001-01-10,-44.97,96.52,-43.831744199999996
2001-01-11,-46.01,96.84,-44.95833619999999
2001-01-12,-44.62,96.06,-43.338869599999995
2001-01-13,-38.7,99.13,-38.445437999999996
2001-01-14,-39.55,99.03,-39.26164324999999
2001-01-15,-43.37,97.99,-42.73024714999999
2001-01-16,-47.58,96.3,-46.31667199999999
2001-01-17,-43.9,96.4,-42.74368
2001-01-18,-41.15,97.39,-40.35114424999999
2001-01-19,-37.25,98.31,-36.76898375
2001-01-20,-34.93,96.66,-34.02197089999999
2001-01-21,-32.67,98.47,-32.27306445
2001-01-22,-28.1,99.3,-27.935989999999997
2001-01-23,-23.72,99.94,-23.707387399999998
2001-01-24,-25.38,99.46,-25.261556399999993
2001-01-25,-30.65,99.94,-30.635100499999997
2001-01-26,-36.95,99.01,-36.66985475
2001-01-27,-35.16,98.17,-34.66017209999999
2001-01-28,-36.02,98.92,-35.7199112
2001-01-29,-34.82,98,-34.27748
2001-01-30,-40.69,97.38,-39.89471209999999
2001-01-31,-46.55,96.01,-45.21025775
2001-02-01,-49.06,93.19,-46.67936019999999
2001-02-02,-49.36,89.68,-45.7353064
2001-02-03,-43.52,95.65,-42.131871499999995
2001-02-04,-44.58,98.75,-44.173824999999994
2001-02-05,-43.79,97.47,-42.978894649999994
2001-02-06,-43.84,97.94,-43.1790078
2001-02-07,-39.94,97.8,-39.28127599999999
2001-02-08,-41.28,96.85,-40.31361149999999
2001-02-09,-39.72,96.55,-38.69117549999999
2001-02-10,-43.13,98.47,-42.64504355
2001-02-11,-44.31,98.03,-43.67279365
2001-02-12,-40.22,97.93,-39.597012799999995
2001-02-13,-34.44,99.43,-34.2865731
2001-02-14,-33.92,97.77,-33.3261287
2001-02-15,-35.86,98.61,-35.47499779999999
2001-02-16,-42.03,98.75,-41.641356249999994
2001-02-17,-41.47,98.84,-41.112911399999994
2001-02-18,-34.64,96.64,-33.7318928
2001-02-19,-38.3,98.76,-37.93990399999999
2001-02-20,-39.02,99.39,-38.8404404
2001-02-21,-39.95,98.52,-39.50677699999999
2001-02-22,-33.77,97.63,-33.140800549999994
2001-02-23,-31.16,96.82,-30.361406599999995
2001-02-24,-30.88,97.91,-30.358356899999993
2001-02-25,-32.46,99.5,-32.33086
2001-02-26,-27.72,99.39,-27.578351899999994
2001-02-27,-24.13,97.91,-23.685948149999994
2001-02-28,-26.29,98.28,-25.904126599999998
2001-03-01,-28.64,98.58,-28.303076599999997
2001-03-02,-28.6,98.16,-28.163827999999995
2001-03-03,-29.12,98.12,-28.6689692
2001-03-04,-28.79,98.17,-28.354286149999993
2001-03-05,-28.48,97.61,-27.9150279
2001-03-06,-30.81,98.82,-30.515938099999993
2001-03-07,-29.81,99.03,-29.573606149999996
2001-03-08,-24.77,97.49,-24.227877649999996
2001-03-09,-26.85,98.14,-26.426989499999998
2001-03-10,-24.52,98.19,-24.1315559
2001-03-11,-19.23,97.74,-18.8107361
2001-03-12,-17.58,99.47,-17.486486799999994
2001-03-13,-18.26,97.41,-17.7933338
2001-03-14,-17.49,95.38,-16.677134099999993
2001-03-15,-19.69,98.61,-19.428617449999997
2001-03-16,-20.1,99.13,-19.934438999999998
2001-03-17,-23.38,98.19,-23.002904599999997
2001-03-18,-21.93,96.52,-21.232729799999998
2001-03-19,-19.04,96.89,-18.4662983
2001-03-20,-22.02,97.41,-21.499772599999996
2001-03-21,-24.27,97.46,-23.728383099999995
2001-03-22,-17.51,98.43,-17.23359365
2001-03-23,-16.69,98.91,-16.503015949999998
2001-03-24,-10.52,98.33,-10.290191299999996
2001-03-25,-10.87,99.32,-10.775116199999998
2001-03-26,-11.42,98.72,-11.237523199999998
2001-03-27,-10.29,98.36,-10.066394199999998
2001-03-28,-6.91,98.04,-6.6792001999999995
2001-03-29,-5.73,98.76,-5.5920314
2001-03-30,-6.38,98.22,-6.175584799999998
2001-03-31,-4.1,98.62,-3.958825999999998
2001-04-01,-16.06,98.46,-15.801156799999996
2001-04-02,-18.25,96.13,-17.552916249999996
2001-04-03,-13.87,98.57,-13.646869949999996
2001-04-04,-9.22,98.25,-8.991694999999998
2001-04-05,-8.01,98.42,-7.814388099999998
2001-04-06,-4.07,97.75,-3.84019625
2001-04-07,-4.09,98.41,-3.927430449999998
2001-04-08,-5.99,98.63,-5.835607849999999
2001-04-09,-6.97,96.06,-6.504745099999998
2001-04-10,-8.5,97.5,-8.18375
2001-04-11,-14.97,96.17,-14.349214449999998
2001-04-12,-8.39,97.54,-8.080298299999999
2001-04-13,-10.02,97.77,-9.719262199999998
2001-04-14,-14.93,95.13,-14.141717449999998
2001-04-15,-22.89,96.88,-22.248387599999997
2001-04-16,-18.36,95.37,-17.523220099999996
2001-04-17,-15.48,93.98,-14.487362199999998
2001-04-18,-13.88,94.22,-12.977799799999998
2001-04-19,-9.5,97.34,-9.148879999999998
2001-04-20,-9.61,95.81,-9.054385049999997
2001-04-21,-4.78,97.7,-4.536108
2001-04-22,-6.71,98.09,-6.4871889499999975
2001-04-23,-10.82,96.32,-10.307523199999997
2001-04-24,-3.82,97.99,-3.617472399999997
2001-04-25,-1.79,96.92,-1.514047399999999
2001-04-26,-2.55,89.11,-1.5287902499999984
2001-04-27,-8.22,83.75,-6.189399999999999
2001-04-28,-3.63,88.93,-2.5261549499999996
2001-04-29,-3.08,82.19,-1.357951099999999
2001-04-30,0.34,84.33,1.560379600000001
2001-05-01,1.31,78.45,2.8733447500000007
2001-05-02,4.29,81.49,5.329429050000001
2001-05-03,4.5,81.14,5.5373
2001-05-04,5.81,67.49,7.363815450000001
2001-05-05,9.05,72.52,9.873713
2001-05-06,10.76,76.91,11.2349613
2001-05-07,11.52,73.11,11.9607271
2001-05-08,8.08,72.23,9.060558700000001
2001-05-09,5.93,78.36,6.9500014000000006
2001-05-10,4.39,68.59,6.13655305
2001-05-11,3.7,69.58,5.506948000000001
2001-05-12,2.02,61.23,4.681172800000001
2001-05-13,-0.64,60.33,2.6633209000000013
2001-05-14,2.23,63.53,4.69117795
2001-05-15,4.5,65.21,6.413450000000001
2001-05-16,1.48,86.48,2.4481672000000003
2001-05-17,1.96,83.65,3.0876595
2001-05-18,4.94,77.81,6.1067502000000005
2001-05-19,8.65,73.28,9.509716000000001
2001-05-20,4.21,88.67,4.85122135
2001-05-21,6.71,91.45,7.07632475
2001-05-22,7.93,80.22,8.6447503
2001-05-23,11.39,61.37,12.050766150000001
2001-05-24,11.54,72.83,11.9823276
2001-05-25,7.61,72.34,8.658175700000001
2001-05-26,9.17,57.17,10.42556145
2001-05-27,9.41,66.82,10.3388741
2001-05-28,9.13,64.06,10.1914879
2001-05-29,12,58.27,12.5737875
2001-05-30,14.43,69.27,14.44183105
2001-05-31,16.6,72.66,16.284223
2001-06-01,11.31,76.63,11.720026650000001
2001-06-02,9.32,65.77,10.2952127
2001-06-03,8.86,65.08,9.9432184
2001-06-04,3.14,79.42,4.425838400000001
2001-06-05,4.78,74.65,6.135211
2001-06-06,6.5,87.43,7.0530800000000005
2001-06-07,8.09,75.62,8.9495169
2001-06-08,11.97,67.81,12.417923850000001
2001-06-09,18.89,46.23,17.59172335
2001-06-10,22.36,45.99,20.025147699999998
2001-06-11,21.52,57.91,19.8949051
2001-06-12,22.03,53.75,20.11455625
2001-06-13,23.42,58.4,21.379104
2001-06-14,18.74,81.61,18.3111452
2001-06-15,15.06,61.84,14.942467200000001
2001-06-16,12.89,55.06,13.287943700000001
2001-06-17,12.67,53.01,13.14295435
2001-06-18,17,50.33,16.3170375
2001-06-19,18.92,53.35,17.7859385
2001-06-20,20.5,46.83,18.74539
2001-06-21,19.64,70.2,18.797554
2001-06-22,13.68,64.44,13.8403756
2001-06-23,14.08,63.53,14.1642457
2001-06-24,15.27,63.3,15.114575499999999
2001-06-25,18.5,51.57,17.43454
2001-06-26,16.33,62.97,15.957293049999999
2001-06-27,15.2,63.13,15.0580505
2001-06-28,15.81,66.59,15.56928095
2001-06-29,19.51,55.37,18.28022035
2001-06-30,20.79,56.14,19.272663299999998
2001-07-01,18.78,60.95,17.860763000000002
2001-07-02,19.11,61.08,18.1231834
2001-07-03,22.48,49.88,20.280233199999998
2001-07-04,23.34,54.89,21.1467518
2001-07-05,24.79,49.12,21.910446399999998
2001-07-06,24.91,52.53,22.19210515
2001-07-07,22.63,66.08,21.1132672
2001-07-08,20.3,78.02,19.598838
2001-07-09,21.48,59.3,19.917527
2001-07-10,23.2,56.06,21.097471
2001-07-11,23.56,57.37,21.435747099999997
2001-07-12,22.73,51.69,20.54324785
2001-07-13,20.65,67.69,19.557114249999998
2001-07-14,22.36,54.29,20.3839567
2001-07-15,22.99,48.12,20.567463399999998
2001-07-16,23.53,49.81,21.03731365
2001-07-17,23.31,50.07,20.890641849999998
2001-07-18,24.07,49.86,21.4308811
2001-07-19,18.57,74.28,17.9942578
2001-07-20,18.55,72.94,17.9472385
2001-07-21,20.9,65.37,19.681023999999997
2001-07-22,22.59,62.41,20.91743295
2001-07-23,24.05,62.28,22.068757
2001-07-24,25.88,51.75,22.8600325
2001-07-25,26.89,57.6,24.000652
2001-07-26,27.25,51.54,23.8517425
2001-07-27,27.28,49.31,23.7169999
2001-07-28,26.94,49.67,23.4964214
2001-07-29,25.42,50.64,22.455438400000002
2001-07-30,26.93,52.28,23.6676222
2001-07-31,26.62,50.5,23.32033
2001-08-01,25.7,50.12,22.627392
2001-08-02,27.19,45.86,23.4112987
2001-08-03,21.75,61.14,20.2004575
2001-08-04,15.53,72.69,15.375288849999999
2001-08-05,13.58,76.45,13.699163
2001-08-06,14.24,84.9,14.261593
2001-08-07,13.51,77.24,13.6339282
2001-08-08,13.69,47.88,13.9221946
2001-08-09,15.15,42.12,14.943079000000001
2001-08-10,17.59,56.55,16.85156725
2001-08-11,17.47,76.41,17.084657349999997
2001-08-12,12.4,60.25,12.8591125
2001-08-13,14.63,51.54,14.5953511
2001-08-14,18.94,59.3,17.946106
2001-08-15,19.29,57.61,18.17323545
2001-08-16,20.67,51.31,19.01770485
2001-08-17,17,57.65,16.4176875
2001-08-18,18.69,46.99,17.46838455
2001-08-19,17.13,53.17,16.452604049999998
2001-08-20,18.25,66.9,17.5673125
2001-08-21,13.2,55.59,13.517531499999999
2001-08-22,11.42,54.37,12.1929722
2001-08-23,10.35,53.84,11.403602
2001-08-24,9.56,52.73,10.844325900000001
2001-08-25,9.36,53.59,10.6720107
2001-08-26,11.75,47.67,12.54149125
2001-08-27,9.63,72.09,10.377569350000002
2001-08-28,7.75,56.03,9.38238625
2001-08-29,9.21,47.8,10.728759
2001-08-30,10.07,47.77,11.34258395
2001-08-31,10.8,45.75,11.903987500000001
2001-09-01,12.66,42.71,13.2397748
2001-09-02,10.66,64.42,11.411449600000001
2001-09-03,11.09,60.74,11.8263213
2001-09-04,11.1,91.13,11.265869
2001-09-05,3.26,72,4.990960000000001
2001-09-06,2.18,53.76,5.313222400000001
2001-09-07,1.53,59.15,4.444034750000001
2001-09-08,4.79,51.98,7.3545081
2001-09-09,6.85,54.98,8.7442165
2001-09-10,10.36,58.63,11.3019949
2001-09-11,2.24,68.43,4.368765100000001
2001-09-12,1.43,59.14,4.367221100000001
2001-09-13,-1.49,53.5,2.599442500000001
2001-09-14,0.24,52.8,3.9418960000000007
2001-09-15,1.21,85.3,2.2844965000000013
2001-09-16,0.39,76.81,2.189659950000001
2001-09-17,-1.52,70.86,1.0475254000000014
2001-09-18,-1.61,78.74,0.2737423000000012
2001-09-19,0.25,71.37,2.4938762500000005
2001-09-20,1.43,77.04,3.0804796000000008
2001-09-21,1.15,95.8,1.4583850000000016
2001-09-22,2.33,90.24,2.9832856000000016
2001-09-23,1.56,90.94,2.2048002000000007
2001-09-24,1.36,91.23,1.9938079000000006
2001-09-25,0.98,85.73,2.0411172000000004
2001-09-26,1.23,68.94,3.496914100000001
2001-09-27,-0.34,74.58,1.7347804000000016
2001-09-28,-0.62,71.04,1.7883136000000004
2001-09-29,0.66,67.64,3.1232432000000014
2001-09-30,3.43,95.51,3.7033736500000005
2001-10-01,-0.84,80.34,0.8187142000000008
2001-10-02,-3.34,65.85,0.01079800000000164
2001-10-03,-3.02,67.67,0.0953188000000007
2001-10-04,-4.13,77.81,-1.856301649999999
2001-10-05,-0.73,79.95,0.949488250000001
2001-10-06,-0.03,83.49,1.2893966500000011
2001-10-07,-0.49,84.16,0.8159288000000013
2001-10-08,-1.66,82.11,-0.06993679999999891
2001-10-09,-2.9,90.61,-2.001376999999999
2001-10-10,-0.07,86.83,0.9853779500000011
2001-10-11,1.24,94.78,1.6206946000000002
2001-10-12,-0.39,97.07,-0.1500476499999985
2001-10-13,-2.85,89.69,-1.866168249999999
2001-10-14,-2.02,94.89,-1.5557053999999992
2001-10-15,-4.26,76.9,-1.8765419999999993
2001-10-16,-7.97,74.94,-4.872959899999998
2001-10-17,-9.97,75.52,-6.675359199999999
2001-10-18,-11.96,80.48,-9.119254399999999
2001-10-19,-15.51,88.93,-13.68284115
2001-10-20,-14.45,85.09,-12.075955249999998
2001-10-21,-12.86,81.93,-10.140826399999998
2001-10-22,-11.12,87.84,-9.406534399999998
2001-10-23,-12.69,91.26,-11.382976699999999
2001-10-24,-12.94,88.78,-11.246677599999998
2001-10-25,-12.42,85.6,-10.287935999999997
2001-10-26,-11.29,90.31,-9.915521949999999
2001-10-27,-12.38,85.34,-10.2126656
2001-10-28,-16.05,73.66,-11.624221499999997
2001-10-29,-16.43,75.59,-12.277492849999998
2001-10-30,-13.96,92.3,-12.754718999999998
2001-10-31,-13.32,95.13,-12.5748413
2001-11-01,-13.97,88.36,-12.1473506
2001-11-02,-15.3,91.12,-13.844568
2001-11-03,-11.7,96.34,-11.172593999999997
2001-11-04,-16.04,92.4,-14.763427999999998
2001-11-05,-13.94,96.76,-13.433199199999997
2001-11-06,-13.04,97.89,-12.720398299999998
2001-11-07,-15.64,98,-15.308459999999997
2001-11-08,-17.72,96.9,-17.170648999999997
2001-11-09,-14.65,97.25,-14.20910625
2001-11-10,-17.01,97.42,-16.5628731
2001-11-11,-23.79,98.46,-23.465683699999996
2001-11-12,-24.66,98.06,-24.2421628
2001-11-13,-25.41,97.2,-24.795385999999997
2001-11-14,-25.72,98.47,-25.381548699999996
2001-11-15,-24.48,97.08,-23.853981199999996
2001-11-16,-17.89,98.93,-17.69938485
2001-11-17,-18.39,98.96,-18.201869199999997
2001-11-18,-19.33,98.73,-19.093697449999997
2001-11-19,-20.85,98.44,-20.546696999999995
2001-11-20,-28.64,99.41,-28.500010699999997
2001-11-21,-33.92,98.59,-33.5445029
2001-11-22,-29.36,98.59,-29.019865699999997
2001-11-23,-36.98,98.44,-36.53830159999999
2001-11-24,-34.6,98.19,-34.1112095
2001-11-25,-39.85,98.69,-39.45840825
2001-11-26,-41.48,97.64,-40.75337959999999
2001-11-27,-36.37,98.11,-35.84120634999999
2001-11-28,-30.02,97.1,-29.309905999999994
2001-11-29,-28.74,98.66,-28.421321199999994
2001-11-30,-33.74,98.18,-33.2571176
2001-12-01,-34.38,98.18,-33.8907112
2001-12-02,-34.73,99.32,-34.545879799999994
2001-12-03,-37.86,99.11,-37.60369779999999
2001-12-04,-38.41,98.88,-38.08407439999999
2001-12-05,-39.74,97.3,-38.934535999999994
2001-12-06,-37.26,98.17,-36.739035599999994
2001-12-07,-34.2,96.8,-33.34288
2001-12-08,-33,98.09,-32.501012499999995
2001-12-09,-32.24,97.97,-31.718147899999998
2001-12-10,-32.49,97.89,-31.944681049999996
2001-12-11,-33.18,97.97,-32.647652799999996
2001-12-12,-38.33,97.86,-37.7081909
2001-12-13,-37.02,96.55,-36.042408
2001-12-14,-41.48,97.18,-40.611750199999996
2001-12-15,-36.31,98.89,-35.99980495
2001-12-16,-33.11,98.44,-32.70150619999999
2001-12-17,-33.9,99.35,-33.726969999999994
2001-12-18,-30.58,99.63,-30.488262199999994
2001-12-19,-27.9,99.6,-27.806719999999995
2001-12-20,-28.98,98.75,-28.681074999999996
2001-12-21,-28.1,99.52,-27.987536
2001-12-22,-26.23,99.28,-26.068709199999997
2001-12-23,-25.08,98.75,-24.807887499999996
2001-12-24,-18.96,99.38,-18.845901399999995
2001-12-25,-25.32,99.06,-25.114130599999996
2001-12-26,-34.09,99.44,-33.940342799999996
2001-12-27,-41.31,99.76,-41.2363308
2001-12-28,-40.71,99.02,-40.4124181
2001-12-29,-36.67,97.88,-36.0733578
2001-12-30,-37.96,97.89,-37.3512017
2001-12-31,-41.78,98.15,-41.207350999999996
2002-01-01,-45.48,99.06,-45.16990339999999
2002-01-02,-43.89,97.84,-43.1963268
2002-01-03,-34.21,99.51,-34.07872655
2002-01-04,-32.64,99.01,-32.3833227
2002-01-05,-27.81,98.9,-27.554024499999997
2002-01-06,-31.1,98.07,-30.615955999999994
2002-01-07,-38.4,98.1,-37.84719499999999
2002-01-08,-37.14,97.99,-36.569119799999996
2002-01-09,-32.24,98.36,-31.8184052
2002-01-10,-33.44,98.38,-33.0128546
2002-01-11,-34.48,97.42,-33.784973799999996
2002-01-12,-41.69,98.22,-41.139899899999996
2002-01-13,-39.46,98.98,-39.1572844
2002-01-14,-30.35,98.18,-29.901051499999998
2002-01-15,-35.97,98.84,-35.6480014
2002-01-16,-28.83,98.45,-28.460611749999998
2002-01-17,-30.46,99.23,-30.269594399999995
2002-01-18,-29.61,98.7,-29.294613499999993
2002-01-19,-21.71,99.9,-21.690084499999998
2002-01-20,-31.18,99.55,-31.066941999999994
2002-01-21,-35.25,98.6,-34.866924999999995
2002-01-22,-30.58,98.37,-30.1758578
2002-01-23,-40.03,98.8,-39.670102
2002-01-24,-30.59,98.49,-30.215527549999994
2002-01-25,-37.68,98.41,-37.22368589999999
2002-01-26,-29.92,99.79,-29.8686949
2002-01-27,-41.65,94.78,-40.0379335
2002-01-28,-47.92,96.9,-46.855739
2002-01-29,-45.4,96.12,-44.121734
2002-01-30,-41.86,97.57,-41.106748599999996
2002-01-31,-33.41,98.17,-32.92778584999999
2002-02-01,-31.87,97.48,-31.227311799999995
2002-02-02,-28.61,99.14,-28.406089699999995
2002-02-03,-17.73,99.79,-17.69277435
2002-02-04,-24.85,97.34,-24.2743095
2002-02-05,-35.27,98.38,-34.826549299999996
2002-02-06,-43.77,98.63,-43.33093555
2002-02-07,-40.65,97.14,-39.782490499999994
2002-02-08,-38.08,97.8,-37.44378199999999
2002-02-09,-44.7,99.56,-44.556736
2002-02-10,-42.38,98.87,-42.0264908
2002-02-11,-41.15,99.61,-41.03063074999999
2002-02-12,-31.58,98.67,-31.242924799999994
2002-02-13,-26.31,98.73,-26.024942149999998
2002-02-14,-28.44,97.43,-27.8330431
2002-02-15,-34.47,96.86,-33.624288099999994
2002-02-16,-34.74,97.31,-34.011494199999994
2002-02-17,-31.59,98.69,-31.257921549999995
2002-02-18,-22.76,99.75,-22.708767499999997
2002-02-19,-10.06,97.54,-9.727703199999999
2002-02-20,-7.53,98.19,-7.310691349999999
2002-02-21,-12.02,98.9,-11.859554
2002-02-22,-20.15,98.79,-19.919404249999996
2002-02-23,-21.12,97.98,-20.724261799999997
2002-02-24,-22.44,97.34,-21.8995678
2002-02-25,-20.66,99.37,-20.538170599999997
2002-02-26,-24.38,97.08,-23.755587199999997
2002-02-27,-33.12,96.6,-32.229505999999986
2002-02-28,-32.53,97.24,-31.816084599999996
2002-03-01,-29.43,97.62,-28.854956299999998
2002-03-02,-34.85,99.13,-34.613860249999995
2002-03-03,-34.7,98.77,-34.36716199999999
2002-03-04,-30.33,98.97,-30.076038049999998
2002-03-05,-27.78,99.1,-27.570713999999995
2002-03-06,-24.42,98.6,-24.120315999999995
2002-03-07,-18.34,99.11,-18.179248199999996
2002-03-08,-17.78,99.02,-17.606010799999996
2002-03-09,-14.81,97.77,-14.450512849999997
2002-03-10,-13.31,98.94,-13.147867699999997
2002-03-11,-15.97,99.15,-15.827552749999997
2002-03-12,-12.06,99.82,-12.033705599999996
2002-03-13,-9.56,97.4,-9.215941999999998
2002-03-14,-14.73,97.13,-14.26860445
2002-03-15,-19.14,97.4,-18.658948
2002-03-16,-17.15,97.51,-16.716553249999997
2002-03-17,-18.36,98.09,-18.014805699999997
2002-03-18,-16.58,98.98,-16.405641199999998
2002-03-19,-18.58,97.88,-18.194287199999994
2002-03-20,-20.57,98.92,-20.3616842
2002-03-21,-18.34,98.51,-18.070876199999997
2002-03-22,-16.05,96.76,-15.505598999999998
2002-03-23,-13.82,94.82,-13.013163199999997
2002-03-24,-15.77,98.58,-15.533591299999996
2002-03-25,-13.69,98.55,-13.465184749999997
2002-03-26,-10.87,94.35,-10.081627249999997
2002-03-27,-12.42,97.01,-11.9773006
2002-03-28,-15.75,97.14,-15.274167499999999
2002-03-29,-16.69,96.61,-16.108462449999998
2002-03-30,-13.16,97.28,-12.746206399999998
2002-03-31,-13.34,98.4,-13.095007999999998
2002-04-01,-13.1,97.16,-12.668887999999997
2002-04-02,-14.03,95.76,-13.3646804
2002-04-03,-12.55,96.94,-12.094748499999998
2002-04-04,-8.31,98.02,-8.061599099999999
2002-04-05,-6.55,98.09,-6.328869749999998
2002-04-06,-6.11,98.57,-5.947902349999998
2002-04-07,-3.28,98.58,-3.141138199999998
2002-04-08,-5.03,97.7,-4.782945499999999
2002-04-09,-5.97,97.6,-5.699795999999997
2002-04-10,-4.55,98.29,-4.37083475
2002-04-11,-5.05,98.56,-4.895163999999999
2002-04-12,-3.96,95.53,-3.5061608999999985
2002-04-13,-4.45,97.51,-4.19047975
2002-04-14,-9.33,97.9,-9.054763499999998
2002-04-15,-10.16,98.09,-9.900946699999997
2002-04-16,-6.31,98.06,-6.0879572999999985
2002-04-17,-1.36,98.22,-1.2047305999999989
2002-04-18,-2.42,98.25,-2.257144999999998
2002-04-19,-2.06,98.02,-1.879661599999999
2002-04-20,-3.77,95.07,-3.274608949999998
2002-04-21,-1.79,98.5,-1.6556074999999986
2002-04-22,-11.15,98.37,-10.92004775
2002-04-23,-6.73,97.91,-6.485961149999997
2002-04-24,-0.54,98.69,-0.4316367999999981
2002-04-25,-0.51,97.77,-0.3259023499999988
2002-04-26,-4.85,93.4,-4.147595
2002-04-27,-1.15,81.09,0.4776782500000012
2002-04-28,2.38,81.66,3.602544400000001
2002-04-29,-9.46,77.73,-6.5252593999999995
2002-04-30,-7.18,76.61,-4.390976399999998
2002-05-01,-5.07,72.98,-2.1617023
2002-05-02,-0.9,68.39,1.7773670000000008
2002-05-03,1.52,67.04,3.8730144000000006
2002-05-04,-1.36,68.18,1.4156586000000007
2002-05-05,2.2,76.71,3.775568500000002
2002-05-06,3.03,91.35,3.5756852500000016
2002-05-07,9.55,73.9,10.2605725
2002-05-08,2.63,64.45,4.950881750000001
2002-05-09,1.65,59.99,4.477706750000001
2002-05-10,11.27,73.85,11.73455475
2002-05-11,14.82,71.96,14.7706496
2002-05-12,7.69,79.25,8.46719125
2002-05-13,2.28,69.85,4.306381500000001
2002-05-14,5.09,53.76,7.4831512
2002-05-15,10.09,65.02,10.9384399
2002-05-16,14.63,66.52,14.6060618
2002-05-17,10.59,69.19,11.25256905
2002-05-18,14.12,67.69,14.1875279
2002-05-19,9.58,61.68,10.616939200000001
2002-05-20,5.78,64.95,7.460998
2002-05-21,6.52,59.8,8.284378
2002-05-22,6.66,55.51,8.5784088
2002-05-23,4.06,59.05,6.411349
2002-05-24,7.96,59.94,9.4009582
2002-05-25,5.58,58.88,7.5973472
2002-05-26,5.39,57.91,7.498919450000001
2002-05-27,8.56,48.56,10.2405448
2002-05-28,11.59,66.89,12.11992555
2002-05-29,13.84,59.56,13.9867972
2002-05-30,14.59,57.4,14.568913
2002-05-31,15.68,58.83,15.412806699999999
2002-06-01,15.27,73.23,15.15662905
2002-06-02,16.73,55.94,16.1896041
2002-06-03,16.36,60.73,15.9582679
2002-06-04,12.04,64.09,12.5258623
2002-06-05,10.6,72.02,11.200171
2002-06-06,7.82,83.96,8.4093096
2002-06-07,12.27,53.92,12.8351712
2002-06-08,15.09,51.61,14.93297445
2002-06-09,17.43,53.01,16.672756149999998
2002-06-10,13.81,83.56,13.8723898
2002-06-11,14.1,70.23,14.165493999999999
2002-06-12,15.12,80.33,15.0529253
2002-06-13,15.34,62.09,15.1648558
2002-06-14,17.12,56.16,16.488265600000002
2002-06-15,18.27,49.33,17.219357549999998
2002-06-16,20.26,49.29,18.6535072
2002-06-17,22.2,47.87,19.9922945
2002-06-18,18.23,58.58,17.3802687
2002-06-19,17.87,55.97,17.05390395
2002-06-20,19.72,50.77,18.3066067
2002-06-21,21.26,54.43,19.5657074
2002-06-22,23.47,48.25,20.91691375
2002-06-23,23.06,55.13,20.9475204
2002-06-24,23.71,54.55,21.40773025
2002-06-25,21.01,73.99,20.078711950000002
2002-06-26,19.33,80.42,18.809857299999997
2002-06-27,17.32,72.23,16.8892873
2002-06-28,18.73,59.14,17.7793921
2002-06-29,20.71,43.33,18.77443615
2002-06-30,23.78,42.5,20.845200000000002
2002-07-01,24.62,40.04,21.282626399999998
2002-07-02,27.39,45.6,23.533312
2002-07-03,25.42,53.55,22.630213
2002-07-04,22.16,59.1,20.436883
2002-07-05,25.62,50.63,22.6005308
2002-07-06,21.96,81.11,21.1849433
2002-07-07,18.98,91.39,18.7678496
2002-07-08,23.33,54.65,21.127577249999998
2002-07-09,22.81,60.77,21.016992849999998
2002-07-10,21.62,59.27,20.0250132
2002-07-11,18.61,68.9,17.9069845
2002-07-12,22.15,59.82,20.4594265
2002-07-13,20.99,65.18,19.747100099999997
2002-07-14,20.31,61.54,19.0810107
2002-07-15,20.92,61.6,19.564096
2002-07-16,19.72,52.28,18.3499588
2002-07-17,14.84,45.85,14.7387395
2002-07-18,15.45,45.54,15.1654465
2002-07-19,18.49,50.64,17.4067948
2002-07-20,20.14,51.09,18.6228118
2002-07-21,15.61,82,15.50011
2002-07-22,18.2,59.77,17.3813195
2002-07-23,15.87,56.06,15.5389121
2002-07-24,16.49,55.48,16.002728599999998
2002-07-25,17.42,56.99,16.7292594
2002-07-26,15.72,78.43,15.5752653
2002-07-27,14.47,60.11,14.47658185
2002-07-28,11.1,67.22,11.712986
2002-07-29,13.77,73.43,13.87667855
2002-07-30,17.79,61.64,17.095875799999998
2002-07-31,17.16,55.63,16.5108669
2002-08-01,19.12,52.96,17.9247136
2002-08-02,19.46,60.24,18.3753472
2002-08-03,16.39,61.07,15.98532265
2002-08-04,18.2,48.48,17.151567999999997
2002-08-05,18.04,66.28,17.3834716
2002-08-06,15.86,64.45,15.594085999999999
2002-08-07,17.03,52.38,16.3673677
2002-08-08,19.52,52.56,18.2101816
2002-08-09,20.04,59.9,18.818153
2002-08-10,17.28,58.44,16.6445476
2002-08-11,15.01,57.12,14.8897216
2002-08-12,16.4,48.43,15.861093499999999
2002-08-13,17.24,43.34,16.3861338
2002-08-14,19.66,49.02,18.2131876
2002-08-15,18.05,51.99,17.11260475
2002-08-16,17.09,54.07,16.435727149999998
2002-08-17,18.69,51.09,17.56286905
2002-08-18,18.61,53.2,17.552086
2002-08-19,18.58,49.2,17.440047999999997
2002-08-20,17.97,57.05,17.15029925
2002-08-21,18.02,58.78,17.2219808
2002-08-22,17.24,56.7,16.587469
2002-08-23,15.96,64.89,15.6780667
2002-08-24,16.93,62.34,16.4266741
2002-08-25,16.69,65.53,16.27480885
2002-08-26,15.48,73.51,15.3372189
2002-08-27,17.31,71.01,16.861959549999998
2002-08-28,12.1,85.49,12.291532
2002-08-29,12.18,67.16,12.5990384
2002-08-30,13.46,75.31,13.601226800000001
2002-08-31,7.61,84.38,8.2019199
2002-09-01,7.52,92.95,7.7906495
2002-09-02,7.77,73.53,8.74978705
2002-09-03,10.67,73.27,11.23306745
2002-09-04,11.41,61.01,12.07263505
2002-09-05,7.94,93.44,8.1766848
2002-09-06,7.81,83.24,8.4266842
2002-09-07,6.81,85.58,7.4198939
2002-09-08,8.56,72.22,9.4675726
2002-09-09,10.25,60.33,11.17728625
2002-09-10,10.41,64.1,11.2175705
2002-09-11,10.99,60.32,11.7560224
2002-09-12,5.36,51.62,7.792062600000001
2002-09-13,11.32,78.36,11.698483600000001
2002-09-14,15.33,57.08,15.1340702
2002-09-15,14.11,51.29,14.214482949999999
2002-09-16,2.46,52.4,5.612072000000001
2002-09-17,1.3,60.24,4.1865760000000005
2002-09-18,-1.45,90.44,-0.6113489999999988
2002-09-19,-0.07,88.73,0.833121450000001
2002-09-20,0.08,82.08,1.5012352000000013
2002-09-21,0.46,76.05,2.3094190000000014
2002-09-22,3.42,81.5,4.547390000000001
2002-09-23,6.11,78.2,7.115961
2002-09-24,2.6,83.71,3.666180500000001
2002-09-25,-0.57,58.6,2.861439000000001
2002-09-26,-2.19,63.88,1.1256354000000015
2002-09-27,-0.06,64.06,2.818075200000001
2002-09-28,-0.61,94.37,-0.14211884999999969
2002-09-29,-1.31,87.78,-0.24740989999999918
2002-09-30,-1.27,70.31,1.305162150000001
2002-10-01,-3.35,62.04,0.3767230000000015
2002-10-02,-5.47,72.98,-2.5022582999999994
2002-10-03,-2.78,64.57,0.5872672000000025
2002-10-04,-0.61,75.19,1.4518350500000015
2002-10-05,-0.99,91.24,-0.24369179999999824
2002-10-06,-3.15,79.27,-1.1376352499999984
2002-10-07,-2.88,75.37,-0.5256182999999992
2002-10-08,-2.51,81.17,-0.7483593499999988
2002-10-09,-1.48,77.78,0.47291580000000066
2002-10-10,-4.03,87.98,-2.804981699999999
2002-10-11,-6.46,78.2,-3.9468959999999984
2002-10-12,-8.58,79.99,-6.039930599999997
2002-10-13,-10.58,83.88,-8.356407199999998
2002-10-14,-9.71,82.93,-7.437044149999999
2002-10-15,-10.41,76.93,-7.2492946499999995
2002-10-16,-12.34,85.05,-10.133080999999997
2002-10-17,-11.09,83.18,-8.7226691
2002-10-18,-11.72,79.66,-8.786768599999998
2002-10-19,-10.88,73.4,-7.166905999999999
2002-10-20,-10.11,73.67,-6.546102849999997
2002-10-21,-10.6,72.88,-6.856083999999997
2002-10-22,-11.27,74.09,-7.597646149999998
2002-10-23,-11.61,81.07,-8.891557349999996
2002-10-24,-11.11,86.77,-9.246488349999998
2002-10-25,-10.14,88.62,-8.5977824
2002-10-26,-10.6,90.97,-9.353408499999997
2002-10-27,-12.46,90.63,-11.070616399999999
2002-10-28,-14.7,89.17,-12.960701999999996
2002-10-29,-13.36,92.13,-12.154079899999996
2002-10-30,-11.7,92.13,-10.565932999999996
2002-10-31,-15.98,88.69,-14.0839916
2002-11-01,-18.01,86.13,-15.529974649999998
2002-11-02,-18.75,86.64,-16.30679
2002-11-03,-18.95,88.26,-16.790133499999996
2002-11-04,-19.39,93.39,-18.15792905
2002-11-05,-17.54,93.3,-16.359325999999996
2002-11-06,-17.37,92.16,-15.995765599999999
2002-11-07,-19.21,85.38,-16.499378899999996
2002-11-08,-19.48,84.03,-16.495366699999998
2002-11-09,-20.72,91.67,-19.106395699999997
2002-11-10,-21.41,87.11,-18.864160549999998
2002-11-11,-21.5,82.81,-18.096379999999996
2002-11-12,-21.92,85.37,-18.9894647
2002-11-13,-19.44,93.64,-18.252778799999998
2002-11-14,-20.74,94.11,-19.598400199999997
2002-11-15,-23.51,92.27,-21.894004849999998
2002-11-16,-21.54,87.36,-19.034499199999996
2002-11-17,-25.24,86.9,-22.376732999999998
2002-11-18,-28.76,90.42,-26.480630599999998
2002-11-19,-29.68,86.42,-26.380195799999996
2002-11-20,-27.6,85.46,-24.233262999999997
2002-11-21,-28.92,88.62,-26.2023422
2002-11-22,-26.68,87.25,-23.792252499999996
2002-11-23,-23.11,95.83,-22.24741465
2002-11-24,-22.51,92.87,-21.05865285
2002-11-25,-25.63,90.47,-23.526586049999995
2002-11-26,-27.68,86.57,-24.564374299999994
2002-11-27,-26.57,91.63,-24.679342549999998
2002-11-28,-21.29,98.49,-20.992764049999995
2002-11-29,-23.85,85.01,-20.68823425
2002-11-30,-25.4,86.21,-22.373784499999996
2002-12-01,-33.19,91.01,-30.831967949999996
2002-12-02,-34.71,84.07,-30.398465849999994
2002-12-03,-36.59,89.59,-33.66484205
2002-12-04,-39.13,92.83,-37.01510095
2002-12-05,-39.09,96.12,-37.9463894
2002-12-06,-41.55,90.94,-38.7570285
2002-12-07,-37.53,84,-32.951359999999994
2002-12-08,-34.74,85.08,-30.6993656
2002-12-09,-33.75,88.07,-30.584076249999995
2002-12-10,-29.72,92.96,-28.007801599999993
2002-12-11,-31.48,96.1,-30.493729
2002-12-12,-29.96,92.09,-28.0257677
2002-12-13,-29.13,98.85,-28.854040249999994
2002-12-14,-33.92,99.89,-33.8907059
2002-12-15,-34.02,95.42,-32.7977812
2002-12-16,-34.73,88.68,-31.664940199999997
2002-12-17,-34.73,91.35,-32.38788274999999
2002-12-18,-37.36,98.12,-36.8237676
2002-12-19,-37.74,90.03,-34.8754196
2002-12-20,-38.96,96.45,-37.9161935
2002-12-21,-39.55,95.58,-38.23604449999999
2002-12-22,-40.04,99.15,-39.785025499999996
2002-12-23,-38.9,96.5,-37.872049999999994
2002-12-24,-35.62,94.65,-34.145219
2002-12-25,-40.05,98.96,-39.737973999999994
2002-12-26,-44.01,95.72,-42.632674599999994
2002-12-27,-46.48,88.75,-42.70686249999999
2002-12-28,-48.37,80.74,-41.71018089999999
2002-12-29,-45.12,96.22,-43.88050019999999
2002-12-30,-40.44,91.09,-37.747665299999994
2002-12-31,-40.99,92.95,-38.83837525
2003-01-01,-41.32,93.6,-39.355135999999995
2003-01-02,-39.14,98.46,-38.68566919999999
2003-01-03,-41.69,96.83,-40.71032734999999
2003-01-04,-40.47,92.12,-38.0876002
2003-01-05,-39.51,94.77,-37.95640234999999
2003-01-06,-34.08,98.77,-33.75135629999999
2003-01-07,-40.23,95.46,-38.86339189999999
2003-01-08,-50.98,94.6,-49.03524399999999
2003-01-09,-42.78,91.68,-40.1588672
2003-01-10,-44.73,93.07,-42.47244854999999
2003-01-11,-46.65,93.72,-44.53787899999999
2003-01-12,-42.43,94.04,-40.5638346
2003-01-13,-40.7,97.96,-40.080656
2003-01-14,-38.92,95.15,-37.4950215
2003-01-15,-37.19,94.68,-35.677550599999996
2003-01-16,-34.5,99.48,-34.35986
2003-01-17,-31.49,98.25,-31.047346249999993
2003-01-18,-36.63,97.92,-36.0450728
2003-01-19,-39.96,97.61,-39.2441233
2003-01-20,-43.89,99.19,-43.629872549999995
2003-01-21,-43.16,98.66,-42.73504579999999
2003-01-22,-39.87,95.84,-38.626014399999995
2003-01-23,-32.15,96.25,-31.187843749999992
2003-01-24,-28.45,94.94,-27.254701499999992
2003-01-25,-26.59,97.92,-26.119930399999994
2003-01-26,-31.05,97.34,-30.3836035
2003-01-27,-33.6,97.51,-32.9412705
2003-01-28,-36.69,97.45,-35.97206024999999
2003-01-29,-39.79,98.76,-39.419742199999995
2003-01-30,-34.34,99.59,-34.229865800000006
2003-01-31,-31.22,98.82,-30.923277199999994
2003-02-01,-31.61,98.98,-31.3513229
2003-02-02,-29.79,99.21,-29.597559949999994
2003-02-03,-27.4,99.19,-27.213335499999996
2003-02-04,-25.95,99.99,-25.947775249999992
2003-02-05,-20.68,99.3,-20.544556999999994
2003-02-06,-26.77,98.8,-26.497618
2003-02-07,-38.34,99.14,-38.090066799999995
2003-02-08,-41.32,98.52,-40.86562519999999
2003-02-09,-43.75,97.68,-43.00673
2003-02-10,-45.12,98.92,-44.76585719999999
2003-02-11,-45.52,98.46,-45.0116306
2003-02-12,-42.62,98.87,-42.26499919999999
2003-02-13,-34.92,99.07,-34.6672167
2003-02-14,-35.03,97.98,-34.4797217
2003-02-15,-38.45,98.12,-37.902497000000004
2003-02-16,-38.24,98.13,-37.697569099999996
2003-02-17,-39.84,97.57,-39.1137459
2003-02-18,-36.6,97.43,-35.8777015
2003-02-19,-32.74,98.61,-32.378850199999995
2003-02-20,-27.62,98.01,-27.1589966
2003-02-21,-27.59,98.85,-27.323780749999994
2003-02-22,-31.42,99.01,-31.1699656
2003-02-23,-31.92,97.75,-31.3455525
2003-02-24,-30.93,97.93,-30.412779449999995
2003-02-25,-26.03,98.71,-25.742439649999998
2003-02-26,-18.87,99.55,-18.787409249999996
2003-02-27,-18.42,99.25,-18.284205
2003-02-28,-19.54,98.12,-19.1880264
2003-03-01,-27.75,97.42,-27.1504725
2003-03-02,-28.92,98.82,-28.638204199999997
2003-03-03,-25.66,99.33,-25.512010399999998
2003-03-04,-19.9,97.92,-19.506463999999994
2003-03-05,-24.72,96.77,-24.023256699999994
2003-03-06,-22.63,99.14,-22.454375099999993
2003-03-07,-25.28,99.2,-25.104968
2003-03-08,-23.82,98.98,-23.6050248
2003-03-09,-22.27,98.77,-22.021250949999995
2003-03-10,-23.62,98.27,-23.257288199999998
2003-03-11,-23.26,99.25,-23.10424
2003-03-12,-18.32,98.01,-17.9607851
2003-03-13,-17.45,98.35,-17.160053749999996
2003-03-14,-20.74,97.35,-20.226376999999996
2003-03-15,-14.85,98.52,-14.611090999999995
2003-03-16,-8.5,97.38,-8.168569999999997
2003-03-17,-9.36,96.56,-8.908568799999998
2003-03-18,-13.36,96.09,-12.760870699999996
2003-03-19,-13.21,97.79,-12.87318495
2003-03-20,-7.22,97.59,-6.9321014
2003-03-21,-5.58,96.83,-5.229905199999998
2003-03-22,-10.98,98.1,-10.713733999999999
2003-03-23,-10.27,98.69,-10.091532149999997
2003-03-24,-13.24,98.45,-13.0035165
2003-03-25,-10.91,97.67,-10.584370849999999
2003-03-26,-10.26,98.18,-10.012152399999998
2003-03-27,-8.35,99.34,-8.267054499999999
2003-03-28,-7.37,98.24,-7.158298399999997
2003-03-29,-5.89,96.99,-5.552443549999998
2003-03-30,-9.2,97.33,-8.851965499999999
2003-03-31,-8.13,97.58,-7.8287946999999996
2003-04-01,-3.76,98.05,-3.564161499999998
2003-04-02,-8.33,98.74,-8.171788099999997
2003-04-03,-3.93,97.83,-3.7100379499999976
2003-04-04,-12.25,95.53,-11.592351249999998
2003-04-05,-22.03,96.13,-21.252458949999998
2003-04-06,-23.16,97.38,-22.617319399999996
2003-04-07,-13.42,96.7,-12.913251999999996
2003-04-08,-9.8,98.71,-9.6275915
2003-04-09,-8.02,97.5,-7.710349999999998
2003-04-10,-7.79,98.86,-7.650241699999998
2003-04-11,-7.21,95.41,-6.661931049999998
2003-04-12,-5.34,98.01,-5.122851199999998
2003-04-13,-5.11,98.36,-4.9331178
2003-04-14,-5.15,97.32,-4.860358999999999
2003-04-15,-8.75,98.08,-8.504479999999997
2003-04-16,-9.62,98.45,-9.414377
2003-04-17,-3.71,98.06,-3.5156992999999988
2003-04-18,-5.89,97.29,-5.586087049999999
2003-04-19,-3.16,97.51,-2.9181463
2003-04-20,-1.26,98.92,-1.166385599999999
2003-04-21,-2.19,98.48,-2.0504715999999994
2003-04-22,-1.94,93.44,-1.3468447999999982
2003-04-23,-0.47,93.93,0.029773450000000035
2003-04-24,-2.68,79.95,-0.7854754999999991
2003-04-25,-3.65,83.24,-1.9769329999999983
2003-04-26,-4.25,81.57,-2.349406249999998
2003-04-27,-3.75,86.31,-2.3758662499999987
2003-04-28,-8.13,85.5,-6.325257499999998
2003-04-29,-6.89,83.08,-4.899446599999997
2003-04-30,-3.34,77.08,-1.0910895999999988
2003-05-01,-4.01,88.02,-2.790376099999998
2003-05-02,-3.45,82.67,-1.7390957499999995
2003-05-03,-3.69,76.1,-1.2989244999999974
2003-05-04,-0.98,76.14,1.051440400000001
2003-05-05,-0.85,74.79,1.2783542500000005
2003-05-06,-1.08,76.32,0.9491392000000021
2003-05-07,1.28,68.74,3.552914600000001
2003-05-08,2.87,68.04,4.9143214
2003-05-09,4.2,66.29,6.109671500000001
2003-05-10,6.04,62.3,7.794181000000001
2003-05-11,8.7,60.52,9.959412
2003-05-12,8.93,56.16,10.2730384
2003-05-13,9.38,57.59,10.5742656
2003-05-14,6.27,63.54,7.9203619000000005
2003-05-15,2.54,54.84,5.5106248
2003-05-16,4.19,73.48,5.693816600000001
2003-05-17,4.79,70.68,6.3558346000000006
2003-05-18,2.86,82.34,3.9905932000000006
2003-05-19,4.68,70.18,6.290578200000001
2003-05-20,1.63,61.9,4.326908500000001
2003-05-21,3.32,54.88,6.0944288
2003-05-22,2.79,80.68,4.0343046000000005
2003-05-23,-2.36,77.8,-0.3013939999999984
2003-05-24,2.79,64.07,5.104071650000002
2003-05-25,2.9,91.34,3.452508000000001
2003-05-26,8.45,82.95,9.01733875
2003-05-27,5.83,69.46,7.286299900000001
2003-05-28,9.16,56.33,10.442587900000001
2003-05-29,3.94,87.29,4.6781968
2003-05-30,6.8,62.11,8.4046415
2003-05-31,11.13,68.05,11.72219325
2003-06-01,9.72,59.96,10.772651600000001
2003-06-02,7.01,56.88,8.7863284
2003-06-03,12.32,61.56,12.780895600000001
2003-06-04,10.53,77.41,11.02325265
2003-06-05,6.39,65.11,7.94626845
2003-06-06,6.98,58.25,8.70678
2003-06-07,8.27,50.36,9.9709146
2003-06-08,12.8,56.34,13.208221
2003-06-09,12.04,66.17,12.4977199
2003-06-10,11.88,77.24,12.2079716
2003-06-11,14.28,61.59,14.326476099999999
2003-06-12,17.51,49.63,16.676124650000002
2003-06-13,18.09,60.55,17.31105975
2003-06-14,18.9,60.63,17.947246
2003-06-15,21.88,54.44,20.030719599999998
2003-06-16,18.65,76.75,18.119318749999998
2003-06-17,11.57,57.28,12.2584328
2003-06-18,11.22,56.62,12.0025752
2003-06-19,11.94,60.97,12.4895424
2003-06-20,10.4,72.78,11.013811
2003-06-21,8.36,76.16,9.1650768
2003-06-22,10.6,71.15,11.2188325
2003-06-23,11.76,83.09,12.0148337
2003-06-24,13.42,65.36,13.6257616
2003-06-25,13.8,67.38,13.925587
2003-06-26,17,57.68,16.4181
2003-06-27,19.47,56.31,18.275733849999998
2003-06-28,20.47,55.18,18.998335299999997
2003-06-29,16.93,80.81,16.67352565
2003-06-30,18.14,73.74,17.6142748
2003-07-01,15.49,67.21,15.31145845
2003-07-02,16.49,56.79,16.01706655
2003-07-03,21.11,62.19,19.73541745
2003-07-04,13.89,77.38,13.965890100000001
2003-07-05,13.8,74.99,13.8962885
2003-07-06,14.52,90.61,14.5189671
2003-07-07,14.06,91.87,14.0796746
2003-07-08,18.4,84.19,18.060875499999998
2003-07-09,19.54,73.72,18.8115184
2003-07-10,19.77,76.04,19.0755194
2003-07-11,18.41,84.92,18.0857046
2003-07-12,16.67,83.88,16.4776078
2003-07-13,18.94,80.77,18.470403400000002
2003-07-14,20.71,72.77,19.77995935
2003-07-15,22.51,67.78,21.0905479
2003-07-16,25.12,63.99,23.0166559
2003-07-17,24.02,68.2,22.354951999999997
2003-07-18,25.33,62.63,23.10405595
2003-07-19,26.11,61.63,23.659883649999998
2003-07-20,23.13,54.96,20.992176399999998
2003-07-21,24.92,53.21,22.2384651
2003-07-22,23.89,58.65,21.75447925
2003-07-23,21.87,73.64,20.8014974
2003-07-24,22.61,73.14,21.4119097
2003-07-25,24.23,68.67,22.55337505
2003-07-26,26.51,62.34,24.0223687
2003-07-27,25.57,58.61,23.04996985
2003-07-28,25.22,56.98,22.6835408
2003-07-29,24.17,57.39,21.90378715
2003-07-30,25.38,52.92,22.5627328
2003-07-31,23.18,52.17,20.8965958
2003-08-01,22.99,57.06,20.9849167
2003-08-02,23.81,46.87,21.08947835
2003-08-03,19.28,71.27,18.5246883
2003-08-04,19.72,69.91,18.856116099999998
2003-08-05,19.74,61.78,18.6384996
2003-08-06,19.88,58.42,18.6496478
2003-08-07,21.24,59.68,19.7453376
2003-08-08,21.38,56.15,19.720716
2003-08-09,20.93,54.26,19.3124049
2003-08-10,20.64,54.35,19.0983995
2003-08-11,21.89,53.39,19.99553655
2003-08-12,20.38,61.03,19.1197102
2003-08-13,20.24,62.38,19.052336599999997
2003-08-14,19.7,69.84,18.837424
2003-08-15,20.25,65.49,19.15862125
2003-08-16,21.15,65.4,19.884504999999997
2003-08-17,16.99,67.66,16.547103699999997
2003-08-18,13.3,84.07,13.405138000000001
2003-08-19,14.54,63.07,14.531875399999999
2003-08-20,13.83,58.48,13.9830012
2003-08-21,10.71,53.86,11.671788300000001
2003-08-22,14.84,61.17,14.7673879
2003-08-23,12.33,91.54,12.4309701
2003-08-24,8.98,76.96,9.679494400000001
2003-08-25,8.95,68.51,9.91123225
2003-08-26,10.88,57.1,11.734139
2003-08-27,10.29,58.96,11.2402812
2003-08-28,10.92,63.18,11.6449858
2003-08-29,10.94,67.85,11.569497
2003-08-30,11.41,68.44,11.946362200000001
2003-08-31,10.66,78.47,11.1147136
2003-09-01,10.1,93.71,10.252218000000001
2003-09-02,11.96,69.5,12.386085000000001
2003-09-03,13.81,69.28,13.926582400000001
2003-09-04,15.08,57.84,14.9455096
2003-09-05,14.32,59.75,14.3598475
2003-09-06,14.98,59.69,14.8735816
2003-09-07,14.6,65.81,14.5811955
2003-09-08,12.47,75.95,12.73851825
2003-09-09,11.71,84.59,11.94646645
2003-09-10,6.89,95.41,7.082114450000001
2003-09-11,2.57,96.75,2.7832487500000007
2003-09-12,1.58,92.39,2.1207666000000014
2003-09-13,2.47,87.08,3.324851800000001
2003-09-14,2.35,80.28,3.667789000000001
2003-09-15,3.51,75.3,5.0029915
2003-09-16,5.49,80.15,6.4736667500000005
2003-09-17,6.77,81.8,7.543773
2003-09-18,4.87,93.65,5.206327750000001
2003-09-19,6.14,77.78,7.1616756
2003-09-20,6,86.26,6.642345000000001
2003-09-21,7.42,87.97,7.888448200000001
2003-09-22,6.22,92.11,6.5793106
2003-09-23,6.49,82.77,7.249067650000001
2003-09-24,4.85,86.56,5.563328
2003-09-25,6.38,71.96,7.632266400000001
2003-09-26,3.7,93.18,4.105108
2003-09-27,1.03,88.6,1.8745690000000013
2003-09-28,0.03,92.13,0.6563339500000019
2003-09-29,0.39,82.45,1.7519677500000004
2003-09-30,0.5,86.67,1.5264100000000012
2003-10-01,0.63,91.61,1.2700311500000014
2003-10-02,-0.36,83.07,1.0236889000000016
2003-10-03,0.11,86.01,1.2172385500000007
2003-10-04,0.04,92.99,0.5975053000000018
2003-10-05,0.64,90.65,1.3527505000000009
2003-10-06,0.19,89.35,1.0282082500000014
2003-10-07,-3.2,84.57,-1.6978894999999978
2003-10-08,-1.7,85.88,-0.4419079999999982
2003-10-09,-4.52,85.02,-2.952942199999998
2003-10-10,-5.1,81.38,-3.092763999999997
2003-10-11,-4.49,82.89,-2.702946049999999
2003-10-12,-4.61,83.75,-2.9020437499999985
2003-10-13,-3.01,92.39,-2.2771189499999984
2003-10-14,-2.74,94.23,-2.192888599999999
2003-10-15,-7.55,78.42,-4.932885499999998
2003-10-16,-7.57,82.09,-5.395994649999999
2003-10-17,-9.23,92.01,-8.18718515
2003-10-18,-9.31,91.18,-8.1549769
2003-10-19,-10.78,89.11,-9.265854399999997
2003-10-20,-10.15,95.06,-9.480259499999999
2003-10-21,-11.51,93.17,-10.532934349999998
2003-10-22,-14.72,86.95,-12.6227345
2003-10-23,-16.79,94.43,-15.831430849999997
2003-10-24,-15.88,92.38,-14.606774199999997
2003-10-25,-14.39,99.01,-14.23269395
2003-10-26,-17.95,97.66,-17.532368499999997
2003-10-27,-15.31,97.99,-14.980450449999996
2003-10-28,-11.73,98.15,-11.46310975
2003-10-29,-11.86,98.06,-11.578738799999998
2003-10-30,-15,95.43,-14.2585175
2003-10-31,-18.63,93.04,-17.361783599999995
2003-11-01,-19.95,94.89,-18.981782749999997
2003-11-02,-24.69,95.71,-23.765311949999997
2003-11-03,-26.77,90.38,-24.586404299999995
2003-11-04,-24.07,94.11,-22.820524849999998
2003-11-05,-21.06,97.32,-20.535845599999995
2003-11-06,-20.84,98.12,-20.474584399999998
2003-11-07,-19.18,97.9,-18.790995999999996
2003-11-08,-18.81,98.6,-18.553512999999995
2003-11-09,-21.32,98.45,-21.0146345
2003-11-10,-20.27,95.92,-19.4897612
2003-11-11,-23.04,97.77,-22.579571899999998
2003-11-12,-25.45,99.45,-25.329151249999995
2003-11-13,-22.72,99.55,-22.627880499999996
2003-11-14,-24.5,98.77,-24.236164999999996
2003-11-15,-22.5,98.9,-22.27615
2003-11-16,-28.45,99.49,-28.329525249999996
2003-11-17,-25.51,99.15,-25.322953249999998
2003-11-18,-26.82,99.74,-26.760912399999995
2003-11-19,-24.77,97.95,-24.32723075
2003-11-20,-27.83,98.06,-27.378338899999996
2003-11-21,-33.11,98.05,-32.59938275
2003-11-22,-39.32,99.01,-39.0269501
2003-11-23,-37.44,98.31,-36.957217699999994
2003-11-24,-39.11,97.69,-38.42888495
2003-11-25,-35.8,97.85,-35.20520249999999
2003-11-26,-33.92,97.83,-33.342107299999995
2003-11-27,-35.66,97.72,-35.03099359999999
2003-11-28,-38.89,98.77,-38.528816649999996
2003-11-29,-34.59,97.86,-34.0122107
2003-11-30,-32.2,97.09,-31.4525665
2003-12-01,-32.2,98.15,-31.7248275
2003-12-02,-36,98.96,-35.71114
2003-12-03,-39.69,98.76,-39.3204242
2003-12-04,-36.37,98.62,-35.983896699999995
2003-12-05,-30.93,99.51,-30.80756615
2003-12-06,-32.93,99.27,-32.739568549999994
2003-12-07,-31.76,98.65,-31.4165195
2003-12-08,-26.41,99.41,-26.27724705
2003-12-09,-33.03,98.78,-32.71107369999999
2003-12-10,-19.02,100,-19.019999999999996
2003-12-11,-15.24,99.78,-15.204014599999999
2003-12-12,-12.62,99.34,-12.5215544
2003-12-13,-17.24,97.06,-16.726764199999998
2003-12-14,-31.88,100,-31.879999999999995
2003-12-15,-33.6,100,-33.599999999999994
2003-12-16,-24.45,100,-24.449999999999996
2003-12-17,-25.08,99.37,-24.942855299999998
2003-12-18,-27.01,99.36,-26.863884799999997
2003-12-19,-20.27,99.55,-20.183944249999996
2003-12-20,-20.27,99.09,-20.09597615
2003-12-21,-33.63,98.51,-33.23557465
2003-12-22,-43.85,94.4,-42.05282
2003-12-23,-47.6,95.47,-46.052778499999995
2003-12-24,-45.97,89.23,-42.388059549999994
2003-12-25,-36.58,98.36,-36.1192584
2003-12-26,-32.35,99.29,-32.16705075
2003-12-27,-28.09,99.67,-28.012699149999996
2003-12-28,-35.74,98.87,-35.427758399999995
2003-12-29,-42.66,97.57,-41.896056599999994
2003-12-30,-42,98.51,-41.53698249999999
2003-12-31,-37.85,98.69,-37.472818249999996
2004-01-01,-40.89,98.35,-40.38733575
2004-01-02,-41.21,97.24,-40.3643222
2004-01-03,-47.37,94.59,-45.52905814999999
2004-01-04,-51.57,91.86,-48.61204609999999
2004-01-05,-42.27,96.72,-41.2458692
2004-01-06,-41,98.22,-40.456655
2004-01-07,-41.99,99.94,-41.9713583
2004-01-08,-37.37,98.43,-36.92210254999999
2004-01-09,-43.21,96.52,-42.1054306
2004-01-10,-42.94,98.28,-42.3966176
2004-01-11,-40.11,97.05,-39.223952749999995
2004-01-12,-35.07,97.28,-34.328432799999995
2004-01-13,-38.29,97.59,-37.59026855
2004-01-14,-35.78,98.5,-35.36519
2004-01-15,-30.04,99.32,-29.873420399999997
2004-01-16,-31.14,99.82,-31.094816399999992
2004-01-17,-29.81,99.58,-29.707643899999997
2004-01-18,-41.2,97.92,-40.562791999999995
2004-01-19,-48.61,95.96,-47.20769579999999
2004-01-20,-48.95,97.45,-48.06011375
2004-01-21,-46.79,97.79,-46.04502005
2004-01-22,-43.72,98.68,-43.297322799999996
2004-01-23,-36.8,98.93,-36.498099499999995
2004-01-24,-31.42,99.57,-31.3113992
2004-01-25,-28.85,99.72,-28.783240999999997
2004-01-26,-28.12,99.15,-27.920751499999998
2004-01-27,-27.14,98.88,-26.8834976
2004-01-28,-29.9,98.08,-29.43113599999999
2004-01-29,-32.55,99,-32.291225
2004-01-30,-37.02,99.07,-36.7564752
2004-01-31,-30.26,98.65,-29.927657
2004-02-01,-30.28,98.61,-29.937656899999997
2004-02-02,-31.75,98.93,-31.477818749999997
2004-02-03,-34.81,98.45,-34.389632250000005
2004-02-04,-32.79,98.42,-32.3790499
2004-02-05,-33.89,98.09,-33.38166304999999
2004-02-06,-32.89,98.79,-32.574619549999994
2004-02-07,-36.29,98.4,-35.843047999999996
2004-02-08,-35.77,98.72,-35.4160992
2004-02-09,-39,97.01,-38.120192499999995
2004-02-10,-46.19,97.97,-45.512396149999994
2004-02-11,-49.12,92.73,-46.57615429999999
2004-02-12,-47.19,97.02,-46.17890089999999
2004-02-13,-45.81,97.74,-45.0603467
2004-02-14,-43.94,98.95,-43.60250899999999
2004-02-15,-37.17,97.66,-36.5050071
2004-02-16,-36.7,97.93,-36.117087999999995
2004-02-17,-38.65,97.82,-38.01273149999999
2004-02-18,-38.88,98.19,-38.3486021
2004-02-19,-35.32,98.21,-34.8295221
2004-02-20,-38.47,99.27,-38.257325449999996
2004-02-21,-43.12,97.44,-42.308710399999995
2004-02-22,-40.45,98.57,-40.01781825
2004-02-23,-38.08,98.29,-37.5854851
2004-02-24,-39.31,98.61,-38.89862255
2004-02-25,-40.42,98.36,-39.9246216
2004-02-26,-35.36,97.65,-34.7155595
2004-02-27,-29.6,96.14,-28.663756999999997
2004-02-28,-29.32,95.18,-28.1583318
2004-02-29,-29.37,97.22,-28.699227699999994
2004-03-01,-30.82,97.54,-30.206820399999998
2004-03-02,-32.53,98.12,-32.0437098
2004-03-03,-30.04,97,-29.305089999999996
2004-03-04,-28.03,96.98,-27.3235767
2004-03-05,-26.14,98.54,-25.813660799999997
2004-03-06,-22.07,98.22,-21.711979699999997
2004-03-07,-24.17,98.35,-23.81906975
2004-03-08,-17.09,98.76,-16.874556199999997
2004-03-09,-12.51,99,-12.361444999999998
2004-03-10,-12.68,97.2,-12.261427999999997
2004-03-11,-19.31,96.42,-18.644281099999997
2004-03-12,-23.33,97.24,-22.755740599999996
2004-03-13,-20.59,98.88,-20.3738456
2004-03-14,-16.43,99.01,-16.26158615
2004-03-15,-18.29,95.95,-17.559602749999996
2004-03-16,-18.5,92.27,-17.097004999999996
2004-03-17,-25.93,96.12,-25.067223799999997
2004-03-18,-25.29,92.81,-23.71650445
2004-03-19,-19.91,96.74,-19.293028699999997
2004-03-20,-19.2,96.89,-18.623561499999997
2004-03-21,-28.13,96.53,-27.31640645
2004-03-22,-26.08,95.87,-25.158225299999998
2004-03-23,-28.02,96.1,-27.107945999999995
2004-03-24,-28.62,96.05,-27.683217999999997
2004-03-25,-23.21,98.19,-22.834596949999998
2004-03-26,-17.72,99.09,-17.558738899999998
2004-03-27,-11.59,98.82,-11.420675899999997
2004-03-28,-10.24,99.17,-10.1270619
2004-03-29,-12.03,98.17,-11.762975549999997
2004-03-30,-16.43,98.1,-16.106781499999997
2004-03-31,-18.66,98.56,-18.3973728
2004-04-01,-17.63,98.72,-17.403804799999996
2004-04-02,-14.49,98.39,-14.233293549999999
2004-04-03,-12.07,98.04,-11.7835754
2004-04-04,-9.06,99.03,-8.934307399999998
2004-04-05,-8.11,97.32,-7.7767285999999975
2004-04-06,-7.54,98.3,-7.333925999999998
2004-04-07,-5.6,98.53,-5.4374914999999975
2004-04-08,-5.07,97.89,-4.842890149999999
2004-04-09,-8.17,98.23,-7.949307549999999
2004-04-10,-9.47,98.56,-9.280157599999999
2004-04-11,-7.01,98.73,-6.859752649999999
2004-04-12,-7.32,98.06,-7.087180599999999
2004-04-13,-12.74,98.31,-12.486804199999998
2004-04-14,-9.85,97.46,-9.509830499999996
2004-04-15,-7.18,96.89,-6.809163599999999
2004-04-16,-5.4,97.92,-5.172343999999998
2004-04-17,-3.41,98.56,-3.2681527999999993
2004-04-18,-4.96,97.68,-4.7116904
2004-04-19,-9.33,97.14,-8.9551541
2004-04-20,-8.47,96.26,-7.997507099999998
2004-04-21,-8.51,97.59,-8.20500245
2004-04-22,-7.11,98.41,-6.921020549999998
2004-04-23,-6.04,97.1,-5.712386999999997
2004-04-24,-4.7,97.07,-4.390591999999998
2004-04-25,-4.05,98.11,-3.857172749999999
2004-04-26,-1.73,98.91,-1.6327011499999986
2004-04-27,-1.76,98.49,-1.6249606999999981
2004-04-28,-5.97,97.9,-5.733571499999998
2004-04-29,-6.79,98.19,-6.578058049999999
2004-04-30,-7.9,97.52,-7.5944639999999985
2004-05-01,-6.07,96.88,-5.717018799999999
2004-05-02,-6.34,96.16,-5.899859199999997
2004-05-03,-5.7,96.59,-5.321148999999998
2004-05-04,-3.27,98.49,-3.1224201499999977
2004-05-05,-2.88,97.71,-2.6610988999999976
2004-05-06,-1.97,92.68,-1.3069177999999988
2004-05-07,-0.97,93.03,-0.3769575499999981
2004-05-08,2.46,90.68,3.0771704000000004
2004-05-09,0.01,96.15,0.3168257500000008
2004-05-10,0.22,93.04,0.7666384000000013
2004-05-11,3.31,76.22,4.773540100000001
2004-05-12,4.27,82.93,5.23044355
2004-05-13,4.14,91.37,4.6317374000000004
2004-05-14,5.31,83.52,6.142981600000001
2004-05-15,5.11,86.12,5.826832600000001
2004-05-16,5.69,84,6.465280000000001
2004-05-17,6.42,78.7,7.366572000000001
2004-05-18,6.47,78.32,7.427497200000001
2004-05-19,6.98,73.61,8.071490400000002
2004-05-20,7.42,72.93,8.4741058
2004-05-21,6.57,80.79,7.407844150000001
2004-05-22,11.28,78.35,11.6634215
2004-05-23,6.02,85.37,6.7023432000000005
2004-05-24,5.25,67.74,6.891227500000001
2004-05-25,4.94,68.67,6.587331400000001
2004-05-26,2.76,83.44,3.829279200000001
2004-05-27,3.43,88.12,4.153313800000001
2004-05-28,7.32,66.98,8.623959800000002
2004-05-29,8.19,74.42,9.0777539
2004-05-30,7.98,72.47,8.967225800000001
2004-05-31,10.13,83,10.538595
2004-06-01,14.21,78.86,14.243718300000001
2004-06-02,5.55,73.07,6.875629250000001
2004-06-03,7.07,80.82,7.853790700000001
2004-06-04,8.22,76.14,9.044124400000001
2004-06-05,3.94,76.4,5.310688000000001
2004-06-06,6.97,71.07,8.16813595
2004-06-07,11.02,70.22,11.5899892
2004-06-08,12.36,67.2,12.746056
2004-06-09,10.98,66.75,11.62372
2004-06-10,12.75,68.72,13.05107
2004-06-11,11.89,69.34,12.330124300000001
2004-06-12,6.57,66.18,8.0450593
2004-06-13,9.98,69.67,10.7340038
2004-06-14,10.08,83.69,10.4764961
2004-06-15,11.06,64.69,11.728065200000001
2004-06-16,9.88,66.62,10.7281858
2004-06-17,12.88,65.27,13.189444300000002
2004-06-18,16.79,76.53,16.494395349999998
2004-06-19,15.73,81.33,15.60369745
2004-06-20,15.68,89.12,15.6093888
2004-06-21,16.19,67.84,15.891072800000002
2004-06-22,14.17,79.75,14.20675375
2004-06-23,12.82,81.3,12.992788000000001
2004-06-24,11.91,81.46,12.174102300000001
2004-06-25,12.78,81.48,12.9551992
2004-06-26,14.13,76.82,14.177171300000001
2004-06-27,14.97,75.44,14.9065124
2004-06-28,16.65,61.98,16.2004135
2004-06-29,12.44,67.03,12.8135501
2004-06-30,14.11,78.7,14.1556885
2004-07-01,10.7,77.04,11.179864
2004-07-02,14.65,68.63,14.62411975
2004-07-03,19.42,73.34,18.6985804
2004-07-04,21.72,76.03,20.7681513
2004-07-05,23.43,65.22,21.7217803
2004-07-06,24.08,65.31,22.2521839
2004-07-07,24.89,70.61,23.21050845
2004-07-08,24.52,68.71,22.7956081
2004-07-09,24.83,73.58,23.328947699999997
2004-07-10,25.25,63.87,23.11381375
2004-07-11,21.26,71.62,20.204831600000002
2004-07-12,20.14,64.39,19.0353778
2004-07-13,20.31,57.46,18.950634299999997
2004-07-14,19.68,68.5,18.782564999999998
2004-07-15,16.61,91.63,16.51286615
2004-07-16,17.18,77.12,16.8427488
2004-07-17,19.8,69.51,18.911216500000002
2004-07-18,20.08,72.17,19.2258973
2004-07-19,16.45,81.44,16.250944
2004-07-20,16.4,67.97,16.0652865
2004-07-21,13.37,87.35,13.448619749999999
2004-07-22,14.4,70.03,14.4164835
2004-07-23,13.92,81.2,13.979972
2004-07-24,13.73,74.68,13.8372302
2004-07-25,14.67,70.41,14.64233335
2004-07-26,15.33,81.67,15.24632355
2004-07-27,13.11,85.32,13.2222286
2004-07-28,12.45,91.99,12.54031275
2004-07-29,10.38,95.83,10.4744922
2004-07-30,8.85,90.76,9.137133
2004-07-31,7.82,84.93,8.3736718
2004-08-01,7.8,81.22,8.492043
2004-08-02,8.3,87.4,8.72966
2004-08-03,9.75,88.27,10.05644625
2004-08-04,11.19,85.54,11.4532443
2004-08-05,13.75,72.7,13.862612500000001
2004-08-06,15.23,70.67,15.11224005
2004-08-07,15.45,78.36,15.336931
2004-08-08,16.01,77.39,15.822223950000001
2004-08-09,14.52,77.81,14.5175591
2004-08-10,10.9,75.38,11.387476000000001
2004-08-11,14.14,68.64,14.2020928
2004-08-12,12.92,77.42,13.1162202
2004-08-13,10.54,96.11,10.6247242
2004-08-14,10.08,84.05,10.4677445
2004-08-15,12.13,74.88,12.457439200000001
2004-08-16,13.24,79.21,13.384074700000001
2004-08-17,14.68,79.13,14.6593387
2004-08-18,14.76,82.37,14.7347891
2004-08-19,14.29,80.65,14.312349249999999
2004-08-20,15.71,77.1,15.557600500000001
2004-08-21,17.31,73.86,16.906006299999998
2004-08-22,13.41,75.74,13.5554387
2004-08-23,15.72,67.34,15.5008514
2004-08-24,15.68,74.12,15.5120388
2004-08-25,16.45,76.28,16.195603
2004-08-26,18.43,80.14,18.000726099999998
2004-08-27,14.63,82.52,14.617501800000001
2004-08-28,10.26,74.86,10.8462648
2004-08-29,13.31,64.1,13.5449655
2004-08-30,14.99,69.41,14.90755995
2004-08-31,9.46,79.04,10.041011200000002
2004-09-01,8.39,77.09,9.15989055
2004-09-02,7.27,73.47,8.32496545
2004-09-03,6.82,72,8.00272
2004-09-04,8.48,60.82,9.7772498
2004-09-05,9.65,67.42,10.5190715
2004-09-06,9.73,67.91,10.571881150000001
2004-09-07,8.86,72.96,9.6987808
2004-09-08,8.9,75.75,9.6469
2004-09-09,10.61,68.68,11.2800914
2004-09-10,8.5,86.55,8.943850000000001
2004-09-11,7.65,80.95,8.36770875
2004-09-12,7.02,74.21,8.081000600000001
2004-09-13,6.8,84.99,7.435673500000001
2004-09-14,10.03,60.21,11.00823715
2004-09-15,12,85.58,12.198275
2004-09-16,10.33,91.13,10.53343345
2004-09-17,9.42,94.95,9.561097
2004-09-18,7.93,76.8,8.768332000000001
2004-09-19,6.49,77.64,7.475069800000001
2004-09-20,5.8,79.88,6.762742
2004-09-21,3.5,84.67,4.427465000000001
2004-09-22,2.5,78.17,3.94078
2004-09-23,6.96,71.65,8.1356745
2004-09-24,7.44,84.19,8.0539023
2004-09-25,1.68,84.89,2.745406100000001
2004-09-26,2.1,81.33,3.3732940000000013
2004-09-27,-0.09,79.86,1.5261343000000012
2004-09-28,-1.83,86.07,-0.5788770499999987
2004-09-29,-2.19,96.23,-1.843932849999999
2004-09-30,-3.24,97.41,-2.987293699999999
2004-10-01,-5.55,96.59,-5.173962249999998
2004-10-02,-6.88,93.57,-6.123896299999998
2004-10-03,-5.08,88.92,-3.886794799999999
2004-10-04,-7.65,95.93,-7.15417225
2004-10-05,-6.35,84.6,-4.584004999999998
2004-10-06,-8.15,93.56,-7.347737
2004-10-07,-6.13,97.81,-5.881511649999998
2004-10-08,-6.18,92.21,-5.293965399999997
2004-10-09,-6.97,98.77,-6.824755449999997
2004-10-10,-5.56,97.75,-5.311757499999999
2004-10-11,-7.52,98.27,-7.310479699999998
2004-10-12,-8.18,98.47,-7.989147799999999
2004-10-13,-4.4,99.55,-4.353222499999998
2004-10-14,-5.72,99.09,-5.618798899999999
2004-10-15,-10.99,98.61,-10.795128949999997
2004-10-16,-9.32,99.58,-9.2649758
2004-10-17,-4.02,99.64,-3.983330399999998
2004-10-18,-4.82,99.34,-4.7498683999999995
2004-10-19,-9.13,99.27,-9.035125549999998
2004-10-20,-14.53,99.74,-14.488487099999995
2004-10-21,-17.5,99.88,-17.478879999999997
2004-10-22,-18.73,99.58,-18.6532387
2004-10-23,-18.69,99.54,-18.6060293
2004-10-24,-17.93,99.66,-17.869355899999995
2004-10-25,-16.65,99.72,-16.602028999999995
2004-10-26,-21.19,99.07,-21.007445649999998
2004-10-27,-25.84,99.12,-25.644754399999997
2004-10-28,-26.18,99.98,-26.1755252
2004-10-29,-27.09,99.4,-26.952752999999998
2004-10-30,-22.52,99.34,-22.385617399999997
2004-10-31,-22,99.39,-21.877542499999997
2004-11-01,-16.32,99.54,-16.2420254
2004-11-02,-16.52,99.5,-16.434694999999998
2004-11-03,-15.15,99.61,-15.08640075
2004-11-04,-21.01,99.44,-20.900629199999997
2004-11-05,-29.92,98.6,-29.577965999999996
2004-11-06,-21.07,98.78,-20.831325299999996
2004-11-07,-9.69,99.82,-9.666051899999996
2004-11-08,-15.74,99.59,-15.6718088
2004-11-09,-19.98,98.73,-19.7391572
2004-11-10,-21.21,98.56,-20.927176799999998
2004-11-11,-21.08,99.71,-21.023249899999993
2004-11-12,-17.87,99.61,-17.80056635
2004-11-13,-19.53,99.42,-19.4214443
2004-11-14,-18.94,99.71,-18.886663199999997
2004-11-15,-21.4,98.9,-21.182805
2004-11-16,-26.42,99.34,-26.271460400000002
2004-11-17,-10.6,99.75,-10.565487499999996
2004-11-18,-14.14,98.94,-13.973028799999998
2004-11-19,-15.85,99.11,-15.701436749999997
2004-11-20,-12.47,100,-12.469999999999997
2004-11-21,-8.71,98.87,-8.56574985
2004-11-22,-23.23,97.89,-22.792143349999996
2004-11-23,-28.01,98.75,-27.717743749999997
2004-11-24,-26.41,99.72,-26.346998599999996
2004-11-25,-26.62,98.62,-26.307899199999998
2004-11-26,-28.24,98.16,-27.80747119999999
2004-11-27,-34.27,97.92,-33.7120712
2004-11-28,-36.22,98.51,-35.804349599999995
2004-11-29,-39.68,96.57,-38.657894299999995
2004-11-30,-47.07,98.3,-46.49432049999999
2004-12-01,-42.21,97.67,-41.48326135
2004-12-02,-47.93,97.24,-46.98231259999999
2004-12-03,-49.82,84.44,-44.31549439999999
2004-12-04,-49.52,89.8,-45.928478
2004-12-05,-50.77,97.77,-49.96946345
2004-12-06,-48.8,87.24,-44.35760599999999
2004-12-07,-51.35,92.32,-48.56849599999999
2004-12-08,-45.49,97.6,-44.698131999999994
2004-12-09,-43.67,97.26,-42.7933781
2004-12-10,-48.26,94.91,-46.50303379999999
2004-12-11,-48.21,92.59,-45.65425395
2004-12-12,-46.73,89.08,-43.052526199999996
2004-12-13,-46.42,99.15,-46.13519899999999
2004-12-14,-47.96,94.64,-46.118679199999995
2004-12-15,-47.1,95.54,-45.588952
2004-12-16,-48.63,95.82,-47.178641299999995
2004-12-17,-48.51,98.03,-47.82728665
2004-12-18,-48.89,95.91,-47.464041949999995
2004-12-19,-47.54,94.35,-45.612106999999995
2004-12-20,-51.84,96.79,-50.6687673
2004-12-21,-50.47,90.19,-46.964543649999996
2004-12-22,-42.55,97.35,-41.718496249999994
2004-12-23,-30.59,98.55,-30.230407249999995
2004-12-24,-31.17,98.86,-30.883649099999996
2004-12-25,-31.42,99.76,-31.359385599999996
2004-12-26,-31.29,99.91,-31.267333949999994
2004-12-27,-31.7,99.7,-31.623769999999997
2004-12-28,-33.5,99.99,-33.49735999999999
2004-12-29,-35.73,100,-35.72999999999999
2004-12-30,-31.94,99.41,-31.789302199999998
2004-12-31,-30.03,99.3,-29.858559499999995
2005-01-01,-41.45,96.89,-40.49297525
2005-01-02,-45.56,95.17,-43.9645061
2005-01-03,-39.21,97.21,-38.38582004999999
2005-01-04,-35.97,98.36,-35.514760599999995
2005-01-05,-35.42,98.2,-34.925792
2005-01-06,-35.43,98.81,-35.10320815
2005-01-07,-43.49,97.55,-42.70858474999999
2005-01-08,-43.66,99.01,-43.34331879999999
2005-01-09,-46.11,98.37,-45.56663135
2005-01-10,-40.38,98.12,-39.8125408
2005-01-11,-35.32,98.87,-35.010368699999994
2005-01-12,-31.5,98.08,-31.014239999999994
2005-01-13,-30.64,98.55,-30.280008499999997
2005-01-14,-32.72,98.48,-32.325240799999996
2005-01-15,-30.14,98.47,-29.7643544
2005-01-16,-30.51,97.55,-29.903490249999997
2005-01-17,-36.3,98.96,-36.009423999999996
2005-01-18,-37.63,97.72,-36.976289799999996
2005-01-19,-38.66,96.53,-37.645441399999996
2005-01-20,-42.68,98.24,-42.12649759999999
2005-01-21,-41.73,94.43,-40.007393949999994
2005-01-22,-43.97,98.83,-43.593745549999994
2005-01-23,-40.2,98.54,-39.760759
2005-01-24,-37.89,98.21,-37.374220449999996
2005-01-25,-44.64,99.04,-44.327740799999994
2005-01-26,-47.57,95.91,-46.17373535
2005-01-27,-34.05,96.27,-33.053996749999996
2005-01-28,-29.86,93.99,-28.3936802
2005-01-29,-30.47,98.35,-30.061897249999998
2005-01-30,-30.04,97.26,-29.3687822
2005-01-31,-30.27,97.03,-29.538682049999995
2005-02-01,-27.26,97.27,-26.632973599999996
2005-02-02,-31.35,97.73,-30.777562749999998
2005-02-03,-31.12,98.08,-30.638252799999997
2005-02-04,-36.74,98.65,-36.359543
2005-02-05,-33.54,98.36,-33.106679199999995
2005-02-06,-31.87,98.27,-31.42878945
2005-02-07,-30.87,98.27,-30.438304449999997
2005-02-08,-31.15,98.66,-30.813559499999993
2005-02-09,-32.51,97.3,-31.81190149999999
2005-02-10,-32.66,97.98,-32.1360524
2005-02-11,-36.45,98.72,-36.091312
2005-02-12,-37.02,98.64,-36.6346304
2005-02-13,-39.09,97.48,-38.3472426
2005-02-14,-32.82,99.27,-32.630010199999994
2005-02-15,-38.88,97.43,-38.1254737
2005-02-16,-41.05,97,-40.133424999999995
2005-02-17,-37.98,96.93,-37.09387519999999
2005-02-18,-37.27,98.63,-36.87991305
2005-02-19,-37.19,98.88,-36.87158959999999
2005-02-20,-34.01,98.68,-33.6578174
2005-02-21,-36.53,98.2,-36.024803
2005-02-22,-35.59,96.76,-34.6973962
2005-02-23,-35.31,97.47,-34.61689385
2005-02-24,-33.66,99.21,-33.45074479999999
2005-02-25,-32.22,99.3,-32.040127999999996
2005-02-26,-31.81,99.43,-31.66481815
2005-02-27,-29.08,99.63,-28.991314699999993
2005-02-28,-28.47,97.59,-27.90043265
2005-03-01,-32.49,98.62,-32.133345899999995
2005-03-02,-32.34,99.5,-32.21119
2005-03-03,-23.85,98.4,-23.51252
2005-03-04,-15.64,99.34,-15.5305918
2005-03-05,-18.58,98.42,-18.292534799999995
2005-03-06,-24.21,96.58,-23.481864899999998
2005-03-07,-30.25,97.17,-29.553466249999996
2005-03-08,-31.8,97.14,-31.071701
2005-03-09,-28.21,98.61,-27.883482049999994
2005-03-10,-21.92,97.93,-21.505358299999997
2005-03-11,-19.24,96.44,-18.579370799999996
2005-03-12,-15.87,98.99,-15.701294649999996
2005-03-13,-17.78,98.57,-17.526117799999998
2005-03-14,-16.01,97.53,-15.59552165
2005-03-15,-20.87,95.38,-19.971248299999996
2005-03-16,-26.74,95.72,-25.769210399999995
2005-03-17,-29.85,97.59,-29.26214075
2005-03-18,-29.56,96.96,-28.823316799999997
2005-03-19,-23.08,97.19,-22.499201099999993
2005-03-20,-22.19,97.52,-21.689548399999996
2005-03-21,-21.55,96.75,-20.905606249999998
2005-03-22,-22.26,96.61,-21.574609799999998
2005-03-23,-22.18,95.58,-21.288309199999997
2005-03-24,-21.98,96.88,-21.354003199999998
2005-03-25,-19.16,97.74,-18.7416062
2005-03-26,-16.53,96.98,-16.0145917
2005-03-27,-12.16,96.46,-11.640929799999997
2005-03-28,-10.2,95.22,-9.550636999999998
2005-03-29,-10,98.81,-9.8396475
2005-03-30,-12.45,98.59,-12.241002749999998
2005-03-31,-14.91,97.12,-14.444145599999999
2005-04-01,-11.95,96.94,-11.504846499999996
2005-04-02,-4.02,98.7,-3.887581999999998
2005-04-03,-1.57,98.37,-1.4259324500000001
2005-04-04,-6.33,94.92,-5.748009799999998
2005-04-05,-7.24,97.12,-6.895638399999998
2005-04-06,-12.97,97.31,-12.563581349999998
2005-04-07,-8.54,96.6,-8.109151999999995
2005-04-08,-7.25,97.4,-6.938974999999998
2005-04-09,-3.65,97.99,-3.4493517499999973
2005-04-10,-1.83,98.64,-1.7078515999999995
2005-04-11,-2.78,98.15,-2.604175999999999
2005-04-12,-3.94,97.61,-3.6976061999999987
2005-04-13,-3.31,97.78,-3.092539899999999
2005-04-14,-5.01,97.77,-4.7707098499999985
2005-04-15,-2.66,98.2,-2.490116
2005-04-16,-3.31,98.39,-3.152292449999999
2005-04-17,-1.24,98.24,-1.0876367999999978
2005-04-18,-2.82,98.59,-2.6856833999999985
2005-04-19,-2.58,96.89,-2.2878465999999995
2005-04-20,-1.77,98.01,-1.5919248499999985
2005-04-21,-1.66,94.8,-1.197823999999999
2005-04-22,-1.35,95.92,-0.9943259999999998
2005-04-23,1.49,89.67,2.2291631500000006
2005-04-24,-2.54,87.22,-1.3422583999999989
2005-04-25,1.14,81.49,2.5001148000000013
2005-04-26,-0.36,92.17,0.2799459000000003
2005-04-27,0.54,94.79,0.9400237999999999
2005-04-28,0.34,83.36,1.6359232000000015
2005-04-29,2.72,84.29,3.7378509
2005-04-30,4,79.56,5.180410000000001
2005-05-01,3.24,76.52,4.694116400000001
2005-05-02,4.03,74.88,5.476535200000002
2005-05-03,6.7,77.48,7.666108
2005-05-04,11.31,59.16,12.0265378
2005-05-05,9.87,72.2,10.577926999999999
2005-05-06,11.37,60.54,12.0493039
2005-05-07,11.37,67.6,11.927766
2005-05-08,11.23,75.26,11.6749489
2005-05-09,8.63,72.55,9.516223250000001
2005-05-10,7.95,74.67,8.862513250000001
2005-05-11,6.38,77.74,7.374131600000001
2005-05-12,7.12,68.99,8.3786959
2005-05-13,7.9,73.03,8.879011
2005-05-14,5.1,62.36,7.045988
2005-05-15,2.12,86.33,3.050790300000001
2005-05-16,1.7,84.37,2.800352000000001
2005-05-17,5.7,77.83,6.773028000000001
2005-05-18,6.66,88.69,7.147687200000001
2005-05-19,3.3,73.86,4.910224
2005-05-20,4.14,64.38,6.1696276
2005-05-21,7.02,63.46,8.5232556
2005-05-22,9.62,79.75,10.163509999999999
2005-05-23,5.94,81.1,6.829812000000001
2005-05-24,5.18,79.71,6.220065400000001
2005-05-25,4.35,69.95,6.0275412500000005
2005-05-26,3.29,73.94,4.8967293000000005
2005-05-27,5.21,65.38,6.9789089
2005-05-28,10.41,72.2,11.035361
2005-05-29,11.91,75.44,12.2598572
2005-05-30,5.13,77.97,6.265316050000001
2005-05-31,3.65,85.62,4.5081265
2005-06-01,6.04,80.53,6.9459391
2005-06-02,10.13,72.5,10.790962500000001
2005-06-03,13.18,71.87,13.3842238
2005-06-04,13.81,78.28,13.8924274
2005-06-05,16.5,74.53,16.219829999999998
2005-06-06,12.88,77.56,13.0799404
2005-06-07,11.54,90.87,11.6886364
2005-06-08,16.85,72.89,16.49960325
2005-06-09,19.62,64.33,18.6155328
2005-06-10,20.27,71.11,19.35317585
2005-06-11,18.72,69.47,18.011398699999997
2005-06-12,19.18,71.64,18.4500136
2005-06-13,12.59,89.23,12.70313885
2005-06-14,10.95,77.19,11.39536525
2005-06-15,12.35,68.1,12.7272175
2005-06-16,15.38,75.3,15.260452
2005-06-17,14.26,73.56,14.2949008
2005-06-18,17.69,58.62,16.9639879
2005-06-19,15.57,72.51,15.40822135
2005-06-20,18.45,65.89,17.70896025
2005-06-21,15.25,73.58,15.1410175
2005-06-22,17.57,81.67,17.26049795
2005-06-23,16.54,86,16.38292
2005-06-24,15.96,75.88,15.766316400000001
2005-06-25,16.01,83.4,15.872137000000002
2005-06-26,17.1,73.95,16.727485
2005-06-27,20.44,68.61,19.4144887
2005-06-28,20.09,76.3,19.3613435
2005-06-29,18.11,81.41,17.740895549999998
2005-06-30,19.65,75.05,18.943291249999998
2005-07-01,20.14,70.26,19.2174652
2005-07-02,18.45,67.14,17.736116499999998
2005-07-03,18.03,64.09,17.33280735
2005-07-04,18.18,62.78,17.4266672
2005-07-05,18.65,63.25,17.811181249999997
2005-07-06,21.63,52.7,19.7751305
2005-07-07,23.1,51.06,20.785138
2005-07-08,24.88,55.97,22.3663273
2005-07-09,22.85,71.85,21.55721125
2005-07-10,20.97,77.93,20.184639049999998
2005-07-11,15.1,67.48,14.992684
2005-07-12,13.21,81.94,13.3381357
2005-07-13,16.87,61.34,16.3660669
2005-07-14,18.89,74.97,18.28565065
2005-07-15,20.18,83.04,19.650169599999998
2005-07-16,18.94,79.22,18.432552400000002
2005-07-17,15.48,91.73,15.4354247
2005-07-18,17.56,72.36,17.0948188
2005-07-19,16.06,89.33,15.9684514
2005-07-20,17.41,81.39,17.11214695
2005-07-21,15.71,89.1,15.637460500000001
2005-07-22,16.82,83.34,16.6074184
2005-07-23,19.02,75.75,18.417144999999998
2005-07-24,18.19,79.3,17.769893500000002
2005-07-25,15.96,91.61,15.8926283
2005-07-26,15.69,73.37,15.51570665
2005-07-27,18.62,79.05,18.145273
2005-07-28,19.32,85.36,18.9318936
2005-07-29,12.28,64.81,12.7096699
2005-07-30,14.9,61.2,14.81464
2005-07-31,16.99,81.98,16.743216099999998
2005-08-01,13.45,72.42,13.6092745
2005-08-02,11.88,75.63,12.2311717
2005-08-03,12.63,83.05,12.80433075
2005-08-04,14.48,73.34,14.4829326
2005-08-05,16.59,70.5,16.2508975
2005-08-06,14.63,61.88,14.6027442
2005-08-07,17.27,69.78,16.8095983
2005-08-08,13.05,68.61,13.30033525
2005-08-09,14.89,73.8,14.833801000000001
2005-08-10,16.35,79.7,16.1434475
2005-08-11,13.45,88.86,13.5143335
2005-08-12,11.94,95.66,12.0011072
2005-08-13,14.65,83.25,14.63618125
2005-08-14,16.24,76.86,16.0185502
2005-08-15,8.76,92.08,9.0100344
2005-08-16,12.37,70.46,12.7160611
2005-08-17,10.48,74.85,11.0360665
2005-08-18,8.53,76.84,9.2904586
2005-08-19,10.85,71.36,11.424948
2005-08-20,12.84,66.56,13.1453072
2005-08-21,14.4,76.3,14.413035
2005-08-22,12.58,71.82,12.8775808
2005-08-23,14.74,77.52,14.7103264
2005-08-24,17.89,79.23,17.50274335
2005-08-25,13.94,91.41,13.966457199999999
2005-08-26,14.49,91.32,14.4904774
2005-08-27,12.94,98.09,12.9563878
2005-08-28,13.05,84.13,13.176563250000001
2005-08-29,3.4,90.44,3.983638000000001
2005-08-30,4.85,95.79,5.07344575
2005-08-31,6.66,94.73,6.887242400000001
2005-09-01,8.56,91.11,8.8504363
2005-09-02,9.97,83.75,10.374868750000001
2005-09-03,10.54,75.78,11.0675116
2005-09-04,10.26,81.71,10.6865228
2005-09-05,9.65,77.06,10.261924500000001
2005-09-06,7.11,79.27,7.952570850000001
2005-09-07,9.02,74.03,9.8027358
2005-09-08,9.44,84.38,9.8747046
2005-09-09,8.59,76.23,9.36264385
2005-09-10,9.14,82.3,9.661796
2005-09-11,6.83,94.26,7.072141900000001
2005-09-12,5.92,97.22,6.051188200000001
2005-09-13,5.84,89.57,6.336780900000001
2005-09-14,6.37,84.27,7.073366950000001
2005-09-15,7.53,89.39,7.936734350000001
2005-09-16,4.41,97.26,4.5620563
2005-09-17,5.4,93.69,5.7158155000000015
2005-09-18,6.45,83.94,7.161056500000001
2005-09-19,7.77,84.38,8.3481743
2005-09-20,9.44,91.24,9.6837908
2005-09-21,11.31,91.33,11.46211515
2005-09-22,9.98,89.9,10.231086000000001
2005-09-23,10.69,80.88,11.0906596
2005-09-24,10.69,79.03,11.12942635
2005-09-25,9.43,88.42,9.7529083
2005-09-26,9.36,82.07,9.8668811
2005-09-27,9.07,89.71,9.37731085
2005-09-28,7.08,91.26,7.436679400000001
2005-09-29,1.32,89.42,2.086944200000001
2005-09-30,3.13,76.79,4.58143735
2005-10-01,0.13,86.57,1.1914400500000015
2005-10-02,-3.07,81.09,-1.2426321499999986
2005-10-03,-1.88,84.97,-0.5259472999999983
2005-10-04,-4.3,78.04,-2.029335999999999
2005-10-05,-4.5,79.23,-2.3295349999999995
2005-10-06,-2.56,96.79,-2.2588056999999986
2005-10-07,-4.35,89.31,-3.2417142499999985
2005-10-08,-5.06,84.52,-3.3946615999999974
2005-10-09,-1.09,95.28,-0.6852835999999987
2005-10-10,0.98,98.43,1.0967452000000009
2005-10-11,-1.58,93.82,-1.0334407999999988
2005-10-12,-2.8,86.73,-1.5373594999999984
2005-10-13,-4.82,95.46,-4.337579599999997
2005-10-14,-5.79,98.65,-5.63934675
2005-10-15,-7.22,97.08,-6.871176799999998
2005-10-16,-10.73,97.44,-10.374761599999998
2005-10-17,-12.31,98.56,-12.097664799999999
2005-10-18,-14.41,96.99,-13.931394949999998
2005-10-19,-14.29,97.24,-13.852967799999997
2005-10-20,-13.46,98.04,-13.1585912
2005-10-21,-13.01,99.07,-12.869286349999998
2005-10-22,-12.63,99.57,-12.56583755
2005-10-23,-17.03,98.56,-16.7802824
2005-10-24,-20.53,99.2,-20.375867999999997
2005-10-25,-20.72,99.86,-20.6928806
2005-10-26,-18.36,99.93,-18.347348899999997
2005-10-27,-17.4,99.2,-17.259639999999997
2005-10-28,-20.85,99.83,-20.816947749999997
2005-10-29,-21.64,99.75,-21.590307499999994
2005-10-30,-19.47,99.61,-19.397134349999998
2005-10-31,-15.29,99.51,-15.20971595
2005-11-01,-12.43,99.56,-12.364829399999998
2005-11-02,-18.25,99.48,-18.156335
2005-11-03,-23.34,99.33,-23.2005596
2005-11-04,-20.68,99.15,-20.515533499999997
2005-11-05,-23.19,99.58,-23.1029361
2005-11-06,-20.42,99.66,-20.354699599999996
2005-11-07,-10.8,99.34,-10.708161
2005-11-08,-11.82,99.64,-11.767886399999998
2005-11-09,-10.55,99.88,-10.533466999999998
2005-11-10,-10.27,99.65,-10.222317749999998
2005-11-11,-13.14,99.87,-13.1202374
2005-11-12,-14.89,98.67,-14.675012149999999
2005-11-13,-18.1,98.44,-17.820292
2005-11-14,-20.12,98.63,-19.859138299999998
2005-11-15,-20.25,98.3,-19.925087499999997
2005-11-16,-24.85,98.49,-24.523198249999997
2005-11-17,-31.59,94.07,-30.086774649999995
2005-11-18,-24.74,92.47,-23.114875399999995
2005-11-19,-22.4,98.62,-22.119928999999996
2005-11-20,-26.88,99.57,-26.782136299999998
2005-11-21,-26.28,99.78,-26.2306562
2005-11-22,-23.61,99.27,-23.456988349999996
2005-11-23,-22.92,98.54,-22.6195174
2005-11-24,-21.87,98.18,-21.5059363
2005-11-25,-26.06,98.16,-25.649532799999992
2005-11-26,-29.72,98.82,-29.433012199999993
2005-11-27,-31.92,98.82,-31.618734199999995
2005-11-28,-33.57,98.44,-33.1575594
2005-11-29,-34.27,98.13,-33.768400549999996
2005-11-30,-39.08,98.44,-38.62028359999999
2005-12-01,-27.26,98.93,-27.0142424
2005-12-02,-27.09,97.83,-26.593623349999994
2005-12-03,-31.15,98.79,-30.846199249999994
2005-12-04,-31.82,98.96,-31.555049599999997
2005-12-05,-34.99,98.93,-34.69875135
2005-12-06,-36.32,82.71,-31.487272099999995
2005-12-07,-38.63,97.33,-37.84978595
2005-12-08,-38.78,97.94,-38.1763376
2005-12-09,-33.11,98.35,-32.677939249999994
2005-12-10,-30.02,98.1,-29.554765999999997
2005-12-11,-26.51,99.45,-26.38594475
2005-12-12,-25.66,99.26,-25.4965488
2005-12-13,-30.95,100,-30.949999999999996
2005-12-14,-38.91,98.54,-38.48111769999999
2005-12-15,-32.52,96.9,-31.718309
2005-12-16,-34.05,96.65,-33.155466249999996
2005-12-17,-35.67,98.56,-35.2726536
2005-12-18,-36.9,98.53,-36.484430999999994
2005-12-19,-31.03,97.19,-30.326333849999997
2005-12-20,-34.8,99.43,-34.645444499999996
2005-12-21,-37.29,98.38,-36.82855109999999
2005-12-22,-41.14,98.87,-40.794197399999995
2005-12-23,-40.94,96.8,-39.96425599999999
2005-12-24,-40.29,98.25,-39.762646249999996
2005-12-25,-36.65,98.65,-36.270211249999996
2005-12-26,-36.59,98.18,-36.0785891
2005-12-27,-33.16,99.42,-33.007964599999994
2005-12-28,-35.87,98.6,-35.48215099999999
2005-12-29,-31.99,98.71,-31.660153449999996
2005-12-30,-36.45,98.61,-36.060487249999994
2005-12-31,-36.94,98.51,-36.51844919999999
2006-01-01,-36.51,97.44,-35.79177919999999
2006-01-02,-45.57,92.91,-43.22757034999999
2006-01-03,-47.39,98.06,-46.729633699999994
2006-01-04,-39.67,97.77,-39.00560495
2006-01-05,-40.07,97.93,-39.44872055
2006-01-06,-41.86,97.94,-41.221441199999994
2006-01-07,-38.61,99.83,-38.56034214999999
2006-01-08,-35.67,97.07,-34.86151045
2006-01-09,-42.49,97.38,-41.66877409999999
2006-01-10,-45.54,92.55,-43.079860999999994
2006-01-11,-47.24,95.49,-45.7085393
2006-01-12,-42.46,95.84,-41.1567552
2006-01-13,-43.32,95.32,-41.831713199999996
2006-01-14,-45.53,95.15,-43.92869975
2006-01-15,-46.32,97.41,-45.4536191
2006-01-16,-47.42,96.31,-46.1633336
2006-01-17,-51.17,97.68,-50.332050800000005
2006-01-18,-52.96,85.77,-47.6802431
2006-01-19,-50.19,92.44,-47.500189799999994
2006-01-20,-47.97,94.21,-45.98064284999999
2006-01-21,-44.9,95.81,-43.53112699999999
2006-01-22,-33.32,99.85,-33.280548499999995
2006-01-23,-32.25,99.47,-32.11372374999999
2006-01-24,-37.73,97.09,-36.89405884999999
2006-01-25,-43.36,93.51,-41.2946873
2006-01-26,-42.72,94.34,-40.93874139999999
2006-01-27,-43.62,98.5,-43.14050999999999
2006-01-28,-42.33,97.08,-41.417310199999996
2006-01-29,-39.99,96.24,-38.863146799999996
2006-01-30,-37.18,98.19,-36.665525599999995
2006-01-31,-40.98,98.16,-40.41854239999999
2006-02-01,-39.78,97.24,-38.956029599999994
2006-02-02,-34.91,95.37,-33.65177435
2006-02-03,-34.29,97.38,-33.586936099999996
2006-02-04,-35.38,97.74,-34.7599916
2006-02-05,-32.17,98.11,-31.68486535
2006-02-06,-29.84,98.1,-29.376647
2006-02-07,-37.08,99.73,-37.00340369999999
2006-02-08,-41.21,99.53,-41.06598965
2006-02-09,-41.32,97.96,-40.693699599999995
2006-02-10,-38.53,97.14,-37.6958381
2006-02-11,-38.01,95.07,-36.58619134999999
2006-02-12,-41.14,98.55,-40.696270999999996
2006-02-13,-34,99.28,-33.807939999999995
2006-02-14,-33.34,97.11,-32.5795832
2006-02-15,-29.98,97.32,-29.324364799999998
2006-02-16,-31.06,98.31,-30.636519799999995
2006-02-17,-35.41,99.45,-35.259022249999994
2006-02-18,-35.7,99.23,-35.487403
2006-02-19,-33.68,99.14,-33.452108599999995
2006-02-20,-31.86,98.15,-31.388287
2006-02-21,-29.63,97.27,-28.967388049999993
2006-02-22,-30.8,97.91,-30.279276499999995
2006-02-23,-32.43,98.86,-32.135748899999996
2006-02-24,-27.61,97.41,-27.010143049999996
2006-02-25,-28.98,99.45,-28.848473
2006-02-26,-27.73,99.48,-27.609222199999998
2006-02-27,-27.16,99.02,-26.935452599999994
2006-02-28,-22.75,97.84,-22.30747
2006-03-01,-18.4,98.45,-18.119527499999997
2006-03-02,-19.92,99.36,-19.7988416
2006-03-03,-23.77,98.18,-23.386917299999997
2006-03-04,-27.01,97.33,-26.40042565
2006-03-05,-27.47,98.93,-27.223006549999997
2006-03-06,-26.33,98.61,-26.017854649999993
2006-03-07,-28.32,97.79,-27.7995229
2006-03-08,-32.63,99.42,-32.479655300000005
2006-03-09,-32.36,96.91,-31.563614299999994
2006-03-10,-30.51,98.04,-30.0247922
2006-03-11,-22.37,97.7,-21.9035945
2006-03-12,-19.31,97.95,-18.928792249999997
2006-03-13,-16.08,98.45,-15.819305499999999
2006-03-14,-15.12,98.11,-14.812100099999999
2006-03-15,-20.65,97.76,-20.216952
2006-03-16,-21.58,96.78,-20.941023199999993
2006-03-17,-18.89,97.62,-18.4529249
2006-03-18,-14.4,98.02,-14.085278999999998
2006-03-19,-15.9,97.86,-15.542191999999998
2006-03-20,-16.2,95.98,-15.521222999999997
2006-03-21,-14.54,97.37,-14.119936399999997
2006-03-22,-14.72,95.95,-14.0691245
2006-03-23,-20.5,96.88,-19.899399999999996
2006-03-24,-19.75,96.88,-19.16227
2006-03-25,-20.31,95.98,-19.540350899999996
2006-03-26,-17.82,91.96,-16.390809599999997
2006-03-27,-18.15,95.36,-17.316771999999997
2006-03-28,-17.78,93.95,-16.705883
2006-03-29,-15.38,98.62,-15.153210799999998
2006-03-30,-14.31,98.64,-14.0945012
2006-03-31,-9.04,98.65,-8.865215499999998
2006-04-01,-8.54,98.4,-8.337247999999999
2006-04-02,-6.75,98.81,-6.61091875
2006-04-03,-7.8,98.41,-7.604986499999997
2006-04-04,-16.48,98.16,-16.166482399999996
2006-04-05,-15.5,96.64,-14.945599999999999
2006-04-06,-8.56,97.93,-8.297461899999998
2006-04-07,-6.7,98.3,-6.501779999999998
2006-04-08,-7.46,98.79,-7.313856199999998
2006-04-09,-5.66,98.48,-5.4914624
2006-04-10,-5.03,98.87,-4.908621049999999
2006-04-11,-6.29,98.78,-6.1504990999999976
2006-04-12,-16.93,97.94,-16.573898099999997
2006-04-13,-15.41,96.68,-14.863843399999999
2006-04-14,-13.65,96.8,-13.154559999999998
2006-04-15,-8.79,95.83,-8.255843849999998
2006-04-16,-8.08,96.92,-7.6974947999999985
2006-04-17,-3.18,97.94,-2.979685599999999
2006-04-18,-2.18,98.65,-2.056151
2006-04-19,-0.73,99.04,-0.649585599999999
2006-04-20,0.04,98.9,0.127483
2006-04-21,-0.1,98.66,0.007602000000001427
2006-04-22,-1.04,99.28,-0.9784615999999988
2006-04-23,-1.21,99.28,-1.1477883999999987
2006-04-24,-6.27,98.15,-6.058665249999999
2006-04-25,-2.37,95.38,-1.9413332999999975
2006-04-26,-2.76,96.96,-2.4714127999999986
2006-04-27,-5.35,95.89,-4.901290749999998
2006-04-28,-0.78,94.19,-0.29172759999999903
2006-04-29,-0.48,91.46,0.223610600000001
2006-04-30,0.09,86.47,1.162320150000001
2006-05-01,2.97,85.24,3.906005400000001
2006-05-02,3.12,78.23,4.4825843
2006-05-03,5,76.48,6.2289200000000005
2006-05-04,5.51,76.44,6.6749242
2006-05-05,5.18,73.17,6.5553058
2006-05-06,3.31,84.16,4.2848728000000005
2006-05-07,5.48,82.73,6.336764700000001
2006-05-08,3.38,90.1,3.9854840000000014
2006-05-09,2.43,72.43,4.2602344500000005
2006-05-10,4.32,72.92,5.836209200000001
2006-05-11,4.97,74.23,6.320734550000001
2006-05-12,6.3,78.67,7.261983
2006-05-13,0.28,72.76,2.4104404000000006
2006-05-14,-0.66,65.2,2.2416240000000007
2006-05-15,0.84,70,3.093900000000001
2006-05-16,5.55,72.77,6.890396750000001
2006-05-17,5.29,62.97,7.165754650000001
2006-05-18,6.61,74.31,7.724817550000001
2006-05-19,5.82,77.99,6.8707574000000005
2006-05-20,5.39,64.4,7.173738
2006-05-21,8.47,59.44,9.815172400000002
2006-05-22,11.96,72.09,12.349902700000001
2006-05-23,6.93,82.45,7.66069425
2006-05-24,6.69,75.45,7.744545250000001
2006-05-25,7.46,90.26,7.8371328
2006-05-26,8.22,79.76,8.919089600000001
2006-05-27,9.07,76.25,9.77929375
2006-05-28,11.39,73.63,11.841058850000001
2006-05-29,13.56,74.44,13.6921452
2006-05-30,11.17,80.02,11.535933700000001
2006-05-31,12.41,80.22,12.637371100000001
2006-06-01,15.7,78.24,15.556384
2006-06-02,18.12,75.76,17.6373816
2006-06-03,18.36,86.05,18.0638415
2006-06-04,15.45,80.82,15.3497845
2006-06-05,13.88,80.11,13.9478249
2006-06-06,13.33,83.02,13.4392663
2006-06-07,9.85,87.96,10.157923
2006-06-08,15.62,81.59,15.506594399999999
2006-06-09,15.54,73.86,15.3904792
2006-06-10,12.29,76.83,12.571631349999999
2006-06-11,12.16,74.69,12.4857397
2006-06-12,11.13,67.93,11.72441745
2006-06-13,13.15,71.3,13.3630975
2006-06-14,15.36,72.16,15.2283168
2006-06-15,17.16,74.36,16.7848868
2006-06-16,18.1,81.38,17.731324
2006-06-17,17.73,79.45,17.36492925
2006-06-18,20.06,73.48,19.249018399999997
2006-06-19,21.14,72,20.11744
2006-06-20,19.64,75.77,18.9550179
2006-06-21,15.57,71.07,15.39974695
2006-06-22,19.96,67.53,18.9849259
2006-06-23,17.96,88.75,17.7459125
2006-06-24,14.05,68.34,14.128358500000001
2006-06-25,11.6,65.63,12.148201499999999
2006-06-26,10.63,70.97,11.24790355
2006-06-27,15.38,85.43,15.3094812
2006-06-28,21.04,81.29,20.3670013
2006-06-29,13.78,74.15,13.882366
2006-06-30,12.17,62.78,12.6469743
2006-07-01,14.41,62.51,14.42855755
2006-07-02,14.63,77.66,14.6140269
2006-07-03,14.42,88.58,14.4250248
2006-07-04,15.07,84.34,15.0209059
2006-07-05,14.27,85.56,14.2882666
2006-07-06,13.33,81.41,13.44962665
2006-07-07,13.3,85.72,13.394248000000001
2006-07-08,15.35,75.36,15.234808
2006-07-09,13.27,85.27,13.36964845
2006-07-10,14.16,81.78,14.1940714
2006-07-11,19.23,74.06,18.5551709
2006-07-12,18.6,82.98,18.216199
2006-07-13,17.15,84.94,16.930500499999997
2006-07-14,20.46,74.25,19.615915
2006-07-15,18.55,74.56,17.983324
2006-07-16,17.53,69.76,17.026050400000003
2006-07-17,19.05,56.84,17.969921
2006-07-18,19.89,64.17,18.82781965
2006-07-19,11.36,66.19,11.9438987
2006-07-20,11.9,65.01,12.400357
2006-07-21,12.7,67.96,13.017196
2006-07-22,16.14,64.82,15.8226764
2006-07-23,22.44,68.61,21.0691987
2006-07-24,21.9,70.65,20.705454999999997
2006-07-25,21.11,76.12,20.2418426
2006-07-26,22.88,62.75,21.163147499999997
2006-07-27,24.45,53.25,21.89160625
2006-07-28,23.94,59.7,21.847624
2006-07-29,23.73,59.52,21.6750328
2006-07-30,23.69,60.12,21.6742654
2006-07-31,24.74,56.88,22.311481599999997
2006-08-01,23.98,57.44,21.7609216
2006-08-02,23.95,56.89,21.70935775
2006-08-03,18.75,83.09,18.35472875
2006-08-04,22.87,54.32,20.7671212
2006-08-05,21.45,71.75,20.37014375
2006-08-06,17.28,77.32,16.9332228
2006-08-07,19.74,55.53,18.4583746
2006-08-08,20.87,79.8,20.162293000000002
2006-08-09,21.09,75.51,20.202359949999998
2006-08-10,14.94,89.35,14.914227
2006-08-11,12.71,79.82,12.9086721
2006-08-12,17.91,60.7,17.1729285
2006-08-13,17.1,76.74,16.767382
2006-08-14,13.48,95.42,13.505693800000001
2006-08-15,14.87,82.15,14.833675249999999
2006-08-16,13.99,96.22,14.0006029
2006-08-17,14.7,94.25,14.693674999999999
2006-08-18,16.68,74.64,16.3759336
2006-08-19,16.85,69.54,16.4563045
2006-08-20,15.31,80.37,15.22254835
2006-08-21,9.59,96.5,9.6845175
2006-08-22,5.72,96.11,5.9078481
2006-08-23,6.15,94.99,6.380084250000001
2006-08-24,9.47,82.5,9.954137500000002
2006-08-25,10.7,81.86,11.079126
2006-08-26,11.78,83.24,12.030729599999999
2006-08-27,12.29,83.5,12.4905575
2006-08-28,11.97,87.93,12.137954050000001
2006-08-29,10.03,95.28,10.146041199999999
2006-08-30,9.14,77.84,9.793276800000001
2006-08-31,7.28,82.93,7.957849700000001
2006-09-01,5.11,97.19,5.255122450000002
2006-09-02,5.66,92.11,6.043611800000001
2006-09-03,8.9,93.15,9.11098
2006-09-04,9.22,98.12,9.2745952
2006-09-05,9.57,95.81,9.68361185
2006-09-06,9.73,87.57,10.05610105
2006-09-07,10.47,87.68,10.7430728
2006-09-08,8.67,87.76,9.0624756
2006-09-09,3.53,92.46,3.9849259000000012
2006-09-10,0.4,58.04,3.6539980000000005
2006-09-11,-0.02,71.25,2.2759750000000007
2006-09-12,1.5,85.32,2.549620000000001
2006-09-13,7.34,95.95,7.4994890000000005
2006-09-14,10.32,98.94,10.344369400000001
2006-09-15,9.93,93.46,10.0943829
2006-09-16,11.26,93.78,11.3708404
2006-09-17,9.47,97.1,9.550228500000001
2006-09-18,7.19,88.09,7.668841550000001
2006-09-19,5.89,86.65,6.52218925
2006-09-20,6.56,88.2,7.075306
2006-09-21,7.3,85.75,7.8643
2006-09-22,3.48,92.5,3.9345750000000015
2006-09-23,6.3,89.28,6.783472000000001
2006-09-24,7.65,88.27,8.091927750000002
2006-09-25,6.97,96.24,7.1257204000000005
2006-09-26,4.23,97.95,4.345794250000001
2006-09-27,5.33,92.34,5.7163321
2006-09-28,2.09,84.44,3.152047800000001
2006-09-29,0.95,75.3,2.790767500000001
2006-09-30,3.02,80.74,4.236076400000001
2006-10-01,0.91,82.46,2.2210273000000016
2006-10-02,1.92,82.97,3.098305700000001
2006-10-03,-2.05,84.11,-0.6036127499999988
2006-10-04,-2.44,81.05,-0.6744284999999988
2006-10-05,-1.38,81.53,0.23316980000000154
2006-10-06,-3.06,83.87,-1.5021645999999993
2006-10-07,-3.67,83.56,-2.027068599999999
2006-10-08,-4.42,91.88,-3.575032799999997
2006-10-09,-5.69,85.86,-4.1198236999999995
2006-10-10,-7.92,78.93,-5.321858299999999
2006-10-11,-5.53,86.93,-4.090143449999999
2006-10-12,-5.73,89.83,-4.598434949999999
2006-10-13,-4.14,89.67,-3.080968399999999
2006-10-14,-6.54,87.02,-5.037954399999998
2006-10-15,-7.49,93.31,-6.680877949999999
2006-10-16,-8.04,92.33,-7.089150099999999
2006-10-17,-7.6,96.48,-7.1721439999999985
2006-10-18,-7.71,92.9,-6.842699499999999
2006-10-19,-10.81,92.02,-9.699144099999998
2006-10-20,-12.5,89.03,-10.870954999999999
2006-10-21,-14.84,94.23,-13.908895099999999
2006-10-22,-13.2,93.76,-12.249336
2006-10-23,-8.53,97,-8.150004999999998
2006-10-24,-9.99,91.66,-8.866643699999997
2006-10-25,-10.57,92.64,-9.5551664
2006-10-26,-8.79,97.02,-8.408276899999997
2006-10-27,-14.11,89.93,-12.52543515
2006-10-28,-17.93,80.68,-14.483988199999999
2006-10-29,-16.25,94.8,-15.370549999999998
2006-10-30,-16.55,90.83,-14.98399325
2006-10-31,-22.04,87.86,-19.600224199999996
2006-11-01,-19.17,95.39,-18.31629715
2006-11-02,-21.4,90.99,-19.620975499999993
2006-11-03,-22.99,95,-21.959024999999997
2006-11-04,-21.69,92.34,-20.165315300000003
2006-11-05,-19.18,92.2,-17.735128
2006-11-06,-19.78,97.85,-19.374639
2006-11-07,-20.05,99.12,-19.882778
2006-11-08,-15.2,99.59,-15.1330265
2006-11-09,-14.89,99.96,-14.883534199999998
2006-11-10,-17.36,99.77,-17.319697099999996
2006-11-11,-26,99.81,-25.957677499999996
2006-11-12,-27.25,92.47,-25.520923749999994
2006-11-13,-27.68,99.62,-27.5918438
2006-11-14,-20.44,98.53,-20.157510099999996
2006-11-15,-21.48,98.07,-21.098072299999995
2006-11-16,-21.32,98.07,-20.939770699999993
2006-11-17,-22.3,98.82,-22.061168
2006-11-18,-25.12,98.8,-24.858508
2006-11-19,-24.57,98.48,-24.243374799999998
2006-11-20,-27.22,98.76,-26.935469599999998
2006-11-21,-29.36,98.9,-29.094647
2006-11-22,-31.53,99.21,-31.329999649999994
2006-11-23,-32.03,98.51,-31.64868665
2006-11-24,-37.89,99.11,-37.63355094999999
2006-11-25,-37.32,99.05,-37.049240499999996
2006-11-26,-34.81,98.36,-34.3652238
2006-11-27,-34.64,97.96,-34.08864919999999
2006-11-28,-35.24,96.91,-34.3946687
2006-11-29,-35.68,97.87,-35.0921413
2006-11-30,-34.51,98.2,-34.024801
2006-12-01,-32.5,99.23,-32.300954999999995
2006-12-02,-31.39,99.84,-31.349616799999996
2006-12-03,-34.01,99.4,-33.84991699999999
2006-12-04,-34.72,98.41,-34.289571099999996
2006-12-05,-37.26,98.67,-36.88137559999999
2006-12-06,-37.97,97.05,-37.11867425
2006-12-07,-33.6,98.41,-33.179365499999996
2006-12-08,-32.51,98.68,-32.168707399999995
2006-12-09,-32.25,98.8,-31.941449999999996
2006-12-10,-39.38,98.81,-39.027355400000005
2006-12-11,-31.24,98.66,-30.902896199999994
2006-12-12,-34.06,97.39,-33.362921199999995
2006-12-13,-39.82,98.49,-39.368872399999994
2006-12-14,-41.12,96.34,-40.00036939999999
2006-12-15,-37.69,97.88,-37.08146459999999
2006-12-16,-43.12,96.16,-41.90306559999999
2006-12-17,-42.11,97.12,-41.2132976
2006-12-18,-44,95.82,-42.655085
2006-12-19,-35.6,98.86,-35.285872999999995
2006-12-20,-27.42,99.41,-27.2839696
2006-12-21,-17.54,99.97,-17.534713399999998
2006-12-22,-22.42,99.51,-22.320500600000003
2006-12-23,-27.68,99.18,-27.4897682
2006-12-24,-32.17,99.09,-31.936416649999998
2006-12-25,-34.78,97.91,-34.21352639999999
2006-12-26,-32.84,97.84,-32.2776008
2006-12-27,-29.98,98.24,-29.549433599999993
2006-12-28,-32.59,99.04,-32.3413648
2006-12-29,-37.98,97.61,-37.290150399999995
2006-12-30,-44.52,97.85,-43.8220885
2006-12-31,-38.59,99.98,-38.5841601
2007-01-01,-35.66,100,-35.65999999999999
2007-01-02,-32.33,99.51,-32.203793149999996
2007-01-03,-20.02,97.06,-19.461811599999997
2007-01-04,-18.96,97.17,-18.4391951
2007-01-05,-23.61,98.75,-23.347993749999997
2007-01-06,-36.94,98.09,-36.399622799999996
2007-01-07,-46.66,98.23,-46.06460739999999
2007-01-08,-39.66,99.64,-39.552763199999994
2007-01-09,-36.93,98.95,-36.632991749999995
2007-01-10,-36.83,99.62,-36.7227203
2007-01-11,-34.48,100,-34.47999999999999
2007-01-12,-31.75,99.48,-31.617724999999997
2007-01-13,-40.64,98.56,-40.203291199999995
2007-01-14,-38,98.94,-37.69392499999999
2007-01-15,-36.92,98.37,-36.4590197
2007-01-16,-42.44,98.45,-41.9545865
2007-01-17,-39,98.63,-38.5968775
2007-01-18,-36.26,99.51,-36.1232018
2007-01-19,-31.32,99.46,-31.183914599999994
2007-01-20,-29.15,98.1,-28.693857499999996
2007-01-21,-24.43,99.74,-24.374330099999995
2007-01-22,-21.47,99.86,-21.442303099999997
2007-01-23,-21.89,98.7,-21.629811499999995
2007-01-24,-22.93,99.14,-22.752956099999995
2007-01-25,-23.81,99.12,-23.624579599999997
2007-01-26,-25.14,98.83,-24.884916599999997
2007-01-27,-24.64,99.67,-24.568960899999997
2007-01-28,-27.27,99.13,-27.070130549999995
2007-01-29,-25.45,97.48,-24.896292999999996
2007-01-30,-35.44,96.81,-34.5638027
2007-01-31,-34.69,98.37,-34.24901165
2007-02-01,-27.24,99.95,-27.228521499999996
2007-02-02,-30.8,98.23,-30.359004499999998
2007-02-03,-37.95,96.29,-36.87975775
2007-02-04,-40.54,97.09,-39.659084799999995
2007-02-05,-34.86,98.36,-34.4147728
2007-02-06,-34,99.72,-33.925309999999996
2007-02-07,-41.66,99.02,-41.35729759999999
2007-02-08,-39.73,99.16,-39.479457399999994
2007-02-09,-33.38,96.83,-32.5452122
2007-02-10,-37.64,98.34,-37.163961799999996
2007-02-11,-36.44,97.12,-35.63311039999999
2007-02-12,-35.86,98.42,-35.4223716
2007-02-13,-39.2,97.93,-38.5886255
2007-02-14,-38.52,98.64,-38.1234104
2007-02-15,-39.58,98.83,-39.23199519999999
2007-02-16,-36.97,98.71,-36.60482035
2007-02-17,-40.26,98.13,-39.69679339999999
2007-02-18,-43.71,96.62,-42.6278761
2007-02-19,-41.28,99.19,-41.031500099999995
2007-02-20,-41.55,99.78,-41.482179499999994
2007-02-21,-41.63,98.03,-41.02183145
2007-02-22,-39.33,97.28,-38.52470319999999
2007-02-23,-38.67,98.08,-38.1085248
2007-02-24,-41.28,98.28,-40.7523212
2007-02-25,-36.03,98.57,-35.63258155
2007-02-26,-31.55,96.48,-30.658472
2007-02-27,-25.02,98.42,-24.676571199999998
2007-02-28,-20.01,97.31,-19.499424549999997
2007-03-01,-30.67,98.18,-30.2178483
2007-03-02,-32.52,98.89,-32.232942900000005
2007-03-03,-27.76,99.37,-27.6135691
2007-03-04,-28.13,97.31,-27.499289149999996
2007-03-05,-26.87,98.48,-26.5241468
2007-03-06,-23.36,98.5,-23.047654999999995
2007-03-07,-22.89,97.78,-22.4334681
2007-03-08,-19.18,98.47,-18.896582799999997
2007-03-09,-21.79,95.98,-20.987628099999995
2007-03-10,-20.15,96.5,-19.482987499999997
2007-03-11,-23.3,97.27,-22.732432999999997
2007-03-12,-22.68,93.09,-21.2669741
2007-03-13,-19.78,96.71,-19.159703399999998
2007-03-14,-22.22,97.55,-21.725197999999995
2007-03-15,-23.28,97.61,-22.7833819
2007-03-16,-23.48,97.95,-23.051775499999998
2007-03-17,-24.02,98.18,-23.6344148
2007-03-18,-19.87,98.61,-19.607241349999995
2007-03-19,-15.9,98.84,-15.706048
2007-03-20,-11.73,98.59,-11.526586349999999
2007-03-21,-11.66,98.7,-11.472955999999998
2007-03-22,-8.95,98.28,-8.728162999999999
2007-03-23,-13.34,97.65,-12.980167999999997
2007-03-24,-15.92,96.83,-15.389627299999997
2007-03-25,-14.45,98.69,-14.241415249999996
2007-03-26,-14.39,98.12,-14.091277400000001
2007-03-27,-13.67,97.97,-13.355481949999998
2007-03-28,-15.46,96.84,-14.939295199999998
2007-03-29,-13.71,97.12,-13.263153599999999
2007-03-30,-10.83,95.88,-10.256022199999997
2007-03-31,-12.7,98.25,-12.438199999999997
2007-04-01,-8.64,97.88,-8.370187599999998
2007-04-02,-9.07,98.36,-8.8573986
2007-04-03,-7.85,97.33,-7.521790249999999
2007-04-04,-7.67,97.79,-7.400523649999999
2007-04-05,-3.71,97.2,-3.4295659999999986
2007-04-06,-4.01,97.76,-3.7819567999999997
2007-04-07,-4.76,97,-4.442209999999998
2007-04-08,-4.13,98.38,-3.9640066999999983
2007-04-09,-2.2,95.38,-1.7756529999999975
2007-04-10,-4.37,98.34,-4.197716899999999
2007-04-11,-3.73,97.4,-3.4693109999999985
2007-04-12,-1.68,92.03,-0.9707496999999988
2007-04-13,-3.74,98.88,-3.627641599999999
2007-04-14,-2.62,98.8,-2.507007999999999
2007-04-15,-3.76,97.69,-3.5280066999999984
2007-04-16,-1.57,92.25,-0.8850162499999996
2007-04-17,1.19,78.66,2.7521947000000013
2007-04-18,3.49,78.47,4.793749150000001
2007-04-19,2.71,84.2,3.734551
2007-04-20,1.78,73.03,3.6668212000000007
2007-04-21,-3.48,66.76,-0.19289639999999908
2007-04-22,-3.06,88.31,-1.9309797999999994
2007-04-23,-4,87.48,-2.7260899999999992
2007-04-24,-6.73,85.73,-5.06376345
2007-04-25,-7.45,87.35,-5.922828749999998
2007-04-26,-6.04,79.17,-3.6868348999999982
2007-04-27,-2,87.05,-0.8247874999999985
2007-04-28,-1.2,89.65,-0.3062774999999991
2007-04-29,-3.01,82.64,-1.338145199999999
2007-04-30,-1.01,76.75,0.9733412500000012
2007-05-01,1.24,75.33,3.0391831000000007
2007-05-02,2.83,80.58,4.076472700000001
2007-05-03,1.69,72.68,3.6148306000000003
2007-05-04,1.63,64.01,4.17755215
2007-05-05,2.84,73.43,4.5439340999999995
2007-05-06,4.06,81.46,5.124566800000001
2007-05-07,3.07,71.76,4.8453076
2007-05-08,2.12,74.71,3.841996100000001
2007-05-09,3.12,66.65,5.2073765000000005
2007-05-10,5.53,62.88,7.361315200000001
2007-05-11,6.82,68.76,8.1395776
2007-05-12,6.97,74.5,8.0260825
2007-05-13,8.8,77.74,9.497851
2007-05-14,9.56,75.52,10.225121600000001
2007-05-15,10.47,64.11,11.265501850000001
2007-05-16,6.25,65.72,7.805455
2007-05-17,7.67,66.7,8.9209145
2007-05-18,11.82,81.62,12.0909212
2007-05-19,8.29,81.41,8.92494145
2007-05-20,6.2,82.84,6.983354000000001
2007-05-21,5.86,74.04,7.093619200000001
2007-05-22,6.93,74.88,7.9758712
2007-05-23,8.89,85.38,9.3411001
2007-05-24,9.59,91.53,9.818732350000001
2007-05-25,14.85,82.03,14.81540775
2007-05-26,14.36,81.09,14.3745607
2007-05-27,14.01,72.37,14.08446285
2007-05-28,15.06,70.09,14.9678772
2007-05-29,16.61,82.08,16.4020384
2007-05-30,11.69,82.04,11.9675718
2007-05-31,11.13,77.25,11.55167125
2007-06-01,7.97,74.71,8.87829035
2007-06-02,9.42,76.68,10.0715608
2007-06-03,9.95,82.44,10.389439
2007-06-04,10.8,86.02,11.084493
2007-06-05,12.37,74.38,12.6701383
2007-06-06,15.3,84.78,15.233032000000001
2007-06-07,12.32,86.32,12.484023200000001
2007-06-08,11.38,73.97,11.826674800000001
2007-06-09,12.31,75.83,12.60112765
2007-06-10,10.52,66.77,11.2474047
2007-06-11,9.59,68.39,10.443628050000001
2007-06-12,10.47,70.26,11.129187100000001
2007-06-13,12.33,63.42,12.7665823
2007-06-14,13,71.57,13.2345475
2007-06-15,17.21,55.45,16.54598225
2007-06-16,17.07,69.99,16.64580865
2007-06-17,18.43,75.86,17.9082139
2007-06-18,17.21,78.92,16.8958026
2007-06-19,15.02,69.21,14.931940599999999
2007-06-20,15.87,75.29,15.68381015
2007-06-21,18.96,72.49,18.2851797
2007-06-22,20.56,67.59,19.4797747
2007-06-23,19.06,82.23,18.614328399999998
2007-06-24,14.46,87.1,14.462838000000001
2007-06-25,15.94,75.44,15.7454848
2007-06-26,16.27,91.12,16.1835532
2007-06-27,20.89,79.52,20.1702304
2007-06-28,22.23,79.71,21.367370649999998
2007-06-29,24.96,65.7,22.986721
2007-06-30,23.96,77.4,22.784122
2007-07-01,19.67,75.27,18.96680245
2007-07-02,14.86,68.49,14.7976102
2007-07-03,10.55,65.32,11.303423
2007-07-04,12.09,70.28,12.4839386
2007-07-05,13.26,68.82,13.4726476
2007-07-06,17.67,71.19,17.16769765
2007-07-07,18.63,69.99,17.94832285
2007-07-08,18.97,89.27,18.706202949999998
2007-07-09,16.44,85.48,16.285071600000002
2007-07-10,18.04,82.76,17.704337199999998
2007-07-11,13.08,78.27,13.2497113
2007-07-12,16.22,72.02,15.955309199999999
2007-07-13,11.44,80.63,11.7659971
2007-07-14,11.19,79.81,11.55755895
2007-07-15,15.13,73.72,15.038939800000001
2007-07-16,15.29,77.75,15.19332375
2007-07-17,9.97,95.3,10.0871005
2007-07-18,12.84,92.02,12.9128574
2007-07-19,10.89,89.62,11.0960949
2007-07-20,12.82,83.81,12.9695956
2007-07-21,11.53,94.41,11.62131265
2007-07-22,14.57,88.68,14.5656418
2007-07-23,17.12,81.4,16.851974000000002
2007-07-24,17.3,82.09,17.024186
2007-07-25,18.6,77.32,18.088566
2007-07-26,19.63,73.15,18.872427249999998
2007-07-27,20.16,79.11,19.5096943
2007-07-28,20.74,78.15,19.990108
2007-07-29,16.53,85.12,16.3638648
2007-07-30,12.97,89.54,13.0580209
2007-07-31,19.64,82.32,19.1401864
2007-08-01,18.65,80.48,18.204455999999997
2007-08-02,22.83,75.63,21.713488449999996
2007-08-03,19,72.6,18.321849999999998
2007-08-04,14.8,76.38,14.761027
2007-08-05,15.88,71.36,15.6626224
2007-08-06,19.13,69.32,18.348733799999998
2007-08-07,20.13,84.96,19.664286399999998
2007-08-08,22.15,81.7,21.380027499999997
2007-08-09,19.56,82.04,19.060173199999998
2007-08-10,16.39,83.71,16.220665450000002
2007-08-11,16.75,79.37,16.49470375
2007-08-12,18.53,54.65,17.52481725
2007-08-13,19.65,61.55,18.560903749999998
2007-08-14,20.84,75.4,19.982198
2007-08-15,20.02,71.19,19.1453284
2007-08-16,19.64,69.58,18.7800266
2007-08-17,18.59,58.97,17.66703015
2007-08-18,18.13,74.04,17.6117086
2007-08-19,14.32,66.96,14.3527096
2007-08-20,13.54,79.49,13.6482928
2007-08-21,14.58,84.1,14.573004
2007-08-22,15.29,70.06,15.1599107
2007-08-23,10.74,86.8,11.012976
2007-08-24,10.55,66.16,11.285174000000001
2007-08-25,13.38,54.66,13.6592944
2007-08-26,13.35,68.22,13.5510085
2007-08-27,8.78,80.73,9.3862342
2007-08-28,8.72,89.07,9.0674647
2007-08-29,8.5,81.68,9.10456
2007-08-30,12.06,78.68,12.346114400000001
2007-08-31,9.41,96.81,9.499304050000001
2007-09-01,9.19,97.27,9.26972965
2007-09-02,11.77,83,12.025255
2007-09-03,14.15,80.14,14.1882305
2007-09-04,7.65,68.8,8.825460000000001
2007-09-05,4.23,64.43,6.239171450000001
2007-09-06,9.99,69.61,10.74382395
2007-09-07,7.68,69.17,8.8364333
2007-09-08,7.56,62.92,8.9753436
2007-09-09,6.71,73.74,7.835109700000001
2007-09-10,8.58,90.24,8.8977856
2007-09-11,11.79,81.98,12.0585881
2007-09-12,7.33,80.78,8.0879407
2007-09-13,5.05,76.57,6.26777425
2007-09-14,4.56,79.09,5.7031497
2007-09-15,4.67,75.84,5.9762104
2007-09-16,7.41,73.15,8.45701575
2007-09-17,7.51,86.47,8.03016085
2007-09-18,6.44,94.54,6.6820418
2007-09-19,3.17,80.3,4.397605500000001
2007-09-20,2.75,87.2,3.577200000000001
2007-09-21,2.29,91.26,2.8769347000000005
2007-09-22,1.95,88.73,2.727911750000001
2007-09-23,4.62,91.01,5.108516600000001
2007-09-24,5.27,85.02,6.030459700000001
2007-09-25,3.41,83.2,4.434716000000001
2007-09-26,3.04,83.81,4.0604557
2007-09-27,4.92,74.39,6.2693909
2007-09-28,4.6,82.57,5.549063500000001
2007-09-29,3.98,89.64,4.579429600000001
2007-09-30,1.4,95.95,1.6918025000000005
2007-10-01,-1.07,89.86,-0.20166109999999848
2007-10-02,-0.1,79.88,1.5156360000000013
2007-10-03,-0.99,89.55,-0.09971224999999828
2007-10-04,-2.56,88.63,-1.4931528999999981
2007-10-05,-1.15,84.33,0.1987952500000012
2007-10-06,-1.58,91.06,-0.7893463999999994
2007-10-07,0.23,95.93,0.5494339499999998
2007-10-08,-2.71,95.29,-2.264174949999999
2007-10-09,-5.79,88.77,-4.536788149999999
2007-10-10,-6.21,87.08,-4.7383473999999985
2007-10-11,-8.36,87.52,-6.790889599999997
2007-10-12,-11.65,87.27,-9.819107749999997
2007-10-13,-10.87,89.06,-9.343487099999997
2007-10-14,-4.1,93.88,-3.473923999999997
2007-10-15,-1.54,96.27,-1.2109393999999991
2007-10-16,-1.9,96.43,-1.5779859999999988
2007-10-17,-4.11,88.29,-2.9114229499999995
2007-10-18,-7.14,89.73,-5.917664599999998
2007-10-19,-9.56,91.25,-8.402112499999998
2007-10-20,-7.84,96.23,-7.376780099999999
2007-10-21,-6.68,94.46,-6.034645399999997
2007-10-22,-9.39,94.2,-8.627908999999999
2007-10-23,-9.41,96.77,-8.985238849999996
2007-10-24,-9.17,95.89,-8.634939649999998
2007-10-25,-12.56,90.34,-11.122302199999998
2007-10-26,-11.57,92.23,-10.455898549999999
2007-10-27,-7.47,98.44,-7.281497399999997
2007-10-28,-6.45,99.05,-6.340536249999997
2007-10-29,-5.55,98.36,-5.369148999999999
2007-10-30,-8.18,98.5,-7.992889999999997
2007-10-31,-12.16,96.23,-11.6072049
2007-11-01,-14.26,98.05,-13.951548999999996
2007-11-02,-17.37,95.13,-16.516362049999998
2007-11-03,-22.44,93.26,-21.0706342
2007-11-04,-23.34,95.12,-22.324374399999996
2007-11-05,-23.2,95.47,-22.260704499999996
2007-11-06,-22.33,95.22,-21.361739299999996
2007-11-07,-18.53,97.66,-18.1049039
2007-11-08,-13.84,97.85,-13.504879499999998
2007-11-09,-7.18,98.61,-7.014256399999997
2007-11-10,-14.99,97.5,-14.584512499999999
2007-11-11,-29.5,99.45,-29.366899999999998
2007-11-12,-29.61,98.51,-29.248518549999996
2007-11-13,-29.89,99.54,-29.7776933
2007-11-14,-27.4,99.74,-27.340082999999993
2007-11-15,-25.85,99.49,-25.73681825
2007-11-16,-30.09,98.22,-29.653463899999995
2007-11-17,-30.97,98.53,-30.602375049999992
2007-11-18,-34.88,98.98,-34.6029782
2007-11-19,-31.71,97.94,-31.1864407
2007-11-20,-30.58,98.46,-30.198172399999994
2007-11-21,-35.26,97.68,-34.6250624
2007-11-22,-35.59,98.43,-35.15747285
2007-11-23,-34.33,97.73,-33.720357449999995
2007-11-24,-30.33,98.88,-30.053847199999996
2007-11-25,-26.34,98.08,-25.908729599999994
2007-11-26,-28.68,99.15,-28.478133499999995
2007-11-27,-31.8,99.41,-31.6497565
2007-11-28,-28.68,98.29,-28.2738921
2007-11-29,-34.31,98.51,-33.910002049999996
2007-11-30,-33.74,97.59,-33.1005788
2007-12-01,-31.1,97.69,-30.520652
2007-12-02,-28.95,98.15,-28.507896249999998
2007-12-03,-32.11,98.46,-31.715213299999995
2007-12-04,-33.01,96.95,-32.213019749999994
2007-12-05,-24.69,98.27,-24.31710715
2007-12-06,-20.86,97.85,-20.441867999999996
2007-12-07,-23.32,96.82,-22.658528199999996
2007-12-08,-23.18,98.7,-22.910587999999997
2007-12-09,-25.31,99.97,-25.303431349999997
2007-12-10,-30.14,99.18,-29.9386736
2007-12-11,-31.15,99.07,-30.916500249999995
2007-12-12,-29.49,98.66,-29.165793699999995
2007-12-13,-29.15,97.58,-28.569018499999995
2007-12-14,-39.18,98.8,-38.825711999999996
2007-12-15,-30.92,99.45,-30.782604499999998
2007-12-16,-28.87,98.05,-28.404856749999997
2007-12-17,-39.23,99.78,-39.16498669999999
2007-12-18,-39.31,99.08,-39.037721399999995
2007-12-19,-38.27,98.94,-37.9623509
2007-12-20,-40.41,96.66,-39.40130329999999
2007-12-21,-38.73,94.9,-37.236898499999995
2007-12-22,-39.69,92.64,-37.49638879999999
2007-12-23,-36.22,98.52,-35.807139199999995
2007-12-24,-36.82,97.88,-36.22160879999999
2007-12-25,-32.55,97.07,-31.791789249999994
2007-12-26,-31.53,98.87,-31.243923549999998
2007-12-27,-29.96,98.42,-29.573642599999996
2007-12-28,-34.42,98.35,-33.976051
2007-12-29,-37.26,98.42,-36.810205599999996
2007-12-30,-37.32,96.33,-36.27401329999999
2007-12-31,-30.87,99.65,-30.782662749999997
2008-01-01,-27.06,99.93,-27.043999399999997
2008-01-02,-28.36,99.36,-28.209132799999995
2008-01-03,-30.27,98.58,-29.920346299999995
2008-01-04,-37.79,98.34,-37.31259229999999
2008-01-05,-38.52,99.02,-38.2342222
2008-01-06,-41.75,96.56,-40.68575
2008-01-07,-44.63,98.89,-44.26901135
2008-01-08,-47.31,98.67,-46.85785985
2008-01-09,-49.84,94.6,-47.929102
2008-01-10,-47.81,94.5,-45.92512249999999
2008-01-11,-41.39,96.53,-40.32333935
2008-01-12,-38.35,97.61,-37.655286749999995
2008-01-13,-34.82,97.53,-34.1499878
2008-01-14,-36.19,97.06,-35.370342699999995
2008-01-15,-37.21,97.8,-36.584309
2008-01-16,-34.53,96.84,-33.6778586
2008-01-17,-38.81,98.22,-38.2880951
2008-01-18,-43.99,95.66,-42.5938437
2008-01-19,-33.36,98.61,-32.994110299999996
2008-01-20,-28.5,98.92,-28.24458
2008-01-21,-25.26,98.4,-24.910112
2008-01-22,-23.12,98.49,-22.807565899999997
2008-01-23,-35.24,99.95,-35.2263215
2008-01-24,-38.75,99.91,-38.72364124999999
2008-01-25,-33.16,99.51,-33.0315563
2008-01-26,-31.39,99.23,-31.195655849999994
2008-01-27,-31.38,98.96,-31.117566399999998
2008-01-28,-41.41,96.2,-40.24148099999999
2008-01-29,-43.61,97.58,-42.83655589999999
2008-01-30,-34.49,99.41,-34.33102745
2008-01-31,-35.52,98.96,-35.2338856
2008-02-01,-29.76,99.15,-29.553084499999997
2008-02-02,-29.27,99.66,-29.188150099999994
2008-02-03,-32.28,99.39,-32.12305309999999
2008-02-04,-26.11,100,-26.109999999999996
2008-02-05,-24.25,100,-24.249999999999996
2008-02-06,-19.27,99.74,-19.221708899999996
2008-02-07,-23.91,97.63,-23.409325649999996
2008-02-08,-32.03,98.11,-31.54632065
2008-02-09,-41.98,97.79,-41.2934856
2008-02-10,-43,100,-42.99999999999999
2008-02-11,-40.3,97.84,-39.648976
2008-02-12,-32.8,98.47,-32.4019705
2008-02-13,-32.77,98.66,-32.4216201
2008-02-14,-30,99.18,-29.799305
2008-02-15,-27.56,99.36,-27.411948799999994
2008-02-16,-14.48,98.09,-14.175565099999998
2008-02-17,-16.67,98.4,-16.395704000000002
2008-02-18,-25.79,96.12,-24.930211399999997
2008-02-19,-33.04,98.14,-32.5536658
2008-02-20,-36.41,98.97,-36.121594849999994
2008-02-21,-34.04,98.68,-33.6875996
2008-02-22,-28.92,98.1,-28.466261
2008-02-23,-26.44,97.63,-25.906347099999994
2008-02-24,-25.73,98.65,-25.43129225
2008-02-25,-25.54,97.97,-25.092953399999995
2008-02-26,-31.62,99.09,-31.3891694
2008-02-27,-29.96,99,-29.71547
2008-02-28,-28.85,98.61,-28.518589249999994
2008-02-29,-25.92,97.91,-25.455372099999995
2008-03-01,-21.32,99.54,-21.2293754
2008-03-02,-18.23,99.72,-18.179595799999998
2008-03-03,-14.58,99.42,-14.4872348
2008-03-04,-13.54,99.47,-13.458263399999996
2008-03-05,-9.58,98.36,-9.362798399999999
2008-03-06,-8.43,98.49,-8.239566349999997
2008-03-07,-20.23,97.35,-19.723810249999996
2008-03-08,-21.23,99.27,-21.086544049999997
2008-03-09,-20.26,97.85,-19.848962999999998
2008-03-10,-18.44,96.72,-17.845762399999998
2008-03-11,-13.99,99.38,-13.892849099999996
2008-03-12,-16.71,96.77,-16.155554349999996
2008-03-13,-23.68,97.45,-23.144525499999997
2008-03-14,-22.11,98.58,-21.824075899999997
2008-03-15,-13.55,97.8,-13.210594999999998
2008-03-16,-11.24,98.15,-10.978095499999998
2008-03-17,-6.1,97.09,-5.7702969999999985
2008-03-18,-10.39,97.57,-10.057345149999998
2008-03-19,-18.18,94.97,-17.2759078
2008-03-20,-16.24,96.5,-15.648254999999995
2008-03-21,-12.33,97.94,-12.026016099999998
2008-03-22,-16.11,98.22,-15.810328099999998
2008-03-23,-16.33,98.89,-16.14178285
2008-03-24,-13.04,98.98,-12.885500599999999
2008-03-25,-8.58,98.59,-8.401014599999998
2008-03-26,-7.16,98.61,-6.994409299999997
2008-03-27,-5.84,97.11,-5.516695699999998
2008-03-28,-7.65,96.72,-7.250413999999999
2008-03-29,-9.18,97.53,-8.858307199999999
2008-03-30,-3.61,96.85,-3.2962442499999973
2008-03-31,-4.62,96.5,-4.2519399999999985
2008-04-01,-4.23,96.19,-3.8375128499999995
2008-04-02,-6.77,96.49,-6.359382649999997
2008-04-03,-4.08,97.53,-3.8275906999999987
2008-04-04,-2.63,97.45,-2.389751749999999
2008-04-05,-11.8,95.68,-11.175112
2008-04-06,-13.32,95.01,-12.556480099999998
2008-04-07,-9.32,96.38,-8.845743799999997
2008-04-08,-15.52,95.97,-14.854606699999996
2008-04-09,-13.97,96.08,-13.356186799999996
2008-04-10,-9.61,98.31,-9.385897549999997
2008-04-11,-8.85,97.03,-8.468577749999998
2008-04-12,-4.59,98.09,-4.389459549999998
2008-04-13,-10.68,97.42,-10.322695799999998
2008-04-14,-16.62,94.52,-15.682043199999999
2008-04-15,-12.95,97.2,-12.527269999999998
2008-04-16,-10.18,96.42,-9.694050799999998
2008-04-17,-9.09,97.84,-8.8097508
2008-04-18,-9.8,98.08,-9.543391999999997
2008-04-19,-5.09,97.13,-4.780771849999999
2008-04-20,-5.32,98.21,-5.124872099999998
2008-04-21,-9.56,97.68,-9.2529944
2008-04-22,-8.92,97.87,-8.645634699999999
2008-04-23,-6.32,96.53,-5.9226503
2008-04-24,-4.83,98.4,-4.659896
2008-04-25,-5.4,98.39,-5.223785499999999
2008-04-26,-7.49,98.02,-7.250528899999999
2008-04-27,-4.69,96.06,-4.274152699999999
2008-04-28,-1.53,97.4,-1.3007709999999986
2008-04-29,-1.08,98.9,-0.9857410000000001
2008-04-30,-2.45,96.15,-2.0910837499999992
2008-05-01,-0.54,97.9,-0.36628799999999917
2008-05-02,-1.9,94.37,-1.3921739999999996
2008-05-03,-1.04,90.82,-0.25538539999999865
2008-05-04,0.75,82.41,2.080243750000001
2008-05-05,1.8,84.93,2.8526395000000004
2008-05-06,1.11,85.61,2.169751550000001
2008-05-07,1.5,89.62,2.2421700000000007
2008-05-08,6.53,70.46,7.824885900000001
2008-05-09,7.56,73.72,8.5631076
2008-05-10,8,69.47,9.091447500000001
2008-05-11,9.24,64.29,10.2730903
2008-05-12,9.42,69.46,10.2732876
2008-05-13,10.75,67.69,11.416393750000001
2008-05-14,11.4,81.07,11.722756500000001
2008-05-15,5.93,87.03,6.54134095
2008-05-16,8.51,70.17,9.49274935
2008-05-17,7.43,74.32,8.4285668
2008-05-18,1.49,72.48,3.4591936000000008
2008-05-19,2.33,67.9,4.478613500000001
2008-05-20,3.99,62.21,6.174450950000001
2008-05-21,7.98,60.13,9.409738200000001
2008-05-22,11.49,65.4,12.062803
2008-05-23,12.43,66.11,12.81583765
2008-05-24,11.62,70.07,12.0940912
2008-05-25,12.59,70,12.90515
2008-05-26,13.69,66.41,13.83964345
2008-05-27,14.51,68.51,14.50826805
2008-05-28,15.19,73.93,15.09106435
2008-05-29,17.65,68.66,17.107034499999997
2008-05-30,18.11,69.3,17.5004515
2008-05-31,19.11,64.65,18.21370075
2008-06-01,17.94,68.76,17.3489392
2008-06-02,18.48,66.31,17.7425259
2008-06-03,20.57,66.37,19.44726245
2008-06-04,13.51,68.29,13.68266095
2008-06-05,10.68,67.65,11.3596735
2008-06-06,14.83,63.91,14.76449665
2008-06-07,12.72,73.41,12.980316100000001
2008-06-08,7.34,76.66,8.2591292
2008-06-09,9.11,57.2,10.378805999999999
2008-06-10,14.5,57.58,14.5
2008-06-11,12.73,72.65,12.996252250000001
2008-06-12,15.23,62,15.07743
2008-06-13,22.67,70.13,21.32779155
2008-06-14,20.12,62.44,18.9590204
2008-06-15,16.56,68.17,16.1993661
2008-06-16,18.44,74.31,17.8832977
2008-06-17,14.33,78.51,14.35009315
2008-06-18,17.61,65.35,17.017311749999998
2008-06-19,19.84,69.5,18.944215
2008-06-20,22.31,66.43,20.86800065
2008-06-21,25.43,60.87,23.077700049999997
2008-06-22,22.96,67.77,21.4603381
2008-06-23,24.02,69.9,22.443964
2008-06-24,24.27,61.7,22.2119495
2008-06-25,21.37,64.28,20.0203198
2008-06-26,23.53,57.67,21.42768055
2008-06-27,24.78,54.14,22.1870756
2008-06-28,28.05,48.17,24.18736925
2008-06-29,24.4,63.78,22.427820999999998
2008-06-30,24.33,57.58,22.036562699999998
2008-07-01,14.55,41.31,14.53386025
2008-07-02,16.46,66.71,16.1011338
2008-07-03,14.45,67.98,14.458805499999999
2008-07-04,13.54,61.36,13.744019199999999
2008-07-05,13.01,74.79,13.21659595
2008-07-06,18.16,56.84,17.2911892
2008-07-07,20.18,44.53,18.4471172
2008-07-08,22.36,48.27,20.1237121
2008-07-09,24.76,44.11,21.6061273
2008-07-10,25.78,44.82,22.3566328
2008-07-11,26.04,56.61,23.286036699999997
2008-07-12,18.99,70.95,18.27261025
2008-07-13,23.97,53.67,21.556901949999997
2008-07-14,26.57,53.58,23.4884083
2008-07-15,24.48,55.56,22.0406884
2008-07-16,26.67,51.01,23.39085435
2008-07-17,26.13,45.24,22.6272766
2008-07-18,25.3,56.66,22.725604
2008-07-19,26.67,50.84,23.3794754
2008-07-20,23.88,61.15,21.875728499999997
2008-07-21,22.27,69.19,20.95333465
2008-07-22,16.44,72.64,16.1480688
2008-07-23,20.07,49.07,18.50975945
2008-07-24,22.58,48.37,20.285562799999997
2008-07-25,23.35,58.63,21.336315250000002
2008-07-26,22.54,77.66,21.5521252
2008-07-27,23.93,72.58,22.5078617
2008-07-28,15.83,88.82,15.7482183
2008-07-29,9.95,91.28,10.168218
2008-07-30,9.74,76.48,10.3557536
2008-07-31,14.63,52.35,14.59593025
2008-08-01,14.28,53.08,14.3367732
2008-08-02,15.15,49.1,14.9680325
2008-08-03,18.77,65.57,17.96141145
2008-08-04,16.03,84.73,15.901502950000001
2008-08-05,16.45,82.86,16.2661735
2008-08-06,16.98,68.91,16.5559324
2008-08-07,18.62,57.96,17.6673736
2008-08-08,20.07,57.42,18.7655617
2008-08-09,17,87.75,16.8315625
2008-08-10,15.74,90.42,15.6746644
2008-08-11,14.01,87.57,14.04349885
2008-08-12,17.42,75.43,17.0254058
2008-08-13,17.42,84.66,17.1736396
2008-08-14,19.43,67.63,18.552287449999998
2008-08-15,19.9,59.97,18.711109
2008-08-16,19.54,66.53,18.6122116
2008-08-17,20.3,63.31,19.129589
2008-08-18,20.48,63.03,19.2640567
2008-08-19,21.02,63.25,19.702144999999998
2008-08-20,19.58,65.05,18.603496999999997
2008-08-21,20.08,72.09,19.2234421
2008-08-22,17.98,80.72,17.6109808
2008-08-23,20.63,65.5,19.4668325
2008-08-24,22.04,59.9,20.377053
2008-08-25,18.06,54.3,17.165194
2008-08-26,15.23,60.61,15.07184915
2008-08-27,15.1,81.73,15.039709
2008-08-28,13.29,72.28,13.4744766
2008-08-29,9.63,97.23,9.704194450000001
2008-08-30,12.14,79.59,12.4049218
2008-08-31,12.69,86.64,12.822998799999999
2008-09-01,12.15,94.29,12.22380175
2008-09-02,12.23,89.61,12.35971915
2008-09-03,11.34,94.08,11.442889599999999
2008-09-04,8.04,95.97,8.1831859
2008-09-05,9.21,87.6,9.570778
2008-09-06,9.56,96.15,9.664604500000001
2008-09-07,5.27,95.01,5.52331735
2008-09-08,2.23,93.62,2.6605543000000007
2008-09-09,2.7,69.22,4.697622000000001
2008-09-10,4.45,75.72,5.792077000000001
2008-09-11,7.03,75.88,8.0209702
2008-09-12,9.66,84.14,10.0821932
2008-09-13,6.21,89.11,6.706529550000001
2008-09-14,2.81,77.58,4.251493900000001
2008-09-15,1.64,74.77,3.4245179000000006
2008-09-16,0.88,77.16,2.5909444000000006
2008-09-17,1.88,76.39,3.5187701000000007
2008-09-18,1.82,77.58,3.383570800000001
2008-09-19,3.57,72.96,5.1955096
2008-09-20,2.95,83.25,4.014043750000001
2008-09-21,3.75,90.12,4.334155000000001
2008-09-22,-0.12,86.72,0.9478448000000014
2008-09-23,-0.62,75.2,1.442368000000001
2008-09-24,2.09,68.19,4.261191550000001
2008-09-25,2.08,74.68,3.8096092000000006
2008-09-26,2.4,76.77,3.9459565000000008
2008-09-27,0.64,76.92,2.3993884000000008
2008-09-28,0.75,82.33,2.086293750000001
2008-09-29,2.62,80.84,3.8719144000000005
2008-09-30,3.91,74.71,5.383016050000001
2008-10-01,2.46,78.3,3.8969740000000006
2008-10-02,3.62,78.98,4.877836800000001
2008-10-03,0.85,81.89,2.209608250000001
2008-10-04,-0.98,82.47,0.5125042000000013
2008-10-05,-0.1,80.88,1.435336000000001
2008-10-06,-0.21,86.33,0.8959713500000008
2008-10-07,-1.06,88.64,-0.08781119999999865
2008-10-08,-1.02,80.61,0.6351304000000015
2008-10-09,-1.51,90.63,-0.6849246499999981
2008-10-10,-1.01,94.95,-0.5792097499999984
2008-10-11,-4.16,85.13,-2.6338918999999983
2008-10-12,-6.44,80.81,-4.229887699999999
2008-10-13,-9.05,82.71,-6.810512749999998
2008-10-14,-5.29,85.38,-3.698686099999998
2008-10-15,-2.08,90.3,-1.195456999999999
2008-10-16,-2.4,81.11,-0.6441744999999988
2008-10-17,-3.42,88.82,-2.318099199999998
2008-10-18,-3.11,96.02,-2.7245170999999986
2008-10-19,-5.47,92.93,-4.693466549999998
2008-10-20,-5.52,93.55,-4.8097904999999965
2008-10-21,-7.96,90.87,-6.832171099999998
2008-10-22,-13.45,87.64,-11.549958999999998
2008-10-23,-11.69,93.42,-10.742183899999999
2008-10-24,-13.41,94.7,-12.5964235
2008-10-25,-12.14,94.91,-11.394213199999998
2008-10-26,-8.01,94.85,-7.372404249999996
2008-10-27,-9.52,95.22,-8.8885142
2008-10-28,-7.78,95.58,-7.238373199999999
2008-10-29,-6.61,95.93,-6.13745265
2008-10-30,-7.51,97.72,-7.233994599999997
2008-10-31,-6.39,97.66,-6.121145699999999
2008-11-01,-10.09,96.08,-9.559839599999997
2008-11-02,-15.93,90.36,-14.316601399999998
2008-11-03,-20.21,87.19,-17.764506949999998
2008-11-04,-19.22,83.96,-16.245221599999994
2008-11-05,-24.39,90.2,-22.293829
2008-11-06,-25.47,93.84,-24.1158164
2008-11-07,-23.79,96.39,-23.029752049999995
2008-11-08,-21.14,96.7,-20.493133999999998
2008-11-09,-12.36,98.57,-12.148746099999997
2008-11-10,-13.08,98.67,-12.878252299999998
2008-11-11,-16.04,98.06,-15.714138199999997
2008-11-12,-27.33,99,-27.099934999999995
2008-11-13,-31.48,97.07,-30.739032299999995
2008-11-14,-29.46,97.63,-28.886981399999996
2008-11-15,-34.04,97.58,-33.3939326
2008-11-16,-34.03,97.71,-33.41876464999999
2008-11-17,-32.1,97.83,-31.543828999999995
2008-11-18,-32.99,99.06,-32.74447669999999
2008-11-19,-33.95,99.59,-33.840745250000005
2008-11-20,-31.87,98.29,-31.43389015
2008-11-21,-33.83,98.65,-33.471149749999995
2008-11-22,-32.39,97.21,-31.670472949999994
2008-11-23,-31.33,95.92,-30.301574799999997
2008-11-24,-34.86,99.55,-34.73783399999999
2008-11-25,-31.73,98.06,-31.236725899999996
2008-11-26,-34.9,98.38,-34.45984599999999
2008-11-27,-35.3,98.58,-34.911061999999994
2008-11-28,-37.24,98.09,-36.6964713
2008-11-29,-42.27,97.28,-41.4207208
2008-11-30,-31.24,99.27,-31.056353899999994
2008-12-01,-29.02,96.67,-28.222931199999998
2008-12-02,-31.18,98.62,-30.833288799999995
2008-12-03,-43.41,98.39,-42.89720694999999
2008-12-04,-46.61,97.48,-45.76301539999999
2008-12-05,-48.07,95.36,-46.473213599999994
2008-12-06,-44.78,98.33,-44.23551319999999
2008-12-07,-46.42,97.74,-45.6627644
2008-12-08,-44.98,96.37,-43.7924818
2008-12-09,-47.43,95.58,-45.924481699999994
2008-12-10,-51.85,95.05,-50.04362125
2008-12-11,-46.01,98.25,-45.42759124999999
2008-12-12,-42.87,99.32,-42.65543619999999
2008-12-13,-50.6,93.36,-48.222547999999996
2008-12-14,-53.73,90.1,-50.01487649999999
2008-12-15,-51.51,90.61,-48.100913549999994
2008-12-16,-47.5,95.14,-45.84274
2008-12-17,-50.62,87.58,-46.17165279999999
2008-12-18,-52.52,89.56,-48.671711599999995
2008-12-19,-46.45,94.84,-44.720239
2008-12-20,-43.15,97.57,-42.379507749999995
2008-12-21,-47.42,96.1,-46.091815999999994
2008-12-22,-56.06,87.38,-51.1624304
2008-12-23,-46.84,95.51,-45.325208700000005
2008-12-24,-40.2,96.12,-39.032702
2008-12-25,-39.55,94.99,-38.06065224999999
2008-12-26,-39.78,97.81,-39.126197399999995
2008-12-27,-39.6,97.64,-38.89778199999999
2008-12-28,-29.27,99.24,-29.087041399999997
2008-12-29,-24.87,97.66,-24.363308099999998
2008-12-30,-26.86,99.15,-26.666641999999996
2008-12-31,-28.18,98.45,-27.816153
2009-01-01,-31.98,99.01,-31.7269164
2009-01-02,-27.38,100,-27.379999999999995
2009-01-03,-27.9,99.32,-27.741423999999995
2009-01-04,-35.93,99.07,-35.672050549999994
2009-01-05,-38.56,99.24,-38.3382092
2009-01-06,-38.45,98.23,-37.93453175
2009-01-07,-40.13,96.47,-39.06935855
2009-01-08,-39.14,96.69,-38.163483799999995
2009-01-09,-41.59,97.22,-40.732383899999995
2009-01-10,-36.14,98.87,-35.825272399999996
2009-01-11,-34.54,99.02,-34.27567439999999
2009-01-12,-38.21,99.09,-37.94618645
2009-01-13,-31.22,99.51,-31.0967846
2009-01-14,-35.58,98.78,-35.243963199999996
2009-01-15,-33.51,97.95,-32.968687249999995
2009-01-16,-30.44,98.17,-29.987678899999995
2009-01-17,-29.34,99.06,-29.113347199999996
2009-01-18,-32.28,99.57,-32.169365299999996
2009-01-19,-31.51,98.12,-31.0342566
2009-01-20,-33.82,98.03,-33.2964528
2009-01-21,-35.5,96.68,-34.586999999999996
2009-01-22,-35.44,95.68,-34.2534256
2009-01-23,-41.12,98.56,-40.6794896
2009-01-24,-33.07,97.6,-32.44207599999999
2009-01-25,-27.22,98.14,-26.793204399999997
2009-01-26,-36.09,99.29,-35.892446050000004
2009-01-27,-36.98,95.92,-35.82478879999999
2009-01-28,-31.81,97.7,-31.224178499999997
2009-01-29,-36.24,98.48,-35.8158136
2009-01-30,-42.66,98.6,-42.21986799999999
2009-01-31,-43.12,99.05,-42.81893549999999
2009-02-01,-42.25,99.01,-41.94099625
2009-02-02,-41.22,99.06,-40.931927599999995
2009-02-03,-39.78,97.3,-38.973941999999994
2009-02-04,-43.45,96.09,-42.203785249999996
2009-02-05,-45.89,96.85,-44.84374324999999
2009-02-06,-46.51,97,-45.50333499999999
2009-02-07,-44.07,95.11,-42.494759849999994
2009-02-08,-43.74,99.22,-43.4901504
2009-02-09,-43.09,97.58,-42.3234771
2009-02-10,-42.22,93.61,-40.2265756
2009-02-11,-34.48,94.71,-33.05492689999999
2009-02-12,-33.51,95.76,-32.3904068
2009-02-13,-34.11,98.03,-33.583310649999994
2009-02-14,-36.41,97.44,-35.69318719999999
2009-02-15,-39.26,96.56,-38.242860799999995
2009-02-16,-42.42,98.17,-41.84710019999999
2009-02-17,-36.1,97.3,-35.348589999999994
2009-02-18,-40.35,96.09,-39.17045074999999
2009-02-19,-42.11,98.94,-41.779963699999996
2009-02-20,-41.6,98.58,-41.16185899999999
2009-02-21,-38.93,98.01,-38.34520865
2009-02-22,-38.92,98.85,-38.58211849999999
2009-02-23,-34.98,98.1,-34.46293399999999
2009-02-24,-36.36,97.83,-35.75298589999999
2009-02-25,-37.16,98.74,-36.80199619999999
2009-02-26,-38.67,98.21,-38.14654134999999
2009-02-27,-34.56,97.34,-33.8422522
2009-02-28,-31.72,97.96,-31.201411599999993
2009-03-01,-27.35,98.67,-27.043867249999998
2009-03-02,-26.77,98.65,-26.46357025
2009-03-03,-24.22,98.59,-23.919726399999995
2009-03-04,-28.97,98.4,-28.587463999999997
2009-03-05,-28.29,98.75,-27.995818749999994
2009-03-06,-26.03,98.78,-25.758043699999998
2009-03-07,-24.56,97.81,-24.089522299999995
2009-03-08,-19.74,98.78,-19.510249599999995
2009-03-09,-23.57,97.66,-23.080039099999997
2009-03-10,-26.09,98.93,-25.851127849999997
2009-03-11,-23.41,98.95,-23.191069749999997
2009-03-12,-24.93,96.31,-24.129768149999997
2009-03-13,-20.5,98.23,-20.159274999999997
2009-03-14,-17.47,98.4,-17.188664
2009-03-15,-17.14,97.87,-16.7693374
2009-03-16,-22.65,97.07,-22.051327749999995
2009-03-17,-21.82,96.07,-21.034943199999994
2009-03-18,-24.49,95.32,-23.486397399999994
2009-03-19,-24.92,94.47,-23.7210407
2009-03-20,-21.15,92.73,-19.724534749999997
2009-03-21,-17.96,95.62,-17.1780386
2009-03-22,-20.48,94.81,-19.4814959
2009-03-23,-21,96.58,-20.332244999999997
2009-03-24,-14.5,98.8,-14.308599999999998
2009-03-25,-9.47,99.79,-9.44231465
2009-03-26,-11.01,98.91,-10.857067549999998
2009-03-27,-9.08,95.49,-8.495098099999998
2009-03-28,-7.07,97.91,-6.822052849999997
2009-03-29,-11.2,98.33,-10.963945499999996
2009-03-30,-10.01,98.81,-9.849582049999999
2009-03-31,-4.47,97.45,-4.203945749999998
2009-04-01,-8.7,97.46,-8.375895999999996
2009-04-02,-12.92,97.27,-12.508288699999996
2009-04-03,-8.26,97.94,-8.002129199999999
2009-04-04,-14.32,97.39,-13.906288899999996
2009-04-05,-15.53,97.79,-15.164985349999998
2009-04-06,-12.73,97.63,-12.375056949999998
2009-04-07,-10.73,96.25,-10.209631249999997
2009-04-08,-6.97,97.91,-6.723202349999997
2009-04-09,-7.85,97.86,-7.586940499999998
2009-04-10,-8.26,96.83,-7.863179399999998
2009-04-11,-8.93,97.19,-8.567889349999998
2009-04-12,-14.97,96.64,-14.425394399999998
2009-04-13,-12.4,94.56,-11.595151999999999
2009-04-14,-17.22,96.73,-16.6495158
2009-04-15,-14.1,92.82,-12.970585999999996
2009-04-16,-12.09,96.81,-11.623478449999999
2009-04-17,-3.58,97.66,-3.347310399999999
2009-04-18,-4.03,98.46,-3.8730508999999986
2009-04-19,-3.52,95.97,-3.1205866999999983
2009-04-20,-2.59,96.9,-2.2986154999999995
2009-04-21,-2.76,95.11,-2.295792299999998
2009-04-22,-3.25,98.02,-3.0567024999999988
2009-04-23,0.45,85.83,1.5449867500000012
2009-04-24,4.09,74.6,5.544277000000001
2009-04-25,3.74,74.91,5.224826200000001
2009-04-26,5.46,68.96,7.003308800000001
2009-04-27,7.45,70.11,8.608984750000001
2009-04-28,4.43,72.61,5.946995150000001
2009-04-29,4.38,72.85,5.891169000000001
2009-04-30,2.17,71.96,4.071532600000001
2009-05-01,1.73,67.69,3.9992928500000007
2009-05-02,3.18,61.85,5.555219000000001
2009-05-03,3.9,67.11,5.817487000000001
2009-05-04,4.6,70.28,6.218254
2009-05-05,5.66,71.59,7.0412942
2009-05-06,3.3,65.9,5.4005600000000005
2009-05-07,3.66,73.8,5.222044
2009-05-08,2.58,66.92,4.748724800000001
2009-05-09,2.04,74.41,3.7936827000000006
2009-05-10,2.95,62.18,5.352515500000001
2009-05-11,5.19,59.5,7.263802500000001
2009-05-12,1.52,94.04,1.9454844000000004
2009-05-13,2.47,94.25,2.8504487500000018
2009-05-14,7.85,82.32,8.496646
2009-05-15,5.16,75.73,6.4067499
2009-05-16,5.22,65.16,6.998233600000001
2009-05-17,5.1,75.3,6.37699
2009-05-18,5.5,70.42,6.9642100000000005
2009-05-19,8.54,67.55,9.603711
2009-05-20,5.73,85.1,6.448701500000001
2009-05-21,4.07,80.69,5.177718150000001
2009-05-22,2.07,75.96,3.7134946000000015
2009-05-23,4.93,69.06,6.5585269
2009-05-24,7.88,68.21,9.0374739
2009-05-25,9.33,85.84,9.7326396
2009-05-26,7.1,78.78,7.963654
2009-05-27,9.54,74.81,10.227183199999999
2009-05-28,10.36,93.55,10.5068665
2009-05-29,12.19,74.8,12.510166
2009-05-30,12.98,77.66,13.1667624
2009-05-31,11.55,77.91,11.908410250000001
2009-06-01,14.72,62.8,14.674988
2009-06-02,16.63,59.71,16.15800265
2009-06-03,19.21,55.54,18.0582637
2009-06-04,18.34,71.45,17.737023999999998
2009-06-05,18.35,66.59,17.64254325
2009-06-06,20.94,66.25,19.744575
2009-06-07,21.78,72.57,20.6817028
2009-06-08,17.52,73.63,17.081994299999998
2009-06-09,8.61,65.24,9.7360502
2009-06-10,9.88,62.48,10.833383200000002
2009-06-11,14.72,51.91,14.661811100000001
2009-06-12,18.05,64.06,17.3482715
2009-06-13,20.41,57.26,19.0207363
2009-06-14,24.22,42.26,21.133219599999997
2009-06-15,23.13,55.12,20.9997708
2009-06-16,23.29,53.89,21.06081205
2009-06-17,23.28,56.15,21.1624835
2009-06-18,22.89,51.65,20.65888925
2009-06-19,19.78,70.13,18.9125752
2009-06-20,18.48,69.94,17.8219866
2009-06-21,14.98,80.85,14.929444
2009-06-22,14.03,84.18,14.0708947
2009-06-23,15.73,85.16,15.629607400000001
2009-06-24,16.27,83.93,16.11355855
2009-06-25,17.19,71.9,16.7742605
2009-06-26,18.23,70.95,17.63403925
2009-06-27,18.98,64.5,18.10528
2009-06-28,22.28,58.32,20.4965128
2009-06-29,24.26,51.97,21.6817496
2009-06-30,26.52,42.15,22.6955365
2009-07-01,25.45,44.87,22.12979575
2009-07-02,17.3,71.22,16.856788
2009-07-03,18.26,65.13,17.5388884
2009-07-04,19.25,63.59,18.29878875
2009-07-05,17.7,55.19,16.911344
2009-07-06,19.61,57.75,18.42256375
2009-07-07,20.37,55.42,18.930734700000002
2009-07-08,20.98,54.44,19.3562416
2009-07-09,16.84,59.67,16.320952899999998
2009-07-10,13.85,80.15,13.92096375
2009-07-11,13.66,85.62,13.7264356
2009-07-12,17.22,72.3,16.805608
2009-07-13,21.24,46.02,19.238961399999997
2009-07-14,24.2,47.32,21.389522
2009-07-15,23.64,48.06,21.0289762
2009-07-16,20.78,48.96,19.0170784
2009-07-17,21.04,49.13,19.2102061
2009-07-18,21.96,50.66,19.9355798
2009-07-19,20.27,55.66,18.8628701
2009-07-20,21.11,50.44,19.3082462
2009-07-21,23.23,47.96,20.7312994
2009-07-22,25.22,42.13,21.8079848
2009-07-23,21.89,70.14,20.6763403
2009-07-24,18.9,67.92,18.123663999999998
2009-07-25,20.08,62.64,18.9334216
2009-07-26,21.62,56.26,19.9071416
2009-07-27,23.83,49.29,21.227816349999998
2009-07-28,21.96,61.42,20.377062600000002
2009-07-29,23.45,59.36,21.449496
2009-07-30,24.01,56.76,21.7483318
2009-07-31,17.08,73.69,16.706661099999998
2009-08-01,17.57,55.02,16.8105127
2009-08-02,18.26,59.07,17.4135676
2009-08-03,12.61,95.13,12.66062365
2009-08-04,16.1,57.72,15.727936000000001
2009-08-05,17.66,61.37,16.9886106
2009-08-06,16.86,57.73,16.3113354
2009-08-07,21.24,61.92,19.828374399999998
2009-08-08,19.19,71.45,18.45355275
2009-08-09,14.91,61.22,14.8225511
2009-08-10,14.25,60.23,14.30468375
2009-08-11,14.28,89.61,14.292571899999999
2009-08-12,14.2,93.42,14.210856999999999
2009-08-13,13.82,82.15,13.886759
2009-08-14,16.57,65.57,16.17801445
2009-08-15,17.73,64.48,17.0989872
2009-08-16,15.3,57.25,15.1119
2009-08-17,14.67,59.73,14.63234755
2009-08-18,13.54,69,13.703679999999999
2009-08-19,14.88,57.78,14.7917602
2009-08-20,16.07,55.65,15.68703775
2009-08-21,17.77,52.92,16.9232662
2009-08-22,18.82,54.97,17.7500872
2009-08-23,17.15,59.6,16.561169999999997
2009-08-24,11.83,61.32,12.3980158
2009-08-25,8.52,65.46,9.6560206
2009-08-26,8.26,60.03,9.6317704
2009-08-27,6.43,76.74,7.4623951
2009-08-28,7.77,63.41,9.12437885
2009-08-29,8.61,61.17,9.86789785
2009-08-30,14.43,65.62,14.4432363
2009-08-31,16.26,59,15.86312
2009-09-01,17.61,62.65,16.97112825
2009-09-02,16.48,68.82,16.1404498
2009-09-03,16.12,63.78,15.7972798
2009-09-04,9.59,60.7,10.6512965
2009-09-05,11.92,70.44,12.3394564
2009-09-06,14.46,75.78,14.4653284
2009-09-07,13.02,71.81,13.2494666
2009-09-08,9.8,83.11,10.2366065
2009-09-09,5.72,93.43,6.0372653
2009-09-10,3.75,85.96,4.580115000000001
2009-09-11,5.97,72.02,7.2826817
2009-09-12,3.2,80.99,4.381471500000002
2009-09-13,6.79,95.48,6.981670600000001
2009-09-14,7.62,94.8,7.816768000000001
2009-09-15,4.72,94.7,5.005087
2009-09-16,3.65,94.7,3.9662775
2009-09-17,4.87,86.47,5.586616450000001
2009-09-18,4.06,94.14,4.3964812
2009-09-19,2.26,91.71,2.8180828000000018
2009-09-20,2.72,81.57,3.914079700000001
2009-09-21,5.28,78.29,6.3809141
2009-09-22,6.19,86.45,6.8093027500000005
2009-09-23,6.23,90.33,6.669839950000001
2009-09-24,2.86,89.2,3.5514160000000006
2009-09-25,3.21,71.42,4.9846751000000005
2009-09-26,3.98,67.27,5.873757800000001
2009-09-27,3.59,97.77,3.723811150000001
2009-09-28,4.28,92.3,4.712817000000001
2009-09-29,5.59,93.66,5.9006917
2009-09-30,5.81,86.36,6.4619238
2009-10-01,4,95.44,4.263340000000001
2009-10-02,1.56,96.82,1.7863206000000016
2009-10-03,0.81,93.5,1.2994175000000008
2009-10-04,0.23,77.53,1.9935579500000007
2009-10-05,-1.09,81.78,0.47227390000000113
2009-10-06,-0.23,93.7,0.2803945000000011
2009-10-07,-0.45,88.05,0.5325887500000013
2009-10-08,-2.09,90.85,-1.255108249999998
2009-10-09,-1.5,83.21,-0.022479999999998057
2009-10-10,0.19,97.4,0.39463300000000134
2009-10-11,-1.16,96.39,-0.8490706999999988
2009-10-12,-4.01,88.26,-2.8148092999999985
2009-10-13,-5.86,83.47,-4.008970599999999
2009-10-14,-5.51,83.51,-3.6951930499999994
2009-10-15,-3.6,92.82,-2.8852309999999974
2009-10-16,-4.84,88.79,-3.6475922999999995
2009-10-17,-5.6,81.14,-3.5150269999999986
2009-10-18,-6.85,83.34,-4.8936994999999985
2009-10-19,-7.63,84.64,-5.760457599999999
2009-10-20,-9.9,87.03,-8.159425999999998
2009-10-21,-8.67,86.89,-6.999327149999997
2009-10-22,-8.25,94.44,-7.5543049999999985
2009-10-23,-9.32,96.08,-8.806440799999997
2009-10-24,-11.16,96.82,-10.711206599999997
2009-10-25,-12.64,90.78,-11.263730599999999
2009-10-26,-12.21,88.29,-10.48974245
2009-10-27,-14.96,88.12,-13.035083599999998
2009-10-28,-19.24,85.03,-16.462017099999997
2009-10-29,-19.08,87.32,-16.738130799999993
2009-10-30,-18.41,89.38,-16.4877269
2009-10-31,-17.42,89.35,-15.550285999999998
2009-11-01,-18.89,89.67,-16.99294715
2009-11-02,-20.12,82.87,-16.858276699999998
2009-11-03,-22.81,85.33,-19.799642649999996
2009-11-04,-21.18,88.41,-18.905578399999996
2009-11-05,-21.41,91.88,-19.806259399999995
2009-11-06,-20.06,95.38,-19.181830399999992
2009-11-07,-23.27,93.24,-21.865711399999995
2009-11-08,-23.32,93.79,-22.0282579
2009-11-09,-21.74,95.82,-20.906842399999995
2009-11-10,-22.96,97.42,-22.4284426
2009-11-11,-27.56,96.75,-26.808177499999996
2009-11-12,-25.83,97.48,-25.271026199999994
2009-11-13,-23.29,97.57,-22.784936649999995
2009-11-14,-27.79,96.91,-27.071281449999994
2009-11-15,-27.32,97.96,-26.850779599999996
2009-11-16,-25.11,98.27,-24.733110849999996
2009-11-17,-26.41,98.86,-26.153494299999995
2009-11-18,-29.87,98.66,-29.542993099999997
2009-11-19,-29.01,98.17,-28.572071849999997
2009-11-20,-30.95,99.13,-30.732521749999993
2009-11-21,-32.97,96.37,-32.022261449999995
2009-11-22,-33.59,96.02,-32.5373099
2009-11-23,-39.51,97.11,-38.65151104999999
2009-11-24,-40.2,95.97,-38.987574499999994
2009-11-25,-40.18,93.55,-38.24022699999999
2009-11-26,-41.6,90.6,-38.69963
2009-11-27,-43.72,95.41,-42.250236099999995
2009-11-28,-38.17,98.06,-37.6080111
2009-11-29,-39.2,98.2,-38.66837
2009-11-30,-42.86,98.14,-42.273207199999995
2009-12-01,-42.53,97.75,-41.82425375
2009-12-02,-42.51,97.16,-41.6195038
2009-12-03,-44.95,94.87,-43.272618249999994
2009-12-04,-45.39,94.65,-43.62773675
2009-12-05,-43.83,95.26,-42.3093369
2009-12-06,-40.92,96.97,-39.996425699999996
2009-12-07,-29.2,99.3,-29.031754999999993
2009-12-08,-28.67,98.16,-28.233119599999995
2009-12-09,-36.46,99.29,-36.261001199999995
2009-12-10,-36.44,98.56,-36.036555199999995
2009-12-11,-43.37,97.54,-42.5870189
2009-12-12,-41.66,96.93,-40.711738399999994
2009-12-13,-41.4,97.22,-40.54528899999999
2009-12-14,-37.04,98.24,-36.541092799999994
2009-12-15,-33.48,95.24,-32.22388359999999
2009-12-16,-36.96,95.87,-35.7910861
2009-12-17,-31.29,97.54,-30.670461299999996
2009-12-18,-35.17,99.79,-35.11263115
2009-12-19,-41.46,92.12,-39.0346936
2009-12-20,-39.65,97.83,-39.00371974999999
2009-12-21,-41.45,97.87,-40.79454575
2009-12-22,-36.53,98.11,-35.99954315
2009-12-23,-39.04,99.54,-38.9045438
2009-12-24,-34.35,96.84,-33.500986999999995
2009-12-25,-34.62,93.95,-32.98553199999999
2009-12-26,-39.32,98.51,-38.878945099999996
2009-12-27,-42.16,92.46,-39.81030979999999
2009-12-28,-37.09,96.42,-36.0741929
2009-12-29,-35.41,97.21,-34.64413104999999
2009-12-30,-34.39,96.9,-33.5564255
2009-12-31,-36.68,97.43,-35.9565707
2010-01-01,-40.24,98.88,-39.9028016
2010-01-02,-41.46,97.81,-40.785961799999995
2010-01-03,-39.1,98.05,-38.52513999999999
2010-01-04,-38.15,97.83,-37.52162224999999
2010-01-05,-36.57,96.7,-35.64307949999999
2010-01-06,-42.4,97.01,-41.464279499999996
2010-01-07,-39.68,98.37,-39.1942763
2010-01-08,-39.98,97.28,-39.16497919999999
2010-01-09,-38.36,99.44,-38.19719119999999
2010-01-10,-39.57,97.35,-38.781929749999996
2010-01-11,-38.86,99.07,-38.58706359999999
2010-01-12,-41.51,96.94,-40.56735169999999
2010-01-13,-40.98,93.91,-39.121697399999995
2010-01-14,-41.81,97.63,-41.075999149999994
2010-01-15,-38.01,97.6,-37.31686799999999
2010-01-16,-36,98.25,-35.5139375
2010-01-17,-38.51,99.29,-38.302995949999996
2010-01-18,-39.91,97.47,-39.15288484999999
2010-01-19,-40.27,98.69,-39.87538214999999
2010-01-20,-38.01,98.21,-37.49303904999999
2010-01-21,-40.85,99.27,-40.62776975
2010-01-22,-28.23,99.74,-28.168896099999994
2010-01-23,-33.8,98.42,-33.380272999999995
2010-01-24,-38.85,96.75,-37.89636874999999
2010-01-25,-46.74,95.78,-45.3186196
2010-01-26,-48.75,97.3,-47.81073749999999
2010-01-27,-48.69,98.13,-48.04009084999999
2010-01-28,-41,99.76,-40.926739999999995
2010-01-29,-38.77,95.54,-37.4632869
2010-01-30,-37.82,97.32,-37.048803199999995
2010-01-31,-35.08,97.57,-34.4173633
2010-02-01,-37.65,96.95,-36.77518375
2010-02-02,-37.6,96.71,-36.657250499999996
2010-02-03,-33.43,96.78,-32.58115969999999
2010-02-04,-34.16,97.74,-33.55515619999999
2010-02-05,-32.6,98.21,-32.1363005
2010-02-06,-35.48,98.08,-34.952211199999994
2010-02-07,-38.86,99.09,-38.5929332
2010-02-08,-35.62,98.35,-35.165161
2010-02-09,-32.95,98.5,-32.5585375
2010-02-10,-32.09,98.95,-31.82094275
2010-02-11,-36.75,99.51,-36.61188125
2010-02-12,-37.7,99.31,-37.501901
2010-02-13,-40.67,99.67,-40.56986644999999
2010-02-14,-40.69,99.21,-40.45019944999999
2010-02-15,-39.06,99.5,-38.912710000000004
2010-02-16,-36.72,99.83,-36.672109299999995
2010-02-17,-38.49,99.09,-38.22478505
2010-02-18,-37.77,93.41,-35.87547385
2010-02-19,-38.72,98.95,-38.412654499999995
2010-02-20,-39.34,98.94,-39.0261128
2010-02-21,-38.43,98.49,-37.99041635
2010-02-22,-36.27,99.46,-36.119213099999996
2010-02-23,-36.86,99.67,-36.766781599999995
2010-02-24,-33.72,99.03,-33.46274629999999
2010-02-25,-23.13,97.56,-22.625005399999996
2010-02-26,-31.14,97.75,-30.575205
2010-02-27,-31.55,95.9,-30.511572499999996
2010-02-28,-29.89,96.05,-28.925627249999994
2010-03-01,-31.11,97.32,-30.437708599999997
2010-03-02,-30.76,95.59,-29.6622187
2010-03-03,-34.09,98.37,-33.65439065
2010-03-04,-34.4,98.13,-33.897063499999994
2010-03-05,-32.54,97.65,-31.932007999999996
2010-03-06,-29.89,98.04,-29.4114758
2010-03-07,-20.59,96.75,-19.962766249999998
2010-03-08,-17.41,98.58,-17.160782899999997
2010-03-09,-23.61,98.52,-23.299784599999995
2010-03-10,-24.31,98.92,-24.079468599999995
2010-03-11,-26.09,98.7,-25.799781499999995
2010-03-12,-26.52,97.24,-25.897316399999998
2010-03-13,-24.8,96.92,-24.134258
2010-03-14,-23.48,97.33,-22.9222637
2010-03-15,-22.78,97.23,-22.2120392
2010-03-16,-22.8,96.57,-22.096335499999995
2010-03-17,-25.69,97.06,-25.0401277
2010-03-18,-25.01,96.9,-24.336354500000002
2010-03-19,-23.4,97.2,-22.816339999999997
2010-03-20,-21.45,97.33,-20.922074249999998
2010-03-21,-18.51,94.07,-17.43337885
2010-03-22,-17.43,95.92,-16.7134908
2010-03-23,-15.27,97.79,-14.908145649999998
2010-03-24,-17.14,97.53,-16.710170599999998
2010-03-25,-20.73,97.21,-20.189395649999994
2010-03-26,-16.23,96.7,-15.672250499999997
2010-03-27,-14.31,95.92,-13.6635036
2010-03-28,-12.14,97.76,-11.8117952
2010-03-29,-13.48,98.62,-13.267631799999998
2010-03-30,-14.26,99.07,-14.112892599999997
2010-03-31,-14.7,97.65,-14.322589999999996
2010-04-01,-15.46,97.09,-14.9804902
2010-04-02,-15.54,96.38,-14.941903599999996
2010-04-03,-17.13,97.72,-16.733359799999995
2010-04-04,-13.03,93.67,-12.071543049999999
2010-04-05,-13.09,97.89,-12.769818049999998
2010-04-06,-15.55,98.33,-15.273990749999998
2010-04-07,-16.35,98.47,-16.09039725
2010-04-08,-16.82,97.14,-16.3273364
2010-04-09,-15.61,97.72,-15.232420599999996
2010-04-10,-16.89,98.26,-16.5895977
2010-04-11,-11.68,96.81,-11.2206719
2010-04-12,-10.29,96.58,-9.823700099999996
2010-04-13,-11.01,96.88,-10.572248399999998
2010-04-14,-9.04,97.49,-8.715030299999997
2010-04-15,-9.07,97.65,-8.765357749999998
2010-04-16,-4.42,94.05,-3.8008429999999978
2010-04-17,-4.67,98.47,-4.508684449999999
2010-04-18,-3.74,97.99,-3.5383567999999976
2010-04-19,-2.94,94.66,-2.427787199999998
2010-04-20,-2.94,85.77,-1.5750583999999983
2010-04-21,-0.79,81.43,0.7716441500000004
2010-04-22,0.83,82.36,2.1562634000000007
2010-04-23,2.43,75.4,4.063071000000001
2010-04-24,-0.79,69.5,1.7748975000000007
2010-04-25,-4.75,63.11,-0.8442712499999989
2010-04-26,-8.5,92.15,-7.506974999999998
2010-04-27,-3.07,79.2,-1.059991999999999
2010-04-28,1.32,82.93,2.557404300000001
2010-04-29,3.03,91.75,3.5504512500000005
2010-04-30,0.56,76.71,2.345644300000002
2010-05-01,-0.63,65.97,2.2018064500000016
2010-05-02,0.21,74.83,2.188236150000001
2010-05-03,-1,94.83,-0.5592574999999984
2010-05-04,0.76,94.75,1.1567425000000013
2010-05-05,5.13,80.31,6.14472415
2010-05-06,5.97,82.2,6.805087
2010-05-07,4.18,85.51,5.0024524
2010-05-08,6.11,75.61,7.235476550000001
2010-05-09,6.76,77.08,7.7357044
2010-05-10,6.01,80.8,6.906544
2010-05-11,8.09,80.28,8.7852286
2010-05-12,7.8,87.71,8.2528865
2010-05-13,8.75,80.29,9.37332875
2010-05-14,10.32,79.61,10.7887661
2010-05-15,8.04,87.42,8.4869674
2010-05-16,5.2,85.3,5.951905000000001
2010-05-17,10.97,78.4,11.389364
2010-05-18,9.9,86.4,10.24408
2010-05-19,11.13,84.57,11.415995050000001
2010-05-20,5.71,94.96,5.9536588
2010-05-21,9.04,81.46,9.5967562
2010-05-22,7.12,90,7.5259
2010-05-23,11.47,82.26,11.765637100000001
2010-05-24,12.23,77.22,12.514408300000001
2010-05-25,8.52,81.32,9.1343852
2010-05-26,13.98,68.53,14.0700042
2010-05-27,13.1,76.37,13.281951
2010-05-28,11.78,62.14,12.3463856
2010-05-29,11.44,72.62,11.9008054
2010-05-30,11.29,69.86,11.8221217
2010-05-31,11.66,72.49,12.0897062
2010-06-01,13.88,68,13.98912
2010-06-02,15.94,80.1,15.782392
2010-06-03,12.01,77.67,12.31580935
2010-06-04,10.22,66.83,11.0008218
2010-06-05,11.48,68.72,11.999560800000001
2010-06-06,12.61,63.07,12.99388735
2010-06-07,9.78,85.18,10.1647272
2010-06-08,11.68,85.19,11.9097031
2010-06-09,16.29,84.54,16.137796299999998
2010-06-10,14.55,71.51,14.54216525
2010-06-11,16.29,70.92,16.0037074
2010-06-12,17.56,71.79,17.0852257
2010-06-13,19.57,77.75,18.94955875
2010-06-14,19.92,79.03,19.2948843
2010-06-15,18.59,80,18.1401
2010-06-16,17.6,69.27,17.0760535
2010-06-17,18.57,73.35,17.97343975
2010-06-18,12.01,72.96,12.3803128
2010-06-19,11.84,65.74,12.3412238
2010-06-20,14.44,66.37,14.451097899999999
2010-06-21,15.64,74.73,15.4815571
2010-06-22,13.52,65.6,13.705416
2010-06-23,13.97,62.7,14.0787295
2010-06-24,14.28,77.8,14.306861999999999
2010-06-25,13.8,73.33,13.902679500000001
2010-06-26,15.19,81.85,15.12112075
2010-06-27,17.51,75.02,17.0964561
2010-06-28,17.14,76.16,16.7938432
2010-06-29,16.71,62.2,16.250541000000002
2010-06-30,18.61,53.65,17.56225825
2010-07-01,20.18,55.61,18.7932564
2010-07-02,21.92,66.22,20.5414382
2010-07-03,19.33,64.21,18.379238649999998
2010-07-04,22.08,53.01,20.1209869
2010-07-05,23.94,54.12,21.5579104
2010-07-06,21.82,60.85,20.243821
2010-07-07,18.22,71.26,17.631979599999998
2010-07-08,18.33,70.3,17.7043695
2010-07-09,15.38,80.66,15.2863944
2010-07-10,15.93,68.64,15.6833536
2010-07-11,18.56,60.91,17.6871203
2010-07-12,22.29,50.52,20.170029399999997
2010-07-13,22.5,54.95,20.5178
2010-07-14,25.08,43.81,21.810303899999997
2010-07-15,24.01,50.73,21.43293265
2010-07-16,24.35,51.42,21.7181785
2010-07-17,18.45,79.16,17.997251
2010-07-18,22,67.82,20.672575
2010-07-19,24.3,60.56,22.174184
2010-07-20,25.59,54.11,22.79093945
2010-07-21,28.4,51.1,24.661595
2010-07-22,28.58,53.65,24.990655999999998
2010-07-23,24.45,61.13,22.322839249999998
2010-07-24,23.98,52.24,21.4897936
2010-07-25,20.33,75.97,19.55947805
2010-07-26,19.66,56.42,18.4231996
2010-07-27,20.98,54.27,19.3501828
2010-07-28,22.08,59.67,20.3986423
2010-07-29,23.96,64.67,22.1217801
2010-07-30,15.83,81.43,15.69416045
2010-07-31,12.45,85.96,12.608300999999999
2010-08-01,14.72,68.96,14.6824416
2010-08-02,10.21,74.55,10.810492750000002
2010-08-03,11.32,66.46,11.906614600000001
2010-08-04,12.06,65.03,12.5292974
2010-08-05,12.2,78.75,12.4688125
2010-08-06,15.51,71.71,15.35284905
2010-08-07,17.29,62.44,16.713641799999998
2010-08-08,19.01,61.35,18.051286750000003
2010-08-09,18.14,69.15,17.522383
2010-08-10,21.8,57.74,20.103261
2010-08-11,22.37,52.52,20.3148282
2010-08-12,20.86,56.84,19.3502632
2010-08-13,16.03,57.54,15.6726991
2010-08-14,16.32,58.6,15.905586
2010-08-15,16.05,69.12,15.786748000000001
2010-08-16,15.53,75.01,15.38843165
2010-08-17,16.57,64.37,16.16435245
2010-08-18,17.73,73.21,17.25407565
2010-08-19,13.26,91.96,13.3148328
2010-08-20,15.31,68.74,15.1707367
2010-08-21,17.16,56.58,16.5247654
2010-08-22,15.65,61.39,15.40579175
2010-08-23,15.41,70.59,15.26280295
2010-08-24,16.83,67.17,16.409283549999998
2010-08-25,21.31,55.36,19.638008799999998
2010-08-26,14.91,48.99,14.79497245
2010-08-27,10.91,82.89,11.24783695
2010-08-28,14.72,76.04,14.691008400000001
2010-08-29,13.62,84.55,13.694778
2010-08-30,14.26,70.06,14.2995208
2010-08-31,14.71,62.76,14.666987800000001
2010-09-01,15.78,73.94,15.5965376
2010-09-02,13.37,66.42,13.5786997
2010-09-03,9.65,60.09,10.714599250000001
2010-09-04,7.94,79.03,8.6965976
2010-09-05,5.87,85.69,6.549224150000001
2010-09-06,6,74.77,7.179502500000001
2010-09-07,5.05,92.32,5.449168000000001
2010-09-08,5.69,97.12,5.829550400000001
2010-09-09,4.49,90.63,5.005865350000001
2010-09-10,7.96,76.26,8.8139278
2010-09-11,7.14,86.43,7.6893136
2010-09-12,5.89,56.69,7.94094505
2010-09-13,6.44,63.18,8.072230600000001
2010-09-14,3.11,64.57,5.329512350000002
2010-09-15,2.78,69.43,4.7505422
2010-09-16,2.26,76.45,3.8453860000000004
2010-09-17,4.16,65.18,6.1402134
2010-09-18,4.55,79.47,5.673504250000001
2010-09-19,3.25,87.64,4.014775000000001
2010-09-20,0.23,74.59,2.224303850000001
2010-09-21,-0.11,73.02,2.0579779000000014
2010-09-22,0.6,72.33,2.715371500000001
2010-09-23,0.2,81.58,1.648733000000001
2010-09-24,0.98,80.83,2.4054812000000005
2010-09-25,0.9,78.87,2.480524000000001
2010-09-26,1.05,80.82,2.468840500000001
2010-09-27,1.89,83.16,3.057938200000001
2010-09-28,0.98,69.96,3.213774400000001
2010-09-29,-0.68,78.75,1.0941625000000008
2010-09-30,-1.34,78.1,0.5679280000000018
2010-10-01,-2.74,80.63,-0.9033365999999983
2010-10-02,-3.28,77.09,-1.039631099999999
2010-10-03,-0.04,67.86,2.530235800000001
2010-10-04,-0.47,88.16,0.504846400000001
2010-10-05,0.24,89.82,1.0384174000000015
2010-10-06,-3.6,94.02,-3.0046909999999984
2010-10-07,-2.3,96.86,-2.0098639999999977
2010-10-08,-4.35,97.78,-4.119841499999999
2010-10-09,-3.91,98.22,-3.7297660999999986
2010-10-10,-5.06,96.49,-4.682394199999997
2010-10-11,-2.51,96.56,-2.188170799999999
2010-10-12,-2.34,97.57,-2.1149333999999986
2010-10-13,-9.59,88.45,-8.059682749999999
2010-10-14,-9.27,81.43,-6.842251049999999
2010-10-15,-12.81,89.48,-11.229843399999998
2010-10-16,-12.92,89.76,-11.375705599999998
2010-10-17,-12.28,94.35,-11.447811499999997
2010-10-18,-11.81,92.06,-10.661042299999998
2010-10-19,-9.12,94.9,-8.457458999999998
2010-10-20,-8.08,97.87,-7.815475299999999
2010-10-21,-9.89,96.92,-9.476833399999999
2010-10-22,-9.41,98.13,-9.164085649999997
2010-10-23,-12.96,98.48,-12.7304344
2010-10-24,-15.27,97.3,-14.827915499999996
2010-10-25,-16.13,96.71,-15.575750149999996
2010-10-26,-14.29,98.64,-14.074650799999999
2010-10-27,-13.13,99.83,-13.104165949999997
2010-10-28,-15.11,99.8,-15.077428999999997
2010-10-29,-17.79,98.93,-17.59997335
2010-10-30,-22.02,99.18,-21.8552948
2010-10-31,-22.31,98.87,-22.081225849999996
2010-11-01,-16.93,99.78,-16.891969699999997
2010-11-02,-16.83,99.43,-16.73178045
2010-11-03,-14.76,99.99,-14.758390699999996
2010-11-04,-17.86,99.39,-17.751432199999996
2010-11-05,-21.73,99.12,-21.554646799999997
2010-11-06,-22.88,99.86,-22.851217399999996
2010-11-07,-21.82,99.98,-21.816004799999998
2010-11-08,-21.51,99.85,-21.48029175
2010-11-09,-20.85,99.52,-20.756676
2010-11-10,-21.11,99.59,-21.02969945
2010-11-11,-18.4,97.74,-17.991052999999997
2010-11-12,-16.25,98.45,-15.98785625
2010-11-13,-18.41,99.09,-18.245285449999997
2010-11-14,-22.5,99.35,-22.367724999999997
2010-11-15,-25.26,99.07,-25.0566276
2010-11-16,-14.8,99.62,-14.738763
2010-11-17,-6.34,99.97,-6.336561399999998
2010-11-18,-10.18,98.99,-10.042902599999998
2010-11-19,-20.49,98.56,-20.212879199999996
2010-11-20,-22.59,98.32,-22.247288399999995
2010-11-21,-25.6,98.25,-25.214037499999996
2010-11-22,-27.2,98.64,-26.888084
2010-11-23,-22.15,97.67,-21.680330249999997
2010-11-24,-30.4,98.34,-29.990062999999996
2010-11-25,-37,98.59,-36.6006175
2010-11-26,-39.67,98.68,-39.2767258
2010-11-27,-40.56,96.95,-39.636368499999996
2010-11-28,-39.11,99.16,-38.8623218
2010-11-29,-45.73,98.4,-45.19997599999999
2010-11-30,-46.17,97.5,-45.3357875
2010-12-01,-47.01,93.78,-44.90574289999999
2010-12-02,-45.92,96.36,-44.7103916
2010-12-03,-47,92.91,-44.60180749999999
2010-12-04,-38.28,97.01,-37.4120329
2010-12-05,-37.97,98.03,-37.40148755
2010-12-06,-38.08,98.16,-37.54789039999999
2010-12-07,-35.28,95.58,-34.069848199999996
2010-12-08,-38.55,97.89,-37.93435474999999
2010-12-09,-42.5,97.82,-41.81656999999999
2010-12-10,-37.48,96.6,-36.50797399999999
2010-12-11,-38.14,96.93,-37.2511736
2010-12-12,-38.62,96,-37.451359999999994
2010-12-13,-37.98,97.83,-37.35365119999999
2010-12-14,-33.06,95.93,-31.9953694
2010-12-15,-41.07,98.41,-40.584040349999995
2010-12-16,-41.14,99.14,-40.87682279999999
2010-12-17,-48.12,98.1,-47.46562099999999
2010-12-18,-43.78,97.43,-42.9562122
2010-12-19,-45.59,97.69,-44.82655655
2010-12-20,-47.87,98.4,-47.321144
2010-12-21,-49.9,93.89,-47.735837999999994
2010-12-22,-52.73,94.4,-50.659316
2010-12-23,-51.12,94.8,-49.24326799999999
2010-12-24,-47.92,98.9,-47.542359000000005
2010-12-25,-33.85,97.84,-33.275602
2010-12-26,-26.14,96.16,-25.281683199999996
2010-12-27,-26.3,98.65,-25.99706
2010-12-28,-27.75,99.14,-27.550157499999994
2010-12-29,-28.87,97.68,-28.3165988
2010-12-30,-26.52,97.23,-25.8950603
2010-12-31,-28.42,98.15,-27.983289
2011-01-01,-30.93,98.07,-30.44776054999999
2011-01-02,-27.9,98.31,-27.505891999999996
2011-01-03,-25.83,98.85,-25.574912749999992
2011-01-04,-32,100,-31.999999999999996
2011-01-05,-32.34,93.15,-30.575303
2011-01-06,-35.86,99.84,-35.815683199999995
2011-01-07,-46.43,98.35,-45.87706025
2011-01-08,-50.43,93.88,-48.24445619999999
2011-01-09,-50.89,88.59,-46.78645055
2011-01-10,-47.04,98.34,-46.478139799999994
2011-01-11,-42.12,98.65,-41.6995965
2011-01-12,-42.06,95.51,-40.6632508
2011-01-13,-34.09,94.85,-32.71368825
2011-01-14,-38.47,99.54,-38.3359859
2011-01-15,-40.58,98.21,-40.03773739999999
2011-01-16,-35.82,98.08,-35.2886208
2011-01-17,-33.14,98.83,-32.8334366
2011-01-18,-33.24,98.74,-32.9091618
2011-01-19,-33.54,97.67,-32.9243674
2011-01-20,-33.37,97.91,-32.81973434999999
2011-01-21,-39.71,97.55,-38.97952024999999
2011-01-22,-38.61,98.5,-38.1718425
2011-01-23,-39.64,97.78,-38.9789506
2011-01-24,-36.65,99.08,-36.391180999999996
2011-01-25,-32.38,99.45,-32.238188
2011-01-26,-32.92,98.15,-32.437501499999996
2011-01-27,-33.96,98.59,-33.584192699999996
2011-01-28,-32.94,98.23,-32.478171599999996
2011-01-29,-29.9,99.42,-29.758363999999997
2011-01-30,-33.93,98.18,-33.4452157
2011-01-31,-31.85,98.82,-31.549188499999996
2011-02-01,-27.26,99.05,-27.041803999999996
2011-02-02,-26.59,99.94,-26.576440299999998
2011-02-03,-27.28,97.57,-26.7216103
2011-02-04,-43.83,98.95,-43.49314424999999
2011-02-05,-44.18,99.6,-44.050903999999996
2011-02-06,-46.33,98.78,-45.921830699999994
2011-02-07,-44.67,96.03,-43.378023049999996
2011-02-08,-45.42,97.73,-44.671898799999994
2011-02-09,-42.82,95.54,-41.413940399999994
2011-02-10,-35.74,98.64,-35.3642048
2011-02-11,-35.9,97.44,-35.19036799999999
2011-02-12,-41.21,96.41,-40.110006049999996
2011-02-13,-42.48,98.46,-41.99737939999999
2011-02-14,-42.83,99.29,-42.60612635
2011-02-15,-44.1,97.85,-43.407055
2011-02-16,-37.86,98.5,-37.42802999999999
2011-02-17,-38.94,98.91,-38.6196272
2011-02-18,-41.05,99.86,-41.007226499999994
2011-02-19,-32.3,97.46,-31.64620399999999
2011-02-20,-28.48,98.17,-28.047406299999995
2011-02-21,-31.22,98.02,-30.722109199999995
2011-02-22,-33.34,98.9,-33.050568000000005
2011-02-23,-31.02,98.06,-30.534301599999996
2011-02-24,-31.22,98.61,-30.870470599999994
2011-02-25,-26.98,99.08,-26.7701112
2011-02-26,-24.93,98.89,-24.68927985
2011-02-27,-25.23,99.5,-25.1207425
2011-02-28,-27.11,98.03,-26.65915565
2011-03-01,-32.84,99.04,-32.5900448
2011-03-02,-22.83,99.14,-22.653429099999993
2011-03-03,-15.79,99.17,-15.651726149999998
2011-03-04,-22.94,96.67,-22.254286399999998
2011-03-05,-33.03,97.59,-32.39998985
2011-03-06,-27.14,98.05,-26.693410999999998
2011-03-07,-21.09,96.76,-20.4557862
2011-03-08,-18.97,96.08,-18.248386799999995
2011-03-09,-17.39,99.29,-17.26546955
2011-03-10,-17.13,98.97,-16.950816049999997
2011-03-11,-20.72,97.96,-20.324831599999996
2011-03-12,-22.99,97.2,-22.412653999999996
2011-03-13,-25.45,97.78,-24.962210499999998
2011-03-14,-22.83,97.87,-22.392679049999998
2011-03-15,-16.34,97.73,-15.954962599999998
2011-03-16,-13.38,98.02,-13.076386799999998
2011-03-17,-11.94,98.89,-11.778583799999998
2011-03-18,-12.98,97.76,-12.641446400000001
2011-03-19,-15.28,96.77,-14.750958299999995
2011-03-20,-16.8,97.4,-16.35241
2011-03-21,-14.11,97.8,-13.763818999999996
2011-03-22,-18.24,98.06,-17.890664199999996
2011-03-23,-16.11,98.84,-15.914708199999998
2011-03-24,-10.35,98.18,-10.101251499999998
2011-03-25,-11.38,96.67,-10.9060078
2011-03-26,-9.02,98.83,-8.868648799999997
2011-03-27,-4.43,97.59,-4.1790828499999995
2011-03-28,-3.61,97.39,-3.3500309499999976
2011-03-29,-4.53,96.26,-4.138552899999999
2011-03-30,-7.16,95.16,-6.5834107999999985
2011-03-31,-10.93,97.04,-10.515999599999997
2011-04-01,-9.52,95.45,-8.918899499999998
2011-04-02,-6.12,98.66,-5.968030599999998
2011-04-03,-6.81,95.11,-6.236867549999998
2011-04-04,-8.46,95.88,-7.939726399999998
2011-04-05,-12.24,98.42,-12.007629399999997
2011-04-06,-10.7,97.41,-10.341025999999998
2011-04-07,-7.98,98.05,-7.738901999999999
2011-04-08,-7.84,97.9,-7.581972999999999
2011-04-09,-8.92,98.04,-8.667532399999999
2011-04-10,-11.64,95.82,-11.039041399999999
2011-04-11,-5.96,97.03,-5.625785899999998
2011-04-12,-10.15,97.73,-9.842244749999999
2011-04-13,-14.74,97.55,-14.345990999999996
2011-04-14,-10.14,93.85,-9.306551999999998
2011-04-15,-7.34,93.57,-6.567628399999998
2011-04-16,-5.24,92.9,-4.4691529999999995
2011-04-17,-3.46,96.89,-3.1527941999999993
2011-04-18,-1.97,98.49,-1.833216649999998
2011-04-19,-2.05,97.57,-1.8288092499999986
2011-04-20,-1.31,98.71,-1.197828049999999
2011-04-21,-1.37,98.7,-1.2565294999999985
2011-04-22,-3.02,97.35,-2.764645999999998
2011-04-23,-0.53,88.22,0.44379370000000096
2011-04-24,2.1,84.09,3.1850620000000007
2011-04-25,2.89,77.44,4.330568800000001
2011-04-26,5.41,59.8,7.419799000000001
2011-04-27,5.12,69.47,6.695042700000001
2011-04-28,4.28,67.46,6.109073400000001
2011-04-29,5.35,62.47,7.23869725
2011-04-30,2.49,67.9,4.6103655
2011-05-01,-0.24,70,2.1921000000000017
2011-05-02,0.37,76.73,2.1784280500000013
2011-05-03,-0.97,84.86,0.31818690000000105
2011-05-04,0.89,69.98,3.1371471000000004
2011-05-05,0.85,71.46,2.9926405000000016
2011-05-06,1.57,70.03,3.7013165500000005
2011-05-07,5.13,68.97,6.729131050000001
2011-05-08,8.45,64.79,9.621612749999999
2011-05-09,9.45,70.35,10.27352875
2011-05-10,5.95,69.66,7.376738500000001
2011-05-11,7.32,71.99,8.426114900000002
2011-05-12,6.05,71.25,7.38615625
2011-05-13,3.16,64.35,5.3834905000000015
2011-05-14,4.87,48.25,7.610938750000001
2011-05-15,7.82,55.33,9.461175800000001
2011-05-16,9.82,66.58,10.6802308
2011-05-17,8.7,71.66,9.604046
2011-05-18,7.65,68.3,8.844297500000001
2011-05-19,8.23,71.52,9.212132800000001
2011-05-20,10.56,64.44,11.330585200000002
2011-05-21,10.75,60,11.575000000000001
2011-05-22,12.7,61.39,13.082239
2011-05-23,14.73,65.39,14.68621835
2011-05-24,12.72,54.53,13.1651513
2011-05-25,11.59,69.92,12.0714304
2011-05-26,14.84,53.37,14.7528019
2011-05-27,15.06,58.75,14.93295
2011-05-28,11.95,58.1,12.5376475
2011-05-29,12.35,60.61,12.81578675
2011-05-30,8.09,90.24,8.434088800000001
2011-05-31,11.34,72.25,11.822295
2011-06-01,13.99,61.54,14.0978803
2011-06-02,15.13,60.13,14.991850450000001
2011-06-03,15.32,65,15.16215
2011-06-04,12.83,65.1,13.1505565
2011-06-05,14.36,63.14,14.388382199999999
2011-06-06,14.52,64.54,14.5160994
2011-06-07,10.25,68.37,10.98935125
2011-06-08,7.7,82.34,8.360484
2011-06-09,8.7,78.3,9.39223
2011-06-10,12.83,60.82,13.1898683
2011-06-11,15.53,68.23,15.35002295
2011-06-12,20.69,66.87,19.562089150000002
2011-06-13,20.2,80.31,19.5827185
2011-06-14,15.18,62.91,15.0412834
2011-06-15,12.04,55.99,12.6354553
2011-06-16,12.99,63.14,13.2961223
2011-06-17,16.72,51.25,16.1247625
2011-06-18,15.39,62.52,15.2065354
2011-06-19,18.71,46.1,17.4619455
2011-06-20,15.36,78.59,15.2587307
2011-06-21,16.51,55.83,16.02170065
2011-06-22,17.66,60.21,16.9684498
2011-06-23,20.29,54.78,18.8499691
2011-06-24,22.08,51.4,20.053866
2011-06-25,20.53,56.3,19.080689500000002
2011-06-26,13.36,74.06,13.522643799999999
2011-06-27,16.22,56.75,15.810854999999998
2011-06-28,17.27,56.55,16.60803925
2011-06-29,18.22,56.91,17.3383786
2011-06-30,17.86,64.13,17.197122399999998
2011-07-01,19.36,63.16,18.3752668
2011-07-02,16.05,62.54,15.7306535
2011-07-03,14.17,79.67,14.20689895
2011-07-04,14.08,85.13,14.1143497
2011-07-05,16.72,72.98,16.390085799999998
2011-07-06,18.37,67.8,17.684623000000002
2011-07-07,19.98,63.3,18.873862
2011-07-08,21.76,56.16,20.0094688
2011-07-09,21.82,54.75,19.998235
2011-07-10,23.31,51.21,20.94588055
2011-07-11,25.21,49.38,22.2282289
2011-07-12,26.25,48.92,22.948954999999998
2011-07-13,26.72,45.49,23.0563829
2011-07-14,26.84,45.98,23.1736626
2011-07-15,27.56,47.64,23.7989812
2011-07-16,28.14,46.7,24.141434
2011-07-17,27.36,50.35,23.8482555
2011-07-18,25.29,58.72,22.840238399999997
2011-07-19,26.09,54,23.15773
2011-07-20,21.68,58.16,20.0277384
2011-07-21,23.39,51.68,21.0273936
2011-07-22,20.49,72.32,19.5780824
2011-07-23,22.52,62.21,20.8530831
2011-07-24,24.26,62.04,22.2223072
2011-07-25,19.18,53.6,17.985664
2011-07-26,21.23,49.93,19.37665895
2011-07-27,22.36,49.58,20.180343399999998
2011-07-28,24.41,62.25,22.35243625
2011-07-29,21.26,71.67,20.2066906
2011-07-30,18.27,70.39,17.65603665
2011-07-31,22.59,69.46,21.2311227
2011-08-01,25.25,62.7,23.0446375
2011-08-02,23.68,64,21.86236
2011-08-03,22.9,68.21,21.431302
2011-08-04,24.21,60.15,22.08181075
2011-08-05,22.01,66.29,20.617608450000002
2011-08-06,21.66,71.58,20.5408204
2011-08-07,23.77,61.06,21.7846441
2011-08-08,24.18,58.24,21.9566976
2011-08-09,24.3,57.35,22.001165
2011-08-10,19.48,38.01,17.7820939
2011-08-11,15.24,40.11,14.9962477
2011-08-12,17.5,44,16.576
2011-08-13,14.44,48.05,14.457143499999999
2011-08-14,13.59,59.36,13.7934032
2011-08-15,13.22,71.6,13.419936
2011-08-16,13.07,77.17,13.24955795
2011-08-17,13.88,84.72,13.932104800000001
2011-08-18,15.09,71.85,14.99865325
2011-08-19,17.62,54.24,16.834758400000002
2011-08-20,17.39,56.92,16.7052434
2011-08-21,18.78,62.35,17.893719
2011-08-22,19.81,56.61,18.54279505
2011-08-23,15.47,58.1,15.2464635
2011-08-24,17.22,56,16.56176
2011-08-25,13.12,69.9,13.348459
2011-08-26,13.65,59.62,13.8387765
2011-08-27,15.98,61.94,15.6701916
2011-08-28,14.66,84.89,14.6467032
2011-08-29,9.92,89.17,10.1928077
2011-08-30,8.69,68.42,9.6991389
2011-08-31,8.91,62.72,10.056173600000001
2011-09-01,8.53,65.12,9.6752848
2011-09-02,9.72,60.79,10.7508309
2011-09-03,11.23,64.37,11.87080555
2011-09-04,8.96,94.1,9.139773000000002
2011-09-05,7.6,80.47,8.3411635
2011-09-06,10.23,76.87,10.773208050000001
2011-09-07,4.85,88.05,5.484246250000001
2011-09-08,3.26,65.8,5.374244000000001
2011-09-09,3.88,66.12,5.8589308
2011-09-10,2.66,67.82,4.755561600000002
2011-09-11,2.88,64.3,5.161587000000001
2011-09-12,1.87,79.46,3.2968111000000015
2011-09-13,1.3,74.29,3.1665460000000007
2011-09-14,1.93,68.48,4.109135200000001
2011-09-15,3.96,77.12,5.2863536
2011-09-16,2.9,86.72,3.7472640000000013
2011-09-17,1.25,86.15,2.2593187500000007
2011-09-18,-0.08,95.63,0.270430300000002
2011-09-19,0.39,80.96,1.8675992000000012
2011-09-20,1.65,65.21,4.108783250000001
2011-09-21,2.55,68.72,4.605878000000001
2011-09-22,2.93,85.42,3.8577983000000007
2011-09-23,-0.44,77.79,1.3849957000000002
2011-09-24,-1.53,67.29,1.3538771500000009
2011-09-25,-1.54,77.05,0.48464900000000144
2011-09-26,-1.14,69.94,1.4457612000000017
2011-09-27,-2.44,79.77,-0.5551708999999978
2011-09-28,-4.14,82.84,-2.380756799999998
2011-09-29,-5.01,75.09,-2.3370324499999993
2011-09-30,-4.03,74.51,-1.4321866499999998
2011-10-01,0.33,91.49,0.9932268500000014
2011-10-02,1.14,94.5,1.5441400000000014
2011-10-03,2.44,97.17,2.6277139000000007
2011-10-04,0.58,85.73,1.6725112000000002
2011-10-05,0.76,90.97,1.4423971000000009
2011-10-06,-0.63,86.5,0.4934025000000014
2011-10-07,0.45,96.32,0.734372000000002
2011-10-08,0.41,98.68,0.5122934000000006
2011-10-09,-3.22,82.3,-1.4949579999999985
2011-10-10,-0.13,89.77,0.6931569500000018
2011-10-11,-0.34,97.04,-0.09840479999999896
2011-10-12,-3.14,87,-1.878739999999999
2011-10-13,-3.46,82.03,-1.6849233999999988
2011-10-14,-2.01,94.3,-1.4924114999999982
2011-10-15,-8.33,85.73,-6.53818745
2011-10-16,-8.18,79.25,-5.591644999999998
2011-10-17,-8.05,74.99,-4.948134749999999
2011-10-18,-3.64,89.85,-2.627334499999998
2011-10-19,-9.3,91.28,-8.158551999999998
2011-10-20,-9.89,91.77,-8.785986649999998
2011-10-21,-6.94,97.5,-6.645199999999999
2011-10-22,-8.17,98.02,-7.923123699999999
2011-10-23,-7.48,99.12,-7.373616799999999
2011-10-24,-3.49,98.81,-3.37225545
2011-10-25,-6.03,98.83,-5.897889449999998
2011-10-26,-11.71,98.6,-11.508182999999997
2011-10-27,-20.88,99.13,-20.710706699999992
2011-10-28,-23.98,99.08,-23.7852912
2011-10-29,-23,99.39,-22.874187499999994
2011-10-30,-25.73,98.63,-25.426866949999997
2011-10-31,-25.51,99.39,-25.375766449999997
2011-11-01,-26.57,99.29,-26.40962165
2011-11-02,-26.42,96.63,-25.661547799999997
2011-11-03,-20.27,99.62,-20.1973307
2011-11-04,-13.33,99.95,-13.32234675
2011-11-05,-14.41,99.09,-14.26530545
2011-11-06,-23.95,98.57,-23.647590749999996
2011-11-07,-19.94,98.25,-19.608514999999997
2011-11-08,-10.64,98.85,-10.480989499999998
2011-11-09,-15.99,97.68,-15.6009476
2011-11-10,-36.28,99.57,-36.1599053
2011-11-11,-31.1,99.43,-30.957044
2011-11-12,-21.97,99.59,-21.88776015
2011-11-13,-23.53,99.5,-23.4254175
2011-11-14,-26.27,98.77,-25.994190949999993
2011-11-15,-30.33,98.75,-30.021793749999993
2011-11-16,-31.3,98.07,-30.813832999999995
2011-11-17,-36.12,98.97,-35.8332377
2011-11-18,-29.99,98.94,-29.730623299999994
2011-11-19,-28.55,98.82,-28.270605499999995
2011-11-20,-31.34,96.81,-30.5357372
2011-11-21,-31.44,98.24,-30.995300799999995
2011-11-22,-30.17,97.71,-29.607381349999997
2011-11-23,-30.59,98.48,-30.2130476
2011-11-24,-30.12,99.12,-29.9040392
2011-11-25,-35.43,99,-35.155384999999995
2011-11-26,-32.2,98.35,-31.7761975
2011-11-27,-32.35,98.6,-31.989254999999993
2011-11-28,-37.96,98.1,-37.411792999999996
2011-11-29,-36.52,99.36,-36.3404096
2011-11-30,-38.09,99.34,-37.899098300000006
2011-12-01,-37.73,98.38,-37.26463069999999
2011-12-02,-36.27,98.1,-35.739453499999996
2011-12-03,-38.83,97.21,-38.01165114999999
2011-12-04,-29.46,98.62,-29.126343599999995
2011-12-05,-33.19,99.66,-33.10081969999999
2011-12-06,-34.55,98.66,-34.188501499999994
2011-12-07,-28.52,99.28,-28.349640799999996
2011-12-08,-23.87,99.65,-23.79613775
2011-12-09,-29.58,98.88,-29.308467199999996
2011-12-10,-34.2,98.6,-33.82501
2011-12-11,-37.46,98.43,-37.0113254
2011-12-12,-38.64,99.33,-38.4441791
2011-12-13,-35.07,97.91,-34.50019284999999
2011-12-14,-42.4,95.46,-40.97920699999999
2011-12-15,-36.36,98.51,-35.943202299999996
2011-12-16,-33.77,98.47,-33.36380795
2011-12-17,-38.48,98.51,-38.0458289
2011-12-18,-36.86,97.85,-36.25266799999999
2011-12-19,-37.39,97.3,-36.61943349999999
2011-12-20,-41.11,96.08,-39.91104839999999
2011-12-21,-41.94,98.08,-41.34399359999999
2011-12-22,-45.94,97.73,-45.18540659999999
2011-12-23,-45.71,86.89,-41.368557949999996
2011-12-24,-43.49,95.1,-41.92716949999999
2011-12-25,-39.88,92.06,-37.5052254
2011-12-26,-39.23,95.79,-37.98588185
2011-12-27,-45.43,90.24,-42.212957599999996
2011-12-28,-44.36,92.64,-41.9773472
2011-12-29,-42.15,96.1,-40.93485749999999
2011-12-30,-36.84,98.2,-36.331734000000004
2011-12-31,-33.65,97.77,-33.059440249999994
2012-01-01,-30.28,97.85,-29.750476499999998
2012-01-02,-28.18,98.62,-27.856058799999996
2012-01-03,-28.36,99.91,-28.338784299999993
2012-01-04,-27.83,99.69,-27.757827349999996
2012-01-05,-23.32,99.56,-23.228475599999996
2012-01-06,-33.09,98.59,-32.72093955
2012-01-07,-47.04,96.64,-45.9027408
2012-01-08,-51.58,96.71,-50.38428239999999
2012-01-09,-46.43,95.64,-44.968898599999996
2012-01-10,-47.31,98.07,-46.65388684999999
2012-01-11,-50.95,96.53,-49.70088675
2012-01-12,-50.22,89.47,-46.47174119999999
2012-01-13,-50.92,94.86,-49.070576599999995
2012-01-14,-42.47,96.67,-41.426594449999996
2012-01-15,-38.94,96.45,-37.896584
2012-01-16,-35.14,95.46,-33.900489199999996
2012-01-17,-34.2,96.09,-33.1527065
2012-01-18,-31.56,95.64,-30.455481199999994
2012-01-19,-35.95,99.38,-35.77796549999999
2012-01-20,-38.82,98.42,-38.35664919999999
2012-01-21,-37.07,97.55,-36.37509425
2012-01-22,-38.35,98.79,-37.99828325
2012-01-23,-33.82,97.89,-33.259246399999995
2012-01-24,-19.51,99.58,-19.4314369
2012-01-25,-18.7,99.55,-18.617829999999994
2012-01-26,-16.94,98.53,-16.685807599999997
2012-01-27,-31.11,98.8,-30.808973999999996
2012-01-28,-34.33,98.07,-33.81166954999999
2012-01-29,-39.27,98.73,-38.89441655
2012-01-30,-38.53,97.71,-37.862087149999994
2012-01-31,-32.1,99,-31.8437
2012-02-01,-25.61,97.75,-25.11363875
2012-02-02,-30.16,98.07,-29.685934099999994
2012-02-03,-28.65,99.34,-28.493365499999996
2012-02-04,-31.59,97.75,-31.019636249999998
2012-02-05,-38.19,98.19,-37.665471049999994
2012-02-06,-37.57,98.85,-37.24065724999999
2012-02-07,-34.45,98.02,-33.916934499999996
2012-02-08,-38.61,98.06,-38.043316299999994
2012-02-09,-39.36,97.27,-38.55129209999999
2012-02-10,-34.95,97.53,-34.27822175
2012-02-11,-38.67,99.01,-38.38048935
2012-02-12,-34.21,98.9,-33.9153045
2012-02-13,-36.88,97.98,-36.3091682
2012-02-14,-34.8,95.82,-33.66659299999999
2012-02-15,-34.6,98.33,-34.149016499999995
2012-02-16,-31.56,99.02,-31.311736599999993
2012-02-17,-24.73,99.52,-24.626432799999996
2012-02-18,-29.57,98.17,-29.126435449999995
2012-02-19,-31.6,97.26,-30.905273
2012-02-20,-32.63,97.82,-32.06491129999999
2012-02-21,-34.45,98.4,-34.01924
2012-02-22,-36.85,98.83,-36.51956275
2012-02-23,-37.08,98.74,-36.72255059999999
2012-02-24,-35.97,98.48,-35.5480708
2012-02-25,-34.05,98.37,-33.614749249999996
2012-02-26,-39.7,98.82,-39.348242
2012-02-27,-36.78,99.1,-36.526163999999994
2012-02-28,-31.82,98.82,-31.519383199999996
2012-02-29,-32.37,98.6,-32.00910099999999
2012-03-01,-26.95,96.33,-26.113331749999993
2012-03-02,-29.88,97.45,-29.257570499999996
2012-03-03,-33.64,99.14,-33.4122978
2012-03-04,-32.01,99.22,-31.81047209999999
2012-03-05,-32.8,98.53,-32.41757949999999
2012-03-06,-31.59,97.82,-31.03738089999999
2012-03-07,-30.98,99.32,-30.809904799999998
2012-03-08,-28.8,98.59,-28.464208499999998
2012-03-09,-19.49,97.03,-18.934773349999997
2012-03-10,-24.46,94.59,-23.300745199999998
2012-03-11,-27.89,94.98,-26.7196121
2012-03-12,-30.26,96.69,-29.445144199999994
2012-03-13,-33.73,94.24,-32.20207359999999
2012-03-14,-34.68,96.45,-33.7197605
2012-03-15,-34.34,96.44,-33.3837128
2012-03-16,-28.68,96.5,-27.848784999999996
2012-03-17,-22.28,98.04,-21.883511600000002
2012-03-18,-21.56,98.33,-21.228788899999994
2012-03-19,-23.2,98.1,-22.806034999999998
2012-03-20,-19.77,99.52,-19.679527199999995
2012-03-21,-12.31,99.18,-12.1890869
2012-03-22,-12.94,98.06,-12.647215199999998
2012-03-23,-17.03,97.65,-16.62247475
2012-03-24,-21.42,97.11,-20.8490516
2012-03-25,-20.86,97.83,-20.437978399999995
2012-03-26,-14.47,93.41,-13.419982349999998
2012-03-27,-15.26,98.1,-14.949007999999997
2012-03-28,-16.21,97.1,-15.720175499999996
2012-03-29,-20.14,97.15,-19.597018000000002
2012-03-30,-21.44,97.47,-20.9398949
2012-03-31,-20.2,96.64,-19.558743999999997
2012-04-01,-19.06,98.21,-18.729601799999994
2012-04-02,-16.67,96.73,-16.10940755
2012-04-03,-16.64,97.25,-16.1690075
2012-04-04,-15.21,97.46,-14.794951299999996
2012-04-05,-12.38,98.07,-12.094668799999997
2012-04-06,-12.5,96.64,-12.001039999999998
2012-04-07,-10.94,97.07,-10.530034399999996
2012-04-08,-6.39,98.03,-6.163656849999999
2012-04-09,-4.55,94.86,-4.011456499999998
2012-04-10,-9.14,97.59,-8.8266518
2012-04-11,-8.71,97.55,-8.397245249999997
2012-04-12,-9.47,97.2,-9.100862
2012-04-13,-7.53,97.25,-7.196796249999999
2012-04-14,-3.94,98.03,-3.740202599999999
2012-04-15,-4.76,96.95,-4.4369134999999975
2012-04-16,-2.76,97.67,-2.5388130999999996
2012-04-17,-5.41,96.73,-5.051918649999999
2012-04-18,-3.14,97.57,-2.9042413999999988
2012-04-19,-0.51,98.85,-0.41506174999999795
2012-04-20,-0.16,99.13,-0.0898518999999978
2012-04-21,-0.84,99.01,-0.7564736999999995
2012-04-22,-1.53,98.89,-1.4321368499999996
2012-04-23,-2.51,96.75,-2.2059462499999984
2012-04-24,-1.01,98.77,-0.905074849999998
2012-04-25,-5.56,96.75,-5.201427499999998
2012-04-26,-7.16,95,-6.564349999999998
2012-04-27,-3.98,96.47,-3.6212107999999987
2012-04-28,-7.72,97.33,-7.393699299999999
2012-04-29,-5.37,96.9,-5.0312165
2012-04-30,-4.53,97,-4.216004999999999
2012-05-01,-2.85,93.68,-2.246914
2012-05-02,-2.26,94.99,-1.798178199999998
2012-05-03,-1.49,93.83,-0.9473793499999992
2012-05-04,0.25,75.5,2.1701875000000013
2012-05-05,3.83,81.06,4.9414939
2012-05-06,7.02,84.07,7.6753602
2012-05-07,8.91,80.72,9.5027636
2012-05-08,10.98,74.07,11.4820048
2012-05-09,12.09,75.56,12.4139522
2012-05-10,11.9,71.33,12.309981
2012-05-11,5.37,74.51,6.64998035
2012-05-12,6.1,65.63,7.687894
2012-05-13,5.43,77.69,6.54293435
2012-05-14,9,72.94,9.818565
2012-05-15,11.84,69.76,12.2824112
2012-05-16,6.49,75.94,7.549963300000001
2012-05-17,5.29,73.39,6.637929550000001
2012-05-18,4.74,82.72,5.667590400000001
2012-05-19,4.03,69.76,5.7713704
2012-05-20,1.99,74.78,3.7252621000000006
2012-05-21,6.75,65.19,8.23377625
2012-05-22,8.37,71.89,9.31772865
2012-05-23,7.62,91.23,7.9518568
2012-05-24,7.36,93.61,7.610935300000001
2012-05-25,7.62,83.41,8.247765600000001
2012-05-26,11.99,70.96,12.390897200000001
2012-05-27,12.15,67.98,12.5638585
2012-05-28,10.32,58.03,11.2848903
2012-05-29,13.15,74.21,13.34149075
2012-05-30,15.71,74.69,15.54156195
2012-05-31,19.52,59.1,18.390750999999998
2012-06-01,19.42,69.77,18.6019762
2012-06-02,18.39,68.3,17.7117785
2012-06-03,13.7,60.11,13.875516
2012-06-04,11.81,62.01,12.37206205
2012-06-05,15.32,80.04,15.2299804
2012-06-06,13.95,84.06,13.9982185
2012-06-07,13.49,89.34,13.5492163
2012-06-08,17.89,79.69,17.511320050000002
2012-06-09,17.36,70.05,16.888886499999998
2012-06-10,19.9,67.07,18.921978999999997
2012-06-11,20.36,66.85,19.2915755
2012-06-12,20.92,59.43,19.4874733
2012-06-13,24.27,52.84,21.7358574
2012-06-14,23.53,57.94,21.4410901
2012-06-15,24.75,48.59,21.85176125
2012-06-16,25.05,48.43,22.05765075
2012-06-17,24.99,54.46,22.362569699999998
2012-06-18,23.81,70.72,22.310717599999997
2012-06-19,18.51,74.77,17.953552350000002
2012-06-20,10.74,65.55,11.452426
2012-06-21,10.69,71.1,11.2955995
2012-06-22,11.88,67.02,12.355241800000002
2012-06-23,12.57,65.79,12.93313915
2012-06-24,16.68,48.03,16.0568797
2012-06-25,16.62,55.13,16.0968158
2012-06-26,19.86,65.89,18.8544372
2012-06-27,21.87,79.47,21.03781645
2012-06-28,21.47,62.98,20.0508383
2012-06-29,21.47,59.95,19.93468325
2012-06-30,20.14,64.53,19.0397206
2012-07-01,20.81,46.94,18.9685527
2012-07-02,21.76,40.09,19.3677937
2012-07-03,22.86,48.01,20.469499799999998
2012-07-04,19.21,50.48,17.9271844
2012-07-05,20.01,58.8,18.761434
2012-07-06,16.47,48.94,15.916764899999999
2012-07-07,18.17,47.79,17.11614115
2012-07-08,21.38,38.63,19.0577592
2012-07-09,24.04,45.94,21.2034718
2012-07-10,23.99,52.15,21.49246925
2012-07-11,22.71,56.06,20.7258893
2012-07-12,22.9,68.13,21.427605999999997
2012-07-13,23.23,55.22,21.0798883
2012-07-14,22.81,68.64,21.3766912
2012-07-15,18.07,49.56,17.0796106
2012-07-16,18.57,57.36,17.6155036
2012-07-17,20.29,52.5,18.7773625
2012-07-18,15.42,80.09,15.3192554
2012-07-19,19.52,66.39,18.592027899999998
2012-07-20,21.48,71.85,20.3993215
2012-07-21,19.52,79.98,18.9672478
2012-07-22,17.86,55.27,17.0333896
2012-07-23,17.01,44.51,16.24396055
2012-07-24,22.18,38.97,19.602092799999998
2012-07-25,23.63,39.02,20.567889299999997
2012-07-26,23.3,51.04,20.930336
2012-07-27,23.78,44.11,20.9273744
2012-07-28,23.69,45.25,20.92266125
2012-07-29,23.55,37.07,20.41765925
2012-07-30,24.58,46.37,21.6067528
2012-07-31,24.89,48.44,21.943603799999998
2012-08-01,24.65,50.74,21.9000605
2012-08-02,24.41,59.33,22.19328165
2012-08-03,25.83,50.93,22.772202949999997
2012-08-04,21.85,67.56,20.538613
2012-08-05,13.07,61.99,13.36894865
2012-08-06,16.06,45.46,15.592046799999999
2012-08-07,17.14,40.97,16.2828844
2012-08-08,16.74,44.12,16.051558399999998
2012-08-09,16.26,62.44,15.8964192
2012-08-10,12.59,90.2,12.692949
2012-08-11,15.58,67.06,15.3843364
2012-08-12,18,61.26,17.254255
2012-08-13,17.88,67.09,17.2682031
2012-08-14,15.36,64.66,15.1928418
2012-08-15,9.76,79.29,10.2999097
2012-08-16,13.49,62.8,13.696646
2012-08-17,11.26,91.87,11.4048766
2012-08-18,13.12,71.79,13.3341139
2012-08-19,11.55,70.28,12.032207000000001
2012-08-20,11.64,60.5,12.261335
2012-08-21,10.59,75.16,11.1241842
2012-08-22,9.74,68.73,10.5586486
2012-08-23,13.4,48.59,13.7110305
2012-08-24,13.71,65.37,13.86046735
2012-08-25,12.53,75.9,12.7911235
2012-08-26,6.72,95.6,6.908276000000001
2012-08-27,10.66,65.65,11.385472
2012-08-28,9.63,81.47,10.126326050000001
2012-08-29,11.74,58.91,12.3637462
2012-08-30,10.46,71.35,11.096603000000002
2012-08-31,7.03,73.48,8.1195742
2012-09-01,5.88,69.29,7.3359611000000005
2012-09-02,8.12,60.05,9.5218455
2012-09-03,12.51,69.33,12.84568315
2012-09-04,14.43,69.66,14.4416809
2012-09-05,12.18,70.98,12.550295199999999
2012-09-06,10.71,87.36,10.9734808
2012-09-07,11.66,79.82,11.9752116
2012-09-08,12.3,69.02,12.674858
2012-09-09,11.51,89.23,11.68711265
2012-09-10,9.8,95.65,9.9124475
2012-09-11,9.9,75.21,10.527187000000001
2012-09-12,9.87,78.19,10.42539165
2012-09-13,7.37,82.62,8.0515567
2012-09-14,7.71,82.5,8.3635375
2012-09-15,6.66,85.08,7.303350400000001
2012-09-16,5.72,79.25,6.722017500000001
2012-09-17,6.9,70.67,8.125994
2012-09-18,5.14,77.25,6.31117
2012-09-19,5.07,70.93,6.577715550000001
2012-09-20,4.34,79.55,5.482746000000001
2012-09-21,4.25,65.69,6.184226250000001
2012-09-22,3.59,72.49,5.24073755
2012-09-23,4.07,67.2,5.9515720000000005
2012-09-24,3.78,69.47,5.580048800000001
2012-09-25,7.58,78.69,8.391058600000001
2012-09-26,7.2,91.62,7.536457
2012-09-27,2.86,93.86,3.253082800000001
2012-09-28,3.03,85.3,3.9573495000000007
2012-09-29,4.61,85.82,5.381321100000002
2012-09-30,3.28,91.63,3.7965127000000005
2012-10-01,1.24,89.69,1.9919083000000009
2012-10-02,0.75,82.4,2.0810000000000004
2012-10-03,-1.21,85.77,0.019543150000001397
2012-10-04,-1.05,77.59,0.8666152500000011
2012-10-05,-1.63,77.63,0.3545545500000018
2012-10-06,-3.78,75.15,-1.2815809999999987
2012-10-07,-6.56,83.82,-4.685870599999997
2012-10-08,-5.37,78.48,-3.0181867999999996
2012-10-09,-3.76,75.65,-1.3145295
2012-10-10,-3.81,82.7,-2.0678034999999992
2012-10-11,-4.2,92.7,-3.449195
2012-10-12,-5.4,88.29,-4.1183404999999995
2012-10-13,-6.44,85.68,-4.790765599999999
2012-10-14,-5.58,84.34,-3.8505095999999996
2012-10-15,-7.16,79.56,-4.7249827999999985
2012-10-16,-8.46,79.31,-5.8472668
2012-10-17,-7.51,90.5,-6.3599774999999985
2012-10-18,-3.86,97.94,-3.651981199999999
2012-10-19,-9.85,93.54,-8.984844499999998
2012-10-20,-12.6,91.69,-11.361394499999996
2012-10-21,-13.77,85.22,-11.471931699999997
2012-10-22,-13.75,82.96,-11.102409999999997
2012-10-23,-16.48,92.1,-15.133918999999997
2012-10-24,-13.55,91.48,-12.235577000000001
2012-10-25,-12.96,93.9,-12.038716999999998
2012-10-26,-13.4,91.81,-12.143244499999998
2012-10-27,-15.03,87.23,-12.955960449999997
2012-10-28,-15.76,94.99,-14.926185699999996
2012-10-29,-18.02,90.61,-16.3405046
2012-10-30,-16.31,94.6,-15.394942999999998
2012-10-31,-4.62,99.42,-4.5590072
2012-11-01,-18.18,99.02,-18.003854799999996
2012-11-02,-23.52,98.94,-23.298343399999997
2012-11-03,-17.43,97.04,-16.910179599999996
2012-11-04,-18.36,99.27,-18.228067099999997
2012-11-05,-19.51,99.4,-19.397766999999998
2012-11-06,-23.36,99.48,-23.251720399999996
2012-11-07,-25.84,99.31,-25.686909699999994
2012-11-08,-29.31,99.28,-29.136512399999994
2012-11-09,-27.07,96.97,-26.37723595
2012-11-10,-27.2,98.7,-26.901844999999994
2012-11-11,-29.71,99.64,-29.622464199999996
2012-11-12,-29.47,99.8,-29.421632999999993
2012-11-13,-29.17,97.36,-28.5359116
2012-11-14,-28.59,98.98,-28.3482651
2012-11-15,-28.15,98.54,-27.807520499999995
2012-11-16,-27.85,98.39,-27.47499075
2012-11-17,-32.19,99.25,-31.997403749999997
2012-11-18,-37.87,99.08,-37.605007799999996
2012-11-19,-35.51,97.44,-34.80585919999999
2012-11-20,-31.04,98.69,-30.711884299999994
2012-11-21,-31,98.76,-30.68969
2012-11-22,-39.29,97.88,-38.66280859999999
2012-11-23,-39.21,98.48,-38.7609844
2012-11-24,-34.99,97.53,-34.31767835
2012-11-25,-36.95,99.2,-36.72362
2012-11-26,-31.25,97.52,-30.625969999999995
2012-11-27,-31.73,96.88,-30.936693199999997
2012-11-28,-34.88,98.9,-34.581251
2012-11-29,-40.23,99.67,-40.13066504999999
2012-11-30,-38.97,98.62,-38.5641627
2012-12-01,-35.62,99.18,-35.3939588
2012-12-02,-36.11,98.86,-35.79267529999999
2012-12-03,-41.32,98.29,-40.7950129
2012-12-04,-38.79,98.34,-38.30346229999999
2012-12-05,-32.45,97.86,-31.8973985
2012-12-06,-25.3,98.83,-25.043886999999998
2012-12-07,-24.92,98.06,-24.4993886
2012-12-08,-25.97,98.08,-25.542636799999993
2012-12-09,-28.93,98.33,-28.531095449999995
2012-12-10,-31.76,98.27,-31.3198361
2012-12-11,-36.41,97.54,-35.721187699999994
2012-12-12,-35.63,96.14,-34.5657401
2012-12-13,-40.2,99.1,-39.929235
2012-12-14,-32.02,97.79,-31.4545494
2012-12-15,-29.42,98.76,-29.1204656
2012-12-16,-32.27,99.33,-32.09765255
2012-12-17,-32.43,99.48,-32.295780199999996
2012-12-18,-28.31,99.83,-28.269972649999993
2012-12-19,-28.1,99.9,-28.07657
2012-12-20,-39.11,98.72,-38.7325856
2012-12-21,-42.52,97.76,-41.817513600000005
2012-12-22,-34.99,99.97,-34.98183415
2012-12-23,-45.08,98.47,-44.5786343
2012-12-24,-47.7,95.83,-46.273443
2012-12-25,-39.9,96.27,-38.783984
2012-12-26,-37.05,96.81,-36.145555249999994
2012-12-27,-36.92,98.83,-36.5891123
2012-12-28,-42.4,98.14,-41.817913
2012-12-29,-43.39,98.3,-42.84872849999999
2012-12-30,-42.32,98.02,-41.7012302
2012-12-31,-40.8,97.29,-39.975753499999996
2013-01-01,-45.27,95.32,-43.7315202
2013-01-02,-45.03,96.4,-43.851306
2013-01-03,-48.24,94.19,-46.2351433
2013-01-04,-48.82,93.81,-46.664270599999995
2013-01-05,-42.94,94.97,-41.350922399999995
2013-01-06,-43.16,95.85,-41.84391049999999
2013-01-07,-41.25,98.24,-40.710339999999995
2013-01-08,-42.87,99.31,-42.65228084999999
2013-01-09,-42.79,98.38,-42.2795461
2013-01-10,-43.78,98.76,-43.3825304
2013-01-11,-46.38,97.36,-45.496022399999994
2013-01-12,-45.02,95.95,-43.694192
2013-01-13,-44.96,95.97,-43.64206909999999
2013-01-14,-44.62,95.26,-43.078741599999994
2013-01-15,-44.88,96.02,-43.580171799999995
2013-01-16,-44.19,97.56,-43.40238019999999
2013-01-17,-41.75,97.94,-41.1126875
2013-01-18,-40.99,96.96,-40.062207199999996
2013-01-19,-36.22,97.41,-35.4974936
2013-01-20,-34.7,97.14,-33.926084
2013-01-21,-32.17,97,-31.399945
2013-01-22,-33.73,97.04,-32.94481559999999
2013-01-23,-34.82,97.35,-34.101161
2013-01-24,-37.62,97.92,-37.02374719999999
2013-01-25,-37.91,97.05,-37.059647749999996
2013-01-26,-45.81,94.93,-44.12825565
2013-01-27,-42.5,96.9,-41.52815
2013-01-28,-40.8,97.83,-40.139994499999986
2013-01-29,-38.09,95.98,-36.9272351
2013-01-30,-32.94,98.67,-32.5929764
2013-01-31,-33.56,97.1,-32.793442999999996
2013-02-01,-39.53,97.19,-38.694966349999994
2013-02-02,-42.7,98.36,-42.184056
2013-02-03,-45.59,94.95,-43.92100025
2013-02-04,-40.51,97.13,-39.641667149999996
2013-02-05,-40.01,96.64,-39.00265519999999
2013-02-06,-39.6,95.84,-38.362192
2013-02-07,-40.18,97.35,-39.383039
2013-02-08,-44.27,99.31,-44.046967849999994
2013-02-09,-39.8,96.94,-38.88613099999999
2013-02-10,-37.88,98.04,-37.3153436
2013-02-11,-37.41,98.86,-37.08452429999999
2013-02-12,-35.86,98.02,-35.311579599999995
2013-02-13,-44.12,97.49,-43.310750899999995
2013-02-14,-37.1,97.77,-36.467126
2013-02-15,-31.85,98.18,-31.3860365
2013-02-16,-31.08,98.23,-30.636278699999995
2013-02-17,-31.71,99.74,-31.643919699999994
2013-02-18,-38.9,99.29,-38.691472999999995
2013-02-19,-34.13,99.19,-33.91335335
2013-02-20,-29.55,99.56,-29.443398999999996
2013-02-21,-28.87,97.62,-28.3022867
2013-02-22,-32.2,99.07,-31.9611295
2013-02-23,-31.92,98.56,-31.5523536
2013-02-24,-26.07,99.21,-25.893723349999995
2013-02-25,-25.42,98.16,-25.016009599999997
2013-02-26,-24.7,98.35,-24.34426
2013-02-27,-25.9,97.83,-25.417825999999994
2013-02-28,-26.58,97.01,-25.904439399999998
2013-03-01,-29.64,97.81,-29.108333699999996
2013-03-02,-30.28,98.82,-29.989377799999996
2013-03-03,-24.9,98.57,-24.590118999999994
2013-03-04,-21.11,98.71,-20.857347049999998
2013-03-05,-22.01,98.42,-21.6927281
2013-03-06,-20.88,98.08,-20.506387199999995
2013-03-07,-22.67,97.75,-22.21002125
2013-03-08,-29.06,96.04,-28.111263199999996
2013-03-09,-32.65,97.63,-32.03539974999999
2013-03-10,-29.59,97.12,-28.891614399999998
2013-03-11,-29.58,98.42,-29.196944799999994
2013-03-12,-25.91,95.49,-24.907629949999997
2013-03-13,-26.27,96.89,-25.572629149999997
2013-03-14,-26.65,97.91,-26.17698074999999
2013-03-15,-28.38,96.68,-27.597011199999997
2013-03-16,-27.31,96.93,-26.604038149999997
2013-03-17,-26.41,96.49,-25.620232449999996
2013-03-18,-24.4,94.63,-23.251088499999994
2013-03-19,-24.59,92.66,-23.011936699999996
2013-03-20,-20.83,96.41,-20.132409149999994
2013-03-21,-16.74,98.58,-16.496015599999996
2013-03-22,-17.35,97.12,-16.845495999999997
2013-03-23,-19.11,96.96,-18.548040799999995
2013-03-24,-18.82,96.82,-18.237233199999995
2013-03-25,-17.09,96.96,-16.561815199999998
2013-03-26,-14.12,97.36,-13.704437599999997
2013-03-27,-11.5,98.94,-11.348419999999997
2013-03-28,-11.28,98.01,-10.997837899999997
2013-03-29,-13.26,98.34,-13.006551199999997
2013-03-30,-14.86,96.93,-14.364256399999999
2013-03-31,-18.19,97.46,-17.733320699999997
2013-04-01,-18.12,91.59,-16.6111619
2013-04-02,-15.61,94.83,-14.753822149999996
2013-04-03,-17.56,96.26,-16.900525799999997
2013-04-04,-14.72,95.45,-13.988769499999998
2013-04-05,-8.05,98.21,-7.827995249999998
2013-04-06,-6.76,97.86,-6.509769799999998
2013-04-07,-7.79,97.1,-7.434474499999997
2013-04-08,-8.44,98.11,-8.201538699999999
2013-04-09,-7.54,97.46,-7.232101199999997
2013-04-10,-5.48,97.2,-5.172307999999999
2013-04-11,-9.48,97.58,-9.160826199999999
2013-04-12,-3.6,98.06,-3.4068729999999987
2013-04-13,-11.43,97.07,-11.012138049999997
2013-04-14,-9.49,96.62,-9.044025900000001
2013-04-15,-6.9,98.08,-6.674015999999997
2013-04-16,-2.54,98.23,-2.374115599999999
2013-04-17,-2.55,98.53,-2.4121507499999977
2013-04-18,-4.18,97.58,-3.931369199999999
2013-04-19,-3.11,97.99,-2.9153214499999973
2013-04-20,-2.08,98.42,-1.9359197999999986
2013-04-21,-2.12,98.75,-2.0057374999999986
2013-04-22,-2.85,98.21,-2.679189249999998
2013-04-23,-2.84,96.62,-2.5176494
2013-04-24,-3.75,94.23,-3.170836249999999
2013-04-25,-7.37,93.68,-6.6097988
2013-04-26,-1.74,87.88,-0.6574415999999983
2013-04-27,-0.76,88.11,0.2379277000000014
2013-04-28,2.16,82.67,3.3361871000000005
2013-04-29,4.54,81.47,5.555073400000001
2013-04-30,3.84,88.14,4.535351800000001
2013-05-01,6.2,83.87,6.936334500000001
2013-05-02,8.68,70.33,9.6297367
2013-05-03,9.68,70.17,10.4707933
2013-05-04,11.2,71.3,11.720905
2013-05-05,4.63,86.73,5.350361950000001
2013-05-06,5.51,84.45,6.27886975
2013-05-07,8.06,63.12,9.366289600000002
2013-05-08,5.95,74.97,7.127035750000001
2013-05-09,9.83,65.65,10.71227975
2013-05-10,8.88,77.01,9.590620900000001
2013-05-11,7.95,72,8.9587
2013-05-12,5.89,84.06,6.6448387
2013-05-13,11.27,71.03,11.78465205
2013-05-14,12.64,68.21,12.965211700000001
2013-05-15,12.84,66.54,13.1454898
2013-05-16,4.63,78.51,5.796584650000001
2013-05-17,9.8,56.76,10.917754
2013-05-18,10.28,66.77,11.0512683
2013-05-19,9.25,80.02,9.8269225
2013-05-20,5.32,60.92,7.293149200000001
2013-05-21,4.14,79.89,5.2858678
2013-05-22,4.98,77.25,6.171190000000001
2013-05-23,8.66,78.3,9.357004
2013-05-24,7.71,95.2,7.8892560000000005
2013-05-25,7.59,85.97,8.12321015
2013-05-26,8.62,57.66,9.9892756
2013-05-27,9.1,54.77,10.443331
2013-05-28,12.66,51.38,13.1520344
2013-05-29,13.4,65.08,13.611266
2013-05-30,10.25,78.25,10.75840625
2013-05-31,7.26,79.86,8.0619748
2013-06-01,9.14,78.94,9.760848800000002
2013-06-02,12.61,80.6,12.811663
2013-06-03,11.04,82.57,11.3716929
2013-06-04,13.09,82.11,13.22873695
2013-06-05,11.34,86.8,11.569416
2013-06-06,11.26,82.62,11.5697116
2013-06-07,12.87,78.68,13.061133799999999
2013-06-08,10.07,80.15,10.55364525
2013-06-09,10.1,66.75,10.90465
2013-06-10,15.34,63.63,15.1719706
2013-06-11,18.21,65.87,17.513577350000002
2013-06-12,19.23,67.01,18.37176515
2013-06-13,17.37,73.56,16.9526446
2013-06-14,15.5,78.73,15.383015
2013-06-15,14.89,71.5,14.828867500000001
2013-06-16,15.84,77.56,15.6746172
2013-06-17,17.28,75.23,16.9012667
2013-06-18,21.68,58.9,20.056960999999998
2013-06-19,23.48,57.4,21.375986
2013-06-20,19.15,60.81,18.14771575
2013-06-21,19.92,62.84,18.8122604
2013-06-22,19.66,70.46,18.8216548
2013-06-23,19.86,66.54,18.8735992
2013-06-24,18.38,83.8,18.034291999999997
2013-06-25,16.03,60.21,15.695167150000001
2013-06-26,11.78,81.66,12.0543664
2013-06-27,17.08,64.49,16.576113099999997
2013-06-28,22.61,72.74,21.394067699999997
2013-06-29,20.33,61.56,19.097421399999998
2013-06-30,17.3,71.79,16.865566
2013-07-01,22.1,59.77,20.418386
2013-07-02,22.33,68.58,20.9768977
2013-07-03,16.76,61.38,16.2799534
2013-07-04,17.01,56.53,16.40989665
2013-07-05,16.71,94.07,16.63792085
2013-07-06,13.05,94.14,13.096733500000001
2013-07-07,7.74,86.91,8.226686200000001
2013-07-08,9.85,70.31,10.60932175
2013-07-09,13.26,64.22,13.5040196
2013-07-10,13.9,74.99,13.982533
2013-07-11,16.63,71.28,16.2935452
2013-07-12,19.21,63.21,18.256955050000002
2013-07-13,21.16,61.03,19.7325289
2013-07-14,21.7,63.42,20.251431999999998
2013-07-15,19.22,84.97,18.829821199999998
2013-07-16,18.75,82.05,18.33041875
2013-07-17,19.53,95.79,19.413530350000002
2013-07-18,21.23,77.04,20.3801356
2013-07-19,22.86,78.59,21.8755682
2013-07-20,21.36,81.71,20.6699183
2013-07-21,22.13,77.08,21.168162199999998
2013-07-22,15.15,87.63,15.105777250000001
2013-07-23,13.33,71.89,13.51088785
2013-07-24,15.1,55.41,14.952853
2013-07-25,16.63,56.58,16.1213347
2013-07-26,18.96,57.39,17.9147767
2013-07-27,20.85,56.4,19.327270000000002
2013-07-28,19.33,66.52,18.440603799999998
2013-07-29,16.17,88.08,16.0605148
2013-07-30,15.5,97.24,15.48482
2013-07-31,18.24,87.09,17.9744413
2013-08-01,18.97,93.1,18.8003635
2013-08-02,18.79,90.89,18.57504955
2013-08-03,20.34,80.51,19.7139812
2013-08-04,17.65,85.85,17.40485125
2013-08-05,17.04,72.49,16.6556853
2013-08-06,18.6,65.32,17.817966000000002
2013-08-07,20.48,61.59,19.2166951
2013-08-08,20.16,69.93,19.2239209
2013-08-09,19.21,70.17,18.43725385
2013-08-10,19.1,72.83,18.412599
2013-08-11,19.54,85.68,19.143049599999998
2013-08-12,19.55,69.52,18.703418
2013-08-13,17.15,83.67,16.91199025
2013-08-14,15.35,74.1,15.2289175
2013-08-15,11.18,83.09,11.4887766
2013-08-16,12.51,67.29,12.86801095
2013-08-17,15.21,67.71,15.083907550000001
2013-08-18,16.22,65.56,15.894197599999998
2013-08-19,12.5,58.4,12.9576
2013-08-20,11.05,66.27,11.690026750000001
2013-08-21,9.99,65.09,10.85594255
2013-08-22,11.26,56.5,12.03517
2013-08-23,11.43,67.45,11.97960675
2013-08-24,11.88,70.39,12.306680100000001
2013-08-25,13,84.16,13.13068
2013-08-26,7.8,96.82,7.9171830000000005
2013-08-27,10.82,82.59,11.1723784
2013-08-28,13.74,68.39,13.8721298
2013-08-29,14.12,64.09,14.1950519
2013-08-30,13.75,71.25,13.86859375
2013-08-31,15.64,63.28,15.4097656
2013-09-01,7.33,72.1,8.430236500000001
2013-09-02,7.86,70.15,8.950122
2013-09-03,10.03,78.44,10.5600526
2013-09-04,9.49,70.87,10.292677150000001
2013-09-05,11.72,79.34,12.0358914
2013-09-06,13.74,90.24,13.780796800000001
2013-09-07,10.21,86.63,10.52546515
2013-09-08,5.8,75.18,6.987636999999999
2013-09-09,8.19,74.61,9.07115995
2013-09-10,4.82,95.98,5.034024800000001
2013-09-11,5.14,91.84,5.5600768
2013-09-12,4.35,95.83,4.58279025
2013-09-13,4.77,86.1,5.513858500000001
2013-09-14,5.66,79.44,6.659627200000001
2013-09-15,6.41,80.04,7.2981202000000005
2013-09-16,5.27,72.77,6.6523309500000005
2013-09-17,4.48,75.02,5.856647800000001
2013-09-18,1.75,77.4,3.3348250000000004
2013-09-19,2.28,71,4.229090000000001
2013-09-20,2.72,70.1,4.657221000000002
2013-09-21,3.39,86.4,4.2210280000000004
2013-09-22,4.21,78.3,5.438111500000001
2013-09-23,2,85.95,2.9659375000000003
2013-09-24,0.13,89.72,0.9424798000000013
2013-09-25,-2.57,86.82,-1.332595699999998
2013-09-26,0.12,91.48,0.7938468000000002
2013-09-27,-0.57,83.1,0.8307565000000013
2013-09-28,0.19,79.3,1.8191935000000008
2013-09-29,-2.2,74.67,0.12656050000000096
2013-09-30,-2.09,69.31,0.7103090500000007
2013-10-01,-4.55,72.97,-1.7179317499999986
2013-10-02,-5.61,83.11,-3.741881549999999
2013-10-03,-6.57,78.21,-4.044865849999999
2013-10-04,-6.15,77.81,-3.629770749999999
2013-10-05,-3.14,79.23,-1.1248945999999993
2013-10-06,-2.12,85.43,-0.7881562999999998
2013-10-07,-1.08,86.57,0.07081670000000195
2013-10-08,-0.67,88.81,0.26363765000000106
2013-10-09,-5.66,75.88,-2.9855743999999977
2013-10-10,-2.39,84.41,-0.9417669499999988
2013-10-11,-2.19,96.16,-1.8375071999999977
2013-10-12,-1.42,93.3,-0.8333479999999992
2013-10-13,-6.38,89.42,-5.1649927999999985
2013-10-14,-10.08,88.35,-8.505036499999997
2013-10-15,-8.09,93.29,-7.256316049999998
2013-10-16,-7.18,94.03,-6.468137199999998
2013-10-17,-7.72,94.05,-6.992850499999998
2013-10-18,-7.48,96.73,-7.0846897
2013-10-19,-4.71,97.83,-4.480728649999997
2013-10-20,-3.35,98.74,-3.2262994999999983
2013-10-21,-7.12,96.32,-6.682411199999997
2013-10-22,-13.14,95.19,-12.408783799999997
2013-10-23,-11.89,97.41,-11.514074449999999
2013-10-24,-10.71,97.54,-10.3689087
2013-10-25,-7.46,96.8,-7.073503999999999
2013-10-26,-10.89,95.58,-10.2727691
2013-10-27,-15.99,97.02,-15.490268899999997
2013-10-28,-14.04,95.42,-13.321077399999998
2013-10-29,-9.38,97.78,-9.0884252
2013-10-30,-17.73,97.36,-17.262020399999997
2013-10-31,-9.25,98.65,-9.073656249999999
2013-11-01,-4.53,99.05,-4.430568249999998
2013-11-02,-25.98,99.23,-25.808567199999995
2013-11-03,-20.07,99.88,-20.047183799999996
2013-11-04,-19.83,97.2,-19.301317999999995
2013-11-05,-28.64,99.07,-28.419338899999996
2013-11-06,-33.88,99.35,-33.707041499999995
2013-11-07,-30.82,98.31,-30.3987506
2013-11-08,-37.5,99.69,-37.411339999999996
2013-11-09,-29.96,99.37,-29.8059461
2013-11-10,-32.12,99.29,-31.937948899999995
2013-11-11,-33.9,99.18,-33.681715999999994
2013-11-12,-24.51,99.45,-24.39199475
2013-11-13,-23.15,99.84,-23.116867999999993
2013-11-14,-25.71,99.28,-25.5507684
2013-11-15,-22.73,98.44,-22.410566599999996
2013-11-16,-23.82,99.31,-23.674575599999997
2013-11-17,-26,98.94,-25.763884999999995
2013-11-18,-28.22,98.88,-27.956844799999995
2013-11-19,-27.39,99.15,-27.194164249999996
2013-11-20,-26.32,99.1,-26.117940999999995
2013-11-21,-16.21,99.69,-16.157639449999998
2013-11-22,-14.63,99.96,-14.623591399999997
2013-11-23,-16.3,99.51,-16.216994
2013-11-24,-21.14,99.61,-21.063552199999997
2013-11-25,-27.46,95.79,-26.4884162
2013-11-26,-30.83,98.55,-30.468493249999995
2013-11-27,-35.88,98.75,-35.5336375
2013-11-28,-27.05,99.5,-26.9357375
2013-11-29,-24.83,98.36,-24.475243399999997
2013-11-30,-27.82,99.06,-27.601205599999997
2013-12-01,-31.38,99.29,-31.200838599999997
2013-12-02,-30.13,98.46,-29.751983899999995
2013-12-03,-26.37,98.96,-26.136223599999997
2013-12-04,-24.94,98.41,-24.595097199999998
2013-12-05,-25.98,97.44,-25.410041599999996
2013-12-06,-28.88,98.41,-28.500641899999994
2013-12-07,-29.74,97.79,-29.202262799999996
2013-12-08,-28.79,97.31,-28.149524449999994
2013-12-09,-28.1,98.55,-27.760264999999997
2013-12-10,-31.61,98.81,-31.30821005
2013-12-11,-37.98,98.43,-37.526835199999994
2013-12-12,-30.49,96.56,-29.638789199999998
2013-12-13,-30.55,97.62,-29.960295499999997
2013-12-14,-32.28,98.75,-31.958387499999997
2013-12-15,-32.89,99.3,-32.707548499999994
2013-12-16,-29.36,97.96,-28.867890799999994
2013-12-17,-25.82,98.03,-25.3831328
2013-12-18,-27.81,98.87,-27.547043349999996
2013-12-19,-27.58,97.08,-26.904195199999997
2013-12-20,-30.14,92.08,-28.195481599999997
2013-12-21,-28.22,95.79,-27.230818399999997
2013-12-22,-29.76,98.32,-29.351037599999994
2013-12-23,-29.36,98.49,-28.995742699999994
2013-12-24,-29.91,99.36,-29.753676799999997
2013-12-25,-31.2,99.46,-31.064270999999994
2013-12-26,-35.31,98.89,-35.00590995
2013-12-27,-44.34,97.64,-43.576256799999996
2013-12-28,-40.16,98.42,-39.68500459999999
2013-12-29,-37.41,97.67,-36.744773349999996
2013-12-30,-40.83,98.41,-40.34613914999999
2013-12-31,-42.24,95.66,-40.8856162
2014-01-01,-39.85,97.6,-39.13258
2014-01-02,-42.29,96.49,-41.19366904999999
2014-01-03,-47.42,92.43,-44.841960799999995
2014-01-04,-46.41,96.19,-45.13363094999999
2014-01-05,-42.62,97.39,-41.80004239999999
2014-01-06,-36.34,98.13,-35.8171106
2014-01-07,-41.3,94.49,-39.60898099999999
2014-01-08,-45.66,97.1,-44.70044799999999
2014-01-09,-47.24,93.69,-45.097313299999996
2014-01-10,-45.28,93.93,-43.2842447
2014-01-11,-44.4,98.88,-44.037175999999995
2014-01-12,-41.02,96.35,-39.905436
2014-01-13,-40.66,97.67,-39.953124599999995
2014-01-14,-40.96,97.26,-40.1242178
2014-01-15,-44.51,95.74,-43.127395699999994
2014-01-16,-45.33,97.75,-44.589603749999995
2014-01-17,-43.4,97.67,-42.6580115
2014-01-18,-41.99,98.05,-41.38414475
2014-01-19,-45.24,97.36,-44.3725752
2014-01-20,-42.55,97.27,-41.69339424999999
2014-01-21,-47.16,97.43,-46.288435899999996
2014-01-22,-42.44,98.1,-41.84497699999999
2014-01-23,-35.75,98.12,-35.230415
2014-01-24,-35.31,98.93,-35.01686815
2014-01-25,-40.91,98.83,-40.553436649999995
2014-01-26,-45.53,97.98,-44.8630667
2014-01-27,-44.84,94.6,-43.077602
2014-01-28,-47.23,95.38,-45.661440699999986
2014-01-29,-45.08,97.87,-44.382020299999994
2014-01-30,-45.91,95.47,-44.40488484999999
2014-01-31,-45.88,95.8,-44.48522199999999
2014-02-01,-41.92,99.12,-41.6469272
2014-02-02,-43.82,100,-43.81999999999999
2014-02-03,-46.34,98.97,-45.9953414
2014-02-04,-46.49,98.65,-46.03714925
2014-02-05,-46.36,99.19,-46.08886869999999
2014-02-06,-46.14,96.99,-45.1361048
2014-02-07,-40.9,95.42,-39.504473999999995
2014-02-08,-35.31,94.77,-33.87721534999999
2014-02-09,-34.5,92.26,-32.41407
2014-02-10,-32.55,95.13,-31.289765749999994
2014-02-11,-30.74,95.2,-29.545663999999995
2014-02-12,-29.05,96.79,-28.281124749999996
2014-02-13,-28.34,96.77,-27.578947399999993
2014-02-14,-33.55,96.83,-32.712248249999995
2014-02-15,-32.92,97.13,-32.1714753
2014-02-16,-33.58,97.24,-32.8501456
2014-02-17,-38.44,99.35,-38.250739499999995
2014-02-18,-40.88,99.57,-40.7490263
2014-02-19,-37.09,98.52,-36.6700574
2014-02-20,-27.73,98.51,-27.383925149999996
2014-02-21,-29.33,99.4,-29.185360999999993
2014-02-22,-19.38,98.2,-19.044587999999997
2014-02-23,-22.06,98.64,-21.7865312
2014-02-24,-26.57,97.23,-25.94429855
2014-02-25,-23.95,96.79,-23.271165249999996
2014-02-26,-23.45,97.57,-22.942798249999996
2014-02-27,-24.95,96.88,-24.273037999999996
2014-02-28,-30.7,96.83,-29.911937999999996
2014-03-01,-32.78,97.74,-32.1923096
2014-03-02,-34.37,98.24,-33.89693839999999
2014-03-03,-26.5,95.72,-25.534859999999995
2014-03-04,-27.26,95.51,-26.2287368
2014-03-05,-27.72,98.04,-27.264868399999997
2014-03-06,-27.8,99.33,-27.6441245
2014-03-07,-26,99.36,-25.857439999999997
2014-03-08,-26.04,98.53,-25.712234099999993
2014-03-09,-26.19,99.12,-25.993060399999997
2014-03-10,-23.93,98.6,-23.634088999999992
2014-03-11,-20.11,98.76,-19.873959799999998
2014-03-12,-19.12,99.7,-19.064526999999998
2014-03-13,-17.11,99.25,-16.979608749999997
2014-03-14,-14.83,99.29,-14.715466349999998
2014-03-15,-11.79,97.55,-11.435742249999995
2014-03-16,-16.29,98.1,-15.968244499999997
2014-03-17,-14.44,99.88,-14.420899599999997
2014-03-18,-9.22,98.52,-9.026919199999996
2014-03-19,-8.64,97.71,-8.348551699999998
2014-03-20,-10.91,99.09,-10.78282295
2014-03-21,-14.91,98.42,-14.654427099999998
2014-03-22,-9.32,98.98,-9.1863698
2014-03-23,-6.06,98.57,-5.898295599999997
2014-03-24,-10.85,98.09,-10.583698249999998
2014-03-25,-8.89,97.65,-8.587684249999999
2014-03-26,-11.16,95.8,-10.567253999999997
2014-03-27,-7.74,97.47,-7.430530399999998
2014-03-28,-13.24,98.58,-13.023350599999997
2014-03-29,-9.12,97.39,-8.780934899999997
2014-03-30,-10.1,98.39,-9.882166999999999
2014-03-31,-14.32,97.82,-13.974448199999996
2014-04-01,-13.76,96.34,-13.191126199999998
2014-04-02,-11.04,96.33,-10.524475099999997
2014-04-03,-9.51,98.4,-9.298711999999998
2014-04-04,-11.37,97.88,-11.068355799999996
2014-04-05,-8.99,98.49,-8.794915549999997
2014-04-06,-3.08,97.49,-2.837308099999999
2014-04-07,-4.17,95.77,-3.735642449999998
2014-04-08,-8.93,97.67,-8.62974455
2014-04-09,-7.27,97.04,-6.915584399999998
2014-04-10,-3.09,98.45,-2.94004525
2014-04-11,-0.45,98.62,-0.3365294999999986
2014-04-12,0.29,97.55,0.48147975000000176
2014-04-13,-6.31,97.01,-5.967779549999999
2014-04-14,-5.3,96.69,-4.939540999999997
2014-04-15,-3.73,97.69,-3.4983878499999985
2014-04-16,-3.69,98.5,-3.539932499999998
2014-04-17,-1.12,96.92,-0.8553971999999991
2014-04-18,-4.57,90.44,-3.5672993999999987
2014-04-19,-2,82.68,-0.42820999999999976
2014-04-20,0.73,81.67,2.1182225500000005
2014-04-21,1.84,88,2.675560000000001
2014-04-22,2.38,89.54,3.0772636
2014-04-23,2.36,83.89,3.4356647000000002
2014-04-24,0.49,85.76,1.5872632000000007
2014-04-25,1.52,90.95,2.1660795000000004
2014-04-26,-0.13,80.18,1.4648163000000007
2014-04-27,1.84,69.77,3.9449149000000014
2014-04-28,2.72,72.15,4.524401500000001
2014-04-29,4.2,80.29,5.3165715
2014-04-30,0.31,86.74,1.3448767000000015
2014-05-01,-1.01,88.99,-0.07079194999999872
2014-05-02,-2.31,83.74,-0.8066816999999982
2014-05-03,-0.87,80.57,0.7725150500000014
2014-05-04,2.66,79.89,3.969563200000001
2014-05-05,6.9,61.14,8.524348000000002
2014-05-06,11.03,60.47,11.78443005
2014-05-07,12.19,70.81,12.56085895
2014-05-08,8.03,68.21,9.16124715
2014-05-09,5.03,86.16,5.750856400000001
2014-05-10,10.06,78.26,10.5908908
2014-05-11,5.66,89.51,6.170023800000001
2014-05-12,0.41,62.56,3.3114128000000007
2014-05-13,-0.17,63.28,2.7927532000000013
2014-05-14,3.32,65.3,5.453703000000001
2014-05-15,8.85,56.53,10.20083025
2014-05-16,10.74,64.31,11.4780692
2014-05-17,14,70.15,14.0820875
2014-05-18,13.15,68.23,13.38589225
2014-05-19,9.62,68.59,10.4630444
2014-05-20,8.56,66.89,9.6417037
2014-05-21,10.17,70.44,10.8739714
2014-05-22,10.93,73.93,11.44188445
2014-05-23,7.65,89.3,8.0531225
2014-05-24,8.11,72.42,9.0792991
2014-05-25,10.87,71.27,11.443594449999999
2014-05-26,10.21,77.35,10.74442675
2014-05-27,9.2,83.25,9.6882625
2014-05-28,8.77,82.04,9.3360094
2014-05-29,8.44,86.72,8.8826224
2014-05-30,11.38,81.77,11.6928268
2014-05-31,12.89,81.5,13.053817500000001
2014-06-01,9.28,77.47,9.9268363
2014-06-02,8.69,82.43,9.25144935
2014-06-03,5.72,83.31,6.525960100000001
2014-06-04,6.77,79.46,7.643258100000001
2014-06-05,11.04,68.01,11.648769699999999
2014-06-06,12.37,78.21,12.625269849999999
2014-06-07,11.9,77.04,12.228328000000001
2014-06-08,15.01,71.24,14.9293282
2014-06-09,14.47,80.14,14.4732769
2014-06-10,17.66,71.62,17.1667556
2014-06-11,19.06,80.02,18.5589016
2014-06-12,20.37,77.83,19.654241550000002
2014-06-13,17.03,82.23,16.782730450000003
2014-06-14,16.57,73.3,16.2660205
2014-06-15,16.22,78.2,16.013772
2014-06-16,12.97,72.46,13.2017491
2014-06-17,16.59,68.7,16.2302065
2014-06-18,17.39,68.58,16.8905791
2014-06-19,21.43,66.8,20.164582
2014-06-20,23.18,70.93,21.792198199999998
2014-06-21,24.29,64.03,22.35319535
2014-06-22,22.07,60.39,20.42083765
2014-06-23,17.23,71.57,16.80312355
2014-06-24,13.44,78.28,13.5666276
2014-06-25,11.14,66.7,11.755384000000001
2014-06-26,13.43,69.42,13.6099633
2014-06-27,12.28,66.96,12.683418399999999
2014-06-28,14.62,53.63,14.5893958
2014-06-29,16.95,52.88,16.315058
2014-06-30,15.84,84.24,15.723848799999999
2014-07-01,16.05,82.55,15.901238750000001
2014-07-02,18.37,58.85,17.49412225
2014-07-03,18.17,70.03,17.56505555
2014-07-04,14.64,80.35,14.6248695
2014-07-05,15.48,91.05,15.4317595
2014-07-06,17.62,85.65,17.373754
2014-07-07,16.48,89.46,16.3652194
2014-07-08,18.64,67.32,17.8958764
2014-07-09,19.92,63.95,18.8453495
2014-07-10,22.47,57.74,20.6175329
2014-07-11,22.3,64.29,20.768041
2014-07-12,21.53,68,20.29272
2014-07-13,22.47,63.84,20.884926399999998
2014-07-14,21.53,62.42,20.076969300000002
2014-07-15,23.58,58.26,21.495504399999998
2014-07-16,24.55,62.55,22.47995125
2014-07-17,23.02,65.21,21.3897406
2014-07-18,19.22,62.56,18.2480576
2014-07-19,18.6,72.78,17.986189
2014-07-20,17.38,84.9,17.140815999999997
2014-07-21,15.08,73.3,14.994827
2014-07-22,15.61,64.31,15.39211255
2014-07-23,18.58,55.39,17.5789516
2014-07-24,19.46,59.02,18.3420656
2014-07-25,18.31,55.93,17.38651315
2014-07-26,17.6,51.47,16.7725635
2014-07-27,15.98,56.97,15.6297358
2014-07-28,17.9,51.12,16.985944
2014-07-29,18.62,56.49,17.634063400000002
2014-07-30,19.85,59.92,18.670646
2014-07-31,19.17,60,18.1426
2014-08-01,18.4,68.26,17.719177
2014-08-02,18.63,65.99,17.857462849999997
2014-08-03,17.04,79.55,16.7543135
2014-08-04,12.69,71.32,12.9755094
2014-08-05,11.81,66.91,12.29956655
2014-08-06,12.12,72.5,12.479975
2014-08-07,17.63,68.55,17.088588249999997
2014-08-08,19.32,64,18.36564
2014-08-09,18.29,72.38,17.714261099999998
2014-08-10,20.14,73.61,19.3213822
2014-08-11,18.14,75.45,17.648509
2014-08-12,17.4,70.79,16.9341005
2014-08-13,14.91,53.85,14.805931750000001
2014-08-14,14.62,59,14.592939999999999
2014-08-15,18.72,63.34,17.869121399999997
2014-08-16,13.54,61.31,13.7442832
2014-08-17,17.13,58.76,16.5334634
2014-08-18,18.65,58.29,17.69796925
2014-08-19,21.65,62.03,20.15682975
2014-08-20,19.33,65.71,18.41908615
2014-08-21,12.98,91.65,13.049806
2014-08-22,15.02,70.35,14.935201
2014-08-23,16.58,69.24,16.2281056
2014-08-24,15.39,65.61,15.22166095
2014-08-25,19.59,70.57,18.76610715
2014-08-26,17.26,61.23,16.6714714
2014-08-27,16.63,70.7,16.2867505
2014-08-28,14.86,68.91,14.798441799999999
2014-08-29,15.36,68.07,15.2089711
2014-08-30,15.24,63.9,15.093073
2014-08-31,5.21,86.09,5.92073145
2014-09-01,7.98,65.62,9.2128668
2014-09-02,9.08,76.02,9.7948438
2014-09-03,16.23,61.48,15.8634822
2014-09-04,6.54,67.62,7.9575964
2014-09-05,6.57,78.06,7.526913100000001
2014-09-06,6.72,61.09,8.3849589
2014-09-07,6.88,65.47,8.3271523
2014-09-08,6.83,75.82,7.850033300000001
2014-09-09,14.38,73.12,14.397740800000001
2014-09-10,6.84,88.66,7.3177542
2014-09-11,9.79,72.07,10.51352665
2014-09-12,8.51,69.55,9.51317525
2014-09-13,5.59,90.4,6.060448000000001
2014-09-14,7.93,73.57,8.88504805
2014-09-15,5.42,97.84,5.5278704
2014-09-16,6.4,82.62,7.174279000000001
2014-09-17,5.03,74.47,6.3597300500000005
2014-09-18,4.49,65.92,6.366274400000001
2014-09-19,4.37,73.17,5.864833450000001
2014-09-20,4.81,72.36,6.2830738
2014-09-21,5.42,85.72,6.1331432
2014-09-22,1.32,89.04,2.1144904000000007
2014-09-23,0.21,91.46,0.8812013000000009
2014-09-24,0.41,85.43,1.5391021500000002
2014-09-25,0.29,90.91,1.0004289500000019
2014-09-26,-1.87,86.23,-0.6302180499999992
2014-09-27,-2.24,78.73,-0.28167109999999895
2014-09-28,-2.34,81.06,-0.5857771999999992
2014-09-29,-4.58,78.13,-2.2849621999999985
2014-09-30,-4.01,77.6,-1.7295679999999982
2014-10-01,-4.53,87.38,-3.209127699999999
2014-10-02,-2.92,84.61,-1.4454840999999983
2014-10-03,-1.88,85.29,-0.5547760999999989
2014-10-04,-2.82,85.57,-1.4453981999999976
2014-10-05,-4.46,85.78,-2.9771383999999985
2014-10-06,-4.77,82.44,-2.9089033999999976
2014-10-07,-4.06,83.49,-2.374659199999998
2014-10-08,-5.19,81.66,-3.203869699999999
2014-10-09,-4.33,84.21,-2.694708649999998
2014-10-10,-5.13,85.27,-3.5396755499999975
2014-10-11,-3.59,86.97,-2.293580149999998
2014-10-12,-5.77,87.53,-4.379782049999998
2014-10-13,-4.72,81.3,-2.7432229999999977
2014-10-14,-5.45,94.3,-4.824567499999998
2014-10-15,-5.28,90.88,-4.287835199999998
2014-10-16,-6.28,90.03,-5.140528699999999
2014-10-17,-8.19,89.39,-6.865925049999999
2014-10-18,-6.05,90.6,-4.987564999999998
2014-10-19,-11.47,81.72,-8.858976199999999
2014-10-20,-11.71,89.99,-10.267008449999999
2014-10-21,-10.58,98.22,-10.334466799999998
2014-10-22,-16.94,99.94,-16.9296248
2014-10-23,-19.94,96.72,-19.3187024
2014-10-24,-21.44,99.15,-21.271980499999998
2014-10-25,-20.42,99.49,-20.3220494
2014-10-26,-17.19,99.56,-17.113310199999997
2014-10-27,-16.81,99.25,-16.68084625
2014-10-28,-12.18,99.54,-12.1124996
2014-10-29,-16.18,99.37,-16.073693799999997
2014-10-30,-16.31,99.45,-16.216799749999996
2014-10-31,-13.66,99.86,-13.638316799999998
2014-11-01,-14.38,99.99,-14.378411599999996
2014-11-02,-16.17,99.93,-16.15819205
2014-11-03,-21.66,99.33,-21.526750399999997
2014-11-04,-24.26,98.87,-24.019106599999997
2014-11-05,-26.57,99.49,-26.454798649999997
2014-11-06,-20.49,100,-20.489999999999995
2014-11-07,-18.89,99.98,-18.8863271
2014-11-08,-26.23,99.27,-26.066469049999995
2014-11-09,-29.11,99.39,-28.963688449999996
2014-11-10,-25.72,98.9,-25.476668999999998
2014-11-11,-32.32,98.98,-32.0573398
2014-11-12,-39.62,99.39,-39.438427399999995
2014-11-13,-42.25,98.7,-41.84423749999999
2014-11-14,-29.18,98.81,-28.8941144
2014-11-15,-20.82,99.92,-20.804459199999997
2014-11-16,-25.28,99.05,-25.072149499999995
2014-11-17,-22.37,99.13,-22.193577049999995
2014-11-18,-25.18,97.83,-24.706419199999996
2014-11-19,-25.66,98.34,-25.2933392
2014-11-20,-30.7,99.31,-30.528465999999995
2014-11-21,-29.21,98.48,-28.8445844
2014-11-22,-28.46,98.67,-28.145747599999996
2014-11-23,-28.33,98.89,-28.068522849999997
2014-11-24,-25.41,99.7,-25.3441485
2014-11-25,-27.51,98.39,-27.13800145
2014-11-26,-23.91,97.69,-23.422000949999997
2014-11-27,-28.48,96.34,-27.614812599999997
2014-11-28,-32.22,97.06,-31.4645376
2014-11-29,-32.49,98.18,-32.0196301
2014-11-30,-34.77,97.57,-34.11150645
2014-12-01,-35.91,97.44,-35.20022719999999
2014-12-02,-40.1,98.16,-39.547447999999996
2014-12-03,-32.62,96.57,-31.73108119999999
2014-12-04,-33.68,97.04,-32.8956296
2014-12-05,-36.49,97.93,-35.90947885
2014-12-06,-32.82,98.08,-32.32030079999999
2014-12-07,-34.71,98.16,-34.21199479999999
2014-12-08,-37.21,99.49,-37.06495345
2014-12-09,-39.85,99.5,-39.7005375
2014-12-10,-35.77,98.69,-35.407804649999996
2014-12-11,-34.76,96.65,-33.8523845
2014-12-12,-42.84,98.59,-42.3953283
2014-12-13,-45.84,95.81,-44.4494647
2014-12-14,-44.86,98.41,-44.340896799999996
2014-12-15,-46.09,96.27,-44.84699615
2014-12-16,-45.03,95.34,-43.504246099999996
2014-12-17,-49.19,94.27,-47.182809649999996
2014-12-18,-49.37,92.97,-46.900466449999996
2014-12-19,-41.96,95.45,-40.547088499999994
2014-12-20,-47.16,92.96,-44.77252479999999
2014-12-21,-49.4,96.83,-48.285903499999996
2014-12-22,-48.35,97.04,-47.326801999999994
2014-12-23,-45.92,98.94,-45.56775139999999
2014-12-24,-41.4,97.83,-40.73283349999999
2014-12-25,-35.2,97.85,-34.6122975
2014-12-26,-32.12,98.11,-31.635385099999997
2014-12-27,-31.71,97.73,-31.133068149999996
2014-12-28,-35.76,99.2,-35.538855999999996
2014-12-29,-36.06,98.34,-35.5983872
2014-12-30,-27.95,99.11,-27.742207249999996
2014-12-31,-30.84,97.9,-30.316322999999997
2015-01-01,-37.13,98.42,-36.6813353
2015-01-02,-40.55,99.13,-40.286585749999986
2015-01-03,-37.88,99.01,-37.5947909
2015-01-04,-36.88,99.15,-36.6397985
2015-01-05,-38.25,94.68,-36.706534999999995
2015-01-06,-32.68,97.95,-32.148045499999995
2015-01-07,-37.38,97.69,-36.7208646
2015-01-08,-39.48,97.98,-38.880282199999996
2015-01-09,-42.11,96.03,-40.873920649999995
2015-01-10,-42.75,97.73,-42.035233749999996
2015-01-11,-38.33,98.29,-37.833133849999996
2015-01-12,-31.32,99.63,-31.226756299999995
2015-01-13,-29.31,97.43,-28.690745649999997
2015-01-14,-35.84,97.79,-35.2281173
2015-01-15,-38.53,96.92,-37.6316718
2015-01-16,-32.59,97.84,-32.03057080000001
2015-01-17,-29.28,96.52,-28.4420508
2015-01-18,-29.9,97.87,-29.379853999999998
2015-01-19,-30.51,98.59,-30.16094745
2015-01-20,-28.61,98.29,-28.20455045
2015-01-21,-32.29,98.55,-31.916849749999997
2015-01-22,-28,98.76,-27.71015
2015-01-23,-24.49,98.6,-24.189776999999992
2015-01-24,-31.4,99.61,-31.301544499999995
2015-01-25,-35.36,97.92,-34.78960159999999
2015-01-26,-30.55,98.61,-30.205592749999994
2015-01-27,-29.51,99.77,-29.45432735
2015-01-28,-31.37,99.06,-31.132852099999994
2015-01-29,-30,99.54,-29.887414999999997
2015-01-30,-26.87,99.65,-26.79036275
2015-01-31,-19.31,98.87,-19.099870849999995
2015-02-01,-26.2,94.95,-25.069557499999995
2015-02-02,-42.46,98.77,-42.074665599999996
2015-02-03,-29.95,98.32,-29.539281999999993
2015-02-04,-34.51,98.58,-34.12723189999999
2015-02-05,-34.23,97.3,-33.50635949999999
2015-02-06,-46.09,93.12,-43.7972744
2015-02-07,-47.92,97.15,-46.9415665
2015-02-08,-45.72,95.32,-44.16993719999999
2015-02-09,-38.24,99.18,-38.0021426
2015-02-10,-32.59,98.19,-32.12121905
2015-02-11,-26.97,99.55,-26.867361749999993
2015-02-12,-21.49,98.42,-21.177246899999997
2015-02-13,-21.5,98.31,-21.16538
2015-02-14,-25.77,99.28,-25.610530799999996
2015-02-15,-24.11,98.74,-23.842432699999996
2015-02-16,-22.53,96.49,-21.815135849999997
2015-02-17,-22.22,98.24,-21.864550399999995
2015-02-18,-28.26,99.19,-28.069504199999997
2015-02-19,-25.8,99.21,-25.624896499999995
2015-02-20,-33.45,99.01,-33.18891225
2015-02-21,-35.18,99.63,-35.0789012
2015-02-22,-33.36,99.57,-33.246811099999995
2015-02-23,-26.56,99.13,-26.363527899999994
2015-02-24,-23.71,97.34,-23.150987699999998
2015-02-25,-21.49,97.44,-20.983260799999996
2015-02-26,-22.08,97.52,-21.581048799999994
2015-02-27,-20.23,99.45,-20.124941749999998
2015-02-28,-21.33,98.78,-21.089580699999996
2015-03-01,-30.55,98.23,-30.11143825
2015-03-02,-30.19,97.09,-29.47473655
2015-03-03,-28.56,98.11,-28.112391299999995
2015-03-04,-30.3,98.76,-29.994463999999997
2015-03-05,-29.19,98.41,-28.807930949999996
2015-03-06,-27.59,98.97,-27.351560149999997
2015-03-07,-30.29,97.25,-29.612551249999996
2015-03-08,-32.35,98.03,-31.842380249999998
2015-03-09,-28.05,98.99,-27.81363475
2015-03-10,-25.4,99.31,-25.248579499999995
2015-03-11,-22.15,94.79,-21.09979425
2015-03-12,-18.85,97.96,-18.475813
2015-03-13,-12.42,97.71,-12.080942599999997
2015-03-14,-8.19,99.1,-8.077684499999997
2015-03-15,-11.21,97.98,-10.9243619
2015-03-16,-10.54,98.75,-10.367849999999997
2015-03-17,-13.03,97.96,-12.721113399999997
2015-03-18,-9.74,98.26,-9.508023199999998
2015-03-19,-8.58,97.51,-8.263919399999999
2015-03-20,-9.11,97.83,-8.828214649999996
2015-03-21,-13.58,96.85,-13.093513999999995
2015-03-22,-17.42,95.76,-16.6756256
2015-03-23,-13.38,98.83,-13.200592199999999
2015-03-24,-4.26,98.09,-4.062926199999998
2015-03-25,-0.21,97.6,-0.01582799999999851
2015-03-26,-13.77,93.68,-12.7873348
2015-03-27,-18.46,95.83,-17.704062399999998
2015-03-28,-20.22,96,-19.456159999999997
2015-03-29,-18.81,97.12,-18.282369599999996
2015-03-30,-11.31,97.52,-10.957951599999998
2015-03-31,-9.58,97.84,-9.2939296
2015-04-01,-19.74,95.52,-18.896326399999996
2015-04-02,-22.49,97.06,-21.8918717
2015-04-03,-17.17,97.21,-16.684023849999996
2015-04-04,-18.14,97.86,-17.7558272
2015-04-05,-15.67,96.16,-15.032809599999995
2015-04-06,-13.52,96.77,-13.022224699999995
2015-04-07,-13.18,95.31,-12.4659944
2015-04-08,-14.1,96.38,-13.530573999999996
2015-04-09,-12.84,96.1,-12.253556999999997
2015-04-10,-10.91,96.88,-10.473964399999998
2015-04-11,-9.9,95.32,-9.271943999999998
2015-04-12,-6.5,97.72,-6.236659999999998
2015-04-13,-6.37,97.9,-6.1289514999999986
2015-04-14,-8.84,97.73,-8.548600099999998
2015-04-15,-4.73,97.57,-4.472991049999999
2015-04-16,-4.32,99.1,-4.226840999999998
2015-04-17,-3.92,98.44,-3.761956399999997
2015-04-18,-6.96,96.88,-6.591746399999998
2015-04-19,-7.31,97.24,-6.978924199999998
2015-04-20,-6.77,98.08,-6.545388799999997
2015-04-21,-4.23,98.14,-4.038392099999999
2015-04-22,-1.64,97.65,-1.4313904999999987
2015-04-23,-3.72,97.9,-3.509558999999999
2015-04-24,-2.49,96.63,-2.1750903499999987
2015-04-25,-1.6,96.06,-1.2511129999999988
2015-04-26,-1.48,95.56,-1.0897683999999983
2015-04-27,-1.11,98.85,-1.0112667499999979
2015-04-28,-0.21,94.61,0.2260779500000005
2015-04-29,-0.21,93.05,0.35228975000000107
2015-04-30,0.06,95.31,0.43247980000000014
2015-05-01,1.34,85.93,2.3583866000000007
2015-05-02,2.34,78.25,3.794640000000001
2015-05-03,2.65,73.46,4.379744500000001
2015-05-04,2.91,75.2,4.490876000000001
2015-05-05,4.65,72.41,6.1446882500000015
2015-05-06,4.85,68.8,6.505940000000001
2015-05-07,6.95,68.98,8.2381055
2015-05-08,7.1,63.37,8.590841000000001
2015-05-09,2.25,59.25,4.995531250000001
2015-05-10,2.32,62.15,4.8555715
2015-05-11,4.88,93.58,5.2196822
2015-05-12,8.85,89.11,9.18840675
2015-05-13,-2.61,80.79,-0.802242949999999
2015-05-14,0.74,69.93,3.0156976
2015-05-15,3.79,68.37,5.65316515
2015-05-16,4.36,71.12,5.970637600000001
2015-05-17,6.78,82.87,7.5073398000000005
2015-05-18,6.38,75.17,7.488907800000001
2015-05-19,6.89,80.67,7.69905715
2015-05-20,5.62,79.13,6.639290800000001
2015-05-21,0.92,75.35,2.7611085000000015
2015-05-22,1.76,74.71,3.532070300000001
2015-05-23,5.82,65.03,7.489467800000001
2015-05-24,8.84,63.25,9.9840275
2015-05-25,11.77,65.04,12.2949244
2015-05-26,9.52,83.91,9.9607051
2015-05-27,8.36,71.16,9.3339268
2015-05-28,6.55,84.13,7.243915750000001
2015-05-29,8.23,83.35,8.804175250000002
2015-05-30,8.42,82.6,9.001856
2015-05-31,7.16,85.52,7.744557600000001
2015-06-01,8.27,73.4,9.181449
2015-06-02,8.15,76.89,8.95711675
2015-06-03,8.32,85.19,8.8233919
2015-06-04,12.07,81.33,12.31952455
2015-06-05,15.02,79.35,14.960941
2015-06-06,13.54,87.93,13.6037296
2015-06-07,13.94,80.59,13.9997828
2015-06-08,13.35,81.53,13.46682275
2015-06-09,15.7,68.66,15.493155999999999
2015-06-10,14.89,84.26,14.856237700000001
2015-06-11,18.04,75,17.55325
2015-06-12,20.84,71.31,19.839579699999998
2015-06-13,15.78,71.1,15.576544
2015-06-14,13.7,80.07,13.787692
2015-06-15,9.51,63.98,10.4985689
2015-06-16,8.02,72,9.01792
2015-06-17,12.19,57.4,12.731233
2015-06-18,15.97,74.27,15.76197295
2015-06-19,19.19,71.37,18.45148915
2015-06-20,15.81,67.82,15.5781431
2015-06-21,18.89,78.54,18.3718483
2015-06-22,14.56,88.82,14.5563106
2015-06-23,11.65,80.65,11.95331125
2015-06-24,13.22,82.02,13.3465792
2015-06-25,14.2,85.09,14.224601499999999
2015-06-26,16.5,79.02,16.26922
2015-06-27,10.28,84.19,10.6469501
2015-06-28,9.39,91.12,9.6395724
2015-06-29,12.41,70.11,12.75358555
2015-06-30,16.19,70.51,15.915890450000001
2015-07-01,18.54,73.76,17.9569472
2015-07-02,15.24,76.4,15.143948
2015-07-03,15.89,76.14,15.7075903
2015-07-04,14.18,78.95,14.217048
2015-07-05,16.04,69.57,15.7822579
2015-07-06,17.89,75.42,17.4317059
2015-07-07,18.84,69.58,18.1138746
2015-07-08,23.57,52.52,21.2014602
2015-07-09,25.59,70.77,23.80711615
2015-07-10,20.15,90.15,19.843911249999998
2015-07-11,19.43,76.01,18.77951115
2015-07-12,23.22,64.29,21.507348399999998
2015-07-13,23.56,64.72,21.8019976
2015-07-14,22.41,65.08,20.890805399999998
2015-07-15,19.4,69.05,18.5658975
2015-07-16,21.85,67.41,20.53254925
2015-07-17,23.68,61.72,21.7472428
2015-07-18,24.8,59.66,22.514739
2015-07-19,20.51,69.5,19.5018225
2015-07-20,19.37,60.87,18.321902950000002
2015-07-21,19.63,66.49,18.684515349999998
2015-07-22,20.46,81.45,19.851931
2015-07-23,17.84,73.83,17.3592571
2015-07-24,14.73,74.85,14.69818525
2015-07-25,15.2,58.93,15.0418805
2015-07-26,15.27,63.12,15.1138132
2015-07-27,15.43,65.31,15.25256065
2015-07-28,15.44,62.34,15.2452978
2015-07-29,15.63,66.16,15.419684400000001
2015-07-30,17.84,63.88,17.1764756
2015-07-31,17.31,60.68,16.702309399999997
2015-08-01,17.01,63.06,16.5000433
2015-08-02,15.65,77.06,15.5049045
2015-08-03,13.86,85.19,13.9121312
2015-08-04,13.38,85.93,13.4666712
2015-08-05,17.93,60.63,17.18728495
2015-08-06,17.56,78.43,17.1969769
2015-08-07,20.44,70.58,19.4788486
2015-08-08,22.46,62.6,20.822628
2015-08-09,22.52,69.06,21.1552366
2015-08-10,20.15,72.4,19.29233
2015-08-11,16.23,75.48,15.9966922
2015-08-12,14.42,78.86,14.4293016
2015-08-13,14.99,69.06,14.9066167
2015-08-14,16.25,59.7,15.8621125
2015-08-15,15.29,73.76,15.1759872
2015-08-16,16.38,69.43,16.063906199999998
2015-08-17,13.22,94.41,13.2593536
2015-08-18,15.97,63.57,15.67546345
2015-08-19,13.48,76.06,13.6143034
2015-08-20,10.33,59.4,11.261161
2015-08-21,12.41,66.72,12.7925536
2015-08-22,11.98,65.78,12.4542892
2015-08-23,19.33,71.07,18.56147455
2015-08-24,21.47,72.16,20.402753599999997
2015-08-25,18.03,66.08,17.3714432
2015-08-26,20.48,73.91,19.6218999
2015-08-27,16.53,79.76,16.304020400000002
2015-08-28,14.91,63.43,14.82753465
2015-08-29,15.92,68.6,15.674766
2015-08-30,14.53,66.53,14.52447745
2015-08-31,12.14,55.44,12.718388800000001
2015-09-01,9.35,78.76,9.951623
2015-09-02,8.07,76.09,8.91557715
2015-09-03,8.65,65.76,9.751672000000001
2015-09-04,9.82,72.37,10.5311962
2015-09-05,9.07,63.81,10.150814350000001
2015-09-06,11.57,53.22,12.3238597
2015-09-07,10.58,62.14,11.3962616
2015-09-08,12.39,64.39,12.803254050000001
2015-09-09,12.26,68.65,12.646232
2015-09-10,11.22,78.09,11.6152564
2015-09-11,8.74,94.57,8.912022400000001
2015-09-12,7.27,85.4,7.850569
2015-09-13,5.83,77.37,6.90911155
2015-09-14,5.17,56.2,7.417597000000001
2015-09-15,5.95,62.18,7.7284855000000015
2015-09-16,3.02,96.02,3.271297200000001
2015-09-17,2.61,95.85,2.881389250000001
2015-09-18,4.75,79.88,5.828935000000001
2015-09-19,1.94,91.16,2.5506672000000012
2015-09-20,1.34,87.43,2.249816600000001
2015-09-21,-0.12,80.42,1.4544278000000008
2015-09-22,-0.55,79.63,1.1361267500000016
2015-09-23,-0.69,77.13,1.2206741500000013
2015-09-24,1.09,58.53,4.14861985
2015-09-25,0.17,63.73,3.028620050000001
2015-09-26,0.38,74.98,2.323053200000001
2015-09-27,-1.08,70.56,1.4427136000000012
2015-09-28,-0.56,76.77,1.364140900000001
2015-09-29,0.02,71.2,2.3136320000000006
2015-09-30,2.93,59.04,5.536489600000001
2015-10-01,0.59,78.32,2.2486284000000016
2015-10-02,-0.41,76.23,1.5392588500000008
2015-10-03,-2.27,85.13,-0.8984655499999983
2015-10-04,-0.94,85.4,0.29983200000000054
2015-10-05,-2.9,86.66,-1.6233619999999982
2015-10-06,0.48,87.88,1.4145732000000013
2015-10-07,0.3,95.48,0.6530120000000015
2015-10-08,0.5,95.25,0.8657500000000009
2015-10-09,-0.14,95.26,0.24166480000000057
2015-10-10,-1.09,90.63,-0.2865693499999984
2015-10-11,-5.08,86.01,-3.5734168999999993
2015-10-12,-6.92,81.25,-4.711062499999998
2015-10-13,-6.1,74.31,-3.189322999999998
2015-10-14,-6.49,77.33,-3.872861849999998
2015-10-15,-7.07,87.07,-5.536049449999998
2015-10-16,-6.24,90.92,-5.2042443999999985
2015-10-17,-7.55,90.22,-6.363930499999999
2015-10-18,-8.49,88.79,-7.07255155
2015-10-19,-10.66,90.04,-9.281735199999998
2015-10-20,-14.52,87.47,-12.520086699999998
2015-10-21,-14.22,80.99,-11.217180399999997
2015-10-22,-12.83,80.58,-9.910882699999998
2015-10-23,-14.29,79.97,-11.118349649999997
2015-10-24,-13.73,86.48,-11.6308172
2015-10-25,-11.8,92.33,-10.6905345
2015-10-26,-12.36,90.72,-10.989065599999996
2015-10-27,-13.51,81.31,-10.630712049999998
2015-10-28,-14.23,84.01,-11.703340149999999
2015-10-29,-12.42,95.67,-11.778900199999999
2015-10-30,-8.46,96.11,-7.9687708
2015-10-31,-8.74,96.26,-8.261953199999999
2015-11-01,-9.19,99.48,-9.122246599999997
2015-11-02,-9.93,98.12,-9.677393799999999
2015-11-03,-12.7,97.59,-12.339464
2015-11-04,-17.15,97.23,-16.667812249999997
2015-11-05,-19.77,97.48,-19.295017799999997
2015-11-06,-24.12,95.39,-23.1407899
2015-11-07,-24.95,94.2,-23.691544999999998
2015-11-08,-26.54,98.61,-26.226249199999994
2015-11-09,-26.39,98.79,-26.117877049999997
2015-11-10,-25.7,99.48,-25.585027999999994
2015-11-11,-23.31,98.27,-22.950237849999997
2015-11-12,-20.48,96.8,-19.864351999999997
2015-11-13,-22.14,97.22,-21.579774399999994
2015-11-14,-23.36,98.19,-22.983103699999997
2015-11-15,-26.17,97.92,-25.7047352
2015-11-16,-30.19,98.05,-29.710699749999996
2015-11-17,-26.62,97.54,-26.0636464
2015-11-18,-31.47,98.56,-31.105917599999998
2015-11-19,-30.38,89.71,-27.840016399999993
2015-11-20,-31.44,98.11,-30.962453699999998
2015-11-21,-26.39,98.89,-26.14036655
2015-11-22,-26.51,99.33,-26.35887815
2015-11-23,-27.36,98.62,-27.042282599999997
2015-11-24,-28.28,97.6,-27.715303999999996
2015-11-25,-28.94,98.69,-28.627014799999994
2015-11-26,-28.86,99.08,-28.6405984
2015-11-27,-34.1,99.08,-33.854084
2015-11-28,-31.65,98.59,-31.292106749999995
2015-11-29,-31.79,98.56,-31.423383199999996
2015-11-30,-29.37,99.15,-29.164907749999998
2015-12-01,-31.83,98.48,-31.442681199999996
2015-12-02,-26.1,99.06,-25.890098
2015-12-03,-21.77,99.87,-21.74406695
2015-12-04,-29.29,98.94,-29.034704299999994
2015-12-05,-39.78,98.86,-39.4396644
2015-12-06,-33.11,97.44,-32.43965119999999
2015-12-07,-33.65,98.8,-33.332209999999996
2015-12-08,-32.93,99.31,-32.75000315
2015-12-09,-26.86,96.93,-26.1616364
2015-12-10,-25.41,98.8,-25.146593999999997
2015-12-11,-27.26,98.55,-26.926963999999998
2015-12-12,-22.4,98.96,-22.188931999999998
2015-12-13,-17.13,99.81,-17.096946649999996
2015-12-14,-23.73,99.47,-23.618559549999997
2015-12-15,-29.02,98.31,-28.6154816
2015-12-16,-28.43,99.15,-28.229302249999996
2015-12-17,-26.4,99.56,-26.301021999999996
2015-12-18,-28.05,98.25,-27.640456249999996
2015-12-19,-36.95,97.2,-36.157669999999996
2015-12-20,-46.55,90.65,-43.41050375
2015-12-21,-40.17,98.82,-39.81519169999999
2015-12-22,-42.74,98.75,-42.346475
2015-12-23,-39.61,98.5,-39.16359249999999
2015-12-24,-38.48,96.48,-37.454307199999995
2015-12-25,-39,96.79,-38.055457499999996
2015-12-26,-41.6,96.55,-40.5355025
2015-12-27,-43.1,98.29,-42.558272
2015-12-28,-41.51,95.44,-40.105269199999995
2015-12-29,-40.73,94.37,-39.01980304999999
2015-12-30,-38.66,97.32,-37.87642159999999
2015-12-31,-37.87,98.24,-37.36305839999999
2016-01-01,-35.18,98.08,-34.65537919999999
2016-01-02,-29.56,97.99,-29.072916699999993
2016-01-03,-35.92,98.84,-35.5983204
2016-01-04,-37.68,98.99,-37.390140099999996
2016-01-05,-30.14,99.01,-29.896935199999998
2016-01-06,-30.5,99.83,-30.457924999999996
2016-01-07,-33.97,99.94,-33.954004899999994
2016-01-08,-38.15,98.38,-37.680888499999995
2016-01-09,-33.31,97.81,-32.73412855
2016-01-10,-33.25,96.95,-32.44899374999999
2016-01-11,-30.69,97.46,-30.058695699999994
2016-01-12,-32.42,97.58,-31.7954948
2016-01-13,-36.49,97.74,-35.8561943
2016-01-14,-38.09,99.09,-37.82678705
2016-01-15,-32.59,96.97,-31.80524515
2016-01-16,-34.82,98.2,-34.331732
2016-01-17,-39.83,98.36,-39.339943399999996
2016-01-18,-41.37,95.76,-40.0671116
2016-01-19,-43.63,97.82,-42.93302129999999
2016-01-20,-41.05,98.56,-40.610043999999995
2016-01-21,-39.68,98.31,-39.1763969
2016-01-22,-34.88,97.65,-34.2417635
2016-01-23,-31.55,98.57,-31.187816749999996
2016-01-24,-33.64,98.28,-33.1845956
2016-01-25,-32.4,99.55,-32.283922499999996
2016-01-26,-37.06,97.59,-36.3765722
2016-01-27,-35.54,97,-34.71433999999999
2016-01-28,-40.15,99.44,-39.981677999999995
2016-01-29,-37.43,99.54,-37.2986171
2016-01-30,-38.17,98.74,-37.8049969
2016-01-31,-35.09,97.45,-34.39450025
2016-02-01,-33.18,99.26,-32.9859424
2016-02-02,-31.03,99.96,-31.019983399999997
2016-02-03,-43.08,96.08,-41.838575199999994
2016-02-04,-49.72,93.63,-47.47005229999999
2016-02-05,-48.02,98.45,-47.487017
2016-02-06,-47.6,98.32,-47.02619599999999
2016-02-07,-44.77,94.67,-43.032499949999995
2016-02-08,-37.89,92.17,-35.63382465
2016-02-09,-35.65,97.25,-34.89148125
2016-02-10,-35.58,98.71,-35.22468239999999
2016-02-11,-36.27,97.65,-35.613797749999996
2016-02-12,-34.26,97.36,-33.55200479999999
2016-02-13,-34.87,97.64,-34.22917739999999
2016-02-14,-31.79,97.73,-31.212069349999997
2016-02-15,-39.13,97.44,-38.374889599999996
2016-02-16,-45.33,98.48,-44.8298212
2016-02-17,-38.05,96.96,-37.171364
2016-02-18,-31.7,96.98,-30.932617999999998
2016-02-19,-30.14,96.37,-29.2487624
2016-02-20,-35.63,98.98,-35.3487707
2016-02-21,-32.84,98.52,-32.45465239999999
2016-02-22,-33.26,97.78,-32.67685039999999
2016-02-23,-33.97,98.64,-33.6074444
2016-02-24,-33.69,98.28,-33.2341226
2016-02-25,-29.22,98.19,-28.784767399999996
2016-02-26,-27.64,98.02,-27.181095399999997
2016-02-27,-34.03,99.5,-33.8965425
2016-02-28,-30.14,98.86,-29.860107199999995
2016-02-29,-30.79,98.69,-30.463685549999994
2016-03-01,-32.03,98.94,-31.758730099999998
2016-03-02,-26.36,97.44,-25.784691199999997
2016-03-03,-23.63,98.79,-23.376244849999996
2016-03-04,-16.06,99.34,-15.949067199999998
2016-03-05,-17.77,99.34,-17.6528599
2016-03-06,-15.67,97.85,-15.313239749999997
2016-03-07,-20.92,97.76,-20.483625600000003
2016-03-08,-17.8,98.09,-17.460688499999996
2016-03-09,-17.43,97.89,-17.059452349999997
2016-03-10,-16.91,98.79,-16.70096645
2016-03-11,-15.59,98.95,-15.416230249999998
2016-03-12,-19.58,97.42,-19.0964048
2016-03-13,-25,97.94,-24.552464999999998
2016-03-14,-22.89,97.8,-22.437580999999998
2016-03-15,-19.92,98.66,-19.6663246
2016-03-16,-19.57,98.55,-19.298291749999997
2016-03-17,-17.91,95.82,-17.164894099999998
2016-03-18,-19.42,98.56,-19.1513536
2016-03-19,-19.45,99.47,-19.351035749999994
2016-03-20,-13.88,98.62,-13.664595799999997
2016-03-21,-11.69,98.61,-11.489777449999997
2016-03-22,-9.56,98.49,-9.360181699999998
2016-03-23,-4.05,97.22,-3.766370499999997
2016-03-24,-2.53,98.15,-2.356719749999999
2016-03-25,-6.21,94.58,-5.5926348999999975
2016-03-26,-12.4,97.62,-12.047878999999998
2016-03-27,-7.81,97.37,-7.487285849999998
2016-03-28,-11.94,97.22,-11.535732399999995
2016-03-29,-12.37,95.24,-11.666543399999997
2016-03-30,-7.23,98.01,-6.992165149999998
2016-03-31,-6.47,97.09,-6.1343751499999986
2016-04-01,-9.81,95.02,-9.144149099999996
2016-04-02,-9.84,97.69,-9.530760299999997
2016-04-03,-14.23,97.68,-13.8634052
2016-04-04,-10.81,97.66,-10.484260299999999
2016-04-05,-5.13,97.81,-4.893556649999998
2016-04-06,-8.19,98.65,-8.02152675
2016-04-07,-8.78,99.21,-8.678848399999996
2016-04-08,-5.93,98.4,-5.750215999999999
2016-04-09,-9,97.73,-8.706602499999999
2016-04-10,-9.82,97.97,-9.548467199999997
2016-04-11,-6.64,94.28,-5.9749355999999985
2016-04-12,-6.29,97.42,-5.994989899999999
2016-04-13,-3.01,92.83,-2.319493149999998
2016-04-14,-2.31,97,-2.032634999999999
2016-04-15,-2.48,97.73,-2.2680046999999988
2016-04-16,-4.09,98.22,-3.9080038999999984
2016-04-17,-3.64,96.98,-3.3386945999999997
2016-04-18,-2.39,96.8,-2.092735999999999
2016-04-19,-0.69,87.47,0.3568188500000009
2016-04-20,-0.7,78.64,1.0856960000000013
2016-04-21,-0.44,84.52,0.8319916000000016
2016-04-22,0.91,85.64,1.9833382000000008
2016-04-23,0.27,90.4,1.021344000000001
2016-04-24,0.68,78.34,2.326376600000001
2016-04-25,3.08,75.68,4.607539200000001
2016-04-26,3.32,74.57,4.883690700000001
2016-04-27,4.82,71.66,6.328821600000001
2016-04-28,7.7,62.78,9.0920280000000009
2016-04-29,8.2,69.46,9.258211
2016-04-30,8.17,74.69,9.05116765
2016-05-01,5.37,82.99,6.224157150000001
2016-05-02,5.71,72.28,7.0501234
2016-05-03,2.14,61.29,4.771505800000001
2016-05-04,1.75,75.76,3.4498300000000004
2016-05-05,1.21,73.43,3.15213415
2016-05-06,1.2,77.94,2.8136890000000014
2016-05-07,1.19,72.77,3.183372150000001
2016-05-08,4.25,63.83,6.289083750000001
2016-05-09,3.81,65.35,5.847246750000001
2016-05-10,1.93,92.89,2.421549850000001
2016-05-11,2.58,73.25,4.333730000000001
2016-05-12,4.71,61.6,6.777648
2016-05-13,2.93,75.59,4.483330350000001
2016-05-14,2.33,65.61,4.631894650000001
2016-05-15,6.21,71.75,7.49805875
2016-05-16,5.86,74.11,7.0902928
2016-05-17,5.8,70.72,7.201048
2016-05-18,3.67,72.81,5.28957235
2016-05-19,4.21,63.1,6.2983555
2016-05-20,5.16,66.25,6.8937375
2016-05-21,5.33,77.76,6.4516744
2016-05-22,6.13,75.2,7.271668000000001
2016-05-23,7.48,76.15,8.4008485
2016-05-24,4.28,74.36,5.7212244000000005
2016-05-25,6.28,66.39,7.799508100000001
2016-05-26,9.02,78.52,9.6674072
2016-05-27,9.73,81.65,10.21141225
2016-05-28,11.1,77.95,11.512335
2016-05-29,14.66,71.98,14.6353424
2016-05-30,16.26,69.66,15.966308800000002
2016-05-31,14.06,65.75,14.142885
2016-06-01,12.5,62.48,12.91272
2016-06-02,15.72,68.61,15.509373100000001
2016-06-03,14.85,68.61,14.78957425
2016-06-04,17.61,56.59,16.86747195
2016-06-05,13.69,77.9,13.7884555
2016-06-06,14.05,80.19,14.099029750000001
2016-06-07,15.54,79.23,15.421195599999999
2016-06-08,16.34,68.05,16.016666
2016-06-09,18.28,57.71,17.4007909
2016-06-10,19.75,62.02,18.6533275
2016-06-11,19.73,60.85,18.60385025
2016-06-12,21.88,50.59,19.8744481
2016-06-13,20,61.04,18.82146
2016-06-14,16.69,67,16.292515
2016-06-15,13.58,83.09,13.6655646
2016-06-16,15.99,74.84,15.7838138
2016-06-17,13.19,67.98,13.4207041
2016-06-18,12.07,65.59,12.529889650000001
2016-06-19,8.98,77.11,9.6749404
2016-06-20,12.12,70.61,12.5047151
2016-06-21,12.22,76.27,12.5175742
2016-06-22,13.69,66.99,13.83705955
2016-06-23,11.28,70.28,11.8063412
2016-06-24,12.96,56.69,13.3268357
2016-06-25,14.83,71.28,14.7778732
2016-06-26,13.19,56.94,13.5002473
2016-06-27,13.48,65,13.676350000000001
2016-06-28,13.03,90.39,13.10769685
2016-06-29,20.61,56.39,19.14448595
2016-06-30,20.94,79.36,20.208931200000002
2016-07-01,24.38,61.51,22.288453399999998
2016-07-02,22.87,71.05,21.53728675
2016-07-03,20.33,76.66,19.581602899999996
2016-07-04,14.31,74.58,14.3365639
2016-07-05,17.93,55.18,17.0844707
2016-07-06,16.86,59.67,16.3365166
2016-07-07,19.7,56.4,18.453039999999998
2016-07-08,22.95,50.33,20.64158675
2016-07-09,23.48,57.55,21.3833945
2016-07-10,16.42,72.34,16.1279104
2016-07-11,13.77,50.92,13.9670562
2016-07-12,10.59,55.65,11.54374675
2016-07-13,7.17,83.27,7.844469950000001
2016-07-14,12.71,54.04,13.1624762
2016-07-15,13.42,66.8,13.617208
2016-07-16,12.47,81.31,12.678673850000001
2016-07-17,16.4,61.82,16.001019
2016-07-18,15.26,80.12,15.176901599999999
2016-07-19,14.43,91.76,14.4331724
2016-07-20,18.95,69.79,18.21061025
2016-07-21,14.08,87.57,14.1087133
2016-07-22,16.32,68.02,15.9998802
2016-07-23,16.52,61.65,16.0939315
2016-07-24,17.12,73.34,16.7358294
2016-07-25,15.84,97.86,15.8242282
2016-07-26,17.96,83.55,17.6469565
2016-07-27,20.53,75.53,19.71845245
2016-07-28,18.64,84.94,18.2970838
2016-07-29,19.79,77.8,19.144091
2016-07-30,20.72,76.73,19.923933299999998
2016-07-31,21.04,58.31,19.5404107
2016-08-01,22.67,66.17,21.149848950000003
2016-08-02,14.69,82.33,14.671534849999999
2016-08-03,13.58,69.48,13.7344312
2016-08-04,16.29,65.75,15.952808749999999
2016-08-05,17.91,65.24,17.2580762
2016-08-06,15.7,81.16,15.575655999999999
2016-08-07,12.72,82.58,12.890541800000001
2016-08-08,12.32,91.36,12.4235936
2016-08-09,16.14,66.61,15.838822200000001
2016-08-10,15.22,71.82,15.1084072
2016-08-11,14.69,72.27,14.661022149999999
2016-08-12,16.31,51.87,15.830865849999999
2016-08-13,17.68,62.57,17.0253493
2016-08-14,12.34,75.06,12.6362872
2016-08-15,15.03,70.62,14.9443573
2016-08-16,16.15,82.77,15.993637749999998
2016-08-17,14.88,92.21,14.8637189
2016-08-18,11.76,87.33,11.9509369
2016-08-19,13.19,71.45,13.39570275
2016-08-20,15.11,60.13,14.97623615
2016-08-21,13.59,91.35,13.63329325
2016-08-22,9.54,96.86,9.6256592
2016-08-23,9.23,81.48,9.7668022
2016-08-24,10.66,73.63,11.2169344
2016-08-25,8.96,77.66,9.640699800000002
2016-08-26,3.51,57.05,6.106112750000001
2016-08-27,2.38,75.51,4.012503400000001
2016-08-28,4.76,68.66,6.438883800000001
2016-08-29,9.32,82.63,9.8148713
2016-08-30,12.43,85.16,12.5989534
2016-08-31,13.1,78.78,13.263394
2016-09-01,11.81,79.62,12.1115221
2016-09-02,9.62,83.42,10.0650072
2016-09-03,12.27,76.53,12.55785955
2016-09-04,13.61,69.76,13.7580248
2016-09-05,13.33,76.55,13.48090075
2016-09-06,12.94,81.01,13.1029342
2016-09-07,7.36,72.81,8.4277513
2016-09-08,9.48,71.54,10.265780600000001
2016-09-09,9.8,70.95,10.550942500000001
2016-09-10,8.47,74.79,9.30608965
2016-09-11,8.55,67.08,9.627307000000002
2016-09-12,9.57,65.54,10.5043829
2016-09-13,9.95,74.13,10.59739675
2016-09-14,10.77,65.88,11.4699718
2016-09-15,6.44,63.37,8.0638079
2016-09-16,8.74,73.88,9.5674816
2016-09-17,9.92,78.4,10.464104
2016-09-18,8.72,82.66,9.2712386
2016-09-19,6.72,78.79,7.6275759
2016-09-20,7.4,64.33,8.792913500000001
2016-09-21,5.94,72.96,7.213043200000001
2016-09-22,5.26,87.42,5.8993156
2016-09-23,3.46,89,4.1279200000000005
2016-09-24,0.61,93.08,1.1386534000000013
2016-09-25,-0.49,92.49,0.1291619500000022
2016-09-26,-0.69,76.76,1.2515858000000006
2016-09-27,-2.86,75.49,-0.5197851999999981
2016-09-28,-3.83,75.02,-1.311641299999999
2016-09-29,-3.39,71.89,-0.6241165499999992
2016-09-30,-3.21,78.68,-1.1333253999999995
2016-10-01,-4.3,83.76,-2.6207839999999987
2016-10-02,-3.17,74.22,-0.6645706999999983
2016-10-03,-3.36,74.25,-0.8305774999999991
2016-10-04,-2.38,85.95,-1.0755979999999994
2016-10-05,-0.97,82.63,0.5079264500000016
2016-10-06,-2.78,77.74,-0.6644095999999982
2016-10-07,-2.54,81.89,-0.8427307999999991
2016-10-08,-4.01,88.51,-2.840260549999999
2016-10-09,-5.72,83.21,-3.8527840999999974
2016-10-10,-7.03,78.41,-4.473420149999998
2016-10-11,-6.71,81.42,-4.542550099999999
2016-10-12,-6.61,89.57,-5.399024849999998
2016-10-13,-6.5,89.51,-5.288404999999999
2016-10-14,-6.23,86.47,-4.687377049999999
2016-10-15,-7.3,91.54,-6.285645999999998
2016-10-16,-7.26,90.95,-6.176895999999999
2016-10-17,-7.61,83.78,-5.637566899999999
2016-10-18,-8.19,86.77,-6.538962149999998
2016-10-19,-9.24,84.39,-7.201802299999999
2016-10-20,-9.9,87.99,-8.288257999999999
2016-10-21,-8.68,89.37,-7.324781299999999
2016-10-22,-11.01,87.5,-9.256187499999998
2016-10-23,-10.74,91.9,-9.615557999999998
2016-10-24,-9.76,92.7,-8.785960999999999
2016-10-25,-9.31,91.29,-8.169381949999998
2016-10-26,-11.43,89.6,-9.946803999999997
2016-10-27,-14.41,87.43,-12.411307149999999
2016-10-28,-15.44,88.05,-13.472193499999998
2016-10-29,-15.32,89.22,-13.551972199999998
2016-10-30,-17.1,87.22,-14.878836
2016-10-31,-17.19,89.78,-15.408705099999999
2016-11-01,-17.19,91.72,-15.7468374
2016-11-02,-17.95,90.77,-16.302675749999995
2016-11-03,-18.12,83.65,-15.1866465
2016-11-04,-19.18,88.14,-16.983053599999998
2016-11-05,-19.94,91.09,-18.2522678
2016-11-06,-19.92,93.28,-18.647836799999997
2016-11-07,-19.86,94.5,-18.820609999999995
2016-11-08,-20.34,93.73,-19.138542599999997
2016-11-09,-20.42,86.32,-17.792619199999997
2016-11-10,-24.49,92.71,-22.926695949999996
2016-11-11,-29.47,92.36,-27.622380599999996
2016-11-12,-23.9,93.33,-22.491295999999995
2016-11-13,-21.78,92.12,-20.207624799999998
2016-11-14,-24.89,94.9,-23.7851105
2016-11-15,-28.79,93.47,-27.235239649999997
2016-11-16,-28.88,91.72,-26.9044748
2016-11-17,-27.77,93.46,-26.2495481
2016-11-18,-22.43,97.39,-21.899869849999995
2016-11-19,-32.11,99.2,-31.904915999999997
2016-11-20,-33.69,98.56,-33.308335199999995
2016-11-21,-39.65,96.16,-38.50635199999999
2016-11-22,-34.69,88.56,-31.594965199999994
2016-11-23,-28.67,93.68,-27.1694108
2016-11-24,-32.64,97.76,-32.0592352
2016-11-25,-35.24,98.67,-34.876151899999996
2016-11-26,-32.96,97.67,-32.3518001
2016-11-27,-31.06,97.81,-30.511229799999995
2016-11-28,-31.42,96.43,-30.5183608
2016-11-29,-32.04,98.36,-31.620209199999998
2016-11-30,-32.7,95.83,-31.617468000000002
2016-12-01,-31.68,97.09,-30.940889099999996
2016-12-02,-30.49,98.57,-30.136153649999994
2016-12-03,-30.88,97.6,-30.280983999999993
2016-12-04,-36.77,97.7,-36.1214345
2016-12-05,-38.82,96.13,-37.685083799999994
2016-12-06,-44.58,97.3,-43.70266199999999
2016-12-07,-46.61,92.22,-43.995103099999994
2016-12-08,-43.92,97.64,-43.161708399999995
2016-12-09,-40.48,95.33,-39.067838699999996
2016-12-10,-41.25,97.95,-40.62141875
2016-12-11,-39.52,98.46,-39.0624506
2016-12-12,-32.43,99.11,-32.20027765
2016-12-13,-36.89,97.79,-36.26535455
2016-12-14,-29.42,99.79,-29.3692724
2016-12-15,-31.76,98.75,-31.4419625
2016-12-16,-31.82,99,-31.565239999999996
2016-12-17,-30.93,98.5,-30.555202499999996
2016-12-18,-30.26,97.39,-29.617470199999996
2016-12-19,-33.65,98.33,-33.207742249999995
2016-12-20,-34.44,97.53,-33.7751501
2016-12-21,-41.52,98.98,-41.205727800000005
2016-12-22,-46.34,96.43,-45.1454066
2016-12-23,-44.86,95.98,-43.54755039999999
2016-12-24,-40.33,98.61,-39.910824649999995
2016-12-25,-37.63,98.63,-37.237200449999996
2016-12-26,-42.45,99.88,-42.412412999999994
2016-12-27,-39.89,98.5,-39.44128249999999
2016-12-28,-36.52,100,-36.519999999999996
2016-12-29,-35.88,98.73,-35.5280957
2016-12-30,-31.97,99.45,-31.829428249999996
2016-12-31,-32.57,98.76,-32.2489826
2017-01-01,-30.77,99.66,-30.685345099999992
2017-01-02,-30,99.69,-29.924127499999997
2017-01-03,-25.18,99.88,-25.153811199999996
2017-01-04,-22.21,98.64,-21.9354092
2017-01-05,-44.23,94.75,-42.53417124999999
2017-01-06,-43.17,96.7,-42.1232895
2017-01-07,-37.71,98.16,-37.1816348
2017-01-08,-42.36,96.57,-41.28733609999999
2017-01-09,-41.71,95.74,-40.3929997
2017-01-10,-49.77,93.02,-47.30267469999999
2017-01-11,-45.37,94.87,-43.68076794999999
2017-01-12,-37,96.91,-36.124757499999994
2017-01-13,-32.09,95.75,-31.000958750000002
2017-01-14,-33.88,97.17,-33.1269653
2017-01-15,-38.83,96.8,-37.891391999999996
2017-01-16,-35.17,97.16,-34.3941546
2017-01-17,-35.94,97.8,-35.32967599999999
2017-01-18,-31.42,96.63,-30.568872799999998
2017-01-19,-34.66,98.34,-34.21116919999999
2017-01-20,-34.03,97.63,-33.39741144999999
2017-01-21,-36.83,97.8,-36.20890699999999
2017-01-22,-31.21,98.76,-30.8982578
2017-01-23,-28.92,99.45,-28.7886545
2017-01-24,-30.35,99.38,-30.197061499999997
2017-01-25,-24.33,99.92,-24.312914799999994
2017-01-26,-23.15,98.46,-22.831104499999995
2017-01-27,-30.46,98.58,-30.108862399999996
2017-01-28,-25.18,98.34,-24.817721599999995
2017-01-29,-23.29,97.03,-22.672700349999996
2017-01-30,-23.44,98.96,-23.222983199999998
2017-01-31,-26.55,98.08,-26.116511999999997
2017-02-01,-29.78,99.56,-29.672842399999997
2017-02-02,-25.58,100,-25.579999999999995
2017-02-03,-26.51,97.65,-25.97994575
2017-02-04,-39.3,97.44,-38.54249599999999
2017-02-05,-37.87,99.17,-37.63093094999999
2017-02-06,-39.16,99.9,-39.130486999999995
2017-02-07,-33.79,99.11,-33.55362045
2017-02-08,-32.16,96.44,-31.246397199999993
2017-02-09,-28.54,96.6,-27.735151999999992
2017-02-10,-32.77,99.35,-32.601009749999996
2017-02-11,-32.32,98.99,-32.059914899999995
2017-02-12,-30.48,98.26,-30.049541399999995
2017-02-13,-31.33,98.73,-31.009877449999998
2017-02-14,-31.31,98.97,-31.050486349999996
2017-02-15,-32.88,99.08,-32.6402572
2017-02-16,-34.13,98.83,-33.81706595
2017-02-17,-32.16,98.44,-31.75965719999999
2017-02-18,-32.67,98.47,-32.27306445
2017-02-19,-30.39,99.31,-30.219642449999995
2017-02-20,-29.54,98.84,-29.259024799999995
2017-02-21,-33.13,97.77,-32.54581805
2017-02-22,-32.42,98.96,-32.1516176
2017-02-23,-35.82,98.23,-35.330134799999996
2017-02-24,-36.81,98.71,-36.44595555
2017-02-25,-30.7,99.58,-30.595588
2017-02-26,-28.38,98.22,-27.960204799999996
2017-02-27,-26.89,97.93,-26.41877485
2017-02-28,-25.42,97.27,-24.8206012
2017-03-01,-27.46,97.44,-26.869203199999998
2017-03-02,-28.51,97.44,-27.904419199999996
2017-03-03,-25.86,96.63,-25.111927399999995
2017-03-04,-20.87,95.22,-19.9401227
2017-03-05,-20.47,96.42,-19.781440699999994
2017-03-06,-18.43,96.6,-17.814208999999995
2017-03-07,-13.06,97.95,-12.749260999999999
2017-03-08,-17.61,97.47,-17.163189349999996
2017-03-09,-10.61,97.58,-10.275785899999999
2017-03-10,-19.02,94.34,-17.976522399999997
2017-03-11,-17.37,98.82,-17.1631637
2017-03-12,-13.43,98.21,-13.155029149999997
2017-03-13,-14.22,98.1,-13.919875999999999
2017-03-14,-8.97,98.23,-8.74151955
2017-03-15,-9.99,98.94,-9.847223299999998
2017-03-16,-8.38,98.03,-8.1320952
2017-03-17,-11.36,97.82,-11.049938599999996
2017-03-18,-11.82,98.03,-11.534822799999999
2017-03-19,-9.92,98.75,-9.752112499999997
2017-03-20,-10.75,98.63,-10.559741249999998
2017-03-21,-10.59,98.89,-10.43682555
2017-03-22,-9.48,98.49,-9.280846099999998
2017-03-23,-7.04,96.22,-6.592183399999998
2017-03-24,-6.45,98.57,-6.285228249999998
2017-03-25,-6.37,96.93,-6.017610049999999
2017-03-26,-5.71,98.31,-5.522148049999999
2017-03-27,-4.07,98.81,-3.94845935
2017-03-28,-8.15,97.76,-7.870952000000001
2017-03-29,-8.09,97.89,-7.827843049999998
2017-03-30,-2.44,97.79,-2.2340942999999993
2017-03-31,-4.41,97.55,-4.155187749999998
2017-04-01,-2.36,97.98,-2.172685399999999
2017-04-02,-3.12,97.75,-2.9019524999999997
2017-04-03,-8.78,96.97,-8.392038799999998
2017-04-04,-8.05,96.2,-7.578705
2017-04-05,-9.12,97.07,-8.739363699999997
2017-04-06,-6.14,97.73,-5.882309599999998
2017-04-07,-6.86,96.6,-6.460567999999997
2017-04-08,-6.47,94.77,-5.866797949999997
2017-04-09,-10.27,97.89,-9.982544149999997
2017-04-10,-8.52,98.47,-8.326286699999999
2017-04-11,-7.32,98.03,-7.0835802999999995
2017-04-12,-9.46,98.51,-9.2636478
2017-04-13,-7.57,98.19,-7.350293149999999
2017-04-14,-6.34,97.98,-6.108467599999998
2017-04-15,-3.38,96.79,-3.0643285999999983
2017-04-16,-4.71,97.54,-4.450088699999999
2017-04-17,-6.55,94.4,-5.901659999999999
2017-04-18,-5.8,96.81,-5.443836499999999
2017-04-19,-3.66,98.28,-3.4882063999999997
2017-04-20,-0.86,98.62,-0.7434175999999986
2017-04-21,-0.1,98.91,-0.01247299999999879
2017-04-22,-1.28,96.7,-0.9935929999999983
2017-04-23,-1.35,95.46,-0.9542254999999975
2017-04-24,-1.62,87.07,-0.47362619999999844
2017-04-25,1.05,77.57,2.7092592500000015
2017-04-26,2.24,70.85,4.205584500000001
2017-04-27,1.85,78.16,3.3695180000000016
2017-04-28,1.62,81.96,2.897953600000001
2017-04-29,1.72,77.62,3.2930902000000004
2017-04-30,2.25,72.26,4.1189825
2017-05-01,1.04,74.6,2.9203620000000017
2017-05-02,1.71,65.08,4.166447400000001
2017-05-03,-1.52,63.02,1.7383078000000012
2017-05-04,0.77,70.79,2.9757931500000008
2017-05-05,0.8,68.82,3.149413000000001
2017-05-06,1.02,75.48,2.8379128000000007
2017-05-07,2.46,54.64,5.4637392
2017-05-08,4.56,73.42,6.0131286
2017-05-09,3.91,79.02,5.131980100000002
2017-05-10,5.09,76.55,6.303654750000001
2017-05-11,5.26,74.26,6.5681068
2017-05-12,2.8,74.7,4.4280550000000005
2017-05-13,7.64,58.05,9.2227735
2017-05-14,10.52,69.11,11.1961821
2017-05-15,4.29,70.04,5.9724038
2017-05-16,-0.37,61.25,2.7991687500000006
2017-05-17,3.48,73.06,5.112833400000001
2017-05-18,0.78,63.76,3.514670400000001
2017-05-19,-0.78,54.61,3.034575600000001
2017-05-20,-1.48,65.2,1.5785720000000012
2017-05-21,0.24,65.44,2.9505408000000015
2017-05-22,5.12,64.04,6.9751764000000005
2017-05-23,8.05,72.91,9.01101775
2017-05-24,8.98,76.97,9.6791908
2017-05-25,7.41,69.75,8.58959875
2017-05-26,10.09,74.71,10.70340895
2017-05-27,9.27,60.57,10.40420395
2017-05-28,11.56,63.3,12.153439
2017-05-29,9.28,92.04,9.5085316
2017-05-30,10.44,80.92,10.8660564
2017-05-31,11.24,71.88,11.7441916
2017-06-01,13.33,58.31,13.59827515
2017-06-02,15.35,61.43,15.169685249999999
2017-06-03,10.51,60.19,11.38363045
2017-06-04,12.92,54.3,13.317133
2017-06-05,14.63,64.59,14.60468185
2017-06-06,9.82,86.07,10.178558200000001
2017-06-07,3.31,83.4,4.331647
2017-06-08,7.52,60.03,9.0544483
2017-06-09,10.91,53.42,11.8297221
2017-06-10,13.28,66.1,13.507469
2017-06-11,17.04,74.8,16.687956
2017-06-12,17.56,78.66,17.2008478
2017-06-13,20.47,64.43,19.30205905
2017-06-14,12.56,66.11,12.9216063
2017-06-15,18.21,60.38,17.4015539
2017-06-16,19.01,66.8,18.186474
2017-06-17,20.19,53.21,18.72570695
2017-06-18,22.08,52.41,20.0959729
2017-06-19,19.36,61.02,18.3180646
2017-06-20,19.23,68.03,18.39830045
2017-06-21,19.88,50.57,18.417366299999998
2017-06-22,22.87,69.76,21.4779016
2017-06-23,24.56,66.77,22.721384099999998
2017-06-24,21.11,63.49,19.782678949999998
2017-06-25,18.96,53.51,17.8196003
2017-06-26,21.68,47.28,19.5980872
2017-06-27,22.18,51.68,20.1389632
2017-06-28,24.14,48.15,21.390913
2017-06-29,23.63,51.95,21.217169249999998
2017-06-30,24.63,52.1,21.9612515
2017-07-01,26.07,54.02,23.1440627
2017-07-02,22.55,52.36,20.440739
2017-07-03,21.14,46.92,19.2015184
2017-07-04,24.17,64.61,22.28778285
2017-07-05,18.06,57.59,17.2296122
2017-07-06,14.52,83.42,14.5181762
2017-07-07,18.04,59.07,17.2430929
2017-07-08,18.61,49.04,17.458049199999998
2017-07-09,19.82,57.59,18.579083400000002
2017-07-10,21.58,67.37,20.3093878
2017-07-11,23.16,69.7,21.716811
2017-07-12,25.14,59.62,22.7769624
2017-07-13,23.33,57.9,21.285413499999997
2017-07-14,21.89,64.77,20.45807665
2017-07-15,23.2,59.11,21.2434135
2017-07-16,21.01,76.12,20.1549766
2017-07-17,18.25,86.95,17.98084375
2017-07-18,13.7,85.29,13.764724
2017-07-19,16.35,56.67,15.909117250000001
2017-07-20,14.53,54.87,14.52255355
2017-07-21,12.49,61.57,12.91484365
2017-07-22,12.75,63.46,13.1016975
2017-07-23,14.89,69.04,14.8235908
2017-07-24,16.45,77.4,16.207615
2017-07-25,12.98,87.9,13.081156
2017-07-26,17.23,53.52,16.5321028
2017-07-27,17.81,67.3,17.2146965
2017-07-28,12.73,59.31,13.12611715
2017-07-29,15.36,53.81,15.141521299999999
2017-07-30,17.13,46.01,16.34903465
2017-07-31,21.33,62.52,19.922063799999997
2017-08-01,19.29,69.68,18.4912196
2017-08-02,20.58,43.13,18.678267199999997
2017-08-03,24.45,53.71,21.91677975
2017-08-04,17.75,49.81,16.85285375
2017-08-05,19.22,45,17.792199999999998
2017-08-06,20.32,38.47,18.3504247
2017-08-07,21.69,52.21,19.80014445
2017-08-08,22.21,57.44,20.4052432
2017-08-09,17.07,83.5,16.8367725
2017-08-10,16.41,89.82,16.3030591
2017-08-11,21.59,77.66,20.7188517
2017-08-12,21.49,69.59,20.32088755
2017-08-13,22.4,61.42,20.723699
2017-08-14,22.97,54.55,20.852711749999997
2017-08-15,23.71,59.24,21.6453022
2017-08-16,15.2,91,15.16535
2017-08-17,11.35,80.46,11.6885305
2017-08-18,14.05,72.41,14.118285250000001
2017-08-19,14.23,68.21,14.27720815
2017-08-20,13.54,60.77,13.7471344
2017-08-21,15.58,56.39,15.3209566
2017-08-22,15.3,83.21,15.226124
2017-08-23,13.75,91.55,13.78485625
2017-08-24,13.85,75.57,13.93733725
2017-08-25,14.33,67.79,14.36011635
2017-08-26,12.38,72.91,12.695869400000001
2017-08-27,14.12,71,14.18061
2017-08-28,10.08,88.02,10.3712338
2017-08-29,12.88,89.86,12.970347400000001
2017-08-30,11.95,72.72,12.332602
2017-08-31,12.16,62.01,12.648931300000001
2017-09-01,14.64,69.97,14.616876900000001
2017-09-02,11.86,78.68,12.169566399999999
2017-09-03,12.38,66.88,12.766179200000002
2017-09-04,12.57,88.61,12.69090485
2017-09-05,11.29,73.91,11.75061895
2017-09-06,9.42,88.53,9.7404718
2017-09-07,6.58,96.88,6.7159072
2017-09-08,5.04,96.16,5.239795200000001
2017-09-09,5.57,80.66,6.5198841000000005
2017-09-10,7.22,82.36,7.9263056
2017-09-11,10.92,77.49,11.363221900000001
2017-09-12,8.69,86.23,9.13002035
2017-09-13,8.94,78.55,9.595941
2017-09-14,9.22,84.29,9.6762184
2017-09-15,10.23,82.9,10.631593500000001
2017-09-16,4.45,94.5,4.754012500000002
2017-09-17,2.56,92.42,3.0577786000000016
2017-09-18,4.09,76.45,5.438355250000001
2017-09-19,1.86,94.31,2.255568800000001
2017-09-20,1.01,88.32,1.8765976000000018
2017-09-21,0.98,89.03,1.7957292000000011
2017-09-22,1.46,84.98,2.537234400000001
2017-09-23,2.85,79.4,4.169945
2017-09-24,7.14,86.36,7.6921472
2017-09-25,1.45,88.6,2.268235000000001
2017-09-26,4.47,92.41,4.888702350000001
2017-09-27,6.42,97.71,6.521767600000001
2017-09-28,8.05,84.02,8.6168905
2017-09-29,0.47,89.31,1.2948938500000007
2017-09-30,-0.89,89.83,-0.029160349999998947
2017-10-01,-1.96,86.71,-0.7568562999999977
2017-10-02,-4.28,83.41,-2.5664188999999986
2017-10-03,-3.68,83.5,-2.0301649999999993
2017-10-04,-3.32,88.98,-2.2399297999999987
2017-10-05,-2.6,89.76,-1.6369279999999993
2017-10-06,-3.7,92.98,-2.997298
2017-10-07,-4.82,88.74,-3.6235123999999983
2017-10-08,-2.52,93.88,-1.9471067999999976
2017-10-09,-5.44,91.73,-4.5330291
2017-10-10,-3.52,95.15,-3.0393165
2017-10-11,-4.66,92.38,-3.857004399999998
2017-10-12,-4.24,93.72,-3.592720399999998
2017-10-13,-4.48,95.2,-3.978927999999999
2017-10-14,-6.07,93.38,-5.321046299999999
2017-10-15,-8.29,90.39,-7.085434549999997
2017-10-16,-10.88,92,-9.76328
2017-10-17,-12.87,86.76,-10.876916599999998
2017-10-18,-10.99,93.84,-10.1263988
2017-10-19,-11.65,94.26,-10.824444499999998
2017-10-20,-12.98,96.58,-12.463101199999997
2017-10-21,-14.16,88.17,-12.2952371
2017-10-22,-12.86,95.73,-12.217450399999997
2017-10-23,-9.4,98.07,-9.146301499999996
2017-10-24,-6.43,99.18,-6.3356056999999995
2017-10-25,-10.18,97.86,-9.889516399999998
2017-10-26,-10.48,99.02,-10.345357799999997
2017-10-27,-10.42,99.31,-10.325428599999997
2017-10-28,-12,99.01,-11.8557075
2017-10-29,-18.57,98.15,-18.23351275
2017-10-30,-24.84,96.69,-24.123815299999993
2017-10-31,-22.9,92.78,-21.414845999999997
2017-11-01,-21.78,97.76,-21.333030400000002
2017-11-02,-24.99,95.45,-24.001762749999994
2017-11-03,-30.51,97.62,-29.9208191
2017-11-04,-32.57,97.01,-31.795933849999997
2017-11-05,-32.93,94.82,-31.578719299999992
2017-11-06,-31.39,95.97,-30.372848149999996
2017-11-07,-22.98,98.67,-22.705833799999997
2017-11-08,-22.94,98.87,-22.707310399999997
2017-11-09,-23.07,98.63,-22.786910049999996
2017-11-10,-24.24,99.47,-24.127072899999995
2017-11-11,-29.11,100,-29.109999999999996
2017-11-12,-32.27,97.33,-31.58318255
2017-11-13,-32.42,98.76,-32.1000056
2017-11-14,-28.67,97.99,-28.192755649999995
2017-11-15,-30.12,99.2,-29.923671999999996
2017-11-16,-28.77,98.66,-28.451100099999994
2017-11-17,-28.48,98.54,-28.134870599999996
2017-11-18,-32.37,98.8,-32.060658
2017-11-19,-41.81,98.96,-41.4879068
2017-11-20,-35.85,98.7,-35.489997499999994
2017-11-21,-31.58,97.98,-31.068051199999996
2017-11-22,-33.56,97.82,-32.9837606
2017-11-23,-35.96,98.91,-35.657492299999994
2017-11-24,-37.76,99.58,-37.6392794
2017-11-25,-38.05,98.18,-37.523974499999994
2017-11-26,-40.52,98.49,-40.063058899999994
2017-11-27,-44.19,97.99,-43.54118204999999
2017-11-28,-39.29,98.92,-38.970487399999996
2017-11-29,-39.55,98.6,-39.13381499999999
2017-11-30,-40.87,98.92,-40.5411022
2017-12-01,-34.95,96.52,-34.003527
2017-12-02,-39.02,99.46,-38.8610456
2017-12-03,-41.4,98.66,-40.98801699999999
2017-12-04,-38.6,98.1,-38.045105
2017-12-05,-41.3,95.19,-39.82381099999999
2017-12-06,-36.43,95.97,-35.301136549999995
2017-12-07,-34.67,97.73,-34.056112549999995
2017-12-08,-38.19,98.23,-37.67706285
2017-12-09,-37.29,97.94,-36.703219299999994
2017-12-10,-37.15,96.98,-36.2920935
2017-12-11,-45.28,96.91,-44.264038899999996
2017-12-12,-45.42,95.36,-43.890841599999995
2017-12-13,-40.91,96.51,-39.846405049999994
2017-12-14,-33.17,98.2,-32.698067
2017-12-15,-38.51,97.75,-37.854001249999996
2017-12-16,-40.25,97.02,-39.352647499999996
2017-12-17,-37.55,97.42,-36.811410499999994
2017-12-18,-35.51,96.42,-34.525303099999995
2017-12-19,-37.1,98.93,-36.796334
2017-12-20,-41.69,98.42,-41.20170889999999
2017-12-21,-47.93,95.49,-46.38142385
2017-12-22,-44.45,95.12,-42.867782
2017-12-23,-42.69,98.35,-42.17100075
2017-12-24,-43.74,97.94,-43.080140799999995
2017-12-25,-41.34,95.96,-40.099235199999995
2017-12-26,-44.77,97.7,-44.0202345
2017-12-27,-43.93,96.48,-42.7987952
2017-12-28,-40.71,96.99,-39.79599845
2017-12-29,-36.47,98.3,-35.993430499999995
2017-12-30,-28.57,99.1,-28.356803499999995
2017-12-31,-30.32,98.26,-29.891072599999998
2018-01-01,-32.7,97.99,-32.178203999999994
2018-01-02,-28,99.08,-27.78495
2018-01-03,-24.05,99.99,-24.047879749999996
2018-01-04,-27.2,99.61,-27.110553499999998
2018-01-05,-31.15,99.51,-31.026973249999998
2018-01-06,-33.75,99.33,-33.57219875
2018-01-07,-40.29,97.75,-39.61197375
2018-01-08,-42.68,98.23,-42.1233527
2018-01-09,-41.07,97.52,-40.312025199999994
2018-01-10,-39.53,98.71,-39.146657149999996
2018-01-11,-39.77,96.81,-38.81783285
2018-01-12,-46.93,95.34,-45.3555491
2018-01-13,-46.15,97,-45.149274999999996
2018-01-14,-39.05,97.86,-38.41971649999999
2018-01-15,-37.39,98.27,-36.89626665
2018-01-16,-36.98,98.42,-36.532638799999994
2018-01-17,-37.77,97.57,-37.07141145
2018-01-18,-40.75,97.98,-40.136172499999994
2018-01-19,-43.6,97.14,-42.686087
2018-01-20,-44.81,96.63,-43.71068915
2018-01-21,-47.39,96.31,-46.13394245
2018-01-22,-37.28,94.36,-35.673784399999995
2018-01-23,-39.27,97.74,-38.6016389
2018-01-24,-37.47,97.88,-36.86402979999999
2018-01-25,-35.36,98.4,-34.921231999999996
2018-01-26,-32.28,98.32,-31.847752799999995
2018-01-27,-33.81,98.56,-33.4273848
2018-01-28,-40.26,98.13,-39.69679339999999
2018-01-29,-37.74,98.82,-37.4009624
2018-01-30,-36.84,98.69,-36.4700953
2018-01-31,-37.3,99.33,-37.109117
2018-02-01,-35.89,98.98,-35.6073121
2018-02-02,-36.43,99.18,-36.2003057
2018-02-03,-37.61,98.78,-37.26034189999999
2018-02-04,-43.23,97.17,-42.331432549999995
2018-02-05,-43.1,96.19,-41.892992
2018-02-06,-42.35,99.01,-42.04045175
2018-02-07,-41.98,99.44,-41.80604159999999
2018-02-08,-36.86,98.16,-36.34023679999999
2018-02-09,-34.44,95.99,-33.36062829999999
2018-02-10,-31.29,95.36,-30.121439199999994
2018-02-11,-30.92,96.64,-30.080638399999998
2018-02-12,-28.47,97.06,-27.7751751
2018-02-13,-29.21,98.43,-28.83256415
2018-02-14,-30.53,99.26,-30.3467279
2018-02-15,-28.94,98.92,-28.6819664
2018-02-16,-30.78,98.69,-30.453757599999996
2018-02-17,-28.23,98.4,-27.853976
2018-02-18,-31.85,98.22,-31.396233499999997
2018-02-19,-34.56,98.68,-34.2038244
2018-02-20,-35.18,98.52,-34.77560479999999
2018-02-21,-35.24,98.31,-34.7776667
2018-02-22,-35.15,99.25,-34.945193749999994
2018-02-23,-29.75,93.15,-28.08288125
2018-02-24,-29.1,98.3,-28.692339999999998
2018-02-25,-33.66,99.49,-33.52491119999999
2018-02-26,-31.18,99.44,-31.039305599999995
2018-02-27,-30.36,99.18,-30.157681399999998
2018-02-28,-32.34,98.77,-32.0231274
2018-03-01,-28.63,97,-27.918354999999995
2018-03-02,-29.55,96.42,-28.682655499999996
2018-03-03,-34.75,98.18,-34.25700749999999
2018-03-04,-25.68,97.27,-25.076697299999996
2018-03-05,-25.95,97.44,-25.380463999999996
2018-03-06,-28.79,96.9,-28.0519055
2018-03-07,-27.8,96.33,-26.946174499999994
2018-03-08,-26.43,95.12,-25.331438799999997
2018-03-09,-28.38,98.3,-27.979071999999995
2018-03-10,-27.47,97.38,-26.865212299999992
2018-03-11,-27.89,98.62,-27.568259899999997
2018-03-12,-25.95,98.8,-25.68303
2018-03-13,-21.33,97.34,-20.805807099999996
2018-03-14,-24.27,96.43,-23.508751049999997
2018-03-15,-24.32,94.92,-23.235369199999997
2018-03-16,-22.63,95.58,-21.727369699999997
2018-03-17,-23.04,98.61,-22.753006699999993
2018-03-18,-26.16,94.66,-24.965815799999994
2018-03-19,-25.86,97.08,-25.211818399999995
2018-03-20,-23.15,98.73,-22.88701475
2018-03-21,-22.69,98.13,-22.307500849999997
2018-03-22,-14.34,98.54,-14.108414799999997
2018-03-23,-14.62,98.62,-14.398979199999996
2018-03-24,-12.81,98.43,-12.574178149999998
2018-03-25,-9.06,97.66,-8.7567828
2018-03-26,-8.78,98.85,-8.632753999999997
2018-03-27,-13.54,95.86,-12.901529199999997
2018-03-28,-16.51,97.61,-16.10237355
2018-03-29,-8.93,97.2,-8.569177999999997
2018-03-30,-19.12,95.7,-18.324887
2018-03-31,-18.04,96.99,-17.501300299999997
2018-04-01,-12.68,98.59,-12.469219099999998
2018-04-02,-11.58,98.2,-11.321807999999999
2018-04-03,-17.89,96.32,-17.234426399999997
2018-04-04,-14.73,96.87,-14.226805549999998
2018-04-05,-11.72,97.36,-11.339285599999998
2018-04-06,-10.94,97.76,-10.6265792
2018-04-07,-8.42,97.85,-8.148970999999998
2018-04-08,-7.8,97.7,-7.517904999999999
2018-04-09,-9.03,98.31,-8.811288649999998
2018-04-10,-8.99,98.06,-8.739361699999998
2018-04-11,-6.77,98.17,-6.555917449999997
2018-04-12,-6.99,97.65,-6.712241749999999
2018-04-13,-4.84,98.14,-4.642151799999999
2018-04-14,-3.32,98.92,-3.2141491999999987
2018-04-15,-3.31,98.42,-3.1552310999999986
2018-04-16,-1.04,98.16,-0.882735199999998
2018-04-17,-2.83,96.75,-2.5202262499999986
2018-04-18,-2.41,98.88,-2.3058343999999993
2018-04-19,-2.68,98.29,-2.5184221000000004
2018-04-20,-4.01,95.06,-3.5070832999999992
2018-04-21,-5.15,93.63,-4.461562249999997
2018-04-22,-2.08,92.55,-1.4006344999999985
2018-04-23,1.48,90.43,2.1653077000000005
2018-04-24,-5.35,80.84,-3.2582069999999987
2018-04-25,-7.37,82.67,-5.285460949999999
2018-04-26,-4.57,83.87,-2.8782049499999993
2018-04-27,-0.24,78.71,1.4859803000000018
2018-04-28,0.11,87.38,1.1088099000000013
2018-04-29,-5.42,83.67,-3.630885199999998
2018-04-30,-2.41,82.05,-0.740560249999999
2018-05-01,2.3,69.19,4.367351000000001
2018-05-02,5.73,81.75,6.6102887500000005
2018-05-03,4.97,86.64,5.670264400000001
2018-05-04,7.89,74.63,8.81232635
2018-05-05,9.77,75.72,10.4016442
2018-05-06,6.64,78.73,7.5595021000000004
2018-05-07,8.51,77.26,9.2591693
2018-05-08,7.04,80.23,7.8511631
2018-05-09,1.08,84.23,2.243983700000001
2018-05-10,2.52,75.67,4.1231037000000015
2018-05-11,1.25,73.39,3.189203750000001
2018-05-12,0.28,79.88,1.8535852000000015
2018-05-13,2.27,75.52,3.916647200000001
2018-05-14,3.86,90.03,4.443444400000001
2018-05-15,2.49,72.31,4.319062950000001
2018-05-16,3.38,63.5,5.6123400000000006
2018-05-17,4.33,52.54,6.9846751000000005
2018-05-18,6.86,65.68,8.3021264
2018-05-19,6.75,88.76,7.229105000000001
2018-05-20,5.73,74.73,6.948898450000001
2018-05-21,6.29,68.42,7.715994900000001
2018-05-22,8.04,71.69,9.0458543
2018-05-23,12.85,75.23,13.07478775
2018-05-24,15.06,71.75,14.972990000000001
2018-05-25,15.77,71.45,15.57057825
2018-05-26,14.9,70.04,14.834088
2018-05-27,18.9,68.18,18.129956
2018-05-28,12.35,67.89,12.72970075
2018-05-29,5.61,68.94,7.128678700000001
2018-05-30,8.52,64.26,9.6954886
2018-05-31,12.99,66.65,13.26697175
2018-06-01,14.82,63.67,14.756059200000001
2018-06-02,9.23,65.63,10.22621445
2018-06-03,12.03,62.26,12.5426979
2018-06-04,16.53,53.12,16.006584800000002
2018-06-05,18.29,75.38,17.7767961
2018-06-06,14.33,69.51,14.35850815
2018-06-07,15.6,67.79,15.4051295
2018-06-08,19.29,58.59,18.19905355
2018-06-09,16.27,63.9,15.918566499999999
2018-06-10,12.52,70.59,12.840274899999999
2018-06-11,12.68,64.16,13.0387584
2018-06-12,10.68,71.66,11.2754234
2018-06-13,8.74,84.82,9.220902400000002
2018-06-14,14.41,66.95,14.42635975
2018-06-15,15.68,64.89,15.452136099999999
2018-06-16,16.89,63.7,16.4128365
2018-06-17,15.97,66.62,15.7001227
2018-06-18,14.57,63.79,14.55605915
2018-06-19,17.28,58.65,16.647758500000002
2018-06-20,15.94,67.82,15.685134399999999
2018-06-21,14.01,75.67,14.07556935
2018-06-22,13.97,80.04,14.028183400000001
2018-06-23,17.02,66.87,16.5608182
2018-06-24,18.68,65.62,17.8896038
2018-06-25,19,70.06,18.258985
2018-06-26,17.68,75.82,17.257091799999998
2018-06-27,16.52,66.4,16.146704
2018-06-28,17.06,66.48,16.5880384
2018-06-29,17.55,69.91,17.04524025
2018-06-30,20.99,54.12,19.3523134
2018-07-01,21.99,52.32,20.0258224
2018-07-02,24.58,43.32,21.4376608
2018-07-03,23.57,51.74,21.1625499
2018-07-04,24.36,58.11,22.0883053
2018-07-05,22.63,70.68,21.3189562
2018-07-06,24.57,63.19,22.53127815
2018-07-07,25.19,48.91,22.18616345
2018-07-08,26.85,41.23,22.85804775
2018-07-09,27.62,48.96,23.9369536
2018-07-10,26.28,48.96,22.9731184
2018-07-11,24.17,57.31,21.89953235
2018-07-12,21.2,58.61,19.6747785
2018-07-13,19.45,48.25,18.04110625
2018-07-14,18.77,71.01,18.08916985
2018-07-15,17.76,90.54,17.5903822
2018-07-16,18.22,74.01,17.688244599999997
2018-07-17,16.64,74.18,16.3360986
2018-07-18,13.65,55.43,13.85836475
2018-07-19,15.53,57.74,15.2905971
2018-07-20,15.94,65.71,15.6684232
2018-07-21,20.15,59.87,18.90296025
2018-07-22,18.67,78.3,18.172310500000002
2018-07-23,11.21,83.7,11.504948500000001
2018-07-24,15.89,68.79,15.65139955
2018-07-25,13.94,71.95,14.026394
2018-07-26,15.67,66.95,15.45732325
2018-07-27,14.61,90.52,14.604264599999999
2018-07-28,15.06,81.36,15.0025888
2018-07-29,15.23,80.26,15.1507439
2018-07-30,14.16,82.35,14.1930055
2018-07-31,17.52,67.66,16.9828326
2018-08-01,10.31,83.58,10.688398900000001
2018-08-02,14.68,68.71,14.6490229
2018-08-03,18.16,64.33,17.4419629
2018-08-04,19.64,56.63,18.4139301
2018-08-05,9.68,84.93,10.0795057
2018-08-06,13.71,78.49,13.803460950000002
2018-08-07,19.79,47.52,18.2630944
2018-08-08,19.18,53.28,17.9774272
2018-08-09,18.79,62.94,17.915569299999998
2018-08-10,15.68,83.73,15.5744077
2018-08-11,11.58,96.53,11.6357282
2018-08-12,13.59,78.64,13.6969068
2018-08-13,17.52,57.28,16.8104208
2018-08-14,19.06,55.77,17.950711599999998
2018-08-15,18.7,59.08,17.754748
2018-08-16,19.47,67.03,18.56876505
2018-08-17,19.45,89.61,19.167132249999998
2018-08-18,19.04,81.93,18.5887921
2018-08-19,20.53,76.21,19.74100465
2018-08-20,20.92,69.73,19.851166300000003
2018-08-21,18.13,76.54,17.661621099999998
2018-08-22,17.21,77.04,16.8677812
2018-08-23,17.49,79.77,17.15731765
2018-08-24,13.21,86.15,13.30826575
2018-08-25,13.75,85.06,13.8116275
2018-08-26,13.66,78.73,13.7582674
2018-08-27,15.14,74.22,15.0492544
2018-08-28,16.25,72.09,15.98136625
2018-08-29,14,86.24,14.03784
2018-08-30,15.57,72.42,15.4076917
2018-08-31,15.92,84.77,15.8010537
2018-09-01,12.5,88.48,12.62672
2018-09-02,7.31,86.31,7.85137105
2018-09-03,5.01,73.02,6.4182211
2018-09-04,5.72,70.11,7.163388100000001
2018-09-05,6.45,64.29,8.031060250000001
2018-09-06,3.74,91.41,4.248356200000002
2018-09-07,2.54,70.48,4.4818256000000005
2018-09-08,2.43,69.18,4.475985700000001
2018-09-09,1.41,83.8,2.5763190000000007
2018-09-10,2.34,78,3.8113600000000005
2018-09-11,2.58,77.27,4.070178800000001
2018-09-12,3.96,76.97,5.295049100000001
2018-09-13,5.89,76.78,6.9895831
2018-09-14,6.42,87.68,6.9675008
2018-09-15,7.34,88.3,7.800746
2018-09-16,7.18,74.19,8.2191106
2018-09-17,7.49,71.6,8.584962
2018-09-18,5.83,80.53,6.7584269500000005
2018-09-19,4.28,84.97,5.124836300000001
2018-09-20,4.99,77.12,6.186738400000001
2018-09-21,4.85,74.04,6.227827
2018-09-22,7.35,75.64,8.307957
2018-09-23,4.93,89.26,5.4952999
2018-09-24,5.13,76.37,6.3477720500000006
2018-09-25,7.2,81.56,7.940366000000001
2018-09-26,8.01,69.15,9.11119075
2018-09-27,8.6,77.3,9.336615
2018-09-28,3.32,74.27,4.902137700000001
2018-09-29,1.37,83.93,2.5304950500000007
2018-09-30,0.18,78.07,1.907206800000001
2018-10-01,1.02,74.42,2.916501200000001
2018-10-02,2.45,86.27,3.3599557500000015
2018-10-03,2.58,89.85,3.2454340000000017
2018-10-04,1.99,82.99,3.1603730500000013
2018-10-05,-0.02,88.15,0.9263410000000005
2018-10-06,-1.27,87.71,-0.20402684999999798
2018-10-07,-1.53,77.68,0.43784280000000075
2018-10-08,-1.48,88.68,-0.48508519999999933
2018-10-09,-1.47,83.09,0.015289850000000937
2018-10-10,-3.3,82.61,-1.5975189999999981
2018-10-11,-3.15,91.15,-2.29088625
2018-10-12,-2.56,93.75,-1.9735624999999994
2018-10-13,-3.68,92.3,-2.910076999999998
2018-10-14,-4.87,88.51,-3.645912849999999
2018-10-15,-5.29,90.05,-4.206992249999999
2018-10-16,-5.37,90.72,-4.355835199999999
2018-10-17,-4.75,91.94,-3.8966474999999985
2018-10-18,-6.1,87.77,-4.714340999999998
2018-10-19,-4.3,92.25,-3.4986499999999996
2018-10-20,-5.03,94.07,-4.393029049999999
2018-10-21,-5.01,85.14,-3.4154476999999983
2018-10-22,-6.62,88.45,-5.278351999999999
2018-10-23,-7.06,88.04,-5.641783199999998
2018-10-24,-9.24,92.56,-8.268559199999999
2018-10-25,-9.58,92.15,-8.540345999999998
2018-10-26,-7.94,95.15,-7.341413
2018-10-27,-9.21,93.15,-8.31672575
2018-10-28,-11.38,95.64,-10.759397599999998
2018-10-29,-9.59,96.29,-9.098443549999999
2018-10-30,-6.97,97.55,-6.680691749999997
2018-10-31,-7.2,96.79,-6.816886499999998
2018-11-01,-9.33,96,-8.80574
2018-11-02,-10.18,96.82,-9.748346799999997
2018-11-03,-15.59,96.62,-15.0306269
2018-11-04,-16.01,97.03,-15.511619149999998
2018-11-05,-15.56,98.81,-15.363257299999999
2018-11-06,-19.89,98.59,-19.623305549999998
2018-11-07,-21.13,97.35,-20.610692749999995
2018-11-08,-21.3,99.05,-21.112944999999996
2018-11-09,-24.34,96.99,-23.697003799999997
2018-11-10,-19.78,98.5,-19.497189999999996
2018-11-11,-17.9,98.59,-17.648737999999998
2018-11-12,-20.44,91.99,-18.900718299999998
2018-11-13,-19.02,97.67,-18.590441199999997
2018-11-14,-21.54,97.83,-21.109862599999992
2018-11-15,-27.11,99.36,-26.963532799999996
2018-11-16,-29.37,98.62,-29.0370267
2018-11-17,-23.06,98.26,-22.700550799999995
2018-11-18,-23.92,97.52,-23.3959512
2018-11-19,-27.23,97.93,-26.754903949999996
2018-11-20,-25.9,97.91,-25.435601999999992
2018-11-21,-27.5,97.93,-27.021829999999998
2018-11-22,-32.71,98.82,-32.403607099999995
2018-11-23,-36.02,99.07,-35.7615902
2018-11-24,-34.96,98.91,-34.6634873
2018-11-25,-30.3,97.86,-29.772703999999997
2018-11-26,-34.71,98.75,-34.371681249999995
2018-11-27,-36.02,98.76,-35.6754536
2018-11-28,-39.48,98.91,-39.15638989999999
2018-11-29,-36.4,97.43,-35.6805285
2018-11-30,-37.07,98.14,-36.54243889999999
2018-12-01,-44.06,98.12,-43.4544896
2018-12-02,-43.71,89.2,-40.252326
2018-12-03,-39.7,96.87,-38.766946999999995
2018-12-04,-34.61,96.77,-33.737560849999994
2018-12-05,-34.34,95.95,-33.252089
2018-12-06,-35.02,96.12,-33.9632432
2018-12-07,-33.8,96.94,-32.98711099999999
2018-12-08,-29.71,98.1,-29.248005499999998
2018-12-09,-33.62,98.04,-33.1012664
2018-12-10,-34.81,98.9,-34.511674500000005
2018-12-11,-35.13,98.09,-34.608636849999996
2018-12-12,-33.69,97.93,-33.141356849999994
2018-12-13,-30.4,99.91,-30.377774499999994
2018-12-14,-29.09,98.84,-28.8118958
2018-12-15,-25.23,99.98,-25.2256297
2018-12-16,-22.84,99.18,-22.6715966
2018-12-17,-32.05,99.09,-31.817017249999996
2018-12-18,-38.64,97.29,-37.8479483
2018-12-19,-38.61,99.29,-38.402605449999996
2018-12-20,-27.84,99.65,-27.7584955
2018-12-21,-28.58,96.95,-27.857332999999993
2018-12-22,-29.82,96.85,-29.052155999999993
2018-12-23,-32.68,98.64,-32.3270936
2018-12-24,-35.7,98.2,-35.20302
2018-12-25,-36.18,97.16,-35.38837839999999
2018-12-26,-35.86,97.24,-35.09553519999999
2018-12-27,-32.91,97.04,-32.138165199999996
2018-12-28,-32.75,97.24,-32.032745
2018-12-29,-34.77,98.17,-34.27409745
2018-12-30,-28.97,99.37,-28.819376449999996
2018-12-31,-28.61,99.93,-28.593402649999994
2019-01-01,-30.33,98.97,-30.076038049999998
2019-01-02,-27.48,98.65,-27.1682985
2019-01-03,-27.29,97.67,-26.754461149999997
2019-01-04,-27.84,99.01,-27.609458699999998
2019-01-05,-30.72,99.22,-30.526006199999994
2019-01-06,-27.9,99.83,-27.860355999999992
2019-01-07,-32.23,100,-32.22999999999999
2019-01-08,-42.03,97.95,-41.39262425
2019-01-09,-44.81,98.66,-44.37288529999999
2019-01-10,-38.22,99.47,-38.06632119999999
2019-01-11,-33.82,99.58,-33.7083808
2019-01-12,-38.19,99.58,-38.068286099999995
2019-01-13,-42.56,98.53,-42.0986699
2019-01-14,-40.47,99.03,-40.17673504999999
2019-01-15,-47.85,98.76,-47.424773
2019-01-16,-48.93,92.53,-46.32397845
2019-01-17,-42.18,96.46,-41.076440399999996
2019-01-18,-34.87,97.72,-34.25090019999999
2019-01-19,-38.96,97.76,-38.3013728
2019-01-20,-40.23,97.6,-39.50756399999999
2019-01-21,-34.68,98.4,-34.247216
2019-01-22,-32.97,98.37,-32.54443145
2019-01-23,-30.17,96.99,-29.43048815
2019-01-24,-32.39,98.81,-32.08310495
2019-01-25,-32.95,99.48,-32.814293
2019-01-26,-35.94,99.63,-35.83735459999999
2019-01-27,-37.04,98.37,-36.5779439
2019-01-28,-33.96,98.87,-33.6588211
2019-01-29,-36.38,99.1,-36.128144
2019-01-30,-42.63,99.39,-42.43832885
2019-01-31,-39.6,97.85,-38.96026749999999
2019-02-01,-41.43,96.85,-40.461012749999995
2019-02-02,-35.64,94.52,-34.1287804
2019-02-03,-32.71,92.78,-30.8352909
2019-02-04,-32.74,94.57,-31.329177399999995
2019-02-05,-37.26,93.85,-35.50921799999999
2019-02-06,-41.67,97.52,-40.903841199999995
2019-02-07,-30.25,99.36,-30.092479999999995
2019-02-08,-30.08,99.07,-29.851973299999994
2019-02-09,-33.58,99.74,-33.51124559999999
2019-02-10,-32.38,98.5,-31.993239999999997
2019-02-11,-29.7,98.32,-29.291591999999994
2019-02-12,-32.69,99.5,-32.560227499999996
2019-02-13,-32.45,99.56,-32.336380999999996
2019-02-14,-31.04,97.92,-30.519022399999994
2019-02-15,-24.9,99.99,-24.89783299999999
2019-02-16,-27.24,99.77,-27.187198899999995
2019-02-17,-28.62,98.71,-28.314063599999997
2019-02-18,-31.98,99.23,-31.783157199999994
2019-02-19,-25.62,99.03,-25.405959799999998
2019-02-20,-28.35,98.54,-28.005914499999996
2019-02-21,-23.62,97.81,-23.160844599999997
2019-02-22,-23.71,98.81,-23.45991555
2019-02-23,-30.97,98.29,-30.54235465
2019-02-24,-25.09,95.93,-24.20377785
2019-02-25,-24.65,98.86,-24.404529499999995
2019-02-26,-22.1,99.8,-22.059739999999998
2019-02-27,-18.72,99.9,-18.701728999999997
2019-02-28,-19.34,98.87,-19.1296844
2019-03-01,-17.6,98.85,-17.396967499999995
2019-03-02,-22.49,98.87,-22.260107149999996
2019-03-03,-23.08,99.49,-22.974588099999995
2019-03-04,-17.27,97.64,-16.857625399999996
2019-03-05,-13.65,98.08,-13.352735999999997
2019-03-06,-11.69,99.06,-11.554597699999997
2019-03-07,-11.84,98.63,-11.641528099999999
2019-03-08,-14.4,96.91,-13.908844499999997
2019-03-09,-12.42,98.64,-12.2186384
2019-03-10,-15.48,98.41,-15.217824899999997
2019-03-11,-18.05,99.29,-17.92289225
2019-03-12,-18.98,98.91,-18.779287399999998
2019-03-13,-13.47,98.31,-13.210018849999999
2019-03-14,-15.08,97.88,-14.735097199999997
2019-03-15,-19.84,96.35,-19.1506245
2019-03-16,-20.3,97.79,-19.877006
2019-03-17,-20.38,98.55,-20.101831999999998
2019-03-18,-21.63,98.01,-21.234557149999997
2019-03-19,-22.66,97,-22.04686
2019-03-20,-21.99,95.81,-21.149087949999995
2019-03-21,-19.63,96.16,-18.909174399999994
2019-03-22,-17.86,96.78,-17.286904399999997
2019-03-23,-12.18,98.49,-11.958422599999997
2019-03-24,-14.31,98.33,-14.045380149999998
2019-03-25,-16.93,97.49,-16.49610885
2019-03-26,-19.08,97.41,-18.601652899999998
2019-03-27,-20.62,97.88,-20.2105008
2019-03-28,-16.7,97.95,-16.348219999999998
2019-03-29,-12.93,97.25,-12.515121249999998
2019-03-30,-10.68,98.37,-10.454261299999999
2019-03-31,-11.01,95.49,-10.377224449999998
2019-04-01,-7.84,98.33,-7.634807099999997
2019-04-02,-2.66,95.53,-2.238121399999999
2019-04-03,-1.3,97.89,-1.1166409999999987
2019-04-04,-4.72,97.38,-4.443039799999997
2019-04-05,-3.71,98.04,-3.5136961999999996
2019-04-06,-2.71,97.17,-2.4421263499999992
2019-04-07,-4.49,97.41,-4.219487449999999
2019-04-08,-4.18,97.94,-3.9683555999999984
2019-04-09,-2.93,96.95,-2.6376117499999987
2019-04-10,-4.58,95.7,-4.128757999999999
2019-04-11,-2.55,98,-2.3624499999999977
2019-04-12,-9.83,95.82,-9.2706533
2019-04-13,-9.69,95.42,-9.080653899999998
2019-04-14,-8.13,96.76,-7.7267334
2019-04-15,-6.51,96.49,-6.104401949999997
2019-04-16,-6.55,97.81,-6.2964527499999985
2019-04-17,-9.01,97.27,-8.656997349999997
2019-04-18,-8.85,96.81,-8.44032425
2019-04-19,-5.42,96.59,-5.046400399999999
2019-04-20,-2.54,98.53,-2.402231599999998
2019-04-21,-5.36,98.63,-5.210354899999999
2019-04-22,-1.66,97.76,-1.4609088
2019-04-23,-2.44,92.88,-1.7766295999999984
2019-04-24,-0.25,91.77,0.41765875000000163
2019-04-25,1.08,90.06,1.8136714000000007
2019-04-26,1.77,78.82,3.252917700000001
2019-04-27,3.95,67.11,5.858442250000001
2019-04-28,3.87,77.27,5.198909450000001
2019-04-29,-0.86,54.03,3.0235456000000003
2019-04-30,-2.1,57.12,1.814944000000001
2019-05-01,1.83,63.95,4.3421442500000005
2019-05-02,4.37,82.48,5.3461268
2019-05-03,1.03,76.87,2.74358605
2019-05-04,1.65,66.2,4.0388150000000005
2019-05-05,2.78,66.65,4.929741000000001
2019-05-06,-0.04,65.42,2.725362600000001
2019-05-07,2.71,81.11,3.934922050000001
2019-05-08,3.1,86.78,3.9288940000000006
2019-05-09,6.77,76.35,7.775479750000001
2019-05-10,8.87,73.91,9.67787685
2019-05-11,5.88,76.96,6.972326400000001
2019-05-12,6.12,66.37,7.6700067
2019-05-13,8.04,65.27,9.2739569
2019-05-14,9.89,76.3,10.490913500000001
2019-05-15,11.68,85.6,11.903344
2019-05-16,13.59,71.57,13.73229215
2019-05-17,9.16,83.12,9.6557656
2019-05-18,11,71.77,11.5434275
2019-05-19,5.24,61.6,7.195712
2019-05-20,5.42,56.22,7.6063732
2019-05-21,7.53,59.29,9.090617850000001
2019-05-22,7.44,75.16,8.4045372
2019-05-23,6.89,81.53,7.66306185
2019-05-24,8.82,81.08,9.411060800000001
2019-05-25,8.84,82.79,9.3757473
2019-05-26,10.07,68.07,10.84797445
2019-05-27,12.01,66.27,12.47193235
2019-05-28,10.57,74.96,11.111239600000001
2019-05-29,11.97,68.38,12.4099923
2019-05-30,12.82,69.98,13.0973848
2019-05-31,10.11,78.77,10.62259835
2019-06-01,10.09,75.33,10.68837085
2019-06-02,11.73,81.11,12.01778915
2019-06-03,15.73,57.83,15.44471995
2019-06-04,18.25,54.03,17.30186875
2019-06-05,17.96,79.4,17.567982
2019-06-06,17.04,69.04,16.6074888
2019-06-07,16.47,54.99,15.98231665
2019-06-08,18.77,54.81,17.708712849999998
2019-06-09,17.57,57.69,16.85559565
2019-06-10,17.37,56.3,16.6801955
2019-06-11,17.6,54.71,16.8278055
2019-06-12,17.8,53.41,16.9543915
2019-06-13,12.12,69.09,12.5246119
2019-06-14,16.13,54.36,15.720837399999999
2019-06-15,18.91,49.82,17.6928841
2019-06-16,19.5,53.49,18.220975
2019-06-17,22.21,51.96,20.172863800000002
2019-06-18,21.11,53.3,19.412221499999998
2019-06-19,22.48,50.52,20.3083228
2019-06-20,23.39,53.94,21.1378963
2019-06-21,21.07,66.92,19.8746542
2019-06-22,22.17,54.99,20.27125315
2019-06-23,20.49,63.21,19.27795345
2019-06-24,18.56,67,17.82311
2019-06-25,15.84,75.76,15.6613512
2019-06-26,18.82,51.53,17.6683528
2019-06-27,21.2,47.52,19.266112
2019-06-28,22.97,52.46,20.7553491
2019-06-29,20.27,75.91,19.50550385
2019-06-30,19.79,55.4,18.492362999999997
2019-07-01,20.07,61.05,18.87676675
2019-07-02,16.43,50.72,15.9068928
2019-07-03,14.86,55.33,14.7715534
2019-07-04,13.86,61.46,13.9956608
2019-07-05,13.85,77.06,13.9320105
2019-07-06,14.53,76.34,14.5260961
2019-07-07,18.97,58.45,17.94849325
2019-07-08,21.53,64.4,20.153526
2019-07-09,22,76.64,21.0364
2019-07-10,20.06,81.25,19.486625
2019-07-11,24.1,59.74,21.974272
2019-07-12,26.96,46.93,23.323112899999998
2019-07-13,27.52,42.62,23.4110182
2019-07-14,26.81,49.46,23.388189299999997
2019-07-15,23.3,51.16,20.936144
2019-07-16,20.15,41.3,18.3258975
2019-07-17,20.12,61.07,18.9166737
2019-07-18,14,61.75,14.1051875
2019-07-19,12.38,51.37,12.9470258
2019-07-20,14.94,43.14,14.802398799999999
2019-07-21,18.65,40.08,17.282325999999998
2019-07-22,19.84,42.74,18.1582738
2019-07-23,17.92,39.49,16.7818069
2019-07-24,20.73,37.87,18.60111555
2019-07-25,21.26,37.35,18.930673
2019-07-26,21.23,39.4,18.986891
2019-07-27,22.09,43.62,19.7364169
2019-07-28,22.25,40.37,19.70827125
2019-07-29,21.92,46.53,19.7378893
2019-07-30,16.14,56.26,15.7454652
2019-07-31,15.47,45.04,15.1767884
2019-08-01,13.77,72.93,13.878686049999999
2019-08-02,14.91,60.53,14.82099515
2019-08-03,11.23,95.86,11.304457900000001
2019-08-04,14.28,60.59,14.3276861
2019-08-05,17.06,54.58,16.420486399999998
2019-08-06,18.1,57.12,17.250976
2019-08-07,19.13,49.59,17.84630935
2019-08-08,20.06,59.23,18.813253399999997
2019-08-09,16.46,68.25,16.117735
2019-08-10,13.91,92.41,13.93462955
2019-08-11,13.47,89.24,13.5309554
2019-08-12,15.23,76.15,15.13424225
2019-08-13,17.91,62.42,17.2051871
2019-08-14,18.56,61.99,17.7112367
2019-08-15,15.24,93.29,15.2126903
2019-08-16,14.63,92.22,14.6244373
2019-08-17,16.94,65.82,16.4813044
2019-08-18,13.49,82.77,13.58571265
2019-08-19,13.39,83.71,13.489450450000001
2019-08-20,12.25,93.44,12.33118
2019-08-21,13.42,85.91,13.5036946
2019-08-22,16.43,71.74,16.1300201
2019-08-23,18.17,69.16,17.5474946
2019-08-24,16.23,74.69,15.98917535
2019-08-25,15.29,70.11,15.16012795
2019-08-26,16,64.35,15.7058875
2019-08-27,16.28,60.83,15.896525700000002
2019-08-28,15.63,72.68,15.4602062
2019-08-29,11.2,87.9,11.419615
2019-08-30,14.87,57.9,14.784326499999999
2019-08-31,14.32,57.23,14.3623423
2019-09-01,14.05,62.3,14.1433075
2019-09-02,12.84,74.09,13.0765583
2019-09-03,13.49,81.62,13.5921009
2019-09-04,10,86.25,10.3403125
2019-09-05,9.56,89.81,9.8368623
2019-09-06,10.66,71.86,11.2543168
2019-09-07,10.02,73.23,10.6796128
2019-09-08,5.89,76.62,6.9971599
2019-09-09,10.4,72.87,11.0117815
2019-09-10,12.08,72.6,12.444694
2019-09-11,12.51,67,12.871185
2019-09-12,13.62,73.17,13.7498572
2019-09-13,5.84,65.88,7.465135600000001
2019-09-14,2.52,58.4,5.261024000000001
2019-09-15,4.29,60.08,6.531707600000001
2019-09-16,4.42,70.09,6.078210400000001
2019-09-17,2.62,96.76,2.8317016000000006
2019-09-18,1.2,91,1.8583500000000013
2019-09-19,3.75,79.9,4.9384125
2019-09-20,0.31,94.91,0.7072490500000015
2019-09-21,1.98,84.95,3.0163430000000004
2019-09-22,2.44,97.74,2.5899058000000004
2019-09-23,3.63,89.61,4.25116615
2019-09-24,1.78,84.56,2.8601824000000007
2019-09-25,2.18,83.46,3.3007504000000014
2019-09-26,6.12,83.44,6.8832504000000005
2019-09-27,3.7,80.91,4.833946000000001
2019-09-28,0.19,93.53,0.6992213500000013
2019-09-29,0.73,74.07,2.6938085500000013
2019-09-30,1,85.71,2.0610325000000014
2019-10-01,-0.8,85.35,0.4327975000000017
2019-10-02,-1.58,74.65,0.6619540000000002
2019-10-03,-2.58,81.99,-0.8881405999999983
2019-10-04,-1.82,77.22,0.22473280000000107
2019-10-05,-3.64,86.22,-2.2651693999999987
2019-10-06,-2.6,86.11,-1.2936454999999982
2019-10-07,-2.23,88.49,-1.170907349999998
2019-10-08,-0.74,88.26,0.24404680000000112
2019-10-09,-2.65,93.55,-2.0416037499999975
2019-10-10,-7.11,87.31,-5.60173005
2019-10-11,-5.98,90.45,-4.904287999999999
2019-10-12,-7.8,93.91,-7.053061499999998
2019-10-13,-7.81,93.76,-7.0443207999999995
2019-10-14,-5.63,91.02,-4.635779299999999
2019-10-15,-6.35,94.79,-5.7525432499999996
2019-10-16,-4.21,93.29,-3.5195074499999985
2019-10-17,-1.53,98.53,-1.400397449999998
2019-10-18,-2.17,98.06,-1.9921310999999988
2019-10-19,-3.38,98.25,-3.207904999999998
2019-10-20,-3.9,98.25,-3.722899999999998
2019-10-21,-7.07,98.03,-6.8362890499999995
2019-10-22,-7.49,95.71,-6.971145949999997
2019-10-23,-8.56,89.18,-7.187699399999999
2019-10-24,-10.06,85.53,-8.1053924
2019-10-25,-10.24,94.67,-9.514746899999999
2019-10-26,-11.3,97.93,-11.006266999999998
2019-10-27,-13.22,94.58,-12.393666799999998
2019-10-28,-9.64,92.55,-8.650863499999998
2019-10-29,-10.51,97.99,-10.233514449999996
2019-10-30,-9.36,97.77,-9.067357099999997
2019-10-31,-7.55,95.81,-7.0418577499999975
2019-11-01,-14.74,96.12,-14.1160184
2019-11-02,-16.5,95.47,-15.727634999999996
2019-11-03,-10.26,96.92,-9.840565599999998
2019-11-04,-12.46,98.81,-12.2835468
2019-11-05,-16.21,98.52,-15.960020599999996
2019-11-06,-23.59,98.8,-23.338606
2019-11-07,-26.77,98.85,-26.508967249999994
2019-11-08,-26.79,99.71,-26.724142449999995
2019-11-09,-29.06,99.35,-28.904272999999993
2019-11-10,-23.36,99.42,-23.2392266
2019-11-11,-23.44,98.5,-23.126994999999997
2019-11-12,-25.2,97.4,-24.632289999999994
2019-11-13,-27.01,96.12,-26.124176600000002
2019-11-14,-26.01,97.41,-25.432935049999998
2019-11-15,-25.63,98.3,-25.254784499999996
2019-11-16,-25.73,97.96,-25.278619399999997
2019-11-17,-23.51,98.2,-23.133701000000002
2019-11-18,-24.7,98.21,-24.314075999999996
2019-11-19,-26.39,97.93,-25.924467349999997
2019-11-20,-28.65,98.76,-28.355716999999995
2019-11-21,-30.31,98.66,-29.979750299999996
2019-11-22,-35.74,98.44,-35.308940799999995
2019-11-23,-33.51,98.52,-33.11919859999999
2019-11-24,-32.27,98.46,-31.8738581
2019-11-25,-37.44,98.61,-37.042918699999994
2019-11-26,-32.62,97.34,-31.930634399999995
2019-11-27,-28.41,99.74,-28.348638699999995
2019-11-28,-25.56,100,-25.559999999999995
2019-11-29,-23.58,99.69,-23.515073599999997
2019-11-30,-24.82,99.36,-24.681593599999996
2019-12-01,-30.46,99.19,-30.259703199999997
2019-12-02,-37.75,97.78,-37.112027499999996
2019-12-03,-40,98.2,-39.46045
2019-12-04,-40.26,96.99,-39.353448199999995
2019-12-05,-40.83,97.84,-40.172679599999995
2019-12-06,-40.19,97,-39.287614999999995
2019-12-07,-44.01,94.71,-42.307651549999996
2019-12-08,-43.64,96.28,-42.4504556
2019-12-09,-44.69,88.48,-40.9397216
2019-12-10,-38.78,95.87,-37.5697448
2019-12-11,-33.43,97.57,-32.789415549999994
2019-12-12,-36.98,98.07,-36.43353979999999
2019-12-13,-39.06,98.61,-38.6505338
2019-12-14,-30.41,98.7,-30.088893499999994
2019-12-15,-25.34,99,-25.120879999999996
2019-12-16,-31.99,97.7,-31.401901499999997
2019-12-17,-38.66,97.58,-37.95244039999999
2019-12-18,-42.12,98.26,-41.5781466
2019-12-19,-39.47,97.46,-38.71603909999999
2019-12-20,-41.77,98.06,-41.1695991
2019-12-21,-35.23,96.26,-34.20705389999999
2019-12-22,-35.13,97.21,-34.368427649999994
2019-12-23,-37.14,97.72,-36.49243439999999
2019-12-24,-35.88,99.07,-35.6223063
2019-12-25,-45.7,99.38,-45.49471799999999
2019-12-26,-46.45,96.61,-45.31358725
2019-12-27,-49.47,87.45,-45.05447074999999
2019-12-28,-45.74,94.29,-43.848162800000004
2019-12-29,-44.97,97.15,-44.03780775
2019-12-30,-40.03,97.05,-39.145250749999995
2019-12-31,-38.48,99.16,-38.235232399999994
2020-01-01,-35.55,98.49,-35.134334749999994
2020-01-02,-35.65,97.04,-34.833558
2020-01-03,-38.74,97.57,-38.0284474
2020-01-04,-31.66,98.95,-31.393425999999995
2020-01-05,-28,99.04,-27.775599999999997
2020-01-06,-24.16,99.76,-24.108968799999996
2020-01-07,-18.47,100,-18.469999999999995
2020-01-08,-19.05,98.96,-18.858093999999998
2020-01-09,-22.16,98.39,-21.835375699999997
2020-01-10,-22.27,98.28,-21.9221558
2020-01-11,-22.06,98.94,-21.846855199999993
2020-01-12,-31.14,97.83,-30.595286599999994
2020-01-13,-26.54,99.72,-26.476798399999996
2020-01-14,-27.25,99.03,-27.027263749999996
2020-01-15,-24.24,98.61,-23.943832699999994
2020-01-16,-24.11,99.49,-24.001698949999998
2020-01-17,-29.18,98.74,-28.877297599999995
2020-01-18,-29.81,98.56,-29.459064799999997
2020-01-19,-28.36,98.64,-28.0394072
2020-01-20,-30.35,99.22,-30.157593499999997
2020-01-21,-33.19,99.02,-32.932950899999994
2020-01-22,-39.82,94.62,-38.2126712
2020-01-23,-36.14,95.32,-34.8365264
2020-01-24,-42.43,98.01,-41.806901149999995
2020-01-25,-46.45,98.56,-45.967276
2020-01-26,-40.94,98.35,-40.436882
2020-01-27,-31.31,98.11,-30.833805049999995
2020-01-28,-36.82,98.92,-36.5151592
2020-01-29,-31.01,98.84,-30.7196462
2020-01-30,-29.59,98.26,-29.168058699999996
2020-01-31,-23.14,99.05,-22.943330999999993
2020-02-01,-26.98,98.59,-26.658322599999998
2020-02-02,-32.94,97.55,-32.30074599999999
2020-02-03,-34.74,96.81,-33.8760842
2020-02-04,-39.13,97.44,-38.374889599999996
2020-02-05,-43.04,97.14,-42.134895799999995
2020-02-06,-43.83,98.92,-43.483519799999996
2020-02-07,-42.43,99.1,-42.14819649999999
2020-02-08,-42.38,96.77,-41.369526799999996
2020-02-09,-36.17,97.99,-35.609843149999996
2020-02-10,-27.2,98.65,-26.8903775
2020-02-11,-21.24,98.87,-21.017875899999996
2020-02-12,-27.63,99.34,-27.477068099999997
2020-02-13,-31.48,97.76,-30.913526400000002
2020-02-14,-39.55,99,-39.25272499999999
2020-02-15,-37.04,99.75,-36.96913249999999
2020-02-16,-27.28,99.93,-27.263914699999997
2020-02-17,-23.01,99.95,-22.99968475
2020-02-18,-26.99,98.42,-26.629451899999996
2020-02-19,-30.26,98.75,-29.952274999999997
2020-02-20,-27.21,98.88,-26.953066399999997
2020-02-21,-19.57,98.83,-19.350759549999996
2020-02-22,-19.64,99.51,-19.547992700000002
2020-02-23,-21.65,99.08,-21.467080999999997
2020-02-24,-21.28,98.76,-21.0359804
2020-02-25,-17.58,97.95,-17.218297999999997
2020-02-26,-17.57,98.92,-17.3795042
2020-02-27,-15.23,97.66,-14.847374899999998
2020-02-28,-18.86,98.51,-18.586614799999996
2020-02-29,-25.23,98.19,-24.83448785
2020-03-01,-25.25,98.77,-24.981091249999995
2020-03-02,-25.25,98.96,-25.022629999999996
2020-03-03,-22.39,98.55,-22.09580225
2020-03-04,-24.13,98.33,-23.775183449999997
2020-03-05,-20.2,99,-20.009149999999998
2020-03-06,-12.51,98.9,-12.3465895
2020-03-07,-12.92,97.29,-12.511304899999999
2020-03-08,-25.17,96.19,-24.33871515
2020-03-09,-21.48,98.03,-21.090156699999998
2020-03-10,-19.47,98.61,-19.210299349999996
2020-03-11,-23.56,96.69,-22.867117699999994
2020-03-12,-27.74,97.29,-27.110412799999995
2020-03-13,-21.9,98.02,-21.503603999999996
2020-03-14,-23.12,96.24,-22.342018399999997
2020-03-15,-19.84,97.25,-19.320607499999998
2020-03-16,-15.32,98.86,-15.133028599999998
2020-03-17,-14.16,99.2,-14.033895999999999
2020-03-18,-22.22,96.27,-21.466689199999998
2020-03-19,-13.44,97.82,-13.104999399999995
2020-03-20,-13.37,97.15,-12.93313775
2020-03-21,-12.02,98.99,-11.872681399999998
2020-03-22,-12.18,97.6,-11.827823999999998
2020-03-23,-8.18,98.06,-7.938004399999998
2020-03-24,-9.45,96.7,-9.015307499999997
2020-03-25,-17.68,95.26,-16.8410674
2020-03-26,-14.79,98.96,-14.622461199999998
2020-03-27,-15.72,98.15,-15.412511499999999
2020-03-28,-12.67,97.36,-12.275491599999997
2020-03-29,-11.56,96.42,-11.046878599999998
2020-03-30,-7.44,97.98,-7.196246599999999
2020-03-31,-7.45,97.65,-7.1662962499999985
2020-04-01,-8.31,97.25,-7.9649987499999995
2020-04-02,-14.21,96.52,-13.6604906
2020-04-03,-14.93,98.54,-14.693677099999997
2020-04-04,-5.63,97.52,-5.355426799999998
2020-04-05,-9.95,97.1,-9.560022499999995
2020-04-06,-4.06,98.48,-3.904838399999999
2020-04-07,-1.45,98.68,-1.3342029999999991
2020-04-08,-1.79,98.38,-1.6448560999999986
2020-04-09,-1.83,98.88,-1.7294071999999991
2020-04-10,-0.21,98.19,-0.06356194999999928
2020-04-11,-1.26,97.72,-1.0623695999999982
2020-04-12,-2.44,98.13,-2.265772099999998
2020-04-13,-2.24,98.14,-2.068749799999999
2020-04-14,-5.46,97.19,-5.151518199999998
2020-04-15,-6.52,96.98,-6.170857799999999
2020-04-16,-11.95,94.99,-11.221170249999997
2020-04-17,-15.02,95.03,-14.213070799999997
2020-04-18,-12.67,95.26,-11.961678099999999
2020-04-19,-10.69,95.13,-10.015285849999998
2020-04-20,-8.11,87.6,-6.567997999999998
2020-04-21,-4.07,88.83,-2.929152049999999
2020-04-22,-2.4,91.24,-1.585757999999998
2020-04-23,-1.09,87.23,0.004963650000000541
2020-04-24,1.39,76.34,3.0960043
2020-04-25,2.47,74.38,4.165147300000001
2020-04-26,4.34,75.58,5.704589600000001
2020-04-27,1.27,82.72,2.5273792000000013
2020-04-28,2.17,72.07,4.064072950000002
2020-04-29,0.64,83.51,1.8970327000000005
2020-04-30,1.68,60.33,4.477131700000001
2020-05-01,0.91,69.61,3.181500550000001
2020-05-02,-1.5,66,1.4920000000000009
2020-05-03,-0.46,68.33,2.1458076000000017
2020-05-04,0.69,67.33,3.1714498500000015
2020-05-05,3.99,56.26,6.518390700000001
2020-05-06,6.14,66.41,7.6844682
2020-05-07,8.12,79.76,8.8302216
2020-05-08,0.01,74.27,2.0605523500000014
2020-05-09,-1.76,72.31,0.7163167000000012
2020-05-10,1.46,66.13,3.889156400000001
2020-05-11,3.54,76.95,4.929454000000001
2020-05-12,2.98,77.96,4.376454400000001
2020-05-13,3.57,77.43,4.9267955500000005
2020-05-14,7.09,77.07,8.02451215
2020-05-15,7.86,76.79,8.7076292
2020-05-16,11.95,56.06,12.5662585
2020-05-17,12.66,67.92,12.984649600000001
2020-05-18,11.99,74.41,12.34326995
2020-05-19,10.99,67.71,11.61335845
2020-05-20,11.24,61.58,11.9288706
2020-05-21,12.98,62.74,13.2914936
2020-05-22,10.44,77.35,10.9457745
2020-05-23,11.3,67.71,11.868304
2020-05-24,12.87,66.59,13.169520649999999
2020-05-25,15.93,66.72,15.6682528
2020-05-26,19.39,70,18.58315
2020-05-27,19.11,73.41,18.43581055
2020-05-28,7.86,76.27,8.726619600000001
2020-05-29,3.46,69.7,5.299816000000001
2020-05-30,5.04,67.31,6.740860700000001
2020-05-31,9.35,60.68,10.463739
2020-06-01,11.76,60.3,12.358279
2020-06-02,14.52,57.13,14.5152843
2020-06-03,14.85,64.48,14.781623999999999
2020-06-04,15.3,63.97,15.141468
2020-06-05,13.14,74,13.334480000000001
2020-06-06,14.62,73.15,14.602279
2020-06-07,15.09,73.14,15.0028393
2020-06-08,15.4,77.15,15.2868925
2020-06-09,11.92,87.95,12.090989500000001
2020-06-10,12.51,80.73,12.72091015
2020-06-11,12.9,79.3,13.08216
2020-06-12,13.67,74.42,13.7867727
2020-06-13,17.18,65.44,16.6705856
2020-06-14,16.1,72.19,15.855272000000001
2020-06-15,15.34,71.04,15.2062048
2020-06-16,17.72,70.76,17.202159599999998
2020-06-17,19.08,61.72,18.115726799999997
2020-06-18,21.05,54.53,19.41194325
2020-06-19,20.45,61.78,19.199250499999998
2020-06-20,21.4,62.91,19.992434499999998
2020-06-21,19.11,65.3,18.2301815
2020-06-22,17.71,59.96,17.003093800000002
2020-06-23,20.66,46.46,18.8460648
2020-06-24,19.78,61.86,18.6724144
2020-06-25,22.81,48.11,20.43836755
2020-06-26,24.1,41.88,21.031264
2020-06-27,25.12,48.56,22.1153896
2020-06-28,25.42,46.92,22.2320152
2020-06-29,24.8,56.17,22.3170305
2020-06-30,23.83,52.69,21.402287349999998
2020-07-01,24.32,49.85,21.6113985
2020-07-02,21.99,55.66,20.1634137
2020-07-03,15.35,74.36,15.230133
2020-07-04,14.33,77.09,14.35142085
2020-07-05,14.99,61.18,14.8853801
2020-07-06,16.8,48.74,16.151561
2020-07-07,17.55,55.9,16.810222500000002
2020-07-08,18.36,56.58,17.4381934
2020-07-09,21.12,53.55,19.4287555
2020-07-10,17.16,74.65,16.7891295
2020-07-11,21.49,67.74,20.2497643
2020-07-12,27.87,56.33,24.65872655
2020-07-13,27.79,52.27,24.301175649999998
2020-07-14,23.8,46.39,21.0578485
2020-07-15,23.18,52.11,20.8937314
2020-07-16,23.78,50.58,21.2576032
2020-07-17,25.23,49.91,22.273938649999998
2020-07-18,20.77,80.56,20.0996116
2020-07-19,21.31,63.48,19.9421434
2020-07-20,26.24,68.48,24.204753599999997
2020-07-21,16.76,82.01,16.5363843
2020-07-22,20.86,58.01,19.3911898
2020-07-23,21.82,55.92,20.0453392
2020-07-24,23.99,51.23,21.444449849999998
2020-07-25,23.3,67.89,21.745876
2020-07-26,19.59,55.54,18.3453423
2020-07-27,20.72,71.13,19.7323573
2020-07-28,16.72,68.49,16.3352629
2020-07-29,15.03,77.33,14.96391695
2020-07-30,17.82,52.73,16.9568498
2020-07-31,17.94,58.77,17.159928400000002
2020-08-01,19.77,53.94,18.4349509
2020-08-02,18.87,56.37,17.82135295
2020-08-03,19.75,55.39,18.46188625
2020-08-04,20.1,53.41,18.665028
2020-08-05,21.2,52.27,19.441149499999998
2020-08-06,18.74,55.73,17.707623599999998
2020-08-07,19.38,54.36,18.1550224
2020-08-08,19.95,54.59,18.58883525
2020-08-09,19.58,54.23,18.301186199999997
2020-08-10,16.04,69.83,15.784460099999999
2020-08-11,16.1,57.14,15.722832
2020-08-12,14.47,57.22,14.4770587
2020-08-13,11.32,58.23,12.050557300000001
2020-08-14,11.24,59.18,11.9719026
2020-08-15,12.13,56.39,12.69845635
2020-08-16,10.08,65.11,10.928175900000001
2020-08-17,11.72,58.58,12.3533118
2020-08-18,12.11,51.71,12.74477205
2020-08-19,14.28,71.13,14.3149327
2020-08-20,8.12,86.37,8.5982767
2020-08-21,12,47.63,12.7200875
2020-08-22,10.74,58.88,11.5903616
2020-08-23,11.7,51.56,12.445976
2020-08-24,6.7,73.71,7.827841000000001
2020-08-25,9,57.89,10.2738275
2020-08-26,9.85,55.1,10.9983175
2020-08-27,11.2,47.53,12.1523305
2020-08-28,12.94,56.02,13.3173484
2020-08-29,14.92,50.21,14.8049851
2020-08-30,12.15,91.84,12.255468
2020-08-31,12.36,78.75,12.6101125
2020-09-01,14.12,68,14.186879999999999
2020-09-02,12.9,73.21,13.135752
2020-09-03,14.5,59.39,14.5
2020-09-04,14.31,68.52,14.3428966
2020-09-05,12.46,74.71,12.7437538
2020-09-06,11.5,76.4,11.8894
2020-09-07,7.91,79.98,8.6356249
2020-09-08,9.24,62.36,10.3289252
2020-09-09,10.78,53.4,11.733436
2020-09-10,10.52,60.54,11.3837794
2020-09-11,11.72,65.02,12.2548442
2020-09-12,12.23,78.72,12.4956808
2020-09-13,13.67,82.34,13.7506179
2020-09-14,9.05,70.83,9.924370750000001
2020-09-15,8.84,72.24,9.7041688
2020-09-16,8.28,60.82,9.6203478
2020-09-17,7.46,62.81,8.8999968
2020-09-18,7.09,65.33,8.50297585
2020-09-19,7.27,66.39,8.60650165
2020-09-20,9.62,49.22,10.9829352
2020-09-21,8.08,51.9,9.778411
2020-09-22,5.36,74.9,6.621777000000001
2020-09-23,3.95,82.25,4.979943750000001
2020-09-24,5.82,77.36,6.900833600000001
2020-09-25,7.38,76.43,8.3030012
2020-09-26,9.45,70.07,10.28130575
2020-09-27,9.88,82.54,10.323658600000002
2020-09-28,3.57,96.2,3.7984370000000003
2020-09-29,3.54,82.92,4.569582400000001
2020-09-30,2.43,73.98,4.157337700000001
2020-10-01,-1.96,95.04,-1.5109711999999986
2020-10-02,-0.21,61.39,2.913742050000001
2020-10-03,-0.65,76.48,1.3098040000000006
2020-10-04,-0.86,74.42,1.3009984000000006
2020-10-05,-0.07,92.93,0.4965544500000008
2020-10-06,2.19,95.17,2.5170151500000006
2020-10-07,1.53,87.82,2.3988603000000013
2020-10-08,-1.53,76.46,0.5454041000000014
2020-10-09,-0.34,66.66,2.3812108000000016
2020-10-10,-1.04,82.18,0.4830754000000006
2020-10-11,-3,61,0.7537500000000015
2020-10-12,-4.04,77.48,-1.7436355999999997
2020-10-13,-8.16,84.97,-6.286811099999998
2020-10-14,-8.32,88.91,-6.928094099999998
2020-10-15,-9.43,91.21,-8.273104149999998
2020-10-16,-8.53,96.65,-8.10567225
2020-10-17,-8.52,98.15,-8.2857715
2020-10-18,-11.11,98.24,-10.862095199999995
2020-10-19,-12.66,98.6,-12.450867999999996
2020-10-20,-10.66,97.4,-10.300211999999998
2020-10-21,-9.87,98.29,-9.640800149999999
2020-10-22,-14.32,97.67,-13.9506717
2020-10-23,-13.97,99.01,-13.81498085
2020-10-24,-11.74,99.27,-11.634646399999998
2020-10-25,-14.46,99.69,-14.410623199999998
2020-10-26,-11.5,98.42,-11.274059999999999
2020-10-27,-13.44,98.12,-13.151100399999999
2020-10-28,-16.63,98.14,-16.3115401
2020-10-29,-19.82,96.79,-19.214080399999997
2020-10-30,-24.36,97.3,-23.782928999999996
2020-10-31,-29.89,99.4,-29.743512999999997
2020-11-01,-26.49,99.04,-26.273572799999997
2020-11-02,-25.41,98.94,-25.177324699999996
2020-11-03,-22.76,99,-22.55507
2020-11-04,-20.1,99.41,-19.987723
2020-11-05,-15.35,98.77,-15.148064749999996
2020-11-06,-19.09,99.5,-18.9976275
2020-11-07,-21.27,99.36,-21.144089599999997
2020-11-08,-22.98,99.23,-22.821272199999996
2020-11-09,-26.35,98.78,-26.0758965
2020-11-10,-22.66,99.53,-22.563941399999997
2020-11-11,-19.63,99.48,-19.532388199999996
2020-11-12,-16.05,99.15,-15.907178749999998
2020-11-13,-14.33,98.88,-14.152407199999999
2020-11-14,-14.39,99.55,-14.318497249999997
2020-11-15,-15.79,98,-15.456809999999995
2020-11-16,-19.25,98.88,-19.042099999999998
2020-11-17,-22.26,98.79,-22.0153622
2020-11-18,-20.88,98.85,-20.656221499999994
2020-11-19,-24.65,98.89,-24.410989249999997
2020-11-20,-21.68,98.26,-21.333757399999996
2020-11-21,-20.41,99.06,-20.229515299999996
2020-11-22,-23.81,99.43,-23.689898149999998
2020-11-23,-29.37,99.6,-29.273486
2020-11-24,-21.25,98.27,-20.90983875
2020-11-25,-21.9,98.41,-21.581681999999994
2020-11-26,-23.71,98.58,-23.411579899999996
2020-11-27,-21.92,99.2,-21.759752
2020-11-28,-27.09,99.43,-26.95961535
2020-11-29,-30.69,99.71,-30.617921949999996
2020-11-30,-26.99,99.44,-26.862210799999996
2020-12-01,-22.03,99.25,-21.879313749999998
2020-12-02,-20.06,99.82,-20.025785599999992
2020-12-03,-17.59,100,-17.589999999999996
2020-12-04,-18.06,100,-18.059999999999995
2020-12-05,-23.13,98.43,-22.80506495
2020-12-06,-25.43,99.24,-25.263092599999997
2020-12-07,-26.64,99.86,-26.6083222
2020-12-08,-32.63,99.46,-32.4900239
2020-12-09,-41.54,97.92,-40.89890239999999
2020-12-10,-42.88,97.47,-42.08155729999999
2020-12-11,-43.04,93.88,-41.10320359999999
2020-12-12,-48.56,90.08,-45.119446399999994
2020-12-13,-49.29,93.86,-47.13581169999999
2020-12-14,-47.23,93.54,-45.03673309999999
2020-12-15,-45.44,97.78,-44.70813259999999
2020-12-16,-41.89,97.57,-41.13634765
2020-12-17,-36.61,97.55,-35.92129274999999
2020-12-18,-35.7,95.62,-34.490682
2020-12-19,-41.93,97.23,-41.07028895
2020-12-20,-47.07,97.81,-46.328389349999995
2020-12-21,-42.33,98.12,-41.7423778
2020-12-22,-40.62,97.3,-39.80146799999999
2020-12-23,-43.86,94.85,-42.20695299999999
2020-12-24,-47.65,92.99,-45.25380674999999
2020-12-25,-44.13,95.32,-42.620863799999995
2020-12-26,-46.47,94.43,-44.60218404999999
2020-12-27,-43.54,96.55,-42.43869099999999
2020-12-28,-37.1,97.23,-36.313874
2020-12-29,-38.43,99.51,-38.28735365
2020-12-30,-38.86,98.6,-38.449127999999995
2020-12-31,-39.98,98.84,-39.6324176
2021-01-01,-39.72,99.34,-39.5231814
2021-01-02,-37.36,98.3,-36.875108999999995
2021-01-03,-42.58,98.93,-42.244084199999996
2021-01-04,-46,96.53,-44.8453575
2021-01-05,-41.89,97.07,-40.981275149999995
2021-01-06,-38.32,97.38,-37.55886379999999
2021-01-07,-36.83,98.81,-36.49404515
2021-01-08,-39.79,98.48,-39.3361356
2021-01-09,-38.59,96.56,-37.5855372
2021-01-10,-42.14,94.66,-40.4764832
2021-01-11,-45.9,98.28,-45.328616
2021-01-12,-50.74,96.93,-49.6384226
2021-01-13,-49.06,95.9,-47.626722
2021-01-14,-50.26,95.65,-48.71061699999999
2021-01-15,-49.59,92.97,-47.11196015
2021-01-16,-46.31,96.85,-45.256466749999994
2021-01-17,-47.3,94.79,-45.529120999999996
2021-01-18,-51.35,94.67,-49.41960725
2021-01-19,-53.11,88.69,-48.904319949999994
2021-01-20,-49.34,95.65,-47.812628
2021-01-21,-48.89,95.21,-47.21999045
2021-01-22,-52.27,95.97,-50.79004294999999
2021-01-23,-53.21,91.39,-50.00359295
2021-01-24,-52.07,91.28,-48.877302799999995
2021-01-25,-50.73,91.24,-47.58721859999999
2021-01-26,-52.05,96.64,-50.820156
2021-01-27,-45.19,95.19,-43.61090104999999
2021-01-28,-44.5,94.32,-42.65683999999999
2021-01-29,-42.09,96.65,-41.047329250000004
2021-01-30,-44.8,97.57,-44.00745549999999
2021-01-31,-40.12,96.59,-39.09560189999999
2021-02-01,-41.18,96.07,-39.97647679999999
2021-02-02,-40.34,94.89,-38.7987218
2021-02-03,-39.29,95.46,-37.94686369999999
2021-02-04,-43.56,99.07,-43.2630231
2021-02-05,-41.47,97.69,-40.75890114999999
2021-02-06,-38.09,95.61,-36.82021445
2021-02-07,-38.9,99.26,-38.682662
2021-02-08,-37.09,98.52,-36.6700574
2021-02-09,-33.33,98.23,-32.86437495
2021-02-10,-33.77,99.17,-33.54964745
2021-02-11,-25.25,98.78,-24.983277499999996
2021-02-12,-23.1,97.88,-22.661583999999998
2021-02-13,-22.67,98.25,-22.31223875
2021-02-14,-25.33,96.73,-24.613657449999998
2021-02-15,-28.35,97,-27.642975
2021-02-16,-32.3,97.96,-31.774903999999992
2021-02-17,-37.31,99.24,-37.0934342
2021-02-18,-35.04,98.66,-34.67489019999999
2021-02-19,-33.07,97.6,-32.44207599999999
2021-02-20,-35.36,98.86,-35.04737779999999
2021-02-21,-33.47,96.31,-32.49644884999999
2021-02-22,-36.56,98.03,-36.0067649
2021-02-23,-35.63,98.75,-35.28535625
2021-02-24,-32.69,98.62,-32.33182789999999
2021-02-25,-35,99.06,-34.74408499999999
2021-02-26,-37.54,98.7,-37.167913999999996
2021-02-27,-29.67,97.65,-29.09910275
2021-02-28,-25.37,96.47,-24.59592395
2021-03-01,-31.85,96.41,-30.934819249999997
2021-03-02,-33.85,98.71,-33.50695675
2021-03-03,-32.45,96.84,-31.634009
2021-03-04,-34.85,95.96,-33.753443
2021-03-05,-35,97.03,-34.19141749999999
2021-03-06,-31.99,98.69,-31.65503954999999
2021-03-07,-26.55,99.3,-26.391957499999997
2021-03-08,-23.31,98.55,-23.008465249999997
2021-03-09,-16.44,98.28,-16.1473076
2021-03-10,-13.09,96.17,-12.508816649999996
2021-03-11,-18.36,96.88,-17.796122399999998
2021-03-12,-13.84,98.43,-13.595284099999999
2021-03-13,-12.77,97.92,-12.458031199999997
2021-03-14,-11.37,90.63,-10.036789549999996
2021-03-15,-19.83,95.71,-19.019983649999993
2021-03-16,-14.16,98.31,-13.893605299999999
2021-03-17,-11.69,98.32,-11.448004399999997
2021-03-18,-22.36,97.37,-21.826820099999996
2021-03-19,-10.88,98.97,-10.7362223
2021-03-20,-9.93,98.25,-9.694861249999997
2021-03-21,-18.49,97.57,-18.049088649999995
2021-03-22,-31.67,95.56,-30.542528599999997
2021-03-23,-24.61,96.62,-23.8829451
2021-03-24,-26.65,97.79,-26.149821749999997
2021-03-25,-21.08,96.89,-20.471404099999997
2021-03-26,-13.68,98.69,-13.476963099999995
2021-03-27,-8.68,99.63,-8.632828699999997
2021-03-28,-8.63,97.98,-8.3730257
2021-03-29,-8.38,98.53,-8.1950151999999985
2021-03-30,-10.45,97.51,-10.108309749999998
2021-03-31,-6.43,98.26,-6.229699899999998
2021-04-01,-7.43,96.75,-7.038001249999998
2021-04-02,-15.83,97.42,-15.3996173
2021-04-03,-20.27,96.14,-19.531832899999998
2021-04-04,-20.75,96.39,-20.050111249999997
2021-04-05,-21.29,96.52,-20.604979399999998
2021-04-06,-18.48,91.73,-16.9799047
2021-04-07,-15.95,96.49,-15.362162749999996
2021-04-08,-7.96,97.17,-7.610410099999998
2021-04-09,-4.99,98.73,-4.85386235
2021-04-10,-8.73,99.15,-8.621399749999998
2021-04-11,-9.55,99.02,-9.420370499999997
2021-04-12,-10.26,96.87,-9.833756599999997
2021-04-13,-10.53,95.64,-9.929780599999997
2021-04-14,-7.97,95.47,-7.410159949999997
2021-04-15,-6.1,95.67,-5.609410999999999
2021-04-16,-1.23,97.16,-0.9842973999999988
2021-04-17,-3.27,96.87,-2.9640894499999986
2021-04-18,-8.37,96.21,-7.8932748499999965
2021-04-19,-9.23,97.48,-8.901102199999999
2021-04-20,-11.04,97.27,-10.656516899999996
2021-04-21,-9.5,94.97,-8.836039999999999
2021-04-22,-8.13,96.49,-7.693127849999998
2021-04-23,-4.21,98.44,-4.049468199999997
2021-04-24,-5.1,97.94,-4.877931999999999
2021-04-25,-0.86,98.82,-0.7603135999999984
2021-04-26,-0.22,98.98,-0.13742079999999995
2021-04-27,-5.96,98.17,-5.754070099999998
2021-04-28,-7.26,98.49,-7.079283199999997
2021-04-29,-2.13,97.27,-1.880300549999998
2021-04-30,-0.73,98.93,-0.6403714499999995
2021-05-01,-0.94,99.36,-0.8856511999999988
2021-05-02,-0.99,99.19,-0.9209920499999985
2021-05-03,0.96,96.27,1.2377731000000007
2021-05-04,4.15,84.04,5.058523000000001
2021-05-05,2.82,90.4,3.4367040000000006
2021-05-06,1.77,83.27,2.9413509500000012
2021-05-07,4.49,75.26,5.852060700000001
2021-05-08,6.8,70.53,8.0480545
2021-05-09,8.22,65.3,9.418538000000002
2021-05-10,9.22,61.31,10.3435576
2021-05-11,7.69,71.43,8.760089350000001
2021-05-12,6.45,70.83,7.741501750000001
2021-05-13,5.99,65.93,7.58464635
2021-05-14,9.34,42.81,10.9630522
2021-05-15,10.6,51.78,11.634319
2021-05-16,9.52,77.2,10.144492
2021-05-17,1.34,76.32,3.0539584000000017
2021-05-18,1.35,60.2,4.228535000000001
2021-05-19,4.01,55.31,6.5883895500000005
2021-05-20,5.25,66.41,6.958891250000001
2021-05-21,5.19,62.58,7.1060911
2021-05-22,6.16,63.14,7.850768200000001
2021-05-23,7.73,60.03,9.21828295
2021-05-24,5.95,83,6.749425000000001
2021-05-25,9.48,76.56,10.1271784
2021-05-26,12.6,68.26,12.931683
2021-05-27,10.39,87.54,10.6716583
2021-05-28,13.96,64.4,14.065732
2021-05-29,15.88,72.72,15.6729448
2021-05-30,13.86,82.95,13.920016
2021-05-31,15.26,55.9,15.075662
2021-06-01,12.26,73.37,12.5880816
2021-06-02,15.85,65.41,15.593169249999999
2021-06-03,18.15,58.92,17.325319
2021-06-04,18.66,61.93,17.7889584
2021-06-05,18.88,64.27,18.0192643
2021-06-06,12.15,75.73,12.46368975
2021-06-07,12.07,71.16,12.4554466
2021-06-08,16.23,68.02,15.9257103
2021-06-09,9.91,69.52,10.6794676
2021-06-10,13.91,52.24,14.0649812
2021-06-11,16,64.37,15.7060525
2021-06-12,12.87,80.45,13.045265749999999
2021-06-13,12.32,70.35,12.6755035
2021-06-14,16.31,58.78,15.899654899999998
2021-06-15,16.42,64.94,16.049766400000003
2021-06-16,17.77,62.7,17.0991595
2021-06-17,18.58,55.05,17.571322
2021-06-18,18.01,77.07,17.56733635
2021-06-19,22.16,64.09,20.6471117
2021-06-20,25.45,50.94,22.495361499999998
2021-06-21,26.25,54.72,23.32378
2021-06-22,26.71,49.86,23.3428483
2021-06-23,25.14,54.61,22.4837772
2021-06-24,20.54,77.06,19.7779332
2021-06-25,22.38,59.89,20.641632599999998
2021-06-26,23.08,56.57,21.030538299999996
2021-06-27,23.92,48.61,21.2574841
2021-06-28,24.89,47.61,21.89617345
2021-06-29,24.61,55.15,22.11611575
2021-06-30,25.92,54.08,23.0357648
2021-07-01,27.03,40.51,22.93024665
2021-07-02,26.41,40.65,22.52227825
2021-07-03,26.76,44.03,22.9859429
2021-07-04,24.13,63.12,22.176650799999997
2021-07-05,21.94,57.91,20.2176772
2021-07-06,22.09,58.6,20.361757
2021-07-07,24.06,50.38,21.4509804
2021-07-08,25.05,50.03,22.15049075
2021-07-09,21.78,77.61,20.8835044
2021-07-10,13.2,90.44,13.268353999999999
2021-07-11,12.97,71.04,13.2136984
2021-07-12,18.24,53.75,17.2886375
2021-07-13,20.49,47.09,18.746880049999998
2021-07-14,21.28,54.62,19.5877798
2021-07-15,21.48,63.14,20.0649446
2021-07-16,17.29,66.46,16.7753287
2021-07-17,18.72,57.19,17.726379899999998
2021-07-18,19.31,62.7,18.3232285
2021-07-19,24.62,58.48,22.3089968
2021-07-20,22.08,69.64,20.814291599999997
2021-07-21,18.72,78.61,18.2235381
2021-07-22,21.46,55.72,19.7649616
2021-07-23,20.65,68.47,19.58349775
2021-07-24,16.79,94.32,16.718460399999998
2021-07-25,19.77,69.94,18.898710899999998
2021-07-26,22.77,61.72,21.0288342
2021-07-27,20.3,60.45,19.038355
2021-07-28,18.1,54.57,17.200486
2021-07-29,16.65,51.9,16.081217499999998
2021-07-30,17.44,57.23,16.7484091
2021-07-31,17.19,60.26,16.602046700000002
2021-08-01,20.81,55.07,19.25070435
2021-08-02,22.77,55.34,20.7386399
2021-08-03,18.54,70.21,17.8780662
2021-08-04,21.23,50.92,19.4133038
2021-08-05,18.75,52.14,17.6312725
2021-08-06,19.51,51.91,18.18488005
2021-08-07,18.71,48.12,17.5087186
2021-08-08,18.24,51.29,17.2380353
2021-08-09,20.06,52.64,18.611731199999998
2021-08-10,22.27,52.12,20.2238482
2021-08-11,20.5,85.82,20.032059999999998
2021-08-12,18.68,84.66,18.3273334
2021-08-13,20.49,59.04,19.140572799999997
2021-08-14,23.31,52.63,21.014686649999998
2021-08-15,20.33,72.3,19.4417995
2021-08-16,19.7,71.55,18.886329999999997
2021-08-17,18.29,67.26,17.6075347
2021-08-18,12.2,84.91,12.390888499999999
2021-08-19,16.18,71.41,15.915828399999999
2021-08-20,17.42,89.76,17.2555456
2021-08-21,20.65,72.86,19.731989499999997
2021-08-22,18.44,88.21,18.1845107
2021-08-23,14.53,85.68,14.5276372
2021-08-24,13.35,95.16,13.380613
2021-08-25,13.71,69.76,13.841392800000001
2021-08-26,15.37,69.86,15.2257801
2021-08-27,9.46,69.85,10.295758000000001
2021-08-28,7.58,67.62,8.8123828
2021-08-29,10.58,64.56,11.3440864
2021-08-30,13.29,73.81,13.464294449999999
2021-08-31,9.16,66.39,10.1471257
2021-09-01,10.33,65.47,11.12194555
2021-09-02,13.78,60.7,13.935628
2021-09-03,10.92,84.38,11.2275578
2021-09-04,6.07,70.49,7.438231150000001
2021-09-05,8.71,63.43,9.874571650000002
2021-09-06,9.21,58.45,10.41889725
2021-09-07,10.99,53.1,11.8954045
2021-09-08,11.2,59.71,11.9312635
2021-09-09,6.77,62.96,8.344755600000001
2021-09-10,9.73,53.04,10.961995600000002
2021-09-11,10.53,57.36,11.4610444
2021-09-12,10.41,67.79,11.13456395
2021-09-13,13,70.55,13.2429625
2021-09-14,8.71,90.16,9.023354800000002
2021-09-15,11.8,71.54,12.222631000000002
2021-09-16,7.45,94.9,7.6477525
2021-09-17,5.92,97.05,6.059210500000001
2021-09-18,3.43,87.08,4.2166342000000006
2021-09-19,2.29,72.42,4.1421349
2021-09-20,1.87,83.72,3.0008902000000006
2021-09-21,2.67,80.96,3.908837600000001
2021-09-22,4.81,73.55,6.219652750000001
2021-09-23,4.93,87.68,5.5784632
2021-09-24,5,87.21,5.668277500000001
2021-09-25,2.89,81.38,4.078980100000002
2021-09-26,1.93,84.94,2.9711731000000006
2021-09-27,2.87,77.5,4.309212500000001
2021-09-28,1.77,74.06,3.5861891000000012
2021-09-29,2.52,66.97,4.696346700000001
2021-09-30,0.85,93.83,1.3132127500000006
2021-10-01,-1.24,92.82,-0.6184273999999979
2021-10-02,-2.12,92.34,-1.4197994
2021-10-03,-2.53,88.85,-1.4856352499999976
2021-10-04,-1.58,91.28,-0.8088031999999983
2021-10-05,-1.07,94.8,-0.624697999999999
2021-10-06,0.27,93.23,0.7998540500000003
2021-10-07,-1.63,83.75,-0.1883812499999984
2021-10-08,-1.68,93.88,-1.1353811999999976
2021-10-09,-0.45,95.57,-0.08574324999999883
2021-10-10,0.71,91.6,1.3470980000000017
2021-10-11,-0.92,90.54,-0.11769739999999973
2021-10-12,-4.77,77.06,-2.3387040999999984
2021-10-13,-6.37,86.39,-4.807776149999999
2021-10-14,-6.44,80.75,-4.222977499999999
2021-10-15,-7.76,80.1,-5.323642999999998
2021-10-16,-7.5,81.27,-5.233669999999998
2021-10-17,-7.37,72.63,-4.077799549999998
2021-10-18,-8.15,82.37,-5.95374275
2021-10-19,-7.19,85.6,-5.472151999999998
2021-10-20,-3.95,98.9,-3.8383775
2021-10-21,-2.38,97.43,-2.1414012
2021-10-22,-2.47,95.34,-2.0350588999999997
2021-10-23,-4.64,96.47,-4.268396899999998
2021-10-24,-2.18,98.9,-2.079086
2021-10-25,-3.49,99.39,-3.4296435499999984
2021-10-26,-4.51,99.54,-4.461904699999999
2021-10-27,-7.15,97.64,-6.868982999999998
2021-10-28,-6.11,98.05,-5.8889577499999985
2021-10-29,-10.56,98.33,-10.329823899999997
2021-10-30,-16.93,98.83,-16.727747949999998
2021-10-31,-13.58,99.75,-13.541389999999996
2021-11-01,-13.04,99.85,-13.017279499999997
2021-11-02,-10.19,99.79,-10.16148305
2021-11-03,-14.61,99.61,-14.547559049999997
2021-11-04,-13.81,99.54,-13.738375699999999
2021-11-05,-17.45,98.22,-17.137209499999997
2021-11-06,-18,99.46,-17.903474999999997
2021-11-07,-18.13,99.73,-18.081544449999996
2021-11-08,-11.62,99.68,-11.574028799999999
2021-11-09,-7.04,99.57,-6.989057899999999
2021-11-10,-10.9,99.44,-10.821767999999999
2021-11-11,-20.27,99.89,-20.248964149999995
2021-11-12,-24.02,99.16,-23.842037599999998
2021-11-13,-24.61,98.95,-24.384139749999996
2021-11-14,-28.06,98.87,-27.795489599999996
2021-11-15,-26.13,99.65,-26.051787249999997
2021-11-16,-26.09,98.88,-25.8399656
2021-11-17,-27.62,98.9,-27.365174
2021-11-18,-26.93,98.67,-26.626939549999996
2021-11-19,-26.91,98.93,-26.66630215
2021-11-20,-29.8,98.94,-29.541730999999995
2021-11-21,-31.34,96.79,-30.530694799999996
2021-11-22,-36.68,98.74,-36.32532259999999
2021-11-23,-30.93,97.65,-30.342817249999996
2021-11-24,-30.45,98.98,-30.1978305
2021-11-25,-30.42,99.15,-30.209998999999996
2021-11-26,-26.59,99.43,-26.46118285
2021-11-27,-16.6,97.53,-16.1775065
2021-11-28,-19.6,98.58,-19.333678999999997
2021-11-29,-25.02,98.41,-24.674397599999995
2021-11-30,-29.14,98.08,-28.679161599999993
2021-12-01,-30.22,98.83,-29.932226799999995
2021-12-02,-34.09,97.94,-33.5394753
2021-12-03,-38.36,98.81,-38.0140313
2021-12-04,-35.94,98.81,-35.609870199999996
2021-12-05,-28.39,99.2,-28.201283999999998
2021-12-06,-32.64,99.14,-32.41702779999999
2021-12-07,-39.54,98.74,-39.16550279999999
2021-12-08,-33.01,99.1,-32.77482549999999
2021-12-09,-28.51,97.71,-27.968289049999996
2021-12-10,-26.95,98.97,-26.715185749999996
2021-12-11,-33.22,98.1,-32.721326
2021-12-12,-36.48,98.8,-36.14353199999999
2021-12-13,-37.37,99.37,-37.19027044999999
2021-12-14,-38.95,97.37,-38.17684575
2021-12-15,-36.08,95.54,-34.839272599999994
2021-12-16,-36.74,96.4,-35.725448
2021-12-17,-36.12,97.45,-35.410054499999994
2021-12-18,-44.54,95.82,-43.18267039999999
2021-12-19,-45.27,97.22,-44.356116699999994
2021-12-20,-43.56,99.28,-43.330082399999995
2021-12-21,-46.79,97.1,-45.81242449999999
2021-12-22,-49.22,95.78,-47.7410588
2021-12-23,-49.28,92.95,-46.8069305
2021-12-24,-45.28,94.73,-43.5472767
2021-12-25,-46.21,95.25,-44.62395125
2021-12-26,-48.15,93.85,-46.030863749999995
2021-12-27,-46.67,96.5,-45.49247749999999
2021-12-28,-47.62,96.87,-46.550604199999995
2021-12-29,-44.6,94.32,-42.75371599999999
2021-12-30,-45.28,93.9,-43.274381
2021-12-31,-45.5,96.98,-44.5034
2022-01-01,-43.51,95.83,-42.17954064999999
2022-01-02,-39.16,98.32,-38.66418159999999
2022-01-03,-42.51,96.12,-41.2934066
2022-01-04,-46.22,95.89,-44.847424399999994
2022-01-05,-47.81,94.79,-46.02450695
2022-01-06,-47.87,95.34,-46.2714569
2022-01-07,-43.98,91.68,-41.3039552
2022-01-08,-40.35,96.69,-39.35145574999999
2022-01-09,-34.93,97.15,-34.15518475
2022-01-10,-35.36,98.93,-35.066573899999995
2022-01-11,-35.43,98.35,-34.976885249999995
2022-01-12,-33.04,98.45,-32.6347215
2022-01-13,-36,98.67,-35.6305925
2022-01-14,-35.43,98.22,-34.941185299999994
2022-01-15,-40.61,97.56,-39.8704238
2022-01-16,-42.18,97.07,-41.2666018
2022-01-17,-42.13,98.61,-41.69706365
2022-01-18,-40.67,97.16,-39.808244599999995
2022-01-19,-39.13,97.36,-38.3512924
2022-01-20,-37.38,98.8,-37.037592
2022-01-21,-30.26,98.66,-29.930118799999995
2022-01-22,-26.61,99.46,-26.487903299999992
2022-01-23,-23.66,98.99,-23.448021199999996
2022-01-24,-23.11,98.5,-22.799717499999996
2022-01-25,-27.34,99.15,-27.144397999999995
2022-01-26,-27.34,98.74,-27.050048799999995
2022-01-27,-33.06,98.06,-32.5525348
2022-01-28,-32.43,99.36,-32.2648064
2022-01-29,-30.98,97.74,-30.414683599999996
2022-01-30,-29.68,98.36,-29.281496399999998
2022-01-31,-27.15,96.91,-26.442158249999995
2022-02-01,-27.86,96.39,-27.018942199999998
2022-02-02,-30.83,97,-30.082054999999997
2022-02-03,-30.87,97.57,-30.26362995
2022-02-04,-29.97,97.61,-29.385441849999996
2022-02-05,-29,97.99,-28.519107499999993
2022-02-06,-30.26,98.65,-29.927657
2022-02-07,-33.48,97.96,-32.94166439999999
2022-02-08,-34.63,95.22,-33.3383723
2022-02-09,-33.19,97.19,-32.452951049999996
2022-02-10,-32.2,97.52,-31.563011999999997
2022-02-11,-36.97,98.52,-36.55103419999999
2022-02-12,-33.97,98.88,-33.6714248
2022-02-13,-28.93,98.04,-28.4618246
2022-02-14,-34.18,98.75,-33.845324999999995
2022-02-15,-35.34,98.93,-35.0466916
2022-02-16,-30.43,92.64,-28.611233599999995
2022-02-17,-30.71,98.62,-30.366856099999996
2022-02-18,-31.56,99.53,-31.440934899999995
2022-02-19,-29.56,99.15,-29.354019499999996
2022-02-20,-30.47,98.68,-30.143517799999998
2022-02-21,-23.48,99.67,-23.411066299999995
2022-02-22,-26.27,97.68,-25.7497748
2022-02-23,-21.42,99.37,-21.2955372
2022-02-24,-17.88,99.96,-17.872876399999996
2022-02-25,-18.98,97.13,-18.4515182
2022-02-26,-25.98,97.3,-25.378871999999994
2022-02-27,-25.36,97.74,-24.864540199999997
2022-02-28,-21.8,97.73,-21.346794499999998
2022-03-01,-19.82,97.25,-19.30091
2022-03-02,-21.89,96.95,-21.27955775
2022-03-03,-22.98,98.82,-22.736754799999996
2022-03-04,-20.13,96.66,-19.493846899999994
2022-03-05,-19.13,99.61,-19.057863649999998
2022-03-06,-21.95,99.32,-21.813676999999995
2022-03-07,-20.07,97.75,-19.642196249999998
2022-03-08,-20.33,98.45,-20.03307425
2022-03-09,-20.42,97.01,-19.8457406
2022-03-10,-21.32,98.21,-20.967352099999996
2022-03-11,-21.23,98.03,-20.842865449999998
2022-03-12,-20.97,98.49,-20.675421649999993
2022-03-13,-19.73,97.56,-19.270633399999998
2022-03-14,-20.85,97.77,-20.41643225
2022-03-15,-20.53,96.17,-19.79209305
2022-03-16,-20.57,96.4,-19.875614
2022-03-17,-18.49,97.15,-17.97288175
2022-03-18,-18.79,93.78,-17.651149099999998
2022-03-19,-18.84,95.87,-18.082681899999997
2022-03-20,-18.26,97.76,-17.856396800000002
2022-03-21,-15.24,98.56,-15.0044592
2022-03-22,-13.07,98.08,-12.778860799999997
2022-03-23,-11.34,97.39,-10.969066799999997
2022-03-24,-8.38,98.86,-8.236542399999998
2022-03-25,-11.64,98.96,-11.4904792
2022-03-26,-12.88,96.18,-12.304746199999999
2022-03-27,-11.85,98.09,-11.573193249999997
2022-03-28,-8.84,97.73,-8.548600099999998
2022-03-29,-11.83,98.09,-11.553403349999998
2022-03-30,-11.27,96.59,-10.786683649999997
2022-03-31,-12.58,97.1,-12.148073999999996
2022-04-01,-7.04,98.1,-6.814906999999999
2022-04-02,-6.12,98.9,-5.995249
2022-04-03,-8.56,97.47,-8.239120099999997
2022-04-04,-7.25,97.07,-6.899498749999998
2022-04-05,-11.54,97.16,-11.133255199999997
2022-04-06,-13.63,97.85,-13.297362749999998
2022-04-07,-10.6,98.98,-10.459189
2022-04-08,-8.96,98.32,-8.743229599999998
2022-04-09,-6.31,97.24,-5.994104199999998
2022-04-10,-7.27,97.85,-7.012569749999997
2022-04-11,-9.05,97.15,-8.68085375
2022-04-12,-6.59,98.11,-6.370769449999999
2022-04-13,-4.62,95.72,-4.1699151999999975
2022-04-14,-1.82,98.18,-1.656636799999999
2022-04-15,-3.29,97.76,-3.0708272
2022-04-16,-6.09,97.53,-5.810284849999999
2022-04-17,-5.61,96.64,-5.238367199999999
2022-04-18,-2.21,98.24,-2.048247199999998
2022-04-19,-4.75,97.97,-4.535073749999999
2022-04-20,-6.92,95.06,-6.338018599999999
2022-04-21,-4.59,91.71,-3.7195914499999967
2022-04-22,-3.48,90.88,-2.5781231999999985
2022-04-23,-4,96.81,-3.6754174999999996
2022-04-24,-4.4,98.03,-4.195218499999999
2022-04-25,-7,97.65,-6.722112499999998
2022-04-26,-6.93,97.35,-6.617657749999998
2022-04-27,-5.41,97.72,-5.160328599999998
2022-04-28,-4.89,98.28,-4.706570599999999
2022-04-29,-2.93,94.79,-2.4305433500000007
2022-04-30,-3.19,98.85,-3.0781107499999973
2022-05-01,-0.95,98.81,-0.8488797499999996
2022-05-02,-4.25,97.33,-3.974656249999999
2022-05-03,-4.15,95.15,-3.6525112500000003
2022-05-04,-0.38,94.55,0.06602800000000131
2022-05-05,-0.7,97.14,-0.46090399999999965
2022-05-06,-0.56,81.89,0.9400513000000008
2022-05-07,2.78,82.64,3.8990256000000008
2022-05-08,5.33,82.56,6.209586400000001
2022-05-09,0.68,71.08,2.8782092000000015
2022-05-10,-1.15,61.25,2.185406250000001
2022-05-11,3.26,51.86,6.2360148
2022-05-12,7.86,54.86,9.5085128
2022-05-13,6.86,64.76,8.340784800000002
2022-05-14,1.41,70.37,3.5432118500000005
2022-05-15,1.66,72.6,3.5949880000000016
2022-05-16,3.94,83.97,4.871022400000001
2022-05-17,4.73,77.81,5.922379650000001
2022-05-18,6.77,67.1,8.168743500000001
2022-05-19,6.99,75.23,8.01312485
2022-05-20,5.7,84.28,6.460848000000001
2022-05-21,7.53,77.32,8.399437800000001
2022-05-22,9.16,68.79,10.076637700000001
2022-05-23,8.93,76.06,9.6634019
2022-05-24,8.44,83.46,8.9912782
2022-05-25,4.33,71.49,5.924706850000001
2022-05-26,5.45,74.49,6.719760250000001
2022-05-27,8.72,74.59,9.527783900000001
2022-05-28,10.59,82.08,10.9753696
2022-05-29,11.45,87.29,11.663210249999999
2022-05-30,12.13,85.56,12.318225400000001
2022-05-31,13.43,84.15,13.52327725
2022-06-01,12.55,93.41,12.62067775
2022-06-02,15.5,78.6,15.3823
2022-06-03,16.82,72.83,16.4733108
2022-06-04,18.81,69.69,18.09150145
2022-06-05,20.68,66,19.52434
2022-06-06,22.76,51.98,20.5784514
2022-06-07,20.23,73.21,19.38571315
2022-06-08,20.95,59.91,19.52780725
2022-06-09,19.77,72.21,18.96450685
2022-06-10,15.66,80.31,15.5343778
2022-06-11,16.79,72.04,16.4378438
2022-06-12,13.4,87.53,13.4754435
2022-06-13,14.15,77.46,14.1933895
2022-06-14,14.08,82.04,14.1214876
2022-06-15,13.67,83.65,13.74463775
2022-06-16,16.53,78.77,16.29296705
2022-06-17,15.28,70.58,15.1537882
2022-06-18,18.22,61.71,17.4365866
2022-06-19,19.68,64.54,18.6697446
2022-06-20,22.82,58.41,20.916841599999998
2022-06-21,19.02,76.25,18.429575
2022-06-22,19.37,68.66,18.5305581
2022-06-23,20.49,62.05,19.239737249999997
2022-06-24,19.24,62.36,18.258725199999997
2022-06-25,24.22,40.76,21.0530296
2022-06-26,24.82,52.97,22.1505772
2022-06-27,21.58,70.05,20.413746999999997
2022-06-28,17.87,74.19,17.39161165
2022-06-29,20.79,70.19,19.75872305
2022-06-30,18.49,71.44,17.8632508
2022-07-01,21.67,59.52,20.0736712
2022-07-02,22.53,53.89,20.49355185
2022-07-03,24.91,58.68,22.5442234
2022-07-04,27.4,59.37,24.5173015
2022-07-05,28.17,55.84,24.849830400000002
2022-07-06,25.38,69.58,23.5596672
2022-07-07,23.18,67.6,21.633224
2022-07-08,15.69,73.06,15.513677699999999
2022-07-09,18.25,57.55,17.37446875
2022-07-10,19.66,71.44,18.8494672
2022-07-11,18.59,78.58,18.1081571
2022-07-12,21.02,69.39,19.9223254
2022-07-13,21.7,68.56,20.454976
2022-07-14,20.8,80.86,20.136799
2022-07-15,23.26,67.37,21.687886600000002
2022-07-16,26.23,58.18,23.5319827
2022-07-17,27.44,55.25,24.2551425
2022-07-18,25.6,60.75,23.2037875
2022-07-19,23.36,59.12,21.3679176
2022-07-20,20.85,85.41,20.34044425
2022-07-21,23.69,66.97,22.02049865
2022-07-22,23.18,67.5,21.62845
2022-07-23,22.04,69.01,20.7548447
2022-07-24,23.43,56.63,21.29988245
2022-07-25,24.69,52.76,22.042434200000002
2022-07-26,23.49,50.69,21.05186705
2022-07-27,26.77,40.64,22.7640904
2022-07-28,28.04,44.79,23.928511299999997
2022-07-29,26.59,51.7,23.3782915
2022-07-30,24.93,56.28,22.422002199999998
2022-07-31,25.78,52.41,22.8275164
2022-08-01,22.52,80.68,21.6677948
2022-08-02,19.63,81.22,19.1001223
2022-08-03,20.79,71.74,19.8123453
2022-08-04,20.11,86.66,19.6983943
2022-08-05,21.31,69.7,20.1751135
2022-08-06,18.59,82.06,18.1864397
2022-08-07,13.2,86.26,13.298240999999999
2022-08-08,16.83,69.02,16.432991299999998
2022-08-09,17.82,67.64,17.2291064
2022-08-10,20.06,72.81,19.228529799999997
2022-08-11,19.47,74.45,18.771590749999998
2022-08-12,16.85,90.84,16.731607
2022-08-13,18.51,67.43,17.791668650000002
2022-08-14,18.29,68.05,17.62400225
2022-08-15,17.59,77.72,17.211351399999998
2022-08-16,14.43,83.19,14.43647185
2022-08-17,12.35,93.48,12.427099
2022-08-18,12.86,80.07,13.0397686
2022-08-19,12.73,82.27,12.90260155
2022-08-20,10.55,89.25,10.783543750000002
2022-08-21,11.69,78.89,12.01625505
2022-08-22,10.17,70.38,10.8754003
2022-08-23,9.68,76.47,10.3037803
2022-08-24,7.13,93.41,7.39712565
2022-08-25,9.37,80.55,9.918781749999999
2022-08-26,10.05,73.75,10.692468750000002
2022-08-27,11.4,74.43,11.8359685
2022-08-28,10.39,71.92,11.0247484
2022-08-29,13.63,72.79,13.760199850000001
2022-08-30,7.58,87.95,8.038623000000001
2022-08-31,6.85,75.57,7.87789225
2022-09-01,7,74.45,8.0539375
2022-09-02,5.62,93.45,5.939902000000001
2022-09-03,6.25,77.92,7.25188
2022-09-04,6.73,76.11,7.750939150000001
2022-09-05,9.07,64.27,10.13707645
2022-09-06,11.67,84.38,11.9131253
2022-09-07,8.42,82.43,9.007540800000001
2022-09-08,8.03,73.33,8.97905195
2022-09-09,8.71,86.07,9.153600850000002
2022-09-10,5.66,67.63,7.233829400000001
2022-09-11,4.66,72.13,6.168324400000001
2022-09-12,7.9,72.59,8.894983
2022-09-13,9.87,78.49,10.41775215
2022-09-14,4.81,78.83,5.938255150000001
2022-09-15,5.98,85.62,6.653846800000001
2022-09-16,3.73,76.56,5.1184684
2022-09-17,6.19,86.58,6.803361100000001
2022-09-18,1.32,83.45,2.519709500000001
2022-09-19,-0.2,81.84,1.2682360000000004
2022-09-20,-0.7,72,1.6408000000000011
2022-09-21,0.64,75.5,2.5076350000000014
2022-09-22,-0.94,86.71,0.18858680000000216
2022-09-23,-0.16,78,1.613860000000001
2022-09-24,0.93,96.32,1.204656800000002
2022-09-25,0.29,98.58,0.40098010000000134
2022-09-26,0.13,90.76,0.8602834000000005
2022-09-27,-1.34,89.74,-0.4461487999999987
2022-09-28,-2.54,84.09,-1.0489147999999993
2022-09-29,-2.29,75.91,-0.0654089499999988
2022-09-30,-2.28,83.49,-0.7562920999999985
2022-10-01,-4.2,77.12,-1.8467919999999989
2022-10-02,-3.82,81.08,-1.9136207999999981
2022-10-03,-3.39,83.4,-1.7566429999999993
2022-10-04,-3.59,81.71,-1.770236449999998
2022-10-05,-3.11,85.41,-1.6968855499999989
2022-10-06,-3.09,87.32,-1.8632733999999975
2022-10-07,-4.96,81.16,-2.943554799999998
2022-10-08,-5.33,85.06,-3.7005688999999986
2022-10-09,-1.79,94.46,-1.2936436999999983
2022-10-10,-2.78,97.13,-2.507235199999999
2022-10-11,-5.91,91.57,-4.9636903499999985
2022-10-12,-4.04,88.62,-2.8795813999999993
2022-10-13,-4.37,98.05,-4.167619249999999
2022-10-14,-2.55,98.01,-2.3633877499999985
2022-10-15,-3.5,95.89,-3.0931099999999985
2022-10-16,-5.52,94.75,-4.941922499999998
2022-10-17,-4.93,96.27,-4.531393549999999
2022-10-18,-7.7,93.89,-6.953968999999998
2022-10-19,-5.67,97.72,-5.4170681999999974
2022-10-20,-8.48,96.17,-7.995926299999998
2022-10-21,-6.53,98.46,-6.351875899999999
2022-10-22,-6.69,98.78,-6.5478150999999984
2022-10-23,-7.7,98.68,-7.538827999999999
2022-10-24,-4.51,97.84,-4.2841612
2022-10-25,-4.89,98.58,-4.738564099999998
2022-10-26,-8.5,99.64,-8.454459999999997
2022-10-27,-5.95,99.46,-5.8892634999999975
2022-10-28,-7.7,98.93,-7.5693529999999996
2022-10-29,-14.15,99.54,-14.077515499999999
2022-10-30,-13.35,99.63,-13.293325249999997
2022-10-31,-15.48,99.65,-15.422288499999999
2022-11-01,-13.37,99.26,-13.256569099999998
2022-11-02,-18.92,99.41,-18.8115521
2022-11-03,-19.15,99.73,-19.100029749999997
2022-11-04,-16.72,99.9,-16.702828999999998
2022-11-05,-15.6,99.62,-15.537090999999998
2022-11-06,-21.47,99.07,-21.286013449999995
2022-11-07,-25.77,98.57,-25.453276449999994
2022-11-08,-31.31,99.49,-31.181502949999995
2022-11-09,-27.45,97.92,-26.970091999999994
2022-11-10,-17.95,100,-17.949999999999996
2022-11-11,-14.06,99.73,-14.0175884
2022-11-12,-16.23,99.54,-16.1522531
2022-11-13,-16.76,98.71,-16.5382103
2022-11-14,-32.34,98.94,-32.0669228
2022-11-15,-38.86,98.81,-38.5107588
2022-11-16,-39.46,99.34,-39.2641252
2022-11-17,-32.2,99.5,-32.071575
2022-11-18,-25.34,97.91,-24.882039199999994
2022-11-19,-24.14,97.89,-23.691582799999996
2022-11-20,-28.23,99.5,-28.1124925
2022-11-21,-30.39,98.32,-29.975216399999994
2022-11-22,-32.86,93.8,-31.245023999999994
2022-11-23,-30.01,98.68,-29.6868574
2022-11-24,-34.42,98.91,-34.126724599999996
2022-11-25,-37.9,97.63,-37.21696599999999
2022-11-26,-38.62,98.29,-38.1204064
2022-11-27,-41.65,96.56,-40.587641999999995
2022-11-28,-37.83,99.13,-37.57960094999999
2022-11-29,-36.17,98.19,-35.66558015
2022-11-30,-34.87,96.82,-34.006518699999994
2022-12-01,-34.92,96.87,-34.069234699999996
2022-12-02,-38.77,97.85,-38.14008225
2022-12-03,-39.18,97.46,-38.43009039999999
2022-12-04,-34.54,99.62,-34.4375064
2022-12-05,-36.71,96.82,-35.814337099999996
2022-12-06,-36.54,97.98,-35.972945599999996
2022-12-07,-40.37,98.57,-39.93844744999999
2022-12-08,-39.42,98.72,-39.0404032
2022-12-09,-37.42,98.03,-36.8574468
2022-12-10,-37.67,96.66,-36.7116371
2022-12-11,-46.42,98.15,-45.800139
2022-12-12,-38.64,98.24,-38.12560479999999
2022-12-13,-44.46,94.93,-42.8159004
2022-12-14,-47.36,97.28,-46.434574399999995
2022-12-15,-46.78,95.77,-45.354320799999996
2022-12-16,-42.9,99.8,-42.836859999999994
2022-12-17,-46.54,98.27,-45.9592044
2022-12-18,-40.58,95.82,-39.313710799999996
2022-12-19,-37.55,96.74,-36.61674349999999
2022-12-20,-39.24,98.82,-38.8912274
2022-12-21,-37.42,96.74,-36.48907439999999
2022-12-22,-36.56,97.44,-35.8410752
2022-12-23,-29.1,97.03,-28.387793999999996
2022-12-24,-26.09,97.01,-25.422497449999998
2022-12-25,-31.63,98.26,-31.188535899999994
2022-12-26,-33.83,98.99,-33.56152684999999
2022-12-27,-31.49,98.43,-31.092876349999997
2022-12-28,-30.43,98.78,-30.128519699999995
2022-12-29,-28.15,99.09,-27.93653675
2022-12-30,-32.36,97.87,-31.811035099999998
2022-12-31,-36.37,99.29,-36.171352649999996
2023-01-01,-37.21,100,-37.209999999999994
2023-01-02,-38.32,99.96,-38.308379599999995
2023-01-03,-37.22,99.5,-37.077769999999994
2023-01-04,-35.89,98.43,-35.45488235
2023-01-05,-36.47,98.58,-36.07192429999999
2023-01-06,-42.25,98.65,-41.82863125
2023-01-07,-42.62,98.74,-42.22415839999999
2023-01-08,-34.54,98.67,-34.1812724
2023-01-09,-36.89,99.74,-36.81651229999999
2023-01-10,-33.03,99.45,-32.88622175
2023-01-11,-33.79,96.12,-32.759491399999995
2023-01-12,-44.29,97.58,-43.507505099999996
2023-01-13,-48.55,90.73,-45.335395749999996
2023-01-14,-52.11,97.36,-51.14282279999999
2023-01-15,-53.81,84.74,-48.07674169999999
2023-01-16,-46.2,96.39,-44.9948015
2023-01-17,-51.01,98.62,-50.51277909999999
2023-01-18,-51.89,93.14,-49.3851053
2023-01-19,-49.56,88.75,-45.596287499999995
2023-01-20,-50.09,94.03,-47.96918735
2023-01-21,-49.35,95.19,-47.660848249999994
2023-01-22,-48.7,95.94,-47.288744
2023-01-23,-42.45,96.77,-41.43828325
2023-01-24,-45.36,94.73,-43.6249579
2023-01-25,-49.38,95.18,-47.6865412
2023-01-26,-47.32,90.17,-43.9777017
2023-01-27,-47.76,95.92,-46.3628856
2023-01-28,-47.78,97.64,-46.9716056
2023-01-29,-45.79,95.6,-44.33098199999999
2023-01-30,-46.34,95.15,-44.717093000000006
2023-01-31,-40.16,97.98,-39.552727399999995
2023-02-01,-32.61,96.42,-31.682404099999996
2023-02-02,-36.04,98.18,-35.534094599999996
2023-02-03,-33.6,98.25,-33.1370375
2023-02-04,-35.92,98.57,-35.523446699999994
2023-02-05,-40.58,97.2,-39.731767999999995
2023-02-06,-42.93,94.67,-41.24643954999999
2023-02-07,-44.38,99.04,-44.0691136
2023-02-08,-42.9,98.5,-42.426449999999996
2023-02-09,-45.66,99.64,-45.54088319999999
2023-02-10,-44.17,97.66,-43.4149171
2023-02-11,-38.74,98.9,-38.417898
2023-02-12,-34.68,97.94,-34.122790599999995
2023-02-13,-40.26,97.56,-39.52512079999999
2023-02-14,-34.4,98.48,-33.991195999999995
2023-02-15,-36.49,99.3,-36.293688499999995
2023-02-16,-33.06,99.59,-32.9527522
2023-02-17,-29.87,99.61,-29.774826349999998
2023-02-18,-29.24,98.25,-28.819002499999993
2023-02-19,-29.71,98.57,-29.362288349999996
2023-02-20,-30.36,99.23,-30.170017899999994
2023-02-21,-26.82,99.02,-26.597285199999995
2023-02-22,-23.98,99.52,-23.878412799999996
2023-02-23,-23.08,98.49,-22.767898099999993
2023-02-24,-32.82,98.87,-32.525906199999994
2023-02-25,-26.34,99.45,-26.216458999999997
2023-02-26,-17.89,98.8,-17.676226
2023-02-27,-27.64,95.19,-26.525186299999994
2023-02-28,-23.66,97.55,-23.145793999999995
2023-03-01,-34.78,99.47,-34.63634879999999
2023-03-02,-35.82,99.12,-35.576451199999994
2023-03-03,-27.2,99.53,-27.092205499999995
2023-03-04,-21.12,98.62,-20.849644199999997
2023-03-05,-14.29,97.33,-13.867218849999997
2023-03-06,-17.59,98.01,-17.238774949999996
2023-03-07,-19.17,98.42,-18.8774077
2023-03-08,-23.41,98.42,-23.080562099999998
2023-03-09,-20.95,98.8,-20.716029999999996
2023-03-10,-14.58,98.28,-14.3049032
2023-03-11,-13.67,99.56,-13.601828599999997
2023-03-12,-20.4,97.73,-19.964273499999997
2023-03-13,-19.49,98.12,-19.1385434
2023-03-14,-13.72,97.86,-13.387850599999998
2023-03-15,-11.86,99.77,-11.826654599999998
2023-03-16,-14.76,96.25,-14.156512499999996
2023-03-17,-11.84,98.19,-11.577785299999999
2023-03-18,-12.13,97.4,-11.749190999999998
2023-03-19,-23.24,95.25,-22.254042499999997
2023-03-20,-26.98,95.47,-25.946525799999996
2023-03-21,-29.08,95.81,-28.075698899999995
2023-03-22,-26.09,96.1,-25.2193445
2023-03-23,-16.16,98.62,-15.927290599999997
2023-03-24,-12.65,99.26,-12.5394995
2023-03-25,-8.64,97.12,-8.2734624
2023-03-26,-10.19,98.08,-9.929273599999997
2023-03-27,-4.76,97.95,-4.542843499999999
2023-03-28,-2.61,98.67,-2.4848403499999985
2023-03-29,-11.44,96.97,-11.007709899999998
2023-03-30,-5.65,96.48,-5.2598959999999995
2023-03-31,-10.74,96.53,-10.2582946
2023-04-01,-16.57,96.67,-16.00095295
2023-04-02,-16.78,96.6,-16.195063999999995
2023-04-03,-11.29,97,-10.864464999999997
2023-04-04,-9.05,98.31,-8.83110275
2023-04-05,-15.46,95.49,-14.716842199999999
2023-04-06,-18.46,96.07,-17.747569599999995
2023-04-07,-11.26,97.56,-10.914300799999998
2023-04-08,-8.62,97.34,-8.281754399999999
2023-04-09,-13.81,93.23,-12.75587715
2023-04-10,-10.25,97.39,-9.894713749999998
2023-04-11,-10.89,97.8,-10.582780999999997
2023-04-12,-6.8,98.47,-6.6207604999999985
2023-04-13,-3.8,97.71,-3.5695114999999973
2023-04-14,-5.8,97.15,-5.4817975
2023-04-15,-4.14,95.91,-3.720693199999999
2023-04-16,-1.4,98.47,-1.2662014999999989
2023-04-17,-2.74,98.98,-2.6432836
2023-04-18,-9.07,98.34,-8.854805899999999
2023-04-19,-4.51,97.68,-4.2674324
2023-04-20,-3.94,98.58,-3.7959835999999982
2023-04-21,-5.85,98.29,-5.6586082499999995
2023-04-22,-5.79,97.57,-5.518824149999999
2023-04-23,-2.38,97.68,-2.1646112
2023-04-24,-1.51,98.1,-1.342695499999999
2023-04-25,-3.88,97.82,-3.6596237999999968
2023-04-26,-3.26,98.72,-3.134969599999999
2023-04-27,-2.28,98.77,-2.1664832999999977
2023-04-28,-0.84,99.23,-0.7750350999999984
2023-04-29,-1.88,99.03,-1.7926126999999985
2023-04-30,-1.07,99.33,-1.0126245499999993
2023-05-01,-0.88,98.15,-0.7235084999999993
2023-05-02,-0.83,92.49,-0.19679434999999768
2023-05-03,-0.48,91.16,0.24832760000000165
2023-05-04,0.79,85.31,1.8976994500000008
2023-05-05,3.21,83.98,4.2047619
2023-05-06,4.67,83.5,5.5620725
2023-05-07,1.77,76.05,3.446859250000001
2023-05-08,-2.89,61.83,0.7607696500000016
2023-05-09,0.76,61.44,3.6739792000000016
2023-05-10,5.53,76.39,6.69479935
2023-05-11,0,74.66,2.0208650000000015
2023-05-12,1.27,69.56,3.484966600000001
2023-05-13,4.89,66.45,6.66328525
2023-05-14,7.68,66.39,8.9407111
2023-05-15,7.9,78.23,8.690251
2023-05-16,6.29,95.92,6.4742324
2023-05-17,5.24,83.4,6.085438000000001
2023-05-18,4.95,80.9,5.953227500000001
2023-05-19,4.07,83.51,5.015948850000001
2023-05-20,5.03,75.88,6.286290200000002
2023-05-21,1.72,71.28,3.7387288000000005
2023-05-22,0.52,74.47,2.483001700000001
2023-05-23,4.63,66.8,6.4322620000000015
2023-05-24,6.42,62.16,8.1016096
2023-05-25,7.63,65.72,8.9252698
2023-05-26,7.4,67.06,8.686307000000001
2023-05-27,6.73,70.53,7.989400450000001
2023-05-28,10.02,67.3,10.825728
2023-05-29,12.65,69.69,12.958404250000001
2023-05-30,12.53,72.51,12.82785415
2023-05-31,12.75,73.33,13.00669875
2023-06-01,14.23,72.62,14.2706593
2023-06-02,14.52,70.9,14.516798999999999
2023-06-03,15.39,68.1,15.2338495
2023-06-04,16.04,73.21,15.8130887
2023-06-05,11.89,79,12.191455000000001
2023-06-06,13.12,70.5,13.343905
2023-06-07,13.63,76.92,13.7404378
2023-06-08,14.04,72.71,14.109043699999999
2023-06-09,11.23,85.14,11.4972571
2023-06-10,16.65,66.74,16.256700499999997
2023-06-11,20.27,76.2,19.514706999999998
2023-06-12,10.82,70.44,11.4182944
2023-06-13,5.44,90.46,5.915378200000001
2023-06-14,7.74,88.24,8.177236800000001
2023-06-15,14.36,72.6,14.381098
2023-06-16,10.8,77.42,11.259503
2023-06-17,15.77,74.14,15.5893679
2023-06-18,18.82,69.69,18.0998344
2023-06-19,18.23,81.33,17.84698495
2023-06-20,16.59,87.55,16.44688725
2023-06-21,14.05,78.64,14.102866
2023-06-22,17.33,61.82,16.735728299999998
2023-06-23,20.1,75.73,19.352484
2023-06-24,23.98,55.22,21.6451708
2023-06-25,23.71,65.71,21.973040049999998
2023-06-26,25.24,63.53,23.085717099999997
2023-06-27,23.78,71.04,22.3018816
2023-06-28,23.9,74.88,22.601295999999998
2023-06-29,25.25,70.63,23.51349875
2023-06-30,26.37,69.78,24.3970873
2023-07-01,26.69,68.63,24.58679835
2023-07-02,27.76,60.23,24.8595739
2023-07-03,24.03,67.64,22.3338506
2023-07-04,20.84,66.31,19.6652297
2023-07-05,20.4,65.19,19.2704155
2023-07-06,20.68,57.73,19.2432427
2023-07-07,21.49,60.24,19.961426799999998
2023-07-08,14.57,64.44,14.5563094
2023-07-09,15.78,62.63,15.5169152
2023-07-10,21.56,60.76,20.0363108
2023-07-11,23.8,59.75,21.7412125
2023-07-12,20.48,82.52,19.9050828
2023-07-13,15.19,78.84,15.1096978
2023-07-14,15.76,67.97,15.5380321
2023-07-15,13.61,69.54,13.759101699999999
2023-07-16,14.52,55.83,14.5151413
2023-07-17,17.29,50.18,16.5255121
2023-07-18,18.99,75.29,18.37978655
2023-07-19,16.79,65.23,16.352071849999998
2023-07-20,14.54,87.08,14.537157599999999
2023-07-21,15.43,86.79,15.362430849999999
2023-07-22,18.89,66.36,18.0777622
2023-07-23,22.96,62.2,21.201166
2023-07-24,24.56,60.31,22.363952299999998
2023-07-25,23.18,61.67,21.3501258
2023-07-26,20.5,56.94,19.07902
2023-07-27,19.95,54.62,18.5897345
2023-07-28,19.2,55.66,18.053811
2023-07-29,20.6,52.53,19.0073815
2023-07-30,19.74,60.23,18.5938286
2023-07-31,14.61,62.4,14.587252
2023-08-01,13.46,83.44,13.554723200000002
2023-08-02,15.09,68.68,14.988366599999999
2023-08-03,19.76,47.18,18.2319174
2023-08-04,21.86,43.23,19.5619504
2023-08-05,22.49,41.64,19.9253698
2023-08-06,21.02,52.91,19.3313526
2023-08-07,18.05,52.93,17.13095825
2023-08-08,17.3,51.7,16.55618
2023-08-09,17.13,55.3,16.4834145
2023-08-10,17.1,65.7,16.60951
2023-08-11,20.3,68.97,19.310143
2023-08-12,20.73,65.25,19.53929125
2023-08-13,20.44,56.15,19.007420500000002
2023-08-14,14.88,96.27,14.8722043
2023-08-15,13.7,95.32,13.720592
2023-08-16,16.11,83.5,15.9638925
2023-08-17,16.24,79.17,16.0406569
2023-08-18,18.06,69.62,17.4651596
2023-08-19,18.25,83.39,17.907418749999998
2023-08-20,15.15,93.84,15.127978
2023-08-21,12.32,81.9,12.537019
2023-08-22,11.96,71.05,12.3644315
2023-08-23,8.18,89.61,8.5411564
2023-08-24,11.18,69.17,11.7429558
2023-08-25,11.68,60.45,12.2934205
2023-08-26,14.87,76.46,14.8220961
2023-08-27,17.77,69.02,17.2128247
2023-08-28,20.04,56.53,18.7154691
2023-08-29,20.3,57.13,18.932447
2023-08-30,19.1,64.23,18.195019000000002
2023-08-31,19.06,59.01,18.0319708
2023-09-01,6.85,78.38,7.7596615
2023-09-02,7.05,65.19,8.476339750000001
2023-09-03,8.46,63.82,9.661899600000002
2023-09-04,11.21,48.56,12.1408068
2023-09-05,11.27,56.18,12.0484623
2023-09-06,5.1,79.58,6.155714000000001
2023-09-07,3.71,61.48,5.995969400000001
2023-09-08,2.76,74.68,4.394912400000001
2023-09-09,3,83.88,4.019590000000001
2023-09-10,4.03,82.77,5.022189550000001
2023-09-11,2.12,93.78,2.543519800000001
2023-09-12,4.35,78.82,5.5323735
2023-09-13,6.47,73.65,7.63374775
2023-09-14,4.19,85.8,4.995211000000001
2023-09-15,5.65,82.57,6.498405250000001
2023-09-16,3.84,66.19,5.822280300000001
2023-09-17,3.25,69.28,5.1508
2023-09-18,2.43,80.2,3.7444230000000007
2023-09-19,0.15,74.44,2.167323000000001
2023-09-20,0.63,68.9,3.0024635
2023-09-21,2.65,71.88,4.482721000000001
2023-09-22,2.12,94.84,2.471344400000001
2023-09-23,5.2,95.4,5.43529
2023-09-24,3.86,76.78,5.2188344
2023-09-25,3.06,76.76,4.522260800000001
2023-09-26,3.38,73.95,4.973218000000001
2023-09-27,6.07,76.68,7.151231800000001
2023-09-28,4.61,75.67,5.933430350000001
2023-09-29,0.18,67.99,2.701107600000001
2023-09-30,0.14,60.62,3.2502324000000007
2023-10-01,1.31,70.53,3.4479011500000003
2023-10-02,2.38,96.83,2.591312200000001
2023-10-03,-0.16,92.05,0.48100850000000184
2023-10-04,-2.61,80.48,-0.7730703999999988
2023-10-05,-1.46,89.74,-0.5593771999999985
2023-10-06,-0.94,79.63,0.7898204000000018
2023-10-07,0.81,96.99,1.0366379500000014
2023-10-08,-0.22,90.95,0.5126880000000003
2023-10-09,-0.51,82.71,0.9173759500000014
2023-10-10,1.33,97.37,1.5205040500000009
2023-10-11,4.88,99.5,4.906455
2023-10-12,2,85.54,2.9941250000000004
2023-10-13,-3.24,67.26,-0.04555819999999855
2023-10-14,-5,60.45,-0.7582624999999998
2023-10-15,-7.36,77.55,-4.6608364999999985
2023-10-16,-7.28,75.22,-4.3116037999999985
2023-10-17,-5.78,71.74,-2.6278795999999986
2023-10-18,-5.76,84.23,-4.0027488999999985
2023-10-19,-7.7,79.28,-5.170087999999999
2023-10-20,-9.59,82.06,-7.2130396999999995
2023-10-21,-9.54,85.93,-7.679664599999999
2023-10-22,-5.42,92.14,-4.558858399999998
2023-10-23,-5.23,95.79,-4.77315185
2023-10-24,-6.62,96.02,-6.157683199999998
2023-10-25,-6.53,93.77,-5.809407049999998
2023-10-26,-8.45,92.99,-7.565162749999996
2023-10-27,-9.87,85.28,-7.897004799999998
2023-10-28,-7.43,93.28,-6.619467199999997
2023-10-29,-9.51,96.12,-8.997626599999998
2023-10-30,-13.42,94.05,-12.506317999999997
2023-10-31,-16.11,95.95,-15.428162249999998
2023-11-01,-15.59,91.91,-14.251145449999997
2023-11-02,-18.68,88.11,-16.510193899999997
2023-11-03,-20.1,82.57,-16.783071
2023-11-04,-21.51,90.16,-19.5611388
2023-11-05,-19.87,91.34,-18.232956899999998
2023-11-06,-20.06,92.83,-18.697126399999995
2023-11-07,-22.34,95.2,-21.367423999999996
2023-11-08,-24.41,91.29,-22.546016449999996
2023-11-09,-22.16,93.69,-20.887714699999997
2023-11-10,-21.95,90.04,-19.953269
2023-11-11,-17.24,97.36,-16.779135199999995
2023-11-12,-13.89,97.77,-13.541796649999998
2023-11-13,-20.26,96.24,-19.541163199999996
2023-11-14,-19.49,98.7,-19.246971499999994
2023-11-15,-15.68,99.59,-15.611944099999999
2023-11-16,-17.16,98.13,-16.834376899999995
2023-11-17,-11.88,99.06,-11.743615399999998
2023-11-18,-15.53,99.11,-15.383003149999997
2023-11-19,-24.04,99.56,-23.946733199999997
2023-11-20,-17.48,98.61,-17.235512899999996
2023-11-21,-23.6,97.26,-23.025833
2023-11-22,-29.1,97.7,-28.54846
2023-11-23,-30.62,96.72,-29.806035199999997
2023-11-24,-32.81,97.83,-32.245355149999995
2023-11-25,-37.68,99.74,-37.60538259999999
2023-11-26,-38.38,98.25,-37.87103
2023-11-27,-28.93,98.91,-28.669637149999996
2023-11-28,-30.86,99.39,-30.707817199999994
2023-11-29,-22.9,98.97,-22.688128999999996
2023-11-30,-17.16,97.63,-16.747311899999996
2023-12-01,-26.42,97.69,-25.9001114
2023-12-02,-35.14,99.15,-34.90793299999999
2023-12-03,-46.64,99.45,-46.455051499999996
2023-12-04,-51,96.45,-49.7211125
2023-12-05,-51.24,94.15,-49.1248155
2023-12-06,-50.26,93.55,-47.96263899999999
2023-12-07,-44.44,94.65,-42.705690499999996
2023-12-08,-36.31,96.73,-35.39618215
2023-12-09,-37.61,97.06,-36.7673813
2023-12-10,-36.67,97.06,-35.842581100000004
2023-12-11,-36.48,98.17,-35.96688629999999
2023-12-12,-33.73,96.63,-32.83605694999999
2023-12-13,-34.3,95.67,-33.137828
2023-12-14,-35.68,98.18,-35.177698199999995
2023-12-15,-30.81,96.4,-29.912861999999997
2023-12-16,-33.42,97.59,-32.7848204
2023-12-17,-40.68,98.18,-40.127648199999996
2023-12-18,-41.91,95.97,-40.659672349999994
2023-12-19,-36.98,97.99,-36.41088859999999
2023-12-20,-33.31,98.1,-32.810385499999995
2023-12-21,-30.93,98.12,-30.4602538
2023-12-22,-33.46,98.12,-32.9640936
2023-12-23,-33.89,98.7,-33.544011499999996
2023-12-24,-34.01,97.54,-33.353659699999994
2023-12-25,-33.13,97.52,-32.4803268
2023-12-26,-30.94,98.71,-30.617603199999998
2023-12-27,-35.77,98.29,-35.297210650000004
2023-12-28,-39.5,98.52,-39.06043999999999
2023-12-29,-44.67,97.01,-43.69694935
2023-12-30,-44.67,94.29,-42.811766150000004
2023-12-31,-40.81,98.19,-40.25938895
2024-01-01,-33.33,98.22,-32.8617443
2024-01-02,-32.5,96.4,-31.569399999999998
2024-01-03,-33.04,99.62,-32.9406414
2024-01-04,-35.43,97.95,-34.86703925
2024-01-05,-38.77,97.6,-38.066835999999995
2024-01-06,-43.42,97.03,-42.4738768
2024-01-07,-46.82,96.09,-45.501313399999994
2024-01-08,-45.73,96.5,-44.57057249999999
2024-01-09,-42.56,98.01,-41.9354783
2024-01-10,-46.61,96.81,-45.537825049999995
2024-01-11,-44.77,98.1,-44.150628499999996
2024-01-12,-40.26,99.14,-40.00098519999999
2024-01-13,-38.77,98.92,-38.4535762
2024-01-14,-36.47,98.8,-36.133598
2024-01-15,-41.81,98.96,-41.4879068
2024-01-16,-33.25,98.78,-32.92959749999999
2024-01-17,-34.4,99.62,-34.297799
2024-01-18,-38.64,97.96,-38.04376919999999
2024-01-19,-39.83,98.14,-39.27420409999999
2024-01-20,-42.5,96.67,-41.456044999999996
2024-01-21,-42.02,97.62,-41.2801532
2024-01-22,-37.22,97.95,-36.636857
2024-01-23,-33.01,97.46,-32.34628529999999
2024-01-24,-24.46,100,-24.459999999999997
2024-01-25,-27.32,99.52,-27.209595199999995
2024-01-26,-25.5,98.22,-25.108399999999996
2024-01-27,-32,96.72,-31.161139999999996
2024-01-28,-42.51,98.66,-42.089836299999995
2024-01-29,-39.41,98.11,-38.84960554999999
2024-01-30,-36.75,97.29,-35.986118749999996
2024-01-31,-33.57,98.34,-33.1311209
2024-02-01,-34.16,98.52,-33.76390759999999
2024-02-02,-34.6,98.68,-34.243534
2024-02-03,-33.65,99.32,-33.469919
2024-02-04,-36.22,99.31,-36.027517599999996
2024-02-05,-33.83,98.73,-33.49241495
2024-02-06,-35.72,97.52,-35.034999199999994
2024-02-07,-32.26,99.44,-32.11597919999999
2024-02-08,-33.09,98.11,-32.59530195
2024-02-09,-33.97,97.6,-33.330195999999994
2024-02-10,-37.53,99.23,-37.30965294999999
2024-02-11,-37.57,97.99,-36.99436614999999
2024-02-12,-29.89,96.75,-29.096528749999997
2024-02-13,-30.15,96.44,-29.275752999999998
2024-02-14,-34.27,98.22,-33.7925417
2024-02-15,-37.55,97.58,-36.8572145
2024-02-16,-40.93,97.88,-40.28368619999999
2024-02-17,-35.16,96.44,-34.1876572
2024-02-18,-37.07,96.65,-36.11982275
2024-02-19,-37.82,98.55,-37.402747999999995
2024-02-20,-33.21,97.18,-32.4700179
2024-02-21,-32.91,98.68,-32.56580339999999
2024-02-22,-31.35,99.27,-31.165912249999998
2024-02-23,-29.57,99.56,-29.463350599999995
2024-02-24,-28.47,99.63,-28.382556049999994
2024-02-25,-26.62,99.15,-26.427763999999996
2024-02-26,-25.41,98.25,-25.025866249999996
2024-02-27,-26.22,98.57,-25.899737199999993
2024-02-28,-29.67,99.3,-29.499945499999995
2024-02-29,-31.82,99.28,-31.636572799999996
2024-03-01,-30.95,99.26,-30.7650185
2024-03-02,-24.48,97.05,-23.8475495
2024-03-03,-23.55,97.74,-23.0770385
2024-03-04,-22.06,96.54,-21.3642632
2024-03-05,-25.62,99.04,-25.4081664
2024-03-06,-23.93,98.73,-23.66156645
2024-03-07,-20.33,97.85,-19.918135249999995
2024-03-08,-21.04,98.23,-20.694018099999997
2024-03-09,-19.23,99.11,-19.064891649999996
2024-03-10,-19.21,98.29,-18.89295745
2024-03-11,-19.06,97.57,-18.611470599999997
2024-03-12,-14.71,98.76,-14.5107878
2024-03-13,-17.12,97.9,-16.754789
2024-03-14,-18.21,96.88,-17.6486964
2024-03-15,-21.32,97.29,-20.7861029
2024-03-16,-21.82,98.09,-21.4384584
2024-03-17,-17.46,99.15,-17.310586999999998
2024-03-18,-19.71,96.22,-18.9987741
2024-03-19,-13.6,97.57,-13.224443499999998
2024-03-20,-11.13,98.11,-10.86357615
2024-03-21,-11.62,99.29,-11.518001399999998
2024-03-22,-8.91,98.16,-8.673090799999997
2024-03-23,-14.71,96.47,-14.14288785
2024-03-24,-17.22,96.09,-16.537861399999997
2024-03-25,-14.09,97.06,-13.627699699999999
2024-03-26,-13.28,97.47,-12.893441299999996
2024-03-27,-14.38,99.15,-14.244985999999997
2024-03-28,-16.02,97.15,-15.541599
2024-03-29,-17.71,96.33,-17.059841149999997
2024-03-30,-20.1,97.22,-19.570965999999995
2024-03-31,-18.97,98.12,-18.623920199999997
2024-04-01,-15.18,96.38,-14.589071199999998
2024-04-02,-11.81,98.65,-11.61464825
2024-04-03,-6.19,97.24,-5.875925799999998
2024-04-04,-4.3,97.11,-4.001173999999998
2024-04-05,-9.13,97.91,-8.858373149999997
2024-04-06,-13.5,96.2,-12.9148
2024-04-07,-14.69,98.04,-14.3753318
2024-04-08,-8.89,96.73,-8.46933085
2024-04-09,-8.93,97.5,-8.607837499999999
2024-04-10,-6.04,96.7,-5.667198999999997
2024-04-11,-1.46,98.38,-1.3177963999999986
2024-04-12,-14.95,97.59,-14.55964025
2024-04-13,-15.67,96.89,-15.153942149999999
2024-04-14,-12.88,94.85,-12.104461499999996
2024-04-15,-10.43,96.89,-10.003572349999999
2024-04-16,-3.68,97.61,-3.441023899999999
2024-04-17,-2.07,98.83,-1.9633720499999985
2024-04-18,-5.16,97.72,-4.913463599999998
2024-04-19,-2.68,98.32,-2.521256799999998
2024-04-20,0.1,98.33,0.23226400000000158
2024-04-21,-1.71,98.83,-1.6056886499999987
2024-04-22,-0.86,97.56,-0.6538687999999985
2024-04-23,0.92,94.6,1.323326000000001
2024-04-24,-0.25,84.39,1.016361250000001
2024-04-25,-7.83,78.17,-5.14894855
2024-04-26,-7.52,77.47,-4.791391699999998
2024-04-27,-5.74,75.51,-3.013773199999999
2024-04-28,-3.85,71.92,-1.0160259999999983
2024-04-29,-4.38,74.72,-1.754924799999999
2024-04-30,-3.14,70.44,-0.2720887999999988
2024-05-01,1.61,70.3,3.7155815000000016
2024-05-02,2.03,74.47,3.780975050000001
2024-05-03,0.81,90.18,1.549396900000001
2024-05-04,4.11,73.85,5.6043417500000015
2024-05-05,3.77,77.13,5.119673050000001
2024-05-06,7.37,78.19,8.22527915
2024-05-07,7.04,82.93,7.740382100000001
2024-05-08,3.24,76.81,4.676156700000001
2024-05-09,0.22,71.52,2.4568192000000018
2024-05-10,0.02,70.08,2.4028288000000013
2024-05-11,1.19,69.84,3.3978628000000004
2024-05-12,2.31,73.15,4.1101582500000005
2024-05-13,4.16,73.44,5.670467200000001
2024-05-14,4.11,69.74,5.839207700000001
2024-05-15,5.2,78.56,6.2966560000000005
2024-05-16,7.48,84.42,8.0815438
2024-05-17,3.24,77.99,4.603079300000001
2024-05-18,1.6,69.62,3.7554610000000004
2024-05-19,1.25,65.43,3.7692887500000007
2024-05-20,6.39,63.42,8.0216509
2024-05-21,5.54,86.83,6.189017600000001
2024-05-22,9.62,67.06,10.5041096
2024-05-23,11.03,68.5,11.6311775
2024-05-24,12.58,68.07,12.9171808
2024-05-25,11.42,65.44,12.0054464
2024-05-26,13.8,57.5,13.963625
2024-05-27,14.76,73.98,14.7227914
2024-05-28,14.41,79.28,14.4202564
2024-05-29,19.06,62.72,18.1250176
2024-05-30,19.66,58.53,18.4830814
2024-05-31,21.1,63.31,19.768153
2024-06-01,17.12,68.69,16.668822900000002
2024-06-02,13.64,58.03,13.8385181
2024-06-03,17.56,48.86,16.6993138
2024-06-04,13.77,60.71,13.92774935
2024-06-05,11.35,60.15,12.04040125
2024-06-06,11.93,53.47,12.58770155
2024-06-07,17.32,57.91,16.6671841
2024-06-08,19.07,63.92,18.1631292
2024-06-09,18.3,53.13,17.320417
2024-06-10,17.23,51.96,16.5086794
2024-06-11,19.58,51.25,18.217924999999997
2024-06-12,19.78,51.38,18.3680752
2024-06-13,18.81,51.38,17.6574629
2024-06-14,18.91,55.4,17.828227
2024-06-15,18.15,64.62,17.4397465
2024-06-16,17.88,73.96,17.395916399999997
2024-06-17,11.93,85.73,12.13170645
2024-06-18,12.46,76.71,12.7213138
2024-06-19,12.69,86.07,12.82867315
2024-06-20,14.6,67.71,14.5822405
2024-06-21,21.05,51.6,19.30639
2024-06-22,23,52.85,20.7957375
2024-06-23,20.59,54.95,19.08105025
2024-06-24,20.66,53.33,19.078820399999998
2024-06-25,22.83,55.37,20.78527655
2024-06-26,16.57,54.94,16.0569919
2024-06-27,12.08,66.97,12.5196293
2024-06-28,13.51,54.07,13.76008885
2024-06-29,17.6,49.02,16.730791
2024-06-30,20.16,54.1,18.731133
2024-07-01,24.48,52.17,21.8546113
2024-07-02,23.85,54.88,21.529704000000002
2024-07-03,21.98,57.63,20.2368982
2024-07-04,15.48,48.36,15.2016604
2024-07-05,13.67,60.09,13.85218915
2024-07-06,17.18,56,16.53144
2024-07-07,19.99,49.19,18.45579205
2024-07-08,20.92,47.79,19.0764649
2024-07-09,21.93,50.83,19.92066795
2024-07-10,17.3,66.87,16.789798
2024-07-11,19.64,59.25,18.4879975
2024-07-12,21.58,55.18,19.8347092
2024-07-13,25.24,45.32,22.0100524
2024-07-14,25.03,50.46,22.160890900000002
2024-07-15,23.69,52.05,21.266367250000002
2024-07-16,22.65,58.92,20.808588999999998
2024-07-17,19.59,76.83,18.94135585
2024-07-18,19.07,68.88,18.2877988
2024-07-19,18.86,60.09,17.9029582
2024-07-20,19.26,81.35,18.771743
2024-07-21,23.03,57.5,21.0361125
2024-07-22,23.72,49.03,21.135311299999998
2024-07-23,23.2,55.53,21.0721105
2024-07-24,23.59,57.74,21.4772113
2024-07-25,25.61,49.57,22.52847485
2024-07-26,27.03,53.21,23.80546715
2024-07-27,19.46,72.39,18.7067992
2024-07-28,21.17,51.26,19.3819731
2024-07-29,18.48,76.42,17.9638338
2024-07-30,15.59,65.88,15.3854506
2024-07-31,13.91,53.4,14.061217000000001
2024-08-01,12.92,48.53,13.3672743
2024-08-02,13.74,48.26,13.9562732
2024-08-03,16.65,39.59,15.935651749999998
2024-08-04,17.4,40.55,16.451772499999997
2024-08-05,16.86,75.91,16.5473118
2024-08-06,14.57,73.99,14.55998615
2024-08-07,15.12,57.77,14.975995699999999
2024-08-08,16.72,50.25,16.1125525
2024-08-09,19.12,44.14,17.7005974
2024-08-10,21.59,40.9,19.2853955
2024-08-11,21.53,50.12,19.6013898
2024-08-12,19.97,56.94,18.6745399
2024-08-13,17.07,68.46,16.6241821
2024-08-14,14.17,55.28,14.2511668
2024-08-15,12.95,53.37,13.34752075
2024-08-16,13.07,55.25,13.42195875
2024-08-17,15.3,46.23,15.063412
2024-08-18,16.71,39.66,15.976567300000001
2024-08-19,18.65,39.15,17.26109875
2024-08-20,17.93,67,17.307455
2024-08-21,16.75,66.6,16.336675
2024-08-22,17,72.07,16.6159625
2024-08-23,17.56,60.94,16.902620199999998
2024-08-24,19.19,53.5,17.9905325
2024-08-25,16.24,80.75,16.055777499999998
2024-08-26,15.06,60.16,14.9372928
2024-08-27,11.6,63.06,12.189193
2024-08-28,9.83,77.81,10.39995015
2024-08-29,10.66,62.52,11.4515776
2024-08-30,11.95,66.14,12.4248865
2024-08-31,10.9,63.05,11.63161
2024-09-01,12.85,47.5,13.326437499999999
2024-09-02,10.76,71.69,11.3423367
2024-09-03,9.16,94.5,9.321535
2024-09-04,9.68,84.59,10.088519100000001
2024-09-05,8.62,63.72,9.7932952
2024-09-06,5.97,62.38,7.7349423
2024-09-07,6.05,55.18,8.1330095
2024-09-08,6.9,68.08,8.234256
2024-09-09,8.04,86.54,8.518233799999999
2024-09-10,7.71,70.9,8.796739500000001
2024-09-11,5.61,87.18,6.236833900000001
2024-09-12,7.72,72.1,8.760391
2024-09-13,4.22,66.19,6.131617400000001
2024-09-14,3,73.99,4.645132500000001
2024-09-15,3.01,65.21,5.208554050000001
2024-09-16,2.7,70.76,4.597676000000001
2024-09-17,2.38,70.84,4.3238056
2024-09-18,2.36,93.14,2.8180422000000003
2024-09-19,0.8,74.58,2.715397000000001
2024-09-20,1.02,66.25,3.5222250000000006
2024-09-21,1.5,92.86,2.0105100000000005
2024-09-22,1.63,94.76,2.000913400000001
2024-09-23,0.61,71.36,2.7979528000000005
2024-09-24,2.41,77.37,3.9147818500000007
2024-09-25,7.07,80.54,7.8652329000000005
2024-09-26,7.09,81.37,7.84926565
2024-09-27,2.43,95.57,2.724085550000001
2024-09-28,1.29,77.43,2.929823350000001
2024-09-29,0.88,83.17,2.1407353000000007
2024-09-30,-0.04,92.55,0.5557765000000013
2024-10-01,-0.32,95.15,0.07532350000000004
2024-10-02,1.39,97.07,1.6012676500000012
2024-10-03,0.87,90.37,1.5919129500000007
2024-10-04,0.72,89.6,1.5082160000000011
2024-10-05,-0.35,88.21,0.6129482500000014
2024-10-06,-0.76,83.72,0.606380400000001
2024-10-07,-2.32,91.01,-1.4883350999999987
2024-10-08,-2.11,79.88,-0.27193739999999833
2024-10-09,-0.88,82.22,0.6240102000000015
2024-10-10,-0.02,95.55,0.3353770000000019
2024-10-11,-1.33,90.46,-0.499399899999998
2024-10-12,-5.79,84.62,-4.0736688999999995
2024-10-13,-4.6,80.78,-2.580938999999998
2024-10-14,-7.28,78.1,-4.656598999999998
2024-10-15,-7.44,75.41,-4.472724699999999
2024-10-16,-5.57,86.46,-4.075387099999999
2024-10-17,-6.44,84.01,-4.598431699999999
2024-10-18,-10.09,77.81,-7.088913449999998
2024-10-19,-11.45,78.81,-8.425657249999997
2024-10-20,-13.73,81.69,-10.887097849999998
2024-10-21,-16.67,84.57,-14.024757949999998
2024-10-22,-16.06,90.62,-14.483409599999998
2024-10-23,-12.18,93.31,-11.1983094
2024-10-24,-10.4,94.44,-9.638558
2024-10-25,-10.14,89.48,-8.7143296
2024-10-26,-15.54,85.81,-13.195528199999996
2024-10-27,-16.36,77.21,-12.491853299999997
2024-10-28,-16.47,83.17,-13.603261949999997
2024-10-29,-16.31,84.78,-13.730894899999997
2024-10-30,-18.79,80.07,-15.140916649999994
2024-10-31,-18.43,78.53,-14.541460949999998
2024-11-01,-17.42,84.6,-14.716375999999999
2024-11-02,-19.5,84.96,-16.687519999999996
2024-11-03,-21.6,77.14,-17.061147
2024-11-04,-19.67,83.22,-16.5164507
2024-11-05,-21.01,90.79,-19.21124095
2024-11-06,-22.17,92.74,-20.705766899999997
2024-11-07,-17.52,93.41,-16.3594351
2024-11-08,-14.94,98.48,-14.6938816
2024-11-09,-12.58,99.06,-12.439996399999997
2024-11-10,-13.56,99.39,-13.465858699999998
2024-11-11,-15.44,97.97,-15.105719899999997
2024-11-12,-17.8,95.15,-16.9383975
2024-11-13,-19.86,96,-19.10408
2024-11-14,-19.13,95.26,-18.2532659
2024-11-15,-26.33,94.01,-24.98485565
2024-11-16,-29.28,95.36,-28.162734399999998
2024-11-17,-29.42,96.88,-28.6663328
2024-11-18,-27.96,96.49,-27.140309699999996
2024-11-19,-25.95,95.77,-25.008930749999994
2024-11-20,-26.42,92.37,-24.7027922
2024-11-21,-24.54,95.91,-23.661795199999997
2024-11-22,-23.19,97.84,-22.7422428
2024-11-23,-27.5,91.3,-25.490299999999998
2024-11-24,-22.37,93.27,-21.005256949999996
2024-11-25,-24.3,95.79,-23.401585999999998
2024-11-26,-26.43,95.29,-25.369708349999996
2024-11-27,-25.88,95.86,-24.960547399999996
2024-11-28,-23.15,96.72,-22.470793999999998
2024-11-29,-23.19,97.98,-22.7712641
2024-11-30,-22.42,96.54,-21.7174124
2024-12-01,-25.68,97.12,-25.043548799999996
2024-12-02,-26.59,95.13,-25.489404349999997
2024-12-03,-26.33,97.94,-25.867396099999997
2024-12-04,-27.49,97.77,-26.974992649999994
2024-12-05,-29.91,97.9,-29.3970645
2024-12-06,-25.37,98.79,-25.10466515
2024-12-07,-19.06,99.88,-19.037850399999996
2024-12-08,-22.19,99.05,-21.998294749999996
2024-12-09,-27.66,99,-27.428119999999996
2024-12-10,-34.88,99.03,-34.6165577
2024-12-11,-35.82,99.03,-35.55154279999999
2024-12-12,-33.1,99.47,-32.961245999999996
2024-12-13,-31.79,99.75,-31.726351249999993
2024-12-14,-32.18,97.96,-31.656250399999994
2024-12-15,-33.03,98.93,-32.75028595
2024-12-16,-31.14,98.82,-30.843796399999995
2024-12-17,-31.81,98.74,-31.489071699999993
2024-12-18,-25.72,98.05,-25.288640499999996
2024-12-19,-29.3,98.51,-28.941059
2024-12-20,-31.67,99.28,-31.487166799999997
2024-12-21,-36.25,99.69,-36.16347124999999
2024-12-22,-29.65,98.99,-29.404746749999994
2024-12-23,-29.2,98.8,-28.911579999999997
2024-12-24,-29.08,97.85,-28.564666499999994
2024-12-25,-32.7,99.12,-32.471552
2024-12-26,-29.62,97.81,-29.088574599999998
2024-12-27,-31.95,98.41,-31.543794749999993
2024-12-28,-37.47,99.14,-37.22418189999999
2024-12-29,-43.63,99.56,-43.4893254
2024-12-30,-49.67,99.7,-49.5641195
2024-12-31,-51.75,90.79,-48.39410624999999
2025-01-01,-49.83,97.86,-49.072835899999994
2025-01-02,-50.64,97.63,-49.790900099999995
2025-01-03,-49.47,98.49,-48.93872914999999
2025-01-04,-41.47,98,-40.85432999999999
2025-01-05,-36.39,97.71,-35.749040449999995
2025-01-06,-34.06,97.5,-33.3923
2025-01-07,-35.61,97.88,-35.02571739999999
2025-01-08,-31.35,98.44,-30.956606999999995
2025-01-09,-31.13,97.72,-30.557799799999994
2025-01-10,-28.83,98.45,-28.460611749999998
2025-01-11,-28.58,98.52,-28.22932879999999
2025-01-12,-27.86,98.39,-27.484902199999997
2025-01-13,-31.91,98.75,-31.590931249999997
2025-01-14,-43.71,97.66,-42.9608373
2025-01-15,-45.51,94.18,-43.5890799
2025-01-16,-37.14,99.47,-36.9894694
2025-01-17,-36,99.71,-35.91945249999999
2025-01-18,-39.77,97.6,-39.053636
2025-01-19,-28.11,99.86,-28.077190299999998
2025-01-20,-19.45,98.06,-19.087753499999998
2025-01-21,-14.05,98.6,-13.830164999999996
2025-01-22,-14.29,99.18,-14.1601571
2025-01-23,-12.59,98.42,-12.354587899999997
2025-01-24,-15.8,97.91,-15.451701499999997
2025-01-25,-25.06,99.45,-24.940330999999997
2025-01-26,-32.18,99.52,-32.056764799999996
2025-01-27,-39,98.57,-38.57922249999999
2025-01-28,-37.15,97.95,-36.567646249999996
2025-01-29,-37.34,98.43,-36.8923616
2025-01-30,-33.71,98.4,-33.285752
2025-01-31,-34.83,99.59,-34.718760849999995
2025-02-01,-36.5,96.95,-35.64447499999999
2025-02-02,-37.35,96.37,-36.314814750000004
2025-02-03,-34.08,97.97,-33.53760429999999
2025-02-04,-33.61,97.26,-32.8849823
2025-02-05,-40.17,96.24,-39.039424399999994
2025-02-06,-38.23,99.54,-38.09659309999999
2025-02-07,-37.32,98.97,-37.0264397
2025-02-08,-33.5,99.26,-33.30464
2025-02-09,-38.72,99.09,-38.4536339
2025-02-10,-38.47,98.15,-37.93103025
2025-02-11,-35.45,98.31,-34.98571475
2025-02-12,-32.47,99.01,-32.21424835
2025-02-13,-31.13,97.89,-30.600463849999993
2025-02-14,-24.67,97.21,-24.068936349999994
2025-02-15,-28.71,98.55,-28.365400249999997
2025-02-16,-29.92,97.9,-29.406948999999997
2025-02-17,-25.34,96.76,-24.630051199999997
2025-02-18,-27.16,97.28,-26.536766399999998
2025-02-19,-24.95,96.93,-24.283886749999997
2025-02-20,-25.75,96.82,-25.046027499999994
2025-02-21,-22.99,99.12,-22.808548399999996
2025-02-22,-18.93,98.92,-18.731425799999997
2025-02-23,-24.75,98.71,-24.47152125
2025-02-24,-20.93,98.49,-20.635753849999997
2025-02-25,-21.25,97.95,-20.84691875
2025-02-26,-16.2,98.39,-15.928151499999997
2025-02-27,-16.77,97.69,-16.37271465
2025-02-28,-26.42,94.96,-25.2856976
2025-03-01,-32.33,95.65,-31.209592249999993
2025-03-02,-34.73,98.77,-34.39695904999999
2025-03-03,-33.53,97.32,-32.8220378
2025-03-04,-29.88,96.35,-28.989071499999998
2025-03-05,-30.96,96.92,-30.189907599999998
2025-03-06,-31.68,97.81,-31.123761899999995
2025-03-07,-26.08,97.33,-25.484082699999995
2025-03-08,-24.64,98.6,-24.338621999999994
2025-03-09,-22,98.5,-21.698874999999997
2025-03-10,-23.48,97.66,-22.991197399999997
2025-03-11,-26.4,99.2,-26.220039999999997
2025-03-12,-26.95,98.58,-26.626275499999995
2025-03-13,-24.93,98.71,-24.650244149999995
2025-03-14,-22.77,99.42,-22.651108699999998
2025-03-15,-15.94,99.11,-15.790996199999997
2025-03-16,-20.29,98.04,-19.9149638
2025-03-17,-15.74,97.92,-15.394054399999996
2025-03-18,-15.76,98.51,-15.512019299999999
2025-03-19,-14.68,98.37,-14.4184013
2025-03-20,-15.47,97.49,-15.056264149999999
2025-03-21,-20.27,98.2,-19.925777
2025-03-22,-21.84,96.13,-21.066503099999995
2025-03-23,-20.33,98.22,-19.989014299999997
2025-03-24,-16.57,97.72,-16.180382199999997
2025-03-25,-14.91,96.73,-14.381061149999999
2025-03-26,-17.9,96.41,-17.260261999999994
2025-03-27,-18.06,96.1,-17.361587999999998
2025-03-28,-16.66,96.87,-16.123580599999997
2025-03-29,-14.9,96.03,-14.258050999999998
2025-03-30,-12.99,96.06,-12.394291699999998
2025-03-31,-7.62,97.71,-7.341398599999997
2025-04-01,-6.26,98.69,-6.110424199999997
2025-04-02,-1.71,98.72,-1.5958815999999991
2025-04-03,-6.83,96.77,-6.4510725499999975
2025-04-04,-10.5,93,-9.537499999999998
2025-04-05,-7.92,96.12,-7.441557199999999
2025-04-06,-1.83,97.5,-1.6054624999999993
2025-04-07,-5.26,93.99,-4.606833199999999
2025-04-08,-2.29,98.65,-2.16533425
2025-04-09,-3.57,97.84,-3.3553284
2025-04-10,-2.23,99.21,-2.1573081499999973
2025-04-11,-8.05,98.14,-7.819313499999999
2025-04-12,-11.79,96.88,-11.338863599999998
2025-04-13,-4.71,97.69,-4.465936949999999
2025-04-14,-6.22,97.85,-5.974985999999998
2025-04-15,-8.39,97.09,-8.02364555
2025-04-16,-6.82,96.18,-6.372066799999999
2025-04-17,-7.71,98.36,-7.5096658
2025-04-18,-3.13,98.82,-3.0155812999999982
2025-04-19,-0.29,98.51,-0.16879594999999906
2025-04-20,-0.8,99.15,-0.7284724999999985
2025-04-21,-0.88,98.32,-0.7378887999999979
2025-04-22,-4.48,97.54,-4.223200599999999
2025-04-23,-2.36,94.95,-1.891713499999998
2025-04-24,-2.83,92.27,-2.0932150499999986
2025-04-25,0.1,74.33,2.133064000000001
2025-04-26,1.89,76.67,3.5080521500000006
2025-04-27,2.53,85.61,3.4773656500000008
2025-04-28,0.74,89.04,1.5694528000000008
2025-04-29,2.04,76.58,3.6449726000000013
2025-04-30,2.28,71.27,4.2109433
2025-05-01,4.74,67.77,6.470106400000001
2025-05-02,4.31,79.88,5.437625400000001
2025-05-03,4.67,71.27,6.223287450000001
2025-05-04,4.75,67.66,6.484232500000001
2025-05-05,3.41,67.51,5.391727550000001
2025-05-06,5.29,57.64,7.435745800000001
2025-05-07,5.82,63.98,7.539594800000001
2025-05-08,6.74,65.06,8.231239200000001
2025-05-09,7.72,60.93,9.1769203
2025-05-10,8.33,67,9.449855
2025-05-11,5.95,79.57,6.910720750000001
2025-05-12,5.77,77.8,6.835933000000001
2025-05-13,6.15,79.34,7.098810500000001
2025-05-14,2.58,94.34,2.951069600000001
2025-05-15,2.53,91.31,3.10210615
2025-05-16,2.62,78.04,4.054866400000001
2025-05-17,5.31,74.06,6.621137300000001
2025-05-18,6.22,86.89,6.817029400000001
2025-05-19,8.48,68.46,9.5242894
2025-05-20,10.39,65.22,11.1762019
2025-05-21,12.44,67.14,12.8123038
2025-05-22,11.1,61.61,11.817893
2025-05-23,12.82,56.91,13.2181516
2025-05-24,13.56,71.89,13.7053287
2025-05-25,5.14,57.46,7.3299592
2025-05-26,8.79,71.58,9.6825301
2025-05-27,14.85,66.18,14.7848965
2025-05-28,16.26,66.23,15.933106400000002
2025-05-29,15.04,64.5,14.934565
2025-05-30,7.66,68.35,8.850673
2025-05-31,6.76,88.09,7.2670087
2025-06-01,7.54,73.54,8.5528888
2025-06-02,10.95,75.5,11.4283625
2025-06-03,11.41,77.77,11.78779885
2025-06-04,14.9,81.37,14.859014
2025-06-05,12.36,70.93,12.702153899999999
2025-06-06,11.6,81.81,11.8901305
2025-06-07,14.36,71.81,14.3817063
2025-06-08,15.16,70.3,15.052189
2025-06-09,18.37,53.79,17.38642015
2025-06-10,20.74,51.74,19.083716799999998
2025-06-11,21.41,57.93,19.811129649999998
2025-06-12,15.31,76.97,15.20740135
2025-06-13,15.76,80.84,15.6272212
2025-06-14,9.94,77.08,10.5148336
2025-06-15,8.67,62.24,9.8807744
2025-06-16,7.38,65.99,8.7118316
2025-06-17,11.37,59.04,12.0751264
2025-06-18,11.39,77.83,11.76921785
2025-06-19,15.82,62.61,15.5485486
2025-06-20,14.75,72.17,14.71173375
2025-06-21,12.07,70.11,12.46947985
2025-06-22,16.18,56.47,15.777782799999999
2025-06-23,19.34,67.47,18.4740514
2025-06-24,15.9,72.94,15.691638000000001
2025-06-25,16.19,76.28,15.969522600000001
2025-06-26,20.69,60.59,19.34828655
2025-06-27,18.64,78.69,18.1547713
2025-06-28,17.37,78.64,17.0328324
2025-06-29,10.68,65.35,11.4079965
2025-06-30,13.01,64.33,13.30231565
2025-07-01,17.69,61.67,17.01750015
2025-07-02,16.23,95.12,16.1835668
2025-07-03,15.81,94.01,15.766842050000001
2025-07-04,18.79,66.98,18.0108931
2025-07-05,17.61,76.23,17.20341415
2025-07-06,17.01,70.38,16.6010959
2025-07-07,17.94,69.55,17.363886
2025-07-08,18.63,71.54,17.9835311
2025-07-09,17.36,76.55,16.991131499999998
2025-07-10,17.42,86.35,17.200781000000003
2025-07-11,18.97,72.8,18.301288
2025-07-12,19.84,65.35,18.8223295
2025-07-13,17.59,55.62,16.8357619
2025-07-14,16.56,65.84,16.1729672
2025-07-15,16.26,67.28,15.943270400000001
2025-07-16,18.65,65.31,17.858200749999998
2025-07-17,22.82,70.07,21.4504032
2025-07-18,19.66,79.25,19.071115
2025-07-19,22.2,55.51,20.315848499999998
2025-07-20,23.64,51.04,21.1787808
2025-07-21,23.93,55.35,21.614227749999998
2025-07-22,24.88,56.01,22.3686109
2025-07-23,21.11,68.11,19.95063905
2025-07-24,23.96,61.04,21.9329112
2025-07-25,21.1,85.72,20.581636
2025-07-26,19.95,87.47,19.57441325
2025-07-27,15.65,86.84,15.566763
2025-07-28,18.79,57.72,17.792403399999998
2025-07-29,19.93,61.35,18.77571775
2025-07-30,19.59,71.87,18.80250065
2025-07-31,17.75,72.7,17.2620125
2025-08-01,16.01,82.72,15.866489600000001
2025-08-02,20.06,60.84,18.862487199999997
2025-08-03,20.99,64.01,19.70533695
2025-08-04,20.44,64.48,19.2795616
2025-08-05,18.81,62.28,17.9158474
2025-08-06,11.83,80.64,12.114301600000001
2025-08-07,8.12,92.96,8.3670336
2025-08-08,12.04,71.36,12.4274992
2025-08-09,16.95,82.73,16.71728675
2025-08-10,15.44,79.13,15.3321021
2025-08-11,16.15,70.72,15.884284
2025-08-12,15.44,65.33,15.2607561
2025-08-13,11.55,79.68,11.879692
2025-08-14,12.9,60.54,13.247248
2025-08-15,13.28,57.85,13.5628265
2025-08-16,14.1,55.98,14.196844
2025-08-17,14.08,59.06,14.1745714
2025-08-18,13.88,64.74,14.000236600000001
2025-08-19,15.35,58.48,15.155894
2025-08-20,17.45,62.04,16.834099
2025-08-21,19.87,47.36,18.3152776
2025-08-22,20.87,42.98,18.8723043
2025-08-23,20.73,43.68,18.8001952
2025-08-24,21.15,39.55,18.93904125
2025-08-25,19.67,46.9,18.1601015
2025-08-26,19.25,47.13,17.868771249999998
2025-08-27,19.32,55.85,18.1495835
2025-08-28,17.65,63.81,17.02300825
2025-08-29,13.09,90.94,13.1602603
2025-08-30,14.47,84.59,14.472542650000001
2025-08-31,16.06,71.18,15.812724399999999
2025-09-01,14.22,86.54,14.2407284
2025-09-02,13.71,64.73,13.86324815
2025-09-03,10.51,67.6,11.221018
2025-09-04,10.34,62.82,11.1906784
2025-09-05,12.36,70.5,12.707215
2025-09-06,11.85,63.29,12.38504825
2025-09-07,11.45,63.68,12.059268
2025-09-08,8.33,56.97,9.79022305
2025-09-09,5.56,57.74,7.6379242000000005
2025-09-10,7.57,55.11,9.28098235
2025-09-11,11.32,69.73,11.8494223
2025-09-12,10.12,78.73,10.6323943
2025-09-13,6.33,66.41,7.8393666500000005
2025-09-14,7.23,78.53,8.088477950000001
2025-09-15,8.12,75.37,8.9842667
2025-09-16,5.96,69.91,7.373327300000001
2025-09-17,-0.82,72.74,1.476927600000002
2025-09-18,1.99,52.99,5.22452305
2025-09-19,-0.61,69.48,1.9263646000000012
2025-09-20,-1.3,86.07,-0.08948299999999842
2025-09-21,-1.78,87.29,-0.6419465999999991
2025-09-22,-2.16,86.5,-0.9229949999999987
2025-09-23,0.75,92.18,1.3413875
2025-09-24,4.03,98.52,4.115225800000002
2025-09-25,10.26,79.36,10.7413248
2025-09-26,4.62,87.67,5.2900122000000005
2025-09-27,-2.65,72.59,-0.06455174999999969
2025-09-28,-1.89,72.71,0.5700570500000015
2025-09-29,-2.45,80.46,-0.6283834999999982
2025-09-30,-3.36,70.9,-0.5015069999999997
2025-10-01,-4.4,71.79,-1.4675704999999999
2025-10-02,-2.42,79.66,-0.5271595999999983
2025-10-03,-2.64,81.21,-0.8686666999999979
2025-10-04,-4.35,80.26,-2.3034554999999983
2025-10-05,-3.37,76.07,-1.0180399499999981
2025-10-06,-4.96,77.47,-2.5486140999999987
2025-10-07,-6.78,67.06,-2.924702399999999
2025-10-08,-7.66,63.86,-3.255256799999999
2025-10-09,-8.85,72.24,-5.284921999999997
2025-10-10,-8.51,84.75,-6.580036249999997
2025-10-11,-8.41,84.77,-6.490943849999998
2025-10-12,-8.5,89.96,-7.229939999999997
2025-10-13,-7.55,88.06,-6.101976499999998
2025-10-14,-9.52,80.79,-6.982166899999998
2025-10-15,-8.53,87.5,-6.946687499999998
2025-10-16,-8.43,89.4,-7.0931809999999995
2025-10-17,-7.44,92.25,-6.5048075
2025-10-18,-7.05,86.88,-5.494951999999998
2025-10-19,-6.12,91.58,-5.1650877999999985
2025-10-20,-6.2,90.88,-5.161687999999998
2025-10-21,-8.81,91.75,-7.752308749999999
2025-10-22,-9.04,93.77,-8.233401899999997
2025-10-23,-7.04,95.48,-6.504515599999998
2025-10-24,-4.73,97.12,-4.425396799999999
2025-10-25,-7.35,90.45,-6.202328749999999
2025-10-26,-8.89,83.17,-6.724904649999999
2025-10-27,-11.04,81.87,-8.493278899999998
2025-10-28,-13.92,88.87,-12.180269699999998
2025-10-29,-11.78,89.42,-10.250766799999997
2025-10-30,-12.26,88.18,-10.5203324
2025-10-31,-10.97,92.87,-9.97119395
2025-11-01,-14.39,86.81,-12.294174949999999
2025-11-02,-16.27,85.1,-13.748398499999997
2025-11-03,-16.66,86.75,-14.389214999999998
2025-11-04,-18.52,87.88,-16.318886799999998
2025-11-05,-21.92,89.21,-19.7586551
2025-11-06,-23.56,90.17,-21.502286099999996
2025-11-07,-19.17,97.94,-18.7885189
2025-11-08,-18.19,95.04,-17.2982168
2025-11-09,-18.61,95,-17.699474999999996
2025-11-10,-21.87,91.53,-20.175703549999998
2025-11-11,-27.4,96.49,-26.59112049999999
2025-11-12,-25.67,95.4,-24.653699000000003
2025-11-13,-30.4,92.72,-28.602203999999997
2025-11-14,-30.23,91.55,-28.15117325
2025-11-15,-31.68,95.24,-30.471007599999997
2025-11-16,-32.49,95.32,-31.2804774
2025-11-17,-25.77,96.06,-24.897349099999996
2025-11-18,-22.65,96.28,-21.889910999999998
2025-11-19,-16.56,99.53,-16.479709899999996
2025-11-20,-16.31,99.59,-16.240523449999998
2025-11-21,-21.86,96.9,-21.240061999999998
2025-11-22,-30.89,96.29,-29.96381705
2025-11-23,-35.24,91.85,-33.01040449999999
2025-11-24,-32.2,97.1,-31.455135
2025-11-25,-32.88,97.6,-32.254584
2025-11-26,-30.73,94.63,-29.394131949999995
2025-11-27,-30.5,94.67,-29.180824999999995
2025-11-28,-30.2,97.96,-29.698465999999993
2025-11-29,-35.77,97.79,-35.15896815
2025-11-30,-39.03,97.09,-38.17325235
2025-12-01,-37.87,98.28,-37.3745798
2025-12-02,-36.46,96.57,-35.4986396
2025-12-03,-39.29,92.56,-37.08891319999999
2025-12-04,-38.94,94.87,-37.43219039999999
2025-12-05,-36.34,98.79,-36.0016598
2025-12-06,-33.24,95.9,-32.163463
2025-12-07,-33.61,97.14,-32.8532297
2025-12-08,-36.1,99.45,-35.946934999999996
2025-12-09,-40.05,99.3,-39.83998249999999
2025-12-10,-38.92,97.52,-38.1913512
2025-12-11,-38.41,99.1,-38.14809549999999
2025-12-12,-43.93,86.03,-39.440530949999996
2025-12-13,-45.39,94.79,-43.67385205
2025-12-14,-46.26,97.06,-45.277510799999995
2025-12-15,-48.69,96.95,-47.62998774999999
2025-12-16,-49.68,98.48,-49.1434552
2025-12-17,-46.41,93.63,-44.276018149999985
2025-12-18,-46.32,93.37,-44.102198699999995
2025-12-19,-43.89,91.94,-41.30157129999999
2025-12-20,-37.94,97.16,-37.12088719999999
2025-12-21,-43.46,98.83,-43.0870274
2025-12-22,-46.42,98.56,-45.9375136
2025-12-23,-48.74,93.52,-46.486126399999996
2025-12-24,-47.63,93.71,-45.48061264999999
2025-12-25,-48.39,95.45,-46.816177749999994
2025-12-26,-46.19,96.92,-45.161911399999994
2025-12-27,-43.28,97.38,-42.447390199999994
2025-12-28,-40.94,97.32,-40.122814399999996
2025-12-29,-38.96,99.6,-38.84238799999999
2025-12-30,-42.89,96.6,-41.81680699999999
2025-12-31,-43.95,96.92,-42.959857
