date,T2M,RH2M
1984-01-01,24.97,89.35
1984-01-02,24.75,90.53
1984-01-03,24.12,90.54
1984-01-04,24.6,91.67
1984-01-05,24.91,90.3
1984-01-06,25.09,90.12
1984-01-07,24.74,93.09
1984-01-08,25.06,91.43
1984-01-09,24.66,91.63
1984-01-10,24.82,91.85
1984-01-11,24.6,93
1984-01-12,24.6,91.75
1984-01-13,24.9,90.3
1984-01-14,25.06,90.15
1984-01-15,25.39,88.28
1984-01-16,25.53,88.72
1984-01-17,25.4,87.84
1984-01-18,25.77,85.88
1984-01-19,25.44,87.86
1984-01-20,24.67,88.94
1984-01-21,26.04,82.73
1984-01-22,25.46,88.07
1984-01-23,25.66,88.08
1984-01-24,25.04,88.76
1984-01-25,24.57,89.11
1984-01-26,24.59,91.27
1984-01-27,24.58,92.61
1984-01-28,24.67,90.19
1984-01-29,24.25,90.96
1984-01-30,24.52,89.78
1984-01-31,24.71,90.99
1984-02-01,24.94,88.87
1984-02-02,24.51,90.37
1984-02-03,24.73,92.39
1984-02-04,24.89,90.26
1984-02-05,24.43,91.39
1984-02-06,25.28,89.74
1984-02-07,24.53,92.89
1984-02-08,24.11,92.59
1984-02-09,23.98,91.69
1984-02-10,25.27,88.91
1984-02-11,25.31,89.24
1984-02-12,24.99,91.21
1984-02-13,24.68,89.75
1984-02-14,24.68,88.63
1984-02-15,24.68,90.81
1984-02-16,24.91,89.59
1984-02-17,24.81,87.64
1984-02-18,24.74,86.91
1984-02-19,23.77,92.09
1984-02-20,24.89,87.42
1984-02-21,25.15,87.12
1984-02-22,25.07,88.48
1984-02-23,24.99,87.74
1984-02-24,25.91,84.92
1984-02-25,25.99,87.41
1984-02-26,25.48,88.98
1984-02-27,25.55,89.22
1984-02-28,25.19,88.75
1984-02-29,25.21,90.56
1984-03-01,25.35,90.79
1984-03-02,24.97,90.5
1984-03-03,25.12,90.95
1984-03-04,25.36,91.08
1984-03-05,25.11,90.15
1984-03-06,25.09,89.32
1984-03-07,25.55,88.03
1984-03-08,25.69,86.83
1984-03-09,25.93,85.59
1984-03-10,26.18,82.69
1984-03-11,26.37,82.02
1984-03-12,26.7,81.91
1984-03-13,26.44,82.08
1984-03-14,26.88,81.52
1984-03-15,27.38,79.17
1984-03-16,27.12,81.62
1984-03-17,26.48,84.62
1984-03-18,25.51,84.58
1984-03-19,27.8,75.48
1984-03-20,27.32,81.7
1984-03-21,26.33,85.06
1984-03-22,26.33,84.95
1984-03-23,26.38,85.5
1984-03-24,26.31,85.39
1984-03-25,26.46,86.45
1984-03-26,26.11,88.76
1984-03-27,26.28,87.45
1984-03-28,27.34,78.47
1984-03-29,26.81,83.82
1984-03-30,26.61,85.89
1984-03-31,26.5,84.47
1984-04-01,26.85,84.68
1984-04-02,26.27,87.75
1984-04-03,27.12,82.3
1984-04-04,27.34,82.67
1984-04-05,27.34,81.76
1984-04-06,27.87,78.84
1984-04-07,27.14,82.65
1984-04-08,27.27,82.79
1984-04-09,26.57,86.21
1984-04-10,27.27,78.34
1984-04-11,27.08,82.54
1984-04-12,26.73,84.54
1984-04-13,26.83,83.12
1984-04-14,27.66,78.19
1984-04-15,27.58,81.67
1984-04-16,26.71,85.71
1984-04-17,26.81,85.06
1984-04-18,26.28,85.51
1984-04-19,26.32,88.04
1984-04-20,26.57,85.73
1984-04-21,26.72,85.62
1984-04-22,26.46,88.75
1984-04-23,26.46,87.58
1984-04-24,26.98,84.77
1984-04-25,28.16,78.93
1984-04-26,27.36,84.73
1984-04-27,26.7,81.76
1984-04-28,26.38,83.3
1984-04-29,27.57,80.12
1984-04-30,27.2,84.09
1984-05-01,27.52,82.46
1984-05-02,27.44,81.3
1984-05-03,27.45,81.48
1984-05-04,26.87,85.79
1984-05-05,26.97,86.33
1984-05-06,26.76,82.35
1984-05-07,26.45,83.17
1984-05-08,27.15,78.76
1984-05-09,27.26,80.25
1984-05-10,27.1,79.59
1984-05-11,27.18,81.76
1984-05-12,26.87,84.17
1984-05-13,26.92,80.69
1984-05-14,27.33,80.05
1984-05-15,26.84,85.96
1984-05-16,27.21,83.89
1984-05-17,27.02,85.21
1984-05-18,26.71,80.81
1984-05-19,27.95,75.53
1984-05-20,27.57,82.76
1984-05-21,27.02,84.23
1984-05-22,27.41,81.47
1984-05-23,27.28,82.47
1984-05-24,26.78,85.23
1984-05-25,26.45,85.1
1984-05-26,26.96,86.26
1984-05-27,26.72,84.98
1984-05-28,26.76,84.22
1984-05-29,27.12,85.24
1984-05-30,26.72,85.34
1984-05-31,27.21,82.32
1984-06-01,26.62,87.05
1984-06-02,26.28,84.31
1984-06-03,26.83,85.77
1984-06-04,26.6,88.64
1984-06-05,26.33,89.2
1984-06-06,26.47,88.28
1984-06-07,26.53,83.14
1984-06-08,27.49,77.11
1984-06-09,26.56,86
1984-06-10,26.44,85.44
1984-06-11,26.86,82.79
1984-06-12,27.08,81.99
1984-06-13,26.94,84.07
1984-06-14,27.08,81.99
1984-06-15,26.66,85.78
1984-06-16,26.52,85.66
1984-06-17,26.75,85.37
1984-06-18,26.8,85.37
1984-06-19,26.45,85.18
1984-06-20,26.67,85.76
1984-06-21,26.55,85.37
1984-06-22,26.62,85.53
1984-06-23,26.43,87.17
1984-06-24,26.43,84.49
1984-06-25,27.05,82.9
1984-06-26,26.62,84.93
1984-06-27,26.44,87.89
1984-06-28,26.96,83.8
1984-06-29,26.64,85.15
1984-06-30,26.58,85.53
1984-07-01,26.31,85.11
1984-07-02,27.04,78.37
1984-07-03,27.08,82.75
1984-07-04,26.36,85.32
1984-07-05,26.46,83.46
1984-07-06,26.76,84.31
1984-07-07,26.52,84.63
1984-07-08,26.12,86.51
1984-07-09,25.88,87.08
1984-07-10,26.22,85.32
1984-07-11,26.45,83.59
1984-07-12,26.42,81.65
1984-07-13,26.78,79.95
1984-07-14,27.14,80.63
1984-07-15,26.7,82.79
1984-07-16,26.21,82.86
1984-07-17,25.35,88.41
1984-07-18,24.88,88.8
1984-07-19,25.5,86.41
1984-07-20,25.07,87.67
1984-07-21,25.22,86.5
1984-07-22,25.9,82.91
1984-07-23,26.07,83.49
1984-07-24,26.16,84.41
1984-07-25,26,86.52
1984-07-26,26.32,85.02
1984-07-27,25.77,86.2
1984-07-28,26.24,84.6
1984-07-29,27.02,82.92
1984-07-30,26.52,85.18
1984-07-31,26.92,85.74
1984-08-01,26.78,85.68
1984-08-02,26.76,83.89
1984-08-03,26.23,84.59
1984-08-04,26.62,82.73
1984-08-05,26.11,88
1984-08-06,26,87.14
1984-08-07,26.17,85.56
1984-08-08,26.39,84.89
1984-08-09,26.44,84.87
1984-08-10,26.82,84.35
1984-08-11,26.3,86.28
1984-08-12,26.27,81.8
1984-08-13,26.83,83.4
1984-08-14,26.62,85.78
1984-08-15,26.81,85.92
1984-08-16,26.64,84.86
1984-08-17,27.06,84.5
1984-08-18,26.71,87.27
1984-08-19,26.35,85.35
1984-08-20,26.51,85.9
1984-08-21,26.13,84.69
1984-08-22,26.28,83.16
1984-08-23,26.16,84.94
1984-08-24,26.09,83.7
1984-08-25,26.25,84.04
1984-08-26,26.1,85.48
1984-08-27,26.43,83.83
1984-08-28,26.75,84.58
1984-08-29,26.52,84.15
1984-08-30,26.4,85.13
1984-08-31,26.11,86.18
1984-09-01,26.82,83.03
1984-09-02,26.67,84.89
1984-09-03,27.07,76.51
1984-09-04,27.24,78.75
1984-09-05,26.68,83.16
1984-09-06,26.43,83.04
1984-09-07,26.14,82.32
1984-09-08,26.21,79.9
1984-09-09,26.41,82.5
1984-09-10,25.22,85.55
1984-09-11,24.75,84.9
1984-09-12,26.16,79.69
1984-09-13,25.49,83.95
1984-09-14,27.08,75.61
1984-09-15,26.86,77.81
1984-09-16,26.42,81.39
1984-09-17,25.84,88.86
1984-09-18,26.02,84.13
1984-09-19,25.52,84.55
1984-09-20,26.47,82.46
1984-09-21,25.94,85.41
1984-09-22,26.23,84.58
1984-09-23,26.17,84.73
1984-09-24,26.45,84.7
1984-09-25,26.45,85.75
1984-09-26,26.71,84.87
1984-09-27,26.45,87.74
1984-09-28,26.04,88.39
1984-09-29,27.09,84.59
1984-09-30,26.25,85.91
1984-10-01,26.36,83.71
1984-10-02,26.7,82.28
1984-10-03,26.43,83.41
1984-10-04,26.72,82.12
1984-10-05,26,87.25
1984-10-06,26.67,82.7
1984-10-07,26.82,83.54
1984-10-08,26.37,85.87
1984-10-09,26.93,79.68
1984-10-10,26.98,81.31
1984-10-11,25.81,84.56
1984-10-12,26.45,82.11
1984-10-13,26.7,81.2
1984-10-14,26.95,79.45
1984-10-15,27.06,80.51
1984-10-16,27.16,79.12
1984-10-17,26.95,78.24
1984-10-18,27.04,77.91
1984-10-19,27.21,79.56
1984-10-20,26.06,86.85
1984-10-21,26.86,80.32
1984-10-22,26.63,84.32
1984-10-23,26.04,85.66
1984-10-24,26.27,84.64
1984-10-25,26.3,84.38
1984-10-26,26.09,86.95
1984-10-27,25.93,87.68
1984-10-28,25.61,88.96
1984-10-29,25.57,87.93
1984-10-30,26.62,80.21
1984-10-31,26.72,79.93
1984-11-01,26.72,79.65
1984-11-02,26.28,83.95
1984-11-03,25.82,86.68
1984-11-04,25.99,84.93
1984-11-05,26.62,81.77
1984-11-06,26.78,80.21
1984-11-07,26.55,79.86
1984-11-08,26.55,83.09
1984-11-09,26.18,83.02
1984-11-10,27.08,79.67
1984-11-11,26.53,83.57
1984-11-12,26.7,83.04
1984-11-13,26.9,81.55
1984-11-14,27.01,79.91
1984-11-15,27.34,77.81
1984-11-16,27.16,81.95
1984-11-17,26.35,86.56
1984-11-18,26.46,84.87
1984-11-19,27.11,78.93
1984-11-20,26.98,80.69
1984-11-21,26.49,85.46
1984-11-22,26.13,85.95
1984-11-23,26.46,84.64
1984-11-24,26.42,85.75
1984-11-25,25.55,88.27
1984-11-26,25.62,87.9
1984-11-27,25.5,90.8
1984-11-28,26.19,84.44
1984-11-29,26.03,83.3
1984-11-30,26.54,79.58
1984-12-01,26.6,82.4
1984-12-02,26.29,85.76
1984-12-03,26.16,86.02
1984-12-04,25.57,88.7
1984-12-05,25.54,89.99
1984-12-06,25.37,88.19
1984-12-07,25.3,90.66
1984-12-08,24.98,90.47
1984-12-09,25.01,89.76
1984-12-10,25.38,84.4
1984-12-11,25.62,85.41
1984-12-12,25.03,89.95
1984-12-13,25.51,85.76
1984-12-14,25.4,88.93
1984-12-15,25.55,87.9
1984-12-16,25.95,86.01
1984-12-17,24.26,89.58
1984-12-18,25.75,86.04
1984-12-19,25.53,90.2
1984-12-20,25.63,86.29
1984-12-21,25.83,85.71
1984-12-22,25.75,87.95
1984-12-23,25.97,89.28
1984-12-24,25.61,89
1984-12-25,26.08,85.47
1984-12-26,26.05,87.47
1984-12-27,25.7,89.6
1984-12-28,25.12,91.56
1984-12-29,24.67,91.88
1984-12-30,25.23,87.86
1984-12-31,25.62,86.42
1985-01-01,25.8,87.8
1985-01-02,25.36,91.72
1985-01-03,25.18,89.59
1985-01-04,25.87,84.66
1985-01-05,25.5,87.12
1985-01-06,25.45,86.6
1985-01-07,25.57,86.42
1985-01-08,25.76,85.64
1985-01-09,25.63,86.59
1985-01-10,24.59,90.65
1985-01-11,24.81,83.4
1985-01-12,25.36,85.44
1985-01-13,25.23,85.62
1985-01-14,24.94,84.72
1985-01-15,24.75,84.79
1985-01-16,24.73,83.6
1985-01-17,25.75,83.2
1985-01-18,25.95,85.45
1985-01-19,25.19,84.96
1985-01-20,25.82,83.51
1985-01-21,25.59,84.47
1985-01-22,25.76,84.52
1985-01-23,25.95,83.85
1985-01-24,25.79,84.47
1985-01-25,26.11,84.45
1985-01-26,25.86,85.74
1985-01-27,25.96,85.61
1985-01-28,26.14,85.98
1985-01-29,25.13,91.2
1985-01-30,25.35,87.71
1985-01-31,25.07,90.15
1985-02-01,25.01,91.41
1985-02-02,25.18,87.62
1985-02-03,25.65,86.13
1985-02-04,26.06,86.41
1985-02-05,26.45,84.87
1985-02-06,26.34,85.72
1985-02-07,26.42,83.94
1985-02-08,26.28,85.43
1985-02-09,26.56,85.64
1985-02-10,26.42,82.01
1985-02-11,26.29,82.31
1985-02-12,25.96,83.57
1985-02-13,25.67,85.83
1985-02-14,25.23,87.32
1985-02-15,26.05,84.61
1985-02-16,26.35,85.68
1985-02-17,26.18,85.87
1985-02-18,27.05,82.73
1985-02-19,27.2,83.48
1985-02-20,27.61,80.32
1985-02-21,26.88,85.64
1985-02-22,27.11,84.41
1985-02-23,27.15,84.15
1985-02-24,26.64,86.01
1985-02-25,27.04,81.68
1985-02-26,27.19,81.41
1985-02-27,27.73,80.48
1985-02-28,27.05,84.54
1985-03-01,25.63,85.08
1985-03-02,25.1,85.78
1985-03-03,24.79,88.61
1985-03-04,25.81,87.45
1985-03-05,25.62,88.32
1985-03-06,25.71,85.35
1985-03-07,26.04,81.87
1985-03-08,26.19,83.43
1985-03-09,26.25,85.81
1985-03-10,26.84,85.1
1985-03-11,26.36,87.29
1985-03-12,26.37,84.52
1985-03-13,26.41,84.84
1985-03-14,26.6,84.58
1985-03-15,26.49,86.53
1985-03-16,26.15,86.08
1985-03-17,26.4,85.27
1985-03-18,26.44,85.62
1985-03-19,26.82,84.33
1985-03-20,26.97,84.48
1985-03-21,26.85,85.75
1985-03-22,26.64,85.58
1985-03-23,27.16,83.62
1985-03-24,27.14,83.5
1985-03-25,26.61,85.83
1985-03-26,27.34,81.82
1985-03-27,27.31,81.81
1985-03-28,27.18,81.26
1985-03-29,27.55,82.21
1985-03-30,26.92,83.95
1985-03-31,26.84,82.14
1985-04-01,26.72,83.88
1985-04-02,26.87,83.29
1985-04-03,26.7,83.45
1985-04-04,27.16,82.54
1985-04-05,27.11,83.35
1985-04-06,27.91,76.65
1985-04-07,28.26,76.31
1985-04-08,27.49,80.58
1985-04-09,27.56,82.85
1985-04-10,28.28,77.4
1985-04-11,26.87,87.38
1985-04-12,26.79,89.06
1985-04-13,27.4,84.64
1985-04-14,25.93,87.67
1985-04-15,26.88,84.8
1985-04-16,27.43,75.58
1985-04-17,27.22,79.7
1985-04-18,27.12,82.23
1985-04-19,26.97,81.5
1985-04-20,27.38,79.54
1985-04-21,27.19,84.17
1985-04-22,26.99,83.91
1985-04-23,26.84,84.16
1985-04-24,26.75,84.18
1985-04-25,26.87,82.74
1985-04-26,27.46,80.97
1985-04-27,27.12,83.96
1985-04-28,26.56,87.33
1985-04-29,26.87,82.76
1985-04-30,26.77,84.95
1985-05-01,26.98,81.84
1985-05-02,27.46,81.53
1985-05-03,27.45,82.19
1985-05-04,27.6,82.29
1985-05-05,27.66,82.72
1985-05-06,27.8,78.69
1985-05-07,27.8,78.29
1985-05-08,27.58,79.27
1985-05-09,27.66,79.36
1985-05-10,27.2,81.58
1985-05-11,27.61,81.55
1985-05-12,27.61,79.69
1985-05-13,27.04,81.43
1985-05-14,27.66,77.68
1985-05-15,27.53,82.55
1985-05-16,26.64,86.21
1985-05-17,28.08,78.61
1985-05-18,29.01,75.07
1985-05-19,27.61,83.19
1985-05-20,26.99,85.17
1985-05-21,27.08,82.04
1985-05-22,27.52,81.41
1985-05-23,26.71,83.94
1985-05-24,27.4,80.21
1985-05-25,27.39,82.66
1985-05-26,27.16,86.01
1985-05-27,27.35,85.32
1985-05-28,27.56,85.57
1985-05-29,27.75,85.47
1985-05-30,27.46,85.84
1985-05-31,26.59,81.58
1985-06-01,28.21,74.13
1985-06-02,28.24,76.5
1985-06-03,27.61,80.29
1985-06-04,27.45,81.71
1985-06-05,27.37,81.9
1985-06-06,26.76,82.36
1985-06-07,27.19,78.62
1985-06-08,27.42,81.15
1985-06-09,27.35,79.18
1985-06-10,27.11,82.93
1985-06-11,26.77,82.83
1985-06-12,26.71,82.58
1985-06-13,27.19,81.85
1985-06-14,26.93,82.76
1985-06-15,26.7,84.16
1985-06-16,26.88,79.27
1985-06-17,26.92,80.87
1985-06-18,27.23,79.57
1985-06-19,27.33,77.66
1985-06-20,27.16,80.03
1985-06-21,27.43,79.13
1985-06-22,27.05,73.89
1985-06-23,27.64,76.91
1985-06-24,27,82.96
1985-06-25,28.01,78.57
1985-06-26,27.43,81.74
1985-06-27,27.26,79.59
1985-06-28,27.45,77.91
1985-06-29,27.12,78.24
1985-06-30,27.1,77.07
1985-07-01,27.74,75.27
1985-07-02,27.16,80.28
1985-07-03,26.48,81.78
1985-07-04,26.93,80.3
1985-07-05,26.52,80.83
1985-07-06,27.05,78.19
1985-07-07,26.57,82
1985-07-08,26.74,81.5
1985-07-09,25.99,77.45
1985-07-10,26.97,76.4
1985-07-11,27.04,78.83
1985-07-12,27.24,78.85
1985-07-13,26.75,81.18
1985-07-14,26.16,80.96
1985-07-15,26.87,78.45
1985-07-16,26.84,79.76
1985-07-17,26.38,85.29
1985-07-18,25.85,84.5
1985-07-19,26.34,81.72
1985-07-20,26.49,81.07
1985-07-21,25.36,83.8
1985-07-22,25.85,80.77
1985-07-23,26.06,79.66
1985-07-24,26.4,80.75
1985-07-25,26.24,83.23
1985-07-26,26.24,83.15
1985-07-27,26.42,81.55
1985-07-28,26.56,78.73
1985-07-29,26.43,79.22
1985-07-30,26.86,80.17
1985-07-31,26.45,83.58
1985-08-01,26.1,80.29
1985-08-02,26.52,78.26
1985-08-03,27.11,77.11
1985-08-04,26.47,81.52
1985-08-05,26.39,82.5
1985-08-06,26.24,83.42
1985-08-07,26.52,83.29
1985-08-08,26.36,83.91
1985-08-09,26.59,83.05
1985-08-10,26.74,81.22
1985-08-11,26.71,79.46
1985-08-12,27.14,79.65
1985-08-13,26.12,85.08
1985-08-14,26.47,84.02
1985-08-15,26.28,84.85
1985-08-16,26.44,85.29
1985-08-17,26.49,85.65
1985-08-18,26.45,83.51
1985-08-19,26.49,83.63
1985-08-20,26.45,84.47
1985-08-21,25.89,85.38
1985-08-22,26.86,81.71
1985-08-23,26.78,81.96
1985-08-24,27.08,80.92
1985-08-25,26.46,82.75
1985-08-26,27.08,79.65
1985-08-27,27.22,77.8
1985-08-28,27.39,77.86
1985-08-29,26.99,81.63
1985-08-30,27.41,78.89
1985-08-31,26.15,84.09
1985-09-01,26.55,76.43
1985-09-02,26.51,80.89
1985-09-03,26.78,79.94
1985-09-04,27.1,76.64
1985-09-05,26.87,79.03
1985-09-06,27.18,79.47
1985-09-07,27.21,80.79
1985-09-08,26.55,83.13
1985-09-09,26.75,80.19
1985-09-10,26.6,83.76
1985-09-11,26.86,80.86
1985-09-12,26.33,80.43
1985-09-13,27.2,78.08
1985-09-14,26.39,82.96
1985-09-15,26.64,82.13
1985-09-16,26.29,84.76
1985-09-17,25.66,86.18
1985-09-18,26.42,80.5
1985-09-19,26.48,80.22
1985-09-20,26.34,84.28
1985-09-21,26.88,81.15
1985-09-22,26.65,81.92
1985-09-23,27.28,76.83
1985-09-24,27.07,77.87
1985-09-25,27.2,81.77
1985-09-26,25.4,86.09
1985-09-27,26.79,80.89
1985-09-28,26.03,83.5
1985-09-29,25.95,84.18
1985-09-30,26.51,82.4
1985-10-01,26.07,83.62
1985-10-02,26.76,81.4
1985-10-03,25.91,86.38
1985-10-04,26.96,78
1985-10-05,27.02,81.07
1985-10-06,26.97,81.41
1985-10-07,26.64,81.61
1985-10-08,26.74,81.9
1985-10-09,25.89,87.49
1985-10-10,26.44,83.98
1985-10-11,25.81,85.14
1985-10-12,26.88,79.93
1985-10-13,26.48,82.53
1985-10-14,26.99,78.53
1985-10-15,27.33,77.75
1985-10-16,27.26,80.51
1985-10-17,26.62,81.3
1985-10-18,27.2,76.54
1985-10-19,27.13,79.36
1985-10-20,26.49,83.11
1985-10-21,27.04,80.75
1985-10-22,26.6,83.89
1985-10-23,25.95,83.66
1985-10-24,26.7,81.36
1985-10-25,27.2,80.05
1985-10-26,27.13,81.29
1985-10-27,27.17,79.34
1985-10-28,26.97,78.83
1985-10-29,27.1,78.87
1985-10-30,26.52,80.74
1985-10-31,26.82,79.32
1985-11-01,26.74,81.68
1985-11-02,26.33,86.63
1985-11-03,26.02,86.42
1985-11-04,25.75,86.02
1985-11-05,27.5,77.74
1985-11-06,26.39,85.1
1985-11-07,25.4,83.99
1985-11-08,27.08,81.95
1985-11-09,27.06,82.57
1985-11-10,25.73,90.08
1985-11-11,26.67,81.73
1985-11-12,27.17,83.13
1985-11-13,26.25,85.61
1985-11-14,25.91,84.81
1985-11-15,26.33,81.25
1985-11-16,26.21,83.91
1985-11-17,26.74,83.62
1985-11-18,25.93,87.82
1985-11-19,25.68,86.19
1985-11-20,26.2,84.58
1985-11-21,26.02,85.03
1985-11-22,26.04,83.12
1985-11-23,26.12,81.99
1985-11-24,25.94,87.33
1985-11-25,25.75,86.8
1985-11-26,26.34,84.5
1985-11-27,26.75,82.59
1985-11-28,25.89,85.05
1985-11-29,25.9,86.16
1985-11-30,25.28,90.58
1985-12-01,25.24,89.88
1985-12-02,25.93,87.41
1985-12-03,26.16,86.21
1985-12-04,25.25,90.62
1985-12-05,26.03,86.77
1985-12-06,25.63,87.86
1985-12-07,25.78,86.54
1985-12-08,26.39,83
1985-12-09,25,86.82
1985-12-10,26.06,77.07
1985-12-11,26.22,83.62
1985-12-12,26.6,84.58
1985-12-13,26.04,87.85
1985-12-14,25.73,88.39
1985-12-15,25.07,90.11
1985-12-16,25.77,86.04
1985-12-17,25.64,86.42
1985-12-18,25.93,86.97
1985-12-19,25.56,87.08
1985-12-20,25.83,85.92
1985-12-21,26.3,84.43
1985-12-22,26.61,84.72
1985-12-23,25.02,92.54
1985-12-24,25.15,87.64
1985-12-25,25.88,87.35
1985-12-26,26.06,87.05
1985-12-27,25.37,91.24
1985-12-28,25.23,89.16
1985-12-29,25.7,86.55
1985-12-30,26.06,87.69
1985-12-31,25.58,89.78
1986-01-01,25.75,88.21
1986-01-02,25.77,87.45
1986-01-03,25.39,90.84
1986-01-04,25.75,89.82
1986-01-05,25.3,90.67
1986-01-06,25.06,90.87
1986-01-07,25.22,89.32
1986-01-08,25.51,90.31
1986-01-09,24.84,93.64
1986-01-10,24.78,91.77
1986-01-11,24.18,91.96
1986-01-12,24.42,91.96
1986-01-13,24.52,90.15
1986-01-14,25.2,87.81
1986-01-15,25.05,90.3
1986-01-16,24.61,90.47
1986-01-17,24.83,87.83
1986-01-18,25.01,87.34
1986-01-19,24.77,88.53
1986-01-20,24.67,88.47
1986-01-21,24.67,87.21
1986-01-22,24.94,86.12
1986-01-23,25.24,87.91
1986-01-24,24.93,87.4
1986-01-25,25.08,86.93
1986-01-26,25.09,87.41
1986-01-27,25,86.77
1986-01-28,24.83,86.23
1986-01-29,24.87,85.05
1986-01-30,25.55,84.95
1986-01-31,25.69,85.8
1986-02-01,25.57,85.64
1986-02-02,25.3,85.95
1986-02-03,25.32,86.68
1986-02-04,25.57,84.27
1986-02-05,25.84,85.96
1986-02-06,25.4,85.54
1986-02-07,25.72,86.17
1986-02-08,25.56,85.79
1986-02-09,25.39,84.9
1986-02-10,25.26,85.51
1986-02-11,25.12,86.71
1986-02-12,25.25,86.11
1986-02-13,25.69,85.84
1986-02-14,26.04,85.39
1986-02-15,25.72,86.19
1986-02-16,25.69,85.77
1986-02-17,25.78,84.03
1986-02-18,26.33,83.93
1986-02-19,26.32,84.65
1986-02-20,26.1,83.73
1986-02-21,25.21,85.26
1986-02-22,25.42,83.47
1986-02-23,25.97,82.58
1986-02-24,25.89,80.14
1986-02-25,25.14,80.77
1986-02-26,25.6,82.14
1986-02-27,25.81,85.52
1986-02-28,26.1,85.5
1986-03-01,25.77,86.55
1986-03-02,25.37,87.61
1986-03-03,24.62,87.54
1986-03-04,24.36,88.49
1986-03-05,24.84,88.43
1986-03-06,24.86,92.65
1986-03-07,25.05,92.68
1986-03-08,25.29,91.38
1986-03-09,25.13,90.83
1986-03-10,25.65,89.47
1986-03-11,25.81,86.82
1986-03-12,25.9,87.57
1986-03-13,26.16,87.2
1986-03-14,26.23,87.15
1986-03-15,26.47,84.32
1986-03-16,26.53,83.3
1986-03-17,26.58,83.73
1986-03-18,26.81,83.59
1986-03-19,27.33,81.81
1986-03-20,27.38,82.08
1986-03-21,27.13,83.84
1986-03-22,27,83.84
1986-03-23,26.9,84.4
1986-03-24,26.59,84.53
1986-03-25,26.25,82.39
1986-03-26,26.49,78.84
1986-03-27,27.05,81.45
1986-03-28,27.42,79.74
1986-03-29,26.95,77.97
1986-03-30,26.37,85.51
1986-03-31,27.19,83.43
1986-04-01,27.72,80.72
1986-04-02,26.02,83.06
1986-04-03,27.26,82.43
1986-04-04,26.7,83.84
1986-04-05,26.99,82.63
1986-04-06,27.11,84.33
1986-04-07,26.82,86.25
1986-04-08,27.07,84.03
1986-04-09,27.33,81.89
1986-04-10,28.15,77.82
1986-04-11,28.55,78.62
1986-04-12,26.74,81.06
1986-04-13,26.64,83.9
1986-04-14,27.46,79.65
1986-04-15,27.21,84.33
1986-04-16,26.65,85.84
1986-04-17,25.5,91.47
1986-04-18,27.68,79.06
1986-04-19,27.28,81.13
1986-04-20,27.6,79.89
1986-04-21,27.61,81.86
1986-04-22,27.42,83.12
1986-04-23,27.5,82.67
1986-04-24,27.37,83.17
1986-04-25,27.71,79.91
1986-04-26,27.24,80.89
1986-04-27,27.61,82.15
1986-04-28,27.63,82.62
1986-04-29,27.5,83.52
1986-04-30,27.66,82.52
1986-05-01,27.68,81.32
1986-05-02,28.39,77.65
1986-05-03,28.21,79.78
1986-05-04,27.8,83.78
1986-05-05,27.31,85.67
1986-05-06,27.4,85.68
1986-05-07,27.63,86.19
1986-05-08,27.55,85.8
1986-05-09,27.14,86.01
1986-05-10,27.22,84.92
1986-05-11,27.16,84.32
1986-05-12,27.55,82.63
1986-05-13,27.51,80.45
1986-05-14,27.82,78.69
1986-05-15,27.48,82.91
1986-05-16,27.1,83.27
1986-05-17,26.9,83.98
1986-05-18,26.9,84.67
1986-05-19,27.42,83.58
1986-05-20,27.42,84.47
1986-05-21,27.48,80.98
1986-05-22,27.39,83.19
1986-05-23,27.6,83.09
1986-05-24,27.31,84.86
1986-05-25,27.16,85.18
1986-05-26,27.32,82.94
1986-05-27,26.33,86.81
1986-05-28,27,83.84
1986-05-29,26.66,84.14
1986-05-30,26.69,82.89
1986-05-31,27.24,80.97
1986-06-01,27.24,81.12
1986-06-02,26.99,81.68
1986-06-03,27.55,80.31
1986-06-04,27.04,83.37
1986-06-05,26.88,85.14
1986-06-06,26.98,83.36
1986-06-07,26.99,84.51
1986-06-08,26.94,85.2
1986-06-09,26.98,84.34
1986-06-10,27.37,80.79
1986-06-11,26.61,84.32
1986-06-12,27.68,76.41
1986-06-13,27.45,82.71
1986-06-14,27.44,81.94
1986-06-15,27.32,82.35
1986-06-16,27.46,80.09
1986-06-17,27.23,83.4
1986-06-18,26.59,86.35
1986-06-19,27.25,82.22
1986-06-20,27.46,80.94
1986-06-21,27.3,80.23
1986-06-22,26.87,82.82
1986-06-23,27.16,83.33
1986-06-24,27.3,81.93
1986-06-25,27.55,79.7
1986-06-26,27.31,82.69
1986-06-27,27.23,82.99
1986-06-28,27.42,79.36
1986-06-29,28.01,78.3
1986-06-30,27.18,84.24
1986-07-01,26.65,85.73
1986-07-02,27.1,80.88
1986-07-03,26.09,87.45
1986-07-04,26.91,83.76
1986-07-05,26.81,85.25
1986-07-06,27.35,83.65
1986-07-07,27.4,82.88
1986-07-08,27.21,84.56
1986-07-09,27.06,83.06
1986-07-10,26.99,82.6
1986-07-11,25.73,85.25
1986-07-12,26.94,81.2
1986-07-13,26.46,83.75
1986-07-14,26.63,82.87
1986-07-15,26.23,86.19
1986-07-16,26.48,85.57
1986-07-17,26.93,84.14
1986-07-18,27.06,82.68
1986-07-19,27.22,83.06
1986-07-20,27.43,79.47
1986-07-21,27.31,80.2
1986-07-22,27.25,80.79
1986-07-23,27.89,78.08
1986-07-24,26.29,83.52
1986-07-25,25.52,83.1
1986-07-26,27.17,73.42
1986-07-27,26.83,78.58
1986-07-28,26.41,81.97
1986-07-29,26.49,82.92
1986-07-30,26.43,82.26
1986-07-31,26.3,82.19
1986-08-01,26.51,81.76
1986-08-02,26.12,83.95
1986-08-03,26.94,79.47
1986-08-04,26.45,82.07
1986-08-05,26.74,84.36
1986-08-06,26.58,84.63
1986-08-07,26.91,82.86
1986-08-08,26.77,83.35
1986-08-09,26.77,86.94
1986-08-10,26.97,84.54
1986-08-11,27.1,83.58
1986-08-12,27.29,81.74
1986-08-13,27.52,79.2
1986-08-14,27.35,84.04
1986-08-15,26.74,85.71
1986-08-16,27.16,79.99
1986-08-17,26.78,84.02
1986-08-18,26.6,84.03
1986-08-19,26.63,83.7
1986-08-20,26.44,86.26
1986-08-21,26.22,88.56
1986-08-22,26.42,87.77
1986-08-23,26.56,87.18
1986-08-24,26.89,84.3
1986-08-25,26.81,82.57
1986-08-26,26.88,82.2
1986-08-27,27.12,82.93
1986-08-28,26.72,83.5
1986-08-29,26.26,82.47
1986-08-30,26.02,83.53
1986-08-31,26.87,79.7
1986-09-01,26.52,82.89
1986-09-02,26.42,81.42
1986-09-03,25.74,84.62
1986-09-04,26.94,81.37
1986-09-05,26.95,81.47
1986-09-06,26.57,83.55
1986-09-07,25.65,88.45
1986-09-08,25.28,85.89
1986-09-09,25.12,87.02
1986-09-10,26.94,77.98
1986-09-11,26.12,83.47
1986-09-12,25.89,81.88
1986-09-13,27.64,71.8
1986-09-14,27.14,80.64
1986-09-15,25.88,85.31
1986-09-16,26.43,82.79
1986-09-17,26.98,81.66
1986-09-18,26.91,83.65
1986-09-19,26.09,85.78
1986-09-20,26.01,87.3
1986-09-21,26.74,86.65
1986-09-22,26.56,87.89
1986-09-23,26.67,84.66
1986-09-24,26.87,82.57
1986-09-25,26.98,83.15
1986-09-26,26.79,86.87
1986-09-27,26.05,87.2
1986-09-28,26.84,81.61
1986-09-29,26.38,86.51
1986-09-30,26.48,84.2
1986-10-01,26.67,84.46
1986-10-02,26.58,81.16
1986-10-03,27.36,76.77
1986-10-04,26.7,79.71
1986-10-05,25.63,86.37
1986-10-06,26.26,83.79
1986-10-07,25.64,85
1986-10-08,26.18,82.51
1986-10-09,26.26,84.01
1986-10-10,26.69,83.51
1986-10-11,26.12,85.6
1986-10-12,26.47,83.56
1986-10-13,26.52,82.36
1986-10-14,26.85,80.45
1986-10-15,27.13,82.25
1986-10-16,26.91,82.43
1986-10-17,27.15,80.7
1986-10-18,27.44,80.38
1986-10-19,27.17,82.12
1986-10-20,26.33,86.24
1986-10-21,26.29,84.81
1986-10-22,26.95,83.28
1986-10-23,26.02,85.33
1986-10-24,26.95,82.31
1986-10-25,26.86,83.92
1986-10-26,26.58,83.82
1986-10-27,27.27,77.83
1986-10-28,26.96,83.29
1986-10-29,26.94,82.23
1986-10-30,27.19,80.22
1986-10-31,27.53,78.96
1986-11-01,26.65,84.13
1986-11-02,25.91,87.85
1986-11-03,26.55,85.86
1986-11-04,26.52,85.08
1986-11-05,26.53,83.07
1986-11-06,26.6,83.93
1986-11-07,25.83,84.96
1986-11-08,26.23,80.5
1986-11-09,26.71,82.88
1986-11-10,26.79,80.86
1986-11-11,26.34,86.38
1986-11-12,25.96,86.03
1986-11-13,26.14,85.77
1986-11-14,26.14,86.44
1986-11-15,26.91,81.59
1986-11-16,26.63,82.03
1986-11-17,25.89,87.22
1986-11-18,26.49,81.36
1986-11-19,26.28,84.74
1986-11-20,26.61,82.34
1986-11-21,26.71,83.86
1986-11-22,26.08,87.3
1986-11-23,25.88,86.87
1986-11-24,26.09,85.73
1986-11-25,25.99,88.6
1986-11-26,26.15,85.91
1986-11-27,26.33,85.62
1986-11-28,26.18,88.87
1986-11-29,25.56,90.13
1986-11-30,25.55,90.42
1986-12-01,25.69,88.12
1986-12-02,26.68,83.21
1986-12-03,26.27,85.89
1986-12-04,26.3,85.81
1986-12-05,26.43,86.33
1986-12-06,26.45,86.89
1986-12-07,26.47,86.85
1986-12-08,26.56,87.41
1986-12-09,25.68,91.78
1986-12-10,25.57,90.38
1986-12-11,25.59,89.7
1986-12-12,25.76,88.57
1986-12-13,25.42,87.58
1986-12-14,25.47,87.03
1986-12-15,25.1,88.44
1986-12-16,25.44,90.26
1986-12-17,25.59,87.51
1986-12-18,26,85.99
1986-12-19,25.92,87.76
1986-12-20,25.67,89.57
1986-12-21,25.02,90.06
1986-12-22,25.32,87.2
1986-12-23,25.41,86.79
1986-12-24,25.82,87.62
1986-12-25,25.99,87.98
1986-12-26,26.26,88.02
1986-12-27,25.74,89.52
1986-12-28,25.61,89.68
1986-12-29,25.47,88.52
1986-12-30,25.62,87.55
1986-12-31,25.85,86.83
1987-01-01,25.84,86.7
1987-01-02,25.23,85.03
1987-01-03,24.94,85.46
1987-01-04,25.92,84.88
1987-01-05,26.14,86.08
1987-01-06,25.58,88.95
1987-01-07,25.35,90.23
1987-01-08,25.3,88.2
1987-01-09,25.09,88.83
1987-01-10,25.32,90.67
1987-01-11,24.99,93.03
1987-01-12,24.89,93.56
1987-01-13,24.98,93.3
1987-01-14,24.54,91.92
1987-01-15,24.8,91.46
1987-01-16,24.94,89.1
1987-01-17,25.14,90.72
1987-01-18,25.23,89.94
1987-01-19,25.24,89.81
1987-01-20,25.62,90.05
1987-01-21,25.61,89.44
1987-01-22,25.06,90.28
1987-01-23,25.48,90.02
1987-01-24,25.09,91.37
1987-01-25,24.67,93.48
1987-01-26,24.32,92.05
1987-01-27,25.03,88.43
1987-01-28,25.19,90.31
1987-01-29,24.92,90.89
1987-01-30,25.26,88.54
1987-01-31,25.28,88.26
1987-02-01,24.95,87.36
1987-02-02,25.08,86.35
1987-02-03,25.15,87.06
1987-02-04,25.04,87.24
1987-02-05,25.26,87.61
1987-02-06,25.32,87.31
1987-02-07,25.34,86.58
1987-02-08,25.14,85.74
1987-02-09,25.51,86.68
1987-02-10,25.47,86.52
1987-02-11,25.7,85.7
1987-02-12,25.34,86.25
1987-02-13,25.52,86.48
1987-02-14,25.54,85.39
1987-02-15,25.79,85.49
1987-02-16,25.5,85.69
1987-02-17,25.24,82.78
1987-02-18,25.9,84.24
1987-02-19,25.97,84.06
1987-02-20,26.04,84.39
1987-02-21,25.77,85.4
1987-02-22,25.72,83.3
1987-02-23,25.92,84.45
1987-02-24,26.21,83.49
1987-02-25,25.97,86.24
1987-02-26,26.26,85.71
1987-02-27,26.21,86.51
1987-02-28,26.3,84.75
1987-03-01,26.42,84.42
1987-03-02,26.25,85.71
1987-03-03,25.66,87.47
1987-03-04,26.11,86.49
1987-03-05,26.02,86.59
1987-03-06,26.32,85.04
1987-03-07,26.72,85.26
1987-03-08,26.86,83.57
1987-03-09,26.86,83.52
1987-03-10,26.75,83.47
1987-03-11,26.83,81.11
1987-03-12,27,82.55
1987-03-13,26.89,82.09
1987-03-14,27.04,81.39
1987-03-15,26.98,81.75
1987-03-16,27.78,78.2
1987-03-17,27.91,80.36
1987-03-18,27.77,81.1
1987-03-19,27.43,82.2
1987-03-20,26.59,85.71
1987-03-21,27.13,81.23
1987-03-22,26.77,80.63
1987-03-23,27.48,80.22
1987-03-24,27.04,84.56
1987-03-25,27.57,82.64
1987-03-26,27.77,82.51
1987-03-27,27.42,82.67
1987-03-28,26.94,81.56
1987-03-29,26.61,82.62
1987-03-30,26.99,84.28
1987-03-31,27.16,84.11
1987-04-01,27.32,84.11
1987-04-02,26.84,86.22
1987-04-03,27.64,83.84
1987-04-04,27.47,84.13
1987-04-05,27.98,79.2
1987-04-06,28.01,80.76
1987-04-07,27.6,82.83
1987-04-08,27.49,82.21
1987-04-09,27.37,83.97
1987-04-10,27.36,82.37
1987-04-11,27.52,80.05
1987-04-12,28.4,75.12
1987-04-13,28.19,77.81
1987-04-14,28.54,76.7
1987-04-15,27.4,82.64
1987-04-16,27.86,79.19
1987-04-17,27.82,78
1987-04-18,27.56,82.6
1987-04-19,26.56,83.3
1987-04-20,27.9,76.72
1987-04-21,27.6,79.33
1987-04-22,27.5,82.33
1987-04-23,27.29,84.87
1987-04-24,27.46,82.57
1987-04-25,28.48,75.55
1987-04-26,28.05,80.82
1987-04-27,27.55,82.32
1987-04-28,27.44,81.45
1987-04-29,27.58,82.48
1987-04-30,27.21,84.1
1987-05-01,27.35,81.99
1987-05-02,27.29,81.76
1987-05-03,27.43,79.57
1987-05-04,26.93,84.43
1987-05-05,26.57,86.89
1987-05-06,27.2,84.54
1987-05-07,27.63,83.99
1987-05-08,27.94,81.68
1987-05-09,27.29,81.56
1987-05-10,27.47,79.86
1987-05-11,27.48,78.91
1987-05-12,27.67,79.37
1987-05-13,27.86,78.39
1987-05-14,27.05,83.66
1987-05-15,26.54,83.65
1987-05-16,27.92,79.84
1987-05-17,27.14,85.5
1987-05-18,27.46,83.88
1987-05-19,27.21,85.02
1987-05-20,27.26,82.54
1987-05-21,27.03,83.67
1987-05-22,27.62,82.42
1987-05-23,27.57,82.39
1987-05-24,27.44,83.31
1987-05-25,27.53,81.64
1987-05-26,26.45,85.59
1987-05-27,27.53,80.68
1987-05-28,27.11,84.44
1987-05-29,27.05,85
1987-05-30,27.38,84.61
1987-05-31,27.98,80.79
1987-06-01,28.28,78.38
1987-06-02,27.94,81.29
1987-06-03,27.92,78.03
1987-06-04,27.42,81.68
1987-06-05,27.04,85.05
1987-06-06,27.79,79.89
1987-06-07,27.9,81.25
1987-06-08,27.51,84.33
1987-06-09,27.75,83.91
1987-06-10,27.71,84.13
1987-06-11,27.35,87.29
1987-06-12,27.46,86.46
1987-06-13,27.66,83.77
1987-06-14,27.57,85.57
1987-06-15,27.64,85.67
1987-06-16,27.46,84.14
1987-06-17,27.53,83.28
1987-06-18,27.3,84.03
1987-06-19,26.77,87.65
1987-06-20,26.97,89.65
1987-06-21,27.21,86.21
1987-06-22,27.45,85.09
1987-06-23,27.4,82.35
1987-06-24,27.56,83.29
1987-06-25,27.58,83.14
1987-06-26,27.24,85.45
1987-06-27,26.75,84.37
1987-06-28,26.92,84.62
1987-06-29,27.31,84.8
1987-06-30,26.81,86
1987-07-01,26.81,85.46
1987-07-02,26.65,83.59
1987-07-03,26.82,83.42
1987-07-04,26.98,84.46
1987-07-05,27.01,86.08
1987-07-06,27.17,84.3
1987-07-07,27.07,83.81
1987-07-08,27.35,82.5
1987-07-09,27.23,81.64
1987-07-10,26.99,82.69
1987-07-11,27.33,81.17
1987-07-12,26.43,86.36
1987-07-13,26.96,84.87
1987-07-14,26.22,86.23
1987-07-15,27.03,83.29
1987-07-16,27.14,83.72
1987-07-17,27.31,82.65
1987-07-18,27.42,82.64
1987-07-19,27.36,83.23
1987-07-20,27.43,83.73
1987-07-21,27.34,83.51
1987-07-22,27.46,83.41
1987-07-23,27.17,84.9
1987-07-24,26.72,87
1987-07-25,26.72,86.77
1987-07-26,26.82,85.24
1987-07-27,27.37,80.58
1987-07-28,27.43,79.55
1987-07-29,27.32,79.81
1987-07-30,27.02,84.22
1987-07-31,26.92,84.1
1987-08-01,26.57,85.56
1987-08-02,26.73,82.59
1987-08-03,26.6,83.3
1987-08-04,26.82,82.11
1987-08-05,26.47,85.06
1987-08-06,26.4,86.59
1987-08-07,25.89,88.5
1987-08-08,25.95,88
1987-08-09,26.42,87.44
1987-08-10,26.22,88.72
1987-08-11,26.75,85.52
1987-08-12,26.86,84.21
1987-08-13,26.55,84.33
1987-08-14,26.55,87.42
1987-08-15,26.69,85.92
1987-08-16,26.47,84.48
1987-08-17,26.95,81.43
1987-08-18,27.09,86.13
1987-08-19,27.06,86.08
1987-08-20,26.79,86.85
1987-08-21,26.98,84.9
1987-08-22,26.86,85.5
1987-08-23,26.64,80.22
1987-08-24,26.68,81.76
1987-08-25,27.43,80.82
1987-08-26,26.82,82.04
1987-08-27,26.91,81.34
1987-08-28,27.01,81.27
1987-08-29,27.03,83.58
1987-08-30,27.15,82.31
1987-08-31,27.38,80.86
1987-09-01,27.62,80.01
1987-09-02,27.61,80.09
1987-09-03,27.03,82.37
1987-09-04,27.44,82.18
1987-09-05,27.15,83.25
1987-09-06,27.36,83.09
1987-09-07,26.62,86.76
1987-09-08,27.2,81.78
1987-09-09,27,83.72
1987-09-10,27.03,82.67
1987-09-11,26.75,84.08
1987-09-12,27.08,82.85
1987-09-13,27.18,84.07
1987-09-14,26.67,86.32
1987-09-15,26.57,85.37
1987-09-16,26.99,84.91
1987-09-17,27.28,83.34
1987-09-18,26.98,87.28
1987-09-19,27.12,82.29
1987-09-20,27.32,80.49
1987-09-21,27.19,81.01
1987-09-22,26.51,82.87
1987-09-23,26.84,82.35
1987-09-24,27.32,79.51
1987-09-25,27.61,80.27
1987-09-26,27.56,81.94
1987-09-27,26.3,82.67
1987-09-28,26.59,81.58
1987-09-29,27.39,78.7
1987-09-30,27.38,81.12
1987-10-01,27.41,83.22
1987-10-02,27.21,82.25
1987-10-03,26.83,81.68
1987-10-04,27.35,83.19
1987-10-05,27.36,84.42
1987-10-06,27.34,82
1987-10-07,27.49,79.41
1987-10-08,27.32,82.07
1987-10-09,27.74,79.32
1987-10-10,27.22,82.68
1987-10-11,27.33,83.09
1987-10-12,27.78,81.5
1987-10-13,27.57,84.48
1987-10-14,27.32,83.34
1987-10-15,26.55,85.07
1987-10-16,28.13,76.76
1987-10-17,27.41,82.28
1987-10-18,27.84,81.01
1987-10-19,27.77,80.76
1987-10-20,27.48,83.68
1987-10-21,27.08,83.32
1987-10-22,28.11,74.19
1987-10-23,28.06,77.93
1987-10-24,28.04,79.92
1987-10-25,27.85,80.9
1987-10-26,27.05,86.48
1987-10-27,27.95,80.35
1987-10-28,27.44,81.63
1987-10-29,27.45,80.98
1987-10-30,27.78,80.04
1987-10-31,28.17,78.3
1987-11-01,27.93,79.61
1987-11-02,27.8,78.75
1987-11-03,27.64,79.98
1987-11-04,27.39,82.2
1987-11-05,27.44,82.02
1987-11-06,27.18,84.51
1987-11-07,27.7,82.89
1987-11-08,27.17,84.71
1987-11-09,26.39,90.04
1987-11-10,26.92,86.02
1987-11-11,27.23,81.94
1987-11-12,27.27,84.62
1987-11-13,27.71,81.86
1987-11-14,27.05,84.4
1987-11-15,27.07,80.59
1987-11-16,27.6,77.97
1987-11-17,28.02,74.66
1987-11-18,27.58,82.04
1987-11-19,26.87,81.74
1987-11-20,26.86,84.51
1987-11-21,27.33,83.24
1987-11-22,26.98,85.17
1987-11-23,26.75,86.08
1987-11-24,27.15,84.63
1987-11-25,26.8,83.49
1987-11-26,26.44,85.81
1987-11-27,26.38,87.28
1987-11-28,26.69,84.11
1987-11-29,27.09,85.45
1987-11-30,27.06,86.04
1987-12-01,26.08,91.55
1987-12-02,26.2,91.37
1987-12-03,26.63,88.86
1987-12-04,26.9,85.54
1987-12-05,26.17,88.72
1987-12-06,26.35,87.83
1987-12-07,26.65,89.71
1987-12-08,26.06,90.52
1987-12-09,25.71,88.73
1987-12-10,26.34,88.99
1987-12-11,25.76,88.28
1987-12-12,26.23,87.83
1987-12-13,25.83,91.22
1987-12-14,25.9,88.71
1987-12-15,25.99,85.45
1987-12-16,26.58,84.29
1987-12-17,25.84,88.47
1987-12-18,26.05,86.02
1987-12-19,26.35,84.9
1987-12-20,26.66,84.32
1987-12-21,26.15,87.07
1987-12-22,26.5,85.43
1987-12-23,26.53,83.94
1987-12-24,26.68,84.94
1987-12-25,26.45,86.68
1987-12-26,26.17,87.41
1987-12-27,26.31,88.21
1987-12-28,25.63,90.5
1987-12-29,26.58,84.9
1987-12-30,26.64,84.65
1987-12-31,26.88,85.61
1988-01-01,26.81,86.42
1988-01-02,26.83,85.25
1988-01-03,26.7,86.2
1988-01-04,26.78,87.09
1988-01-05,26.88,86.38
1988-01-06,25.49,88.55
1988-01-07,25.88,85.04
1988-01-08,25.75,84.42
1988-01-09,26.36,85.17
1988-01-10,26.63,85.72
1988-01-11,26.56,87.02
1988-01-12,26.07,90.02
1988-01-13,26.03,89.5
1988-01-14,25.52,91.72
1988-01-15,26.17,89.98
1988-01-16,26.08,89.82
1988-01-17,26.02,87.44
1988-01-18,25.81,85.92
1988-01-19,25.92,86.57
1988-01-20,25.63,85.13
1988-01-21,26.06,86.4
1988-01-22,26.22,87.09
1988-01-23,26.49,86.81
1988-01-24,26.39,87.56
1988-01-25,26.03,88.02
1988-01-26,25.83,87.89
1988-01-27,26.49,87.81
1988-01-28,26.12,87.37
1988-01-29,26.15,85.28
1988-01-30,26.48,87.13
1988-01-31,25.81,90.36
1988-02-01,25.88,91.55
1988-02-02,26.02,89.94
1988-02-03,25.98,90.91
1988-02-04,26.33,86.88
1988-02-05,26.8,83.92
1988-02-06,26.82,87.2
1988-02-07,26.92,88.73
1988-02-08,26.01,87.58
1988-02-09,26.28,87.85
1988-02-10,25.55,91.05
1988-02-11,25.96,86.54
1988-02-12,26.01,85.69
1988-02-13,26.64,84.89
1988-02-14,26.2,88.38
1988-02-15,26.59,86.92
1988-02-16,26.22,86.24
1988-02-17,26.18,84.25
1988-02-18,26.4,84.62
1988-02-19,26.52,85.54
1988-02-20,26.69,85.52
1988-02-21,26.7,87.34
1988-02-22,26.66,87.69
1988-02-23,26.48,87.57
1988-02-24,26.94,84.24
1988-02-25,26.92,83.21
1988-02-26,27.08,85.38
1988-02-27,27.17,85.05
1988-02-28,27.23,84.27
1988-02-29,27.28,84.16
1988-03-01,27.22,83.17
1988-03-02,27.58,85.05
1988-03-03,27.24,86.26
1988-03-04,26.73,85.86
1988-03-05,26.39,88.98
1988-03-06,26.59,88.76
1988-03-07,26.62,88.25
1988-03-08,26.23,89.56
1988-03-09,26.52,88.67
1988-03-10,26.4,89.73
1988-03-11,26.62,88.7
1988-03-12,26.99,85.62
1988-03-13,27.21,85.58
1988-03-14,27.54,85.65
1988-03-15,27.04,87.07
1988-03-16,27.52,84.33
1988-03-17,27.8,84.5
1988-03-18,27.66,86.42
1988-03-19,27.77,85.88
1988-03-20,27.36,86.49
1988-03-21,27.61,85.93
1988-03-22,27.38,87.74
1988-03-23,26.9,88.85
1988-03-24,26.09,87.33
1988-03-25,26.58,84.97
1988-03-26,26.67,80.3
1988-03-27,27.72,80.78
1988-03-28,27.68,83.38
1988-03-29,28.41,80.77
1988-03-30,28.37,79.99
1988-03-31,28.06,83.48
1988-04-01,27.12,85.91
1988-04-02,27.6,81.31
1988-04-03,27.83,79.25
1988-04-04,27.46,83.94
1988-04-05,27.07,83.08
1988-04-06,28.1,79.95
1988-04-07,27.68,82.26
1988-04-08,28.11,79.12
1988-04-09,27.12,87.72
1988-04-10,27.29,86.07
1988-04-11,27.21,85.95
1988-04-12,27.44,83.29
1988-04-13,27.31,84.7
1988-04-14,27.39,80.74
1988-04-15,27.66,81.22
1988-04-16,27.83,84.21
1988-04-17,27.65,85.82
1988-04-18,28.03,80.91
1988-04-19,27.72,83.75
1988-04-20,27.49,85.57
1988-04-21,28.23,81.92
1988-04-22,27.74,85.64
1988-04-23,27.69,84.01
1988-04-24,27.82,84.27
1988-04-25,27.43,86.37
1988-04-26,27.31,85.94
1988-04-27,28.23,81.19
1988-04-28,28.49,77.16
1988-04-29,28.79,78.54
1988-04-30,27.67,84.79
1988-05-01,27.6,86
1988-05-02,27.59,87.46
1988-05-03,26.53,86.32
1988-05-04,28.49,78.58
1988-05-05,28.48,82.43
1988-05-06,28.19,82.99
1988-05-07,28.1,84.65
1988-05-08,28.03,83.21
1988-05-09,28.43,79.31
1988-05-10,28.63,79.63
1988-05-11,27.03,89.81
1988-05-12,27.33,88.32
1988-05-13,27.72,83.04
1988-05-14,28.01,83.37
1988-05-15,27.29,87.61
1988-05-16,28.02,82.8
1988-05-17,27.54,84.67
1988-05-18,26.7,89.06
1988-05-19,26.89,86.59
1988-05-20,27.38,85.17
1988-05-21,27.73,83.6
1988-05-22,28.06,82.67
1988-05-23,28.14,80.71
1988-05-24,27.94,84.19
1988-05-25,28.12,85.15
1988-05-26,27.44,85.07
1988-05-27,27.87,82.05
1988-05-28,28.07,84.9
1988-05-29,27.78,84.76
1988-05-30,27.32,86.91
1988-05-31,27.29,86.05
1988-06-01,27.13,88.07
1988-06-02,26.85,88.34
1988-06-03,27.22,86.09
1988-06-04,27.05,84.45
1988-06-05,27.2,84.6
1988-06-06,26.62,88.25
1988-06-07,27.46,84.36
1988-06-08,27.86,81.96
1988-06-09,28.12,80.44
1988-06-10,27.96,84.39
1988-06-11,27.04,86.09
1988-06-12,26.94,86.77
1988-06-13,27.31,81.66
1988-06-14,27.4,80.74
1988-06-15,27.82,83.83
1988-06-16,27.41,83.94
1988-06-17,27.07,85.22
1988-06-18,27.44,81.92
1988-06-19,27.22,85.51
1988-06-20,27.43,86.16
1988-06-21,27.39,82.85
1988-06-22,26.98,83.84
1988-06-23,27.26,82.62
1988-06-24,27.33,84.26
1988-06-25,27.44,85.77
1988-06-26,27.56,82.98
1988-06-27,27.24,84.76
1988-06-28,26.71,86.45
1988-06-29,26.72,88.56
1988-06-30,26.39,89.01
1988-07-01,26.24,87.08
1988-07-02,26.69,83.07
1988-07-03,26.74,83.69
1988-07-04,26.64,86.41
1988-07-05,25.86,88.62
1988-07-06,26.43,84.92
1988-07-07,26.55,86.53
1988-07-08,26.45,88.98
1988-07-09,26.78,86.36
1988-07-10,26.51,88.13
1988-07-11,26.68,88.5
1988-07-12,26.42,89.96
1988-07-13,26.76,85.45
1988-07-14,27.13,84.85
1988-07-15,27.01,86.74
1988-07-16,27.02,86.92
1988-07-17,27.14,83.32
1988-07-18,26.99,87.47
1988-07-19,27.02,86.53
1988-07-20,27.13,85.52
1988-07-21,27.07,85.56
1988-07-22,27.19,84.28
1988-07-23,26.38,87.13
1988-07-24,26.55,85.6
1988-07-25,26.69,86.91
1988-07-26,26.55,86.65
1988-07-27,27,85.13
1988-07-28,26.85,88.81
1988-07-29,27.19,86.21
1988-07-30,26.84,84.53
1988-07-31,26.95,84.85
1988-08-01,26.39,87.97
1988-08-02,26.39,88.09
1988-08-03,26.79,86.23
1988-08-04,26.92,85.84
1988-08-05,26.5,87.94
1988-08-06,26.72,84.69
1988-08-07,27.14,87.04
1988-08-08,27.14,86.65
1988-08-09,27.24,84.91
1988-08-10,27.11,86.61
1988-08-11,26.42,88.42
1988-08-12,26.18,86.34
1988-08-13,26.66,85.66
1988-08-14,26.21,85.61
1988-08-15,26.68,85.34
1988-08-16,26.72,85.22
1988-08-17,26.68,86.58
1988-08-18,26.66,83.62
1988-08-19,26.24,86.43
1988-08-20,26.75,86.07
1988-08-21,26.71,83.94
1988-08-22,26.82,81.94
1988-08-23,26.33,81.86
1988-08-24,27.04,79.85
1988-08-25,27.06,81.32
1988-08-26,26.58,85.38
1988-08-27,26.31,86.44
1988-08-28,26.55,85.93
1988-08-29,26.6,85.75
1988-08-30,26.13,85.9
1988-08-31,26.76,83.79
1988-09-01,26.67,84.11
1988-09-02,27.18,82.15
1988-09-03,26.15,85.87
1988-09-04,26.98,83.12
1988-09-05,27.13,86.24
1988-09-06,26.72,86.91
1988-09-07,26.7,85.08
1988-09-08,26.26,86.93
1988-09-09,26.8,84.85
1988-09-10,26.74,84.99
1988-09-11,26.3,88.65
1988-09-12,26.09,87.29
1988-09-13,26.66,85.98
1988-09-14,27.1,84.13
1988-09-15,27.06,83.83
1988-09-16,26.61,87.26
1988-09-17,26.81,88.7
1988-09-18,26.46,90.4
1988-09-19,26.97,83.38
1988-09-20,26.99,84.42
1988-09-21,26.98,88.02
1988-09-22,26.19,88.32
1988-09-23,26.75,85.84
1988-09-24,27.18,85.8
1988-09-25,26.88,87.82
1988-09-26,27.25,84.89
1988-09-27,26.86,85.39
1988-09-28,26.35,87.28
1988-09-29,27.21,81.94
1988-09-30,27.41,83.59
1988-10-01,27.3,82.98
1988-10-02,27.25,81.98
1988-10-03,26.38,86.89
1988-10-04,26.69,85.29
1988-10-05,27.11,82.7
1988-10-06,27.14,80.66
1988-10-07,27.39,78.9
1988-10-08,27.38,79.42
1988-10-09,27.57,83.79
1988-10-10,27.11,84.94
1988-10-11,26.96,83.86
1988-10-12,27,83.99
1988-10-13,26.86,85.57
1988-10-14,26.86,83.57
1988-10-15,26.76,86.21
1988-10-16,26.32,86.96
1988-10-17,26.55,83.95
1988-10-18,26.93,79.88
1988-10-19,26.67,85.06
1988-10-20,26.14,87.25
1988-10-21,26.84,85.29
1988-10-22,26.83,85.48
1988-10-23,26.83,84.44
1988-10-24,26.64,86.32
1988-10-25,27.13,79.26
1988-10-26,26.8,83.51
1988-10-27,26.92,85.46
1988-10-28,26.65,86.86
1988-10-29,27.34,81.01
1988-10-30,27.09,80.63
1988-10-31,26.78,84.99
1988-11-01,26.77,86.99
1988-11-02,26.94,88.12
1988-11-03,26.52,89.49
1988-11-04,26.01,90.23
1988-11-05,26.44,89.01
1988-11-06,26.88,84.24
1988-11-07,27.02,82.56
1988-11-08,26.88,85.44
1988-11-09,26.96,84.11
1988-11-10,26.46,86.9
1988-11-11,26.87,81.05
1988-11-12,27.03,82.9
1988-11-13,27.31,83.19
1988-11-14,26.61,88.81
1988-11-15,26.36,90.47
1988-11-16,26.87,89.41
1988-11-17,26.45,91.62
1988-11-18,26.04,92.87
1988-11-19,25.5,93.03
1988-11-20,25.39,90.31
1988-11-21,25.69,88.3
1988-11-22,25.48,89.28
1988-11-23,26.55,87.31
1988-11-24,26.27,85.38
1988-11-25,25.59,91.25
1988-11-26,25.7,89.71
1988-11-27,25.33,91.4
1988-11-28,25.21,90.31
1988-11-29,25.23,90.75
1988-11-30,25.59,90.12
1988-12-01,26.04,86.71
1988-12-02,26.02,85.44
1988-12-03,25.46,91.79
1988-12-04,25.71,89.98
1988-12-05,25.15,91.26
1988-12-06,25.32,87.83
1988-12-07,25.62,85.03
1988-12-08,25.88,85.36
1988-12-09,25.41,87.44
1988-12-10,25.04,85.87
1988-12-11,25.02,86.58
1988-12-12,24.83,86.58
1988-12-13,25.02,84.8
1988-12-14,24.62,86.86
1988-12-15,24.04,87.83
1988-12-16,24.69,85.84
1988-12-17,24.92,86.76
1988-12-18,25.19,87.91
1988-12-19,25.36,89.58
1988-12-20,25.45,89.87
1988-12-21,25.67,87.73
1988-12-22,25.76,87.56
1988-12-23,25.77,88.5
1988-12-24,25.47,89.17
1988-12-25,25.36,87.22
1988-12-26,25.08,85.22
1988-12-27,25.4,85.39
1988-12-28,25.69,86.94
1988-12-29,25.46,85.09
1988-12-30,25.71,84.92
1988-12-31,25.96,86.77
1989-01-01,25.83,87.73
1989-01-02,25.7,88.7
1989-01-03,25.69,89.52
1989-01-04,26.2,86.95
1989-01-05,25.86,88.83
1989-01-06,26.29,88.09
1989-01-07,26.3,86.27
1989-01-08,26.19,84.93
1989-01-09,26.24,86.56
1989-01-10,25.89,88.43
1989-01-11,25.37,91.12
1989-01-12,25.84,89.08
1989-01-13,26.03,88.41
1989-01-14,26.01,89.28
1989-01-15,25.89,89.31
1989-01-16,25.74,90.87
1989-01-17,25.89,87.95
1989-01-18,25.7,88.18
1989-01-19,26.1,87.06
1989-01-20,26.34,87.26
1989-01-21,26.53,87.28
1989-01-22,26.2,88.86
1989-01-23,26.23,88.35
1989-01-24,26.2,86.65
1989-01-25,26.23,85.75
1989-01-26,26.15,85.21
1989-01-27,25.88,84.55
1989-01-28,25.79,83.61
1989-01-29,25.76,82.93
1989-01-30,25.61,83.57
1989-01-31,26.01,84.71
1989-02-01,26.16,84.65
1989-02-02,26.06,83.85
1989-02-03,25.77,83.65
1989-02-04,25.33,82.69
1989-02-05,25.3,83.66
1989-02-06,25.34,82.58
1989-02-07,25.44,82.43
1989-02-08,25.7,84.02
1989-02-09,25.78,83.46
1989-02-10,25.75,82.08
1989-02-11,25.49,80.75
1989-02-12,25.57,80.65
1989-02-13,24.86,81.19
1989-02-14,25.15,80.34
1989-02-15,25.59,82.51
1989-02-16,26.38,82.62
1989-02-17,26.14,85.14
1989-02-18,25.87,87.64
1989-02-19,25.7,88.39
1989-02-20,25.99,83.54
1989-02-21,26.3,84.86
1989-02-22,26.15,84.85
1989-02-23,26.06,86.49
1989-02-24,25.71,88.48
1989-02-25,25.33,86.25
1989-02-26,26.01,82.8
1989-02-27,25.69,87.01
1989-02-28,26.24,85.17
1989-03-01,26.38,83.82
1989-03-02,26.41,84.12
1989-03-03,26.75,82.52
1989-03-04,26.67,84.26
1989-03-05,26.08,87.18
1989-03-06,25.83,87.58
1989-03-07,25.93,87.36
1989-03-08,25.93,87.97
1989-03-09,25.69,87.39
1989-03-10,25.67,82.64
1989-03-11,25.57,83.34
1989-03-12,25.93,83.69
1989-03-13,26.4,83.18
1989-03-14,26.59,82.94
1989-03-15,26.58,84.57
1989-03-16,27.07,82.2
1989-03-17,27.18,80.76
1989-03-18,26.4,84.62
1989-03-19,26.28,86.08
1989-03-20,26.48,82.09
1989-03-21,25.68,88.76
1989-03-22,26.89,80.92
1989-03-23,26.04,86.54
1989-03-24,27.05,80.97
1989-03-25,26.72,84.54
1989-03-26,26.27,85.6
1989-03-27,26.41,86.33
1989-03-28,26.56,83.32
1989-03-29,26.47,85.52
1989-03-30,25.76,87.65
1989-03-31,26.56,82.77
1989-04-01,27.52,78.02
1989-04-02,27.11,82.53
1989-04-03,26.87,82.08
1989-04-04,27.48,79.75
1989-04-05,27.17,84.15
1989-04-06,26.88,87.52
1989-04-07,27.07,83.34
1989-04-08,27.11,81.84
1989-04-09,27.67,75.63
1989-04-10,27.26,81.59
1989-04-11,26.68,83.84
1989-04-12,26.81,82.28
1989-04-13,25.55,83.73
1989-04-14,27.46,79.05
1989-04-15,27.14,83.18
1989-04-16,26.26,84.76
1989-04-17,27.69,81.37
1989-04-18,27.52,82.97
1989-04-19,28.16,71.91
1989-04-20,28.28,78.2
1989-04-21,28.11,82.78
1989-04-22,27.32,85.04
1989-04-23,27.48,83.11
1989-04-24,28.19,79.1
1989-04-25,27.83,81.72
1989-04-26,26.64,85.12
1989-04-27,27.47,82.42
1989-04-28,27.94,81.08
1989-04-29,27.45,81.76
1989-04-30,27.37,83.9
1989-05-01,27.46,82.07
1989-05-02,27.49,80.17
1989-05-03,27.26,83.77
1989-05-04,27.02,86.54
1989-05-05,26.91,84.93
1989-05-06,27.05,84.1
1989-05-07,27.69,75.67
1989-05-08,27.89,78.06
1989-05-09,28.1,78.86
1989-05-10,27.31,85.09
1989-05-11,27.33,82.13
1989-05-12,27.79,80.44
1989-05-13,27.93,80.12
1989-05-14,27.77,81.01
1989-05-15,27.85,83.3
1989-05-16,26.31,89.36
1989-05-17,26.83,84.23
1989-05-18,27.23,83.7
1989-05-19,27.46,84.65
1989-05-20,27.15,83.78
1989-05-21,27.27,85.85
1989-05-22,27.35,85.46
1989-05-23,27.43,82.04
1989-05-24,26.68,86.34
1989-05-25,27.21,85.83
1989-05-26,27.07,86.17
1989-05-27,27.29,84
1989-05-28,27.22,86.9
1989-05-29,27.53,84.57
1989-05-30,27.24,86.96
1989-05-31,28.26,76.26
1989-06-01,27.4,82.24
1989-06-02,27.32,82.69
1989-06-03,27.09,83.68
1989-06-04,25.89,88.7
1989-06-05,26.79,82.01
1989-06-06,27.9,78.31
1989-06-07,27.52,81.15
1989-06-08,27.51,82.25
1989-06-09,27.45,82.5
1989-06-10,26.91,83.96
1989-06-11,27.29,81.77
1989-06-12,27.54,81.82
1989-06-13,27.71,79.1
1989-06-14,27.86,78.84
1989-06-15,26.5,80.22
1989-06-16,27.62,77.31
1989-06-17,27.55,77.53
1989-06-18,27.93,76.87
1989-06-19,26.44,83.35
1989-06-20,27.63,76.78
1989-06-21,27.25,80.96
1989-06-22,27.13,83.89
1989-06-23,26.14,86.87
1989-06-24,26.89,80.06
1989-06-25,26.52,85.04
1989-06-26,26.81,84.47
1989-06-27,27.15,83.65
1989-06-28,26.52,84
1989-06-29,27.6,75.53
1989-06-30,27.24,81.75
1989-07-01,26.81,83.33
1989-07-02,26.85,82.46
1989-07-03,27.42,79.82
1989-07-04,27.28,83.83
1989-07-05,26.69,88.69
1989-07-06,26.33,88.07
1989-07-07,26.26,87.08
1989-07-08,26.4,86.04
1989-07-09,26.14,88.18
1989-07-10,26.03,84.57
1989-07-11,26.65,86.1
1989-07-12,26.52,86.84
1989-07-13,26.38,84.03
1989-07-14,26.77,82.88
1989-07-15,26.13,88.64
1989-07-16,26.1,84.32
1989-07-17,26.75,84.91
1989-07-18,26.45,88.16
1989-07-19,26.54,83.74
1989-07-20,27.01,82.54
1989-07-21,27.45,81.39
1989-07-22,27.53,79.44
1989-07-23,27.47,81.53
1989-07-24,27.47,81.55
1989-07-25,27.31,81.41
1989-07-26,27.55,81.05
1989-07-27,27.05,82.25
1989-07-28,27.24,80.99
1989-07-29,26.52,84.15
1989-07-30,26.7,83.65
1989-07-31,26.13,85.37
1989-08-01,26.34,85.92
1989-08-02,25.44,86.83
1989-08-03,26.06,87.05
1989-08-04,25.87,86.26
1989-08-05,26.38,84.79
1989-08-06,26.17,82.12
1989-08-07,27.11,80.67
1989-08-08,26.32,86.76
1989-08-09,25.77,88.68
1989-08-10,26.38,87.22
1989-08-11,26.16,84.83
1989-08-12,26.53,86.42
1989-08-13,26.17,87.45
1989-08-14,25.67,84.41
1989-08-15,26.45,83.12
1989-08-16,26.28,86.21
1989-08-17,25.68,84.44
1989-08-18,26.68,80.86
1989-08-19,26.47,85.46
1989-08-20,26.75,84.88
1989-08-21,26.75,84.64
1989-08-22,27.02,83.81
1989-08-23,27.09,83.3
1989-08-24,27.22,84.86
1989-08-25,27.2,82.29
1989-08-26,26.87,85.32
1989-08-27,26.96,85.28
1989-08-28,26.43,87.55
1989-08-29,25.73,88.18
1989-08-30,26.62,83.61
1989-08-31,27.06,82.01
1989-09-01,26.84,83.79
1989-09-02,26.44,85.28
1989-09-03,25.86,86.08
1989-09-04,25.78,85.22
1989-09-05,25.22,87.64
1989-09-06,25.86,84.61
1989-09-07,26.68,84.82
1989-09-08,27.18,84.53
1989-09-09,26.92,86.37
1989-09-10,26.05,87.61
1989-09-11,26.44,85.55
1989-09-12,26.52,86.54
1989-09-13,26.65,85.96
1989-09-14,25.94,86.44
1989-09-15,27.05,82.25
1989-09-16,27.11,84.04
1989-09-17,27.09,85.18
1989-09-18,26.7,85.88
1989-09-19,26.55,83.5
1989-09-20,26.89,82.16
1989-09-21,27.19,80.29
1989-09-22,26.62,84.49
1989-09-23,26.23,86.85
1989-09-24,26.69,80.14
1989-09-25,26.84,80.07
1989-09-26,27.81,75.7
1989-09-27,26.51,84.57
1989-09-28,26.7,83.91
1989-09-29,26.84,82.92
1989-09-30,27.34,82.14
1989-10-01,26.9,82.81
1989-10-02,26.11,88.65
1989-10-03,26.1,89.05
1989-10-04,26.26,87.68
1989-10-05,27.14,84.7
1989-10-06,26.69,82.67
1989-10-07,27.06,83.32
1989-10-08,26.54,86.58
1989-10-09,27.05,82.77
1989-10-10,27.3,80.59
1989-10-11,27.22,81.1
1989-10-12,27.11,82.6
1989-10-13,26.74,85.85
1989-10-14,27.34,78.63
1989-10-15,26.09,87.19
1989-10-16,27.56,77.68
1989-10-17,27.55,80.84
1989-10-18,27.11,83.24
1989-10-19,27.2,83.19
1989-10-20,27.36,80.95
1989-10-21,27.38,81.68
1989-10-22,26.85,85.02
1989-10-23,27,84.23
1989-10-24,27.35,82.97
1989-10-25,26.9,83.75
1989-10-26,26.41,85.12
1989-10-27,26.21,85.04
1989-10-28,25.94,86.57
1989-10-29,26.02,87.48
1989-10-30,26.35,84.68
1989-10-31,26.47,85.52
1989-11-01,26.66,86.4
1989-11-02,26.29,85.92
1989-11-03,27.08,82.4
1989-11-04,27.34,81.05
1989-11-05,26.84,84.86
1989-11-06,26.75,85.99
1989-11-07,26.6,85.28
1989-11-08,26.84,79.91
1989-11-09,26.76,82.03
1989-11-10,26.63,83.87
1989-11-11,26.75,84.52
1989-11-12,26.8,85.59
1989-11-13,26.74,85.2
1989-11-14,26.91,85.04
1989-11-15,26.4,88.93
1989-11-16,26.03,90.21
1989-11-17,26.22,89.48
1989-11-18,26.42,92.12
1989-11-19,26.39,91.78
1989-11-20,26.53,90.75
1989-11-21,26.04,90.68
1989-11-22,26.11,87.61
1989-11-23,26.43,86.04
1989-11-24,26.09,86.82
1989-11-25,26.53,86.96
1989-11-26,26.41,85.9
1989-11-27,26.39,86.93
1989-11-28,25.96,89.37
1989-11-29,26.19,89.48
1989-11-30,26.1,90.64
1989-12-01,25.67,92.84
1989-12-02,25.57,91.65
1989-12-03,25.5,89.67
1989-12-04,25.87,88.75
1989-12-05,25.71,87.44
1989-12-06,25.62,86.44
1989-12-07,25.95,86.36
1989-12-08,25.35,87.69
1989-12-09,25.47,87.27
1989-12-10,25.74,87.34
1989-12-11,25.88,86.98
1989-12-12,26.11,86.43
1989-12-13,25.78,87.12
1989-12-14,25.28,87.95
1989-12-15,25.5,86.06
1989-12-16,25.74,85.66
1989-12-17,25.76,87.21
1989-12-18,26.11,88.05
1989-12-19,25.97,89.63
1989-12-20,26.19,88.25
1989-12-21,26.26,88.29
1989-12-22,26.7,86.41
1989-12-23,26.81,86.07
1989-12-24,26.76,86.28
1989-12-25,26.57,87.53
1989-12-26,26.01,89.42
1989-12-27,25.89,89.45
1989-12-28,25.98,89.53
1989-12-29,25.96,90.33
1989-12-30,25.67,90.4
1989-12-31,25.82,88.41
1990-01-01,25.84,88.43
1990-01-02,25.63,85.3
1990-01-03,25.28,84.24
1990-01-04,25.62,85.84
1990-01-05,25.1,89.77
1990-01-06,24.94,87.03
1990-01-07,25.56,86.18
1990-01-08,25.08,90.74
1990-01-09,25.56,87.47
1990-01-10,25.56,89.01
1990-01-11,25.62,88.63
1990-01-12,25.49,88.49
1990-01-13,25.45,90.24
1990-01-14,25.82,88.03
1990-01-15,25.83,90.32
1990-01-16,25.1,92.25
1990-01-17,25.15,92.03
1990-01-18,25.4,89.54
1990-01-19,25.72,86.05
1990-01-20,25.74,85.56
1990-01-21,25.54,89.96
1990-01-22,25.66,89.13
1990-01-23,25.46,88.05
1990-01-24,25.28,86.09
1990-01-25,25.45,85.74
1990-01-26,25.32,86.69
1990-01-27,25.48,87.16
1990-01-28,25.87,86.85
1990-01-29,25.88,86.52
1990-01-30,26.27,85.6
1990-01-31,26.55,85.55
1990-02-01,26.04,84.69
1990-02-02,26.41,86.47
1990-02-03,25.85,89.88
1990-02-04,25.93,88.33
1990-02-05,26.21,86.59
1990-02-06,26.23,87.15
1990-02-07,26.2,86.81
1990-02-08,26.13,85.71
1990-02-09,26.27,86.4
1990-02-10,26.26,86.39
1990-02-11,26.17,85.82
1990-02-12,26.07,85.29
1990-02-13,26.32,83.96
1990-02-14,26.3,83.83
1990-02-15,26.56,84.16
1990-02-16,26.76,85.43
1990-02-17,26.84,85.31
1990-02-18,26.98,84.17
1990-02-19,26.79,84.54
1990-02-20,26.91,83.24
1990-02-21,26.81,81.97
1990-02-22,27.01,82.49
1990-02-23,27.04,82.32
1990-02-24,26.96,82.48
1990-02-25,26.79,81.68
1990-02-26,26.65,80.16
1990-02-27,26.23,80.61
1990-02-28,26.1,80.77
1990-03-01,26.74,80.17
1990-03-02,26.71,79.23
1990-03-03,26.41,79.93
1990-03-04,26.38,78.6
1990-03-05,26.43,77.91
1990-03-06,27.41,75.34
1990-03-07,25.99,82.78
1990-03-08,26.7,83.48
1990-03-09,25.81,89.34
1990-03-10,26.7,84.49
1990-03-11,26.57,85.6
1990-03-12,26.8,85.05
1990-03-13,27.08,82.21
1990-03-14,27.16,80.77
1990-03-15,26.97,80.62
1990-03-16,27.14,82.16
1990-03-17,27.21,83.36
1990-03-18,26.8,83.5
1990-03-19,27.03,81.53
1990-03-20,27.35,81.01
1990-03-21,27.78,80.85
1990-03-22,27.87,80.04
1990-03-23,27.71,80.6
1990-03-24,27.24,82.3
1990-03-25,28.08,79.5
1990-03-26,27.71,80.77
1990-03-27,27.38,78.96
1990-03-28,28.09,76.04
1990-03-29,28.59,75.97
1990-03-30,28.57,73.07
1990-03-31,28.75,75.87
1990-04-01,28.47,77.75
1990-04-02,28.16,79.19
1990-04-03,28.3,78.87
1990-04-04,28.05,80.09
1990-04-05,27.29,85.3
1990-04-06,27.03,85.96
1990-04-07,27.04,83.33
1990-04-08,27.61,83.81
1990-04-09,27.81,82.03
1990-04-10,28.48,78.63
1990-04-11,28.71,78.7
1990-04-12,28.08,81.18
1990-04-13,28.04,82.25
1990-04-14,27.43,84.2
1990-04-15,28.08,82.11
1990-04-16,28.75,76.48
1990-04-17,28.49,78.37
1990-04-18,28.21,78.39
1990-04-19,28.81,78.28
1990-04-20,29.44,73.41
1990-04-21,28.07,79.4
1990-04-22,28.16,78.76
1990-04-23,28.62,76.14
1990-04-24,29.24,72.25
1990-04-25,29.14,74.72
1990-04-26,28.63,77.63
1990-04-27,28.74,76.49
1990-04-28,27.59,81.97
1990-04-29,27.98,79.31
1990-04-30,28.71,75.49
1990-05-01,28.41,77.72
1990-05-02,28.29,79.97
1990-05-03,27.19,85.56
1990-05-04,26.55,88.48
1990-05-05,27.61,81.85
1990-05-06,27.92,80.35
1990-05-07,27.75,81.92
1990-05-08,28.26,77.94
1990-05-09,28.45,78.77
1990-05-10,28.3,81.05
1990-05-11,28.57,79.18
1990-05-12,28.79,77.15
1990-05-13,28.76,78.57
1990-05-14,27.44,84.15
1990-05-15,28.23,78.9
1990-05-16,28.35,82.26
1990-05-17,28.47,81.09
1990-05-18,28.16,82.46
1990-05-19,27.96,83.24
1990-05-20,27.61,77.13
1990-05-21,28.6,77.32
1990-05-22,29.13,76.63
1990-05-23,28.66,79.14
1990-05-24,29,77.33
1990-05-25,28.59,79.49
1990-05-26,28.16,80.46
1990-05-27,29.02,73.4
1990-05-28,28.65,79.41
1990-05-29,28.16,82.26
1990-05-30,28.17,80.48
1990-05-31,28.32,78.96
1990-06-01,26.62,85.48
1990-06-02,28.11,80.64
1990-06-03,28.38,82.07
1990-06-04,28.66,80.4
1990-06-05,28.16,80.01
1990-06-06,27.94,80.18
1990-06-07,27.44,84.04
1990-06-08,26.61,85.36
1990-06-09,27.9,77
1990-06-10,27.64,80.82
1990-06-11,27.84,80.73
1990-06-12,27.97,78.82
1990-06-13,26.77,83.24
1990-06-14,27.25,81.18
1990-06-15,27.93,80.8
1990-06-16,27.96,79.62
1990-06-17,27.49,81.6
1990-06-18,27.67,82.33
1990-06-19,26.57,84.22
1990-06-20,27.66,80.65
1990-06-21,27.21,83.3
1990-06-22,26.8,83.57
1990-06-23,27.37,83
1990-06-24,27.69,83.69
1990-06-25,26.75,84.55
1990-06-26,26.15,81.74
1990-06-27,27.27,76.34
1990-06-28,28.1,77.56
1990-06-29,27.59,83.33
1990-06-30,27.48,81.37
1990-07-01,27.81,79.47
1990-07-02,28.09,77.94
1990-07-03,28.03,76.06
1990-07-04,28.03,76.64
1990-07-05,26.64,84.35
1990-07-06,27.55,78.23
1990-07-07,28.41,71
1990-07-08,26.8,83.57
1990-07-09,27,85.18
1990-07-10,26.23,89.11
1990-07-11,26.7,83.15
1990-07-12,25.68,85.58
1990-07-13,26.73,82
1990-07-14,27.12,81.66
1990-07-15,26.55,81.02
1990-07-16,25.87,76.93
1990-07-17,27.33,78.71
1990-07-18,27.37,80.99
1990-07-19,27.24,79.49
1990-07-20,26.82,81.34
1990-07-21,27.53,76.84
1990-07-22,27.04,82.79
1990-07-23,27,81.28
1990-07-24,27.12,81.09
1990-07-25,26.93,83.22
1990-07-26,26.92,84.97
1990-07-27,26.67,87.52
1990-07-28,26.36,86.29
1990-07-29,26.16,86.89
1990-07-30,26.06,89.14
1990-07-31,26.25,86.59
1990-08-01,26.73,86.39
1990-08-02,26.55,83.94
1990-08-03,26.18,87.87
1990-08-04,26.74,83.03
1990-08-05,27.11,83.28
1990-08-06,27.13,85.54
1990-08-07,27.34,82.31
1990-08-08,26.97,84.72
1990-08-09,26.67,83.52
1990-08-10,25.93,78.86
1990-08-11,27.57,74.36
1990-08-12,27.19,83.61
1990-08-13,27.22,84.05
1990-08-14,26.63,84.6
1990-08-15,26.5,85.97
1990-08-16,26.64,86.1
1990-08-17,26.53,85.07
1990-08-18,26.88,83.7
1990-08-19,27.34,82.36
1990-08-20,26.91,83.96
1990-08-21,27.92,77.06
1990-08-22,27.53,82.54
1990-08-23,27.7,83.23
1990-08-24,28.04,81.22
1990-08-25,27.15,83.73
1990-08-26,27.05,81.64
1990-08-27,27.37,81.53
1990-08-28,27.84,80.23
1990-08-29,27.52,82.42
1990-08-30,26.62,84.98
1990-08-31,27.83,79.32
1990-09-01,28,80.27
1990-09-02,27.14,84.35
1990-09-03,25.93,88.31
1990-09-04,26.09,84.95
1990-09-05,26.6,83.38
1990-09-06,26.71,84.32
1990-09-07,27.01,83.88
1990-09-08,27.23,82.43
1990-09-09,27.12,84.76
1990-09-10,27.11,84.35
1990-09-11,27.3,84.48
1990-09-12,27.48,82.65
1990-09-13,27.49,81.11
1990-09-14,27.84,80.29
1990-09-15,27.45,78.94
1990-09-16,27.61,78.21
1990-09-17,27.47,79.37
1990-09-18,27.44,82.12
1990-09-19,26.89,84.84
1990-09-20,26.77,84.85
1990-09-21,27.03,82.01
1990-09-22,26.31,83.43
1990-09-23,26.03,85.65
1990-09-24,26.5,83.6
1990-09-25,27.73,79.87
1990-09-26,27.06,82.78
1990-09-27,26.36,84.21
1990-09-28,26.95,79.29
1990-09-29,26.42,81.77
1990-09-30,27.03,81.5
1990-10-01,26.4,81.77
1990-10-02,26.65,81.64
1990-10-03,26.3,83.62
1990-10-04,26.45,85.83
1990-10-05,26.44,85.14
1990-10-06,27.45,79.48
1990-10-07,27.69,78.25
1990-10-08,27.36,82.15
1990-10-09,27.46,83.32
1990-10-10,27.44,82.04
1990-10-11,27.87,78.31
1990-10-12,28.2,74.87
1990-10-13,27.62,81.16
1990-10-14,27.5,82.66
1990-10-15,27.25,81.99
1990-10-16,26.97,84.71
1990-10-17,27.29,82.74
1990-10-18,27.06,81.66
1990-10-19,27.45,80.19
1990-10-20,27.42,80.37
1990-10-21,26.79,81.99
1990-10-22,27.33,80.04
1990-10-23,28.23,75.56
1990-10-24,27.84,79.86
1990-10-25,27.77,81.82
1990-10-26,27.54,79.82
1990-10-27,27.78,77.78
1990-10-28,27.49,80.13
1990-10-29,27.77,78.62
1990-10-30,27.11,83.35
1990-10-31,27.16,85.4
1990-11-01,27.15,81.13
1990-11-02,26.08,87.4
1990-11-03,27.24,81.11
1990-11-04,27.48,81.88
1990-11-05,26.96,81.06
1990-11-06,27.89,76.24
1990-11-07,27.74,74.99
1990-11-08,27.27,78.6
1990-11-09,26.37,85.41
1990-11-10,27.03,83.07
1990-11-11,27.02,83.59
1990-11-12,26.76,83.83
1990-11-13,26.68,83.22
1990-11-14,27.06,82.53
1990-11-15,26.59,84.2
1990-11-16,26.83,83.52
1990-11-17,27.48,81.9
1990-11-18,26.64,85.71
1990-11-19,25.91,86.31
1990-11-20,27.14,84.92
1990-11-21,27.27,82.2
1990-11-22,27.49,82.57
1990-11-23,26.92,86.28
1990-11-24,26.71,87.95
1990-11-25,25.72,91.12
1990-11-26,26.47,88.75
1990-11-27,26.75,86.58
1990-11-28,26.65,84.94
1990-11-29,26.7,84.91
1990-11-30,26.33,83.77
1990-12-01,25.65,83.8
1990-12-02,26.09,82.36
1990-12-03,26.05,83.66
1990-12-04,26.48,83.44
1990-12-05,26.18,86.1
1990-12-06,25.83,87.15
1990-12-07,25.66,91.32
1990-12-08,25.7,90.61
1990-12-09,26.22,87.47
1990-12-10,25.74,90.93
1990-12-11,26.13,89.99
1990-12-12,25.89,89.26
1990-12-13,26.26,85.4
1990-12-14,26.02,89.01
1990-12-15,25.8,90.97
1990-12-16,25.44,90.79
1990-12-17,26.03,86.46
1990-12-18,25.76,88.94
1990-12-19,25.86,88.68
1990-12-20,26.33,86.22
1990-12-21,26.22,88.28
1990-12-22,25.9,87.56
1990-12-23,25.55,83.93
1990-12-24,25.77,83.54
1990-12-25,26.25,84.75
1990-12-26,25.99,87.3
1990-12-27,26.03,86.51
1990-12-28,25.94,86.34
1990-12-29,26.13,86.02
1990-12-30,25.89,88.61
1990-12-31,25.69,90.08
1991-01-01,26,88.38
1991-01-02,26.07,87.81
1991-01-03,26.03,86.22
1991-01-04,26.37,85.54
1991-01-05,25.63,85.6
1991-01-06,25.84,83.64
1991-01-07,25.89,82.01
1991-01-08,25.86,83.12
1991-01-09,26.02,83.34
1991-01-10,26.08,84.86
1991-01-11,26.27,85.45
1991-01-12,26.74,86.1
1991-01-13,26.51,87.19
1991-01-14,26.09,89.15
1991-01-15,26.29,87.56
1991-01-16,26.05,88.89
1991-01-17,26.22,87.2
1991-01-18,26.1,86.31
1991-01-19,26.06,86.15
1991-01-20,25.83,87.46
1991-01-21,25.63,89.68
1991-01-22,25.57,87.2
1991-01-23,25.24,88.67
1991-01-24,26.75,84.49
1991-01-25,26.03,88.83
1991-01-26,25.59,93.1
1991-01-27,25.42,90.86
1991-01-28,25.24,91.13
1991-01-29,25.17,90.11
1991-01-30,25.91,86.99
1991-01-31,25.57,88.26
1991-02-01,26.04,86.06
1991-02-02,26,86.09
1991-02-03,26.23,86.45
1991-02-04,26.01,87.13
1991-02-05,25.75,88.4
1991-02-06,25.57,88.57
1991-02-07,26.12,86.83
1991-02-08,26.38,83.63
1991-02-09,26.31,83.62
1991-02-10,26.52,81.87
1991-02-11,26.49,82.77
1991-02-12,26.2,82.2
1991-02-13,26.63,84.13
1991-02-14,26.63,86.04
1991-02-15,27.24,81.08
1991-02-16,27.28,82.22
1991-02-17,26.91,83.85
1991-02-18,26.61,83.36
1991-02-19,26.49,85.02
1991-02-20,26.6,79.64
1991-02-21,26.6,80.76
1991-02-22,26.79,81.14
1991-02-23,26.74,80.12
1991-02-24,26.47,80.93
1991-02-25,26.75,82.69
1991-02-26,26.35,86.27
1991-02-27,26.43,87.32
1991-02-28,26.47,86.74
1991-03-01,26.7,84.57
1991-03-02,26.84,84.24
1991-03-03,26.52,78.51
1991-03-04,26.32,76.73
1991-03-05,26.97,78.59
1991-03-06,27.2,82.15
1991-03-07,27.19,80.69
1991-03-08,26.88,80.68
1991-03-09,26.33,81.96
1991-03-10,26.43,79.56
1991-03-11,27.37,77.91
1991-03-12,27.31,78.98
1991-03-13,27.39,80.48
1991-03-14,27.13,78.77
1991-03-15,27.28,79.68
1991-03-16,27.94,75.11
1991-03-17,28.5,75.37
1991-03-18,27.75,82.23
1991-03-19,27.02,83.35
1991-03-20,27.9,77.57
1991-03-21,27.97,80.73
1991-03-22,27.37,83.05
1991-03-23,27.93,78.79
1991-03-24,27.17,81.75
1991-03-25,27.32,80.72
1991-03-26,27.94,80.59
1991-03-27,27.74,81.55
1991-03-28,27.39,84.14
1991-03-29,26.36,89.71
1991-03-30,26.3,86.92
1991-03-31,27.54,78.45
1991-04-01,26.8,86.2
1991-04-02,26.95,84.18
1991-04-03,26.99,85.28
1991-04-04,26.54,85.17
1991-04-05,27.52,78.76
1991-04-06,27.75,79.71
1991-04-07,27.64,80.78
1991-04-08,27.45,82.95
1991-04-09,28.37,78.61
1991-04-10,28.44,75.69
1991-04-11,28.53,76.9
1991-04-12,28.61,75.77
1991-04-13,28.07,79.48
1991-04-14,28.03,78.88
1991-04-15,27.86,80.2
1991-04-16,27.3,84.61
1991-04-17,27.15,83.47
1991-04-18,27.55,81.99
1991-04-19,27.9,81.28
1991-04-20,28.48,79.22
1991-04-21,27.85,83.81
1991-04-22,26.67,86.41
1991-04-23,27.18,84.25
1991-04-24,27.24,87.83
1991-04-25,26.93,89.02
1991-04-26,26.47,87.15
1991-04-27,27.44,81.44
1991-04-28,27.99,82.6
1991-04-29,28.37,82.91
1991-04-30,27.44,86.52
1991-05-01,27.57,83.33
1991-05-02,27.74,82.75
1991-05-03,27.45,86.8
1991-05-04,27.58,85.25
1991-05-05,26.74,88.57
1991-05-06,26.84,85.23
1991-05-07,26.66,84.26
1991-05-08,27.45,83.17
1991-05-09,27.67,84.43
1991-05-10,27.32,84.61
1991-05-11,27.67,81.59
1991-05-12,27.61,82.61
1991-05-13,27.11,83.03
1991-05-14,27.66,83.78
1991-05-15,28.36,80.64
1991-05-16,27.54,85.97
1991-05-17,27.64,86.67
1991-05-18,28.25,82.43
1991-05-19,28.12,82.66
1991-05-20,27.28,85.5
1991-05-21,27.07,80.32
1991-05-22,27.3,79.73
1991-05-23,26.92,84.37
1991-05-24,27.73,83.86
1991-05-25,27.72,85.07
1991-05-26,27.69,85.67
1991-05-27,27.66,87.61
1991-05-28,27.3,88.22
1991-05-29,27.54,85.51
1991-05-30,27.43,85.98
1991-05-31,27.72,86.73
1991-06-01,27.04,87.08
1991-06-02,28.05,82.96
1991-06-03,27.13,88.2
1991-06-04,26.18,90.76
1991-06-05,26.95,85.52
1991-06-06,27.93,84.56
1991-06-07,27.81,81.45
1991-06-08,27.61,81.2
1991-06-09,28.04,82.17
1991-06-10,27.9,83.73
1991-06-11,27.92,82.77
1991-06-12,27.94,82.41
1991-06-13,28.37,77.89
1991-06-14,28.29,77.1
1991-06-15,28.23,80.7
1991-06-16,27.82,83.74
1991-06-17,27.8,83.83
1991-06-18,27.36,85.19
1991-06-19,27.63,82.3
1991-06-20,27.85,81.15
1991-06-21,27.85,81.06
1991-06-22,27.74,80.68
1991-06-23,27.72,79.67
1991-06-24,27.37,82.67
1991-06-25,27.38,84.35
1991-06-26,27.48,83.42
1991-06-27,26.88,86.46
1991-06-28,27.02,84.64
1991-06-29,26.64,86.39
1991-06-30,27.03,83.2
1991-07-01,26.67,81.4
1991-07-02,26.53,83.23
1991-07-03,26.69,85.24
1991-07-04,26.75,83.32
1991-07-05,26.75,83.26
1991-07-06,26.55,81.95
1991-07-07,25.73,87.39
1991-07-08,26.1,84.51
1991-07-09,26.96,82.6
1991-07-10,27.01,82.31
1991-07-11,26.42,83.5
1991-07-12,26.84,79.81
1991-07-13,27.12,81.32
1991-07-14,27.14,80.88
1991-07-15,27.2,81.21
1991-07-16,27.35,79.09
1991-07-17,27.41,80.15
1991-07-18,27.2,82.92
1991-07-19,27.66,82.77
1991-07-20,26.32,88.09
1991-07-21,26.9,84.06
1991-07-22,27.13,84.56
1991-07-23,26.95,85.95
1991-07-24,27.01,84.08
1991-07-25,26.85,83.97
1991-07-26,27.26,83.95
1991-07-27,27.37,83.69
1991-07-28,26.98,85.71
1991-07-29,27.21,84.03
1991-07-30,27.24,82.53
1991-07-31,27.3,82.4
1991-08-01,27.12,84.81
1991-08-02,26.76,85.31
1991-08-03,27.21,80.93
1991-08-04,27.47,73.38
1991-08-05,27.2,73.38
1991-08-06,27.42,76.14
1991-08-07,26.96,81.63
1991-08-08,27,80.7
1991-08-09,26.85,83.62
1991-08-10,27.52,76.95
1991-08-11,27.38,79.85
1991-08-12,27.49,78.87
1991-08-13,27.08,81.44
1991-08-14,27.1,81.45
1991-08-15,27.32,79.44
1991-08-16,27.56,77.51
1991-08-17,27.05,79.09
1991-08-18,26.66,82.23
1991-08-19,27.07,81.36
1991-08-20,27.36,79.11
1991-08-21,27.47,80.14
1991-08-22,26.47,85.51
1991-08-23,26.68,85.08
1991-08-24,26.87,83.82
1991-08-25,27.3,84.99
1991-08-26,26.99,86.81
1991-08-27,26.8,85.98
1991-08-28,26.87,85.01
1991-08-29,27.19,85.2
1991-08-30,27.22,83.33
1991-08-31,26.95,82.94
1991-09-01,26.59,85.72
1991-09-02,26.51,84.91
1991-09-03,27.07,84.45
1991-09-04,26.55,85.64
1991-09-05,26.67,84.25
1991-09-06,26.87,83.15
1991-09-07,26.59,81.53
1991-09-08,27.24,82.19
1991-09-09,26.96,82.29
1991-09-10,26.56,86.03
1991-09-11,26.68,86.41
1991-09-12,26.92,81.7
1991-09-13,26.78,83
1991-09-14,26.75,82.13
1991-09-15,27.02,81.85
1991-09-16,26.81,84.5
1991-09-17,26.67,85.3
1991-09-18,26.59,83.45
1991-09-19,26.68,84.2
1991-09-20,26.34,85.43
1991-09-21,26.85,84.42
1991-09-22,26.8,83.08
1991-09-23,26.89,83.64
1991-09-24,26.67,85.96
1991-09-25,26.43,83.18
1991-09-26,26.95,80.05
1991-09-27,26.75,84.28
1991-09-28,26.48,85.56
1991-09-29,26.52,85.63
1991-09-30,27.05,82.18
1991-10-01,26.94,84.18
1991-10-02,26.72,84.2
1991-10-03,26.75,84.17
1991-10-04,27.17,82.96
1991-10-05,27.48,82.22
1991-10-06,27.1,80.81
1991-10-07,26.99,77.07
1991-10-08,26.8,75.95
1991-10-09,26.87,80.12
1991-10-10,27.46,81.04
1991-10-11,26.72,85.31
1991-10-12,26.62,82.2
1991-10-13,26.13,83.93
1991-10-14,26.19,80.33
1991-10-15,26.5,77.6
1991-10-16,26.69,77.62
1991-10-17,26.74,78.75
1991-10-18,26.86,77.74
1991-10-19,26.79,79.27
1991-10-20,26.53,81.2
1991-10-21,26.65,76.88
1991-10-22,26.88,76.82
1991-10-23,26.8,79.79
1991-10-24,27.02,79.33
1991-10-25,27.09,79.84
1991-10-26,27.12,79.52
1991-10-27,27.29,78.37
1991-10-28,27.45,76.17
1991-10-29,27.34,79.62
1991-10-30,26.63,83.37
1991-10-31,27.49,79.08
1991-11-01,27.12,80.4
1991-11-02,27.06,81.79
1991-11-03,26.95,81.82
1991-11-04,26.43,84.67
1991-11-05,26.32,84.88
1991-11-06,26.21,84.69
1991-11-07,25.42,87.87
1991-11-08,25.44,87.35
1991-11-09,25.7,84.08
1991-11-10,26.18,83.76
1991-11-11,26.41,83.37
1991-11-12,26.19,86.79
1991-11-13,25.81,90.6
1991-11-14,25.38,88.22
1991-11-15,25.91,86.69
1991-11-16,26.15,88.67
1991-11-17,25.73,90.1
1991-11-18,26.61,84.31
1991-11-19,26.16,87.8
1991-11-20,26.49,86.33
1991-11-21,26.55,87.95
1991-11-22,26.37,88.14
1991-11-23,25.95,87.74
1991-11-24,26.17,87.15
1991-11-25,26.85,84.98
1991-11-26,26.04,89.51
1991-11-27,26.21,87.58
1991-11-28,26.29,88.73
1991-11-29,25.81,90.67
1991-11-30,26.17,89.2
1991-12-01,26.06,89.42
1991-12-02,25.74,91.2
1991-12-03,25.52,90.69
1991-12-04,25.15,90.42
1991-12-05,25.65,89.82
1991-12-06,25.44,92.55
1991-12-07,25.07,92.35
1991-12-08,25.24,92.37
1991-12-09,25.12,91.4
1991-12-10,25.39,88.63
1991-12-11,25.85,87.44
1991-12-12,25.27,89.96
1991-12-13,25.95,87.47
1991-12-14,26.02,90
1991-12-15,25.37,92.77
1991-12-16,25.83,90.26
1991-12-17,26.12,89.45
1991-12-18,25.98,90.04
1991-12-19,26.06,89.1
1991-12-20,25.51,90.48
1991-12-21,25.7,88.76
1991-12-22,25.76,89.7
1991-12-23,25.4,91.53
1991-12-24,25.75,90.38
1991-12-25,25.5,89.69
1991-12-26,25.78,89.7
1991-12-27,26.02,87.48
1991-12-28,26.03,87.74
1991-12-29,25.64,90.61
1991-12-30,25.27,90.12
1991-12-31,25.86,87.26
1992-01-01,25.36,91.16
1992-01-02,25.72,90.41
1992-01-03,25.96,88.92
1992-01-04,25.87,89.51
1992-01-05,26.06,88.86
1992-01-06,26.12,89.53
1992-01-07,26,86.55
1992-01-08,25.73,85.37
1992-01-09,25.9,86.12
1992-01-10,25.94,84.95
1992-01-11,25.86,85.47
1992-01-12,25.45,85.76
1992-01-13,25.65,85.75
1992-01-14,26.06,85.89
1992-01-15,25.82,85.89
1992-01-16,25.59,85.7
1992-01-17,25.34,86.46
1992-01-18,25.23,85.72
1992-01-19,25.01,83.69
1992-01-20,24.94,82.48
1992-01-21,25.07,83.07
1992-01-22,25.56,84.45
1992-01-23,25.82,84.11
1992-01-24,25.89,85.01
1992-01-25,25.8,87.05
1992-01-26,26.02,87.02
1992-01-27,25.99,87.52
1992-01-28,25.65,86.94
1992-01-29,25.95,86.16
1992-01-30,26.04,86.11
1992-01-31,26.1,85
1992-02-01,26.19,84.2
1992-02-02,25.95,86.25
1992-02-03,25.68,88.72
1992-02-04,25.8,89.21
1992-02-05,26.1,86.09
1992-02-06,26.57,85.91
1992-02-07,26.32,87.13
1992-02-08,26.13,87.46
1992-02-09,26.16,86.93
1992-02-10,25.96,87.78
1992-02-11,26.09,86.08
1992-02-12,26.54,84.57
1992-02-13,27.14,84.37
1992-02-14,26.72,84.48
1992-02-15,27.19,82.76
1992-02-16,26.94,84.53
1992-02-17,26.17,86.67
1992-02-18,26.99,78.99
1992-02-19,26.96,80.8
1992-02-20,26.28,86.6
1992-02-21,26.44,82.68
1992-02-22,26.11,81.47
1992-02-23,26.37,80.33
1992-02-24,26.26,80.57
1992-02-25,26.34,82.19
1992-02-26,26.02,85.25
1992-02-27,26.75,84.02
1992-02-28,26.84,84.68
1992-02-29,27.2,84.04
1992-03-01,27.24,82.4
1992-03-02,27.26,82.62
1992-03-03,27.21,83
1992-03-04,27.28,84.63
1992-03-05,27.25,82.95
1992-03-06,26.43,86.66
1992-03-07,26.64,86.1
1992-03-08,25.94,88.1
1992-03-09,26.78,82.68
1992-03-10,26.61,83.17
1992-03-11,26.74,83.11
1992-03-12,26.94,83.68
1992-03-13,27.18,81.94
1992-03-14,26.97,83.43
1992-03-15,27.32,82.51
1992-03-16,27.73,81.99
1992-03-17,27.34,82.03
1992-03-18,27.63,82.33
1992-03-19,27.82,81.23
1992-03-20,27.69,80.8
1992-03-21,27.61,82.71
1992-03-22,27.69,83.28
1992-03-23,27.05,85.55
1992-03-24,27.49,84.9
1992-03-25,27.84,83.62
1992-03-26,28.02,81.88
1992-03-27,28.3,80.09
1992-03-28,28.37,79.67
1992-03-29,27.35,84.16
1992-03-30,27.81,82.79
1992-03-31,27.54,80.44
1992-04-01,27.88,79.01
1992-04-02,28.05,79.71
1992-04-03,28.38,78.43
1992-04-04,27.1,82.93
1992-04-05,27.93,80.18
1992-04-06,27.48,85.26
1992-04-07,27.7,83.65
1992-04-08,28.01,82.36
1992-04-09,27.13,84.63
1992-04-10,27.87,81
1992-04-11,28.2,79.86
1992-04-12,28.64,77.04
1992-04-13,28.05,80.2
1992-04-14,28.36,80.59
1992-04-15,27.87,79.57
1992-04-16,28.14,79.09
1992-04-17,28.13,81.04
1992-04-18,28.03,80.55
1992-04-19,27.95,82.46
1992-04-20,28.07,80.6
1992-04-21,28.3,79.85
1992-04-22,28.34,80.26
1992-04-23,27.73,80.48
1992-04-24,28.45,78.18
1992-04-25,28.1,83.22
1992-04-26,27.49,86.13
1992-04-27,28.56,78.27
1992-04-28,28.12,82.17
1992-04-29,27.65,83.64
1992-04-30,28.31,80.76
1992-05-01,27.94,84.25
1992-05-02,28.49,78.5
1992-05-03,28.6,79.24
1992-05-04,28.16,82.14
1992-05-05,27.85,82.8
1992-05-06,27.7,83.58
1992-05-07,27.56,85.2
1992-05-08,27.66,84.96
1992-05-09,26.89,85.94
1992-05-10,27.7,83.31
1992-05-11,28.54,79.87
1992-05-12,28.22,79.83
1992-05-13,27.71,84.12
1992-05-14,27.88,80.17
1992-05-15,27.61,81.92
1992-05-16,27.62,84.1
1992-05-17,27.71,83.66
1992-05-18,27.92,85.09
1992-05-19,28.07,82.96
1992-05-20,28.27,82.5
1992-05-21,28.14,83.66
1992-05-22,27.65,86.76
1992-05-23,27.45,84.33
1992-05-24,28.39,78.19
1992-05-25,28.4,79.01
1992-05-26,27.98,82.98
1992-05-27,28.24,80.84
1992-05-28,28.58,78.98
1992-05-29,28.29,79.57
1992-05-30,28.53,78.36
1992-05-31,28.22,82.25
1992-06-01,27.82,85.24
1992-06-02,27.8,85.88
1992-06-03,27.67,87.91
1992-06-04,27.76,86.17
1992-06-05,27.57,85.41
1992-06-06,27.41,82
1992-06-07,27.99,78.99
1992-06-08,27.3,86.76
1992-06-09,27.58,85.19
1992-06-10,27.81,86.35
1992-06-11,27.36,86.46
1992-06-12,26.66,85.23
1992-06-13,27.3,84.56
1992-06-14,27.35,82.75
1992-06-15,27.34,84.36
1992-06-16,27.17,85.66
1992-06-17,27.16,88.08
1992-06-18,26.62,87.95
1992-06-19,26.7,84.44
1992-06-20,27.41,85.36
1992-06-21,27.84,86.69
1992-06-22,27.79,83.08
1992-06-23,27.86,82.26
1992-06-24,27.47,80.98
1992-06-25,27.35,80.6
1992-06-26,27.28,82.28
1992-06-27,27.04,85.62
1992-06-28,27.6,82.18
1992-06-29,27.67,82.53
1992-06-30,27.5,86.02
1992-07-01,27.1,86.62
1992-07-02,26.96,85.47
1992-07-03,26.82,84.7
1992-07-04,26.92,84.08
1992-07-05,27.31,84.36
1992-07-06,27.08,84.87
1992-07-07,27.44,81.32
1992-07-08,27.19,82.73
1992-07-09,26.77,85.85
1992-07-10,26.41,85.99
1992-07-11,26.73,83.03
1992-07-12,25.66,84.7
1992-07-13,25.34,88.13
1992-07-14,26.75,84.7
1992-07-15,26.66,86.63
1992-07-16,26.13,86.59
1992-07-17,26.35,86.21
1992-07-18,25.99,89.46
1992-07-19,25.66,89.61
1992-07-20,26.47,86.14
1992-07-21,26.84,84.94
1992-07-22,26.79,85.55
1992-07-23,26.2,86.9
1992-07-24,27.03,84.39
1992-07-25,26.83,87.07
1992-07-26,26.88,88.77
1992-07-27,26.95,86.17
1992-07-28,26.48,88.13
1992-07-29,26.5,88.51
1992-07-30,26.62,86.48
1992-07-31,26.88,85.99
1992-08-01,26.43,87.6
1992-08-02,26.78,87.56
1992-08-03,26.61,85.9
1992-08-04,26.01,90.1
1992-08-05,27.03,84.31
1992-08-06,26.89,83.47
1992-08-07,27.06,81.51
1992-08-08,27.04,82.14
1992-08-09,27.06,83.87
1992-08-10,26.45,82.32
1992-08-11,26.85,84.58
1992-08-12,26.92,82.82
1992-08-13,26.62,85.96
1992-08-14,25.61,88.45
1992-08-15,26.38,88.21
1992-08-16,26.27,88.86
1992-08-17,26.04,87.18
1992-08-18,26.51,85.58
1992-08-19,27,83.83
1992-08-20,26.8,86.07
1992-08-21,26.6,86.05
1992-08-22,26.54,85.76
1992-08-23,26.56,85.11
1992-08-24,26.49,86.65
1992-08-25,26.94,83.63
1992-08-26,26.7,85.45
1992-08-27,27.08,85.32
1992-08-28,27.49,81.59
1992-08-29,27.37,81.83
1992-08-30,26.99,81.37
1992-08-31,27,85.17
1992-09-01,27.62,77.48
1992-09-02,27.03,84.49
1992-09-03,26.72,84.49
1992-09-04,27.4,77.47
1992-09-05,27.49,77.47
1992-09-06,27.18,82.55
1992-09-07,27.31,78.95
1992-09-08,26.96,83.59
1992-09-09,26.48,86.12
1992-09-10,26.58,82.32
1992-09-11,26.59,84.27
1992-09-12,26.38,84.11
1992-09-13,26.86,83.19
1992-09-14,26.22,85.21
1992-09-15,26.42,81.87
1992-09-16,26.16,85.79
1992-09-17,26.85,80.25
1992-09-18,27.04,79.83
1992-09-19,27.03,81.58
1992-09-20,26.97,81.61
1992-09-21,27.05,85.84
1992-09-22,27.47,86.19
1992-09-23,26.74,87.82
1992-09-24,26.66,84.6
1992-09-25,26.32,85.34
1992-09-26,27,82.72
1992-09-27,26.49,83.92
1992-09-28,27.18,80.96
1992-09-29,26.78,74.68
1992-09-30,27.42,78.2
1992-10-01,27.28,82.96
1992-10-02,26.69,85.09
1992-10-03,26.4,83.36
1992-10-04,26.97,84.19
1992-10-05,26.5,83.42
1992-10-06,26.74,81.55
1992-10-07,27.09,82.53
1992-10-08,27.31,82.89
1992-10-09,26.8,84.89
1992-10-10,26.52,85.6
1992-10-11,26.66,86.27
1992-10-12,27.23,78.91
1992-10-13,26.98,84.44
1992-10-14,27.34,81.99
1992-10-15,27.56,76.85
1992-10-16,26.89,86.27
1992-10-17,26.47,84.76
1992-10-18,26.19,85.2
1992-10-19,26.82,84.25
1992-10-20,27.19,81.33
1992-10-21,26.42,87.72
1992-10-22,27.33,82.62
1992-10-23,26.94,86.9
1992-10-24,26.44,85.63
1992-10-25,26.39,84.87
1992-10-26,25.98,86.34
1992-10-27,26.18,87.44
1992-10-28,25.87,87.86
1992-10-29,25.92,87.08
1992-10-30,26.33,83.62
1992-10-31,26.86,84.08
1992-11-01,26.17,86.01
1992-11-02,26.54,86.52
1992-11-03,26.23,89.05
1992-11-04,26.81,85.73
1992-11-05,26.18,88.15
1992-11-06,26.43,87.5
1992-11-07,26.25,87.18
1992-11-08,26.9,80.33
1992-11-09,26.15,86.84
1992-11-10,26.16,88.09
1992-11-11,25.84,92.85
1992-11-12,26.27,87.85
1992-11-13,25.95,88.82
1992-11-14,26.38,87.69
1992-11-15,26.6,87.23
1992-11-16,25.89,90.1
1992-11-17,26.08,87.76
1992-11-18,26.22,88.11
1992-11-19,26.31,88.24
1992-11-20,25.93,89.82
1992-11-21,25.69,89.47
1992-11-22,25.53,90.89
1992-11-23,25.61,91.1
1992-11-24,25.74,89.52
1992-11-25,25.67,90.98
1992-11-26,25.21,89.83
1992-11-27,25.35,88.25
1992-11-28,25.86,88.16
1992-11-29,25.5,87.86
1992-11-30,25.41,87.14
1992-12-01,25.33,88
1992-12-02,25.39,88.21
1992-12-03,25.48,89.62
1992-12-04,25.43,91.32
1992-12-05,25.53,92.32
1992-12-06,24.8,93.94
1992-12-07,25.86,90.19
1992-12-08,25.28,91.93
1992-12-09,25.01,93.31
1992-12-10,26,90.71
1992-12-11,25.66,91.76
1992-12-12,25.47,90.67
1992-12-13,25.7,89.26
1992-12-14,25.69,88.59
1992-12-15,25.23,88.58
1992-12-16,25.23,88.76
1992-12-17,25.11,90.26
1992-12-18,25.08,90.04
1992-12-19,25.33,90.34
1992-12-20,25.59,90.92
1992-12-21,25.79,89.92
1992-12-22,25.58,89.83
1992-12-23,25.95,89.12
1992-12-24,25.72,89.34
1992-12-25,26.19,86.89
1992-12-26,26.06,90.4
1992-12-27,25.85,90.12
1992-12-28,25.45,91.91
1992-12-29,25.49,91.53
1992-12-30,25.8,90.09
1992-12-31,25.67,89.76
1993-01-01,25.34,88.67
1993-01-02,25.54,87.98
1993-01-03,25.7,88.98
1993-01-04,25.95,88.67
1993-01-05,25.78,89.57
1993-01-06,25.67,88.05
1993-01-07,24.92,85.91
1993-01-08,25.4,84.99
1993-01-09,25.86,87.44
1993-01-10,26.13,88.17
1993-01-11,25.71,88.2
1993-01-12,25.8,85.72
1993-01-13,26.13,88.4
1993-01-14,25.82,90.44
1993-01-15,25.86,89.75
1993-01-16,26.06,88.04
1993-01-17,25.63,89.63
1993-01-18,25.61,90.64
1993-01-19,25.04,92.7
1993-01-20,25.41,91.04
1993-01-21,25.65,90.35
1993-01-22,25.43,88.84
1993-01-23,25.83,87
1993-01-24,25.21,88.87
1993-01-25,25.61,84.46
1993-01-26,25.56,83.64
1993-01-27,25.72,84.86
1993-01-28,25.39,86.02
1993-01-29,25.09,85.15
1993-01-30,24.2,84.9
1993-01-31,24.73,84.06
1993-02-01,25.43,87.05
1993-02-02,25.5,87.18
1993-02-03,25.33,87.71
1993-02-04,25.43,86.64
1993-02-05,25.32,85.39
1993-02-06,25.44,85.43
1993-02-07,25.45,85.7
1993-02-08,25.63,85.71
1993-02-09,25.83,85.91
1993-02-10,26.25,85.81
1993-02-11,25.64,88.27
1993-02-12,25.67,86.19
1993-02-13,25.38,84.21
1993-02-14,25.34,82.82
1993-02-15,25.7,82.7
1993-02-16,25.78,84.83
1993-02-17,26.03,82.35
1993-02-18,25.9,82.91
1993-02-19,25.77,81.96
1993-02-20,26.16,81.47
1993-02-21,25.21,83.63
1993-02-22,25.71,82.1
1993-02-23,25.59,81.87
1993-02-24,25.92,84
1993-02-25,25.57,88.49
1993-02-26,26.15,86.86
1993-02-27,25.99,87.49
1993-02-28,26.03,87.58
1993-03-01,25.7,88.3
1993-03-02,25.51,89.22
1993-03-03,25.53,85.76
1993-03-04,25.32,82.62
1993-03-05,26.09,86.57
1993-03-06,26.13,88.55
1993-03-07,26.26,85.91
1993-03-08,26.2,86.99
1993-03-09,26.29,87.29
1993-03-10,25.56,90.8
1993-03-11,25.67,90.45
1993-03-12,25.7,91.34
1993-03-13,26.27,88.31
1993-03-14,26.4,87.46
1993-03-15,26.43,87.92
1993-03-16,26,88.5
1993-03-17,26.71,88.68
1993-03-18,26.39,89.51
1993-03-19,26.24,89.78
1993-03-20,26.48,86.7
1993-03-21,26.64,82.46
1993-03-22,26.47,83.32
1993-03-23,26.68,84.42
1993-03-24,26.3,85.14
1993-03-25,26.6,83.29
1993-03-26,26.75,83.92
1993-03-27,27.02,84.12
1993-03-28,26.63,86.09
1993-03-29,26,79.29
1993-03-30,27.07,73.19
1993-03-31,26.57,83.15
1993-04-01,27.31,82.74
1993-04-02,27.3,84.9
1993-04-03,26.22,84.3
1993-04-04,27.75,79.91
1993-04-05,27.53,83.97
1993-04-06,26.74,85.61
1993-04-07,27.2,85.02
1993-04-08,26.58,86.84
1993-04-09,25.94,88.94
1993-04-10,26.62,85.41
1993-04-11,26.89,86.07
1993-04-12,26.46,85.81
1993-04-13,27.07,85.77
1993-04-14,27.19,85.25
1993-04-15,26.9,83.94
1993-04-16,27.51,79
1993-04-17,27.61,82.15
1993-04-18,27.71,81.91
1993-04-19,27.68,83.96
1993-04-20,27.7,83.93
1993-04-21,27.75,83
1993-04-22,27.42,84.75
1993-04-23,27.55,81.3
1993-04-24,28.22,80.41
1993-04-25,27.84,84.36
1993-04-26,27.98,83.12
1993-04-27,28.18,81.93
1993-04-28,28.09,82
1993-04-29,27.99,82.94
1993-04-30,27.72,83.67
1993-05-01,28.12,78.97
1993-05-02,28,81.73
1993-05-03,27.91,83.1
1993-05-04,28.09,81.88
1993-05-05,27.66,82.8
1993-05-06,28.16,74.88
1993-05-07,28.23,76.18
1993-05-08,28.13,81.36
1993-05-09,27.59,85.03
1993-05-10,27.56,84.49
1993-05-11,27.43,82.58
1993-05-12,27.83,81.96
1993-05-13,28.21,80.28
1993-05-14,27.91,81.87
1993-05-15,27.51,84.63
1993-05-16,27.16,85.71
1993-05-17,26.79,82.43
1993-05-18,27.31,85.09
1993-05-19,27.05,86.88
1993-05-20,27.26,85.17
1993-05-21,27.4,83.47
1993-05-22,27.84,82.39
1993-05-23,27.64,83.85
1993-05-24,27.72,85.15
1993-05-25,27.46,87.22
1993-05-26,27.48,86.65
1993-05-27,27.98,83.95
1993-05-28,28.36,81.8
1993-05-29,26.5,87.75
1993-05-30,27.87,81.37
1993-05-31,27.61,85.99
1993-06-01,27.93,85.59
1993-06-02,27.37,87.96
1993-06-03,26.99,89.47
1993-06-04,27.17,87.68
1993-06-05,27.35,85.03
1993-06-06,27.36,87.53
1993-06-07,27.08,86.51
1993-06-08,27.62,82.59
1993-06-09,27.48,84.52
1993-06-10,27.88,84.54
1993-06-11,27.6,84.39
1993-06-12,27.8,81.31
1993-06-13,27.78,82.98
1993-06-14,27.74,83.06
1993-06-15,28,77.47
1993-06-16,27.43,83.41
1993-06-17,27.59,82.08
1993-06-18,27.2,84.02
1993-06-19,26.85,87.17
1993-06-20,26.66,84.52
1993-06-21,26.89,87.66
1993-06-22,26.98,88.31
1993-06-23,26.8,87.8
1993-06-24,26.22,88.24
1993-06-25,27.16,85.95
1993-06-26,27.56,83.2
1993-06-27,27.93,84.29
1993-06-28,27.76,87.08
1993-06-29,26.94,88.31
1993-06-30,26.8,84.68
1993-07-01,27.08,84.78
1993-07-02,27.25,81.77
1993-07-03,26.93,83.81
1993-07-04,27.42,82.84
1993-07-05,26.69,89.28
1993-07-06,25.45,85.2
1993-07-07,26.63,83.5
1993-07-08,26.74,86.1
1993-07-09,26.69,84.15
1993-07-10,26.89,85.5
1993-07-11,26.87,86.67
1993-07-12,26.99,87.04
1993-07-13,26.96,85.6
1993-07-14,27.31,85.25
1993-07-15,27.4,84.24
1993-07-16,27.25,84.18
1993-07-17,26.99,84.33
1993-07-18,27.08,85.34
1993-07-19,26.99,85.4
1993-07-20,26.81,85.62
1993-07-21,27.09,86.82
1993-07-22,26.32,88.7
1993-07-23,26.62,84.27
1993-07-24,26.46,86.88
1993-07-25,26.64,86.23
1993-07-26,27.31,84.01
1993-07-27,26.39,88.98
1993-07-28,26.63,86.27
1993-07-29,26.47,88.26
1993-07-30,26.68,88.22
1993-07-31,26.91,88.28
1993-08-01,26.58,88.29
1993-08-02,26.59,86.96
1993-08-03,26.96,87.03
1993-08-04,27.13,86.34
1993-08-05,27.07,86.33
1993-08-06,27.22,80.4
1993-08-07,27.5,80.76
1993-08-08,27.14,85.54
1993-08-09,26.47,83.85
1993-08-10,26.48,84.27
1993-08-11,26.83,83.56
1993-08-12,26.93,84.17
1993-08-13,27.12,86.46
1993-08-14,27.4,87.39
1993-08-15,27.14,84.89
1993-08-16,26.97,85.94
1993-08-17,26.77,85.54
1993-08-18,26.75,82.88
1993-08-19,26.98,81.81
1993-08-20,27.12,82.74
1993-08-21,26.89,81.99
1993-08-22,26.51,81.88
1993-08-23,26.61,82.98
1993-08-24,26.53,85.95
1993-08-25,26.27,86.96
1993-08-26,26.33,86.71
1993-08-27,26.71,82.41
1993-08-28,26.64,83.48
1993-08-29,26.74,85.28
1993-08-30,26.66,85.41
1993-08-31,26.41,85.24
1993-09-01,26.35,85.01
1993-09-02,27.05,81.23
1993-09-03,27.06,82.93
1993-09-04,26.96,83.45
1993-09-05,26.45,82.55
1993-09-06,26.57,83
1993-09-07,26.78,84.32
1993-09-08,25.91,87.33
1993-09-09,26.83,84.01
1993-09-10,26.86,80.05
1993-09-11,26.95,82.98
1993-09-12,26.39,85.95
1993-09-13,25.39,86.48
1993-09-14,26.99,77.5
1993-09-15,27.28,78.68
1993-09-16,27.07,81.3
1993-09-17,26.98,82.97
1993-09-18,26.87,83.21
1993-09-19,26.86,84.67
1993-09-20,26.38,84.76
1993-09-21,26.53,84.09
1993-09-22,26.92,83.58
1993-09-23,26.92,85.02
1993-09-24,27.03,84.18
1993-09-25,27.02,81.29
1993-09-26,27.09,84.42
1993-09-27,26.32,87.85
1993-09-28,26.23,86.98
1993-09-29,26.79,84.15
1993-09-30,26.82,83.61
1993-10-01,26.93,82.35
1993-10-02,26.87,84.33
1993-10-03,26.64,86.02
1993-10-04,27.21,83.02
1993-10-05,27.43,82.33
1993-10-06,27.35,84.42
1993-10-07,26.99,87.05
1993-10-08,27.1,87
1993-10-09,27.21,85.95
1993-10-10,26.18,86.39
1993-10-11,26.12,87.02
1993-10-12,26.43,81.27
1993-10-13,26.44,81.17
1993-10-14,26.9,81.67
1993-10-15,26.15,85.83
1993-10-16,26.23,85.6
1993-10-17,26.97,82.65
1993-10-18,26.41,82.34
1993-10-19,27.04,79.45
1993-10-20,26.86,82.07
1993-10-21,27.08,82.23
1993-10-22,27.33,80.3
1993-10-23,26.97,82.41
1993-10-24,26.96,85.18
1993-10-25,27.07,83.08
1993-10-26,26.92,83.39
1993-10-27,26.99,83.42
1993-10-28,27.3,82.42
1993-10-29,26.54,87.28
1993-10-30,25.94,88.4
1993-10-31,26.53,84.44
1993-11-01,26.7,84.75
1993-11-02,27.15,83.15
1993-11-03,26.48,88.52
1993-11-04,26.96,82.69
1993-11-05,26.6,87.71
1993-11-06,26.42,89.33
1993-11-07,26.82,86.98
1993-11-08,26.04,90.04
1993-11-09,26.69,84.4
1993-11-10,26.55,87.42
1993-11-11,27.24,83.35
1993-11-12,26.2,87.44
1993-11-13,26.44,87.42
1993-11-14,26,89.73
1993-11-15,26.34,86.01
1993-11-16,26.56,84.73
1993-11-17,26.72,84.47
1993-11-18,27.34,77.83
1993-11-19,27.04,84.29
1993-11-20,26.95,85.4
1993-11-21,27.07,85.02
1993-11-22,27.08,84.1
1993-11-23,26.97,85.04
1993-11-24,27.05,86.22
1993-11-25,26.83,83.96
1993-11-26,27.19,84.07
1993-11-27,27.34,85.63
1993-11-28,26.4,85.26
1993-11-29,27.65,80.87
1993-11-30,26.45,89.16
1993-12-01,26.65,87.73
1993-12-02,26.53,89.13
1993-12-03,26.74,87.26
1993-12-04,27.44,85.86
1993-12-05,26.82,87.92
1993-12-06,27.35,84.44
1993-12-07,26.69,89.8
1993-12-08,26.32,88.89
1993-12-09,27.17,82.39
1993-12-10,27.09,85.52
1993-12-11,26.39,89.02
1993-12-12,26.39,90.31
1993-12-13,26.16,89.37
1993-12-14,26.87,85.65
1993-12-15,27.52,82.83
1993-12-16,26.27,89.13
1993-12-17,26.57,86.98
1993-12-18,26.15,90.45
1993-12-19,25.7,91.2
1993-12-20,25.74,91.08
1993-12-21,26.24,90.09
1993-12-22,25.17,92.1
1993-12-23,25.38,92.28
1993-12-24,25.4,92.24
1993-12-25,25.39,91.02
1993-12-26,25.34,88.44
1993-12-27,25.32,88.01
1993-12-28,25.33,86.55
1993-12-29,24.97,88.13
1993-12-30,25.25,86.18
1993-12-31,25.52,87.01
1994-01-01,25.89,87.96
1994-01-02,26.02,88.26
1994-01-03,26.29,87.99
1994-01-04,25.57,91.42
1994-01-05,26.15,88.13
1994-01-06,25.94,88.82
1994-01-07,25.58,87.83
1994-01-08,25.75,86.93
1994-01-09,26.07,86.75
1994-01-10,26.34,87.44
1994-01-11,25.87,89.38
1994-01-12,25.89,89.85
1994-01-13,26.01,87.53
1994-01-14,25.9,85.36
1994-01-15,25.48,84.57
1994-01-16,25.19,84.19
1994-01-17,24.89,83.28
1994-01-18,25.69,83.66
1994-01-19,25.61,84.32
1994-01-20,25.92,85.07
1994-01-21,25.8,83.99
1994-01-22,25.42,87.29
1994-01-23,25.12,86.01
1994-01-24,25.39,85.66
1994-01-25,24.96,84.8
1994-01-26,25.88,85.77
1994-01-27,26.12,88.35
1994-01-28,25.95,89.24
1994-01-29,25.84,89.16
1994-01-30,25.96,88.02
1994-01-31,26.08,86.83
1994-02-01,25.89,86.5
1994-02-02,26.2,86.69
1994-02-03,25.96,88.63
1994-02-04,26.01,88.67
1994-02-05,26.19,87.67
1994-02-06,25.36,90.84
1994-02-07,25.88,88.09
1994-02-08,26.24,87.85
1994-02-09,26.27,86.99
1994-02-10,26.51,87.23
1994-02-11,26.1,86.84
1994-02-12,26.42,84.17
1994-02-13,26.76,83.7
1994-02-14,26.06,89.04
1994-02-15,26.53,87.47
1994-02-16,26.52,86.68
1994-02-17,25.98,89.21
1994-02-18,26.44,87.25
1994-02-19,25.95,87.42
1994-02-20,26.82,81.8
1994-02-21,26.48,85.01
1994-02-22,26.88,82.89
1994-02-23,26.54,82.27
1994-02-24,25.79,80.95
1994-02-25,26.08,80.64
1994-02-26,26.16,80.18
1994-02-27,26.61,83.6
1994-02-28,26.66,84.04
1994-03-01,26.43,82.06
1994-03-02,26.67,82.89
1994-03-03,26.82,85.28
1994-03-04,25.96,89.62
1994-03-05,25.67,91.47
1994-03-06,25.99,89.34
1994-03-07,26.91,83.8
1994-03-08,26.88,84.76
1994-03-09,26.97,84.9
1994-03-10,26.58,85.75
1994-03-11,26.7,86.2
1994-03-12,26.29,84.64
1994-03-13,26.14,86.82
1994-03-14,26.3,86.97
1994-03-15,25.67,88.56
1994-03-16,25.08,90.74
1994-03-17,26.48,86.3
1994-03-18,26.43,88.5
1994-03-19,26.36,87.97
1994-03-20,26.64,86.39
1994-03-21,26.78,85.43
1994-03-22,26.29,86.62
1994-03-23,26.7,86.7
1994-03-24,25.87,90.63
1994-03-25,25.28,90.03
1994-03-26,26.25,88.61
1994-03-27,25.83,90.67
1994-03-28,26.12,88.57
1994-03-29,26.34,90.89
1994-03-30,26.48,88.43
1994-03-31,26.51,88.83
1994-04-01,26.16,87.73
1994-04-02,26.87,84.28
1994-04-03,26.9,85.51
1994-04-04,27.2,85.43
1994-04-05,26.95,85.55
1994-04-06,28.31,78.17
1994-04-07,28.18,80.63
1994-04-08,27.97,80.37
1994-04-09,28.08,81.26
1994-04-10,28.16,79.27
1994-04-11,28.03,82.92
1994-04-12,27.49,84.2
1994-04-13,27.33,83.72
1994-04-14,27.4,82.72
1994-04-15,27.13,85.38
1994-04-16,27.12,86.66
1994-04-17,27.22,84.59
1994-04-18,27.4,83.77
1994-04-19,27.04,84.59
1994-04-20,26.51,87.27
1994-04-21,27.46,82.46
1994-04-22,27.4,85.99
1994-04-23,27.59,84.7
1994-04-24,26.99,87.81
1994-04-25,27,87.12
1994-04-26,27.26,86.41
1994-04-27,27.22,88.12
1994-04-28,27.17,88.62
1994-04-29,27.52,85.94
1994-04-30,27.71,86.45
1994-05-01,27.57,87.26
1994-05-02,26.73,89.67
1994-05-03,27.23,86.6
1994-05-04,27.04,87.43
1994-05-05,27.29,85.25
1994-05-06,26.78,89.52
1994-05-07,26.54,89.09
1994-05-08,26.92,86.43
1994-05-09,26.55,88.97
1994-05-10,27.85,79
1994-05-11,27.48,85.67
1994-05-12,27.21,89.41
1994-05-13,27.04,88.26
1994-05-14,27.05,87.3
1994-05-15,27.42,86.42
1994-05-16,27.58,87.9
1994-05-17,27.39,88.54
1994-05-18,26.57,90.28
1994-05-19,26.74,86.1
1994-05-20,26.98,87.96
1994-05-21,26.68,86.85
1994-05-22,27.84,81.26
1994-05-23,27.41,84.8
1994-05-24,27.36,86.59
1994-05-25,27.3,87.71
1994-05-26,26.88,88.18
1994-05-27,27.01,88.13
1994-05-28,27.27,87.13
1994-05-29,27.73,85.8
1994-05-30,27.37,86.67
1994-05-31,27.43,85.05
1994-06-01,27.42,85.44
1994-06-02,27.55,85.23
1994-06-03,27.21,87.77
1994-06-04,26.84,87.87
1994-06-05,27.43,88.78
1994-06-06,27.55,86.18
1994-06-07,26.97,88.48
1994-06-08,26.83,88.08
1994-06-09,26.79,87.98
1994-06-10,27.3,87.5
1994-06-11,27.25,85.79
1994-06-12,27.01,87
1994-06-13,26.84,88.05
1994-06-14,27.41,85.95
1994-06-15,27.25,86.7
1994-06-16,27.14,85.3
1994-06-17,26.75,86.89
1994-06-18,26.65,86.98
1994-06-19,26.34,88.19
1994-06-20,26.86,87.05
1994-06-21,26.46,88.87
1994-06-22,26.78,87.2
1994-06-23,26.5,89.52
1994-06-24,26.67,87.8
1994-06-25,26.71,87.87
1994-06-26,26.6,87.2
1994-06-27,26.86,86.98
1994-06-28,26.58,88.73
1994-06-29,26.26,89.34
1994-06-30,25.71,88.82
1994-07-01,26.36,86.79
1994-07-02,26.86,85.26
1994-07-03,26.34,86.57
1994-07-04,26.62,88.57
1994-07-05,26.77,86.82
1994-07-06,26.75,88.11
1994-07-07,26.84,86.38
1994-07-08,26.68,84.4
1994-07-09,26.42,84.94
1994-07-10,26.22,84.35
1994-07-11,26.75,84.68
1994-07-12,26.82,85.46
1994-07-13,26.9,85.57
1994-07-14,27.17,85.61
1994-07-15,26.82,86.31
1994-07-16,27.07,84.64
1994-07-17,27.08,82.72
1994-07-18,26.82,82.37
1994-07-19,26.81,82.55
1994-07-20,26.51,82.9
1994-07-21,26.57,83.61
1994-07-22,26.81,80.73
1994-07-23,26.71,82.14
1994-07-24,26.85,83.87
1994-07-25,26.52,80.46
1994-07-26,26.52,77.61
1994-07-27,26.45,78.73
1994-07-28,26.25,79.75
1994-07-29,26.11,81.23
1994-07-30,26.41,81.56
1994-07-31,26.85,82.62
1994-08-01,26.72,82.78
1994-08-02,26.91,83
1994-08-03,26.7,85.6
1994-08-04,26.31,84.98
1994-08-05,26.88,82.61
1994-08-06,26.8,84.61
1994-08-07,26.69,86.37
1994-08-08,26.27,86.72
1994-08-09,26.51,86.26
1994-08-10,26.36,84.16
1994-08-11,26.66,84.17
1994-08-12,26.93,84.33
1994-08-13,26.75,81.87
1994-08-14,26.89,82.31
1994-08-15,26.37,85.13
1994-08-16,26.79,82.87
1994-08-17,27.06,83.7
1994-08-18,26.32,85.14
1994-08-19,26.52,83.32
1994-08-20,26.61,79.54
1994-08-21,26.98,81.91
1994-08-22,27.2,83.32
1994-08-23,27.21,83.39
1994-08-24,26.96,84.58
1994-08-25,26.72,83.94
1994-08-26,26.58,80.89
1994-08-27,27.08,79.69
1994-08-28,26.51,82.66
1994-08-29,26.35,83.89
1994-08-30,26.61,84.51
1994-08-31,26.71,83.89
1994-09-01,26.04,85.8
1994-09-02,26.7,80.31
1994-09-03,26.46,81.26
1994-09-04,26.8,82.02
1994-09-05,26.99,82.62
1994-09-06,26.88,84.12
1994-09-07,27.15,82.5
1994-09-08,27.07,83.58
1994-09-09,26.9,83.22
1994-09-10,27.21,82.27
1994-09-11,27.1,81.7
1994-09-12,27.29,79.17
1994-09-13,27.23,78.44
1994-09-14,27.06,81.43
1994-09-15,27.06,84.16
1994-09-16,26.99,85.07
1994-09-17,26.31,87.67
1994-09-18,25.41,84.62
1994-09-19,27.3,78.26
1994-09-20,26.86,82.62
1994-09-21,27.18,83.53
1994-09-22,27.57,82.41
1994-09-23,27.02,82.74
1994-09-24,26.75,84.51
1994-09-25,26.48,82.47
1994-09-26,26.6,80.73
1994-09-27,26.57,80.7
1994-09-28,26.75,80.97
1994-09-29,26.92,80.34
1994-09-30,27.09,81.54
1994-10-01,27.29,79.69
1994-10-02,27.32,79.56
1994-10-03,26.91,79.98
1994-10-04,27.16,80.17
1994-10-05,26.62,83.68
1994-10-06,26.93,81.39
1994-10-07,27.18,80.07
1994-10-08,27.91,75.32
1994-10-09,27.52,78
1994-10-10,27.43,78.33
1994-10-11,27.35,79.05
1994-10-12,26.38,85.29
1994-10-13,26.21,83.61
1994-10-14,27.24,77.56
1994-10-15,27.35,77.36
1994-10-16,27.15,79.56
1994-10-17,26.66,82.05
1994-10-18,27.35,77.85
1994-10-19,27.43,78.32
1994-10-20,26.87,82.81
1994-10-21,27.42,78.35
1994-10-22,27.28,78.17
1994-10-23,27.1,81.96
1994-10-24,27.38,77.84
1994-10-25,27.63,78.96
1994-10-26,27.64,78
1994-10-27,27.44,79.82
1994-10-28,27.12,80.89
1994-10-29,27.09,79.71
1994-10-30,27.27,78.65
1994-10-31,27.27,79.5
1994-11-01,25.67,87.43
1994-11-02,25.72,88.67
1994-11-03,25.93,86.69
1994-11-04,26.19,87.09
1994-11-05,26.22,87.05
1994-11-06,26.36,86.71
1994-11-07,25.98,88.9
1994-11-08,26.29,88.54
1994-11-09,26.28,89.76
1994-11-10,26.14,90.48
1994-11-11,26.18,90.83
1994-11-12,25.93,90.47
1994-11-13,26.54,88.26
1994-11-14,26.48,87.96
1994-11-15,26.36,88.58
1994-11-16,26.01,91.09
1994-11-17,25.87,89.44
1994-11-18,26.05,89.8
1994-11-19,26.74,83.14
1994-11-20,26.68,85.91
1994-11-21,26.38,87.93
1994-11-22,26.24,87.6
1994-11-23,26.21,87
1994-11-24,26.37,88.95
1994-11-25,26.43,88.36
1994-11-26,26.97,87.3
1994-11-27,26.32,90.12
1994-11-28,26.46,88.85
1994-11-29,26.1,88.6
1994-11-30,26.49,85.78
1994-12-01,26.27,88.22
1994-12-02,26.33,88.06
1994-12-03,25.66,91.39
1994-12-04,25.76,88.91
1994-12-05,26.24,86.18
1994-12-06,26.44,88.65
1994-12-07,26.19,90
1994-12-08,26.27,88.8
1994-12-09,26.91,83.14
1994-12-10,26.8,80.4
1994-12-11,26.52,85
1994-12-12,26.67,85.13
1994-12-13,26.32,86.39
1994-12-14,26.33,85.2
1994-12-15,26.33,87.26
1994-12-16,26.67,88.14
1994-12-17,25.57,91.96
1994-12-18,25.41,91.43
1994-12-19,25.6,93.24
1994-12-20,25.55,90.41
1994-12-21,25.96,87.57
1994-12-22,25.84,87.82
1994-12-23,25.76,86.39
1994-12-24,25.85,86.5
1994-12-25,26.36,86.75
1994-12-26,26.5,87.82
1994-12-27,26.38,89.9
1994-12-28,26.14,90.82
1994-12-29,26.11,88.16
1994-12-30,26.29,87.74
1994-12-31,26.24,87.81
1995-01-01,26.34,88.87
1995-01-02,26.08,89.23
1995-01-03,26.3,88.62
1995-01-04,26.24,89.04
1995-01-05,26.14,90.2
1995-01-06,25.62,89.1
1995-01-07,25.44,88.2
1995-01-08,25.46,90.79
1995-01-09,25.92,89.94
1995-01-10,25.84,90.94
1995-01-11,25.63,91.37
1995-01-12,25.6,90.41
1995-01-13,25.78,87.01
1995-01-14,25.31,85.37
1995-01-15,25.86,85.34
1995-01-16,25.97,87.71
1995-01-17,25.56,87.86
1995-01-18,25.87,89.24
1995-01-19,24.98,93.23
1995-01-20,25.18,90.73
1995-01-21,25.3,91.46
1995-01-22,25.76,89.62
1995-01-23,25.41,91.05
1995-01-24,25.72,87.29
1995-01-25,26.67,86.85
1995-01-26,25.93,89.56
1995-01-27,25.96,87.87
1995-01-28,25.83,88.33
1995-01-29,25.83,86.73
1995-01-30,26.04,87.13
1995-01-31,26.03,88.5
1995-02-01,25.79,87.8
1995-02-02,25.63,87.67
1995-02-03,24.99,91.51
1995-02-04,25.08,90.7
1995-02-05,25.43,88.38
1995-02-06,25.16,88.75
1995-02-07,25.38,87.46
1995-02-08,25.44,86.24
1995-02-09,25.76,87.2
1995-02-10,25.9,87.45
1995-02-11,25.98,87.74
1995-02-12,26.05,89.14
1995-02-13,25.48,92.26
1995-02-14,26.23,88.71
1995-02-15,26.17,88.63
1995-02-16,25.71,90.42
1995-02-17,25.32,91
1995-02-18,25.84,88.28
1995-02-19,25.94,88.34
1995-02-20,25.51,90.09
1995-02-21,25.28,90
1995-02-22,25.3,90.91
1995-02-23,25.9,89.16
1995-02-24,25.7,90.24
1995-02-25,25.3,89.35
1995-02-26,25.32,89.84
1995-02-27,26.1,89.18
1995-02-28,25.9,89.91
1995-03-01,25.56,89.54
1995-03-02,25.77,87.53
1995-03-03,26.03,88.22
1995-03-04,25.8,89.52
1995-03-05,25.81,87.44
1995-03-06,25.98,87.03
1995-03-07,26.36,85.04
1995-03-08,25.91,83.49
1995-03-09,26.29,80.83
1995-03-10,26.76,81.75
1995-03-11,26.71,85.51
1995-03-12,26.3,85.52
1995-03-13,26.41,82.06
1995-03-14,26.3,81.78
1995-03-15,27.09,83.38
1995-03-16,27.31,83.83
1995-03-17,27.23,84.02
1995-03-18,26.6,87.08
1995-03-19,26.7,84.06
1995-03-20,26.64,86.65
1995-03-21,27.08,85.75
1995-03-22,26.89,85.89
1995-03-23,27.59,83.19
1995-03-24,27.6,84.15
1995-03-25,27.2,85.51
1995-03-26,27.06,86.54
1995-03-27,26.52,87.15
1995-03-28,27.67,81.59
1995-03-29,27.6,84.33
1995-03-30,27.02,87.25
1995-03-31,27.72,84.32
1995-04-01,26.92,87.25
1995-04-02,27.47,83.62
1995-04-03,27.59,84.02
1995-04-04,26.41,87.78
1995-04-05,27.08,87.19
1995-04-06,26.47,88.47
1995-04-07,26.64,84.81
1995-04-08,27.3,80.67
1995-04-09,27.66,82.84
1995-04-10,27.29,85.41
1995-04-11,27.19,86.57
1995-04-12,27.52,81.27
1995-04-13,28.12,79.9
1995-04-14,27.28,85.73
1995-04-15,27.57,83.04
1995-04-16,28.14,80.97
1995-04-17,27.92,82.7
1995-04-18,27.8,84.19
1995-04-19,27.42,86.49
1995-04-20,27.39,85.73
1995-04-21,27.08,87.38
1995-04-22,27.69,83.38
1995-04-23,28,82.41
1995-04-24,27.18,87.02
1995-04-25,27.57,84.67
1995-04-26,27.23,86.75
1995-04-27,27.62,86.14
1995-04-28,27.14,86.51
1995-04-29,27.74,83.46
1995-04-30,27.55,85.57
1995-05-01,27.57,84.85
1995-05-02,27.62,86.84
1995-05-03,27.2,88.15
1995-05-04,26.97,86.75
1995-05-05,27.38,85.53
1995-05-06,27.62,85.94
1995-05-07,27.38,87.49
1995-05-08,27.66,86.58
1995-05-09,27.99,83.56
1995-05-10,26.02,90.62
1995-05-11,26.89,86.73
1995-05-12,27.25,87.79
1995-05-13,27.51,86.89
1995-05-14,27.08,85.8
1995-05-15,27.92,84.02
1995-05-16,28.13,82.85
1995-05-17,28.06,84.34
1995-05-18,28.07,83.33
1995-05-19,28.29,78.24
1995-05-20,27.63,83.75
1995-05-21,27.25,84.72
1995-05-22,27.54,85.94
1995-05-23,27.4,88.12
1995-05-24,27.09,85.84
1995-05-25,27.44,84.47
1995-05-26,27.65,85.48
1995-05-27,27.41,87.97
1995-05-28,27.33,88.23
1995-05-29,27.68,82.31
1995-05-30,27.53,82.24
1995-05-31,27.66,84.01
1995-06-01,27.7,84.84
1995-06-02,27.84,85.44
1995-06-03,28.1,84.03
1995-06-04,27.95,85.69
1995-06-05,27.61,85.3
1995-06-06,27.89,84.53
1995-06-07,27.97,85.05
1995-06-08,27.85,86.24
1995-06-09,27.74,86.37
1995-06-10,27.78,84.8
1995-06-11,27.76,85.08
1995-06-12,27.83,87.01
1995-06-13,28.07,84.39
1995-06-14,28.61,78.99
1995-06-15,27.43,84.91
1995-06-16,27.62,83.65
1995-06-17,27.94,86.58
1995-06-18,27.54,84.24
1995-06-19,27.43,85
1995-06-20,26.82,86.64
1995-06-21,27.32,80.22
1995-06-22,27.23,84.02
1995-06-23,27.38,83.57
1995-06-24,27.47,85.78
1995-06-25,26.86,85.17
1995-06-26,27.7,80.89
1995-06-27,27.62,84.16
1995-06-28,26.72,87.17
1995-06-29,27.11,86.32
1995-06-30,27.07,87.9
1995-07-01,26.48,88.71
1995-07-02,25.86,89.53
1995-07-03,26.52,88.73
1995-07-04,26.74,88.37
1995-07-05,26.51,81.65
1995-07-06,27.33,82.78
1995-07-07,27.34,84.08
1995-07-08,27.79,84.1
1995-07-09,27.24,86.76
1995-07-10,26.61,86.24
1995-07-11,26.9,84.85
1995-07-12,26.84,86.22
1995-07-13,27.41,85.72
1995-07-14,27.26,84.28
1995-07-15,27.29,82.58
1995-07-16,27.21,86.82
1995-07-17,26.88,88.87
1995-07-18,26.06,87.92
1995-07-19,26.1,85.09
1995-07-20,26.71,84.47
1995-07-21,27,84.95
1995-07-22,27.13,85.74
1995-07-23,26.84,87.36
1995-07-24,25.92,88.67
1995-07-25,26.78,82.95
1995-07-26,26.58,85.97
1995-07-27,25.97,89.3
1995-07-28,26.57,85.97
1995-07-29,26.7,83.77
1995-07-30,26.83,82.21
1995-07-31,27.17,83.58
1995-08-01,26.54,84.46
1995-08-02,26.02,85.71
1995-08-03,26.36,86.87
1995-08-04,26.82,86.84
1995-08-05,26.68,86.86
1995-08-06,26.35,87.52
1995-08-07,26.59,87.92
1995-08-08,26.42,84.87
1995-08-09,27.07,83.01
1995-08-10,26.76,86.42
1995-08-11,26.06,88.33
1995-08-12,26.17,87.42
1995-08-13,26.47,88.11
1995-08-14,26.42,87.94
1995-08-15,26.25,88.54
1995-08-16,25.95,89.34
1995-08-17,26.41,88.43
1995-08-18,26.69,87.27
1995-08-19,26.7,88.17
1995-08-20,26.52,88.35
1995-08-21,26.63,88.62
1995-08-22,26.93,88.41
1995-08-23,27.15,84.79
1995-08-24,27.33,85.57
1995-08-25,26.79,90.12
1995-08-26,26.56,88.25
1995-08-27,27.1,83.81
1995-08-28,27.27,82.25
1995-08-29,26.83,84.29
1995-08-30,27.23,86.45
1995-08-31,26.68,89.83
1995-09-01,26.46,88.61
1995-09-02,27.31,83.66
1995-09-03,27.18,84.25
1995-09-04,27.04,84.96
1995-09-05,26.84,87.81
1995-09-06,26.04,86.75
1995-09-07,26.91,85.89
1995-09-08,26.39,86.62
1995-09-09,26.29,88.23
1995-09-10,26.91,85.09
1995-09-11,27.06,84.56
1995-09-12,26.98,84.66
1995-09-13,27.11,84.87
1995-09-14,27,87.94
1995-09-15,26.82,84.68
1995-09-16,26.99,84.24
1995-09-17,27.17,82.2
1995-09-18,26.99,83.86
1995-09-19,27.03,84.65
1995-09-20,26.57,86.78
1995-09-21,27.1,85.2
1995-09-22,27.34,81.75
1995-09-23,27.47,82.59
1995-09-24,26.46,89.45
1995-09-25,26.94,84.55
1995-09-26,26.83,85.19
1995-09-27,27.54,80.08
1995-09-28,27.55,84.03
1995-09-29,26.49,87.12
1995-09-30,27.41,84.42
1995-10-01,27.44,83.08
1995-10-02,27,87.21
1995-10-03,26.8,88.19
1995-10-04,26.82,87.67
1995-10-05,26.77,87.71
1995-10-06,26.99,84.56
1995-10-07,27.47,81.44
1995-10-08,27.84,79.78
1995-10-09,27.63,81.71
1995-10-10,27.21,84.55
1995-10-11,26.64,86.54
1995-10-12,26.91,86.27
1995-10-13,26.93,85.8
1995-10-14,26.86,85.31
1995-10-15,27.36,82.4
1995-10-16,27.45,84.76
1995-10-17,27.12,84.56
1995-10-18,27.62,80.23
1995-10-19,27.9,80.26
1995-10-20,26.89,79.87
1995-10-21,27.31,84.53
1995-10-22,27.05,84.33
1995-10-23,27.06,87.53
1995-10-24,26.89,87.12
1995-10-25,27.1,85.81
1995-10-26,27.7,83.43
1995-10-27,27.65,83.49
1995-10-28,27.36,84.55
1995-10-29,26.56,88.7
1995-10-30,27.22,87.24
1995-10-31,27.36,86.04
1995-11-01,27.23,85.07
1995-11-02,27.06,84.83
1995-11-03,27.78,82.12
1995-11-04,27.25,85.2
1995-11-05,27.05,85.04
1995-11-06,26.94,83.32
1995-11-07,27.64,79.89
1995-11-08,26.95,85.75
1995-11-09,27.24,82.67
1995-11-10,27.14,85.05
1995-11-11,27.15,83.09
1995-11-12,26.86,84.89
1995-11-13,27.25,86.55
1995-11-14,26.81,87.89
1995-11-15,26.6,89.46
1995-11-16,26.26,90.64
1995-11-17,26.13,91.61
1995-11-18,26.25,90.39
1995-11-19,26.81,84.42
1995-11-20,27.1,84.38
1995-11-21,27.36,84.4
1995-11-22,26.72,85.92
1995-11-23,26.95,87.32
1995-11-24,25.59,92.25
1995-11-25,25.63,91.09
1995-11-26,25.42,90.66
1995-11-27,25.78,90.02
1995-11-28,26.86,86.49
1995-11-29,25.98,90.25
1995-11-30,26.34,89.36
1995-12-01,26.38,89.51
1995-12-02,25.95,89.96
1995-12-03,26.06,91.29
1995-12-04,25.35,93.6
1995-12-05,25.03,91.59
1995-12-06,25.24,89.4
1995-12-07,25.69,86.56
1995-12-08,25.38,89.17
1995-12-09,24.99,90.69
1995-12-10,25.56,88.36
1995-12-11,25.7,87.16
1995-12-12,26.09,87.61
1995-12-13,26.34,87.47
1995-12-14,26.26,88.43
1995-12-15,26.24,85.75
1995-12-16,26.42,86.61
1995-12-17,26.17,88.56
1995-12-18,26.53,86.94
1995-12-19,26.07,89.53
1995-12-20,26.01,87.77
1995-12-21,25.86,89.11
1995-12-22,25.8,90.24
1995-12-23,25.61,89.43
1995-12-24,25.25,92.27
1995-12-25,25.28,92.03
1995-12-26,25.59,89.35
1995-12-27,25.56,90.71
1995-12-28,25.53,92.84
1995-12-29,25.21,90.46
1995-12-30,24.71,87.15
1995-12-31,24.26,84.98
1996-01-01,23.95,84.16
1996-01-02,24.2,83.91
1996-01-03,24.01,83.04
1996-01-04,24.3,83.79
1996-01-05,24.78,87.06
1996-01-06,25.09,87.76
1996-01-07,25.28,87.85
1996-01-08,25.26,89.21
1996-01-09,25.14,89.77
1996-01-10,25.39,89.21
1996-01-11,25.32,89.5
1996-01-12,25.31,87.45
1996-01-13,25.09,87.78
1996-01-14,25.07,86.8
1996-01-15,24.67,85.19
1996-01-16,24.49,84.83
1996-01-17,24.48,84.52
1996-01-18,25.01,84.21
1996-01-19,25.49,86.08
1996-01-20,25.26,88.98
1996-01-21,25.51,87.72
1996-01-22,25.04,88.84
1996-01-23,25.65,88.37
1996-01-24,25.72,89.17
1996-01-25,25.5,90.12
1996-01-26,25.89,87.38
1996-01-27,25.67,87.79
1996-01-28,25.2,90.75
1996-01-29,25.17,90.94
1996-01-30,25.2,89.92
1996-01-31,25.42,89.64
1996-02-01,24.76,92.03
1996-02-02,25.52,89.77
1996-02-03,25.42,89.18
1996-02-04,25.57,88.31
1996-02-05,25.55,88.24
1996-02-06,25.43,87.96
1996-02-07,25.28,88.59
1996-02-08,25.21,87.11
1996-02-09,25.4,86.96
1996-02-10,24.75,86.93
1996-02-11,25,88.04
1996-02-12,25.3,88.78
1996-02-13,25.99,87.67
1996-02-14,25.8,88.28
1996-02-15,26.02,88.99
1996-02-16,26.26,87.71
1996-02-17,26.31,88.04
1996-02-18,26.4,87.11
1996-02-19,25.72,88.65
1996-02-20,25.58,87.7
1996-02-21,25.2,87.45
1996-02-22,25.31,87.49
1996-02-23,25.34,87.06
1996-02-24,25.01,86.69
1996-02-25,25.26,85.08
1996-02-26,25.25,84.83
1996-02-27,25.05,82.47
1996-02-28,24.87,82.59
1996-02-29,24.89,83.14
1996-03-01,25.18,82.94
1996-03-02,25.29,84.43
1996-03-03,24.95,83.39
1996-03-04,24.69,81.35
1996-03-05,24.93,82.12
1996-03-06,25.44,81.53
1996-03-07,25.6,84.96
1996-03-08,25.79,86
1996-03-09,25.93,84.88
1996-03-10,25.86,85.84
1996-03-11,26.18,85.49
1996-03-12,25.68,83.83
1996-03-13,25.84,83.27
1996-03-14,26.55,83.56
1996-03-15,26.71,85.62
1996-03-16,27.09,85.24
1996-03-17,27.29,83.96
1996-03-18,27.6,82.89
1996-03-19,26.98,85.46
1996-03-20,27.71,81.68
1996-03-21,26.78,86.54
1996-03-22,26.99,84.67
1996-03-23,26.79,87.11
1996-03-24,27,86.35
1996-03-25,27.36,85.35
1996-03-26,27.3,85.38
1996-03-27,26.92,86.4
1996-03-28,26.66,88.14
1996-03-29,26.93,88.09
1996-03-30,27.28,86.87
1996-03-31,27.67,85.43
1996-04-01,26.57,89.17
1996-04-02,28.42,76
1996-04-03,27.39,85.16
1996-04-04,26.6,87.65
1996-04-05,26.87,84.75
1996-04-06,27.1,82.19
1996-04-07,27.39,79.7
1996-04-08,28.32,73.91
1996-04-09,28.05,77.45
1996-04-10,28.06,80.58
1996-04-11,27.58,82.44
1996-04-12,27.34,83.12
1996-04-13,27.44,80.79
1996-04-14,27.9,80.15
1996-04-15,27.4,83.89
1996-04-16,28.38,77.91
1996-04-17,27.69,83.65
1996-04-18,28.26,79.98
1996-04-19,27.74,82.81
1996-04-20,27.48,84.57
1996-04-21,27.07,85.82
1996-04-22,27.46,83.43
1996-04-23,26.85,88.08
1996-04-24,26.93,86.79
1996-04-25,27.51,85.25
1996-04-26,27.29,87.07
1996-04-27,27.35,86.21
1996-04-28,28.05,82.4
1996-04-29,27.42,87.42
1996-04-30,27.19,87.47
1996-05-01,26.81,88.15
1996-05-02,26.77,88.91
1996-05-03,27.77,86.51
1996-05-04,27.32,85.58
1996-05-05,27.6,86.38
1996-05-06,27.47,86.45
1996-05-07,27.62,85.88
1996-05-08,27.46,86.95
1996-05-09,27.46,85.43
1996-05-10,27.36,85.04
1996-05-11,27.33,83.05
1996-05-12,27.35,84.2
1996-05-13,27.04,84.14
1996-05-14,27.71,80.44
1996-05-15,27.43,84.61
1996-05-16,27.3,83.56
1996-05-17,28.02,78.5
1996-05-18,28.24,79.45
1996-05-19,28.28,81.89
1996-05-20,28.22,83.57
1996-05-21,27.67,86.65
1996-05-22,27.13,88.95
1996-05-23,27.23,85.56
1996-05-24,27.08,85.72
1996-05-25,27.88,80.59
1996-05-26,27.9,81.45
1996-05-27,27.78,84
1996-05-28,27.6,84.38
1996-05-29,27.26,85.62
1996-05-30,27.28,86.2
1996-05-31,27.69,84.52
1996-06-01,27.6,84.09
1996-06-02,27.54,85.6
1996-06-03,27.27,86.23
1996-06-04,27.72,82.57
1996-06-05,27.36,85.08
1996-06-06,27.66,85.66
1996-06-07,27.31,85.86
1996-06-08,26.48,87.88
1996-06-09,26.95,86.68
1996-06-10,27.13,86.52
1996-06-11,27.19,84.62
1996-06-12,27.48,85.48
1996-06-13,27.39,87.56
1996-06-14,25.6,85.53
1996-06-15,26.79,84.79
1996-06-16,27.24,89.25
1996-06-17,26.67,90.14
1996-06-18,26.65,86.6
1996-06-19,27.47,86.16
1996-06-20,27.48,87.93
1996-06-21,27.34,84.87
1996-06-22,27.67,84.18
1996-06-23,27.36,86.09
1996-06-24,27,86.92
1996-06-25,27.2,85.06
1996-06-26,27.29,84.7
1996-06-27,27.26,83.47
1996-06-28,27.58,80.35
1996-06-29,27.29,84.15
1996-06-30,26.98,85.44
1996-07-01,26.71,84.96
1996-07-02,27.16,85.82
1996-07-03,26.93,87.55
1996-07-04,26.88,84.45
1996-07-05,26.64,86.57
1996-07-06,26.41,89.07
1996-07-07,26.22,87.73
1996-07-08,26.55,88.33
1996-07-09,26.4,90.36
1996-07-10,26.62,90.06
1996-07-11,26.27,90.41
1996-07-12,26.52,89.73
1996-07-13,26.65,83.41
1996-07-14,26.92,83.57
1996-07-15,26.86,85.39
1996-07-16,26.77,83.75
1996-07-17,27.28,85.05
1996-07-18,27.56,85.79
1996-07-19,27.58,83.88
1996-07-20,27.52,84.21
1996-07-21,27.46,83.43
1996-07-22,27.55,82.62
1996-07-23,27.22,82.16
1996-07-24,27.51,81.4
1996-07-25,27.47,83.56
1996-07-26,27.18,84.2
1996-07-27,26.67,86.66
1996-07-28,27.01,84.44
1996-07-29,27.16,86.1
1996-07-30,27.1,85.08
1996-07-31,27.25,83.76
1996-08-01,26.76,85.37
1996-08-02,27.64,82.47
1996-08-03,26.43,83.8
1996-08-04,27.24,83.6
1996-08-05,27.31,84.29
1996-08-06,26.77,86.26
1996-08-07,26.89,86.69
1996-08-08,26.28,88.79
1996-08-09,26.47,85.53
1996-08-10,26,89.71
1996-08-11,26.02,89.93
1996-08-12,26.04,89.72
1996-08-13,26.32,89.72
1996-08-14,26.41,88.42
1996-08-15,26.58,87.03
1996-08-16,26.1,86.5
1996-08-17,26.26,84.15
1996-08-18,26.3,83.71
1996-08-19,25.58,83.9
1996-08-20,25.96,87.24
1996-08-21,25.67,88.41
1996-08-22,26.52,84.1
1996-08-23,26.68,86.22
1996-08-24,26.33,87.46
1996-08-25,26.65,84.74
1996-08-26,25.95,88.17
1996-08-27,26.13,87.14
1996-08-28,25.86,87.07
1996-08-29,26.02,87.05
1996-08-30,26.14,88.29
1996-08-31,26.07,85.17
1996-09-01,26.15,87.55
1996-09-02,25.33,90.38
1996-09-03,25.59,90.92
1996-09-04,26.41,84.27
1996-09-05,26.13,87.17
1996-09-06,26.19,85.45
1996-09-07,26.24,86.9
1996-09-08,26.26,87.1
1996-09-09,26.49,86.54
1996-09-10,26.54,87.06
1996-09-11,26.16,87.65
1996-09-12,26.64,87.24
1996-09-13,26.93,88.48
1996-09-14,27.36,87.78
1996-09-15,27.49,87.47
1996-09-16,26.82,89.54
1996-09-17,26.22,91.1
1996-09-18,26.18,88.79
1996-09-19,26.6,84.53
1996-09-20,26.75,86.84
1996-09-21,27.2,85.52
1996-09-22,26.84,86.61
1996-09-23,27.18,85.3
1996-09-24,27.23,84.15
1996-09-25,26.94,82.12
1996-09-26,27.35,81.58
1996-09-27,27.08,84.7
1996-09-28,26.61,83.6
1996-09-29,26.92,84.73
1996-09-30,27.03,85.32
1996-10-01,27.15,83.44
1996-10-02,26.15,89.75
1996-10-03,26.47,83.59
1996-10-04,27.24,82.52
1996-10-05,27.87,79.75
1996-10-06,26.97,84.37
1996-10-07,26.25,86.53
1996-10-08,26.47,82.65
1996-10-09,26.78,85.46
1996-10-10,27.2,81.66
1996-10-11,26.85,84.42
1996-10-12,26.57,88.06
1996-10-13,26.95,86.58
1996-10-14,26.98,85.71
1996-10-15,26.75,85.77
1996-10-16,26.5,88.38
1996-10-17,26.04,87.89
1996-10-18,26.56,87.93
1996-10-19,26.96,85.65
1996-10-20,26.55,87.91
1996-10-21,25.81,87.41
1996-10-22,26.62,86.33
1996-10-23,26.89,86.51
1996-10-24,27.08,86.46
1996-10-25,26.87,85.98
1996-10-26,26.21,89.73
1996-10-27,25.41,90.82
1996-10-28,26.51,88.05
1996-10-29,26.5,88.02
1996-10-30,26.95,82.79
1996-10-31,26.44,82.5
1996-11-01,26.73,82.45
1996-11-02,27.1,79.46
1996-11-03,26.93,82.35
1996-11-04,26.93,83.56
1996-11-05,27.16,83.74
1996-11-06,26.75,86.84
1996-11-07,25.01,86.88
1996-11-08,26.7,85.2
1996-11-09,26.17,89.6
1996-11-10,26.21,86.7
1996-11-11,26.69,86.91
1996-11-12,26.12,89.47
1996-11-13,26.03,86.98
1996-11-14,27,81.68
1996-11-15,26.55,85.25
1996-11-16,26.95,83.97
1996-11-17,26.83,82.24
1996-11-18,26.44,87.13
1996-11-19,26.04,88.2
1996-11-20,26.23,88.14
1996-11-21,25.86,88.12
1996-11-22,26.92,84.42
1996-11-23,26.74,85.65
1996-11-24,27.36,82.19
1996-11-25,26.78,85.54
1996-11-26,26.52,88.38
1996-11-27,26.8,86.13
1996-11-28,26.45,86.99
1996-11-29,27.39,81.78
1996-11-30,26.68,88.04
1996-12-01,26.9,82.74
1996-12-02,26.78,86.57
1996-12-03,26.67,87.58
1996-12-04,26.8,86.42
1996-12-05,26.41,86.75
1996-12-06,26.24,86.66
1996-12-07,25.68,90.38
1996-12-08,26.22,86.89
1996-12-09,25.4,90.54
1996-12-10,25.18,90.7
1996-12-11,25.59,90.03
1996-12-12,25.27,91.98
1996-12-13,25.37,91.79
1996-12-14,25.19,92.01
1996-12-15,25.38,89.46
1996-12-16,24.88,88.69
1996-12-17,25.49,89.07
1996-12-18,25.35,88.83
1996-12-19,25.59,89.1
1996-12-20,26.4,87.24
1996-12-21,25.9,89.17
1996-12-22,25.95,88.49
1996-12-23,25.42,89.61
1996-12-24,25.28,90.27
1996-12-25,25.61,86.78
1996-12-26,25.17,88.04
1996-12-27,24.58,89.25
1996-12-28,24.91,85.55
1996-12-29,24.73,84.99
1996-12-30,24.56,84.48
1996-12-31,24.88,85.26
1997-01-01,24.53,83.6
1997-01-02,24.38,82.75
1997-01-03,24.65,83.65
1997-01-04,24.98,84.39
1997-01-05,25.13,85.02
1997-01-06,24.92,86.06
1997-01-07,25.16,85.35
1997-01-08,25.38,86.19
1997-01-09,25.17,85.29
1997-01-10,24.87,84.76
1997-01-11,25.35,85.11
1997-01-12,25.06,86.46
1997-01-13,25.2,86.11
1997-01-14,24.91,86.21
1997-01-15,25.18,86.33
1997-01-16,25.11,87.92
1997-01-17,25.68,87.46
1997-01-18,25.6,86.32
1997-01-19,25.6,85.4
1997-01-20,25.61,83.2
1997-01-21,25.95,84.72
1997-01-22,25.97,84.15
1997-01-23,26.3,81.81
1997-01-24,26.25,83.94
1997-01-25,25.79,81.36
1997-01-26,25.61,83.42
1997-01-27,25.71,82.82
1997-01-28,25.39,84.52
1997-01-29,25.89,83.73
1997-01-30,25.75,85.86
1997-01-31,26.25,85.26
1997-02-01,26.22,86.88
1997-02-02,26.78,85.24
1997-02-03,25.6,88.54
1997-02-04,25.98,85.64
1997-02-05,26.35,84.01
1997-02-06,26.73,85.23
1997-02-07,26.41,82.51
1997-02-08,26.04,85.81
1997-02-09,26.35,85.76
1997-02-10,27.05,81.79
1997-02-11,27.11,82.96
1997-02-12,27.15,82.66
1997-02-13,26.67,86.96
1997-02-14,26.16,88.31
1997-02-15,26.47,85.81
1997-02-16,26.3,86.4
1997-02-17,26.15,86.45
1997-02-18,25.03,85.05
1997-02-19,25.47,86.1
1997-02-20,25.31,86.41
1997-02-21,25.73,87.65
1997-02-22,25.72,88.55
1997-02-23,25.56,89.04
1997-02-24,26.15,84.89
1997-02-25,25.62,88.81
1997-02-26,26.04,84.65
1997-02-27,26.11,84.08
1997-02-28,26.28,82.85
1997-03-01,26.37,82.29
1997-03-02,26.19,82.62
1997-03-03,25.81,80.88
1997-03-04,26.07,80.9
1997-03-05,26.19,80.93
1997-03-06,26.39,82.11
1997-03-07,26.76,84.02
1997-03-08,26.34,82.67
1997-03-09,26.52,82.83
1997-03-10,26.67,82.89
1997-03-11,27.16,82.5
1997-03-12,26.84,83.67
1997-03-13,27.16,82.77
1997-03-14,27.19,81.55
1997-03-15,27.38,81.41
1997-03-16,27.05,81.78
1997-03-17,26.97,83.73
1997-03-18,26.63,81.21
1997-03-19,27.81,75.9
1997-03-20,27.63,80.02
1997-03-21,27.75,80.81
1997-03-22,27.84,79.9
1997-03-23,27.14,83.65
1997-03-24,27.27,83.86
1997-03-25,27.57,82.61
1997-03-26,26.92,81.04
1997-03-27,27.71,80.72
1997-03-28,27.38,82.82
1997-03-29,27.56,80.7
1997-03-30,27.52,81.39
1997-03-31,27.32,83.34
1997-04-01,26.35,86.58
1997-04-02,28.28,75.65
1997-04-03,27.65,80.74
1997-04-04,27.72,81.31
1997-04-05,27.2,83.95
1997-04-06,27.18,84.41
1997-04-07,27.41,82.18
1997-04-08,26.86,85.79
1997-04-09,27.48,82.84
1997-04-10,26.92,85.35
1997-04-11,27.25,82.78
1997-04-12,27.32,83.4
1997-04-13,26.75,83.67
1997-04-14,27.66,80.45
1997-04-15,27.72,81.21
1997-04-16,27.4,81.06
1997-04-17,27.43,80.67
1997-04-18,27.2,81.28
1997-04-19,27.74,81.07
1997-04-20,28.36,77.01
1997-04-21,28.24,79.65
1997-04-22,28.27,76.59
1997-04-23,28.29,78.31
1997-04-24,27.82,83.45
1997-04-25,27.77,82.54
1997-04-26,27.66,84.2
1997-04-27,27.49,85.03
1997-04-28,27.8,82.95
1997-04-29,27.79,82.19
1997-04-30,28.19,79.81
1997-05-01,28.22,80.48
1997-05-02,28.8,77.93
1997-05-03,28.38,77.77
1997-05-04,28.52,77.39
1997-05-05,28.45,79.83
1997-05-06,28.58,81.3
1997-05-07,28.16,83.3
1997-05-08,27.89,82.72
1997-05-09,28.63,77.31
1997-05-10,28.18,79.9
1997-05-11,28.11,81.76
1997-05-12,27.9,83.14
1997-05-13,27.83,83.34
1997-05-14,27.47,88.89
1997-05-15,27.05,88.04
1997-05-16,27.58,81.27
1997-05-17,27.33,85.24
1997-05-18,27.52,84.23
1997-05-19,27.82,79.62
1997-05-20,27.44,81.29
1997-05-21,28.17,76.61
1997-05-22,28.08,79.39
1997-05-23,28.15,82.69
1997-05-24,27.79,84.57
1997-05-25,27.66,84.25
1997-05-26,27.99,83.22
1997-05-27,28.15,80.21
1997-05-28,28.03,83.13
1997-05-29,27.71,82.91
1997-05-30,28.33,79.81
1997-05-31,28.63,79.24
1997-06-01,28.63,78.54
1997-06-02,28.25,76.88
1997-06-03,28.32,75.96
1997-06-04,28.02,79.94
1997-06-05,28.08,79.54
1997-06-06,27.94,81.09
1997-06-07,27.78,83.18
1997-06-08,27.67,84.31
1997-06-09,27.59,81.18
1997-06-10,27.73,80.98
1997-06-11,27.6,83.8
1997-06-12,27.71,83.16
1997-06-13,27.33,82.37
1997-06-14,27.82,79.63
1997-06-15,28.19,78.58
1997-06-16,28.3,78.18
1997-06-17,28.2,79.01
1997-06-18,28.04,78.25
1997-06-19,28.3,76.55
1997-06-20,28.25,78.63
1997-06-21,28,79.63
1997-06-22,28.03,80.58
1997-06-23,28.14,79.93
1997-06-24,27.96,80.12
1997-06-25,27.94,79.71
1997-06-26,27.7,83.43
1997-06-27,27.68,78.71
1997-06-28,28.15,77.51
1997-06-29,28,80.97
1997-06-30,27.47,83.34
1997-07-01,26.83,86.34
1997-07-02,27.11,82.3
1997-07-03,26.61,82.61
1997-07-04,26.79,83.49
1997-07-05,26.68,86.35
1997-07-06,26.96,83.91
1997-07-07,27.02,81.56
1997-07-08,27.94,73.94
1997-07-09,27.68,72.5
1997-07-10,27.52,76.37
1997-07-11,27.53,80.41
1997-07-12,27.84,77.74
1997-07-13,27.86,78.08
1997-07-14,28.07,78.43
1997-07-15,27.94,78.92
1997-07-16,27.91,80.23
1997-07-17,28.05,80.74
1997-07-18,28.06,80.82
1997-07-19,28.32,79.93
1997-07-20,27.94,79.12
1997-07-21,28.17,75.43
1997-07-22,28.07,71.14
1997-07-23,28.68,69.14
1997-07-24,28.1,72.23
1997-07-25,27.45,78.53
1997-07-26,28.17,77.03
1997-07-27,28.54,74.81
1997-07-28,28.61,74.53
1997-07-29,28.54,76.69
1997-07-30,28.67,74.2
1997-07-31,28.91,72.32
1997-08-01,28.84,73.8
1997-08-02,28.11,75.46
1997-08-03,28.13,76.4
1997-08-04,28.31,77.57
1997-08-05,27.03,85.25
1997-08-06,25.95,88.43
1997-08-07,27.01,84.67
1997-08-08,27.54,81.86
1997-08-09,27.83,80.62
1997-08-10,28.06,78.35
1997-08-11,27.98,78.99
1997-08-12,28.01,78.65
1997-08-13,28.01,78.01
1997-08-14,27.9,78.31
1997-08-15,27.87,78.53
1997-08-16,27.78,78.22
1997-08-17,27.78,77.07
1997-08-18,27.49,76.05
1997-08-19,28.08,77.46
1997-08-20,27.92,78.61
1997-08-21,26.7,83.85
1997-08-22,26.84,83.59
1997-08-23,26.16,89.59
1997-08-24,27.05,84.18
1997-08-25,27.31,84.42
1997-08-26,27.33,82.97
1997-08-27,26.86,84.6
1997-08-28,27.18,85.9
1997-08-29,26.87,84.66
1997-08-30,27.24,82.82
1997-08-31,26.44,86.69
1997-09-01,26.74,85.03
1997-09-02,27.81,77.22
1997-09-03,28.27,76.89
1997-09-04,27.64,79.49
1997-09-05,27.64,79.42
1997-09-06,27.17,80.64
1997-09-07,27.82,77.01
1997-09-08,27.83,78.93
1997-09-09,27.35,80.68
1997-09-10,27.47,74.99
1997-09-11,27.91,74.09
1997-09-12,28.22,75.89
1997-09-13,28.14,77.09
1997-09-14,27.59,82.01
1997-09-15,27,80.5
1997-09-16,27.65,75.21
1997-09-17,27.46,74.47
1997-09-18,27.73,75.36
1997-09-19,27.41,77.1
1997-09-20,27.57,77.77
1997-09-21,26.61,85.03
1997-09-22,27.33,72.82
1997-09-23,27.6,75.17
1997-09-24,28.13,75.55
1997-09-25,27.47,77.71
1997-09-26,27.94,76.28
1997-09-27,27.33,80.94
1997-09-28,27.38,81.9
1997-09-29,27.07,82.1
1997-09-30,27.12,82.34
1997-10-01,27.76,75.77
1997-10-02,27.15,81.8
1997-10-03,26.47,82.56
1997-10-04,26.78,82.94
1997-10-05,26.45,85.19
1997-10-06,26.28,84.64
1997-10-07,26.51,84.68
1997-10-08,26.67,82.54
1997-10-09,27.09,81.83
1997-10-10,27.19,78.43
1997-10-11,27.42,77.69
1997-10-12,26.57,80.76
1997-10-13,27.2,81.84
1997-10-14,28.4,75.5
1997-10-15,28.46,76.62
1997-10-16,28.33,78.94
1997-10-17,28.13,78.79
1997-10-18,28.34,75.23
1997-10-19,28.23,77.1
1997-10-20,27.92,79.08
1997-10-21,28.51,76.49
1997-10-22,28.16,76.77
1997-10-23,28.03,75.57
1997-10-24,28.13,77.11
1997-10-25,27.78,77.76
1997-10-26,28.23,76.22
1997-10-27,28.04,78.98
1997-10-28,27.59,83.69
1997-10-29,27.26,84.63
1997-10-30,27.83,79.17
1997-10-31,27.92,76.57
1997-11-01,27.48,81.73
1997-11-02,27.66,78.88
1997-11-03,27.9,80.84
1997-11-04,28.07,80.95
1997-11-05,27.28,83.95
1997-11-06,27.59,80.59
1997-11-07,27.91,78.88
1997-11-08,28.55,76.16
1997-11-09,27.6,81.44
1997-11-10,27.22,83.54
1997-11-11,27.47,79.51
1997-11-12,26.99,82.53
1997-11-13,27.54,81.02
1997-11-14,27.13,82.64
1997-11-15,27.96,77.05
1997-11-16,27.19,84.16
1997-11-17,26.93,85.82
1997-11-18,25.98,87.37
1997-11-19,26.04,85.87
1997-11-20,26.5,87.42
1997-11-21,25.98,87.44
1997-11-22,26.5,84.19
1997-11-23,26.79,84.11
1997-11-24,27.03,82.99
1997-11-25,27.85,79.43
1997-11-26,27.38,83.29
1997-11-27,27.05,84.28
1997-11-28,26.91,84.3
1997-11-29,26.58,86.35
1997-11-30,26.9,85.27
1997-12-01,27.09,85.84
1997-12-02,26.93,88.76
1997-12-03,26.74,88.18
1997-12-04,26.69,88.59
1997-12-05,26.54,87.25
1997-12-06,26.53,88.71
1997-12-07,27,88.94
1997-12-08,26.75,87.23
1997-12-09,26.86,87.76
1997-12-10,27.04,87.32
1997-12-11,26.53,90.68
1997-12-12,26.57,90.36
1997-12-13,27.01,88.15
1997-12-14,26.92,88.84
1997-12-15,27.1,90.94
1997-12-16,26.81,90.3
1997-12-17,26.5,88.99
1997-12-18,26.35,91.7
1997-12-19,26.07,92.39
1997-12-20,25.92,91.93
1997-12-21,26.17,89.55
1997-12-22,25.75,89.97
1997-12-23,26.67,86.67
1997-12-24,26.23,90.55
1997-12-25,26.27,90.7
1997-12-26,26.14,85.44
1997-12-27,26.17,82.63
1997-12-28,26.6,87.02
1997-12-29,26.02,88.32
1997-12-30,25.95,88.42
1997-12-31,26.43,89.35
1998-01-01,26.05,91.8
1998-01-02,26.51,89.59
1998-01-03,26.41,89.19
1998-01-04,26.11,90.8
1998-01-05,26.27,89.89
1998-01-06,26.11,90.53
1998-01-07,26.27,92.38
1998-01-08,26.91,89.16
1998-01-09,26.5,90.01
1998-01-10,26.94,87.5
1998-01-11,27.17,87.84
1998-01-12,26.74,88.48
1998-01-13,26.82,84.89
1998-01-14,26.96,85.75
1998-01-15,27.47,86.63
1998-01-16,27.72,85.99
1998-01-17,27.51,84.59
1998-01-18,27.7,84.4
1998-01-19,27.37,83.85
1998-01-20,27.14,82.39
1998-01-21,26.81,80.16
1998-01-22,26.71,81.81
1998-01-23,27.06,83.32
1998-01-24,27.3,84.01
1998-01-25,27.12,84.22
1998-01-26,27.15,83.5
1998-01-27,27.46,83.49
1998-01-28,27.46,85.97
1998-01-29,26.79,87.92
1998-01-30,26.92,88.24
1998-01-31,26.6,88.2
1998-02-01,27.18,87.15
1998-02-02,26.88,86.67
1998-02-03,26.93,86.78
1998-02-04,26.8,87.16
1998-02-05,26.35,87.23
1998-02-06,26.4,84.04
1998-02-07,26.62,80.94
1998-02-08,26.83,80.27
1998-02-09,26.74,80.55
1998-02-10,26.97,76.26
1998-02-11,27.22,80.12
1998-02-12,27.26,85.38
1998-02-13,27.56,84.89
1998-02-14,27.3,84.13
1998-02-15,27.78,85.01
1998-02-16,27.72,84.41
1998-02-17,27.48,84.75
1998-02-18,27.2,81.25
1998-02-19,27.38,82.38
1998-02-20,28.03,81.55
1998-02-21,28.26,81.59
1998-02-22,27.54,86.08
1998-02-23,27.66,84.6
1998-02-24,28.23,80.17
1998-02-25,28.09,81.21
1998-02-26,27.84,80.62
1998-02-27,27.46,80.61
1998-02-28,27.56,78.98
1998-03-01,27.29,78.06
1998-03-02,27.94,78.59
1998-03-03,27.19,85.6
1998-03-04,27.4,83.23
1998-03-05,28.14,81.32
1998-03-06,28.3,81.66
1998-03-07,28.29,83.84
1998-03-08,28.53,81.4
1998-03-09,27.76,84.94
1998-03-10,28.21,82.53
1998-03-11,28.84,81.11
1998-03-12,27.36,83.12
1998-03-13,27.85,85.23
1998-03-14,27.97,82.14
1998-03-15,28.04,80.69
1998-03-16,28.11,81.68
1998-03-17,28.45,80.32
1998-03-18,28.3,79.33
1998-03-19,28.41,79
1998-03-20,28.39,80.92
1998-03-21,28.22,81.1
1998-03-22,28.51,78.9
1998-03-23,28.91,78.49
1998-03-24,28.55,77.19
1998-03-25,28.62,77.05
1998-03-26,28.9,79.56
1998-03-27,28.47,82.8
1998-03-28,28.64,77.9
1998-03-29,28.61,79.31
1998-03-30,27.98,84.47
1998-03-31,27.98,82.58
1998-04-01,28.6,81.59
1998-04-02,28.43,83.52
1998-04-03,27.71,86.45
1998-04-04,27.58,84.71
1998-04-05,27.9,86.25
1998-04-06,27.83,83.05
1998-04-07,28.13,80.39
1998-04-08,28.58,79.02
1998-04-09,28.94,79.42
1998-04-10,29.06,81.39
1998-04-11,28.82,81.15
1998-04-12,28.62,83.16
1998-04-13,29.24,78.14
1998-04-14,28.78,80.5
1998-04-15,29.27,77.61
1998-04-16,28.58,83.2
1998-04-17,28.29,83.69
1998-04-18,28.46,77.61
1998-04-19,28.1,76.65
1998-04-20,28.41,74.51
1998-04-21,29.46,78.88
1998-04-22,28.68,84.42
1998-04-23,28.47,84.2
1998-04-24,28.9,81.15
1998-04-25,29.13,78.33
1998-04-26,29.07,77.44
1998-04-27,29.14,77.2
1998-04-28,29.89,74.05
1998-04-29,29.62,75.83
1998-04-30,29.16,78.21
1998-05-01,29.3,77.71
1998-05-02,28.84,80.42
1998-05-03,29.13,78.63
1998-05-04,29.05,78.77
1998-05-05,28.63,82.8
1998-05-06,28.47,83.96
1998-05-07,28.23,85.58
1998-05-08,28.52,85.71
1998-05-09,27.82,87.9
1998-05-10,27.92,87.83
1998-05-11,28.39,86.01
1998-05-12,28.36,84.58
1998-05-13,28.54,84.74
1998-05-14,28.79,81.2
1998-05-15,28.9,80.12
1998-05-16,29.18,80.81
1998-05-17,28.82,83.31
1998-05-18,28.82,83.05
1998-05-19,28.72,84.43
1998-05-20,28.71,86.22
1998-05-21,29.06,84.98
1998-05-22,29.29,83.55
1998-05-23,28.95,85.55
1998-05-24,28.02,85.49
1998-05-25,29.36,78.11
1998-05-26,29.02,84.57
1998-05-27,29.62,83.3
1998-05-28,29.17,86.16
1998-05-29,28.72,84.87
1998-05-30,28.75,82.62
1998-05-31,28.25,87.94
1998-06-01,27.61,89.08
1998-06-02,28.43,83.55
1998-06-03,28.26,85.08
1998-06-04,28.47,82.95
1998-06-05,27.8,85.93
1998-06-06,27.97,84.61
1998-06-07,28.2,83.99
1998-06-08,27.88,81.76
1998-06-09,27.88,87.22
1998-06-10,28.05,77.87
1998-06-11,28.38,79.42
1998-06-12,29.36,75.75
1998-06-13,28.72,78.71
1998-06-14,28.9,77.63
1998-06-15,27.87,83.21
1998-06-16,27.76,82.17
1998-06-17,28.08,84.38
1998-06-18,27.56,84.53
1998-06-19,27.18,85.23
1998-06-20,27.64,85.62
1998-06-21,26.83,87.31
1998-06-22,27.53,81.19
1998-06-23,28.02,84.11
1998-06-24,27.52,84.7
1998-06-25,27.54,84.93
1998-06-26,26.61,88.74
1998-06-27,27.4,85.92
1998-06-28,27.96,84.42
1998-06-29,28.14,81.61
1998-06-30,28.34,82.71
1998-07-01,28.16,83.73
1998-07-02,27.88,85.29
1998-07-03,27.46,85.81
1998-07-04,27.89,80.67
1998-07-05,27.48,85.5
1998-07-06,27.2,83.13
1998-07-07,27.49,82.79
1998-07-08,27.08,85.7
1998-07-09,26.74,88.3
1998-07-10,27.42,83.64
1998-07-11,26.53,88.63
1998-07-12,26.62,88.41
1998-07-13,27.4,83.39
1998-07-14,27.22,85.89
1998-07-15,27.76,81.77
1998-07-16,27.62,82.83
1998-07-17,27.71,82.74
1998-07-18,27.91,84.24
1998-07-19,27.32,87.57
1998-07-20,26.5,87.94
1998-07-21,26.3,89.76
1998-07-22,27.02,84.45
1998-07-23,26.7,86.18
1998-07-24,26.9,87.87
1998-07-25,27.29,87.65
1998-07-26,26.8,87.95
1998-07-27,26.17,86.73
1998-07-28,26.54,82.38
1998-07-29,28.6,70.85
1998-07-30,28,81.07
1998-07-31,27.13,87.18
1998-08-01,26.57,85.27
1998-08-02,27.11,80.76
1998-08-03,27.15,83.07
1998-08-04,27.01,84.39
1998-08-05,26.87,84.68
1998-08-06,27.18,85.98
1998-08-07,27.27,87.21
1998-08-08,26.61,89.18
1998-08-09,27.05,86.69
1998-08-10,27.49,82.91
1998-08-11,27.57,84.14
1998-08-12,27.73,84.21
1998-08-13,26.86,88.24
1998-08-14,26.62,86.79
1998-08-15,27.28,84.08
1998-08-16,27.35,84.32
1998-08-17,26.93,86.95
1998-08-18,27.29,88.89
1998-08-19,26.73,89.83
1998-08-20,26.56,89.69
1998-08-21,26.48,88.95
1998-08-22,26.77,88.36
1998-08-23,26.62,84.42
1998-08-24,26.89,85.74
1998-08-25,26.41,87.36
1998-08-26,26.19,86.38
1998-08-27,27.02,85.17
1998-08-28,26.34,89.29
1998-08-29,27.06,87.86
1998-08-30,26.34,86.37
1998-08-31,26.28,88.28
1998-09-01,26.2,88.26
1998-09-02,26.87,86.19
1998-09-03,26.06,88.9
1998-09-04,26.86,86.43
1998-09-05,27.22,85.96
1998-09-06,27.32,84.21
1998-09-07,27.25,83.92
1998-09-08,26.46,85.88
1998-09-09,27.19,83.57
1998-09-10,27.38,82.17
1998-09-11,27.4,83.4
1998-09-12,27.67,81.99
1998-09-13,27.17,84.33
1998-09-14,27.52,84.55
1998-09-15,27.47,85.96
1998-09-16,26.83,88.35
1998-09-17,26.61,88.43
1998-09-18,27.4,86.89
1998-09-19,27.28,87.83
1998-09-20,27.05,90.48
1998-09-21,26.94,88.46
1998-09-22,27.24,87.13
1998-09-23,27.2,87.47
1998-09-24,26.65,87.09
1998-09-25,26.04,89.27
1998-09-26,27.05,85.88
1998-09-27,26.71,87.18
1998-09-28,26.97,88.54
1998-09-29,27.25,88.55
1998-09-30,27.02,86.47
1998-10-01,27.29,85.04
1998-10-02,27.01,88.58
1998-10-03,27.37,85.83
1998-10-04,27.24,87.99
1998-10-05,27.22,88.28
1998-10-06,26.45,84.81
1998-10-07,26.53,85
1998-10-08,27.31,85.66
1998-10-09,27.27,88.11
1998-10-10,27.8,86.83
1998-10-11,27.75,85.59
1998-10-12,27.51,84.32
1998-10-13,27.96,81.44
1998-10-14,27.3,85.38
1998-10-15,26.31,86.26
1998-10-16,26.18,87.43
1998-10-17,27.35,85.62
1998-10-18,27.19,87.43
1998-10-19,27.34,86.37
1998-10-20,27.73,84.06
1998-10-21,27.35,87.82
1998-10-22,27.14,84.81
1998-10-23,27.83,85.33
1998-10-24,26.82,88.9
1998-10-25,26.81,88.73
1998-10-26,26.79,88.06
1998-10-27,26.6,84.11
1998-10-28,26.88,84.82
1998-10-29,26.49,88.1
1998-10-30,26.83,83.75
1998-10-31,27.42,85.97
1998-11-01,27.04,85.15
1998-11-02,26.97,87.04
1998-11-03,26.64,88.4
1998-11-04,26.83,88.83
1998-11-05,26.62,91.12
1998-11-06,26.35,87.96
1998-11-07,26.04,86.68
1998-11-08,27.07,78.67
1998-11-09,28.17,77.5
1998-11-10,26.34,84.53
1998-11-11,26.83,86.21
1998-11-12,25.91,90.26
1998-11-13,26.45,87.65
1998-11-14,27.57,81.2
1998-11-15,27.25,82.16
1998-11-16,26.82,85.78
1998-11-17,26.87,85.4
1998-11-18,26.87,85.01
1998-11-19,26.96,83.48
1998-11-20,27.02,86.55
1998-11-21,26.44,89
1998-11-22,26.72,87.33
1998-11-23,27.39,84.39
1998-11-24,27.06,88.33
1998-11-25,26.75,89.36
1998-11-26,26.67,87.4
1998-11-27,27.82,73.8
1998-11-28,27.17,85.31
1998-11-29,26.71,87.68
1998-11-30,27.26,81.85
1998-12-01,26.5,87.35
1998-12-02,26.56,87.84
1998-12-03,26.05,90.09
1998-12-04,26.4,89.95
1998-12-05,26.63,88.46
1998-12-06,26.61,90.48
1998-12-07,26.36,90.91
1998-12-08,25.76,91.36
1998-12-09,26.72,82.31
1998-12-10,27.23,82.79
1998-12-11,26.6,88.27
1998-12-12,26.47,85.77
1998-12-13,26.99,84.08
1998-12-14,26.8,84.05
1998-12-15,26.33,88.64
1998-12-16,26.23,88.91
1998-12-17,26.59,85.49
1998-12-18,25.82,91.64
1998-12-19,26.04,90.1
1998-12-20,26.17,88.55
1998-12-21,26.42,88.28
1998-12-22,25.93,91.49
1998-12-23,25.74,90.41
1998-12-24,25.91,89.97
1998-12-25,25.71,89.51
1998-12-26,25.75,90.92
1998-12-27,25.62,92.82
1998-12-28,25.37,93.17
1998-12-29,25.47,91.52
1998-12-30,25.58,93.27
1998-12-31,25.75,93.82
1999-01-01,25.04,93.16
1999-01-02,25.1,93.16
1999-01-03,25.54,90.88
1999-01-04,25.7,90.38
1999-01-05,25.58,90.12
1999-01-06,25.22,89.46
1999-01-07,25.06,88.49
1999-01-08,25.6,88.74
1999-01-09,25.74,89.22
1999-01-10,25.59,89.78
1999-01-11,25.78,88.62
1999-01-12,26.18,88.66
1999-01-13,26.16,88.36
1999-01-14,26.25,89.27
1999-01-15,25.88,90.15
1999-01-16,26.03,90.64
1999-01-17,26.01,90.71
1999-01-18,26.09,90.34
1999-01-19,25.96,89.88
1999-01-20,26.1,89.5
1999-01-21,26.09,89.61
1999-01-22,26.22,88.82
1999-01-23,26.63,88.71
1999-01-24,26.42,91.22
1999-01-25,25.63,93.31
1999-01-26,25.83,91.02
1999-01-27,26.2,88.57
1999-01-28,26.88,82.25
1999-01-29,26.66,86.43
1999-01-30,26.85,85.52
1999-01-31,27.02,83.19
1999-02-01,26.81,84.66
1999-02-02,25.92,90.09
1999-02-03,25.63,85.53
1999-02-04,25.55,87.82
1999-02-05,25.55,87.53
1999-02-06,25.71,88.06
1999-02-07,25.44,89.49
1999-02-08,25.62,88.69
1999-02-09,25.15,91.04
1999-02-10,26.28,87.75
1999-02-11,26.45,86.62
1999-02-12,26.48,88.16
1999-02-13,25.32,92.66
1999-02-14,25.69,91.32
1999-02-15,25.66,89.53
1999-02-16,26.11,86.84
1999-02-17,26.14,85.43
1999-02-18,25.92,85.77
1999-02-19,25.54,85.29
1999-02-20,25.69,84.58
1999-02-21,25.82,84.78
1999-02-22,25.97,86.3
1999-02-23,25.98,87.33
1999-02-24,25.96,88.1
1999-02-25,26.3,87.82
1999-02-26,26.23,88.36
1999-02-27,26.33,84.76
1999-02-28,26.41,86.26
1999-03-01,25.48,90.49
1999-03-02,26.14,87.58
1999-03-03,26.29,86.38
1999-03-04,26.53,82.64
1999-03-05,27.44,80.59
1999-03-06,27.18,83.18
1999-03-07,26.62,86.33
1999-03-08,27.09,84.79
1999-03-09,27.39,84.24
1999-03-10,27.07,85.76
1999-03-11,27.12,85.14
1999-03-12,26.25,88.39
1999-03-13,27.14,80.39
1999-03-14,27.48,80.65
1999-03-15,27.08,82.67
1999-03-16,26.79,84.24
1999-03-17,27.03,86.83
1999-03-18,27.59,82.18
1999-03-19,27.89,81.41
1999-03-20,26.27,87.71
1999-03-21,28.07,77.73
1999-03-22,26.29,90.33
1999-03-23,26.38,90.04
1999-03-24,26.79,85.64
1999-03-25,27.38,83.6
1999-03-26,27.03,83.92
1999-03-27,27.45,82.9
1999-03-28,26.26,85.07
1999-03-29,26.65,87.04
1999-03-30,27.54,81.06
1999-03-31,27.52,83.99
1999-04-01,26.81,83.86
1999-04-02,28.33,77.6
1999-04-03,28.44,80.05
1999-04-04,27.61,81.68
1999-04-05,27.34,84.24
1999-04-06,27.12,88.16
1999-04-07,27.3,84.85
1999-04-08,27.06,86.08
1999-04-09,27.4,86.55
1999-04-10,27.05,86.79
1999-04-11,27.06,86.26
1999-04-12,27.88,80.01
1999-04-13,27.84,81.25
1999-04-14,27.33,83.4
1999-04-15,28.3,75.48
1999-04-16,26.87,87.43
1999-04-17,26.95,82.99
1999-04-18,26.59,88.79
1999-04-19,27.44,82.47
1999-04-20,27.61,82.59
1999-04-21,27.8,83.02
1999-04-22,26.84,86.14
1999-04-23,27.27,82.5
1999-04-24,28.62,76.64
1999-04-25,27.79,82.61
1999-04-26,27.87,83.31
1999-04-27,27.34,86.11
1999-04-28,27.12,87.5
1999-04-29,26.77,88.94
1999-04-30,26.92,86.81
1999-05-01,26.83,86.06
1999-05-02,27.19,83.22
1999-05-03,27.42,82.54
1999-05-04,28.07,77.66
1999-05-05,27.95,78.63
1999-05-06,27.75,78.92
1999-05-07,27.62,83.76
1999-05-08,27.56,84.05
1999-05-09,26.93,85.96
1999-05-10,27.02,85.57
1999-05-11,26.84,82.23
1999-05-12,27.66,80.42
1999-05-13,28.27,78.73
1999-05-14,27.87,82.34
1999-05-15,26.67,87.27
1999-05-16,26.73,87.36
1999-05-17,27.12,85.18
1999-05-18,27.07,86.19
1999-05-19,27.09,85.78
1999-05-20,26.64,87.98
1999-05-21,26.9,86.31
1999-05-22,26.94,84.85
1999-05-23,27.01,88.09
1999-05-24,26.3,87.22
1999-05-25,26.43,87.55
1999-05-26,26.53,83.61
1999-05-27,27.41,83.14
1999-05-28,27.47,84.54
1999-05-29,27.73,82.48
1999-05-30,27.97,81.57
1999-05-31,27.77,81.01
1999-06-01,27.03,80.62
1999-06-02,27.36,85.22
1999-06-03,26.78,84.57
1999-06-04,27.23,81.89
1999-06-05,26.68,81.95
1999-06-06,27.28,83.04
1999-06-07,27.17,86.74
1999-06-08,27.21,87.91
1999-06-09,27.1,87.77
1999-06-10,27.4,85.13
1999-06-11,27.21,87.07
1999-06-12,25.98,88.97
1999-06-13,26.59,86.93
1999-06-14,26.52,86.81
1999-06-15,26.68,85.6
1999-06-16,26.54,83.99
1999-06-17,26.64,85.55
1999-06-18,27.37,85.52
1999-06-19,27.25,83.77
1999-06-20,27.34,83.98
1999-06-21,27.71,82.96
1999-06-22,27.61,81.04
1999-06-23,26.71,84.52
1999-06-24,26.84,84.38
1999-06-25,26.58,85.17
1999-06-26,26.17,87.21
1999-06-27,26.44,86.77
1999-06-28,26.77,85.4
1999-06-29,26.34,87.2
1999-06-30,25.69,88.08
1999-07-01,26.19,86.38
1999-07-02,26.58,86
1999-07-03,26.24,89.3
1999-07-04,26.45,87.69
1999-07-05,26.06,87.67
1999-07-06,26.06,88.17
1999-07-07,26.48,83.51
1999-07-08,26.57,84.01
1999-07-09,26.44,86.52
1999-07-10,26.78,84.51
1999-07-11,26.43,84.51
1999-07-12,26.21,87.49
1999-07-13,26.47,87.75
1999-07-14,26.03,89.45
1999-07-15,26.3,88.56
1999-07-16,26.7,77.5
1999-07-17,26.15,87.11
1999-07-18,26.53,87.1
1999-07-19,26.95,86.01
1999-07-20,26.96,85.54
1999-07-21,26.99,84.47
1999-07-22,27.23,82.42
1999-07-23,26.97,83.4
1999-07-24,27,84.61
1999-07-25,26.62,84.96
1999-07-26,26.5,83.69
1999-07-27,27.07,81.81
1999-07-28,27.3,83.14
1999-07-29,26.37,88.5
1999-07-30,26.05,88.13
1999-07-31,26.43,85
1999-08-01,26.73,80.31
1999-08-02,26.68,82.42
1999-08-03,26.63,85.59
1999-08-04,26.51,86.05
1999-08-05,26.4,87.86
1999-08-06,26.72,85.61
1999-08-07,26.32,89.51
1999-08-08,26.12,86.89
1999-08-09,26.82,85.37
1999-08-10,27.05,85.69
1999-08-11,26.13,85.8
1999-08-12,26.21,86.73
1999-08-13,26.77,85.98
1999-08-14,26.86,83.23
1999-08-15,26.43,84.63
1999-08-16,26.75,84.07
1999-08-17,26.89,82.02
1999-08-18,26.66,84.08
1999-08-19,26.76,85.33
1999-08-20,26.59,86.02
1999-08-21,26.49,86.25
1999-08-22,26.13,87.34
1999-08-23,26.55,87.33
1999-08-24,26.52,86.3
1999-08-25,26.2,86.44
1999-08-26,26.86,82.2
1999-08-27,26.82,83.02
1999-08-28,26.91,83.24
1999-08-29,26.57,85.75
1999-08-30,26.37,86.06
1999-08-31,26.7,84.72
1999-09-01,27.04,81.05
1999-09-02,27.26,81.59
1999-09-03,26.83,84.67
1999-09-04,25.91,88.91
1999-09-05,25.65,86.92
1999-09-06,26.18,86
1999-09-07,26.44,87.71
1999-09-08,26.72,87
1999-09-09,25.92,88.81
1999-09-10,25.73,88.73
1999-09-11,26.83,80.77
1999-09-12,27.21,79.45
1999-09-13,27.2,81.7
1999-09-14,26.72,86.72
1999-09-15,26.36,83.77
1999-09-16,26.92,85.37
1999-09-17,27.2,84.26
1999-09-18,26.97,80.08
1999-09-19,26.39,86.22
1999-09-20,27.18,82.85
1999-09-21,27.36,81.43
1999-09-22,27.11,83.89
1999-09-23,26.78,85.72
1999-09-24,26.85,85.11
1999-09-25,26.94,85.03
1999-09-26,26.87,81.62
1999-09-27,26.38,85.28
1999-09-28,26.95,80.55
1999-09-29,26.79,83.35
1999-09-30,27.01,83.85
1999-10-01,26.76,85.52
1999-10-02,26.7,85.65
1999-10-03,26.67,84.59
1999-10-04,26.6,83.59
1999-10-05,27.12,81.32
1999-10-06,26.68,85.51
1999-10-07,26.49,86.75
1999-10-08,27.11,83.72
1999-10-09,26.78,84.2
1999-10-10,26.95,84.29
1999-10-11,26.61,84.95
1999-10-12,27.45,80.99
1999-10-13,25.95,88.95
1999-10-14,26.62,84.95
1999-10-15,26.59,85.74
1999-10-16,27.39,81.51
1999-10-17,27.15,82.38
1999-10-18,27.29,83.45
1999-10-19,26.92,85.18
1999-10-20,26.71,84.4
1999-10-21,26.26,85.18
1999-10-22,26.03,86.97
1999-10-23,26.19,89.59
1999-10-24,26.21,84.39
1999-10-25,26.86,82.74
1999-10-26,26.78,84.78
1999-10-27,26.62,89.11
1999-10-28,25.78,87.42
1999-10-29,25.97,88.74
1999-10-30,25.69,90.15
1999-10-31,25.61,87.99
1999-11-01,26.75,82.17
1999-11-02,25.9,88.68
1999-11-03,26.57,83.48
1999-11-04,27.07,81.28
1999-11-05,27.12,82.04
1999-11-06,26.29,83.48
1999-11-07,27.4,82.23
1999-11-08,26.83,84.8
1999-11-09,26.11,86.64
1999-11-10,26.98,83.55
1999-11-11,26.71,85.79
1999-11-12,26.91,86.25
1999-11-13,26.57,87.7
1999-11-14,27.13,81.77
1999-11-15,25.64,89.65
1999-11-16,26.14,87.44
1999-11-17,25.92,87.83
1999-11-18,26,89.23
1999-11-19,26.44,87.46
1999-11-20,25.84,86.94
1999-11-21,25.6,89.59
1999-11-22,26.8,82.92
1999-11-23,26.47,87.12
1999-11-24,26,90.69
1999-11-25,25.96,90.42
1999-11-26,25.88,91.03
1999-11-27,25.73,90.21
1999-11-28,26,89.09
1999-11-29,26.23,89.51
1999-11-30,26.34,90.52
1999-12-01,25.81,90.01
1999-12-02,26.57,85.34
1999-12-03,26.3,90.72
1999-12-04,26.32,87.71
1999-12-05,25.75,91.85
1999-12-06,25.45,91.15
1999-12-07,25.96,91.67
1999-12-08,25.25,91.34
1999-12-09,25.65,91.96
1999-12-10,25.88,88.24
1999-12-11,26.28,88.42
1999-12-12,26.33,89.38
1999-12-13,25.95,89.45
1999-12-14,26.1,90.16
1999-12-15,26.43,88.57
1999-12-16,26.63,87.37
1999-12-17,26.31,90.65
1999-12-18,26.28,88.63
1999-12-19,25.3,92.17
1999-12-20,25.5,91.51
1999-12-21,25.5,90.59
1999-12-22,25.47,89
1999-12-23,25.24,88.4
1999-12-24,25.01,87.45
1999-12-25,24.94,87.03
1999-12-26,24.82,86.08
1999-12-27,25.19,86.93
1999-12-28,25.87,87.28
1999-12-29,25.8,89.41
1999-12-30,25.92,88.54
1999-12-31,25.98,88.56
2000-01-01,25.91,88.68
2000-01-02,25.62,91.75
2000-01-03,26.01,88.85
2000-01-04,25.88,90.31
2000-01-05,25.07,92.15
2000-01-06,25.11,88.56
2000-01-07,25.71,88.4
2000-01-08,25.83,89.04
2000-01-09,25.81,87.14
2000-01-10,25.21,91.46
2000-01-11,26.28,86.91
2000-01-12,26.17,88.21
2000-01-13,25.86,88.78
2000-01-14,25.71,86.96
2000-01-15,25.79,85.11
2000-01-16,25.8,86.86
2000-01-17,25.17,90.3
2000-01-18,24.82,91.05
2000-01-19,25.6,88.95
2000-01-20,25.48,87.95
2000-01-21,24.79,86.56
2000-01-22,25.33,87.61
2000-01-23,25.54,86.91
2000-01-24,25.63,89.61
2000-01-25,25.43,91.64
2000-01-26,25.36,88.63
2000-01-27,25.08,86.4
2000-01-28,25.48,86.87
2000-01-29,24.97,91.25
2000-01-30,25.07,91.14
2000-01-31,25.58,87.54
2000-02-01,25.52,87.82
2000-02-02,25.47,88.08
2000-02-03,25.16,87.3
2000-02-04,25.33,84.94
2000-02-05,25.52,85.1
2000-02-06,24.86,88.96
2000-02-07,25.86,88.49
2000-02-08,25.11,89.55
2000-02-09,25.57,87.66
2000-02-10,25.65,87.77
2000-02-11,25.69,87.24
2000-02-12,25.43,87.45
2000-02-13,26.09,87.11
2000-02-14,25.87,90.41
2000-02-15,25.34,91.23
2000-02-16,25.89,88.2
2000-02-17,26.35,86.3
2000-02-18,26.08,88.75
2000-02-19,25.52,89.12
2000-02-20,26.59,84.38
2000-02-21,26.44,85.96
2000-02-22,25.88,89.61
2000-02-23,26.08,87.57
2000-02-24,26.15,87.85
2000-02-25,25.22,89.9
2000-02-26,25.48,89.29
2000-02-27,24.94,92.92
2000-02-28,25.79,90.74
2000-02-29,26.61,86.82
2000-03-01,26.17,89.47
2000-03-02,26.3,89.08
2000-03-03,26.29,88.5
2000-03-04,26.65,86.43
2000-03-05,26.72,84.91
2000-03-06,27.21,81.75
2000-03-07,27.27,79.86
2000-03-08,27.66,80.22
2000-03-09,27.03,85.07
2000-03-10,27.35,83.53
2000-03-11,27.13,85.82
2000-03-12,25.58,88.26
2000-03-13,26.71,84.65
2000-03-14,26.69,85.89
2000-03-15,26.63,87.48
2000-03-16,26.26,91.29
2000-03-17,25.93,87.68
2000-03-18,26.07,89.15
2000-03-19,26.47,87.7
2000-03-20,26.31,87.85
2000-03-21,26.4,85.68
2000-03-22,26.66,84.12
2000-03-23,26.43,86.74
2000-03-24,26.31,86.64
2000-03-25,25.97,88.74
2000-03-26,26.16,87.25
2000-03-27,26.84,84.2
2000-03-28,25.81,90.24
2000-03-29,25.81,88.35
2000-03-30,26.13,86.71
2000-03-31,26.68,84.83
2000-04-01,27.31,83.18
2000-04-02,27.25,85.37
2000-04-03,26.39,87.92
2000-04-04,26.94,84.47
2000-04-05,27.16,84.43
2000-04-06,26.63,85.91
2000-04-07,26.99,84.86
2000-04-08,26.29,87.07
2000-04-09,27.57,80.76
2000-04-10,26.64,84.92
2000-04-11,26.67,86.87
2000-04-12,27.53,83.74
2000-04-13,27.39,85.02
2000-04-14,27.45,86.81
2000-04-15,27.61,82.96
2000-04-16,28.53,71.45
2000-04-17,27.67,81.73
2000-04-18,27.51,83.89
2000-04-19,28.03,81.86
2000-04-20,27.73,84.64
2000-04-21,27.36,86.36
2000-04-22,27.55,83.17
2000-04-23,28.1,79.73
2000-04-24,27.68,81.89
2000-04-25,27.3,85.22
2000-04-26,27.77,82.09
2000-04-27,27.64,83.13
2000-04-28,27.56,84.5
2000-04-29,27.67,83.01
2000-04-30,27.07,87.36
2000-05-01,27.03,85.82
2000-05-02,27.25,85.69
2000-05-03,27.57,80.29
2000-05-04,27.4,81.15
2000-05-05,27.17,84.73
2000-05-06,28.11,75.06
2000-05-07,27.87,79.21
2000-05-08,27.96,80.62
2000-05-09,27.46,85.8
2000-05-10,27.85,83.8
2000-05-11,27.63,84.59
2000-05-12,27.18,86.08
2000-05-13,27.53,84.38
2000-05-14,28.18,84.3
2000-05-15,27.91,87.89
2000-05-16,27.43,86.06
2000-05-17,28,82.26
2000-05-18,27.9,85.71
2000-05-19,27.65,86.65
2000-05-20,27.66,86.26
2000-05-21,28.26,84.81
2000-05-22,27.95,85.42
2000-05-23,28.05,84.19
2000-05-24,27.96,81.97
2000-05-25,27.61,83.42
2000-05-26,27.69,82.58
2000-05-27,28.54,78.62
2000-05-28,28.02,80.88
2000-05-29,28.13,80.71
2000-05-30,27.31,85.95
2000-05-31,27.42,81.77
2000-06-01,27.41,85.39
2000-06-02,26.52,86.09
2000-06-03,27.37,82.18
2000-06-04,27.66,85.59
2000-06-05,26.64,89.79
2000-06-06,26.65,87.7
2000-06-07,26.65,88.09
2000-06-08,26.52,83.52
2000-06-09,26.02,85.81
2000-06-10,27.4,83.77
2000-06-11,27.27,84.09
2000-06-12,27.02,84.19
2000-06-13,27.12,83.8
2000-06-14,27.81,82.25
2000-06-15,26.91,85.9
2000-06-16,26.45,87.36
2000-06-17,26.84,87.86
2000-06-18,26.08,87.45
2000-06-19,26.74,83.5
2000-06-20,27.4,82.11
2000-06-21,26.33,87.99
2000-06-22,26.7,85.24
2000-06-23,26.65,86.47
2000-06-24,26.64,87.02
2000-06-25,26.69,87.13
2000-06-26,26.49,86.5
2000-06-27,26.98,84.62
2000-06-28,26.24,86.76
2000-06-29,25.85,86.78
2000-06-30,27.15,82.03
2000-07-01,26.57,86.73
2000-07-02,26.77,87.88
2000-07-03,26.9,86.88
2000-07-04,26.45,88.29
2000-07-05,26.57,87.01
2000-07-06,26.9,87.82
2000-07-07,26.88,88.89
2000-07-08,26.78,87.08
2000-07-09,27.01,86.27
2000-07-10,27.08,87.01
2000-07-11,26.6,87.45
2000-07-12,27.28,84.36
2000-07-13,26.88,86.03
2000-07-14,27.13,84.07
2000-07-15,26.88,86.91
2000-07-16,27.03,86.13
2000-07-17,27.32,85.18
2000-07-18,27.02,86.42
2000-07-19,26.43,87.2
2000-07-20,26.86,86.7
2000-07-21,26.89,85.65
2000-07-22,26.66,85.76
2000-07-23,26.75,84.68
2000-07-24,26.31,85.79
2000-07-25,25.55,88.27
2000-07-26,25.63,87.23
2000-07-27,26.1,85.16
2000-07-28,26.17,88.17
2000-07-29,26.14,88.01
2000-07-30,26.48,87.89
2000-07-31,26.93,86.35
2000-08-01,25.09,86.78
2000-08-02,25.69,88.08
2000-08-03,25.8,85.22
2000-08-04,26.19,86.64
2000-08-05,25.81,88.69
2000-08-06,26.48,86.21
2000-08-07,26.25,88.41
2000-08-08,26.49,86.07
2000-08-09,26.36,84.8
2000-08-10,26.82,80.92
2000-08-11,26.35,86.63
2000-08-12,26.26,87.55
2000-08-13,25.95,87.96
2000-08-14,26.63,82
2000-08-15,25.73,88.96
2000-08-16,25.93,83.51
2000-08-17,26.6,82.57
2000-08-18,26.39,85.57
2000-08-19,26.58,85.5
2000-08-20,25.9,86.31
2000-08-21,26.28,86.22
2000-08-22,26.59,83.98
2000-08-23,26.5,84.76
2000-08-24,26.49,86.61
2000-08-25,27.14,84.96
2000-08-26,27.19,84.13
2000-08-27,26.55,87.25
2000-08-28,26.9,81.86
2000-08-29,26.79,85.62
2000-08-30,26.86,84.52
2000-08-31,27.15,85.2
2000-09-01,27.43,84.18
2000-09-02,26.87,85.23
2000-09-03,27.23,88.06
2000-09-04,26.93,83.27
2000-09-05,27.02,81.73
2000-09-06,27.15,81.67
2000-09-07,27.23,82.85
2000-09-08,26.74,85.03
2000-09-09,26.81,84.74
2000-09-10,26.87,83.52
2000-09-11,26.83,82.16
2000-09-12,27.12,82.21
2000-09-13,26.51,85.79
2000-09-14,26.97,84.45
2000-09-15,26.88,84.72
2000-09-16,27.04,84.92
2000-09-17,26.53,86.72
2000-09-18,26.27,84.62
2000-09-19,26.2,85.03
2000-09-20,26.74,83.99
2000-09-21,26.99,81.38
2000-09-22,26.99,81.13
2000-09-23,26.41,85.15
2000-09-24,26.72,84.03
2000-09-25,27.14,78.51
2000-09-26,26.66,83.26
2000-09-27,26.87,83.45
2000-09-28,26.62,87.38
2000-09-29,26.34,87.14
2000-09-30,26.99,81.92
2000-10-01,26.36,83.63
2000-10-02,25.94,88.08
2000-10-03,27.23,79.61
2000-10-04,27.06,81.62
2000-10-05,26.51,80.8
2000-10-06,26.83,80.59
2000-10-07,27.15,79.9
2000-10-08,27.55,79.4
2000-10-09,27.1,83.29
2000-10-10,27.02,85.03
2000-10-11,26.9,85.23
2000-10-12,27.07,83.49
2000-10-13,26.93,84.5
2000-10-14,26.44,87.27
2000-10-15,28.14,71.94
2000-10-16,28.12,78.85
2000-10-17,27.54,83.62
2000-10-18,27.04,87.36
2000-10-19,26.84,84.7
2000-10-20,26.64,87.26
2000-10-21,26.41,88.87
2000-10-22,26.41,85.42
2000-10-23,26.35,86.44
2000-10-24,26.99,84.05
2000-10-25,27.1,84.54
2000-10-26,26.2,88.58
2000-10-27,26.18,89.38
2000-10-28,26.28,89.13
2000-10-29,26.72,87.54
2000-10-30,26.75,87.46
2000-10-31,27.2,84
2000-11-01,27.34,84.3
2000-11-02,26.81,87.13
2000-11-03,26.9,84.68
2000-11-04,27.06,83.95
2000-11-05,27.28,78.68
2000-11-06,27.04,83.13
2000-11-07,26.62,87.52
2000-11-08,27.06,85.34
2000-11-09,26.37,90.44
2000-11-10,26.25,89.8
2000-11-11,26.3,89.6
2000-11-12,26.32,89.3
2000-11-13,26.78,88.85
2000-11-14,27.07,88.18
2000-11-15,26.47,90.12
2000-11-16,26.32,89.77
2000-11-17,27.11,85.18
2000-11-18,27.45,84.59
2000-11-19,27.39,86.22
2000-11-20,26.87,89.38
2000-11-21,26.67,87.8
2000-11-22,26.56,84.34
2000-11-23,26.65,85.26
2000-11-24,26.85,88.78
2000-11-25,27.39,82.32
2000-11-26,27.86,81.36
2000-11-27,26.46,90
2000-11-28,26.21,91.14
2000-11-29,26.06,88.37
2000-11-30,26.43,88.81
2000-12-01,26.45,88.2
2000-12-02,26.27,86.42
2000-12-03,26.73,85.2
2000-12-04,26.85,86.67
2000-12-05,26.81,87.29
2000-12-06,26.46,88.68
2000-12-07,26.68,87.89
2000-12-08,26.66,86.72
2000-12-09,27.24,84.11
2000-12-10,27.08,86.55
2000-12-11,26.44,88.25
2000-12-12,26.69,88.6
2000-12-13,27.18,83.77
2000-12-14,26.3,92.41
2000-12-15,25.81,90.4
2000-12-16,26.26,89.93
2000-12-17,26.21,90.15
2000-12-18,26,90.46
2000-12-19,26.59,88.45
2000-12-20,25.84,89.86
2000-12-21,26.38,89.09
2000-12-22,25.77,91.9
2000-12-23,25.55,93.09
2000-12-24,25.74,90.18
2000-12-25,26.06,87.98
2000-12-26,26.27,87.57
2000-12-27,26.33,88.26
2000-12-28,27.2,83.03
2000-12-29,26.89,85.82
2000-12-30,26.74,85.97
2000-12-31,26.11,88.68
2001-01-01,25.25,90.59
2001-01-02,25.62,87.74
2001-01-03,25.67,86.7
2001-01-04,25.07,88.22
2001-01-05,26.2,84.55
2001-01-06,26.15,88.46
2001-01-07,26.18,86.85
2001-01-08,26.21,86.89
2001-01-09,25.61,88.36
2001-01-10,25.33,85.85
2001-01-11,25.89,85.74
2001-01-12,26.19,83.81
2001-01-13,27.03,81.92
2001-01-14,25.79,90.61
2001-01-15,25.36,90.61
2001-01-16,25.16,92.51
2001-01-17,25.28,93.63
2001-01-18,25.65,92.73
2001-01-19,25.36,92.02
2001-01-20,25.8,91.79
2001-01-21,26.28,89.08
2001-01-22,25.81,91.1
2001-01-23,26.09,88.58
2001-01-24,26.13,89.61
2001-01-25,26.45,87.97
2001-01-26,26.48,88.82
2001-01-27,26.37,88.95
2001-01-28,25.9,90.06
2001-01-29,25.78,90.37
2001-01-30,25.36,91.13
2001-01-31,24.86,90.9
2001-02-01,25.14,88.87
2001-02-02,25.87,89.34
2001-02-03,25.39,90.39
2001-02-04,25.63,89.54
2001-02-05,25.58,90.84
2001-02-06,25.64,91.38
2001-02-07,25.64,89.5
2001-02-08,24.42,89.76
2001-02-09,24.81,91.47
2001-02-10,25.2,90.95
2001-02-11,25.7,89.14
2001-02-12,25.88,89.5
2001-02-13,25.86,90.02
2001-02-14,25.53,90.53
2001-02-15,25.76,88.86
2001-02-16,25.49,87.5
2001-02-17,25.31,85.8
2001-02-18,25.86,85.66
2001-02-19,26.29,86.94
2001-02-20,26.06,85.46
2001-02-21,25.47,85.74
2001-02-22,26.22,83.84
2001-02-23,26.57,80.72
2001-02-24,26.27,85.1
2001-02-25,24.37,87.12
2001-02-26,26.32,84.86
2001-02-27,25.96,84.71
2001-02-28,25.7,83.97
2001-03-01,25.95,82.78
2001-03-02,26.73,84.17
2001-03-03,26.28,88.06
2001-03-04,26.31,84.23
2001-03-05,26.12,88.44
2001-03-06,26.15,89.12
2001-03-07,26.55,87.62
2001-03-08,26.46,87.17
2001-03-09,26.78,83.92
2001-03-10,26.61,83.29
2001-03-11,26.78,83.59
2001-03-12,26.19,85.39
2001-03-13,27.08,82.73
2001-03-14,27.2,83.81
2001-03-15,26.79,86.26
2001-03-16,27.15,85.54
2001-03-17,27.41,83.76
2001-03-18,26.93,86.26
2001-03-19,27.28,84.04
2001-03-20,27.19,83.61
2001-03-21,26.82,78.01
2001-03-22,27.39,81.47
2001-03-23,26.86,83.81
2001-03-24,26.67,84.73
2001-03-25,26.73,87
2001-03-26,26.67,85.13
2001-03-27,27.08,82.8
2001-03-28,26.82,85.11
2001-03-29,27.25,80.29
2001-03-30,27.28,86.14
2001-03-31,26.99,86.25
2001-04-01,27.18,85.18
2001-04-02,27.67,83.52
2001-04-03,27.69,84.24
2001-04-04,26.99,87.61
2001-04-05,27.08,85.31
2001-04-06,27.84,82.44
2001-04-07,27.14,84.83
2001-04-08,27.89,82.05
2001-04-09,28.19,80.55
2001-04-10,28.01,81.63
2001-04-11,27.39,82
2001-04-12,26.76,87.22
2001-04-13,26.57,86.76
2001-04-14,27.21,83.29
2001-04-15,27.62,82.05
2001-04-16,27.83,81.67
2001-04-17,27.73,82.47
2001-04-18,28.67,78.06
2001-04-19,27.2,86.75
2001-04-20,27.04,89.89
2001-04-21,26.74,89.93
2001-04-22,27.88,86.03
2001-04-23,27.63,86.7
2001-04-24,27.18,87.21
2001-04-25,27.28,87.5
2001-04-26,28.2,84.99
2001-04-27,27.13,89.39
2001-04-28,27.66,84.98
2001-04-29,27.14,88.41
2001-04-30,27.4,86.19
2001-05-01,27.75,84.28
2001-05-02,27.81,83.99
2001-05-03,27.7,86.05
2001-05-04,27.96,84.61
2001-05-05,28.04,83.99
2001-05-06,28.31,84.03
2001-05-07,27.74,85.9
2001-05-08,27.88,84
2001-05-09,27.98,83.84
2001-05-10,27.42,85.09
2001-05-11,29.17,73.1
2001-05-12,28.03,83.14
2001-05-13,27.84,81.85
2001-05-14,27.86,86.21
2001-05-15,28.01,87.6
2001-05-16,27.91,87.61
2001-05-17,27.56,88.09
2001-05-18,27.14,88.24
2001-05-19,27.42,86.2
2001-05-20,27.78,83.9
2001-05-21,28.03,84.48
2001-05-22,27.96,84.99
2001-05-23,28.31,82.97
2001-05-24,28.04,84.48
2001-05-25,27.97,85.38
2001-05-26,27.92,85.71
2001-05-27,27.09,87
2001-05-28,27,85.87
2001-05-29,27.82,80.2
2001-05-30,27.15,85.5
2001-05-31,27.77,84.27
2001-06-01,27.83,82.68
2001-06-02,28.36,79.01
2001-06-03,27.67,83.85
2001-06-04,27.44,82.94
2001-06-05,27.03,85.66
2001-06-06,26.56,86.92
2001-06-07,26.47,88.46
2001-06-08,26.93,77.85
2001-06-09,28.4,73.67
2001-06-10,27.89,81.97
2001-06-11,27.73,81.64
2001-06-12,27.6,81.74
2001-06-13,28.37,78.48
2001-06-14,27.21,84.51
2001-06-15,26.47,83.35
2001-06-16,26.47,85.97
2001-06-17,26.83,84.6
2001-06-18,26.9,82.08
2001-06-19,26.76,84.98
2001-06-20,26.65,83.97
2001-06-21,26.99,85.19
2001-06-22,26.66,89.07
2001-06-23,27.05,88.12
2001-06-24,26.94,88.34
2001-06-25,26.87,86.94
2001-06-26,26.02,86.21
2001-06-27,26.57,86.48
2001-06-28,26.75,87.26
2001-06-29,26.15,81.09
2001-06-30,26.91,85.09
2001-07-01,27.19,83.92
2001-07-02,27.09,85.45
2001-07-03,27.23,80.83
2001-07-04,27.09,83.07
2001-07-05,27.03,81.64
2001-07-06,27.01,80.29
2001-07-07,26.6,79.58
2001-07-08,27.34,80.12
2001-07-09,27.74,81.58
2001-07-10,27.93,82.4
2001-07-11,27.33,84.32
2001-07-12,27.33,83.38
2001-07-13,27.25,84.81
2001-07-14,27.55,84.18
2001-07-15,27.48,85.67
2001-07-16,26.77,87.9
2001-07-17,26.82,84.74
2001-07-18,27.24,80.03
2001-07-19,27.4,82.85
2001-07-20,27.07,85.25
2001-07-21,26.66,85.26
2001-07-22,26.96,84.85
2001-07-23,27.1,83.91
2001-07-24,27.31,82.86
2001-07-25,26.56,87.29
2001-07-26,26.21,86.76
2001-07-27,27.12,84.67
2001-07-28,26.66,88.14
2001-07-29,26.99,88.32
2001-07-30,26.81,88.64
2001-07-31,26.54,88.61
2001-08-01,26.58,83.11
2001-08-02,26.33,82.85
2001-08-03,26.96,77.64
2001-08-04,26.7,86
2001-08-05,26.81,88.59
2001-08-06,26.74,87.55
2001-08-07,27.17,85.19
2001-08-08,26.92,86.38
2001-08-09,26.64,86.56
2001-08-10,26.63,86.59
2001-08-11,26.92,86.37
2001-08-12,27.26,83.46
2001-08-13,27.53,81.84
2001-08-14,27.55,84.59
2001-08-15,27.52,85.2
2001-08-16,27.19,86.82
2001-08-17,26.54,89.93
2001-08-18,26.88,87.06
2001-08-19,27.09,87.73
2001-08-20,26.06,90.55
2001-08-21,26.14,87.86
2001-08-22,26.98,86.07
2001-08-23,27.21,84.89
2001-08-24,27.1,85.37
2001-08-25,27.28,84.83
2001-08-26,27.26,85.42
2001-08-27,25.79,88.74
2001-08-28,26.87,84.94
2001-08-29,27.16,87.54
2001-08-30,26.28,89
2001-08-31,27.41,81.77
2001-09-01,27.28,85.63
2001-09-02,27.62,80.36
2001-09-03,27.22,85.67
2001-09-04,26.99,84.74
2001-09-05,26.61,88.59
2001-09-06,26.49,89.84
2001-09-07,26,89.98
2001-09-08,26.45,86.49
2001-09-09,27.29,82.32
2001-09-10,27.37,82.79
2001-09-11,26.64,85.33
2001-09-12,26.83,83.6
2001-09-13,26.57,85.81
2001-09-14,26.76,87.47
2001-09-15,27.04,83.66
2001-09-16,26.95,84.55
2001-09-17,26.02,88.76
2001-09-18,26.45,83.67
2001-09-19,26.45,84.37
2001-09-20,26.76,83.54
2001-09-21,26.56,85.44
2001-09-22,26.69,84.93
2001-09-23,26.93,84.33
2001-09-24,26.82,84.88
2001-09-25,26.86,85.87
2001-09-26,26.37,88.57
2001-09-27,26.76,84.14
2001-09-28,27,85.97
2001-09-29,26.35,84.58
2001-09-30,27.49,80.24
2001-10-01,26.53,87.34
2001-10-02,26.71,85.36
2001-10-03,26.71,84.61
2001-10-04,26.75,86.54
2001-10-05,26.71,82.53
2001-10-06,26.98,84.15
2001-10-07,26.13,85.87
2001-10-08,26.78,82.27
2001-10-09,27.23,81.46
2001-10-10,27.63,82.04
2001-10-11,27.73,80.99
2001-10-12,27.14,86
2001-10-13,27.41,84.02
2001-10-14,27.94,82.05
2001-10-15,28.02,83.2
2001-10-16,26.06,87.35
2001-10-17,27.08,85.25
2001-10-18,26.33,89.37
2001-10-19,26.85,81.93
2001-10-20,27.68,79.55
2001-10-21,27.15,84.08
2001-10-22,27.05,81.96
2001-10-23,27.79,81.6
2001-10-24,27.44,83.9
2001-10-25,26.2,89.66
2001-10-26,27.89,81.52
2001-10-27,27.34,86.15
2001-10-28,26.99,86.94
2001-10-29,26.99,86.83
2001-10-30,26.63,84.27
2001-10-31,27.07,82.64
2001-11-01,27.47,79.08
2001-11-02,26.71,82.97
2001-11-03,26.71,84.29
2001-11-04,27.51,84.27
2001-11-05,26.17,90.25
2001-11-06,26.59,86.7
2001-11-07,27.12,84.88
2001-11-08,26.87,86.37
2001-11-09,26.67,86.57
2001-11-10,27.19,83.83
2001-11-11,27.5,84.48
2001-11-12,27.23,86.49
2001-11-13,27.73,82.31
2001-11-14,26.74,85.96
2001-11-15,25.87,91.43
2001-11-16,26.09,90.7
2001-11-17,26.02,93.4
2001-11-18,25.77,91.87
2001-11-19,25.73,92.59
2001-11-20,25.83,91.74
2001-11-21,26.32,89.7
2001-11-22,26.37,87.89
2001-11-23,26.4,87.45
2001-11-24,25.72,88.08
2001-11-25,25.73,87.07
2001-11-26,25.38,88.11
2001-11-27,25.77,86.55
2001-11-28,26.14,87.64
2001-11-29,26.11,88.56
2001-11-30,26.2,84.62
2001-12-01,27.2,81.83
2001-12-02,25.12,89.04
2001-12-03,26.03,84.95
2001-12-04,26.74,83.53
2001-12-05,26.67,86.83
2001-12-06,26.29,88.32
2001-12-07,26.04,89.26
2001-12-08,26.65,87.05
2001-12-09,26.95,85.17
2001-12-10,26.4,86.64
2001-12-11,26.2,88.55
2001-12-12,26.4,86.77
2001-12-13,26.56,86.65
2001-12-14,26.62,88.3
2001-12-15,26.55,89.1
2001-12-16,26.48,82.65
2001-12-17,26.74,86.54
2001-12-18,26.37,90.27
2001-12-19,25.73,91.1
2001-12-20,25.95,89.3
2001-12-21,25.78,91.87
2001-12-22,25.02,92.42
2001-12-23,25.38,92.52
2001-12-24,25.24,93.29
2001-12-25,25.29,92.05
2001-12-26,25.62,91.01
2001-12-27,25.73,94.11
2001-12-28,25.45,93.22
2001-12-29,25.31,91.47
2001-12-30,25.04,88.99
2001-12-31,25.07,88.41
2002-01-01,24.97,86.58
2002-01-02,25.29,85.47
2002-01-03,25.15,84.49
2002-01-04,25.65,86.17
2002-01-05,26.11,87.85
2002-01-06,26,88
2002-01-07,25.9,87.01
2002-01-08,25.68,88.39
2002-01-09,25.64,89.33
2002-01-10,25.52,88.53
2002-01-11,25.86,88.24
2002-01-12,25.91,88.16
2002-01-13,25.43,89.55
2002-01-14,25.4,87.86
2002-01-15,25.55,86.64
2002-01-16,25.91,87.13
2002-01-17,26.02,87.59
2002-01-18,26.03,88.04
2002-01-19,26.41,87.47
2002-01-20,25.87,89.12
2002-01-21,26.16,87.89
2002-01-22,25.63,90.47
2002-01-23,25.58,89.65
2002-01-24,25.48,91.86
2002-01-25,25.56,91.68
2002-01-26,25.66,88.39
2002-01-27,25.73,87.16
2002-01-28,25.52,87.8
2002-01-29,25.52,86.56
2002-01-30,25.4,86.48
2002-01-31,25.03,85.73
2002-02-01,24.89,87.04
2002-02-02,25.24,85.87
2002-02-03,25.17,86.05
2002-02-04,25.38,86.5
2002-02-05,25.6,84.64
2002-02-06,24.64,85.07
2002-02-07,25.37,83.99
2002-02-08,25.21,84.28
2002-02-09,25.54,82.53
2002-02-10,25.45,85.34
2002-02-11,25.84,86.12
2002-02-12,25.62,86.85
2002-02-13,25.43,87.69
2002-02-14,25.31,86.17
2002-02-15,25.6,85.54
2002-02-16,25.5,85.17
2002-02-17,25.77,85.44
2002-02-18,25.9,85.92
2002-02-19,25.95,86.55
2002-02-20,25.43,87.81
2002-02-21,25.29,89.57
2002-02-22,25.3,90.25
2002-02-23,25.32,90.53
2002-02-24,25.75,88.81
2002-02-25,26.14,87.18
2002-02-26,26,89.96
2002-02-27,26.4,88.78
2002-02-28,26.26,88.28
2002-03-01,26.39,86.83
2002-03-02,26.45,86.59
2002-03-03,26.05,84.56
2002-03-04,25.68,81.85
2002-03-05,26.48,83.31
2002-03-06,26.16,84.17
2002-03-07,25.84,82.8
2002-03-08,26.03,82.06
2002-03-09,26.32,81.77
2002-03-10,26.46,82.41
2002-03-11,26.49,82.65
2002-03-12,26.59,82.32
2002-03-13,27.04,82.57
2002-03-14,27.01,84.34
2002-03-15,26.91,86.2
2002-03-16,27.34,83.69
2002-03-17,27.17,81.23
2002-03-18,26.77,84.56
2002-03-19,26.72,87.22
2002-03-20,26.5,88.75
2002-03-21,26.6,87.7
2002-03-22,26.86,87.31
2002-03-23,27.47,84.57
2002-03-24,27.88,83.95
2002-03-25,27.62,83.89
2002-03-26,27.07,81.94
2002-03-27,27.24,81.48
2002-03-28,27.75,81.76
2002-03-29,27.8,83.32
2002-03-30,27.47,83.26
2002-03-31,26.59,89.77
2002-04-01,26.73,80.78
2002-04-02,27.08,79.77
2002-04-03,27.63,78.54
2002-04-04,28.01,79.3
2002-04-05,27.54,84.12
2002-04-06,27.58,82.1
2002-04-07,27.21,84.12
2002-04-08,26.59,86.42
2002-04-09,26.77,84.6
2002-04-10,27.64,78.34
2002-04-11,28.26,78.56
2002-04-12,27.22,82.84
2002-04-13,27.87,82.36
2002-04-14,26.53,84.81
2002-04-15,27.75,78.98
2002-04-16,27.06,84.82
2002-04-17,28.14,78.97
2002-04-18,27.92,81.6
2002-04-19,28.02,80.97
2002-04-20,27.87,83.92
2002-04-21,27.94,82.86
2002-04-22,27.52,84.66
2002-04-23,28.11,81.76
2002-04-24,27.88,82.78
2002-04-25,28.14,82.09
2002-04-26,27.86,83.75
2002-04-27,27.92,82.33
2002-04-28,28.24,82.76
2002-04-29,27.75,85.29
2002-04-30,27.75,85.04
2002-05-01,26.96,89.41
2002-05-02,27.79,85.41
2002-05-03,28.13,84.25
2002-05-04,28,87
2002-05-05,27.42,87.7
2002-05-06,27.8,84.29
2002-05-07,28.07,83.52
2002-05-08,27.62,87.72
2002-05-09,27.52,86.92
2002-05-10,28.2,79.59
2002-05-11,28.46,80.69
2002-05-12,28.32,81.96
2002-05-13,28.21,83.08
2002-05-14,28.45,82.32
2002-05-15,28.51,81.44
2002-05-16,28.24,83.38
2002-05-17,28.25,84.29
2002-05-18,28.33,83.28
2002-05-19,28.43,80.41
2002-05-20,28.19,80.83
2002-05-21,27.89,82.82
2002-05-22,27.77,86.79
2002-05-23,27.86,82.23
2002-05-24,28.09,82.45
2002-05-25,27.94,84.53
2002-05-26,27.16,85.68
2002-05-27,26.72,82.67
2002-05-28,27.12,83.27
2002-05-29,27.42,86.09
2002-05-30,27.6,85.97
2002-05-31,27.54,85.76
2002-06-01,27.66,86.09
2002-06-02,27.69,85.37
2002-06-03,27.68,81.79
2002-06-04,27.42,83.81
2002-06-05,27.8,84.93
2002-06-06,27.83,83.1
2002-06-07,27.76,82.6
2002-06-08,27.55,86.65
2002-06-09,27.58,87.51
2002-06-10,27.34,87.62
2002-06-11,26.59,87.86
2002-06-12,27.26,81.4
2002-06-13,26.76,85.03
2002-06-14,27.16,81.42
2002-06-15,26.67,83.37
2002-06-16,27.21,85.67
2002-06-17,26.69,85.36
2002-06-18,27.27,85.2
2002-06-19,27.32,84.25
2002-06-20,27.38,83.91
2002-06-21,27.4,85.52
2002-06-22,27.24,86.05
2002-06-23,27.67,83.82
2002-06-24,27.39,85.52
2002-06-25,27.41,86.6
2002-06-26,27.74,87.43
2002-06-27,27.72,87.66
2002-06-28,27.9,82.24
2002-06-29,27.4,86.37
2002-06-30,27.57,83.82
2002-07-01,26.47,87.71
2002-07-02,26.92,87.11
2002-07-03,26.71,90.05
2002-07-04,27.33,85.18
2002-07-05,27.62,83.99
2002-07-06,27.73,85.14
2002-07-07,28.15,83.42
2002-07-08,27.87,85.32
2002-07-09,28.21,84.65
2002-07-10,27.78,86.52
2002-07-11,27.46,88.19
2002-07-12,26.79,87.44
2002-07-13,27.53,85.67
2002-07-14,27.13,85.5
2002-07-15,27.2,86.38
2002-07-16,27.12,87.02
2002-07-17,27.03,87.06
2002-07-18,26.74,85.89
2002-07-19,27.33,82.98
2002-07-20,27.32,84.46
2002-07-21,27.09,85.1
2002-07-22,26.84,84.92
2002-07-23,26.01,86.17
2002-07-24,26.8,85.93
2002-07-25,26.5,88.71
2002-07-26,27.04,85.64
2002-07-27,27,88.03
2002-07-28,27.15,87.33
2002-07-29,26.63,79.61
2002-07-30,26.68,84.11
2002-07-31,27.07,86.14
2002-08-01,27.04,86.79
2002-08-02,26.92,85.36
2002-08-03,26.84,85.26
2002-08-04,26.9,85.59
2002-08-05,27.01,84.32
2002-08-06,27.01,83.38
2002-08-07,27.42,81.17
2002-08-08,26.88,81.51
2002-08-09,26.58,81
2002-08-10,26.62,83.97
2002-08-11,27,84.94
2002-08-12,27.03,84.52
2002-08-13,26.93,83
2002-08-14,27.33,83.89
2002-08-15,26.9,78.37
2002-08-16,27.1,78.97
2002-08-17,27.2,80.02
2002-08-18,26.69,83.79
2002-08-19,27.04,83.7
2002-08-20,26.85,81.82
2002-08-21,27.23,83.88
2002-08-22,27.11,85
2002-08-23,27.43,84.03
2002-08-24,26.88,86.29
2002-08-25,27.24,85.22
2002-08-26,27.05,83.55
2002-08-27,26.98,83.28
2002-08-28,26.81,85.72
2002-08-29,26.76,85.15
2002-08-30,27.06,84.85
2002-08-31,27.04,83.9
2002-09-01,27.27,85
2002-09-02,26.9,86.06
2002-09-03,26.91,84.47
2002-09-04,26.9,83.5
2002-09-05,26.87,83.01
2002-09-06,27.13,85.13
2002-09-07,27.11,85.24
2002-09-08,26.46,85.29
2002-09-09,26.81,83.86
2002-09-10,25.77,86.51
2002-09-11,25.58,85.27
2002-09-12,26.83,83.47
2002-09-13,27.19,82.11
2002-09-14,27.25,82.19
2002-09-15,27.04,85.28
2002-09-16,27.21,82.57
2002-09-17,27.23,78.86
2002-09-18,27.03,80.03
2002-09-19,27.13,81.42
2002-09-20,27.03,84.79
2002-09-21,26.72,86.23
2002-09-22,26.97,84.8
2002-09-23,26.58,85.93
2002-09-24,26.31,89.31
2002-09-25,26.54,88.94
2002-09-26,26.78,87.08
2002-09-27,26.35,86.54
2002-09-28,26.81,82.97
2002-09-29,26.24,82.89
2002-09-30,26.84,80.86
2002-10-01,27.19,79.85
2002-10-02,27.45,79.46
2002-10-03,27.46,82.75
2002-10-04,27.29,82.68
2002-10-05,27.26,85.78
2002-10-06,27.16,83.36
2002-10-07,26.77,84.41
2002-10-08,27.2,81.94
2002-10-09,27.47,78.98
2002-10-10,27.29,83.28
2002-10-11,27.36,82.98
2002-10-12,27.25,80.18
2002-10-13,27.68,79.67
2002-10-14,27.26,79
2002-10-15,27.24,82.33
2002-10-16,26.97,85.89
2002-10-17,26.71,86.25
2002-10-18,26.91,83.23
2002-10-19,27.79,77.95
2002-10-20,27.21,82.71
2002-10-21,26.59,84.54
2002-10-22,28.43,69.64
2002-10-23,28.45,71.84
2002-10-24,27.48,82.21
2002-10-25,27.8,79.37
2002-10-26,27.87,80.06
2002-10-27,27.37,81.41
2002-10-28,27.42,78.02
2002-10-29,27.96,77.23
2002-10-30,28.17,76.16
2002-10-31,28.33,77.37
2002-11-01,28.09,76.76
2002-11-02,27.14,82.38
2002-11-03,26.2,87.1
2002-11-04,26.3,87.67
2002-11-05,26.04,88.55
2002-11-06,26.56,85.98
2002-11-07,26.69,83.71
2002-11-08,27.06,83.38
2002-11-09,27.49,82.04
2002-11-10,26.43,83.94
2002-11-11,27.39,81.67
2002-11-12,27.2,83.1
2002-11-13,27.34,81.83
2002-11-14,27.29,83.12
2002-11-15,27.04,84.72
2002-11-16,27.51,83.39
2002-11-17,27.26,85.63
2002-11-18,26.17,89.56
2002-11-19,26.33,84.61
2002-11-20,26.92,81.51
2002-11-21,26,87.8
2002-11-22,26.33,85.15
2002-11-23,26.82,84.1
2002-11-24,26.27,88.59
2002-11-25,25.94,87.73
2002-11-26,25.76,84.02
2002-11-27,26.35,87.31
2002-11-28,27.33,79.34
2002-11-29,27.42,77.52
2002-11-30,27.4,80.16
2002-12-01,27.3,80.06
2002-12-02,27.31,83.85
2002-12-03,26.97,85.06
2002-12-04,27.12,84.03
2002-12-05,26.64,86.43
2002-12-06,26.84,86.38
2002-12-07,26.09,90.18
2002-12-08,26.84,86.79
2002-12-09,26.37,89.26
2002-12-10,26.46,88.52
2002-12-11,26.37,89.47
2002-12-12,26,91.86
2002-12-13,25.75,91.64
2002-12-14,26.2,89.19
2002-12-15,25.88,92.44
2002-12-16,26.25,91.66
2002-12-17,26.5,89.45
2002-12-18,27.11,85.58
2002-12-19,26.93,88.79
2002-12-20,26.79,89.04
2002-12-21,26.4,89.44
2002-12-22,26.65,89.79
2002-12-23,26.44,90.68
2002-12-24,26.57,89.14
2002-12-25,26.59,88.99
2002-12-26,26.11,91.65
2002-12-27,25.68,88.47
2002-12-28,27.05,83.25
2002-12-29,27.06,82.96
2002-12-30,26.95,84.76
2002-12-31,26.46,83.65
2003-01-01,26.48,89.08
2003-01-02,25.93,91.28
2003-01-03,25.87,91.45
2003-01-04,25.53,91.48
2003-01-05,26.09,90.81
2003-01-06,26.47,89.45
2003-01-07,26.65,90.04
2003-01-08,25.98,91
2003-01-09,25.58,88.65
2003-01-10,25.82,88.02
2003-01-11,25.37,91.1
2003-01-12,25.46,91.25
2003-01-13,25.71,87.79
2003-01-14,25.87,88.1
2003-01-15,26.44,87.24
2003-01-16,26.16,86.06
2003-01-17,26.36,87.55
2003-01-18,25.99,90.82
2003-01-19,25.69,91.75
2003-01-20,26.17,89.23
2003-01-21,26.12,88.4
2003-01-22,26.32,86.95
2003-01-23,25.92,88.85
2003-01-24,26.04,87.04
2003-01-25,25.81,89.01
2003-01-26,25.91,86.09
2003-01-27,25.93,86.33
2003-01-28,26.14,87.71
2003-01-29,25.9,88.68
2003-01-30,26.03,90.5
2003-01-31,25.45,93.49
2003-02-01,25.13,92.03
2003-02-02,25.78,90.54
2003-02-03,25.88,87.89
2003-02-04,25.8,88.11
2003-02-05,25.15,90.29
2003-02-06,25.64,88.03
2003-02-07,25.79,87.68
2003-02-08,26.25,88
2003-02-09,26.54,88.28
2003-02-10,26.27,89.75
2003-02-11,26.75,88.59
2003-02-12,26.67,88.89
2003-02-13,26.2,87.31
2003-02-14,25.94,89.98
2003-02-15,25.6,89.72
2003-02-16,25.69,90.17
2003-02-17,25.81,90.53
2003-02-18,25.58,91.21
2003-02-19,26.11,88.82
2003-02-20,25.21,90.93
2003-02-21,25.66,85.74
2003-02-22,26.45,83.71
2003-02-23,26.14,84.87
2003-02-24,26.27,85.59
2003-02-25,26.71,85.67
2003-02-26,26.81,86.04
2003-02-27,25.94,86.07
2003-02-28,26.07,86.58
2003-03-01,26.48,84.48
2003-03-02,26.88,85.75
2003-03-03,27.25,84.45
2003-03-04,28.25,78
2003-03-05,27.97,80.8
2003-03-06,28.26,79.54
2003-03-07,27.8,84.36
2003-03-08,26.47,89.83
2003-03-09,26.44,85.87
2003-03-10,27,85.24
2003-03-11,26.79,87.76
2003-03-12,26.44,88.46
2003-03-13,26.06,89.54
2003-03-14,25.88,87.92
2003-03-15,26.72,81.19
2003-03-16,26.76,81.41
2003-03-17,26.94,83.75
2003-03-18,27,85.79
2003-03-19,26.79,86.56
2003-03-20,26.55,87.86
2003-03-21,26.6,84.91
2003-03-22,27.44,84.81
2003-03-23,27.13,86.04
2003-03-24,27.01,86.86
2003-03-25,26.9,87.74
2003-03-26,26.62,89.01
2003-03-27,25.9,89.9
2003-03-28,26.43,88.38
2003-03-29,26.95,85.26
2003-03-30,27.5,83.9
2003-03-31,27.65,84.93
2003-04-01,27.62,83.54
2003-04-02,28.29,78.85
2003-04-03,27.65,84
2003-04-04,27.28,86.06
2003-04-05,28.22,81.16
2003-04-06,27.48,85.34
2003-04-07,27.85,82.68
2003-04-08,27.28,87.95
2003-04-09,27.48,85.86
2003-04-10,27.14,85.58
2003-04-11,26.92,86.48
2003-04-12,27.12,85.2
2003-04-13,27.63,82.8
2003-04-14,27.44,84.44
2003-04-15,27.78,82.76
2003-04-16,27.93,82.95
2003-04-17,26.85,86.64
2003-04-18,27.21,85.9
2003-04-19,27.82,81.75
2003-04-20,27.73,84.88
2003-04-21,27.49,85.56
2003-04-22,27.33,83.88
2003-04-23,27.87,73.71
2003-04-24,28.43,78.59
2003-04-25,28.06,82.4
2003-04-26,28.26,81.37
2003-04-27,28.13,82.45
2003-04-28,27.95,85.02
2003-04-29,28.18,83.6
2003-04-30,28.22,81.35
2003-05-01,27.49,86.78
2003-05-02,27.61,87.13
2003-05-03,27.4,88.56
2003-05-04,27.7,88.47
2003-05-05,27.72,88.25
2003-05-06,28.22,86.29
2003-05-07,28.71,82.76
2003-05-08,27.86,86.42
2003-05-09,26.99,89.19
2003-05-10,27.99,77.69
2003-05-11,28.19,79.49
2003-05-12,27.91,79.82
2003-05-13,27.54,85.53
2003-05-14,27.05,80.62
2003-05-15,27.66,75.41
2003-05-16,28.06,83.06
2003-05-17,28.73,80.7
2003-05-18,27.87,78.35
2003-05-19,28.93,73.64
2003-05-20,28.79,80.22
2003-05-21,28.22,83.39
2003-05-22,28.07,83.71
2003-05-23,28.44,81.06
2003-05-24,28.32,81.23
2003-05-25,28.39,80.93
2003-05-26,28.33,81.69
2003-05-27,27.91,82.3
2003-05-28,28.07,81.45
2003-05-29,28.13,80.32
2003-05-30,27.97,83.56
2003-05-31,27.81,83.58
2003-06-01,27.61,83.6
2003-06-02,28.05,79.95
2003-06-03,28.21,79.06
2003-06-04,28.17,79.61
2003-06-05,28.17,81.38
2003-06-06,27.82,84.31
2003-06-07,27.96,81.47
2003-06-08,27.9,80.26
2003-06-09,28.28,79.54
2003-06-10,27.94,81.55
2003-06-11,27.43,84.93
2003-06-12,26.93,87.7
2003-06-13,27.69,82.6
2003-06-14,27.53,83.77
2003-06-15,27.94,78.86
2003-06-16,27.57,82.09
2003-06-17,27.08,82.97
2003-06-18,27.68,78.02
2003-06-19,27.99,76.68
2003-06-20,27.95,78.91
2003-06-21,27.34,82.69
2003-06-22,27.53,81.5
2003-06-23,27.22,82.47
2003-06-24,26.57,85.83
2003-06-25,26.27,86.79
2003-06-26,26.7,85.68
2003-06-27,26.61,83.4
2003-06-28,27,83.21
2003-06-29,27.06,82.2
2003-06-30,27.11,82.94
2003-07-01,27.07,83.36
2003-07-02,26.81,83.64
2003-07-03,27.41,80.39
2003-07-04,25.66,89.34
2003-07-05,26.81,83.2
2003-07-06,27.19,81.53
2003-07-07,27.42,82.49
2003-07-08,26.62,85.44
2003-07-09,27.25,84.89
2003-07-10,26.99,86.62
2003-07-11,26.81,88.49
2003-07-12,26.07,88.62
2003-07-13,26.66,81.61
2003-07-14,27.02,84.01
2003-07-15,27.06,85.59
2003-07-16,27.26,84.99
2003-07-17,26.68,88.29
2003-07-18,26.8,86.31
2003-07-19,26.6,87.49
2003-07-20,26.84,82.4
2003-07-21,26.94,80.63
2003-07-22,26.83,80.89
2003-07-23,27.14,80.2
2003-07-24,27.56,81.36
2003-07-25,27.04,84.58
2003-07-26,27.15,85.12
2003-07-27,27.02,88.33
2003-07-28,27.14,86.22
2003-07-29,27.13,85.73
2003-07-30,27.14,79.74
2003-07-31,27.07,81.34
2003-08-01,27.44,81.9
2003-08-02,27.34,83.46
2003-08-03,27.16,83.55
2003-08-04,27.05,87.28
2003-08-05,26.6,88.1
2003-08-06,26.95,86.05
2003-08-07,27.14,85.69
2003-08-08,27.5,83.11
2003-08-09,27.49,85.87
2003-08-10,27.49,86.47
2003-08-11,27.45,85.01
2003-08-12,27.3,83.99
2003-08-13,27.12,85.1
2003-08-14,26.94,84.69
2003-08-15,26.79,86.62
2003-08-16,26.92,87.8
2003-08-17,26.24,86.94
2003-08-18,26.93,84.58
2003-08-19,27.27,84.1
2003-08-20,27.58,81.77
2003-08-21,27.02,83.86
2003-08-22,27.19,85.67
2003-08-23,27.05,86.47
2003-08-24,26.96,85.24
2003-08-25,26.9,86.2
2003-08-26,27.14,86.05
2003-08-27,26.59,88.63
2003-08-28,26.29,85.45
2003-08-29,26.16,86.88
2003-08-30,26.51,86.19
2003-08-31,26.03,84.4
2003-09-01,26.75,85.15
2003-09-02,26.12,86.58
2003-09-03,26.98,80.43
2003-09-04,26.76,85.6
2003-09-05,26.73,87.44
2003-09-06,26.92,86.6
2003-09-07,27.13,84.85
2003-09-08,27.21,84.55
2003-09-09,26.28,83.47
2003-09-10,26.72,84.58
2003-09-11,26.85,84.96
2003-09-12,26.75,86.95
2003-09-13,26.8,86.62
2003-09-14,26.57,85.91
2003-09-15,25.88,83.59
2003-09-16,26.81,81.39
2003-09-17,26.69,85.09
2003-09-18,27.03,82.41
2003-09-19,26.7,85.73
2003-09-20,26.18,87.24
2003-09-21,26.84,86.44
2003-09-22,26.92,86.61
2003-09-23,27.15,85.65
2003-09-24,27.07,87.97
2003-09-25,26.45,89.71
2003-09-26,26.95,84.7
2003-09-27,27.22,84.47
2003-09-28,27.33,83.28
2003-09-29,27.29,85.44
2003-09-30,26.89,85.66
2003-10-01,27.5,83.91
2003-10-02,27.88,82.81
2003-10-03,27.63,83.7
2003-10-04,27.16,85.75
2003-10-05,27.44,85.71
2003-10-06,26.41,89.4
2003-10-07,26.9,87.58
2003-10-08,25.96,88.13
2003-10-09,26.86,86.18
2003-10-10,26.4,86.61
2003-10-11,26.4,86.53
2003-10-12,26.04,85.29
2003-10-13,26.13,86.7
2003-10-14,26.6,85.69
2003-10-15,26.29,88.68
2003-10-16,26.96,83.46
2003-10-17,26.9,79.68
2003-10-18,27.02,83.95
2003-10-19,27.07,85.64
2003-10-20,26.33,86.94
2003-10-21,26.56,85.67
2003-10-22,27.56,80.92
2003-10-23,27.3,83.87
2003-10-24,27.37,86.01
2003-10-25,26.26,85.18
2003-10-26,26.76,84.24
2003-10-27,26.2,89.35
2003-10-28,26.53,88.14
2003-10-29,27.42,83.06
2003-10-30,26.5,88.32
2003-10-31,26.22,89.73
2003-11-01,26.1,87.63
2003-11-02,26.63,87.18
2003-11-03,27,85.03
2003-11-04,26.65,85.69
2003-11-05,26.31,90.64
2003-11-06,26.39,88.14
2003-11-07,26.67,84.4
2003-11-08,27,85.36
2003-11-09,26.9,85.15
2003-11-10,26.69,88
2003-11-11,27.01,87.55
2003-11-12,26.74,87.42
2003-11-13,27.22,85.32
2003-11-14,27.15,87.34
2003-11-15,26.84,89.97
2003-11-16,26.62,89.96
2003-11-17,26.75,85.13
2003-11-18,27.46,83.5
2003-11-19,26.09,89.7
2003-11-20,26.85,85.39
2003-11-21,26.03,91.56
2003-11-22,26.05,87.88
2003-11-23,27.3,81.25
2003-11-24,26.53,88.5
2003-11-25,25.84,89.92
2003-11-26,25.44,90.81
2003-11-27,25.78,90.78
2003-11-28,26.09,89.18
2003-11-29,25.2,92.1
2003-11-30,26.06,89.29
2003-12-01,25.99,90.99
2003-12-02,25.68,91.82
2003-12-03,26.23,88.62
2003-12-04,26.04,88.99
2003-12-05,26.37,88.34
2003-12-06,26.14,90.36
2003-12-07,26.31,91.16
2003-12-08,25.86,92.18
2003-12-09,26.05,89.83
2003-12-10,25.97,88.12
2003-12-11,25.72,92.6
2003-12-12,25.66,91.03
2003-12-13,25.26,92.19
2003-12-14,25.56,90.44
2003-12-15,25.71,89.27
2003-12-16,26.01,89.03
2003-12-17,25.62,88.14
2003-12-18,25.77,90.31
2003-12-19,25.88,87.89
2003-12-20,25.48,90.77
2003-12-21,25.02,90.87
2003-12-22,25.45,90.56
2003-12-23,25.71,87.79
2003-12-24,26.03,87.18
2003-12-25,25.97,88.15
2003-12-26,25.67,87.29
2003-12-27,25.41,86.53
2003-12-28,25.2,88.3
2003-12-29,25.87,87.97
2003-12-30,25.95,88.12
2003-12-31,26.09,88.19
2004-01-01,25.86,87.18
2004-01-02,26.13,88.07
2004-01-03,26.23,88.34
2004-01-04,25.93,89.09
2004-01-05,25.55,91.62
2004-01-06,25.56,89.09
2004-01-07,26.15,87.5
2004-01-08,26.23,88.36
2004-01-09,26.22,89.37
2004-01-10,26.13,89.29
2004-01-11,25.7,90.58
2004-01-12,26,88.64
2004-01-13,25.81,86.95
2004-01-14,26.15,87.31
2004-01-15,26.1,87.56
2004-01-16,26.37,87.35
2004-01-17,25.93,87.75
2004-01-18,26.24,87.98
2004-01-19,25.89,90.08
2004-01-20,25.91,87.87
2004-01-21,26.09,85.82
2004-01-22,25.92,85.45
2004-01-23,25.85,88.81
2004-01-24,25.63,90.34
2004-01-25,25.19,91.36
2004-01-26,25.6,89.97
2004-01-27,25.72,91.09
2004-01-28,25.53,93.1
2004-01-29,25.46,92.4
2004-01-30,25.48,92.26
2004-01-31,25.63,91.54
2004-02-01,26.3,88.77
2004-02-02,25.49,90.02
2004-02-03,25.99,88.87
2004-02-04,26.41,89.1
2004-02-05,25.83,90.89
2004-02-06,26.25,88
2004-02-07,25.28,90.88
2004-02-08,25.81,87.79
2004-02-09,25.87,87.66
2004-02-10,26.02,87.88
2004-02-11,26.02,87.72
2004-02-12,25.87,87.34
2004-02-13,25.52,87.93
2004-02-14,25.68,86.45
2004-02-15,25.7,85.21
2004-02-16,25.29,85.88
2004-02-17,25.72,86.07
2004-02-18,25.82,87.2
2004-02-19,25.94,85.98
2004-02-20,25.73,85.64
2004-02-21,25.87,85
2004-02-22,25.85,82.94
2004-02-23,25.83,84.37
2004-02-24,26.19,83.74
2004-02-25,26.35,84.7
2004-02-26,26.24,85.95
2004-02-27,25.71,85.88
2004-02-28,26.61,86.02
2004-02-29,26.19,87.87
2004-03-01,26.57,86.29
2004-03-02,27,86.41
2004-03-03,27.05,86.64
2004-03-04,26.74,88.03
2004-03-05,26.16,88.43
2004-03-06,25.62,90.9
2004-03-07,25.89,88.17
2004-03-08,25.77,93.2
2004-03-09,25.7,90.79
2004-03-10,25.96,91.23
2004-03-11,25.89,90.67
2004-03-12,26.7,87.65
2004-03-13,26.55,89.96
2004-03-14,26.4,88.82
2004-03-15,26.84,86.85
2004-03-16,25.61,92.29
2004-03-17,26.23,87.97
2004-03-18,26.79,84.01
2004-03-19,26.77,88.36
2004-03-20,26.42,88.62
2004-03-21,27.09,86.12
2004-03-22,26.67,88.04
2004-03-23,26.68,88.32
2004-03-24,27.24,84.58
2004-03-25,27.63,84.41
2004-03-26,27.84,84.69
2004-03-27,27.92,82.29
2004-03-28,27.96,81.97
2004-03-29,27.34,84.45
2004-03-30,26.86,85.85
2004-03-31,26.86,87.05
2004-04-01,26.95,86.86
2004-04-02,26.89,85.27
2004-04-03,27.41,82.86
2004-04-04,27.54,83.03
2004-04-05,26.73,84.64
2004-04-06,26.94,86.65
2004-04-07,27.39,84.53
2004-04-08,28.16,79.36
2004-04-09,28.06,80.27
2004-04-10,27.86,81.33
2004-04-11,28.16,77.08
2004-04-12,28.45,77.22
2004-04-13,28.34,81.96
2004-04-14,28.01,83.35
2004-04-15,28.25,81.66
2004-04-16,27.9,83.36
2004-04-17,28.31,80.28
2004-04-18,28.35,78.42
2004-04-19,28.26,79.26
2004-04-20,28.12,77.95
2004-04-21,28.09,80.66
2004-04-22,27.66,83.95
2004-04-23,27.81,81.16
2004-04-24,28.21,75.99
2004-04-25,28.15,81.16
2004-04-26,27.83,83.99
2004-04-27,27.82,83.84
2004-04-28,28.19,83.22
2004-04-29,27.5,86.07
2004-04-30,28.16,80.92
2004-05-01,28,83.48
2004-05-02,28.05,82.5
2004-05-03,28.13,84.66
2004-05-04,28.18,85.73
2004-05-05,27.31,89.34
2004-05-06,27.31,87.31
2004-05-07,27.36,83.64
2004-05-08,27.4,83.86
2004-05-09,28.49,82.05
2004-05-10,28.5,83.97
2004-05-11,28.6,80.06
2004-05-12,28.35,81.48
2004-05-13,28.38,79.98
2004-05-14,29.45,71.39
2004-05-15,29.73,74.41
2004-05-16,29.06,80.16
2004-05-17,28.66,80.49
2004-05-18,29.04,77
2004-05-19,28,85.74
2004-05-20,27.98,88.86
2004-05-21,28.02,85.96
2004-05-22,28.02,84.54
2004-05-23,27.82,85.2
2004-05-24,26.64,87.52
2004-05-25,26.92,83.65
2004-05-26,27.32,80.46
2004-05-27,26.99,81.44
2004-05-28,28.49,73.6
2004-05-29,27.74,80.58
2004-05-30,27.22,83.32
2004-05-31,26.88,85.67
2004-06-01,27.02,86
2004-06-02,27.26,85.7
2004-06-03,27.22,83.49
2004-06-04,27.02,85.9
2004-06-05,27.1,85.4
2004-06-06,27.23,86.23
2004-06-07,26.96,87.48
2004-06-08,27.33,85.89
2004-06-09,26.88,86.19
2004-06-10,27.19,85.98
2004-06-11,27.62,84.82
2004-06-12,27.84,84.23
2004-06-13,27.82,83.68
2004-06-14,27.81,83.67
2004-06-15,27.92,82.92
2004-06-16,27.95,83.31
2004-06-17,27.71,83.15
2004-06-18,27.76,81.12
2004-06-19,27.78,82.47
2004-06-20,27.7,83.55
2004-06-21,27.53,83.31
2004-06-22,27.4,83.74
2004-06-23,26.8,86.87
2004-06-24,27.2,84.22
2004-06-25,27.07,85.45
2004-06-26,26.76,85.35
2004-06-27,27.08,79.71
2004-06-28,27.6,81.57
2004-06-29,27.64,82.78
2004-06-30,26.96,86.9
2004-07-01,26.87,84.75
2004-07-02,26.76,85.9
2004-07-03,27.16,82.79
2004-07-04,26.51,86.51
2004-07-05,26.62,84.99
2004-07-06,26.43,85.02
2004-07-07,26.6,86.01
2004-07-08,25.8,88.02
2004-07-09,25.73,85.44
2004-07-10,26.32,85.83
2004-07-11,26.77,80.59
2004-07-12,26.62,83.66
2004-07-13,26.96,81.56
2004-07-14,26.86,81.59
2004-07-15,25.92,87.95
2004-07-16,26.11,88.35
2004-07-17,26.01,84.89
2004-07-18,26.88,85.12
2004-07-19,26.64,85.61
2004-07-20,26.89,84.43
2004-07-21,26.23,86.68
2004-07-22,26.94,86
2004-07-23,26.61,86.67
2004-07-24,26.05,85.61
2004-07-25,25.96,88.92
2004-07-26,26.23,88.41
2004-07-27,26.13,82.88
2004-07-28,26.05,88.22
2004-07-29,26.04,88.79
2004-07-30,25.86,87.63
2004-07-31,25.79,88.35
2004-08-01,26.16,90.21
2004-08-02,25.84,87.5
2004-08-03,26.96,83.08
2004-08-04,26.83,82.17
2004-08-05,26.65,82.38
2004-08-06,26.88,80.8
2004-08-07,26.71,80.69
2004-08-08,26.79,80.41
2004-08-09,26.82,82.54
2004-08-10,26.76,82.43
2004-08-11,26.66,82.16
2004-08-12,26.77,82.63
2004-08-13,26.91,83.77
2004-08-14,26.54,86.06
2004-08-15,26.88,85.26
2004-08-16,26.62,83.95
2004-08-17,26.86,85.34
2004-08-18,27.04,85.7
2004-08-19,26.99,85.9
2004-08-20,26.78,86.3
2004-08-21,27.51,84.18
2004-08-22,27.41,84.21
2004-08-23,27.16,86.45
2004-08-24,26.95,85.45
2004-08-25,26.22,88.61
2004-08-26,26.71,85.74
2004-08-27,26.76,87.55
2004-08-28,27.06,85.31
2004-08-29,27.03,83.87
2004-08-30,27.34,80.94
2004-08-31,27.58,82.04
2004-09-01,27.38,84.39
2004-09-02,27.32,86.01
2004-09-03,27.1,84.18
2004-09-04,26.87,83.47
2004-09-05,26.19,88.11
2004-09-06,26.21,87.46
2004-09-07,26.67,81.83
2004-09-08,26.97,81.25
2004-09-09,27,84.23
2004-09-10,26.75,85.14
2004-09-11,26.53,86.18
2004-09-12,26.7,85.44
2004-09-13,26.72,85.16
2004-09-14,26.79,85.8
2004-09-15,26.32,87.42
2004-09-16,26.16,85.41
2004-09-17,26.55,86.69
2004-09-18,26.83,86.19
2004-09-19,26.53,85.87
2004-09-20,26.8,85.37
2004-09-21,26.27,87.37
2004-09-22,26.97,83.68
2004-09-23,27.89,80.3
2004-09-24,27.41,83.4
2004-09-25,27.48,82.88
2004-09-26,27.11,81.04
2004-09-27,27.27,83.04
2004-09-28,27.2,84.49
2004-09-29,26.74,84.04
2004-09-30,25.97,84.36
2004-10-01,26.39,81.71
2004-10-02,27.6,76.92
2004-10-03,27.13,81.11
2004-10-04,26.77,82.94
2004-10-05,27,81.56
2004-10-06,27.58,80.25
2004-10-07,27.6,81.27
2004-10-08,27.11,83.66
2004-10-09,26.91,79.64
2004-10-10,27.29,81.91
2004-10-11,27.02,84.71
2004-10-12,26.81,85.31
2004-10-13,27.18,81.35
2004-10-14,26.96,82.18
2004-10-15,27.04,81.94
2004-10-16,27.54,79.28
2004-10-17,27.83,77.8
2004-10-18,27.43,81.69
2004-10-19,25.75,86.78
2004-10-20,27.58,80.49
2004-10-21,26.87,86.88
2004-10-22,26.64,88.31
2004-10-23,25.91,87.5
2004-10-24,26.47,85.1
2004-10-25,26.45,89.2
2004-10-26,26.68,90.18
2004-10-27,26.44,89.97
2004-10-28,26.31,89.05
2004-10-29,26.65,86.46
2004-10-30,26.75,84.64
2004-10-31,26.72,85.45
2004-11-01,26.4,86.21
2004-11-02,26.99,84.56
2004-11-03,26.81,87.64
2004-11-04,26.29,88.2
2004-11-05,26.29,90.76
2004-11-06,26.53,86.27
2004-11-07,26.51,87.87
2004-11-08,26.79,85.79
2004-11-09,26.4,86.68
2004-11-10,27.02,84.87
2004-11-11,27.05,86.16
2004-11-12,26.78,88.7
2004-11-13,26.92,88.4
2004-11-14,27.11,84.34
2004-11-15,26.68,87.23
2004-11-16,26.34,89.64
2004-11-17,26.31,87.64
2004-11-18,26.81,83.54
2004-11-19,26.55,88.83
2004-11-20,26.29,86.39
2004-11-21,26.61,85.53
2004-11-22,25.84,87.68
2004-11-23,26.27,87.7
2004-11-24,26.71,86.51
2004-11-25,27.15,85.18
2004-11-26,26.55,87.73
2004-11-27,26.55,89.13
2004-11-28,26.1,89.35
2004-11-29,26.04,91.13
2004-11-30,26.11,89.33
2004-12-01,26.57,86.12
2004-12-02,26.83,84.77
2004-12-03,27.1,85.44
2004-12-04,26.27,89.71
2004-12-05,26.34,90.16
2004-12-06,26.03,91.27
2004-12-07,25.63,92.45
2004-12-08,25.63,92.17
2004-12-09,25.78,91.31
2004-12-10,26.01,91.74
2004-12-11,25.95,92.46
2004-12-12,26.02,90.27
2004-12-13,26.04,88.22
2004-12-14,26,85.99
2004-12-15,26.42,86.74
2004-12-16,26.41,88.67
2004-12-17,26.12,90.8
2004-12-18,25.59,91.61
2004-12-19,25.98,87.74
2004-12-20,25.51,86.09
2004-12-21,25.36,86.29
2004-12-22,25.36,86.83
2004-12-23,25.7,86.36
2004-12-24,25.69,87.53
2004-12-25,25.96,87.98
2004-12-26,25.54,86.42
2004-12-27,25.55,88.78
2004-12-28,25.22,91.91
2004-12-29,25.24,93.01
2004-12-30,25.65,91.42
2004-12-31,25.72,92.2
2005-01-01,25.51,90.57
2005-01-02,25.12,90.85
2005-01-03,25.61,88.95
2005-01-04,25.85,89.89
2005-01-05,25.54,88.53
2005-01-06,25.26,87.97
2005-01-07,25.76,90.15
2005-01-08,25.05,93.05
2005-01-09,25.63,89.82
2005-01-10,25.46,90.64
2005-01-11,25.59,90.65
2005-01-12,25.86,89.11
2005-01-13,25.99,87.96
2005-01-14,25.86,86.25
2005-01-15,25.59,84.2
2005-01-16,25.51,84.91
2005-01-17,25.05,85.54
2005-01-18,25,84
2005-01-19,25.04,84.57
2005-01-20,24.75,83.8
2005-01-21,25.5,84.9
2005-01-22,25.44,85.42
2005-01-23,25.56,84.41
2005-01-24,25.2,81.05
2005-01-25,24.87,78.61
2005-01-26,25.45,78.67
2005-01-27,25.91,82.64
2005-01-28,25.93,85
2005-01-29,24.87,83.1
2005-01-30,25.57,86.62
2005-01-31,24.98,88.08
2005-02-01,25.62,85.75
2005-02-02,26.35,85.14
2005-02-03,26.24,88.06
2005-02-04,26.25,87.24
2005-02-05,26.06,84.63
2005-02-06,25.55,79.21
2005-02-07,26.16,82.11
2005-02-08,26.34,83.09
2005-02-09,26.65,83.16
2005-02-10,26.89,84.17
2005-02-11,26.58,84.03
2005-02-12,26.46,85.74
2005-02-13,26.36,85.47
2005-02-14,26.92,84.16
2005-02-15,27.32,84.03
2005-02-16,27.32,84.75
2005-02-17,27.09,85.21
2005-02-18,26.8,84.75
2005-02-19,26.91,79.8
2005-02-20,27.51,79.77
2005-02-21,26.71,77.48
2005-02-22,26.87,79.24
2005-02-23,27.11,80.72
2005-02-24,27.56,83.13
2005-02-25,27.77,84.75
2005-02-26,27.33,87.97
2005-02-27,27.28,86.79
2005-02-28,26.71,84.94
2005-03-01,27.11,86.17
2005-03-02,27,87.55
2005-03-03,26.44,88.54
2005-03-04,26.77,81.27
2005-03-05,27.02,79.48
2005-03-06,26.58,82.38
2005-03-07,26.13,81.11
2005-03-08,26.16,79.62
2005-03-09,26.73,80.78
2005-03-10,26.99,81.83
2005-03-11,27.21,81.88
2005-03-12,27.69,81.01
2005-03-13,27.07,81.04
2005-03-14,27.23,84.35
2005-03-15,26.8,85.54
2005-03-16,27.08,83.3
2005-03-17,27.13,83
2005-03-18,27.18,81.59
2005-03-19,26.94,80.38
2005-03-20,27.82,78.58
2005-03-21,27.38,81.54
2005-03-22,27.77,79.61
2005-03-23,27.96,80.76
2005-03-24,27.88,80.68
2005-03-25,28.13,79.98
2005-03-26,27.26,85.72
2005-03-27,26.74,87.81
2005-03-28,27.74,82.29
2005-03-29,28.35,81.34
2005-03-30,27.96,81.59
2005-03-31,26.98,85.06
2005-04-01,28.24,81.76
2005-04-02,27.49,85.3
2005-04-03,26.68,90.09
2005-04-04,26.4,86.79
2005-04-05,26.36,89.07
2005-04-06,26.26,86.72
2005-04-07,27.55,82.94
2005-04-08,27.54,79.56
2005-04-09,27.16,81.61
2005-04-10,28.34,78.6
2005-04-11,27.85,80.41
2005-04-12,27.71,82.05
2005-04-13,27.32,83.45
2005-04-14,27.38,83.98
2005-04-15,27.3,82.99
2005-04-16,27.43,82.49
2005-04-17,27.27,83.76
2005-04-18,26.68,85.27
2005-04-19,27.41,79.15
2005-04-20,27.66,80.98
2005-04-21,27.85,80.26
2005-04-22,28.2,80.29
2005-04-23,27.83,81.58
2005-04-24,27.96,85.73
2005-04-25,27.88,82.72
2005-04-26,28.55,81.01
2005-04-27,28.3,81.16
2005-04-28,27.9,84.2
2005-04-29,28.59,80.18
2005-04-30,28.66,80.18
2005-05-01,28.67,79.26
2005-05-02,29.04,75.02
2005-05-03,29.06,74.42
2005-05-04,29.02,75.47
2005-05-05,28.86,78.81
2005-05-06,28.27,82.26
2005-05-07,27.18,89.61
2005-05-08,27.17,89.44
2005-05-09,27.64,86.24
2005-05-10,27.09,89.42
2005-05-11,27.52,86.05
2005-05-12,27.36,86.06
2005-05-13,27.97,85.53
2005-05-14,28.01,86.63
2005-05-15,27.69,86.95
2005-05-16,27.61,86.75
2005-05-17,27.28,88.83
2005-05-18,27.53,88.21
2005-05-19,27.26,88.38
2005-05-20,28.1,84.75
2005-05-21,27.92,84.93
2005-05-22,27.99,83.9
2005-05-23,28.09,85.5
2005-05-24,27.31,87.56
2005-05-25,26.55,86.18
2005-05-26,26.92,85.08
2005-05-27,27.35,83.9
2005-05-28,27.88,83.3
2005-05-29,27.53,86.17
2005-05-30,27.75,84.84
2005-05-31,27.88,83.88
2005-06-01,27.7,85.13
2005-06-02,28.23,83.33
2005-06-03,28.21,84.46
2005-06-04,28.04,84.38
2005-06-05,27.83,83.3
2005-06-06,27.82,84.13
2005-06-07,27.65,86.88
2005-06-08,27.63,86.82
2005-06-09,28,85.67
2005-06-10,28.08,85.15
2005-06-11,28.43,82.07
2005-06-12,27.27,89.05
2005-06-13,27.56,83.17
2005-06-14,27.47,85.09
2005-06-15,27.16,85.68
2005-06-16,27.55,83.38
2005-06-17,27.93,81.81
2005-06-18,28.78,78.33
2005-06-19,28.72,78.19
2005-06-20,27.19,85.24
2005-06-21,27.21,77.74
2005-06-22,27.3,81.25
2005-06-23,27.83,83.68
2005-06-24,27.47,85.23
2005-06-25,26.89,86.33
2005-06-26,27.09,84.98
2005-06-27,27.04,86.29
2005-06-28,26.6,87.32
2005-06-29,27.01,85.28
2005-06-30,26.92,84.59
2005-07-01,27.49,84.32
2005-07-02,27.02,84.83
2005-07-03,27.29,83.78
2005-07-04,26.95,84.31
2005-07-05,27.45,83.25
2005-07-06,27.76,81.09
2005-07-07,27.42,84.13
2005-07-08,27.06,86.19
2005-07-09,27.67,82.76
2005-07-10,27.66,80.86
2005-07-11,27.42,83.05
2005-07-12,27.08,85.6
2005-07-13,27.13,84.71
2005-07-14,27.32,83.36
2005-07-15,27.63,80.48
2005-07-16,26.23,88.41
2005-07-17,26.26,86.41
2005-07-18,26.67,86.34
2005-07-19,26.19,88
2005-07-20,26.51,85.43
2005-07-21,26.37,85.15
2005-07-22,27.32,84.23
2005-07-23,26.65,87.52
2005-07-24,27.12,87
2005-07-25,27.35,87.81
2005-07-26,25.5,84.79
2005-07-27,26.98,85.12
2005-07-28,27.42,86.94
2005-07-29,27.25,87.73
2005-07-30,27.03,88
2005-07-31,27.35,81.25
2005-08-01,27.29,84.48
2005-08-02,26.99,86.26
2005-08-03,26.79,88.95
2005-08-04,26.48,87.78
2005-08-05,26.93,85.59
2005-08-06,26.86,85.45
2005-08-07,27.44,84.9
2005-08-08,26.98,87.01
2005-08-09,26.8,86.79
2005-08-10,26.54,88.04
2005-08-11,26.73,89.34
2005-08-12,26.29,89.69
2005-08-13,26.63,88.52
2005-08-14,26.81,87.27
2005-08-15,27.08,86.81
2005-08-16,27.86,81.78
2005-08-17,28,82.69
2005-08-18,26.22,89.76
2005-08-19,26.83,87.57
2005-08-20,26.42,85.19
2005-08-21,26.2,87.02
2005-08-22,26.36,87.77
2005-08-23,26.6,83
2005-08-24,27.31,81.16
2005-08-25,27.26,82.93
2005-08-26,26.59,86.51
2005-08-27,26.07,84.69
2005-08-28,27.08,82.81
2005-08-29,27.12,86.2
2005-08-30,27.3,84.32
2005-08-31,27.66,83.37
2005-09-01,27.91,83.84
2005-09-02,27.08,89.27
2005-09-03,27.07,88.74
2005-09-04,26.91,89.44
2005-09-05,27.5,85.47
2005-09-06,27.44,85.56
2005-09-07,26.89,87.43
2005-09-08,26.88,83.8
2005-09-09,27.53,84.95
2005-09-10,27.38,85.01
2005-09-11,27.63,79.78
2005-09-12,28.12,79.75
2005-09-13,26.81,87.89
2005-09-14,27.3,83.43
2005-09-15,27.69,81.75
2005-09-16,27.39,84.67
2005-09-17,27.17,84.2
2005-09-18,27,87.44
2005-09-19,26.73,81.43
2005-09-20,27.41,81.97
2005-09-21,26.63,84.79
2005-09-22,26.73,86.06
2005-09-23,27.72,81.98
2005-09-24,27.44,83.76
2005-09-25,26.54,85.71
2005-09-26,26.56,86.11
2005-09-27,27.15,85.58
2005-09-28,26.96,86.32
2005-09-29,27.05,83.98
2005-09-30,27.8,79.06
2005-10-01,27.68,79.27
2005-10-02,27.24,81.29
2005-10-03,27.11,84.01
2005-10-04,26.35,85.77
2005-10-05,26.87,82.1
2005-10-06,27.02,84.77
2005-10-07,27.52,85.38
2005-10-08,27.29,87.29
2005-10-09,27.18,86.86
2005-10-10,27.44,86.09
2005-10-11,27.56,86.18
2005-10-12,27.74,84.55
2005-10-13,26.69,86.23
2005-10-14,26.91,84.37
2005-10-15,27.47,81.41
2005-10-16,26.18,87.81
2005-10-17,26.32,84.82
2005-10-18,27.38,82.37
2005-10-19,26.33,88.39
2005-10-20,26.49,86.85
2005-10-21,26.88,85.32
2005-10-22,27.08,84.29
2005-10-23,26.39,86.86
2005-10-24,27.16,85.06
2005-10-25,26.77,89.82
2005-10-26,25.85,89.42
2005-10-27,26.14,87.92
2005-10-28,26.57,84.63
2005-10-29,27.15,84.93
2005-10-30,27.5,83.94
2005-10-31,26.99,86.83
2005-11-01,27.04,85.4
2005-11-02,26.59,88.48
2005-11-03,26.17,87.6
2005-11-04,25.81,86.83
2005-11-05,27.02,81.3
2005-11-06,26.97,84.84
2005-11-07,26.86,88.15
2005-11-08,26.23,87.86
2005-11-09,26.59,86.79
2005-11-10,26.77,86.03
2005-11-11,26.83,85.55
2005-11-12,26.54,87.38
2005-11-13,27.08,86.02
2005-11-14,27.04,85.91
2005-11-15,27.02,83.69
2005-11-16,27.54,82.82
2005-11-17,27.1,82.42
2005-11-18,27.42,84.1
2005-11-19,26.39,87.33
2005-11-20,25.76,91.49
2005-11-21,26.07,93.55
2005-11-22,25.93,93.79
2005-11-23,25.65,90.98
2005-11-24,26.39,89.22
2005-11-25,26.81,80.33
2005-11-26,26.71,85.72
2005-11-27,26.43,88.42
2005-11-28,25.73,89.85
2005-11-29,26.15,90.73
2005-11-30,25.77,92
2005-12-01,25.73,90.95
2005-12-02,25.5,90.7
2005-12-03,26.55,86.39
2005-12-04,27.05,81.21
2005-12-05,26.47,87.67
2005-12-06,27.06,84.67
2005-12-07,27.37,80.63
2005-12-08,27.31,81.21
2005-12-09,26.79,86.1
2005-12-10,26.32,89.87
2005-12-11,26.36,85.85
2005-12-12,26.82,85.63
2005-12-13,26.25,90.31
2005-12-14,26.12,90.2
2005-12-15,26.21,88.79
2005-12-16,27.01,86.07
2005-12-17,25.69,91.13
2005-12-18,25.22,89.84
2005-12-19,25.68,89.52
2005-12-20,26.12,87.83
2005-12-21,26.35,86.09
2005-12-22,26.75,81.02
2005-12-23,25.59,91.04
2005-12-24,25.7,90.23
2005-12-25,25.51,85.37
2005-12-26,25.86,90.23
2005-12-27,25.95,91.52
2005-12-28,25.72,89.15
2005-12-29,25.46,89.75
2005-12-30,25.97,86.46
2005-12-31,25.78,89.58
2006-01-01,26.01,89.14
2006-01-02,25.46,90.47
2006-01-03,25.55,91.43
2006-01-04,25.67,91.99
2006-01-05,25.91,90.86
2006-01-06,25.62,91.92
2006-01-07,25.43,92.66
2006-01-08,25.14,93.33
2006-01-09,25.48,92.01
2006-01-10,24.94,93.66
2006-01-11,25.45,92.23
2006-01-12,25.47,91.8
2006-01-13,25.89,90.15
2006-01-14,25.79,90.38
2006-01-15,25.86,89.53
2006-01-16,25.73,90.4
2006-01-17,25.57,91.3
2006-01-18,25.57,90.66
2006-01-19,26.24,88.41
2006-01-20,26.51,88.06
2006-01-21,26.52,88.46
2006-01-22,26.3,86.66
2006-01-23,25.85,86.96
2006-01-24,25.57,85.86
2006-01-25,24.97,86.78
2006-01-26,25.58,86.66
2006-01-27,25.82,86.86
2006-01-28,25.94,87.23
2006-01-29,25.91,86.69
2006-01-30,25.59,87.66
2006-01-31,25.95,87.24
2006-02-01,26.22,88.98
2006-02-02,26.17,88.78
2006-02-03,26.13,87.25
2006-02-04,26.04,88.31
2006-02-05,25.73,88.43
2006-02-06,25.35,90.04
2006-02-07,25.85,88.36
2006-02-08,26.03,86.93
2006-02-09,25.7,90.13
2006-02-10,25.55,92.27
2006-02-11,25.44,92.58
2006-02-12,26.71,84.94
2006-02-13,26.5,89.16
2006-02-14,26.41,88.51
2006-02-15,26.16,86.89
2006-02-16,26.69,85.96
2006-02-17,26.5,85.96
2006-02-18,26.8,85.6
2006-02-19,26.71,87.71
2006-02-20,26.53,88.98
2006-02-21,26.37,88.22
2006-02-22,26.78,87.02
2006-02-23,26.22,89.87
2006-02-24,26.34,88.17
2006-02-25,26.36,87.54
2006-02-26,26.68,86.23
2006-02-27,26.51,87.82
2006-02-28,26.9,86.43
2006-03-01,26.52,86.14
2006-03-02,26.59,83.21
2006-03-03,26.46,84.97
2006-03-04,26.38,84.82
2006-03-05,26.55,83.65
2006-03-06,26.44,83.77
2006-03-07,26.89,83.8
2006-03-08,26.07,82.94
2006-03-09,26.23,84.14
2006-03-10,27.33,82.41
2006-03-11,27.16,84.6
2006-03-12,26.91,82.36
2006-03-13,27.31,80.07
2006-03-14,26.61,81.44
2006-03-15,26.23,83.21
2006-03-16,26.76,83.58
2006-03-17,27.04,83.13
2006-03-18,27.32,83.29
2006-03-19,27.59,82.56
2006-03-20,26.92,86.05
2006-03-21,26.55,87.89
2006-03-22,27.05,86.05
2006-03-23,26.97,86.58
2006-03-24,27.17,85.28
2006-03-25,27.47,84.96
2006-03-26,27.86,80.42
2006-03-27,26.76,86.75
2006-03-28,27.44,78.85
2006-03-29,27.93,81.46
2006-03-30,27.23,85.9
2006-03-31,26.98,85.75
2006-04-01,27.61,80.66
2006-04-02,27.23,81.63
2006-04-03,27.28,84.2
2006-04-04,27.42,82.82
2006-04-05,27.3,85.78
2006-04-06,27.41,84.9
2006-04-07,28.16,75.12
2006-04-08,27.1,85.96
2006-04-09,27,80.92
2006-04-10,27.69,81.07
2006-04-11,27.49,82.68
2006-04-12,27.93,79.51
2006-04-13,26.82,86.09
2006-04-14,27.15,80.43
2006-04-15,26.8,83.08
2006-04-16,27.02,83.19
2006-04-17,26.9,85.29
2006-04-18,27.17,86.27
2006-04-19,27.46,82.61
2006-04-20,27.05,86.86
2006-04-21,27.44,85.77
2006-04-22,27.74,80.72
2006-04-23,28.06,82.14
2006-04-24,27.2,84.09
2006-04-25,27.53,81.96
2006-04-26,27.58,85.42
2006-04-27,27.86,82.17
2006-04-28,28.35,78.7
2006-04-29,28.91,78.39
2006-04-30,28.68,80.08
2006-05-01,28.27,83.8
2006-05-02,26.95,85.21
2006-05-03,27.72,82.19
2006-05-04,28.37,79.4
2006-05-05,27.45,84.41
2006-05-06,26.54,88.26
2006-05-07,27.42,80.26
2006-05-08,27.98,82.44
2006-05-09,27.64,84.92
2006-05-10,27.94,79.03
2006-05-11,28.72,75.96
2006-05-12,28.23,82.22
2006-05-13,27.51,82.87
2006-05-14,27.82,82.08
2006-05-15,27.32,85.22
2006-05-16,27.69,83.42
2006-05-17,27.58,81.42
2006-05-18,28.18,81.27
2006-05-19,27.64,83.67
2006-05-20,27.72,84.68
2006-05-21,26.76,84.6
2006-05-22,26.77,84.62
2006-05-23,27.33,82.14
2006-05-24,27.27,84.88
2006-05-25,27.64,83.27
2006-05-26,27.66,81.71
2006-05-27,27.81,80.88
2006-05-28,26.7,86.4
2006-05-29,27.73,82.03
2006-05-30,27.6,85.67
2006-05-31,27.75,85.89
2006-06-01,26.81,87.31
2006-06-02,27.1,82.82
2006-06-03,27.26,84.67
2006-06-04,26.84,86.55
2006-06-05,26.97,90.02
2006-06-06,26.52,85.98
2006-06-07,27.12,84.09
2006-06-08,26.54,89.95
2006-06-09,26.27,88.72
2006-06-10,26.54,87.72
2006-06-11,26.32,84.42
2006-06-12,27.02,86.1
2006-06-13,26.93,86.45
2006-06-14,27.2,84.8
2006-06-15,27.09,86.38
2006-06-16,27.02,85.88
2006-06-17,27.07,87.12
2006-06-18,27.27,88.33
2006-06-19,26.7,89.37
2006-06-20,26.39,89.48
2006-06-21,27.1,82.76
2006-06-22,27.81,83
2006-06-23,26.84,88.08
2006-06-24,26.73,87.24
2006-06-25,26.75,86.71
2006-06-26,26.95,87.05
2006-06-27,27.48,84.51
2006-06-28,27.16,84.19
2006-06-29,27.35,84.95
2006-06-30,27.15,85.49
2006-07-01,27.19,85.18
2006-07-02,27.03,86.95
2006-07-03,27.3,85.66
2006-07-04,27.78,84.69
2006-07-05,27.68,86.07
2006-07-06,27.3,88.19
2006-07-07,27.59,87.12
2006-07-08,27.59,87.43
2006-07-09,26.85,90.4
2006-07-10,26.5,89.75
2006-07-11,26.65,89.78
2006-07-12,26.33,88.17
2006-07-13,26.74,88.42
2006-07-14,27.08,88.72
2006-07-15,27.35,86.81
2006-07-16,27.2,89.24
2006-07-17,27.06,90.43
2006-07-18,26.81,87.08
2006-07-19,26.28,88.19
2006-07-20,26.75,85.54
2006-07-21,26.88,88.63
2006-07-22,27.09,86.32
2006-07-23,27.1,87.31
2006-07-24,27.09,88
2006-07-25,26.91,86.63
2006-07-26,26.77,84.13
2006-07-27,27.09,83.45
2006-07-28,27.02,84.8
2006-07-29,26.57,88.04
2006-07-30,26.56,88.69
2006-07-31,25.73,86.48
2006-08-01,26.55,85.25
2006-08-02,26.84,84.11
2006-08-03,26.95,84.01
2006-08-04,26.6,83.7
2006-08-05,26.98,82.21
2006-08-06,27.13,83.31
2006-08-07,26.64,85.92
2006-08-08,26.06,84.5
2006-08-09,26.11,84.44
2006-08-10,26.22,84.31
2006-08-11,26.72,84.97
2006-08-12,26.74,85.41
2006-08-13,27.01,85.36
2006-08-14,26.91,85.61
2006-08-15,26.71,86.39
2006-08-16,26.99,84.45
2006-08-17,27.95,82.25
2006-08-18,27.36,83.96
2006-08-19,26.94,86.25
2006-08-20,26.93,84.31
2006-08-21,27.51,81.5
2006-08-22,27.27,83.13
2006-08-23,27.23,83.06
2006-08-24,27.42,83.63
2006-08-25,27.62,81.78
2006-08-26,27.12,84.81
2006-08-27,26.75,83.39
2006-08-28,27.09,84.48
2006-08-29,26.98,85.09
2006-08-30,26.56,87.51
2006-08-31,26.09,86.32
2006-09-01,26.28,85.93
2006-09-02,27,81.84
2006-09-03,27.31,81.98
2006-09-04,27.32,82.96
2006-09-05,26.64,86.75
2006-09-06,27.08,85.21
2006-09-07,27.22,83.44
2006-09-08,26.78,86.76
2006-09-09,27.36,84.29
2006-09-10,26.92,84
2006-09-11,26.98,84.78
2006-09-12,27.01,82.73
2006-09-13,26.83,84.06
2006-09-14,26.67,85.91
2006-09-15,25.95,89.61
2006-09-16,26.09,85.36
2006-09-17,26.44,85.2
2006-09-18,26.69,85.11
2006-09-19,26.48,83.33
2006-09-20,27.3,82.93
2006-09-21,27.45,82.13
2006-09-22,27.16,84.98
2006-09-23,26.65,87.28
2006-09-24,26.9,85.55
2006-09-25,26.09,88.27
2006-09-26,27.16,83.69
2006-09-27,26.88,85.6
2006-09-28,27.23,84.02
2006-09-29,27.08,85.98
2006-09-30,26.49,86.75
2006-10-01,26.58,84.48
2006-10-02,26.55,86.56
2006-10-03,26.93,84.81
2006-10-04,27.09,85.13
2006-10-05,27.11,84.6
2006-10-06,27.04,85.02
2006-10-07,26.83,87.65
2006-10-08,27.34,85.36
2006-10-09,27.18,85.52
2006-10-10,26.69,87.24
2006-10-11,26.97,83.36
2006-10-12,26.81,84.02
2006-10-13,27.12,83.43
2006-10-14,26.68,83.8
2006-10-15,26.75,85.87
2006-10-16,26.89,85.43
2006-10-17,27.04,81.27
2006-10-18,27.45,79.88
2006-10-19,27.62,83.11
2006-10-20,27.36,85.81
2006-10-21,27.29,83.31
2006-10-22,27.02,83.43
2006-10-23,27.1,84.23
2006-10-24,27.11,85.27
2006-10-25,26.15,87.5
2006-10-26,26.27,85.94
2006-10-27,27.24,81.4
2006-10-28,27.89,79.03
2006-10-29,28.16,77.42
2006-10-30,28.29,77.54
2006-10-31,27.83,81.35
2006-11-01,26.56,86.99
2006-11-02,26.58,86.39
2006-11-03,26.74,87.42
2006-11-04,26.57,86.91
2006-11-05,26.85,85.37
2006-11-06,26.23,89.14
2006-11-07,26.33,85.59
2006-11-08,26.7,84.81
2006-11-09,26.59,86.69
2006-11-10,26.22,88.87
2006-11-11,25.84,86.23
2006-11-12,26.58,84.06
2006-11-13,26.8,82.44
2006-11-14,27.37,81.85
2006-11-15,26.15,87.62
2006-11-16,26.74,85.4
2006-11-17,26.71,88.95
2006-11-18,26.83,87.49
2006-11-19,26.77,86.31
2006-11-20,26.73,83.83
2006-11-21,27.1,82.79
2006-11-22,26.99,83.68
2006-11-23,27.33,82.66
2006-11-24,26.1,87.23
2006-11-25,26.64,86.29
2006-11-26,26.98,86.95
2006-11-27,26.66,87.23
2006-11-28,26.44,88.96
2006-11-29,26.87,86.45
2006-11-30,26.57,88.8
2006-12-01,26.65,88.87
2006-12-02,26.42,90.6
2006-12-03,26.05,89.66
2006-12-04,26.36,87.61
2006-12-05,26.9,82.15
2006-12-06,26.7,87.58
2006-12-07,26.56,86.5
2006-12-08,26.73,86.04
2006-12-09,26.36,88.48
2006-12-10,26.45,88.24
2006-12-11,27.64,84.93
2006-12-12,26.47,92.8
2006-12-13,26.45,90.01
2006-12-14,26.49,90.23
2006-12-15,26.83,89.26
2006-12-16,27.24,89.01
2006-12-17,26.63,92.57
2006-12-18,26.57,92.84
2006-12-19,26.32,93.47
2006-12-20,26.44,93.45
2006-12-21,26.41,92.02
2006-12-22,26.11,91.03
2006-12-23,26.06,90.56
2006-12-24,26.04,90.95
2006-12-25,26.41,91.37
2006-12-26,26.06,93.24
2006-12-27,25.99,91.52
2006-12-28,25.47,92.5
2006-12-29,25.18,89.5
2006-12-30,25.67,89.83
2006-12-31,26.01,88.9
2007-01-01,25.59,90.94
2007-01-02,25.69,91.42
2007-01-03,25.84,91.62
2007-01-04,26.06,86.51
2007-01-05,26.19,88.22
2007-01-06,26.01,90.79
2007-01-07,26.4,90.29
2007-01-08,26.55,90.05
2007-01-09,25.28,93.05
2007-01-10,25.95,91.68
2007-01-11,25.98,92.01
2007-01-12,25.53,93.88
2007-01-13,25.36,93.88
2007-01-14,25.49,91.55
2007-01-15,25.41,92.52
2007-01-16,26.18,90.38
2007-01-17,26.59,90.24
2007-01-18,26.1,91.46
2007-01-19,26.54,89.72
2007-01-20,26.43,92.01
2007-01-21,26.43,90.13
2007-01-22,26.04,88.54
2007-01-23,25.98,90.17
2007-01-24,25.85,90.56
2007-01-25,25.5,91.11
2007-01-26,25.93,90.34
2007-01-27,25.71,89.92
2007-01-28,24.91,86.59
2007-01-29,24.39,84.11
2007-01-30,24.11,83.32
2007-01-31,24.08,84.54
2007-02-01,24.36,84.45
2007-02-02,24.67,84.9
2007-02-03,24.82,86.16
2007-02-04,24.93,86.02
2007-02-05,25.25,86.85
2007-02-06,25.52,87.37
2007-02-07,25.51,86.32
2007-02-08,25.62,86.7
2007-02-09,25.52,86.68
2007-02-10,25.51,86.27
2007-02-11,26.05,86.85
2007-02-12,26.36,86.97
2007-02-13,26.33,86.44
2007-02-14,26.53,85.87
2007-02-15,26.51,85.56
2007-02-16,26.38,87.74
2007-02-17,26.17,88.58
2007-02-18,26.14,87.15
2007-02-19,25.83,86.73
2007-02-20,26.19,84.74
2007-02-21,26.59,81.59
2007-02-22,27.07,79.21
2007-02-23,26.65,84.31
2007-02-24,26.34,87.39
2007-02-25,26.67,84.36
2007-02-26,25.78,89.13
2007-02-27,26.21,85.96
2007-02-28,25.94,90.3
2007-03-01,25.87,88.81
2007-03-02,25.38,90.81
2007-03-03,26.07,88
2007-03-04,26.52,85.08
2007-03-05,26.52,85.36
2007-03-06,26.72,85.58
2007-03-07,26.5,83.56
2007-03-08,26.59,84.18
2007-03-09,26.46,83.85
2007-03-10,26.66,83.61
2007-03-11,27.08,84.41
2007-03-12,27.13,85.47
2007-03-13,26.36,88.06
2007-03-14,26.77,86.83
2007-03-15,27.33,83.44
2007-03-16,27.15,83.31
2007-03-17,26.78,85.02
2007-03-18,27.6,82.44
2007-03-19,26.98,87.08
2007-03-20,26.85,84.09
2007-03-21,26.17,88.72
2007-03-22,26.57,84.87
2007-03-23,26.45,84.03
2007-03-24,27.75,80.47
2007-03-25,27.21,82.96
2007-03-26,27.5,82.2
2007-03-27,28.08,80.79
2007-03-28,27.84,83
2007-03-29,26.83,87.68
2007-03-30,26.82,87.71
2007-03-31,26.95,86.96
2007-04-01,27.15,82.74
2007-04-02,27.78,80.64
2007-04-03,27.42,84.41
2007-04-04,27.35,83.11
2007-04-05,27.05,83.25
2007-04-06,27.27,82.6
2007-04-07,27.45,83.84
2007-04-08,27.45,84.91
2007-04-09,27.48,85.58
2007-04-10,27.73,84.26
2007-04-11,27.72,83.92
2007-04-12,27.25,86.13
2007-04-13,27.07,86.84
2007-04-14,27.87,81.83
2007-04-15,27.86,83.1
2007-04-16,28.34,79.72
2007-04-17,28.38,80.48
2007-04-18,27.44,85.66
2007-04-19,27.77,79.68
2007-04-20,27.54,84.13
2007-04-21,27.77,83.24
2007-04-22,28.33,79.39
2007-04-23,27.84,82.08
2007-04-24,27.67,80.86
2007-04-25,27.75,80.33
2007-04-26,27.56,82.7
2007-04-27,27.35,84.39
2007-04-28,27.63,83.16
2007-04-29,26.81,86.7
2007-04-30,27.49,85.4
2007-05-01,27.03,89.34
2007-05-02,26.59,89.22
2007-05-03,27.17,88.12
2007-05-04,27.77,85.28
2007-05-05,27.1,88.41
2007-05-06,27.68,83.96
2007-05-07,28.17,84.07
2007-05-08,28.04,86.91
2007-05-09,27.59,88.36
2007-05-10,27.33,87.56
2007-05-11,27.5,85.71
2007-05-12,28.18,83.92
2007-05-13,27.29,89.25
2007-05-14,27.41,89.07
2007-05-15,26.82,89.04
2007-05-16,27.31,80.31
2007-05-17,28.23,78.94
2007-05-18,27.82,81.08
2007-05-19,27.97,81.9
2007-05-20,27.91,83.66
2007-05-21,27.61,85.94
2007-05-22,27.58,87.04
2007-05-23,27.55,88.02
2007-05-24,27.51,87.45
2007-05-25,27.84,87.29
2007-05-26,27.69,86.39
2007-05-27,27.71,87.03
2007-05-28,27.73,85.12
2007-05-29,27.44,83.19
2007-05-30,27.42,84.27
2007-05-31,27.49,85.95
2007-06-01,27.56,83.44
2007-06-02,27.44,85.48
2007-06-03,27.6,86.28
2007-06-04,27.97,80.08
2007-06-05,28.01,82.48
2007-06-06,26.73,86.54
2007-06-07,27.77,82.44
2007-06-08,27.56,83.77
2007-06-09,27.8,83.9
2007-06-10,27.32,88.27
2007-06-11,27.46,83.67
2007-06-12,26.72,89.67
2007-06-13,27.15,88.72
2007-06-14,27.42,86.15
2007-06-15,27.19,85.23
2007-06-16,27.14,83.01
2007-06-17,26.59,90.19
2007-06-18,27.54,83.11
2007-06-19,26.84,88.46
2007-06-20,27.02,80.29
2007-06-21,27.54,82.62
2007-06-22,27.83,83.14
2007-06-23,27.69,85.51
2007-06-24,27.92,88.16
2007-06-25,27.51,89.56
2007-06-26,27.33,85.23
2007-06-27,27.3,83.66
2007-06-28,27.37,83.54
2007-06-29,27.3,83.55
2007-06-30,28.71,71
2007-07-01,27.62,86.3
2007-07-02,27.7,84.28
2007-07-03,27.68,85.96
2007-07-04,27.64,86.12
2007-07-05,27.75,84.13
2007-07-06,27.49,87.39
2007-07-07,26.37,88.6
2007-07-08,27,87.13
2007-07-09,26.19,89.02
2007-07-10,27.09,86.84
2007-07-11,27.06,88.06
2007-07-12,27.04,85.58
2007-07-13,27.05,83.15
2007-07-14,27.39,85.18
2007-07-15,27.48,86.18
2007-07-16,27.44,86.06
2007-07-17,27.29,86.79
2007-07-18,26.85,88.32
2007-07-19,27.08,84.83
2007-07-20,27.33,84.07
2007-07-21,26.6,84.95
2007-07-22,26.28,86.65
2007-07-23,25.5,90.61
2007-07-24,25.04,86.59
2007-07-25,26.37,80.7
2007-07-26,26.32,86.41
2007-07-27,25.98,88.59
2007-07-28,26.52,85.6
2007-07-29,26.55,85.87
2007-07-30,26.6,88.2
2007-07-31,26.24,85.71
2007-08-01,26.78,84.16
2007-08-02,26.55,82.46
2007-08-03,27.11,79.97
2007-08-04,26.69,81.57
2007-08-05,27.07,82.67
2007-08-06,27.1,82.18
2007-08-07,27.45,81.97
2007-08-08,27.13,85
2007-08-09,26.97,85.72
2007-08-10,26.93,87.26
2007-08-11,27.07,86.93
2007-08-12,26.75,88.71
2007-08-13,27.04,84.18
2007-08-14,26.6,88.08
2007-08-15,26.66,88.11
2007-08-16,26.77,85.5
2007-08-17,26.84,85.24
2007-08-18,26.8,85.68
2007-08-19,26.48,88.83
2007-08-20,25.84,87.45
2007-08-21,25.91,87.11
2007-08-22,25.58,87.47
2007-08-23,26.14,87.47
2007-08-24,26.5,86.81
2007-08-25,26.66,85.54
2007-08-26,26.73,84.72
2007-08-27,26.61,85.84
2007-08-28,26.23,88.86
2007-08-29,26.78,85.82
2007-08-30,26.31,90.16
2007-08-31,26.71,86.98
2007-09-01,26.99,87.27
2007-09-02,26.97,85.68
2007-09-03,25.93,88.17
2007-09-04,25.42,84.93
2007-09-05,26.51,84.86
2007-09-06,26.8,88.32
2007-09-07,27.02,84.13
2007-09-08,26.83,80.83
2007-09-09,27,83.2
2007-09-10,26.24,86.86
2007-09-11,26.78,85.11
2007-09-12,26.24,88.42
2007-09-13,27.07,84.43
2007-09-14,26.79,87.24
2007-09-15,26.59,88.15
2007-09-16,26.5,86.11
2007-09-17,25.76,87.34
2007-09-18,26.76,85.8
2007-09-19,27.13,85.44
2007-09-20,27.03,88.11
2007-09-21,26.56,86.04
2007-09-22,27.34,83.46
2007-09-23,27.34,83.35
2007-09-24,27.44,81.59
2007-09-25,27.24,85.13
2007-09-26,26.92,86.28
2007-09-27,26.64,86.53
2007-09-28,27.19,82.7
2007-09-29,27.26,80.72
2007-09-30,27.4,80.46
2007-10-01,27.14,82.41
2007-10-02,27.34,81.38
2007-10-03,27.16,83.01
2007-10-04,27.41,84.79
2007-10-05,27.08,86.36
2007-10-06,27.24,84.33
2007-10-07,26.79,85.09
2007-10-08,26.81,82.45
2007-10-09,26.55,83.59
2007-10-10,26.66,85.3
2007-10-11,27.12,82.66
2007-10-12,27.2,81.42
2007-10-13,27.08,82.44
2007-10-14,27.3,81.2
2007-10-15,26.76,84.86
2007-10-16,26.56,83.16
2007-10-17,26.99,81.53
2007-10-18,27.3,81.03
2007-10-19,26.76,85.5
2007-10-20,26.8,83.28
2007-10-21,26.84,85.55
2007-10-22,26.08,88.63
2007-10-23,25.74,88.83
2007-10-24,25.8,88.47
2007-10-25,27.3,79.37
2007-10-26,27.56,82.45
2007-10-27,27.29,82.05
2007-10-28,27.27,83.96
2007-10-29,26.01,88.12
2007-10-30,26.39,85.4
2007-10-31,26.18,83.99
2007-11-01,26.7,80.27
2007-11-02,27.19,81.05
2007-11-03,26.55,86.95
2007-11-04,26.51,87.83
2007-11-05,25.77,89.67
2007-11-06,26.1,87.22
2007-11-07,26.79,84.02
2007-11-08,26.27,84.95
2007-11-09,26.06,87.17
2007-11-10,26.33,86.16
2007-11-11,26.11,87.58
2007-11-12,26.14,88.51
2007-11-13,26.96,85.44
2007-11-14,26.5,84.32
2007-11-15,26.51,86.88
2007-11-16,26.63,84.83
2007-11-17,26.94,84.47
2007-11-18,26.99,85.14
2007-11-19,26.61,89.93
2007-11-20,25.76,92.5
2007-11-21,25.3,90.2
2007-11-22,26.33,86.39
2007-11-23,27.09,86.83
2007-11-24,26.99,86.97
2007-11-25,27.12,85.73
2007-11-26,27.11,85.49
2007-11-27,25.73,90.84
2007-11-28,25.71,89.91
2007-11-29,25.89,88.25
2007-11-30,25.36,85.13
2007-12-01,25.05,84.46
2007-12-02,25.39,84.64
2007-12-03,25.65,84.34
2007-12-04,25.63,86.96
2007-12-05,25.77,91.86
2007-12-06,25.38,92.92
2007-12-07,25.7,91.31
2007-12-08,25.82,92.42
2007-12-09,25.91,92.85
2007-12-10,25.6,93.92
2007-12-11,25.85,91.43
2007-12-12,25.88,91.73
2007-12-13,25.65,91.83
2007-12-14,26.02,90.88
2007-12-15,26.07,91.15
2007-12-16,25.91,91.62
2007-12-17,25.43,91.89
2007-12-18,25.49,89.88
2007-12-19,25.78,89.68
2007-12-20,25.82,87.01
2007-12-21,25.47,90.9
2007-12-22,25.91,90.2
2007-12-23,26.06,90.02
2007-12-24,25.3,90.51
2007-12-25,25.99,88.23
2007-12-26,25.06,91.36
2007-12-27,25.28,86.66
2007-12-28,26.13,87.32
2007-12-29,25.92,87.82
2007-12-30,26.05,88.1
2007-12-31,25.98,89.52
2008-01-01,25.14,92.1
2008-01-02,25.47,91.03
2008-01-03,24.93,91.95
2008-01-04,24.98,93.57
2008-01-05,25.28,90.37
2008-01-06,25.26,92.05
2008-01-07,25.59,91.49
2008-01-08,25.73,92.47
2008-01-09,25.46,91.07
2008-01-10,25.86,89.09
2008-01-11,25.97,88.96
2008-01-12,25.69,87.59
2008-01-13,26.19,86.74
2008-01-14,25.87,87.36
2008-01-15,25.65,86.62
2008-01-16,26.06,83.14
2008-01-17,26.43,86.76
2008-01-18,25.77,88.3
2008-01-19,25.68,88.01
2008-01-20,25.8,88.61
2008-01-21,26.13,88.77
2008-01-22,26.16,87.9
2008-01-23,26.17,88.3
2008-01-24,26.46,88.07
2008-01-25,26.54,87.76
2008-01-26,26.39,88.12
2008-01-27,26.29,90.82
2008-01-28,26.26,88.53
2008-01-29,26.53,87.32
2008-01-30,26.34,87.79
2008-01-31,26.35,88.36
2008-02-01,25.92,90.33
2008-02-02,25.69,91.29
2008-02-03,25.34,90.85
2008-02-04,25.43,92.08
2008-02-05,25.48,91.41
2008-02-06,25.77,86.24
2008-02-07,25.88,86.72
2008-02-08,26.01,87.54
2008-02-09,25.37,85.36
2008-02-10,25.38,84.97
2008-02-11,25.54,83.93
2008-02-12,25.26,84.56
2008-02-13,25.81,84.87
2008-02-14,26.09,83.85
2008-02-15,25.41,86.91
2008-02-16,25.74,84.03
2008-02-17,25.47,83.9
2008-02-18,25.6,83.98
2008-02-19,25.77,83.67
2008-02-20,25.61,82.67
2008-02-21,25.72,83.91
2008-02-22,25.91,83.07
2008-02-23,27.13,79.95
2008-02-24,26.64,83.88
2008-02-25,26.41,86.85
2008-02-26,26.16,88.75
2008-02-27,26.01,86.92
2008-02-28,26.29,86.58
2008-02-29,25.91,88.02
2008-03-01,25.31,92.57
2008-03-02,26.01,89.21
2008-03-03,25.12,90.59
2008-03-04,25.28,91.02
2008-03-05,25.64,89.69
2008-03-06,25.76,88.42
2008-03-07,26.34,86.18
2008-03-08,26.25,86.89
2008-03-09,26.09,88.34
2008-03-10,25.82,90.32
2008-03-11,25.51,92.96
2008-03-12,25.4,92.03
2008-03-13,25.11,91.94
2008-03-14,26.02,89.94
2008-03-15,25.97,89.81
2008-03-16,25.99,90.15
2008-03-17,26.47,88.41
2008-03-18,26.75,86.6
2008-03-19,25.91,90.04
2008-03-20,26.18,86.45
2008-03-21,26.63,85.39
2008-03-22,26.75,84.78
2008-03-23,26.1,88.56
2008-03-24,26.23,89.49
2008-03-25,26.34,84.78
2008-03-26,27.23,81.17
2008-03-27,26.84,86.85
2008-03-28,26.87,86.81
2008-03-29,26.8,86.6
2008-03-30,27.71,83.89
2008-03-31,25.75,84.06
2008-04-01,27.18,81.44
2008-04-02,27.9,79.53
2008-04-03,26.58,86.24
2008-04-04,27.04,82.39
2008-04-05,27.55,82.28
2008-04-06,27.2,83.74
2008-04-07,27.33,83.5
2008-04-08,26.96,85.29
2008-04-09,28.15,78.3
2008-04-10,27.9,81.01
2008-04-11,27.32,81.76
2008-04-12,27.25,83.43
2008-04-13,26.98,84.24
2008-04-14,27.22,81.86
2008-04-15,27.9,79.69
2008-04-16,28.19,77.72
2008-04-17,27.81,83.84
2008-04-18,27.23,87.14
2008-04-19,26.95,86.36
2008-04-20,27.11,86.08
2008-04-21,27.66,85.33
2008-04-22,26.96,88.76
2008-04-23,27.19,87.17
2008-04-24,27.01,85.23
2008-04-25,27.31,82.38
2008-04-26,27.36,85.6
2008-04-27,27.7,85.96
2008-04-28,27.8,84.92
2008-04-29,27.91,83.02
2008-04-30,27.9,81.62
2008-05-01,28.05,81.08
2008-05-02,27.68,84.56
2008-05-03,27.93,84.17
2008-05-04,27.95,85.98
2008-05-05,27.45,85.65
2008-05-06,27.83,81.98
2008-05-07,27,84.67
2008-05-08,27.39,84.28
2008-05-09,27.38,85.75
2008-05-10,26.29,88.85
2008-05-11,26.97,83.13
2008-05-12,26.92,83.37
2008-05-13,27.14,83.9
2008-05-14,26.62,86.01
2008-05-15,27.57,82.27
2008-05-16,27.82,82.26
2008-05-17,27.96,83.46
2008-05-18,27.89,83.51
2008-05-19,27.93,83.63
2008-05-20,27.88,83.81
2008-05-21,27.82,83.64
2008-05-22,27.7,84.15
2008-05-23,27.56,83.94
2008-05-24,27.37,83.14
2008-05-25,27.3,84.99
2008-05-26,27.28,83.99
2008-05-27,26.75,87.13
2008-05-28,26.78,87.58
2008-05-29,26.94,88.52
2008-05-30,26.61,86.59
2008-05-31,26.68,85.4
2008-06-01,26.98,86.21
2008-06-02,27.14,84.81
2008-06-03,26.73,85.7
2008-06-04,27.77,77.11
2008-06-05,28.02,80.08
2008-06-06,27.13,86.65
2008-06-07,26.57,88.58
2008-06-08,26.81,81.86
2008-06-09,27.22,84.3
2008-06-10,26.94,87.02
2008-06-11,26.95,87.48
2008-06-12,27.06,86.6
2008-06-13,27.31,85.04
2008-06-14,27.28,86.22
2008-06-15,27.31,86.18
2008-06-16,27.07,87.22
2008-06-17,27.72,84.11
2008-06-18,26.79,84.93
2008-06-19,27.11,83.5
2008-06-20,26.84,86.8
2008-06-21,27.21,86.33
2008-06-22,26.33,87.28
2008-06-23,27.21,82.07
2008-06-24,27.16,84.38
2008-06-25,27.02,86.87
2008-06-26,27.36,84.72
2008-06-27,27.1,84.91
2008-06-28,27.35,87
2008-06-29,27.32,85.09
2008-06-30,26.98,85.54
2008-07-01,26.44,87
2008-07-02,26.96,85.26
2008-07-03,27.03,82.03
2008-07-04,26.87,83.49
2008-07-05,27.2,85.12
2008-07-06,27.21,85.44
2008-07-07,27.16,87.68
2008-07-08,26.32,89.83
2008-07-09,26.5,86.74
2008-07-10,26.54,85.3
2008-07-11,26.49,84.37
2008-07-12,26.95,85.43
2008-07-13,27.04,87.38
2008-07-14,26.59,89.33
2008-07-15,25.98,89.06
2008-07-16,26.7,86.61
2008-07-17,26.73,86.81
2008-07-18,26.68,88.54
2008-07-19,26.16,89.4
2008-07-20,26.13,86.15
2008-07-21,26.29,87.27
2008-07-22,26.3,87.6
2008-07-23,26.06,87.44
2008-07-24,26.34,86.39
2008-07-25,25.79,90.01
2008-07-26,25.94,87.69
2008-07-27,26.56,83.88
2008-07-28,26.76,85.7
2008-07-29,26.68,87.06
2008-07-30,26.83,86.41
2008-07-31,27,87.52
2008-08-01,27.08,85.47
2008-08-02,27.09,85.26
2008-08-03,26.76,86.64
2008-08-04,26.98,85.77
2008-08-05,26.98,82.85
2008-08-06,27.08,84.47
2008-08-07,26.42,89.02
2008-08-08,26.37,89.23
2008-08-09,26.83,85.94
2008-08-10,26.36,86.39
2008-08-11,26.82,88.06
2008-08-12,26.35,86.48
2008-08-13,27.04,80.55
2008-08-14,27.03,84.86
2008-08-15,26.98,86.74
2008-08-16,26.71,87.17
2008-08-17,26.93,85.87
2008-08-18,27.02,84.05
2008-08-19,26.42,85.87
2008-08-20,26.61,86
2008-08-21,26.92,86.29
2008-08-22,26.44,86.19
2008-08-23,25.95,89.22
2008-08-24,26.27,88.72
2008-08-25,26.5,85.09
2008-08-26,26.84,83.23
2008-08-27,27.12,82.74
2008-08-28,26.64,86.88
2008-08-29,26.22,86.53
2008-08-30,27.42,80.91
2008-08-31,27.48,82.39
2008-09-01,26.65,86.34
2008-09-02,26.33,89.42
2008-09-03,26.19,91.29
2008-09-04,25.72,87.1
2008-09-05,26.18,85.77
2008-09-06,26.37,86.99
2008-09-07,26.83,81.38
2008-09-08,26.65,85.65
2008-09-09,26.48,85.13
2008-09-10,26.45,86.95
2008-09-11,26.31,86.65
2008-09-12,26.68,86.43
2008-09-13,26.75,85.7
2008-09-14,26.72,85.29
2008-09-15,26.91,82.96
2008-09-16,26.82,83.84
2008-09-17,26.83,85.74
2008-09-18,27.16,85.1
2008-09-19,27.08,84.58
2008-09-20,27.15,85.67
2008-09-21,27.24,84.19
2008-09-22,26.49,83.78
2008-09-23,27.2,86.46
2008-09-24,26.98,84.47
2008-09-25,27.67,82.63
2008-09-26,26.39,84.46
2008-09-27,27.28,81.86
2008-09-28,27.21,85.52
2008-09-29,26.99,86.31
2008-09-30,26.6,86.37
2008-10-01,26.09,85.09
2008-10-02,26.88,85.06
2008-10-03,27.48,81.12
2008-10-04,27.35,81.21
2008-10-05,27.22,82.46
2008-10-06,26.6,84.95
2008-10-07,26.58,84.59
2008-10-08,26.71,84.32
2008-10-09,27.17,82.4
2008-10-10,28.12,78.65
2008-10-11,28.02,79.9
2008-10-12,27.57,81.82
2008-10-13,27.74,80.1
2008-10-14,27.54,83.88
2008-10-15,27.52,82.36
2008-10-16,27.82,79.71
2008-10-17,27.68,83.15
2008-10-18,27.57,84
2008-10-19,28.06,82.42
2008-10-20,27.68,82.92
2008-10-21,28.08,80.48
2008-10-22,27,87.61
2008-10-23,26.33,89.24
2008-10-24,26.18,86.61
2008-10-25,26.39,84.56
2008-10-26,27.65,76.89
2008-10-27,27.54,82.08
2008-10-28,28.25,75.31
2008-10-29,28.52,77.76
2008-10-30,26.63,82.87
2008-10-31,27.96,79.61
2008-11-01,27.58,81.76
2008-11-02,27.99,82.13
2008-11-03,27.68,77.78
2008-11-04,27.46,82.08
2008-11-05,27.82,81.68
2008-11-06,27.03,86.09
2008-11-07,27.59,83.93
2008-11-08,27.28,85.24
2008-11-09,27.32,81.43
2008-11-10,27.25,85.78
2008-11-11,27.26,80.76
2008-11-12,26.97,88.03
2008-11-13,26.52,91.18
2008-11-14,27.48,85.3
2008-11-15,26.85,85.78
2008-11-16,27.27,84.85
2008-11-17,26.94,86.51
2008-11-18,27.37,79.45
2008-11-19,26.52,89.11
2008-11-20,26.32,86.34
2008-11-21,26.4,86.32
2008-11-22,26.71,89.83
2008-11-23,27.07,89.98
2008-11-24,26.74,87.24
2008-11-25,26.59,89.04
2008-11-26,26.61,89.92
2008-11-27,26.17,88.75
2008-11-28,27.35,83.94
2008-11-29,26.9,87.49
2008-11-30,27.33,84.97
2008-12-01,26.6,89.88
2008-12-02,26.45,89.8
2008-12-03,26.39,91.5
2008-12-04,26.32,89.83
2008-12-05,26.8,87.51
2008-12-06,26.09,92.05
2008-12-07,26.12,90.83
2008-12-08,25.24,93.5
2008-12-09,25.89,88.76
2008-12-10,26.13,87.5
2008-12-11,26.17,88.97
2008-12-12,26.03,90.41
2008-12-13,26.32,90.16
2008-12-14,25.73,89.24
2008-12-15,25.77,89.44
2008-12-16,25.53,90.33
2008-12-17,25.74,88.2
2008-12-18,25.93,87.86
2008-12-19,25.77,87.86
2008-12-20,25.75,85.84
2008-12-21,26,87.94
2008-12-22,25.9,90.54
2008-12-23,26.25,88.5
2008-12-24,24.8,93.38
2008-12-25,24.9,91.77
2008-12-26,25.24,90.66
2008-12-27,26.33,87.06
2008-12-28,26.47,88.22
2008-12-29,25.32,89.98
2008-12-30,26.44,86.06
2008-12-31,26.39,89.45
2009-01-01,26.12,90.83
2009-01-02,25.75,91.53
2009-01-03,25.21,90.26
2009-01-04,25.37,90.68
2009-01-05,25.86,89.75
2009-01-06,25.87,88.89
2009-01-07,25.67,89.98
2009-01-08,25.35,89.1
2009-01-09,24.92,87.79
2009-01-10,24.82,85.22
2009-01-11,25.04,86.6
2009-01-12,25.54,85.77
2009-01-13,25.17,87.28
2009-01-14,25.05,85.67
2009-01-15,24.9,86.11
2009-01-16,24.64,87.55
2009-01-17,25.02,85.96
2009-01-18,25.09,84.35
2009-01-19,24.79,85.29
2009-01-20,25.23,84.94
2009-01-21,25.34,86.07
2009-01-22,25.65,86.52
2009-01-23,26.17,86.73
2009-01-24,26.47,87.69
2009-01-25,25.49,91.57
2009-01-26,25.46,88.21
2009-01-27,25.74,85.97
2009-01-28,25.32,84.59
2009-01-29,25.15,85.55
2009-01-30,25.58,86.14
2009-01-31,25.43,86.72
2009-02-01,25.61,84.54
2009-02-02,25.66,84.24
2009-02-03,25.69,85.61
2009-02-04,25.85,85.59
2009-02-05,25.53,85.82
2009-02-06,25.6,84.49
2009-02-07,25.5,85.19
2009-02-08,25.79,85.07
2009-02-09,25.8,85.35
2009-02-10,26.31,85.26
2009-02-11,26.33,85.6
2009-02-12,26.71,83.39
2009-02-13,26.83,82.57
2009-02-14,26.87,82.38
2009-02-15,27.21,81.41
2009-02-16,27,86.08
2009-02-17,26.48,86.55
2009-02-18,26.15,83.92
2009-02-19,26.6,82.2
2009-02-20,26.83,84.42
2009-02-21,26.27,86.39
2009-02-22,25.78,89.49
2009-02-23,26.14,88.23
2009-02-24,25.88,88.39
2009-02-25,26.32,87.61
2009-02-26,26.14,88.84
2009-02-27,26.27,86.58
2009-02-28,25.99,89.65
2009-03-01,26.29,90.28
2009-03-02,26.39,89.55
2009-03-03,25.81,91.41
2009-03-04,27.36,84.11
2009-03-05,26.05,89.25
2009-03-06,27.97,78.74
2009-03-07,26.92,83.86
2009-03-08,27.8,81.98
2009-03-09,26.14,88.21
2009-03-10,26.48,84.85
2009-03-11,26.6,83.71
2009-03-12,27.14,83.19
2009-03-13,27.01,83.81
2009-03-14,25.86,87.6
2009-03-15,26.56,86.74
2009-03-16,25.66,88.55
2009-03-17,26.96,79.73
2009-03-18,27.6,80.45
2009-03-19,27.33,83.7
2009-03-20,27.66,81.13
2009-03-21,27.26,82.14
2009-03-22,26.99,79.9
2009-03-23,27.25,84.94
2009-03-24,26.81,79.58
2009-03-25,27.65,78.78
2009-03-26,27.12,83.7
2009-03-27,27.56,80.16
2009-03-28,27.38,80.36
2009-03-29,27.84,81.67
2009-03-30,26.73,89.12
2009-03-31,27.31,80.25
2009-04-01,27.35,84.14
2009-04-02,27.99,81.13
2009-04-03,27.65,84.74
2009-04-04,26.81,88.32
2009-04-05,27.06,86.42
2009-04-06,27.7,81.12
2009-04-07,27.53,82.9
2009-04-08,27.26,85.63
2009-04-09,27.28,86.43
2009-04-10,26.95,86.69
2009-04-11,27.28,85.78
2009-04-12,27,84.31
2009-04-13,27.78,80.75
2009-04-14,27.7,86.03
2009-04-15,27.24,86.83
2009-04-16,26.7,87.81
2009-04-17,27.88,84.91
2009-04-18,28.1,86.46
2009-04-19,28.03,83.41
2009-04-20,27.51,86.82
2009-04-21,27.15,84.32
2009-04-22,27.54,85.72
2009-04-23,27.78,86.07
2009-04-24,27.47,84.56
2009-04-25,28.52,79.62
2009-04-26,28.26,82.45
2009-04-27,28.36,79.14
2009-04-28,27.57,85.05
2009-04-29,27.85,84.07
2009-04-30,27.75,81.41
2009-05-01,28.11,80.15
2009-05-02,27.44,84.44
2009-05-03,27.49,82.96
2009-05-04,27.44,82.79
2009-05-05,28.02,81.21
2009-05-06,27.3,86.01
2009-05-07,28.28,79.99
2009-05-08,28.13,84.26
2009-05-09,27.68,83.5
2009-05-10,28.09,79.89
2009-05-11,27.79,82.71
2009-05-12,27.59,84.57
2009-05-13,27.79,85.22
2009-05-14,28.26,78.94
2009-05-15,28.09,80.83
2009-05-16,27.89,80.15
2009-05-17,28,81.99
2009-05-18,27.98,75.79
2009-05-19,28.32,78.89
2009-05-20,28.43,81.57
2009-05-21,28.18,84.03
2009-05-22,28.16,83.62
2009-05-23,28.05,83.79
2009-05-24,28.26,84.14
2009-05-25,28.29,85.45
2009-05-26,27.99,85.42
2009-05-27,27.81,84.83
2009-05-28,27.65,87.85
2009-05-29,27.99,85.87
2009-05-30,28.31,84
2009-05-31,27.72,86.24
2009-06-01,28.23,80.8
2009-06-02,28.11,85.19
2009-06-03,26.83,87.4
2009-06-04,26.98,85.63
2009-06-05,27.69,83.94
2009-06-06,28.02,83.75
2009-06-07,28.26,80.29
2009-06-08,27.13,83.5
2009-06-09,27.72,84.52
2009-06-10,28.14,83.22
2009-06-11,28.18,82.9
2009-06-12,28.01,83.82
2009-06-13,27.48,86.13
2009-06-14,27.45,84.58
2009-06-15,27.64,83.49
2009-06-16,27.1,82.91
2009-06-17,27.7,84.28
2009-06-18,27.47,86.43
2009-06-19,27.64,86.38
2009-06-20,27.89,84.59
2009-06-21,27.85,86.39
2009-06-22,27.3,88.1
2009-06-23,27.42,82.79
2009-06-24,26.31,81.75
2009-06-25,27.58,78.88
2009-06-26,27.79,84.52
2009-06-27,27.33,84.77
2009-06-28,27.32,83.83
2009-06-29,27.41,82.16
2009-06-30,27.57,81.32
2009-07-01,28.07,80.76
2009-07-02,27.24,83.58
2009-07-03,26.71,87.65
2009-07-04,27.3,86.03
2009-07-05,26.18,88.77
2009-07-06,26.85,83.19
2009-07-07,26.82,84.26
2009-07-08,27.55,81.92
2009-07-09,27.49,84.79
2009-07-10,27.59,83.15
2009-07-11,26.8,87.63
2009-07-12,26.49,85.61
2009-07-13,27.18,80.58
2009-07-14,26.92,83.62
2009-07-15,26.48,87.68
2009-07-16,27.11,88.27
2009-07-17,27.29,87.95
2009-07-18,27.05,87.4
2009-07-19,27.36,85.98
2009-07-20,27.77,86.37
2009-07-21,27.63,87.14
2009-07-22,26.33,87.31
2009-07-23,27.22,85.36
2009-07-24,26.88,87.94
2009-07-25,27.17,85.23
2009-07-26,27,86.72
2009-07-27,26.64,88.41
2009-07-28,27.15,86.41
2009-07-29,26.82,80.07
2009-07-30,26.79,82.12
2009-07-31,27.18,79.1
2009-08-01,27.09,79.82
2009-08-02,27.24,81.83
2009-08-03,27.37,81.91
2009-08-04,27.45,82.17
2009-08-05,26.88,84.66
2009-08-06,27.54,84.53
2009-08-07,27.34,85.94
2009-08-08,27.23,85.32
2009-08-09,27.26,87.55
2009-08-10,26.53,86.83
2009-08-11,27.36,84.55
2009-08-12,27.52,86.72
2009-08-13,27.66,85.83
2009-08-14,27.4,85.97
2009-08-15,27.2,84.38
2009-08-16,27.4,81.02
2009-08-17,27.8,78.24
2009-08-18,27.45,82.52
2009-08-19,27.13,81.9
2009-08-20,26.98,83.37
2009-08-21,26.91,84.62
2009-08-22,27.64,80.28
2009-08-23,27.25,82.34
2009-08-24,26.89,85.23
2009-08-25,27.22,80.68
2009-08-26,27.04,85.92
2009-08-27,25.84,90.59
2009-08-28,25.72,86.4
2009-08-29,27.29,84.32
2009-08-30,27,87.57
2009-08-31,27.11,86.43
2009-09-01,26.86,85.27
2009-09-02,27.37,81.88
2009-09-03,27.63,83.67
2009-09-04,27.51,84.2
2009-09-05,27.1,83.77
2009-09-06,27.17,84.76
2009-09-07,27.26,85.86
2009-09-08,27.42,85
2009-09-09,27.46,84.7
2009-09-10,27.65,85.85
2009-09-11,27.3,86.75
2009-09-12,27.69,86.26
2009-09-13,27.59,85.99
2009-09-14,27.45,84.36
2009-09-15,27.1,87.66
2009-09-16,27.09,86.83
2009-09-17,26.61,87.39
2009-09-18,26.71,86.28
2009-09-19,26.51,84.63
2009-09-20,27.65,81.05
2009-09-21,27.82,80.92
2009-09-22,27.67,77.36
2009-09-23,28.17,77.24
2009-09-24,27.44,84.67
2009-09-25,27.52,83.54
2009-09-26,27.32,85.76
2009-09-27,27.7,80.92
2009-09-28,27.06,84.25
2009-09-29,27.5,80.08
2009-09-30,27.87,80.91
2009-10-01,26.58,87.28
2009-10-02,27.1,87.39
2009-10-03,27.55,83.37
2009-10-04,27.47,84.06
2009-10-05,27.01,84.93
2009-10-06,26.72,81.11
2009-10-07,26.86,85.22
2009-10-08,26.95,87.22
2009-10-09,27.61,84.18
2009-10-10,27.13,86.93
2009-10-11,27.5,83.85
2009-10-12,27.16,85.87
2009-10-13,26.47,85.9
2009-10-14,26.65,85.58
2009-10-15,27.68,79.31
2009-10-16,27.82,78.73
2009-10-17,27.77,78.17
2009-10-18,28.13,77.34
2009-10-19,28.37,78.26
2009-10-20,27.79,81.59
2009-10-21,27.43,82.9
2009-10-22,27.32,83.78
2009-10-23,27.96,78.01
2009-10-24,28.26,75.15
2009-10-25,27.71,79.43
2009-10-26,28.31,76.93
2009-10-27,27.84,80.25
2009-10-28,27.43,83.33
2009-10-29,27.05,87.24
2009-10-30,26.8,87.87
2009-10-31,26.37,89.2
2009-11-01,26.71,86.68
2009-11-02,27.45,83.56
2009-11-03,27.61,83.49
2009-11-04,27.49,88.43
2009-11-05,26.93,89.64
2009-11-06,27.24,85.15
2009-11-07,27.79,83.19
2009-11-08,27.65,85.01
2009-11-09,27.46,79.62
2009-11-10,27.97,78.77
2009-11-11,28.42,77.99
2009-11-12,27.4,83.09
2009-11-13,26.82,83.12
2009-11-14,26.09,85.9
2009-11-15,25.95,86.88
2009-11-16,26.79,84.07
2009-11-17,27.11,83.8
2009-11-18,26.13,86.42
2009-11-19,26,90.07
2009-11-20,25.81,91.12
2009-11-21,25.97,89.44
2009-11-22,26.32,89.49
2009-11-23,25.7,88.6
2009-11-24,26.24,88.02
2009-11-25,27.26,83.66
2009-11-26,27.39,82.83
2009-11-27,26.77,88.1
2009-11-28,26.34,88.76
2009-11-29,26.22,88.56
2009-11-30,25.82,89.26
2009-12-01,26.26,87.03
2009-12-02,26.17,88.26
2009-12-03,26.33,88.73
2009-12-04,25.89,91.98
2009-12-05,26.08,90.12
2009-12-06,25.8,88.48
2009-12-07,26.44,86.75
2009-12-08,26.53,87.57
2009-12-09,26.46,87.71
2009-12-10,26.17,87.97
2009-12-11,25.82,86.08
2009-12-12,26.21,86.14
2009-12-13,26.77,87.14
2009-12-14,26.11,90.76
2009-12-15,26.27,88.67
2009-12-16,26.23,89.34
2009-12-17,26.1,89.41
2009-12-18,25.48,90.56
2009-12-19,25.19,90.97
2009-12-20,25.73,90.82
2009-12-21,26.06,88.71
2009-12-22,26.5,88.76
2009-12-23,26.34,90.48
2009-12-24,26.05,90.49
2009-12-25,26.36,88.99
2009-12-26,25.83,91.31
2009-12-27,25.67,90.9
2009-12-28,25.78,90.05
2009-12-29,25.85,89.9
2009-12-30,25.84,90.25
2009-12-31,25.66,89.64
2010-01-01,26.43,88.15
2010-01-02,26.68,87.87
2010-01-03,26.73,88.6
2010-01-04,26.66,84.91
2010-01-05,26.46,85.52
2010-01-06,26.66,86.17
2010-01-07,25.98,86.87
2010-01-08,26,89.94
2010-01-09,25.94,85.17
2010-01-10,25.8,85.49
2010-01-11,26.18,84.79
2010-01-12,26.28,85.44
2010-01-13,26.12,84.58
2010-01-14,25.48,85.22
2010-01-15,25.45,85.17
2010-01-16,25.83,84.75
2010-01-17,26.31,86.03
2010-01-18,25.57,89.09
2010-01-19,25.97,83.87
2010-01-20,26.45,84.63
2010-01-21,26.64,85.63
2010-01-22,26.95,83.43
2010-01-23,26.43,87.43
2010-01-24,26.35,85.66
2010-01-25,26.58,85.46
2010-01-26,26.5,86.95
2010-01-27,26.29,87.59
2010-01-28,26.41,86.27
2010-01-29,26.38,86.83
2010-01-30,26.72,85.87
2010-01-31,26.3,85.41
2010-02-01,26.14,83.03
2010-02-02,26.95,82.84
2010-02-03,26.96,84.88
2010-02-04,26.99,84.71
2010-02-05,27.1,84.44
2010-02-06,27.15,83.61
2010-02-07,26.8,86.06
2010-02-08,27.04,86.23
2010-02-09,26.99,87.69
2010-02-10,27.13,85.97
2010-02-11,26.98,83.85
2010-02-12,27.22,83.57
2010-02-13,27.23,83.93
2010-02-14,27.1,82.5
2010-02-15,26.87,82.37
2010-02-16,27.16,85.35
2010-02-17,27.41,85.81
2010-02-18,26.79,83.02
2010-02-19,27.2,80.5
2010-02-20,26.63,85.56
2010-02-21,27.16,82.7
2010-02-22,27.42,82.05
2010-02-23,27.91,80.6
2010-02-24,27.75,82.37
2010-02-25,27.5,83.88
2010-02-26,27.54,82.13
2010-02-27,28.01,80.05
2010-02-28,28.18,80.29
2010-03-01,27.43,82.16
2010-03-02,27.68,83.5
2010-03-03,27.64,79.34
2010-03-04,27.76,78.81
2010-03-05,27.5,80.85
2010-03-06,28.02,79.76
2010-03-07,27.85,79.48
2010-03-08,27.6,78.9
2010-03-09,27.9,81.38
2010-03-10,26.67,82.2
2010-03-11,27.17,81.2
2010-03-12,27.2,83.33
2010-03-13,27.03,86.38
2010-03-14,27.52,84.89
2010-03-15,27.59,85.33
2010-03-16,26.77,83.03
2010-03-17,27.46,81.54
2010-03-18,26.9,86.53
2010-03-19,27.02,88.09
2010-03-20,26.25,89.05
2010-03-21,27.07,84.59
2010-03-22,27.56,85.61
2010-03-23,27.65,83.44
2010-03-24,28.46,78.73
2010-03-25,27.46,87.27
2010-03-26,27.95,83.51
2010-03-27,27.04,85.32
2010-03-28,27.52,82.24
2010-03-29,27.78,81.3
2010-03-30,27.59,81.75
2010-03-31,27.92,80.09
2010-04-01,27.48,84.22
2010-04-02,28.02,81.9
2010-04-03,27.25,86.6
2010-04-04,27.53,83.25
2010-04-05,27.63,83.74
2010-04-06,28.28,82.04
2010-04-07,28.4,81.15
2010-04-08,28.27,81.46
2010-04-09,28.39,83.25
2010-04-10,28.4,80.5
2010-04-11,28.83,81.01
2010-04-12,28.57,82.69
2010-04-13,28.57,84.11
2010-04-14,28.56,81.19
2010-04-15,28.77,80.54
2010-04-16,28.49,80.11
2010-04-17,28.07,84.25
2010-04-18,27.89,83.35
2010-04-19,26.98,87.69
2010-04-20,27.56,84.92
2010-04-21,28.47,82
2010-04-22,28.62,79.5
2010-04-23,28.79,80.21
2010-04-24,27.94,85.37
2010-04-25,28.19,86.1
2010-04-26,27.7,86.55
2010-04-27,28.04,80.41
2010-04-28,28.44,81.65
2010-04-29,28.04,84.54
2010-04-30,28.33,82.26
2010-05-01,28.51,78.27
2010-05-02,28.81,77.34
2010-05-03,29.08,78.07
2010-05-04,29.28,77.54
2010-05-05,29.08,78.76
2010-05-06,29.29,79.22
2010-05-07,29.58,76.54
2010-05-08,30.07,75.32
2010-05-09,29.13,79.58
2010-05-10,29.71,73.76
2010-05-11,29.33,79.15
2010-05-12,29.54,76.38
2010-05-13,28.71,83.67
2010-05-14,28.65,83.02
2010-05-15,29.22,78.91
2010-05-16,29.16,82.35
2010-05-17,27.97,88.01
2010-05-18,28.19,86.92
2010-05-19,27.24,88.21
2010-05-20,28.49,81.62
2010-05-21,28.47,84.04
2010-05-22,27.8,84.92
2010-05-23,28.67,77.86
2010-05-24,28.96,79.75
2010-05-25,28.74,83.87
2010-05-26,28.33,85.35
2010-05-27,27.96,86.87
2010-05-28,28.52,83.81
2010-05-29,28.15,84.46
2010-05-30,27.92,81.49
2010-05-31,28.37,80.21
2010-06-01,28.51,80.64
2010-06-02,27.89,84.32
2010-06-03,28.4,82.3
2010-06-04,28.11,83.52
2010-06-05,28.27,81.32
2010-06-06,28.37,80.24
2010-06-07,27.72,85.45
2010-06-08,26.75,86.16
2010-06-09,27.96,76.14
2010-06-10,27.73,82.08
2010-06-11,28.24,82.21
2010-06-12,28.56,80.94
2010-06-13,27.91,85.78
2010-06-14,28.04,84.03
2010-06-15,27.85,79.24
2010-06-16,26.44,85.07
2010-06-17,27.65,75.13
2010-06-18,27.52,81.67
2010-06-19,28.21,77.31
2010-06-20,27.9,83.7
2010-06-21,27.81,88
2010-06-22,27.3,88.41
2010-06-23,26.98,86.59
2010-06-24,26.77,84.15
2010-06-25,26.8,83.49
2010-06-26,27.5,85.26
2010-06-27,27.45,84.53
2010-06-28,27.15,85.9
2010-06-29,27.52,82.82
2010-06-30,27.68,83.94
2010-07-01,28.02,81.35
2010-07-02,26.9,88.79
2010-07-03,26.53,86.28
2010-07-04,26.53,79.81
2010-07-05,27.61,80.46
2010-07-06,27.68,82.31
2010-07-07,28.17,77.31
2010-07-08,26.88,82.13
2010-07-09,27.75,79.78
2010-07-10,27.68,81.38
2010-07-11,27.84,81.41
2010-07-12,27.56,83.72
2010-07-13,27.4,83.57
2010-07-14,27.58,84.26
2010-07-15,27.84,83.43
2010-07-16,27.22,86.73
2010-07-17,25.72,89.3
2010-07-18,26.25,87.31
2010-07-19,27.47,80.45
2010-07-20,27.12,84.48
2010-07-21,27.96,79.87
2010-07-22,26.76,86.91
2010-07-23,27.39,85.18
2010-07-24,27.73,78.34
2010-07-25,27.91,79.67
2010-07-26,26.31,84.91
2010-07-27,27.06,83.61
2010-07-28,26.17,83.87
2010-07-29,27.31,85.31
2010-07-30,28,76.18
2010-07-31,27.37,84.49
2010-08-01,25.98,86.82
2010-08-02,26.67,80.29
2010-08-03,26.98,83.66
2010-08-04,27.19,82.44
2010-08-05,26.78,85.21
2010-08-06,27.52,85.38
2010-08-07,26.73,88.23
2010-08-08,27.01,83.52
2010-08-09,26.96,87.2
2010-08-10,27.45,86.9
2010-08-11,27.09,87.92
2010-08-12,27.55,85.61
2010-08-13,27.63,84.51
2010-08-14,28.22,79.06
2010-08-15,27.3,82.23
2010-08-16,27.67,81.98
2010-08-17,27.43,82.35
2010-08-18,26.89,86.65
2010-08-19,26.28,87.08
2010-08-20,25.25,88.83
2010-08-21,26.26,80.14
2010-08-22,27.85,80.12
2010-08-23,27.27,87.6
2010-08-24,27.45,87.59
2010-08-25,27.23,83.78
2010-08-26,27.86,81.87
2010-08-27,27.03,85.85
2010-08-28,27.08,85.68
2010-08-29,27,85.35
2010-08-30,26.72,84.76
2010-08-31,27.36,80.84
2010-09-01,27.36,84.68
2010-09-02,27.36,86.46
2010-09-03,26.91,84.77
2010-09-04,27.27,77.36
2010-09-05,26.73,82.3
2010-09-06,26.48,81.01
2010-09-07,28.02,70.92
2010-09-08,27.09,82.97
2010-09-09,27.41,79.81
2010-09-10,26.71,83.24
2010-09-11,28.13,77.33
2010-09-12,27.63,81.47
2010-09-13,27.65,82.09
2010-09-14,27.99,79.59
2010-09-15,27.08,82.7
2010-09-16,26.74,82.37
2010-09-17,26.48,85.53
2010-09-18,28.08,76.59
2010-09-19,27.9,79.12
2010-09-20,27.56,82.67
2010-09-21,27.54,82.74
2010-09-22,27.92,78.99
2010-09-23,27.37,81.38
2010-09-24,27.96,78.47
2010-09-25,28.4,76.75
2010-09-26,27.51,82.53
2010-09-27,27.34,82.09
2010-09-28,26.19,86.11
2010-09-29,28.15,76.27
2010-09-30,28.14,77.11
2010-10-01,27.74,82.87
2010-10-02,27.63,85.69
2010-10-03,26.86,86.45
2010-10-04,27.25,85.8
2010-10-05,27.76,82.48
2010-10-06,28.31,78.92
2010-10-07,27.44,80.87
2010-10-08,28.33,77.62
2010-10-09,27.96,82.28
2010-10-10,28.01,76.97
2010-10-11,28.39,79.79
2010-10-12,27.96,80.79
2010-10-13,26.66,83.55
2010-10-14,27.53,80.59
2010-10-15,28.38,79.06
2010-10-16,28.23,79.35
2010-10-17,27.8,83.44
2010-10-18,28.31,76.75
2010-10-19,28.11,77.31
2010-10-20,28.12,79.9
2010-10-21,27.23,83.65
2010-10-22,27.92,78.36
2010-10-23,27.27,83.54
2010-10-24,26.22,87.03
2010-10-25,25.81,87.77
2010-10-26,26.14,86.54
2010-10-27,25.14,84.18
2010-10-28,27.39,80.18
2010-10-29,26.37,88.46
2010-10-30,26.32,88.62
2010-10-31,26.47,89.09
2010-11-01,26.94,86.21
2010-11-02,26.95,84.19
2010-11-03,27.29,83.31
2010-11-04,26.96,85.37
2010-11-05,27,84.7
2010-11-06,26.2,88.04
2010-11-07,26.21,87.91
2010-11-08,26.56,85.76
2010-11-09,25.69,87.92
2010-11-10,27.52,78.64
2010-11-11,26.49,86.48
2010-11-12,26.63,87.24
2010-11-13,26.76,84.35
2010-11-14,26.95,84.7
2010-11-15,26.25,87.5
2010-11-16,26.53,84.8
2010-11-17,27.26,80.68
2010-11-18,26.97,82.12
2010-11-19,26.96,84.61
2010-11-20,27.31,80.21
2010-11-21,27.95,78.28
2010-11-22,27.49,82.86
2010-11-23,27.62,81.21
2010-11-24,27.55,83.49
2010-11-25,25.96,88.59
2010-11-26,26.82,82.22
2010-11-27,27.4,79.91
2010-11-28,27.2,83.3
2010-11-29,26.8,84.37
2010-11-30,26.76,84.64
2010-12-01,26.36,86.15
2010-12-02,26.54,88.04
2010-12-03,25.95,90.94
2010-12-04,25.43,91.19
2010-12-05,26.55,81.3
2010-12-06,26.86,83.84
2010-12-07,26.28,88.65
2010-12-08,25.55,89.59
2010-12-09,25.1,90.22
2010-12-10,25.91,87.29
2010-12-11,25.84,85.83
2010-12-12,26.48,84.89
2010-12-13,26.49,84.59
2010-12-14,26.46,84.48
2010-12-15,26,88.14
2010-12-16,25.71,84.61
2010-12-17,25.62,86.72
2010-12-18,25.03,90.63
2010-12-19,25.55,90.7
2010-12-20,25.5,88.35
2010-12-21,25.45,89.17
2010-12-22,25.64,90.39
2010-12-23,25.67,88.74
2010-12-24,25.65,89.74
2010-12-25,25.81,87.43
2010-12-26,25.69,87.51
2010-12-27,25.93,86.83
2010-12-28,25.18,91.03
2010-12-29,25.38,91.61
2010-12-30,24.95,92.56
2010-12-31,25.5,90.47
2011-01-01,25.63,91.64
2011-01-02,25.56,91.89
2011-01-03,25.42,90.85
2011-01-04,25.76,88.61
2011-01-05,25.67,89.47
2011-01-06,25.19,91.88
2011-01-07,24.37,92.05
2011-01-08,25.2,92.06
2011-01-09,25.71,91.32
2011-01-10,24.96,93.08
2011-01-11,24.51,89.11
2011-01-12,25.84,88.14
2011-01-13,25.33,90.05
2011-01-14,25.21,89.22
2011-01-15,25.49,88.11
2011-01-16,25.02,88.46
2011-01-17,24.85,89.09
2011-01-18,24.87,86.54
2011-01-19,25.12,83.74
2011-01-20,25.14,84.34
2011-01-21,25.27,84.26
2011-01-22,25.62,88.35
2011-01-23,25.53,89.28
2011-01-24,25.36,89.11
2011-01-25,25.47,89.64
2011-01-26,25.52,90.91
2011-01-27,25.43,90.91
2011-01-28,25.27,90.55
2011-01-29,24.98,93.82
2011-01-30,24.81,93.21
2011-01-31,24.63,93.15
2011-02-01,24.77,91.52
2011-02-02,25.18,90.02
2011-02-03,25.15,89.65
2011-02-04,25.02,88.29
2011-02-05,24.97,87.1
2011-02-06,24.86,87.12
2011-02-07,24.92,86.25
2011-02-08,26.12,83.5
2011-02-09,26.46,83.68
2011-02-10,26.7,83.07
2011-02-11,26.38,86.73
2011-02-12,26.19,87.01
2011-02-13,26.1,85.82
2011-02-14,26.22,85.52
2011-02-15,26.22,87.09
2011-02-16,26.17,86.89
2011-02-17,26.03,87.38
2011-02-18,25.87,87.3
2011-02-19,25.67,87.37
2011-02-20,25.54,85.65
2011-02-21,24.93,84.41
2011-02-22,25.71,89.04
2011-02-23,25.89,88.43
2011-02-24,25.92,88.32
2011-02-25,26.23,87.17
2011-02-26,26.19,87.12
2011-02-27,25.33,86.06
2011-02-28,25.9,83.72
2011-03-01,26.46,82.41
2011-03-02,26.49,83.93
2011-03-03,26.21,85.03
2011-03-04,26.5,85.52
2011-03-05,26.61,83.78
2011-03-06,26.81,83.84
2011-03-07,27.57,78.95
2011-03-08,26.84,82.56
2011-03-09,26.09,89.88
2011-03-10,25.53,92.35
2011-03-11,25.35,89.64
2011-03-12,25.9,88.9
2011-03-13,26.45,84.94
2011-03-14,25.85,87.93
2011-03-15,26.02,90.07
2011-03-16,25.87,90
2011-03-17,26.33,86.78
2011-03-18,26.15,89.77
2011-03-19,26.36,88.17
2011-03-20,26.58,85.57
2011-03-21,26.09,87.32
2011-03-22,25.79,90.45
2011-03-23,26.26,87.55
2011-03-24,26.32,85.02
2011-03-25,27.19,80.38
2011-03-26,26.79,84.49
2011-03-27,27.2,85.64
2011-03-28,26.21,87.88
2011-03-29,26.69,85.99
2011-03-30,26.75,86.24
2011-03-31,26.35,88.57
2011-04-01,26.8,85.57
2011-04-02,26.84,86.34
2011-04-03,26.46,88.71
2011-04-04,26.61,85.93
2011-04-05,26.84,85.43
2011-04-06,26.25,88.12
2011-04-07,26.69,84.16
2011-04-08,26.72,84.11
2011-04-09,26.92,84.37
2011-04-10,26.53,86.23
2011-04-11,25.97,89.03
2011-04-12,26.45,87.29
2011-04-13,26.44,86.05
2011-04-14,26.7,86.55
2011-04-15,26.65,87.32
2011-04-16,27.5,82.62
2011-04-17,27.69,81.69
2011-04-18,26.96,84.32
2011-04-19,27.93,80.22
2011-04-20,26.27,90.18
2011-04-21,27.89,81.5
2011-04-22,27.5,85.09
2011-04-23,27.42,84.07
2011-04-24,27.06,85.06
2011-04-25,27.15,84.76
2011-04-26,27.39,84.45
2011-04-27,27.21,85.83
2011-04-28,27.63,83.33
2011-04-29,27.61,81.07
2011-04-30,28.52,76.6
2011-05-01,27.45,83.55
2011-05-02,26.16,87.84
2011-05-03,26.73,82.54
2011-05-04,28,81.14
2011-05-05,28.22,80.65
2011-05-06,28.43,81.19
2011-05-07,28.57,79.28
2011-05-08,28.48,80.72
2011-05-09,27.83,87.43
2011-05-10,28.27,83.05
2011-05-11,28.65,80.58
2011-05-12,28.34,80.12
2011-05-13,28.22,82.7
2011-05-14,27.57,86.01
2011-05-15,26.85,87.25
2011-05-16,27.64,82.72
2011-05-17,28.27,77.79
2011-05-18,27.83,82.76
2011-05-19,27.88,81.45
2011-05-20,27.77,83.38
2011-05-21,26.94,86.98
2011-05-22,27.59,83.18
2011-05-23,27.56,86.25
2011-05-24,28.02,84.69
2011-05-25,27.36,86.62
2011-05-26,27.58,81.41
2011-05-27,27.52,83.98
2011-05-28,27.83,83.96
2011-05-29,27.68,85.42
2011-05-30,27.64,86.42
2011-05-31,27.8,86.74
2011-06-01,27.9,84.3
2011-06-02,27.84,84.58
2011-06-03,28.37,79.96
2011-06-04,28.48,82.1
2011-06-05,26.86,88.95
2011-06-06,26.95,80.82
2011-06-07,28.06,81.17
2011-06-08,28.16,83.53
2011-06-09,27.46,84.3
2011-06-10,28.01,78.33
2011-06-11,27.91,80
2011-06-12,27.7,83.08
2011-06-13,27.69,82.78
2011-06-14,27.63,82.46
2011-06-15,27.5,85.81
2011-06-16,27.55,81.71
2011-06-17,27.4,86.33
2011-06-18,26.79,87.79
2011-06-19,27.18,87.05
2011-06-20,27.49,86.71
2011-06-21,27.45,87.44
2011-06-22,27.57,85.03
2011-06-23,26.9,86.49
2011-06-24,27.58,85.13
2011-06-25,27.28,88.22
2011-06-26,27.21,84.23
2011-06-27,27.4,83.75
2011-06-28,27,85.57
2011-06-29,27.27,85.35
2011-06-30,26.93,84.07
2011-07-01,27.25,81.33
2011-07-02,27.14,83.64
2011-07-03,27.32,82.36
2011-07-04,27.34,85.15
2011-07-05,27.22,86.15
2011-07-06,27.63,84.05
2011-07-07,27.58,84.28
2011-07-08,27.65,84.15
2011-07-09,27.48,84.6
2011-07-10,27.35,83.92
2011-07-11,27.27,83.7
2011-07-12,27.17,83.95
2011-07-13,27.47,84.37
2011-07-14,27.29,85.41
2011-07-15,26.49,88.51
2011-07-16,26.31,84.97
2011-07-17,26.61,85.97
2011-07-18,26.93,85.06
2011-07-19,27.21,85.57
2011-07-20,27.29,85.41
2011-07-21,27.33,84.65
2011-07-22,27.23,83.23
2011-07-23,27.07,85.37
2011-07-24,27.18,85.97
2011-07-25,26.96,85.32
2011-07-26,27.29,85.32
2011-07-27,27.17,85.05
2011-07-28,27.18,84.7
2011-07-29,27.25,84.57
2011-07-30,27.22,82.39
2011-07-31,26.96,81.83
2011-08-01,27.43,81.63
2011-08-02,27.42,85.57
2011-08-03,26.83,88.96
2011-08-04,26.22,85.29
2011-08-05,27.42,78.42
2011-08-06,27.17,87.51
2011-08-07,26.86,86.09
2011-08-08,27.13,80.66
2011-08-09,27.08,85.46
2011-08-10,27.48,83.03
2011-08-11,27.38,83.71
2011-08-12,27.24,83.52
2011-08-13,27.11,83.43
2011-08-14,27.22,84.1
2011-08-15,26.58,86.65
2011-08-16,26.61,85.68
2011-08-17,26.6,84.32
2011-08-18,27.33,82.81
2011-08-19,27.13,85.72
2011-08-20,26.88,82.4
2011-08-21,27.08,82.2
2011-08-22,27.2,82.41
2011-08-23,27.35,82.23
2011-08-24,27.68,82.12
2011-08-25,27.56,82.15
2011-08-26,26.55,86.28
2011-08-27,26.78,85.01
2011-08-28,27.42,81.92
2011-08-29,25.98,86.82
2011-08-30,26.9,84.09
2011-08-31,26.99,84.42
2011-09-01,27.46,84.57
2011-09-02,27.36,82.1
2011-09-03,26.89,85.27
2011-09-04,27.33,84.08
2011-09-05,27.22,84.75
2011-09-06,27.42,83.35
2011-09-07,27.22,84.07
2011-09-08,27.18,83.72
2011-09-09,27.34,84.67
2011-09-10,26.94,85.34
2011-09-11,26.74,86.48
2011-09-12,27.01,88.29
2011-09-13,26.96,87.17
2011-09-14,27.72,80.82
2011-09-15,27.04,81.71
2011-09-16,27.18,80.2
2011-09-17,27.89,78.78
2011-09-18,27.15,83.84
2011-09-19,27.1,81.54
2011-09-20,26.52,84.4
2011-09-21,26.9,83.39
2011-09-22,27.13,78.33
2011-09-23,27.55,81.17
2011-09-24,27.87,81.95
2011-09-25,27.67,82.54
2011-09-26,26.54,89.53
2011-09-27,27.11,83.09
2011-09-28,26.67,82.92
2011-09-29,27.69,82.45
2011-09-30,26.86,81.68
2011-10-01,27.67,81.45
2011-10-02,26.37,85.24
2011-10-03,27.76,82.23
2011-10-04,25.93,88.82
2011-10-05,26.48,82.93
2011-10-06,27.11,82.39
2011-10-07,26.89,86.07
2011-10-08,26.59,83.45
2011-10-09,26.69,83.79
2011-10-10,27.06,83.73
2011-10-11,26.04,87.8
2011-10-12,26.15,85.44
2011-10-13,27.64,81.75
2011-10-14,27.23,85.52
2011-10-15,27.37,85.73
2011-10-16,27.24,84.37
2011-10-17,27.16,84.23
2011-10-18,26.6,86.35
2011-10-19,26.32,83.24
2011-10-20,27.28,79.42
2011-10-21,26.86,82.89
2011-10-22,26.5,84.59
2011-10-23,26.79,83.66
2011-10-24,27.08,83.49
2011-10-25,26.73,83.3
2011-10-26,26.59,85.96
2011-10-27,26.2,85.68
2011-10-28,26.55,85.75
2011-10-29,27.06,83.38
2011-10-30,27.44,83.18
2011-10-31,26.59,88.78
2011-11-01,26.61,88.85
2011-11-02,26.3,87.61
2011-11-03,26.47,85.93
2011-11-04,25.73,83.65
2011-11-05,26.85,84.72
2011-11-06,26.09,86.14
2011-11-07,26.85,84.18
2011-11-08,26.47,87.63
2011-11-09,26.72,85.75
2011-11-10,27.19,83.89
2011-11-11,26.89,87.35
2011-11-12,26.51,86.97
2011-11-13,26.85,81.69
2011-11-14,26.42,86.35
2011-11-15,26.07,89.17
2011-11-16,25.91,87.93
2011-11-17,26.32,88.26
2011-11-18,27.01,83.24
2011-11-19,26.81,86.46
2011-11-20,26.29,90.66
2011-11-21,26.28,89.28
2011-11-22,26.7,88.95
2011-11-23,25.77,90.39
2011-11-24,26.44,89.89
2011-11-25,26.88,90.22
2011-11-26,27.02,89.3
2011-11-27,26.85,90.04
2011-11-28,26.76,89.54
2011-11-29,27.25,85.56
2011-11-30,26.6,91.32
2011-12-01,26.22,92.82
2011-12-02,25.23,90.16
2011-12-03,25.67,85
2011-12-04,26.58,85.72
2011-12-05,26.46,82.9
2011-12-06,26.81,81.95
2011-12-07,26.54,87.11
2011-12-08,26.96,84.47
2011-12-09,26.52,88.81
2011-12-10,26.45,89.51
2011-12-11,25.84,92.33
2011-12-12,25.38,92.5
2011-12-13,25.84,89.53
2011-12-14,26.24,87.91
2011-12-15,26.04,89.11
2011-12-16,25.94,91.46
2011-12-17,25.83,93.14
2011-12-18,25.85,93.08
2011-12-19,25.41,94.74
2011-12-20,25.55,92.08
2011-12-21,25.94,90.76
2011-12-22,25.63,92.19
2011-12-23,25.9,94.28
2011-12-24,25.89,94.06
2011-12-25,25.26,92.31
2011-12-26,25.72,90.27
2011-12-27,26.21,90.14
2011-12-28,25.37,91.67
2011-12-29,25.24,91.62
2011-12-30,26.19,88.99
2011-12-31,26.14,85.86
2012-01-01,27.21,83.04
2012-01-02,26.27,89.76
2012-01-03,26.16,88.99
2012-01-04,25.63,88.88
2012-01-05,25.8,89.58
2012-01-06,25.92,88.4
2012-01-07,25.8,89.01
2012-01-08,24.9,91.99
2012-01-09,24.96,91.33
2012-01-10,25.17,93.11
2012-01-11,25.69,91.43
2012-01-12,24.45,90.66
2012-01-13,25.35,89.35
2012-01-14,26.32,86.34
2012-01-15,26.83,82.91
2012-01-16,27.31,81.27
2012-01-17,27.15,83.27
2012-01-18,27.05,82.47
2012-01-19,26.98,84.12
2012-01-20,26.45,85.69
2012-01-21,26.9,81.76
2012-01-22,26.61,83.54
2012-01-23,25.1,90.95
2012-01-24,25.59,87.49
2012-01-25,25.55,89.36
2012-01-26,25.31,88.1
2012-01-27,25.78,88.41
2012-01-28,25.77,88.86
2012-01-29,26.09,88.14
2012-01-30,25.99,87.91
2012-01-31,25.78,89.53
2012-02-01,25.68,90.21
2012-02-02,25.94,89.29
2012-02-03,24.76,91.5
2012-02-04,25.9,87.95
2012-02-05,26.25,87.38
2012-02-06,26.23,87.42
2012-02-07,26.37,84.51
2012-02-08,26.12,83.69
2012-02-09,25.93,83.91
2012-02-10,26.49,84.88
2012-02-11,26.35,88.03
2012-02-12,26.33,89.35
2012-02-13,26.13,89.06
2012-02-14,26.36,86.81
2012-02-15,26.73,84.34
2012-02-16,26.53,84.17
2012-02-17,26.28,86.59
2012-02-18,26.55,83.98
2012-02-19,25.62,89.32
2012-02-20,26.55,85.58
2012-02-21,26.02,87.74
2012-02-22,26.78,86.39
2012-02-23,27.09,84.67
2012-02-24,27.06,84.96
2012-02-25,26.95,83.8
2012-02-26,26.78,83.23
2012-02-27,26.88,81.86
2012-02-28,26.9,85.02
2012-02-29,26.83,86.1
2012-03-01,26.06,90.66
2012-03-02,25.56,89.9
2012-03-03,27.39,78.84
2012-03-04,27.49,76.05
2012-03-05,27.13,81.14
2012-03-06,28.14,77.24
2012-03-07,27.35,84.08
2012-03-08,26.83,80.97
2012-03-09,26.74,85.87
2012-03-10,26.66,84.92
2012-03-11,25.91,91.12
2012-03-12,25.44,89.06
2012-03-13,25.65,87.08
2012-03-14,24.95,87.36
2012-03-15,25.76,88.45
2012-03-16,26.91,84.18
2012-03-17,27.16,84.15
2012-03-18,26.72,86.32
2012-03-19,27.42,80.86
2012-03-20,27.07,84.81
2012-03-21,27.51,82.95
2012-03-22,28.29,79.27
2012-03-23,28.21,78.72
2012-03-24,27.97,80.83
2012-03-25,27.55,83.25
2012-03-26,27.17,86.57
2012-03-27,26.86,86.04
2012-03-28,26.99,84.45
2012-03-29,27.77,79.99
2012-03-30,26.78,87
2012-03-31,26.24,87.44
2012-04-01,27.48,82.14
2012-04-02,26.9,85.44
2012-04-03,27.32,81.42
2012-04-04,26.54,83.54
2012-04-05,27.62,79.95
2012-04-06,27.46,81.15
2012-04-07,27.38,80.99
2012-04-08,27.27,83.83
2012-04-09,27.64,80.8
2012-04-10,27.83,80.74
2012-04-11,27.31,81.91
2012-04-12,28.19,78.96
2012-04-13,28.14,80.92
2012-04-14,27.81,82.72
2012-04-15,28.21,79.07
2012-04-16,28.7,77.37
2012-04-17,28.57,76.23
2012-04-18,28.34,80.05
2012-04-19,28.01,80.42
2012-04-20,28.64,76.39
2012-04-21,27.55,86.41
2012-04-22,27.45,83.15
2012-04-23,28.92,79.6
2012-04-24,27.9,84.51
2012-04-25,27.66,81.18
2012-04-26,28.07,80.38
2012-04-27,28.26,78.34
2012-04-28,29.19,68.5
2012-04-29,28.81,76.91
2012-04-30,28.4,79.53
2012-05-01,28.37,81.32
2012-05-02,27.51,86.95
2012-05-03,27.52,83.36
2012-05-04,28.01,81.88
2012-05-05,27.67,81.83
2012-05-06,27.66,83.91
2012-05-07,27.38,81.75
2012-05-08,28.64,77.57
2012-05-09,28.32,80.94
2012-05-10,28.67,78.9
2012-05-11,28.3,81.24
2012-05-12,27.78,84.17
2012-05-13,27.61,81.13
2012-05-14,28.35,79.51
2012-05-15,28.6,78.13
2012-05-16,27.86,83.06
2012-05-17,27.35,83.42
2012-05-18,28.2,84.01
2012-05-19,28.56,83.6
2012-05-20,28.2,81.73
2012-05-21,28.22,83.42
2012-05-22,28.25,81.95
2012-05-23,26.95,86.87
2012-05-24,28.06,82.38
2012-05-25,27.27,87.85
2012-05-26,27.89,87.01
2012-05-27,27.61,84.16
2012-05-28,28.22,80.8
2012-05-29,27.47,84.96
2012-05-30,28.2,81.66
2012-05-31,27.99,82.2
2012-06-01,28.03,79.63
2012-06-02,28.17,82.69
2012-06-03,27.58,87.26
2012-06-04,27.99,86.05
2012-06-05,28,85.7
2012-06-06,27.36,82.58
2012-06-07,28.02,81.2
2012-06-08,27.41,88.68
2012-06-09,26.06,84.01
2012-06-10,27.5,82.01
2012-06-11,27.9,86.01
2012-06-12,27.71,85.53
2012-06-13,28.03,82.88
2012-06-14,28.17,81.37
2012-06-15,28.21,81.52
2012-06-16,27.93,80.06
2012-06-17,27.9,80.12
2012-06-18,28.08,80.37
2012-06-19,28.04,82.37
2012-06-20,27.73,83.84
2012-06-21,27.21,87.46
2012-06-22,28.19,79.67
2012-06-23,27.66,82.9
2012-06-24,27.66,83.26
2012-06-25,27.61,82.58
2012-06-26,27.57,82.37
2012-06-27,27.14,85.19
2012-06-28,27.36,82.15
2012-06-29,27.71,81.98
2012-06-30,27.43,83.75
2012-07-01,27.32,85.76
2012-07-02,26.9,87.15
2012-07-03,26.2,87.17
2012-07-04,26.67,87
2012-07-05,26.59,87.06
2012-07-06,26.6,86.88
2012-07-07,26.75,87.11
2012-07-08,26.96,83.31
2012-07-09,27.06,82.73
2012-07-10,27.17,83.54
2012-07-11,26.72,86.66
2012-07-12,26.9,86.75
2012-07-13,26.66,87.54
2012-07-14,26.36,89.87
2012-07-15,26.64,86.31
2012-07-16,26.63,85.83
2012-07-17,26.37,86.25
2012-07-18,26.89,81.4
2012-07-19,26.93,82.89
2012-07-20,27.19,82.58
2012-07-21,27.22,86.22
2012-07-22,27.48,84.73
2012-07-23,27.21,82.37
2012-07-24,27.27,79.1
2012-07-25,27.5,81.66
2012-07-26,27.44,84.34
2012-07-27,27.24,86.55
2012-07-28,27.25,86.58
2012-07-29,27.17,85.31
2012-07-30,27.2,83.16
2012-07-31,27.39,81.14
2012-08-01,27.06,83.52
2012-08-02,27.22,84.03
2012-08-03,27.08,85.37
2012-08-04,27.06,86.23
2012-08-05,27.16,86.12
2012-08-06,26.93,86.4
2012-08-07,27.25,84.26
2012-08-08,27.13,82.27
2012-08-09,27.24,79.28
2012-08-10,27.68,79.21
2012-08-11,27.28,85.2
2012-08-12,27.23,84.14
2012-08-13,27.3,82.44
2012-08-14,27.83,81.64
2012-08-15,27.61,81.61
2012-08-16,27.53,80.02
2012-08-17,26.77,84.72
2012-08-18,27.09,83.83
2012-08-19,27.36,83.74
2012-08-20,27.61,82.29
2012-08-21,27.07,84.64
2012-08-22,27.4,82.74
2012-08-23,27.2,82.04
2012-08-24,27.18,84.49
2012-08-25,27.45,85.75
2012-08-26,27.6,82.12
2012-08-27,26.63,85.9
2012-08-28,26.29,84.35
2012-08-29,26.92,84.99
2012-08-30,26.56,86.52
2012-08-31,26.94,84.57
2012-09-01,27.25,83.78
2012-09-02,27.38,84.75
2012-09-03,27.63,83.56
2012-09-04,27.31,85.24
2012-09-05,25.98,88.75
2012-09-06,26.5,86.49
2012-09-07,26.68,88.94
2012-09-08,26.51,87.81
2012-09-09,26.64,82.04
2012-09-10,26.6,84.52
2012-09-11,27,84.73
2012-09-12,27.54,78.86
2012-09-13,27.24,78.67
2012-09-14,27.53,76.3
2012-09-15,27.37,83.96
2012-09-16,27.26,85.08
2012-09-17,27.04,86.13
2012-09-18,27.35,86.17
2012-09-19,27.53,85.37
2012-09-20,27.98,79.65
2012-09-21,27.24,82.75
2012-09-22,27.33,80.78
2012-09-23,27.85,79.89
2012-09-24,27.06,82.8
2012-09-25,27.19,82.73
2012-09-26,25.9,83.38
2012-09-27,27.55,81.34
2012-09-28,27.37,81.66
2012-09-29,27.1,79.45
2012-09-30,27.15,82.97
2012-10-01,28.28,77.9
2012-10-02,27.54,80.38
2012-10-03,28.26,76.97
2012-10-04,27.46,83.07
2012-10-05,27.12,81.65
2012-10-06,27.65,78.68
2012-10-07,26.84,82.4
2012-10-08,27.86,77.16
2012-10-09,28.07,76.63
2012-10-10,28.03,79.81
2012-10-11,27.98,77.17
2012-10-12,27.79,80.85
2012-10-13,27.33,83.47
2012-10-14,27.47,76.95
2012-10-15,28.5,73.53
2012-10-16,27.64,80.83
2012-10-17,27.62,79.95
2012-10-18,26.91,83.62
2012-10-19,27.37,80.64
2012-10-20,27.11,83.64
2012-10-21,26.4,84.78
2012-10-22,26.72,80.41
2012-10-23,27.9,77.8
2012-10-24,28.27,78.53
2012-10-25,27.86,81.71
2012-10-26,27.61,80.78
2012-10-27,27.76,77.95
2012-10-28,27.72,79.17
2012-10-29,27.69,81.04
2012-10-30,26.53,86.63
2012-10-31,26.54,86.56
2012-11-01,27.43,82.15
2012-11-02,27.53,80.65
2012-11-03,26.08,87.99
2012-11-04,26.59,84.7
2012-11-05,26.66,81.12
2012-11-06,26.36,86.94
2012-11-07,27.54,81.75
2012-11-08,27.64,82.39
2012-11-09,27.53,86.03
2012-11-10,27.35,84.17
2012-11-11,27.28,83.08
2012-11-12,26.93,84.49
2012-11-13,25.95,87.85
2012-11-14,27.1,81.35
2012-11-15,28.1,77.45
2012-11-16,28.11,81.27
2012-11-17,28.13,80.79
2012-11-18,26.82,81.47
2012-11-19,26.88,83.92
2012-11-20,27.67,77.78
2012-11-21,27.74,81.14
2012-11-22,27.73,83.55
2012-11-23,27.4,83.92
2012-11-24,27.08,84.99
2012-11-25,27.18,82.62
2012-11-26,27.87,80.38
2012-11-27,27.34,85.46
2012-11-28,28.07,79.76
2012-11-29,27.24,85.38
2012-11-30,27.86,80.72
2012-12-01,27.69,82.79
2012-12-02,26.97,85.02
2012-12-03,25.91,88.09
2012-12-04,26.51,84.2
2012-12-05,26.6,84.04
2012-12-06,27.1,87.38
2012-12-07,26.69,87.19
2012-12-08,26.89,84.47
2012-12-09,27.01,82.6
2012-12-10,26.37,87.55
2012-12-11,26.39,85.8
2012-12-12,26.53,88.47
2012-12-13,25.92,88.35
2012-12-14,26.63,90.08
2012-12-15,26.6,88.74
2012-12-16,26.56,86.51
2012-12-17,26.39,88.67
2012-12-18,26.13,87.13
2012-12-19,25.94,86.66
2012-12-20,26.59,87.92
2012-12-21,26.34,89.23
2012-12-22,26.36,88.58
2012-12-23,26.32,90.09
2012-12-24,25.58,90.79
2012-12-25,25.74,86.99
2012-12-26,26.12,87.54
2012-12-27,26.47,90.2
2012-12-28,26.65,90.49
2012-12-29,26.55,90.49
2012-12-30,27.46,81.26
2012-12-31,25.85,93.45
2013-01-01,26.72,85.72
2013-01-02,26.77,85.93
2013-01-03,26.18,91.54
2013-01-04,26.32,85.78
2013-01-05,25.3,89.2
2013-01-06,26.93,84.43
2013-01-07,27.15,88.13
2013-01-08,26.53,90.96
2013-01-09,25.82,89.56
2013-01-10,25.66,90.67
2013-01-11,26.04,89.64
2013-01-12,26.1,89.32
2013-01-13,25.93,89.81
2013-01-14,26.19,87.68
2013-01-15,26.22,86.72
2013-01-16,26.04,86.07
2013-01-17,26.12,85.76
2013-01-18,26.32,89.49
2013-01-19,25.15,92.86
2013-01-20,25.62,93.45
2013-01-21,25.91,90.18
2013-01-22,25.26,93.25
2013-01-23,25.72,91.67
2013-01-24,25.87,89.37
2013-01-25,25.48,86.91
2013-01-26,25.73,84.63
2013-01-27,26.14,85.97
2013-01-28,25.8,85.04
2013-01-29,25.94,85.86
2013-01-30,26.17,85.24
2013-01-31,26.64,86.54
2013-02-01,26.49,86.14
2013-02-02,26.66,86.48
2013-02-03,25.89,93.69
2013-02-04,25.73,92.36
2013-02-05,25.77,91.11
2013-02-06,25.64,88.65
2013-02-07,26.41,86.25
2013-02-08,26.46,86.32
2013-02-09,26.3,87.85
2013-02-10,25.6,91.21
2013-02-11,25.67,92.07
2013-02-12,26,90.08
2013-02-13,26.3,89.07
2013-02-14,25.58,89.49
2013-02-15,25.69,91.21
2013-02-16,25.53,90.08
2013-02-17,25.07,90.34
2013-02-18,26.02,89.44
2013-02-19,25.22,92.74
2013-02-20,26,87.19
2013-02-21,25.38,90.03
2013-02-22,25.71,87.97
2013-02-23,26.56,85.71
2013-02-24,26.26,91.73
2013-02-25,26.26,90.44
2013-02-26,26.42,91.29
2013-02-27,26.63,87.18
2013-02-28,25.77,87.91
2013-03-01,27.39,86.66
2013-03-02,27.25,89.24
2013-03-03,26.63,89.91
2013-03-04,26.23,85.33
2013-03-05,26.45,86.24
2013-03-06,26.76,85.52
2013-03-07,26.98,85.66
2013-03-08,26.69,87.17
2013-03-09,27.01,84.09
2013-03-10,27.23,84.58
2013-03-11,26.46,85.62
2013-03-12,26.77,81.64
2013-03-13,27.26,81.76
2013-03-14,26.79,85.84
2013-03-15,27.09,83.95
2013-03-16,27.66,83.74
2013-03-17,26.88,86.42
2013-03-18,27.18,80.93
2013-03-19,27.32,81.03
2013-03-20,28,78.49
2013-03-21,27.27,83.45
2013-03-22,27.57,83.5
2013-03-23,28.1,81.36
2013-03-24,27.99,81.01
2013-03-25,28.4,80.48
2013-03-26,28.62,74.87
2013-03-27,29,76.78
2013-03-28,28.13,83.13
2013-03-29,28.49,79.37
2013-03-30,28.79,80.85
2013-03-31,28.27,82.5
2013-04-01,28.58,80.64
2013-04-02,28.43,80.2
2013-04-03,28.86,77.59
2013-04-04,28.19,83.36
2013-04-05,28.21,85.52
2013-04-06,27.01,88.6
2013-04-07,27.18,83.23
2013-04-08,27.94,80.14
2013-04-09,27.22,83.83
2013-04-10,27.17,86.76
2013-04-11,26.99,84.43
2013-04-12,28.64,78.88
2013-04-13,28.15,86.71
2013-04-14,27.51,86.16
2013-04-15,29.2,76.75
2013-04-16,28.96,78.91
2013-04-17,27.56,85.38
2013-04-18,28.66,77.08
2013-04-19,27.51,82.46
2013-04-20,28.47,81.29
2013-04-21,27.95,83.37
2013-04-22,28.75,78.65
2013-04-23,27.83,84.17
2013-04-24,28.87,74.61
2013-04-25,28.37,82.81
2013-04-26,27.43,84.28
2013-04-27,28.21,79.51
2013-04-28,27.95,81.89
2013-04-29,28,83.46
2013-04-30,28.39,82.1
2013-05-01,27.96,83.2
2013-05-02,27.88,84.69
2013-05-03,27.82,84.96
2013-05-04,28.18,84.34
2013-05-05,28.34,81.18
2013-05-06,28.62,80.29
2013-05-07,27.57,85.07
2013-05-08,28.16,83.96
2013-05-09,28.09,84.09
2013-05-10,27.74,88.04
2013-05-11,27.47,84.8
2013-05-12,28.2,84.27
2013-05-13,28.94,82.46
2013-05-14,29.11,81.75
2013-05-15,28.56,85.23
2013-05-16,27.99,81.94
2013-05-17,28.78,79.32
2013-05-18,27.46,87.28
2013-05-19,28.33,81.27
2013-05-20,28.18,83.58
2013-05-21,28.84,68.39
2013-05-22,28.39,78.99
2013-05-23,28.3,81.99
2013-05-24,28.31,80.72
2013-05-25,28.8,72.94
2013-05-26,28.77,75.11
2013-05-27,28.44,78.17
2013-05-28,28.57,76.98
2013-05-29,26.52,84.01
2013-05-30,26.97,84.71
2013-05-31,27.83,82.91
2013-06-01,27.93,80.94
2013-06-02,28.58,81.04
2013-06-03,28.4,80.4
2013-06-04,27.99,82.55
2013-06-05,28.1,80.07
2013-06-06,27.35,85.87
2013-06-07,29.07,74.51
2013-06-08,28.01,84.31
2013-06-09,27.06,88.35
2013-06-10,27.89,82.5
2013-06-11,26.84,84.62
2013-06-12,27.74,76.53
2013-06-13,28.44,77.17
2013-06-14,28.23,81.95
2013-06-15,28.1,82.52
2013-06-16,27.58,82.42
2013-06-17,27.51,78.01
2013-06-18,28.4,80.01
2013-06-19,28.28,80.72
2013-06-20,28.03,74.15
2013-06-21,27.94,78.43
2013-06-22,28.35,79.75
2013-06-23,28.48,81.7
2013-06-24,28.77,81.89
2013-06-25,28.43,83.18
2013-06-26,28.48,74.89
2013-06-27,28.06,72.45
2013-06-28,28.58,73.88
2013-06-29,28.63,77.91
2013-06-30,27.68,81.99
2013-07-01,27.73,83.56
2013-07-02,27.79,82.43
2013-07-03,27.52,82.02
2013-07-04,27.04,85.88
2013-07-05,26.93,76.85
2013-07-06,27.61,80.62
2013-07-07,27.98,82.17
2013-07-08,27.69,82.55
2013-07-09,26.52,87.58
2013-07-10,27.1,82.7
2013-07-11,27.81,80.44
2013-07-12,27.62,80.25
2013-07-13,26.44,78.2
2013-07-14,26.79,82.97
2013-07-15,26.75,79.89
2013-07-16,27.69,78.52
2013-07-17,27.26,82.59
2013-07-18,25.83,87.13
2013-07-19,27.07,84.04
2013-07-20,27.53,83.14
2013-07-21,27.58,82.9
2013-07-22,27.58,82.76
2013-07-23,27.79,84.87
2013-07-24,27.65,85.8
2013-07-25,27.01,84.18
2013-07-26,27.6,81.85
2013-07-27,27.15,82.39
2013-07-28,27.7,82.03
2013-07-29,26.91,84.84
2013-07-30,27.08,85.32
2013-07-31,27.31,86.56
2013-08-01,26.37,86.47
2013-08-02,26.82,83.09
2013-08-03,27.22,85.34
2013-08-04,27.13,86.07
2013-08-05,26.55,86.55
2013-08-06,27.56,82.19
2013-08-07,26.9,86.7
2013-08-08,26.11,86.58
2013-08-09,26.94,85.11
2013-08-10,27.12,82.16
2013-08-11,26.31,88.06
2013-08-12,27,85.7
2013-08-13,26.7,88.63
2013-08-14,26.98,86.27
2013-08-15,27.02,83.29
2013-08-16,27.46,84.2
2013-08-17,27.16,84.69
2013-08-18,27.19,84.64
2013-08-19,27.6,78.4
2013-08-20,26.87,84.33
2013-08-21,27.09,86.2
2013-08-22,27.6,82.81
2013-08-23,27.27,82.12
2013-08-24,27.48,83.02
2013-08-25,27.83,82.93
2013-08-26,27.35,81.78
2013-08-27,27.55,83.64
2013-08-28,27.12,84.01
2013-08-29,27.38,82.72
2013-08-30,27.21,84.78
2013-08-31,27.81,81.45
2013-09-01,27.92,78.36
2013-09-02,27.86,80.06
2013-09-03,27.13,82.68
2013-09-04,27.26,81.9
2013-09-05,26.47,86.63
2013-09-06,25.94,86.64
2013-09-07,26.56,81.41
2013-09-08,26.37,84.57
2013-09-09,26.32,85.77
2013-09-10,25.89,88.71
2013-09-11,27.01,83.75
2013-09-12,27.36,85.01
2013-09-13,26.85,87.25
2013-09-14,27.21,84.47
2013-09-15,26,84.31
2013-09-16,27.38,81.02
2013-09-17,26.81,85.89
2013-09-18,27.49,77.81
2013-09-19,27.53,86.02
2013-09-20,27.38,85.53
2013-09-21,27.06,84.17
2013-09-22,27.56,82.68
2013-09-23,27.69,83.05
2013-09-24,27.75,84.81
2013-09-25,27.28,87.51
2013-09-26,26.91,87.86
2013-09-27,27.82,78.68
2013-09-28,28.02,78.75
2013-09-29,27.4,83.73
2013-09-30,27.05,79.85
2013-10-01,27.58,86.97
2013-10-02,26.8,87.43
2013-10-03,26.9,84.61
2013-10-04,27.47,82.19
2013-10-05,27.13,82.18
2013-10-06,26.92,80.65
2013-10-07,27.39,76.96
2013-10-08,27.34,81.42
2013-10-09,27.37,83.54
2013-10-10,27.51,83.65
2013-10-11,26.87,79.17
2013-10-12,27.35,80.45
2013-10-13,27.49,84.23
2013-10-14,26.5,88.05
2013-10-15,26.71,87.42
2013-10-16,27.69,84.5
2013-10-17,27.67,85.74
2013-10-18,27.66,85
2013-10-19,27.29,84.2
2013-10-20,26.99,84.29
2013-10-21,26.99,84.19
2013-10-22,27.32,78.22
2013-10-23,27.45,80.62
2013-10-24,27.25,82.35
2013-10-25,27.19,85.26
2013-10-26,27.4,84.06
2013-10-27,27.46,83.01
2013-10-28,27.59,78.82
2013-10-29,27.51,81.32
2013-10-30,27.04,83
2013-10-31,27.7,79.29
2013-11-01,27.36,80.74
2013-11-02,27.82,79.99
2013-11-03,27.31,83.33
2013-11-04,27.07,82.71
2013-11-05,26.89,84.42
2013-11-06,27.31,81.43
2013-11-07,27.67,81.84
2013-11-08,27.99,80.33
2013-11-09,27.51,84.7
2013-11-10,27.03,86.93
2013-11-11,26.66,88.81
2013-11-12,26.4,87.38
2013-11-13,27.9,81.04
2013-11-14,26.63,85.42
2013-11-15,27.17,79.6
2013-11-16,27.29,82.33
2013-11-17,25.96,85.77
2013-11-18,26.27,84.42
2013-11-19,26.88,84.71
2013-11-20,26.34,87.73
2013-11-21,27.54,83.22
2013-11-22,27.5,86.33
2013-11-23,27.16,85.56
2013-11-24,27.44,84.25
2013-11-25,27.12,85.16
2013-11-26,27.25,84.17
2013-11-27,27.81,79.95
2013-11-28,27.44,83.47
2013-11-29,27.24,84.35
2013-11-30,26.81,89.69
2013-12-01,26.41,92.91
2013-12-02,26.07,93.81
2013-12-03,26.01,91.46
2013-12-04,26.32,87.69
2013-12-05,26.48,88.47
2013-12-06,26.35,91.17
2013-12-07,26.87,88.62
2013-12-08,25.62,92.46
2013-12-09,26.76,83.48
2013-12-10,27.22,83.22
2013-12-11,26.77,88.57
2013-12-12,26.69,88.77
2013-12-13,26.26,88.88
2013-12-14,26.6,88.9
2013-12-15,27.19,86.43
2013-12-16,26.93,85.16
2013-12-17,27.38,80.08
2013-12-18,26.53,88.85
2013-12-19,25.83,92.05
2013-12-20,25.57,91.12
2013-12-21,25.54,90.74
2013-12-22,25.84,89.83
2013-12-23,25.53,92.63
2013-12-24,25.42,91.62
2013-12-25,25.67,89.95
2013-12-26,25.79,88.81
2013-12-27,25.95,89.13
2013-12-28,25.61,88.73
2013-12-29,25.3,87.81
2013-12-30,25.58,90.35
2013-12-31,25.26,93.35
2014-01-01,25.87,89.88
2014-01-02,26.02,90.27
2014-01-03,26.19,89.15
2014-01-04,26,89.3
2014-01-05,25.09,92.66
2014-01-06,25.43,91.53
2014-01-07,25.78,88.12
2014-01-08,25.67,89.94
2014-01-09,26.01,88.05
2014-01-10,26.47,86.96
2014-01-11,25.99,91.33
2014-01-12,25.46,92.16
2014-01-13,25.55,88.32
2014-01-14,25.37,85.41
2014-01-15,25.06,84.79
2014-01-16,24.88,85.31
2014-01-17,24.87,84.39
2014-01-18,24.73,83.79
2014-01-19,24.66,83.29
2014-01-20,24.48,84.77
2014-01-21,24.61,83.34
2014-01-22,24.26,84.3
2014-01-23,24.34,82.87
2014-01-24,24.52,84.7
2014-01-25,24.6,83.04
2014-01-26,24.52,84.19
2014-01-27,24.7,84.64
2014-01-28,24.9,84.65
2014-01-29,24.47,85.02
2014-01-30,24.48,85.11
2014-01-31,24.13,83.37
2014-02-01,24.35,80.52
2014-02-02,24.61,82.38
2014-02-03,25.14,81.83
2014-02-04,25.24,84.3
2014-02-05,24.9,83.58
2014-02-06,25.38,83.56
2014-02-07,25.83,84.52
2014-02-08,26.35,84.89
2014-02-09,26.9,84.11
2014-02-10,27.22,82.56
2014-02-11,26.35,84.87
2014-02-12,26.27,84.96
2014-02-13,26.06,86.7
2014-02-14,25.98,86.42
2014-02-15,26.21,83.44
2014-02-16,26.18,84.26
2014-02-17,26,86.1
2014-02-18,26.39,86
2014-02-19,26.39,84.6
2014-02-20,26.4,83.39
2014-02-21,26.06,84.11
2014-02-22,25.97,82.56
2014-02-23,26.03,81.6
2014-02-24,25.55,80.42
2014-02-25,25.76,81.15
2014-02-26,25.96,81.92
2014-02-27,26.27,82.62
2014-02-28,26.33,82.1
2014-03-01,26.42,81.61
2014-03-02,26.67,79.93
2014-03-03,26.68,81.48
2014-03-04,26.3,79.79
2014-03-05,26.25,78.67
2014-03-06,26.11,78.98
2014-03-07,26.77,80.23
2014-03-08,26.52,79.73
2014-03-09,26.43,78.63
2014-03-10,26.45,77.75
2014-03-11,27.05,76.27
2014-03-12,27.1,76.79
2014-03-13,27.34,79.23
2014-03-14,27.73,78.13
2014-03-15,27.81,81.2
2014-03-16,26.55,88.44
2014-03-17,26.54,88.45
2014-03-18,26.98,85.16
2014-03-19,27.04,83.92
2014-03-20,27.32,83.72
2014-03-21,27.06,83.09
2014-03-22,26.56,81.48
2014-03-23,26.75,77.54
2014-03-24,27.37,79.55
2014-03-25,27.95,79.39
2014-03-26,27.74,81.21
2014-03-27,28.37,80.3
2014-03-28,27.84,82.54
2014-03-29,28.37,79.83
2014-03-30,28.37,77.46
2014-03-31,28.78,76.16
2014-04-01,28.64,76.11
2014-04-02,29.11,73.1
2014-04-03,29.07,72.97
2014-04-04,28.72,76.92
2014-04-05,27.37,83.21
2014-04-06,27.08,82.11
2014-04-07,28.7,75.27
2014-04-08,27.88,78.44
2014-04-09,28.39,77.11
2014-04-10,28.34,75.8
2014-04-11,28.29,76.74
2014-04-12,27.53,78.83
2014-04-13,28.23,78.9
2014-04-14,28.04,77.09
2014-04-15,28.65,75.95
2014-04-16,28.38,70.23
2014-04-17,28.85,76.95
2014-04-18,27.81,82.81
2014-04-19,28.7,75.95
2014-04-20,28.23,81.16
2014-04-21,27.63,82.41
2014-04-22,28.98,75.75
2014-04-23,28.95,78.21
2014-04-24,28.72,79.16
2014-04-25,29.15,75.45
2014-04-26,29.22,76.42
2014-04-27,29.66,75.61
2014-04-28,29.19,75.13
2014-04-29,29.79,72.19
2014-04-30,28.9,79.11
2014-05-01,28.6,79.79
2014-05-02,28.94,79.13
2014-05-03,28.92,79.92
2014-05-04,29.04,78.06
2014-05-05,28.94,79.7
2014-05-06,29.46,76.45
2014-05-07,28.84,78.86
2014-05-08,28.98,72.82
2014-05-09,29.4,76.42
2014-05-10,29.71,74.49
2014-05-11,29.16,79.83
2014-05-12,28.48,82.39
2014-05-13,29.2,77.04
2014-05-14,27.78,83.9
2014-05-15,28.87,77.84
2014-05-16,28.3,85.88
2014-05-17,27.73,85.45
2014-05-18,28.01,82.5
2014-05-19,27.83,84.11
2014-05-20,27.95,80.14
2014-05-21,28.85,77.87
2014-05-22,28.58,82.52
2014-05-23,27.73,86.67
2014-05-24,28.3,83.25
2014-05-25,29.11,77.66
2014-05-26,29.01,77.04
2014-05-27,28.09,82.96
2014-05-28,28.87,79.5
2014-05-29,29.03,79.4
2014-05-30,28.45,81.81
2014-05-31,28.5,81.75
2014-06-01,28.33,84.46
2014-06-02,28.51,76.33
2014-06-03,28.39,82.37
2014-06-04,28.32,84.53
2014-06-05,27.37,88.41
2014-06-06,27.96,85.17
2014-06-07,28.35,85.42
2014-06-08,28.85,83.44
2014-06-09,29.08,80.72
2014-06-10,29.02,81.2
2014-06-11,28.86,85.32
2014-06-12,28.44,82.28
2014-06-13,28.31,78.84
2014-06-14,27.4,85.66
2014-06-15,28.25,81.34
2014-06-16,28.6,82.58
2014-06-17,28.47,86.95
2014-06-18,27.84,82.99
2014-06-19,28.15,76.76
2014-06-20,28.65,84.06
2014-06-21,28.72,83.42
2014-06-22,28.45,79.19
2014-06-23,28.82,76.38
2014-06-24,28.34,82.86
2014-06-25,27.87,85.31
2014-06-26,28.22,82.19
2014-06-27,26.97,81.05
2014-06-28,27.84,77.86
2014-06-29,28.48,78.11
2014-06-30,27.35,86.57
2014-07-01,28.15,80.21
2014-07-02,27.93,83.59
2014-07-03,28.18,81.37
2014-07-04,27.64,86.46
2014-07-05,27.58,85.64
2014-07-06,27.99,83.18
2014-07-07,27.64,81.92
2014-07-08,27.29,83.27
2014-07-09,27.17,82.92
2014-07-10,28.02,82.42
2014-07-11,28.71,81.3
2014-07-12,26.99,84.38
2014-07-13,27.79,78.01
2014-07-14,27.98,79.72
2014-07-15,27.84,82.3
2014-07-16,28.21,83.47
2014-07-17,27.4,87.87
2014-07-18,27.62,85.6
2014-07-19,27.52,85.86
2014-07-20,27.91,82.27
2014-07-21,27.91,83.79
2014-07-22,27.9,85.35
2014-07-23,27.58,82.79
2014-07-24,28.02,83.47
2014-07-25,28.19,82.44
2014-07-26,28.04,84.94
2014-07-27,27.19,84.13
2014-07-28,28.04,81.73
2014-07-29,27.56,86.66
2014-07-30,27.83,86.95
2014-07-31,26.96,85.47
2014-08-01,27.09,80.88
2014-08-02,27.27,84.49
2014-08-03,27.73,80.8
2014-08-04,27.6,85.35
2014-08-05,26.6,88.9
2014-08-06,26.92,87.53
2014-08-07,26.45,82.83
2014-08-08,26.86,80.38
2014-08-09,27.51,83.71
2014-08-10,27.19,83.63
2014-08-11,26.92,84.72
2014-08-12,26.69,84.31
2014-08-13,27.39,79.71
2014-08-14,26.51,85.69
2014-08-15,26.53,84.04
2014-08-16,27.41,79.56
2014-08-17,27.34,82.51
2014-08-18,27.61,82.36
2014-08-19,27.61,83.27
2014-08-20,27.08,85.22
2014-08-21,27.32,84.18
2014-08-22,27.43,84.72
2014-08-23,27.67,81.57
2014-08-24,27.25,80.38
2014-08-25,27.03,83.69
2014-08-26,27.03,82.78
2014-08-27,26.91,84.15
2014-08-28,26.81,84.47
2014-08-29,27.53,80.45
2014-08-30,27.18,83.99
2014-08-31,27.52,82.26
2014-09-01,27.61,80.63
2014-09-02,27.74,80.77
2014-09-03,26.62,84.96
2014-09-04,27.33,79.56
2014-09-05,27.26,82.56
2014-09-06,25.99,75.87
2014-09-07,27.33,74.03
2014-09-08,27.8,80.96
2014-09-09,27.43,83.63
2014-09-10,27.5,84.67
2014-09-11,27.17,85.83
2014-09-12,27.53,84.1
2014-09-13,27.75,83.21
2014-09-14,27.58,83.12
2014-09-15,27.68,80.1
2014-09-16,27.65,79.37
2014-09-17,27.74,83.94
2014-09-18,27.45,83.28
2014-09-19,27.83,81.75
2014-09-20,27.3,83.43
2014-09-21,27.05,80.98
2014-09-22,27.34,79.77
2014-09-23,27.74,80.98
2014-09-24,27.55,84.35
2014-09-25,26.62,79.36
2014-09-26,28.17,75.2
2014-09-27,27.72,80.47
2014-09-28,27.86,81.31
2014-09-29,27.87,81.41
2014-09-30,27.9,81.74
2014-10-01,28.13,80.51
2014-10-02,27.93,78.78
2014-10-03,27.97,80.16
2014-10-04,27.1,85.77
2014-10-05,27.42,78.75
2014-10-06,27.76,77.7
2014-10-07,27.46,83.39
2014-10-08,27.98,82.57
2014-10-09,27.62,83.65
2014-10-10,27.96,81.96
2014-10-11,27.5,85.52
2014-10-12,27.88,77.88
2014-10-13,28.16,79.04
2014-10-14,28.03,79.5
2014-10-15,28.02,76.98
2014-10-16,27.69,82.66
2014-10-17,27.97,80.23
2014-10-18,27.56,80.38
2014-10-19,27.45,81.06
2014-10-20,27.77,79.54
2014-10-21,27.56,80.21
2014-10-22,27.48,78.53
2014-10-23,28.77,72.2
2014-10-24,27.89,79.05
2014-10-25,28.23,77.65
2014-10-26,28.22,79.66
2014-10-27,27.54,82.39
2014-10-28,29.07,71.22
2014-10-29,28.31,77.98
2014-10-30,28.6,77.07
2014-10-31,28.73,74.41
2014-11-01,28.28,78.48
2014-11-02,28.38,79.55
2014-11-03,28.92,76.57
2014-11-04,28.18,79.03
2014-11-05,27.78,82.39
2014-11-06,26.58,86.09
2014-11-07,27.53,82.44
2014-11-08,26.47,88.93
2014-11-09,27.14,82.55
2014-11-10,26.9,83.77
2014-11-11,27.91,78.01
2014-11-12,27.16,80.34
2014-11-13,27.37,83.89
2014-11-14,26.27,90.42
2014-11-15,26.07,90.74
2014-11-16,26.92,85
2014-11-17,26.26,90.01
2014-11-18,26.38,88.79
2014-11-19,27.07,84.42
2014-11-20,26.88,87.16
2014-11-21,27.75,82.76
2014-11-22,27.8,82.82
2014-11-23,27.43,84.35
2014-11-24,26.53,86.17
2014-11-25,27.68,82.15
2014-11-26,27.51,83.29
2014-11-27,27.6,83.01
2014-11-28,27.23,85.63
2014-11-29,27.12,82.51
2014-11-30,26.13,85.1
2014-12-01,26.23,82.23
2014-12-02,26.83,81.8
2014-12-03,27.39,81.63
2014-12-04,26.25,83.61
2014-12-05,27.96,75.9
2014-12-06,27.48,81.78
2014-12-07,26.82,87.25
2014-12-08,26.43,85.15
2014-12-09,26.82,85.58
2014-12-10,26.98,83.25
2014-12-11,27.08,83.8
2014-12-12,26.82,86.69
2014-12-13,27.1,86.33
2014-12-14,26.8,88.78
2014-12-15,26.29,90.38
2014-12-16,26.11,90.39
2014-12-17,26.4,90.56
2014-12-18,26.63,92.32
2014-12-19,25.86,92.8
2014-12-20,26.51,89.84
2014-12-21,26.45,91.66
2014-12-22,26.32,91.01
2014-12-23,26.36,92.84
2014-12-24,26.96,86.53
2014-12-25,27.28,86.32
2014-12-26,25.75,91.38
2014-12-27,25.77,91.69
2014-12-28,25.7,92.37
2014-12-29,25.18,92.51
2014-12-30,25.47,90.05
2014-12-31,25.59,91.56
2015-01-01,25.11,92.8
2015-01-02,24.93,89.41
2015-01-03,25.67,88.9
2015-01-04,26.11,87.42
2015-01-05,25.81,86.79
2015-01-06,25.96,92.11
2015-01-07,25.59,91.19
2015-01-08,25.4,92.42
2015-01-09,24.66,92.55
2015-01-10,26.18,87.62
2015-01-11,25.72,90.08
2015-01-12,26.02,87.82
2015-01-13,25.98,87.34
2015-01-14,25.96,87.09
2015-01-15,25.76,85.82
2015-01-16,25.42,85.79
2015-01-17,25.21,84.87
2015-01-18,25.5,85.07
2015-01-19,25.27,84.58
2015-01-20,25.42,85.53
2015-01-21,25.28,87.84
2015-01-22,24.91,87.53
2015-01-23,25.33,86.02
2015-01-24,25.37,84.76
2015-01-25,25.38,85.35
2015-01-26,25.67,84.08
2015-01-27,25.46,84.6
2015-01-28,25.88,84.73
2015-01-29,25.78,89.1
2015-01-30,25.54,89.23
2015-01-31,25.19,84.86
2015-02-01,25.32,83.31
2015-02-02,25.31,86.39
2015-02-03,25.01,91.32
2015-02-04,25.24,89.86
2015-02-05,25.62,86.62
2015-02-06,25.46,86.65
2015-02-07,25.47,84.58
2015-02-08,25.44,84.67
2015-02-09,25.31,83.52
2015-02-10,24.77,81.62
2015-02-11,25.09,82.89
2015-02-12,25.06,83.07
2015-02-13,25.25,83.69
2015-02-14,25.64,83.2
2015-02-15,25.71,84.45
2015-02-16,26.17,84.77
2015-02-17,26.2,84.28
2015-02-18,26.43,84.6
2015-02-19,25.5,86.77
2015-02-20,25.94,85.56
2015-02-21,25.89,83.28
2015-02-22,26.32,83.5
2015-02-23,26.38,83.5
2015-02-24,26.13,84.85
2015-02-25,26.45,83.05
2015-02-26,26.59,82.41
2015-02-27,26.56,83.13
2015-02-28,26.96,83.43
2015-03-01,26.81,83.04
2015-03-02,26.67,82.85
2015-03-03,26.82,83.2
2015-03-04,27.11,80.3
2015-03-05,26.81,79.59
2015-03-06,27.06,79.12
2015-03-07,27.01,80.43
2015-03-08,27.03,82.61
2015-03-09,26.42,87.03
2015-03-10,26.66,85.65
2015-03-11,25.74,89.24
2015-03-12,25.67,82.27
2015-03-13,26.01,80.71
2015-03-14,26.84,80.88
2015-03-15,26.69,81.68
2015-03-16,27.15,81.38
2015-03-17,27.61,81.67
2015-03-18,27.78,81.48
2015-03-19,27.13,83.49
2015-03-20,27.96,78.62
2015-03-21,27.78,79.39
2015-03-22,27.41,80.96
2015-03-23,27.26,80.64
2015-03-24,27.25,80.71
2015-03-25,27.37,83.33
2015-03-26,26.97,84.73
2015-03-27,27.36,83.67
2015-03-28,27.19,84.74
2015-03-29,27.44,84.64
2015-03-30,27.29,84.93
2015-03-31,27.12,86.97
2015-04-01,27.63,85.25
2015-04-02,27.58,83.09
2015-04-03,28.22,76.79
2015-04-04,28.11,82.19
2015-04-05,27.86,81.67
2015-04-06,28.21,80.79
2015-04-07,27.67,83.77
2015-04-08,27.47,85.87
2015-04-09,27.34,86.21
2015-04-10,27.79,82.59
2015-04-11,27.76,81.81
2015-04-12,28.06,80.15
2015-04-13,27.56,82.01
2015-04-14,27.99,79.12
2015-04-15,28.18,77.2
2015-04-16,28.48,78.01
2015-04-17,28.01,80.34
2015-04-18,28.08,77.28
2015-04-19,28.05,79.57
2015-04-20,28.26,76.19
2015-04-21,29.09,74.88
2015-04-22,28.18,79.65
2015-04-23,28.18,76.31
2015-04-24,27.4,82.41
2015-04-25,26.94,85.5
2015-04-26,27.03,85.21
2015-04-27,27.91,78.37
2015-04-28,27.92,77.48
2015-04-29,28.39,78.03
2015-04-30,27.5,84.13
2015-05-01,28.15,74.8
2015-05-02,27.96,80.56
2015-05-03,26.68,83.34
2015-05-04,27.55,82.43
2015-05-05,28.42,79.78
2015-05-06,29.02,78.87
2015-05-07,28.31,85
2015-05-08,28.14,84.73
2015-05-09,27.93,84.18
2015-05-10,28.09,84.95
2015-05-11,28.21,82.2
2015-05-12,28.32,82.73
2015-05-13,28.52,80.05
2015-05-14,28.52,79.34
2015-05-15,28.32,80.95
2015-05-16,27.9,84.2
2015-05-17,28.36,80.69
2015-05-18,28.79,81.06
2015-05-19,28.18,86.04
2015-05-20,28.18,87.1
2015-05-21,28.2,84.1
2015-05-22,27.97,85.17
2015-05-23,27.31,85.5
2015-05-24,27.72,83.86
2015-05-25,27.75,84.69
2015-05-26,27.66,86.19
2015-05-27,27.8,82.27
2015-05-28,28.33,80.92
2015-05-29,28.35,82.76
2015-05-30,28.32,81.59
2015-05-31,28.45,78.94
2015-06-01,27.92,80.89
2015-06-02,28.35,78.47
2015-06-03,28.11,82.44
2015-06-04,28.07,82.2
2015-06-05,28.59,78.21
2015-06-06,28.39,79.45
2015-06-07,27.69,84.57
2015-06-08,27.92,82.63
2015-06-09,27.89,80.75
2015-06-10,28.09,81.64
2015-06-11,27.67,85.9
2015-06-12,26.84,87.59
2015-06-13,27.04,82.73
2015-06-14,26.62,87.02
2015-06-15,26.94,87.23
2015-06-16,26.97,84.43
2015-06-17,27.28,84.35
2015-06-18,27.76,83.81
2015-06-19,27.75,84.01
2015-06-20,27.74,85.69
2015-06-21,27.92,85.07
2015-06-22,27.95,84.78
2015-06-23,27.8,85.51
2015-06-24,27.83,84.84
2015-06-25,28.19,81.16
2015-06-26,28.17,80.34
2015-06-27,27.9,82.3
2015-06-28,27.53,83.65
2015-06-29,27.66,82.72
2015-06-30,28.01,81.72
2015-07-01,27.71,82.72
2015-07-02,27.57,84.75
2015-07-03,27.7,83.3
2015-07-04,26.39,85.53
2015-07-05,27.85,80.47
2015-07-06,27.99,82.67
2015-07-07,27.66,85.58
2015-07-08,27.56,85.63
2015-07-09,28.06,81.69
2015-07-10,27.52,86.51
2015-07-11,27.37,87.04
2015-07-12,27.65,85.67
2015-07-13,27.58,87.24
2015-07-14,26.92,87.28
2015-07-15,27.52,85.34
2015-07-16,27.57,87.99
2015-07-17,27.68,87.51
2015-07-18,27.57,87.13
2015-07-19,27.46,85.56
2015-07-20,27.17,86.43
2015-07-21,27.56,82.71
2015-07-22,27.47,84.72
2015-07-23,27.58,81.98
2015-07-24,27.83,80.13
2015-07-25,27.89,81.57
2015-07-26,27.4,81.54
2015-07-27,27.05,82.67
2015-07-28,27.36,81.71
2015-07-29,27.37,81.71
2015-07-30,27.43,81.08
2015-07-31,27.12,83.92
2015-08-01,26.55,84.57
2015-08-02,27.33,83.2
2015-08-03,26.16,85
2015-08-04,26.67,82.62
2015-08-05,27.04,83.37
2015-08-06,26.92,86.38
2015-08-07,27,86.45
2015-08-08,26.72,88.3
2015-08-09,26.58,88.45
2015-08-10,27.44,86.96
2015-08-11,27.24,86.14
2015-08-12,26.79,87.28
2015-08-13,27.35,83.77
2015-08-14,27.72,82.21
2015-08-15,27.35,83.28
2015-08-16,27.67,82.86
2015-08-17,27.39,82.03
2015-08-18,27.55,77.88
2015-08-19,27.51,81.01
2015-08-20,27.92,81.46
2015-08-21,27.67,82.16
2015-08-22,27.66,83.25
2015-08-23,27.33,81.8
2015-08-24,27.55,80.91
2015-08-25,27.17,85.51
2015-08-26,26.83,85.43
2015-08-27,27.08,84.5
2015-08-28,27.06,85.05
2015-08-29,27.7,83.51
2015-08-30,27.73,80.67
2015-08-31,27.41,80.46
2015-09-01,27.82,79.05
2015-09-02,27.69,80.66
2015-09-03,27.76,81.94
2015-09-04,27.32,85.71
2015-09-05,27.39,84.15
2015-09-06,27.47,79.26
2015-09-07,27.67,78.48
2015-09-08,27.68,82.17
2015-09-09,26.5,84.02
2015-09-10,27.04,80.01
2015-09-11,27.4,80.65
2015-09-12,27.32,80.91
2015-09-13,27.6,83.9
2015-09-14,27.38,86.08
2015-09-15,26.36,89.81
2015-09-16,26.86,88.93
2015-09-17,26.92,84.56
2015-09-18,27.39,83.08
2015-09-19,27.35,84.18
2015-09-20,28.02,80.11
2015-09-21,28.32,79.48
2015-09-22,27.52,84.48
2015-09-23,27.23,84.79
2015-09-24,27.47,83.3
2015-09-25,26.96,83.37
2015-09-26,27.39,82.08
2015-09-27,27.83,82.58
2015-09-28,27.23,83.18
2015-09-29,27.2,85.8
2015-09-30,27.25,84.77
2015-10-01,27.51,84.9
2015-10-02,27.56,80.46
2015-10-03,27.48,83.68
2015-10-04,27.65,83.16
2015-10-05,27.1,84.78
2015-10-06,27.15,83.83
2015-10-07,27.93,78.28
2015-10-08,28.13,76.73
2015-10-09,27.72,76.63
2015-10-10,27.75,80.32
2015-10-11,27.64,79.01
2015-10-12,27.76,80.58
2015-10-13,27.91,80.25
2015-10-14,27.93,79.08
2015-10-15,28.07,78.27
2015-10-16,28.18,75.13
2015-10-17,28.14,77.84
2015-10-18,28.02,82.71
2015-10-19,27.45,81.11
2015-10-20,27.19,79.59
2015-10-21,27.78,78.93
2015-10-22,27.94,78.96
2015-10-23,28.15,81.69
2015-10-24,27.97,82.94
2015-10-25,27.55,83.66
2015-10-26,27.65,80.49
2015-10-27,28.03,79.02
2015-10-28,26.62,84.94
2015-10-29,27.57,78.4
2015-10-30,26.39,85.63
2015-10-31,26.6,85.83
2015-11-01,26.88,85.03
2015-11-02,27.61,81.01
2015-11-03,27.98,80.38
2015-11-04,28.05,78.38
2015-11-05,28.31,77.12
2015-11-06,28.2,77.91
2015-11-07,27.04,81.28
2015-11-08,28.05,75.39
2015-11-09,27.9,79.24
2015-11-10,28.16,80.03
2015-11-11,27.51,81.87
2015-11-12,28.19,78.88
2015-11-13,28.23,78.79
2015-11-14,27.91,82.19
2015-11-15,27.82,82.66
2015-11-16,27.33,81.9
2015-11-17,27.36,82.3
2015-11-18,28.07,80.34
2015-11-19,27.97,81.93
2015-11-20,27.55,82.79
2015-11-21,27.46,84.3
2015-11-22,27.27,83.52
2015-11-23,28.47,78.89
2015-11-24,27.71,82.15
2015-11-25,26.92,87.58
2015-11-26,26.83,87.62
2015-11-27,26.79,87.73
2015-11-28,27,85.55
2015-11-29,27.02,84.87
2015-11-30,27.35,82.51
2015-12-01,26.42,86.12
2015-12-02,27.67,81.44
2015-12-03,27.68,84.13
2015-12-04,27.94,82.69
2015-12-05,27.62,85.42
2015-12-06,27.11,88.17
2015-12-07,26.84,88.44
2015-12-08,27.43,84.64
2015-12-09,27.99,81.99
2015-12-10,27.57,85.68
2015-12-11,27.14,86.6
2015-12-12,27.04,86.47
2015-12-13,26.66,86.83
2015-12-14,26.9,85.7
2015-12-15,26.48,87.04
2015-12-16,26.51,87.57
2015-12-17,26.17,89.94
2015-12-18,26.18,87.5
2015-12-19,26.68,84.08
2015-12-20,26.26,85.09
2015-12-21,27.33,81.43
2015-12-22,27.66,79.41
2015-12-23,27.54,85.25
2015-12-24,27.22,86.26
2015-12-25,26.92,87.85
2015-12-26,26.92,83.97
2015-12-27,27.3,85.32
2015-12-28,27,88.34
2015-12-29,26.8,86
2015-12-30,26.65,86.67
2015-12-31,26.78,87.71
2016-01-01,26.74,88.55
2016-01-02,26.61,88.74
2016-01-03,26.58,90.51
2016-01-04,27.07,87.6
2016-01-05,27.27,87.56
2016-01-06,27.33,86.98
2016-01-07,27.04,84.18
2016-01-08,27.26,85.35
2016-01-09,27.24,85.67
2016-01-10,27.25,85.75
2016-01-11,27.54,84.63
2016-01-12,27.6,85.22
2016-01-13,27.57,85.61
2016-01-14,27.23,88.56
2016-01-15,27.38,86.71
2016-01-16,27.68,84.46
2016-01-17,27.7,84.6
2016-01-18,27.87,83.19
2016-01-19,27.2,86.64
2016-01-20,27.02,83.85
2016-01-21,26.86,85.93
2016-01-22,27.41,88
2016-01-23,26.85,91.24
2016-01-24,26.89,87.91
2016-01-25,26.93,85.94
2016-01-26,27.05,87.74
2016-01-27,27.48,87.36
2016-01-28,27.48,87.06
2016-01-29,27.05,88.4
2016-01-30,26.96,86.87
2016-01-31,27.01,87.32
2016-02-01,26.84,86.6
2016-02-02,26.95,84.82
2016-02-03,27.28,85.36
2016-02-04,27.05,89.33
2016-02-05,27.21,90.35
2016-02-06,27.41,87.87
2016-02-07,25.99,89.57
2016-02-08,25.61,88.48
2016-02-09,26.12,87.99
2016-02-10,26.13,90.98
2016-02-11,26.95,87.63
2016-02-12,27.17,87.9
2016-02-13,27.1,88.84
2016-02-14,26.97,88.77
2016-02-15,27.21,87.5
2016-02-16,26.62,84.27
2016-02-17,26.31,81.92
2016-02-18,27.04,85.61
2016-02-19,26.59,88.55
2016-02-20,26.35,87.17
2016-02-21,26.31,85.62
2016-02-22,26.73,84.67
2016-02-23,27.18,85.51
2016-02-24,26.18,90.9
2016-02-25,26.29,85.23
2016-02-26,26.45,84.65
2016-02-27,26.82,85.78
2016-02-28,27.08,85.85
2016-02-29,26.98,85.67
2016-03-01,26.89,85.97
2016-03-02,27.1,85.67
2016-03-03,27.18,85.5
2016-03-04,27.06,86.95
2016-03-05,27.36,86.2
2016-03-06,27.31,86.29
2016-03-07,26.96,87.87
2016-03-08,27.45,85.76
2016-03-09,27.76,85.95
2016-03-10,27.47,85.26
2016-03-11,27.27,85.44
2016-03-12,27.39,85.44
2016-03-13,27.4,86.68
2016-03-14,27.76,85.34
2016-03-15,27.08,83.26
2016-03-16,27.3,80.45
2016-03-17,27.43,81.81
2016-03-18,27.24,81.43
2016-03-19,27.61,83.29
2016-03-20,27.93,83.83
2016-03-21,28.22,84.35
2016-03-22,28.09,82.33
2016-03-23,28.3,81.96
2016-03-24,28.04,81.88
2016-03-25,27.5,82.02
2016-03-26,27.71,82.2
2016-03-27,27.73,81.95
2016-03-28,27.8,80.86
2016-03-29,27.66,80.11
2016-03-30,27.69,80.6
2016-03-31,27.84,80.93
2016-04-01,27.77,81.22
2016-04-02,28.34,81.5
2016-04-03,27.65,86.19
2016-04-04,27.99,84.23
2016-04-05,27.8,84.38
2016-04-06,27.91,80.46
2016-04-07,28.25,78.17
2016-04-08,28.52,80.03
2016-04-09,28.54,82.22
2016-04-10,28.4,84.03
2016-04-11,28.81,83.35
2016-04-12,28.76,82.4
2016-04-13,28.93,82.74
2016-04-14,28.55,82.29
2016-04-15,28.59,81.64
2016-04-16,29.03,80.1
2016-04-17,28.94,81.08
2016-04-18,28.54,80.68
2016-04-19,29.04,80.31
2016-04-20,28.88,79.97
2016-04-21,29.05,76.59
2016-04-22,28.82,80.36
2016-04-23,28.57,81.63
2016-04-24,28.53,82.38
2016-04-25,28.59,81.11
2016-04-26,28.72,79.95
2016-04-27,29.09,78.53
2016-04-28,29.5,76.65
2016-04-29,28.67,81.08
2016-04-30,29.11,75.29
2016-05-01,29.2,75.97
2016-05-02,28.84,78.84
2016-05-03,28.87,80.4
2016-05-04,29.26,78.13
2016-05-05,28.92,78.78
2016-05-06,28.93,80.31
2016-05-07,28.97,79.86
2016-05-08,29.69,72.27
2016-05-09,29.11,78.28
2016-05-10,29.66,77.18
2016-05-11,29.36,78.24
2016-05-12,29.21,79.27
2016-05-13,29.01,79.29
2016-05-14,28.67,79.2
2016-05-15,29.93,72.29
2016-05-16,29.92,73.38
2016-05-17,29.6,78.48
2016-05-18,28.98,80.28
2016-05-19,28.95,80.47
2016-05-20,29.16,79.15
2016-05-21,27.56,86.44
2016-05-22,29.09,74.73
2016-05-23,29.09,80.3
2016-05-24,28.4,83.55
2016-05-25,29.02,82.74
2016-05-26,28.17,84.26
2016-05-27,27.99,84.66
2016-05-28,27.71,84.72
2016-05-29,28.43,80.6
2016-05-30,27.4,80.91
2016-05-31,28.79,74.3
2016-06-01,28.06,81.06
2016-06-02,28.83,78.05
2016-06-03,28.2,81.2
2016-06-04,28.09,78.83
2016-06-05,28.57,77.76
2016-06-06,28.37,80.71
2016-06-07,28.42,82.24
2016-06-08,27.9,82.83
2016-06-09,28.29,81.48
2016-06-10,28.22,80.05
2016-06-11,27.18,86.76
2016-06-12,27.23,83.68
2016-06-13,27.85,81.15
2016-06-14,27.95,83.54
2016-06-15,27.57,84.93
2016-06-16,27.4,87.59
2016-06-17,26.29,87.54
2016-06-18,26.95,78.16
2016-06-19,26.19,82.32
2016-06-20,27.55,78.15
2016-06-21,27.79,82.02
2016-06-22,26.67,85.56
2016-06-23,27.91,83.95
2016-06-24,27.34,83.05
2016-06-25,27.69,84.41
2016-06-26,27.62,83.11
2016-06-27,27.28,80.82
2016-06-28,28.16,78.43
2016-06-29,28.32,81.48
2016-06-30,28.55,82.01
2016-07-01,28.31,81.7
2016-07-02,28.01,84.69
2016-07-03,28.17,82.72
2016-07-04,28.19,82.53
2016-07-05,28.25,83.39
2016-07-06,28.06,83.73
2016-07-07,28.12,82.6
2016-07-08,27.92,82.31
2016-07-09,28.17,80.45
2016-07-10,28.05,83.47
2016-07-11,27.65,84.64
2016-07-12,27.89,84.09
2016-07-13,27.49,84.12
2016-07-14,26.88,82.73
2016-07-15,27.47,82.21
2016-07-16,27.94,77.85
2016-07-17,27.95,77.87
2016-07-18,26.95,85.49
2016-07-19,27.45,81.65
2016-07-20,26.4,84.15
2016-07-21,27.38,82.97
2016-07-22,26.43,87.79
2016-07-23,26.88,84.72
2016-07-24,27.2,82.14
2016-07-25,26.43,80.44
2016-07-26,26.15,83.79
2016-07-27,27.66,81.32
2016-07-28,27.15,83.95
2016-07-29,27.55,82.48
2016-07-30,27.73,78.89
2016-07-31,28.06,79.09
2016-08-01,27.3,84.63
2016-08-02,27.37,83.61
2016-08-03,27.24,83.39
2016-08-04,26.52,85.62
2016-08-05,27.21,83
2016-08-06,27.74,84.57
2016-08-07,27.59,85.04
2016-08-08,28.07,81.28
2016-08-09,28.04,80.14
2016-08-10,27.84,83.39
2016-08-11,27.46,83.61
2016-08-12,28.04,82.22
2016-08-13,27.89,81.71
2016-08-14,27.75,81.76
2016-08-15,27.58,85.03
2016-08-16,27.44,87.37
2016-08-17,27.52,88.16
2016-08-18,27.81,86.59
2016-08-19,27.33,86.57
2016-08-20,27.53,84.84
2016-08-21,26.46,86.25
2016-08-22,27.89,80.54
2016-08-23,27.79,82.43
2016-08-24,26.88,86.77
2016-08-25,27.94,81.14
2016-08-26,28.13,80.22
2016-08-27,28.23,75.62
2016-08-28,28.14,79.68
2016-08-29,27.58,86.08
2016-08-30,27.21,87.77
2016-08-31,27.42,85.29
2016-09-01,27.12,86.61
2016-09-02,27.68,74.23
2016-09-03,28.54,71.79
2016-09-04,28.86,74.7
2016-09-05,27.64,81.88
2016-09-06,27.63,83.64
2016-09-07,26.57,85.15
2016-09-08,27.72,81.83
2016-09-09,27.57,83.73
2016-09-10,27.4,84.94
2016-09-11,27.18,83.16
2016-09-12,26.89,86.19
2016-09-13,27.61,82.87
2016-09-14,26.89,84.24
2016-09-15,27.47,80.58
2016-09-16,28.1,79.41
2016-09-17,27.44,83.55
2016-09-18,27.19,83.87
2016-09-19,26.98,86.09
2016-09-20,27.13,84.1
2016-09-21,27.53,79.42
2016-09-22,27.21,82.11
2016-09-23,28.44,74.28
2016-09-24,28.2,78.42
2016-09-25,28.68,75.82
2016-09-26,28.74,71.8
2016-09-27,27.25,82.73
2016-09-28,28.1,79.39
2016-09-29,27.56,82.03
2016-09-30,28.02,79.85
2016-10-01,27.32,82.23
2016-10-02,28.04,82.03
2016-10-03,27.02,86.39
2016-10-04,28.7,75.41
2016-10-05,27.38,83.24
2016-10-06,26.82,85.24
2016-10-07,26.09,86.59
2016-10-08,26.95,83.49
2016-10-09,26.97,83.71
2016-10-10,27.83,83.33
2016-10-11,27.9,83.13
2016-10-12,27.7,84
2016-10-13,27.27,84.04
2016-10-14,27.05,78.84
2016-10-15,27.7,81.11
2016-10-16,27.11,86.08
2016-10-17,27.77,81.51
2016-10-18,27.92,81.4
2016-10-19,27.06,84.67
2016-10-20,27.9,80.39
2016-10-21,27.61,82.94
2016-10-22,27.13,82.12
2016-10-23,26.36,85.08
2016-10-24,27.3,79.88
2016-10-25,27.25,81.81
2016-10-26,27.34,80.55
2016-10-27,26.01,89.67
2016-10-28,27.08,81.78
2016-10-29,27.09,85.67
2016-10-30,26.5,82.01
2016-10-31,27.34,81.13
2016-11-01,26.99,81.34
2016-11-02,27.4,81.79
2016-11-03,26.54,89.67
2016-11-04,27.1,83.79
2016-11-05,26.37,89.46
2016-11-06,27.35,83.72
2016-11-07,27.46,83.71
2016-11-08,28.01,81.43
2016-11-09,27.8,79.39
2016-11-10,27.29,82.6
2016-11-11,27.07,83.2
2016-11-12,27.23,82.66
2016-11-13,27.48,84.94
2016-11-14,27.45,83.6
2016-11-15,26.57,87.09
2016-11-16,27.24,79.97
2016-11-17,27.56,83.92
2016-11-18,28.03,79.25
2016-11-19,28.09,81.42
2016-11-20,27.23,87.14
2016-11-21,27.21,85.04
2016-11-22,26.9,86.44
2016-11-23,26.82,86.26
2016-11-24,26.57,84.91
2016-11-25,27.8,81.9
2016-11-26,27.72,83.18
2016-11-27,27.36,85.54
2016-11-28,26.39,90.19
2016-11-29,26.12,88.87
2016-11-30,26.23,90.04
2016-12-01,25.88,88.9
2016-12-02,26.86,85.3
2016-12-03,27.51,80.75
2016-12-04,27.61,83.84
2016-12-05,27.24,81.87
2016-12-06,27.84,83.87
2016-12-07,27.24,81.36
2016-12-08,27.02,85.75
2016-12-09,26.59,86.13
2016-12-10,26.81,82.95
2016-12-11,25.85,87.77
2016-12-12,26.54,86.46
2016-12-13,26.81,85.03
2016-12-14,26.6,87.68
2016-12-15,27.49,81.94
2016-12-16,27.11,84.97
2016-12-17,26.83,87.99
2016-12-18,26.83,88.64
2016-12-19,26.74,89.9
2016-12-20,26.24,88.22
2016-12-21,26.81,88.64
2016-12-22,27.49,83.23
2016-12-23,27.11,87.37
2016-12-24,26.31,91.8
2016-12-25,26.15,91.41
2016-12-26,25.96,90.41
2016-12-27,25.56,91.18
2016-12-28,25.62,89.8
2016-12-29,26.03,87.97
2016-12-30,26.7,88.48
2016-12-31,26.13,91.02
2017-01-01,26.51,90.29
2017-01-02,26.31,89.33
2017-01-03,26.64,86.73
2017-01-04,26.3,87.87
2017-01-05,27.14,80.68
2017-01-06,27.53,78.21
2017-01-07,27.9,80.94
2017-01-08,27.94,77
2017-01-09,27.22,86.96
2017-01-10,26.97,87.75
2017-01-11,26.86,88.21
2017-01-12,27.42,80.89
2017-01-13,26.59,86.36
2017-01-14,27.14,82.64
2017-01-15,26.97,84.4
2017-01-16,26.35,87.49
2017-01-17,26.83,78.43
2017-01-18,27.21,83.14
2017-01-19,26.75,86.39
2017-01-20,26.85,85.73
2017-01-21,26.4,90.96
2017-01-22,26.22,91.93
2017-01-23,25.92,92.45
2017-01-24,25.32,92.78
2017-01-25,25.42,91.04
2017-01-26,25.73,90.16
2017-01-27,25.56,91.83
2017-01-28,25.62,91.08
2017-01-29,25.47,92.36
2017-01-30,26.07,89.56
2017-01-31,25.98,87.43
2017-02-01,26.06,85.58
2017-02-02,25.69,84.73
2017-02-03,26.19,88.14
2017-02-04,26.35,88.98
2017-02-05,26.63,88.7
2017-02-06,26.8,87.43
2017-02-07,25.76,87.47
2017-02-08,26.21,84.62
2017-02-09,26.02,86.32
2017-02-10,26.16,86.73
2017-02-11,26.03,86.26
2017-02-12,25.8,87.9
2017-02-13,25.96,87.59
2017-02-14,25.69,88.64
2017-02-15,25.54,87.43
2017-02-16,25.76,85.75
2017-02-17,26.24,86.58
2017-02-18,26.15,88.68
2017-02-19,26.53,87.73
2017-02-20,26.58,87.71
2017-02-21,26.73,85.68
2017-02-22,27.05,82.67
2017-02-23,27.14,82.2
2017-02-24,26.81,83.84
2017-02-25,26.33,88.28
2017-02-26,26.42,87.83
2017-02-27,26.29,87.76
2017-02-28,26.01,88.87
2017-03-01,25.37,91.41
2017-03-02,25.57,91.46
2017-03-03,26.22,88.94
2017-03-04,25.81,90.12
2017-03-05,26.49,87.9
2017-03-06,26.19,85.6
2017-03-07,26.47,83.25
2017-03-08,26.17,85.57
2017-03-09,26.32,84.05
2017-03-10,26.47,84.63
2017-03-11,26.88,85.59
2017-03-12,26.21,85.85
2017-03-13,27.16,84.82
2017-03-14,26.75,84.59
2017-03-15,27.74,79.93
2017-03-16,27.34,84.21
2017-03-17,27.35,82.86
2017-03-18,27.43,82.87
2017-03-19,27.15,82
2017-03-20,26.18,83.66
2017-03-21,27.32,85.02
2017-03-22,27,86.62
2017-03-23,27.6,83.08
2017-03-24,27.91,79.41
2017-03-25,27.73,82.36
2017-03-26,27.5,85.54
2017-03-27,27.74,84.47
2017-03-28,26.65,87.96
2017-03-29,27.73,77.96
2017-03-30,26.52,87.43
2017-03-31,27.99,78.18
2017-04-01,27.42,84.89
2017-04-02,26.16,86.12
2017-04-03,26.77,85.35
2017-04-04,27.42,84.94
2017-04-05,27.47,84.29
2017-04-06,27.8,82.21
2017-04-07,27.78,82.34
2017-04-08,27.38,85.71
2017-04-09,27.77,82.63
2017-04-10,27.48,82.08
2017-04-11,27.72,84.67
2017-04-12,27.66,86.12
2017-04-13,26.99,84.9
2017-04-14,27.85,81.07
2017-04-15,27.66,83.45
2017-04-16,28.24,80.73
2017-04-17,28.48,79.37
2017-04-18,28.35,78.41
2017-04-19,28.8,76.34
2017-04-20,28.22,80.88
2017-04-21,27.63,85.46
2017-04-22,27.42,82.85
2017-04-23,27.98,82.17
2017-04-24,28.56,80.11
2017-04-25,27.78,86
2017-04-26,26.94,85.01
2017-04-27,27.71,82.81
2017-04-28,26.92,84.8
2017-04-29,27.39,82.89
2017-04-30,28.23,80.73
2017-05-01,28.37,79.91
2017-05-02,28.13,82.84
2017-05-03,28.01,83.87
2017-05-04,28.01,82.4
2017-05-05,28.41,81.05
2017-05-06,28,82.6
2017-05-07,26.75,89.78
2017-05-08,28.24,81.29
2017-05-09,28.07,85.97
2017-05-10,27.73,86.79
2017-05-11,27.46,86.47
2017-05-12,27.87,82.64
2017-05-13,28.14,84.61
2017-05-14,27.92,87.94
2017-05-15,27.95,87.29
2017-05-16,28.01,87.5
2017-05-17,28.35,86.87
2017-05-18,28.07,87.76
2017-05-19,27.86,87.84
2017-05-20,28.07,85.83
2017-05-21,28.09,86.13
2017-05-22,27.56,86.16
2017-05-23,28.17,87.38
2017-05-24,27.87,88.28
2017-05-25,27.96,89.35
2017-05-26,27.65,87.6
2017-05-27,27.81,88.21
2017-05-28,27.9,86.81
2017-05-29,27.92,87.3
2017-05-30,27.63,85.23
2017-05-31,28.1,83.45
2017-06-01,27.23,81.42
2017-06-02,27.77,81.92
2017-06-03,28.19,83.49
2017-06-04,27.86,87.5
2017-06-05,28.04,87.51
2017-06-06,28.15,86.52
2017-06-07,28.19,83.5
2017-06-08,27.9,85.54
2017-06-09,28.3,83.89
2017-06-10,28.02,85.91
2017-06-11,27.69,83.6
2017-06-12,28.17,82.23
2017-06-13,28.04,85.74
2017-06-14,27.8,81.21
2017-06-15,28.04,82.53
2017-06-16,27.54,83.11
2017-06-17,28.02,80
2017-06-18,26.72,86.78
2017-06-19,27.35,79.73
2017-06-20,27.79,81.73
2017-06-21,27.41,85.21
2017-06-22,27.64,85.16
2017-06-23,26.99,85.67
2017-06-24,27.77,79.83
2017-06-25,27.84,80.34
2017-06-26,27.93,78.66
2017-06-27,27.7,82.09
2017-06-28,28.23,80.52
2017-06-29,27.54,82.38
2017-06-30,27.75,82.44
2017-07-01,27.41,85.76
2017-07-02,27.77,85.29
2017-07-03,27.26,86.95
2017-07-04,27.41,86.22
2017-07-05,26.63,86.54
2017-07-06,27.09,84.42
2017-07-07,27.05,84.57
2017-07-08,26.99,85.16
2017-07-09,26.59,86.37
2017-07-10,27.5,80.67
2017-07-11,26.73,87.98
2017-07-12,26.13,87.41
2017-07-13,26.71,86.05
2017-07-14,26.04,85.9
2017-07-15,26.47,83.71
2017-07-16,26.73,83.58
2017-07-17,26.97,85.7
2017-07-18,26.69,87.71
2017-07-19,27.12,85.69
2017-07-20,27.2,87.2
2017-07-21,27.4,86.79
2017-07-22,27.8,84.75
2017-07-23,27.78,84.69
2017-07-24,27.47,85.95
2017-07-25,27.73,85.25
2017-07-26,27.5,85.87
2017-07-27,27.4,84.28
2017-07-28,27.43,83.27
2017-07-29,27.66,86.29
2017-07-30,27.6,87.6
2017-07-31,27.72,86.62
2017-08-01,27.66,86.13
2017-08-02,27.53,82.56
2017-08-03,27.39,80.02
2017-08-04,27.7,81.31
2017-08-05,27.91,84.32
2017-08-06,27.43,86.76
2017-08-07,27.04,88.45
2017-08-08,26.79,89.1
2017-08-09,26.83,83.97
2017-08-10,27.31,82.83
2017-08-11,26.84,84.47
2017-08-12,26.49,83.68
2017-08-13,26,86.18
2017-08-14,26.9,83.95
2017-08-15,26.65,82.48
2017-08-16,27.39,81.17
2017-08-17,26.9,85.81
2017-08-18,27.34,83.64
2017-08-19,27.3,85.78
2017-08-20,27.51,85.82
2017-08-21,27.25,85.59
2017-08-22,26.62,87.46
2017-08-23,27.57,83.41
2017-08-24,27.61,85.07
2017-08-25,27.11,86.35
2017-08-26,27.17,85.42
2017-08-27,27.13,85.64
2017-08-28,27.47,82.74
2017-08-29,26.97,85.14
2017-08-30,26.92,82.13
2017-08-31,27.56,83.51
2017-09-01,27.67,84.08
2017-09-02,27.69,84.14
2017-09-03,27.56,83.61
2017-09-04,27.56,83.12
2017-09-05,27.25,84.56
2017-09-06,27.17,85.44
2017-09-07,27.54,83.81
2017-09-08,27.55,84.29
2017-09-09,27.66,81.98
2017-09-10,27.34,83.06
2017-09-11,27.1,80.04
2017-09-12,27.58,82.77
2017-09-13,27.91,81.39
2017-09-14,27.65,82.6
2017-09-15,27.37,84.9
2017-09-16,27.09,85.7
2017-09-17,27.3,84.64
2017-09-18,26.6,85.98
2017-09-19,28.03,77.84
2017-09-20,27.04,84.03
2017-09-21,27.12,77.62
2017-09-22,27.44,83.14
2017-09-23,27.07,83.94
2017-09-24,27.73,77.13
2017-09-25,27.72,82.4
2017-09-26,28.52,75.93
2017-09-27,27.87,80.42
2017-09-28,27.78,79.33
2017-09-29,27.35,80.81
2017-09-30,27.64,81.48
2017-10-01,27.13,84.51
2017-10-02,27.51,82.01
2017-10-03,27.19,84.92
2017-10-04,27.06,83.4
2017-10-05,27.57,82.53
2017-10-06,28.38,78.85
2017-10-07,29,75.34
2017-10-08,27.42,83.08
2017-10-09,27.86,82.4
2017-10-10,26.91,85.53
2017-10-11,27.57,83.42
2017-10-12,26.48,85.87
2017-10-13,26.85,79.67
2017-10-14,27.76,81.23
2017-10-15,28.37,78.58
2017-10-16,27.75,76.87
2017-10-17,28.52,75.6
2017-10-18,28.84,75.93
2017-10-19,28.38,80.73
2017-10-20,28.69,75.34
2017-10-21,28.84,78.31
2017-10-22,27.93,81.54
2017-10-23,28.21,80.15
2017-10-24,28.26,79.69
2017-10-25,28.45,78.34
2017-10-26,28.02,82.22
2017-10-27,27.25,84.84
2017-10-28,27.76,82.7
2017-10-29,27.29,84.72
2017-10-30,26.9,85.35
2017-10-31,26.18,91.55
2017-11-01,27.39,83.17
2017-11-02,27.5,83.68
2017-11-03,26.58,84.4
2017-11-04,27.18,84.56
2017-11-05,27.5,83.91
2017-11-06,27.9,81.42
2017-11-07,27.8,82.64
2017-11-08,26.79,86.47
2017-11-09,26.6,85.96
2017-11-10,27.68,77.6
2017-11-11,26.93,84.94
2017-11-12,27.17,86.36
2017-11-13,28.12,79.08
2017-11-14,26.14,88.7
2017-11-15,27.59,82.28
2017-11-16,27.9,80.93
2017-11-17,27.64,81.11
2017-11-18,27.43,84.59
2017-11-19,27.57,81.3
2017-11-20,27.16,84.92
2017-11-21,26.96,86.4
2017-11-22,27.74,82.47
2017-11-23,26.48,90.47
2017-11-24,26.25,89.75
2017-11-25,26.48,88.48
2017-11-26,26.22,89.49
2017-11-27,25.76,90.72
2017-11-28,26.67,87.15
2017-11-29,26.28,90.96
2017-11-30,26.79,88.22
2017-12-01,27.08,86.4
2017-12-02,26.98,88.76
2017-12-03,27.93,81.07
2017-12-04,28.1,81.19
2017-12-05,27.38,82.41
2017-12-06,27.17,85.59
2017-12-07,26.68,88.47
2017-12-08,26.29,91.07
2017-12-09,25.61,88.5
2017-12-10,26.83,84.84
2017-12-11,26.39,88.1
2017-12-12,26.44,87.16
2017-12-13,26.51,87.95
2017-12-14,26.99,85.03
2017-12-15,27.01,85.55
2017-12-16,26.64,86.21
2017-12-17,25.99,89.57
2017-12-18,26.22,85.14
2017-12-19,26.02,87.09
2017-12-20,26.07,86.85
2017-12-21,26.14,86.99
2017-12-22,27.1,84.28
2017-12-23,26.5,91.03
2017-12-24,25.73,92.28
2017-12-25,26.83,85.73
2017-12-26,26.85,83.7
2017-12-27,26.76,84.25
2017-12-28,26.82,88.23
2017-12-29,26.74,90.25
2017-12-30,26.27,90.84
2017-12-31,25.69,92.38
2018-01-01,25.63,93.04
2018-01-02,25.83,91.33
2018-01-03,25.96,91.96
2018-01-04,26.07,89.58
2018-01-05,26.43,85.92
2018-01-06,27.31,82.66
2018-01-07,26.84,86.84
2018-01-08,26.92,83.25
2018-01-09,26.29,88.44
2018-01-10,25.13,90.55
2018-01-11,24.4,92.64
2018-01-12,23.91,92.92
2018-01-13,23.98,93.02
2018-01-14,24,93.13
2018-01-15,24.38,89.41
2018-01-16,25.03,92.83
2018-01-17,25.55,91.89
2018-01-18,25.75,89.79
2018-01-19,26.13,89.21
2018-01-20,26.08,89.19
2018-01-21,26,90.19
2018-01-22,26.29,88.78
2018-01-23,25.97,90.48
2018-01-24,25.72,91.72
2018-01-25,26,89.69
2018-01-26,25.87,89.89
2018-01-27,26.25,88.73
2018-01-28,26.1,89.74
2018-01-29,26.68,84.3
2018-01-30,26.19,89.8
2018-01-31,26.32,90.64
2018-02-01,26.33,90.4
2018-02-02,25.88,91.13
2018-02-03,25.84,88
2018-02-04,25.56,86.45
2018-02-05,25.16,86.23
2018-02-06,25.07,84.35
2018-02-07,25.05,84.53
2018-02-08,24.71,82.81
2018-02-09,24.92,80.98
2018-02-10,24.81,82.96
2018-02-11,25.14,82.73
2018-02-12,25.35,84.74
2018-02-13,25.83,85.84
2018-02-14,25.89,86.97
2018-02-15,25.93,86.57
2018-02-16,26.31,85.48
2018-02-17,26.32,84.9
2018-02-18,26.2,83.28
2018-02-19,26.27,84.97
2018-02-20,26.35,83.98
2018-02-21,26.55,84.69
2018-02-22,26.86,85.56
2018-02-23,26.44,87.89
2018-02-24,25.59,90.2
2018-02-25,26.25,87.56
2018-02-26,26.22,85.41
2018-02-27,26.45,87.28
2018-02-28,27.03,85.34
2018-03-01,26.91,85.5
2018-03-02,27.17,85.35
2018-03-03,26.51,86.67
2018-03-04,27.44,82.69
2018-03-05,27.28,84.52
2018-03-06,27.26,83.88
2018-03-07,26.37,89.01
2018-03-08,26.65,88
2018-03-09,27.09,84.93
2018-03-10,26.17,86.56
2018-03-11,26.54,86.87
2018-03-12,26.67,86.34
2018-03-13,26.64,86.39
2018-03-14,26.71,84.92
2018-03-15,27.61,81.01
2018-03-16,27.17,85.36
2018-03-17,27.32,83.84
2018-03-18,26.92,85.29
2018-03-19,27.5,81.86
2018-03-20,27.46,82.06
2018-03-21,27.34,83.32
2018-03-22,26.98,83.87
2018-03-23,27,82.03
2018-03-24,27.36,82.22
2018-03-25,26.95,84.94
2018-03-26,26.77,87.4
2018-03-27,26.42,88.01
2018-03-28,27.33,83.27
2018-03-29,27.46,82.46
2018-03-30,27.46,80.67
2018-03-31,27.72,80.98
2018-04-01,27.15,84.23
2018-04-02,27.34,82.48
2018-04-03,27.29,80.63
2018-04-04,27.31,80.73
2018-04-05,27.66,80.3
2018-04-06,27.52,81.82
2018-04-07,27.43,80.57
2018-04-08,27.47,83.2
2018-04-09,27.23,85.81
2018-04-10,27.88,80.65
2018-04-11,27.68,82.46
2018-04-12,28.03,82.17
2018-04-13,27.91,85.22
2018-04-14,27.43,85.08
2018-04-15,27.68,82.47
2018-04-16,27.4,81.85
2018-04-17,27.65,82.58
2018-04-18,27.18,87.18
2018-04-19,27.56,86.32
2018-04-20,27.57,85.13
2018-04-21,27.4,84.61
2018-04-22,28.29,81.97
2018-04-23,28.13,83.07
2018-04-24,28.08,82.59
2018-04-25,28.84,75.58
2018-04-26,28.21,82.77
2018-04-27,28.11,78.87
2018-04-28,28.28,82.69
2018-04-29,28.32,85.57
2018-04-30,28.01,86.25
2018-05-01,27.58,84.81
2018-05-02,28.39,77.19
2018-05-03,28.55,76.77
2018-05-04,28.82,76.23
2018-05-05,28.03,82.21
2018-05-06,28.24,82.4
2018-05-07,28.37,79.32
2018-05-08,28.35,78.6
2018-05-09,28.39,80.09
2018-05-10,28.11,81
2018-05-11,28.78,74.12
2018-05-12,28.25,78.03
2018-05-13,28.06,82.52
2018-05-14,28.39,80.9
2018-05-15,28.02,83.12
2018-05-16,28.34,78.67
2018-05-17,28.69,77.36
2018-05-18,28.57,77.36
2018-05-19,28.6,76.12
2018-05-20,28.63,76.2
2018-05-21,28.72,77.68
2018-05-22,28.6,79.38
2018-05-23,27.14,83.48
2018-05-24,28.43,78.01
2018-05-25,28.57,79.1
2018-05-26,28.18,78.28
2018-05-27,28.52,79.1
2018-05-28,27.64,85.68
2018-05-29,28.47,80.92
2018-05-30,27.82,83.58
2018-05-31,27.39,85.37
2018-06-01,27.7,80.56
2018-06-02,27.31,79.59
2018-06-03,28.35,82.21
2018-06-04,28.46,82.05
2018-06-05,28.36,85.28
2018-06-06,28.65,84.02
2018-06-07,28.63,82.91
2018-06-08,28,81.39
2018-06-09,28.32,80.55
2018-06-10,28.04,86.23
2018-06-11,27.89,85.67
2018-06-12,27.96,85.26
2018-06-13,27.88,84.71
2018-06-14,27.79,86.39
2018-06-15,26.94,87.51
2018-06-16,27.94,83.5
2018-06-17,27.88,84.62
2018-06-18,27.4,87.28
2018-06-19,27.18,87.5
2018-06-20,27.26,86.95
2018-06-21,27.64,85.19
2018-06-22,27.56,84.84
2018-06-23,27.31,83.85
2018-06-24,26.2,84.55
2018-06-25,26.14,86.62
2018-06-26,26.6,84.8
2018-06-27,25.96,87.19
2018-06-28,26.76,85.22
2018-06-29,25.88,89.29
2018-06-30,26.78,86.09
2018-07-01,26.52,88.48
2018-07-02,26.84,83.81
2018-07-03,26.77,85.11
2018-07-04,27.2,83.36
2018-07-05,27.08,85.04
2018-07-06,27.03,85.42
2018-07-07,27.32,84.01
2018-07-08,27.3,85.89
2018-07-09,26.8,87.87
2018-07-10,26.31,85.78
2018-07-11,27.13,83.28
2018-07-12,27.12,86.94
2018-07-13,27.34,87.08
2018-07-14,27.33,84.69
2018-07-15,26.59,87.99
2018-07-16,27.15,85.01
2018-07-17,27.4,86.9
2018-07-18,27.31,88.9
2018-07-19,27.4,87.78
2018-07-20,27.34,85.5
2018-07-21,27.24,85.27
2018-07-22,27.35,86.33
2018-07-23,27.34,87.68
2018-07-24,27.55,87.36
2018-07-25,27.02,86.37
2018-07-26,27.43,84.86
2018-07-27,27.95,81.06
2018-07-28,27.92,82.25
2018-07-29,27.54,84.93
2018-07-30,26.59,87.31
2018-07-31,26.88,79.43
2018-08-01,27.05,81.59
2018-08-02,26.68,83.41
2018-08-03,27.11,85.2
2018-08-04,27,86.15
2018-08-05,27.1,86.28
2018-08-06,27.06,86.47
2018-08-07,26.79,87.04
2018-08-08,26.65,88.06
2018-08-09,26.78,87.32
2018-08-10,27.18,88.12
2018-08-11,27.07,87.95
2018-08-12,27.49,85.75
2018-08-13,27.7,86.05
2018-08-14,27.74,85.29
2018-08-15,27.67,84.57
2018-08-16,27.83,82.87
2018-08-17,27.6,84.67
2018-08-18,27.53,85.92
2018-08-19,27.69,83.69
2018-08-20,27.8,82.49
2018-08-21,27.8,83.59
2018-08-22,27.36,87
2018-08-23,27.19,81.66
2018-08-24,26.92,85.93
2018-08-25,26.64,84.32
2018-08-26,27.51,84.3
2018-08-27,27.23,87.25
2018-08-28,27.21,86.21
2018-08-29,26.81,85.17
2018-08-30,27.37,81.9
2018-08-31,27.09,82.98
2018-09-01,27.28,80.17
2018-09-02,26.98,81.52
2018-09-03,27.01,84.54
2018-09-04,26.7,81.96
2018-09-05,27.46,79.81
2018-09-06,27.29,82
2018-09-07,26.4,87.53
2018-09-08,26.65,84.79
2018-09-09,26.75,86.54
2018-09-10,26.79,83.88
2018-09-11,26.18,86.65
2018-09-12,26.75,84.51
2018-09-13,27.54,77.96
2018-09-14,27.61,80.32
2018-09-15,27.36,78.64
2018-09-16,26.86,80.64
2018-09-17,27.4,78.53
2018-09-18,26.69,83.19
2018-09-19,27.09,80.35
2018-09-20,27.56,79.56
2018-09-21,26.87,82.93
2018-09-22,26.83,83.5
2018-09-23,27.72,80.41
2018-09-24,27.52,81.14
2018-09-25,27.52,84.16
2018-09-26,27.59,81.99
2018-09-27,27.85,81.56
2018-09-28,27.56,81.39
2018-09-29,27.97,79.23
2018-09-30,28.1,81.79
2018-10-01,27.97,79.52
2018-10-02,28.35,77.02
2018-10-03,28.19,78.99
2018-10-04,28.07,82.25
2018-10-05,28.01,82.99
2018-10-06,27,84.09
2018-10-07,26.87,82.99
2018-10-08,27.45,79.29
2018-10-09,27.46,78.56
2018-10-10,27.13,80.64
2018-10-11,26.79,83.64
2018-10-12,27.38,78.51
2018-10-13,26.36,84.38
2018-10-14,26.8,80.78
2018-10-15,27.72,76.58
2018-10-16,27.71,78.11
2018-10-17,27.99,76.51
2018-10-18,26.42,82.85
2018-10-19,27.6,78.52
2018-10-20,27.89,80.86
2018-10-21,27.66,81.7
2018-10-22,27.86,81.05
2018-10-23,27.93,74.33
2018-10-24,27.94,77.05
2018-10-25,27.84,78.79
2018-10-26,27.95,80.36
2018-10-27,27.54,82.34
2018-10-28,27.91,79.92
2018-10-29,27.95,83
2018-10-30,27.4,83.86
2018-10-31,27.13,84.82
2018-11-01,27.04,86.45
2018-11-02,27.05,83.82
2018-11-03,27.36,81.52
2018-11-04,27.09,84.63
2018-11-05,26.96,83.44
2018-11-06,26.3,87.61
2018-11-07,27.58,78.72
2018-11-08,27.77,82.71
2018-11-09,28.01,79.26
2018-11-10,27.82,82.55
2018-11-11,27.08,84.92
2018-11-12,27.51,82.58
2018-11-13,26.98,79.44
2018-11-14,27.67,79.35
2018-11-15,27.42,82.56
2018-11-16,27.38,83.92
2018-11-17,27.35,85.21
2018-11-18,27.21,83.6
2018-11-19,26.99,81.79
2018-11-20,27.5,82.42
2018-11-21,27.19,83.02
2018-11-22,26.2,83.19
2018-11-23,26.5,82.25
2018-11-24,28.05,79.3
2018-11-25,27.28,82.6
2018-11-26,27.29,84.33
2018-11-27,27.2,83
2018-11-28,27.62,85.03
2018-11-29,27.44,86.27
2018-11-30,26.6,89.97
2018-12-01,26.54,88.74
2018-12-02,26.61,87.32
2018-12-03,27.03,87.99
2018-12-04,27.2,85.87
2018-12-05,27.15,86.06
2018-12-06,27.45,83.16
2018-12-07,26.8,86.01
2018-12-08,27.23,83.07
2018-12-09,27.77,82.36
2018-12-10,27.56,83.88
2018-12-11,27.11,85.91
2018-12-12,26.66,87.33
2018-12-13,26.32,87.29
2018-12-14,26.2,92.59
2018-12-15,27.19,81.85
2018-12-16,27.02,86.03
2018-12-17,27.81,81.11
2018-12-18,27.76,82.07
2018-12-19,27.93,80.69
2018-12-20,26.78,86.01
2018-12-21,26.64,87.59
2018-12-22,26.46,87.75
2018-12-23,27.12,80.93
2018-12-24,27.68,80.67
2018-12-25,27.21,86.28
2018-12-26,26.81,87.15
2018-12-27,26.28,88.68
2018-12-28,27.54,83.31
2018-12-29,26.87,86.86
2018-12-30,27.15,88.5
2018-12-31,26.7,89.29
2019-01-01,26.81,85.64
2019-01-02,27.45,84.91
2019-01-03,27.4,86.67
2019-01-04,27.12,85.13
2019-01-05,27.63,83.37
2019-01-06,27.05,87.39
2019-01-07,27.38,86.54
2019-01-08,26.95,87.56
2019-01-09,27.03,87.41
2019-01-10,27.14,85.23
2019-01-11,26.66,84.36
2019-01-12,26.97,84.44
2019-01-13,26.86,86.45
2019-01-14,26.53,88.22
2019-01-15,26.8,85.86
2019-01-16,26.65,88.32
2019-01-17,26.31,91.18
2019-01-18,25.92,89.06
2019-01-19,26.64,86.72
2019-01-20,26.82,86.23
2019-01-21,26.54,86.5
2019-01-22,26.35,87.08
2019-01-23,26.4,85.27
2019-01-24,26.17,82.32
2019-01-25,25.92,84.05
2019-01-26,26.22,85.57
2019-01-27,26.67,87.76
2019-01-28,26.25,90.03
2019-01-29,26.32,89.17
2019-01-30,26.19,88.36
2019-01-31,26.15,87.73
2019-02-01,26.78,86.23
2019-02-02,26.97,86.53
2019-02-03,27.1,86.85
2019-02-04,26.96,84.41
2019-02-05,26.5,83
2019-02-06,26.29,82.88
2019-02-07,26.66,83.71
2019-02-08,27.11,83.6
2019-02-09,27.15,84.5
2019-02-10,26.5,82.96
2019-02-11,26.06,80.08
2019-02-12,27.29,82.36
2019-02-13,26.81,87.43
2019-02-14,26.85,82.87
2019-02-15,26.62,81.89
2019-02-16,26.66,83.26
2019-02-17,27.1,83.71
2019-02-18,27.18,82.53
2019-02-19,27.05,84.44
2019-02-20,27.3,82.61
2019-02-21,27.2,83.35
2019-02-22,27.27,81.56
2019-02-23,26.77,79.76
2019-02-24,26.97,80.83
2019-02-25,27.5,82.65
2019-02-26,27.52,83.73
2019-02-27,27.09,82.56
2019-02-28,27.04,81.36
2019-03-01,26.84,80.15
2019-03-02,26.62,78.01
2019-03-03,26.87,79.54
2019-03-04,26.68,78.61
2019-03-05,27.73,79.04
2019-03-06,27.12,82.1
2019-03-07,27.67,81.43
2019-03-08,27.32,82.04
2019-03-09,27.8,80.58
2019-03-10,27.94,79.26
2019-03-11,27.93,77.44
2019-03-12,27.78,80.27
2019-03-13,27.33,83.91
2019-03-14,27.23,78.95
2019-03-15,27.06,77.07
2019-03-16,27.6,79.22
2019-03-17,27.15,76.32
2019-03-18,27.39,74.66
2019-03-19,27.88,76.34
2019-03-20,27.92,78.99
2019-03-21,27.99,80.64
2019-03-22,28.14,78.4
2019-03-23,28.33,78.32
2019-03-24,28.67,77.63
2019-03-25,27.88,81.75
2019-03-26,27.82,82.62
2019-03-27,28.48,79.31
2019-03-28,28.27,79.52
2019-03-29,29.08,75.76
2019-03-30,28.53,77.79
2019-03-31,28.52,77.7
2019-04-01,27.13,80.4
2019-04-02,28.11,79.29
2019-04-03,28.02,79.07
2019-04-04,28,81.07
2019-04-05,27.54,77.39
2019-04-06,27.5,76.03
2019-04-07,28.41,74.63
2019-04-08,28.41,79.92
2019-04-09,28.49,79.08
2019-04-10,29.17,75.79
2019-04-11,28.65,78.8
2019-04-12,28.43,78.94
2019-04-13,28.29,80.88
2019-04-14,28.17,83.5
2019-04-15,28.98,76.92
2019-04-16,29.11,74.83
2019-04-17,28.91,75.87
2019-04-18,29.33,74.41
2019-04-19,29.64,77.28
2019-04-20,28.72,82.99
2019-04-21,29.31,77.52
2019-04-22,28.66,80.74
2019-04-23,29.14,79.87
2019-04-24,28.54,78.09
2019-04-25,29.66,77.13
2019-04-26,28.41,84.12
2019-04-27,27.67,81.15
2019-04-28,29.39,73.99
2019-04-29,28.93,82.17
2019-04-30,29.58,76.48
2019-05-01,29.2,77.6
2019-05-02,29.67,75.07
2019-05-03,29.56,76.92
2019-05-04,29.17,77.94
2019-05-05,28.09,84.42
2019-05-06,28.49,76.23
2019-05-07,29.31,78.02
2019-05-08,28.47,83.43
2019-05-09,28.6,81.41
2019-05-10,28.85,78.77
2019-05-11,29.45,74.24
2019-05-12,29.27,75.11
2019-05-13,28.69,81.21
2019-05-14,28.33,83.88
2019-05-15,28.85,79.69
2019-05-16,28.37,77.36
2019-05-17,27.7,83.64
2019-05-18,28.27,78.94
2019-05-19,27.74,85.51
2019-05-20,28.17,83.51
2019-05-21,27.78,85.59
2019-05-22,27.88,85.55
2019-05-23,28.21,84.28
2019-05-24,28.7,80.78
2019-05-25,28.27,85.14
2019-05-26,28.28,85.59
2019-05-27,28.5,83.98
2019-05-28,28.56,83.11
2019-05-29,28.6,81.2
2019-05-30,28.39,79.34
2019-05-31,28.57,78.5
2019-06-01,28.13,81.74
2019-06-02,28.09,80.98
2019-06-03,27.84,81.97
2019-06-04,28.72,78.31
2019-06-05,28.53,82.01
2019-06-06,27.52,84.09
2019-06-07,27.11,83.23
2019-06-08,27.63,84.62
2019-06-09,28.18,83.55
2019-06-10,28.47,83.39
2019-06-11,28.44,85
2019-06-12,27.65,87.89
2019-06-13,27.54,86.08
2019-06-14,28.29,83.29
2019-06-15,27.75,84.66
2019-06-16,27.88,86.85
2019-06-17,27.83,87.47
2019-06-18,27.81,82.19
2019-06-19,27.52,86.64
2019-06-20,27.83,85.95
2019-06-21,28.05,83.98
2019-06-22,27.19,87.27
2019-06-23,27.64,84.88
2019-06-24,27.78,87.21
2019-06-25,28.06,84.34
2019-06-26,27.57,84.75
2019-06-27,28,83.55
2019-06-28,27.91,86.57
2019-06-29,27.75,87.49
2019-06-30,27.86,85.56
2019-07-01,27.85,83.81
2019-07-02,27.84,86.3
2019-07-03,27.73,85.5
2019-07-04,27.7,85.61
2019-07-05,27.8,84.35
2019-07-06,27.9,83.14
2019-07-07,27.95,82.66
2019-07-08,27.57,86.72
2019-07-09,26.54,79.57
2019-07-10,27.5,82.72
2019-07-11,27.73,81.04
2019-07-12,27.92,81.95
2019-07-13,27.65,84.1
2019-07-14,27.86,82.37
2019-07-15,27.17,84.81
2019-07-16,27.39,82.3
2019-07-17,27.65,80.44
2019-07-18,27.6,78.86
2019-07-19,27.5,80.97
2019-07-20,27.66,82.68
2019-07-21,27.94,81.07
2019-07-22,27.41,83.02
2019-07-23,27.41,81.6
2019-07-24,27.51,82.63
2019-07-25,27.52,79.02
2019-07-26,27.6,80.14
2019-07-27,27.47,82.99
2019-07-28,27.35,84.23
2019-07-29,27.77,82.39
2019-07-30,27.52,83.18
2019-07-31,27.4,78.66
2019-08-01,27.54,77.78
2019-08-02,27.76,79.65
2019-08-03,27.73,81.44
2019-08-04,27.52,82.73
2019-08-05,27.49,82.44
2019-08-06,27.49,82.37
2019-08-07,27.42,81.29
2019-08-08,27.65,80.24
2019-08-09,27.91,82.68
2019-08-10,27.61,83.97
2019-08-11,27.91,83.08
2019-08-12,27.87,82.83
2019-08-13,27.96,83.22
2019-08-14,27.53,83.83
2019-08-15,27.76,81.74
2019-08-16,27.86,81.24
2019-08-17,27.37,85.76
2019-08-18,27.65,79.67
2019-08-19,27.91,78.68
2019-08-20,27.79,81.09
2019-08-21,27.94,78.91
2019-08-22,27.78,81.41
2019-08-23,27.65,79.91
2019-08-24,27.94,79.13
2019-08-25,27.76,80.61
2019-08-26,27.74,80.7
2019-08-27,27.3,83.39
2019-08-28,26.79,85.41
2019-08-29,27.81,81.47
2019-08-30,27.33,79.23
2019-08-31,27.49,74.93
2019-09-01,28.09,78.4
2019-09-02,27.71,84.67
2019-09-03,27.65,84.33
2019-09-04,27.57,81.75
2019-09-05,27.76,80.23
2019-09-06,27.87,80.79
2019-09-07,27.95,78.49
2019-09-08,27.82,77.64
2019-09-09,27.88,78.91
2019-09-10,27.4,81.79
2019-09-11,27.92,77.94
2019-09-12,27.62,77.3
2019-09-13,27.91,79.67
2019-09-14,27.42,81.04
2019-09-15,27.47,77.94
2019-09-16,27.72,77.48
2019-09-17,28.04,78.46
2019-09-18,27.68,80.93
2019-09-19,27.87,79
2019-09-20,27.71,75.86
2019-09-21,27.67,73.55
2019-09-22,28.24,77.27
2019-09-23,27.53,82.99
2019-09-24,27.91,82.53
2019-09-25,27.17,82.12
2019-09-26,28.02,74.64
2019-09-27,28.61,75.18
2019-09-28,28.37,75.68
2019-09-29,28.39,74.92
2019-09-30,27.17,81.11
2019-10-01,27.26,81.06
2019-10-02,26.64,82.39
2019-10-03,27.51,74.08
2019-10-04,27.38,79.49
2019-10-05,27.49,79.4
2019-10-06,27.61,80.1
2019-10-07,27.13,81.08
2019-10-08,28.02,74.92
2019-10-09,28.22,74.96
2019-10-10,28.44,74
2019-10-11,28.6,73.18
2019-10-12,28.56,74.67
2019-10-13,28.4,77.4
2019-10-14,27.95,78.06
2019-10-15,27.97,77.11
2019-10-16,28.5,76.6
2019-10-17,28.31,77.75
2019-10-18,28.38,76.82
2019-10-19,28.32,76.72
2019-10-20,28.21,79.41
2019-10-21,28.14,80.54
2019-10-22,27.28,80.38
2019-10-23,28.05,76.7
2019-10-24,28.38,76.74
2019-10-25,28.4,75.64
2019-10-26,26.8,84.24
2019-10-27,27.35,81.97
2019-10-28,27.67,79.45
2019-10-29,28.36,77.1
2019-10-30,28.27,76.96
2019-10-31,27.73,80.03
2019-11-01,27.89,75.07
2019-11-02,28.38,75.3
2019-11-03,27.69,77.62
2019-11-04,27.87,76.96
2019-11-05,27.96,79.28
2019-11-06,28.21,80.07
2019-11-07,28.43,79.16
2019-11-08,27.53,78.04
2019-11-09,28.7,69.43
2019-11-10,28.45,73.5
2019-11-11,27.66,80.43
2019-11-12,28.01,79.71
2019-11-13,27.88,83.03
2019-11-14,26.96,84.58
2019-11-15,27.04,81.84
2019-11-16,27.64,80.57
2019-11-17,28.18,77.09
2019-11-18,27.75,80.01
2019-11-19,27.6,81.92
2019-11-20,26.47,87.73
2019-11-21,26.47,88.98
2019-11-22,26.82,85.08
2019-11-23,26.83,85.43
2019-11-24,27.28,82.4
2019-11-25,27.24,85.14
2019-11-26,27.51,84.69
2019-11-27,27.44,85.86
2019-11-28,27.49,85.62
2019-11-29,27.18,89.61
2019-11-30,27.47,87.11
2019-12-01,27.32,87.58
2019-12-02,26.33,90.77
2019-12-03,26.52,84.86
2019-12-04,26.85,83.63
2019-12-05,26.65,86.2
2019-12-06,26.92,83.69
2019-12-07,26.24,87.39
2019-12-08,26.81,87.88
2019-12-09,25.89,90.91
2019-12-10,26.02,90.46
2019-12-11,25.66,91.31
2019-12-12,26.22,87.66
2019-12-13,26.25,88.53
2019-12-14,25.51,93
2019-12-15,25.64,91.62
2019-12-16,25.69,88.59
2019-12-17,25.95,87.74
2019-12-18,26.5,88.19
2019-12-19,26.06,91.05
2019-12-20,26.29,89.77
2019-12-21,26.55,88.94
2019-12-22,26.12,90.4
2019-12-23,26.55,88.24
2019-12-24,26.6,88.33
2019-12-25,26.22,86.81
2019-12-26,26.18,86.27
2019-12-27,26.32,85.74
2019-12-28,26.44,86.51
2019-12-29,26.59,86.22
2019-12-30,26.71,86.4
2019-12-31,26.39,88.03
2020-01-01,26.65,86.39
2020-01-02,26.2,89.9
2020-01-03,26.59,87.85
2020-01-04,26.14,87.89
2020-01-05,26.31,87.7
2020-01-06,26.33,87.73
2020-01-07,26.24,89.52
2020-01-08,26.68,88.32
2020-01-09,26.57,88.09
2020-01-10,26.25,87.87
2020-01-11,26.43,85.9
2020-01-12,26.09,87.76
2020-01-13,26.2,85.94
2020-01-14,26.73,86.36
2020-01-15,26.7,86.35
2020-01-16,26.52,87.07
2020-01-17,26.77,85.67
2020-01-18,27.07,87.21
2020-01-19,27.26,87.58
2020-01-20,26.86,88.12
2020-01-21,26.66,87.47
2020-01-22,26.92,86.6
2020-01-23,26.93,86.12
2020-01-24,26.06,82.98
2020-01-25,26.7,81.17
2020-01-26,27.27,83.12
2020-01-27,27.33,85.05
2020-01-28,27.67,84.81
2020-01-29,26.57,87.51
2020-01-30,27.05,83.34
2020-01-31,26.94,83.98
2020-02-01,26.95,86.31
2020-02-02,26.53,84.26
2020-02-03,26.22,83.05
2020-02-04,26.4,83.3
2020-02-05,26.8,83.1
2020-02-06,26.91,83.49
2020-02-07,26.34,81.55
2020-02-08,26.69,82.94
2020-02-09,26.86,87.02
2020-02-10,26.51,87.25
2020-02-11,26.72,88.43
2020-02-12,27.08,87.34
2020-02-13,26.94,85.7
2020-02-14,27.09,83.84
2020-02-15,27.23,82.13
2020-02-16,27.2,81.59
2020-02-17,27.26,82.23
2020-02-18,26.32,87.62
2020-02-19,26.95,85.18
2020-02-20,26.83,86.1
2020-02-21,26.87,86.03
2020-02-22,26.7,84.28
2020-02-23,26.79,84.04
2020-02-24,26.74,86.05
2020-02-25,27,84.56
2020-02-26,27.27,84.12
2020-02-27,27.21,84.33
2020-02-28,26.89,83.66
2020-02-29,26.56,81.99
2020-03-01,26.77,81.5
2020-03-02,27.32,83.68
2020-03-03,27.47,83.76
2020-03-04,27.71,82.31
2020-03-05,27.16,84.95
2020-03-06,27.08,85.52
2020-03-07,27.39,84.73
2020-03-08,27.54,82.16
2020-03-09,28.09,82.04
2020-03-10,28.33,82.37
2020-03-11,27.89,83.21
2020-03-12,27.7,82.84
2020-03-13,28.23,81.5
2020-03-14,27.7,85.01
2020-03-15,28.11,83.22
2020-03-16,27.36,82.4
2020-03-17,27.61,79.62
2020-03-18,27.45,80.17
2020-03-19,26.9,79.53
2020-03-20,27.62,79.08
2020-03-21,27.38,83.78
2020-03-22,27.77,84.28
2020-03-23,27.07,85.62
2020-03-24,27.56,83.72
2020-03-25,27.94,81.26
2020-03-26,27.9,83.81
2020-03-27,27.9,84.29
2020-03-28,27.88,82.42
2020-03-29,27.8,78.69
2020-03-30,27.88,78.03
2020-03-31,28.02,78.92
2020-04-01,28.78,78.68
2020-04-02,28.59,80.57
2020-04-03,28.24,83.16
2020-04-04,28.02,84.19
2020-04-05,28.44,82.29
2020-04-06,28.06,81.96
2020-04-07,27.98,79.89
2020-04-08,28.55,79.29
2020-04-09,27.82,82.37
2020-04-10,28.45,77.32
2020-04-11,28.21,80.07
2020-04-12,28.29,83.62
2020-04-13,27.63,86.44
2020-04-14,27.5,81.3
2020-04-15,28.15,78.69
2020-04-16,28.1,77.64
2020-04-17,28.77,76.38
2020-04-18,28.41,79.21
2020-04-19,28.29,80.3
2020-04-20,28.73,79.97
2020-04-21,28.42,82.44
2020-04-22,28.61,80.52
2020-04-23,28.54,79.48
2020-04-24,28.07,81.52
2020-04-25,27.44,82.66
2020-04-26,27.74,82.69
2020-04-27,27.56,82.55
2020-04-28,27.4,84.08
2020-04-29,28.08,82.68
2020-04-30,27.66,86.24
2020-05-01,27.49,86.51
2020-05-02,27.33,86.43
2020-05-03,27.83,83.21
2020-05-04,28.59,79.54
2020-05-05,29.15,77.12
2020-05-06,28.81,81.68
2020-05-07,28.52,84.67
2020-05-08,28.34,86.76
2020-05-09,28.4,84.35
2020-05-10,28.36,87.15
2020-05-11,28.48,86.67
2020-05-12,28.26,87.44
2020-05-13,27.76,83.61
2020-05-14,28.71,80.44
2020-05-15,29.06,80.09
2020-05-16,29.09,81.89
2020-05-17,28.97,82.35
2020-05-18,28.79,81.16
2020-05-19,28.66,85.49
2020-05-20,28.53,83.92
2020-05-21,29.9,75.21
2020-05-22,29.06,79.33
2020-05-23,28.16,83.38
2020-05-24,28.81,80.33
2020-05-25,28.76,82.25
2020-05-26,29.22,77.06
2020-05-27,28.41,80.27
2020-05-28,28.37,83.23
2020-05-29,28.47,82.36
2020-05-30,28.34,81.96
2020-05-31,28.89,79.48
2020-06-01,27.57,85.14
2020-06-02,28.03,82.73
2020-06-03,28.38,83.48
2020-06-04,27.52,86.64
2020-06-05,27.07,85.43
2020-06-06,27.62,81.76
2020-06-07,28.66,78.89
2020-06-08,28.32,80.87
2020-06-09,28.43,83.25
2020-06-10,28.35,83.5
2020-06-11,27.88,85.89
2020-06-12,28.39,81.13
2020-06-13,27,89.41
2020-06-14,28.02,85.59
2020-06-15,28.13,86.41
2020-06-16,27.5,84.41
2020-06-17,27.97,79.5
2020-06-18,27.85,81.78
2020-06-19,27.37,86.29
2020-06-20,26.97,88.47
2020-06-21,26.76,91.46
2020-06-22,26.66,90.75
2020-06-23,26.34,88.85
2020-06-24,26.17,86.52
2020-06-25,27.72,83.05
2020-06-26,27.37,85.41
2020-06-27,27.19,86.01
2020-06-28,27.6,86.16
2020-06-29,27.49,85.29
2020-06-30,27.61,85.13
2020-07-01,27.32,85.95
2020-07-02,27.54,83.9
2020-07-03,27.61,84.67
2020-07-04,27.52,84.48
2020-07-05,27.45,83.14
2020-07-06,27.43,84.73
2020-07-07,27.03,85.29
2020-07-08,26.86,83.09
2020-07-09,25.93,86.72
2020-07-10,27.23,80.66
2020-07-11,26.55,88.33
2020-07-12,26.97,87.03
2020-07-13,26.19,86.44
2020-07-14,26.21,87.49
2020-07-15,27.42,83.21
2020-07-16,27.44,84.53
2020-07-17,27.85,79.76
2020-07-18,26.97,85.07
2020-07-19,27.58,81.79
2020-07-20,27.57,83.99
2020-07-21,27.69,82.05
2020-07-22,26.9,83
2020-07-23,26.93,84.6
2020-07-24,26.69,84.92
2020-07-25,26.95,86.53
2020-07-26,27.11,86.82
2020-07-27,26.89,87.16
2020-07-28,26.83,87.42
2020-07-29,26.18,86.77
2020-07-30,27.45,83.23
2020-07-31,27.35,84.95
2020-08-01,27.2,86.09
2020-08-02,27.18,84.89
2020-08-03,27.31,86.35
2020-08-04,27.34,85.02
2020-08-05,27.08,88.82
2020-08-06,27.84,84.79
2020-08-07,27.91,86.94
2020-08-08,27.86,87.3
2020-08-09,27.91,88.88
2020-08-10,27.6,88.19
2020-08-11,27.59,86.55
2020-08-12,27.33,87.28
2020-08-13,27.48,84.9
2020-08-14,27.49,79.21
2020-08-15,27.53,82.96
2020-08-16,26.89,85.49
2020-08-17,27.03,84.04
2020-08-18,26.97,85.33
2020-08-19,27.27,84.94
2020-08-20,27.36,85.99
2020-08-21,27.43,83.72
2020-08-22,27.13,84.94
2020-08-23,26.22,86.55
2020-08-24,27.28,83.64
2020-08-25,27.05,85.36
2020-08-26,26.87,85.43
2020-08-27,26.71,86.79
2020-08-28,27.47,82.75
2020-08-29,26.66,88.4
2020-08-30,27.34,86.21
2020-08-31,27.51,85.12
2020-09-01,27.3,87.79
2020-09-02,27.07,85.22
2020-09-03,26.92,85.69
2020-09-04,26.81,85.59
2020-09-05,26.15,89.23
2020-09-06,27.17,84.09
2020-09-07,27.19,84.29
2020-09-08,27.15,85.34
2020-09-09,27.18,85.84
2020-09-10,26.95,84.86
2020-09-11,26.34,85.63
2020-09-12,26.66,84.52
2020-09-13,26.03,85.82
2020-09-14,26.28,84.89
2020-09-15,27.02,85.42
2020-09-16,26.53,83.7
2020-09-17,27.46,83.04
2020-09-18,27.13,85.89
2020-09-19,27.53,86.57
2020-09-20,26.87,87.69
2020-09-21,26.86,81.8
2020-09-22,27.28,84.17
2020-09-23,28.06,81.55
2020-09-24,27.18,84.62
2020-09-25,27.11,81.11
2020-09-26,26.17,85.17
2020-09-27,26.36,85.08
2020-09-28,27.03,85.29
2020-09-29,27.04,87.94
2020-09-30,27.16,86.28
2020-10-01,27.09,85.42
2020-10-02,26.69,86.53
2020-10-03,27.07,84.88
2020-10-04,27.33,81.65
2020-10-05,27.86,79.57
2020-10-06,28.04,81.13
2020-10-07,26.96,86.89
2020-10-08,26.78,86.82
2020-10-09,26.83,86.25
2020-10-10,26.64,87.3
2020-10-11,26.7,88.04
2020-10-12,26.71,87.46
2020-10-13,27.16,84.5
2020-10-14,27.37,85.01
2020-10-15,27.05,89.02
2020-10-16,27.37,85.3
2020-10-17,27.81,86.09
2020-10-18,27.1,84.4
2020-10-19,27.73,83.03
2020-10-20,28.3,76.88
2020-10-21,27.93,81.89
2020-10-22,26.46,86.99
2020-10-23,27.48,80.98
2020-10-24,27.35,83.61
2020-10-25,26.72,85.93
2020-10-26,26.45,85.01
2020-10-27,27.91,81.6
2020-10-28,27.38,86.08
2020-10-29,27.31,86.15
2020-10-30,28.08,80.62
2020-10-31,27.61,82.49
2020-11-01,26.64,84.87
2020-11-02,26.76,87.08
2020-11-03,27.4,83.05
2020-11-04,25.98,88.64
2020-11-05,27.78,79.47
2020-11-06,27.53,83.52
2020-11-07,26.93,87.56
2020-11-08,27.07,84.05
2020-11-09,26.33,87.68
2020-11-10,26.63,85.13
2020-11-11,27.36,85.55
2020-11-12,27.6,85.34
2020-11-13,27.65,85.89
2020-11-14,27.16,87.65
2020-11-15,27,86.76
2020-11-16,26.95,88.48
2020-11-17,26.21,87.28
2020-11-18,28.21,79.89
2020-11-19,27.35,84.75
2020-11-20,27.47,83.68
2020-11-21,26.36,88.66
2020-11-22,26.66,87.01
2020-11-23,26.02,88.37
2020-11-24,26.04,88.14
2020-11-25,26.08,88.57
2020-11-26,26.59,87.76
2020-11-27,26.21,90.96
2020-11-28,26.33,85.42
2020-11-29,26.93,84.4
2020-11-30,26.99,84.66
2020-12-01,27.53,83.55
2020-12-02,27.25,85.42
2020-12-03,26.57,89.06
2020-12-04,26.07,92.3
2020-12-05,25.88,92.13
2020-12-06,26.65,88.25
2020-12-07,26.85,88.99
2020-12-08,26.37,90.74
2020-12-09,26.17,90.08
2020-12-10,26.68,88.21
2020-12-11,26.47,86.25
2020-12-12,25.55,90.1
2020-12-13,26.37,86.41
2020-12-14,26.31,88.87
2020-12-15,26.4,88.87
2020-12-16,26.01,88.62
2020-12-17,25.75,91.11
2020-12-18,25.8,89.58
2020-12-19,25.77,89.07
2020-12-20,26.04,89.86
2020-12-21,26.23,87.44
2020-12-22,26.66,86.39
2020-12-23,27.07,85.46
2020-12-24,26.94,83.53
2020-12-25,27.26,83.74
2020-12-26,26.72,87.15
2020-12-27,26.43,88.65
2020-12-28,26.55,87.99
2020-12-29,26.4,87.65
2020-12-30,26.03,88.65
2020-12-31,26.11,89.99
2021-01-01,25.57,92.48
2021-01-02,25.48,92.6
2021-01-03,25.45,93.66
2021-01-04,25.91,90.71
2021-01-05,26.17,92.23
2021-01-06,26.01,91.24
2021-01-07,25.6,91.67
2021-01-08,25.65,92.37
2021-01-09,25.78,92.63
2021-01-10,25.21,94.39
2021-01-11,25.34,93.22
2021-01-12,25.15,90.65
2021-01-13,24.73,91.35
2021-01-14,25.08,90.31
2021-01-15,25.67,87.49
2021-01-16,26.28,86.24
2021-01-17,25.6,87.8
2021-01-18,24.28,88.5
2021-01-19,24.84,88.31
2021-01-20,25.11,89.71
2021-01-21,25.41,88.76
2021-01-22,25.98,87.07
2021-01-23,25.33,89.49
2021-01-24,25.81,88.4
2021-01-25,25.91,87.48
2021-01-26,25.69,87.28
2021-01-27,26.06,88.33
2021-01-28,25.5,89.77
2021-01-29,25.74,87.66
2021-01-30,25.21,89.32
2021-01-31,25.92,88.61
2021-02-01,25.71,90.36
2021-02-02,25.64,88.59
2021-02-03,24.99,88.73
2021-02-04,25.2,87.29
2021-02-05,26.04,88.17
2021-02-06,25.94,87.9
2021-02-07,26.27,87.64
2021-02-08,26.09,87.51
2021-02-09,26.32,86.64
2021-02-10,26.38,86.23
2021-02-11,26.44,87.24
2021-02-12,26.22,87.23
2021-02-13,26.2,85.7
2021-02-14,25.53,85.64
2021-02-15,25.1,84.47
2021-02-16,24.76,83.8
2021-02-17,24.4,83.72
2021-02-18,25.09,84.29
2021-02-19,25.42,84.96
2021-02-20,25.55,86.5
2021-02-21,25.16,87.63
2021-02-22,25.1,85.32
2021-02-23,25.58,83.39
2021-02-24,25.67,85.04
2021-02-25,26.31,86.09
2021-02-26,27.22,82.93
2021-02-27,27.51,80.22
2021-02-28,26.98,82.18
2021-03-01,26.75,83.89
2021-03-02,26.25,84.38
2021-03-03,26.64,83.72
2021-03-04,26.26,87.89
2021-03-05,26.87,86.64
2021-03-06,26.79,86.52
2021-03-07,26.47,84.12
2021-03-08,25.96,84.71
2021-03-09,26.01,84.59
2021-03-10,26.54,83.96
2021-03-11,26.4,85.3
2021-03-12,26.26,86.28
2021-03-13,26.11,87.58
2021-03-14,26.17,88.38
2021-03-15,26.21,88.7
2021-03-16,26.49,87.94
2021-03-17,26.55,86.64
2021-03-18,26.67,86.55
2021-03-19,27.17,83.06
2021-03-20,27.24,83.26
2021-03-21,27.28,84.1
2021-03-22,27.16,85.6
2021-03-23,26.21,90.73
2021-03-24,26.18,90.66
2021-03-25,26.04,88.49
2021-03-26,27.23,84.22
2021-03-27,26.94,84.78
2021-03-28,27.88,81.25
2021-03-29,27.93,79
2021-03-30,28.55,80.15
2021-03-31,27.76,84.47
2021-04-01,27.58,85.08
2021-04-02,27.5,85.45
2021-04-03,27.18,84.41
2021-04-04,27.33,84.18
2021-04-05,27.19,86.3
2021-04-06,27.39,84.89
2021-04-07,27.52,83.28
2021-04-08,27.03,85.98
2021-04-09,27.26,84.93
2021-04-10,27.76,81.83
2021-04-11,27.53,83.73
2021-04-12,27.73,79.09
2021-04-13,27.82,80.15
2021-04-14,28.22,75.3
2021-04-15,28.22,77.01
2021-04-16,27.97,79.4
2021-04-17,27.18,83.55
2021-04-18,28.01,76.46
2021-04-19,28.56,74.38
2021-04-20,28.29,77.46
2021-04-21,28.12,81.28
2021-04-22,27.45,84.72
2021-04-23,27.54,80.38
2021-04-24,27.3,83.21
2021-04-25,27.87,82.13
2021-04-26,27.92,82
2021-04-27,28.53,77.07
2021-04-28,28.42,78.36
2021-04-29,28.34,78.78
2021-04-30,28.09,78.96
2021-05-01,28.17,80.51
2021-05-02,28.02,82.97
2021-05-03,27.73,84.77
2021-05-04,27.4,85.43
2021-05-05,27.25,85.01
2021-05-06,28.32,78.52
2021-05-07,27.61,84.43
2021-05-08,28.15,80.73
2021-05-09,28.44,81.35
2021-05-10,28.84,81.86
2021-05-11,28.28,85.68
2021-05-12,28.41,83.96
2021-05-13,28.57,83.08
2021-05-14,28.37,85.22
2021-05-15,27.97,85.66
2021-05-16,28.93,80.85
2021-05-17,28.06,85.72
2021-05-18,27.19,85.27
2021-05-19,28.3,75.68
2021-05-20,28.89,78.33
2021-05-21,28.06,85.47
2021-05-22,27.2,84
2021-05-23,28.29,81.19
2021-05-24,28.25,84.6
2021-05-25,28.01,85.38
2021-05-26,28.23,84.47
2021-05-27,28.64,79.83
2021-05-28,28.6,79.94
2021-05-29,27.94,84.8
2021-05-30,28.18,83.21
2021-05-31,27.78,86.04
2021-06-01,28.07,84.86
2021-06-02,28.14,87.01
2021-06-03,28.33,85.93
2021-06-04,28.37,85.06
2021-06-05,27.71,83.08
2021-06-06,28.15,83.1
2021-06-07,27.86,85.76
2021-06-08,27.65,82.69
2021-06-09,27.69,83.34
2021-06-10,27.4,83.2
2021-06-11,27.7,80.66
2021-06-12,27.78,85.53
2021-06-13,27.43,86.92
2021-06-14,27.79,84.16
2021-06-15,27.77,83.12
2021-06-16,27.49,82.86
2021-06-17,27.29,86.4
2021-06-18,27.33,81.14
2021-06-19,27.73,76.47
2021-06-20,27.56,80.97
2021-06-21,27.31,83.9
2021-06-22,27.1,84.58
2021-06-23,27.31,80.43
2021-06-24,27.76,80.75
2021-06-25,27.37,83.66
2021-06-26,27.16,85.24
2021-06-27,26.87,86.4
2021-06-28,27.18,82.39
2021-06-29,26.74,85.01
2021-06-30,26.94,85.19
2021-07-01,27.06,86.54
2021-07-02,27.74,80.67
2021-07-03,27.17,85.07
2021-07-04,26.94,87.37
2021-07-05,26.66,89.23
2021-07-06,27.08,85.53
2021-07-07,27.19,86.34
2021-07-08,27.12,86.96
2021-07-09,27.49,86.53
2021-07-10,26.43,88.31
2021-07-11,26.39,89.48
2021-07-12,26.45,85.31
2021-07-13,25.54,86.69
2021-07-14,26.44,84.3
2021-07-15,27.24,84.39
2021-07-16,27.51,85.1
2021-07-17,27.56,84.68
2021-07-18,27.66,83.67
2021-07-19,27.72,85.29
2021-07-20,27.25,86.56
2021-07-21,27.46,87.65
2021-07-22,27.39,87.53
2021-07-23,27.92,85.65
2021-07-24,27.24,88.2
2021-07-25,27.72,85.54
2021-07-26,27.37,85.89
2021-07-27,27.24,85.69
2021-07-28,27.24,85.16
2021-07-29,27.03,86.27
2021-07-30,27.5,84.77
2021-07-31,27.24,86.29
2021-08-01,26.35,88.12
2021-08-02,26.81,88.06
2021-08-03,27.4,85.6
2021-08-04,27.16,87.3
2021-08-05,26.73,89.44
2021-08-06,27.11,88.78
2021-08-07,27.49,88.22
2021-08-08,27.38,86.48
2021-08-09,27.62,84.22
2021-08-10,27.6,86.26
2021-08-11,27.62,84.22
2021-08-12,27.43,83.45
2021-08-13,27.18,86.03
2021-08-14,26.84,86.44
2021-08-15,27.23,82.83
2021-08-16,27.23,81.97
2021-08-17,26.94,81.71
2021-08-18,26.03,86.39
2021-08-19,26.22,83.6
2021-08-20,25.93,86.98
2021-08-21,26.18,87.21
2021-08-22,26.14,87.12
2021-08-23,26.66,85.19
2021-08-24,26.19,88.13
2021-08-25,26.11,88.36
2021-08-26,26.63,87.18
2021-08-27,26.58,87.59
2021-08-28,27.24,85.37
2021-08-29,26.53,87.44
2021-08-30,26.45,87.38
2021-08-31,26.86,86.44
2021-09-01,26.59,85.94
2021-09-02,26.07,88.51
2021-09-03,26.83,84.86
2021-09-04,26.95,84.31
2021-09-05,27.08,81.35
2021-09-06,26.99,84.52
2021-09-07,26.99,84.93
2021-09-08,26.71,85.53
2021-09-09,27.33,83.05
2021-09-10,26.75,86.79
2021-09-11,27.23,85.49
2021-09-12,27.45,87.48
2021-09-13,25.67,85.47
2021-09-14,26.48,82.99
2021-09-15,27.12,85.88
2021-09-16,27.37,85.2
2021-09-17,27.65,83.16
2021-09-18,27.55,82.5
2021-09-19,26.98,87.49
2021-09-20,27.15,83.35
2021-09-21,27.77,84.89
2021-09-22,27.91,83.47
2021-09-23,27.21,85.68
2021-09-24,27.84,83.43
2021-09-25,28.52,79.03
2021-09-26,27.37,86.57
2021-09-27,27.52,80.18
2021-09-28,28.01,80.23
2021-09-29,27.91,82.96
2021-09-30,26.23,86.99
2021-10-01,26.33,86.11
2021-10-02,26.46,82.64
2021-10-03,27.94,74.5
2021-10-04,28.22,79.47
2021-10-05,26.85,84.9
2021-10-06,27.74,85.15
2021-10-07,27.18,84.64
2021-10-08,27.51,87.09
2021-10-09,27.58,86.13
2021-10-10,27.46,85.19
2021-10-11,27.83,77.47
2021-10-12,27.87,83.89
2021-10-13,27.89,86.55
2021-10-14,27.39,86.7
2021-10-15,27.79,85.17
2021-10-16,27.43,85.58
2021-10-17,27.72,81.86
2021-10-18,26.89,84.27
2021-10-19,27.1,85.02
2021-10-20,26.62,83.76
2021-10-21,26.74,82.9
2021-10-22,27.52,80.14
2021-10-23,28.09,79.6
2021-10-24,28.2,78.42
2021-10-25,27.93,82.64
2021-10-26,28.52,81.64
2021-10-27,27.42,80.53
2021-10-28,27.63,83.25
2021-10-29,27.74,82.76
2021-10-30,27.84,82.83
2021-10-31,27.83,82.12
2021-11-01,26.99,85.46
2021-11-02,26.17,89.41
2021-11-03,26.52,86.29
2021-11-04,27.33,82.37
2021-11-05,27.85,82.45
2021-11-06,28.45,79.56
2021-11-07,27.1,84.93
2021-11-08,28.35,78.09
2021-11-09,27.51,87.55
2021-11-10,26.26,89.98
2021-11-11,26.59,86.3
2021-11-12,27.25,85.47
2021-11-13,27.4,86.02
2021-11-14,28.02,82.62
2021-11-15,27.8,79.99
2021-11-16,28.14,80.16
2021-11-17,27.8,81.64
2021-11-18,27.11,81.63
2021-11-19,27.54,85.72
2021-11-20,27.09,87.53
2021-11-21,27.81,80.54
2021-11-22,28.09,79.03
2021-11-23,27.83,81.28
2021-11-24,26.72,84.19
2021-11-25,27.23,81.33
2021-11-26,26.52,87.85
2021-11-27,26.67,84.2
2021-11-28,27.18,84.58
2021-11-29,27.01,83.84
2021-11-30,27.76,81.87
2021-12-01,28.1,79.74
2021-12-02,26.48,89.83
2021-12-03,26.08,90.81
2021-12-04,26.23,90.01
2021-12-05,25.75,90.99
2021-12-06,26.1,87.76
2021-12-07,26.52,89.01
2021-12-08,26.36,86.91
2021-12-09,26.9,86.69
2021-12-10,26.66,89.16
2021-12-11,26.26,91.66
2021-12-12,26.17,92.19
2021-12-13,26.32,89.4
2021-12-14,26.6,88.46
2021-12-15,26.43,90.71
2021-12-16,27.2,88.83
2021-12-17,26.52,89.78
2021-12-18,26.86,82.58
2021-12-19,26.19,88.36
2021-12-20,26.13,86.87
2021-12-21,26.87,85.93
2021-12-22,27.31,83.91
2021-12-23,27.27,83
2021-12-24,27.03,87.51
2021-12-25,26.64,89.5
2021-12-26,26.67,89.2
2021-12-27,26.61,87.21
2021-12-28,26.39,88.5
2021-12-29,26.7,87.94
2021-12-30,26.35,90.19
2021-12-31,25.73,92.7
2022-01-01,25.49,91.02
2022-01-02,25.92,89.55
2022-01-03,25.46,91.04
2022-01-04,26.45,89.62
2022-01-05,26.43,89.5
2022-01-06,26.38,90
2022-01-07,26.51,89.35
2022-01-08,26.13,91.49
2022-01-09,26.28,89.32
2022-01-10,25.92,87.47
2022-01-11,26.18,88.2
2022-01-12,25.65,88.22
2022-01-13,25.77,86.66
2022-01-14,25.26,87.57
2022-01-15,25.92,88.13
2022-01-16,26.24,89.46
2022-01-17,25.91,89.25
2022-01-18,25.99,88.51
2022-01-19,25.56,89.35
2022-01-20,25.61,87.7
2022-01-21,26.09,87.19
2022-01-22,26.36,84.62
2022-01-23,26.14,85.41
2022-01-24,26.69,83.33
2022-01-25,26.47,86.09
2022-01-26,26.12,85.34
2022-01-27,26.02,84.75
2022-01-28,26.42,83.92
2022-01-29,26.49,84.36
2022-01-30,26.59,86.27
2022-01-31,26.48,85.37
2022-02-01,26.3,86.12
2022-02-02,26.86,84.64
2022-02-03,26.8,87.05
2022-02-04,26.54,88.06
2022-02-05,26.46,88.56
2022-02-06,26.06,92.04
2022-02-07,24.99,90.22
2022-02-08,25.36,89.58
2022-02-09,25.6,89.24
2022-02-10,25.03,91.82
2022-02-11,24.92,90.39
2022-02-12,25.89,86.37
2022-02-13,27.11,83.99
2022-02-14,26.98,87.51
2022-02-15,26.35,89.02
2022-02-16,26.51,85.4
2022-02-17,27.24,82.22
2022-02-18,27.02,87.09
2022-02-19,26.42,88.04
2022-02-20,26.52,89.19
2022-02-21,26.65,86.42
2022-02-22,26.5,87.24
2022-02-23,26.01,91.46
2022-02-24,25.47,91.93
2022-02-25,26.14,88.93
2022-02-26,26.63,85.77
2022-02-27,26.4,90.66
2022-02-28,26.47,89.76
2022-03-01,26.61,86.98
2022-03-02,26.71,88.18
2022-03-03,26.33,89.86
2022-03-04,26.13,89.41
2022-03-05,25.93,89.6
2022-03-06,26.55,83.86
2022-03-07,26.63,87.92
2022-03-08,27.32,83.31
2022-03-09,26.94,88.4
2022-03-10,26.63,88.85
2022-03-11,27.09,85.15
2022-03-12,26.97,86.53
2022-03-13,28.17,83.72
2022-03-14,28.75,82.98
2022-03-15,27.39,86.95
2022-03-16,27.76,84.08
2022-03-17,27.79,85.34
2022-03-18,26.91,84.31
2022-03-19,27.8,81.24
2022-03-20,27.4,85.93
2022-03-21,27.81,81.85
2022-03-22,27.59,86.09
2022-03-23,28.18,82.66
2022-03-24,28.22,82.66
2022-03-25,27.69,84.96
2022-03-26,27.96,81.08
2022-03-27,28,81.92
2022-03-28,28.15,84.03
2022-03-29,27.67,84.46
2022-03-30,28.16,81.84
2022-03-31,27.53,84.33
2022-04-01,28.49,77.51
2022-04-02,28.14,79.55
2022-04-03,27.25,83.95
2022-04-04,27.4,83.03
2022-04-05,26.85,86.71
2022-04-06,27.08,86.17
2022-04-07,26.32,84.27
2022-04-08,27.43,83.85
2022-04-09,27.06,83.72
2022-04-10,27.63,83.19
2022-04-11,27.97,79.27
2022-04-12,28.99,74.77
2022-04-13,27.94,80.4
2022-04-14,28.35,81.44
2022-04-15,27.75,84.96
2022-04-16,28.09,81.46
2022-04-17,28.72,81.76
2022-04-18,27.73,83.75
2022-04-19,27.74,83.96
2022-04-20,28.37,80.01
2022-04-21,27.8,81.49
2022-04-22,28.04,84.87
2022-04-23,28.27,82.43
2022-04-24,28.67,80.26
2022-04-25,27.69,84.4
2022-04-26,28.31,78.65
2022-04-27,28.51,82.14
2022-04-28,29,82.08
2022-04-29,28.76,79.42
2022-04-30,28.41,82.57
2022-05-01,28.13,84.69
2022-05-02,27.49,87.35
2022-05-03,27.62,85.85
2022-05-04,27.66,86.38
2022-05-05,27.93,85.93
2022-05-06,28.15,88.34
2022-05-07,27.46,88.93
2022-05-08,27.73,86.74
2022-05-09,27.82,89.37
2022-05-10,28.37,87.04
2022-05-11,28.19,85.86
2022-05-12,28.35,82.24
2022-05-13,29.33,79.65
2022-05-14,28.7,89.67
2022-05-15,28.34,85.17
2022-05-16,27.4,86.71
2022-05-17,28.25,80.23
2022-05-18,28.25,84.98
2022-05-19,28.29,83.11
2022-05-20,28.78,78.81
2022-05-21,27.76,84.82
2022-05-22,27.93,85.38
2022-05-23,28.63,83.37
2022-05-24,28.77,84.08
2022-05-25,27.48,86.05
2022-05-26,28.3,78.26
2022-05-27,28.24,78.49
2022-05-28,27.91,81.82
2022-05-29,28.34,79.04
2022-05-30,29.06,75.42
2022-05-31,28.57,79.9
2022-06-01,28.52,80.33
2022-06-02,27.6,83.84
2022-06-03,27.44,81.74
2022-06-04,27.39,82.37
2022-06-05,27.44,83
2022-06-06,27.26,86.09
2022-06-07,27.79,81.72
2022-06-08,28.41,77.22
2022-06-09,27.47,80.52
2022-06-10,27.68,78.11
2022-06-11,27.7,84.06
2022-06-12,27.05,80.9
2022-06-13,28.98,77.17
2022-06-14,27.55,85.48
2022-06-15,27.23,84.53
2022-06-16,27.31,82.35
2022-06-17,27.4,80.02
2022-06-18,28.16,78.56
2022-06-19,28.48,79.29
2022-06-20,26.75,89.51
2022-06-21,27.12,87.66
2022-06-22,26.62,88.98
2022-06-23,26.58,88.09
2022-06-24,26.76,87.34
2022-06-25,26.94,87.05
2022-06-26,27.41,87.06
2022-06-27,28.16,80.04
2022-06-28,27.37,87.84
2022-06-29,27.11,86.77
2022-06-30,26.54,86.87
2022-07-01,27.4,85.28
2022-07-02,27.64,84.3
2022-07-03,27.58,85.79
2022-07-04,28.11,86.37
2022-07-05,27.52,85.91
2022-07-06,28.85,75.54
2022-07-07,27.95,85.27
2022-07-08,27.43,84.57
2022-07-09,27.62,85.76
2022-07-10,27.45,85.46
2022-07-11,27.7,84.26
2022-07-12,27.91,82.23
2022-07-13,27.51,85.88
2022-07-14,27.93,84.3
2022-07-15,27.66,85.29
2022-07-16,27.22,86.82
2022-07-17,27.78,85.38
2022-07-18,27.88,86.27
2022-07-19,28.04,86.43
2022-07-20,27.26,88.73
2022-07-21,27.62,86.35
2022-07-22,27.38,86.41
2022-07-23,28.08,81.28
2022-07-24,27.96,81.02
2022-07-25,27.17,84.67
2022-07-26,26.51,88.81
2022-07-27,27.55,87.05
2022-07-28,27.75,88.79
2022-07-29,27.18,87.35
2022-07-30,27.16,84.85
2022-07-31,27.62,84.7
2022-08-01,27.98,83.71
2022-08-02,27,85.29
2022-08-03,26.59,86.29
2022-08-04,26.3,85.56
2022-08-05,27.36,79.22
2022-08-06,28,77.7
2022-08-07,27.15,87.09
2022-08-08,27.63,83.75
2022-08-09,27.79,83.85
2022-08-10,27.46,86.67
2022-08-11,27.79,85.38
2022-08-12,27.82,87.32
2022-08-13,27.29,82
2022-08-14,28.07,78.6
2022-08-15,27.61,85.54
2022-08-16,27.76,82.46
2022-08-17,27.78,86.44
2022-08-18,27.59,84.14
2022-08-19,27.75,84.9
2022-08-20,27.46,83.97
2022-08-21,27.22,84.07
2022-08-22,27.14,85.43
2022-08-23,27.08,85.72
2022-08-24,27.2,86.58
2022-08-25,26.85,89.21
2022-08-26,26.8,86.97
2022-08-27,26.63,81.2
2022-08-28,27.26,81.62
2022-08-29,26.74,85.2
2022-08-30,26.74,87.34
2022-08-31,27.48,83.49
2022-09-01,27.46,82.55
2022-09-02,27.27,84.1
2022-09-03,27.22,85.22
2022-09-04,27.61,83.25
2022-09-05,27.95,79.92
2022-09-06,28.03,80.5
2022-09-07,26.82,86.12
2022-09-08,26.44,84.45
2022-09-09,26.33,86.23
2022-09-10,27.41,84.13
2022-09-11,26.49,82.9
2022-09-12,27.65,72.56
2022-09-13,26.44,84.87
2022-09-14,25.91,87.12
2022-09-15,26.91,85.33
2022-09-16,27.42,84.66
2022-09-17,26.94,88.21
2022-09-18,26.18,88.64
2022-09-19,26.87,83.03
2022-09-20,27.08,83.22
2022-09-21,27.48,83.43
2022-09-22,25.95,87.57
2022-09-23,26.75,86.58
2022-09-24,26.7,86.69
2022-09-25,26.61,86.72
2022-09-26,27.02,86.32
2022-09-27,27.4,81.02
2022-09-28,27.71,79.49
2022-09-29,27,85.68
2022-09-30,27.49,83.28
2022-10-01,27.5,84.08
2022-10-02,27.15,83.62
2022-10-03,27.58,80.5
2022-10-04,27.83,79.84
2022-10-05,26.88,83.53
2022-10-06,27.05,82.69
2022-10-07,26.04,87.96
2022-10-08,26.93,84.42
2022-10-09,27.45,82.31
2022-10-10,26.83,82.52
2022-10-11,27.53,79.59
2022-10-12,26.6,84.74
2022-10-13,27.43,82.39
2022-10-14,26.48,87.29
2022-10-15,27.36,86.7
2022-10-16,27.19,84.35
2022-10-17,27.68,80.39
2022-10-18,27.9,81.25
2022-10-19,27.51,81.49
2022-10-20,27.34,81.7
2022-10-21,27.89,80.88
2022-10-22,26.85,87.95
2022-10-23,26.91,86.31
2022-10-24,26.68,86.62
2022-10-25,26.62,86.78
2022-10-26,25.69,91.39
2022-10-27,26.83,86.98
2022-10-28,27.11,87.74
2022-10-29,26.85,86.84
2022-10-30,27.16,86.85
2022-10-31,27.25,85.21
2022-11-01,26.67,81.93
2022-11-02,27.58,79.45
2022-11-03,27.57,80.89
2022-11-04,27.31,84.44
2022-11-05,26.83,87.07
2022-11-06,26.9,84.14
2022-11-07,27.1,85.71
2022-11-08,26.09,89.59
2022-11-09,26.21,91.31
2022-11-10,26.39,85.93
2022-11-11,26.69,85.44
2022-11-12,26.31,91.04
2022-11-13,26.9,88.66
2022-11-14,26.65,84.47
2022-11-15,27.06,86.37
2022-11-16,27.24,86.97
2022-11-17,26.43,88.38
2022-11-18,26.87,88.89
2022-11-19,26.44,90.88
2022-11-20,27.13,89.46
2022-11-21,27.19,88.04
2022-11-22,27.3,86.62
2022-11-23,26.85,85.73
2022-11-24,27.22,83.65
2022-11-25,26.95,82.36
2022-11-26,28.03,78.82
2022-11-27,27.58,80.01
2022-11-28,27.23,84.21
2022-11-29,27.15,84.81
2022-11-30,26.71,85.4
2022-12-01,26.63,87.03
2022-12-02,26.48,86.47
2022-12-03,26.51,86.95
2022-12-04,27.04,82.94
2022-12-05,27.12,84.18
2022-12-06,27.02,84.39
2022-12-07,26.93,87.4
2022-12-08,26.07,90.25
2022-12-09,26.17,87.15
2022-12-10,26.42,84.05
2022-12-11,25.98,87.46
2022-12-12,25.96,89.75
2022-12-13,26.13,91.86
2022-12-14,25.74,92.96
2022-12-15,25.32,89.12
2022-12-16,26.73,86.73
2022-12-17,26.34,89.44
2022-12-18,27.02,86.18
2022-12-19,26.07,91.59
2022-12-20,26.38,89.69
2022-12-21,26.3,90.53
2022-12-22,25.59,91.3
2022-12-23,25.75,89.17
2022-12-24,25.67,85.15
2022-12-25,25.97,85.44
2022-12-26,25.91,86.04
2022-12-27,25.59,87.78
2022-12-28,25.91,85.67
2022-12-29,25.52,87.59
2022-12-30,26.14,85.81
2022-12-31,25.49,89.71
2023-01-01,25.92,87.22
2023-01-02,26.17,88.18
2023-01-03,25.64,89.78
2023-01-04,25.51,89.25
2023-01-05,25.75,87.94
2023-01-06,25.4,85.89
2023-01-07,26.37,85.71
2023-01-08,26.42,88.05
2023-01-09,26.6,83.97
2023-01-10,27.01,80.96
2023-01-11,26.8,83.45
2023-01-12,27.23,83.81
2023-01-13,27.21,79.02
2023-01-14,27.39,77.1
2023-01-15,27.5,80.22
2023-01-16,25.51,88.21
2023-01-17,26.29,85.46
2023-01-18,25.86,87.03
2023-01-19,25.92,89.67
2023-01-20,25.95,91.74
2023-01-21,26.07,87.98
2023-01-22,26.1,88.53
2023-01-23,26.16,89.17
2023-01-24,25,93.63
2023-01-25,24.84,92.63
2023-01-26,25.06,92.85
2023-01-27,25.72,91.43
2023-01-28,25.06,93.83
2023-01-29,24.99,93.66
2023-01-30,25.39,93.9
2023-01-31,25.21,93.85
2023-02-01,25.86,91.34
2023-02-02,25.87,91.58
2023-02-03,25.86,92.95
2023-02-04,25.43,92.49
2023-02-05,25.61,90.77
2023-02-06,25.57,90.92
2023-02-07,25.8,90.06
2023-02-08,26.2,89.07
2023-02-09,26.17,89.31
2023-02-10,26.47,88.87
2023-02-11,26.47,89.39
2023-02-12,26.13,88.21
2023-02-13,26.17,87.27
2023-02-14,26.27,89.61
2023-02-15,25.71,89.11
2023-02-16,25.94,86.45
2023-02-17,26.15,88.65
2023-02-18,26.42,88.49
2023-02-19,26.65,87.21
2023-02-20,26.06,88.89
2023-02-21,26.05,88.2
2023-02-22,26.1,89.16
2023-02-23,25.69,89.31
2023-02-24,25.9,85.59
2023-02-25,25.81,88.06
2023-02-26,25.86,89.57
2023-02-27,25.67,90.26
2023-02-28,25.2,93.74
2023-03-01,24.63,93
2023-03-02,25.5,91.46
2023-03-03,25.51,94.17
2023-03-04,24.81,92.89
2023-03-05,25.3,90.17
2023-03-06,25.56,89.69
2023-03-07,25.79,89.53
2023-03-08,26.11,89.22
2023-03-09,26.44,88.8
2023-03-10,26.39,88.81
2023-03-11,26.35,88.01
2023-03-12,26.2,87.78
2023-03-13,25.41,86
2023-03-14,25.59,87.01
2023-03-15,25.86,86.18
2023-03-16,26.3,87.86
2023-03-17,26.24,88.89
2023-03-18,26.88,87.49
2023-03-19,26.76,89.03
2023-03-20,26.49,89.28
2023-03-21,27.11,83.9
2023-03-22,26.9,86.12
2023-03-23,26.75,86.11
2023-03-24,27.5,84.44
2023-03-25,27.07,84.67
2023-03-26,27.89,81.57
2023-03-27,27.09,84.79
2023-03-28,27.09,84.47
2023-03-29,27.49,86.84
2023-03-30,26.88,86.39
2023-03-31,27.55,79.16
2023-04-01,27.62,82.2
2023-04-02,27.91,81.77
2023-04-03,26.02,88.61
2023-04-04,27.94,79.19
2023-04-05,26.93,86.51
2023-04-06,28.31,81.18
2023-04-07,28.03,81.89
2023-04-08,27.28,87.33
2023-04-09,27.18,85.51
2023-04-10,27.93,80.63
2023-04-11,27.46,83.06
2023-04-12,28.96,75.7
2023-04-13,28.93,79
2023-04-14,28.61,82.64
2023-04-15,28.55,87.27
2023-04-16,27.83,85.55
2023-04-17,28.8,79.4
2023-04-18,28.34,83.32
2023-04-19,28.35,81.5
2023-04-20,27.86,85.42
2023-04-21,28.42,83.41
2023-04-22,28.02,85.99
2023-04-23,28.56,85.66
2023-04-24,28,80.3
2023-04-25,28.34,80.96
2023-04-26,28.5,78.4
2023-04-27,28.55,80.57
2023-04-28,28.7,83.45
2023-04-29,28.48,82.41
2023-04-30,28.7,82.42
2023-05-01,28.5,84.16
2023-05-02,28.6,84.78
2023-05-03,28.64,81.07
2023-05-04,29.3,77.92
2023-05-05,28.89,81.82
2023-05-06,28.71,85.53
2023-05-07,27.73,86.81
2023-05-08,28.45,84.17
2023-05-09,29.03,79.04
2023-05-10,28.97,84.46
2023-05-11,28.5,85.52
2023-05-12,28.72,78.92
2023-05-13,29.68,75.52
2023-05-14,28.41,83.06
2023-05-15,28.63,83.38
2023-05-16,28.53,83.67
2023-05-17,28.78,80.25
2023-05-18,29.32,79.32
2023-05-19,27.99,84.05
2023-05-20,28.96,77.84
2023-05-21,27.57,85.38
2023-05-22,28.58,79.48
2023-05-23,28.36,82.53
2023-05-24,28.38,85.25
2023-05-25,28.18,86.96
2023-05-26,28.25,85.37
2023-05-27,28.32,83.99
2023-05-28,28.21,83.84
2023-05-29,28.55,80.42
2023-05-30,28.63,81.33
2023-05-31,28.26,83.35
2023-06-01,27.83,86.99
2023-06-02,28.67,81.07
2023-06-03,28.64,84.59
2023-06-04,27.78,84.85
2023-06-05,28.69,79.27
2023-06-06,28.13,81.52
2023-06-07,27.94,85.28
2023-06-08,27.75,86.34
2023-06-09,28.22,86.1
2023-06-10,28.11,85.04
2023-06-11,28.29,82.58
2023-06-12,27.89,86.11
2023-06-13,27.94,87.65
2023-06-14,27.86,85.75
2023-06-15,28.19,83.03
2023-06-16,28.31,85.28
2023-06-17,28.23,85.46
2023-06-18,28.87,77.13
2023-06-19,28.2,85.27
2023-06-20,28.17,84.59
2023-06-21,28.2,84.67
2023-06-22,28.3,82.22
2023-06-23,28.11,82.46
2023-06-24,28.51,78.64
2023-06-25,28.39,79.58
2023-06-26,27.23,85.76
2023-06-27,27.85,80.83
2023-06-28,27.8,82.74
2023-06-29,28.13,86.45
2023-06-30,28.17,87.21
2023-07-01,26.99,87.45
2023-07-02,27.75,85.37
2023-07-03,28.36,84.93
2023-07-04,28.27,83.15
2023-07-05,28.03,79.06
2023-07-06,28.2,75.11
2023-07-07,27.89,82.52
2023-07-08,28,86.27
2023-07-09,27.59,87.18
2023-07-10,27.55,86.27
2023-07-11,26.58,88.16
2023-07-12,27.8,84.43
2023-07-13,28.49,82.11
2023-07-14,26.89,88.59
2023-07-15,27.82,81.13
2023-07-16,27.9,87.57
2023-07-17,27.95,87.4
2023-07-18,27.43,90.3
2023-07-19,27.12,90.51
2023-07-20,26.52,89.07
2023-07-21,27.33,87.77
2023-07-22,27.99,86.44
2023-07-23,27.91,87.83
2023-07-24,28.04,85.52
2023-07-25,27.85,87.88
2023-07-26,28.26,88.43
2023-07-27,28.25,89.21
2023-07-28,28.53,89.75
2023-07-29,28.01,87.59
2023-07-30,27.71,84.85
2023-07-31,27.96,82.72
2023-08-01,28.15,84.06
2023-08-02,28.16,87.92
2023-08-03,27.18,88.83
2023-08-04,28.04,86.99
2023-08-05,27.81,85.38
2023-08-06,28.08,83.76
2023-08-07,27.99,84.79
2023-08-08,27.8,86.78
2023-08-09,27.59,86.98
2023-08-10,27.74,82.7
2023-08-11,27.89,83.34
2023-08-12,27.83,84.94
2023-08-13,27.89,84.77
2023-08-14,27.57,86
2023-08-15,27.61,85.35
2023-08-16,27.74,86.61
2023-08-17,27.99,84.38
2023-08-18,27.4,88.2
2023-08-19,27.4,89.7
2023-08-20,27.54,87.45
2023-08-21,27.14,87.39
2023-08-22,27.66,83.5
2023-08-23,27.74,85.59
2023-08-24,27.74,87.03
2023-08-25,27.27,87.81
2023-08-26,27.44,85.84
2023-08-27,27.83,83.89
2023-08-28,27.64,86.97
2023-08-29,27.66,85.23
2023-08-30,28.07,84.2
2023-08-31,27.94,84.03
2023-09-01,27.78,83.54
2023-09-02,28,80.69
2023-09-03,27.99,83.78
2023-09-04,27.61,81.54
2023-09-05,27.49,84.13
2023-09-06,26.88,86.45
2023-09-07,28.48,81.88
2023-09-08,28.03,86.1
2023-09-09,27.71,84.49
2023-09-10,27.11,87.61
2023-09-11,27.23,85.98
2023-09-12,27.87,85.45
2023-09-13,27.76,86.3
2023-09-14,27.65,83.88
2023-09-15,27.85,84.76
2023-09-16,28.01,86
2023-09-17,27.54,87.5
2023-09-18,27.29,87.43
2023-09-19,28.07,84.25
2023-09-20,27.99,82.93
2023-09-21,28.08,84.98
2023-09-22,26.7,84.28
2023-09-23,28.06,82.91
2023-09-24,27.51,85.43
2023-09-25,27.76,87.42
2023-09-26,27.76,85.64
2023-09-27,27.97,84
2023-09-28,28.12,84.24
2023-09-29,27.72,87.51
2023-09-30,27.99,85.63
2023-10-01,27.88,83.82
2023-10-02,28.09,85.9
2023-10-03,27.61,85.76
2023-10-04,28.36,84.65
2023-10-05,28.72,85.89
2023-10-06,28.46,86.52
2023-10-07,27.98,86.49
2023-10-08,27.97,85.3
2023-10-09,28.98,79.75
2023-10-10,28.77,81.96
2023-10-11,28.51,79.9
2023-10-12,28.62,78.8
2023-10-13,28.76,82.43
2023-10-14,28.7,82.3
2023-10-15,28.6,83.94
2023-10-16,28.41,83.97
2023-10-17,28.52,84.06
2023-10-18,28.24,79.36
2023-10-19,28.26,81.7
2023-10-20,28.13,79.55
2023-10-21,28.73,76.27
2023-10-22,27.97,80.57
2023-10-23,28.5,77.7
2023-10-24,28.6,77.82
2023-10-25,28.08,81.64
2023-10-26,28.41,82.46
2023-10-27,28.91,81.82
2023-10-28,27.64,83.53
2023-10-29,29.2,78.17
2023-10-30,28.87,77.38
2023-10-31,28.45,79.84
2023-11-01,28.8,78.54
2023-11-02,29.25,78.37
2023-11-03,28.53,82.56
2023-11-04,29.07,78.02
2023-11-05,28.82,78.7
2023-11-06,28.28,82.64
2023-11-07,28.28,82.86
2023-11-08,28.04,84.08
2023-11-09,28.23,84.76
2023-11-10,28.26,82.67
2023-11-11,29.18,81.01
2023-11-12,28.81,82.09
2023-11-13,28.52,85.46
2023-11-14,28.61,82.1
2023-11-15,28.46,82.84
2023-11-16,28.02,83.9
2023-11-17,28.1,84.63
2023-11-18,27.47,88.98
2023-11-19,26.89,91.08
2023-11-20,27.87,86.34
2023-11-21,28.09,86.28
2023-11-22,27.04,88.92
2023-11-23,27.23,87.3
2023-11-24,27.13,88.71
2023-11-25,27.39,86.56
2023-11-26,26.86,88.1
2023-11-27,26.64,89.54
2023-11-28,26.95,90.95
2023-11-29,28.03,86.36
2023-11-30,27.69,89.35
2023-12-01,26.68,91.38
2023-12-02,27.21,89.1
2023-12-03,27.25,87.81
2023-12-04,27.28,85.68
2023-12-05,27.38,85.88
2023-12-06,26.69,87.08
2023-12-07,27.21,88.91
2023-12-08,27.67,90.26
2023-12-09,27.25,90.11
2023-12-10,27.15,89.36
2023-12-11,27.32,88.97
2023-12-12,26.75,89.82
2023-12-13,27.56,87.06
2023-12-14,27.56,89.63
2023-12-15,27.45,88.79
2023-12-16,27.34,90.54
2023-12-17,27.53,91.71
2023-12-18,26.88,91.41
2023-12-19,26.86,89.11
2023-12-20,27.24,91.3
2023-12-21,27.25,90.72
2023-12-22,26.85,92.15
2023-12-23,27.45,89.85
2023-12-24,27.22,91.25
2023-12-25,26.91,91.6
2023-12-26,26.53,90.35
2023-12-27,26.77,91.45
2023-12-28,27.2,89.17
2023-12-29,27.29,90.2
2023-12-30,27.4,90.94
2023-12-31,26.83,92.26
2024-01-01,26.94,91.7
2024-01-02,26.78,92.67
2024-01-03,26.99,92.07
2024-01-04,26.64,93.38
2024-01-05,26.78,93.69
2024-01-06,26.88,91.66
2024-01-07,25.96,92.34
2024-01-08,26.7,91.16
2024-01-09,26.56,92.14
2024-01-10,26.74,91.53
2024-01-11,26.88,92.6
2024-01-12,25.71,93.15
2024-01-13,26.06,92.19
2024-01-14,26.59,92.86
2024-01-15,26.86,91.48
2024-01-16,26.59,91.27
2024-01-17,26.69,90.41
2024-01-18,26.62,91.24
2024-01-19,26.42,91.52
2024-01-20,24.89,90.82
2024-01-21,26.33,88.51
2024-01-22,27.33,87.38
2024-01-23,26.84,91.64
2024-01-24,26.67,92.97
2024-01-25,26.92,93.68
2024-01-26,26.79,92.88
2024-01-27,26.78,91.6
2024-01-28,26.66,90.36
2024-01-29,26.7,88.78
2024-01-30,26.56,87.64
2024-01-31,26.95,89.19
2024-02-01,26.76,91.65
2024-02-02,27.27,89.9
2024-02-03,26.53,89.23
2024-02-04,27.17,87.7
2024-02-05,26.99,88.4
2024-02-06,27.2,88.57
2024-02-07,27.17,89.81
2024-02-08,27.99,88.32
2024-02-09,26.73,89.11
2024-02-10,26.87,88.9
2024-02-11,26.91,88.32
2024-02-12,26.92,89.31
2024-02-13,26.95,92.43
2024-02-14,27.44,90.02
2024-02-15,27.09,90.51
2024-02-16,27.13,89.09
2024-02-17,26.87,86.57
2024-02-18,27.78,88.07
2024-02-19,27.63,87.81
2024-02-20,27.5,86.35
2024-02-21,27.48,84.73
2024-02-22,27.86,83.84
2024-02-23,27.32,85.59
2024-02-24,27.13,84.2
2024-02-25,27.43,86.94
2024-02-26,27.25,89.55
2024-02-27,27.31,88.48
2024-02-28,27.14,86.28
2024-02-29,27.59,88.04
2024-03-01,27.47,88.95
2024-03-02,27.26,90.5
2024-03-03,27.06,91.03
2024-03-04,27.28,90.49
2024-03-05,27.2,89.52
2024-03-06,28.42,83.92
2024-03-07,28.56,88.44
2024-03-08,26.96,85.46
2024-03-09,27.9,83.34
2024-03-10,27.52,86.66
2024-03-11,27.78,85.05
2024-03-12,27.06,88.65
2024-03-13,27.8,87.63
2024-03-14,27.39,87.51
2024-03-15,27.18,85.5
2024-03-16,27.41,86.01
2024-03-17,27.33,86.75
2024-03-18,27.99,86.5
2024-03-19,27.72,86.62
2024-03-20,27.58,86.11
2024-03-21,27.64,85.45
2024-03-22,27.59,83.75
2024-03-23,28.14,82.43
2024-03-24,28.12,83.88
2024-03-25,28.35,84.75
2024-03-26,27.9,86.92
2024-03-27,28.53,84.65
2024-03-28,27.84,87.96
2024-03-29,28.19,85.38
2024-03-30,28.16,83.03
2024-03-31,28.97,76.24
2024-04-01,29.52,78.57
2024-04-02,29.48,78.25
2024-04-03,28.8,83.4
2024-04-04,29.2,83.42
2024-04-05,29.02,84.3
2024-04-06,28.83,84.7
2024-04-07,29.13,84.74
2024-04-08,29.2,83.19
2024-04-09,29.01,85.93
2024-04-10,28.31,89.02
2024-04-11,28.63,87.27
2024-04-12,27.61,90.09
2024-04-13,28.27,87.38
2024-04-14,28.17,87.33
2024-04-15,28.38,87.52
2024-04-16,28.47,87.96
2024-04-17,28.9,82.83
2024-04-18,28.87,81.91
2024-04-19,29.2,81.12
2024-04-20,28.88,84.46
2024-04-21,29.61,80.86
2024-04-22,29.35,83.22
2024-04-23,29.81,81.65
2024-04-24,28.92,82.68
2024-04-25,29.52,78.66
2024-04-26,29.23,76.97
2024-04-27,29.82,76.98
2024-04-28,29.18,85.43
2024-04-29,29.41,83.86
2024-04-30,29.6,84.02
2024-05-01,28.86,86.14
2024-05-02,28.8,87.4
2024-05-03,29.2,85.62
2024-05-04,27.75,88.04
2024-05-05,29.04,84.23
2024-05-06,29.15,84.39
2024-05-07,29.33,81.16
2024-05-08,29.06,80.68
2024-05-09,29.27,80.09
2024-05-10,28.87,85.59
2024-05-11,28.69,84.89
2024-05-12,28.98,82.69
2024-05-13,29.77,82.31
2024-05-14,28.25,89.49
2024-05-15,29.22,85.48
2024-05-16,28.6,88.64
2024-05-17,29.21,85.76
2024-05-18,28.88,87.23
2024-05-19,28.52,90.81
2024-05-20,28.49,88.58
2024-05-21,28.79,87.99
2024-05-22,29.3,84.54
2024-05-23,29.48,83.83
2024-05-24,29.28,83.63
2024-05-25,28.32,88.71
2024-05-26,29.49,84.6
2024-05-27,29.1,88.64
2024-05-28,28.94,87.71
2024-05-29,29.04,86.61
2024-05-30,28.25,89.17
2024-05-31,28.83,88.59
2024-06-01,27.9,87.49
2024-06-02,27.22,88.17
2024-06-03,28.73,79.74
2024-06-04,28.64,82.44
2024-06-05,28.99,83.48
2024-06-06,28.79,83.07
2024-06-07,29.54,76.21
2024-06-08,28.81,85.48
2024-06-09,28.94,82.45
2024-06-10,29.18,81.95
2024-06-11,29.07,80.57
2024-06-12,28.81,82.21
2024-06-13,28.86,81.9
2024-06-14,29.03,83.46
2024-06-15,29.03,82.32
2024-06-16,28.19,86.74
2024-06-17,27.67,85.8
2024-06-18,28.17,86.18
2024-06-19,28.18,84.32
2024-06-20,28.5,83.82
2024-06-21,26.84,89.13
2024-06-22,26.71,86.08
2024-06-23,28.1,85.13
2024-06-24,28.49,85.08
2024-06-25,28.28,85.96
2024-06-26,28.41,84.38
2024-06-27,28.38,83.09
2024-06-28,28.63,81.12
2024-06-29,27.99,85.55
2024-06-30,27.44,86.38
2024-07-01,27.89,81.43
2024-07-02,27.97,83.6
2024-07-03,28.11,87.88
2024-07-04,28.29,80.2
2024-07-05,28.55,78.28
2024-07-06,27.96,84.77
2024-07-07,27.87,85.98
2024-07-08,27.3,86.39
2024-07-09,27.46,86.32
2024-07-10,27.43,84.77
2024-07-11,27.86,86.15
2024-07-12,27.68,85.47
2024-07-13,28.18,85.43
2024-07-14,27.49,84.71
2024-07-15,28.09,84.3
2024-07-16,27.72,85.76
2024-07-17,28,88.04
2024-07-18,27.96,90
2024-07-19,28.14,89.01
2024-07-20,28.49,87.37
2024-07-21,28.09,89.17
2024-07-22,28.04,89.31
2024-07-23,28.01,89.17
2024-07-24,28.33,87
2024-07-25,28.46,85.06
2024-07-26,28.45,84.97
2024-07-27,28.5,85.05
2024-07-28,28.1,84.71
2024-07-29,28.08,84.93
2024-07-30,28.31,86.19
2024-07-31,28,87.87
2024-08-01,27.89,87.21
2024-08-02,27.69,87.38
2024-08-03,27.89,85.52
2024-08-04,27.25,87.3
2024-08-05,27.83,84.5
2024-08-06,27.72,84.63
2024-08-07,27.59,85.33
2024-08-08,28.04,85.46
2024-08-09,27.82,86.92
2024-08-10,27.84,88.18
2024-08-11,27.48,86.08
2024-08-12,27.88,85.58
2024-08-13,27.79,87.39
2024-08-14,27.56,87.61
2024-08-15,27.8,86.08
2024-08-16,27.33,87.46
2024-08-17,27.78,87.65
2024-08-18,27.96,88.45
2024-08-19,28.03,84.42
2024-08-20,27.59,85.81
2024-08-21,27.3,85.38
2024-08-22,27.72,84.69
2024-08-23,27.95,83.41
2024-08-24,27.04,84.57
2024-08-25,26.91,86.49
2024-08-26,27.85,84.26
2024-08-27,27.43,87.29
2024-08-28,27.09,86.27
2024-08-29,27.52,84.65
2024-08-30,27.7,85.17
2024-08-31,27.94,86.69
2024-09-01,28.18,87.17
2024-09-02,28.22,87.08
2024-09-03,28.02,87.19
2024-09-04,27.31,88.12
2024-09-05,28.27,83.7
2024-09-06,28.32,87.73
2024-09-07,28.29,85.49
2024-09-08,28.01,87.15
2024-09-09,27.47,87.38
2024-09-10,27.46,80.97
2024-09-11,28.32,82.63
2024-09-12,27.81,85.76
2024-09-13,27.92,84.86
2024-09-14,27.23,87.84
2024-09-15,27.36,85.47
2024-09-16,27.66,86.58
2024-09-17,27.89,84.9
2024-09-18,28.29,84.24
2024-09-19,27.89,87.73
2024-09-20,27.67,87.64
2024-09-21,27.65,83.35
2024-09-22,28.62,84.03
2024-09-23,27.73,87.29
2024-09-24,28.98,76.17
2024-09-25,27.75,83.39
2024-09-26,28.32,78.51
2024-09-27,28.03,85.76
2024-09-28,28.16,85.21
2024-09-29,27.97,85.1
2024-09-30,27.53,86.4
2024-10-01,27.96,79.57
2024-10-02,27.91,81.99
2024-10-03,28.47,79.36
2024-10-04,27.44,82.75
2024-10-05,27.71,81.76
2024-10-06,27.5,79.83
2024-10-07,28.14,83.47
2024-10-08,27.44,85.21
2024-10-09,28.04,84.74
2024-10-10,28.14,83.9
2024-10-11,28.52,81.92
2024-10-12,28.32,84.79
2024-10-13,27.31,88.53
2024-10-14,26.8,85.77
2024-10-15,27.71,84.19
2024-10-16,27.78,86.05
2024-10-17,27.47,86.8
2024-10-18,28.29,83.38
2024-10-19,28.09,84.24
2024-10-20,27.51,81.52
2024-10-21,28.99,71.67
2024-10-22,28.72,80
2024-10-23,28.8,84.81
2024-10-24,28.43,84.86
2024-10-25,27.71,86.12
2024-10-26,28.19,84.73
2024-10-27,28.1,84.86
2024-10-28,28.39,84.38
2024-10-29,28.3,86.37
2024-10-30,28.39,84.28
2024-10-31,28.27,83.27
2024-11-01,28.23,85.59
2024-11-02,27.48,84.74
2024-11-03,27.89,82.16
2024-11-04,27.89,81.12
2024-11-05,28.58,82.71
2024-11-06,27.17,86.82
2024-11-07,27.96,83.01
2024-11-08,27.67,83.26
2024-11-09,28.19,83.53
2024-11-10,28.29,83.56
2024-11-11,28.23,81.79
2024-11-12,28.62,79.38
2024-11-13,28.73,80.46
2024-11-14,27.97,83.09
2024-11-15,28.64,80.21
2024-11-16,27.89,85.52
2024-11-17,27.76,87.6
2024-11-18,26.97,89.55
2024-11-19,26.62,87.62
2024-11-20,26.55,87.96
2024-11-21,27.28,84.85
2024-11-22,26.33,91.27
2024-11-23,27.72,83.73
2024-11-24,27.5,84.58
2024-11-25,27.58,86
2024-11-26,26.89,89.18
2024-11-27,26.87,88.04
2024-11-28,27.37,87.16
2024-11-29,26.44,87.9
2024-11-30,27.34,89.14
2024-12-01,27.52,85.61
2024-12-02,27.41,85.01
2024-12-03,26.08,84.64
2024-12-04,26.72,86.23
2024-12-05,27.35,81.65
2024-12-06,27.97,80.82
2024-12-07,27.77,84.32
2024-12-08,27.16,91.05
2024-12-09,26.68,90.7
2024-12-10,26.36,90.91
2024-12-11,27.31,87.98
2024-12-12,27.36,89.7
2024-12-13,26.65,85.53
2024-12-14,27.74,84.71
2024-12-15,27.9,83.61
2024-12-16,27.4,89.23
2024-12-17,26.78,92.42
2024-12-18,26.84,91.35
2024-12-19,26.39,91.57
2024-12-20,26.33,90.88
2024-12-21,26.78,90.05
2024-12-22,26.84,88.66
2024-12-23,26.81,86.53
2024-12-24,26.97,81.98
2024-12-25,26.68,85.87
2024-12-26,26.23,81.38
2024-12-27,26.67,86.48
2024-12-28,26.78,90.08
2024-12-29,26.91,90.33
2024-12-30,26.53,90.98
2024-12-31,26.18,92.71
2025-01-01,26.52,89.16
2025-01-02,27.05,89.01
2025-01-03,26.97,88.64
2025-01-04,26.59,91.27
2025-01-05,26.82,91.06
2025-01-06,26.56,89.97
2025-01-07,26.62,89.45
2025-01-08,26.5,90.4
2025-01-09,26.24,88.67
2025-01-10,25.91,93.72
2025-01-11,25.71,94.25
2025-01-12,25.95,92.43
2025-01-13,25.4,92.96
2025-01-14,25.93,92.17
2025-01-15,26.2,91.74
2025-01-16,26.22,92
2025-01-17,25.98,92.72
2025-01-18,25.98,92.81
2025-01-19,25.5,93.37
2025-01-20,25.67,91.46
2025-01-21,25.62,94.15
2025-01-22,25.22,92.85
2025-01-23,25.69,92.6
2025-01-24,25.74,91.32
2025-01-25,26.24,90.28
2025-01-26,26.31,91.24
2025-01-27,25.62,93.33
2025-01-28,25.29,90.6
2025-01-29,24.86,91.33
2025-01-30,25.22,88.17
2025-01-31,25.58,88.15
2025-02-01,25.51,86.76
2025-02-02,26.28,86.13
2025-02-03,26.08,86.78
2025-02-04,25.76,92.3
2025-02-05,25.39,91.64
2025-02-06,25.97,88.91
2025-02-07,26.2,87.35
2025-02-08,26.19,87.56
2025-02-09,25.61,87.77
2025-02-10,26.02,87.07
2025-02-11,26.26,85.66
2025-02-12,26.49,84.68
2025-02-13,27.11,84.85
2025-02-14,27.16,86.2
2025-02-15,26.92,87.33
2025-02-16,26.78,84.38
2025-02-17,26.83,88.86
2025-02-18,25.99,90.73
2025-02-19,26.23,88.14
2025-02-20,26.53,88.55
2025-02-21,26.63,89.28
2025-02-22,26.76,87.81
2025-02-23,26.82,88.59
2025-02-24,26.91,88.31
2025-02-25,26.39,88.85
2025-02-26,26.48,89.02
2025-02-27,26.84,87.32
2025-02-28,26.73,90.35
2025-03-01,26.97,88.02
2025-03-02,26.57,88.43
2025-03-03,27.03,84.53
2025-03-04,27.52,85.27
2025-03-05,27.45,86.56
2025-03-06,27.29,84.63
2025-03-07,27.76,86.1
2025-03-08,26.91,90.98
2025-03-09,26.5,91.68
2025-03-10,27.19,90.69
2025-03-11,27.6,89.64
2025-03-12,26.74,91.81
2025-03-13,27.31,87.9
2025-03-14,27.07,88.54
2025-03-15,27.53,88.74
2025-03-16,27.26,88.95
2025-03-17,27.1,87.93
2025-03-18,27.34,87.85
2025-03-19,26.32,94.07
2025-03-20,25.99,94.08
2025-03-21,26.37,92.85
2025-03-22,26.69,90.39
2025-03-23,26.48,91.14
2025-03-24,26.64,91.08
2025-03-25,27.33,86.35
2025-03-26,27.62,86.43
2025-03-27,28.1,86.61
2025-03-28,27.66,86.71
2025-03-29,27.57,87.41
2025-03-30,27.65,87.13
2025-03-31,26.81,88.19
2025-04-01,28.3,83.06
2025-04-02,27.71,87.1
2025-04-03,27.34,88.29
2025-04-04,26.74,91.61
2025-04-05,27.68,86.19
2025-04-06,27.3,89.33
2025-04-07,26.93,85.8
2025-04-08,27.49,84.03
2025-04-09,28.53,79.21
2025-04-10,28.14,85.06
2025-04-11,27.03,88.24
2025-04-12,28.15,86.86
2025-04-13,26.66,90.81
2025-04-14,27.65,84.94
2025-04-15,27.62,82.48
2025-04-16,28.47,81.68
2025-04-17,27.94,85
2025-04-18,28.53,85.64
2025-04-19,28,86.09
2025-04-20,28.46,79.78
2025-04-21,28.03,80.23
2025-04-22,28.28,73.75
2025-04-23,27.69,79.6
2025-04-24,28.57,76.35
2025-04-25,28.41,84.77
2025-04-26,27.76,84.64
2025-04-27,28.49,82.42
2025-04-28,28.4,83.97
2025-04-29,28.08,87.48
2025-04-30,28.11,83.31
2025-05-01,28.35,82.34
2025-05-02,28.72,81.66
2025-05-03,28.48,83.53
2025-05-04,28.06,85.11
2025-05-05,27.72,87.01
2025-05-06,28.55,86.5
2025-05-07,28.63,85.85
2025-05-08,29.27,79.73
2025-05-09,28.66,84.32
2025-05-10,29,81.91
2025-05-11,28.29,87.3
2025-05-12,28.92,81.68
2025-05-13,27.81,84.6
2025-05-14,27.56,79.01
2025-05-15,28.15,80.43
2025-05-16,28.78,82.12
2025-05-17,28.84,83.29
2025-05-18,28.34,87.03
2025-05-19,28.35,85
2025-05-20,28.67,85.96
2025-05-21,28.66,85.45
2025-05-22,28.42,86.19
2025-05-23,28.12,82.34
2025-05-24,28.84,82.92
2025-05-25,28.85,83.3
2025-05-26,28.64,83.53
2025-05-27,29.21,77
2025-05-28,29.5,80.84
2025-05-29,27.84,88.62
2025-05-30,29.13,82.64
2025-05-31,28.61,87.37
2025-06-01,28.89,87.63
2025-06-02,29.07,84.99
2025-06-03,28.88,86.61
2025-06-04,28.4,85.24
2025-06-05,28.15,85.53
2025-06-06,27.49,87.42
2025-06-07,28.31,85
2025-06-08,28.4,82.36
2025-06-09,28.3,86.03
2025-06-10,27.03,87.69
2025-06-11,27.98,81.32
2025-06-12,28.69,84.02
2025-06-13,28.43,86.8
2025-06-14,28.21,85.66
2025-06-15,28.43,84.44
2025-06-16,28.81,79.17
2025-06-17,26.94,87.47
2025-06-18,27.76,80.78
2025-06-19,28.01,78.65
2025-06-20,27.68,85.16
2025-06-21,28.16,85.09
2025-06-22,28.12,84.85
2025-06-23,27.68,86.14
2025-06-24,27.92,83.63
2025-06-25,28.13,87.44
2025-06-26,28.23,87.19
2025-06-27,28.21,86.43
2025-06-28,27.31,85.58
2025-06-29,28.8,74.6
2025-06-30,28.2,81.6
2025-07-01,28.02,85.47
2025-07-02,27.35,89.17
2025-07-03,28.03,82.79
2025-07-04,27.95,83.4
2025-07-05,27.56,80.83
2025-07-06,28.02,83.65
2025-07-07,28.11,86.49
2025-07-08,27.91,80.99
2025-07-09,27.97,83.94
2025-07-10,28.08,82.8
2025-07-11,28.09,84.39
2025-07-12,27.29,90.24
2025-07-13,27.77,87.41
2025-07-14,27.63,88.21
2025-07-15,27.42,88.42
2025-07-16,28.23,89.33
2025-07-17,28.08,87.33
2025-07-18,28.44,88.37
2025-07-19,27.97,87.34
2025-07-20,28.09,86.11
2025-07-21,27.79,85.9
2025-07-22,27.63,85.47
2025-07-23,27.87,82.83
2025-07-24,28.1,84.93
2025-07-25,27.99,85.52
2025-07-26,27.86,87.31
2025-07-27,27.94,87.26
2025-07-28,28.14,87.9
2025-07-29,28.45,87.62
2025-07-30,28.33,86
2025-07-31,28.06,88.54
2025-08-01,27.94,87.94
2025-08-02,28.44,87.48
2025-08-03,27.63,88.77
2025-08-04,27.44,85.07
2025-08-05,27.15,86.26
2025-08-06,27.96,84.24
2025-08-07,27.87,83.73
2025-08-08,27.79,84.97
2025-08-09,28.42,82.51
2025-08-10,27.05,87.49
2025-08-11,26.34,86.8
2025-08-12,27.21,86.48
2025-08-13,26.63,79.47
2025-08-14,27.06,84.24
2025-08-15,26.42,87.39
2025-08-16,27.37,85.6
2025-08-17,27.78,85.58
2025-08-18,27.11,82.56
2025-08-19,26.69,85.47
2025-08-20,27.26,82.65
2025-08-21,28.29,78.14
2025-08-22,28.1,84.92
2025-08-23,27.71,83.01
2025-08-24,26.84,87.1
2025-08-25,27.46,84.99
2025-08-26,27.91,86.14
2025-08-27,27.64,85.61
2025-08-28,27.57,82.3
2025-08-29,27.81,85.21
2025-08-30,27.2,86.24
2025-08-31,27.97,85.05
2025-09-01,26.38,88.78
2025-09-02,26.55,87.54
2025-09-03,27.29,87.25
2025-09-04,26.38,88.17
2025-09-05,26.89,88.41
2025-09-06,27.31,87.07
2025-09-07,26.83,87.11
2025-09-08,27.08,86.36
2025-09-09,26.76,86.09
2025-09-10,27.73,84.03
2025-09-11,26.73,89.61
2025-09-12,26.2,89.67
2025-09-13,26.26,85.6
2025-09-14,27.78,83.77
2025-09-15,27.22,85.08
2025-09-16,26.79,88.42
2025-09-17,26.42,88.63
2025-09-18,27.64,87.93
2025-09-19,27.55,87.07
2025-09-20,27.94,84.75
2025-09-21,27.62,85.75
2025-09-22,28.1,83.84
2025-09-23,29.02,80.9
2025-09-24,27.54,86.27
2025-09-25,27.78,84.97
2025-09-26,27.67,83.68
2025-09-27,28.38,82.14
2025-09-28,27.32,85.25
2025-09-29,27.11,82.58
2025-09-30,28.04,80.59
2025-10-01,27.45,84.64
2025-10-02,27.48,86.35
2025-10-03,26.79,87.97
2025-10-04,27.49,73.81
2025-10-05,27.74,80.17
2025-10-06,27.59,83.61
2025-10-07,27.3,87.64
2025-10-08,27.46,86.14
2025-10-09,27.26,87.57
2025-10-10,27.4,85.21
2025-10-11,28.06,85.12
2025-10-12,27.78,84.4
2025-10-13,28.04,88.15
2025-10-14,27.85,88.53
2025-10-15,27.86,87.72
2025-10-16,28.08,81.29
2025-10-17,28.58,79.21
2025-10-18,28.33,78.41
2025-10-19,28.77,76.83
2025-10-20,27.57,88.02
2025-10-21,27.4,87.62
2025-10-22,26.62,89.46
2025-10-23,27.2,87.12
2025-10-24,27.39,86.67
2025-10-25,27.13,85.1
2025-10-26,28.27,77.84
2025-10-27,27.44,80.45
2025-10-28,28.06,84.15
2025-10-29,27.62,86.09
2025-10-30,28.77,79.78
2025-10-31,28.5,86.51
2025-11-01,28.47,87.3
2025-11-02,28.52,83.25
2025-11-03,27.8,82.61
2025-11-04,27.15,87.33
2025-11-05,28.04,83.24
2025-11-06,27.97,84.73
2025-11-07,27.95,83
2025-11-08,28.19,82.88
2025-11-09,28.02,84.47
2025-11-10,27.19,86.01
2025-11-11,27.27,86.89
2025-11-12,26.54,88.7
2025-11-13,26.68,88.89
2025-11-14,26.94,89.32
2025-11-15,27.16,88.03
2025-11-16,26.83,89.62
2025-11-17,27.02,86.64
2025-11-18,27.18,88.13
2025-11-19,27.11,87.74
2025-11-20,26.89,88.11
2025-11-21,27.32,88.09
2025-11-22,27.07,86.63
2025-11-23,27.57,85.47
2025-11-24,27.4,83
2025-11-25,27.52,81.95
2025-11-26,28.07,80.17
2025-11-27,27.55,87.05
2025-11-28,26.33,89.7
2025-11-29,27.22,80.92
2025-11-30,27.99,79.31
2025-12-01,28.24,81.58
2025-12-02,27.35,85.57
2025-12-03,28.05,83.21
2025-12-04,27.18,84.05
2025-12-05,27.24,85.92
2025-12-06,26.64,90.73
2025-12-07,26.58,87.83
2025-12-08,26,86.59
2025-12-09,26.56,85.68
2025-12-10,27.16,86.97
2025-12-11,26.64,85.8
2025-12-12,26.76,89.1
2025-12-13,26.7,87.49
2025-12-14,26.04,91.72
2025-12-15,25.53,91.45
2025-12-16,25.86,92.06
2025-12-17,25.73,92.87
2025-12-18,26.18,92.83
2025-12-19,25.99,93.93
2025-12-20,26.79,89.96
2025-12-21,26.36,90.57
2025-12-22,26.6,89.85
2025-12-23,26.76,90.94
2025-12-24,27,91.56
2025-12-25,27.1,90.71
2025-12-26,26.7,94.04
2025-12-27,26.83,93.19
2025-12-28,26.34,91.15
2025-12-29,26.1,92.66
2025-12-30,25.94,89.04
2025-12-31,26.22,87.37
