date,T2M,RH2M
1984-01-01,-40.11,99.61
1984-01-02,-37.96,99.48
1984-01-03,-32.75,99.95
1984-01-04,-32.43,99.18
1984-01-05,-31.3,99.51
1984-01-06,-29.39,99.61
1984-01-07,-29.79,98.19
1984-01-08,-29.77,97.09
1984-01-09,-29.66,98.4
1984-01-10,-32.98,98.16
1984-01-11,-38.19,98.72
1984-01-12,-40.39,96.5
1984-01-13,-43.69,97.94
1984-01-14,-37.01,97.5
1984-01-15,-39.33,97.25
1984-01-16,-38.06,96.39
1984-01-17,-39.01,96.83
1984-01-18,-42.99,96.7
1984-01-19,-35.91,97.93
1984-01-20,-31.76,97.49
1984-01-21,-29.14,97.43
1984-01-22,-28.57,98.18
1984-01-23,-24.09,97.79
1984-01-24,-24.92,98.1
1984-01-25,-29.49,97.42
1984-01-26,-30.83,98.29
1984-01-27,-28.07,98.41
1984-01-28,-28.72,98.75
1984-01-29,-39.7,96.99
1984-01-30,-44,99.04
1984-01-31,-45.55,97.1
1984-02-01,-44.92,95.02
1984-02-02,-47.72,92.59
1984-02-03,-41.44,96.14
1984-02-04,-37.51,96.97
1984-02-05,-38.75,98.05
1984-02-06,-35.65,97.61
1984-02-07,-33.09,97.16
1984-02-08,-31.42,97.47
1984-02-09,-35.53,97.52
1984-02-10,-35.4,97.45
1984-02-11,-35.08,97.84
1984-02-12,-35.44,97.93
1984-02-13,-37.13,98.51
1984-02-14,-32.52,98.15
1984-02-15,-31.52,98.88
1984-02-16,-30.85,98.56
1984-02-17,-28.39,98.75
1984-02-18,-25.34,98.8
1984-02-19,-21.71,98.84
1984-02-20,-22.1,98.33
1984-02-21,-29.98,98.78
1984-02-22,-35.69,99.61
1984-02-23,-34.98,98.95
1984-02-24,-31.92,97.33
1984-02-25,-33.38,99.03
1984-02-26,-32.81,97.56
1984-02-27,-32.33,97.21
1984-02-28,-34.13,99.28
1984-02-29,-30.1,98.68
1984-03-01,-24.24,96.24
1984-03-02,-23.22,96.55
1984-03-03,-23.3,98.03
1984-03-04,-19.62,97.01
1984-03-05,-21.22,98.34
1984-03-06,-21.86,97.52
1984-03-07,-23.82,97.59
1984-03-08,-23.3,97.95
1984-03-09,-19.75,96.74
1984-03-10,-18.92,96.88
1984-03-11,-19.99,98.09
1984-03-12,-19.73,96.64
1984-03-13,-21.71,97.62
1984-03-14,-18.92,95.6
1984-03-15,-17.19,93.85
1984-03-16,-18.09,94.28
1984-03-17,-17.7,94.96
1984-03-18,-17.6,95.69
1984-03-19,-19.62,96.44
1984-03-20,-21.84,96.08
1984-03-21,-22.13,96.59
1984-03-22,-21.55,96.85
1984-03-23,-26.57,95.75
1984-03-24,-24.37,95.41
1984-03-25,-22.38,96.28
1984-03-26,-17.05,96.15
1984-03-27,-12.38,97.02
1984-03-28,-14.32,97.44
1984-03-29,-24.55,97.04
1984-03-30,-18.99,97.35
1984-03-31,-17.42,96.05
1984-04-01,-11.29,97.48
1984-04-02,-8.13,98.26
1984-04-03,-8.42,98.96
1984-04-04,-20.22,97.93
1984-04-05,-17.19,95.82
1984-04-06,-11.4,97.43
1984-04-07,-10.16,94.58
1984-04-08,-3.58,96.57
1984-04-09,-9.97,98.48
1984-04-10,-8.97,95.86
1984-04-11,-5.75,97.09
1984-04-12,-2.85,98.28
1984-04-13,-1.66,98.32
1984-04-14,-0.34,98.31
1984-04-15,-3.97,96.01
1984-04-16,-11.14,97.88
1984-04-17,-7.8,96.2
1984-04-18,-8.1,98.53
1984-04-19,-6.74,96.81
1984-04-20,-1.92,98.3
1984-04-21,-12.17,99.02
1984-04-22,-6.76,96.12
1984-04-23,-6.11,97.17
1984-04-24,-0.48,98.83
1984-04-25,-3.26,98.65
1984-04-26,-8.33,97.76
1984-04-27,-0.09,98.47
1984-04-28,-1.24,96.16
1984-04-29,-1,96.35
1984-04-30,0.91,85.87
1984-05-01,5.24,75.28
1984-05-02,6.98,74.07
1984-05-03,8.72,72.38
1984-05-04,7.33,72.67
1984-05-05,1.79,73.22
1984-05-06,1.85,72.05
1984-05-07,5.53,61.31
1984-05-08,9.95,49.37
1984-05-09,10.09,60.06
1984-05-10,11.83,64.65
1984-05-11,10.64,82.19
1984-05-12,8.65,83.34
1984-05-13,8.81,79.91
1984-05-14,4.27,76.3
1984-05-15,1.93,59.62
1984-05-16,7.18,67.49
1984-05-17,4.52,83.2
1984-05-18,5.59,65.67
1984-05-19,6.27,69.42
1984-05-20,6.44,80.08
1984-05-21,7.87,69.54
1984-05-22,8.44,75.65
1984-05-23,10.95,87.3
1984-05-24,9.54,90.94
1984-05-25,13.52,67.75
1984-05-26,15.22,75.89
1984-05-27,11.29,76.18
1984-05-28,9.63,85.82
1984-05-29,13.09,84.02
1984-05-30,13.16,87.1
1984-05-31,12.21,75.55
1984-06-01,8.66,92.53
1984-06-02,9.28,86.55
1984-06-03,10.49,80.61
1984-06-04,11.89,71.42
1984-06-05,11.89,74.43
1984-06-06,11.29,73.49
1984-06-07,8.87,94.47
1984-06-08,4.92,95.81
1984-06-09,8.82,78.22
1984-06-10,10.54,79.2
1984-06-11,12.66,77.33
1984-06-12,12.4,81.5
1984-06-13,16.72,77.37
1984-06-14,17.1,67.75
1984-06-15,12.11,62.93
1984-06-16,11.07,65.64
1984-06-17,11.31,78.35
1984-06-18,12.7,74.69
1984-06-19,15.37,65.68
1984-06-20,17.77,70.31
1984-06-21,19.83,62.55
1984-06-22,18.22,72.95
1984-06-23,12.86,77.72
1984-06-24,16.84,74.57
1984-06-25,10.46,71.16
1984-06-26,11.92,74.95
1984-06-27,9.42,92.41
1984-06-28,9.08,90.19
1984-06-29,10.51,89.81
1984-06-30,12.79,86.55
1984-07-01,12.9,67.95
1984-07-02,11.02,67.18
1984-07-03,17.67,71.98
1984-07-04,18.32,81.31
1984-07-05,16.71,77.36
1984-07-06,15.76,80.73
1984-07-07,14,88.76
1984-07-08,15.88,95.53
1984-07-09,20.79,88.24
1984-07-10,22.06,81.11
1984-07-11,22.82,78.42
1984-07-12,23.92,73.57
1984-07-13,24.56,65.58
1984-07-14,20.12,74.34
1984-07-15,18.03,72.92
1984-07-16,17.07,77.09
1984-07-17,19.37,73.37
1984-07-18,22.44,66.28
1984-07-19,24.49,63.07
1984-07-20,23.93,57.77
1984-07-21,25.03,49.29
1984-07-22,23.76,54.36
1984-07-23,20.18,58.33
1984-07-24,15.31,57.25
1984-07-25,13.35,54.59
1984-07-26,13.64,52.63
1984-07-27,14.13,48.53
1984-07-28,12.91,50.41
1984-07-29,14.37,47.27
1984-07-30,16.97,47.81
1984-07-31,17.26,51.89
1984-08-01,10.61,69.91
1984-08-02,10.89,54.59
1984-08-03,9.18,56.06
1984-08-04,9.77,57.64
1984-08-05,9.91,52.48
1984-08-06,9.64,56.1
1984-08-07,11.44,52.77
1984-08-08,10.72,61.16
1984-08-09,8.44,69.42
1984-08-10,8.48,70.74
1984-08-11,11.11,46.58
1984-08-12,12.06,58.16
1984-08-13,10.34,71.17
1984-08-14,16.19,79.92
1984-08-15,17.95,75.86
1984-08-16,16.97,73.46
1984-08-17,14.94,73.84
1984-08-18,12.71,51.44
1984-08-19,13.68,56.73
1984-08-20,16.25,56.77
1984-08-21,17,55.01
1984-08-22,17.84,56.43
1984-08-23,17.97,57.02
1984-08-24,17.75,69.52
1984-08-25,11.19,61.09
1984-08-26,14.42,57.11
1984-08-27,13.82,61.38
1984-08-28,9.35,86.27
1984-08-29,11.23,66.5
1984-08-30,12.66,77.76
1984-08-31,11.48,73.47
1984-09-01,13.9,56.15
1984-09-02,14.17,56.66
1984-09-03,10.01,56.11
1984-09-04,8.15,54.91
1984-09-05,7.46,52.88
1984-09-06,8.36,57.74
1984-09-07,9.65,59.87
1984-09-08,9,89.48
1984-09-09,11.57,63.89
1984-09-10,12.07,76.49
1984-09-11,14.97,72.49
1984-09-12,7.57,79.89
1984-09-13,2.39,67.1
1984-09-14,1.38,68.05
1984-09-15,2.64,70.62
1984-09-16,1.81,89.61
1984-09-17,1.32,92.75
1984-09-18,-1.51,76.25
1984-09-19,-3.05,66.26
1984-09-20,-1.15,58.17
1984-09-21,-1,72.04
1984-09-22,-1.48,89.1
1984-09-23,-2.3,65.36
1984-09-24,-3.24,68.27
1984-09-25,-0.82,69.91
1984-09-26,-1.66,82.18
1984-09-27,-3.73,65.2
1984-09-28,-6.12,65.48
1984-09-29,-4.8,62.78
1984-09-30,-4,67.84
1984-10-01,-2.6,73.67
1984-10-02,-2.96,77.87
1984-10-03,-4.6,74.45
1984-10-04,-5.03,75.39
1984-10-05,-6.48,77.91
1984-10-06,-6.23,79.93
1984-10-07,-6.72,81.99
1984-10-08,-7.82,77.64
1984-10-09,-7.26,75.26
1984-10-10,-10.13,67.09
1984-10-11,-9.65,63.66
1984-10-12,-11.55,89.76
1984-10-13,-12.52,89.81
1984-10-14,-12.02,86.93
1984-10-15,-11.46,80.77
1984-10-16,-13.93,89.55
1984-10-17,-12.22,81.06
1984-10-18,-12.68,81.23
1984-10-19,-14.7,91.99
1984-10-20,-15.28,87.79
1984-10-21,-14.35,93.94
1984-10-22,-10.27,94.43
1984-10-23,-12.86,96.95
1984-10-24,-15.27,91.42
1984-10-25,-16.78,87.68
1984-10-26,-19.59,92.98
1984-10-27,-20.02,96.93
1984-10-28,-19.1,92.46
1984-10-29,-17.1,95.86
1984-10-30,-13.47,98.75
1984-10-31,-15.2,96.07
1984-11-01,-17.66,93.24
1984-11-02,-19.42,90.03
1984-11-03,-22.14,91.09
1984-11-04,-24.62,91.84
1984-11-05,-25.26,94.92
1984-11-06,-25.44,94.76
1984-11-07,-24.14,94.13
1984-11-08,-25.93,92.84
1984-11-09,-26.94,88.26
1984-11-10,-29.81,91.19
1984-11-11,-32.16,95.55
1984-11-12,-26.02,96.23
1984-11-13,-26.48,96.8
1984-11-14,-27.54,96.79
1984-11-15,-28.36,95.86
1984-11-16,-30.01,95.7
1984-11-17,-32.06,96.01
1984-11-18,-31.21,97.45
1984-11-19,-26.59,98.91
1984-11-20,-25.24,99.43
1984-11-21,-22.63,98.98
1984-11-22,-20.9,98.93
1984-11-23,-27.55,98.82
1984-11-24,-26.42,98.56
1984-11-25,-21.45,97.41
1984-11-26,-38.68,99.34
1984-11-27,-39.4,99.12
1984-11-28,-43.17,97.76
1984-11-29,-45.82,85.58
1984-11-30,-43.21,95.53
1984-12-01,-26.78,99.1
1984-12-02,-30.28,97.62
1984-12-03,-41.33,97.85
1984-12-04,-38.82,99.78
1984-12-05,-34.22,99.83
1984-12-06,-33.2,99.77
1984-12-07,-29.87,99.95
1984-12-08,-27.02,97.62
1984-12-09,-25.43,99.19
1984-12-10,-34.27,95.28
1984-12-11,-38.17,97.21
1984-12-12,-36.38,99.49
1984-12-13,-48.85,97.46
1984-12-14,-40.12,99.43
1984-12-15,-27.73,97.17
1984-12-16,-36.36,97.01
1984-12-17,-53.36,89.59
1984-12-18,-51.94,96.57
1984-12-19,-46.84,93.43
1984-12-20,-39.99,98.57
1984-12-21,-52.54,93.91
1984-12-22,-45.08,95.67
1984-12-23,-41.32,96.06
1984-12-24,-47.5,95.94
1984-12-25,-41.35,95.21
1984-12-26,-37.64,96.02
1984-12-27,-38.26,98.1
1984-12-28,-39.53,96.89
1984-12-29,-35.91,97.6
1984-12-30,-35.34,97.91
1984-12-31,-35.51,98.35
1985-01-01,-38.32,98.45
1985-01-02,-35.8,97.2
1985-01-03,-35.8,97.11
1985-01-04,-36.05,97.74
1985-01-05,-36.22,98.05
1985-01-06,-36.81,98.44
1985-01-07,-40.21,98.3
1985-01-08,-39.79,98.39
1985-01-09,-41.73,98.16
1985-01-10,-49.91,93.19
1985-01-11,-44.72,95.79
1985-01-12,-45,97.61
1985-01-13,-44.88,93.25
1985-01-14,-47.25,97.11
1985-01-15,-47.75,96.83
1985-01-16,-51.68,99.63
1985-01-17,-46.28,96.8
1985-01-18,-41.12,94.49
1985-01-19,-43.38,96.34
1985-01-20,-44.21,98.03
1985-01-21,-46.51,94.8
1985-01-22,-45.48,94.79
1985-01-23,-49.73,97.5
1985-01-24,-49.74,95.39
1985-01-25,-38.71,95.89
1985-01-26,-37.9,94.39
1985-01-27,-38.84,94.03
1985-01-28,-38.53,97.45
1985-01-29,-43.6,98.34
1985-01-30,-43.64,98.5
1985-01-31,-36.81,96.6
1985-02-01,-37,95.56
1985-02-02,-35.59,98.19
1985-02-03,-36.93,97.69
1985-02-04,-39.69,98.36
1985-02-05,-41.71,98.3
1985-02-06,-36.47,96.06
1985-02-07,-34.04,95.95
1985-02-08,-39.6,98.87
1985-02-09,-43.01,98.53
1985-02-10,-40.3,95.99
1985-02-11,-36.48,94.03
1985-02-12,-39.93,96.87
1985-02-13,-34.48,95.3
1985-02-14,-33.71,95.6
1985-02-15,-32.69,88.6
1985-02-16,-27.71,94.88
1985-02-17,-25.93,97.95
1985-02-18,-29.12,98.45
1985-02-19,-29.39,98.49
1985-02-20,-27.9,98.35
1985-02-21,-33.87,97.93
1985-02-22,-31.36,94.26
1985-02-23,-29.51,98.17
1985-02-24,-29.14,97.36
1985-02-25,-28.31,98.54
1985-02-26,-29.3,98.22
1985-02-27,-27.16,97.98
1985-02-28,-28.27,98.32
1985-03-01,-30.7,98.02
1985-03-02,-25.5,97.81
1985-03-03,-18.55,96
1985-03-04,-21.76,97.16
1985-03-05,-24.56,95.09
1985-03-06,-34.6,98.37
1985-03-07,-39.4,96.84
1985-03-08,-37.59,96.04
1985-03-09,-37.61,97.33
1985-03-10,-36.75,96.71
1985-03-11,-29.47,95.69
1985-03-12,-21.6,96.4
1985-03-13,-16.59,99.97
1985-03-14,-11.74,98.3
1985-03-15,-14.97,99.53
1985-03-16,-15.04,98.19
1985-03-17,-14.73,98.56
1985-03-18,-12.32,98.94
1985-03-19,-13.02,98.28
1985-03-20,-19.19,97.16
1985-03-21,-21.32,96.86
1985-03-22,-12.72,98.69
1985-03-23,-8.15,98.2
1985-03-24,-14.6,98.71
1985-03-25,-25.35,97.12
1985-03-26,-20.49,95.15
1985-03-27,-19.58,97.4
1985-03-28,-16.33,97.37
1985-03-29,-13.88,96.31
1985-03-30,-11.84,93.1
1985-03-31,-8.57,97.29
1985-04-01,-21.24,96.29
1985-04-02,-17.48,97.38
1985-04-03,-8.69,99.12
1985-04-04,-12.79,94.95
1985-04-05,-14.07,96.01
1985-04-06,-11.08,98.92
1985-04-07,-18.03,98.18
1985-04-08,-19.21,96.83
1985-04-09,-21.84,96.95
1985-04-10,-15.6,94.58
1985-04-11,-11.28,97.94
1985-04-12,-7.27,97.21
1985-04-13,-6.05,97.09
1985-04-14,-0.6,98.58
1985-04-15,0.16,98.05
1985-04-16,-1.67,99.32
1985-04-17,-1.1,98.02
1985-04-18,-4.33,98.93
1985-04-19,-4.32,97.94
1985-04-20,-2.11,94.18
1985-04-21,-0.11,84.79
1985-04-22,-0.87,80.94
1985-04-23,-1.45,83.67
1985-04-24,-2.09,92.1
1985-04-25,-1.44,91.97
1985-04-26,-1.31,82.5
1985-04-27,0.47,77.63
1985-04-28,0.94,75.78
1985-04-29,2.03,75.55
1985-04-30,3.33,69.7
1985-05-01,2.92,64.99
1985-05-02,4.64,68.32
1985-05-03,3.08,62.61
1985-05-04,5.78,59.37
1985-05-05,7.78,56.88
1985-05-06,7.93,70.61
1985-05-07,6.49,71.77
1985-05-08,7.93,61.96
1985-05-09,2.98,68.87
1985-05-10,4.88,70.56
1985-05-11,1.37,78.35
1985-05-12,2.24,79.88
1985-05-13,0.33,68.5
1985-05-14,2.81,65.21
1985-05-15,4.51,87.54
1985-05-16,3.09,75.65
1985-05-17,3.8,62.43
1985-05-18,6.76,76.11
1985-05-19,12.22,76.03
1985-05-20,6.5,80.64
1985-05-21,4.53,74.1
1985-05-22,2.91,71.2
1985-05-23,4.45,65.8
1985-05-24,4.71,59.45
1985-05-25,2.87,82.67
1985-05-26,2.05,84.23
1985-05-27,6,84.5
1985-05-28,12.69,66.74
1985-05-29,13.84,67.73
1985-05-30,16.07,61.38
1985-05-31,16.54,58.87
1985-06-01,15.64,69.89
1985-06-02,12.07,66.89
1985-06-03,11.66,61.93
1985-06-04,9.9,75.78
1985-06-05,10.38,75.95
1985-06-06,14.7,49.69
1985-06-07,13.81,63.62
1985-06-08,13.42,59.86
1985-06-09,12.76,68.11
1985-06-10,15.03,70.14
1985-06-11,16.2,84.34
1985-06-12,13.54,91.76
1985-06-13,14.83,76.57
1985-06-14,15.92,70.77
1985-06-15,16.19,77.88
1985-06-16,14.53,71.65
1985-06-17,15.95,70.43
1985-06-18,17.38,68.51
1985-06-19,11.3,65.48
1985-06-20,6.51,83.98
1985-06-21,9.83,74.21
1985-06-22,13.74,71.08
1985-06-23,12.49,75.24
1985-06-24,15.5,77.92
1985-06-25,21.97,63.76
1985-06-26,16.3,62.44
1985-06-27,16.3,59.27
1985-06-28,18.94,57.19
1985-06-29,16.75,64.69
1985-06-30,18.22,76.75
1985-07-01,21.79,66.58
1985-07-02,25.12,58.17
1985-07-03,15.95,53.68
1985-07-04,11.42,52.37
1985-07-05,14.17,51.39
1985-07-06,15.34,51.33
1985-07-07,18.77,44.83
1985-07-08,16.23,73.56
1985-07-09,16.5,55.76
1985-07-10,18.64,54.89
1985-07-11,18.74,82.56
1985-07-12,20.89,64.95
1985-07-13,17.38,72.3
1985-07-14,17.24,57.1
1985-07-15,20.59,58.84
1985-07-16,21,58.7
1985-07-17,20.57,55.1
1985-07-18,20.29,59.39
1985-07-19,19.72,71.21
1985-07-20,16.91,73.54
1985-07-21,18.47,62.64
1985-07-22,15.96,72.6
1985-07-23,18.93,59.6
1985-07-24,19.24,60.71
1985-07-25,17.25,76.14
1985-07-26,14.58,62.07
1985-07-27,13.1,65.73
1985-07-28,12.27,59.07
1985-07-29,15.44,61.49
1985-07-30,8.75,85.2
1985-07-31,9.53,72.05
1985-08-01,11.78,63.66
1985-08-02,14.55,55.33
1985-08-03,17.31,52.78
1985-08-04,17.89,55.38
1985-08-05,18.54,50.17
1985-08-06,16.97,62.41
1985-08-07,18.63,57.31
1985-08-08,20.67,47.61
1985-08-09,19.6,55.21
1985-08-10,11.87,61.38
1985-08-11,11.1,55.33
1985-08-12,12.07,60.33
1985-08-13,14.87,51.66
1985-08-14,16.09,55.14
1985-08-15,17.84,63.22
1985-08-16,16,63.6
1985-08-17,15.29,70.16
1985-08-18,18.83,53.16
1985-08-19,19.37,56.32
1985-08-20,19.15,63.37
1985-08-21,12.1,96.28
1985-08-22,9.92,95.67
1985-08-23,11.38,77.41
1985-08-24,13.48,61.6
1985-08-25,14.74,60.66
1985-08-26,14.1,59.75
1985-08-27,11.28,66.73
1985-08-28,13.39,63.71
1985-08-29,15.29,59.26
1985-08-30,13.61,76.52
1985-08-31,9.76,58.71
1985-09-01,9.93,70.31
1985-09-02,8.69,58.28
1985-09-03,7.81,64.22
1985-09-04,8.9,64.9
1985-09-05,10.04,71.83
1985-09-06,9.91,96.89
1985-09-07,10.91,82.43
1985-09-08,12.72,69.57
1985-09-09,12.04,71.87
1985-09-10,11.26,65.48
1985-09-11,10.76,71.62
1985-09-12,10.23,75.69
1985-09-13,5.62,84.42
1985-09-14,3.82,78.84
1985-09-15,4.31,86.77
1985-09-16,4.51,84.14
1985-09-17,2.5,90.71
1985-09-18,-1.93,94.99
1985-09-19,0.25,93.07
1985-09-20,2.04,92.62
1985-09-21,2.38,89.38
1985-09-22,1.35,92.2
1985-09-23,0.84,93.3
1985-09-24,2.14,82.7
1985-09-25,2.37,84.83
1985-09-26,1.32,82.64
1985-09-27,1.95,76.8
1985-09-28,1.79,80.26
1985-09-29,2.86,83.25
1985-09-30,0.15,92.69
1985-10-01,-1.01,84.33
1985-10-02,-0.9,90.87
1985-10-03,-1.05,91.16
1985-10-04,-0.69,79.92
1985-10-05,-0.99,92.11
1985-10-06,-3.33,89.29
1985-10-07,-1.21,88.52
1985-10-08,-2.83,92.02
1985-10-09,-2.95,89.55
1985-10-10,-6.97,81.2
1985-10-11,-6.85,84.46
1985-10-12,-5.7,87.5
1985-10-13,-4.85,87.63
1985-10-14,-4.54,80.9
1985-10-15,-6.21,88.81
1985-10-16,-6.16,87.27
1985-10-17,-9.89,86.35
1985-10-18,-13.61,88.03
1985-10-19,-14,81.2
1985-10-20,-14.39,84.85
1985-10-21,-14.5,78.79
1985-10-22,-14.62,73.69
1985-10-23,-14.57,80.42
1985-10-24,-14.6,82.3
1985-10-25,-12.68,88.74
1985-10-26,-12.51,92.24
1985-10-27,-12.67,94.07
1985-10-28,-12.57,90.22
1985-10-29,-12.31,92.66
1985-10-30,-14.87,91.63
1985-10-31,-17.42,91.75
1985-11-01,-14.82,97.38
1985-11-02,-10.94,99.29
1985-11-03,-14.38,98.53
1985-11-04,-18.33,94.79
1985-11-05,-20.32,95.47
1985-11-06,-21.38,97.24
1985-11-07,-15.93,98.82
1985-11-08,-15.19,99.66
1985-11-09,-21.93,99.19
1985-11-10,-22.08,99.32
1985-11-11,-24.08,99.06
1985-11-12,-26.5,99.45
1985-11-13,-26.91,99.07
1985-11-14,-22.48,99.35
1985-11-15,-26.6,99.34
1985-11-16,-25.41,99.9
1985-11-17,-24.62,99.8
1985-11-18,-24.85,99.2
1985-11-19,-24.12,98.42
1985-11-20,-27.13,98.97
1985-11-21,-24.64,98.24
1985-11-22,-25.78,98.83
1985-11-23,-27.3,98.49
1985-11-24,-29.14,98.39
1985-11-25,-31.45,98.9
1985-11-26,-28.39,98.79
1985-11-27,-30.8,98.04
1985-11-28,-31.87,96.91
1985-11-29,-30.57,96.33
1985-11-30,-31.99,97.8
1985-12-01,-34.95,98.58
1985-12-02,-39.84,99.04
1985-12-03,-33.43,96.89
1985-12-04,-34.83,97.79
1985-12-05,-37.05,98.24
1985-12-06,-31.28,98.72
1985-12-07,-34.74,99
1985-12-08,-32.06,99.07
1985-12-09,-37.32,98.52
1985-12-10,-37.13,97.55
1985-12-11,-44.08,95.65
1985-12-12,-39.19,97.59
1985-12-13,-33.74,97.06
1985-12-14,-34.4,96.71
1985-12-15,-32.13,97.7
1985-12-16,-31.35,95.36
1985-12-17,-32.44,99.1
1985-12-18,-35.08,98.46
1985-12-19,-41.62,98.36
1985-12-20,-41.73,98.14
1985-12-21,-42.18,98.49
1985-12-22,-40.1,97.1
1985-12-23,-44.84,93.61
1985-12-24,-46.52,92.21
1985-12-25,-44.59,98.35
1985-12-26,-42.9,97.12
1985-12-27,-42.78,96.7
1985-12-28,-36.42,98.7
1985-12-29,-37.79,97.23
1985-12-30,-36.64,95.81
1985-12-31,-35.35,95.52
1986-01-01,-37.15,95.4
1986-01-02,-36.79,96.76
1986-01-03,-34.88,96.88
1986-01-04,-37.1,95.09
1986-01-05,-43.72,89.13
1986-01-06,-37.22,96.17
1986-01-07,-36.64,97.17
1986-01-08,-40.05,97.59
1986-01-09,-33.89,99.75
1986-01-10,-33.37,97.54
1986-01-11,-31.91,98.49
1986-01-12,-32.03,98.73
1986-01-13,-32.41,98.94
1986-01-14,-35.64,98.57
1986-01-15,-42.33,93.64
1986-01-16,-46.06,95.63
1986-01-17,-49.85,97.13
1986-01-18,-51.64,97.93
1986-01-19,-48.27,97.33
1986-01-20,-53.95,80.43
1986-01-21,-47.22,94.6
1986-01-22,-42.15,99
1986-01-23,-41.26,99.06
1986-01-24,-40.38,99.21
1986-01-25,-41.61,99.21
1986-01-26,-46.51,93.97
1986-01-27,-48.37,94.8
1986-01-28,-42.61,97.95
1986-01-29,-41.9,96.91
1986-01-30,-38.38,96.4
1986-01-31,-36.01,95.79
1986-02-01,-35.58,95.57
1986-02-02,-36.22,98.87
1986-02-03,-34.08,98.24
1986-02-04,-33.29,98.94
1986-02-05,-23.23,98.73
1986-02-06,-23,99.54
1986-02-07,-30.24,98.86
1986-02-08,-34.15,99.49
1986-02-09,-28.39,99.94
1986-02-10,-33.56,100
1986-02-11,-41.66,99.29
1986-02-12,-37.74,97.13
1986-02-13,-33.26,98.42
1986-02-14,-34.71,99.14
1986-02-15,-35.23,99.39
1986-02-16,-33.86,98.65
1986-02-17,-37.09,99.85
1986-02-18,-35.52,99.34
1986-02-19,-35.92,99.56
1986-02-20,-29.97,99.65
1986-02-21,-28.47,97.47
1986-02-22,-33.53,98.66
1986-02-23,-32.29,96.8
1986-02-24,-25.64,96.25
1986-02-25,-24.72,96.11
1986-02-26,-26.75,97.61
1986-02-27,-17.19,98.14
1986-02-28,-13.82,96.21
1986-03-01,-31.19,95.83
1986-03-02,-33.29,98.17
1986-03-03,-28.94,97.37
1986-03-04,-30.11,98.87
1986-03-05,-23.44,98.26
1986-03-06,-22.47,96.79
1986-03-07,-24.55,93.18
1986-03-08,-19.62,99.38
1986-03-09,-18.51,97.47
1986-03-10,-30.59,94.47
1986-03-11,-32.44,96.07
1986-03-12,-29.53,97.5
1986-03-13,-26.17,98.6
1986-03-14,-20.79,99.02
1986-03-15,-15.22,95.7
1986-03-16,-13.44,97.44
1986-03-17,-9.79,97.65
1986-03-18,-12.57,96.61
1986-03-19,-15.16,99
1986-03-20,-11.54,99.07
1986-03-21,-10.02,95.81
1986-03-22,-20.77,96.87
1986-03-23,-21.22,96.17
1986-03-24,-15.64,97.11
1986-03-25,-22.33,96.77
1986-03-26,-16.83,98.26
1986-03-27,-10.81,97.72
1986-03-28,-9.25,98.74
1986-03-29,-17.73,92.59
1986-03-30,-16.06,97.99
1986-03-31,-18.4,93.31
1986-04-01,-11.69,98.36
1986-04-02,-14.44,98.82
1986-04-03,-13.68,96.97
1986-04-04,-8.27,96.42
1986-04-05,-7.17,97
1986-04-06,-7.18,98.85
1986-04-07,-4.62,97.74
1986-04-08,-15.33,96.42
1986-04-09,-11.41,95.72
1986-04-10,-9.99,95.86
1986-04-11,-10.57,96.6
1986-04-12,-9.25,96.04
1986-04-13,-9.03,97.88
1986-04-14,-15.45,96.6
1986-04-15,-17.72,96.14
1986-04-16,-16.02,96.77
1986-04-17,-7.07,99.03
1986-04-18,-8.4,97.65
1986-04-19,-7.66,97.79
1986-04-20,-7.26,96.86
1986-04-21,-4.29,96.81
1986-04-22,-6.16,98.71
1986-04-23,-4.35,98.2
1986-04-24,-2.71,98.41
1986-04-25,-1.66,99.02
1986-04-26,-5.33,97.4
1986-04-27,-3.8,96.08
1986-04-28,-3.75,97.8
1986-04-29,-2.14,96.91
1986-04-30,0.99,90.93
1986-05-01,0.87,90.58
1986-05-02,1.48,82.14
1986-05-03,1.2,74.56
1986-05-04,-1.29,56.83
1986-05-05,-6.75,72.69
1986-05-06,-7.4,79.2
1986-05-07,-5.85,75.68
1986-05-08,-3.93,75.24
1986-05-09,-2.26,81.98
1986-05-10,-2.33,84.06
1986-05-11,-0.83,78.23
1986-05-12,-3.25,73.64
1986-05-13,-4.08,68.65
1986-05-14,1.24,72.24
1986-05-15,3.99,82.59
1986-05-16,6.58,76.55
1986-05-17,9.15,72.72
1986-05-18,7.42,72.97
1986-05-19,5.18,76.9
1986-05-20,5.55,73.26
1986-05-21,3.47,70.42
1986-05-22,3.31,69.93
1986-05-23,3.28,67.69
1986-05-24,2.71,60.67
1986-05-25,5.78,48.49
1986-05-26,9,60.57
1986-05-27,12.57,54.08
1986-05-28,14.11,66.77
1986-05-29,10.8,73.82
1986-05-30,7.49,78.37
1986-05-31,11.71,75.43
1986-06-01,19.15,68.18
1986-06-02,20.67,66.89
1986-06-03,12.16,75.77
1986-06-04,10.28,63.2
1986-06-05,11.15,62.37
1986-06-06,8.72,80.08
1986-06-07,8.67,74.04
1986-06-08,11.04,71.6
1986-06-09,15.55,68.88
1986-06-10,14.76,72.31
1986-06-11,15.25,67.74
1986-06-12,15.62,92.15
1986-06-13,18.16,86.27
1986-06-14,19.19,68.01
1986-06-15,10.08,71.02
1986-06-16,15.9,57.71
1986-06-17,19,54.05
1986-06-18,19,55.46
1986-06-19,15.19,67.38
1986-06-20,15.08,63.56
1986-06-21,19.35,58.72
1986-06-22,20.3,56.21
1986-06-23,21.54,51.23
1986-06-24,21.98,54.41
1986-06-25,18.75,82.52
1986-06-26,16.68,59.17
1986-06-27,11.38,67.93
1986-06-28,15.23,72.5
1986-06-29,13.1,73.98
1986-06-30,14.55,61.96
1986-07-01,14.63,60.35
1986-07-02,20.06,61.69
1986-07-03,16.22,60.62
1986-07-04,20.17,51.21
1986-07-05,22.78,66.45
1986-07-06,25.08,58.58
1986-07-07,26.18,51.91
1986-07-08,26.41,57.8
1986-07-09,26.25,50.21
1986-07-10,23.69,51.16
1986-07-11,22.83,45.11
1986-07-12,25.57,41.02
1986-07-13,27.92,44.92
1986-07-14,27.07,53.88
1986-07-15,25.95,61.09
1986-07-16,26.62,53.57
1986-07-17,26,54.16
1986-07-18,18.97,57.01
1986-07-19,16.37,46.35
1986-07-20,16.66,45.89
1986-07-21,17.79,40.45
1986-07-22,20.13,39.64
1986-07-23,19.98,58.02
1986-07-24,13.54,55.7
1986-07-25,16.02,39.81
1986-07-26,9.78,87.86
1986-07-27,14.12,51.86
1986-07-28,14.58,47.35
1986-07-29,17.19,46.26
1986-07-30,16.14,58.16
1986-07-31,14.87,67.6
1986-08-01,12.59,87.74
1986-08-02,15.96,62.97
1986-08-03,19.59,49.76
1986-08-04,19.83,49.07
1986-08-05,22.28,47.86
1986-08-06,23.16,53.42
1986-08-07,25.07,45.47
1986-08-08,27.16,43.96
1986-08-09,25.99,51.6
1986-08-10,22.35,67.95
1986-08-11,19.79,89.5
1986-08-12,15.6,92.39
1986-08-13,11.69,71.95
1986-08-14,10.13,65.65
1986-08-15,11.46,64.82
1986-08-16,13.11,61.21
1986-08-17,14.44,57.66
1986-08-18,14.47,50.96
1986-08-19,15.78,59.74
1986-08-20,12.83,78.9
1986-08-21,10.03,81.61
1986-08-22,11.58,80.31
1986-08-23,12.31,87.87
1986-08-24,15.38,67.86
1986-08-25,14.49,68.91
1986-08-26,14.23,60.17
1986-08-27,16.12,62.18
1986-08-28,16.17,58.76
1986-08-29,10.63,74.6
1986-08-30,9.66,65.28
1986-08-31,11.75,68.53
1986-09-01,13.03,65.71
1986-09-02,14.39,57.59
1986-09-03,15.28,68.65
1986-09-04,16.42,60.54
1986-09-05,15.41,60.42
1986-09-06,7.74,63.24
1986-09-07,6.6,65.61
1986-09-08,6.8,65.34
1986-09-09,1.2,96.71
1986-09-10,4.32,80.52
1986-09-11,5.54,98.03
1986-09-12,6.07,91.46
1986-09-13,4.43,89.38
1986-09-14,6.53,76.58
1986-09-15,9.42,76.74
1986-09-16,1.37,90.87
1986-09-17,4.04,77.72
1986-09-18,4.31,86.22
1986-09-19,2.86,90.53
1986-09-20,6.16,87.08
1986-09-21,3.33,93.3
1986-09-22,-0.22,79.42
1986-09-23,0.61,78.45
1986-09-24,3.39,67.69
1986-09-25,-1.25,63.59
1986-09-26,-2.93,67.26
1986-09-27,-1.28,74.55
1986-09-28,0.83,70.45
1986-09-29,0.67,88.11
1986-09-30,-0.69,84.74
1986-10-01,-2.07,75.21
1986-10-02,0.17,75.3
1986-10-03,-0.78,81.12
1986-10-04,-1.24,80.15
1986-10-05,-0.87,86.28
1986-10-06,0.47,84.58
1986-10-07,-3.44,82.58
1986-10-08,0.67,93.84
1986-10-09,0.77,94.16
1986-10-10,0.64,93.87
1986-10-11,-0.89,79.31
1986-10-12,-7.07,70.32
1986-10-13,-8.21,83.33
1986-10-14,-8.68,77.62
1986-10-15,-7.83,78.25
1986-10-16,-7.76,83.69
1986-10-17,-7.42,79.44
1986-10-18,-7.44,93.43
1986-10-19,-5.82,90.52
1986-10-20,-7.56,85.48
1986-10-21,-9.66,88.98
1986-10-22,-8.89,90.41
1986-10-23,-10.62,92.88
1986-10-24,-10.7,93.68
1986-10-25,-10.44,88.27
1986-10-26,-12.98,83.28
1986-10-27,-14.31,88.74
1986-10-28,-15.64,76.09
1986-10-29,-14.72,80.47
1986-10-30,-12.03,96.47
1986-10-31,-10.23,95.53
1986-11-01,-12.64,90
1986-11-02,-16.04,83.19
1986-11-03,-17.85,84.44
1986-11-04,-18.81,91.35
1986-11-05,-19.72,89.38
1986-11-06,-23.28,84.38
1986-11-07,-26.88,87.28
1986-11-08,-28.5,92.35
1986-11-09,-27.47,88.19
1986-11-10,-25.2,96.33
1986-11-11,-25.31,96.19
1986-11-12,-27.59,89.88
1986-11-13,-30.45,83.87
1986-11-14,-32.3,88.2
1986-11-15,-32.86,91.92
1986-11-16,-30.92,90.97
1986-11-17,-26.94,88.07
1986-11-18,-29.42,92.86
1986-11-19,-25.79,91.22
1986-11-20,-22.7,91.06
1986-11-21,-24.19,94.53
1986-11-22,-20.67,97.87
1986-11-23,-17.68,98.02
1986-11-24,-17.8,97.29
1986-11-25,-18.8,97.94
1986-11-26,-20.23,98.4
1986-11-27,-29.68,98.39
1986-11-28,-29.4,98.85
1986-11-29,-26.62,99.71
1986-11-30,-35.97,98.41
1986-12-01,-30.14,99.88
1986-12-02,-25.8,100
1986-12-03,-22.57,99.94
1986-12-04,-20.1,99.87
1986-12-05,-19.51,99.29
1986-12-06,-17.36,99.98
1986-12-07,-14.94,99.36
1986-12-08,-22.43,98.27
1986-12-09,-27.93,99.06
1986-12-10,-25.79,98.62
1986-12-11,-25.38,98.64
1986-12-12,-34.52,99.49
1986-12-13,-34.77,99.18
1986-12-14,-42.34,96.17
1986-12-15,-44.47,96.42
1986-12-16,-46.98,97.4
1986-12-17,-41.43,98.44
1986-12-18,-40.85,99.43
1986-12-19,-38.67,99.17
1986-12-20,-45.04,96.9
1986-12-21,-53.35,92.17
1986-12-22,-51.98,96.79
1986-12-23,-50.94,97.06
1986-12-24,-47.2,96.45
1986-12-25,-47.6,93.24
1986-12-26,-47.42,95.97
1986-12-27,-48.06,96.76
1986-12-28,-45.8,92.16
1986-12-29,-42.69,95.99
1986-12-30,-40.14,96.51
1986-12-31,-41.42,93.07
1987-01-01,-45.6,99.71
1987-01-02,-50.48,99.23
1987-01-03,-51.87,98.27
1987-01-04,-51.46,96.8
1987-01-05,-54.89,89.11
1987-01-06,-54.69,82.55
1987-01-07,-52.07,97.4
1987-01-08,-46.67,95.23
1987-01-09,-44.08,93.74
1987-01-10,-45.69,98.81
1987-01-11,-44.32,95.63
1987-01-12,-48.57,94.04
1987-01-13,-45.77,96.77
1987-01-14,-41.24,98.51
1987-01-15,-40.32,99.44
1987-01-16,-37.87,99.13
1987-01-17,-37.44,98.28
1987-01-18,-44.19,98.19
1987-01-19,-45.02,96.55
1987-01-20,-42.06,97.52
1987-01-21,-32.31,99.96
1987-01-22,-38.26,99.56
1987-01-23,-35.89,98.84
1987-01-24,-36.69,99.41
1987-01-25,-40.16,99.95
1987-01-26,-42.04,99.72
1987-01-27,-40.54,99.75
1987-01-28,-33.47,96.47
1987-01-29,-36.67,97.88
1987-01-30,-36.47,95.84
1987-01-31,-39.74,99.18
1987-02-01,-38.25,98.56
1987-02-02,-31.46,98.9
1987-02-03,-25.21,97.54
1987-02-04,-32.79,98.27
1987-02-05,-39.09,99.81
1987-02-06,-36.98,99.46
1987-02-07,-32.53,98.42
1987-02-08,-31.2,97.78
1987-02-09,-36.27,99.06
1987-02-10,-37.77,98.14
1987-02-11,-36.23,95.63
1987-02-12,-36.36,93.99
1987-02-13,-35.9,95.09
1987-02-14,-37.24,96.26
1987-02-15,-33.15,95.65
1987-02-16,-32.04,96.7
1987-02-17,-31.76,98.29
1987-02-18,-31.39,99.52
1987-02-19,-33.58,98.77
1987-02-20,-35.41,99.72
1987-02-21,-36.09,99.57
1987-02-22,-36.48,97.99
1987-02-23,-31.6,97.2
1987-02-24,-30.3,98.48
1987-02-25,-28.31,98.66
1987-02-26,-21.73,99.1
1987-02-27,-21.32,98.76
1987-02-28,-23.74,98.64
1987-03-01,-18.89,98.46
1987-03-02,-25.85,97.24
1987-03-03,-32.22,95.53
1987-03-04,-27.77,96.85
1987-03-05,-25.09,96.06
1987-03-06,-25.82,97.26
1987-03-07,-22.41,97.71
1987-03-08,-27.87,98.29
1987-03-09,-24.06,97.32
1987-03-10,-20.68,97.62
1987-03-11,-18.57,98.98
1987-03-12,-21.06,98.03
1987-03-13,-25.34,98.28
1987-03-14,-17.39,98.76
1987-03-15,-15.75,99.32
1987-03-16,-16.7,98.72
1987-03-17,-15.92,99.06
1987-03-18,-14.69,98.86
1987-03-19,-18.69,97.23
1987-03-20,-19.36,95.64
1987-03-21,-19.97,97.82
1987-03-22,-20.66,98.18
1987-03-23,-17.72,96.36
1987-03-24,-23.9,96.56
1987-03-25,-27.05,95.78
1987-03-26,-23.66,96.05
1987-03-27,-22.65,95.04
1987-03-28,-23.22,96.07
1987-03-29,-23.71,96.26
1987-03-30,-21.72,96.23
1987-03-31,-20.97,94.5
1987-04-01,-18.83,93.79
1987-04-02,-17.09,95.32
1987-04-03,-15.47,96.53
1987-04-04,-13.3,97.28
1987-04-05,-13.19,97.02
1987-04-06,-6.74,97.15
1987-04-07,-6.36,98.08
1987-04-08,-5.14,99.09
1987-04-09,-8.26,98.25
1987-04-10,-9.9,97.4
1987-04-11,-9.15,96.34
1987-04-12,-6.57,98.62
1987-04-13,-10.96,97.6
1987-04-14,-7.13,96.32
1987-04-15,-5.17,98.11
1987-04-16,-5.94,97.78
1987-04-17,-7.54,97.6
1987-04-18,-8.81,96.93
1987-04-19,-12.69,96.55
1987-04-20,-19.39,96.59
1987-04-21,-18.77,96.97
1987-04-22,-12.62,96.93
1987-04-23,-9.49,98.44
1987-04-24,-6.6,91.64
1987-04-25,-3.44,98.88
1987-04-26,-2.33,97.61
1987-04-27,-5.02,99
1987-04-28,-1.28,97.65
1987-04-29,-3.07,94.76
1987-04-30,-6.49,90.29
1987-05-01,-7.68,89.22
1987-05-02,-7.36,91
1987-05-03,-5.22,86.52
1987-05-04,-1.51,86.82
1987-05-05,0.24,87.29
1987-05-06,-2.53,83.59
1987-05-07,1.91,78.45
1987-05-08,-1.42,71.2
1987-05-09,-1.39,77.3
1987-05-10,-2.41,76.09
1987-05-11,-2.48,74.65
1987-05-12,-5.96,79.51
1987-05-13,-4.29,68.32
1987-05-14,-4.49,74.89
1987-05-15,-3.77,79.15
1987-05-16,-1.8,66.47
1987-05-17,1.68,66.57
1987-05-18,4.65,76.18
1987-05-19,5.72,67.7
1987-05-20,7.15,71.54
1987-05-21,6,85.3
1987-05-22,5.28,84.94
1987-05-23,6.44,72.47
1987-05-24,6.62,72.03
1987-05-25,9.13,66.3
1987-05-26,7.44,78.76
1987-05-27,5.66,69.45
1987-05-28,0.88,72.55
1987-05-29,2.95,70.93
1987-05-30,6.83,78.49
1987-05-31,5.3,68.18
1987-06-01,4.91,64.46
1987-06-02,5.05,54.18
1987-06-03,6.97,61.24
1987-06-04,8.22,84.86
1987-06-05,5.62,91.52
1987-06-06,8.18,82.59
1987-06-07,10.59,60.53
1987-06-08,10.13,61.96
1987-06-09,13.09,64.54
1987-06-10,16.68,70.18
1987-06-11,18.14,70.23
1987-06-12,17.8,74.3
1987-06-13,15.64,76.48
1987-06-14,10.71,66.18
1987-06-15,14.91,49.89
1987-06-16,15.96,64.53
1987-06-17,20.75,58.23
1987-06-18,21.04,74.6
1987-06-19,14.52,79.26
1987-06-20,9.09,70.75
1987-06-21,11.87,64.5
1987-06-22,13.94,62.51
1987-06-23,12.12,84.32
1987-06-24,10.67,84.67
1987-06-25,12.01,77.69
1987-06-26,16.93,83.07
1987-06-27,11.37,87.7
1987-06-28,14.2,89.25
1987-06-29,13.3,70.85
1987-06-30,15.69,75.1
1987-07-01,15.39,71.53
1987-07-02,16.83,71.1
1987-07-03,18.11,71.7
1987-07-04,16.97,83.78
1987-07-05,18.53,70.6
1987-07-06,18.74,65.67
1987-07-07,20.19,63.23
1987-07-08,18.17,74.35
1987-07-09,13.87,88.48
1987-07-10,14.3,77.7
1987-07-11,12.26,64.78
1987-07-12,12.63,64.67
1987-07-13,11.92,78.75
1987-07-14,14.06,62.03
1987-07-15,14.83,70.39
1987-07-16,15.89,71.43
1987-07-17,15.51,79.67
1987-07-18,16.69,74.93
1987-07-19,17.11,66.76
1987-07-20,17.23,66.25
1987-07-21,18.48,73.55
1987-07-22,20.35,61.38
1987-07-23,23.39,56.06
1987-07-24,23.05,58.58
1987-07-25,20.41,73.22
1987-07-26,13.71,78.59
1987-07-27,18.44,50.88
1987-07-28,20.89,58.14
1987-07-29,16.43,81.72
1987-07-30,18.63,64.52
1987-07-31,20.16,57.25
1987-08-01,20.63,61.83
1987-08-02,20.41,69.05
1987-08-03,14.62,86.36
1987-08-04,14.69,67.48
1987-08-05,16.2,61.18
1987-08-06,17.62,56.48
1987-08-07,17.68,66.83
1987-08-08,16.32,88.73
1987-08-09,19.62,74.71
1987-08-10,21.44,67.9
1987-08-11,18.91,68.15
1987-08-12,20.24,67.47
1987-08-13,20.86,70.65
1987-08-14,21.82,69.88
1987-08-15,16.66,69.52
1987-08-16,14.17,58.11
1987-08-17,11.85,50.13
1987-08-18,14.49,52.35
1987-08-19,17.27,51.36
1987-08-20,16.31,58.81
1987-08-21,10.55,72.63
1987-08-22,7.85,66.75
1987-08-23,11.07,59.16
1987-08-24,14.05,61.9
1987-08-25,14.97,55.9
1987-08-26,15.74,50.69
1987-08-27,16.15,51.55
1987-08-28,14.27,64.07
1987-08-29,9.18,65.86
1987-08-30,8.64,58.84
1987-08-31,10.69,57.17
1987-09-01,8.61,58.51
1987-09-02,9,63.2
1987-09-03,10.82,64.06
1987-09-04,11.02,59.96
1987-09-05,7.16,96.18
1987-09-06,6.27,96.33
1987-09-07,7.6,72.03
1987-09-08,10.46,73.47
1987-09-09,6.79,89
1987-09-10,7.46,71.35
1987-09-11,3.98,61.5
1987-09-12,2.11,61.78
1987-09-13,1.54,79.93
1987-09-14,-1.14,88.61
1987-09-15,1.25,87.5
1987-09-16,4.65,68.61
1987-09-17,3.06,81.08
1987-09-18,-0.24,89.28
1987-09-19,0.67,82.02
1987-09-20,2.47,72.11
1987-09-21,-0.16,92.78
1987-09-22,0.69,88.16
1987-09-23,2.15,83.01
1987-09-24,-1.22,62.65
1987-09-25,-3.51,60.62
1987-09-26,-4,66.55
1987-09-27,-3.29,75.09
1987-09-28,-0.55,71.36
1987-09-29,-0.24,79.64
1987-09-30,1.75,89.91
1987-10-01,0.5,97.65
1987-10-02,0.6,95.53
1987-10-03,-0.95,87.78
1987-10-04,-3.19,77.18
1987-10-05,-5.41,76.49
1987-10-06,-5.16,80.75
1987-10-07,-4.7,78.33
1987-10-08,-6.39,78.26
1987-10-09,-5.64,78.15
1987-10-10,-8.77,77.93
1987-10-11,-6.91,86.71
1987-10-12,-10.2,78.89
1987-10-13,-11.97,84.67
1987-10-14,-7.42,97.93
1987-10-15,-7.82,96.45
1987-10-16,-11.16,91.73
1987-10-17,-12.59,86.04
1987-10-18,-11.88,77.07
1987-10-19,-14.07,84.5
1987-10-20,-15.33,82.8
1987-10-21,-16.57,90.57
1987-10-22,-14.16,96.86
1987-10-23,-10.95,98.67
1987-10-24,-10.61,95.83
1987-10-25,-15.87,93.16
1987-10-26,-18.58,91.17
1987-10-27,-18.48,93.83
1987-10-28,-16.19,97.04
1987-10-29,-14.99,98.27
1987-10-30,-12.69,98.06
1987-10-31,-14.5,98.78
1987-11-01,-15.26,99.54
1987-11-02,-16.3,99.82
1987-11-03,-16.52,99.68
1987-11-04,-15.62,99.75
1987-11-05,-15.22,99.25
1987-11-06,-22.68,98.44
1987-11-07,-28.07,97.94
1987-11-08,-34.73,99.15
1987-11-09,-39.32,98.74
1987-11-10,-30.27,97.53
1987-11-11,-35.36,99.07
1987-11-12,-34.11,97.75
1987-11-13,-28.08,98.37
1987-11-14,-35.91,98.53
1987-11-15,-32.83,99.02
1987-11-16,-35.53,97.67
1987-11-17,-38.55,98.17
1987-11-18,-38.77,98.69
1987-11-19,-45.12,99.25
1987-11-20,-45.97,97.62
1987-11-21,-43.63,97.69
1987-11-22,-35.36,97.81
1987-11-23,-34.79,97.46
1987-11-24,-35.96,97.16
1987-11-25,-33.87,97.95
1987-11-26,-33.12,97
1987-11-27,-34.03,97.92
1987-11-28,-32.83,98.47
1987-11-29,-32.14,98.56
1987-11-30,-28.84,99.6
1987-12-01,-29.17,99.53
1987-12-02,-38.74,99.35
1987-12-03,-39.27,98.35
1987-12-04,-39.51,96.85
1987-12-05,-33.61,99
1987-12-06,-21.1,99.47
1987-12-07,-20.95,98.89
1987-12-08,-26.59,99.6
1987-12-09,-28.5,98.93
1987-12-10,-27.6,99.32
1987-12-11,-40.55,97.7
1987-12-12,-43.48,96
1987-12-13,-39.08,97.16
1987-12-14,-44.84,97.24
1987-12-15,-51.24,93.92
1987-12-16,-48.07,95.01
1987-12-17,-51.33,93.83
1987-12-18,-46.69,98.86
1987-12-19,-50.29,94.82
1987-12-20,-51.58,92.23
1987-12-21,-50.76,97.59
1987-12-22,-41.59,95.88
1987-12-23,-40.36,97.85
1987-12-24,-43.61,98.6
1987-12-25,-46.74,95.14
1987-12-26,-48.9,94.76
1987-12-27,-51.48,94.68
1987-12-28,-51.74,96.45
1987-12-29,-50.09,86.15
1987-12-30,-50.5,91.68
1987-12-31,-49.77,90.25
1988-01-01,-44.51,96.03
1988-01-02,-46,97.55
1988-01-03,-48.82,99.49
1988-01-04,-45.96,94.67
1988-01-05,-44.41,98.22
1988-01-06,-46.08,96.4
1988-01-07,-45.46,96.92
1988-01-08,-44.07,100
1988-01-09,-42.86,100
1988-01-10,-42.85,99.38
1988-01-11,-35.1,97.96
1988-01-12,-31.64,97.62
1988-01-13,-31.49,99.05
1988-01-14,-35.97,99.07
1988-01-15,-29.79,99.47
1988-01-16,-31.27,98.79
1988-01-17,-32.51,98.71
1988-01-18,-28.1,99.84
1988-01-19,-37.86,99.18
1988-01-20,-40.99,96.26
1988-01-21,-40.64,97.3
1988-01-22,-46.81,91.46
1988-01-23,-42.08,97.2
1988-01-24,-41.54,97.27
1988-01-25,-37.89,96.04
1988-01-26,-32.75,95.7
1988-01-27,-37.45,96.38
1988-01-28,-37,98.82
1988-01-29,-37.17,98.83
1988-01-30,-38.84,97.26
1988-01-31,-42.3,97.58
1988-02-01,-41.25,99.78
1988-02-02,-42.9,99.17
1988-02-03,-39.57,97.72
1988-02-04,-44.67,96.8
1988-02-05,-33.03,98.79
1988-02-06,-28.42,97.75
1988-02-07,-29.71,96.27
1988-02-08,-32.66,94.97
1988-02-09,-33.47,95.8
1988-02-10,-32.18,95.9
1988-02-11,-32.87,96.01
1988-02-12,-35.28,96.38
1988-02-13,-35.46,97.67
1988-02-14,-34.18,96.47
1988-02-15,-36.25,97.76
1988-02-16,-33.35,98.59
1988-02-17,-34.96,98.2
1988-02-18,-35.1,97.67
1988-02-19,-32.35,97.93
1988-02-20,-31.51,98.58
1988-02-21,-35.56,98.7
1988-02-22,-34.99,96.53
1988-02-23,-34.17,98.52
1988-02-24,-29.05,96.62
1988-02-25,-24.69,96.62
1988-02-26,-21.57,95.64
1988-02-27,-15.65,95.74
1988-02-28,-18.2,96.16
1988-02-29,-22.26,97.26
1988-03-01,-23.54,97.54
1988-03-02,-23.44,96.9
1988-03-03,-24.96,96.76
1988-03-04,-30.2,97.73
1988-03-05,-25,98.4
1988-03-06,-31.45,99.03
1988-03-07,-22.85,97.88
1988-03-08,-23.84,95.2
1988-03-09,-27.74,96.01
1988-03-10,-27.66,98.13
1988-03-11,-25.14,98.69
1988-03-12,-17.41,98.86
1988-03-13,-21.59,97.3
1988-03-14,-27.03,96.32
1988-03-15,-26.14,95.37
1988-03-16,-23.59,92.15
1988-03-17,-24.54,96.2
1988-03-18,-25.87,95.66
1988-03-19,-27.99,97.02
1988-03-20,-19.57,96.43
1988-03-21,-17.76,95.67
1988-03-22,-15.47,94.63
1988-03-23,-14.5,96.85
1988-03-24,-12.74,98.57
1988-03-25,-11.28,98.02
1988-03-26,-10.21,95.8
1988-03-27,-11.19,98.73
1988-03-28,-10.22,97.89
1988-03-29,-12.09,97.78
1988-03-30,-8.32,98.41
1988-03-31,-14.55,97.19
1988-04-01,-14.89,96.56
1988-04-02,-19.34,92.28
1988-04-03,-16.52,95.92
1988-04-04,-10.86,98.2
1988-04-05,-10.86,95.38
1988-04-06,-4.3,97.84
1988-04-07,-0.98,96.77
1988-04-08,-5.84,97.67
1988-04-09,-12.14,96.53
1988-04-10,-4.79,98.53
1988-04-11,-4.59,98.24
1988-04-12,-9.92,95.38
1988-04-13,-7.01,98.06
1988-04-14,-0.83,98.59
1988-04-15,-5.64,95.15
1988-04-16,-13.97,95.26
1988-04-17,-10.87,95.21
1988-04-18,-8.06,95.85
1988-04-19,-1.8,98.06
1988-04-20,-1.85,97.57
1988-04-21,-3.61,95.3
1988-04-22,-3.17,94.28
1988-04-23,0.61,87.5
1988-04-24,2.65,71.8
1988-04-25,-1.73,70.84
1988-04-26,-1.48,69.32
1988-04-27,-4.21,76.84
1988-04-28,-8.44,78.74
1988-04-29,-5.98,74.57
1988-04-30,-4.56,74.35
1988-05-01,-3.37,78.61
1988-05-02,-1.92,84.29
1988-05-03,0.72,90.79
1988-05-04,2.53,80.59
1988-05-05,1.74,80.51
1988-05-06,2.63,76.03
1988-05-07,2.44,69.32
1988-05-08,4.07,65.62
1988-05-09,5.59,75.97
1988-05-10,1.95,83.07
1988-05-11,5.06,66.73
1988-05-12,6.37,66.73
1988-05-13,6.41,72.18
1988-05-14,3.94,75.55
1988-05-15,5.6,74.57
1988-05-16,3.59,84.42
1988-05-17,8.44,66.14
1988-05-18,6.05,79.35
1988-05-19,7.48,74.49
1988-05-20,7.35,76.6
1988-05-21,8.19,69
1988-05-22,10.55,68.36
1988-05-23,11.92,67.91
1988-05-24,14.21,63.07
1988-05-25,13.06,67.17
1988-05-26,10.22,76.95
1988-05-27,14.02,70.17
1988-05-28,14.35,70.5
1988-05-29,16.4,65.55
1988-05-30,12.45,72.12
1988-05-31,13.55,65.48
1988-06-01,14.06,60.01
1988-06-02,14.98,61.81
1988-06-03,12.5,63.01
1988-06-04,13.44,71.22
1988-06-05,11.48,82.57
1988-06-06,10.33,80.59
1988-06-07,9.33,91.25
1988-06-08,9.29,77.03
1988-06-09,11.89,63.73
1988-06-10,10.71,79.39
1988-06-11,12.52,75.79
1988-06-12,12.59,80.46
1988-06-13,14.34,73.66
1988-06-14,18.05,76.27
1988-06-15,19.57,74.23
1988-06-16,20.92,72.9
1988-06-17,21.62,65.52
1988-06-18,18.43,87.46
1988-06-19,17.28,81.61
1988-06-20,13.25,78.32
1988-06-21,15.89,58.66
1988-06-22,16.5,67.42
1988-06-23,20.23,75.79
1988-06-24,21.49,80.19
1988-06-25,17.76,64.03
1988-06-26,19.85,58.35
1988-06-27,14.84,86.43
1988-06-28,20.41,66.55
1988-06-29,17.86,86.65
1988-06-30,18.97,68.78
1988-07-01,21.89,76.56
1988-07-02,23.96,75.34
1988-07-03,18.35,79.74
1988-07-04,15.39,83.82
1988-07-05,16.67,77.37
1988-07-06,17,75.31
1988-07-07,16.01,93.47
1988-07-08,19.02,71.63
1988-07-09,16.97,84.31
1988-07-10,18.66,75.59
1988-07-11,18.93,67
1988-07-12,17.29,78.82
1988-07-13,12.28,72.26
1988-07-14,16.45,57.69
1988-07-15,17.52,67.65
1988-07-16,14.72,75.99
1988-07-17,18.24,61.71
1988-07-18,21.11,87.43
1988-07-19,18.67,74.7
1988-07-20,20.1,68.57
1988-07-21,23.86,71.78
1988-07-22,26.84,65.97
1988-07-23,27.95,66.12
1988-07-24,27.72,64.37
1988-07-25,27.71,63
1988-07-26,26.91,58.09
1988-07-27,27.2,58.33
1988-07-28,21.7,74.43
1988-07-29,21.36,61.69
1988-07-30,18.25,76.82
1988-07-31,14.71,72.83
1988-08-01,19.82,59.38
1988-08-02,19.61,60.99
1988-08-03,11.97,55.47
1988-08-04,13.63,62.92
1988-08-05,11.89,80.93
1988-08-06,14.12,69.79
1988-08-07,14.74,63.73
1988-08-08,16.06,57.81
1988-08-09,17.66,60.38
1988-08-10,14.95,81.85
1988-08-11,14.65,67.69
1988-08-12,13.67,75.34
1988-08-13,9.72,61.14
1988-08-14,12.65,61.65
1988-08-15,16.01,62.14
1988-08-16,17.27,65.34
1988-08-17,19.13,59.85
1988-08-18,14.89,94.08
1988-08-19,11.68,76.25
1988-08-20,8.12,65.46
1988-08-21,10.17,61.85
1988-08-22,10.15,79.46
1988-08-23,12.32,92.09
1988-08-24,10.33,73.72
1988-08-25,10.43,89.48
1988-08-26,10.27,62.09
1988-08-27,10.78,62.84
1988-08-28,12.23,57.7
1988-08-29,11.26,63.61
1988-08-30,11.23,65.03
1988-08-31,10.96,62.71
1988-09-01,11.12,64.95
1988-09-02,9.99,70.83
1988-09-03,10.49,89.98
1988-09-04,8.08,93.58
1988-09-05,7.5,68.35
1988-09-06,8.39,64.58
1988-09-07,11.11,68.56
1988-09-08,9.78,81.39
1988-09-09,8.36,78.93
1988-09-10,6.88,86.64
1988-09-11,5.64,83.6
1988-09-12,6.03,93.32
1988-09-13,2.53,85.39
1988-09-14,6.09,82.96
1988-09-15,7.45,72.26
1988-09-16,8.93,73
1988-09-17,9.89,79.29
1988-09-18,10.4,73.75
1988-09-19,7.19,86.46
1988-09-20,6.91,88.5
1988-09-21,3.42,86.33
1988-09-22,3.2,76.56
1988-09-23,8.12,84.72
1988-09-24,11.42,88.5
1988-09-25,12.48,87.84
1988-09-26,5.96,82.08
1988-09-27,-1.39,82.79
1988-09-28,-0.04,73.8
1988-09-29,1.42,89.52
1988-09-30,3.64,90.21
1988-10-01,4.55,86.57
1988-10-02,4.69,92.49
1988-10-03,3.28,94.82
1988-10-04,3.76,96.76
1988-10-05,4.71,88.86
1988-10-06,-0.23,85.12
1988-10-07,-1.15,84.02
1988-10-08,-1.56,79.67
1988-10-09,-1.66,77.58
1988-10-10,-3.34,78.41
1988-10-11,-6.36,81.84
1988-10-12,-5.75,83.42
1988-10-13,-4.9,78.97
1988-10-14,-4.34,78.62
1988-10-15,-1.86,89.67
1988-10-16,-1.29,89.41
1988-10-17,-1.5,90.02
1988-10-18,-1.19,91.35
1988-10-19,-6.88,80.57
1988-10-20,-8.89,76.95
1988-10-21,-9.87,87.67
1988-10-22,-10.54,90.25
1988-10-23,-9.73,89.63
1988-10-24,-8.4,96.74
1988-10-25,-9.15,91.28
1988-10-26,-10.12,89.76
1988-10-27,-13.7,91.43
1988-10-28,-6.72,98.85
1988-10-29,-9.13,98.5
1988-10-30,-13.63,96.7
1988-10-31,-13.63,96.35
1988-11-01,-14.12,97.04
1988-11-02,-16.98,94.47
1988-11-03,-12.42,98.99
1988-11-04,-15.4,99.23
1988-11-05,-27.3,99.48
1988-11-06,-26.9,98.43
1988-11-07,-32.36,98.7
1988-11-08,-31.41,98.91
1988-11-09,-28.98,99.2
1988-11-10,-24.69,98.52
1988-11-11,-20.04,98.56
1988-11-12,-24.13,97.78
1988-11-13,-28.54,98.03
1988-11-14,-28.11,98.5
1988-11-15,-31.69,97.98
1988-11-16,-30.44,98.9
1988-11-17,-25.47,99.35
1988-11-18,-24.78,99.27
1988-11-19,-25.82,99.18
1988-11-20,-25.4,98.67
1988-11-21,-22.02,98.75
1988-11-22,-26.24,99.25
1988-11-23,-30.02,97.83
1988-11-24,-27.79,98.52
1988-11-25,-22.54,97.48
1988-11-26,-24.08,98.94
1988-11-27,-23.81,99.33
1988-11-28,-17.7,99.56
1988-11-29,-13.56,98.71
1988-11-30,-23.17,98.27
1988-12-01,-35.64,99.67
1988-12-02,-39.18,99.16
1988-12-03,-43.23,96.66
1988-12-04,-39.99,96.47
1988-12-05,-39.57,98.79
1988-12-06,-30.89,98.34
1988-12-07,-23.02,97.65
1988-12-08,-23.48,97.23
1988-12-09,-25.05,97.61
1988-12-10,-23.59,97.99
1988-12-11,-21.71,98.85
1988-12-12,-23.79,98.02
1988-12-13,-27.29,98.63
1988-12-14,-29.11,98.43
1988-12-15,-30.7,98.89
1988-12-16,-26.72,99.28
1988-12-17,-26.83,98.83
1988-12-18,-33.48,99.64
1988-12-19,-30.65,98.76
1988-12-20,-28.19,98.52
1988-12-21,-34.63,98.96
1988-12-22,-31.29,99.9
1988-12-23,-27.87,99.93
1988-12-24,-28.26,99.74
1988-12-25,-25.67,99.43
1988-12-26,-30.31,99.59
1988-12-27,-33.63,99.26
1988-12-28,-33.95,99.1
1988-12-29,-26.4,99.91
1988-12-30,-19.48,100
1988-12-31,-15.38,99.59
1989-01-01,-20.12,97.33
1989-01-02,-30.87,99.59
1989-01-03,-35.42,100
1989-01-04,-35.21,98.66
1989-01-05,-30.59,99.5
1989-01-06,-28.23,99.1
1989-01-07,-28.37,96.85
1989-01-08,-40.52,96.3
1989-01-09,-46.27,89.76
1989-01-10,-43.45,99.13
1989-01-11,-38.63,97.13
1989-01-12,-37.63,99.75
1989-01-13,-39.34,99.09
1989-01-14,-31.46,98.31
1989-01-15,-27.62,99.18
1989-01-16,-35.42,98.57
1989-01-17,-40.98,96.65
1989-01-18,-43.08,97.54
1989-01-19,-46.32,97.83
1989-01-20,-44.86,96.49
1989-01-21,-38.59,96.62
1989-01-22,-44.95,99
1989-01-23,-46.13,96.45
1989-01-24,-43.49,90.77
1989-01-25,-41.06,98.25
1989-01-26,-43.76,98.65
1989-01-27,-46.84,95.16
1989-01-28,-36.75,98.39
1989-01-29,-34.01,98.08
1989-01-30,-31.31,99.54
1989-01-31,-31.59,98.58
1989-02-01,-32.64,99.62
1989-02-02,-26.84,99.62
1989-02-03,-22.56,100
1989-02-04,-25.68,99.84
1989-02-05,-31.15,99.68
1989-02-06,-27.3,99.64
1989-02-07,-23.33,99.19
1989-02-08,-25.19,99.21
1989-02-09,-25.78,98.47
1989-02-10,-23.44,99.16
1989-02-11,-22.96,99.3
1989-02-12,-20.51,99.27
1989-02-13,-23.66,99.6
1989-02-14,-29.48,96.9
1989-02-15,-33.63,97.32
1989-02-16,-31.57,96.1
1989-02-17,-27.07,97.05
1989-02-18,-29.73,97.84
1989-02-19,-29.75,97.62
1989-02-20,-31.2,97.6
1989-02-21,-26.23,99.34
1989-02-22,-21.42,99.99
1989-02-23,-23.73,99.76
1989-02-24,-28.85,98.36
1989-02-25,-31.61,99.19
1989-02-26,-29.68,98
1989-02-27,-25.3,98.81
1989-02-28,-21.44,99.47
1989-03-01,-20.32,99.23
1989-03-02,-18.02,99
1989-03-03,-22.59,98.79
1989-03-04,-23.54,99.14
1989-03-05,-26.98,98.67
1989-03-06,-19.08,97.89
1989-03-07,-20.87,96.24
1989-03-08,-19.89,98.43
1989-03-09,-18.23,98.92
1989-03-10,-13.17,97.89
1989-03-11,-10.34,98.24
1989-03-12,-10.62,98.87
1989-03-13,-10.09,97.81
1989-03-14,-13.39,97.9
1989-03-15,-15.43,97.99
1989-03-16,-19.12,98.57
1989-03-17,-13.05,98.06
1989-03-18,-11.02,98.17
1989-03-19,-8.69,97.92
1989-03-20,-6.19,97.06
1989-03-21,-8.99,97.63
1989-03-22,-8.2,92.64
1989-03-23,-6.54,98.42
1989-03-24,-5.27,97.69
1989-03-25,-6.28,97.04
1989-03-26,-4.16,98.02
1989-03-27,-4.07,95.91
1989-03-28,-1.94,97.44
1989-03-29,-10.49,96.9
1989-03-30,-20.46,96.59
1989-03-31,-16.48,96.6
1989-04-01,-13.84,97.06
1989-04-02,-15.15,97.01
1989-04-03,-13.32,96.67
1989-04-04,-9.74,97.96
1989-04-05,-4.36,97.73
1989-04-06,-7.46,97.55
1989-04-07,-20.18,96.57
1989-04-08,-18.04,95.75
1989-04-09,-13.06,98.41
1989-04-10,-6.27,98.39
1989-04-11,-3.69,96.86
1989-04-12,-11.46,97.39
1989-04-13,-7.28,97.39
1989-04-14,-11.69,95.79
1989-04-15,-4.85,98.69
1989-04-16,-4.79,99.34
1989-04-17,-13.08,98.45
1989-04-18,-13.11,98.18
1989-04-19,-8.67,99.01
1989-04-20,-6.3,98.59
1989-04-21,-5.89,98.16
1989-04-22,-2.73,98.91
1989-04-23,-2.38,98.63
1989-04-24,-2.1,99.15
1989-04-25,-1.84,96.9
1989-04-26,-1.41,96.08
1989-04-27,-1.98,98.28
1989-04-28,-3.48,97.88
1989-04-29,-2.65,99.13
1989-04-30,-1.98,98.41
1989-05-01,-1.31,89.93
1989-05-02,1.91,77.15
1989-05-03,2.97,81.76
1989-05-04,3.03,77.5
1989-05-05,2.07,75.93
1989-05-06,5.59,74.37
1989-05-07,4.27,76.03
1989-05-08,2.98,77.35
1989-05-09,6.02,60.55
1989-05-10,4.93,71.53
1989-05-11,4.43,76.03
1989-05-12,3.82,73.73
1989-05-13,5.14,57.77
1989-05-14,6.73,65.66
1989-05-15,7.85,65.61
1989-05-16,8.31,68.07
1989-05-17,7.69,79.45
1989-05-18,7.12,84.55
1989-05-19,4.46,90.96
1989-05-20,4.39,86.51
1989-05-21,6.39,71.92
1989-05-22,8.99,67.83
1989-05-23,12.18,68.56
1989-05-24,8.03,81.21
1989-05-25,4.92,72.52
1989-05-26,9.8,71.7
1989-05-27,7.81,78.05
1989-05-28,7.99,91.97
1989-05-29,6.3,76.3
1989-05-30,11.34,84.28
1989-05-31,8.09,73.99
1989-06-01,9.24,67.04
1989-06-02,9.93,62.09
1989-06-03,14.22,73
1989-06-04,15.23,92.51
1989-06-05,12.78,86.61
1989-06-06,15.55,83.09
1989-06-07,16.48,89.26
1989-06-08,16.48,89.44
1989-06-09,17.1,81.37
1989-06-10,18.21,73.6
1989-06-11,13.59,73.95
1989-06-12,11.57,75.57
1989-06-13,10.99,84.32
1989-06-14,12.44,83.76
1989-06-15,17.09,83.53
1989-06-16,19.88,83.2
1989-06-17,12.74,76.02
1989-06-18,11.57,66.58
1989-06-19,10.76,71.73
1989-06-20,12.67,74.45
1989-06-21,14.79,80.94
1989-06-22,14.2,78.32
1989-06-23,11.02,83.16
1989-06-24,14.62,73.83
1989-06-25,16.96,77.73
1989-06-26,17.16,82.95
1989-06-27,9.26,89.94
1989-06-28,14.12,66.41
1989-06-29,15.81,90.74
1989-06-30,16.17,91.81
1989-07-01,13.47,77.91
1989-07-02,15.41,83.85
1989-07-03,11.56,87.8
1989-07-04,12.89,75.76
1989-07-05,16.5,71.24
1989-07-06,18.88,69.66
1989-07-07,20.53,83.06
1989-07-08,23.21,83.85
1989-07-09,15.97,81.11
1989-07-10,16.62,79.96
1989-07-11,19.93,71.92
1989-07-12,21.95,69.64
1989-07-13,16.22,79.34
1989-07-14,10.12,77.84
1989-07-15,11.52,78.3
1989-07-16,14.72,70.22
1989-07-17,16.28,72.92
1989-07-18,18.27,70.65
1989-07-19,20.13,80.92
1989-07-20,20.53,75.75
1989-07-21,19.28,85.46
1989-07-22,14.55,94.21
1989-07-23,14.59,77.72
1989-07-24,14.61,71.03
1989-07-25,15.68,74.3
1989-07-26,16.96,73.47
1989-07-27,16.37,80.88
1989-07-28,14.83,88.86
1989-07-29,17.77,81.13
1989-07-30,21.74,73.56
1989-07-31,17.82,77.97
1989-08-01,15.29,92.99
1989-08-02,13.11,89.64
1989-08-03,12.73,76.11
1989-08-04,11.06,91.12
1989-08-05,10.15,71.83
1989-08-06,12.73,72.89
1989-08-07,16.02,63.35
1989-08-08,16.06,67.31
1989-08-09,6.32,86.79
1989-08-10,10.85,73.34
1989-08-11,9.69,85.64
1989-08-12,12.49,73.1
1989-08-13,14.73,65.46
1989-08-14,15.31,74.26
1989-08-15,9.7,93.23
1989-08-16,8.08,95.7
1989-08-17,11.59,78.5
1989-08-18,12.11,88.54
1989-08-19,12,86.25
1989-08-20,13.61,75.9
1989-08-21,15.26,74.79
1989-08-22,15.93,70.02
1989-08-23,17.22,69.59
1989-08-24,17.69,78.27
1989-08-25,15.25,92.9
1989-08-26,13.79,79.06
1989-08-27,15.41,65.86
1989-08-28,15.43,65.29
1989-08-29,15.6,74.4
1989-08-30,12.67,91.85
1989-08-31,13.41,80.16
1989-09-01,13.98,73.1
1989-09-02,15.19,78.58
1989-09-03,15.56,77.47
1989-09-04,10.14,80.22
1989-09-05,8.84,83.12
1989-09-06,9.29,84.08
1989-09-07,6.06,89.6
1989-09-08,2,89.06
1989-09-09,4.12,84.88
1989-09-10,4.62,76.59
1989-09-11,6.48,78.45
1989-09-12,6.43,82.01
1989-09-13,5.56,83.18
1989-09-14,7.48,82.34
1989-09-15,6.08,70.45
1989-09-16,3.58,70.25
1989-09-17,1.74,73.69
1989-09-18,2.66,83.08
1989-09-19,5.22,68.6
1989-09-20,2.57,58.06
1989-09-21,5.11,71.81
1989-09-22,7.89,81.77
1989-09-23,0.11,73.68
1989-09-24,0.92,76.01
1989-09-25,-1.36,79.59
1989-09-26,1.74,62.82
1989-09-27,0.63,90.86
1989-09-28,-2.28,83.31
1989-09-29,-1.65,75.81
1989-09-30,1.09,92.64
1989-10-01,0.63,89.94
1989-10-02,-0.22,88.39
1989-10-03,-0.47,82.45
1989-10-04,-2.16,88.39
1989-10-05,-3.57,80.05
1989-10-06,-0.21,82.14
1989-10-07,0.13,92.78
1989-10-08,-1.16,87.58
1989-10-09,-3.48,76.26
1989-10-10,-8.39,78.23
1989-10-11,-5.56,89.79
1989-10-12,-2.92,90.39
1989-10-13,-9.13,85.28
1989-10-14,-7.77,83.11
1989-10-15,-10.6,88.09
1989-10-16,-15.04,86.42
1989-10-17,-14.48,90.35
1989-10-18,-12.75,86.78
1989-10-19,-12.23,85.76
1989-10-20,-13.93,81.55
1989-10-21,-15.43,85.42
1989-10-22,-16.11,88.7
1989-10-23,-12.33,92.41
1989-10-24,-14.25,92.85
1989-10-25,-11.86,96.16
1989-10-26,-11.9,93.95
1989-10-27,-13.95,87.94
1989-10-28,-16.71,88.66
1989-10-29,-16.91,86.39
1989-10-30,-20.24,92.49
1989-10-31,-17.21,95.9
1989-11-01,-15.51,96.33
1989-11-02,-17.93,96.87
1989-11-03,-21.46,97.12
1989-11-04,-22.48,98.33
1989-11-05,-26.13,98.25
1989-11-06,-27.42,97.52
1989-11-07,-23.54,94
1989-11-08,-25.48,96.99
1989-11-09,-29.77,99.29
1989-11-10,-29.1,94.16
1989-11-11,-28.34,97.39
1989-11-12,-22.67,97.08
1989-11-13,-22.66,97.23
1989-11-14,-19.05,99.04
1989-11-15,-16.91,99.47
1989-11-16,-19.78,96.85
1989-11-17,-36.2,98.13
1989-11-18,-36.64,97.6
1989-11-19,-38.92,96.62
1989-11-20,-39.08,96.89
1989-11-21,-42.91,95.83
1989-11-22,-43.36,95.26
1989-11-23,-43.12,95.9
1989-11-24,-44.49,93.24
1989-11-25,-35.49,95.71
1989-11-26,-29.1,98.69
1989-11-27,-27.73,99.53
1989-11-28,-24.55,99.51
1989-11-29,-23.19,98.83
1989-11-30,-16.56,100
1989-12-01,-14.81,99.47
1989-12-02,-30.38,98.46
1989-12-03,-35.93,98.15
1989-12-04,-36.32,97.68
1989-12-05,-32.27,99.48
1989-12-06,-31.85,98.71
1989-12-07,-32.15,97.53
1989-12-08,-35.45,97.8
1989-12-09,-38.23,96.97
1989-12-10,-35.6,98.1
1989-12-11,-33.04,98.86
1989-12-12,-34.71,98.71
1989-12-13,-32.22,99.35
1989-12-14,-30.18,98.19
1989-12-15,-35.43,96.78
1989-12-16,-43.77,96.52
1989-12-17,-45.98,97.48
1989-12-18,-49.04,95.61
1989-12-19,-44.81,94.66
1989-12-20,-34.38,98.25
1989-12-21,-29.3,96.3
1989-12-22,-27.36,95.16
1989-12-23,-28.28,99.58
1989-12-24,-33.65,99.24
1989-12-25,-31.65,98.82
1989-12-26,-31.33,99.42
1989-12-27,-31.17,99.05
1989-12-28,-30.43,97.38
1989-12-29,-32.44,99.2
1989-12-30,-34.51,99.43
1989-12-31,-29.53,97.79
1990-01-01,-38.01,97.21
1990-01-02,-39.82,99.64
1990-01-03,-35.45,99.94
1990-01-04,-32.56,99.98
1990-01-05,-29.3,98.96
1990-01-06,-28.01,99.69
1990-01-07,-29.01,98.75
1990-01-08,-33.92,97.86
1990-01-09,-42.5,95.45
1990-01-10,-45.88,97
1990-01-11,-42.29,97.49
1990-01-12,-44.26,97.03
1990-01-13,-40.96,98.14
1990-01-14,-40.63,98.07
1990-01-15,-44.51,95.69
1990-01-16,-49.46,96.6
1990-01-17,-52.03,94.35
1990-01-18,-46.9,93.96
1990-01-19,-50.11,97.86
1990-01-20,-47.8,95.77
1990-01-21,-45.7,95.71
1990-01-22,-43.01,93.67
1990-01-23,-42.89,96.56
1990-01-24,-39.34,95.37
1990-01-25,-42.59,94.87
1990-01-26,-43.15,97.46
1990-01-27,-45.37,98.34
1990-01-28,-42.29,95.96
1990-01-29,-37.53,97.85
1990-01-30,-38.44,95.35
1990-01-31,-42.48,96.49
1990-02-01,-47.17,96.32
1990-02-02,-46.95,98.17
1990-02-03,-45.22,98.5
1990-02-04,-41.87,98.29
1990-02-05,-43.03,99.04
1990-02-06,-40.27,97.16
1990-02-07,-38.59,98.01
1990-02-08,-38.08,98.2
1990-02-09,-37.98,97.26
1990-02-10,-39.56,98.7
1990-02-11,-37.32,98.51
1990-02-12,-37.96,98.63
1990-02-13,-36.5,99.37
1990-02-14,-36.88,99.4
1990-02-15,-38.6,96.86
1990-02-16,-29.93,97.8
1990-02-17,-20.79,99.46
1990-02-18,-22.57,98.4
1990-02-19,-27.47,98.28
1990-02-20,-31.32,96.18
1990-02-21,-32.7,93.19
1990-02-22,-33.89,97.8
1990-02-23,-33.16,99.6
1990-02-24,-28.36,99.47
1990-02-25,-25.49,99.87
1990-02-26,-21.93,99.04
1990-02-27,-21.01,99.07
1990-02-28,-15.36,95.65
1990-03-01,-16.75,98.75
1990-03-02,-11.88,98.31
1990-03-03,-12.75,99.08
1990-03-04,-16.82,97.42
1990-03-05,-18.69,97.83
1990-03-06,-14.35,98.22
1990-03-07,-10.37,98.25
1990-03-08,-8.19,97.11
1990-03-09,-15.48,97.03
1990-03-10,-19.21,97.69
1990-03-11,-16.24,97.95
1990-03-12,-12.1,98.95
1990-03-13,-11.37,96.73
1990-03-14,-9.9,96.32
1990-03-15,-11.86,98.67
1990-03-16,-9.96,98.37
1990-03-17,-11.66,98.64
1990-03-18,-7.96,98.93
1990-03-19,-16.82,95.82
1990-03-20,-22.03,96.53
1990-03-21,-20.58,97.16
1990-03-22,-15.2,97.64
1990-03-23,-10.35,97.8
1990-03-24,-4.31,97.58
1990-03-25,-5.9,98.12
1990-03-26,-1.74,98.28
1990-03-27,-5.77,96.89
1990-03-28,-2.04,97.82
1990-03-29,-1.79,98.47
1990-03-30,-12.21,97.26
1990-03-31,-10.86,93.29
1990-04-01,-14.03,96.57
1990-04-02,-11.43,98.05
1990-04-03,-6.56,97.85
1990-04-04,-6.44,98.47
1990-04-05,-6.29,98.18
1990-04-06,-4.13,97.6
1990-04-07,-8.72,97.24
1990-04-08,-5.74,96.31
1990-04-09,-11.58,97.73
1990-04-10,-15.13,96.71
1990-04-11,-15.18,93.04
1990-04-12,-4.89,97.36
1990-04-13,-6.78,95.55
1990-04-14,-11.58,96.95
1990-04-15,-9.69,95.5
1990-04-16,-4.6,96.24
1990-04-17,-2.42,96.68
1990-04-18,-4.01,98.67
1990-04-19,-12.07,97.81
1990-04-20,-13.07,98.19
1990-04-21,-9.4,97.96
1990-04-22,-3.12,97.63
1990-04-23,-3.17,97.36
1990-04-24,-3.28,97.11
1990-04-25,-7.36,93.72
1990-04-26,-7.42,92.78
1990-04-27,-7.44,92.31
1990-04-28,-2.34,84.46
1990-04-29,-1.44,82.81
1990-04-30,2.03,64.37
1990-05-01,2.32,67.03
1990-05-02,4.02,57.35
1990-05-03,5.71,73.2
1990-05-04,7.05,83.04
1990-05-05,3.22,85.53
1990-05-06,6.43,74.75
1990-05-07,7.12,82.74
1990-05-08,1.31,87.81
1990-05-09,2.04,83.69
1990-05-10,9.39,53.75
1990-05-11,7.47,67.22
1990-05-12,6.26,67.19
1990-05-13,10.75,52.72
1990-05-14,10.96,72.78
1990-05-15,12.38,73.15
1990-05-16,12.34,78.2
1990-05-17,5.31,78.5
1990-05-18,1.15,64.71
1990-05-19,6.18,58.35
1990-05-20,8.11,65.62
1990-05-21,11.24,55.35
1990-05-22,13.4,65.12
1990-05-23,17.82,77.53
1990-05-24,18.42,76.44
1990-05-25,15.19,73.31
1990-05-26,8.55,62.08
1990-05-27,10.72,58.25
1990-05-28,7.03,84.52
1990-05-29,12.47,62.69
1990-05-30,8.4,83.08
1990-05-31,4.15,64.96
1990-06-01,6.98,56.27
1990-06-02,8.68,58.66
1990-06-03,14.67,66.59
1990-06-04,18.51,68.44
1990-06-05,21.55,48.44
1990-06-06,20.08,59.46
1990-06-07,18.05,59.06
1990-06-08,15.13,61.34
1990-06-09,15.92,60.19
1990-06-10,16.94,71.3
1990-06-11,13.92,51.7
1990-06-12,11.2,57.36
1990-06-13,12.31,67.41
1990-06-14,16.5,53.52
1990-06-15,19.55,54.3
1990-06-16,24.86,53.49
1990-06-17,22.18,55.01
1990-06-18,20.53,52.85
1990-06-19,20.67,50.95
1990-06-20,21.16,50.3
1990-06-21,20.2,58.55
1990-06-22,18.33,65.02
1990-06-23,13.29,50.75
1990-06-24,12.93,54.34
1990-06-25,12.61,74.93
1990-06-26,13.8,83.86
1990-06-27,13.33,74.42
1990-06-28,16.61,51.6
1990-06-29,16.85,56.06
1990-06-30,18.22,57.99
1990-07-01,21.52,69.39
1990-07-02,24.75,66.8
1990-07-03,24.55,69.9
1990-07-04,23.76,65.97
1990-07-05,14.59,84.29
1990-07-06,11.83,87.89
1990-07-07,15.73,68.64
1990-07-08,16.93,67.65
1990-07-09,18.39,67.88
1990-07-10,17.25,84.78
1990-07-11,16.97,95.83
1990-07-12,19.76,75.7
1990-07-13,20.17,74.76
1990-07-14,19.27,73.48
1990-07-15,17.59,65.54
1990-07-16,15.91,65.1
1990-07-17,18.36,65.43
1990-07-18,15.96,70.96
1990-07-19,10.06,60.37
1990-07-20,9.52,65.82
1990-07-21,7.54,70.24
1990-07-22,6.61,78.93
1990-07-23,10.45,68.65
1990-07-24,12.5,66.74
1990-07-25,11.94,72.95
1990-07-26,13.61,67.68
1990-07-27,14.46,66.35
1990-07-28,11.6,90.46
1990-07-29,13.26,68.42
1990-07-30,15.58,59.17
1990-07-31,18.88,50.49
1990-08-01,19.08,51.11
1990-08-02,20.83,53.02
1990-08-03,21.46,55.47
1990-08-04,20.93,56.04
1990-08-05,20.69,51.63
1990-08-06,22.77,45.02
1990-08-07,23,59.22
1990-08-08,19.69,66.72
1990-08-09,17.52,55.84
1990-08-10,18.24,50.47
1990-08-11,20.36,46.38
1990-08-12,20.67,51.55
1990-08-13,21.45,52.67
1990-08-14,18.49,53.26
1990-08-15,17.19,59.33
1990-08-16,10.73,49.9
1990-08-17,11.47,52.71
1990-08-18,13.82,58.8
1990-08-19,16.63,54.89
1990-08-20,14.66,82.59
1990-08-21,12.11,70.04
1990-08-22,13.79,56.71
1990-08-23,17.3,55.74
1990-08-24,17.07,63.67
1990-08-25,9.5,72.68
1990-08-26,14.04,54.17
1990-08-27,16.49,49.98
1990-08-28,16.4,47.69
1990-08-29,9.26,51.84
1990-08-30,7.48,50.8
1990-08-31,6.73,72.08
1990-09-01,3.15,93.95
1990-09-02,6.08,63.38
1990-09-03,4.95,57.83
1990-09-04,2.45,89.09
1990-09-05,5.09,68.43
1990-09-06,5.19,65.86
1990-09-07,8.45,57.06
1990-09-08,3.79,95.67
1990-09-09,3.67,94.05
1990-09-10,2.96,92.83
1990-09-11,4.55,85.7
1990-09-12,6.5,73.2
1990-09-13,5.95,72.51
1990-09-14,5.72,68.47
1990-09-15,4.89,74.32
1990-09-16,4.07,76.6
1990-09-17,3.72,65.77
1990-09-18,2.59,67.59
1990-09-19,3.27,62.19
1990-09-20,3.46,68.2
1990-09-21,3.44,72.47
1990-09-22,4.46,71.49
1990-09-23,6.86,55.5
1990-09-24,6.68,53.31
1990-09-25,5.2,60.03
1990-09-26,4.4,68.99
1990-09-27,6.16,67.31
1990-09-28,4.55,88.64
1990-09-29,1.19,88.65
1990-09-30,-0.25,68.13
1990-10-01,0.8,73.06
1990-10-02,2.39,82.84
1990-10-03,0.25,94.48
1990-10-04,-1.64,81.89
1990-10-05,-3.21,64.62
1990-10-06,-5.1,70.65
1990-10-07,-4.48,76.86
1990-10-08,-1.46,70.91
1990-10-09,-1.97,84.55
1990-10-10,-1.06,81.05
1990-10-11,-0.87,92.62
1990-10-12,-0.63,92.25
1990-10-13,0.19,91.23
1990-10-14,1.21,92.46
1990-10-15,-2.97,78.76
1990-10-16,0.3,86.85
1990-10-17,0.54,94.9
1990-10-18,-3.8,70.51
1990-10-19,-9.77,79.27
1990-10-20,-5.96,84.64
1990-10-21,-5.29,85.25
1990-10-22,-12.75,84.91
1990-10-23,-13.1,81.36
1990-10-24,-8.9,92.48
1990-10-25,-12.16,94.26
1990-10-26,-11.35,82.12
1990-10-27,-7.97,96.27
1990-10-28,-7.75,96.6
1990-10-29,-13.43,86.99
1990-10-30,-11.93,96.5
1990-10-31,-14.22,92.51
1990-11-01,-15.84,91.98
1990-11-02,-21.24,91.02
1990-11-03,-20.64,92.93
1990-11-04,-21.92,93.48
1990-11-05,-23.03,94.17
1990-11-06,-28.01,91.74
1990-11-07,-28.44,93.44
1990-11-08,-30.62,95.38
1990-11-09,-33.71,96.69
1990-11-10,-27.21,97.97
1990-11-11,-26.46,98.8
1990-11-12,-18.33,99.66
1990-11-13,-16.44,99.01
1990-11-14,-25.68,97.67
1990-11-15,-33.19,97.57
1990-11-16,-34.13,98.24
1990-11-17,-34.49,98.64
1990-11-18,-28.89,99.01
1990-11-19,-28.91,98.77
1990-11-20,-38.13,99.06
1990-11-21,-34.04,99.59
1990-11-22,-27.82,96.9
1990-11-23,-22.67,99.13
1990-11-24,-34.49,97
1990-11-25,-38.62,98.23
1990-11-26,-28.54,97.88
1990-11-27,-23.83,98.91
1990-11-28,-22.77,97.81
1990-11-29,-33.15,98.51
1990-11-30,-33.49,98.55
1990-12-01,-28.43,99.34
1990-12-02,-25.43,98.97
1990-12-03,-19.6,99.76
1990-12-04,-23.7,99.41
1990-12-05,-21.15,97.83
1990-12-06,-32.97,99.09
1990-12-07,-42.67,99.19
1990-12-08,-40.4,98.75
1990-12-09,-37.87,99.08
1990-12-10,-32.4,99.99
1990-12-11,-31.3,99.79
1990-12-12,-26.68,99.16
1990-12-13,-31.64,99.76
1990-12-14,-39.94,99.39
1990-12-15,-35.98,99.06
1990-12-16,-31.67,98.03
1990-12-17,-23.44,99.91
1990-12-18,-17.65,99.85
1990-12-19,-29.72,98.6
1990-12-20,-32.86,99.49
1990-12-21,-32.45,98.24
1990-12-22,-30.55,96.77
1990-12-23,-33.87,96.44
1990-12-24,-39.8,97.12
1990-12-25,-44.22,95.4
1990-12-26,-44.97,95.89
1990-12-27,-40.63,98.18
1990-12-28,-42.03,95.43
1990-12-29,-43.8,95.15
1990-12-30,-41.51,96.39
1990-12-31,-36.11,95.99
1991-01-01,-34.17,95.59
1991-01-02,-30.38,96.68
1991-01-03,-30.06,96.72
1991-01-04,-30.67,97.13
1991-01-05,-33.22,97.73
1991-01-06,-39.19,98.21
1991-01-07,-41.67,96.88
1991-01-08,-41.62,98.64
1991-01-09,-37.19,96.59
1991-01-10,-35.22,97.36
1991-01-11,-33.62,95.8
1991-01-12,-31.02,95.67
1991-01-13,-25.99,95.9
1991-01-14,-23.08,97.71
1991-01-15,-26.53,99.18
1991-01-16,-32.94,96.38
1991-01-17,-30.78,97.45
1991-01-18,-28.28,98.32
1991-01-19,-29,98.01
1991-01-20,-31.92,98.79
1991-01-21,-32.49,99.11
1991-01-22,-28.91,99.84
1991-01-23,-32.73,99.75
1991-01-24,-29.37,99.09
1991-01-25,-21.91,99.85
1991-01-26,-18.43,98.73
1991-01-27,-18.6,99.03
1991-01-28,-22.82,98.36
1991-01-29,-21.17,98.21
1991-01-30,-26.59,97.74
1991-01-31,-34.73,97.44
1991-02-01,-35.18,98.77
1991-02-02,-33.07,99.55
1991-02-03,-30.44,98.2
1991-02-04,-34,98.44
1991-02-05,-30.05,98.7
1991-02-06,-24.93,98.63
1991-02-07,-28.49,98.98
1991-02-08,-25.67,99.24
1991-02-09,-26.85,98.76
1991-02-10,-28.13,98.69
1991-02-11,-31.62,99.11
1991-02-12,-31.7,99.77
1991-02-13,-34.06,99.16
1991-02-14,-39.05,98.81
1991-02-15,-40.47,99.47
1991-02-16,-45.36,96.56
1991-02-17,-46.45,97.6
1991-02-18,-48.29,98.84
1991-02-19,-45.54,99.06
1991-02-20,-42.72,97.08
1991-02-21,-36.66,94.42
1991-02-22,-39.46,95.16
1991-02-23,-38.18,99.36
1991-02-24,-31.48,98.59
1991-02-25,-25.25,96.9
1991-02-26,-31.19,97.56
1991-02-27,-31.21,98.88
1991-02-28,-25.27,99.02
1991-03-01,-23.35,97.79
1991-03-02,-25,98.93
1991-03-03,-25.48,98.11
1991-03-04,-24.01,96.68
1991-03-05,-22.13,96.71
1991-03-06,-23.58,95.29
1991-03-07,-27.29,96.51
1991-03-08,-31.09,97.71
1991-03-09,-31.84,96.83
1991-03-10,-28.19,96.43
1991-03-11,-26.36,97.04
1991-03-12,-30.03,97.08
1991-03-13,-28.62,96.94
1991-03-14,-30.04,97.91
1991-03-15,-29.32,98.36
1991-03-16,-26.8,96.53
1991-03-17,-24.48,98.06
1991-03-18,-23.4,97.03
1991-03-19,-27.32,97.24
1991-03-20,-27.36,92.57
1991-03-21,-25.48,94.97
1991-03-22,-26.28,97.01
1991-03-23,-25.59,97.44
1991-03-24,-23.35,97.03
1991-03-25,-22.1,96.06
1991-03-26,-19.61,96.62
1991-03-27,-17.03,97.22
1991-03-28,-12.73,96.7
1991-03-29,-10.24,96.8
1991-03-30,-7.01,97.74
1991-03-31,-4.64,98.37
1991-04-01,-5.27,97.34
1991-04-02,-16.73,97.37
1991-04-03,-12.1,97.93
1991-04-04,-6.39,98.69
1991-04-05,-3.1,98.49
1991-04-06,-1.06,97.49
1991-04-07,-2.75,96.58
1991-04-08,-7.47,97.72
1991-04-09,-12.45,96.52
1991-04-10,-4.89,97.32
1991-04-11,-3.81,96.84
1991-04-12,-2.66,98.62
1991-04-13,-15.74,97.24
1991-04-14,-11.53,97.14
1991-04-15,-3.16,97.48
1991-04-16,-8.77,97.08
1991-04-17,-19.43,96.22
1991-04-18,-17.15,94.82
1991-04-19,-13.9,97.67
1991-04-20,-10.44,93.84
1991-04-21,-8.63,97.22
1991-04-22,-5.27,96.25
1991-04-23,-4.14,97.61
1991-04-24,-2.46,94.19
1991-04-25,-1.24,92.27
1991-04-26,-1.59,85.41
1991-04-27,2.53,67.86
1991-04-28,-0.14,60.15
1991-04-29,-7.75,62.03
1991-04-30,-0.94,61.91
1991-05-01,1.79,74.18
1991-05-02,3.87,76.92
1991-05-03,-1.22,65.65
1991-05-04,-3.4,63
1991-05-05,-2.02,65.2
1991-05-06,0.97,62.62
1991-05-07,1.74,80.54
1991-05-08,1.46,84.42
1991-05-09,1.19,79.13
1991-05-10,3.34,71.26
1991-05-11,6.06,67.34
1991-05-12,3.2,63.6
1991-05-13,2.29,73.66
1991-05-14,-0.9,54.82
1991-05-15,2.67,70.97
1991-05-16,2.41,72.85
1991-05-17,0.03,54.34
1991-05-18,4.18,54.86
1991-05-19,5.05,88.07
1991-05-20,1.14,89.69
1991-05-21,3.23,72.58
1991-05-22,5.29,73.19
1991-05-23,7.58,67.59
1991-05-24,6.24,86.64
1991-05-25,8.19,80.59
1991-05-26,10.5,70.65
1991-05-27,12.87,59.04
1991-05-28,14.04,70.68
1991-05-29,14.44,67.4
1991-05-30,14.44,72.65
1991-05-31,12.78,91.6
1991-06-01,14.32,75.7
1991-06-02,16.88,56.11
1991-06-03,14.43,72.33
1991-06-04,7.68,66.85
1991-06-05,3.11,64.57
1991-06-06,5.91,62.34
1991-06-07,6.93,72.31
1991-06-08,5.62,84.17
1991-06-09,7.68,61.18
1991-06-10,9.67,77.69
1991-06-11,8.68,62.41
1991-06-12,12.48,82.05
1991-06-13,17.6,82.02
1991-06-14,15.6,93.13
1991-06-15,11.11,82.81
1991-06-16,7.84,76.77
1991-06-17,11.51,65.18
1991-06-18,17.94,70.02
1991-06-19,18.89,69.31
1991-06-20,20.74,66.32
1991-06-21,16.42,71.39
1991-06-22,13.67,61.87
1991-06-23,15.53,52.76
1991-06-24,17.87,65.65
1991-06-25,15.07,83.65
1991-06-26,16.41,81.16
1991-06-27,12.45,94.16
1991-06-28,11.81,84.47
1991-06-29,14.7,80.93
1991-06-30,15.76,81.49
1991-07-01,19.56,76.55
1991-07-02,21.76,72.84
1991-07-03,22.35,78.61
1991-07-04,24.8,64.17
1991-07-05,25.57,65.82
1991-07-06,25.99,64.16
1991-07-07,21.38,61.92
1991-07-08,20.5,56.57
1991-07-09,18.13,73.15
1991-07-10,18.73,58.52
1991-07-11,18.54,60.37
1991-07-12,21.6,58.99
1991-07-13,24.53,51.75
1991-07-14,26.6,51.82
1991-07-15,27.08,55.47
1991-07-16,27.29,49.01
1991-07-17,26.76,52.35
1991-07-18,24.09,58.58
1991-07-19,20.2,85
1991-07-20,19.21,85.94
1991-07-21,13.83,64.02
1991-07-22,12.19,51.99
1991-07-23,12.95,65.14
1991-07-24,11.14,76.03
1991-07-25,13.51,55.49
1991-07-26,14.99,80.86
1991-07-27,12.46,92.99
1991-07-28,13.9,89.24
1991-07-29,15.92,78.84
1991-07-30,18.88,71.7
1991-07-31,20.14,72.49
1991-08-01,18.27,71.88
1991-08-02,19.66,65.98
1991-08-03,20.64,77.04
1991-08-04,18.55,76.33
1991-08-05,18.51,71.28
1991-08-06,18.71,63.13
1991-08-07,17.72,68.15
1991-08-08,20.13,60.08
1991-08-09,19.93,60.92
1991-08-10,19.8,67.15
1991-08-11,15.85,71.8
1991-08-12,19.45,59.42
1991-08-13,19.28,71.36
1991-08-14,17.18,80.71
1991-08-15,17.46,68.99
1991-08-16,15.27,77.11
1991-08-17,17.18,67.52
1991-08-18,18.06,60.49
1991-08-19,19.08,57.44
1991-08-20,21.75,55.29
1991-08-21,17.68,69.54
1991-08-22,12.08,66.14
1991-08-23,13.06,66.04
1991-08-24,8.09,93.04
1991-08-25,13.31,67.04
1991-08-26,13.13,80.23
1991-08-27,14.79,69.48
1991-08-28,11.77,80.15
1991-08-29,8,54.74
1991-08-30,7.24,68.12
1991-08-31,7.41,77.4
1991-09-01,7.49,82.25
1991-09-02,5.33,88.54
1991-09-03,8.18,71.46
1991-09-04,7.75,85.18
1991-09-05,7.03,78.06
1991-09-06,9.24,62.2
1991-09-07,7.86,73.14
1991-09-08,9.79,76.1
1991-09-09,9.32,75.44
1991-09-10,9.1,71.02
1991-09-11,9.77,64.92
1991-09-12,8.86,68.73
1991-09-13,8.43,44.6
1991-09-14,7.52,69.21
1991-09-15,9.06,66.06
1991-09-16,7.18,88
1991-09-17,5.9,53.67
1991-09-18,6.01,55.37
1991-09-19,7.38,54.9
1991-09-20,6.73,63.91
1991-09-21,6.94,66.46
1991-09-22,6.08,80.55
1991-09-23,-0.79,80.71
1991-09-24,-1.02,82.48
1991-09-25,-0.73,66.53
1991-09-26,-2.16,84.14
1991-09-27,-1.55,79.89
1991-09-28,-1.42,79.83
1991-09-29,-0.99,87.19
1991-09-30,-0.16,78.23
1991-10-01,1.13,81.61
1991-10-02,1.4,96.72
1991-10-03,0.39,93.44
1991-10-04,-2.73,74.69
1991-10-05,-1.99,64.74
1991-10-06,-0.55,90.39
1991-10-07,-6.04,76.29
1991-10-08,-5.28,74.66
1991-10-09,-6.3,70.7
1991-10-10,-10.15,67.77
1991-10-11,-9.54,74.43
1991-10-12,-9.52,82.84
1991-10-13,-6.46,69.95
1991-10-14,-2.88,90.18
1991-10-15,-2.35,84.94
1991-10-16,-3.61,94.66
1991-10-17,-5.78,88.55
1991-10-18,-9.82,83.63
1991-10-19,-12.41,87.85
1991-10-20,-10.68,90.5
1991-10-21,-8.61,89.03
1991-10-22,-6.35,90.96
1991-10-23,-4.15,95.71
1991-10-24,-9.22,88.62
1991-10-25,-20.1,89.69
1991-10-26,-19.76,91.03
1991-10-27,-15.34,91.23
1991-10-28,-14.51,82.03
1991-10-29,-15.55,90.41
1991-10-30,-13.88,90.59
1991-10-31,-15.99,87.51
1991-11-01,-21.36,86.44
1991-11-02,-20.71,91.09
1991-11-03,-22.33,89.4
1991-11-04,-22.9,91.52
1991-11-05,-21.02,93.82
1991-11-06,-22.26,94.91
1991-11-07,-20.63,95.3
1991-11-08,-20.51,88.6
1991-11-09,-21.49,94.04
1991-11-10,-20.46,95.98
1991-11-11,-21.58,95
1991-11-12,-22.3,96.22
1991-11-13,-24.27,97.09
1991-11-14,-29.94,98.83
1991-11-15,-31.42,96.02
1991-11-16,-27.57,99.18
1991-11-17,-29.41,99.02
1991-11-18,-29.32,98.16
1991-11-19,-26.53,99.42
1991-11-20,-23.48,99.28
1991-11-21,-22.73,98.64
1991-11-22,-31.78,99.2
1991-11-23,-33.32,98.35
1991-11-24,-40.04,98.44
1991-11-25,-33.83,99.53
1991-11-26,-29.96,98.38
1991-11-27,-30.45,98.74
1991-11-28,-26.84,98.94
1991-11-29,-26.17,98.4
1991-11-30,-24.35,98.31
1991-12-01,-25.12,98.66
1991-12-02,-27.22,98.97
1991-12-03,-35.91,97.54
1991-12-04,-31.51,98.58
1991-12-05,-30.86,97.85
1991-12-06,-32.34,96.12
1991-12-07,-34.69,97.33
1991-12-08,-39.51,97.54
1991-12-09,-37.08,98.8
1991-12-10,-30.27,98.03
1991-12-11,-35.59,99.38
1991-12-12,-37.88,97.47
1991-12-13,-35.12,98.91
1991-12-14,-38.12,99.77
1991-12-15,-36.37,99.44
1991-12-16,-31,97.82
1991-12-17,-32.35,98.01
1991-12-18,-37.83,98.8
1991-12-19,-38.75,96.39
1991-12-20,-30.79,99.68
1991-12-21,-29.49,98.06
1991-12-22,-30.96,97.45
1991-12-23,-34.22,98.89
1991-12-24,-34.51,98.41
1991-12-25,-28.17,98.66
1991-12-26,-23.94,98.57
1991-12-27,-32.01,99.98
1991-12-28,-28.33,99.93
1991-12-29,-38.58,99.37
1991-12-30,-30.14,99.4
1991-12-31,-26.06,99.94
1992-01-01,-29.83,99.16
1992-01-02,-22.91,99.45
1992-01-03,-35.79,97.14
1992-01-04,-34.78,98.21
1992-01-05,-44.58,95.68
1992-01-06,-42.15,97.94
1992-01-07,-49.48,96.37
1992-01-08,-44.97,98.51
1992-01-09,-36.63,98.02
1992-01-10,-33.74,99.23
1992-01-11,-36.16,98.55
1992-01-12,-36.34,99.14
1992-01-13,-36.93,99.42
1992-01-14,-35.03,98.38
1992-01-15,-29.57,99.28
1992-01-16,-32.66,97.82
1992-01-17,-42.51,95.54
1992-01-18,-41.31,98.22
1992-01-19,-36.9,98.81
1992-01-20,-42.37,96.32
1992-01-21,-44.58,98.43
1992-01-22,-46.82,98.47
1992-01-23,-46.47,95.02
1992-01-24,-43.39,97.75
1992-01-25,-37.8,98.93
1992-01-26,-35.32,98.73
1992-01-27,-34.45,99.41
1992-01-28,-31.69,99.34
1992-01-29,-26.86,99.77
1992-01-30,-24.9,100
1992-01-31,-24.11,99.93
1992-02-01,-26.9,99
1992-02-02,-25.89,99.34
1992-02-03,-27.57,98.58
1992-02-04,-22.02,99.64
1992-02-05,-29.83,98.67
1992-02-06,-36.94,98.67
1992-02-07,-38.6,98.6
1992-02-08,-42.57,96.04
1992-02-09,-40.48,97.06
1992-02-10,-41.52,98.96
1992-02-11,-41.26,99.22
1992-02-12,-41.98,98.81
1992-02-13,-39.69,98.82
1992-02-14,-34.69,97.54
1992-02-15,-32.19,96.9
1992-02-16,-35.63,97.6
1992-02-17,-33.56,97.98
1992-02-18,-34.1,98.88
1992-02-19,-33.18,98.21
1992-02-20,-27.01,99.48
1992-02-21,-22.75,99.02
1992-02-22,-18.53,99.38
1992-02-23,-17.15,99.49
1992-02-24,-19.46,99
1992-02-25,-19.92,98.89
1992-02-26,-20.62,98.34
1992-02-27,-17.16,98.92
1992-02-28,-14.06,99.32
1992-02-29,-25.05,96.37
1992-03-01,-27.85,96.95
1992-03-02,-30.42,98.83
1992-03-03,-23.42,98.67
1992-03-04,-30.44,98.5
1992-03-05,-29.93,97.63
1992-03-06,-30.41,99.31
1992-03-07,-27.4,98.97
1992-03-08,-22.6,98.43
1992-03-09,-20.21,98.79
1992-03-10,-22.21,98.37
1992-03-11,-25.71,98.8
1992-03-12,-24.24,97.85
1992-03-13,-25.21,96.97
1992-03-14,-27.44,97.49
1992-03-15,-22.64,96.3
1992-03-16,-23.52,97.6
1992-03-17,-23.4,97.53
1992-03-18,-18.46,97.25
1992-03-19,-20.17,97.27
1992-03-20,-21.78,96.12
1992-03-21,-20.1,96.49
1992-03-22,-13.97,99.49
1992-03-23,-4.24,98.11
1992-03-24,-4.84,97.46
1992-03-25,-3.69,97.89
1992-03-26,-12.01,97.2
1992-03-27,-6.47,98.39
1992-03-28,-3.69,97.55
1992-03-29,-13.82,96.96
1992-03-30,-22.34,96.78
1992-03-31,-17.2,97.19
1992-04-01,-16.63,97.45
1992-04-02,-19.77,95.56
1992-04-03,-20.27,96.53
1992-04-04,-20.97,96.89
1992-04-05,-20.28,96.91
1992-04-06,-16.45,97.14
1992-04-07,-12.18,97.89
1992-04-08,-8.14,98.46
1992-04-09,-10.17,96.67
1992-04-10,-8.64,97.91
1992-04-11,-4.91,98.8
1992-04-12,-1.45,98.19
1992-04-13,-0.51,96.53
1992-04-14,-1.58,96.53
1992-04-15,-2.65,98.26
1992-04-16,-1.27,98.99
1992-04-17,-1.53,99
1992-04-18,-3.75,97.18
1992-04-19,-2.93,89.27
1992-04-20,-0.8,88.99
1992-04-21,-1.38,92.29
1992-04-22,-0.49,90
1992-04-23,-2.07,85.55
1992-04-24,0.93,66.16
1992-04-25,2.87,72.36
1992-04-26,1.33,69.75
1992-04-27,-0.92,76.02
1992-04-28,-0.86,71.5
1992-04-29,-2.43,71.38
1992-04-30,-0.58,67.32
1992-05-01,3.26,62.85
1992-05-02,2.14,84.27
1992-05-03,3.81,76.18
1992-05-04,0.93,89.35
1992-05-05,1.19,72.17
1992-05-06,2.47,67.99
1992-05-07,-0.42,73.85
1992-05-08,2.81,67.12
1992-05-09,4.04,73.36
1992-05-10,4.13,70.59
1992-05-11,4.62,72.73
1992-05-12,5.31,64.98
1992-05-13,7.35,65.93
1992-05-14,6.43,60.78
1992-05-15,5.72,84.51
1992-05-16,6.34,77.14
1992-05-17,4.34,68.15
1992-05-18,2.27,77.2
1992-05-19,2.62,68.34
1992-05-20,7.64,69.13
1992-05-21,11.84,67.25
1992-05-22,14.54,71.23
1992-05-23,9.29,77.36
1992-05-24,9.6,69.13
1992-05-25,10.66,55.62
1992-05-26,11.86,59.31
1992-05-27,12.52,62.86
1992-05-28,10.38,68.12
1992-05-29,7.82,58.54
1992-05-30,5.1,59.37
1992-05-31,6.52,77.08
1992-06-01,8.69,58.6
1992-06-02,6.68,77.73
1992-06-03,1.65,85.7
1992-06-04,2.87,69.63
1992-06-05,7.25,64.69
1992-06-06,12.99,69.47
1992-06-07,16.33,63.92
1992-06-08,18.78,62.12
1992-06-09,15.02,76.38
1992-06-10,9.21,71.29
1992-06-11,9.93,65.2
1992-06-12,14,66.72
1992-06-13,11.29,84.18
1992-06-14,15.36,58.58
1992-06-15,17.43,51.97
1992-06-16,19.44,55.84
1992-06-17,21.09,53.95
1992-06-18,13.18,60.81
1992-06-19,16.82,64.25
1992-06-20,19.65,57.39
1992-06-21,20.93,65.65
1992-06-22,25.14,57.42
1992-06-23,26.35,52.27
1992-06-24,24.36,66.05
1992-06-25,22.05,71.22
1992-06-26,21.92,65.79
1992-06-27,19.46,59.14
1992-06-28,21.98,55.58
1992-06-29,20.35,74.92
1992-06-30,15.81,66.37
1992-07-01,16.06,52.69
1992-07-02,17.49,59.43
1992-07-03,19.45,55.87
1992-07-04,18.17,65.6
1992-07-05,15.7,93.05
1992-07-06,14.7,86.53
1992-07-07,11.83,90.73
1992-07-08,11.83,77.09
1992-07-09,15.25,53.81
1992-07-10,17.37,48.69
1992-07-11,20.46,56.25
1992-07-12,20.86,78.26
1992-07-13,18.94,81.12
1992-07-14,18.89,70.22
1992-07-15,16.68,85.28
1992-07-16,16.75,82.61
1992-07-17,18.11,71.15
1992-07-18,18.48,77.32
1992-07-19,18,88.83
1992-07-20,18.16,74.05
1992-07-21,18.76,67.63
1992-07-22,21.08,61.47
1992-07-23,21,61.93
1992-07-24,20.11,57.64
1992-07-25,19.18,57.31
1992-07-26,18.96,58.86
1992-07-27,19.56,59.54
1992-07-28,18.78,47.38
1992-07-29,19.99,52.45
1992-07-30,18.26,62.72
1992-07-31,12.57,58.03
1992-08-01,7.98,72.1
1992-08-02,9.23,77.62
1992-08-03,10.06,73.04
1992-08-04,11.95,70.93
1992-08-05,14.96,62.72
1992-08-06,16.95,63.02
1992-08-07,14.43,61.21
1992-08-08,18.08,48.22
1992-08-09,18.98,42.86
1992-08-10,19.7,48.33
1992-08-11,22.3,45.11
1992-08-12,22.39,45.79
1992-08-13,22.52,39.59
1992-08-14,22.79,42.35
1992-08-15,20.33,51.63
1992-08-16,19.67,57.01
1992-08-17,12.49,57.78
1992-08-18,13.6,45.33
1992-08-19,15.81,54.22
1992-08-20,17.68,57.01
1992-08-21,10.77,93.75
1992-08-22,9.93,60.01
1992-08-23,8.09,51.68
1992-08-24,6.77,49.88
1992-08-25,4.77,48.13
1992-08-26,6.86,44.63
1992-08-27,9.21,44.71
1992-08-28,12.3,43.78
1992-08-29,14.67,50.54
1992-08-30,13.44,72.49
1992-08-31,12.38,63.8
1992-09-01,11.67,73.11
1992-09-02,8.95,95.85
1992-09-03,7.95,88.06
1992-09-04,10.57,71.35
1992-09-05,12.07,66.92
1992-09-06,13.79,55.32
1992-09-07,8.87,86.86
1992-09-08,6.75,86.06
1992-09-09,9.83,77.55
1992-09-10,8.54,85.73
1992-09-11,7.1,93.03
1992-09-12,7.2,90.65
1992-09-13,5.02,72.2
1992-09-14,3.41,74.75
1992-09-15,3.7,68.72
1992-09-16,4.86,67.36
1992-09-17,5.71,66.93
1992-09-18,3.91,70.7
1992-09-19,2.96,77.12
1992-09-20,4.39,66.11
1992-09-21,7.34,72.35
1992-09-22,3.67,92.49
1992-09-23,3.51,86.53
1992-09-24,-0.76,85.75
1992-09-25,-1.31,87.16
1992-09-26,0.77,78.82
1992-09-27,2.7,70.18
1992-09-28,3.45,73.88
1992-09-29,-2.63,72.79
1992-09-30,-3.54,51.87
1992-10-01,-1.69,69.61
1992-10-02,-4.16,73.27
1992-10-03,-3.05,69.79
1992-10-04,-0.16,91.73
1992-10-05,-3.67,82.16
1992-10-06,-0.12,94.59
1992-10-07,0.62,96.08
1992-10-08,1.36,97.64
1992-10-09,-2.84,79.94
1992-10-10,-4.26,64.77
1992-10-11,-0.6,90.23
1992-10-12,-0.21,90.89
1992-10-13,-14.02,63.07
1992-10-14,-9.54,64.32
1992-10-15,-8.27,87.31
1992-10-16,-9.59,71.99
1992-10-17,-6.36,76.7
1992-10-18,-5.02,77.98
1992-10-19,-12.38,76.66
1992-10-20,-12.68,85.08
1992-10-21,-9.74,87.48
1992-10-22,-7.04,87.48
1992-10-23,-4.44,90.1
1992-10-24,-2.44,91.89
1992-10-25,-2.22,86.41
1992-10-26,-1.18,96.78
1992-10-27,-3.93,86.28
1992-10-28,-6.94,87.04
1992-10-29,-14.81,77.15
1992-10-30,-16.11,78.39
1992-10-31,-18.17,81.11
1992-11-01,-16.11,90.61
1992-11-02,-20.68,90.61
1992-11-03,-31.55,86.78
1992-11-04,-27.55,89.15
1992-11-05,-27.3,91.18
1992-11-06,-18.08,98.63
1992-11-07,-18.44,96.6
1992-11-08,-22.01,98.84
1992-11-09,-17.14,99.72
1992-11-10,-26.19,97.45
1992-11-11,-32.28,98.9
1992-11-12,-33.35,99.6
1992-11-13,-29.83,99.1
1992-11-14,-26.3,98.07
1992-11-15,-32.7,97.63
1992-11-16,-35.37,97.24
1992-11-17,-33.31,98.9
1992-11-18,-32.33,99.58
1992-11-19,-42.25,98.52
1992-11-20,-41.87,98.37
1992-11-21,-37.44,98.31
1992-11-22,-38.33,97.51
1992-11-23,-36.97,97.28
1992-11-24,-34.36,97.29
1992-11-25,-39.56,98.19
1992-11-26,-38.83,97.6
1992-11-27,-42.46,98.23
1992-11-28,-40.08,97.7
1992-11-29,-41.14,98.17
1992-11-30,-39.21,97.53
1992-12-01,-40.37,98.98
1992-12-02,-39.87,98.88
1992-12-03,-40.73,98.19
1992-12-04,-41.73,96.79
1992-12-05,-41.79,98.54
1992-12-06,-36.55,98.21
1992-12-07,-29.37,99.49
1992-12-08,-32.9,99.12
1992-12-09,-36.56,99.18
1992-12-10,-38.82,98.83
1992-12-11,-37.36,98.02
1992-12-12,-37.38,97.75
1992-12-13,-35.06,99.37
1992-12-14,-29.2,99.35
1992-12-15,-26.03,98.53
1992-12-16,-22.12,99.34
1992-12-17,-23.73,99.76
1992-12-18,-22.1,99.2
1992-12-19,-28.66,98.05
1992-12-20,-25.35,99.04
1992-12-21,-37.92,96.82
1992-12-22,-42.36,98.06
1992-12-23,-39.8,98.92
1992-12-24,-39.71,97.84
1992-12-25,-31.87,97.74
1992-12-26,-34.45,99.17
1992-12-27,-27.49,99.05
1992-12-28,-24.88,99.86
1992-12-29,-28.18,99.97
1992-12-30,-27.02,99.89
1992-12-31,-24.25,99.54
1993-01-01,-30.37,99.1
1993-01-02,-29.71,98.5
1993-01-03,-25.8,99.65
1993-01-04,-27.46,99.33
1993-01-05,-33.74,99.32
1993-01-06,-33.3,98.66
1993-01-07,-30.3,99.08
1993-01-08,-23.24,97.96
1993-01-09,-26.66,98.51
1993-01-10,-29.46,99.19
1993-01-11,-31.02,99.68
1993-01-12,-29.44,99.34
1993-01-13,-27.6,99.02
1993-01-14,-27.26,99.04
1993-01-15,-23.88,98.81
1993-01-16,-23.31,99.66
1993-01-17,-23.37,99.08
1993-01-18,-24.89,99.26
1993-01-19,-29.72,99.2
1993-01-20,-38.65,97.91
1993-01-21,-39.1,96.9
1993-01-22,-44.73,98.79
1993-01-23,-45.95,98.75
1993-01-24,-40.62,97.82
1993-01-25,-31.92,99.87
1993-01-26,-26.74,98.71
1993-01-27,-16.26,98.22
1993-01-28,-20.52,99.17
1993-01-29,-16.73,99.54
1993-01-30,-23.02,96.79
1993-01-31,-37.91,96.47
1993-02-01,-42.19,98.22
1993-02-02,-38.8,97.03
1993-02-03,-42.71,99.06
1993-02-04,-42.52,98.39
1993-02-05,-37.74,99.62
1993-02-06,-33.49,98
1993-02-07,-30.96,99.71
1993-02-08,-23.54,100
1993-02-09,-18.08,100
1993-02-10,-16.71,98.87
1993-02-11,-22.14,98.82
1993-02-12,-26.58,98.91
1993-02-13,-33.19,99.62
1993-02-14,-35.08,99.26
1993-02-15,-31.82,99.06
1993-02-16,-31.92,98.71
1993-02-17,-32.49,99.23
1993-02-18,-33.28,99.39
1993-02-19,-25.94,99.36
1993-02-20,-24.59,98.79
1993-02-21,-25.42,98.7
1993-02-22,-27.97,98.1
1993-02-23,-26.29,98.28
1993-02-24,-25.71,97.58
1993-02-25,-24.33,98.51
1993-02-26,-22.92,99.26
1993-02-27,-23.6,98.58
1993-02-28,-16.06,98.72
1993-03-01,-16.67,97.83
1993-03-02,-33.73,94.23
1993-03-03,-37.53,98.15
1993-03-04,-37.59,98.83
1993-03-05,-17.78,98.64
1993-03-06,-17.45,97.47
1993-03-07,-16.47,98.39
1993-03-08,-15.28,99.71
1993-03-09,-24.76,96.33
1993-03-10,-27.94,96.39
1993-03-11,-26.34,98.46
1993-03-12,-24.87,98.95
1993-03-13,-24.3,98.54
1993-03-14,-22.18,98.46
1993-03-15,-19.37,98.55
1993-03-16,-16.92,98.62
1993-03-17,-17.68,99.04
1993-03-18,-14.51,98.87
1993-03-19,-13.57,99.28
1993-03-20,-9.75,97.57
1993-03-21,-15.03,97.47
1993-03-22,-22.48,97.9
1993-03-23,-18.13,96.76
1993-03-24,-28.19,96.38
1993-03-25,-29.61,96.31
1993-03-26,-27.43,97.77
1993-03-27,-21.14,97.86
1993-03-28,-14.46,98.4
1993-03-29,-7.54,98.01
1993-03-30,-21,96.28
1993-03-31,-18.91,96.2
1993-04-01,-20.92,98.13
1993-04-02,-16.24,95.96
1993-04-03,-11.67,97.1
1993-04-04,-9.02,97.71
1993-04-05,-17.26,97.05
1993-04-06,-21.11,95.18
1993-04-07,-17.46,91.59
1993-04-08,-14.58,91.69
1993-04-09,-13.26,97.27
1993-04-10,-7.31,98.4
1993-04-11,-13.32,96.83
1993-04-12,-8.66,96.9
1993-04-13,-13.06,97.12
1993-04-14,-13.54,98.02
1993-04-15,-12.91,95.6
1993-04-16,-9.74,97.74
1993-04-17,-18.35,97.66
1993-04-18,-15.72,97.34
1993-04-19,-10.78,97.81
1993-04-20,-7.93,97.85
1993-04-21,-8.26,97.75
1993-04-22,-6.47,97.48
1993-04-23,-9.04,98.69
1993-04-24,-6.01,98.35
1993-04-25,-5.62,97.64
1993-04-26,-3.83,98.28
1993-04-27,-2.78,97.55
1993-04-28,-2.92,95.89
1993-04-29,-4.05,98.18
1993-04-30,-3.19,98.82
1993-05-01,-1.47,98.79
1993-05-02,-1.17,93.04
1993-05-03,2.67,78.31
1993-05-04,4.97,71.29
1993-05-05,3.16,79.2
1993-05-06,1.09,79.95
1993-05-07,-0.62,85.7
1993-05-08,1.2,66.81
1993-05-09,1.11,82.92
1993-05-10,-1.74,62.71
1993-05-11,-2.38,61.89
1993-05-12,-1.37,64.36
1993-05-13,2,58.14
1993-05-14,3.98,80.47
1993-05-15,5.52,61.59
1993-05-16,7.68,75.24
1993-05-17,3.78,91.33
1993-05-18,2.3,79.68
1993-05-19,5.08,69.52
1993-05-20,8.49,63.76
1993-05-21,5.19,81.93
1993-05-22,9.38,72.68
1993-05-23,7.67,86.87
1993-05-24,9.24,78.88
1993-05-25,8.1,78.69
1993-05-26,12.07,66.33
1993-05-27,9.2,86.9
1993-05-28,4.11,94.51
1993-05-29,5.69,82.61
1993-05-30,7.09,75.9
1993-05-31,10.36,71.88
1993-06-01,10.36,71.8
1993-06-02,7.43,78.26
1993-06-03,10.13,76.19
1993-06-04,10.27,86.39
1993-06-05,11.16,76.94
1993-06-06,14.87,54.8
1993-06-07,14.57,68.51
1993-06-08,13.99,69.8
1993-06-09,11.99,68.11
1993-06-10,11.3,63.58
1993-06-11,10.39,67.76
1993-06-12,5.56,61.46
1993-06-13,6.32,64.51
1993-06-14,2.56,83.52
1993-06-15,8.93,61.64
1993-06-16,12.96,66.38
1993-06-17,12.45,72.01
1993-06-18,17.85,73.81
1993-06-19,19.29,75.02
1993-06-20,13.66,79.71
1993-06-21,14.32,83.76
1993-06-22,10.06,92.82
1993-06-23,15.31,70.89
1993-06-24,18.16,67.61
1993-06-25,21.16,71.23
1993-06-26,21.7,83.85
1993-06-27,20.64,78.07
1993-06-28,20.95,71.01
1993-06-29,17.41,83.53
1993-06-30,14.83,78.66
1993-07-01,14.53,70.3
1993-07-02,16.69,64
1993-07-03,16.79,67.94
1993-07-04,14.9,62.65
1993-07-05,18.42,68.48
1993-07-06,17.63,72.34
1993-07-07,12.09,81.24
1993-07-08,16.52,63.73
1993-07-09,19.84,61.37
1993-07-10,22.75,48.32
1993-07-11,23.75,63.39
1993-07-12,17.35,79.01
1993-07-13,19.8,58.33
1993-07-14,22.72,56.59
1993-07-15,22.03,81.73
1993-07-16,13.82,89.07
1993-07-17,11.95,76.77
1993-07-18,16.03,64.13
1993-07-19,15.64,73.06
1993-07-20,16.45,87.05
1993-07-21,18.69,76.59
1993-07-22,21.07,61.74
1993-07-23,21.77,64.15
1993-07-24,16.64,61.73
1993-07-25,18.68,47.69
1993-07-26,20.51,53.87
1993-07-27,23.95,58.34
1993-07-28,23.48,75.92
1993-07-29,24.58,66.4
1993-07-30,19.87,63.08
1993-07-31,12.53,57.36
1993-08-01,13.07,55.36
1993-08-02,14.25,54.71
1993-08-03,15.87,53.3
1993-08-04,15.16,56.96
1993-08-05,14.49,80.08
1993-08-06,17.56,62.57
1993-08-07,15.57,74.63
1993-08-08,17.89,57.41
1993-08-09,16.86,66.71
1993-08-10,19.06,72.1
1993-08-11,18.05,63.43
1993-08-12,17.14,58.23
1993-08-13,16.42,60.07
1993-08-14,17.81,55.98
1993-08-15,18.83,55.85
1993-08-16,18.03,59.03
1993-08-17,14.42,63.84
1993-08-18,13.96,56.59
1993-08-19,15.69,52.98
1993-08-20,16.89,43.53
1993-08-21,16.74,63.44
1993-08-22,12.63,58.15
1993-08-23,7.73,48.2
1993-08-24,10.6,54.72
1993-08-25,5.81,86.37
1993-08-26,5.13,47.07
1993-08-27,7.38,55.8
1993-08-28,8.15,72.12
1993-08-29,13.56,64.07
1993-08-30,10.41,56.48
1993-08-31,12.69,64.63
1993-09-01,10.1,68.97
1993-09-02,8.44,54.96
1993-09-03,9.55,60.39
1993-09-04,12.77,72.15
1993-09-05,7.55,93.91
1993-09-06,7.15,84.7
1993-09-07,8,83.88
1993-09-08,4.51,80.53
1993-09-09,1.68,93.51
1993-09-10,2.92,81.33
1993-09-11,4.96,70.27
1993-09-12,8.68,59.36
1993-09-13,7.82,68.85
1993-09-14,8.21,82.12
1993-09-15,7.81,80.73
1993-09-16,7.07,63.81
1993-09-17,7.51,67.53
1993-09-18,6.79,97.72
1993-09-19,6.26,95.88
1993-09-20,3.07,97
1993-09-21,2.73,78.72
1993-09-22,1.93,94.3
1993-09-23,2.38,92.2
1993-09-24,0.94,97.26
1993-09-25,0.74,87.93
1993-09-26,2.59,77.58
1993-09-27,0.08,88.39
1993-09-28,-0.76,78.05
1993-09-29,-0.79,69.61
1993-09-30,0.32,78.44
1993-10-01,-0.88,83.1
1993-10-02,-0.42,72.39
1993-10-03,-1.83,84.78
1993-10-04,-1.27,75.31
1993-10-05,0.59,96.05
1993-10-06,-0.47,78.65
1993-10-07,-3.07,78.26
1993-10-08,-5.12,87.1
1993-10-09,-7.55,76.7
1993-10-10,-6.92,72.19
1993-10-11,-6.82,87.74
1993-10-12,-10.26,84.63
1993-10-13,-7.3,86.38
1993-10-14,-7.54,87.29
1993-10-15,-8.79,84.25
1993-10-16,-13.44,79.42
1993-10-17,-15.14,82.01
1993-10-18,-13,92.31
1993-10-19,-7.97,98.24
1993-10-20,-9.59,96.96
1993-10-21,-12.7,95.2
1993-10-22,-12.05,96.33
1993-10-23,-11.72,98.48
1993-10-24,-7.91,97.99
1993-10-25,-18.16,95.67
1993-10-26,-18.78,85.69
1993-10-27,-15.82,94.21
1993-10-28,-12.2,96.04
1993-10-29,-8.39,97.97
1993-10-30,-9.09,98.02
1993-10-31,-17.78,96.41
1993-11-01,-18.2,93.5
1993-11-02,-19,98.36
1993-11-03,-25.46,97.29
1993-11-04,-26.13,94.82
1993-11-05,-24.82,97.23
1993-11-06,-24.39,98.1
1993-11-07,-23.16,92.67
1993-11-08,-22.18,98.15
1993-11-09,-24.17,97.71
1993-11-10,-25.24,97.57
1993-11-11,-23.36,98.12
1993-11-12,-20.33,97.48
1993-11-13,-32.18,98.37
1993-11-14,-29.07,98.86
1993-11-15,-25.85,98.98
1993-11-16,-31.71,98.8
1993-11-17,-29.16,98.29
1993-11-18,-26.38,98.02
1993-11-19,-27.68,98.08
1993-11-20,-26.53,98.33
1993-11-21,-26.33,98.78
1993-11-22,-25.94,98.77
1993-11-23,-27.18,98.97
1993-11-24,-30.18,99
1993-11-25,-28.92,96.93
1993-11-26,-31.42,98.39
1993-11-27,-34.43,98.78
1993-11-28,-36.25,98.58
1993-11-29,-41.06,94.76
1993-11-30,-38.72,99.21
1993-12-01,-39.64,98.04
1993-12-02,-30.62,99.85
1993-12-03,-37.12,98.58
1993-12-04,-33.33,98.64
1993-12-05,-36.83,99.57
1993-12-06,-25.22,99.98
1993-12-07,-23.99,99.96
1993-12-08,-39.56,98.89
1993-12-09,-39.97,99.2
1993-12-10,-38.9,98.57
1993-12-11,-43.54,93.86
1993-12-12,-53.5,89.63
1993-12-13,-54.7,85.95
1993-12-14,-55.48,81.98
1993-12-15,-52.63,93.53
1993-12-16,-54.51,78.01
1993-12-17,-52.96,89.89
1993-12-18,-53.06,96.14
1993-12-19,-50.9,96.25
1993-12-20,-47.04,95.88
1993-12-21,-49.05,92.58
1993-12-22,-49.31,94.87
1993-12-23,-38.43,97.61
1993-12-24,-30.97,99.3
1993-12-25,-32.07,98.07
1993-12-26,-28.59,99.26
1993-12-27,-30.85,98.82
1993-12-28,-35.38,99.95
1993-12-29,-33.13,99.13
1993-12-30,-34.35,98.93
1993-12-31,-37.57,98.5
1994-01-01,-38.7,97.39
1994-01-02,-43.68,96.73
1994-01-03,-46.97,92.91
1994-01-04,-45.11,94.89
1994-01-05,-49.87,99.46
1994-01-06,-49.71,97.41
1994-01-07,-45.18,96.44
1994-01-08,-48.23,95.49
1994-01-09,-51.2,96.5
1994-01-10,-52.85,93.13
1994-01-11,-49.6,96.93
1994-01-12,-48.87,97.76
1994-01-13,-48.88,91.02
1994-01-14,-51.6,94.39
1994-01-15,-49.37,93.55
1994-01-16,-47.67,95.22
1994-01-17,-44.29,97.79
1994-01-18,-43.47,96.59
1994-01-19,-45.08,97.02
1994-01-20,-47.91,95.14
1994-01-21,-45.97,97.41
1994-01-22,-46.28,95.73
1994-01-23,-45.71,95.65
1994-01-24,-42.11,95.25
1994-01-25,-47.03,97.21
1994-01-26,-47.4,92.36
1994-01-27,-39.73,97.24
1994-01-28,-35.2,97.42
1994-01-29,-33.29,97.23
1994-01-30,-33.62,97
1994-01-31,-36.13,97.96
1994-02-01,-36.26,98.28
1994-02-02,-42.42,98.63
1994-02-03,-41.38,98.95
1994-02-04,-33.32,98.56
1994-02-05,-35.93,97.21
1994-02-06,-37.53,96.56
1994-02-07,-35.66,95.09
1994-02-08,-31.91,95.58
1994-02-09,-33.81,95.19
1994-02-10,-38.55,99.28
1994-02-11,-34.36,97.83
1994-02-12,-30.84,97.62
1994-02-13,-32.36,96.68
1994-02-14,-34.88,94.36
1994-02-15,-34.43,98.7
1994-02-16,-33.56,98.81
1994-02-17,-32.29,99.32
1994-02-18,-33.08,99.07
1994-02-19,-36.14,99.45
1994-02-20,-36.79,98.53
1994-02-21,-33.45,98.79
1994-02-22,-32.81,98.54
1994-02-23,-27.01,96.67
1994-02-24,-26.09,95.93
1994-02-25,-28.32,98.94
1994-02-26,-25.5,97.93
1994-02-27,-24.4,97.74
1994-02-28,-26.74,98.04
1994-03-01,-29.73,97.69
1994-03-02,-33.64,98.57
1994-03-03,-31.09,98.55
1994-03-04,-27.84,98.49
1994-03-05,-23.37,98.78
1994-03-06,-22.58,93.2
1994-03-07,-26.24,97.86
1994-03-08,-24.9,98.23
1994-03-09,-26.14,98.74
1994-03-10,-24.36,97.63
1994-03-11,-20.1,96.17
1994-03-12,-14.74,97.39
1994-03-13,-13.12,97.55
1994-03-14,-15.58,98.52
1994-03-15,-19.23,97.58
1994-03-16,-21.16,99
1994-03-17,-21.87,99.11
1994-03-18,-17.15,98.8
1994-03-19,-14.96,99.07
1994-03-20,-13.52,99.04
1994-03-21,-16.18,98.01
1994-03-22,-19.97,97.05
1994-03-23,-20.53,97.84
1994-03-24,-17.02,90.61
1994-03-25,-16.82,98.39
1994-03-26,-13.7,97.73
1994-03-27,-14.7,98.36
1994-03-28,-17.99,97.57
1994-03-29,-15.81,96.64
1994-03-30,-15.12,98.31
1994-03-31,-15.48,97.93
1994-04-01,-18.11,97.86
1994-04-02,-15.38,96.84
1994-04-03,-9.11,98.21
1994-04-04,-9.16,97.65
1994-04-05,-13.38,97.22
1994-04-06,-10.67,95.74
1994-04-07,-7.01,97.41
1994-04-08,-16.42,94.21
1994-04-09,-10,97.43
1994-04-10,-8.04,98.37
1994-04-11,-10.06,97.4
1994-04-12,-5.7,98.43
1994-04-13,-5.5,97.85
1994-04-14,-5.33,96.89
1994-04-15,-7.62,98.01
1994-04-16,-8.67,97.64
1994-04-17,-9.59,96.87
1994-04-18,-9.71,96.96
1994-04-19,-8.52,97.13
1994-04-20,-7.25,98.1
1994-04-21,-6.68,96.37
1994-04-22,-4.31,98.07
1994-04-23,-5.37,98.5
1994-04-24,-5.09,98.53
1994-04-25,-7.81,97.58
1994-04-26,-12.02,97.42
1994-04-27,-8.64,95.4
1994-04-28,-0.97,98.76
1994-04-29,-1.69,98.07
1994-04-30,3.45,84.95
1994-05-01,3.84,80.49
1994-05-02,4.11,71.59
1994-05-03,3.73,83.24
1994-05-04,3.2,85.03
1994-05-05,2.79,86.06
1994-05-06,3.51,91.19
1994-05-07,2.71,80.15
1994-05-08,4.46,68.98
1994-05-09,7.19,74.67
1994-05-10,8.24,72.04
1994-05-11,3.42,83.25
1994-05-12,1.77,75.05
1994-05-13,3.68,72.88
1994-05-14,-0.05,84.84
1994-05-15,3.09,73.06
1994-05-16,2.41,79.16
1994-05-17,4.1,75.1
1994-05-18,8.69,51.3
1994-05-19,5.64,78.44
1994-05-20,6.73,72.41
1994-05-21,4.62,83.95
1994-05-22,4.46,63.36
1994-05-23,7.29,73.94
1994-05-24,6.87,70.18
1994-05-25,7.45,71.32
1994-05-26,8.45,65.97
1994-05-27,9.28,66.23
1994-05-28,9.74,64.27
1994-05-29,11.41,66.13
1994-05-30,11.84,64.95
1994-05-31,12.25,70.32
1994-06-01,14.39,65.03
1994-06-02,17.26,68.19
1994-06-03,13.44,86.19
1994-06-04,12.18,69.04
1994-06-05,17.72,66.96
1994-06-06,9.56,74.66
1994-06-07,3.12,58.49
1994-06-08,7.31,48.75
1994-06-09,8.93,54.76
1994-06-10,11.87,45.92
1994-06-11,11.19,68.74
1994-06-12,6.91,73.03
1994-06-13,11.29,53.37
1994-06-14,15.15,59.47
1994-06-15,13.31,77.93
1994-06-16,9.01,90.75
1994-06-17,6.69,89.43
1994-06-18,9.87,82.85
1994-06-19,12.02,80.43
1994-06-20,10.79,87.14
1994-06-21,14.16,82.36
1994-06-22,17.27,74.82
1994-06-23,19.36,61.18
1994-06-24,18.21,78.8
1994-06-25,16.97,81.48
1994-06-26,15.73,85.94
1994-06-27,14.26,83.21
1994-06-28,11.76,95.4
1994-06-29,16.02,76.36
1994-06-30,18.12,67.3
1994-07-01,17.64,76.8
1994-07-02,17.01,82.04
1994-07-03,12.82,86.73
1994-07-04,10.76,90.7
1994-07-05,12.32,86.34
1994-07-06,12.29,88.98
1994-07-07,15.96,78.62
1994-07-08,16.9,76.94
1994-07-09,19.29,76.54
1994-07-10,17.85,88.93
1994-07-11,16.95,89.83
1994-07-12,16.08,84
1994-07-13,20.12,81.67
1994-07-14,20.44,87.04
1994-07-15,20.3,86.86
1994-07-16,21.68,74.01
1994-07-17,20.3,86.97
1994-07-18,15.1,93.28
1994-07-19,11.35,78.32
1994-07-20,11.44,77.9
1994-07-21,15.45,76.59
1994-07-22,17.49,70.79
1994-07-23,19.24,72.3
1994-07-24,20.49,88.76
1994-07-25,10.38,87.77
1994-07-26,13,69.53
1994-07-27,11.08,74.6
1994-07-28,10.36,77.38
1994-07-29,12.06,76.52
1994-07-30,10.99,85.1
1994-07-31,7.78,96.55
1994-08-01,10.44,90.26
1994-08-02,11.58,91.2
1994-08-03,11.41,75.96
1994-08-04,12.69,74.03
1994-08-05,15.01,68.89
1994-08-06,14.52,83.2
1994-08-07,14.51,79.73
1994-08-08,13.19,78.45
1994-08-09,9.08,83.66
1994-08-10,10.65,79.1
1994-08-11,13.77,77.02
1994-08-12,9.78,79.2
1994-08-13,11.8,75.25
1994-08-14,13.86,75.14
1994-08-15,15.92,74.24
1994-08-16,7.7,75.62
1994-08-17,11.31,70.12
1994-08-18,14.11,72.58
1994-08-19,15.73,67.72
1994-08-20,13.44,71.25
1994-08-21,11.75,69.38
1994-08-22,15.82,73.62
1994-08-23,17.05,72.33
1994-08-24,18.41,64.71
1994-08-25,18.96,59.82
1994-08-26,18.5,69.83
1994-08-27,15.68,83.02
1994-08-28,10.05,95.24
1994-08-29,11.16,80.25
1994-08-30,11.22,89.46
1994-08-31,9.47,76.77
1994-09-01,10.56,70.44
1994-09-02,8.66,76.74
1994-09-03,9.85,61.49
1994-09-04,11.15,58.82
1994-09-05,10.02,74.37
1994-09-06,9.31,89.41
1994-09-07,8.05,96.59
1994-09-08,8.7,93.98
1994-09-09,8.57,90.1
1994-09-10,5.96,94.48
1994-09-11,3.43,83.55
1994-09-12,2.93,82.02
1994-09-13,2.01,86.69
1994-09-14,3.47,74.14
1994-09-15,4.75,84.66
1994-09-16,1.81,80.54
1994-09-17,3.25,78.13
1994-09-18,5.44,71.71
1994-09-19,8.07,86.26
1994-09-20,9.15,90.33
1994-09-21,10.22,87.13
1994-09-22,7.86,89.16
1994-09-23,7.38,94.6
1994-09-24,8.86,87.89
1994-09-25,3.92,81.07
1994-09-26,1.27,92.01
1994-09-27,1.26,96.68
1994-09-28,3.97,85.91
1994-09-29,5.23,92.47
1994-09-30,3.02,86.33
1994-10-01,0.33,86.91
1994-10-02,1.15,78.86
1994-10-03,4,86.48
1994-10-04,-0.11,85.57
1994-10-05,-2.57,87.96
1994-10-06,-2.36,77.49
1994-10-07,-3,83.64
1994-10-08,0.43,88.34
1994-10-09,-1.33,87.31
1994-10-10,-1.39,87.14
1994-10-11,-1.09,88.86
1994-10-12,-3.61,95.06
1994-10-13,-5.15,80.83
1994-10-14,-6.92,81.12
1994-10-15,-5.38,85.26
1994-10-16,-2.08,96.26
1994-10-17,-2.28,93.06
1994-10-18,-8.31,92.84
1994-10-19,-6.7,89.9
1994-10-20,-5.7,93.88
1994-10-21,-9.45,93.72
1994-10-22,-11.84,95.79
1994-10-23,-5.94,97.07
1994-10-24,-2.96,97.35
1994-10-25,-7.93,93.1
1994-10-26,-8.55,93.63
1994-10-27,-9.88,92.46
1994-10-28,-18.24,90.08
1994-10-29,-19.79,93.97
1994-10-30,-18.74,85.02
1994-10-31,-18.98,80.43
1994-11-01,-24.01,88.12
1994-11-02,-24.87,82.43
1994-11-03,-26.93,87.41
1994-11-04,-31.25,92.43
1994-11-05,-31.59,92.12
1994-11-06,-30.52,93.16
1994-11-07,-32.41,95.95
1994-11-08,-33.56,95.75
1994-11-09,-29.86,92.61
1994-11-10,-32.93,96.34
1994-11-11,-33.07,95.13
1994-11-12,-28.59,95.44
1994-11-13,-28.47,96.35
1994-11-14,-21.95,97.68
1994-11-15,-17.12,99.86
1994-11-16,-13.13,96.91
1994-11-17,-19.22,96.2
1994-11-18,-23.37,98.66
1994-11-19,-30.97,97.66
1994-11-20,-37.87,86.48
1994-11-21,-37.8,92.16
1994-11-22,-26.17,98.55
1994-11-23,-25.82,98.84
1994-11-24,-20.08,99.37
1994-11-25,-17.28,98.18
1994-11-26,-15.24,98.9
1994-11-27,-15.82,96.13
1994-11-28,-15.5,98.94
1994-11-29,-18.64,98.01
1994-11-30,-22.93,97.77
1994-12-01,-25.48,98.35
1994-12-02,-29.1,99.28
1994-12-03,-36.22,98.81
1994-12-04,-34.38,98.91
1994-12-05,-29.9,98.87
1994-12-06,-28.96,99.16
1994-12-07,-27.89,98.21
1994-12-08,-37.58,97.34
1994-12-09,-39.91,98.24
1994-12-10,-30.83,98.62
1994-12-11,-32.3,97.97
1994-12-12,-34.25,97.45
1994-12-13,-38.6,97.74
1994-12-14,-39.09,98.14
1994-12-15,-39.11,99.47
1994-12-16,-38.22,99.07
1994-12-17,-33.46,99.18
1994-12-18,-27.21,98.52
1994-12-19,-40.79,99.41
1994-12-20,-47.76,98.73
1994-12-21,-50.63,89.88
1994-12-22,-49.45,99.47
1994-12-23,-49.11,98.93
1994-12-24,-49.58,89.17
1994-12-25,-46.15,95.08
1994-12-26,-46.52,95.87
1994-12-27,-47.36,95.45
1994-12-28,-50.84,98.23
1994-12-29,-47.98,95.8
1994-12-30,-44.58,95.48
1994-12-31,-42.15,98.84
1995-01-01,-31.94,98.39
1995-01-02,-26.47,100
1995-01-03,-28.6,99.52
1995-01-04,-33.96,98.33
1995-01-05,-36.14,97.81
1995-01-06,-40.07,98.47
1995-01-07,-34.92,99.78
1995-01-08,-29.07,99.54
1995-01-09,-38.33,98.69
1995-01-10,-42.49,97.27
1995-01-11,-32.94,96.95
1995-01-12,-33.57,96.81
1995-01-13,-40.65,99.78
1995-01-14,-40.43,98.56
1995-01-15,-37.28,98.05
1995-01-16,-34.98,99.28
1995-01-17,-39.11,97.27
1995-01-18,-43.2,96.57
1995-01-19,-41.48,96.7
1995-01-20,-33.35,98.25
1995-01-21,-38.43,98.05
1995-01-22,-42.86,97.7
1995-01-23,-42.1,97.5
1995-01-24,-39.56,97.88
1995-01-25,-39.6,90.75
1995-01-26,-36.68,96.53
1995-01-27,-33.83,98.09
1995-01-28,-30.5,98.54
1995-01-29,-28.4,98.62
1995-01-30,-29.02,98.73
1995-01-31,-27.68,98.46
1995-02-01,-24.93,97.89
1995-02-02,-20.98,98.35
1995-02-03,-23.17,99.84
1995-02-04,-25.85,99.57
1995-02-05,-25.36,98.93
1995-02-06,-23.61,98.57
1995-02-07,-26.7,99.05
1995-02-08,-31.2,99.39
1995-02-09,-27.53,98.37
1995-02-10,-25.74,97.12
1995-02-11,-24.14,98.54
1995-02-12,-30.42,99.07
1995-02-13,-27.79,98.17
1995-02-14,-22.99,96.23
1995-02-15,-22.37,98.49
1995-02-16,-16.06,98.74
1995-02-17,-19.63,98.67
1995-02-18,-20.64,98.29
1995-02-19,-23.13,98.82
1995-02-20,-24.43,98.22
1995-02-21,-24.6,98.44
1995-02-22,-25.33,98.48
1995-02-23,-23.4,98.5
1995-02-24,-23.62,98.17
1995-02-25,-25.21,98.69
1995-02-26,-26.75,97.71
1995-02-27,-28.72,98.18
1995-02-28,-28.6,99.24
1995-03-01,-23.29,98.52
1995-03-02,-23.3,98.65
1995-03-03,-23.62,98.38
1995-03-04,-18.89,98.49
1995-03-05,-15.88,99.3
1995-03-06,-16.06,99.1
1995-03-07,-17.18,97.21
1995-03-08,-24.11,98.62
1995-03-09,-20.25,99.04
1995-03-10,-17.35,97.85
1995-03-11,-17.04,97.36
1995-03-12,-23.88,97.96
1995-03-13,-25.99,95.4
1995-03-14,-31.61,95.86
1995-03-15,-29.24,96.41
1995-03-16,-27.47,96.52
1995-03-17,-27.41,97.03
1995-03-18,-34.83,95.81
1995-03-19,-32.81,95.66
1995-03-20,-29.39,96.78
1995-03-21,-28.37,95.97
1995-03-22,-27.17,97.56
1995-03-23,-22.26,98.03
1995-03-24,-20.44,98.06
1995-03-25,-18.99,97.6
1995-03-26,-15.78,94.74
1995-03-27,-16.72,95.55
1995-03-28,-14.49,95.6
1995-03-29,-12.16,96.01
1995-03-30,-13.75,98.14
1995-03-31,-11.62,97.53
1995-04-01,-8.13,98.44
1995-04-02,-12.72,97.88
1995-04-03,-14.42,96.37
1995-04-04,-15.72,97.51
1995-04-05,-13.2,97.11
1995-04-06,-14.83,97.24
1995-04-07,-12.93,97.34
1995-04-08,-10.21,97.49
1995-04-09,-11.21,97.32
1995-04-10,-14.39,96.91
1995-04-11,-13.91,97.53
1995-04-12,-11.98,97.87
1995-04-13,-8.93,93.31
1995-04-14,-6.87,93.59
1995-04-15,-5.68,97.19
1995-04-16,-3.33,98.13
1995-04-17,-4.9,97.18
1995-04-18,-3.27,96.92
1995-04-19,-1.03,98.91
1995-04-20,-4.06,97.45
1995-04-21,-6.56,95.93
1995-04-22,-4.64,97.04
1995-04-23,-2.59,98.75
1995-04-24,-3.02,98.5
1995-04-25,-3.49,98.08
1995-04-26,-1.45,96.95
1995-04-27,-2.75,98.36
1995-04-28,-3.78,95.01
1995-04-29,-1,96.09
1995-04-30,-2.54,96.91
1995-05-01,-5.07,96.08
1995-05-02,-7.75,94.23
1995-05-03,-6.07,90.07
1995-05-04,-5.71,91.49
1995-05-05,0.46,87.05
1995-05-06,4.52,84.7
1995-05-07,2.27,77.58
1995-05-08,-0.8,71.63
1995-05-09,-0.65,69.92
1995-05-10,1.97,67.69
1995-05-11,4.79,69.25
1995-05-12,4.9,82.47
1995-05-13,0.78,69.53
1995-05-14,-1.84,58.89
1995-05-15,-2.89,68.39
1995-05-16,0.7,62.58
1995-05-17,3.24,61.05
1995-05-18,4.53,67.93
1995-05-19,8.27,74.32
1995-05-20,8.41,70.16
1995-05-21,7.81,66.62
1995-05-22,4.56,67.55
1995-05-23,3.24,64.73
1995-05-24,5.13,64.66
1995-05-25,6.96,66.49
1995-05-26,10.74,64.23
1995-05-27,11.45,73.53
1995-05-28,12.83,65.44
1995-05-29,14.29,52.99
1995-05-30,17.75,46.37
1995-05-31,17.02,65.44
1995-06-01,15.85,74.57
1995-06-02,10.4,84.7
1995-06-03,9.9,78.86
1995-06-04,11,66.26
1995-06-05,9.54,77.58
1995-06-06,7.03,84.36
1995-06-07,12.9,67.27
1995-06-08,11.61,76.64
1995-06-09,15.14,73.16
1995-06-10,17.16,76.98
1995-06-11,11.01,83.06
1995-06-12,13.49,69.97
1995-06-13,15.23,65.87
1995-06-14,12.44,74.4
1995-06-15,14.2,67.99
1995-06-16,15.33,78.24
1995-06-17,13.77,70.08
1995-06-18,15.87,68.88
1995-06-19,19.77,69.78
1995-06-20,22.13,75.42
1995-06-21,24.41,66.66
1995-06-22,25.52,59.58
1995-06-23,24.07,61.11
1995-06-24,21.09,62.39
1995-06-25,21.65,62.9
1995-06-26,23.8,55.67
1995-06-27,25.64,56.43
1995-06-28,24.67,54.03
1995-06-29,23.18,50.8
1995-06-30,23.72,49.64
1995-07-01,22.15,47.99
1995-07-02,24.26,44.92
1995-07-03,20.07,55.73
1995-07-04,19.25,51.69
1995-07-05,22.79,55.63
1995-07-06,23.46,58.03
1995-07-07,17.34,63.92
1995-07-08,16.81,60.96
1995-07-09,15.54,68.07
1995-07-10,10.92,81.56
1995-07-11,12.21,63.92
1995-07-12,11.99,64.39
1995-07-13,15.59,52.04
1995-07-14,16.46,52.44
1995-07-15,17.88,67.21
1995-07-16,16.88,58.22
1995-07-17,17.03,55.48
1995-07-18,19.25,53.61
1995-07-19,20.55,53.76
1995-07-20,22.16,50.62
1995-07-21,20.79,56.39
1995-07-22,18.1,74.72
1995-07-23,13.2,90.45
1995-07-24,12.76,76.83
1995-07-25,16.51,65.07
1995-07-26,20.19,50.5
1995-07-27,20.67,51.87
1995-07-28,20.83,55.39
1995-07-29,21.35,56.93
1995-07-30,21.52,54.8
1995-07-31,21.08,57.13
1995-08-01,23.68,50.79
1995-08-02,21.87,56.08
1995-08-03,17.96,46.99
1995-08-04,19.89,44.28
1995-08-05,23.38,49.38
1995-08-06,23.21,53.7
1995-08-07,16.15,40.55
1995-08-08,14.52,66.63
1995-08-09,14.84,69.77
1995-08-10,10.76,87.32
1995-08-11,11.73,70.6
1995-08-12,10.07,69.1
1995-08-13,12.79,54.05
1995-08-14,14.57,45.04
1995-08-15,17.36,65.97
1995-08-16,15.4,80.53
1995-08-17,8.09,75.37
1995-08-18,9.36,62.55
1995-08-19,10.67,45.1
1995-08-20,13.14,42.99
1995-08-21,14.42,48.2
1995-08-22,15.08,55.44
1995-08-23,16.58,57.49
1995-08-24,18.48,54.71
1995-08-25,17.39,53.82
1995-08-26,17.24,55.43
1995-08-27,19.88,44.18
1995-08-28,18.79,55.73
1995-08-29,15.95,62.06
1995-08-30,14.34,76.36
1995-08-31,12.12,89.52
1995-09-01,7.86,77.42
1995-09-02,7.87,75.89
1995-09-03,10.98,60.08
1995-09-04,13.66,64.05
1995-09-05,13.1,64.1
1995-09-06,15.25,52.37
1995-09-07,14.39,57.31
1995-09-08,9.6,64.14
1995-09-09,3.8,80.9
1995-09-10,7.08,63.03
1995-09-11,4.47,88.99
1995-09-12,1.23,75.64
1995-09-13,1.99,54.74
1995-09-14,3.5,67.93
1995-09-15,3.33,74.26
1995-09-16,6.11,90.93
1995-09-17,11.48,82.13
1995-09-18,11.26,72.9
1995-09-19,9.99,58.1
1995-09-20,3.13,60.95
1995-09-21,2.02,58.34
1995-09-22,2.33,84.6
1995-09-23,0.23,69.08
1995-09-24,-1.76,72.42
1995-09-25,0.01,51.84
1995-09-26,0.14,58.51
1995-09-27,0.1,90.63
1995-09-28,-1.08,96.48
1995-09-29,-0.87,91.5
1995-09-30,0.12,84.24
1995-10-01,-1.17,80.52
1995-10-02,-0.05,79.9
1995-10-03,-1.36,79.83
1995-10-04,-0.65,78.21
1995-10-05,-1.93,72.61
1995-10-06,-1.9,74.95
1995-10-07,-3.44,71
1995-10-08,-3.34,70.53
1995-10-09,-2.49,74.42
1995-10-10,-2.33,86.85
1995-10-11,-4.01,68.31
1995-10-12,-3.45,83.37
1995-10-13,-7.96,76.04
1995-10-14,-7.29,78.39
1995-10-15,-4.25,94.51
1995-10-16,-2.57,95.79
1995-10-17,-3.76,97.38
1995-10-18,-0.42,87.33
1995-10-19,-4.61,84.97
1995-10-20,-8.49,83.58
1995-10-21,-8.47,87.71
1995-10-22,-4.14,86.42
1995-10-23,-3.57,95.08
1995-10-24,-9.93,89.99
1995-10-25,-6.07,93.88
1995-10-26,-7.2,96.06
1995-10-27,-6.92,95.93
1995-10-28,-10.01,95.94
1995-10-29,-13.77,93.49
1995-10-30,-13.66,95.92
1995-10-31,-20.02,97.71
1995-11-01,-16.39,97.3
1995-11-02,-12.89,97.27
1995-11-03,-20.08,96.79
1995-11-04,-25.17,92.6
1995-11-05,-22.24,93.19
1995-11-06,-20.71,98.41
1995-11-07,-20.94,96.8
1995-11-08,-23.55,97.16
1995-11-09,-22.71,97.84
1995-11-10,-20.36,99.2
1995-11-11,-19.44,99.09
1995-11-12,-21.2,98.75
1995-11-13,-24.63,99.33
1995-11-14,-32.41,98.71
1995-11-15,-30.24,96.83
1995-11-16,-32.4,96.87
1995-11-17,-32.4,90.65
1995-11-18,-27.25,94.99
1995-11-19,-24.44,99.28
1995-11-20,-25.9,99.11
1995-11-21,-28.84,97.68
1995-11-22,-27.28,98.63
1995-11-23,-34.57,98.03
1995-11-24,-37.71,96.63
1995-11-25,-36.71,99.05
1995-11-26,-31.69,99.47
1995-11-27,-26.44,99.37
1995-11-28,-29.52,98.82
1995-11-29,-29.24,98.64
1995-11-30,-25.24,97.34
1995-12-01,-20.99,99.02
1995-12-02,-30.76,99.41
1995-12-03,-32.51,99.34
1995-12-04,-28.23,99.07
1995-12-05,-31.62,99.29
1995-12-06,-32.51,99.27
1995-12-07,-34.36,98.58
1995-12-08,-31.77,98.48
1995-12-09,-27.52,98.08
1995-12-10,-27.86,98.91
1995-12-11,-28.52,98.22
1995-12-12,-28.7,98.78
1995-12-13,-36.28,99.3
1995-12-14,-31.87,99.01
1995-12-15,-32.64,98.92
1995-12-16,-33.84,98.37
1995-12-17,-33.54,97.77
1995-12-18,-30.93,99.68
1995-12-19,-32.37,98.51
1995-12-20,-32.64,97.23
1995-12-21,-33.91,97.23
1995-12-22,-37.66,98.83
1995-12-23,-35.28,98.57
1995-12-24,-32.83,98.18
1995-12-25,-31.01,98.12
1995-12-26,-27.01,97.87
1995-12-27,-33.57,99.38
1995-12-28,-39.65,98.52
1995-12-29,-25.43,98.85
1995-12-30,-31.13,96.95
1995-12-31,-42.18,98.59
1996-01-01,-35.88,99
1996-01-02,-36.47,96.17
1996-01-03,-45.34,93.21
1996-01-04,-50.55,96.37
1996-01-05,-45.4,91.08
1996-01-06,-38.25,97.5
1996-01-07,-39.56,97.14
1996-01-08,-34.23,99.26
1996-01-09,-25.74,98.4
1996-01-10,-29.58,98.73
1996-01-11,-39.48,97.88
1996-01-12,-37.62,97.31
1996-01-13,-32.05,97.57
1996-01-14,-35.02,99.38
1996-01-15,-37.41,99.63
1996-01-16,-42.71,98.18
1996-01-17,-44.86,97.35
1996-01-18,-47.57,93.93
1996-01-19,-44.64,97.09
1996-01-20,-39.12,92.78
1996-01-21,-37.75,95.42
1996-01-22,-45.83,96.13
1996-01-23,-43.43,97.48
1996-01-24,-40.81,98.44
1996-01-25,-41.4,97.37
1996-01-26,-35.45,98.34
1996-01-27,-38.41,98.61
1996-01-28,-37.95,96.31
1996-01-29,-35.93,95.59
1996-01-30,-35.44,97.66
1996-01-31,-34.64,98.04
1996-02-01,-33.42,98.04
1996-02-02,-31.67,97.93
1996-02-03,-31.86,95.88
1996-02-04,-33.37,98.36
1996-02-05,-36.11,97.95
1996-02-06,-35.17,98.76
1996-02-07,-30.4,98.25
1996-02-08,-30.65,98.58
1996-02-09,-24.4,98.75
1996-02-10,-27.06,98.16
1996-02-11,-36.45,96.75
1996-02-12,-31.29,95.87
1996-02-13,-37.58,96.84
1996-02-14,-39.11,97.39
1996-02-15,-44.04,98.44
1996-02-16,-39.76,98.52
1996-02-17,-29.52,98.89
1996-02-18,-28.81,98.27
1996-02-19,-22.71,98.65
1996-02-20,-24.51,99.99
1996-02-21,-22.03,99.14
1996-02-22,-16.85,99.19
1996-02-23,-25.21,99.25
1996-02-24,-24.75,95.44
1996-02-25,-21.12,96.96
1996-02-26,-20.7,97.62
1996-02-27,-22.87,98.07
1996-02-28,-28.37,96.52
1996-02-29,-31.41,97.83
1996-03-01,-36.63,98.14
1996-03-02,-36.95,99.15
1996-03-03,-30.34,99.28
1996-03-04,-28.34,98.44
1996-03-05,-21.21,99.23
1996-03-06,-20.36,98.78
1996-03-07,-23.34,98.12
1996-03-08,-27.46,98.64
1996-03-09,-26.48,97.63
1996-03-10,-18.14,97.89
1996-03-11,-14.54,98.62
1996-03-12,-18.39,98.89
1996-03-13,-19.08,97.65
1996-03-14,-25.14,97.83
1996-03-15,-21.68,94.02
1996-03-16,-22.05,98.6
1996-03-17,-22.4,98.25
1996-03-18,-23.8,97.36
1996-03-19,-23.56,97.82
1996-03-20,-21.71,95.64
1996-03-21,-20.66,96.11
1996-03-22,-17.42,97.21
1996-03-23,-17.34,96.96
1996-03-24,-18.26,97.4
1996-03-25,-16.93,96.6
1996-03-26,-17.3,97.76
1996-03-27,-17.34,97.68
1996-03-28,-17.74,97.72
1996-03-29,-15.3,98.25
1996-03-30,-13.23,97.74
1996-03-31,-16.23,97.25
1996-04-01,-14.26,96.35
1996-04-02,-13.75,96.41
1996-04-03,-11.57,97.27
1996-04-04,-11.77,97.86
1996-04-05,-11.98,97.56
1996-04-06,-13.24,97.22
1996-04-07,-13.24,96.54
1996-04-08,-10.62,96.37
1996-04-09,-8.36,96.71
1996-04-10,-7.03,89.96
1996-04-11,-7.2,93.7
1996-04-12,-6.86,95.62
1996-04-13,-4.75,95.16
1996-04-14,-10.63,97.93
1996-04-15,-7.5,97.01
1996-04-16,-8.26,95.98
1996-04-17,-5.77,95.47
1996-04-18,-6,96.99
1996-04-19,-6.65,97.13
1996-04-20,-5.02,98.08
1996-04-21,-1.95,98.61
1996-04-22,-5.19,98.53
1996-04-23,-3.03,98.99
1996-04-24,-1.29,98.29
1996-04-25,-3.67,98.65
1996-04-26,-2.07,98.9
1996-04-27,-0.82,99.21
1996-04-28,-4.58,98.07
1996-04-29,-1.1,81.09
1996-04-30,-0.04,85.71
1996-05-01,0.11,92.87
1996-05-02,1.03,94.71
1996-05-03,2.03,94.46
1996-05-04,2.3,80.33
1996-05-05,4.99,59.16
1996-05-06,5.76,70.95
1996-05-07,5.82,70.86
1996-05-08,7,75.83
1996-05-09,5.41,65.66
1996-05-10,5.1,79.73
1996-05-11,8.92,69.77
1996-05-12,9.02,73.38
1996-05-13,2.35,64.14
1996-05-14,4.67,59.88
1996-05-15,6.81,73.95
1996-05-16,8.78,80.13
1996-05-17,3.99,83.57
1996-05-18,9.86,74.2
1996-05-19,2.81,86.39
1996-05-20,1.54,90.35
1996-05-21,3.53,77.97
1996-05-22,8.21,81.89
1996-05-23,13.3,81
1996-05-24,6.11,82.16
1996-05-25,0.22,70.64
1996-05-26,3.52,59.75
1996-05-27,2.91,87.94
1996-05-28,5.37,73.04
1996-05-29,4.87,75.77
1996-05-30,5.35,68.09
1996-05-31,8.06,70.28
1996-06-01,11.14,69.52
1996-06-02,2.19,74.05
1996-06-03,5.76,61.7
1996-06-04,12.26,61.47
1996-06-05,15.69,71.98
1996-06-06,17.51,73.85
1996-06-07,17.41,76.55
1996-06-08,17.36,71.85
1996-06-09,16.43,77.32
1996-06-10,14.52,76.89
1996-06-11,7.72,75.85
1996-06-12,14.88,51.2
1996-06-13,18.67,61.01
1996-06-14,20.44,65.36
1996-06-15,21.2,69.84
1996-06-16,19.71,64.54
1996-06-17,21.75,58.7
1996-06-18,24.76,57.21
1996-06-19,16.31,71.66
1996-06-20,10.66,80.94
1996-06-21,9.1,74.71
1996-06-22,12.76,85.19
1996-06-23,11.32,89.49
1996-06-24,18.54,79.61
1996-06-25,18.94,71.16
1996-06-26,19.79,71.04
1996-06-27,20.81,65.08
1996-06-28,22.21,57.05
1996-06-29,24.08,53.44
1996-06-30,17.54,85.15
1996-07-01,16.77,66.47
1996-07-02,16.5,56.03
1996-07-03,20.33,48.67
1996-07-04,22.09,58.24
1996-07-05,25.35,47.32
1996-07-06,24.11,61.56
1996-07-07,22.2,68.43
1996-07-08,24.68,60.07
1996-07-09,26.92,57.15
1996-07-10,26.38,61.35
1996-07-11,24.49,69.63
1996-07-12,22.67,73.23
1996-07-13,19.6,78.96
1996-07-14,19.49,63.35
1996-07-15,21.09,60.91
1996-07-16,14.93,72.39
1996-07-17,10.78,76.87
1996-07-18,13.85,67.96
1996-07-19,20.37,72.18
1996-07-20,22.22,66.06
1996-07-21,18.14,58.16
1996-07-22,19.03,49.01
1996-07-23,12.32,60.55
1996-07-24,14.53,61.29
1996-07-25,18.28,52.77
1996-07-26,16.11,62.78
1996-07-27,14.96,58.92
1996-07-28,15.37,73.9
1996-07-29,11.17,50.51
1996-07-30,9.24,51.91
1996-07-31,13.39,51.8
1996-08-01,15.97,44.55
1996-08-02,16.07,49.47
1996-08-03,15.97,52.74
1996-08-04,18.66,46.24
1996-08-05,18.65,57.3
1996-08-06,16.89,72.15
1996-08-07,16.83,68.32
1996-08-08,10.89,97.15
1996-08-09,16.16,62.53
1996-08-10,17.26,62.12
1996-08-11,19.03,62.92
1996-08-12,15.47,69.55
1996-08-13,17.57,61.96
1996-08-14,18.1,67.33
1996-08-15,14.94,76.4
1996-08-16,16.93,83.03
1996-08-17,12.45,92.61
1996-08-18,12.9,91.69
1996-08-19,11.69,91.81
1996-08-20,9.94,94.15
1996-08-21,5.43,93.98
1996-08-22,7.51,79.7
1996-08-23,9.88,77.79
1996-08-24,11.31,71.37
1996-08-25,10.86,90.13
1996-08-26,8.92,78.05
1996-08-27,9.42,77.39
1996-08-28,7.99,72.98
1996-08-29,6.46,88.03
1996-08-30,7.12,70.36
1996-08-31,8.92,68.73
1996-09-01,4.7,96.04
1996-09-02,4.23,81.25
1996-09-03,5.66,69.66
1996-09-04,5.29,75.73
1996-09-05,5.62,72.28
1996-09-06,4.69,74.87
1996-09-07,6.85,76.09
1996-09-08,5.44,93.86
1996-09-09,6.31,91.79
1996-09-10,6.51,90.93
1996-09-11,9.76,77.88
1996-09-12,11.22,78.82
1996-09-13,5.34,68.9
1996-09-14,7.5,75.21
1996-09-15,7.84,85.64
1996-09-16,4.4,74.9
1996-09-17,5.32,84.19
1996-09-18,1.4,86.31
1996-09-19,1.51,82.1
1996-09-20,0.78,87.19
1996-09-21,2.29,97.85
1996-09-22,6.74,96.96
1996-09-23,5.3,96.46
1996-09-24,2.25,95.23
1996-09-25,1.1,89.35
1996-09-26,2.34,86.27
1996-09-27,1.27,96.25
1996-09-28,-0.95,82.33
1996-09-29,-0.75,75.03
1996-09-30,-0.41,81.35
1996-10-01,-1.37,72.28
1996-10-02,-1.36,86.82
1996-10-03,0.27,84.21
1996-10-04,-1.68,88.72
1996-10-05,-1.77,89.03
1996-10-06,-0.86,91.04
1996-10-07,-0.44,92.74
1996-10-08,0.24,86.89
1996-10-09,-1.97,92.17
1996-10-10,-4.32,82.56
1996-10-11,-3.65,77.89
1996-10-12,-2.73,80.63
1996-10-13,-3.1,84.27
1996-10-14,-2.14,89.77
1996-10-15,-3.28,89.47
1996-10-16,-4.24,90.55
1996-10-17,-4.61,90.83
1996-10-18,-4.71,88.53
1996-10-19,-4.44,92.19
1996-10-20,-8.23,86.15
1996-10-21,-8.6,86.89
1996-10-22,-7.28,93.95
1996-10-23,-10.01,96.17
1996-10-24,-13.81,94.38
1996-10-25,-14.53,93.44
1996-10-26,-17.48,91.09
1996-10-27,-17.91,86.27
1996-10-28,-16.85,82.87
1996-10-29,-18.84,93.22
1996-10-30,-18.35,91.66
1996-10-31,-20.7,91.6
1996-11-01,-22.66,87.43
1996-11-02,-25.95,88.54
1996-11-03,-30.21,94.04
1996-11-04,-28.48,95.33
1996-11-05,-25.03,86.31
1996-11-06,-29.6,91.67
1996-11-07,-29.41,95.38
1996-11-08,-28.07,95.52
1996-11-09,-28.25,97.07
1996-11-10,-29.97,99.18
1996-11-11,-31.66,99.34
1996-11-12,-21.42,99.66
1996-11-13,-16.51,99.56
1996-11-14,-18.38,98.7
1996-11-15,-20.93,98.77
1996-11-16,-21.54,98.74
1996-11-17,-22.08,99.59
1996-11-18,-18.8,98.97
1996-11-19,-13.31,99.79
1996-11-20,-15.97,99.68
1996-11-21,-17.95,99.43
1996-11-22,-19.27,99.6
1996-11-23,-26.51,99.35
1996-11-24,-27.47,98.94
1996-11-25,-30.73,99.47
1996-11-26,-29.3,97.21
1996-11-27,-26.86,96.99
1996-11-28,-26.92,98.39
1996-11-29,-26.26,98.06
1996-11-30,-26.87,98.43
1996-12-01,-30.27,98.58
1996-12-02,-32.38,99.07
1996-12-03,-34.16,98.6
1996-12-04,-34.72,99.23
1996-12-05,-41.22,99.18
1996-12-06,-34.97,99.77
1996-12-07,-33.74,97.82
1996-12-08,-30.34,99.05
1996-12-09,-30.45,97.9
1996-12-10,-32.92,97.65
1996-12-11,-41.28,97.6
1996-12-12,-47.51,93.94
1996-12-13,-52.02,97.33
1996-12-14,-51.23,97.13
1996-12-15,-50.56,95.7
1996-12-16,-39.1,98.29
1996-12-17,-45.13,94.38
1996-12-18,-43.45,94.45
1996-12-19,-43.75,95.3
1996-12-20,-48.2,96.57
1996-12-21,-50.36,92.28
1996-12-22,-46,98.74
1996-12-23,-39.42,97.55
1996-12-24,-44.49,96.56
1996-12-25,-42.72,97.97
1996-12-26,-39.75,98.79
1996-12-27,-36.74,98.81
1996-12-28,-35.57,98.99
1996-12-29,-33.17,97.38
1996-12-30,-38.63,97.97
1996-12-31,-32.39,97.99
1997-01-01,-29.71,96.09
1997-01-02,-32.05,98.53
1997-01-03,-35.96,98.05
1997-01-04,-40.36,97.45
1997-01-05,-39.03,98.02
1997-01-06,-34.66,97.84
1997-01-07,-22.92,99.66
1997-01-08,-29.89,99.77
1997-01-09,-27.78,97.9
1997-01-10,-21.35,99.57
1997-01-11,-36.94,98.81
1997-01-12,-46.87,91.56
1997-01-13,-43.95,89.83
1997-01-14,-44.57,97.83
1997-01-15,-46.51,98.82
1997-01-16,-45.13,97.06
1997-01-17,-44.72,98.84
1997-01-18,-45,98.33
1997-01-19,-47.17,98.58
1997-01-20,-47.27,96.44
1997-01-21,-44.99,97.57
1997-01-22,-38.81,97.82
1997-01-23,-38.5,99.12
1997-01-24,-38.94,98.84
1997-01-25,-37.03,96.85
1997-01-26,-39.89,97.88
1997-01-27,-35.94,97.96
1997-01-28,-29.24,97.72
1997-01-29,-27.43,97.5
1997-01-30,-26.83,96.85
1997-01-31,-24.65,98.19
1997-02-01,-27.55,99.42
1997-02-02,-29.39,98.93
1997-02-03,-29.09,98.35
1997-02-04,-29.37,99.13
1997-02-05,-27.01,98.97
1997-02-06,-29.75,98.98
1997-02-07,-36.37,99.36
1997-02-08,-30.03,98.21
1997-02-09,-28.8,99.26
1997-02-10,-26.44,98.47
1997-02-11,-36.29,98.75
1997-02-12,-35.62,98.51
1997-02-13,-34.56,98.75
1997-02-14,-32.77,99.54
1997-02-15,-26.99,98.08
1997-02-16,-33.76,98.6
1997-02-17,-30.89,99.17
1997-02-18,-24.37,98.66
1997-02-19,-30.74,97.9
1997-02-20,-35.47,97.95
1997-02-21,-38.1,97.72
1997-02-22,-31.76,97.85
1997-02-23,-29.47,98.12
1997-02-24,-30.52,97.35
1997-02-25,-36.75,98.38
1997-02-26,-34.84,98.72
1997-02-27,-35.85,96.47
1997-02-28,-37.73,96.5
1997-03-01,-32.84,97.07
1997-03-02,-34.53,98.15
1997-03-03,-32.62,98.67
1997-03-04,-31.13,97.57
1997-03-05,-30.08,97.29
1997-03-06,-28.13,97.14
1997-03-07,-25.76,97.57
1997-03-08,-28.5,96.19
1997-03-09,-29.2,96.6
1997-03-10,-27.95,98.31
1997-03-11,-25.77,97.29
1997-03-12,-21.81,93.35
1997-03-13,-21.7,95.83
1997-03-14,-21.39,98.77
1997-03-15,-18.72,98.02
1997-03-16,-18.26,98.62
1997-03-17,-14.02,98.87
1997-03-18,-7.98,97
1997-03-19,-13.75,97.19
1997-03-20,-13.91,97.66
1997-03-21,-17.75,96.93
1997-03-22,-18.13,97.22
1997-03-23,-14.24,97.77
1997-03-24,-17.26,96.58
1997-03-25,-13.2,97.98
1997-03-26,-13.46,97.05
1997-03-27,-22.76,96.24
1997-03-28,-22.26,97.37
1997-03-29,-23.94,98.07
1997-03-30,-20.84,97.69
1997-03-31,-17.69,97.63
1997-04-01,-12.42,97.82
1997-04-02,-5.26,98.74
1997-04-03,-6.83,98.57
1997-04-04,-7.79,98.1
1997-04-05,-5.21,98.34
1997-04-06,-6.37,98.72
1997-04-07,-6.25,97.52
1997-04-08,-6.35,96.94
1997-04-09,-14.89,97.92
1997-04-10,-16.8,97.24
1997-04-11,-13.18,97.24
1997-04-12,-6.63,97.85
1997-04-13,-3.04,94.65
1997-04-14,-3.11,98.99
1997-04-15,-3.05,96.99
1997-04-16,-0.86,97.47
1997-04-17,-6.13,96.24
1997-04-18,-7.29,97.38
1997-04-19,-8.53,97.24
1997-04-20,-4.19,97.57
1997-04-21,-2.96,98.47
1997-04-22,-0.35,92.75
1997-04-23,3.77,80.69
1997-04-24,4.16,79.53
1997-04-25,-3.86,59.64
1997-04-26,-4.31,69.05
1997-04-27,-3.49,65.78
1997-04-28,-1.95,59.9
1997-04-29,2.05,67.21
1997-04-30,2.41,69.9
1997-05-01,4.51,65.4
1997-05-02,3.42,74.78
1997-05-03,2.82,76.55
1997-05-04,0.83,66.69
1997-05-05,0.2,65.08
1997-05-06,0.08,68.98
1997-05-07,0.43,73.22
1997-05-08,0.64,77.64
1997-05-09,2.71,77.65
1997-05-10,3.34,80.49
1997-05-11,4.71,72.43
1997-05-12,7.65,57.23
1997-05-13,8.18,63.87
1997-05-14,7.68,69.66
1997-05-15,8.96,70.13
1997-05-16,9.61,75.4
1997-05-17,9.85,76.45
1997-05-18,9.39,71.02
1997-05-19,11.64,68.03
1997-05-20,6.68,85.71
1997-05-21,10.2,75.71
1997-05-22,12.57,87.67
1997-05-23,16.05,66.89
1997-05-24,13.05,71.36
1997-05-25,9.61,72.35
1997-05-26,7.68,69.24
1997-05-27,8.34,65.99
1997-05-28,13.52,72.97
1997-05-29,15.46,74.97
1997-05-30,7.16,71.52
1997-05-31,6.39,65.06
1997-06-01,10.39,56
1997-06-02,14.17,53.02
1997-06-03,15.99,64.96
1997-06-04,17.91,72.74
1997-06-05,17.99,75.2
1997-06-06,15.36,74.4
1997-06-07,12.8,74.27
1997-06-08,15.35,67.3
1997-06-09,12.81,89.32
1997-06-10,9.04,86.08
1997-06-11,8.85,72.52
1997-06-12,7.86,87.73
1997-06-13,11.44,80.27
1997-06-14,14.12,81.52
1997-06-15,12.34,93.13
1997-06-16,13.17,76.77
1997-06-17,11.45,68.82
1997-06-18,12.34,73.96
1997-06-19,15.89,64.91
1997-06-20,16.64,69.4
1997-06-21,10.8,80.94
1997-06-22,14.96,68.98
1997-06-23,15.97,67.25
1997-06-24,15.25,73.95
1997-06-25,16.79,54.57
1997-06-26,18.82,56.72
1997-06-27,18.06,71.27
1997-06-28,16.28,73.59
1997-06-29,12.47,89.97
1997-06-30,15.03,83.33
1997-07-01,18.69,66.13
1997-07-02,20.48,70.05
1997-07-03,18.7,72.07
1997-07-04,18.1,69.85
1997-07-05,17.37,77.62
1997-07-06,16.57,71.39
1997-07-07,17.77,63.49
1997-07-08,18.45,72.13
1997-07-09,17.28,74.06
1997-07-10,17.76,67.14
1997-07-11,18.35,67.06
1997-07-12,17.35,74.26
1997-07-13,18.75,74.5
1997-07-14,22.13,59.59
1997-07-15,21.6,63.88
1997-07-16,23.7,61.36
1997-07-17,22.58,62.52
1997-07-18,17.26,68.36
1997-07-19,18.73,59.41
1997-07-20,24.46,64.49
1997-07-21,22.9,77.53
1997-07-22,21.16,79.62
1997-07-23,19.85,82.92
1997-07-24,15.03,85.19
1997-07-25,16.62,65.9
1997-07-26,19.35,61.02
1997-07-27,19.99,70.04
1997-07-28,20.54,71.59
1997-07-29,21.01,73.82
1997-07-30,21.62,64.97
1997-07-31,22.14,63.61
1997-08-01,19.92,74.39
1997-08-02,20.56,71.33
1997-08-03,19.78,52.77
1997-08-04,21.49,45.18
1997-08-05,21.01,56.65
1997-08-06,18.65,74.71
1997-08-07,20,69.34
1997-08-08,16.26,61.8
1997-08-09,14.83,52.63
1997-08-10,18.13,50.05
1997-08-11,20.57,61.32
1997-08-12,21.26,59.35
1997-08-13,20.8,70.34
1997-08-14,22.98,61.43
1997-08-15,23.57,62.09
1997-08-16,23.03,57.63
1997-08-17,20.26,61.27
1997-08-18,16.88,75.64
1997-08-19,14.61,89.43
1997-08-20,16.14,61.25
1997-08-21,17.31,70.72
1997-08-22,17.24,84.33
1997-08-23,14.31,85.76
1997-08-24,14.32,72.55
1997-08-25,14.36,63.24
1997-08-26,13.73,68.92
1997-08-27,10.23,77.76
1997-08-28,12.6,62.72
1997-08-29,16.72,72.36
1997-08-30,15.73,68.03
1997-08-31,13.12,75.18
1997-09-01,7.83,93.87
1997-09-02,7.91,77.8
1997-09-03,6.92,84.84
1997-09-04,8.76,90.66
1997-09-05,7.26,91.33
1997-09-06,3.39,89.42
1997-09-07,3.45,85.41
1997-09-08,6.3,83.37
1997-09-09,0.8,74.24
1997-09-10,3.29,77.75
1997-09-11,1.8,94.28
1997-09-12,2.54,74.74
1997-09-13,2.01,77.06
1997-09-14,5.14,82.31
1997-09-15,2.59,89.73
1997-09-16,2.87,84.75
1997-09-17,2.19,83.24
1997-09-18,2.97,83.62
1997-09-19,1.57,94.29
1997-09-20,2.41,92.14
1997-09-21,2.57,87.78
1997-09-22,3.46,82.93
1997-09-23,2.75,83.22
1997-09-24,2.45,81.48
1997-09-25,6.45,84.84
1997-09-26,4.45,94.07
1997-09-27,4.09,88.89
1997-09-28,1.14,85.6
1997-09-29,2.22,89.49
1997-09-30,0.33,90.94
1997-10-01,-2.11,79.95
1997-10-02,-0.61,92.61
1997-10-03,-1.68,88.89
1997-10-04,-4.24,65.36
1997-10-05,-3.95,70.04
1997-10-06,-5.79,75.37
1997-10-07,-6.47,81.56
1997-10-08,-7.71,74.48
1997-10-09,-8.56,80.01
1997-10-10,-8.76,82.27
1997-10-11,-7.87,84.74
1997-10-12,-8.1,89.09
1997-10-13,-6.52,91.09
1997-10-14,-3.46,94.04
1997-10-15,-3.01,90.45
1997-10-16,-3.71,92.71
1997-10-17,-7.35,96.91
1997-10-18,-5.89,94
1997-10-19,-2.53,98.73
1997-10-20,-7.11,97.48
1997-10-21,-7.44,94.2
1997-10-22,-8.84,90.81
1997-10-23,-11.81,93.15
1997-10-24,-12.21,95.5
1997-10-25,-6.02,97.07
1997-10-26,-8.23,96.24
1997-10-27,-13.71,97.55
1997-10-28,-13.45,96.03
1997-10-29,-10.83,96.94
1997-10-30,-9.35,96.84
1997-10-31,-5.36,96.06
1997-11-01,-7.9,96.45
1997-11-02,-13.61,94.94
1997-11-03,-10.48,97.4
1997-11-04,-5.72,98.77
1997-11-05,-5.21,99.04
1997-11-06,-12.78,99.28
1997-11-07,-14.96,99.55
1997-11-08,-7.98,99
1997-11-09,-8.85,97.86
1997-11-10,-13.55,98.78
1997-11-11,-21.18,99.48
1997-11-12,-18.7,99.62
1997-11-13,-22.04,98.71
1997-11-14,-27.88,98.67
1997-11-15,-28.59,99.34
1997-11-16,-27.16,98.82
1997-11-17,-33.5,99.47
1997-11-18,-34.42,99.51
1997-11-19,-34.84,99.4
1997-11-20,-41,91.86
1997-11-21,-46.71,95.1
1997-11-22,-46.34,94.07
1997-11-23,-34.46,99.02
1997-11-24,-34.62,99
1997-11-25,-43.8,96.71
1997-11-26,-41.65,92.79
1997-11-27,-42.8,99.08
1997-11-28,-37.78,98.29
1997-11-29,-46.33,98.62
1997-11-30,-48.23,97.97
1997-12-01,-42.93,98.73
1997-12-02,-37.63,100
1997-12-03,-40.46,98.33
1997-12-04,-38.1,99.61
1997-12-05,-32,99.97
1997-12-06,-32.31,99.45
1997-12-07,-31.75,99.14
1997-12-08,-37.47,99.68
1997-12-09,-43.06,97.88
1997-12-10,-41.74,98.67
1997-12-11,-34.26,99.54
1997-12-12,-31.38,98.21
1997-12-13,-26.38,99.31
1997-12-14,-27.96,98.91
1997-12-15,-43.61,97.5
1997-12-16,-51.44,99.31
1997-12-17,-48.68,97.99
1997-12-18,-50,94.83
1997-12-19,-49.05,96.09
1997-12-20,-42.98,98.49
1997-12-21,-34.86,99.02
1997-12-22,-30.69,99.94
1997-12-23,-30.62,98.62
1997-12-24,-27.16,99.18
1997-12-25,-28.5,96.71
1997-12-26,-42.59,98.7
1997-12-27,-42.15,95.81
1997-12-28,-46.22,97.44
1997-12-29,-53.38,91.02
1997-12-30,-52.84,90.85
1997-12-31,-43.13,95.5
1998-01-01,-48.99,99.03
1998-01-02,-39.6,96.46
1998-01-03,-39.6,96.75
1998-01-04,-41.69,97.03
1998-01-05,-43.81,97.59
1998-01-06,-41.17,99.02
1998-01-07,-40.83,96.55
1998-01-08,-38,95.82
1998-01-09,-38.3,97.42
1998-01-10,-38.86,96.6
1998-01-11,-36.23,97.47
1998-01-12,-39.52,95.88
1998-01-13,-42.27,95.18
1998-01-14,-44.43,96.51
1998-01-15,-38.79,96.57
1998-01-16,-37.04,97.17
1998-01-17,-35.08,96.08
1998-01-18,-40.83,95.67
1998-01-19,-44.77,98.03
1998-01-20,-34.31,96.86
1998-01-21,-35.5,97.37
1998-01-22,-34.21,97.64
1998-01-23,-29.66,98.14
1998-01-24,-33.99,98.15
1998-01-25,-34.86,98.93
1998-01-26,-37.96,99.46
1998-01-27,-34.44,99.51
1998-01-28,-36.06,99
1998-01-29,-31.95,99.36
1998-01-30,-30.93,99.13
1998-01-31,-29.59,99.56
1998-02-01,-30.11,97.64
1998-02-02,-37.52,98.25
1998-02-03,-32.49,98.64
1998-02-04,-37.93,98.92
1998-02-05,-37.52,98.9
1998-02-06,-27.35,98.72
1998-02-07,-35.34,99.53
1998-02-08,-37.85,99.24
1998-02-09,-37.87,99.33
1998-02-10,-38.52,97.42
1998-02-11,-35.23,97.71
1998-02-12,-39.27,98.05
1998-02-13,-37.7,97.69
1998-02-14,-37.68,99.56
1998-02-15,-41.72,99.18
1998-02-16,-37.18,99.09
1998-02-17,-17.69,98.49
1998-02-18,-26.7,94.05
1998-02-19,-32.88,95.91
1998-02-20,-28.63,98.4
1998-02-21,-25.59,99.55
1998-02-22,-26.38,99.08
1998-02-23,-20.17,98.93
1998-02-24,-15.89,96.32
1998-02-25,-15.19,98.81
1998-02-26,-20.75,97.65
1998-02-27,-11.79,98.86
1998-02-28,-23.51,94
1998-03-01,-33.54,95.58
1998-03-02,-36.43,98.3
1998-03-03,-30.25,98.5
1998-03-04,-23.49,97.7
1998-03-05,-22.45,98.22
1998-03-06,-23.39,95.88
1998-03-07,-19.39,98.53
1998-03-08,-14.81,98
1998-03-09,-8.09,96.16
1998-03-10,-13.45,97.13
1998-03-11,-20.6,97.39
1998-03-12,-26.55,95.7
1998-03-13,-30.44,97.08
1998-03-14,-31.07,98.07
1998-03-15,-23.43,97.91
1998-03-16,-23,96.9
1998-03-17,-21.24,96.69
1998-03-18,-20.5,97.82
1998-03-19,-17.86,95.58
1998-03-20,-18.6,96.98
1998-03-21,-18.56,97.14
1998-03-22,-13.05,97.47
1998-03-23,-13.97,97.68
1998-03-24,-21.03,95.54
1998-03-25,-27.53,95.77
1998-03-26,-30.47,94.65
1998-03-27,-21.56,97.4
1998-03-28,-15.78,98.08
1998-03-29,-16.85,97.74
1998-03-30,-21.41,96.62
1998-03-31,-21.14,97.27
1998-04-01,-21.27,97.43
1998-04-02,-16.5,95.03
1998-04-03,-15.15,97.92
1998-04-04,-6.33,99.25
1998-04-05,-4.7,97.35
1998-04-06,-8.87,96.61
1998-04-07,-9.26,97.13
1998-04-08,-5.91,97.68
1998-04-09,-8.16,97.65
1998-04-10,-12.13,97.27
1998-04-11,-7.33,96.66
1998-04-12,-5.64,98.59
1998-04-13,-8.76,98.39
1998-04-14,-5.76,95.01
1998-04-15,-5.12,98.93
1998-04-16,-6.45,98.06
1998-04-17,-6.84,98.2
1998-04-18,-4.34,94.47
1998-04-19,-4.27,97.28
1998-04-20,-4.16,98.02
1998-04-21,-6.84,97.76
1998-04-22,-7.94,97.69
1998-04-23,-5.34,95.18
1998-04-24,-5.3,96.33
1998-04-25,-4.87,96.26
1998-04-26,-3.93,98.38
1998-04-27,-3.29,98.67
1998-04-28,-5.5,97.73
1998-04-29,-4.9,96.92
1998-04-30,-3.35,98.37
1998-05-01,-6.9,98.3
1998-05-02,-5.83,97.09
1998-05-03,-3.34,98.18
1998-05-04,-0.03,90.54
1998-05-05,-1.55,92.34
1998-05-06,0.71,74.49
1998-05-07,-0.64,88.62
1998-05-08,0.55,77.38
1998-05-09,1.57,86.71
1998-05-10,0.39,74.96
1998-05-11,2.84,67.97
1998-05-12,4.87,70.5
1998-05-13,9.11,73.82
1998-05-14,2.62,73.99
1998-05-15,2.3,68.91
1998-05-16,5.16,63.25
1998-05-17,2.74,75.12
1998-05-18,3.02,67.48
1998-05-19,1.64,67.64
1998-05-20,1.24,63.33
1998-05-21,4.85,62.52
1998-05-22,3.47,85.22
1998-05-23,4.28,85.42
1998-05-24,5.24,88.67
1998-05-25,4.29,90.54
1998-05-26,6.01,83.47
1998-05-27,7.02,84.16
1998-05-28,9.85,83.05
1998-05-29,9.23,73.55
1998-05-30,12.39,72.61
1998-05-31,11.61,74.82
1998-06-01,13.8,76.34
1998-06-02,13.17,80.01
1998-06-03,16.92,63.96
1998-06-04,16.7,67.96
1998-06-05,16.29,77.35
1998-06-06,18.77,68.71
1998-06-07,18.18,72.05
1998-06-08,15.74,72.95
1998-06-09,17.2,74.13
1998-06-10,16.05,70.8
1998-06-11,19.07,53.64
1998-06-12,21.61,61.09
1998-06-13,23.64,65.32
1998-06-14,23.92,69.12
1998-06-15,18.51,72.17
1998-06-16,18.99,65.19
1998-06-17,21.64,76.74
1998-06-18,23.51,68.68
1998-06-19,24.46,64.98
1998-06-20,21.37,55.18
1998-06-21,21.48,65.07
1998-06-22,19.52,73.17
1998-06-23,19.14,74.45
1998-06-24,19.75,62.93
1998-06-25,20.63,52.09
1998-06-26,19.52,62.32
1998-06-27,19.6,80.46
1998-06-28,14.01,84.29
1998-06-29,16.51,71.5
1998-06-30,15.79,75.81
1998-07-01,19.03,59.55
1998-07-02,21.4,57.27
1998-07-03,23.59,56.08
1998-07-04,26.38,50.56
1998-07-05,27.74,54.38
1998-07-06,27.7,49.89
1998-07-07,26.29,58.88
1998-07-08,25.53,60.31
1998-07-09,25.83,63.15
1998-07-10,26.85,60.62
1998-07-11,24.75,63.08
1998-07-12,22.42,56.99
1998-07-13,21.89,52.01
1998-07-14,17.41,73.32
1998-07-15,17.72,69.22
1998-07-16,16.36,69.67
1998-07-17,16.34,48.61
1998-07-18,13.56,48.37
1998-07-19,15.61,49.7
1998-07-20,20.07,37.38
1998-07-21,22.78,41.68
1998-07-22,21.53,58.82
1998-07-23,21.29,71.23
1998-07-24,26.33,59.24
1998-07-25,27.29,57.41
1998-07-26,26.29,56.68
1998-07-27,21,57.99
1998-07-28,22.8,49.04
1998-07-29,23.88,52.43
1998-07-30,24.51,50.01
1998-07-31,24.92,53.26
1998-08-01,24.82,60.17
1998-08-02,18.98,61.94
1998-08-03,19.61,43.46
1998-08-04,20.33,52.95
1998-08-05,21.7,48.06
1998-08-06,23.9,69.94
1998-08-07,23.41,55.36
1998-08-08,24.03,52.3
1998-08-09,18.82,72.66
1998-08-10,14.42,62.5
1998-08-11,14.11,54.05
1998-08-12,16.76,60.61
1998-08-13,18.2,47.67
1998-08-14,22.25,58.13
1998-08-15,19.38,58.99
1998-08-16,14.7,55.06
1998-08-17,16.09,44.39
1998-08-18,21.01,63.56
1998-08-19,21.46,70.02
1998-08-20,16.34,59.01
1998-08-21,17.42,55.32
1998-08-22,16.56,61.35
1998-08-23,17.41,53.1
1998-08-24,17.74,54.45
1998-08-25,17.71,55.22
1998-08-26,18.57,50.95
1998-08-27,19.53,56.37
1998-08-28,17.61,56.48
1998-08-29,17.52,52.18
1998-08-30,17.78,52.02
1998-08-31,16.15,66.67
1998-09-01,18.24,60.18
1998-09-02,16.39,75.07
1998-09-03,13.6,86.43
1998-09-04,13.14,61.33
1998-09-05,12.91,58.88
1998-09-06,12.51,71.28
1998-09-07,11.74,86.3
1998-09-08,10.55,83.86
1998-09-09,7.27,88.49
1998-09-10,6.44,56.05
1998-09-11,4.02,64.61
1998-09-12,6.84,71.22
1998-09-13,2.72,73.4
1998-09-14,6.23,77.86
1998-09-15,8.46,91.82
1998-09-16,9.2,86.05
1998-09-17,5.5,80.72
1998-09-18,2.69,87.19
1998-09-19,1.02,74.46
1998-09-20,-1.1,75.04
1998-09-21,-2.28,77.35
1998-09-22,-2.68,76.87
1998-09-23,-1.83,69.95
1998-09-24,-0.8,76.52
1998-09-25,-1.81,81.72
1998-09-26,-1.09,70.81
1998-09-27,-4.1,76.27
1998-09-28,0.4,88.96
1998-09-29,0.61,84.06
1998-09-30,-0.76,78.24
1998-10-01,-2.27,61.08
1998-10-02,-2.79,69.29
1998-10-03,-4.97,72.11
1998-10-04,-2.98,82.94
1998-10-05,-8.72,71.87
1998-10-06,-8.54,81.91
1998-10-07,-4.27,81.35
1998-10-08,-4.05,93.98
1998-10-09,-5.73,91.26
1998-10-10,-5.15,87.54
1998-10-11,-3.38,94.69
1998-10-12,-2.03,98.7
1998-10-13,-9.28,93.29
1998-10-14,-13.9,94.07
1998-10-15,-13.88,93.95
1998-10-16,-9.95,93.39
1998-10-17,-11.69,89.89
1998-10-18,-8.96,96.98
1998-10-19,-9.77,98.4
1998-10-20,-11.22,98.08
1998-10-21,-10.14,97.76
1998-10-22,-7.43,99.13
1998-10-23,-5.07,99.03
1998-10-24,-11.49,99.13
1998-10-25,-7.52,100
1998-10-26,-12.87,99.01
1998-10-27,-20.9,98.62
1998-10-28,-24.39,99.38
1998-10-29,-28.15,98.95
1998-10-30,-26.35,98.83
1998-10-31,-22.49,98.85
1998-11-01,-17.51,99.6
1998-11-02,-19.14,99.51
1998-11-03,-21.91,99.43
1998-11-04,-19.24,98.19
1998-11-05,-18.95,99.34
1998-11-06,-21.81,98.63
1998-11-07,-21.73,99.06
1998-11-08,-25.66,98.66
1998-11-09,-35.29,98.88
1998-11-10,-28.11,98.63
1998-11-11,-26.35,98.63
1998-11-12,-27.02,98.95
1998-11-13,-26.37,99
1998-11-14,-28.4,98.41
1998-11-15,-35.65,98.77
1998-11-16,-29.45,97.23
1998-11-17,-28.25,97.83
1998-11-18,-27.92,97.75
1998-11-19,-24.57,98.2
1998-11-20,-28.33,98.24
1998-11-21,-32.02,99.34
1998-11-22,-33.35,98.53
1998-11-23,-41.19,93.63
1998-11-24,-41.52,96.25
1998-11-25,-42.91,98.47
1998-11-26,-37.31,97.03
1998-11-27,-38.77,97.55
1998-11-28,-40.74,97.83
1998-11-29,-41.96,95.96
1998-11-30,-39.03,97.4
1998-12-01,-36.95,96.45
1998-12-02,-38.51,98.33
1998-12-03,-32.7,98.35
1998-12-04,-38.52,98.69
1998-12-05,-46.06,98.83
1998-12-06,-46.66,96.44
1998-12-07,-46.18,96.76
1998-12-08,-44.32,98.13
1998-12-09,-41.54,97.42
1998-12-10,-38.3,98.7
1998-12-11,-34.62,97.7
1998-12-12,-37.5,99.32
1998-12-13,-43.55,98.9
1998-12-14,-45.94,97.2
1998-12-15,-46.66,95.44
1998-12-16,-44.16,97.91
1998-12-17,-48.05,90.9
1998-12-18,-40.87,97.92
1998-12-19,-34.78,97.57
1998-12-20,-36.88,98.55
1998-12-21,-33.75,96.69
1998-12-22,-28.4,97.99
1998-12-23,-31.35,99.46
1998-12-24,-36.96,98.49
1998-12-25,-38.62,97.79
1998-12-26,-32.51,97.21
1998-12-27,-32.72,97.76
1998-12-28,-30.33,97.74
1998-12-29,-43.91,98.08
1998-12-30,-44.22,92.21
1998-12-31,-40.65,99.28
1999-01-01,-40.75,95.87
1999-01-02,-40.62,97.83
1999-01-03,-39.18,98.53
1999-01-04,-38.37,98.07
1999-01-05,-31.32,97.38
1999-01-06,-36.26,96.56
1999-01-07,-36.01,96.82
1999-01-08,-32.47,95.38
1999-01-09,-32.82,98.12
1999-01-10,-30.68,97.96
1999-01-11,-30.11,97.81
1999-01-12,-23.07,98.08
1999-01-13,-26.91,96.94
1999-01-14,-30.45,97.86
1999-01-15,-28.74,97.52
1999-01-16,-34.63,99.19
1999-01-17,-39.87,97
1999-01-18,-40.44,99.05
1999-01-19,-34.33,98.95
1999-01-20,-39.24,98
1999-01-21,-44.65,97.42
1999-01-22,-42.98,93.15
1999-01-23,-36.12,98.38
1999-01-24,-33.51,97.55
1999-01-25,-37.76,97.58
1999-01-26,-30.29,98.53
1999-01-27,-32.07,97.47
1999-01-28,-33.98,96.67
1999-01-29,-27.45,98.52
1999-01-30,-24.79,99.6
1999-01-31,-23.75,98.05
1999-02-01,-29.55,97.17
1999-02-02,-28.27,96.19
1999-02-03,-30.99,96.75
1999-02-04,-32.65,98.65
1999-02-05,-33.18,98.18
1999-02-06,-43.11,96.36
1999-02-07,-49.77,90.98
1999-02-08,-50.36,95.95
1999-02-09,-47.18,95.45
1999-02-10,-48.52,95.59
1999-02-11,-45.96,96.24
1999-02-12,-38.74,98.85
1999-02-13,-37.73,98.55
1999-02-14,-28.97,99.85
1999-02-15,-34.32,97.84
1999-02-16,-43.97,96.41
1999-02-17,-41.43,99.6
1999-02-18,-37.92,98.91
1999-02-19,-28.4,99.72
1999-02-20,-22.54,100
1999-02-21,-21.92,98.23
1999-02-22,-18.19,99.39
1999-02-23,-22.93,99.06
1999-02-24,-27.6,96.35
1999-02-25,-37.85,97.23
1999-02-26,-34.15,97.59
1999-02-27,-33.21,98.31
1999-02-28,-38.61,98.72
1999-03-01,-38.32,96.32
1999-03-02,-31.39,97.37
1999-03-03,-27.64,97.17
1999-03-04,-29.95,96.92
1999-03-05,-26.62,96.45
1999-03-06,-27.29,96.34
1999-03-07,-28.61,96.2
1999-03-08,-28.72,97.41
1999-03-09,-27.45,97.3
1999-03-10,-25.32,97.42
1999-03-11,-25.06,96.51
1999-03-12,-25.53,97.02
1999-03-13,-27.52,97.24
1999-03-14,-27.42,97.72
1999-03-15,-29.84,98.45
1999-03-16,-26.51,97.66
1999-03-17,-25.36,96.14
1999-03-18,-25.22,96.63
1999-03-19,-21.13,95.77
1999-03-20,-22.67,97.24
1999-03-21,-23.03,97.14
1999-03-22,-22.91,96.93
1999-03-23,-27.56,98.38
1999-03-24,-27.26,98.2
1999-03-25,-26.16,97.44
1999-03-26,-23.63,97.92
1999-03-27,-20.42,96.72
1999-03-28,-23.28,97.13
1999-03-29,-21.39,97.3
1999-03-30,-19.56,97.11
1999-03-31,-18.87,96.81
1999-04-01,-19.87,97.43
1999-04-02,-17.39,93.42
1999-04-03,-15.82,97.81
1999-04-04,-14.78,98.35
1999-04-05,-9.14,97.82
1999-04-06,-6.24,98.06
1999-04-07,-5.65,97.04
1999-04-08,-10.61,98.68
1999-04-09,-13.61,96.95
1999-04-10,-13.3,95.63
1999-04-11,-12.48,96.13
1999-04-12,-8.04,97.79
1999-04-13,-3.67,98.03
1999-04-14,-1.7,98.79
1999-04-15,-2.51,98.33
1999-04-16,-2.28,97.84
1999-04-17,-1.46,98.58
1999-04-18,-2.88,98.57
1999-04-19,-4.11,98.08
1999-04-20,-4.65,97.53
1999-04-21,-4.72,97.91
1999-04-22,-6.03,94.15
1999-04-23,-5.86,96.79
1999-04-24,-5.06,96.49
1999-04-25,-3.03,99.03
1999-04-26,-3.75,98.55
1999-04-27,-1.46,98.72
1999-04-28,-6.12,97.7
1999-04-29,-2.75,98.71
1999-04-30,-5.36,97.8
1999-05-01,-1.65,98.98
1999-05-02,-5.91,90.38
1999-05-03,-3.24,96
1999-05-04,-0.79,98.18
1999-05-05,-0.89,97.24
1999-05-06,0,89.85
1999-05-07,0.21,90.73
1999-05-08,5.61,71.88
1999-05-09,6.73,74.11
1999-05-10,7.77,72.73
1999-05-11,2.71,74.69
1999-05-12,4.48,68.54
1999-05-13,4.19,65.64
1999-05-14,6.41,61.66
1999-05-15,7.3,64.45
1999-05-16,7.06,67.25
1999-05-17,7.93,80.05
1999-05-18,4.87,80.14
1999-05-19,7.46,69.43
1999-05-20,7.2,76.89
1999-05-21,8.98,71.08
1999-05-22,8.48,68.24
1999-05-23,7.86,74.31
1999-05-24,3.91,64.96
1999-05-25,6.5,65.74
1999-05-26,10.17,63.72
1999-05-27,11.5,73.24
1999-05-28,8.91,85.93
1999-05-29,12.95,72.74
1999-05-30,10.45,80.52
1999-05-31,7.79,69.12
1999-06-01,8.29,73.72
1999-06-02,6.14,78.97
1999-06-03,9.55,76.98
1999-06-04,9.11,81.42
1999-06-05,11.69,70.23
1999-06-06,15.21,62.94
1999-06-07,18.68,51.41
1999-06-08,19.8,64.57
1999-06-09,13.78,83.42
1999-06-10,15.28,75.75
1999-06-11,12.53,69.19
1999-06-12,15.66,68.18
1999-06-13,10.23,83.73
1999-06-14,11.22,71.12
1999-06-15,12.82,72.42
1999-06-16,16.48,64.4
1999-06-17,18.58,67.71
1999-06-18,20.02,67.86
1999-06-19,23.8,55.21
1999-06-20,23.54,62.77
1999-06-21,21.42,70.73
1999-06-22,21.11,64.38
1999-06-23,20.68,75.08
1999-06-24,19.96,69.47
1999-06-25,19.64,76.23
1999-06-26,14.59,64.32
1999-06-27,13.39,86.4
1999-06-28,14.53,76.96
1999-06-29,13.17,84.23
1999-06-30,17.88,79.95
1999-07-01,11.36,80.65
1999-07-02,15.92,69.87
1999-07-03,19.91,73.36
1999-07-04,17.63,79.23
1999-07-05,15.76,92.46
1999-07-06,15.65,82.89
1999-07-07,16.37,80.95
1999-07-08,17.68,83.16
1999-07-09,20.81,76.42
1999-07-10,21.34,78.02
1999-07-11,21.5,80.84
1999-07-12,23.42,71.76
1999-07-13,20,72.19
1999-07-14,19.79,70.1
1999-07-15,21.66,68.39
1999-07-16,24.14,50.69
1999-07-17,23.69,65.97
1999-07-18,22.21,85.94
1999-07-19,22.84,83.43
1999-07-20,24.69,62.25
1999-07-21,25.39,63.08
1999-07-22,19.67,63.54
1999-07-23,17.85,76.43
1999-07-24,16.58,79.24
1999-07-25,18.15,77.88
1999-07-26,16.91,79.09
1999-07-27,15.6,76.8
1999-07-28,13.22,86
1999-07-29,14.92,73.45
1999-07-30,14.75,74.55
1999-07-31,14.32,77.52
1999-08-01,12.26,92.15
1999-08-02,16,76.48
1999-08-03,16.67,73.39
1999-08-04,14.29,76.26
1999-08-05,14.63,65.61
1999-08-06,12.68,79.2
1999-08-07,12.39,74.57
1999-08-08,13.38,82.63
1999-08-09,10.22,87.95
1999-08-10,9.43,86.75
1999-08-11,7.42,76.76
1999-08-12,11.26,79.83
1999-08-13,8.26,95.67
1999-08-14,11.83,80.75
1999-08-15,10.44,77.24
1999-08-16,11.08,72.82
1999-08-17,7.58,92.6
1999-08-18,7.49,83.36
1999-08-19,9.94,77.96
1999-08-20,11.24,64.97
1999-08-21,14.17,54.55
1999-08-22,14.43,53.95
1999-08-23,15.26,51.8
1999-08-24,14.96,61.69
1999-08-25,14.78,74.39
1999-08-26,14.2,67.95
1999-08-27,14.89,59.35
1999-08-28,15.05,65.58
1999-08-29,15.94,69.79
1999-08-30,16.16,78.46
1999-08-31,16.66,78.83
1999-09-01,13.07,83.41
1999-09-02,11.61,93.69
1999-09-03,10.55,73.27
1999-09-04,8.08,79.16
1999-09-05,6.49,90.14
1999-09-06,6.1,84.15
1999-09-07,8.95,75.57
1999-09-08,6.36,85.1
1999-09-09,7.67,69.54
1999-09-10,7.98,71.38
1999-09-11,7.45,73.98
1999-09-12,8.02,71.6
1999-09-13,6.47,82.96
1999-09-14,2.82,74.43
1999-09-15,3.31,72.82
1999-09-16,2.11,70.6
1999-09-17,0.88,74.22
1999-09-18,1.91,74.25
1999-09-19,2.32,90.49
1999-09-20,4.36,95.15
1999-09-21,6.32,90.23
1999-09-22,9.32,79.73
1999-09-23,8.44,82.93
1999-09-24,3.45,82.45
1999-09-25,2.41,64.36
1999-09-26,1.32,92.93
1999-09-27,-0.82,86.2
1999-09-28,-0.61,81.98
1999-09-29,-1.04,93.56
1999-09-30,-2.19,81.76
1999-10-01,-4,82.48
1999-10-02,-4.8,80.46
1999-10-03,-3.81,86.77
1999-10-04,-6.22,78.61
1999-10-05,-5.44,79.77
1999-10-06,-6.46,78.14
1999-10-07,-5.77,81.76
1999-10-08,-4.05,88.85
1999-10-09,-3,90.03
1999-10-10,-3.54,90.05
1999-10-11,-5.03,89.37
1999-10-12,-3.92,98.15
1999-10-13,-11.76,98.26
1999-10-14,-12.3,98.4
1999-10-15,-12.62,98.81
1999-10-16,-15.05,97.65
1999-10-17,-14.09,97.37
1999-10-18,-14.71,99.29
1999-10-19,-12.61,99.1
1999-10-20,-11.91,99.75
1999-10-21,-12.75,99.81
1999-10-22,-12.25,99.4
1999-10-23,-13.05,98.15
1999-10-24,-14.83,99.83
1999-10-25,-13.19,99.74
1999-10-26,-13.31,99.5
1999-10-27,-14.68,99.54
1999-10-28,-18,95.81
1999-10-29,-18.57,99.61
1999-10-30,-23.56,94.3
1999-10-31,-18.94,99.5
1999-11-01,-14.85,99.22
1999-11-02,-9.1,99.58
1999-11-03,-6.12,99.41
1999-11-04,-16.04,99.09
1999-11-05,-31.91,99.83
1999-11-06,-22.78,99.16
1999-11-07,-26.77,98.22
1999-11-08,-24.17,99.4
1999-11-09,-14.31,100
1999-11-10,-17.11,99.67
1999-11-11,-26.74,98.64
1999-11-12,-41.19,98.43
1999-11-13,-41.8,99.18
1999-11-14,-38.45,99.03
1999-11-15,-31.17,99.48
1999-11-16,-26.1,99.63
1999-11-17,-26.25,99.56
1999-11-18,-28.03,98.16
1999-11-19,-27.45,98.71
1999-11-20,-36.45,98.47
1999-11-21,-39.54,95.78
1999-11-22,-40.25,97.96
1999-11-23,-36.38,98.83
1999-11-24,-32.18,98.65
1999-11-25,-34.75,98.46
1999-11-26,-40.69,98.56
1999-11-27,-43.16,98.55
1999-11-28,-43.79,95.64
1999-11-29,-41.45,97.82
1999-11-30,-42.29,99.42
1999-12-01,-46,97.13
1999-12-02,-40.39,98.39
1999-12-03,-41.33,97.18
1999-12-04,-42.06,98.84
1999-12-05,-46.53,97.88
1999-12-06,-45.86,89.5
1999-12-07,-43.61,98.97
1999-12-08,-41.2,97.93
1999-12-09,-45.47,96.16
1999-12-10,-44.04,97.8
1999-12-11,-40.7,96.96
1999-12-12,-39.75,97.32
1999-12-13,-35.09,94.38
1999-12-14,-32.9,96.6
1999-12-15,-29.37,96.81
1999-12-16,-28.72,97.66
1999-12-17,-32.22,98.18
1999-12-18,-32.34,98.68
1999-12-19,-31.92,99.06
1999-12-20,-23.82,99.62
1999-12-21,-23.5,98.97
1999-12-22,-27.8,98.27
1999-12-23,-28.6,93.39
1999-12-24,-28.56,99.36
1999-12-25,-24.04,98.55
1999-12-26,-23.16,99.8
1999-12-27,-32.1,97.65
1999-12-28,-29.36,97.93
1999-12-29,-30.45,96.63
1999-12-30,-28.52,97.23
1999-12-31,-29.41,98.43
2000-01-01,-33.22,97.53
2000-01-02,-34.7,97.65
2000-01-03,-31.36,98.88
2000-01-04,-30.8,97.82
2000-01-05,-27.4,97.34
2000-01-06,-30.38,97.34
2000-01-07,-39.84,98.5
2000-01-08,-33.81,98.4
2000-01-09,-32.68,97.18
2000-01-10,-42.08,97.53
2000-01-11,-45.24,96.14
2000-01-12,-40.21,98.61
2000-01-13,-37.23,98.66
2000-01-14,-30.94,98.59
2000-01-15,-26.85,99.5
2000-01-16,-27.9,99.06
2000-01-17,-33.89,98.6
2000-01-18,-32.73,98.34
2000-01-19,-32.69,98.11
2000-01-20,-38.86,97.67
2000-01-21,-38.5,98.04
2000-01-22,-47.07,94.98
2000-01-23,-48.09,94.56
2000-01-24,-33.26,99.73
2000-01-25,-26.12,98.35
2000-01-26,-26.61,98.09
2000-01-27,-35.01,99.3
2000-01-28,-35.61,99.15
2000-01-29,-29.11,99.48
2000-01-30,-23.2,98.94
2000-01-31,-24.92,98.58
2000-02-01,-27.91,97.8
2000-02-02,-29.51,97.96
2000-02-03,-31.25,99.25
2000-02-04,-32.52,98.79
2000-02-05,-33.33,98.82
2000-02-06,-36.25,99.2
2000-02-07,-31.14,99.28
2000-02-08,-30.25,97.6
2000-02-09,-28.78,98.66
2000-02-10,-27.69,96.14
2000-02-11,-28.84,97.19
2000-02-12,-26.52,97.32
2000-02-13,-29.42,96.67
2000-02-14,-29.99,98.16
2000-02-15,-30.97,98.77
2000-02-16,-26.65,98.86
2000-02-17,-26.35,97.52
2000-02-18,-30.4,98.01
2000-02-19,-31.23,98.47
2000-02-20,-35.45,98.56
2000-02-21,-32.98,98.94
2000-02-22,-30.87,98.43
2000-02-23,-31.89,98.45
2000-02-24,-34.3,99.18
2000-02-25,-30.65,99.6
2000-02-26,-31.59,99.25
2000-02-27,-32.96,98.85
2000-02-28,-28,99.23
2000-02-29,-28.73,99.11
2000-03-01,-26.48,97.51
2000-03-02,-24.27,98.4
2000-03-03,-26.6,99.38
2000-03-04,-30.63,99.47
2000-03-05,-30.59,98.83
2000-03-06,-32.72,97.72
2000-03-07,-34.36,97.07
2000-03-08,-33.79,96.96
2000-03-09,-29.97,97.88
2000-03-10,-26.57,98.13
2000-03-11,-25.03,98.95
2000-03-12,-22.25,97.95
2000-03-13,-22.7,96.68
2000-03-14,-19.43,97.33
2000-03-15,-19.33,96.07
2000-03-16,-18.55,98.01
2000-03-17,-21.21,99.24
2000-03-18,-19.04,97.64
2000-03-19,-20.36,97.24
2000-03-20,-17.9,95.97
2000-03-21,-15,95.06
2000-03-22,-14.13,90.08
2000-03-23,-15.02,94.17
2000-03-24,-13.86,90.05
2000-03-25,-16.11,95.52
2000-03-26,-14.23,97.12
2000-03-27,-14.91,96.17
2000-03-28,-13.8,98.06
2000-03-29,-9.25,98.5
2000-03-30,-8.57,98.43
2000-03-31,-12.86,95.9
2000-04-01,-11.17,95.26
2000-04-02,-8.87,89.81
2000-04-03,-12.2,96.62
2000-04-04,-9.44,95.4
2000-04-05,-6.03,98.56
2000-04-06,-7.96,98.53
2000-04-07,-9.54,98.32
2000-04-08,-12.41,97.3
2000-04-09,-12.93,96.45
2000-04-10,-7.37,96.98
2000-04-11,-4.13,97.29
2000-04-12,-10.95,95.82
2000-04-13,-5.5,94.16
2000-04-14,-3.02,94.27
2000-04-15,-1.55,98.97
2000-04-16,-2.64,98.02
2000-04-17,-1.1,98.03
2000-04-18,-2.59,98.77
2000-04-19,-2.26,98.95
2000-04-20,-1.81,99.12
2000-04-21,-2.01,96.79
2000-04-22,-2.41,83.28
2000-04-23,0.25,77.52
2000-04-24,2.11,87.32
2000-04-25,3.43,83.53
2000-04-26,3.79,86.9
2000-04-27,1.63,70.51
2000-04-28,1.84,75.4
2000-04-29,-1.95,81.74
2000-04-30,-0.16,86.63
2000-05-01,1.89,74.08
2000-05-02,0.93,88.73
2000-05-03,-0.6,70.58
2000-05-04,-0.31,79.41
2000-05-05,1.3,90.39
2000-05-06,1.61,78.96
2000-05-07,1.76,90.63
2000-05-08,2.28,80.91
2000-05-09,4.99,77.22
2000-05-10,6.91,76.79
2000-05-11,9.61,71.93
2000-05-12,10.47,78.28
2000-05-13,7.2,85.06
2000-05-14,5.14,77.57
2000-05-15,4.25,66.95
2000-05-16,1.32,86.11
2000-05-17,3.19,82.29
2000-05-18,3.22,90.32
2000-05-19,6.77,74.18
2000-05-20,8.5,75.48
2000-05-21,9.91,87.92
2000-05-22,9.78,80.52
2000-05-23,12.61,79.72
2000-05-24,9.62,93.22
2000-05-25,7.94,90.19
2000-05-26,8.99,80.86
2000-05-27,10.72,74.89
2000-05-28,9.36,87
2000-05-29,11.14,84.79
2000-05-30,12.16,81.99
2000-05-31,11.53,77.59
2000-06-01,13.37,68.11
2000-06-02,15.27,71.69
2000-06-03,12.52,86.6
2000-06-04,15.79,71.39
2000-06-05,16.66,67.27
2000-06-06,17.63,64.25
2000-06-07,18.31,67.3
2000-06-08,20.22,71.6
2000-06-09,20.6,72.82
2000-06-10,17.51,77.01
2000-06-11,11.26,67.49
2000-06-12,12.09,64.93
2000-06-13,16.12,72
2000-06-14,16.81,81.16
2000-06-15,8.7,73.43
2000-06-16,11.95,86.17
2000-06-17,15.07,64.95
2000-06-18,19.06,78.15
2000-06-19,22.37,76.31
2000-06-20,16.44,78.9
2000-06-21,9.07,71.09
2000-06-22,8.91,65.69
2000-06-23,13.57,62.98
2000-06-24,13.41,83.41
2000-06-25,13.48,70.42
2000-06-26,13.8,79.82
2000-06-27,16.72,70.97
2000-06-28,17.76,75.41
2000-06-29,14.42,92.91
2000-06-30,10.31,93.87
2000-07-01,14.68,72.96
2000-07-02,15.65,82.48
2000-07-03,15.02,83.98
2000-07-04,13.84,77.83
2000-07-05,14.3,76.86
2000-07-06,13.27,73.23
2000-07-07,14.02,67.37
2000-07-08,15.47,73.13
2000-07-09,17.41,74.84
2000-07-10,19.56,73.58
2000-07-11,19.95,73.61
2000-07-12,17.54,77.72
2000-07-13,17.98,75.18
2000-07-14,15.7,85.73
2000-07-15,18.04,76.18
2000-07-16,20.35,68.73
2000-07-17,22.71,69.26
2000-07-18,23.56,74.03
2000-07-19,24.51,63.64
2000-07-20,26.38,60.88
2000-07-21,23.32,59.44
2000-07-22,17.66,66.39
2000-07-23,13.57,89.08
2000-07-24,16.71,79.91
2000-07-25,17.24,78.07
2000-07-26,17.37,81.26
2000-07-27,17.43,83.17
2000-07-28,20.26,72.83
2000-07-29,20.98,69.83
2000-07-30,20.89,70.06
2000-07-31,21.75,65.74
2000-08-01,19.88,68.29
2000-08-02,19.72,68.06
2000-08-03,18.39,86.75
2000-08-04,15.41,76.78
2000-08-05,16.76,65.28
2000-08-06,16.86,64.3
2000-08-07,18.79,60.21
2000-08-08,19.66,66.11
2000-08-09,19.3,68.08
2000-08-10,17.64,69.97
2000-08-11,15.57,68.59
2000-08-12,11.14,66.73
2000-08-13,13.07,57.84
2000-08-14,12.3,66.24
2000-08-15,12.78,59.98
2000-08-16,11.4,56.89
2000-08-17,10.2,58.26
2000-08-18,13.13,59.44
2000-08-19,7.81,93.76
2000-08-20,11.62,69.15
2000-08-21,12.76,61.6
2000-08-22,11.38,67.26
2000-08-23,13.07,60.11
2000-08-24,13.85,63.88
2000-08-25,15.29,59.21
2000-08-26,13.93,74.2
2000-08-27,12.69,61.81
2000-08-28,13.04,64.45
2000-08-29,16.34,68.64
2000-08-30,18.33,74.79
2000-08-31,19.2,70.6
2000-09-01,11.17,68
2000-09-02,7.59,65.35
2000-09-03,10.32,58.32
2000-09-04,6.87,68.96
2000-09-05,2.84,71.02
2000-09-06,3.46,94.62
2000-09-07,5.75,77.78
2000-09-08,5.31,86.16
2000-09-09,4.12,62.55
2000-09-10,9.71,71.8
2000-09-11,11.87,85.34
2000-09-12,7.28,72.12
2000-09-13,5.23,82.1
2000-09-14,5.62,71.35
2000-09-15,2.57,95.73
2000-09-16,3.53,94.72
2000-09-17,2.82,80.29
2000-09-18,4.59,75.04
2000-09-19,3.11,95.51
2000-09-20,1.52,89.13
2000-09-21,4.4,82.42
2000-09-22,3.31,90.13
2000-09-23,4.16,79.72
2000-09-24,5.44,95.14
2000-09-25,4.76,92.26
2000-09-26,0.13,78.14
2000-09-27,-0.6,76.31
2000-09-28,0.03,74.33
2000-09-29,-0.12,77.24
2000-09-30,1.61,75.74
2000-10-01,1.68,84.88
2000-10-02,2.34,85.84
2000-10-03,1.58,89.65
2000-10-04,1.67,88.39
2000-10-05,0.91,90.55
2000-10-06,1.67,85.44
2000-10-07,-1.52,75.38
2000-10-08,-2.71,69.59
2000-10-09,-4.06,75.67
2000-10-10,-3.28,76.2
2000-10-11,-1.87,88.57
2000-10-12,-3.35,83.31
2000-10-13,-9.55,76.56
2000-10-14,-12.36,70.13
2000-10-15,-13.46,56.11
2000-10-16,-14.96,76.28
2000-10-17,-15.19,75.24
2000-10-18,-17.58,82.23
2000-10-19,-15.9,81.3
2000-10-20,-13.94,78.22
2000-10-21,-14.4,91.52
2000-10-22,-11.99,92.94
2000-10-23,-15.28,83.19
2000-10-24,-15.23,90
2000-10-25,-12.84,85.61
2000-10-26,-11.28,89.32
2000-10-27,-10.79,96.67
2000-10-28,-11.09,94.48
2000-10-29,-21.55,87.58
2000-10-30,-22.05,82.54
2000-10-31,-21.97,85.18
2000-11-01,-21.45,90.48
2000-11-02,-20.77,95.25
2000-11-03,-20.17,93.04
2000-11-04,-20.38,95.1
2000-11-05,-21.82,95.19
2000-11-06,-25.13,94.05
2000-11-07,-27.7,93.91
2000-11-08,-24.4,95.24
2000-11-09,-20.81,96.44
2000-11-10,-21.11,97.48
2000-11-11,-24,96.17
2000-11-12,-26.77,94.66
2000-11-13,-31.39,95.57
2000-11-14,-33.57,94.37
2000-11-15,-36.07,96.07
2000-11-16,-36.51,94.31
2000-11-17,-35.28,96.87
2000-11-18,-32.73,96.87
2000-11-19,-30.49,95.84
2000-11-20,-28.8,92.75
2000-11-21,-33.4,93.86
2000-11-22,-36.64,94.31
2000-11-23,-36.77,98.42
2000-11-24,-33.7,95.44
2000-11-25,-32.22,95.84
2000-11-26,-32.35,96.33
2000-11-27,-30.92,88.75
2000-11-28,-34.25,96.14
2000-11-29,-37.77,96.38
2000-11-30,-35.84,98.52
2000-12-01,-39.31,94.99
2000-12-02,-37.88,97.82
2000-12-03,-41,96.73
2000-12-04,-39.69,96.48
2000-12-05,-42.53,99.26
2000-12-06,-41.67,94.88
2000-12-07,-41.54,98.07
2000-12-08,-42.73,97.26
2000-12-09,-38.56,96.3
2000-12-10,-32.16,96.35
2000-12-11,-39.05,98.34
2000-12-12,-35.27,97.39
2000-12-13,-36.89,98.08
2000-12-14,-44.61,99.3
2000-12-15,-42.92,97.66
2000-12-16,-36.01,96.25
2000-12-17,-34.86,96.58
2000-12-18,-35.22,96.92
2000-12-19,-36.44,95.49
2000-12-20,-37.54,97.82
2000-12-21,-37.86,97.56
2000-12-22,-36.22,97.39
2000-12-23,-36.96,98
2000-12-24,-39.55,97.43
2000-12-25,-40.77,97.47
2000-12-26,-46.34,94.33
2000-12-27,-43.83,95.78
2000-12-28,-45.92,95.88
2000-12-29,-45.74,95.27
2000-12-30,-46.22,96.98
2000-12-31,-46.51,93.61
2001-01-01,-41.61,94.45
2001-01-02,-41.92,96.85
2001-01-03,-39.28,98.06
2001-01-04,-39.39,96.11
2001-01-05,-42.45,97.41
2001-01-06,-47.23,98.61
2001-01-07,-45.28,94.04
2001-01-08,-46.67,97.85
2001-01-09,-43.31,96.58
2001-01-10,-44.97,96.52
2001-01-11,-46.01,96.84
2001-01-12,-44.62,96.06
2001-01-13,-38.7,99.13
2001-01-14,-39.55,99.03
2001-01-15,-43.37,97.99
2001-01-16,-47.58,96.3
2001-01-17,-43.9,96.4
2001-01-18,-41.15,97.39
2001-01-19,-37.25,98.31
2001-01-20,-34.93,96.66
2001-01-21,-32.67,98.47
2001-01-22,-28.1,99.3
2001-01-23,-23.72,99.94
2001-01-24,-25.38,99.46
2001-01-25,-30.65,99.94
2001-01-26,-36.95,99.01
2001-01-27,-35.16,98.17
2001-01-28,-36.02,98.92
2001-01-29,-34.82,98
2001-01-30,-40.69,97.38
2001-01-31,-46.55,96.01
2001-02-01,-49.06,93.19
2001-02-02,-49.36,89.68
2001-02-03,-43.52,95.65
2001-02-04,-44.58,98.75
2001-02-05,-43.79,97.47
2001-02-06,-43.84,97.94
2001-02-07,-39.94,97.8
2001-02-08,-41.28,96.85
2001-02-09,-39.72,96.55
2001-02-10,-43.13,98.47
2001-02-11,-44.31,98.03
2001-02-12,-40.22,97.93
2001-02-13,-34.44,99.43
2001-02-14,-33.92,97.77
2001-02-15,-35.86,98.61
2001-02-16,-42.03,98.75
2001-02-17,-41.47,98.84
2001-02-18,-34.64,96.64
2001-02-19,-38.3,98.76
2001-02-20,-39.02,99.39
2001-02-21,-39.95,98.52
2001-02-22,-33.77,97.63
2001-02-23,-31.16,96.82
2001-02-24,-30.88,97.91
2001-02-25,-32.46,99.5
2001-02-26,-27.72,99.39
2001-02-27,-24.13,97.91
2001-02-28,-26.29,98.28
2001-03-01,-28.64,98.58
2001-03-02,-28.6,98.16
2001-03-03,-29.12,98.12
2001-03-04,-28.79,98.17
2001-03-05,-28.48,97.61
2001-03-06,-30.81,98.82
2001-03-07,-29.81,99.03
2001-03-08,-24.77,97.49
2001-03-09,-26.85,98.14
2001-03-10,-24.52,98.19
2001-03-11,-19.23,97.74
2001-03-12,-17.58,99.47
2001-03-13,-18.26,97.41
2001-03-14,-17.49,95.38
2001-03-15,-19.69,98.61
2001-03-16,-20.1,99.13
2001-03-17,-23.38,98.19
2001-03-18,-21.93,96.52
2001-03-19,-19.04,96.89
2001-03-20,-22.02,97.41
2001-03-21,-24.27,97.46
2001-03-22,-17.51,98.43
2001-03-23,-16.69,98.91
2001-03-24,-10.52,98.33
2001-03-25,-10.87,99.32
2001-03-26,-11.42,98.72
2001-03-27,-10.29,98.36
2001-03-28,-6.91,98.04
2001-03-29,-5.73,98.76
2001-03-30,-6.38,98.22
2001-03-31,-4.1,98.62
2001-04-01,-16.06,98.46
2001-04-02,-18.25,96.13
2001-04-03,-13.87,98.57
2001-04-04,-9.22,98.25
2001-04-05,-8.01,98.42
2001-04-06,-4.07,97.75
2001-04-07,-4.09,98.41
2001-04-08,-5.99,98.63
2001-04-09,-6.97,96.06
2001-04-10,-8.5,97.5
2001-04-11,-14.97,96.17
2001-04-12,-8.39,97.54
2001-04-13,-10.02,97.77
2001-04-14,-14.93,95.13
2001-04-15,-22.89,96.88
2001-04-16,-18.36,95.37
2001-04-17,-15.48,93.98
2001-04-18,-13.88,94.22
2001-04-19,-9.5,97.34
2001-04-20,-9.61,95.81
2001-04-21,-4.78,97.7
2001-04-22,-6.71,98.09
2001-04-23,-10.82,96.32
2001-04-24,-3.82,97.99
2001-04-25,-1.79,96.92
2001-04-26,-2.55,89.11
2001-04-27,-8.22,83.75
2001-04-28,-3.63,88.93
2001-04-29,-3.08,82.19
2001-04-30,0.34,84.33
2001-05-01,1.31,78.45
2001-05-02,4.29,81.49
2001-05-03,4.5,81.14
2001-05-04,5.81,67.49
2001-05-05,9.05,72.52
2001-05-06,10.76,76.91
2001-05-07,11.52,73.11
2001-05-08,8.08,72.23
2001-05-09,5.93,78.36
2001-05-10,4.39,68.59
2001-05-11,3.7,69.58
2001-05-12,2.02,61.23
2001-05-13,-0.64,60.33
2001-05-14,2.23,63.53
2001-05-15,4.5,65.21
2001-05-16,1.48,86.48
2001-05-17,1.96,83.65
2001-05-18,4.94,77.81
2001-05-19,8.65,73.28
2001-05-20,4.21,88.67
2001-05-21,6.71,91.45
2001-05-22,7.93,80.22
2001-05-23,11.39,61.37
2001-05-24,11.54,72.83
2001-05-25,7.61,72.34
2001-05-26,9.17,57.17
2001-05-27,9.41,66.82
2001-05-28,9.13,64.06
2001-05-29,12,58.27
2001-05-30,14.43,69.27
2001-05-31,16.6,72.66
2001-06-01,11.31,76.63
2001-06-02,9.32,65.77
2001-06-03,8.86,65.08
2001-06-04,3.14,79.42
2001-06-05,4.78,74.65
2001-06-06,6.5,87.43
2001-06-07,8.09,75.62
2001-06-08,11.97,67.81
2001-06-09,18.89,46.23
2001-06-10,22.36,45.99
2001-06-11,21.52,57.91
2001-06-12,22.03,53.75
2001-06-13,23.42,58.4
2001-06-14,18.74,81.61
2001-06-15,15.06,61.84
2001-06-16,12.89,55.06
2001-06-17,12.67,53.01
2001-06-18,17,50.33
2001-06-19,18.92,53.35
2001-06-20,20.5,46.83
2001-06-21,19.64,70.2
2001-06-22,13.68,64.44
2001-06-23,14.08,63.53
2001-06-24,15.27,63.3
2001-06-25,18.5,51.57
2001-06-26,16.33,62.97
2001-06-27,15.2,63.13
2001-06-28,15.81,66.59
2001-06-29,19.51,55.37
2001-06-30,20.79,56.14
2001-07-01,18.78,60.95
2001-07-02,19.11,61.08
2001-07-03,22.48,49.88
2001-07-04,23.34,54.89
2001-07-05,24.79,49.12
2001-07-06,24.91,52.53
2001-07-07,22.63,66.08
2001-07-08,20.3,78.02
2001-07-09,21.48,59.3
2001-07-10,23.2,56.06
2001-07-11,23.56,57.37
2001-07-12,22.73,51.69
2001-07-13,20.65,67.69
2001-07-14,22.36,54.29
2001-07-15,22.99,48.12
2001-07-16,23.53,49.81
2001-07-17,23.31,50.07
2001-07-18,24.07,49.86
2001-07-19,18.57,74.28
2001-07-20,18.55,72.94
2001-07-21,20.9,65.37
2001-07-22,22.59,62.41
2001-07-23,24.05,62.28
2001-07-24,25.88,51.75
2001-07-25,26.89,57.6
2001-07-26,27.25,51.54
2001-07-27,27.28,49.31
2001-07-28,26.94,49.67
2001-07-29,25.42,50.64
2001-07-30,26.93,52.28
2001-07-31,26.62,50.5
2001-08-01,25.7,50.12
2001-08-02,27.19,45.86
2001-08-03,21.75,61.14
2001-08-04,15.53,72.69
2001-08-05,13.58,76.45
2001-08-06,14.24,84.9
2001-08-07,13.51,77.24
2001-08-08,13.69,47.88
2001-08-09,15.15,42.12
2001-08-10,17.59,56.55
2001-08-11,17.47,76.41
2001-08-12,12.4,60.25
2001-08-13,14.63,51.54
2001-08-14,18.94,59.3
2001-08-15,19.29,57.61
2001-08-16,20.67,51.31
2001-08-17,17,57.65
2001-08-18,18.69,46.99
2001-08-19,17.13,53.17
2001-08-20,18.25,66.9
2001-08-21,13.2,55.59
2001-08-22,11.42,54.37
2001-08-23,10.35,53.84
2001-08-24,9.56,52.73
2001-08-25,9.36,53.59
2001-08-26,11.75,47.67
2001-08-27,9.63,72.09
2001-08-28,7.75,56.03
2001-08-29,9.21,47.8
2001-08-30,10.07,47.77
2001-08-31,10.8,45.75
2001-09-01,12.66,42.71
2001-09-02,10.66,64.42
2001-09-03,11.09,60.74
2001-09-04,11.1,91.13
2001-09-05,3.26,72
2001-09-06,2.18,53.76
2001-09-07,1.53,59.15
2001-09-08,4.79,51.98
2001-09-09,6.85,54.98
2001-09-10,10.36,58.63
2001-09-11,2.24,68.43
2001-09-12,1.43,59.14
2001-09-13,-1.49,53.5
2001-09-14,0.24,52.8
2001-09-15,1.21,85.3
2001-09-16,0.39,76.81
2001-09-17,-1.52,70.86
2001-09-18,-1.61,78.74
2001-09-19,0.25,71.37
2001-09-20,1.43,77.04
2001-09-21,1.15,95.8
2001-09-22,2.33,90.24
2001-09-23,1.56,90.94
2001-09-24,1.36,91.23
2001-09-25,0.98,85.73
2001-09-26,1.23,68.94
2001-09-27,-0.34,74.58
2001-09-28,-0.62,71.04
2001-09-29,0.66,67.64
2001-09-30,3.43,95.51
2001-10-01,-0.84,80.34
2001-10-02,-3.34,65.85
2001-10-03,-3.02,67.67
2001-10-04,-4.13,77.81
2001-10-05,-0.73,79.95
2001-10-06,-0.03,83.49
2001-10-07,-0.49,84.16
2001-10-08,-1.66,82.11
2001-10-09,-2.9,90.61
2001-10-10,-0.07,86.83
2001-10-11,1.24,94.78
2001-10-12,-0.39,97.07
2001-10-13,-2.85,89.69
2001-10-14,-2.02,94.89
2001-10-15,-4.26,76.9
2001-10-16,-7.97,74.94
2001-10-17,-9.97,75.52
2001-10-18,-11.96,80.48
2001-10-19,-15.51,88.93
2001-10-20,-14.45,85.09
2001-10-21,-12.86,81.93
2001-10-22,-11.12,87.84
2001-10-23,-12.69,91.26
2001-10-24,-12.94,88.78
2001-10-25,-12.42,85.6
2001-10-26,-11.29,90.31
2001-10-27,-12.38,85.34
2001-10-28,-16.05,73.66
2001-10-29,-16.43,75.59
2001-10-30,-13.96,92.3
2001-10-31,-13.32,95.13
2001-11-01,-13.97,88.36
2001-11-02,-15.3,91.12
2001-11-03,-11.7,96.34
2001-11-04,-16.04,92.4
2001-11-05,-13.94,96.76
2001-11-06,-13.04,97.89
2001-11-07,-15.64,98
2001-11-08,-17.72,96.9
2001-11-09,-14.65,97.25
2001-11-10,-17.01,97.42
2001-11-11,-23.79,98.46
2001-11-12,-24.66,98.06
2001-11-13,-25.41,97.2
2001-11-14,-25.72,98.47
2001-11-15,-24.48,97.08
2001-11-16,-17.89,98.93
2001-11-17,-18.39,98.96
2001-11-18,-19.33,98.73
2001-11-19,-20.85,98.44
2001-11-20,-28.64,99.41
2001-11-21,-33.92,98.59
2001-11-22,-29.36,98.59
2001-11-23,-36.98,98.44
2001-11-24,-34.6,98.19
2001-11-25,-39.85,98.69
2001-11-26,-41.48,97.64
2001-11-27,-36.37,98.11
2001-11-28,-30.02,97.1
2001-11-29,-28.74,98.66
2001-11-30,-33.74,98.18
2001-12-01,-34.38,98.18
2001-12-02,-34.73,99.32
2001-12-03,-37.86,99.11
2001-12-04,-38.41,98.88
2001-12-05,-39.74,97.3
2001-12-06,-37.26,98.17
2001-12-07,-34.2,96.8
2001-12-08,-33,98.09
2001-12-09,-32.24,97.97
2001-12-10,-32.49,97.89
2001-12-11,-33.18,97.97
2001-12-12,-38.33,97.86
2001-12-13,-37.02,96.55
2001-12-14,-41.48,97.18
2001-12-15,-36.31,98.89
2001-12-16,-33.11,98.44
2001-12-17,-33.9,99.35
2001-12-18,-30.58,99.63
2001-12-19,-27.9,99.6
2001-12-20,-28.98,98.75
2001-12-21,-28.1,99.52
2001-12-22,-26.23,99.28
2001-12-23,-25.08,98.75
2001-12-24,-18.96,99.38
2001-12-25,-25.32,99.06
2001-12-26,-34.09,99.44
2001-12-27,-41.31,99.76
2001-12-28,-40.71,99.02
2001-12-29,-36.67,97.88
2001-12-30,-37.96,97.89
2001-12-31,-41.78,98.15
2002-01-01,-45.48,99.06
2002-01-02,-43.89,97.84
2002-01-03,-34.21,99.51
2002-01-04,-32.64,99.01
2002-01-05,-27.81,98.9
2002-01-06,-31.1,98.07
2002-01-07,-38.4,98.1
2002-01-08,-37.14,97.99
2002-01-09,-32.24,98.36
2002-01-10,-33.44,98.38
2002-01-11,-34.48,97.42
2002-01-12,-41.69,98.22
2002-01-13,-39.46,98.98
2002-01-14,-30.35,98.18
2002-01-15,-35.97,98.84
2002-01-16,-28.83,98.45
2002-01-17,-30.46,99.23
2002-01-18,-29.61,98.7
2002-01-19,-21.71,99.9
2002-01-20,-31.18,99.55
2002-01-21,-35.25,98.6
2002-01-22,-30.58,98.37
2002-01-23,-40.03,98.8
2002-01-24,-30.59,98.49
2002-01-25,-37.68,98.41
2002-01-26,-29.92,99.79
2002-01-27,-41.65,94.78
2002-01-28,-47.92,96.9
2002-01-29,-45.4,96.12
2002-01-30,-41.86,97.57
2002-01-31,-33.41,98.17
2002-02-01,-31.87,97.48
2002-02-02,-28.61,99.14
2002-02-03,-17.73,99.79
2002-02-04,-24.85,97.34
2002-02-05,-35.27,98.38
2002-02-06,-43.77,98.63
2002-02-07,-40.65,97.14
2002-02-08,-38.08,97.8
2002-02-09,-44.7,99.56
2002-02-10,-42.38,98.87
2002-02-11,-41.15,99.61
2002-02-12,-31.58,98.67
2002-02-13,-26.31,98.73
2002-02-14,-28.44,97.43
2002-02-15,-34.47,96.86
2002-02-16,-34.74,97.31
2002-02-17,-31.59,98.69
2002-02-18,-22.76,99.75
2002-02-19,-10.06,97.54
2002-02-20,-7.53,98.19
2002-02-21,-12.02,98.9
2002-02-22,-20.15,98.79
2002-02-23,-21.12,97.98
2002-02-24,-22.44,97.34
2002-02-25,-20.66,99.37
2002-02-26,-24.38,97.08
2002-02-27,-33.12,96.6
2002-02-28,-32.53,97.24
2002-03-01,-29.43,97.62
2002-03-02,-34.85,99.13
2002-03-03,-34.7,98.77
2002-03-04,-30.33,98.97
2002-03-05,-27.78,99.1
2002-03-06,-24.42,98.6
2002-03-07,-18.34,99.11
2002-03-08,-17.78,99.02
2002-03-09,-14.81,97.77
2002-03-10,-13.31,98.94
2002-03-11,-15.97,99.15
2002-03-12,-12.06,99.82
2002-03-13,-9.56,97.4
2002-03-14,-14.73,97.13
2002-03-15,-19.14,97.4
2002-03-16,-17.15,97.51
2002-03-17,-18.36,98.09
2002-03-18,-16.58,98.98
2002-03-19,-18.58,97.88
2002-03-20,-20.57,98.92
2002-03-21,-18.34,98.51
2002-03-22,-16.05,96.76
2002-03-23,-13.82,94.82
2002-03-24,-15.77,98.58
2002-03-25,-13.69,98.55
2002-03-26,-10.87,94.35
2002-03-27,-12.42,97.01
2002-03-28,-15.75,97.14
2002-03-29,-16.69,96.61
2002-03-30,-13.16,97.28
2002-03-31,-13.34,98.4
2002-04-01,-13.1,97.16
2002-04-02,-14.03,95.76
2002-04-03,-12.55,96.94
2002-04-04,-8.31,98.02
2002-04-05,-6.55,98.09
2002-04-06,-6.11,98.57
2002-04-07,-3.28,98.58
2002-04-08,-5.03,97.7
2002-04-09,-5.97,97.6
2002-04-10,-4.55,98.29
2002-04-11,-5.05,98.56
2002-04-12,-3.96,95.53
2002-04-13,-4.45,97.51
2002-04-14,-9.33,97.9
2002-04-15,-10.16,98.09
2002-04-16,-6.31,98.06
2002-04-17,-1.36,98.22
2002-04-18,-2.42,98.25
2002-04-19,-2.06,98.02
2002-04-20,-3.77,95.07
2002-04-21,-1.79,98.5
2002-04-22,-11.15,98.37
2002-04-23,-6.73,97.91
2002-04-24,-0.54,98.69
2002-04-25,-0.51,97.77
2002-04-26,-4.85,93.4
2002-04-27,-1.15,81.09
2002-04-28,2.38,81.66
2002-04-29,-9.46,77.73
2002-04-30,-7.18,76.61
2002-05-01,-5.07,72.98
2002-05-02,-0.9,68.39
2002-05-03,1.52,67.04
2002-05-04,-1.36,68.18
2002-05-05,2.2,76.71
2002-05-06,3.03,91.35
2002-05-07,9.55,73.9
2002-05-08,2.63,64.45
2002-05-09,1.65,59.99
2002-05-10,11.27,73.85
2002-05-11,14.82,71.96
2002-05-12,7.69,79.25
2002-05-13,2.28,69.85
2002-05-14,5.09,53.76
2002-05-15,10.09,65.02
2002-05-16,14.63,66.52
2002-05-17,10.59,69.19
2002-05-18,14.12,67.69
2002-05-19,9.58,61.68
2002-05-20,5.78,64.95
2002-05-21,6.52,59.8
2002-05-22,6.66,55.51
2002-05-23,4.06,59.05
2002-05-24,7.96,59.94
2002-05-25,5.58,58.88
2002-05-26,5.39,57.91
2002-05-27,8.56,48.56
2002-05-28,11.59,66.89
2002-05-29,13.84,59.56
2002-05-30,14.59,57.4
2002-05-31,15.68,58.83
2002-06-01,15.27,73.23
2002-06-02,16.73,55.94
2002-06-03,16.36,60.73
2002-06-04,12.04,64.09
2002-06-05,10.6,72.02
2002-06-06,7.82,83.96
2002-06-07,12.27,53.92
2002-06-08,15.09,51.61
2002-06-09,17.43,53.01
2002-06-10,13.81,83.56
2002-06-11,14.1,70.23
2002-06-12,15.12,80.33
2002-06-13,15.34,62.09
2002-06-14,17.12,56.16
2002-06-15,18.27,49.33
2002-06-16,20.26,49.29
2002-06-17,22.2,47.87
2002-06-18,18.23,58.58
2002-06-19,17.87,55.97
2002-06-20,19.72,50.77
2002-06-21,21.26,54.43
2002-06-22,23.47,48.25
2002-06-23,23.06,55.13
2002-06-24,23.71,54.55
2002-06-25,21.01,73.99
2002-06-26,19.33,80.42
2002-06-27,17.32,72.23
2002-06-28,18.73,59.14
2002-06-29,20.71,43.33
2002-06-30,23.78,42.5
2002-07-01,24.62,40.04
2002-07-02,27.39,45.6
2002-07-03,25.42,53.55
2002-07-04,22.16,59.1
2002-07-05,25.62,50.63
2002-07-06,21.96,81.11
2002-07-07,18.98,91.39
2002-07-08,23.33,54.65
2002-07-09,22.81,60.77
2002-07-10,21.62,59.27
2002-07-11,18.61,68.9
2002-07-12,22.15,59.82
2002-07-13,20.99,65.18
2002-07-14,20.31,61.54
2002-07-15,20.92,61.6
2002-07-16,19.72,52.28
2002-07-17,14.84,45.85
2002-07-18,15.45,45.54
2002-07-19,18.49,50.64
2002-07-20,20.14,51.09
2002-07-21,15.61,82
2002-07-22,18.2,59.77
2002-07-23,15.87,56.06
2002-07-24,16.49,55.48
2002-07-25,17.42,56.99
2002-07-26,15.72,78.43
2002-07-27,14.47,60.11
2002-07-28,11.1,67.22
2002-07-29,13.77,73.43
2002-07-30,17.79,61.64
2002-07-31,17.16,55.63
2002-08-01,19.12,52.96
2002-08-02,19.46,60.24
2002-08-03,16.39,61.07
2002-08-04,18.2,48.48
2002-08-05,18.04,66.28
2002-08-06,15.86,64.45
2002-08-07,17.03,52.38
2002-08-08,19.52,52.56
2002-08-09,20.04,59.9
2002-08-10,17.28,58.44
2002-08-11,15.01,57.12
2002-08-12,16.4,48.43
2002-08-13,17.24,43.34
2002-08-14,19.66,49.02
2002-08-15,18.05,51.99
2002-08-16,17.09,54.07
2002-08-17,18.69,51.09
2002-08-18,18.61,53.2
2002-08-19,18.58,49.2
2002-08-20,17.97,57.05
2002-08-21,18.02,58.78
2002-08-22,17.24,56.7
2002-08-23,15.96,64.89
2002-08-24,16.93,62.34
2002-08-25,16.69,65.53
2002-08-26,15.48,73.51
2002-08-27,17.31,71.01
2002-08-28,12.1,85.49
2002-08-29,12.18,67.16
2002-08-30,13.46,75.31
2002-08-31,7.61,84.38
2002-09-01,7.52,92.95
2002-09-02,7.77,73.53
2002-09-03,10.67,73.27
2002-09-04,11.41,61.01
2002-09-05,7.94,93.44
2002-09-06,7.81,83.24
2002-09-07,6.81,85.58
2002-09-08,8.56,72.22
2002-09-09,10.25,60.33
2002-09-10,10.41,64.1
2002-09-11,10.99,60.32
2002-09-12,5.36,51.62
2002-09-13,11.32,78.36
2002-09-14,15.33,57.08
2002-09-15,14.11,51.29
2002-09-16,2.46,52.4
2002-09-17,1.3,60.24
2002-09-18,-1.45,90.44
2002-09-19,-0.07,88.73
2002-09-20,0.08,82.08
2002-09-21,0.46,76.05
2002-09-22,3.42,81.5
2002-09-23,6.11,78.2
2002-09-24,2.6,83.71
2002-09-25,-0.57,58.6
2002-09-26,-2.19,63.88
2002-09-27,-0.06,64.06
2002-09-28,-0.61,94.37
2002-09-29,-1.31,87.78
2002-09-30,-1.27,70.31
2002-10-01,-3.35,62.04
2002-10-02,-5.47,72.98
2002-10-03,-2.78,64.57
2002-10-04,-0.61,75.19
2002-10-05,-0.99,91.24
2002-10-06,-3.15,79.27
2002-10-07,-2.88,75.37
2002-10-08,-2.51,81.17
2002-10-09,-1.48,77.78
2002-10-10,-4.03,87.98
2002-10-11,-6.46,78.2
2002-10-12,-8.58,79.99
2002-10-13,-10.58,83.88
2002-10-14,-9.71,82.93
2002-10-15,-10.41,76.93
2002-10-16,-12.34,85.05
2002-10-17,-11.09,83.18
2002-10-18,-11.72,79.66
2002-10-19,-10.88,73.4
2002-10-20,-10.11,73.67
2002-10-21,-10.6,72.88
2002-10-22,-11.27,74.09
2002-10-23,-11.61,81.07
2002-10-24,-11.11,86.77
2002-10-25,-10.14,88.62
2002-10-26,-10.6,90.97
2002-10-27,-12.46,90.63
2002-10-28,-14.7,89.17
2002-10-29,-13.36,92.13
2002-10-30,-11.7,92.13
2002-10-31,-15.98,88.69
2002-11-01,-18.01,86.13
2002-11-02,-18.75,86.64
2002-11-03,-18.95,88.26
2002-11-04,-19.39,93.39
2002-11-05,-17.54,93.3
2002-11-06,-17.37,92.16
2002-11-07,-19.21,85.38
2002-11-08,-19.48,84.03
2002-11-09,-20.72,91.67
2002-11-10,-21.41,87.11
2002-11-11,-21.5,82.81
2002-11-12,-21.92,85.37
2002-11-13,-19.44,93.64
2002-11-14,-20.74,94.11
2002-11-15,-23.51,92.27
2002-11-16,-21.54,87.36
2002-11-17,-25.24,86.9
2002-11-18,-28.76,90.42
2002-11-19,-29.68,86.42
2002-11-20,-27.6,85.46
2002-11-21,-28.92,88.62
2002-11-22,-26.68,87.25
2002-11-23,-23.11,95.83
2002-11-24,-22.51,92.87
2002-11-25,-25.63,90.47
2002-11-26,-27.68,86.57
2002-11-27,-26.57,91.63
2002-11-28,-21.29,98.49
2002-11-29,-23.85,85.01
2002-11-30,-25.4,86.21
2002-12-01,-33.19,91.01
2002-12-02,-34.71,84.07
2002-12-03,-36.59,89.59
2002-12-04,-39.13,92.83
2002-12-05,-39.09,96.12
2002-12-06,-41.55,90.94
2002-12-07,-37.53,84
2002-12-08,-34.74,85.08
2002-12-09,-33.75,88.07
2002-12-10,-29.72,92.96
2002-12-11,-31.48,96.1
2002-12-12,-29.96,92.09
2002-12-13,-29.13,98.85
2002-12-14,-33.92,99.89
2002-12-15,-34.02,95.42
2002-12-16,-34.73,88.68
2002-12-17,-34.73,91.35
2002-12-18,-37.36,98.12
2002-12-19,-37.74,90.03
2002-12-20,-38.96,96.45
2002-12-21,-39.55,95.58
2002-12-22,-40.04,99.15
2002-12-23,-38.9,96.5
2002-12-24,-35.62,94.65
2002-12-25,-40.05,98.96
2002-12-26,-44.01,95.72
2002-12-27,-46.48,88.75
2002-12-28,-48.37,80.74
2002-12-29,-45.12,96.22
2002-12-30,-40.44,91.09
2002-12-31,-40.99,92.95
2003-01-01,-41.32,93.6
2003-01-02,-39.14,98.46
2003-01-03,-41.69,96.83
2003-01-04,-40.47,92.12
2003-01-05,-39.51,94.77
2003-01-06,-34.08,98.77
2003-01-07,-40.23,95.46
2003-01-08,-50.98,94.6
2003-01-09,-42.78,91.68
2003-01-10,-44.73,93.07
2003-01-11,-46.65,93.72
2003-01-12,-42.43,94.04
2003-01-13,-40.7,97.96
2003-01-14,-38.92,95.15
2003-01-15,-37.19,94.68
2003-01-16,-34.5,99.48
2003-01-17,-31.49,98.25
2003-01-18,-36.63,97.92
2003-01-19,-39.96,97.61
2003-01-20,-43.89,99.19
2003-01-21,-43.16,98.66
2003-01-22,-39.87,95.84
2003-01-23,-32.15,96.25
2003-01-24,-28.45,94.94
2003-01-25,-26.59,97.92
2003-01-26,-31.05,97.34
2003-01-27,-33.6,97.51
2003-01-28,-36.69,97.45
2003-01-29,-39.79,98.76
2003-01-30,-34.34,99.59
2003-01-31,-31.22,98.82
2003-02-01,-31.61,98.98
2003-02-02,-29.79,99.21
2003-02-03,-27.4,99.19
2003-02-04,-25.95,99.99
2003-02-05,-20.68,99.3
2003-02-06,-26.77,98.8
2003-02-07,-38.34,99.14
2003-02-08,-41.32,98.52
2003-02-09,-43.75,97.68
2003-02-10,-45.12,98.92
2003-02-11,-45.52,98.46
2003-02-12,-42.62,98.87
2003-02-13,-34.92,99.07
2003-02-14,-35.03,97.98
2003-02-15,-38.45,98.12
2003-02-16,-38.24,98.13
2003-02-17,-39.84,97.57
2003-02-18,-36.6,97.43
2003-02-19,-32.74,98.61
2003-02-20,-27.62,98.01
2003-02-21,-27.59,98.85
2003-02-22,-31.42,99.01
2003-02-23,-31.92,97.75
2003-02-24,-30.93,97.93
2003-02-25,-26.03,98.71
2003-02-26,-18.87,99.55
2003-02-27,-18.42,99.25
2003-02-28,-19.54,98.12
2003-03-01,-27.75,97.42
2003-03-02,-28.92,98.82
2003-03-03,-25.66,99.33
2003-03-04,-19.9,97.92
2003-03-05,-24.72,96.77
2003-03-06,-22.63,99.14
2003-03-07,-25.28,99.2
2003-03-08,-23.82,98.98
2003-03-09,-22.27,98.77
2003-03-10,-23.62,98.27
2003-03-11,-23.26,99.25
2003-03-12,-18.32,98.01
2003-03-13,-17.45,98.35
2003-03-14,-20.74,97.35
2003-03-15,-14.85,98.52
2003-03-16,-8.5,97.38
2003-03-17,-9.36,96.56
2003-03-18,-13.36,96.09
2003-03-19,-13.21,97.79
2003-03-20,-7.22,97.59
2003-03-21,-5.58,96.83
2003-03-22,-10.98,98.1
2003-03-23,-10.27,98.69
2003-03-24,-13.24,98.45
2003-03-25,-10.91,97.67
2003-03-26,-10.26,98.18
2003-03-27,-8.35,99.34
2003-03-28,-7.37,98.24
2003-03-29,-5.89,96.99
2003-03-30,-9.2,97.33
2003-03-31,-8.13,97.58
2003-04-01,-3.76,98.05
2003-04-02,-8.33,98.74
2003-04-03,-3.93,97.83
2003-04-04,-12.25,95.53
2003-04-05,-22.03,96.13
2003-04-06,-23.16,97.38
2003-04-07,-13.42,96.7
2003-04-08,-9.8,98.71
2003-04-09,-8.02,97.5
2003-04-10,-7.79,98.86
2003-04-11,-7.21,95.41
2003-04-12,-5.34,98.01
2003-04-13,-5.11,98.36
2003-04-14,-5.15,97.32
2003-04-15,-8.75,98.08
2003-04-16,-9.62,98.45
2003-04-17,-3.71,98.06
2003-04-18,-5.89,97.29
2003-04-19,-3.16,97.51
2003-04-20,-1.26,98.92
2003-04-21,-2.19,98.48
2003-04-22,-1.94,93.44
2003-04-23,-0.47,93.93
2003-04-24,-2.68,79.95
2003-04-25,-3.65,83.24
2003-04-26,-4.25,81.57
2003-04-27,-3.75,86.31
2003-04-28,-8.13,85.5
2003-04-29,-6.89,83.08
2003-04-30,-3.34,77.08
2003-05-01,-4.01,88.02
2003-05-02,-3.45,82.67
2003-05-03,-3.69,76.1
2003-05-04,-0.98,76.14
2003-05-05,-0.85,74.79
2003-05-06,-1.08,76.32
2003-05-07,1.28,68.74
2003-05-08,2.87,68.04
2003-05-09,4.2,66.29
2003-05-10,6.04,62.3
2003-05-11,8.7,60.52
2003-05-12,8.93,56.16
2003-05-13,9.38,57.59
2003-05-14,6.27,63.54
2003-05-15,2.54,54.84
2003-05-16,4.19,73.48
2003-05-17,4.79,70.68
2003-05-18,2.86,82.34
2003-05-19,4.68,70.18
2003-05-20,1.63,61.9
2003-05-21,3.32,54.88
2003-05-22,2.79,80.68
2003-05-23,-2.36,77.8
2003-05-24,2.79,64.07
2003-05-25,2.9,91.34
2003-05-26,8.45,82.95
2003-05-27,5.83,69.46
2003-05-28,9.16,56.33
2003-05-29,3.94,87.29
2003-05-30,6.8,62.11
2003-05-31,11.13,68.05
2003-06-01,9.72,59.96
2003-06-02,7.01,56.88
2003-06-03,12.32,61.56
2003-06-04,10.53,77.41
2003-06-05,6.39,65.11
2003-06-06,6.98,58.25
2003-06-07,8.27,50.36
2003-06-08,12.8,56.34
2003-06-09,12.04,66.17
2003-06-10,11.88,77.24
2003-06-11,14.28,61.59
2003-06-12,17.51,49.63
2003-06-13,18.09,60.55
2003-06-14,18.9,60.63
2003-06-15,21.88,54.44
2003-06-16,18.65,76.75
2003-06-17,11.57,57.28
2003-06-18,11.22,56.62
2003-06-19,11.94,60.97
2003-06-20,10.4,72.78
2003-06-21,8.36,76.16
2003-06-22,10.6,71.15
2003-06-23,11.76,83.09
2003-06-24,13.42,65.36
2003-06-25,13.8,67.38
2003-06-26,17,57.68
2003-06-27,19.47,56.31
2003-06-28,20.47,55.18
2003-06-29,16.93,80.81
2003-06-30,18.14,73.74
2003-07-01,15.49,67.21
2003-07-02,16.49,56.79
2003-07-03,21.11,62.19
2003-07-04,13.89,77.38
2003-07-05,13.8,74.99
2003-07-06,14.52,90.61
2003-07-07,14.06,91.87
2003-07-08,18.4,84.19
2003-07-09,19.54,73.72
2003-07-10,19.77,76.04
2003-07-11,18.41,84.92
2003-07-12,16.67,83.88
2003-07-13,18.94,80.77
2003-07-14,20.71,72.77
2003-07-15,22.51,67.78
2003-07-16,25.12,63.99
2003-07-17,24.02,68.2
2003-07-18,25.33,62.63
2003-07-19,26.11,61.63
2003-07-20,23.13,54.96
2003-07-21,24.92,53.21
2003-07-22,23.89,58.65
2003-07-23,21.87,73.64
2003-07-24,22.61,73.14
2003-07-25,24.23,68.67
2003-07-26,26.51,62.34
2003-07-27,25.57,58.61
2003-07-28,25.22,56.98
2003-07-29,24.17,57.39
2003-07-30,25.38,52.92
2003-07-31,23.18,52.17
2003-08-01,22.99,57.06
2003-08-02,23.81,46.87
2003-08-03,19.28,71.27
2003-08-04,19.72,69.91
2003-08-05,19.74,61.78
2003-08-06,19.88,58.42
2003-08-07,21.24,59.68
2003-08-08,21.38,56.15
2003-08-09,20.93,54.26
2003-08-10,20.64,54.35
2003-08-11,21.89,53.39
2003-08-12,20.38,61.03
2003-08-13,20.24,62.38
2003-08-14,19.7,69.84
2003-08-15,20.25,65.49
2003-08-16,21.15,65.4
2003-08-17,16.99,67.66
2003-08-18,13.3,84.07
2003-08-19,14.54,63.07
2003-08-20,13.83,58.48
2003-08-21,10.71,53.86
2003-08-22,14.84,61.17
2003-08-23,12.33,91.54
2003-08-24,8.98,76.96
2003-08-25,8.95,68.51
2003-08-26,10.88,57.1
2003-08-27,10.29,58.96
2003-08-28,10.92,63.18
2003-08-29,10.94,67.85
2003-08-30,11.41,68.44
2003-08-31,10.66,78.47
2003-09-01,10.1,93.71
2003-09-02,11.96,69.5
2003-09-03,13.81,69.28
2003-09-04,15.08,57.84
2003-09-05,14.32,59.75
2003-09-06,14.98,59.69
2003-09-07,14.6,65.81
2003-09-08,12.47,75.95
2003-09-09,11.71,84.59
2003-09-10,6.89,95.41
2003-09-11,2.57,96.75
2003-09-12,1.58,92.39
2003-09-13,2.47,87.08
2003-09-14,2.35,80.28
2003-09-15,3.51,75.3
2003-09-16,5.49,80.15
2003-09-17,6.77,81.8
2003-09-18,4.87,93.65
2003-09-19,6.14,77.78
2003-09-20,6,86.26
2003-09-21,7.42,87.97
2003-09-22,6.22,92.11
2003-09-23,6.49,82.77
2003-09-24,4.85,86.56
2003-09-25,6.38,71.96
2003-09-26,3.7,93.18
2003-09-27,1.03,88.6
2003-09-28,0.03,92.13
2003-09-29,0.39,82.45
2003-09-30,0.5,86.67
2003-10-01,0.63,91.61
2003-10-02,-0.36,83.07
2003-10-03,0.11,86.01
2003-10-04,0.04,92.99
2003-10-05,0.64,90.65
2003-10-06,0.19,89.35
2003-10-07,-3.2,84.57
2003-10-08,-1.7,85.88
2003-10-09,-4.52,85.02
2003-10-10,-5.1,81.38
2003-10-11,-4.49,82.89
2003-10-12,-4.61,83.75
2003-10-13,-3.01,92.39
2003-10-14,-2.74,94.23
2003-10-15,-7.55,78.42
2003-10-16,-7.57,82.09
2003-10-17,-9.23,92.01
2003-10-18,-9.31,91.18
2003-10-19,-10.78,89.11
2003-10-20,-10.15,95.06
2003-10-21,-11.51,93.17
2003-10-22,-14.72,86.95
2003-10-23,-16.79,94.43
2003-10-24,-15.88,92.38
2003-10-25,-14.39,99.01
2003-10-26,-17.95,97.66
2003-10-27,-15.31,97.99
2003-10-28,-11.73,98.15
2003-10-29,-11.86,98.06
2003-10-30,-15,95.43
2003-10-31,-18.63,93.04
2003-11-01,-19.95,94.89
2003-11-02,-24.69,95.71
2003-11-03,-26.77,90.38
2003-11-04,-24.07,94.11
2003-11-05,-21.06,97.32
2003-11-06,-20.84,98.12
2003-11-07,-19.18,97.9
2003-11-08,-18.81,98.6
2003-11-09,-21.32,98.45
2003-11-10,-20.27,95.92
2003-11-11,-23.04,97.77
2003-11-12,-25.45,99.45
2003-11-13,-22.72,99.55
2003-11-14,-24.5,98.77
2003-11-15,-22.5,98.9
2003-11-16,-28.45,99.49
2003-11-17,-25.51,99.15
2003-11-18,-26.82,99.74
2003-11-19,-24.77,97.95
2003-11-20,-27.83,98.06
2003-11-21,-33.11,98.05
2003-11-22,-39.32,99.01
2003-11-23,-37.44,98.31
2003-11-24,-39.11,97.69
2003-11-25,-35.8,97.85
2003-11-26,-33.92,97.83
2003-11-27,-35.66,97.72
2003-11-28,-38.89,98.77
2003-11-29,-34.59,97.86
2003-11-30,-32.2,97.09
2003-12-01,-32.2,98.15
2003-12-02,-36,98.96
2003-12-03,-39.69,98.76
2003-12-04,-36.37,98.62
2003-12-05,-30.93,99.51
2003-12-06,-32.93,99.27
2003-12-07,-31.76,98.65
2003-12-08,-26.41,99.41
2003-12-09,-33.03,98.78
2003-12-10,-19.02,100
2003-12-11,-15.24,99.78
2003-12-12,-12.62,99.34
2003-12-13,-17.24,97.06
2003-12-14,-31.88,100
2003-12-15,-33.6,100
2003-12-16,-24.45,100
2003-12-17,-25.08,99.37
2003-12-18,-27.01,99.36
2003-12-19,-20.27,99.55
2003-12-20,-20.27,99.09
2003-12-21,-33.63,98.51
2003-12-22,-43.85,94.4
2003-12-23,-47.6,95.47
2003-12-24,-45.97,89.23
2003-12-25,-36.58,98.36
2003-12-26,-32.35,99.29
2003-12-27,-28.09,99.67
2003-12-28,-35.74,98.87
2003-12-29,-42.66,97.57
2003-12-30,-42,98.51
2003-12-31,-37.85,98.69
2004-01-01,-40.89,98.35
2004-01-02,-41.21,97.24
2004-01-03,-47.37,94.59
2004-01-04,-51.57,91.86
2004-01-05,-42.27,96.72
2004-01-06,-41,98.22
2004-01-07,-41.99,99.94
2004-01-08,-37.37,98.43
2004-01-09,-43.21,96.52
2004-01-10,-42.94,98.28
2004-01-11,-40.11,97.05
2004-01-12,-35.07,97.28
2004-01-13,-38.29,97.59
2004-01-14,-35.78,98.5
2004-01-15,-30.04,99.32
2004-01-16,-31.14,99.82
2004-01-17,-29.81,99.58
2004-01-18,-41.2,97.92
2004-01-19,-48.61,95.96
2004-01-20,-48.95,97.45
2004-01-21,-46.79,97.79
2004-01-22,-43.72,98.68
2004-01-23,-36.8,98.93
2004-01-24,-31.42,99.57
2004-01-25,-28.85,99.72
2004-01-26,-28.12,99.15
2004-01-27,-27.14,98.88
2004-01-28,-29.9,98.08
2004-01-29,-32.55,99
2004-01-30,-37.02,99.07
2004-01-31,-30.26,98.65
2004-02-01,-30.28,98.61
2004-02-02,-31.75,98.93
2004-02-03,-34.81,98.45
2004-02-04,-32.79,98.42
2004-02-05,-33.89,98.09
2004-02-06,-32.89,98.79
2004-02-07,-36.29,98.4
2004-02-08,-35.77,98.72
2004-02-09,-39,97.01
2004-02-10,-46.19,97.97
2004-02-11,-49.12,92.73
2004-02-12,-47.19,97.02
2004-02-13,-45.81,97.74
2004-02-14,-43.94,98.95
2004-02-15,-37.17,97.66
2004-02-16,-36.7,97.93
2004-02-17,-38.65,97.82
2004-02-18,-38.88,98.19
2004-02-19,-35.32,98.21
2004-02-20,-38.47,99.27
2004-02-21,-43.12,97.44
2004-02-22,-40.45,98.57
2004-02-23,-38.08,98.29
2004-02-24,-39.31,98.61
2004-02-25,-40.42,98.36
2004-02-26,-35.36,97.65
2004-02-27,-29.6,96.14
2004-02-28,-29.32,95.18
2004-02-29,-29.37,97.22
2004-03-01,-30.82,97.54
2004-03-02,-32.53,98.12
2004-03-03,-30.04,97
2004-03-04,-28.03,96.98
2004-03-05,-26.14,98.54
2004-03-06,-22.07,98.22
2004-03-07,-24.17,98.35
2004-03-08,-17.09,98.76
2004-03-09,-12.51,99
2004-03-10,-12.68,97.2
2004-03-11,-19.31,96.42
2004-03-12,-23.33,97.24
2004-03-13,-20.59,98.88
2004-03-14,-16.43,99.01
2004-03-15,-18.29,95.95
2004-03-16,-18.5,92.27
2004-03-17,-25.93,96.12
2004-03-18,-25.29,92.81
2004-03-19,-19.91,96.74
2004-03-20,-19.2,96.89
2004-03-21,-28.13,96.53
2004-03-22,-26.08,95.87
2004-03-23,-28.02,96.1
2004-03-24,-28.62,96.05
2004-03-25,-23.21,98.19
2004-03-26,-17.72,99.09
2004-03-27,-11.59,98.82
2004-03-28,-10.24,99.17
2004-03-29,-12.03,98.17
2004-03-30,-16.43,98.1
2004-03-31,-18.66,98.56
2004-04-01,-17.63,98.72
2004-04-02,-14.49,98.39
2004-04-03,-12.07,98.04
2004-04-04,-9.06,99.03
2004-04-05,-8.11,97.32
2004-04-06,-7.54,98.3
2004-04-07,-5.6,98.53
2004-04-08,-5.07,97.89
2004-04-09,-8.17,98.23
2004-04-10,-9.47,98.56
2004-04-11,-7.01,98.73
2004-04-12,-7.32,98.06
2004-04-13,-12.74,98.31
2004-04-14,-9.85,97.46
2004-04-15,-7.18,96.89
2004-04-16,-5.4,97.92
2004-04-17,-3.41,98.56
2004-04-18,-4.96,97.68
2004-04-19,-9.33,97.14
2004-04-20,-8.47,96.26
2004-04-21,-8.51,97.59
2004-04-22,-7.11,98.41
2004-04-23,-6.04,97.1
2004-04-24,-4.7,97.07
2004-04-25,-4.05,98.11
2004-04-26,-1.73,98.91
2004-04-27,-1.76,98.49
2004-04-28,-5.97,97.9
2004-04-29,-6.79,98.19
2004-04-30,-7.9,97.52
2004-05-01,-6.07,96.88
2004-05-02,-6.34,96.16
2004-05-03,-5.7,96.59
2004-05-04,-3.27,98.49
2004-05-05,-2.88,97.71
2004-05-06,-1.97,92.68
2004-05-07,-0.97,93.03
2004-05-08,2.46,90.68
2004-05-09,0.01,96.15
2004-05-10,0.22,93.04
2004-05-11,3.31,76.22
2004-05-12,4.27,82.93
2004-05-13,4.14,91.37
2004-05-14,5.31,83.52
2004-05-15,5.11,86.12
2004-05-16,5.69,84
2004-05-17,6.42,78.7
2004-05-18,6.47,78.32
2004-05-19,6.98,73.61
2004-05-20,7.42,72.93
2004-05-21,6.57,80.79
2004-05-22,11.28,78.35
2004-05-23,6.02,85.37
2004-05-24,5.25,67.74
2004-05-25,4.94,68.67
2004-05-26,2.76,83.44
2004-05-27,3.43,88.12
2004-05-28,7.32,66.98
2004-05-29,8.19,74.42
2004-05-30,7.98,72.47
2004-05-31,10.13,83
2004-06-01,14.21,78.86
2004-06-02,5.55,73.07
2004-06-03,7.07,80.82
2004-06-04,8.22,76.14
2004-06-05,3.94,76.4
2004-06-06,6.97,71.07
2004-06-07,11.02,70.22
2004-06-08,12.36,67.2
2004-06-09,10.98,66.75
2004-06-10,12.75,68.72
2004-06-11,11.89,69.34
2004-06-12,6.57,66.18
2004-06-13,9.98,69.67
2004-06-14,10.08,83.69
2004-06-15,11.06,64.69
2004-06-16,9.88,66.62
2004-06-17,12.88,65.27
2004-06-18,16.79,76.53
2004-06-19,15.73,81.33
2004-06-20,15.68,89.12
2004-06-21,16.19,67.84
2004-06-22,14.17,79.75
2004-06-23,12.82,81.3
2004-06-24,11.91,81.46
2004-06-25,12.78,81.48
2004-06-26,14.13,76.82
2004-06-27,14.97,75.44
2004-06-28,16.65,61.98
2004-06-29,12.44,67.03
2004-06-30,14.11,78.7
2004-07-01,10.7,77.04
2004-07-02,14.65,68.63
2004-07-03,19.42,73.34
2004-07-04,21.72,76.03
2004-07-05,23.43,65.22
2004-07-06,24.08,65.31
2004-07-07,24.89,70.61
2004-07-08,24.52,68.71
2004-07-09,24.83,73.58
2004-07-10,25.25,63.87
2004-07-11,21.26,71.62
2004-07-12,20.14,64.39
2004-07-13,20.31,57.46
2004-07-14,19.68,68.5
2004-07-15,16.61,91.63
2004-07-16,17.18,77.12
2004-07-17,19.8,69.51
2004-07-18,20.08,72.17
2004-07-19,16.45,81.44
2004-07-20,16.4,67.97
2004-07-21,13.37,87.35
2004-07-22,14.4,70.03
2004-07-23,13.92,81.2
2004-07-24,13.73,74.68
2004-07-25,14.67,70.41
2004-07-26,15.33,81.67
2004-07-27,13.11,85.32
2004-07-28,12.45,91.99
2004-07-29,10.38,95.83
2004-07-30,8.85,90.76
2004-07-31,7.82,84.93
2004-08-01,7.8,81.22
2004-08-02,8.3,87.4
2004-08-03,9.75,88.27
2004-08-04,11.19,85.54
2004-08-05,13.75,72.7
2004-08-06,15.23,70.67
2004-08-07,15.45,78.36
2004-08-08,16.01,77.39
2004-08-09,14.52,77.81
2004-08-10,10.9,75.38
2004-08-11,14.14,68.64
2004-08-12,12.92,77.42
2004-08-13,10.54,96.11
2004-08-14,10.08,84.05
2004-08-15,12.13,74.88
2004-08-16,13.24,79.21
2004-08-17,14.68,79.13
2004-08-18,14.76,82.37
2004-08-19,14.29,80.65
2004-08-20,15.71,77.1
2004-08-21,17.31,73.86
2004-08-22,13.41,75.74
2004-08-23,15.72,67.34
2004-08-24,15.68,74.12
2004-08-25,16.45,76.28
2004-08-26,18.43,80.14
2004-08-27,14.63,82.52
2004-08-28,10.26,74.86
2004-08-29,13.31,64.1
2004-08-30,14.99,69.41
2004-08-31,9.46,79.04
2004-09-01,8.39,77.09
2004-09-02,7.27,73.47
2004-09-03,6.82,72
2004-09-04,8.48,60.82
2004-09-05,9.65,67.42
2004-09-06,9.73,67.91
2004-09-07,8.86,72.96
2004-09-08,8.9,75.75
2004-09-09,10.61,68.68
2004-09-10,8.5,86.55
2004-09-11,7.65,80.95
2004-09-12,7.02,74.21
2004-09-13,6.8,84.99
2004-09-14,10.03,60.21
2004-09-15,12,85.58
2004-09-16,10.33,91.13
2004-09-17,9.42,94.95
2004-09-18,7.93,76.8
2004-09-19,6.49,77.64
2004-09-20,5.8,79.88
2004-09-21,3.5,84.67
2004-09-22,2.5,78.17
2004-09-23,6.96,71.65
2004-09-24,7.44,84.19
2004-09-25,1.68,84.89
2004-09-26,2.1,81.33
2004-09-27,-0.09,79.86
2004-09-28,-1.83,86.07
2004-09-29,-2.19,96.23
2004-09-30,-3.24,97.41
2004-10-01,-5.55,96.59
2004-10-02,-6.88,93.57
2004-10-03,-5.08,88.92
2004-10-04,-7.65,95.93
2004-10-05,-6.35,84.6
2004-10-06,-8.15,93.56
2004-10-07,-6.13,97.81
2004-10-08,-6.18,92.21
2004-10-09,-6.97,98.77
2004-10-10,-5.56,97.75
2004-10-11,-7.52,98.27
2004-10-12,-8.18,98.47
2004-10-13,-4.4,99.55
2004-10-14,-5.72,99.09
2004-10-15,-10.99,98.61
2004-10-16,-9.32,99.58
2004-10-17,-4.02,99.64
2004-10-18,-4.82,99.34
2004-10-19,-9.13,99.27
2004-10-20,-14.53,99.74
2004-10-21,-17.5,99.88
2004-10-22,-18.73,99.58
2004-10-23,-18.69,99.54
2004-10-24,-17.93,99.66
2004-10-25,-16.65,99.72
2004-10-26,-21.19,99.07
2004-10-27,-25.84,99.12
2004-10-28,-26.18,99.98
2004-10-29,-27.09,99.4
2004-10-30,-22.52,99.34
2004-10-31,-22,99.39
2004-11-01,-16.32,99.54
2004-11-02,-16.52,99.5
2004-11-03,-15.15,99.61
2004-11-04,-21.01,99.44
2004-11-05,-29.92,98.6
2004-11-06,-21.07,98.78
2004-11-07,-9.69,99.82
2004-11-08,-15.74,99.59
2004-11-09,-19.98,98.73
2004-11-10,-21.21,98.56
2004-11-11,-21.08,99.71
2004-11-12,-17.87,99.61
2004-11-13,-19.53,99.42
2004-11-14,-18.94,99.71
2004-11-15,-21.4,98.9
2004-11-16,-26.42,99.34
2004-11-17,-10.6,99.75
2004-11-18,-14.14,98.94
2004-11-19,-15.85,99.11
2004-11-20,-12.47,100
2004-11-21,-8.71,98.87
2004-11-22,-23.23,97.89
2004-11-23,-28.01,98.75
2004-11-24,-26.41,99.72
2004-11-25,-26.62,98.62
2004-11-26,-28.24,98.16
2004-11-27,-34.27,97.92
2004-11-28,-36.22,98.51
2004-11-29,-39.68,96.57
2004-11-30,-47.07,98.3
2004-12-01,-42.21,97.67
2004-12-02,-47.93,97.24
2004-12-03,-49.82,84.44
2004-12-04,-49.52,89.8
2004-12-05,-50.77,97.77
2004-12-06,-48.8,87.24
2004-12-07,-51.35,92.32
2004-12-08,-45.49,97.6
2004-12-09,-43.67,97.26
2004-12-10,-48.26,94.91
2004-12-11,-48.21,92.59
2004-12-12,-46.73,89.08
2004-12-13,-46.42,99.15
2004-12-14,-47.96,94.64
2004-12-15,-47.1,95.54
2004-12-16,-48.63,95.82
2004-12-17,-48.51,98.03
2004-12-18,-48.89,95.91
2004-12-19,-47.54,94.35
2004-12-20,-51.84,96.79
2004-12-21,-50.47,90.19
2004-12-22,-42.55,97.35
2004-12-23,-30.59,98.55
2004-12-24,-31.17,98.86
2004-12-25,-31.42,99.76
2004-12-26,-31.29,99.91
2004-12-27,-31.7,99.7
2004-12-28,-33.5,99.99
2004-12-29,-35.73,100
2004-12-30,-31.94,99.41
2004-12-31,-30.03,99.3
2005-01-01,-41.45,96.89
2005-01-02,-45.56,95.17
2005-01-03,-39.21,97.21
2005-01-04,-35.97,98.36
2005-01-05,-35.42,98.2
2005-01-06,-35.43,98.81
2005-01-07,-43.49,97.55
2005-01-08,-43.66,99.01
2005-01-09,-46.11,98.37
2005-01-10,-40.38,98.12
2005-01-11,-35.32,98.87
2005-01-12,-31.5,98.08
2005-01-13,-30.64,98.55
2005-01-14,-32.72,98.48
2005-01-15,-30.14,98.47
2005-01-16,-30.51,97.55
2005-01-17,-36.3,98.96
2005-01-18,-37.63,97.72
2005-01-19,-38.66,96.53
2005-01-20,-42.68,98.24
2005-01-21,-41.73,94.43
2005-01-22,-43.97,98.83
2005-01-23,-40.2,98.54
2005-01-24,-37.89,98.21
2005-01-25,-44.64,99.04
2005-01-26,-47.57,95.91
2005-01-27,-34.05,96.27
2005-01-28,-29.86,93.99
2005-01-29,-30.47,98.35
2005-01-30,-30.04,97.26
2005-01-31,-30.27,97.03
2005-02-01,-27.26,97.27
2005-02-02,-31.35,97.73
2005-02-03,-31.12,98.08
2005-02-04,-36.74,98.65
2005-02-05,-33.54,98.36
2005-02-06,-31.87,98.27
2005-02-07,-30.87,98.27
2005-02-08,-31.15,98.66
2005-02-09,-32.51,97.3
2005-02-10,-32.66,97.98
2005-02-11,-36.45,98.72
2005-02-12,-37.02,98.64
2005-02-13,-39.09,97.48
2005-02-14,-32.82,99.27
2005-02-15,-38.88,97.43
2005-02-16,-41.05,97
2005-02-17,-37.98,96.93
2005-02-18,-37.27,98.63
2005-02-19,-37.19,98.88
2005-02-20,-34.01,98.68
2005-02-21,-36.53,98.2
2005-02-22,-35.59,96.76
2005-02-23,-35.31,97.47
2005-02-24,-33.66,99.21
2005-02-25,-32.22,99.3
2005-02-26,-31.81,99.43
2005-02-27,-29.08,99.63
2005-02-28,-28.47,97.59
2005-03-01,-32.49,98.62
2005-03-02,-32.34,99.5
2005-03-03,-23.85,98.4
2005-03-04,-15.64,99.34
2005-03-05,-18.58,98.42
2005-03-06,-24.21,96.58
2005-03-07,-30.25,97.17
2005-03-08,-31.8,97.14
2005-03-09,-28.21,98.61
2005-03-10,-21.92,97.93
2005-03-11,-19.24,96.44
2005-03-12,-15.87,98.99
2005-03-13,-17.78,98.57
2005-03-14,-16.01,97.53
2005-03-15,-20.87,95.38
2005-03-16,-26.74,95.72
2005-03-17,-29.85,97.59
2005-03-18,-29.56,96.96
2005-03-19,-23.08,97.19
2005-03-20,-22.19,97.52
2005-03-21,-21.55,96.75
2005-03-22,-22.26,96.61
2005-03-23,-22.18,95.58
2005-03-24,-21.98,96.88
2005-03-25,-19.16,97.74
2005-03-26,-16.53,96.98
2005-03-27,-12.16,96.46
2005-03-28,-10.2,95.22
2005-03-29,-10,98.81
2005-03-30,-12.45,98.59
2005-03-31,-14.91,97.12
2005-04-01,-11.95,96.94
2005-04-02,-4.02,98.7
2005-04-03,-1.57,98.37
2005-04-04,-6.33,94.92
2005-04-05,-7.24,97.12
2005-04-06,-12.97,97.31
2005-04-07,-8.54,96.6
2005-04-08,-7.25,97.4
2005-04-09,-3.65,97.99
2005-04-10,-1.83,98.64
2005-04-11,-2.78,98.15
2005-04-12,-3.94,97.61
2005-04-13,-3.31,97.78
2005-04-14,-5.01,97.77
2005-04-15,-2.66,98.2
2005-04-16,-3.31,98.39
2005-04-17,-1.24,98.24
2005-04-18,-2.82,98.59
2005-04-19,-2.58,96.89
2005-04-20,-1.77,98.01
2005-04-21,-1.66,94.8
2005-04-22,-1.35,95.92
2005-04-23,1.49,89.67
2005-04-24,-2.54,87.22
2005-04-25,1.14,81.49
2005-04-26,-0.36,92.17
2005-04-27,0.54,94.79
2005-04-28,0.34,83.36
2005-04-29,2.72,84.29
2005-04-30,4,79.56
2005-05-01,3.24,76.52
2005-05-02,4.03,74.88
2005-05-03,6.7,77.48
2005-05-04,11.31,59.16
2005-05-05,9.87,72.2
2005-05-06,11.37,60.54
2005-05-07,11.37,67.6
2005-05-08,11.23,75.26
2005-05-09,8.63,72.55
2005-05-10,7.95,74.67
2005-05-11,6.38,77.74
2005-05-12,7.12,68.99
2005-05-13,7.9,73.03
2005-05-14,5.1,62.36
2005-05-15,2.12,86.33
2005-05-16,1.7,84.37
2005-05-17,5.7,77.83
2005-05-18,6.66,88.69
2005-05-19,3.3,73.86
2005-05-20,4.14,64.38
2005-05-21,7.02,63.46
2005-05-22,9.62,79.75
2005-05-23,5.94,81.1
2005-05-24,5.18,79.71
2005-05-25,4.35,69.95
2005-05-26,3.29,73.94
2005-05-27,5.21,65.38
2005-05-28,10.41,72.2
2005-05-29,11.91,75.44
2005-05-30,5.13,77.97
2005-05-31,3.65,85.62
2005-06-01,6.04,80.53
2005-06-02,10.13,72.5
2005-06-03,13.18,71.87
2005-06-04,13.81,78.28
2005-06-05,16.5,74.53
2005-06-06,12.88,77.56
2005-06-07,11.54,90.87
2005-06-08,16.85,72.89
2005-06-09,19.62,64.33
2005-06-10,20.27,71.11
2005-06-11,18.72,69.47
2005-06-12,19.18,71.64
2005-06-13,12.59,89.23
2005-06-14,10.95,77.19
2005-06-15,12.35,68.1
2005-06-16,15.38,75.3
2005-06-17,14.26,73.56
2005-06-18,17.69,58.62
2005-06-19,15.57,72.51
2005-06-20,18.45,65.89
2005-06-21,15.25,73.58
2005-06-22,17.57,81.67
2005-06-23,16.54,86
2005-06-24,15.96,75.88
2005-06-25,16.01,83.4
2005-06-26,17.1,73.95
2005-06-27,20.44,68.61
2005-06-28,20.09,76.3
2005-06-29,18.11,81.41
2005-06-30,19.65,75.05
2005-07-01,20.14,70.26
2005-07-02,18.45,67.14
2005-07-03,18.03,64.09
2005-07-04,18.18,62.78
2005-07-05,18.65,63.25
2005-07-06,21.63,52.7
2005-07-07,23.1,51.06
2005-07-08,24.88,55.97
2005-07-09,22.85,71.85
2005-07-10,20.97,77.93
2005-07-11,15.1,67.48
2005-07-12,13.21,81.94
2005-07-13,16.87,61.34
2005-07-14,18.89,74.97
2005-07-15,20.18,83.04
2005-07-16,18.94,79.22
2005-07-17,15.48,91.73
2005-07-18,17.56,72.36
2005-07-19,16.06,89.33
2005-07-20,17.41,81.39
2005-07-21,15.71,89.1
2005-07-22,16.82,83.34
2005-07-23,19.02,75.75
2005-07-24,18.19,79.3
2005-07-25,15.96,91.61
2005-07-26,15.69,73.37
2005-07-27,18.62,79.05
2005-07-28,19.32,85.36
2005-07-29,12.28,64.81
2005-07-30,14.9,61.2
2005-07-31,16.99,81.98
2005-08-01,13.45,72.42
2005-08-02,11.88,75.63
2005-08-03,12.63,83.05
2005-08-04,14.48,73.34
2005-08-05,16.59,70.5
2005-08-06,14.63,61.88
2005-08-07,17.27,69.78
2005-08-08,13.05,68.61
2005-08-09,14.89,73.8
2005-08-10,16.35,79.7
2005-08-11,13.45,88.86
2005-08-12,11.94,95.66
2005-08-13,14.65,83.25
2005-08-14,16.24,76.86
2005-08-15,8.76,92.08
2005-08-16,12.37,70.46
2005-08-17,10.48,74.85
2005-08-18,8.53,76.84
2005-08-19,10.85,71.36
2005-08-20,12.84,66.56
2005-08-21,14.4,76.3
2005-08-22,12.58,71.82
2005-08-23,14.74,77.52
2005-08-24,17.89,79.23
2005-08-25,13.94,91.41
2005-08-26,14.49,91.32
2005-08-27,12.94,98.09
2005-08-28,13.05,84.13
2005-08-29,3.4,90.44
2005-08-30,4.85,95.79
2005-08-31,6.66,94.73
2005-09-01,8.56,91.11
2005-09-02,9.97,83.75
2005-09-03,10.54,75.78
2005-09-04,10.26,81.71
2005-09-05,9.65,77.06
2005-09-06,7.11,79.27
2005-09-07,9.02,74.03
2005-09-08,9.44,84.38
2005-09-09,8.59,76.23
2005-09-10,9.14,82.3
2005-09-11,6.83,94.26
2005-09-12,5.92,97.22
2005-09-13,5.84,89.57
2005-09-14,6.37,84.27
2005-09-15,7.53,89.39
2005-09-16,4.41,97.26
2005-09-17,5.4,93.69
2005-09-18,6.45,83.94
2005-09-19,7.77,84.38
2005-09-20,9.44,91.24
2005-09-21,11.31,91.33
2005-09-22,9.98,89.9
2005-09-23,10.69,80.88
2005-09-24,10.69,79.03
2005-09-25,9.43,88.42
2005-09-26,9.36,82.07
2005-09-27,9.07,89.71
2005-09-28,7.08,91.26
2005-09-29,1.32,89.42
2005-09-30,3.13,76.79
2005-10-01,0.13,86.57
2005-10-02,-3.07,81.09
2005-10-03,-1.88,84.97
2005-10-04,-4.3,78.04
2005-10-05,-4.5,79.23
2005-10-06,-2.56,96.79
2005-10-07,-4.35,89.31
2005-10-08,-5.06,84.52
2005-10-09,-1.09,95.28
2005-10-10,0.98,98.43
2005-10-11,-1.58,93.82
2005-10-12,-2.8,86.73
2005-10-13,-4.82,95.46
2005-10-14,-5.79,98.65
2005-10-15,-7.22,97.08
2005-10-16,-10.73,97.44
2005-10-17,-12.31,98.56
2005-10-18,-14.41,96.99
2005-10-19,-14.29,97.24
2005-10-20,-13.46,98.04
2005-10-21,-13.01,99.07
2005-10-22,-12.63,99.57
2005-10-23,-17.03,98.56
2005-10-24,-20.53,99.2
2005-10-25,-20.72,99.86
2005-10-26,-18.36,99.93
2005-10-27,-17.4,99.2
2005-10-28,-20.85,99.83
2005-10-29,-21.64,99.75
2005-10-30,-19.47,99.61
2005-10-31,-15.29,99.51
2005-11-01,-12.43,99.56
2005-11-02,-18.25,99.48
2005-11-03,-23.34,99.33
2005-11-04,-20.68,99.15
2005-11-05,-23.19,99.58
2005-11-06,-20.42,99.66
2005-11-07,-10.8,99.34
2005-11-08,-11.82,99.64
2005-11-09,-10.55,99.88
2005-11-10,-10.27,99.65
2005-11-11,-13.14,99.87
2005-11-12,-14.89,98.67
2005-11-13,-18.1,98.44
2005-11-14,-20.12,98.63
2005-11-15,-20.25,98.3
2005-11-16,-24.85,98.49
2005-11-17,-31.59,94.07
2005-11-18,-24.74,92.47
2005-11-19,-22.4,98.62
2005-11-20,-26.88,99.57
2005-11-21,-26.28,99.78
2005-11-22,-23.61,99.27
2005-11-23,-22.92,98.54
2005-11-24,-21.87,98.18
2005-11-25,-26.06,98.16
2005-11-26,-29.72,98.82
2005-11-27,-31.92,98.82
2005-11-28,-33.57,98.44
2005-11-29,-34.27,98.13
2005-11-30,-39.08,98.44
2005-12-01,-27.26,98.93
2005-12-02,-27.09,97.83
2005-12-03,-31.15,98.79
2005-12-04,-31.82,98.96
2005-12-05,-34.99,98.93
2005-12-06,-36.32,82.71
2005-12-07,-38.63,97.33
2005-12-08,-38.78,97.94
2005-12-09,-33.11,98.35
2005-12-10,-30.02,98.1
2005-12-11,-26.51,99.45
2005-12-12,-25.66,99.26
2005-12-13,-30.95,100
2005-12-14,-38.91,98.54
2005-12-15,-32.52,96.9
2005-12-16,-34.05,96.65
2005-12-17,-35.67,98.56
2005-12-18,-36.9,98.53
2005-12-19,-31.03,97.19
2005-12-20,-34.8,99.43
2005-12-21,-37.29,98.38
2005-12-22,-41.14,98.87
2005-12-23,-40.94,96.8
2005-12-24,-40.29,98.25
2005-12-25,-36.65,98.65
2005-12-26,-36.59,98.18
2005-12-27,-33.16,99.42
2005-12-28,-35.87,98.6
2005-12-29,-31.99,98.71
2005-12-30,-36.45,98.61
2005-12-31,-36.94,98.51
2006-01-01,-36.51,97.44
2006-01-02,-45.57,92.91
2006-01-03,-47.39,98.06
2006-01-04,-39.67,97.77
2006-01-05,-40.07,97.93
2006-01-06,-41.86,97.94
2006-01-07,-38.61,99.83
2006-01-08,-35.67,97.07
2006-01-09,-42.49,97.38
2006-01-10,-45.54,92.55
2006-01-11,-47.24,95.49
2006-01-12,-42.46,95.84
2006-01-13,-43.32,95.32
2006-01-14,-45.53,95.15
2006-01-15,-46.32,97.41
2006-01-16,-47.42,96.31
2006-01-17,-51.17,97.68
2006-01-18,-52.96,85.77
2006-01-19,-50.19,92.44
2006-01-20,-47.97,94.21
2006-01-21,-44.9,95.81
2006-01-22,-33.32,99.85
2006-01-23,-32.25,99.47
2006-01-24,-37.73,97.09
2006-01-25,-43.36,93.51
2006-01-26,-42.72,94.34
2006-01-27,-43.62,98.5
2006-01-28,-42.33,97.08
2006-01-29,-39.99,96.24
2006-01-30,-37.18,98.19
2006-01-31,-40.98,98.16
2006-02-01,-39.78,97.24
2006-02-02,-34.91,95.37
2006-02-03,-34.29,97.38
2006-02-04,-35.38,97.74
2006-02-05,-32.17,98.11
2006-02-06,-29.84,98.1
2006-02-07,-37.08,99.73
2006-02-08,-41.21,99.53
2006-02-09,-41.32,97.96
2006-02-10,-38.53,97.14
2006-02-11,-38.01,95.07
2006-02-12,-41.14,98.55
2006-02-13,-34,99.28
2006-02-14,-33.34,97.11
2006-02-15,-29.98,97.32
2006-02-16,-31.06,98.31
2006-02-17,-35.41,99.45
2006-02-18,-35.7,99.23
2006-02-19,-33.68,99.14
2006-02-20,-31.86,98.15
2006-02-21,-29.63,97.27
2006-02-22,-30.8,97.91
2006-02-23,-32.43,98.86
2006-02-24,-27.61,97.41
2006-02-25,-28.98,99.45
2006-02-26,-27.73,99.48
2006-02-27,-27.16,99.02
2006-02-28,-22.75,97.84
2006-03-01,-18.4,98.45
2006-03-02,-19.92,99.36
2006-03-03,-23.77,98.18
2006-03-04,-27.01,97.33
2006-03-05,-27.47,98.93
2006-03-06,-26.33,98.61
2006-03-07,-28.32,97.79
2006-03-08,-32.63,99.42
2006-03-09,-32.36,96.91
2006-03-10,-30.51,98.04
2006-03-11,-22.37,97.7
2006-03-12,-19.31,97.95
2006-03-13,-16.08,98.45
2006-03-14,-15.12,98.11
2006-03-15,-20.65,97.76
2006-03-16,-21.58,96.78
2006-03-17,-18.89,97.62
2006-03-18,-14.4,98.02
2006-03-19,-15.9,97.86
2006-03-20,-16.2,95.98
2006-03-21,-14.54,97.37
2006-03-22,-14.72,95.95
2006-03-23,-20.5,96.88
2006-03-24,-19.75,96.88
2006-03-25,-20.31,95.98
2006-03-26,-17.82,91.96
2006-03-27,-18.15,95.36
2006-03-28,-17.78,93.95
2006-03-29,-15.38,98.62
2006-03-30,-14.31,98.64
2006-03-31,-9.04,98.65
2006-04-01,-8.54,98.4
2006-04-02,-6.75,98.81
2006-04-03,-7.8,98.41
2006-04-04,-16.48,98.16
2006-04-05,-15.5,96.64
2006-04-06,-8.56,97.93
2006-04-07,-6.7,98.3
2006-04-08,-7.46,98.79
2006-04-09,-5.66,98.48
2006-04-10,-5.03,98.87
2006-04-11,-6.29,98.78
2006-04-12,-16.93,97.94
2006-04-13,-15.41,96.68
2006-04-14,-13.65,96.8
2006-04-15,-8.79,95.83
2006-04-16,-8.08,96.92
2006-04-17,-3.18,97.94
2006-04-18,-2.18,98.65
2006-04-19,-0.73,99.04
2006-04-20,0.04,98.9
2006-04-21,-0.1,98.66
2006-04-22,-1.04,99.28
2006-04-23,-1.21,99.28
2006-04-24,-6.27,98.15
2006-04-25,-2.37,95.38
2006-04-26,-2.76,96.96
2006-04-27,-5.35,95.89
2006-04-28,-0.78,94.19
2006-04-29,-0.48,91.46
2006-04-30,0.09,86.47
2006-05-01,2.97,85.24
2006-05-02,3.12,78.23
2006-05-03,5,76.48
2006-05-04,5.51,76.44
2006-05-05,5.18,73.17
2006-05-06,3.31,84.16
2006-05-07,5.48,82.73
2006-05-08,3.38,90.1
2006-05-09,2.43,72.43
2006-05-10,4.32,72.92
2006-05-11,4.97,74.23
2006-05-12,6.3,78.67
2006-05-13,0.28,72.76
2006-05-14,-0.66,65.2
2006-05-15,0.84,70
2006-05-16,5.55,72.77
2006-05-17,5.29,62.97
2006-05-18,6.61,74.31
2006-05-19,5.82,77.99
2006-05-20,5.39,64.4
2006-05-21,8.47,59.44
2006-05-22,11.96,72.09
2006-05-23,6.93,82.45
2006-05-24,6.69,75.45
2006-05-25,7.46,90.26
2006-05-26,8.22,79.76
2006-05-27,9.07,76.25
2006-05-28,11.39,73.63
2006-05-29,13.56,74.44
2006-05-30,11.17,80.02
2006-05-31,12.41,80.22
2006-06-01,15.7,78.24
2006-06-02,18.12,75.76
2006-06-03,18.36,86.05
2006-06-04,15.45,80.82
2006-06-05,13.88,80.11
2006-06-06,13.33,83.02
2006-06-07,9.85,87.96
2006-06-08,15.62,81.59
2006-06-09,15.54,73.86
2006-06-10,12.29,76.83
2006-06-11,12.16,74.69
2006-06-12,11.13,67.93
2006-06-13,13.15,71.3
2006-06-14,15.36,72.16
2006-06-15,17.16,74.36
2006-06-16,18.1,81.38
2006-06-17,17.73,79.45
2006-06-18,20.06,73.48
2006-06-19,21.14,72
2006-06-20,19.64,75.77
2006-06-21,15.57,71.07
2006-06-22,19.96,67.53
2006-06-23,17.96,88.75
2006-06-24,14.05,68.34
2006-06-25,11.6,65.63
2006-06-26,10.63,70.97
2006-06-27,15.38,85.43
2006-06-28,21.04,81.29
2006-06-29,13.78,74.15
2006-06-30,12.17,62.78
2006-07-01,14.41,62.51
2006-07-02,14.63,77.66
2006-07-03,14.42,88.58
2006-07-04,15.07,84.34
2006-07-05,14.27,85.56
2006-07-06,13.33,81.41
2006-07-07,13.3,85.72
2006-07-08,15.35,75.36
2006-07-09,13.27,85.27
2006-07-10,14.16,81.78
2006-07-11,19.23,74.06
2006-07-12,18.6,82.98
2006-07-13,17.15,84.94
2006-07-14,20.46,74.25
2006-07-15,18.55,74.56
2006-07-16,17.53,69.76
2006-07-17,19.05,56.84
2006-07-18,19.89,64.17
2006-07-19,11.36,66.19
2006-07-20,11.9,65.01
2006-07-21,12.7,67.96
2006-07-22,16.14,64.82
2006-07-23,22.44,68.61
2006-07-24,21.9,70.65
2006-07-25,21.11,76.12
2006-07-26,22.88,62.75
2006-07-27,24.45,53.25
2006-07-28,23.94,59.7
2006-07-29,23.73,59.52
2006-07-30,23.69,60.12
2006-07-31,24.74,56.88
2006-08-01,23.98,57.44
2006-08-02,23.95,56.89
2006-08-03,18.75,83.09
2006-08-04,22.87,54.32
2006-08-05,21.45,71.75
2006-08-06,17.28,77.32
2006-08-07,19.74,55.53
2006-08-08,20.87,79.8
2006-08-09,21.09,75.51
2006-08-10,14.94,89.35
2006-08-11,12.71,79.82
2006-08-12,17.91,60.7
2006-08-13,17.1,76.74
2006-08-14,13.48,95.42
2006-08-15,14.87,82.15
2006-08-16,13.99,96.22
2006-08-17,14.7,94.25
2006-08-18,16.68,74.64
2006-08-19,16.85,69.54
2006-08-20,15.31,80.37
2006-08-21,9.59,96.5
2006-08-22,5.72,96.11
2006-08-23,6.15,94.99
2006-08-24,9.47,82.5
2006-08-25,10.7,81.86
2006-08-26,11.78,83.24
2006-08-27,12.29,83.5
2006-08-28,11.97,87.93
2006-08-29,10.03,95.28
2006-08-30,9.14,77.84
2006-08-31,7.28,82.93
2006-09-01,5.11,97.19
2006-09-02,5.66,92.11
2006-09-03,8.9,93.15
2006-09-04,9.22,98.12
2006-09-05,9.57,95.81
2006-09-06,9.73,87.57
2006-09-07,10.47,87.68
2006-09-08,8.67,87.76
2006-09-09,3.53,92.46
2006-09-10,0.4,58.04
2006-09-11,-0.02,71.25
2006-09-12,1.5,85.32
2006-09-13,7.34,95.95
2006-09-14,10.32,98.94
2006-09-15,9.93,93.46
2006-09-16,11.26,93.78
2006-09-17,9.47,97.1
2006-09-18,7.19,88.09
2006-09-19,5.89,86.65
2006-09-20,6.56,88.2
2006-09-21,7.3,85.75
2006-09-22,3.48,92.5
2006-09-23,6.3,89.28
2006-09-24,7.65,88.27
2006-09-25,6.97,96.24
2006-09-26,4.23,97.95
2006-09-27,5.33,92.34
2006-09-28,2.09,84.44
2006-09-29,0.95,75.3
2006-09-30,3.02,80.74
2006-10-01,0.91,82.46
2006-10-02,1.92,82.97
2006-10-03,-2.05,84.11
2006-10-04,-2.44,81.05
2006-10-05,-1.38,81.53
2006-10-06,-3.06,83.87
2006-10-07,-3.67,83.56
2006-10-08,-4.42,91.88
2006-10-09,-5.69,85.86
2006-10-10,-7.92,78.93
2006-10-11,-5.53,86.93
2006-10-12,-5.73,89.83
2006-10-13,-4.14,89.67
2006-10-14,-6.54,87.02
2006-10-15,-7.49,93.31
2006-10-16,-8.04,92.33
2006-10-17,-7.6,96.48
2006-10-18,-7.71,92.9
2006-10-19,-10.81,92.02
2006-10-20,-12.5,89.03
2006-10-21,-14.84,94.23
2006-10-22,-13.2,93.76
2006-10-23,-8.53,97
2006-10-24,-9.99,91.66
2006-10-25,-10.57,92.64
2006-10-26,-8.79,97.02
2006-10-27,-14.11,89.93
2006-10-28,-17.93,80.68
2006-10-29,-16.25,94.8
2006-10-30,-16.55,90.83
2006-10-31,-22.04,87.86
2006-11-01,-19.17,95.39
2006-11-02,-21.4,90.99
2006-11-03,-22.99,95
2006-11-04,-21.69,92.34
2006-11-05,-19.18,92.2
2006-11-06,-19.78,97.85
2006-11-07,-20.05,99.12
2006-11-08,-15.2,99.59
2006-11-09,-14.89,99.96
2006-11-10,-17.36,99.77
2006-11-11,-26,99.81
2006-11-12,-27.25,92.47
2006-11-13,-27.68,99.62
2006-11-14,-20.44,98.53
2006-11-15,-21.48,98.07
2006-11-16,-21.32,98.07
2006-11-17,-22.3,98.82
2006-11-18,-25.12,98.8
2006-11-19,-24.57,98.48
2006-11-20,-27.22,98.76
2006-11-21,-29.36,98.9
2006-11-22,-31.53,99.21
2006-11-23,-32.03,98.51
2006-11-24,-37.89,99.11
2006-11-25,-37.32,99.05
2006-11-26,-34.81,98.36
2006-11-27,-34.64,97.96
2006-11-28,-35.24,96.91
2006-11-29,-35.68,97.87
2006-11-30,-34.51,98.2
2006-12-01,-32.5,99.23
2006-12-02,-31.39,99.84
2006-12-03,-34.01,99.4
2006-12-04,-34.72,98.41
2006-12-05,-37.26,98.67
2006-12-06,-37.97,97.05
2006-12-07,-33.6,98.41
2006-12-08,-32.51,98.68
2006-12-09,-32.25,98.8
2006-12-10,-39.38,98.81
2006-12-11,-31.24,98.66
2006-12-12,-34.06,97.39
2006-12-13,-39.82,98.49
2006-12-14,-41.12,96.34
2006-12-15,-37.69,97.88
2006-12-16,-43.12,96.16
2006-12-17,-42.11,97.12
2006-12-18,-44,95.82
2006-12-19,-35.6,98.86
2006-12-20,-27.42,99.41
2006-12-21,-17.54,99.97
2006-12-22,-22.42,99.51
2006-12-23,-27.68,99.18
2006-12-24,-32.17,99.09
2006-12-25,-34.78,97.91
2006-12-26,-32.84,97.84
2006-12-27,-29.98,98.24
2006-12-28,-32.59,99.04
2006-12-29,-37.98,97.61
2006-12-30,-44.52,97.85
2006-12-31,-38.59,99.98
2007-01-01,-35.66,100
2007-01-02,-32.33,99.51
2007-01-03,-20.02,97.06
2007-01-04,-18.96,97.17
2007-01-05,-23.61,98.75
2007-01-06,-36.94,98.09
2007-01-07,-46.66,98.23
2007-01-08,-39.66,99.64
2007-01-09,-36.93,98.95
2007-01-10,-36.83,99.62
2007-01-11,-34.48,100
2007-01-12,-31.75,99.48
2007-01-13,-40.64,98.56
2007-01-14,-38,98.94
2007-01-15,-36.92,98.37
2007-01-16,-42.44,98.45
2007-01-17,-39,98.63
2007-01-18,-36.26,99.51
2007-01-19,-31.32,99.46
2007-01-20,-29.15,98.1
2007-01-21,-24.43,99.74
2007-01-22,-21.47,99.86
2007-01-23,-21.89,98.7
2007-01-24,-22.93,99.14
2007-01-25,-23.81,99.12
2007-01-26,-25.14,98.83
2007-01-27,-24.64,99.67
2007-01-28,-27.27,99.13
2007-01-29,-25.45,97.48
2007-01-30,-35.44,96.81
2007-01-31,-34.69,98.37
2007-02-01,-27.24,99.95
2007-02-02,-30.8,98.23
2007-02-03,-37.95,96.29
2007-02-04,-40.54,97.09
2007-02-05,-34.86,98.36
2007-02-06,-34,99.72
2007-02-07,-41.66,99.02
2007-02-08,-39.73,99.16
2007-02-09,-33.38,96.83
2007-02-10,-37.64,98.34
2007-02-11,-36.44,97.12
2007-02-12,-35.86,98.42
2007-02-13,-39.2,97.93
2007-02-14,-38.52,98.64
2007-02-15,-39.58,98.83
2007-02-16,-36.97,98.71
2007-02-17,-40.26,98.13
2007-02-18,-43.71,96.62
2007-02-19,-41.28,99.19
2007-02-20,-41.55,99.78
2007-02-21,-41.63,98.03
2007-02-22,-39.33,97.28
2007-02-23,-38.67,98.08
2007-02-24,-41.28,98.28
2007-02-25,-36.03,98.57
2007-02-26,-31.55,96.48
2007-02-27,-25.02,98.42
2007-02-28,-20.01,97.31
2007-03-01,-30.67,98.18
2007-03-02,-32.52,98.89
2007-03-03,-27.76,99.37
2007-03-04,-28.13,97.31
2007-03-05,-26.87,98.48
2007-03-06,-23.36,98.5
2007-03-07,-22.89,97.78
2007-03-08,-19.18,98.47
2007-03-09,-21.79,95.98
2007-03-10,-20.15,96.5
2007-03-11,-23.3,97.27
2007-03-12,-22.68,93.09
2007-03-13,-19.78,96.71
2007-03-14,-22.22,97.55
2007-03-15,-23.28,97.61
2007-03-16,-23.48,97.95
2007-03-17,-24.02,98.18
2007-03-18,-19.87,98.61
2007-03-19,-15.9,98.84
2007-03-20,-11.73,98.59
2007-03-21,-11.66,98.7
2007-03-22,-8.95,98.28
2007-03-23,-13.34,97.65
2007-03-24,-15.92,96.83
2007-03-25,-14.45,98.69
2007-03-26,-14.39,98.12
2007-03-27,-13.67,97.97
2007-03-28,-15.46,96.84
2007-03-29,-13.71,97.12
2007-03-30,-10.83,95.88
2007-03-31,-12.7,98.25
2007-04-01,-8.64,97.88
2007-04-02,-9.07,98.36
2007-04-03,-7.85,97.33
2007-04-04,-7.67,97.79
2007-04-05,-3.71,97.2
2007-04-06,-4.01,97.76
2007-04-07,-4.76,97
2007-04-08,-4.13,98.38
2007-04-09,-2.2,95.38
2007-04-10,-4.37,98.34
2007-04-11,-3.73,97.4
2007-04-12,-1.68,92.03
2007-04-13,-3.74,98.88
2007-04-14,-2.62,98.8
2007-04-15,-3.76,97.69
2007-04-16,-1.57,92.25
2007-04-17,1.19,78.66
2007-04-18,3.49,78.47
2007-04-19,2.71,84.2
2007-04-20,1.78,73.03
2007-04-21,-3.48,66.76
2007-04-22,-3.06,88.31
2007-04-23,-4,87.48
2007-04-24,-6.73,85.73
2007-04-25,-7.45,87.35
2007-04-26,-6.04,79.17
2007-04-27,-2,87.05
2007-04-28,-1.2,89.65
2007-04-29,-3.01,82.64
2007-04-30,-1.01,76.75
2007-05-01,1.24,75.33
2007-05-02,2.83,80.58
2007-05-03,1.69,72.68
2007-05-04,1.63,64.01
2007-05-05,2.84,73.43
2007-05-06,4.06,81.46
2007-05-07,3.07,71.76
2007-05-08,2.12,74.71
2007-05-09,3.12,66.65
2007-05-10,5.53,62.88
2007-05-11,6.82,68.76
2007-05-12,6.97,74.5
2007-05-13,8.8,77.74
2007-05-14,9.56,75.52
2007-05-15,10.47,64.11
2007-05-16,6.25,65.72
2007-05-17,7.67,66.7
2007-05-18,11.82,81.62
2007-05-19,8.29,81.41
2007-05-20,6.2,82.84
2007-05-21,5.86,74.04
2007-05-22,6.93,74.88
2007-05-23,8.89,85.38
2007-05-24,9.59,91.53
2007-05-25,14.85,82.03
2007-05-26,14.36,81.09
2007-05-27,14.01,72.37
2007-05-28,15.06,70.09
2007-05-29,16.61,82.08
2007-05-30,11.69,82.04
2007-05-31,11.13,77.25
2007-06-01,7.97,74.71
2007-06-02,9.42,76.68
2007-06-03,9.95,82.44
2007-06-04,10.8,86.02
2007-06-05,12.37,74.38
2007-06-06,15.3,84.78
2007-06-07,12.32,86.32
2007-06-08,11.38,73.97
2007-06-09,12.31,75.83
2007-06-10,10.52,66.77
2007-06-11,9.59,68.39
2007-06-12,10.47,70.26
2007-06-13,12.33,63.42
2007-06-14,13,71.57
2007-06-15,17.21,55.45
2007-06-16,17.07,69.99
2007-06-17,18.43,75.86
2007-06-18,17.21,78.92
2007-06-19,15.02,69.21
2007-06-20,15.87,75.29
2007-06-21,18.96,72.49
2007-06-22,20.56,67.59
2007-06-23,19.06,82.23
2007-06-24,14.46,87.1
2007-06-25,15.94,75.44
2007-06-26,16.27,91.12
2007-06-27,20.89,79.52
2007-06-28,22.23,79.71
2007-06-29,24.96,65.7
2007-06-30,23.96,77.4
2007-07-01,19.67,75.27
2007-07-02,14.86,68.49
2007-07-03,10.55,65.32
2007-07-04,12.09,70.28
2007-07-05,13.26,68.82
2007-07-06,17.67,71.19
2007-07-07,18.63,69.99
2007-07-08,18.97,89.27
2007-07-09,16.44,85.48
2007-07-10,18.04,82.76
2007-07-11,13.08,78.27
2007-07-12,16.22,72.02
2007-07-13,11.44,80.63
2007-07-14,11.19,79.81
2007-07-15,15.13,73.72
2007-07-16,15.29,77.75
2007-07-17,9.97,95.3
2007-07-18,12.84,92.02
2007-07-19,10.89,89.62
2007-07-20,12.82,83.81
2007-07-21,11.53,94.41
2007-07-22,14.57,88.68
2007-07-23,17.12,81.4
2007-07-24,17.3,82.09
2007-07-25,18.6,77.32
2007-07-26,19.63,73.15
2007-07-27,20.16,79.11
2007-07-28,20.74,78.15
2007-07-29,16.53,85.12
2007-07-30,12.97,89.54
2007-07-31,19.64,82.32
2007-08-01,18.65,80.48
2007-08-02,22.83,75.63
2007-08-03,19,72.6
2007-08-04,14.8,76.38
2007-08-05,15.88,71.36
2007-08-06,19.13,69.32
2007-08-07,20.13,84.96
2007-08-08,22.15,81.7
2007-08-09,19.56,82.04
2007-08-10,16.39,83.71
2007-08-11,16.75,79.37
2007-08-12,18.53,54.65
2007-08-13,19.65,61.55
2007-08-14,20.84,75.4
2007-08-15,20.02,71.19
2007-08-16,19.64,69.58
2007-08-17,18.59,58.97
2007-08-18,18.13,74.04
2007-08-19,14.32,66.96
2007-08-20,13.54,79.49
2007-08-21,14.58,84.1
2007-08-22,15.29,70.06
2007-08-23,10.74,86.8
2007-08-24,10.55,66.16
2007-08-25,13.38,54.66
2007-08-26,13.35,68.22
2007-08-27,8.78,80.73
2007-08-28,8.72,89.07
2007-08-29,8.5,81.68
2007-08-30,12.06,78.68
2007-08-31,9.41,96.81
2007-09-01,9.19,97.27
2007-09-02,11.77,83
2007-09-03,14.15,80.14
2007-09-04,7.65,68.8
2007-09-05,4.23,64.43
2007-09-06,9.99,69.61
2007-09-07,7.68,69.17
2007-09-08,7.56,62.92
2007-09-09,6.71,73.74
2007-09-10,8.58,90.24
2007-09-11,11.79,81.98
2007-09-12,7.33,80.78
2007-09-13,5.05,76.57
2007-09-14,4.56,79.09
2007-09-15,4.67,75.84
2007-09-16,7.41,73.15
2007-09-17,7.51,86.47
2007-09-18,6.44,94.54
2007-09-19,3.17,80.3
2007-09-20,2.75,87.2
2007-09-21,2.29,91.26
2007-09-22,1.95,88.73
2007-09-23,4.62,91.01
2007-09-24,5.27,85.02
2007-09-25,3.41,83.2
2007-09-26,3.04,83.81
2007-09-27,4.92,74.39
2007-09-28,4.6,82.57
2007-09-29,3.98,89.64
2007-09-30,1.4,95.95
2007-10-01,-1.07,89.86
2007-10-02,-0.1,79.88
2007-10-03,-0.99,89.55
2007-10-04,-2.56,88.63
2007-10-05,-1.15,84.33
2007-10-06,-1.58,91.06
2007-10-07,0.23,95.93
2007-10-08,-2.71,95.29
2007-10-09,-5.79,88.77
2007-10-10,-6.21,87.08
2007-10-11,-8.36,87.52
2007-10-12,-11.65,87.27
2007-10-13,-10.87,89.06
2007-10-14,-4.1,93.88
2007-10-15,-1.54,96.27
2007-10-16,-1.9,96.43
2007-10-17,-4.11,88.29
2007-10-18,-7.14,89.73
2007-10-19,-9.56,91.25
2007-10-20,-7.84,96.23
2007-10-21,-6.68,94.46
2007-10-22,-9.39,94.2
2007-10-23,-9.41,96.77
2007-10-24,-9.17,95.89
2007-10-25,-12.56,90.34
2007-10-26,-11.57,92.23
2007-10-27,-7.47,98.44
2007-10-28,-6.45,99.05
2007-10-29,-5.55,98.36
2007-10-30,-8.18,98.5
2007-10-31,-12.16,96.23
2007-11-01,-14.26,98.05
2007-11-02,-17.37,95.13
2007-11-03,-22.44,93.26
2007-11-04,-23.34,95.12
2007-11-05,-23.2,95.47
2007-11-06,-22.33,95.22
2007-11-07,-18.53,97.66
2007-11-08,-13.84,97.85
2007-11-09,-7.18,98.61
2007-11-10,-14.99,97.5
2007-11-11,-29.5,99.45
2007-11-12,-29.61,98.51
2007-11-13,-29.89,99.54
2007-11-14,-27.4,99.74
2007-11-15,-25.85,99.49
2007-11-16,-30.09,98.22
2007-11-17,-30.97,98.53
2007-11-18,-34.88,98.98
2007-11-19,-31.71,97.94
2007-11-20,-30.58,98.46
2007-11-21,-35.26,97.68
2007-11-22,-35.59,98.43
2007-11-23,-34.33,97.73
2007-11-24,-30.33,98.88
2007-11-25,-26.34,98.08
2007-11-26,-28.68,99.15
2007-11-27,-31.8,99.41
2007-11-28,-28.68,98.29
2007-11-29,-34.31,98.51
2007-11-30,-33.74,97.59
2007-12-01,-31.1,97.69
2007-12-02,-28.95,98.15
2007-12-03,-32.11,98.46
2007-12-04,-33.01,96.95
2007-12-05,-24.69,98.27
2007-12-06,-20.86,97.85
2007-12-07,-23.32,96.82
2007-12-08,-23.18,98.7
2007-12-09,-25.31,99.97
2007-12-10,-30.14,99.18
2007-12-11,-31.15,99.07
2007-12-12,-29.49,98.66
2007-12-13,-29.15,97.58
2007-12-14,-39.18,98.8
2007-12-15,-30.92,99.45
2007-12-16,-28.87,98.05
2007-12-17,-39.23,99.78
2007-12-18,-39.31,99.08
2007-12-19,-38.27,98.94
2007-12-20,-40.41,96.66
2007-12-21,-38.73,94.9
2007-12-22,-39.69,92.64
2007-12-23,-36.22,98.52
2007-12-24,-36.82,97.88
2007-12-25,-32.55,97.07
2007-12-26,-31.53,98.87
2007-12-27,-29.96,98.42
2007-12-28,-34.42,98.35
2007-12-29,-37.26,98.42
2007-12-30,-37.32,96.33
2007-12-31,-30.87,99.65
2008-01-01,-27.06,99.93
2008-01-02,-28.36,99.36
2008-01-03,-30.27,98.58
2008-01-04,-37.79,98.34
2008-01-05,-38.52,99.02
2008-01-06,-41.75,96.56
2008-01-07,-44.63,98.89
2008-01-08,-47.31,98.67
2008-01-09,-49.84,94.6
2008-01-10,-47.81,94.5
2008-01-11,-41.39,96.53
2008-01-12,-38.35,97.61
2008-01-13,-34.82,97.53
2008-01-14,-36.19,97.06
2008-01-15,-37.21,97.8
2008-01-16,-34.53,96.84
2008-01-17,-38.81,98.22
2008-01-18,-43.99,95.66
2008-01-19,-33.36,98.61
2008-01-20,-28.5,98.92
2008-01-21,-25.26,98.4
2008-01-22,-23.12,98.49
2008-01-23,-35.24,99.95
2008-01-24,-38.75,99.91
2008-01-25,-33.16,99.51
2008-01-26,-31.39,99.23
2008-01-27,-31.38,98.96
2008-01-28,-41.41,96.2
2008-01-29,-43.61,97.58
2008-01-30,-34.49,99.41
2008-01-31,-35.52,98.96
2008-02-01,-29.76,99.15
2008-02-02,-29.27,99.66
2008-02-03,-32.28,99.39
2008-02-04,-26.11,100
2008-02-05,-24.25,100
2008-02-06,-19.27,99.74
2008-02-07,-23.91,97.63
2008-02-08,-32.03,98.11
2008-02-09,-41.98,97.79
2008-02-10,-43,100
2008-02-11,-40.3,97.84
2008-02-12,-32.8,98.47
2008-02-13,-32.77,98.66
2008-02-14,-30,99.18
2008-02-15,-27.56,99.36
2008-02-16,-14.48,98.09
2008-02-17,-16.67,98.4
2008-02-18,-25.79,96.12
2008-02-19,-33.04,98.14
2008-02-20,-36.41,98.97
2008-02-21,-34.04,98.68
2008-02-22,-28.92,98.1
2008-02-23,-26.44,97.63
2008-02-24,-25.73,98.65
2008-02-25,-25.54,97.97
2008-02-26,-31.62,99.09
2008-02-27,-29.96,99
2008-02-28,-28.85,98.61
2008-02-29,-25.92,97.91
2008-03-01,-21.32,99.54
2008-03-02,-18.23,99.72
2008-03-03,-14.58,99.42
2008-03-04,-13.54,99.47
2008-03-05,-9.58,98.36
2008-03-06,-8.43,98.49
2008-03-07,-20.23,97.35
2008-03-08,-21.23,99.27
2008-03-09,-20.26,97.85
2008-03-10,-18.44,96.72
2008-03-11,-13.99,99.38
2008-03-12,-16.71,96.77
2008-03-13,-23.68,97.45
2008-03-14,-22.11,98.58
2008-03-15,-13.55,97.8
2008-03-16,-11.24,98.15
2008-03-17,-6.1,97.09
2008-03-18,-10.39,97.57
2008-03-19,-18.18,94.97
2008-03-20,-16.24,96.5
2008-03-21,-12.33,97.94
2008-03-22,-16.11,98.22
2008-03-23,-16.33,98.89
2008-03-24,-13.04,98.98
2008-03-25,-8.58,98.59
2008-03-26,-7.16,98.61
2008-03-27,-5.84,97.11
2008-03-28,-7.65,96.72
2008-03-29,-9.18,97.53
2008-03-30,-3.61,96.85
2008-03-31,-4.62,96.5
2008-04-01,-4.23,96.19
2008-04-02,-6.77,96.49
2008-04-03,-4.08,97.53
2008-04-04,-2.63,97.45
2008-04-05,-11.8,95.68
2008-04-06,-13.32,95.01
2008-04-07,-9.32,96.38
2008-04-08,-15.52,95.97
2008-04-09,-13.97,96.08
2008-04-10,-9.61,98.31
2008-04-11,-8.85,97.03
2008-04-12,-4.59,98.09
2008-04-13,-10.68,97.42
2008-04-14,-16.62,94.52
2008-04-15,-12.95,97.2
2008-04-16,-10.18,96.42
2008-04-17,-9.09,97.84
2008-04-18,-9.8,98.08
2008-04-19,-5.09,97.13
2008-04-20,-5.32,98.21
2008-04-21,-9.56,97.68
2008-04-22,-8.92,97.87
2008-04-23,-6.32,96.53
2008-04-24,-4.83,98.4
2008-04-25,-5.4,98.39
2008-04-26,-7.49,98.02
2008-04-27,-4.69,96.06
2008-04-28,-1.53,97.4
2008-04-29,-1.08,98.9
2008-04-30,-2.45,96.15
2008-05-01,-0.54,97.9
2008-05-02,-1.9,94.37
2008-05-03,-1.04,90.82
2008-05-04,0.75,82.41
2008-05-05,1.8,84.93
2008-05-06,1.11,85.61
2008-05-07,1.5,89.62
2008-05-08,6.53,70.46
2008-05-09,7.56,73.72
2008-05-10,8,69.47
2008-05-11,9.24,64.29
2008-05-12,9.42,69.46
2008-05-13,10.75,67.69
2008-05-14,11.4,81.07
2008-05-15,5.93,87.03
2008-05-16,8.51,70.17
2008-05-17,7.43,74.32
2008-05-18,1.49,72.48
2008-05-19,2.33,67.9
2008-05-20,3.99,62.21
2008-05-21,7.98,60.13
2008-05-22,11.49,65.4
2008-05-23,12.43,66.11
2008-05-24,11.62,70.07
2008-05-25,12.59,70
2008-05-26,13.69,66.41
2008-05-27,14.51,68.51
2008-05-28,15.19,73.93
2008-05-29,17.65,68.66
2008-05-30,18.11,69.3
2008-05-31,19.11,64.65
2008-06-01,17.94,68.76
2008-06-02,18.48,66.31
2008-06-03,20.57,66.37
2008-06-04,13.51,68.29
2008-06-05,10.68,67.65
2008-06-06,14.83,63.91
2008-06-07,12.72,73.41
2008-06-08,7.34,76.66
2008-06-09,9.11,57.2
2008-06-10,14.5,57.58
2008-06-11,12.73,72.65
2008-06-12,15.23,62
2008-06-13,22.67,70.13
2008-06-14,20.12,62.44
2008-06-15,16.56,68.17
2008-06-16,18.44,74.31
2008-06-17,14.33,78.51
2008-06-18,17.61,65.35
2008-06-19,19.84,69.5
2008-06-20,22.31,66.43
2008-06-21,25.43,60.87
2008-06-22,22.96,67.77
2008-06-23,24.02,69.9
2008-06-24,24.27,61.7
2008-06-25,21.37,64.28
2008-06-26,23.53,57.67
2008-06-27,24.78,54.14
2008-06-28,28.05,48.17
2008-06-29,24.4,63.78
2008-06-30,24.33,57.58
2008-07-01,14.55,41.31
2008-07-02,16.46,66.71
2008-07-03,14.45,67.98
2008-07-04,13.54,61.36
2008-07-05,13.01,74.79
2008-07-06,18.16,56.84
2008-07-07,20.18,44.53
2008-07-08,22.36,48.27
2008-07-09,24.76,44.11
2008-07-10,25.78,44.82
2008-07-11,26.04,56.61
2008-07-12,18.99,70.95
2008-07-13,23.97,53.67
2008-07-14,26.57,53.58
2008-07-15,24.48,55.56
2008-07-16,26.67,51.01
2008-07-17,26.13,45.24
2008-07-18,25.3,56.66
2008-07-19,26.67,50.84
2008-07-20,23.88,61.15
2008-07-21,22.27,69.19
2008-07-22,16.44,72.64
2008-07-23,20.07,49.07
2008-07-24,22.58,48.37
2008-07-25,23.35,58.63
2008-07-26,22.54,77.66
2008-07-27,23.93,72.58
2008-07-28,15.83,88.82
2008-07-29,9.95,91.28
2008-07-30,9.74,76.48
2008-07-31,14.63,52.35
2008-08-01,14.28,53.08
2008-08-02,15.15,49.1
2008-08-03,18.77,65.57
2008-08-04,16.03,84.73
2008-08-05,16.45,82.86
2008-08-06,16.98,68.91
2008-08-07,18.62,57.96
2008-08-08,20.07,57.42
2008-08-09,17,87.75
2008-08-10,15.74,90.42
2008-08-11,14.01,87.57
2008-08-12,17.42,75.43
2008-08-13,17.42,84.66
2008-08-14,19.43,67.63
2008-08-15,19.9,59.97
2008-08-16,19.54,66.53
2008-08-17,20.3,63.31
2008-08-18,20.48,63.03
2008-08-19,21.02,63.25
2008-08-20,19.58,65.05
2008-08-21,20.08,72.09
2008-08-22,17.98,80.72
2008-08-23,20.63,65.5
2008-08-24,22.04,59.9
2008-08-25,18.06,54.3
2008-08-26,15.23,60.61
2008-08-27,15.1,81.73
2008-08-28,13.29,72.28
2008-08-29,9.63,97.23
2008-08-30,12.14,79.59
2008-08-31,12.69,86.64
2008-09-01,12.15,94.29
2008-09-02,12.23,89.61
2008-09-03,11.34,94.08
2008-09-04,8.04,95.97
2008-09-05,9.21,87.6
2008-09-06,9.56,96.15
2008-09-07,5.27,95.01
2008-09-08,2.23,93.62
2008-09-09,2.7,69.22
2008-09-10,4.45,75.72
2008-09-11,7.03,75.88
2008-09-12,9.66,84.14
2008-09-13,6.21,89.11
2008-09-14,2.81,77.58
2008-09-15,1.64,74.77
2008-09-16,0.88,77.16
2008-09-17,1.88,76.39
2008-09-18,1.82,77.58
2008-09-19,3.57,72.96
2008-09-20,2.95,83.25
2008-09-21,3.75,90.12
2008-09-22,-0.12,86.72
2008-09-23,-0.62,75.2
2008-09-24,2.09,68.19
2008-09-25,2.08,74.68
2008-09-26,2.4,76.77
2008-09-27,0.64,76.92
2008-09-28,0.75,82.33
2008-09-29,2.62,80.84
2008-09-30,3.91,74.71
2008-10-01,2.46,78.3
2008-10-02,3.62,78.98
2008-10-03,0.85,81.89
2008-10-04,-0.98,82.47
2008-10-05,-0.1,80.88
2008-10-06,-0.21,86.33
2008-10-07,-1.06,88.64
2008-10-08,-1.02,80.61
2008-10-09,-1.51,90.63
2008-10-10,-1.01,94.95
2008-10-11,-4.16,85.13
2008-10-12,-6.44,80.81
2008-10-13,-9.05,82.71
2008-10-14,-5.29,85.38
2008-10-15,-2.08,90.3
2008-10-16,-2.4,81.11
2008-10-17,-3.42,88.82
2008-10-18,-3.11,96.02
2008-10-19,-5.47,92.93
2008-10-20,-5.52,93.55
2008-10-21,-7.96,90.87
2008-10-22,-13.45,87.64
2008-10-23,-11.69,93.42
2008-10-24,-13.41,94.7
2008-10-25,-12.14,94.91
2008-10-26,-8.01,94.85
2008-10-27,-9.52,95.22
2008-10-28,-7.78,95.58
2008-10-29,-6.61,95.93
2008-10-30,-7.51,97.72
2008-10-31,-6.39,97.66
2008-11-01,-10.09,96.08
2008-11-02,-15.93,90.36
2008-11-03,-20.21,87.19
2008-11-04,-19.22,83.96
2008-11-05,-24.39,90.2
2008-11-06,-25.47,93.84
2008-11-07,-23.79,96.39
2008-11-08,-21.14,96.7
2008-11-09,-12.36,98.57
2008-11-10,-13.08,98.67
2008-11-11,-16.04,98.06
2008-11-12,-27.33,99
2008-11-13,-31.48,97.07
2008-11-14,-29.46,97.63
2008-11-15,-34.04,97.58
2008-11-16,-34.03,97.71
2008-11-17,-32.1,97.83
2008-11-18,-32.99,99.06
2008-11-19,-33.95,99.59
2008-11-20,-31.87,98.29
2008-11-21,-33.83,98.65
2008-11-22,-32.39,97.21
2008-11-23,-31.33,95.92
2008-11-24,-34.86,99.55
2008-11-25,-31.73,98.06
2008-11-26,-34.9,98.38
2008-11-27,-35.3,98.58
2008-11-28,-37.24,98.09
2008-11-29,-42.27,97.28
2008-11-30,-31.24,99.27
2008-12-01,-29.02,96.67
2008-12-02,-31.18,98.62
2008-12-03,-43.41,98.39
2008-12-04,-46.61,97.48
2008-12-05,-48.07,95.36
2008-12-06,-44.78,98.33
2008-12-07,-46.42,97.74
2008-12-08,-44.98,96.37
2008-12-09,-47.43,95.58
2008-12-10,-51.85,95.05
2008-12-11,-46.01,98.25
2008-12-12,-42.87,99.32
2008-12-13,-50.6,93.36
2008-12-14,-53.73,90.1
2008-12-15,-51.51,90.61
2008-12-16,-47.5,95.14
2008-12-17,-50.62,87.58
2008-12-18,-52.52,89.56
2008-12-19,-46.45,94.84
2008-12-20,-43.15,97.57
2008-12-21,-47.42,96.1
2008-12-22,-56.06,87.38
2008-12-23,-46.84,95.51
2008-12-24,-40.2,96.12
2008-12-25,-39.55,94.99
2008-12-26,-39.78,97.81
2008-12-27,-39.6,97.64
2008-12-28,-29.27,99.24
2008-12-29,-24.87,97.66
2008-12-30,-26.86,99.15
2008-12-31,-28.18,98.45
2009-01-01,-31.98,99.01
2009-01-02,-27.38,100
2009-01-03,-27.9,99.32
2009-01-04,-35.93,99.07
2009-01-05,-38.56,99.24
2009-01-06,-38.45,98.23
2009-01-07,-40.13,96.47
2009-01-08,-39.14,96.69
2009-01-09,-41.59,97.22
2009-01-10,-36.14,98.87
2009-01-11,-34.54,99.02
2009-01-12,-38.21,99.09
2009-01-13,-31.22,99.51
2009-01-14,-35.58,98.78
2009-01-15,-33.51,97.95
2009-01-16,-30.44,98.17
2009-01-17,-29.34,99.06
2009-01-18,-32.28,99.57
2009-01-19,-31.51,98.12
2009-01-20,-33.82,98.03
2009-01-21,-35.5,96.68
2009-01-22,-35.44,95.68
2009-01-23,-41.12,98.56
2009-01-24,-33.07,97.6
2009-01-25,-27.22,98.14
2009-01-26,-36.09,99.29
2009-01-27,-36.98,95.92
2009-01-28,-31.81,97.7
2009-01-29,-36.24,98.48
2009-01-30,-42.66,98.6
2009-01-31,-43.12,99.05
2009-02-01,-42.25,99.01
2009-02-02,-41.22,99.06
2009-02-03,-39.78,97.3
2009-02-04,-43.45,96.09
2009-02-05,-45.89,96.85
2009-02-06,-46.51,97
2009-02-07,-44.07,95.11
2009-02-08,-43.74,99.22
2009-02-09,-43.09,97.58
2009-02-10,-42.22,93.61
2009-02-11,-34.48,94.71
2009-02-12,-33.51,95.76
2009-02-13,-34.11,98.03
2009-02-14,-36.41,97.44
2009-02-15,-39.26,96.56
2009-02-16,-42.42,98.17
2009-02-17,-36.1,97.3
2009-02-18,-40.35,96.09
2009-02-19,-42.11,98.94
2009-02-20,-41.6,98.58
2009-02-21,-38.93,98.01
2009-02-22,-38.92,98.85
2009-02-23,-34.98,98.1
2009-02-24,-36.36,97.83
2009-02-25,-37.16,98.74
2009-02-26,-38.67,98.21
2009-02-27,-34.56,97.34
2009-02-28,-31.72,97.96
2009-03-01,-27.35,98.67
2009-03-02,-26.77,98.65
2009-03-03,-24.22,98.59
2009-03-04,-28.97,98.4
2009-03-05,-28.29,98.75
2009-03-06,-26.03,98.78
2009-03-07,-24.56,97.81
2009-03-08,-19.74,98.78
2009-03-09,-23.57,97.66
2009-03-10,-26.09,98.93
2009-03-11,-23.41,98.95
2009-03-12,-24.93,96.31
2009-03-13,-20.5,98.23
2009-03-14,-17.47,98.4
2009-03-15,-17.14,97.87
2009-03-16,-22.65,97.07
2009-03-17,-21.82,96.07
2009-03-18,-24.49,95.32
2009-03-19,-24.92,94.47
2009-03-20,-21.15,92.73
2009-03-21,-17.96,95.62
2009-03-22,-20.48,94.81
2009-03-23,-21,96.58
2009-03-24,-14.5,98.8
2009-03-25,-9.47,99.79
2009-03-26,-11.01,98.91
2009-03-27,-9.08,95.49
2009-03-28,-7.07,97.91
2009-03-29,-11.2,98.33
2009-03-30,-10.01,98.81
2009-03-31,-4.47,97.45
2009-04-01,-8.7,97.46
2009-04-02,-12.92,97.27
2009-04-03,-8.26,97.94
2009-04-04,-14.32,97.39
2009-04-05,-15.53,97.79
2009-04-06,-12.73,97.63
2009-04-07,-10.73,96.25
2009-04-08,-6.97,97.91
2009-04-09,-7.85,97.86
2009-04-10,-8.26,96.83
2009-04-11,-8.93,97.19
2009-04-12,-14.97,96.64
2009-04-13,-12.4,94.56
2009-04-14,-17.22,96.73
2009-04-15,-14.1,92.82
2009-04-16,-12.09,96.81
2009-04-17,-3.58,97.66
2009-04-18,-4.03,98.46
2009-04-19,-3.52,95.97
2009-04-20,-2.59,96.9
2009-04-21,-2.76,95.11
2009-04-22,-3.25,98.02
2009-04-23,0.45,85.83
2009-04-24,4.09,74.6
2009-04-25,3.74,74.91
2009-04-26,5.46,68.96
2009-04-27,7.45,70.11
2009-04-28,4.43,72.61
2009-04-29,4.38,72.85
2009-04-30,2.17,71.96
2009-05-01,1.73,67.69
2009-05-02,3.18,61.85
2009-05-03,3.9,67.11
2009-05-04,4.6,70.28
2009-05-05,5.66,71.59
2009-05-06,3.3,65.9
2009-05-07,3.66,73.8
2009-05-08,2.58,66.92
2009-05-09,2.04,74.41
2009-05-10,2.95,62.18
2009-05-11,5.19,59.5
2009-05-12,1.52,94.04
2009-05-13,2.47,94.25
2009-05-14,7.85,82.32
2009-05-15,5.16,75.73
2009-05-16,5.22,65.16
2009-05-17,5.1,75.3
2009-05-18,5.5,70.42
2009-05-19,8.54,67.55
2009-05-20,5.73,85.1
2009-05-21,4.07,80.69
2009-05-22,2.07,75.96
2009-05-23,4.93,69.06
2009-05-24,7.88,68.21
2009-05-25,9.33,85.84
2009-05-26,7.1,78.78
2009-05-27,9.54,74.81
2009-05-28,10.36,93.55
2009-05-29,12.19,74.8
2009-05-30,12.98,77.66
2009-05-31,11.55,77.91
2009-06-01,14.72,62.8
2009-06-02,16.63,59.71
2009-06-03,19.21,55.54
2009-06-04,18.34,71.45
2009-06-05,18.35,66.59
2009-06-06,20.94,66.25
2009-06-07,21.78,72.57
2009-06-08,17.52,73.63
2009-06-09,8.61,65.24
2009-06-10,9.88,62.48
2009-06-11,14.72,51.91
2009-06-12,18.05,64.06
2009-06-13,20.41,57.26
2009-06-14,24.22,42.26
2009-06-15,23.13,55.12
2009-06-16,23.29,53.89
2009-06-17,23.28,56.15
2009-06-18,22.89,51.65
2009-06-19,19.78,70.13
2009-06-20,18.48,69.94
2009-06-21,14.98,80.85
2009-06-22,14.03,84.18
2009-06-23,15.73,85.16
2009-06-24,16.27,83.93
2009-06-25,17.19,71.9
2009-06-26,18.23,70.95
2009-06-27,18.98,64.5
2009-06-28,22.28,58.32
2009-06-29,24.26,51.97
2009-06-30,26.52,42.15
2009-07-01,25.45,44.87
2009-07-02,17.3,71.22
2009-07-03,18.26,65.13
2009-07-04,19.25,63.59
2009-07-05,17.7,55.19
2009-07-06,19.61,57.75
2009-07-07,20.37,55.42
2009-07-08,20.98,54.44
2009-07-09,16.84,59.67
2009-07-10,13.85,80.15
2009-07-11,13.66,85.62
2009-07-12,17.22,72.3
2009-07-13,21.24,46.02
2009-07-14,24.2,47.32
2009-07-15,23.64,48.06
2009-07-16,20.78,48.96
2009-07-17,21.04,49.13
2009-07-18,21.96,50.66
2009-07-19,20.27,55.66
2009-07-20,21.11,50.44
2009-07-21,23.23,47.96
2009-07-22,25.22,42.13
2009-07-23,21.89,70.14
2009-07-24,18.9,67.92
2009-07-25,20.08,62.64
2009-07-26,21.62,56.26
2009-07-27,23.83,49.29
2009-07-28,21.96,61.42
2009-07-29,23.45,59.36
2009-07-30,24.01,56.76
2009-07-31,17.08,73.69
2009-08-01,17.57,55.02
2009-08-02,18.26,59.07
2009-08-03,12.61,95.13
2009-08-04,16.1,57.72
2009-08-05,17.66,61.37
2009-08-06,16.86,57.73
2009-08-07,21.24,61.92
2009-08-08,19.19,71.45
2009-08-09,14.91,61.22
2009-08-10,14.25,60.23
2009-08-11,14.28,89.61
2009-08-12,14.2,93.42
2009-08-13,13.82,82.15
2009-08-14,16.57,65.57
2009-08-15,17.73,64.48
2009-08-16,15.3,57.25
2009-08-17,14.67,59.73
2009-08-18,13.54,69
2009-08-19,14.88,57.78
2009-08-20,16.07,55.65
2009-08-21,17.77,52.92
2009-08-22,18.82,54.97
2009-08-23,17.15,59.6
2009-08-24,11.83,61.32
2009-08-25,8.52,65.46
2009-08-26,8.26,60.03
2009-08-27,6.43,76.74
2009-08-28,7.77,63.41
2009-08-29,8.61,61.17
2009-08-30,14.43,65.62
2009-08-31,16.26,59
2009-09-01,17.61,62.65
2009-09-02,16.48,68.82
2009-09-03,16.12,63.78
2009-09-04,9.59,60.7
2009-09-05,11.92,70.44
2009-09-06,14.46,75.78
2009-09-07,13.02,71.81
2009-09-08,9.8,83.11
2009-09-09,5.72,93.43
2009-09-10,3.75,85.96
2009-09-11,5.97,72.02
2009-09-12,3.2,80.99
2009-09-13,6.79,95.48
2009-09-14,7.62,94.8
2009-09-15,4.72,94.7
2009-09-16,3.65,94.7
2009-09-17,4.87,86.47
2009-09-18,4.06,94.14
2009-09-19,2.26,91.71
2009-09-20,2.72,81.57
2009-09-21,5.28,78.29
2009-09-22,6.19,86.45
2009-09-23,6.23,90.33
2009-09-24,2.86,89.2
2009-09-25,3.21,71.42
2009-09-26,3.98,67.27
2009-09-27,3.59,97.77
2009-09-28,4.28,92.3
2009-09-29,5.59,93.66
2009-09-30,5.81,86.36
2009-10-01,4,95.44
2009-10-02,1.56,96.82
2009-10-03,0.81,93.5
2009-10-04,0.23,77.53
2009-10-05,-1.09,81.78
2009-10-06,-0.23,93.7
2009-10-07,-0.45,88.05
2009-10-08,-2.09,90.85
2009-10-09,-1.5,83.21
2009-10-10,0.19,97.4
2009-10-11,-1.16,96.39
2009-10-12,-4.01,88.26
2009-10-13,-5.86,83.47
2009-10-14,-5.51,83.51
2009-10-15,-3.6,92.82
2009-10-16,-4.84,88.79
2009-10-17,-5.6,81.14
2009-10-18,-6.85,83.34
2009-10-19,-7.63,84.64
2009-10-20,-9.9,87.03
2009-10-21,-8.67,86.89
2009-10-22,-8.25,94.44
2009-10-23,-9.32,96.08
2009-10-24,-11.16,96.82
2009-10-25,-12.64,90.78
2009-10-26,-12.21,88.29
2009-10-27,-14.96,88.12
2009-10-28,-19.24,85.03
2009-10-29,-19.08,87.32
2009-10-30,-18.41,89.38
2009-10-31,-17.42,89.35
2009-11-01,-18.89,89.67
2009-11-02,-20.12,82.87
2009-11-03,-22.81,85.33
2009-11-04,-21.18,88.41
2009-11-05,-21.41,91.88
2009-11-06,-20.06,95.38
2009-11-07,-23.27,93.24
2009-11-08,-23.32,93.79
2009-11-09,-21.74,95.82
2009-11-10,-22.96,97.42
2009-11-11,-27.56,96.75
2009-11-12,-25.83,97.48
2009-11-13,-23.29,97.57
2009-11-14,-27.79,96.91
2009-11-15,-27.32,97.96
2009-11-16,-25.11,98.27
2009-11-17,-26.41,98.86
2009-11-18,-29.87,98.66
2009-11-19,-29.01,98.17
2009-11-20,-30.95,99.13
2009-11-21,-32.97,96.37
2009-11-22,-33.59,96.02
2009-11-23,-39.51,97.11
2009-11-24,-40.2,95.97
2009-11-25,-40.18,93.55
2009-11-26,-41.6,90.6
2009-11-27,-43.72,95.41
2009-11-28,-38.17,98.06
2009-11-29,-39.2,98.2
2009-11-30,-42.86,98.14
2009-12-01,-42.53,97.75
2009-12-02,-42.51,97.16
2009-12-03,-44.95,94.87
2009-12-04,-45.39,94.65
2009-12-05,-43.83,95.26
2009-12-06,-40.92,96.97
2009-12-07,-29.2,99.3
2009-12-08,-28.67,98.16
2009-12-09,-36.46,99.29
2009-12-10,-36.44,98.56
2009-12-11,-43.37,97.54
2009-12-12,-41.66,96.93
2009-12-13,-41.4,97.22
2009-12-14,-37.04,98.24
2009-12-15,-33.48,95.24
2009-12-16,-36.96,95.87
2009-12-17,-31.29,97.54
2009-12-18,-35.17,99.79
2009-12-19,-41.46,92.12
2009-12-20,-39.65,97.83
2009-12-21,-41.45,97.87
2009-12-22,-36.53,98.11
2009-12-23,-39.04,99.54
2009-12-24,-34.35,96.84
2009-12-25,-34.62,93.95
2009-12-26,-39.32,98.51
2009-12-27,-42.16,92.46
2009-12-28,-37.09,96.42
2009-12-29,-35.41,97.21
2009-12-30,-34.39,96.9
2009-12-31,-36.68,97.43
2010-01-01,-40.24,98.88
2010-01-02,-41.46,97.81
2010-01-03,-39.1,98.05
2010-01-04,-38.15,97.83
2010-01-05,-36.57,96.7
2010-01-06,-42.4,97.01
2010-01-07,-39.68,98.37
2010-01-08,-39.98,97.28
2010-01-09,-38.36,99.44
2010-01-10,-39.57,97.35
2010-01-11,-38.86,99.07
2010-01-12,-41.51,96.94
2010-01-13,-40.98,93.91
2010-01-14,-41.81,97.63
2010-01-15,-38.01,97.6
2010-01-16,-36,98.25
2010-01-17,-38.51,99.29
2010-01-18,-39.91,97.47
2010-01-19,-40.27,98.69
2010-01-20,-38.01,98.21
2010-01-21,-40.85,99.27
2010-01-22,-28.23,99.74
2010-01-23,-33.8,98.42
2010-01-24,-38.85,96.75
2010-01-25,-46.74,95.78
2010-01-26,-48.75,97.3
2010-01-27,-48.69,98.13
2010-01-28,-41,99.76
2010-01-29,-38.77,95.54
2010-01-30,-37.82,97.32
2010-01-31,-35.08,97.57
2010-02-01,-37.65,96.95
2010-02-02,-37.6,96.71
2010-02-03,-33.43,96.78
2010-02-04,-34.16,97.74
2010-02-05,-32.6,98.21
2010-02-06,-35.48,98.08
2010-02-07,-38.86,99.09
2010-02-08,-35.62,98.35
2010-02-09,-32.95,98.5
2010-02-10,-32.09,98.95
2010-02-11,-36.75,99.51
2010-02-12,-37.7,99.31
2010-02-13,-40.67,99.67
2010-02-14,-40.69,99.21
2010-02-15,-39.06,99.5
2010-02-16,-36.72,99.83
2010-02-17,-38.49,99.09
2010-02-18,-37.77,93.41
2010-02-19,-38.72,98.95
2010-02-20,-39.34,98.94
2010-02-21,-38.43,98.49
2010-02-22,-36.27,99.46
2010-02-23,-36.86,99.67
2010-02-24,-33.72,99.03
2010-02-25,-23.13,97.56
2010-02-26,-31.14,97.75
2010-02-27,-31.55,95.9
2010-02-28,-29.89,96.05
2010-03-01,-31.11,97.32
2010-03-02,-30.76,95.59
2010-03-03,-34.09,98.37
2010-03-04,-34.4,98.13
2010-03-05,-32.54,97.65
2010-03-06,-29.89,98.04
2010-03-07,-20.59,96.75
2010-03-08,-17.41,98.58
2010-03-09,-23.61,98.52
2010-03-10,-24.31,98.92
2010-03-11,-26.09,98.7
2010-03-12,-26.52,97.24
2010-03-13,-24.8,96.92
2010-03-14,-23.48,97.33
2010-03-15,-22.78,97.23
2010-03-16,-22.8,96.57
2010-03-17,-25.69,97.06
2010-03-18,-25.01,96.9
2010-03-19,-23.4,97.2
2010-03-20,-21.45,97.33
2010-03-21,-18.51,94.07
2010-03-22,-17.43,95.92
2010-03-23,-15.27,97.79
2010-03-24,-17.14,97.53
2010-03-25,-20.73,97.21
2010-03-26,-16.23,96.7
2010-03-27,-14.31,95.92
2010-03-28,-12.14,97.76
2010-03-29,-13.48,98.62
2010-03-30,-14.26,99.07
2010-03-31,-14.7,97.65
2010-04-01,-15.46,97.09
2010-04-02,-15.54,96.38
2010-04-03,-17.13,97.72
2010-04-04,-13.03,93.67
2010-04-05,-13.09,97.89
2010-04-06,-15.55,98.33
2010-04-07,-16.35,98.47
2010-04-08,-16.82,97.14
2010-04-09,-15.61,97.72
2010-04-10,-16.89,98.26
2010-04-11,-11.68,96.81
2010-04-12,-10.29,96.58
2010-04-13,-11.01,96.88
2010-04-14,-9.04,97.49
2010-04-15,-9.07,97.65
2010-04-16,-4.42,94.05
2010-04-17,-4.67,98.47
2010-04-18,-3.74,97.99
2010-04-19,-2.94,94.66
2010-04-20,-2.94,85.77
2010-04-21,-0.79,81.43
2010-04-22,0.83,82.36
2010-04-23,2.43,75.4
2010-04-24,-0.79,69.5
2010-04-25,-4.75,63.11
2010-04-26,-8.5,92.15
2010-04-27,-3.07,79.2
2010-04-28,1.32,82.93
2010-04-29,3.03,91.75
2010-04-30,0.56,76.71
2010-05-01,-0.63,65.97
2010-05-02,0.21,74.83
2010-05-03,-1,94.83
2010-05-04,0.76,94.75
2010-05-05,5.13,80.31
2010-05-06,5.97,82.2
2010-05-07,4.18,85.51
2010-05-08,6.11,75.61
2010-05-09,6.76,77.08
2010-05-10,6.01,80.8
2010-05-11,8.09,80.28
2010-05-12,7.8,87.71
2010-05-13,8.75,80.29
2010-05-14,10.32,79.61
2010-05-15,8.04,87.42
2010-05-16,5.2,85.3
2010-05-17,10.97,78.4
2010-05-18,9.9,86.4
2010-05-19,11.13,84.57
2010-05-20,5.71,94.96
2010-05-21,9.04,81.46
2010-05-22,7.12,90
2010-05-23,11.47,82.26
2010-05-24,12.23,77.22
2010-05-25,8.52,81.32
2010-05-26,13.98,68.53
2010-05-27,13.1,76.37
2010-05-28,11.78,62.14
2010-05-29,11.44,72.62
2010-05-30,11.29,69.86
2010-05-31,11.66,72.49
2010-06-01,13.88,68
2010-06-02,15.94,80.1
2010-06-03,12.01,77.67
2010-06-04,10.22,66.83
2010-06-05,11.48,68.72
2010-06-06,12.61,63.07
2010-06-07,9.78,85.18
2010-06-08,11.68,85.19
2010-06-09,16.29,84.54
2010-06-10,14.55,71.51
2010-06-11,16.29,70.92
2010-06-12,17.56,71.79
2010-06-13,19.57,77.75
2010-06-14,19.92,79.03
2010-06-15,18.59,80
2010-06-16,17.6,69.27
2010-06-17,18.57,73.35
2010-06-18,12.01,72.96
2010-06-19,11.84,65.74
2010-06-20,14.44,66.37
2010-06-21,15.64,74.73
2010-06-22,13.52,65.6
2010-06-23,13.97,62.7
2010-06-24,14.28,77.8
2010-06-25,13.8,73.33
2010-06-26,15.19,81.85
2010-06-27,17.51,75.02
2010-06-28,17.14,76.16
2010-06-29,16.71,62.2
2010-06-30,18.61,53.65
2010-07-01,20.18,55.61
2010-07-02,21.92,66.22
2010-07-03,19.33,64.21
2010-07-04,22.08,53.01
2010-07-05,23.94,54.12
2010-07-06,21.82,60.85
2010-07-07,18.22,71.26
2010-07-08,18.33,70.3
2010-07-09,15.38,80.66
2010-07-10,15.93,68.64
2010-07-11,18.56,60.91
2010-07-12,22.29,50.52
2010-07-13,22.5,54.95
2010-07-14,25.08,43.81
2010-07-15,24.01,50.73
2010-07-16,24.35,51.42
2010-07-17,18.45,79.16
2010-07-18,22,67.82
2010-07-19,24.3,60.56
2010-07-20,25.59,54.11
2010-07-21,28.4,51.1
2010-07-22,28.58,53.65
2010-07-23,24.45,61.13
2010-07-24,23.98,52.24
2010-07-25,20.33,75.97
2010-07-26,19.66,56.42
2010-07-27,20.98,54.27
2010-07-28,22.08,59.67
2010-07-29,23.96,64.67
2010-07-30,15.83,81.43
2010-07-31,12.45,85.96
2010-08-01,14.72,68.96
2010-08-02,10.21,74.55
2010-08-03,11.32,66.46
2010-08-04,12.06,65.03
2010-08-05,12.2,78.75
2010-08-06,15.51,71.71
2010-08-07,17.29,62.44
2010-08-08,19.01,61.35
2010-08-09,18.14,69.15
2010-08-10,21.8,57.74
2010-08-11,22.37,52.52
2010-08-12,20.86,56.84
2010-08-13,16.03,57.54
2010-08-14,16.32,58.6
2010-08-15,16.05,69.12
2010-08-16,15.53,75.01
2010-08-17,16.57,64.37
2010-08-18,17.73,73.21
2010-08-19,13.26,91.96
2010-08-20,15.31,68.74
2010-08-21,17.16,56.58
2010-08-22,15.65,61.39
2010-08-23,15.41,70.59
2010-08-24,16.83,67.17
2010-08-25,21.31,55.36
2010-08-26,14.91,48.99
2010-08-27,10.91,82.89
2010-08-28,14.72,76.04
2010-08-29,13.62,84.55
2010-08-30,14.26,70.06
2010-08-31,14.71,62.76
2010-09-01,15.78,73.94
2010-09-02,13.37,66.42
2010-09-03,9.65,60.09
2010-09-04,7.94,79.03
2010-09-05,5.87,85.69
2010-09-06,6,74.77
2010-09-07,5.05,92.32
2010-09-08,5.69,97.12
2010-09-09,4.49,90.63
2010-09-10,7.96,76.26
2010-09-11,7.14,86.43
2010-09-12,5.89,56.69
2010-09-13,6.44,63.18
2010-09-14,3.11,64.57
2010-09-15,2.78,69.43
2010-09-16,2.26,76.45
2010-09-17,4.16,65.18
2010-09-18,4.55,79.47
2010-09-19,3.25,87.64
2010-09-20,0.23,74.59
2010-09-21,-0.11,73.02
2010-09-22,0.6,72.33
2010-09-23,0.2,81.58
2010-09-24,0.98,80.83
2010-09-25,0.9,78.87
2010-09-26,1.05,80.82
2010-09-27,1.89,83.16
2010-09-28,0.98,69.96
2010-09-29,-0.68,78.75
2010-09-30,-1.34,78.1
2010-10-01,-2.74,80.63
2010-10-02,-3.28,77.09
2010-10-03,-0.04,67.86
2010-10-04,-0.47,88.16
2010-10-05,0.24,89.82
2010-10-06,-3.6,94.02
2010-10-07,-2.3,96.86
2010-10-08,-4.35,97.78
2010-10-09,-3.91,98.22
2010-10-10,-5.06,96.49
2010-10-11,-2.51,96.56
2010-10-12,-2.34,97.57
2010-10-13,-9.59,88.45
2010-10-14,-9.27,81.43
2010-10-15,-12.81,89.48
2010-10-16,-12.92,89.76
2010-10-17,-12.28,94.35
2010-10-18,-11.81,92.06
2010-10-19,-9.12,94.9
2010-10-20,-8.08,97.87
2010-10-21,-9.89,96.92
2010-10-22,-9.41,98.13
2010-10-23,-12.96,98.48
2010-10-24,-15.27,97.3
2010-10-25,-16.13,96.71
2010-10-26,-14.29,98.64
2010-10-27,-13.13,99.83
2010-10-28,-15.11,99.8
2010-10-29,-17.79,98.93
2010-10-30,-22.02,99.18
2010-10-31,-22.31,98.87
2010-11-01,-16.93,99.78
2010-11-02,-16.83,99.43
2010-11-03,-14.76,99.99
2010-11-04,-17.86,99.39
2010-11-05,-21.73,99.12
2010-11-06,-22.88,99.86
2010-11-07,-21.82,99.98
2010-11-08,-21.51,99.85
2010-11-09,-20.85,99.52
2010-11-10,-21.11,99.59
2010-11-11,-18.4,97.74
2010-11-12,-16.25,98.45
2010-11-13,-18.41,99.09
2010-11-14,-22.5,99.35
2010-11-15,-25.26,99.07
2010-11-16,-14.8,99.62
2010-11-17,-6.34,99.97
2010-11-18,-10.18,98.99
2010-11-19,-20.49,98.56
2010-11-20,-22.59,98.32
2010-11-21,-25.6,98.25
2010-11-22,-27.2,98.64
2010-11-23,-22.15,97.67
2010-11-24,-30.4,98.34
2010-11-25,-37,98.59
2010-11-26,-39.67,98.68
2010-11-27,-40.56,96.95
2010-11-28,-39.11,99.16
2010-11-29,-45.73,98.4
2010-11-30,-46.17,97.5
2010-12-01,-47.01,93.78
2010-12-02,-45.92,96.36
2010-12-03,-47,92.91
2010-12-04,-38.28,97.01
2010-12-05,-37.97,98.03
2010-12-06,-38.08,98.16
2010-12-07,-35.28,95.58
2010-12-08,-38.55,97.89
2010-12-09,-42.5,97.82
2010-12-10,-37.48,96.6
2010-12-11,-38.14,96.93
2010-12-12,-38.62,96
2010-12-13,-37.98,97.83
2010-12-14,-33.06,95.93
2010-12-15,-41.07,98.41
2010-12-16,-41.14,99.14
2010-12-17,-48.12,98.1
2010-12-18,-43.78,97.43
2010-12-19,-45.59,97.69
2010-12-20,-47.87,98.4
2010-12-21,-49.9,93.89
2010-12-22,-52.73,94.4
2010-12-23,-51.12,94.8
2010-12-24,-47.92,98.9
2010-12-25,-33.85,97.84
2010-12-26,-26.14,96.16
2010-12-27,-26.3,98.65
2010-12-28,-27.75,99.14
2010-12-29,-28.87,97.68
2010-12-30,-26.52,97.23
2010-12-31,-28.42,98.15
2011-01-01,-30.93,98.07
2011-01-02,-27.9,98.31
2011-01-03,-25.83,98.85
2011-01-04,-32,100
2011-01-05,-32.34,93.15
2011-01-06,-35.86,99.84
2011-01-07,-46.43,98.35
2011-01-08,-50.43,93.88
2011-01-09,-50.89,88.59
2011-01-10,-47.04,98.34
2011-01-11,-42.12,98.65
2011-01-12,-42.06,95.51
2011-01-13,-34.09,94.85
2011-01-14,-38.47,99.54
2011-01-15,-40.58,98.21
2011-01-16,-35.82,98.08
2011-01-17,-33.14,98.83
2011-01-18,-33.24,98.74
2011-01-19,-33.54,97.67
2011-01-20,-33.37,97.91
2011-01-21,-39.71,97.55
2011-01-22,-38.61,98.5
2011-01-23,-39.64,97.78
2011-01-24,-36.65,99.08
2011-01-25,-32.38,99.45
2011-01-26,-32.92,98.15
2011-01-27,-33.96,98.59
2011-01-28,-32.94,98.23
2011-01-29,-29.9,99.42
2011-01-30,-33.93,98.18
2011-01-31,-31.85,98.82
2011-02-01,-27.26,99.05
2011-02-02,-26.59,99.94
2011-02-03,-27.28,97.57
2011-02-04,-43.83,98.95
2011-02-05,-44.18,99.6
2011-02-06,-46.33,98.78
2011-02-07,-44.67,96.03
2011-02-08,-45.42,97.73
2011-02-09,-42.82,95.54
2011-02-10,-35.74,98.64
2011-02-11,-35.9,97.44
2011-02-12,-41.21,96.41
2011-02-13,-42.48,98.46
2011-02-14,-42.83,99.29
2011-02-15,-44.1,97.85
2011-02-16,-37.86,98.5
2011-02-17,-38.94,98.91
2011-02-18,-41.05,99.86
2011-02-19,-32.3,97.46
2011-02-20,-28.48,98.17
2011-02-21,-31.22,98.02
2011-02-22,-33.34,98.9
2011-02-23,-31.02,98.06
2011-02-24,-31.22,98.61
2011-02-25,-26.98,99.08
2011-02-26,-24.93,98.89
2011-02-27,-25.23,99.5
2011-02-28,-27.11,98.03
2011-03-01,-32.84,99.04
2011-03-02,-22.83,99.14
2011-03-03,-15.79,99.17
2011-03-04,-22.94,96.67
2011-03-05,-33.03,97.59
2011-03-06,-27.14,98.05
2011-03-07,-21.09,96.76
2011-03-08,-18.97,96.08
2011-03-09,-17.39,99.29
2011-03-10,-17.13,98.97
2011-03-11,-20.72,97.96
2011-03-12,-22.99,97.2
2011-03-13,-25.45,97.78
2011-03-14,-22.83,97.87
2011-03-15,-16.34,97.73
2011-03-16,-13.38,98.02
2011-03-17,-11.94,98.89
2011-03-18,-12.98,97.76
2011-03-19,-15.28,96.77
2011-03-20,-16.8,97.4
2011-03-21,-14.11,97.8
2011-03-22,-18.24,98.06
2011-03-23,-16.11,98.84
2011-03-24,-10.35,98.18
2011-03-25,-11.38,96.67
2011-03-26,-9.02,98.83
2011-03-27,-4.43,97.59
2011-03-28,-3.61,97.39
2011-03-29,-4.53,96.26
2011-03-30,-7.16,95.16
2011-03-31,-10.93,97.04
2011-04-01,-9.52,95.45
2011-04-02,-6.12,98.66
2011-04-03,-6.81,95.11
2011-04-04,-8.46,95.88
2011-04-05,-12.24,98.42
2011-04-06,-10.7,97.41
2011-04-07,-7.98,98.05
2011-04-08,-7.84,97.9
2011-04-09,-8.92,98.04
2011-04-10,-11.64,95.82
2011-04-11,-5.96,97.03
2011-04-12,-10.15,97.73
2011-04-13,-14.74,97.55
2011-04-14,-10.14,93.85
2011-04-15,-7.34,93.57
2011-04-16,-5.24,92.9
2011-04-17,-3.46,96.89
2011-04-18,-1.97,98.49
2011-04-19,-2.05,97.57
2011-04-20,-1.31,98.71
2011-04-21,-1.37,98.7
2011-04-22,-3.02,97.35
2011-04-23,-0.53,88.22
2011-04-24,2.1,84.09
2011-04-25,2.89,77.44
2011-04-26,5.41,59.8
2011-04-27,5.12,69.47
2011-04-28,4.28,67.46
2011-04-29,5.35,62.47
2011-04-30,2.49,67.9
2011-05-01,-0.24,70
2011-05-02,0.37,76.73
2011-05-03,-0.97,84.86
2011-05-04,0.89,69.98
2011-05-05,0.85,71.46
2011-05-06,1.57,70.03
2011-05-07,5.13,68.97
2011-05-08,8.45,64.79
2011-05-09,9.45,70.35
2011-05-10,5.95,69.66
2011-05-11,7.32,71.99
2011-05-12,6.05,71.25
2011-05-13,3.16,64.35
2011-05-14,4.87,48.25
2011-05-15,7.82,55.33
2011-05-16,9.82,66.58
2011-05-17,8.7,71.66
2011-05-18,7.65,68.3
2011-05-19,8.23,71.52
2011-05-20,10.56,64.44
2011-05-21,10.75,60
2011-05-22,12.7,61.39
2011-05-23,14.73,65.39
2011-05-24,12.72,54.53
2011-05-25,11.59,69.92
2011-05-26,14.84,53.37
2011-05-27,15.06,58.75
2011-05-28,11.95,58.1
2011-05-29,12.35,60.61
2011-05-30,8.09,90.24
2011-05-31,11.34,72.25
2011-06-01,13.99,61.54
2011-06-02,15.13,60.13
2011-06-03,15.32,65
2011-06-04,12.83,65.1
2011-06-05,14.36,63.14
2011-06-06,14.52,64.54
2011-06-07,10.25,68.37
2011-06-08,7.7,82.34
2011-06-09,8.7,78.3
2011-06-10,12.83,60.82
2011-06-11,15.53,68.23
2011-06-12,20.69,66.87
2011-06-13,20.2,80.31
2011-06-14,15.18,62.91
2011-06-15,12.04,55.99
2011-06-16,12.99,63.14
2011-06-17,16.72,51.25
2011-06-18,15.39,62.52
2011-06-19,18.71,46.1
2011-06-20,15.36,78.59
2011-06-21,16.51,55.83
2011-06-22,17.66,60.21
2011-06-23,20.29,54.78
2011-06-24,22.08,51.4
2011-06-25,20.53,56.3
2011-06-26,13.36,74.06
2011-06-27,16.22,56.75
2011-06-28,17.27,56.55
2011-06-29,18.22,56.91
2011-06-30,17.86,64.13
2011-07-01,19.36,63.16
2011-07-02,16.05,62.54
2011-07-03,14.17,79.67
2011-07-04,14.08,85.13
2011-07-05,16.72,72.98
2011-07-06,18.37,67.8
2011-07-07,19.98,63.3
2011-07-08,21.76,56.16
2011-07-09,21.82,54.75
2011-07-10,23.31,51.21
2011-07-11,25.21,49.38
2011-07-12,26.25,48.92
2011-07-13,26.72,45.49
2011-07-14,26.84,45.98
2011-07-15,27.56,47.64
2011-07-16,28.14,46.7
2011-07-17,27.36,50.35
2011-07-18,25.29,58.72
2011-07-19,26.09,54
2011-07-20,21.68,58.16
2011-07-21,23.39,51.68
2011-07-22,20.49,72.32
2011-07-23,22.52,62.21
2011-07-24,24.26,62.04
2011-07-25,19.18,53.6
2011-07-26,21.23,49.93
2011-07-27,22.36,49.58
2011-07-28,24.41,62.25
2011-07-29,21.26,71.67
2011-07-30,18.27,70.39
2011-07-31,22.59,69.46
2011-08-01,25.25,62.7
2011-08-02,23.68,64
2011-08-03,22.9,68.21
2011-08-04,24.21,60.15
2011-08-05,22.01,66.29
2011-08-06,21.66,71.58
2011-08-07,23.77,61.06
2011-08-08,24.18,58.24
2011-08-09,24.3,57.35
2011-08-10,19.48,38.01
2011-08-11,15.24,40.11
2011-08-12,17.5,44
2011-08-13,14.44,48.05
2011-08-14,13.59,59.36
2011-08-15,13.22,71.6
2011-08-16,13.07,77.17
2011-08-17,13.88,84.72
2011-08-18,15.09,71.85
2011-08-19,17.62,54.24
2011-08-20,17.39,56.92
2011-08-21,18.78,62.35
2011-08-22,19.81,56.61
2011-08-23,15.47,58.1
2011-08-24,17.22,56
2011-08-25,13.12,69.9
2011-08-26,13.65,59.62
2011-08-27,15.98,61.94
2011-08-28,14.66,84.89
2011-08-29,9.92,89.17
2011-08-30,8.69,68.42
2011-08-31,8.91,62.72
2011-09-01,8.53,65.12
2011-09-02,9.72,60.79
2011-09-03,11.23,64.37
2011-09-04,8.96,94.1
2011-09-05,7.6,80.47
2011-09-06,10.23,76.87
2011-09-07,4.85,88.05
2011-09-08,3.26,65.8
2011-09-09,3.88,66.12
2011-09-10,2.66,67.82
2011-09-11,2.88,64.3
2011-09-12,1.87,79.46
2011-09-13,1.3,74.29
2011-09-14,1.93,68.48
2011-09-15,3.96,77.12
2011-09-16,2.9,86.72
2011-09-17,1.25,86.15
2011-09-18,-0.08,95.63
2011-09-19,0.39,80.96
2011-09-20,1.65,65.21
2011-09-21,2.55,68.72
2011-09-22,2.93,85.42
2011-09-23,-0.44,77.79
2011-09-24,-1.53,67.29
2011-09-25,-1.54,77.05
2011-09-26,-1.14,69.94
2011-09-27,-2.44,79.77
2011-09-28,-4.14,82.84
2011-09-29,-5.01,75.09
2011-09-30,-4.03,74.51
2011-10-01,0.33,91.49
2011-10-02,1.14,94.5
2011-10-03,2.44,97.17
2011-10-04,0.58,85.73
2011-10-05,0.76,90.97
2011-10-06,-0.63,86.5
2011-10-07,0.45,96.32
2011-10-08,0.41,98.68
2011-10-09,-3.22,82.3
2011-10-10,-0.13,89.77
2011-10-11,-0.34,97.04
2011-10-12,-3.14,87
2011-10-13,-3.46,82.03
2011-10-14,-2.01,94.3
2011-10-15,-8.33,85.73
2011-10-16,-8.18,79.25
2011-10-17,-8.05,74.99
2011-10-18,-3.64,89.85
2011-10-19,-9.3,91.28
2011-10-20,-9.89,91.77
2011-10-21,-6.94,97.5
2011-10-22,-8.17,98.02
2011-10-23,-7.48,99.12
2011-10-24,-3.49,98.81
2011-10-25,-6.03,98.83
2011-10-26,-11.71,98.6
2011-10-27,-20.88,99.13
2011-10-28,-23.98,99.08
2011-10-29,-23,99.39
2011-10-30,-25.73,98.63
2011-10-31,-25.51,99.39
2011-11-01,-26.57,99.29
2011-11-02,-26.42,96.63
2011-11-03,-20.27,99.62
2011-11-04,-13.33,99.95
2011-11-05,-14.41,99.09
2011-11-06,-23.95,98.57
2011-11-07,-19.94,98.25
2011-11-08,-10.64,98.85
2011-11-09,-15.99,97.68
2011-11-10,-36.28,99.57
2011-11-11,-31.1,99.43
2011-11-12,-21.97,99.59
2011-11-13,-23.53,99.5
2011-11-14,-26.27,98.77
2011-11-15,-30.33,98.75
2011-11-16,-31.3,98.07
2011-11-17,-36.12,98.97
2011-11-18,-29.99,98.94
2011-11-19,-28.55,98.82
2011-11-20,-31.34,96.81
2011-11-21,-31.44,98.24
2011-11-22,-30.17,97.71
2011-11-23,-30.59,98.48
2011-11-24,-30.12,99.12
2011-11-25,-35.43,99
2011-11-26,-32.2,98.35
2011-11-27,-32.35,98.6
2011-11-28,-37.96,98.1
2011-11-29,-36.52,99.36
2011-11-30,-38.09,99.34
2011-12-01,-37.73,98.38
2011-12-02,-36.27,98.1
2011-12-03,-38.83,97.21
2011-12-04,-29.46,98.62
2011-12-05,-33.19,99.66
2011-12-06,-34.55,98.66
2011-12-07,-28.52,99.28
2011-12-08,-23.87,99.65
2011-12-09,-29.58,98.88
2011-12-10,-34.2,98.6
2011-12-11,-37.46,98.43
2011-12-12,-38.64,99.33
2011-12-13,-35.07,97.91
2011-12-14,-42.4,95.46
2011-12-15,-36.36,98.51
2011-12-16,-33.77,98.47
2011-12-17,-38.48,98.51
2011-12-18,-36.86,97.85
2011-12-19,-37.39,97.3
2011-12-20,-41.11,96.08
2011-12-21,-41.94,98.08
2011-12-22,-45.94,97.73
2011-12-23,-45.71,86.89
2011-12-24,-43.49,95.1
2011-12-25,-39.88,92.06
2011-12-26,-39.23,95.79
2011-12-27,-45.43,90.24
2011-12-28,-44.36,92.64
2011-12-29,-42.15,96.1
2011-12-30,-36.84,98.2
2011-12-31,-33.65,97.77
2012-01-01,-30.28,97.85
2012-01-02,-28.18,98.62
2012-01-03,-28.36,99.91
2012-01-04,-27.83,99.69
2012-01-05,-23.32,99.56
2012-01-06,-33.09,98.59
2012-01-07,-47.04,96.64
2012-01-08,-51.58,96.71
2012-01-09,-46.43,95.64
2012-01-10,-47.31,98.07
2012-01-11,-50.95,96.53
2012-01-12,-50.22,89.47
2012-01-13,-50.92,94.86
2012-01-14,-42.47,96.67
2012-01-15,-38.94,96.45
2012-01-16,-35.14,95.46
2012-01-17,-34.2,96.09
2012-01-18,-31.56,95.64
2012-01-19,-35.95,99.38
2012-01-20,-38.82,98.42
2012-01-21,-37.07,97.55
2012-01-22,-38.35,98.79
2012-01-23,-33.82,97.89
2012-01-24,-19.51,99.58
2012-01-25,-18.7,99.55
2012-01-26,-16.94,98.53
2012-01-27,-31.11,98.8
2012-01-28,-34.33,98.07
2012-01-29,-39.27,98.73
2012-01-30,-38.53,97.71
2012-01-31,-32.1,99
2012-02-01,-25.61,97.75
2012-02-02,-30.16,98.07
2012-02-03,-28.65,99.34
2012-02-04,-31.59,97.75
2012-02-05,-38.19,98.19
2012-02-06,-37.57,98.85
2012-02-07,-34.45,98.02
2012-02-08,-38.61,98.06
2012-02-09,-39.36,97.27
2012-02-10,-34.95,97.53
2012-02-11,-38.67,99.01
2012-02-12,-34.21,98.9
2012-02-13,-36.88,97.98
2012-02-14,-34.8,95.82
2012-02-15,-34.6,98.33
2012-02-16,-31.56,99.02
2012-02-17,-24.73,99.52
2012-02-18,-29.57,98.17
2012-02-19,-31.6,97.26
2012-02-20,-32.63,97.82
2012-02-21,-34.45,98.4
2012-02-22,-36.85,98.83
2012-02-23,-37.08,98.74
2012-02-24,-35.97,98.48
2012-02-25,-34.05,98.37
2012-02-26,-39.7,98.82
2012-02-27,-36.78,99.1
2012-02-28,-31.82,98.82
2012-02-29,-32.37,98.6
2012-03-01,-26.95,96.33
2012-03-02,-29.88,97.45
2012-03-03,-33.64,99.14
2012-03-04,-32.01,99.22
2012-03-05,-32.8,98.53
2012-03-06,-31.59,97.82
2012-03-07,-30.98,99.32
2012-03-08,-28.8,98.59
2012-03-09,-19.49,97.03
2012-03-10,-24.46,94.59
2012-03-11,-27.89,94.98
2012-03-12,-30.26,96.69
2012-03-13,-33.73,94.24
2012-03-14,-34.68,96.45
2012-03-15,-34.34,96.44
2012-03-16,-28.68,96.5
2012-03-17,-22.28,98.04
2012-03-18,-21.56,98.33
2012-03-19,-23.2,98.1
2012-03-20,-19.77,99.52
2012-03-21,-12.31,99.18
2012-03-22,-12.94,98.06
2012-03-23,-17.03,97.65
2012-03-24,-21.42,97.11
2012-03-25,-20.86,97.83
2012-03-26,-14.47,93.41
2012-03-27,-15.26,98.1
2012-03-28,-16.21,97.1
2012-03-29,-20.14,97.15
2012-03-30,-21.44,97.47
2012-03-31,-20.2,96.64
2012-04-01,-19.06,98.21
2012-04-02,-16.67,96.73
2012-04-03,-16.64,97.25
2012-04-04,-15.21,97.46
2012-04-05,-12.38,98.07
2012-04-06,-12.5,96.64
2012-04-07,-10.94,97.07
2012-04-08,-6.39,98.03
2012-04-09,-4.55,94.86
2012-04-10,-9.14,97.59
2012-04-11,-8.71,97.55
2012-04-12,-9.47,97.2
2012-04-13,-7.53,97.25
2012-04-14,-3.94,98.03
2012-04-15,-4.76,96.95
2012-04-16,-2.76,97.67
2012-04-17,-5.41,96.73
2012-04-18,-3.14,97.57
2012-04-19,-0.51,98.85
2012-04-20,-0.16,99.13
2012-04-21,-0.84,99.01
2012-04-22,-1.53,98.89
2012-04-23,-2.51,96.75
2012-04-24,-1.01,98.77
2012-04-25,-5.56,96.75
2012-04-26,-7.16,95
2012-04-27,-3.98,96.47
2012-04-28,-7.72,97.33
2012-04-29,-5.37,96.9
2012-04-30,-4.53,97
2012-05-01,-2.85,93.68
2012-05-02,-2.26,94.99
2012-05-03,-1.49,93.83
2012-05-04,0.25,75.5
2012-05-05,3.83,81.06
2012-05-06,7.02,84.07
2012-05-07,8.91,80.72
2012-05-08,10.98,74.07
2012-05-09,12.09,75.56
2012-05-10,11.9,71.33
2012-05-11,5.37,74.51
2012-05-12,6.1,65.63
2012-05-13,5.43,77.69
2012-05-14,9,72.94
2012-05-15,11.84,69.76
2012-05-16,6.49,75.94
2012-05-17,5.29,73.39
2012-05-18,4.74,82.72
2012-05-19,4.03,69.76
2012-05-20,1.99,74.78
2012-05-21,6.75,65.19
2012-05-22,8.37,71.89
2012-05-23,7.62,91.23
2012-05-24,7.36,93.61
2012-05-25,7.62,83.41
2012-05-26,11.99,70.96
2012-05-27,12.15,67.98
2012-05-28,10.32,58.03
2012-05-29,13.15,74.21
2012-05-30,15.71,74.69
2012-05-31,19.52,59.1
2012-06-01,19.42,69.77
2012-06-02,18.39,68.3
2012-06-03,13.7,60.11
2012-06-04,11.81,62.01
2012-06-05,15.32,80.04
2012-06-06,13.95,84.06
2012-06-07,13.49,89.34
2012-06-08,17.89,79.69
2012-06-09,17.36,70.05
2012-06-10,19.9,67.07
2012-06-11,20.36,66.85
2012-06-12,20.92,59.43
2012-06-13,24.27,52.84
2012-06-14,23.53,57.94
2012-06-15,24.75,48.59
2012-06-16,25.05,48.43
2012-06-17,24.99,54.46
2012-06-18,23.81,70.72
2012-06-19,18.51,74.77
2012-06-20,10.74,65.55
2012-06-21,10.69,71.1
2012-06-22,11.88,67.02
2012-06-23,12.57,65.79
2012-06-24,16.68,48.03
2012-06-25,16.62,55.13
2012-06-26,19.86,65.89
2012-06-27,21.87,79.47
2012-06-28,21.47,62.98
2012-06-29,21.47,59.95
2012-06-30,20.14,64.53
2012-07-01,20.81,46.94
2012-07-02,21.76,40.09
2012-07-03,22.86,48.01
2012-07-04,19.21,50.48
2012-07-05,20.01,58.8
2012-07-06,16.47,48.94
2012-07-07,18.17,47.79
2012-07-08,21.38,38.63
2012-07-09,24.04,45.94
2012-07-10,23.99,52.15
2012-07-11,22.71,56.06
2012-07-12,22.9,68.13
2012-07-13,23.23,55.22
2012-07-14,22.81,68.64
2012-07-15,18.07,49.56
2012-07-16,18.57,57.36
2012-07-17,20.29,52.5
2012-07-18,15.42,80.09
2012-07-19,19.52,66.39
2012-07-20,21.48,71.85
2012-07-21,19.52,79.98
2012-07-22,17.86,55.27
2012-07-23,17.01,44.51
2012-07-24,22.18,38.97
2012-07-25,23.63,39.02
2012-07-26,23.3,51.04
2012-07-27,23.78,44.11
2012-07-28,23.69,45.25
2012-07-29,23.55,37.07
2012-07-30,24.58,46.37
2012-07-31,24.89,48.44
2012-08-01,24.65,50.74
2012-08-02,24.41,59.33
2012-08-03,25.83,50.93
2012-08-04,21.85,67.56
2012-08-05,13.07,61.99
2012-08-06,16.06,45.46
2012-08-07,17.14,40.97
2012-08-08,16.74,44.12
2012-08-09,16.26,62.44
2012-08-10,12.59,90.2
2012-08-11,15.58,67.06
2012-08-12,18,61.26
2012-08-13,17.88,67.09
2012-08-14,15.36,64.66
2012-08-15,9.76,79.29
2012-08-16,13.49,62.8
2012-08-17,11.26,91.87
2012-08-18,13.12,71.79
2012-08-19,11.55,70.28
2012-08-20,11.64,60.5
2012-08-21,10.59,75.16
2012-08-22,9.74,68.73
2012-08-23,13.4,48.59
2012-08-24,13.71,65.37
2012-08-25,12.53,75.9
2012-08-26,6.72,95.6
2012-08-27,10.66,65.65
2012-08-28,9.63,81.47
2012-08-29,11.74,58.91
2012-08-30,10.46,71.35
2012-08-31,7.03,73.48
2012-09-01,5.88,69.29
2012-09-02,8.12,60.05
2012-09-03,12.51,69.33
2012-09-04,14.43,69.66
2012-09-05,12.18,70.98
2012-09-06,10.71,87.36
2012-09-07,11.66,79.82
2012-09-08,12.3,69.02
2012-09-09,11.51,89.23
2012-09-10,9.8,95.65
2012-09-11,9.9,75.21
2012-09-12,9.87,78.19
2012-09-13,7.37,82.62
2012-09-14,7.71,82.5
2012-09-15,6.66,85.08
2012-09-16,5.72,79.25
2012-09-17,6.9,70.67
2012-09-18,5.14,77.25
2012-09-19,5.07,70.93
2012-09-20,4.34,79.55
2012-09-21,4.25,65.69
2012-09-22,3.59,72.49
2012-09-23,4.07,67.2
2012-09-24,3.78,69.47
2012-09-25,7.58,78.69
2012-09-26,7.2,91.62
2012-09-27,2.86,93.86
2012-09-28,3.03,85.3
2012-09-29,4.61,85.82
2012-09-30,3.28,91.63
2012-10-01,1.24,89.69
2012-10-02,0.75,82.4
2012-10-03,-1.21,85.77
2012-10-04,-1.05,77.59
2012-10-05,-1.63,77.63
2012-10-06,-3.78,75.15
2012-10-07,-6.56,83.82
2012-10-08,-5.37,78.48
2012-10-09,-3.76,75.65
2012-10-10,-3.81,82.7
2012-10-11,-4.2,92.7
2012-10-12,-5.4,88.29
2012-10-13,-6.44,85.68
2012-10-14,-5.58,84.34
2012-10-15,-7.16,79.56
2012-10-16,-8.46,79.31
2012-10-17,-7.51,90.5
2012-10-18,-3.86,97.94
2012-10-19,-9.85,93.54
2012-10-20,-12.6,91.69
2012-10-21,-13.77,85.22
2012-10-22,-13.75,82.96
2012-10-23,-16.48,92.1
2012-10-24,-13.55,91.48
2012-10-25,-12.96,93.9
2012-10-26,-13.4,91.81
2012-10-27,-15.03,87.23
2012-10-28,-15.76,94.99
2012-10-29,-18.02,90.61
2012-10-30,-16.31,94.6
2012-10-31,-4.62,99.42
2012-11-01,-18.18,99.02
2012-11-02,-23.52,98.94
2012-11-03,-17.43,97.04
2012-11-04,-18.36,99.27
2012-11-05,-19.51,99.4
2012-11-06,-23.36,99.48
2012-11-07,-25.84,99.31
2012-11-08,-29.31,99.28
2012-11-09,-27.07,96.97
2012-11-10,-27.2,98.7
2012-11-11,-29.71,99.64
2012-11-12,-29.47,99.8
2012-11-13,-29.17,97.36
2012-11-14,-28.59,98.98
2012-11-15,-28.15,98.54
2012-11-16,-27.85,98.39
2012-11-17,-32.19,99.25
2012-11-18,-37.87,99.08
2012-11-19,-35.51,97.44
2012-11-20,-31.04,98.69
2012-11-21,-31,98.76
2012-11-22,-39.29,97.88
2012-11-23,-39.21,98.48
2012-11-24,-34.99,97.53
2012-11-25,-36.95,99.2
2012-11-26,-31.25,97.52
2012-11-27,-31.73,96.88
2012-11-28,-34.88,98.9
2012-11-29,-40.23,99.67
2012-11-30,-38.97,98.62
2012-12-01,-35.62,99.18
2012-12-02,-36.11,98.86
2012-12-03,-41.32,98.29
2012-12-04,-38.79,98.34
2012-12-05,-32.45,97.86
2012-12-06,-25.3,98.83
2012-12-07,-24.92,98.06
2012-12-08,-25.97,98.08
2012-12-09,-28.93,98.33
2012-12-10,-31.76,98.27
2012-12-11,-36.41,97.54
2012-12-12,-35.63,96.14
2012-12-13,-40.2,99.1
2012-12-14,-32.02,97.79
2012-12-15,-29.42,98.76
2012-12-16,-32.27,99.33
2012-12-17,-32.43,99.48
2012-12-18,-28.31,99.83
2012-12-19,-28.1,99.9
2012-12-20,-39.11,98.72
2012-12-21,-42.52,97.76
2012-12-22,-34.99,99.97
2012-12-23,-45.08,98.47
2012-12-24,-47.7,95.83
2012-12-25,-39.9,96.27
2012-12-26,-37.05,96.81
2012-12-27,-36.92,98.83
2012-12-28,-42.4,98.14
2012-12-29,-43.39,98.3
2012-12-30,-42.32,98.02
2012-12-31,-40.8,97.29
2013-01-01,-45.27,95.32
2013-01-02,-45.03,96.4
2013-01-03,-48.24,94.19
2013-01-04,-48.82,93.81
2013-01-05,-42.94,94.97
2013-01-06,-43.16,95.85
2013-01-07,-41.25,98.24
2013-01-08,-42.87,99.31
2013-01-09,-42.79,98.38
2013-01-10,-43.78,98.76
2013-01-11,-46.38,97.36
2013-01-12,-45.02,95.95
2013-01-13,-44.96,95.97
2013-01-14,-44.62,95.26
2013-01-15,-44.88,96.02
2013-01-16,-44.19,97.56
2013-01-17,-41.75,97.94
2013-01-18,-40.99,96.96
2013-01-19,-36.22,97.41
2013-01-20,-34.7,97.14
2013-01-21,-32.17,97
2013-01-22,-33.73,97.04
2013-01-23,-34.82,97.35
2013-01-24,-37.62,97.92
2013-01-25,-37.91,97.05
2013-01-26,-45.81,94.93
2013-01-27,-42.5,96.9
2013-01-28,-40.8,97.83
2013-01-29,-38.09,95.98
2013-01-30,-32.94,98.67
2013-01-31,-33.56,97.1
2013-02-01,-39.53,97.19
2013-02-02,-42.7,98.36
2013-02-03,-45.59,94.95
2013-02-04,-40.51,97.13
2013-02-05,-40.01,96.64
2013-02-06,-39.6,95.84
2013-02-07,-40.18,97.35
2013-02-08,-44.27,99.31
2013-02-09,-39.8,96.94
2013-02-10,-37.88,98.04
2013-02-11,-37.41,98.86
2013-02-12,-35.86,98.02
2013-02-13,-44.12,97.49
2013-02-14,-37.1,97.77
2013-02-15,-31.85,98.18
2013-02-16,-31.08,98.23
2013-02-17,-31.71,99.74
2013-02-18,-38.9,99.29
2013-02-19,-34.13,99.19
2013-02-20,-29.55,99.56
2013-02-21,-28.87,97.62
2013-02-22,-32.2,99.07
2013-02-23,-31.92,98.56
2013-02-24,-26.07,99.21
2013-02-25,-25.42,98.16
2013-02-26,-24.7,98.35
2013-02-27,-25.9,97.83
2013-02-28,-26.58,97.01
2013-03-01,-29.64,97.81
2013-03-02,-30.28,98.82
2013-03-03,-24.9,98.57
2013-03-04,-21.11,98.71
2013-03-05,-22.01,98.42
2013-03-06,-20.88,98.08
2013-03-07,-22.67,97.75
2013-03-08,-29.06,96.04
2013-03-09,-32.65,97.63
2013-03-10,-29.59,97.12
2013-03-11,-29.58,98.42
2013-03-12,-25.91,95.49
2013-03-13,-26.27,96.89
2013-03-14,-26.65,97.91
2013-03-15,-28.38,96.68
2013-03-16,-27.31,96.93
2013-03-17,-26.41,96.49
2013-03-18,-24.4,94.63
2013-03-19,-24.59,92.66
2013-03-20,-20.83,96.41
2013-03-21,-16.74,98.58
2013-03-22,-17.35,97.12
2013-03-23,-19.11,96.96
2013-03-24,-18.82,96.82
2013-03-25,-17.09,96.96
2013-03-26,-14.12,97.36
2013-03-27,-11.5,98.94
2013-03-28,-11.28,98.01
2013-03-29,-13.26,98.34
2013-03-30,-14.86,96.93
2013-03-31,-18.19,97.46
2013-04-01,-18.12,91.59
2013-04-02,-15.61,94.83
2013-04-03,-17.56,96.26
2013-04-04,-14.72,95.45
2013-04-05,-8.05,98.21
2013-04-06,-6.76,97.86
2013-04-07,-7.79,97.1
2013-04-08,-8.44,98.11
2013-04-09,-7.54,97.46
2013-04-10,-5.48,97.2
2013-04-11,-9.48,97.58
2013-04-12,-3.6,98.06
2013-04-13,-11.43,97.07
2013-04-14,-9.49,96.62
2013-04-15,-6.9,98.08
2013-04-16,-2.54,98.23
2013-04-17,-2.55,98.53
2013-04-18,-4.18,97.58
2013-04-19,-3.11,97.99
2013-04-20,-2.08,98.42
2013-04-21,-2.12,98.75
2013-04-22,-2.85,98.21
2013-04-23,-2.84,96.62
2013-04-24,-3.75,94.23
2013-04-25,-7.37,93.68
2013-04-26,-1.74,87.88
2013-04-27,-0.76,88.11
2013-04-28,2.16,82.67
2013-04-29,4.54,81.47
2013-04-30,3.84,88.14
2013-05-01,6.2,83.87
2013-05-02,8.68,70.33
2013-05-03,9.68,70.17
2013-05-04,11.2,71.3
2013-05-05,4.63,86.73
2013-05-06,5.51,84.45
2013-05-07,8.06,63.12
2013-05-08,5.95,74.97
2013-05-09,9.83,65.65
2013-05-10,8.88,77.01
2013-05-11,7.95,72
2013-05-12,5.89,84.06
2013-05-13,11.27,71.03
2013-05-14,12.64,68.21
2013-05-15,12.84,66.54
2013-05-16,4.63,78.51
2013-05-17,9.8,56.76
2013-05-18,10.28,66.77
2013-05-19,9.25,80.02
2013-05-20,5.32,60.92
2013-05-21,4.14,79.89
2013-05-22,4.98,77.25
2013-05-23,8.66,78.3
2013-05-24,7.71,95.2
2013-05-25,7.59,85.97
2013-05-26,8.62,57.66
2013-05-27,9.1,54.77
2013-05-28,12.66,51.38
2013-05-29,13.4,65.08
2013-05-30,10.25,78.25
2013-05-31,7.26,79.86
2013-06-01,9.14,78.94
2013-06-02,12.61,80.6
2013-06-03,11.04,82.57
2013-06-04,13.09,82.11
2013-06-05,11.34,86.8
2013-06-06,11.26,82.62
2013-06-07,12.87,78.68
2013-06-08,10.07,80.15
2013-06-09,10.1,66.75
2013-06-10,15.34,63.63
2013-06-11,18.21,65.87
2013-06-12,19.23,67.01
2013-06-13,17.37,73.56
2013-06-14,15.5,78.73
2013-06-15,14.89,71.5
2013-06-16,15.84,77.56
2013-06-17,17.28,75.23
2013-06-18,21.68,58.9
2013-06-19,23.48,57.4
2013-06-20,19.15,60.81
2013-06-21,19.92,62.84
2013-06-22,19.66,70.46
2013-06-23,19.86,66.54
2013-06-24,18.38,83.8
2013-06-25,16.03,60.21
2013-06-26,11.78,81.66
2013-06-27,17.08,64.49
2013-06-28,22.61,72.74
2013-06-29,20.33,61.56
2013-06-30,17.3,71.79
2013-07-01,22.1,59.77
2013-07-02,22.33,68.58
2013-07-03,16.76,61.38
2013-07-04,17.01,56.53
2013-07-05,16.71,94.07
2013-07-06,13.05,94.14
2013-07-07,7.74,86.91
2013-07-08,9.85,70.31
2013-07-09,13.26,64.22
2013-07-10,13.9,74.99
2013-07-11,16.63,71.28
2013-07-12,19.21,63.21
2013-07-13,21.16,61.03
2013-07-14,21.7,63.42
2013-07-15,19.22,84.97
2013-07-16,18.75,82.05
2013-07-17,19.53,95.79
2013-07-18,21.23,77.04
2013-07-19,22.86,78.59
2013-07-20,21.36,81.71
2013-07-21,22.13,77.08
2013-07-22,15.15,87.63
2013-07-23,13.33,71.89
2013-07-24,15.1,55.41
2013-07-25,16.63,56.58
2013-07-26,18.96,57.39
2013-07-27,20.85,56.4
2013-07-28,19.33,66.52
2013-07-29,16.17,88.08
2013-07-30,15.5,97.24
2013-07-31,18.24,87.09
2013-08-01,18.97,93.1
2013-08-02,18.79,90.89
2013-08-03,20.34,80.51
2013-08-04,17.65,85.85
2013-08-05,17.04,72.49
2013-08-06,18.6,65.32
2013-08-07,20.48,61.59
2013-08-08,20.16,69.93
2013-08-09,19.21,70.17
2013-08-10,19.1,72.83
2013-08-11,19.54,85.68
2013-08-12,19.55,69.52
2013-08-13,17.15,83.67
2013-08-14,15.35,74.1
2013-08-15,11.18,83.09
2013-08-16,12.51,67.29
2013-08-17,15.21,67.71
2013-08-18,16.22,65.56
2013-08-19,12.5,58.4
2013-08-20,11.05,66.27
2013-08-21,9.99,65.09
2013-08-22,11.26,56.5
2013-08-23,11.43,67.45
2013-08-24,11.88,70.39
2013-08-25,13,84.16
2013-08-26,7.8,96.82
2013-08-27,10.82,82.59
2013-08-28,13.74,68.39
2013-08-29,14.12,64.09
2013-08-30,13.75,71.25
2013-08-31,15.64,63.28
2013-09-01,7.33,72.1
2013-09-02,7.86,70.15
2013-09-03,10.03,78.44
2013-09-04,9.49,70.87
2013-09-05,11.72,79.34
2013-09-06,13.74,90.24
2013-09-07,10.21,86.63
2013-09-08,5.8,75.18
2013-09-09,8.19,74.61
2013-09-10,4.82,95.98
2013-09-11,5.14,91.84
2013-09-12,4.35,95.83
2013-09-13,4.77,86.1
2013-09-14,5.66,79.44
2013-09-15,6.41,80.04
2013-09-16,5.27,72.77
2013-09-17,4.48,75.02
2013-09-18,1.75,77.4
2013-09-19,2.28,71
2013-09-20,2.72,70.1
2013-09-21,3.39,86.4
2013-09-22,4.21,78.3
2013-09-23,2,85.95
2013-09-24,0.13,89.72
2013-09-25,-2.57,86.82
2013-09-26,0.12,91.48
2013-09-27,-0.57,83.1
2013-09-28,0.19,79.3
2013-09-29,-2.2,74.67
2013-09-30,-2.09,69.31
2013-10-01,-4.55,72.97
2013-10-02,-5.61,83.11
2013-10-03,-6.57,78.21
2013-10-04,-6.15,77.81
2013-10-05,-3.14,79.23
2013-10-06,-2.12,85.43
2013-10-07,-1.08,86.57
2013-10-08,-0.67,88.81
2013-10-09,-5.66,75.88
2013-10-10,-2.39,84.41
2013-10-11,-2.19,96.16
2013-10-12,-1.42,93.3
2013-10-13,-6.38,89.42
2013-10-14,-10.08,88.35
2013-10-15,-8.09,93.29
2013-10-16,-7.18,94.03
2013-10-17,-7.72,94.05
2013-10-18,-7.48,96.73
2013-10-19,-4.71,97.83
2013-10-20,-3.35,98.74
2013-10-21,-7.12,96.32
2013-10-22,-13.14,95.19
2013-10-23,-11.89,97.41
2013-10-24,-10.71,97.54
2013-10-25,-7.46,96.8
2013-10-26,-10.89,95.58
2013-10-27,-15.99,97.02
2013-10-28,-14.04,95.42
2013-10-29,-9.38,97.78
2013-10-30,-17.73,97.36
2013-10-31,-9.25,98.65
2013-11-01,-4.53,99.05
2013-11-02,-25.98,99.23
2013-11-03,-20.07,99.88
2013-11-04,-19.83,97.2
2013-11-05,-28.64,99.07
2013-11-06,-33.88,99.35
2013-11-07,-30.82,98.31
2013-11-08,-37.5,99.69
2013-11-09,-29.96,99.37
2013-11-10,-32.12,99.29
2013-11-11,-33.9,99.18
2013-11-12,-24.51,99.45
2013-11-13,-23.15,99.84
2013-11-14,-25.71,99.28
2013-11-15,-22.73,98.44
2013-11-16,-23.82,99.31
2013-11-17,-26,98.94
2013-11-18,-28.22,98.88
2013-11-19,-27.39,99.15
2013-11-20,-26.32,99.1
2013-11-21,-16.21,99.69
2013-11-22,-14.63,99.96
2013-11-23,-16.3,99.51
2013-11-24,-21.14,99.61
2013-11-25,-27.46,95.79
2013-11-26,-30.83,98.55
2013-11-27,-35.88,98.75
2013-11-28,-27.05,99.5
2013-11-29,-24.83,98.36
2013-11-30,-27.82,99.06
2013-12-01,-31.38,99.29
2013-12-02,-30.13,98.46
2013-12-03,-26.37,98.96
2013-12-04,-24.94,98.41
2013-12-05,-25.98,97.44
2013-12-06,-28.88,98.41
2013-12-07,-29.74,97.79
2013-12-08,-28.79,97.31
2013-12-09,-28.1,98.55
2013-12-10,-31.61,98.81
2013-12-11,-37.98,98.43
2013-12-12,-30.49,96.56
2013-12-13,-30.55,97.62
2013-12-14,-32.28,98.75
2013-12-15,-32.89,99.3
2013-12-16,-29.36,97.96
2013-12-17,-25.82,98.03
2013-12-18,-27.81,98.87
2013-12-19,-27.58,97.08
2013-12-20,-30.14,92.08
2013-12-21,-28.22,95.79
2013-12-22,-29.76,98.32
2013-12-23,-29.36,98.49
2013-12-24,-29.91,99.36
2013-12-25,-31.2,99.46
2013-12-26,-35.31,98.89
2013-12-27,-44.34,97.64
2013-12-28,-40.16,98.42
2013-12-29,-37.41,97.67
2013-12-30,-40.83,98.41
2013-12-31,-42.24,95.66
2014-01-01,-39.85,97.6
2014-01-02,-42.29,96.49
2014-01-03,-47.42,92.43
2014-01-04,-46.41,96.19
2014-01-05,-42.62,97.39
2014-01-06,-36.34,98.13
2014-01-07,-41.3,94.49
2014-01-08,-45.66,97.1
2014-01-09,-47.24,93.69
2014-01-10,-45.28,93.93
2014-01-11,-44.4,98.88
2014-01-12,-41.02,96.35
2014-01-13,-40.66,97.67
2014-01-14,-40.96,97.26
2014-01-15,-44.51,95.74
2014-01-16,-45.33,97.75
2014-01-17,-43.4,97.67
2014-01-18,-41.99,98.05
2014-01-19,-45.24,97.36
2014-01-20,-42.55,97.27
2014-01-21,-47.16,97.43
2014-01-22,-42.44,98.1
2014-01-23,-35.75,98.12
2014-01-24,-35.31,98.93
2014-01-25,-40.91,98.83
2014-01-26,-45.53,97.98
2014-01-27,-44.84,94.6
2014-01-28,-47.23,95.38
2014-01-29,-45.08,97.87
2014-01-30,-45.91,95.47
2014-01-31,-45.88,95.8
2014-02-01,-41.92,99.12
2014-02-02,-43.82,100
2014-02-03,-46.34,98.97
2014-02-04,-46.49,98.65
2014-02-05,-46.36,99.19
2014-02-06,-46.14,96.99
2014-02-07,-40.9,95.42
2014-02-08,-35.31,94.77
2014-02-09,-34.5,92.26
2014-02-10,-32.55,95.13
2014-02-11,-30.74,95.2
2014-02-12,-29.05,96.79
2014-02-13,-28.34,96.77
2014-02-14,-33.55,96.83
2014-02-15,-32.92,97.13
2014-02-16,-33.58,97.24
2014-02-17,-38.44,99.35
2014-02-18,-40.88,99.57
2014-02-19,-37.09,98.52
2014-02-20,-27.73,98.51
2014-02-21,-29.33,99.4
2014-02-22,-19.38,98.2
2014-02-23,-22.06,98.64
2014-02-24,-26.57,97.23
2014-02-25,-23.95,96.79
2014-02-26,-23.45,97.57
2014-02-27,-24.95,96.88
2014-02-28,-30.7,96.83
2014-03-01,-32.78,97.74
2014-03-02,-34.37,98.24
2014-03-03,-26.5,95.72
2014-03-04,-27.26,95.51
2014-03-05,-27.72,98.04
2014-03-06,-27.8,99.33
2014-03-07,-26,99.36
2014-03-08,-26.04,98.53
2014-03-09,-26.19,99.12
2014-03-10,-23.93,98.6
2014-03-11,-20.11,98.76
2014-03-12,-19.12,99.7
2014-03-13,-17.11,99.25
2014-03-14,-14.83,99.29
2014-03-15,-11.79,97.55
2014-03-16,-16.29,98.1
2014-03-17,-14.44,99.88
2014-03-18,-9.22,98.52
2014-03-19,-8.64,97.71
2014-03-20,-10.91,99.09
2014-03-21,-14.91,98.42
2014-03-22,-9.32,98.98
2014-03-23,-6.06,98.57
2014-03-24,-10.85,98.09
2014-03-25,-8.89,97.65
2014-03-26,-11.16,95.8
2014-03-27,-7.74,97.47
2014-03-28,-13.24,98.58
2014-03-29,-9.12,97.39
2014-03-30,-10.1,98.39
2014-03-31,-14.32,97.82
2014-04-01,-13.76,96.34
2014-04-02,-11.04,96.33
2014-04-03,-9.51,98.4
2014-04-04,-11.37,97.88
2014-04-05,-8.99,98.49
2014-04-06,-3.08,97.49
2014-04-07,-4.17,95.77
2014-04-08,-8.93,97.67
2014-04-09,-7.27,97.04
2014-04-10,-3.09,98.45
2014-04-11,-0.45,98.62
2014-04-12,0.29,97.55
2014-04-13,-6.31,97.01
2014-04-14,-5.3,96.69
2014-04-15,-3.73,97.69
2014-04-16,-3.69,98.5
2014-04-17,-1.12,96.92
2014-04-18,-4.57,90.44
2014-04-19,-2,82.68
2014-04-20,0.73,81.67
2014-04-21,1.84,88
2014-04-22,2.38,89.54
2014-04-23,2.36,83.89
2014-04-24,0.49,85.76
2014-04-25,1.52,90.95
2014-04-26,-0.13,80.18
2014-04-27,1.84,69.77
2014-04-28,2.72,72.15
2014-04-29,4.2,80.29
2014-04-30,0.31,86.74
2014-05-01,-1.01,88.99
2014-05-02,-2.31,83.74
2014-05-03,-0.87,80.57
2014-05-04,2.66,79.89
2014-05-05,6.9,61.14
2014-05-06,11.03,60.47
2014-05-07,12.19,70.81
2014-05-08,8.03,68.21
2014-05-09,5.03,86.16
2014-05-10,10.06,78.26
2014-05-11,5.66,89.51
2014-05-12,0.41,62.56
2014-05-13,-0.17,63.28
2014-05-14,3.32,65.3
2014-05-15,8.85,56.53
2014-05-16,10.74,64.31
2014-05-17,14,70.15
2014-05-18,13.15,68.23
2014-05-19,9.62,68.59
2014-05-20,8.56,66.89
2014-05-21,10.17,70.44
2014-05-22,10.93,73.93
2014-05-23,7.65,89.3
2014-05-24,8.11,72.42
2014-05-25,10.87,71.27
2014-05-26,10.21,77.35
2014-05-27,9.2,83.25
2014-05-28,8.77,82.04
2014-05-29,8.44,86.72
2014-05-30,11.38,81.77
2014-05-31,12.89,81.5
2014-06-01,9.28,77.47
2014-06-02,8.69,82.43
2014-06-03,5.72,83.31
2014-06-04,6.77,79.46
2014-06-05,11.04,68.01
2014-06-06,12.37,78.21
2014-06-07,11.9,77.04
2014-06-08,15.01,71.24
2014-06-09,14.47,80.14
2014-06-10,17.66,71.62
2014-06-11,19.06,80.02
2014-06-12,20.37,77.83
2014-06-13,17.03,82.23
2014-06-14,16.57,73.3
2014-06-15,16.22,78.2
2014-06-16,12.97,72.46
2014-06-17,16.59,68.7
2014-06-18,17.39,68.58
2014-06-19,21.43,66.8
2014-06-20,23.18,70.93
2014-06-21,24.29,64.03
2014-06-22,22.07,60.39
2014-06-23,17.23,71.57
2014-06-24,13.44,78.28
2014-06-25,11.14,66.7
2014-06-26,13.43,69.42
2014-06-27,12.28,66.96
2014-06-28,14.62,53.63
2014-06-29,16.95,52.88
2014-06-30,15.84,84.24
2014-07-01,16.05,82.55
2014-07-02,18.37,58.85
2014-07-03,18.17,70.03
2014-07-04,14.64,80.35
2014-07-05,15.48,91.05
2014-07-06,17.62,85.65
2014-07-07,16.48,89.46
2014-07-08,18.64,67.32
2014-07-09,19.92,63.95
2014-07-10,22.47,57.74
2014-07-11,22.3,64.29
2014-07-12,21.53,68
2014-07-13,22.47,63.84
2014-07-14,21.53,62.42
2014-07-15,23.58,58.26
2014-07-16,24.55,62.55
2014-07-17,23.02,65.21
2014-07-18,19.22,62.56
2014-07-19,18.6,72.78
2014-07-20,17.38,84.9
2014-07-21,15.08,73.3
2014-07-22,15.61,64.31
2014-07-23,18.58,55.39
2014-07-24,19.46,59.02
2014-07-25,18.31,55.93
2014-07-26,17.6,51.47
2014-07-27,15.98,56.97
2014-07-28,17.9,51.12
2014-07-29,18.62,56.49
2014-07-30,19.85,59.92
2014-07-31,19.17,60
2014-08-01,18.4,68.26
2014-08-02,18.63,65.99
2014-08-03,17.04,79.55
2014-08-04,12.69,71.32
2014-08-05,11.81,66.91
2014-08-06,12.12,72.5
2014-08-07,17.63,68.55
2014-08-08,19.32,64
2014-08-09,18.29,72.38
2014-08-10,20.14,73.61
2014-08-11,18.14,75.45
2014-08-12,17.4,70.79
2014-08-13,14.91,53.85
2014-08-14,14.62,59
2014-08-15,18.72,63.34
2014-08-16,13.54,61.31
2014-08-17,17.13,58.76
2014-08-18,18.65,58.29
2014-08-19,21.65,62.03
2014-08-20,19.33,65.71
2014-08-21,12.98,91.65
2014-08-22,15.02,70.35
2014-08-23,16.58,69.24
2014-08-24,15.39,65.61
2014-08-25,19.59,70.57
2014-08-26,17.26,61.23
2014-08-27,16.63,70.7
2014-08-28,14.86,68.91
2014-08-29,15.36,68.07
2014-08-30,15.24,63.9
2014-08-31,5.21,86.09
2014-09-01,7.98,65.62
2014-09-02,9.08,76.02
2014-09-03,16.23,61.48
2014-09-04,6.54,67.62
2014-09-05,6.57,78.06
2014-09-06,6.72,61.09
2014-09-07,6.88,65.47
2014-09-08,6.83,75.82
2014-09-09,14.38,73.12
2014-09-10,6.84,88.66
2014-09-11,9.79,72.07
2014-09-12,8.51,69.55
2014-09-13,5.59,90.4
2014-09-14,7.93,73.57
2014-09-15,5.42,97.84
2014-09-16,6.4,82.62
2014-09-17,5.03,74.47
2014-09-18,4.49,65.92
2014-09-19,4.37,73.17
2014-09-20,4.81,72.36
2014-09-21,5.42,85.72
2014-09-22,1.32,89.04
2014-09-23,0.21,91.46
2014-09-24,0.41,85.43
2014-09-25,0.29,90.91
2014-09-26,-1.87,86.23
2014-09-27,-2.24,78.73
2014-09-28,-2.34,81.06
2014-09-29,-4.58,78.13
2014-09-30,-4.01,77.6
2014-10-01,-4.53,87.38
2014-10-02,-2.92,84.61
2014-10-03,-1.88,85.29
2014-10-04,-2.82,85.57
2014-10-05,-4.46,85.78
2014-10-06,-4.77,82.44
2014-10-07,-4.06,83.49
2014-10-08,-5.19,81.66
2014-10-09,-4.33,84.21
2014-10-10,-5.13,85.27
2014-10-11,-3.59,86.97
2014-10-12,-5.77,87.53
2014-10-13,-4.72,81.3
2014-10-14,-5.45,94.3
2014-10-15,-5.28,90.88
2014-10-16,-6.28,90.03
2014-10-17,-8.19,89.39
2014-10-18,-6.05,90.6
2014-10-19,-11.47,81.72
2014-10-20,-11.71,89.99
2014-10-21,-10.58,98.22
2014-10-22,-16.94,99.94
2014-10-23,-19.94,96.72
2014-10-24,-21.44,99.15
2014-10-25,-20.42,99.49
2014-10-26,-17.19,99.56
2014-10-27,-16.81,99.25
2014-10-28,-12.18,99.54
2014-10-29,-16.18,99.37
2014-10-30,-16.31,99.45
2014-10-31,-13.66,99.86
2014-11-01,-14.38,99.99
2014-11-02,-16.17,99.93
2014-11-03,-21.66,99.33
2014-11-04,-24.26,98.87
2014-11-05,-26.57,99.49
2014-11-06,-20.49,100
2014-11-07,-18.89,99.98
2014-11-08,-26.23,99.27
2014-11-09,-29.11,99.39
2014-11-10,-25.72,98.9
2014-11-11,-32.32,98.98
2014-11-12,-39.62,99.39
2014-11-13,-42.25,98.7
2014-11-14,-29.18,98.81
2014-11-15,-20.82,99.92
2014-11-16,-25.28,99.05
2014-11-17,-22.37,99.13
2014-11-18,-25.18,97.83
2014-11-19,-25.66,98.34
2014-11-20,-30.7,99.31
2014-11-21,-29.21,98.48
2014-11-22,-28.46,98.67
2014-11-23,-28.33,98.89
2014-11-24,-25.41,99.7
2014-11-25,-27.51,98.39
2014-11-26,-23.91,97.69
2014-11-27,-28.48,96.34
2014-11-28,-32.22,97.06
2014-11-29,-32.49,98.18
2014-11-30,-34.77,97.57
2014-12-01,-35.91,97.44
2014-12-02,-40.1,98.16
2014-12-03,-32.62,96.57
2014-12-04,-33.68,97.04
2014-12-05,-36.49,97.93
2014-12-06,-32.82,98.08
2014-12-07,-34.71,98.16
2014-12-08,-37.21,99.49
2014-12-09,-39.85,99.5
2014-12-10,-35.77,98.69
2014-12-11,-34.76,96.65
2014-12-12,-42.84,98.59
2014-12-13,-45.84,95.81
2014-12-14,-44.86,98.41
2014-12-15,-46.09,96.27
2014-12-16,-45.03,95.34
2014-12-17,-49.19,94.27
2014-12-18,-49.37,92.97
2014-12-19,-41.96,95.45
2014-12-20,-47.16,92.96
2014-12-21,-49.4,96.83
2014-12-22,-48.35,97.04
2014-12-23,-45.92,98.94
2014-12-24,-41.4,97.83
2014-12-25,-35.2,97.85
2014-12-26,-32.12,98.11
2014-12-27,-31.71,97.73
2014-12-28,-35.76,99.2
2014-12-29,-36.06,98.34
2014-12-30,-27.95,99.11
2014-12-31,-30.84,97.9
2015-01-01,-37.13,98.42
2015-01-02,-40.55,99.13
2015-01-03,-37.88,99.01
2015-01-04,-36.88,99.15
2015-01-05,-38.25,94.68
2015-01-06,-32.68,97.95
2015-01-07,-37.38,97.69
2015-01-08,-39.48,97.98
2015-01-09,-42.11,96.03
2015-01-10,-42.75,97.73
2015-01-11,-38.33,98.29
2015-01-12,-31.32,99.63
2015-01-13,-29.31,97.43
2015-01-14,-35.84,97.79
2015-01-15,-38.53,96.92
2015-01-16,-32.59,97.84
2015-01-17,-29.28,96.52
2015-01-18,-29.9,97.87
2015-01-19,-30.51,98.59
2015-01-20,-28.61,98.29
2015-01-21,-32.29,98.55
2015-01-22,-28,98.76
2015-01-23,-24.49,98.6
2015-01-24,-31.4,99.61
2015-01-25,-35.36,97.92
2015-01-26,-30.55,98.61
2015-01-27,-29.51,99.77
2015-01-28,-31.37,99.06
2015-01-29,-30,99.54
2015-01-30,-26.87,99.65
2015-01-31,-19.31,98.87
2015-02-01,-26.2,94.95
2015-02-02,-42.46,98.77
2015-02-03,-29.95,98.32
2015-02-04,-34.51,98.58
2015-02-05,-34.23,97.3
2015-02-06,-46.09,93.12
2015-02-07,-47.92,97.15
2015-02-08,-45.72,95.32
2015-02-09,-38.24,99.18
2015-02-10,-32.59,98.19
2015-02-11,-26.97,99.55
2015-02-12,-21.49,98.42
2015-02-13,-21.5,98.31
2015-02-14,-25.77,99.28
2015-02-15,-24.11,98.74
2015-02-16,-22.53,96.49
2015-02-17,-22.22,98.24
2015-02-18,-28.26,99.19
2015-02-19,-25.8,99.21
2015-02-20,-33.45,99.01
2015-02-21,-35.18,99.63
2015-02-22,-33.36,99.57
2015-02-23,-26.56,99.13
2015-02-24,-23.71,97.34
2015-02-25,-21.49,97.44
2015-02-26,-22.08,97.52
2015-02-27,-20.23,99.45
2015-02-28,-21.33,98.78
2015-03-01,-30.55,98.23
2015-03-02,-30.19,97.09
2015-03-03,-28.56,98.11
2015-03-04,-30.3,98.76
2015-03-05,-29.19,98.41
2015-03-06,-27.59,98.97
2015-03-07,-30.29,97.25
2015-03-08,-32.35,98.03
2015-03-09,-28.05,98.99
2015-03-10,-25.4,99.31
2015-03-11,-22.15,94.79
2015-03-12,-18.85,97.96
2015-03-13,-12.42,97.71
2015-03-14,-8.19,99.1
2015-03-15,-11.21,97.98
2015-03-16,-10.54,98.75
2015-03-17,-13.03,97.96
2015-03-18,-9.74,98.26
2015-03-19,-8.58,97.51
2015-03-20,-9.11,97.83
2015-03-21,-13.58,96.85
2015-03-22,-17.42,95.76
2015-03-23,-13.38,98.83
2015-03-24,-4.26,98.09
2015-03-25,-0.21,97.6
2015-03-26,-13.77,93.68
2015-03-27,-18.46,95.83
2015-03-28,-20.22,96
2015-03-29,-18.81,97.12
2015-03-30,-11.31,97.52
2015-03-31,-9.58,97.84
2015-04-01,-19.74,95.52
2015-04-02,-22.49,97.06
2015-04-03,-17.17,97.21
2015-04-04,-18.14,97.86
2015-04-05,-15.67,96.16
2015-04-06,-13.52,96.77
2015-04-07,-13.18,95.31
2015-04-08,-14.1,96.38
2015-04-09,-12.84,96.1
2015-04-10,-10.91,96.88
2015-04-11,-9.9,95.32
2015-04-12,-6.5,97.72
2015-04-13,-6.37,97.9
2015-04-14,-8.84,97.73
2015-04-15,-4.73,97.57
2015-04-16,-4.32,99.1
2015-04-17,-3.92,98.44
2015-04-18,-6.96,96.88
2015-04-19,-7.31,97.24
2015-04-20,-6.77,98.08
2015-04-21,-4.23,98.14
2015-04-22,-1.64,97.65
2015-04-23,-3.72,97.9
2015-04-24,-2.49,96.63
2015-04-25,-1.6,96.06
2015-04-26,-1.48,95.56
2015-04-27,-1.11,98.85
2015-04-28,-0.21,94.61
2015-04-29,-0.21,93.05
2015-04-30,0.06,95.31
2015-05-01,1.34,85.93
2015-05-02,2.34,78.25
2015-05-03,2.65,73.46
2015-05-04,2.91,75.2
2015-05-05,4.65,72.41
2015-05-06,4.85,68.8
2015-05-07,6.95,68.98
2015-05-08,7.1,63.37
2015-05-09,2.25,59.25
2015-05-10,2.32,62.15
2015-05-11,4.88,93.58
2015-05-12,8.85,89.11
2015-05-13,-2.61,80.79
2015-05-14,0.74,69.93
2015-05-15,3.79,68.37
2015-05-16,4.36,71.12
2015-05-17,6.78,82.87
2015-05-18,6.38,75.17
2015-05-19,6.89,80.67
2015-05-20,5.62,79.13
2015-05-21,0.92,75.35
2015-05-22,1.76,74.71
2015-05-23,5.82,65.03
2015-05-24,8.84,63.25
2015-05-25,11.77,65.04
2015-05-26,9.52,83.91
2015-05-27,8.36,71.16
2015-05-28,6.55,84.13
2015-05-29,8.23,83.35
2015-05-30,8.42,82.6
2015-05-31,7.16,85.52
2015-06-01,8.27,73.4
2015-06-02,8.15,76.89
2015-06-03,8.32,85.19
2015-06-04,12.07,81.33
2015-06-05,15.02,79.35
2015-06-06,13.54,87.93
2015-06-07,13.94,80.59
2015-06-08,13.35,81.53
2015-06-09,15.7,68.66
2015-06-10,14.89,84.26
2015-06-11,18.04,75
2015-06-12,20.84,71.31
2015-06-13,15.78,71.1
2015-06-14,13.7,80.07
2015-06-15,9.51,63.98
2015-06-16,8.02,72
2015-06-17,12.19,57.4
2015-06-18,15.97,74.27
2015-06-19,19.19,71.37
2015-06-20,15.81,67.82
2015-06-21,18.89,78.54
2015-06-22,14.56,88.82
2015-06-23,11.65,80.65
2015-06-24,13.22,82.02
2015-06-25,14.2,85.09
2015-06-26,16.5,79.02
2015-06-27,10.28,84.19
2015-06-28,9.39,91.12
2015-06-29,12.41,70.11
2015-06-30,16.19,70.51
2015-07-01,18.54,73.76
2015-07-02,15.24,76.4
2015-07-03,15.89,76.14
2015-07-04,14.18,78.95
2015-07-05,16.04,69.57
2015-07-06,17.89,75.42
2015-07-07,18.84,69.58
2015-07-08,23.57,52.52
2015-07-09,25.59,70.77
2015-07-10,20.15,90.15
2015-07-11,19.43,76.01
2015-07-12,23.22,64.29
2015-07-13,23.56,64.72
2015-07-14,22.41,65.08
2015-07-15,19.4,69.05
2015-07-16,21.85,67.41
2015-07-17,23.68,61.72
2015-07-18,24.8,59.66
2015-07-19,20.51,69.5
2015-07-20,19.37,60.87
2015-07-21,19.63,66.49
2015-07-22,20.46,81.45
2015-07-23,17.84,73.83
2015-07-24,14.73,74.85
2015-07-25,15.2,58.93
2015-07-26,15.27,63.12
2015-07-27,15.43,65.31
2015-07-28,15.44,62.34
2015-07-29,15.63,66.16
2015-07-30,17.84,63.88
2015-07-31,17.31,60.68
2015-08-01,17.01,63.06
2015-08-02,15.65,77.06
2015-08-03,13.86,85.19
2015-08-04,13.38,85.93
2015-08-05,17.93,60.63
2015-08-06,17.56,78.43
2015-08-07,20.44,70.58
2015-08-08,22.46,62.6
2015-08-09,22.52,69.06
2015-08-10,20.15,72.4
2015-08-11,16.23,75.48
2015-08-12,14.42,78.86
2015-08-13,14.99,69.06
2015-08-14,16.25,59.7
2015-08-15,15.29,73.76
2015-08-16,16.38,69.43
2015-08-17,13.22,94.41
2015-08-18,15.97,63.57
2015-08-19,13.48,76.06
2015-08-20,10.33,59.4
2015-08-21,12.41,66.72
2015-08-22,11.98,65.78
2015-08-23,19.33,71.07
2015-08-24,21.47,72.16
2015-08-25,18.03,66.08
2015-08-26,20.48,73.91
2015-08-27,16.53,79.76
2015-08-28,14.91,63.43
2015-08-29,15.92,68.6
2015-08-30,14.53,66.53
2015-08-31,12.14,55.44
2015-09-01,9.35,78.76
2015-09-02,8.07,76.09
2015-09-03,8.65,65.76
2015-09-04,9.82,72.37
2015-09-05,9.07,63.81
2015-09-06,11.57,53.22
2015-09-07,10.58,62.14
2015-09-08,12.39,64.39
2015-09-09,12.26,68.65
2015-09-10,11.22,78.09
2015-09-11,8.74,94.57
2015-09-12,7.27,85.4
2015-09-13,5.83,77.37
2015-09-14,5.17,56.2
2015-09-15,5.95,62.18
2015-09-16,3.02,96.02
2015-09-17,2.61,95.85
2015-09-18,4.75,79.88
2015-09-19,1.94,91.16
2015-09-20,1.34,87.43
2015-09-21,-0.12,80.42
2015-09-22,-0.55,79.63
2015-09-23,-0.69,77.13
2015-09-24,1.09,58.53
2015-09-25,0.17,63.73
2015-09-26,0.38,74.98
2015-09-27,-1.08,70.56
2015-09-28,-0.56,76.77
2015-09-29,0.02,71.2
2015-09-30,2.93,59.04
2015-10-01,0.59,78.32
2015-10-02,-0.41,76.23
2015-10-03,-2.27,85.13
2015-10-04,-0.94,85.4
2015-10-05,-2.9,86.66
2015-10-06,0.48,87.88
2015-10-07,0.3,95.48
2015-10-08,0.5,95.25
2015-10-09,-0.14,95.26
2015-10-10,-1.09,90.63
2015-10-11,-5.08,86.01
2015-10-12,-6.92,81.25
2015-10-13,-6.1,74.31
2015-10-14,-6.49,77.33
2015-10-15,-7.07,87.07
2015-10-16,-6.24,90.92
2015-10-17,-7.55,90.22
2015-10-18,-8.49,88.79
2015-10-19,-10.66,90.04
2015-10-20,-14.52,87.47
2015-10-21,-14.22,80.99
2015-10-22,-12.83,80.58
2015-10-23,-14.29,79.97
2015-10-24,-13.73,86.48
2015-10-25,-11.8,92.33
2015-10-26,-12.36,90.72
2015-10-27,-13.51,81.31
2015-10-28,-14.23,84.01
2015-10-29,-12.42,95.67
2015-10-30,-8.46,96.11
2015-10-31,-8.74,96.26
2015-11-01,-9.19,99.48
2015-11-02,-9.93,98.12
2015-11-03,-12.7,97.59
2015-11-04,-17.15,97.23
2015-11-05,-19.77,97.48
2015-11-06,-24.12,95.39
2015-11-07,-24.95,94.2
2015-11-08,-26.54,98.61
2015-11-09,-26.39,98.79
2015-11-10,-25.7,99.48
2015-11-11,-23.31,98.27
2015-11-12,-20.48,96.8
2015-11-13,-22.14,97.22
2015-11-14,-23.36,98.19
2015-11-15,-26.17,97.92
2015-11-16,-30.19,98.05
2015-11-17,-26.62,97.54
2015-11-18,-31.47,98.56
2015-11-19,-30.38,89.71
2015-11-20,-31.44,98.11
2015-11-21,-26.39,98.89
2015-11-22,-26.51,99.33
2015-11-23,-27.36,98.62
2015-11-24,-28.28,97.6
2015-11-25,-28.94,98.69
2015-11-26,-28.86,99.08
2015-11-27,-34.1,99.08
2015-11-28,-31.65,98.59
2015-11-29,-31.79,98.56
2015-11-30,-29.37,99.15
2015-12-01,-31.83,98.48
2015-12-02,-26.1,99.06
2015-12-03,-21.77,99.87
2015-12-04,-29.29,98.94
2015-12-05,-39.78,98.86
2015-12-06,-33.11,97.44
2015-12-07,-33.65,98.8
2015-12-08,-32.93,99.31
2015-12-09,-26.86,96.93
2015-12-10,-25.41,98.8
2015-12-11,-27.26,98.55
2015-12-12,-22.4,98.96
2015-12-13,-17.13,99.81
2015-12-14,-23.73,99.47
2015-12-15,-29.02,98.31
2015-12-16,-28.43,99.15
2015-12-17,-26.4,99.56
2015-12-18,-28.05,98.25
2015-12-19,-36.95,97.2
2015-12-20,-46.55,90.65
2015-12-21,-40.17,98.82
2015-12-22,-42.74,98.75
2015-12-23,-39.61,98.5
2015-12-24,-38.48,96.48
2015-12-25,-39,96.79
2015-12-26,-41.6,96.55
2015-12-27,-43.1,98.29
2015-12-28,-41.51,95.44
2015-12-29,-40.73,94.37
2015-12-30,-38.66,97.32
2015-12-31,-37.87,98.24
2016-01-01,-35.18,98.08
2016-01-02,-29.56,97.99
2016-01-03,-35.92,98.84
2016-01-04,-37.68,98.99
2016-01-05,-30.14,99.01
2016-01-06,-30.5,99.83
2016-01-07,-33.97,99.94
2016-01-08,-38.15,98.38
2016-01-09,-33.31,97.81
2016-01-10,-33.25,96.95
2016-01-11,-30.69,97.46
2016-01-12,-32.42,97.58
2016-01-13,-36.49,97.74
2016-01-14,-38.09,99.09
2016-01-15,-32.59,96.97
2016-01-16,-34.82,98.2
2016-01-17,-39.83,98.36
2016-01-18,-41.37,95.76
2016-01-19,-43.63,97.82
2016-01-20,-41.05,98.56
2016-01-21,-39.68,98.31
2016-01-22,-34.88,97.65
2016-01-23,-31.55,98.57
2016-01-24,-33.64,98.28
2016-01-25,-32.4,99.55
2016-01-26,-37.06,97.59
2016-01-27,-35.54,97
2016-01-28,-40.15,99.44
2016-01-29,-37.43,99.54
2016-01-30,-38.17,98.74
2016-01-31,-35.09,97.45
2016-02-01,-33.18,99.26
2016-02-02,-31.03,99.96
2016-02-03,-43.08,96.08
2016-02-04,-49.72,93.63
2016-02-05,-48.02,98.45
2016-02-06,-47.6,98.32
2016-02-07,-44.77,94.67
2016-02-08,-37.89,92.17
2016-02-09,-35.65,97.25
2016-02-10,-35.58,98.71
2016-02-11,-36.27,97.65
2016-02-12,-34.26,97.36
2016-02-13,-34.87,97.64
2016-02-14,-31.79,97.73
2016-02-15,-39.13,97.44
2016-02-16,-45.33,98.48
2016-02-17,-38.05,96.96
2016-02-18,-31.7,96.98
2016-02-19,-30.14,96.37
2016-02-20,-35.63,98.98
2016-02-21,-32.84,98.52
2016-02-22,-33.26,97.78
2016-02-23,-33.97,98.64
2016-02-24,-33.69,98.28
2016-02-25,-29.22,98.19
2016-02-26,-27.64,98.02
2016-02-27,-34.03,99.5
2016-02-28,-30.14,98.86
2016-02-29,-30.79,98.69
2016-03-01,-32.03,98.94
2016-03-02,-26.36,97.44
2016-03-03,-23.63,98.79
2016-03-04,-16.06,99.34
2016-03-05,-17.77,99.34
2016-03-06,-15.67,97.85
2016-03-07,-20.92,97.76
2016-03-08,-17.8,98.09
2016-03-09,-17.43,97.89
2016-03-10,-16.91,98.79
2016-03-11,-15.59,98.95
2016-03-12,-19.58,97.42
2016-03-13,-25,97.94
2016-03-14,-22.89,97.8
2016-03-15,-19.92,98.66
2016-03-16,-19.57,98.55
2016-03-17,-17.91,95.82
2016-03-18,-19.42,98.56
2016-03-19,-19.45,99.47
2016-03-20,-13.88,98.62
2016-03-21,-11.69,98.61
2016-03-22,-9.56,98.49
2016-03-23,-4.05,97.22
2016-03-24,-2.53,98.15
2016-03-25,-6.21,94.58
2016-03-26,-12.4,97.62
2016-03-27,-7.81,97.37
2016-03-28,-11.94,97.22
2016-03-29,-12.37,95.24
2016-03-30,-7.23,98.01
2016-03-31,-6.47,97.09
2016-04-01,-9.81,95.02
2016-04-02,-9.84,97.69
2016-04-03,-14.23,97.68
2016-04-04,-10.81,97.66
2016-04-05,-5.13,97.81
2016-04-06,-8.19,98.65
2016-04-07,-8.78,99.21
2016-04-08,-5.93,98.4
2016-04-09,-9,97.73
2016-04-10,-9.82,97.97
2016-04-11,-6.64,94.28
2016-04-12,-6.29,97.42
2016-04-13,-3.01,92.83
2016-04-14,-2.31,97
2016-04-15,-2.48,97.73
2016-04-16,-4.09,98.22
2016-04-17,-3.64,96.98
2016-04-18,-2.39,96.8
2016-04-19,-0.69,87.47
2016-04-20,-0.7,78.64
2016-04-21,-0.44,84.52
2016-04-22,0.91,85.64
2016-04-23,0.27,90.4
2016-04-24,0.68,78.34
2016-04-25,3.08,75.68
2016-04-26,3.32,74.57
2016-04-27,4.82,71.66
2016-04-28,7.7,62.78
2016-04-29,8.2,69.46
2016-04-30,8.17,74.69
2016-05-01,5.37,82.99
2016-05-02,5.71,72.28
2016-05-03,2.14,61.29
2016-05-04,1.75,75.76
2016-05-05,1.21,73.43
2016-05-06,1.2,77.94
2016-05-07,1.19,72.77
2016-05-08,4.25,63.83
2016-05-09,3.81,65.35
2016-05-10,1.93,92.89
2016-05-11,2.58,73.25
2016-05-12,4.71,61.6
2016-05-13,2.93,75.59
2016-05-14,2.33,65.61
2016-05-15,6.21,71.75
2016-05-16,5.86,74.11
2016-05-17,5.8,70.72
2016-05-18,3.67,72.81
2016-05-19,4.21,63.1
2016-05-20,5.16,66.25
2016-05-21,5.33,77.76
2016-05-22,6.13,75.2
2016-05-23,7.48,76.15
2016-05-24,4.28,74.36
2016-05-25,6.28,66.39
2016-05-26,9.02,78.52
2016-05-27,9.73,81.65
2016-05-28,11.1,77.95
2016-05-29,14.66,71.98
2016-05-30,16.26,69.66
2016-05-31,14.06,65.75
2016-06-01,12.5,62.48
2016-06-02,15.72,68.61
2016-06-03,14.85,68.61
2016-06-04,17.61,56.59
2016-06-05,13.69,77.9
2016-06-06,14.05,80.19
2016-06-07,15.54,79.23
2016-06-08,16.34,68.05
2016-06-09,18.28,57.71
2016-06-10,19.75,62.02
2016-06-11,19.73,60.85
2016-06-12,21.88,50.59
2016-06-13,20,61.04
2016-06-14,16.69,67
2016-06-15,13.58,83.09
2016-06-16,15.99,74.84
2016-06-17,13.19,67.98
2016-06-18,12.07,65.59
2016-06-19,8.98,77.11
2016-06-20,12.12,70.61
2016-06-21,12.22,76.27
2016-06-22,13.69,66.99
2016-06-23,11.28,70.28
2016-06-24,12.96,56.69
2016-06-25,14.83,71.28
2016-06-26,13.19,56.94
2016-06-27,13.48,65
2016-06-28,13.03,90.39
2016-06-29,20.61,56.39
2016-06-30,20.94,79.36
2016-07-01,24.38,61.51
2016-07-02,22.87,71.05
2016-07-03,20.33,76.66
2016-07-04,14.31,74.58
2016-07-05,17.93,55.18
2016-07-06,16.86,59.67
2016-07-07,19.7,56.4
2016-07-08,22.95,50.33
2016-07-09,23.48,57.55
2016-07-10,16.42,72.34
2016-07-11,13.77,50.92
2016-07-12,10.59,55.65
2016-07-13,7.17,83.27
2016-07-14,12.71,54.04
2016-07-15,13.42,66.8
2016-07-16,12.47,81.31
2016-07-17,16.4,61.82
2016-07-18,15.26,80.12
2016-07-19,14.43,91.76
2016-07-20,18.95,69.79
2016-07-21,14.08,87.57
2016-07-22,16.32,68.02
2016-07-23,16.52,61.65
2016-07-24,17.12,73.34
2016-07-25,15.84,97.86
2016-07-26,17.96,83.55
2016-07-27,20.53,75.53
2016-07-28,18.64,84.94
2016-07-29,19.79,77.8
2016-07-30,20.72,76.73
2016-07-31,21.04,58.31
2016-08-01,22.67,66.17
2016-08-02,14.69,82.33
2016-08-03,13.58,69.48
2016-08-04,16.29,65.75
2016-08-05,17.91,65.24
2016-08-06,15.7,81.16
2016-08-07,12.72,82.58
2016-08-08,12.32,91.36
2016-08-09,16.14,66.61
2016-08-10,15.22,71.82
2016-08-11,14.69,72.27
2016-08-12,16.31,51.87
2016-08-13,17.68,62.57
2016-08-14,12.34,75.06
2016-08-15,15.03,70.62
2016-08-16,16.15,82.77
2016-08-17,14.88,92.21
2016-08-18,11.76,87.33
2016-08-19,13.19,71.45
2016-08-20,15.11,60.13
2016-08-21,13.59,91.35
2016-08-22,9.54,96.86
2016-08-23,9.23,81.48
2016-08-24,10.66,73.63
2016-08-25,8.96,77.66
2016-08-26,3.51,57.05
2016-08-27,2.38,75.51
2016-08-28,4.76,68.66
2016-08-29,9.32,82.63
2016-08-30,12.43,85.16
2016-08-31,13.1,78.78
2016-09-01,11.81,79.62
2016-09-02,9.62,83.42
2016-09-03,12.27,76.53
2016-09-04,13.61,69.76
2016-09-05,13.33,76.55
2016-09-06,12.94,81.01
2016-09-07,7.36,72.81
2016-09-08,9.48,71.54
2016-09-09,9.8,70.95
2016-09-10,8.47,74.79
2016-09-11,8.55,67.08
2016-09-12,9.57,65.54
2016-09-13,9.95,74.13
2016-09-14,10.77,65.88
2016-09-15,6.44,63.37
2016-09-16,8.74,73.88
2016-09-17,9.92,78.4
2016-09-18,8.72,82.66
2016-09-19,6.72,78.79
2016-09-20,7.4,64.33
2016-09-21,5.94,72.96
2016-09-22,5.26,87.42
2016-09-23,3.46,89
2016-09-24,0.61,93.08
2016-09-25,-0.49,92.49
2016-09-26,-0.69,76.76
2016-09-27,-2.86,75.49
2016-09-28,-3.83,75.02
2016-09-29,-3.39,71.89
2016-09-30,-3.21,78.68
2016-10-01,-4.3,83.76
2016-10-02,-3.17,74.22
2016-10-03,-3.36,74.25
2016-10-04,-2.38,85.95
2016-10-05,-0.97,82.63
2016-10-06,-2.78,77.74
2016-10-07,-2.54,81.89
2016-10-08,-4.01,88.51
2016-10-09,-5.72,83.21
2016-10-10,-7.03,78.41
2016-10-11,-6.71,81.42
2016-10-12,-6.61,89.57
2016-10-13,-6.5,89.51
2016-10-14,-6.23,86.47
2016-10-15,-7.3,91.54
2016-10-16,-7.26,90.95
2016-10-17,-7.61,83.78
2016-10-18,-8.19,86.77
2016-10-19,-9.24,84.39
2016-10-20,-9.9,87.99
2016-10-21,-8.68,89.37
2016-10-22,-11.01,87.5
2016-10-23,-10.74,91.9
2016-10-24,-9.76,92.7
2016-10-25,-9.31,91.29
2016-10-26,-11.43,89.6
2016-10-27,-14.41,87.43
2016-10-28,-15.44,88.05
2016-10-29,-15.32,89.22
2016-10-30,-17.1,87.22
2016-10-31,-17.19,89.78
2016-11-01,-17.19,91.72
2016-11-02,-17.95,90.77
2016-11-03,-18.12,83.65
2016-11-04,-19.18,88.14
2016-11-05,-19.94,91.09
2016-11-06,-19.92,93.28
2016-11-07,-19.86,94.5
2016-11-08,-20.34,93.73
2016-11-09,-20.42,86.32
2016-11-10,-24.49,92.71
2016-11-11,-29.47,92.36
2016-11-12,-23.9,93.33
2016-11-13,-21.78,92.12
2016-11-14,-24.89,94.9
2016-11-15,-28.79,93.47
2016-11-16,-28.88,91.72
2016-11-17,-27.77,93.46
2016-11-18,-22.43,97.39
2016-11-19,-32.11,99.2
2016-11-20,-33.69,98.56
2016-11-21,-39.65,96.16
2016-11-22,-34.69,88.56
2016-11-23,-28.67,93.68
2016-11-24,-32.64,97.76
2016-11-25,-35.24,98.67
2016-11-26,-32.96,97.67
2016-11-27,-31.06,97.81
2016-11-28,-31.42,96.43
2016-11-29,-32.04,98.36
2016-11-30,-32.7,95.83
2016-12-01,-31.68,97.09
2016-12-02,-30.49,98.57
2016-12-03,-30.88,97.6
2016-12-04,-36.77,97.7
2016-12-05,-38.82,96.13
2016-12-06,-44.58,97.3
2016-12-07,-46.61,92.22
2016-12-08,-43.92,97.64
2016-12-09,-40.48,95.33
2016-12-10,-41.25,97.95
2016-12-11,-39.52,98.46
2016-12-12,-32.43,99.11
2016-12-13,-36.89,97.79
2016-12-14,-29.42,99.79
2016-12-15,-31.76,98.75
2016-12-16,-31.82,99
2016-12-17,-30.93,98.5
2016-12-18,-30.26,97.39
2016-12-19,-33.65,98.33
2016-12-20,-34.44,97.53
2016-12-21,-41.52,98.98
2016-12-22,-46.34,96.43
2016-12-23,-44.86,95.98
2016-12-24,-40.33,98.61
2016-12-25,-37.63,98.63
2016-12-26,-42.45,99.88
2016-12-27,-39.89,98.5
2016-12-28,-36.52,100
2016-12-29,-35.88,98.73
2016-12-30,-31.97,99.45
2016-12-31,-32.57,98.76
2017-01-01,-30.77,99.66
2017-01-02,-30,99.69
2017-01-03,-25.18,99.88
2017-01-04,-22.21,98.64
2017-01-05,-44.23,94.75
2017-01-06,-43.17,96.7
2017-01-07,-37.71,98.16
2017-01-08,-42.36,96.57
2017-01-09,-41.71,95.74
2017-01-10,-49.77,93.02
2017-01-11,-45.37,94.87
2017-01-12,-37,96.91
2017-01-13,-32.09,95.75
2017-01-14,-33.88,97.17
2017-01-15,-38.83,96.8
2017-01-16,-35.17,97.16
2017-01-17,-35.94,97.8
2017-01-18,-31.42,96.63
2017-01-19,-34.66,98.34
2017-01-20,-34.03,97.63
2017-01-21,-36.83,97.8
2017-01-22,-31.21,98.76
2017-01-23,-28.92,99.45
2017-01-24,-30.35,99.38
2017-01-25,-24.33,99.92
2017-01-26,-23.15,98.46
2017-01-27,-30.46,98.58
2017-01-28,-25.18,98.34
2017-01-29,-23.29,97.03
2017-01-30,-23.44,98.96
2017-01-31,-26.55,98.08
2017-02-01,-29.78,99.56
2017-02-02,-25.58,100
2017-02-03,-26.51,97.65
2017-02-04,-39.3,97.44
2017-02-05,-37.87,99.17
2017-02-06,-39.16,99.9
2017-02-07,-33.79,99.11
2017-02-08,-32.16,96.44
2017-02-09,-28.54,96.6
2017-02-10,-32.77,99.35
2017-02-11,-32.32,98.99
2017-02-12,-30.48,98.26
2017-02-13,-31.33,98.73
2017-02-14,-31.31,98.97
2017-02-15,-32.88,99.08
2017-02-16,-34.13,98.83
2017-02-17,-32.16,98.44
2017-02-18,-32.67,98.47
2017-02-19,-30.39,99.31
2017-02-20,-29.54,98.84
2017-02-21,-33.13,97.77
2017-02-22,-32.42,98.96
2017-02-23,-35.82,98.23
2017-02-24,-36.81,98.71
2017-02-25,-30.7,99.58
2017-02-26,-28.38,98.22
2017-02-27,-26.89,97.93
2017-02-28,-25.42,97.27
2017-03-01,-27.46,97.44
2017-03-02,-28.51,97.44
2017-03-03,-25.86,96.63
2017-03-04,-20.87,95.22
2017-03-05,-20.47,96.42
2017-03-06,-18.43,96.6
2017-03-07,-13.06,97.95
2017-03-08,-17.61,97.47
2017-03-09,-10.61,97.58
2017-03-10,-19.02,94.34
2017-03-11,-17.37,98.82
2017-03-12,-13.43,98.21
2017-03-13,-14.22,98.1
2017-03-14,-8.97,98.23
2017-03-15,-9.99,98.94
2017-03-16,-8.38,98.03
2017-03-17,-11.36,97.82
2017-03-18,-11.82,98.03
2017-03-19,-9.92,98.75
2017-03-20,-10.75,98.63
2017-03-21,-10.59,98.89
2017-03-22,-9.48,98.49
2017-03-23,-7.04,96.22
2017-03-24,-6.45,98.57
2017-03-25,-6.37,96.93
2017-03-26,-5.71,98.31
2017-03-27,-4.07,98.81
2017-03-28,-8.15,97.76
2017-03-29,-8.09,97.89
2017-03-30,-2.44,97.79
2017-03-31,-4.41,97.55
2017-04-01,-2.36,97.98
2017-04-02,-3.12,97.75
2017-04-03,-8.78,96.97
2017-04-04,-8.05,96.2
2017-04-05,-9.12,97.07
2017-04-06,-6.14,97.73
2017-04-07,-6.86,96.6
2017-04-08,-6.47,94.77
2017-04-09,-10.27,97.89
2017-04-10,-8.52,98.47
2017-04-11,-7.32,98.03
2017-04-12,-9.46,98.51
2017-04-13,-7.57,98.19
2017-04-14,-6.34,97.98
2017-04-15,-3.38,96.79
2017-04-16,-4.71,97.54
2017-04-17,-6.55,94.4
2017-04-18,-5.8,96.81
2017-04-19,-3.66,98.28
2017-04-20,-0.86,98.62
2017-04-21,-0.1,98.91
2017-04-22,-1.28,96.7
2017-04-23,-1.35,95.46
2017-04-24,-1.62,87.07
2017-04-25,1.05,77.57
2017-04-26,2.24,70.85
2017-04-27,1.85,78.16
2017-04-28,1.62,81.96
2017-04-29,1.72,77.62
2017-04-30,2.25,72.26
2017-05-01,1.04,74.6
2017-05-02,1.71,65.08
2017-05-03,-1.52,63.02
2017-05-04,0.77,70.79
2017-05-05,0.8,68.82
2017-05-06,1.02,75.48
2017-05-07,2.46,54.64
2017-05-08,4.56,73.42
2017-05-09,3.91,79.02
2017-05-10,5.09,76.55
2017-05-11,5.26,74.26
2017-05-12,2.8,74.7
2017-05-13,7.64,58.05
2017-05-14,10.52,69.11
2017-05-15,4.29,70.04
2017-05-16,-0.37,61.25
2017-05-17,3.48,73.06
2017-05-18,0.78,63.76
2017-05-19,-0.78,54.61
2017-05-20,-1.48,65.2
2017-05-21,0.24,65.44
2017-05-22,5.12,64.04
2017-05-23,8.05,72.91
2017-05-24,8.98,76.97
2017-05-25,7.41,69.75
2017-05-26,10.09,74.71
2017-05-27,9.27,60.57
2017-05-28,11.56,63.3
2017-05-29,9.28,92.04
2017-05-30,10.44,80.92
2017-05-31,11.24,71.88
2017-06-01,13.33,58.31
2017-06-02,15.35,61.43
2017-06-03,10.51,60.19
2017-06-04,12.92,54.3
2017-06-05,14.63,64.59
2017-06-06,9.82,86.07
2017-06-07,3.31,83.4
2017-06-08,7.52,60.03
2017-06-09,10.91,53.42
2017-06-10,13.28,66.1
2017-06-11,17.04,74.8
2017-06-12,17.56,78.66
2017-06-13,20.47,64.43
2017-06-14,12.56,66.11
2017-06-15,18.21,60.38
2017-06-16,19.01,66.8
2017-06-17,20.19,53.21
2017-06-18,22.08,52.41
2017-06-19,19.36,61.02
2017-06-20,19.23,68.03
2017-06-21,19.88,50.57
2017-06-22,22.87,69.76
2017-06-23,24.56,66.77
2017-06-24,21.11,63.49
2017-06-25,18.96,53.51
2017-06-26,21.68,47.28
2017-06-27,22.18,51.68
2017-06-28,24.14,48.15
2017-06-29,23.63,51.95
2017-06-30,24.63,52.1
2017-07-01,26.07,54.02
2017-07-02,22.55,52.36
2017-07-03,21.14,46.92
2017-07-04,24.17,64.61
2017-07-05,18.06,57.59
2017-07-06,14.52,83.42
2017-07-07,18.04,59.07
2017-07-08,18.61,49.04
2017-07-09,19.82,57.59
2017-07-10,21.58,67.37
2017-07-11,23.16,69.7
2017-07-12,25.14,59.62
2017-07-13,23.33,57.9
2017-07-14,21.89,64.77
2017-07-15,23.2,59.11
2017-07-16,21.01,76.12
2017-07-17,18.25,86.95
2017-07-18,13.7,85.29
2017-07-19,16.35,56.67
2017-07-20,14.53,54.87
2017-07-21,12.49,61.57
2017-07-22,12.75,63.46
2017-07-23,14.89,69.04
2017-07-24,16.45,77.4
2017-07-25,12.98,87.9
2017-07-26,17.23,53.52
2017-07-27,17.81,67.3
2017-07-28,12.73,59.31
2017-07-29,15.36,53.81
2017-07-30,17.13,46.01
2017-07-31,21.33,62.52
2017-08-01,19.29,69.68
2017-08-02,20.58,43.13
2017-08-03,24.45,53.71
2017-08-04,17.75,49.81
2017-08-05,19.22,45
2017-08-06,20.32,38.47
2017-08-07,21.69,52.21
2017-08-08,22.21,57.44
2017-08-09,17.07,83.5
2017-08-10,16.41,89.82
2017-08-11,21.59,77.66
2017-08-12,21.49,69.59
2017-08-13,22.4,61.42
2017-08-14,22.97,54.55
2017-08-15,23.71,59.24
2017-08-16,15.2,91
2017-08-17,11.35,80.46
2017-08-18,14.05,72.41
2017-08-19,14.23,68.21
2017-08-20,13.54,60.77
2017-08-21,15.58,56.39
2017-08-22,15.3,83.21
2017-08-23,13.75,91.55
2017-08-24,13.85,75.57
2017-08-25,14.33,67.79
2017-08-26,12.38,72.91
2017-08-27,14.12,71
2017-08-28,10.08,88.02
2017-08-29,12.88,89.86
2017-08-30,11.95,72.72
2017-08-31,12.16,62.01
2017-09-01,14.64,69.97
2017-09-02,11.86,78.68
2017-09-03,12.38,66.88
2017-09-04,12.57,88.61
2017-09-05,11.29,73.91
2017-09-06,9.42,88.53
2017-09-07,6.58,96.88
2017-09-08,5.04,96.16
2017-09-09,5.57,80.66
2017-09-10,7.22,82.36
2017-09-11,10.92,77.49
2017-09-12,8.69,86.23
2017-09-13,8.94,78.55
2017-09-14,9.22,84.29
2017-09-15,10.23,82.9
2017-09-16,4.45,94.5
2017-09-17,2.56,92.42
2017-09-18,4.09,76.45
2017-09-19,1.86,94.31
2017-09-20,1.01,88.32
2017-09-21,0.98,89.03
2017-09-22,1.46,84.98
2017-09-23,2.85,79.4
2017-09-24,7.14,86.36
2017-09-25,1.45,88.6
2017-09-26,4.47,92.41
2017-09-27,6.42,97.71
2017-09-28,8.05,84.02
2017-09-29,0.47,89.31
2017-09-30,-0.89,89.83
2017-10-01,-1.96,86.71
2017-10-02,-4.28,83.41
2017-10-03,-3.68,83.5
2017-10-04,-3.32,88.98
2017-10-05,-2.6,89.76
2017-10-06,-3.7,92.98
2017-10-07,-4.82,88.74
2017-10-08,-2.52,93.88
2017-10-09,-5.44,91.73
2017-10-10,-3.52,95.15
2017-10-11,-4.66,92.38
2017-10-12,-4.24,93.72
2017-10-13,-4.48,95.2
2017-10-14,-6.07,93.38
2017-10-15,-8.29,90.39
2017-10-16,-10.88,92
2017-10-17,-12.87,86.76
2017-10-18,-10.99,93.84
2017-10-19,-11.65,94.26
2017-10-20,-12.98,96.58
2017-10-21,-14.16,88.17
2017-10-22,-12.86,95.73
2017-10-23,-9.4,98.07
2017-10-24,-6.43,99.18
2017-10-25,-10.18,97.86
2017-10-26,-10.48,99.02
2017-10-27,-10.42,99.31
2017-10-28,-12,99.01
2017-10-29,-18.57,98.15
2017-10-30,-24.84,96.69
2017-10-31,-22.9,92.78
2017-11-01,-21.78,97.76
2017-11-02,-24.99,95.45
2017-11-03,-30.51,97.62
2017-11-04,-32.57,97.01
2017-11-05,-32.93,94.82
2017-11-06,-31.39,95.97
2017-11-07,-22.98,98.67
2017-11-08,-22.94,98.87
2017-11-09,-23.07,98.63
2017-11-10,-24.24,99.47
2017-11-11,-29.11,100
2017-11-12,-32.27,97.33
2017-11-13,-32.42,98.76
2017-11-14,-28.67,97.99
2017-11-15,-30.12,99.2
2017-11-16,-28.77,98.66
2017-11-17,-28.48,98.54
2017-11-18,-32.37,98.8
2017-11-19,-41.81,98.96
2017-11-20,-35.85,98.7
2017-11-21,-31.58,97.98
2017-11-22,-33.56,97.82
2017-11-23,-35.96,98.91
2017-11-24,-37.76,99.58
2017-11-25,-38.05,98.18
2017-11-26,-40.52,98.49
2017-11-27,-44.19,97.99
2017-11-28,-39.29,98.92
2017-11-29,-39.55,98.6
2017-11-30,-40.87,98.92
2017-12-01,-34.95,96.52
2017-12-02,-39.02,99.46
2017-12-03,-41.4,98.66
2017-12-04,-38.6,98.1
2017-12-05,-41.3,95.19
2017-12-06,-36.43,95.97
2017-12-07,-34.67,97.73
2017-12-08,-38.19,98.23
2017-12-09,-37.29,97.94
2017-12-10,-37.15,96.98
2017-12-11,-45.28,96.91
2017-12-12,-45.42,95.36
2017-12-13,-40.91,96.51
2017-12-14,-33.17,98.2
2017-12-15,-38.51,97.75
2017-12-16,-40.25,97.02
2017-12-17,-37.55,97.42
2017-12-18,-35.51,96.42
2017-12-19,-37.1,98.93
2017-12-20,-41.69,98.42
2017-12-21,-47.93,95.49
2017-12-22,-44.45,95.12
2017-12-23,-42.69,98.35
2017-12-24,-43.74,97.94
2017-12-25,-41.34,95.96
2017-12-26,-44.77,97.7
2017-12-27,-43.93,96.48
2017-12-28,-40.71,96.99
2017-12-29,-36.47,98.3
2017-12-30,-28.57,99.1
2017-12-31,-30.32,98.26
2018-01-01,-32.7,97.99
2018-01-02,-28,99.08
2018-01-03,-24.05,99.99
2018-01-04,-27.2,99.61
2018-01-05,-31.15,99.51
2018-01-06,-33.75,99.33
2018-01-07,-40.29,97.75
2018-01-08,-42.68,98.23
2018-01-09,-41.07,97.52
2018-01-10,-39.53,98.71
2018-01-11,-39.77,96.81
2018-01-12,-46.93,95.34
2018-01-13,-46.15,97
2018-01-14,-39.05,97.86
2018-01-15,-37.39,98.27
2018-01-16,-36.98,98.42
2018-01-17,-37.77,97.57
2018-01-18,-40.75,97.98
2018-01-19,-43.6,97.14
2018-01-20,-44.81,96.63
2018-01-21,-47.39,96.31
2018-01-22,-37.28,94.36
2018-01-23,-39.27,97.74
2018-01-24,-37.47,97.88
2018-01-25,-35.36,98.4
2018-01-26,-32.28,98.32
2018-01-27,-33.81,98.56
2018-01-28,-40.26,98.13
2018-01-29,-37.74,98.82
2018-01-30,-36.84,98.69
2018-01-31,-37.3,99.33
2018-02-01,-35.89,98.98
2018-02-02,-36.43,99.18
2018-02-03,-37.61,98.78
2018-02-04,-43.23,97.17
2018-02-05,-43.1,96.19
2018-02-06,-42.35,99.01
2018-02-07,-41.98,99.44
2018-02-08,-36.86,98.16
2018-02-09,-34.44,95.99
2018-02-10,-31.29,95.36
2018-02-11,-30.92,96.64
2018-02-12,-28.47,97.06
2018-02-13,-29.21,98.43
2018-02-14,-30.53,99.26
2018-02-15,-28.94,98.92
2018-02-16,-30.78,98.69
2018-02-17,-28.23,98.4
2018-02-18,-31.85,98.22
2018-02-19,-34.56,98.68
2018-02-20,-35.18,98.52
2018-02-21,-35.24,98.31
2018-02-22,-35.15,99.25
2018-02-23,-29.75,93.15
2018-02-24,-29.1,98.3
2018-02-25,-33.66,99.49
2018-02-26,-31.18,99.44
2018-02-27,-30.36,99.18
2018-02-28,-32.34,98.77
2018-03-01,-28.63,97
2018-03-02,-29.55,96.42
2018-03-03,-34.75,98.18
2018-03-04,-25.68,97.27
2018-03-05,-25.95,97.44
2018-03-06,-28.79,96.9
2018-03-07,-27.8,96.33
2018-03-08,-26.43,95.12
2018-03-09,-28.38,98.3
2018-03-10,-27.47,97.38
2018-03-11,-27.89,98.62
2018-03-12,-25.95,98.8
2018-03-13,-21.33,97.34
2018-03-14,-24.27,96.43
2018-03-15,-24.32,94.92
2018-03-16,-22.63,95.58
2018-03-17,-23.04,98.61
2018-03-18,-26.16,94.66
2018-03-19,-25.86,97.08
2018-03-20,-23.15,98.73
2018-03-21,-22.69,98.13
2018-03-22,-14.34,98.54
2018-03-23,-14.62,98.62
2018-03-24,-12.81,98.43
2018-03-25,-9.06,97.66
2018-03-26,-8.78,98.85
2018-03-27,-13.54,95.86
2018-03-28,-16.51,97.61
2018-03-29,-8.93,97.2
2018-03-30,-19.12,95.7
2018-03-31,-18.04,96.99
2018-04-01,-12.68,98.59
2018-04-02,-11.58,98.2
2018-04-03,-17.89,96.32
2018-04-04,-14.73,96.87
2018-04-05,-11.72,97.36
2018-04-06,-10.94,97.76
2018-04-07,-8.42,97.85
2018-04-08,-7.8,97.7
2018-04-09,-9.03,98.31
2018-04-10,-8.99,98.06
2018-04-11,-6.77,98.17
2018-04-12,-6.99,97.65
2018-04-13,-4.84,98.14
2018-04-14,-3.32,98.92
2018-04-15,-3.31,98.42
2018-04-16,-1.04,98.16
2018-04-17,-2.83,96.75
2018-04-18,-2.41,98.88
2018-04-19,-2.68,98.29
2018-04-20,-4.01,95.06
2018-04-21,-5.15,93.63
2018-04-22,-2.08,92.55
2018-04-23,1.48,90.43
2018-04-24,-5.35,80.84
2018-04-25,-7.37,82.67
2018-04-26,-4.57,83.87
2018-04-27,-0.24,78.71
2018-04-28,0.11,87.38
2018-04-29,-5.42,83.67
2018-04-30,-2.41,82.05
2018-05-01,2.3,69.19
2018-05-02,5.73,81.75
2018-05-03,4.97,86.64
2018-05-04,7.89,74.63
2018-05-05,9.77,75.72
2018-05-06,6.64,78.73
2018-05-07,8.51,77.26
2018-05-08,7.04,80.23
2018-05-09,1.08,84.23
2018-05-10,2.52,75.67
2018-05-11,1.25,73.39
2018-05-12,0.28,79.88
2018-05-13,2.27,75.52
2018-05-14,3.86,90.03
2018-05-15,2.49,72.31
2018-05-16,3.38,63.5
2018-05-17,4.33,52.54
2018-05-18,6.86,65.68
2018-05-19,6.75,88.76
2018-05-20,5.73,74.73
2018-05-21,6.29,68.42
2018-05-22,8.04,71.69
2018-05-23,12.85,75.23
2018-05-24,15.06,71.75
2018-05-25,15.77,71.45
2018-05-26,14.9,70.04
2018-05-27,18.9,68.18
2018-05-28,12.35,67.89
2018-05-29,5.61,68.94
2018-05-30,8.52,64.26
2018-05-31,12.99,66.65
2018-06-01,14.82,63.67
2018-06-02,9.23,65.63
2018-06-03,12.03,62.26
2018-06-04,16.53,53.12
2018-06-05,18.29,75.38
2018-06-06,14.33,69.51
2018-06-07,15.6,67.79
2018-06-08,19.29,58.59
2018-06-09,16.27,63.9
2018-06-10,12.52,70.59
2018-06-11,12.68,64.16
2018-06-12,10.68,71.66
2018-06-13,8.74,84.82
2018-06-14,14.41,66.95
2018-06-15,15.68,64.89
2018-06-16,16.89,63.7
2018-06-17,15.97,66.62
2018-06-18,14.57,63.79
2018-06-19,17.28,58.65
2018-06-20,15.94,67.82
2018-06-21,14.01,75.67
2018-06-22,13.97,80.04
2018-06-23,17.02,66.87
2018-06-24,18.68,65.62
2018-06-25,19,70.06
2018-06-26,17.68,75.82
2018-06-27,16.52,66.4
2018-06-28,17.06,66.48
2018-06-29,17.55,69.91
2018-06-30,20.99,54.12
2018-07-01,21.99,52.32
2018-07-02,24.58,43.32
2018-07-03,23.57,51.74
2018-07-04,24.36,58.11
2018-07-05,22.63,70.68
2018-07-06,24.57,63.19
2018-07-07,25.19,48.91
2018-07-08,26.85,41.23
2018-07-09,27.62,48.96
2018-07-10,26.28,48.96
2018-07-11,24.17,57.31
2018-07-12,21.2,58.61
2018-07-13,19.45,48.25
2018-07-14,18.77,71.01
2018-07-15,17.76,90.54
2018-07-16,18.22,74.01
2018-07-17,16.64,74.18
2018-07-18,13.65,55.43
2018-07-19,15.53,57.74
2018-07-20,15.94,65.71
2018-07-21,20.15,59.87
2018-07-22,18.67,78.3
2018-07-23,11.21,83.7
2018-07-24,15.89,68.79
2018-07-25,13.94,71.95
2018-07-26,15.67,66.95
2018-07-27,14.61,90.52
2018-07-28,15.06,81.36
2018-07-29,15.23,80.26
2018-07-30,14.16,82.35
2018-07-31,17.52,67.66
2018-08-01,10.31,83.58
2018-08-02,14.68,68.71
2018-08-03,18.16,64.33
2018-08-04,19.64,56.63
2018-08-05,9.68,84.93
2018-08-06,13.71,78.49
2018-08-07,19.79,47.52
2018-08-08,19.18,53.28
2018-08-09,18.79,62.94
2018-08-10,15.68,83.73
2018-08-11,11.58,96.53
2018-08-12,13.59,78.64
2018-08-13,17.52,57.28
2018-08-14,19.06,55.77
2018-08-15,18.7,59.08
2018-08-16,19.47,67.03
2018-08-17,19.45,89.61
2018-08-18,19.04,81.93
2018-08-19,20.53,76.21
2018-08-20,20.92,69.73
2018-08-21,18.13,76.54
2018-08-22,17.21,77.04
2018-08-23,17.49,79.77
2018-08-24,13.21,86.15
2018-08-25,13.75,85.06
2018-08-26,13.66,78.73
2018-08-27,15.14,74.22
2018-08-28,16.25,72.09
2018-08-29,14,86.24
2018-08-30,15.57,72.42
2018-08-31,15.92,84.77
2018-09-01,12.5,88.48
2018-09-02,7.31,86.31
2018-09-03,5.01,73.02
2018-09-04,5.72,70.11
2018-09-05,6.45,64.29
2018-09-06,3.74,91.41
2018-09-07,2.54,70.48
2018-09-08,2.43,69.18
2018-09-09,1.41,83.8
2018-09-10,2.34,78
2018-09-11,2.58,77.27
2018-09-12,3.96,76.97
2018-09-13,5.89,76.78
2018-09-14,6.42,87.68
2018-09-15,7.34,88.3
2018-09-16,7.18,74.19
2018-09-17,7.49,71.6
2018-09-18,5.83,80.53
2018-09-19,4.28,84.97
2018-09-20,4.99,77.12
2018-09-21,4.85,74.04
2018-09-22,7.35,75.64
2018-09-23,4.93,89.26
2018-09-24,5.13,76.37
2018-09-25,7.2,81.56
2018-09-26,8.01,69.15
2018-09-27,8.6,77.3
2018-09-28,3.32,74.27
2018-09-29,1.37,83.93
2018-09-30,0.18,78.07
2018-10-01,1.02,74.42
2018-10-02,2.45,86.27
2018-10-03,2.58,89.85
2018-10-04,1.99,82.99
2018-10-05,-0.02,88.15
2018-10-06,-1.27,87.71
2018-10-07,-1.53,77.68
2018-10-08,-1.48,88.68
2018-10-09,-1.47,83.09
2018-10-10,-3.3,82.61
2018-10-11,-3.15,91.15
2018-10-12,-2.56,93.75
2018-10-13,-3.68,92.3
2018-10-14,-4.87,88.51
2018-10-15,-5.29,90.05
2018-10-16,-5.37,90.72
2018-10-17,-4.75,91.94
2018-10-18,-6.1,87.77
2018-10-19,-4.3,92.25
2018-10-20,-5.03,94.07
2018-10-21,-5.01,85.14
2018-10-22,-6.62,88.45
2018-10-23,-7.06,88.04
2018-10-24,-9.24,92.56
2018-10-25,-9.58,92.15
2018-10-26,-7.94,95.15
2018-10-27,-9.21,93.15
2018-10-28,-11.38,95.64
2018-10-29,-9.59,96.29
2018-10-30,-6.97,97.55
2018-10-31,-7.2,96.79
2018-11-01,-9.33,96
2018-11-02,-10.18,96.82
2018-11-03,-15.59,96.62
2018-11-04,-16.01,97.03
2018-11-05,-15.56,98.81
2018-11-06,-19.89,98.59
2018-11-07,-21.13,97.35
2018-11-08,-21.3,99.05
2018-11-09,-24.34,96.99
2018-11-10,-19.78,98.5
2018-11-11,-17.9,98.59
2018-11-12,-20.44,91.99
2018-11-13,-19.02,97.67
2018-11-14,-21.54,97.83
2018-11-15,-27.11,99.36
2018-11-16,-29.37,98.62
2018-11-17,-23.06,98.26
2018-11-18,-23.92,97.52
2018-11-19,-27.23,97.93
2018-11-20,-25.9,97.91
2018-11-21,-27.5,97.93
2018-11-22,-32.71,98.82
2018-11-23,-36.02,99.07
2018-11-24,-34.96,98.91
2018-11-25,-30.3,97.86
2018-11-26,-34.71,98.75
2018-11-27,-36.02,98.76
2018-11-28,-39.48,98.91
2018-11-29,-36.4,97.43
2018-11-30,-37.07,98.14
2018-12-01,-44.06,98.12
2018-12-02,-43.71,89.2
2018-12-03,-39.7,96.87
2018-12-04,-34.61,96.77
2018-12-05,-34.34,95.95
2018-12-06,-35.02,96.12
2018-12-07,-33.8,96.94
2018-12-08,-29.71,98.1
2018-12-09,-33.62,98.04
2018-12-10,-34.81,98.9
2018-12-11,-35.13,98.09
2018-12-12,-33.69,97.93
2018-12-13,-30.4,99.91
2018-12-14,-29.09,98.84
2018-12-15,-25.23,99.98
2018-12-16,-22.84,99.18
2018-12-17,-32.05,99.09
2018-12-18,-38.64,97.29
2018-12-19,-38.61,99.29
2018-12-20,-27.84,99.65
2018-12-21,-28.58,96.95
2018-12-22,-29.82,96.85
2018-12-23,-32.68,98.64
2018-12-24,-35.7,98.2
2018-12-25,-36.18,97.16
2018-12-26,-35.86,97.24
2018-12-27,-32.91,97.04
2018-12-28,-32.75,97.24
2018-12-29,-34.77,98.17
2018-12-30,-28.97,99.37
2018-12-31,-28.61,99.93
2019-01-01,-30.33,98.97
2019-01-02,-27.48,98.65
2019-01-03,-27.29,97.67
2019-01-04,-27.84,99.01
2019-01-05,-30.72,99.22
2019-01-06,-27.9,99.83
2019-01-07,-32.23,100
2019-01-08,-42.03,97.95
2019-01-09,-44.81,98.66
2019-01-10,-38.22,99.47
2019-01-11,-33.82,99.58
2019-01-12,-38.19,99.58
2019-01-13,-42.56,98.53
2019-01-14,-40.47,99.03
2019-01-15,-47.85,98.76
2019-01-16,-48.93,92.53
2019-01-17,-42.18,96.46
2019-01-18,-34.87,97.72
2019-01-19,-38.96,97.76
2019-01-20,-40.23,97.6
2019-01-21,-34.68,98.4
2019-01-22,-32.97,98.37
2019-01-23,-30.17,96.99
2019-01-24,-32.39,98.81
2019-01-25,-32.95,99.48
2019-01-26,-35.94,99.63
2019-01-27,-37.04,98.37
2019-01-28,-33.96,98.87
2019-01-29,-36.38,99.1
2019-01-30,-42.63,99.39
2019-01-31,-39.6,97.85
2019-02-01,-41.43,96.85
2019-02-02,-35.64,94.52
2019-02-03,-32.71,92.78
2019-02-04,-32.74,94.57
2019-02-05,-37.26,93.85
2019-02-06,-41.67,97.52
2019-02-07,-30.25,99.36
2019-02-08,-30.08,99.07
2019-02-09,-33.58,99.74
2019-02-10,-32.38,98.5
2019-02-11,-29.7,98.32
2019-02-12,-32.69,99.5
2019-02-13,-32.45,99.56
2019-02-14,-31.04,97.92
2019-02-15,-24.9,99.99
2019-02-16,-27.24,99.77
2019-02-17,-28.62,98.71
2019-02-18,-31.98,99.23
2019-02-19,-25.62,99.03
2019-02-20,-28.35,98.54
2019-02-21,-23.62,97.81
2019-02-22,-23.71,98.81
2019-02-23,-30.97,98.29
2019-02-24,-25.09,95.93
2019-02-25,-24.65,98.86
2019-02-26,-22.1,99.8
2019-02-27,-18.72,99.9
2019-02-28,-19.34,98.87
2019-03-01,-17.6,98.85
2019-03-02,-22.49,98.87
2019-03-03,-23.08,99.49
2019-03-04,-17.27,97.64
2019-03-05,-13.65,98.08
2019-03-06,-11.69,99.06
2019-03-07,-11.84,98.63
2019-03-08,-14.4,96.91
2019-03-09,-12.42,98.64
2019-03-10,-15.48,98.41
2019-03-11,-18.05,99.29
2019-03-12,-18.98,98.91
2019-03-13,-13.47,98.31
2019-03-14,-15.08,97.88
2019-03-15,-19.84,96.35
2019-03-16,-20.3,97.79
2019-03-17,-20.38,98.55
2019-03-18,-21.63,98.01
2019-03-19,-22.66,97
2019-03-20,-21.99,95.81
2019-03-21,-19.63,96.16
2019-03-22,-17.86,96.78
2019-03-23,-12.18,98.49
2019-03-24,-14.31,98.33
2019-03-25,-16.93,97.49
2019-03-26,-19.08,97.41
2019-03-27,-20.62,97.88
2019-03-28,-16.7,97.95
2019-03-29,-12.93,97.25
2019-03-30,-10.68,98.37
2019-03-31,-11.01,95.49
2019-04-01,-7.84,98.33
2019-04-02,-2.66,95.53
2019-04-03,-1.3,97.89
2019-04-04,-4.72,97.38
2019-04-05,-3.71,98.04
2019-04-06,-2.71,97.17
2019-04-07,-4.49,97.41
2019-04-08,-4.18,97.94
2019-04-09,-2.93,96.95
2019-04-10,-4.58,95.7
2019-04-11,-2.55,98
2019-04-12,-9.83,95.82
2019-04-13,-9.69,95.42
2019-04-14,-8.13,96.76
2019-04-15,-6.51,96.49
2019-04-16,-6.55,97.81
2019-04-17,-9.01,97.27
2019-04-18,-8.85,96.81
2019-04-19,-5.42,96.59
2019-04-20,-2.54,98.53
2019-04-21,-5.36,98.63
2019-04-22,-1.66,97.76
2019-04-23,-2.44,92.88
2019-04-24,-0.25,91.77
2019-04-25,1.08,90.06
2019-04-26,1.77,78.82
2019-04-27,3.95,67.11
2019-04-28,3.87,77.27
2019-04-29,-0.86,54.03
2019-04-30,-2.1,57.12
2019-05-01,1.83,63.95
2019-05-02,4.37,82.48
2019-05-03,1.03,76.87
2019-05-04,1.65,66.2
2019-05-05,2.78,66.65
2019-05-06,-0.04,65.42
2019-05-07,2.71,81.11
2019-05-08,3.1,86.78
2019-05-09,6.77,76.35
2019-05-10,8.87,73.91
2019-05-11,5.88,76.96
2019-05-12,6.12,66.37
2019-05-13,8.04,65.27
2019-05-14,9.89,76.3
2019-05-15,11.68,85.6
2019-05-16,13.59,71.57
2019-05-17,9.16,83.12
2019-05-18,11,71.77
2019-05-19,5.24,61.6
2019-05-20,5.42,56.22
2019-05-21,7.53,59.29
2019-05-22,7.44,75.16
2019-05-23,6.89,81.53
2019-05-24,8.82,81.08
2019-05-25,8.84,82.79
2019-05-26,10.07,68.07
2019-05-27,12.01,66.27
2019-05-28,10.57,74.96
2019-05-29,11.97,68.38
2019-05-30,12.82,69.98
2019-05-31,10.11,78.77
2019-06-01,10.09,75.33
2019-06-02,11.73,81.11
2019-06-03,15.73,57.83
2019-06-04,18.25,54.03
2019-06-05,17.96,79.4
2019-06-06,17.04,69.04
2019-06-07,16.47,54.99
2019-06-08,18.77,54.81
2019-06-09,17.57,57.69
2019-06-10,17.37,56.3
2019-06-11,17.6,54.71
2019-06-12,17.8,53.41
2019-06-13,12.12,69.09
2019-06-14,16.13,54.36
2019-06-15,18.91,49.82
2019-06-16,19.5,53.49
2019-06-17,22.21,51.96
2019-06-18,21.11,53.3
2019-06-19,22.48,50.52
2019-06-20,23.39,53.94
2019-06-21,21.07,66.92
2019-06-22,22.17,54.99
2019-06-23,20.49,63.21
2019-06-24,18.56,67
2019-06-25,15.84,75.76
2019-06-26,18.82,51.53
2019-06-27,21.2,47.52
2019-06-28,22.97,52.46
2019-06-29,20.27,75.91
2019-06-30,19.79,55.4
2019-07-01,20.07,61.05
2019-07-02,16.43,50.72
2019-07-03,14.86,55.33
2019-07-04,13.86,61.46
2019-07-05,13.85,77.06
2019-07-06,14.53,76.34
2019-07-07,18.97,58.45
2019-07-08,21.53,64.4
2019-07-09,22,76.64
2019-07-10,20.06,81.25
2019-07-11,24.1,59.74
2019-07-12,26.96,46.93
2019-07-13,27.52,42.62
2019-07-14,26.81,49.46
2019-07-15,23.3,51.16
2019-07-16,20.15,41.3
2019-07-17,20.12,61.07
2019-07-18,14,61.75
2019-07-19,12.38,51.37
2019-07-20,14.94,43.14
2019-07-21,18.65,40.08
2019-07-22,19.84,42.74
2019-07-23,17.92,39.49
2019-07-24,20.73,37.87
2019-07-25,21.26,37.35
2019-07-26,21.23,39.4
2019-07-27,22.09,43.62
2019-07-28,22.25,40.37
2019-07-29,21.92,46.53
2019-07-30,16.14,56.26
2019-07-31,15.47,45.04
2019-08-01,13.77,72.93
2019-08-02,14.91,60.53
2019-08-03,11.23,95.86
2019-08-04,14.28,60.59
2019-08-05,17.06,54.58
2019-08-06,18.1,57.12
2019-08-07,19.13,49.59
2019-08-08,20.06,59.23
2019-08-09,16.46,68.25
2019-08-10,13.91,92.41
2019-08-11,13.47,89.24
2019-08-12,15.23,76.15
2019-08-13,17.91,62.42
2019-08-14,18.56,61.99
2019-08-15,15.24,93.29
2019-08-16,14.63,92.22
2019-08-17,16.94,65.82
2019-08-18,13.49,82.77
2019-08-19,13.39,83.71
2019-08-20,12.25,93.44
2019-08-21,13.42,85.91
2019-08-22,16.43,71.74
2019-08-23,18.17,69.16
2019-08-24,16.23,74.69
2019-08-25,15.29,70.11
2019-08-26,16,64.35
2019-08-27,16.28,60.83
2019-08-28,15.63,72.68
2019-08-29,11.2,87.9
2019-08-30,14.87,57.9
2019-08-31,14.32,57.23
2019-09-01,14.05,62.3
2019-09-02,12.84,74.09
2019-09-03,13.49,81.62
2019-09-04,10,86.25
2019-09-05,9.56,89.81
2019-09-06,10.66,71.86
2019-09-07,10.02,73.23
2019-09-08,5.89,76.62
2019-09-09,10.4,72.87
2019-09-10,12.08,72.6
2019-09-11,12.51,67
2019-09-12,13.62,73.17
2019-09-13,5.84,65.88
2019-09-14,2.52,58.4
2019-09-15,4.29,60.08
2019-09-16,4.42,70.09
2019-09-17,2.62,96.76
2019-09-18,1.2,91
2019-09-19,3.75,79.9
2019-09-20,0.31,94.91
2019-09-21,1.98,84.95
2019-09-22,2.44,97.74
2019-09-23,3.63,89.61
2019-09-24,1.78,84.56
2019-09-25,2.18,83.46
2019-09-26,6.12,83.44
2019-09-27,3.7,80.91
2019-09-28,0.19,93.53
2019-09-29,0.73,74.07
2019-09-30,1,85.71
2019-10-01,-0.8,85.35
2019-10-02,-1.58,74.65
2019-10-03,-2.58,81.99
2019-10-04,-1.82,77.22
2019-10-05,-3.64,86.22
2019-10-06,-2.6,86.11
2019-10-07,-2.23,88.49
2019-10-08,-0.74,88.26
2019-10-09,-2.65,93.55
2019-10-10,-7.11,87.31
2019-10-11,-5.98,90.45
2019-10-12,-7.8,93.91
2019-10-13,-7.81,93.76
2019-10-14,-5.63,91.02
2019-10-15,-6.35,94.79
2019-10-16,-4.21,93.29
2019-10-17,-1.53,98.53
2019-10-18,-2.17,98.06
2019-10-19,-3.38,98.25
2019-10-20,-3.9,98.25
2019-10-21,-7.07,98.03
2019-10-22,-7.49,95.71
2019-10-23,-8.56,89.18
2019-10-24,-10.06,85.53
2019-10-25,-10.24,94.67
2019-10-26,-11.3,97.93
2019-10-27,-13.22,94.58
2019-10-28,-9.64,92.55
2019-10-29,-10.51,97.99
2019-10-30,-9.36,97.77
2019-10-31,-7.55,95.81
2019-11-01,-14.74,96.12
2019-11-02,-16.5,95.47
2019-11-03,-10.26,96.92
2019-11-04,-12.46,98.81
2019-11-05,-16.21,98.52
2019-11-06,-23.59,98.8
2019-11-07,-26.77,98.85
2019-11-08,-26.79,99.71
2019-11-09,-29.06,99.35
2019-11-10,-23.36,99.42
2019-11-11,-23.44,98.5
2019-11-12,-25.2,97.4
2019-11-13,-27.01,96.12
2019-11-14,-26.01,97.41
2019-11-15,-25.63,98.3
2019-11-16,-25.73,97.96
2019-11-17,-23.51,98.2
2019-11-18,-24.7,98.21
2019-11-19,-26.39,97.93
2019-11-20,-28.65,98.76
2019-11-21,-30.31,98.66
2019-11-22,-35.74,98.44
2019-11-23,-33.51,98.52
2019-11-24,-32.27,98.46
2019-11-25,-37.44,98.61
2019-11-26,-32.62,97.34
2019-11-27,-28.41,99.74
2019-11-28,-25.56,100
2019-11-29,-23.58,99.69
2019-11-30,-24.82,99.36
2019-12-01,-30.46,99.19
2019-12-02,-37.75,97.78
2019-12-03,-40,98.2
2019-12-04,-40.26,96.99
2019-12-05,-40.83,97.84
2019-12-06,-40.19,97
2019-12-07,-44.01,94.71
2019-12-08,-43.64,96.28
2019-12-09,-44.69,88.48
2019-12-10,-38.78,95.87
2019-12-11,-33.43,97.57
2019-12-12,-36.98,98.07
2019-12-13,-39.06,98.61
2019-12-14,-30.41,98.7
2019-12-15,-25.34,99
2019-12-16,-31.99,97.7
2019-12-17,-38.66,97.58
2019-12-18,-42.12,98.26
2019-12-19,-39.47,97.46
2019-12-20,-41.77,98.06
2019-12-21,-35.23,96.26
2019-12-22,-35.13,97.21
2019-12-23,-37.14,97.72
2019-12-24,-35.88,99.07
2019-12-25,-45.7,99.38
2019-12-26,-46.45,96.61
2019-12-27,-49.47,87.45
2019-12-28,-45.74,94.29
2019-12-29,-44.97,97.15
2019-12-30,-40.03,97.05
2019-12-31,-38.48,99.16
2020-01-01,-35.55,98.49
2020-01-02,-35.65,97.04
2020-01-03,-38.74,97.57
2020-01-04,-31.66,98.95
2020-01-05,-28,99.04
2020-01-06,-24.16,99.76
2020-01-07,-18.47,100
2020-01-08,-19.05,98.96
2020-01-09,-22.16,98.39
2020-01-10,-22.27,98.28
2020-01-11,-22.06,98.94
2020-01-12,-31.14,97.83
2020-01-13,-26.54,99.72
2020-01-14,-27.25,99.03
2020-01-15,-24.24,98.61
2020-01-16,-24.11,99.49
2020-01-17,-29.18,98.74
2020-01-18,-29.81,98.56
2020-01-19,-28.36,98.64
2020-01-20,-30.35,99.22
2020-01-21,-33.19,99.02
2020-01-22,-39.82,94.62
2020-01-23,-36.14,95.32
2020-01-24,-42.43,98.01
2020-01-25,-46.45,98.56
2020-01-26,-40.94,98.35
2020-01-27,-31.31,98.11
2020-01-28,-36.82,98.92
2020-01-29,-31.01,98.84
2020-01-30,-29.59,98.26
2020-01-31,-23.14,99.05
2020-02-01,-26.98,98.59
2020-02-02,-32.94,97.55
2020-02-03,-34.74,96.81
2020-02-04,-39.13,97.44
2020-02-05,-43.04,97.14
2020-02-06,-43.83,98.92
2020-02-07,-42.43,99.1
2020-02-08,-42.38,96.77
2020-02-09,-36.17,97.99
2020-02-10,-27.2,98.65
2020-02-11,-21.24,98.87
2020-02-12,-27.63,99.34
2020-02-13,-31.48,97.76
2020-02-14,-39.55,99
2020-02-15,-37.04,99.75
2020-02-16,-27.28,99.93
2020-02-17,-23.01,99.95
2020-02-18,-26.99,98.42
2020-02-19,-30.26,98.75
2020-02-20,-27.21,98.88
2020-02-21,-19.57,98.83
2020-02-22,-19.64,99.51
2020-02-23,-21.65,99.08
2020-02-24,-21.28,98.76
2020-02-25,-17.58,97.95
2020-02-26,-17.57,98.92
2020-02-27,-15.23,97.66
2020-02-28,-18.86,98.51
2020-02-29,-25.23,98.19
2020-03-01,-25.25,98.77
2020-03-02,-25.25,98.96
2020-03-03,-22.39,98.55
2020-03-04,-24.13,98.33
2020-03-05,-20.2,99
2020-03-06,-12.51,98.9
2020-03-07,-12.92,97.29
2020-03-08,-25.17,96.19
2020-03-09,-21.48,98.03
2020-03-10,-19.47,98.61
2020-03-11,-23.56,96.69
2020-03-12,-27.74,97.29
2020-03-13,-21.9,98.02
2020-03-14,-23.12,96.24
2020-03-15,-19.84,97.25
2020-03-16,-15.32,98.86
2020-03-17,-14.16,99.2
2020-03-18,-22.22,96.27
2020-03-19,-13.44,97.82
2020-03-20,-13.37,97.15
2020-03-21,-12.02,98.99
2020-03-22,-12.18,97.6
2020-03-23,-8.18,98.06
2020-03-24,-9.45,96.7
2020-03-25,-17.68,95.26
2020-03-26,-14.79,98.96
2020-03-27,-15.72,98.15
2020-03-28,-12.67,97.36
2020-03-29,-11.56,96.42
2020-03-30,-7.44,97.98
2020-03-31,-7.45,97.65
2020-04-01,-8.31,97.25
2020-04-02,-14.21,96.52
2020-04-03,-14.93,98.54
2020-04-04,-5.63,97.52
2020-04-05,-9.95,97.1
2020-04-06,-4.06,98.48
2020-04-07,-1.45,98.68
2020-04-08,-1.79,98.38
2020-04-09,-1.83,98.88
2020-04-10,-0.21,98.19
2020-04-11,-1.26,97.72
2020-04-12,-2.44,98.13
2020-04-13,-2.24,98.14
2020-04-14,-5.46,97.19
2020-04-15,-6.52,96.98
2020-04-16,-11.95,94.99
2020-04-17,-15.02,95.03
2020-04-18,-12.67,95.26
2020-04-19,-10.69,95.13
2020-04-20,-8.11,87.6
2020-04-21,-4.07,88.83
2020-04-22,-2.4,91.24
2020-04-23,-1.09,87.23
2020-04-24,1.39,76.34
2020-04-25,2.47,74.38
2020-04-26,4.34,75.58
2020-04-27,1.27,82.72
2020-04-28,2.17,72.07
2020-04-29,0.64,83.51
2020-04-30,1.68,60.33
2020-05-01,0.91,69.61
2020-05-02,-1.5,66
2020-05-03,-0.46,68.33
2020-05-04,0.69,67.33
2020-05-05,3.99,56.26
2020-05-06,6.14,66.41
2020-05-07,8.12,79.76
2020-05-08,0.01,74.27
2020-05-09,-1.76,72.31
2020-05-10,1.46,66.13
2020-05-11,3.54,76.95
2020-05-12,2.98,77.96
2020-05-13,3.57,77.43
2020-05-14,7.09,77.07
2020-05-15,7.86,76.79
2020-05-16,11.95,56.06
2020-05-17,12.66,67.92
2020-05-18,11.99,74.41
2020-05-19,10.99,67.71
2020-05-20,11.24,61.58
2020-05-21,12.98,62.74
2020-05-22,10.44,77.35
2020-05-23,11.3,67.71
2020-05-24,12.87,66.59
2020-05-25,15.93,66.72
2020-05-26,19.39,70
2020-05-27,19.11,73.41
2020-05-28,7.86,76.27
2020-05-29,3.46,69.7
2020-05-30,5.04,67.31
2020-05-31,9.35,60.68
2020-06-01,11.76,60.3
2020-06-02,14.52,57.13
2020-06-03,14.85,64.48
2020-06-04,15.3,63.97
2020-06-05,13.14,74
2020-06-06,14.62,73.15
2020-06-07,15.09,73.14
2020-06-08,15.4,77.15
2020-06-09,11.92,87.95
2020-06-10,12.51,80.73
2020-06-11,12.9,79.3
2020-06-12,13.67,74.42
2020-06-13,17.18,65.44
2020-06-14,16.1,72.19
2020-06-15,15.34,71.04
2020-06-16,17.72,70.76
2020-06-17,19.08,61.72
2020-06-18,21.05,54.53
2020-06-19,20.45,61.78
2020-06-20,21.4,62.91
2020-06-21,19.11,65.3
2020-06-22,17.71,59.96
2020-06-23,20.66,46.46
2020-06-24,19.78,61.86
2020-06-25,22.81,48.11
2020-06-26,24.1,41.88
2020-06-27,25.12,48.56
2020-06-28,25.42,46.92
2020-06-29,24.8,56.17
2020-06-30,23.83,52.69
2020-07-01,24.32,49.85
2020-07-02,21.99,55.66
2020-07-03,15.35,74.36
2020-07-04,14.33,77.09
2020-07-05,14.99,61.18
2020-07-06,16.8,48.74
2020-07-07,17.55,55.9
2020-07-08,18.36,56.58
2020-07-09,21.12,53.55
2020-07-10,17.16,74.65
2020-07-11,21.49,67.74
2020-07-12,27.87,56.33
2020-07-13,27.79,52.27
2020-07-14,23.8,46.39
2020-07-15,23.18,52.11
2020-07-16,23.78,50.58
2020-07-17,25.23,49.91
2020-07-18,20.77,80.56
2020-07-19,21.31,63.48
2020-07-20,26.24,68.48
2020-07-21,16.76,82.01
2020-07-22,20.86,58.01
2020-07-23,21.82,55.92
2020-07-24,23.99,51.23
2020-07-25,23.3,67.89
2020-07-26,19.59,55.54
2020-07-27,20.72,71.13
2020-07-28,16.72,68.49
2020-07-29,15.03,77.33
2020-07-30,17.82,52.73
2020-07-31,17.94,58.77
2020-08-01,19.77,53.94
2020-08-02,18.87,56.37
2020-08-03,19.75,55.39
2020-08-04,20.1,53.41
2020-08-05,21.2,52.27
2020-08-06,18.74,55.73
2020-08-07,19.38,54.36
2020-08-08,19.95,54.59
2020-08-09,19.58,54.23
2020-08-10,16.04,69.83
2020-08-11,16.1,57.14
2020-08-12,14.47,57.22
2020-08-13,11.32,58.23
2020-08-14,11.24,59.18
2020-08-15,12.13,56.39
2020-08-16,10.08,65.11
2020-08-17,11.72,58.58
2020-08-18,12.11,51.71
2020-08-19,14.28,71.13
2020-08-20,8.12,86.37
2020-08-21,12,47.63
2020-08-22,10.74,58.88
2020-08-23,11.7,51.56
2020-08-24,6.7,73.71
2020-08-25,9,57.89
2020-08-26,9.85,55.1
2020-08-27,11.2,47.53
2020-08-28,12.94,56.02
2020-08-29,14.92,50.21
2020-08-30,12.15,91.84
2020-08-31,12.36,78.75
2020-09-01,14.12,68
2020-09-02,12.9,73.21
2020-09-03,14.5,59.39
2020-09-04,14.31,68.52
2020-09-05,12.46,74.71
2020-09-06,11.5,76.4
2020-09-07,7.91,79.98
2020-09-08,9.24,62.36
2020-09-09,10.78,53.4
2020-09-10,10.52,60.54
2020-09-11,11.72,65.02
2020-09-12,12.23,78.72
2020-09-13,13.67,82.34
2020-09-14,9.05,70.83
2020-09-15,8.84,72.24
2020-09-16,8.28,60.82
2020-09-17,7.46,62.81
2020-09-18,7.09,65.33
2020-09-19,7.27,66.39
2020-09-20,9.62,49.22
2020-09-21,8.08,51.9
2020-09-22,5.36,74.9
2020-09-23,3.95,82.25
2020-09-24,5.82,77.36
2020-09-25,7.38,76.43
2020-09-26,9.45,70.07
2020-09-27,9.88,82.54
2020-09-28,3.57,96.2
2020-09-29,3.54,82.92
2020-09-30,2.43,73.98
2020-10-01,-1.96,95.04
2020-10-02,-0.21,61.39
2020-10-03,-0.65,76.48
2020-10-04,-0.86,74.42
2020-10-05,-0.07,92.93
2020-10-06,2.19,95.17
2020-10-07,1.53,87.82
2020-10-08,-1.53,76.46
2020-10-09,-0.34,66.66
2020-10-10,-1.04,82.18
2020-10-11,-3,61
2020-10-12,-4.04,77.48
2020-10-13,-8.16,84.97
2020-10-14,-8.32,88.91
2020-10-15,-9.43,91.21
2020-10-16,-8.53,96.65
2020-10-17,-8.52,98.15
2020-10-18,-11.11,98.24
2020-10-19,-12.66,98.6
2020-10-20,-10.66,97.4
2020-10-21,-9.87,98.29
2020-10-22,-14.32,97.67
2020-10-23,-13.97,99.01
2020-10-24,-11.74,99.27
2020-10-25,-14.46,99.69
2020-10-26,-11.5,98.42
2020-10-27,-13.44,98.12
2020-10-28,-16.63,98.14
2020-10-29,-19.82,96.79
2020-10-30,-24.36,97.3
2020-10-31,-29.89,99.4
2020-11-01,-26.49,99.04
2020-11-02,-25.41,98.94
2020-11-03,-22.76,99
2020-11-04,-20.1,99.41
2020-11-05,-15.35,98.77
2020-11-06,-19.09,99.5
2020-11-07,-21.27,99.36
2020-11-08,-22.98,99.23
2020-11-09,-26.35,98.78
2020-11-10,-22.66,99.53
2020-11-11,-19.63,99.48
2020-11-12,-16.05,99.15
2020-11-13,-14.33,98.88
2020-11-14,-14.39,99.55
2020-11-15,-15.79,98
2020-11-16,-19.25,98.88
2020-11-17,-22.26,98.79
2020-11-18,-20.88,98.85
2020-11-19,-24.65,98.89
2020-11-20,-21.68,98.26
2020-11-21,-20.41,99.06
2020-11-22,-23.81,99.43
2020-11-23,-29.37,99.6
2020-11-24,-21.25,98.27
2020-11-25,-21.9,98.41
2020-11-26,-23.71,98.58
2020-11-27,-21.92,99.2
2020-11-28,-27.09,99.43
2020-11-29,-30.69,99.71
2020-11-30,-26.99,99.44
2020-12-01,-22.03,99.25
2020-12-02,-20.06,99.82
2020-12-03,-17.59,100
2020-12-04,-18.06,100
2020-12-05,-23.13,98.43
2020-12-06,-25.43,99.24
2020-12-07,-26.64,99.86
2020-12-08,-32.63,99.46
2020-12-09,-41.54,97.92
2020-12-10,-42.88,97.47
2020-12-11,-43.04,93.88
2020-12-12,-48.56,90.08
2020-12-13,-49.29,93.86
2020-12-14,-47.23,93.54
2020-12-15,-45.44,97.78
2020-12-16,-41.89,97.57
2020-12-17,-36.61,97.55
2020-12-18,-35.7,95.62
2020-12-19,-41.93,97.23
2020-12-20,-47.07,97.81
2020-12-21,-42.33,98.12
2020-12-22,-40.62,97.3
2020-12-23,-43.86,94.85
2020-12-24,-47.65,92.99
2020-12-25,-44.13,95.32
2020-12-26,-46.47,94.43
2020-12-27,-43.54,96.55
2020-12-28,-37.1,97.23
2020-12-29,-38.43,99.51
2020-12-30,-38.86,98.6
2020-12-31,-39.98,98.84
2021-01-01,-39.72,99.34
2021-01-02,-37.36,98.3
2021-01-03,-42.58,98.93
2021-01-04,-46,96.53
2021-01-05,-41.89,97.07
2021-01-06,-38.32,97.38
2021-01-07,-36.83,98.81
2021-01-08,-39.79,98.48
2021-01-09,-38.59,96.56
2021-01-10,-42.14,94.66
2021-01-11,-45.9,98.28
2021-01-12,-50.74,96.93
2021-01-13,-49.06,95.9
2021-01-14,-50.26,95.65
2021-01-15,-49.59,92.97
2021-01-16,-46.31,96.85
2021-01-17,-47.3,94.79
2021-01-18,-51.35,94.67
2021-01-19,-53.11,88.69
2021-01-20,-49.34,95.65
2021-01-21,-48.89,95.21
2021-01-22,-52.27,95.97
2021-01-23,-53.21,91.39
2021-01-24,-52.07,91.28
2021-01-25,-50.73,91.24
2021-01-26,-52.05,96.64
2021-01-27,-45.19,95.19
2021-01-28,-44.5,94.32
2021-01-29,-42.09,96.65
2021-01-30,-44.8,97.57
2021-01-31,-40.12,96.59
2021-02-01,-41.18,96.07
2021-02-02,-40.34,94.89
2021-02-03,-39.29,95.46
2021-02-04,-43.56,99.07
2021-02-05,-41.47,97.69
2021-02-06,-38.09,95.61
2021-02-07,-38.9,99.26
2021-02-08,-37.09,98.52
2021-02-09,-33.33,98.23
2021-02-10,-33.77,99.17
2021-02-11,-25.25,98.78
2021-02-12,-23.1,97.88
2021-02-13,-22.67,98.25
2021-02-14,-25.33,96.73
2021-02-15,-28.35,97
2021-02-16,-32.3,97.96
2021-02-17,-37.31,99.24
2021-02-18,-35.04,98.66
2021-02-19,-33.07,97.6
2021-02-20,-35.36,98.86
2021-02-21,-33.47,96.31
2021-02-22,-36.56,98.03
2021-02-23,-35.63,98.75
2021-02-24,-32.69,98.62
2021-02-25,-35,99.06
2021-02-26,-37.54,98.7
2021-02-27,-29.67,97.65
2021-02-28,-25.37,96.47
2021-03-01,-31.85,96.41
2021-03-02,-33.85,98.71
2021-03-03,-32.45,96.84
2021-03-04,-34.85,95.96
2021-03-05,-35,97.03
2021-03-06,-31.99,98.69
2021-03-07,-26.55,99.3
2021-03-08,-23.31,98.55
2021-03-09,-16.44,98.28
2021-03-10,-13.09,96.17
2021-03-11,-18.36,96.88
2021-03-12,-13.84,98.43
2021-03-13,-12.77,97.92
2021-03-14,-11.37,90.63
2021-03-15,-19.83,95.71
2021-03-16,-14.16,98.31
2021-03-17,-11.69,98.32
2021-03-18,-22.36,97.37
2021-03-19,-10.88,98.97
2021-03-20,-9.93,98.25
2021-03-21,-18.49,97.57
2021-03-22,-31.67,95.56
2021-03-23,-24.61,96.62
2021-03-24,-26.65,97.79
2021-03-25,-21.08,96.89
2021-03-26,-13.68,98.69
2021-03-27,-8.68,99.63
2021-03-28,-8.63,97.98
2021-03-29,-8.38,98.53
2021-03-30,-10.45,97.51
2021-03-31,-6.43,98.26
2021-04-01,-7.43,96.75
2021-04-02,-15.83,97.42
2021-04-03,-20.27,96.14
2021-04-04,-20.75,96.39
2021-04-05,-21.29,96.52
2021-04-06,-18.48,91.73
2021-04-07,-15.95,96.49
2021-04-08,-7.96,97.17
2021-04-09,-4.99,98.73
2021-04-10,-8.73,99.15
2021-04-11,-9.55,99.02
2021-04-12,-10.26,96.87
2021-04-13,-10.53,95.64
2021-04-14,-7.97,95.47
2021-04-15,-6.1,95.67
2021-04-16,-1.23,97.16
2021-04-17,-3.27,96.87
2021-04-18,-8.37,96.21
2021-04-19,-9.23,97.48
2021-04-20,-11.04,97.27
2021-04-21,-9.5,94.97
2021-04-22,-8.13,96.49
2021-04-23,-4.21,98.44
2021-04-24,-5.1,97.94
2021-04-25,-0.86,98.82
2021-04-26,-0.22,98.98
2021-04-27,-5.96,98.17
2021-04-28,-7.26,98.49
2021-04-29,-2.13,97.27
2021-04-30,-0.73,98.93
2021-05-01,-0.94,99.36
2021-05-02,-0.99,99.19
2021-05-03,0.96,96.27
2021-05-04,4.15,84.04
2021-05-05,2.82,90.4
2021-05-06,1.77,83.27
2021-05-07,4.49,75.26
2021-05-08,6.8,70.53
2021-05-09,8.22,65.3
2021-05-10,9.22,61.31
2021-05-11,7.69,71.43
2021-05-12,6.45,70.83
2021-05-13,5.99,65.93
2021-05-14,9.34,42.81
2021-05-15,10.6,51.78
2021-05-16,9.52,77.2
2021-05-17,1.34,76.32
2021-05-18,1.35,60.2
2021-05-19,4.01,55.31
2021-05-20,5.25,66.41
2021-05-21,5.19,62.58
2021-05-22,6.16,63.14
2021-05-23,7.73,60.03
2021-05-24,5.95,83
2021-05-25,9.48,76.56
2021-05-26,12.6,68.26
2021-05-27,10.39,87.54
2021-05-28,13.96,64.4
2021-05-29,15.88,72.72
2021-05-30,13.86,82.95
2021-05-31,15.26,55.9
2021-06-01,12.26,73.37
2021-06-02,15.85,65.41
2021-06-03,18.15,58.92
2021-06-04,18.66,61.93
2021-06-05,18.88,64.27
2021-06-06,12.15,75.73
2021-06-07,12.07,71.16
2021-06-08,16.23,68.02
2021-06-09,9.91,69.52
2021-06-10,13.91,52.24
2021-06-11,16,64.37
2021-06-12,12.87,80.45
2021-06-13,12.32,70.35
2021-06-14,16.31,58.78
2021-06-15,16.42,64.94
2021-06-16,17.77,62.7
2021-06-17,18.58,55.05
2021-06-18,18.01,77.07
2021-06-19,22.16,64.09
2021-06-20,25.45,50.94
2021-06-21,26.25,54.72
2021-06-22,26.71,49.86
2021-06-23,25.14,54.61
2021-06-24,20.54,77.06
2021-06-25,22.38,59.89
2021-06-26,23.08,56.57
2021-06-27,23.92,48.61
2021-06-28,24.89,47.61
2021-06-29,24.61,55.15
2021-06-30,25.92,54.08
2021-07-01,27.03,40.51
2021-07-02,26.41,40.65
2021-07-03,26.76,44.03
2021-07-04,24.13,63.12
2021-07-05,21.94,57.91
2021-07-06,22.09,58.6
2021-07-07,24.06,50.38
2021-07-08,25.05,50.03
2021-07-09,21.78,77.61
2021-07-10,13.2,90.44
2021-07-11,12.97,71.04
2021-07-12,18.24,53.75
2021-07-13,20.49,47.09
2021-07-14,21.28,54.62
2021-07-15,21.48,63.14
2021-07-16,17.29,66.46
2021-07-17,18.72,57.19
2021-07-18,19.31,62.7
2021-07-19,24.62,58.48
2021-07-20,22.08,69.64
2021-07-21,18.72,78.61
2021-07-22,21.46,55.72
2021-07-23,20.65,68.47
2021-07-24,16.79,94.32
2021-07-25,19.77,69.94
2021-07-26,22.77,61.72
2021-07-27,20.3,60.45
2021-07-28,18.1,54.57
2021-07-29,16.65,51.9
2021-07-30,17.44,57.23
2021-07-31,17.19,60.26
2021-08-01,20.81,55.07
2021-08-02,22.77,55.34
2021-08-03,18.54,70.21
2021-08-04,21.23,50.92
2021-08-05,18.75,52.14
2021-08-06,19.51,51.91
2021-08-07,18.71,48.12
2021-08-08,18.24,51.29
2021-08-09,20.06,52.64
2021-08-10,22.27,52.12
2021-08-11,20.5,85.82
2021-08-12,18.68,84.66
2021-08-13,20.49,59.04
2021-08-14,23.31,52.63
2021-08-15,20.33,72.3
2021-08-16,19.7,71.55
2021-08-17,18.29,67.26
2021-08-18,12.2,84.91
2021-08-19,16.18,71.41
2021-08-20,17.42,89.76
2021-08-21,20.65,72.86
2021-08-22,18.44,88.21
2021-08-23,14.53,85.68
2021-08-24,13.35,95.16
2021-08-25,13.71,69.76
2021-08-26,15.37,69.86
2021-08-27,9.46,69.85
2021-08-28,7.58,67.62
2021-08-29,10.58,64.56
2021-08-30,13.29,73.81
2021-08-31,9.16,66.39
2021-09-01,10.33,65.47
2021-09-02,13.78,60.7
2021-09-03,10.92,84.38
2021-09-04,6.07,70.49
2021-09-05,8.71,63.43
2021-09-06,9.21,58.45
2021-09-07,10.99,53.1
2021-09-08,11.2,59.71
2021-09-09,6.77,62.96
2021-09-10,9.73,53.04
2021-09-11,10.53,57.36
2021-09-12,10.41,67.79
2021-09-13,13,70.55
2021-09-14,8.71,90.16
2021-09-15,11.8,71.54
2021-09-16,7.45,94.9
2021-09-17,5.92,97.05
2021-09-18,3.43,87.08
2021-09-19,2.29,72.42
2021-09-20,1.87,83.72
2021-09-21,2.67,80.96
2021-09-22,4.81,73.55
2021-09-23,4.93,87.68
2021-09-24,5,87.21
2021-09-25,2.89,81.38
2021-09-26,1.93,84.94
2021-09-27,2.87,77.5
2021-09-28,1.77,74.06
2021-09-29,2.52,66.97
2021-09-30,0.85,93.83
2021-10-01,-1.24,92.82
2021-10-02,-2.12,92.34
2021-10-03,-2.53,88.85
2021-10-04,-1.58,91.28
2021-10-05,-1.07,94.8
2021-10-06,0.27,93.23
2021-10-07,-1.63,83.75
2021-10-08,-1.68,93.88
2021-10-09,-0.45,95.57
2021-10-10,0.71,91.6
2021-10-11,-0.92,90.54
2021-10-12,-4.77,77.06
2021-10-13,-6.37,86.39
2021-10-14,-6.44,80.75
2021-10-15,-7.76,80.1
2021-10-16,-7.5,81.27
2021-10-17,-7.37,72.63
2021-10-18,-8.15,82.37
2021-10-19,-7.19,85.6
2021-10-20,-3.95,98.9
2021-10-21,-2.38,97.43
2021-10-22,-2.47,95.34
2021-10-23,-4.64,96.47
2021-10-24,-2.18,98.9
2021-10-25,-3.49,99.39
2021-10-26,-4.51,99.54
2021-10-27,-7.15,97.64
2021-10-28,-6.11,98.05
2021-10-29,-10.56,98.33
2021-10-30,-16.93,98.83
2021-10-31,-13.58,99.75
2021-11-01,-13.04,99.85
2021-11-02,-10.19,99.79
2021-11-03,-14.61,99.61
2021-11-04,-13.81,99.54
2021-11-05,-17.45,98.22
2021-11-06,-18,99.46
2021-11-07,-18.13,99.73
2021-11-08,-11.62,99.68
2021-11-09,-7.04,99.57
2021-11-10,-10.9,99.44
2021-11-11,-20.27,99.89
2021-11-12,-24.02,99.16
2021-11-13,-24.61,98.95
2021-11-14,-28.06,98.87
2021-11-15,-26.13,99.65
2021-11-16,-26.09,98.88
2021-11-17,-27.62,98.9
2021-11-18,-26.93,98.67
2021-11-19,-26.91,98.93
2021-11-20,-29.8,98.94
2021-11-21,-31.34,96.79
2021-11-22,-36.68,98.74
2021-11-23,-30.93,97.65
2021-11-24,-30.45,98.98
2021-11-25,-30.42,99.15
2021-11-26,-26.59,99.43
2021-11-27,-16.6,97.53
2021-11-28,-19.6,98.58
2021-11-29,-25.02,98.41
2021-11-30,-29.14,98.08
2021-12-01,-30.22,98.83
2021-12-02,-34.09,97.94
2021-12-03,-38.36,98.81
2021-12-04,-35.94,98.81
2021-12-05,-28.39,99.2
2021-12-06,-32.64,99.14
2021-12-07,-39.54,98.74
2021-12-08,-33.01,99.1
2021-12-09,-28.51,97.71
2021-12-10,-26.95,98.97
2021-12-11,-33.22,98.1
2021-12-12,-36.48,98.8
2021-12-13,-37.37,99.37
2021-12-14,-38.95,97.37
2021-12-15,-36.08,95.54
2021-12-16,-36.74,96.4
2021-12-17,-36.12,97.45
2021-12-18,-44.54,95.82
2021-12-19,-45.27,97.22
2021-12-20,-43.56,99.28
2021-12-21,-46.79,97.1
2021-12-22,-49.22,95.78
2021-12-23,-49.28,92.95
2021-12-24,-45.28,94.73
2021-12-25,-46.21,95.25
2021-12-26,-48.15,93.85
2021-12-27,-46.67,96.5
2021-12-28,-47.62,96.87
2021-12-29,-44.6,94.32
2021-12-30,-45.28,93.9
2021-12-31,-45.5,96.98
2022-01-01,-43.51,95.83
2022-01-02,-39.16,98.32
2022-01-03,-42.51,96.12
2022-01-04,-46.22,95.89
2022-01-05,-47.81,94.79
2022-01-06,-47.87,95.34
2022-01-07,-43.98,91.68
2022-01-08,-40.35,96.69
2022-01-09,-34.93,97.15
2022-01-10,-35.36,98.93
2022-01-11,-35.43,98.35
2022-01-12,-33.04,98.45
2022-01-13,-36,98.67
2022-01-14,-35.43,98.22
2022-01-15,-40.61,97.56
2022-01-16,-42.18,97.07
2022-01-17,-42.13,98.61
2022-01-18,-40.67,97.16
2022-01-19,-39.13,97.36
2022-01-20,-37.38,98.8
2022-01-21,-30.26,98.66
2022-01-22,-26.61,99.46
2022-01-23,-23.66,98.99
2022-01-24,-23.11,98.5
2022-01-25,-27.34,99.15
2022-01-26,-27.34,98.74
2022-01-27,-33.06,98.06
2022-01-28,-32.43,99.36
2022-01-29,-30.98,97.74
2022-01-30,-29.68,98.36
2022-01-31,-27.15,96.91
2022-02-01,-27.86,96.39
2022-02-02,-30.83,97
2022-02-03,-30.87,97.57
2022-02-04,-29.97,97.61
2022-02-05,-29,97.99
2022-02-06,-30.26,98.65
2022-02-07,-33.48,97.96
2022-02-08,-34.63,95.22
2022-02-09,-33.19,97.19
2022-02-10,-32.2,97.52
2022-02-11,-36.97,98.52
2022-02-12,-33.97,98.88
2022-02-13,-28.93,98.04
2022-02-14,-34.18,98.75
2022-02-15,-35.34,98.93
2022-02-16,-30.43,92.64
2022-02-17,-30.71,98.62
2022-02-18,-31.56,99.53
2022-02-19,-29.56,99.15
2022-02-20,-30.47,98.68
2022-02-21,-23.48,99.67
2022-02-22,-26.27,97.68
2022-02-23,-21.42,99.37
2022-02-24,-17.88,99.96
2022-02-25,-18.98,97.13
2022-02-26,-25.98,97.3
2022-02-27,-25.36,97.74
2022-02-28,-21.8,97.73
2022-03-01,-19.82,97.25
2022-03-02,-21.89,96.95
2022-03-03,-22.98,98.82
2022-03-04,-20.13,96.66
2022-03-05,-19.13,99.61
2022-03-06,-21.95,99.32
2022-03-07,-20.07,97.75
2022-03-08,-20.33,98.45
2022-03-09,-20.42,97.01
2022-03-10,-21.32,98.21
2022-03-11,-21.23,98.03
2022-03-12,-20.97,98.49
2022-03-13,-19.73,97.56
2022-03-14,-20.85,97.77
2022-03-15,-20.53,96.17
2022-03-16,-20.57,96.4
2022-03-17,-18.49,97.15
2022-03-18,-18.79,93.78
2022-03-19,-18.84,95.87
2022-03-20,-18.26,97.76
2022-03-21,-15.24,98.56
2022-03-22,-13.07,98.08
2022-03-23,-11.34,97.39
2022-03-24,-8.38,98.86
2022-03-25,-11.64,98.96
2022-03-26,-12.88,96.18
2022-03-27,-11.85,98.09
2022-03-28,-8.84,97.73
2022-03-29,-11.83,98.09
2022-03-30,-11.27,96.59
2022-03-31,-12.58,97.1
2022-04-01,-7.04,98.1
2022-04-02,-6.12,98.9
2022-04-03,-8.56,97.47
2022-04-04,-7.25,97.07
2022-04-05,-11.54,97.16
2022-04-06,-13.63,97.85
2022-04-07,-10.6,98.98
2022-04-08,-8.96,98.32
2022-04-09,-6.31,97.24
2022-04-10,-7.27,97.85
2022-04-11,-9.05,97.15
2022-04-12,-6.59,98.11
2022-04-13,-4.62,95.72
2022-04-14,-1.82,98.18
2022-04-15,-3.29,97.76
2022-04-16,-6.09,97.53
2022-04-17,-5.61,96.64
2022-04-18,-2.21,98.24
2022-04-19,-4.75,97.97
2022-04-20,-6.92,95.06
2022-04-21,-4.59,91.71
2022-04-22,-3.48,90.88
2022-04-23,-4,96.81
2022-04-24,-4.4,98.03
2022-04-25,-7,97.65
2022-04-26,-6.93,97.35
2022-04-27,-5.41,97.72
2022-04-28,-4.89,98.28
2022-04-29,-2.93,94.79
2022-04-30,-3.19,98.85
2022-05-01,-0.95,98.81
2022-05-02,-4.25,97.33
2022-05-03,-4.15,95.15
2022-05-04,-0.38,94.55
2022-05-05,-0.7,97.14
2022-05-06,-0.56,81.89
2022-05-07,2.78,82.64
2022-05-08,5.33,82.56
2022-05-09,0.68,71.08
2022-05-10,-1.15,61.25
2022-05-11,3.26,51.86
2022-05-12,7.86,54.86
2022-05-13,6.86,64.76
2022-05-14,1.41,70.37
2022-05-15,1.66,72.6
2022-05-16,3.94,83.97
2022-05-17,4.73,77.81
2022-05-18,6.77,67.1
2022-05-19,6.99,75.23
2022-05-20,5.7,84.28
2022-05-21,7.53,77.32
2022-05-22,9.16,68.79
2022-05-23,8.93,76.06
2022-05-24,8.44,83.46
2022-05-25,4.33,71.49
2022-05-26,5.45,74.49
2022-05-27,8.72,74.59
2022-05-28,10.59,82.08
2022-05-29,11.45,87.29
2022-05-30,12.13,85.56
2022-05-31,13.43,84.15
2022-06-01,12.55,93.41
2022-06-02,15.5,78.6
2022-06-03,16.82,72.83
2022-06-04,18.81,69.69
2022-06-05,20.68,66
2022-06-06,22.76,51.98
2022-06-07,20.23,73.21
2022-06-08,20.95,59.91
2022-06-09,19.77,72.21
2022-06-10,15.66,80.31
2022-06-11,16.79,72.04
2022-06-12,13.4,87.53
2022-06-13,14.15,77.46
2022-06-14,14.08,82.04
2022-06-15,13.67,83.65
2022-06-16,16.53,78.77
2022-06-17,15.28,70.58
2022-06-18,18.22,61.71
2022-06-19,19.68,64.54
2022-06-20,22.82,58.41
2022-06-21,19.02,76.25
2022-06-22,19.37,68.66
2022-06-23,20.49,62.05
2022-06-24,19.24,62.36
2022-06-25,24.22,40.76
2022-06-26,24.82,52.97
2022-06-27,21.58,70.05
2022-06-28,17.87,74.19
2022-06-29,20.79,70.19
2022-06-30,18.49,71.44
2022-07-01,21.67,59.52
2022-07-02,22.53,53.89
2022-07-03,24.91,58.68
2022-07-04,27.4,59.37
2022-07-05,28.17,55.84
2022-07-06,25.38,69.58
2022-07-07,23.18,67.6
2022-07-08,15.69,73.06
2022-07-09,18.25,57.55
2022-07-10,19.66,71.44
2022-07-11,18.59,78.58
2022-07-12,21.02,69.39
2022-07-13,21.7,68.56
2022-07-14,20.8,80.86
2022-07-15,23.26,67.37
2022-07-16,26.23,58.18
2022-07-17,27.44,55.25
2022-07-18,25.6,60.75
2022-07-19,23.36,59.12
2022-07-20,20.85,85.41
2022-07-21,23.69,66.97
2022-07-22,23.18,67.5
2022-07-23,22.04,69.01
2022-07-24,23.43,56.63
2022-07-25,24.69,52.76
2022-07-26,23.49,50.69
2022-07-27,26.77,40.64
2022-07-28,28.04,44.79
2022-07-29,26.59,51.7
2022-07-30,24.93,56.28
2022-07-31,25.78,52.41
2022-08-01,22.52,80.68
2022-08-02,19.63,81.22
2022-08-03,20.79,71.74
2022-08-04,20.11,86.66
2022-08-05,21.31,69.7
2022-08-06,18.59,82.06
2022-08-07,13.2,86.26
2022-08-08,16.83,69.02
2022-08-09,17.82,67.64
2022-08-10,20.06,72.81
2022-08-11,19.47,74.45
2022-08-12,16.85,90.84
2022-08-13,18.51,67.43
2022-08-14,18.29,68.05
2022-08-15,17.59,77.72
2022-08-16,14.43,83.19
2022-08-17,12.35,93.48
2022-08-18,12.86,80.07
2022-08-19,12.73,82.27
2022-08-20,10.55,89.25
2022-08-21,11.69,78.89
2022-08-22,10.17,70.38
2022-08-23,9.68,76.47
2022-08-24,7.13,93.41
2022-08-25,9.37,80.55
2022-08-26,10.05,73.75
2022-08-27,11.4,74.43
2022-08-28,10.39,71.92
2022-08-29,13.63,72.79
2022-08-30,7.58,87.95
2022-08-31,6.85,75.57
2022-09-01,7,74.45
2022-09-02,5.62,93.45
2022-09-03,6.25,77.92
2022-09-04,6.73,76.11
2022-09-05,9.07,64.27
2022-09-06,11.67,84.38
2022-09-07,8.42,82.43
2022-09-08,8.03,73.33
2022-09-09,8.71,86.07
2022-09-10,5.66,67.63
2022-09-11,4.66,72.13
2022-09-12,7.9,72.59
2022-09-13,9.87,78.49
2022-09-14,4.81,78.83
2022-09-15,5.98,85.62
2022-09-16,3.73,76.56
2022-09-17,6.19,86.58
2022-09-18,1.32,83.45
2022-09-19,-0.2,81.84
2022-09-20,-0.7,72
2022-09-21,0.64,75.5
2022-09-22,-0.94,86.71
2022-09-23,-0.16,78
2022-09-24,0.93,96.32
2022-09-25,0.29,98.58
2022-09-26,0.13,90.76
2022-09-27,-1.34,89.74
2022-09-28,-2.54,84.09
2022-09-29,-2.29,75.91
2022-09-30,-2.28,83.49
2022-10-01,-4.2,77.12
2022-10-02,-3.82,81.08
2022-10-03,-3.39,83.4
2022-10-04,-3.59,81.71
2022-10-05,-3.11,85.41
2022-10-06,-3.09,87.32
2022-10-07,-4.96,81.16
2022-10-08,-5.33,85.06
2022-10-09,-1.79,94.46
2022-10-10,-2.78,97.13
2022-10-11,-5.91,91.57
2022-10-12,-4.04,88.62
2022-10-13,-4.37,98.05
2022-10-14,-2.55,98.01
2022-10-15,-3.5,95.89
2022-10-16,-5.52,94.75
2022-10-17,-4.93,96.27
2022-10-18,-7.7,93.89
2022-10-19,-5.67,97.72
2022-10-20,-8.48,96.17
2022-10-21,-6.53,98.46
2022-10-22,-6.69,98.78
2022-10-23,-7.7,98.68
2022-10-24,-4.51,97.84
2022-10-25,-4.89,98.58
2022-10-26,-8.5,99.64
2022-10-27,-5.95,99.46
2022-10-28,-7.7,98.93
2022-10-29,-14.15,99.54
2022-10-30,-13.35,99.63
2022-10-31,-15.48,99.65
2022-11-01,-13.37,99.26
2022-11-02,-18.92,99.41
2022-11-03,-19.15,99.73
2022-11-04,-16.72,99.9
2022-11-05,-15.6,99.62
2022-11-06,-21.47,99.07
2022-11-07,-25.77,98.57
2022-11-08,-31.31,99.49
2022-11-09,-27.45,97.92
2022-11-10,-17.95,100
2022-11-11,-14.06,99.73
2022-11-12,-16.23,99.54
2022-11-13,-16.76,98.71
2022-11-14,-32.34,98.94
2022-11-15,-38.86,98.81
2022-11-16,-39.46,99.34
2022-11-17,-32.2,99.5
2022-11-18,-25.34,97.91
2022-11-19,-24.14,97.89
2022-11-20,-28.23,99.5
2022-11-21,-30.39,98.32
2022-11-22,-32.86,93.8
2022-11-23,-30.01,98.68
2022-11-24,-34.42,98.91
2022-11-25,-37.9,97.63
2022-11-26,-38.62,98.29
2022-11-27,-41.65,96.56
2022-11-28,-37.83,99.13
2022-11-29,-36.17,98.19
2022-11-30,-34.87,96.82
2022-12-01,-34.92,96.87
2022-12-02,-38.77,97.85
2022-12-03,-39.18,97.46
2022-12-04,-34.54,99.62
2022-12-05,-36.71,96.82
2022-12-06,-36.54,97.98
2022-12-07,-40.37,98.57
2022-12-08,-39.42,98.72
2022-12-09,-37.42,98.03
2022-12-10,-37.67,96.66
2022-12-11,-46.42,98.15
2022-12-12,-38.64,98.24
2022-12-13,-44.46,94.93
2022-12-14,-47.36,97.28
2022-12-15,-46.78,95.77
2022-12-16,-42.9,99.8
2022-12-17,-46.54,98.27
2022-12-18,-40.58,95.82
2022-12-19,-37.55,96.74
2022-12-20,-39.24,98.82
2022-12-21,-37.42,96.74
2022-12-22,-36.56,97.44
2022-12-23,-29.1,97.03
2022-12-24,-26.09,97.01
2022-12-25,-31.63,98.26
2022-12-26,-33.83,98.99
2022-12-27,-31.49,98.43
2022-12-28,-30.43,98.78
2022-12-29,-28.15,99.09
2022-12-30,-32.36,97.87
2022-12-31,-36.37,99.29
2023-01-01,-37.21,100
2023-01-02,-38.32,99.96
2023-01-03,-37.22,99.5
2023-01-04,-35.89,98.43
2023-01-05,-36.47,98.58
2023-01-06,-42.25,98.65
2023-01-07,-42.62,98.74
2023-01-08,-34.54,98.67
2023-01-09,-36.89,99.74
2023-01-10,-33.03,99.45
2023-01-11,-33.79,96.12
2023-01-12,-44.29,97.58
2023-01-13,-48.55,90.73
2023-01-14,-52.11,97.36
2023-01-15,-53.81,84.74
2023-01-16,-46.2,96.39
2023-01-17,-51.01,98.62
2023-01-18,-51.89,93.14
2023-01-19,-49.56,88.75
2023-01-20,-50.09,94.03
2023-01-21,-49.35,95.19
2023-01-22,-48.7,95.94
2023-01-23,-42.45,96.77
2023-01-24,-45.36,94.73
2023-01-25,-49.38,95.18
2023-01-26,-47.32,90.17
2023-01-27,-47.76,95.92
2023-01-28,-47.78,97.64
2023-01-29,-45.79,95.6
2023-01-30,-46.34,95.15
2023-01-31,-40.16,97.98
2023-02-01,-32.61,96.42
2023-02-02,-36.04,98.18
2023-02-03,-33.6,98.25
2023-02-04,-35.92,98.57
2023-02-05,-40.58,97.2
2023-02-06,-42.93,94.67
2023-02-07,-44.38,99.04
2023-02-08,-42.9,98.5
2023-02-09,-45.66,99.64
2023-02-10,-44.17,97.66
2023-02-11,-38.74,98.9
2023-02-12,-34.68,97.94
2023-02-13,-40.26,97.56
2023-02-14,-34.4,98.48
2023-02-15,-36.49,99.3
2023-02-16,-33.06,99.59
2023-02-17,-29.87,99.61
2023-02-18,-29.24,98.25
2023-02-19,-29.71,98.57
2023-02-20,-30.36,99.23
2023-02-21,-26.82,99.02
2023-02-22,-23.98,99.52
2023-02-23,-23.08,98.49
2023-02-24,-32.82,98.87
2023-02-25,-26.34,99.45
2023-02-26,-17.89,98.8
2023-02-27,-27.64,95.19
2023-02-28,-23.66,97.55
2023-03-01,-34.78,99.47
2023-03-02,-35.82,99.12
2023-03-03,-27.2,99.53
2023-03-04,-21.12,98.62
2023-03-05,-14.29,97.33
2023-03-06,-17.59,98.01
2023-03-07,-19.17,98.42
2023-03-08,-23.41,98.42
2023-03-09,-20.95,98.8
2023-03-10,-14.58,98.28
2023-03-11,-13.67,99.56
2023-03-12,-20.4,97.73
2023-03-13,-19.49,98.12
2023-03-14,-13.72,97.86
2023-03-15,-11.86,99.77
2023-03-16,-14.76,96.25
2023-03-17,-11.84,98.19
2023-03-18,-12.13,97.4
2023-03-19,-23.24,95.25
2023-03-20,-26.98,95.47
2023-03-21,-29.08,95.81
2023-03-22,-26.09,96.1
2023-03-23,-16.16,98.62
2023-03-24,-12.65,99.26
2023-03-25,-8.64,97.12
2023-03-26,-10.19,98.08
2023-03-27,-4.76,97.95
2023-03-28,-2.61,98.67
2023-03-29,-11.44,96.97
2023-03-30,-5.65,96.48
2023-03-31,-10.74,96.53
2023-04-01,-16.57,96.67
2023-04-02,-16.78,96.6
2023-04-03,-11.29,97
2023-04-04,-9.05,98.31
2023-04-05,-15.46,95.49
2023-04-06,-18.46,96.07
2023-04-07,-11.26,97.56
2023-04-08,-8.62,97.34
2023-04-09,-13.81,93.23
2023-04-10,-10.25,97.39
2023-04-11,-10.89,97.8
2023-04-12,-6.8,98.47
2023-04-13,-3.8,97.71
2023-04-14,-5.8,97.15
2023-04-15,-4.14,95.91
2023-04-16,-1.4,98.47
2023-04-17,-2.74,98.98
2023-04-18,-9.07,98.34
2023-04-19,-4.51,97.68
2023-04-20,-3.94,98.58
2023-04-21,-5.85,98.29
2023-04-22,-5.79,97.57
2023-04-23,-2.38,97.68
2023-04-24,-1.51,98.1
2023-04-25,-3.88,97.82
2023-04-26,-3.26,98.72
2023-04-27,-2.28,98.77
2023-04-28,-0.84,99.23
2023-04-29,-1.88,99.03
2023-04-30,-1.07,99.33
2023-05-01,-0.88,98.15
2023-05-02,-0.83,92.49
2023-05-03,-0.48,91.16
2023-05-04,0.79,85.31
2023-05-05,3.21,83.98
2023-05-06,4.67,83.5
2023-05-07,1.77,76.05
2023-05-08,-2.89,61.83
2023-05-09,0.76,61.44
2023-05-10,5.53,76.39
2023-05-11,0,74.66
2023-05-12,1.27,69.56
2023-05-13,4.89,66.45
2023-05-14,7.68,66.39
2023-05-15,7.9,78.23
2023-05-16,6.29,95.92
2023-05-17,5.24,83.4
2023-05-18,4.95,80.9
2023-05-19,4.07,83.51
2023-05-20,5.03,75.88
2023-05-21,1.72,71.28
2023-05-22,0.52,74.47
2023-05-23,4.63,66.8
2023-05-24,6.42,62.16
2023-05-25,7.63,65.72
2023-05-26,7.4,67.06
2023-05-27,6.73,70.53
2023-05-28,10.02,67.3
2023-05-29,12.65,69.69
2023-05-30,12.53,72.51
2023-05-31,12.75,73.33
2023-06-01,14.23,72.62
2023-06-02,14.52,70.9
2023-06-03,15.39,68.1
2023-06-04,16.04,73.21
2023-06-05,11.89,79
2023-06-06,13.12,70.5
2023-06-07,13.63,76.92
2023-06-08,14.04,72.71
2023-06-09,11.23,85.14
2023-06-10,16.65,66.74
2023-06-11,20.27,76.2
2023-06-12,10.82,70.44
2023-06-13,5.44,90.46
2023-06-14,7.74,88.24
2023-06-15,14.36,72.6
2023-06-16,10.8,77.42
2023-06-17,15.77,74.14
2023-06-18,18.82,69.69
2023-06-19,18.23,81.33
2023-06-20,16.59,87.55
2023-06-21,14.05,78.64
2023-06-22,17.33,61.82
2023-06-23,20.1,75.73
2023-06-24,23.98,55.22
2023-06-25,23.71,65.71
2023-06-26,25.24,63.53
2023-06-27,23.78,71.04
2023-06-28,23.9,74.88
2023-06-29,25.25,70.63
2023-06-30,26.37,69.78
2023-07-01,26.69,68.63
2023-07-02,27.76,60.23
2023-07-03,24.03,67.64
2023-07-04,20.84,66.31
2023-07-05,20.4,65.19
2023-07-06,20.68,57.73
2023-07-07,21.49,60.24
2023-07-08,14.57,64.44
2023-07-09,15.78,62.63
2023-07-10,21.56,60.76
2023-07-11,23.8,59.75
2023-07-12,20.48,82.52
2023-07-13,15.19,78.84
2023-07-14,15.76,67.97
2023-07-15,13.61,69.54
2023-07-16,14.52,55.83
2023-07-17,17.29,50.18
2023-07-18,18.99,75.29
2023-07-19,16.79,65.23
2023-07-20,14.54,87.08
2023-07-21,15.43,86.79
2023-07-22,18.89,66.36
2023-07-23,22.96,62.2
2023-07-24,24.56,60.31
2023-07-25,23.18,61.67
2023-07-26,20.5,56.94
2023-07-27,19.95,54.62
2023-07-28,19.2,55.66
2023-07-29,20.6,52.53
2023-07-30,19.74,60.23
2023-07-31,14.61,62.4
2023-08-01,13.46,83.44
2023-08-02,15.09,68.68
2023-08-03,19.76,47.18
2023-08-04,21.86,43.23
2023-08-05,22.49,41.64
2023-08-06,21.02,52.91
2023-08-07,18.05,52.93
2023-08-08,17.3,51.7
2023-08-09,17.13,55.3
2023-08-10,17.1,65.7
2023-08-11,20.3,68.97
2023-08-12,20.73,65.25
2023-08-13,20.44,56.15
2023-08-14,14.88,96.27
2023-08-15,13.7,95.32
2023-08-16,16.11,83.5
2023-08-17,16.24,79.17
2023-08-18,18.06,69.62
2023-08-19,18.25,83.39
2023-08-20,15.15,93.84
2023-08-21,12.32,81.9
2023-08-22,11.96,71.05
2023-08-23,8.18,89.61
2023-08-24,11.18,69.17
2023-08-25,11.68,60.45
2023-08-26,14.87,76.46
2023-08-27,17.77,69.02
2023-08-28,20.04,56.53
2023-08-29,20.3,57.13
2023-08-30,19.1,64.23
2023-08-31,19.06,59.01
2023-09-01,6.85,78.38
2023-09-02,7.05,65.19
2023-09-03,8.46,63.82
2023-09-04,11.21,48.56
2023-09-05,11.27,56.18
2023-09-06,5.1,79.58
2023-09-07,3.71,61.48
2023-09-08,2.76,74.68
2023-09-09,3,83.88
2023-09-10,4.03,82.77
2023-09-11,2.12,93.78
2023-09-12,4.35,78.82
2023-09-13,6.47,73.65
2023-09-14,4.19,85.8
2023-09-15,5.65,82.57
2023-09-16,3.84,66.19
2023-09-17,3.25,69.28
2023-09-18,2.43,80.2
2023-09-19,0.15,74.44
2023-09-20,0.63,68.9
2023-09-21,2.65,71.88
2023-09-22,2.12,94.84
2023-09-23,5.2,95.4
2023-09-24,3.86,76.78
2023-09-25,3.06,76.76
2023-09-26,3.38,73.95
2023-09-27,6.07,76.68
2023-09-28,4.61,75.67
2023-09-29,0.18,67.99
2023-09-30,0.14,60.62
2023-10-01,1.31,70.53
2023-10-02,2.38,96.83
2023-10-03,-0.16,92.05
2023-10-04,-2.61,80.48
2023-10-05,-1.46,89.74
2023-10-06,-0.94,79.63
2023-10-07,0.81,96.99
2023-10-08,-0.22,90.95
2023-10-09,-0.51,82.71
2023-10-10,1.33,97.37
2023-10-11,4.88,99.5
2023-10-12,2,85.54
2023-10-13,-3.24,67.26
2023-10-14,-5,60.45
2023-10-15,-7.36,77.55
2023-10-16,-7.28,75.22
2023-10-17,-5.78,71.74
2023-10-18,-5.76,84.23
2023-10-19,-7.7,79.28
2023-10-20,-9.59,82.06
2023-10-21,-9.54,85.93
2023-10-22,-5.42,92.14
2023-10-23,-5.23,95.79
2023-10-24,-6.62,96.02
2023-10-25,-6.53,93.77
2023-10-26,-8.45,92.99
2023-10-27,-9.87,85.28
2023-10-28,-7.43,93.28
2023-10-29,-9.51,96.12
2023-10-30,-13.42,94.05
2023-10-31,-16.11,95.95
2023-11-01,-15.59,91.91
2023-11-02,-18.68,88.11
2023-11-03,-20.1,82.57
2023-11-04,-21.51,90.16
2023-11-05,-19.87,91.34
2023-11-06,-20.06,92.83
2023-11-07,-22.34,95.2
2023-11-08,-24.41,91.29
2023-11-09,-22.16,93.69
2023-11-10,-21.95,90.04
2023-11-11,-17.24,97.36
2023-11-12,-13.89,97.77
2023-11-13,-20.26,96.24
2023-11-14,-19.49,98.7
2023-11-15,-15.68,99.59
2023-11-16,-17.16,98.13
2023-11-17,-11.88,99.06
2023-11-18,-15.53,99.11
2023-11-19,-24.04,99.56
2023-11-20,-17.48,98.61
2023-11-21,-23.6,97.26
2023-11-22,-29.1,97.7
2023-11-23,-30.62,96.72
2023-11-24,-32.81,97.83
2023-11-25,-37.68,99.74
2023-11-26,-38.38,98.25
2023-11-27,-28.93,98.91
2023-11-28,-30.86,99.39
2023-11-29,-22.9,98.97
2023-11-30,-17.16,97.63
2023-12-01,-26.42,97.69
2023-12-02,-35.14,99.15
2023-12-03,-46.64,99.45
2023-12-04,-51,96.45
2023-12-05,-51.24,94.15
2023-12-06,-50.26,93.55
2023-12-07,-44.44,94.65
2023-12-08,-36.31,96.73
2023-12-09,-37.61,97.06
2023-12-10,-36.67,97.06
2023-12-11,-36.48,98.17
2023-12-12,-33.73,96.63
2023-12-13,-34.3,95.67
2023-12-14,-35.68,98.18
2023-12-15,-30.81,96.4
2023-12-16,-33.42,97.59
2023-12-17,-40.68,98.18
2023-12-18,-41.91,95.97
2023-12-19,-36.98,97.99
2023-12-20,-33.31,98.1
2023-12-21,-30.93,98.12
2023-12-22,-33.46,98.12
2023-12-23,-33.89,98.7
2023-12-24,-34.01,97.54
2023-12-25,-33.13,97.52
2023-12-26,-30.94,98.71
2023-12-27,-35.77,98.29
2023-12-28,-39.5,98.52
2023-12-29,-44.67,97.01
2023-12-30,-44.67,94.29
2023-12-31,-40.81,98.19
2024-01-01,-33.33,98.22
2024-01-02,-32.5,96.4
2024-01-03,-33.04,99.62
2024-01-04,-35.43,97.95
2024-01-05,-38.77,97.6
2024-01-06,-43.42,97.03
2024-01-07,-46.82,96.09
2024-01-08,-45.73,96.5
2024-01-09,-42.56,98.01
2024-01-10,-46.61,96.81
2024-01-11,-44.77,98.1
2024-01-12,-40.26,99.14
2024-01-13,-38.77,98.92
2024-01-14,-36.47,98.8
2024-01-15,-41.81,98.96
2024-01-16,-33.25,98.78
2024-01-17,-34.4,99.62
2024-01-18,-38.64,97.96
2024-01-19,-39.83,98.14
2024-01-20,-42.5,96.67
2024-01-21,-42.02,97.62
2024-01-22,-37.22,97.95
2024-01-23,-33.01,97.46
2024-01-24,-24.46,100
2024-01-25,-27.32,99.52
2024-01-26,-25.5,98.22
2024-01-27,-32,96.72
2024-01-28,-42.51,98.66
2024-01-29,-39.41,98.11
2024-01-30,-36.75,97.29
2024-01-31,-33.57,98.34
2024-02-01,-34.16,98.52
2024-02-02,-34.6,98.68
2024-02-03,-33.65,99.32
2024-02-04,-36.22,99.31
2024-02-05,-33.83,98.73
2024-02-06,-35.72,97.52
2024-02-07,-32.26,99.44
2024-02-08,-33.09,98.11
2024-02-09,-33.97,97.6
2024-02-10,-37.53,99.23
2024-02-11,-37.57,97.99
2024-02-12,-29.89,96.75
2024-02-13,-30.15,96.44
2024-02-14,-34.27,98.22
2024-02-15,-37.55,97.58
2024-02-16,-40.93,97.88
2024-02-17,-35.16,96.44
2024-02-18,-37.07,96.65
2024-02-19,-37.82,98.55
2024-02-20,-33.21,97.18
2024-02-21,-32.91,98.68
2024-02-22,-31.35,99.27
2024-02-23,-29.57,99.56
2024-02-24,-28.47,99.63
2024-02-25,-26.62,99.15
2024-02-26,-25.41,98.25
2024-02-27,-26.22,98.57
2024-02-28,-29.67,99.3
2024-02-29,-31.82,99.28
2024-03-01,-30.95,99.26
2024-03-02,-24.48,97.05
2024-03-03,-23.55,97.74
2024-03-04,-22.06,96.54
2024-03-05,-25.62,99.04
2024-03-06,-23.93,98.73
2024-03-07,-20.33,97.85
2024-03-08,-21.04,98.23
2024-03-09,-19.23,99.11
2024-03-10,-19.21,98.29
2024-03-11,-19.06,97.57
2024-03-12,-14.71,98.76
2024-03-13,-17.12,97.9
2024-03-14,-18.21,96.88
2024-03-15,-21.32,97.29
2024-03-16,-21.82,98.09
2024-03-17,-17.46,99.15
2024-03-18,-19.71,96.22
2024-03-19,-13.6,97.57
2024-03-20,-11.13,98.11
2024-03-21,-11.62,99.29
2024-03-22,-8.91,98.16
2024-03-23,-14.71,96.47
2024-03-24,-17.22,96.09
2024-03-25,-14.09,97.06
2024-03-26,-13.28,97.47
2024-03-27,-14.38,99.15
2024-03-28,-16.02,97.15
2024-03-29,-17.71,96.33
2024-03-30,-20.1,97.22
2024-03-31,-18.97,98.12
2024-04-01,-15.18,96.38
2024-04-02,-11.81,98.65
2024-04-03,-6.19,97.24
2024-04-04,-4.3,97.11
2024-04-05,-9.13,97.91
2024-04-06,-13.5,96.2
2024-04-07,-14.69,98.04
2024-04-08,-8.89,96.73
2024-04-09,-8.93,97.5
2024-04-10,-6.04,96.7
2024-04-11,-1.46,98.38
2024-04-12,-14.95,97.59
2024-04-13,-15.67,96.89
2024-04-14,-12.88,94.85
2024-04-15,-10.43,96.89
2024-04-16,-3.68,97.61
2024-04-17,-2.07,98.83
2024-04-18,-5.16,97.72
2024-04-19,-2.68,98.32
2024-04-20,0.1,98.33
2024-04-21,-1.71,98.83
2024-04-22,-0.86,97.56
2024-04-23,0.92,94.6
2024-04-24,-0.25,84.39
2024-04-25,-7.83,78.17
2024-04-26,-7.52,77.47
2024-04-27,-5.74,75.51
2024-04-28,-3.85,71.92
2024-04-29,-4.38,74.72
2024-04-30,-3.14,70.44
2024-05-01,1.61,70.3
2024-05-02,2.03,74.47
2024-05-03,0.81,90.18
2024-05-04,4.11,73.85
2024-05-05,3.77,77.13
2024-05-06,7.37,78.19
2024-05-07,7.04,82.93
2024-05-08,3.24,76.81
2024-05-09,0.22,71.52
2024-05-10,0.02,70.08
2024-05-11,1.19,69.84
2024-05-12,2.31,73.15
2024-05-13,4.16,73.44
2024-05-14,4.11,69.74
2024-05-15,5.2,78.56
2024-05-16,7.48,84.42
2024-05-17,3.24,77.99
2024-05-18,1.6,69.62
2024-05-19,1.25,65.43
2024-05-20,6.39,63.42
2024-05-21,5.54,86.83
2024-05-22,9.62,67.06
2024-05-23,11.03,68.5
2024-05-24,12.58,68.07
2024-05-25,11.42,65.44
2024-05-26,13.8,57.5
2024-05-27,14.76,73.98
2024-05-28,14.41,79.28
2024-05-29,19.06,62.72
2024-05-30,19.66,58.53
2024-05-31,21.1,63.31
2024-06-01,17.12,68.69
2024-06-02,13.64,58.03
2024-06-03,17.56,48.86
2024-06-04,13.77,60.71
2024-06-05,11.35,60.15
2024-06-06,11.93,53.47
2024-06-07,17.32,57.91
2024-06-08,19.07,63.92
2024-06-09,18.3,53.13
2024-06-10,17.23,51.96
2024-06-11,19.58,51.25
2024-06-12,19.78,51.38
2024-06-13,18.81,51.38
2024-06-14,18.91,55.4
2024-06-15,18.15,64.62
2024-06-16,17.88,73.96
2024-06-17,11.93,85.73
2024-06-18,12.46,76.71
2024-06-19,12.69,86.07
2024-06-20,14.6,67.71
2024-06-21,21.05,51.6
2024-06-22,23,52.85
2024-06-23,20.59,54.95
2024-06-24,20.66,53.33
2024-06-25,22.83,55.37
2024-06-26,16.57,54.94
2024-06-27,12.08,66.97
2024-06-28,13.51,54.07
2024-06-29,17.6,49.02
2024-06-30,20.16,54.1
2024-07-01,24.48,52.17
2024-07-02,23.85,54.88
2024-07-03,21.98,57.63
2024-07-04,15.48,48.36
2024-07-05,13.67,60.09
2024-07-06,17.18,56
2024-07-07,19.99,49.19
2024-07-08,20.92,47.79
2024-07-09,21.93,50.83
2024-07-10,17.3,66.87
2024-07-11,19.64,59.25
2024-07-12,21.58,55.18
2024-07-13,25.24,45.32
2024-07-14,25.03,50.46
2024-07-15,23.69,52.05
2024-07-16,22.65,58.92
2024-07-17,19.59,76.83
2024-07-18,19.07,68.88
2024-07-19,18.86,60.09
2024-07-20,19.26,81.35
2024-07-21,23.03,57.5
2024-07-22,23.72,49.03
2024-07-23,23.2,55.53
2024-07-24,23.59,57.74
2024-07-25,25.61,49.57
2024-07-26,27.03,53.21
2024-07-27,19.46,72.39
2024-07-28,21.17,51.26
2024-07-29,18.48,76.42
2024-07-30,15.59,65.88
2024-07-31,13.91,53.4
2024-08-01,12.92,48.53
2024-08-02,13.74,48.26
2024-08-03,16.65,39.59
2024-08-04,17.4,40.55
2024-08-05,16.86,75.91
2024-08-06,14.57,73.99
2024-08-07,15.12,57.77
2024-08-08,16.72,50.25
2024-08-09,19.12,44.14
2024-08-10,21.59,40.9
2024-08-11,21.53,50.12
2024-08-12,19.97,56.94
2024-08-13,17.07,68.46
2024-08-14,14.17,55.28
2024-08-15,12.95,53.37
2024-08-16,13.07,55.25
2024-08-17,15.3,46.23
2024-08-18,16.71,39.66
2024-08-19,18.65,39.15
2024-08-20,17.93,67
2024-08-21,16.75,66.6
2024-08-22,17,72.07
2024-08-23,17.56,60.94
2024-08-24,19.19,53.5
2024-08-25,16.24,80.75
2024-08-26,15.06,60.16
2024-08-27,11.6,63.06
2024-08-28,9.83,77.81
2024-08-29,10.66,62.52
2024-08-30,11.95,66.14
2024-08-31,10.9,63.05
2024-09-01,12.85,47.5
2024-09-02,10.76,71.69
2024-09-03,9.16,94.5
2024-09-04,9.68,84.59
2024-09-05,8.62,63.72
2024-09-06,5.97,62.38
2024-09-07,6.05,55.18
2024-09-08,6.9,68.08
2024-09-09,8.04,86.54
2024-09-10,7.71,70.9
2024-09-11,5.61,87.18
2024-09-12,7.72,72.1
2024-09-13,4.22,66.19
2024-09-14,3,73.99
2024-09-15,3.01,65.21
2024-09-16,2.7,70.76
2024-09-17,2.38,70.84
2024-09-18,2.36,93.14
2024-09-19,0.8,74.58
2024-09-20,1.02,66.25
2024-09-21,1.5,92.86
2024-09-22,1.63,94.76
2024-09-23,0.61,71.36
2024-09-24,2.41,77.37
2024-09-25,7.07,80.54
2024-09-26,7.09,81.37
2024-09-27,2.43,95.57
2024-09-28,1.29,77.43
2024-09-29,0.88,83.17
2024-09-30,-0.04,92.55
2024-10-01,-0.32,95.15
2024-10-02,1.39,97.07
2024-10-03,0.87,90.37
2024-10-04,0.72,89.6
2024-10-05,-0.35,88.21
2024-10-06,-0.76,83.72
2024-10-07,-2.32,91.01
2024-10-08,-2.11,79.88
2024-10-09,-0.88,82.22
2024-10-10,-0.02,95.55
2024-10-11,-1.33,90.46
2024-10-12,-5.79,84.62
2024-10-13,-4.6,80.78
2024-10-14,-7.28,78.1
2024-10-15,-7.44,75.41
2024-10-16,-5.57,86.46
2024-10-17,-6.44,84.01
2024-10-18,-10.09,77.81
2024-10-19,-11.45,78.81
2024-10-20,-13.73,81.69
2024-10-21,-16.67,84.57
2024-10-22,-16.06,90.62
2024-10-23,-12.18,93.31
2024-10-24,-10.4,94.44
2024-10-25,-10.14,89.48
2024-10-26,-15.54,85.81
2024-10-27,-16.36,77.21
2024-10-28,-16.47,83.17
2024-10-29,-16.31,84.78
2024-10-30,-18.79,80.07
2024-10-31,-18.43,78.53
2024-11-01,-17.42,84.6
2024-11-02,-19.5,84.96
2024-11-03,-21.6,77.14
2024-11-04,-19.67,83.22
2024-11-05,-21.01,90.79
2024-11-06,-22.17,92.74
2024-11-07,-17.52,93.41
2024-11-08,-14.94,98.48
2024-11-09,-12.58,99.06
2024-11-10,-13.56,99.39
2024-11-11,-15.44,97.97
2024-11-12,-17.8,95.15
2024-11-13,-19.86,96
2024-11-14,-19.13,95.26
2024-11-15,-26.33,94.01
2024-11-16,-29.28,95.36
2024-11-17,-29.42,96.88
2024-11-18,-27.96,96.49
2024-11-19,-25.95,95.77
2024-11-20,-26.42,92.37
2024-11-21,-24.54,95.91
2024-11-22,-23.19,97.84
2024-11-23,-27.5,91.3
2024-11-24,-22.37,93.27
2024-11-25,-24.3,95.79
2024-11-26,-26.43,95.29
2024-11-27,-25.88,95.86
2024-11-28,-23.15,96.72
2024-11-29,-23.19,97.98
2024-11-30,-22.42,96.54
2024-12-01,-25.68,97.12
2024-12-02,-26.59,95.13
2024-12-03,-26.33,97.94
2024-12-04,-27.49,97.77
2024-12-05,-29.91,97.9
2024-12-06,-25.37,98.79
2024-12-07,-19.06,99.88
2024-12-08,-22.19,99.05
2024-12-09,-27.66,99
2024-12-10,-34.88,99.03
2024-12-11,-35.82,99.03
2024-12-12,-33.1,99.47
2024-12-13,-31.79,99.75
2024-12-14,-32.18,97.96
2024-12-15,-33.03,98.93
2024-12-16,-31.14,98.82
2024-12-17,-31.81,98.74
2024-12-18,-25.72,98.05
2024-12-19,-29.3,98.51
2024-12-20,-31.67,99.28
2024-12-21,-36.25,99.69
2024-12-22,-29.65,98.99
2024-12-23,-29.2,98.8
2024-12-24,-29.08,97.85
2024-12-25,-32.7,99.12
2024-12-26,-29.62,97.81
2024-12-27,-31.95,98.41
2024-12-28,-37.47,99.14
2024-12-29,-43.63,99.56
2024-12-30,-49.67,99.7
2024-12-31,-51.75,90.79
2025-01-01,-49.83,97.86
2025-01-02,-50.64,97.63
2025-01-03,-49.47,98.49
2025-01-04,-41.47,98
2025-01-05,-36.39,97.71
2025-01-06,-34.06,97.5
2025-01-07,-35.61,97.88
2025-01-08,-31.35,98.44
2025-01-09,-31.13,97.72
2025-01-10,-28.83,98.45
2025-01-11,-28.58,98.52
2025-01-12,-27.86,98.39
2025-01-13,-31.91,98.75
2025-01-14,-43.71,97.66
2025-01-15,-45.51,94.18
2025-01-16,-37.14,99.47
2025-01-17,-36,99.71
2025-01-18,-39.77,97.6
2025-01-19,-28.11,99.86
2025-01-20,-19.45,98.06
2025-01-21,-14.05,98.6
2025-01-22,-14.29,99.18
2025-01-23,-12.59,98.42
2025-01-24,-15.8,97.91
2025-01-25,-25.06,99.45
2025-01-26,-32.18,99.52
2025-01-27,-39,98.57
2025-01-28,-37.15,97.95
2025-01-29,-37.34,98.43
2025-01-30,-33.71,98.4
2025-01-31,-34.83,99.59
2025-02-01,-36.5,96.95
2025-02-02,-37.35,96.37
2025-02-03,-34.08,97.97
2025-02-04,-33.61,97.26
2025-02-05,-40.17,96.24
2025-02-06,-38.23,99.54
2025-02-07,-37.32,98.97
2025-02-08,-33.5,99.26
2025-02-09,-38.72,99.09
2025-02-10,-38.47,98.15
2025-02-11,-35.45,98.31
2025-02-12,-32.47,99.01
2025-02-13,-31.13,97.89
2025-02-14,-24.67,97.21
2025-02-15,-28.71,98.55
2025-02-16,-29.92,97.9
2025-02-17,-25.34,96.76
2025-02-18,-27.16,97.28
2025-02-19,-24.95,96.93
2025-02-20,-25.75,96.82
2025-02-21,-22.99,99.12
2025-02-22,-18.93,98.92
2025-02-23,-24.75,98.71
2025-02-24,-20.93,98.49
2025-02-25,-21.25,97.95
2025-02-26,-16.2,98.39
2025-02-27,-16.77,97.69
2025-02-28,-26.42,94.96
2025-03-01,-32.33,95.65
2025-03-02,-34.73,98.77
2025-03-03,-33.53,97.32
2025-03-04,-29.88,96.35
2025-03-05,-30.96,96.92
2025-03-06,-31.68,97.81
2025-03-07,-26.08,97.33
2025-03-08,-24.64,98.6
2025-03-09,-22,98.5
2025-03-10,-23.48,97.66
2025-03-11,-26.4,99.2
2025-03-12,-26.95,98.58
2025-03-13,-24.93,98.71
2025-03-14,-22.77,99.42
2025-03-15,-15.94,99.11
2025-03-16,-20.29,98.04
2025-03-17,-15.74,97.92
2025-03-18,-15.76,98.51
2025-03-19,-14.68,98.37
2025-03-20,-15.47,97.49
2025-03-21,-20.27,98.2
2025-03-22,-21.84,96.13
2025-03-23,-20.33,98.22
2025-03-24,-16.57,97.72
2025-03-25,-14.91,96.73
2025-03-26,-17.9,96.41
2025-03-27,-18.06,96.1
2025-03-28,-16.66,96.87
2025-03-29,-14.9,96.03
2025-03-30,-12.99,96.06
2025-03-31,-7.62,97.71
2025-04-01,-6.26,98.69
2025-04-02,-1.71,98.72
2025-04-03,-6.83,96.77
2025-04-04,-10.5,93
2025-04-05,-7.92,96.12
2025-04-06,-1.83,97.5
2025-04-07,-5.26,93.99
2025-04-08,-2.29,98.65
2025-04-09,-3.57,97.84
2025-04-10,-2.23,99.21
2025-04-11,-8.05,98.14
2025-04-12,-11.79,96.88
2025-04-13,-4.71,97.69
2025-04-14,-6.22,97.85
2025-04-15,-8.39,97.09
2025-04-16,-6.82,96.18
2025-04-17,-7.71,98.36
2025-04-18,-3.13,98.82
2025-04-19,-0.29,98.51
2025-04-20,-0.8,99.15
2025-04-21,-0.88,98.32
2025-04-22,-4.48,97.54
2025-04-23,-2.36,94.95
2025-04-24,-2.83,92.27
2025-04-25,0.1,74.33
2025-04-26,1.89,76.67
2025-04-27,2.53,85.61
2025-04-28,0.74,89.04
2025-04-29,2.04,76.58
2025-04-30,2.28,71.27
2025-05-01,4.74,67.77
2025-05-02,4.31,79.88
2025-05-03,4.67,71.27
2025-05-04,4.75,67.66
2025-05-05,3.41,67.51
2025-05-06,5.29,57.64
2025-05-07,5.82,63.98
2025-05-08,6.74,65.06
2025-05-09,7.72,60.93
2025-05-10,8.33,67
2025-05-11,5.95,79.57
2025-05-12,5.77,77.8
2025-05-13,6.15,79.34
2025-05-14,2.58,94.34
2025-05-15,2.53,91.31
2025-05-16,2.62,78.04
2025-05-17,5.31,74.06
2025-05-18,6.22,86.89
2025-05-19,8.48,68.46
2025-05-20,10.39,65.22
2025-05-21,12.44,67.14
2025-05-22,11.1,61.61
2025-05-23,12.82,56.91
2025-05-24,13.56,71.89
2025-05-25,5.14,57.46
2025-05-26,8.79,71.58
2025-05-27,14.85,66.18
2025-05-28,16.26,66.23
2025-05-29,15.04,64.5
2025-05-30,7.66,68.35
2025-05-31,6.76,88.09
2025-06-01,7.54,73.54
2025-06-02,10.95,75.5
2025-06-03,11.41,77.77
2025-06-04,14.9,81.37
2025-06-05,12.36,70.93
2025-06-06,11.6,81.81
2025-06-07,14.36,71.81
2025-06-08,15.16,70.3
2025-06-09,18.37,53.79
2025-06-10,20.74,51.74
2025-06-11,21.41,57.93
2025-06-12,15.31,76.97
2025-06-13,15.76,80.84
2025-06-14,9.94,77.08
2025-06-15,8.67,62.24
2025-06-16,7.38,65.99
2025-06-17,11.37,59.04
2025-06-18,11.39,77.83
2025-06-19,15.82,62.61
2025-06-20,14.75,72.17
2025-06-21,12.07,70.11
2025-06-22,16.18,56.47
2025-06-23,19.34,67.47
2025-06-24,15.9,72.94
2025-06-25,16.19,76.28
2025-06-26,20.69,60.59
2025-06-27,18.64,78.69
2025-06-28,17.37,78.64
2025-06-29,10.68,65.35
2025-06-30,13.01,64.33
2025-07-01,17.69,61.67
2025-07-02,16.23,95.12
2025-07-03,15.81,94.01
2025-07-04,18.79,66.98
2025-07-05,17.61,76.23
2025-07-06,17.01,70.38
2025-07-07,17.94,69.55
2025-07-08,18.63,71.54
2025-07-09,17.36,76.55
2025-07-10,17.42,86.35
2025-07-11,18.97,72.8
2025-07-12,19.84,65.35
2025-07-13,17.59,55.62
2025-07-14,16.56,65.84
2025-07-15,16.26,67.28
2025-07-16,18.65,65.31
2025-07-17,22.82,70.07
2025-07-18,19.66,79.25
2025-07-19,22.2,55.51
2025-07-20,23.64,51.04
2025-07-21,23.93,55.35
2025-07-22,24.88,56.01
2025-07-23,21.11,68.11
2025-07-24,23.96,61.04
2025-07-25,21.1,85.72
2025-07-26,19.95,87.47
2025-07-27,15.65,86.84
2025-07-28,18.79,57.72
2025-07-29,19.93,61.35
2025-07-30,19.59,71.87
2025-07-31,17.75,72.7
2025-08-01,16.01,82.72
2025-08-02,20.06,60.84
2025-08-03,20.99,64.01
2025-08-04,20.44,64.48
2025-08-05,18.81,62.28
2025-08-06,11.83,80.64
2025-08-07,8.12,92.96
2025-08-08,12.04,71.36
2025-08-09,16.95,82.73
2025-08-10,15.44,79.13
2025-08-11,16.15,70.72
2025-08-12,15.44,65.33
2025-08-13,11.55,79.68
2025-08-14,12.9,60.54
2025-08-15,13.28,57.85
2025-08-16,14.1,55.98
2025-08-17,14.08,59.06
2025-08-18,13.88,64.74
2025-08-19,15.35,58.48
2025-08-20,17.45,62.04
2025-08-21,19.87,47.36
2025-08-22,20.87,42.98
2025-08-23,20.73,43.68
2025-08-24,21.15,39.55
2025-08-25,19.67,46.9
2025-08-26,19.25,47.13
2025-08-27,19.32,55.85
2025-08-28,17.65,63.81
2025-08-29,13.09,90.94
2025-08-30,14.47,84.59
2025-08-31,16.06,71.18
2025-09-01,14.22,86.54
2025-09-02,13.71,64.73
2025-09-03,10.51,67.6
2025-09-04,10.34,62.82
2025-09-05,12.36,70.5
2025-09-06,11.85,63.29
2025-09-07,11.45,63.68
2025-09-08,8.33,56.97
2025-09-09,5.56,57.74
2025-09-10,7.57,55.11
2025-09-11,11.32,69.73
2025-09-12,10.12,78.73
2025-09-13,6.33,66.41
2025-09-14,7.23,78.53
2025-09-15,8.12,75.37
2025-09-16,5.96,69.91
2025-09-17,-0.82,72.74
2025-09-18,1.99,52.99
2025-09-19,-0.61,69.48
2025-09-20,-1.3,86.07
2025-09-21,-1.78,87.29
2025-09-22,-2.16,86.5
2025-09-23,0.75,92.18
2025-09-24,4.03,98.52
2025-09-25,10.26,79.36
2025-09-26,4.62,87.67
2025-09-27,-2.65,72.59
2025-09-28,-1.89,72.71
2025-09-29,-2.45,80.46
2025-09-30,-3.36,70.9
2025-10-01,-4.4,71.79
2025-10-02,-2.42,79.66
2025-10-03,-2.64,81.21
2025-10-04,-4.35,80.26
2025-10-05,-3.37,76.07
2025-10-06,-4.96,77.47
2025-10-07,-6.78,67.06
2025-10-08,-7.66,63.86
2025-10-09,-8.85,72.24
2025-10-10,-8.51,84.75
2025-10-11,-8.41,84.77
2025-10-12,-8.5,89.96
2025-10-13,-7.55,88.06
2025-10-14,-9.52,80.79
2025-10-15,-8.53,87.5
2025-10-16,-8.43,89.4
2025-10-17,-7.44,92.25
2025-10-18,-7.05,86.88
2025-10-19,-6.12,91.58
2025-10-20,-6.2,90.88
2025-10-21,-8.81,91.75
2025-10-22,-9.04,93.77
2025-10-23,-7.04,95.48
2025-10-24,-4.73,97.12
2025-10-25,-7.35,90.45
2025-10-26,-8.89,83.17
2025-10-27,-11.04,81.87
2025-10-28,-13.92,88.87
2025-10-29,-11.78,89.42
2025-10-30,-12.26,88.18
2025-10-31,-10.97,92.87
2025-11-01,-14.39,86.81
2025-11-02,-16.27,85.1
2025-11-03,-16.66,86.75
2025-11-04,-18.52,87.88
2025-11-05,-21.92,89.21
2025-11-06,-23.56,90.17
2025-11-07,-19.17,97.94
2025-11-08,-18.19,95.04
2025-11-09,-18.61,95
2025-11-10,-21.87,91.53
2025-11-11,-27.4,96.49
2025-11-12,-25.67,95.4
2025-11-13,-30.4,92.72
2025-11-14,-30.23,91.55
2025-11-15,-31.68,95.24
2025-11-16,-32.49,95.32
2025-11-17,-25.77,96.06
2025-11-18,-22.65,96.28
2025-11-19,-16.56,99.53
2025-11-20,-16.31,99.59
2025-11-21,-21.86,96.9
2025-11-22,-30.89,96.29
2025-11-23,-35.24,91.85
2025-11-24,-32.2,97.1
2025-11-25,-32.88,97.6
2025-11-26,-30.73,94.63
2025-11-27,-30.5,94.67
2025-11-28,-30.2,97.96
2025-11-29,-35.77,97.79
2025-11-30,-39.03,97.09
2025-12-01,-37.87,98.28
2025-12-02,-36.46,96.57
2025-12-03,-39.29,92.56
2025-12-04,-38.94,94.87
2025-12-05,-36.34,98.79
2025-12-06,-33.24,95.9
2025-12-07,-33.61,97.14
2025-12-08,-36.1,99.45
2025-12-09,-40.05,99.3
2025-12-10,-38.92,97.52
2025-12-11,-38.41,99.1
2025-12-12,-43.93,86.03
2025-12-13,-45.39,94.79
2025-12-14,-46.26,97.06
2025-12-15,-48.69,96.95
2025-12-16,-49.68,98.48
2025-12-17,-46.41,93.63
2025-12-18,-46.32,93.37
2025-12-19,-43.89,91.94
2025-12-20,-37.94,97.16
2025-12-21,-43.46,98.83
2025-12-22,-46.42,98.56
2025-12-23,-48.74,93.52
2025-12-24,-47.63,93.71
2025-12-25,-48.39,95.45
2025-12-26,-46.19,96.92
2025-12-27,-43.28,97.38
2025-12-28,-40.94,97.32
2025-12-29,-38.96,99.6
2025-12-30,-42.89,96.6
2025-12-31,-43.95,96.92
